OriginalTestCaseId,TestCaseId,Success,FailureMessage
6b143849-440e-41c1-a510-f2b916a52ae4,de6dd9d9-8293-4736-8b47-9b42726f335d,false,"[OAS] [OAS] validation failed:
 - ERROR - Response status 201 not defined for path '/projects'.: []
"
6b143849-440e-41c1-a510-f2b916a52ae4,98440e37-37a8-49e8-8071-1f9848369a59,false,"[OAS] [OAS] validation failed:
 - ERROR - Response status 409 not defined for path '/projects'.: []
"
6b143849-440e-41c1-a510-f2b916a52ae4,ff8e7c36-a5b2-44af-8bfc-051eaae1a96d,false,[NO_5XX] Unexpected 5XX response: 504
6b143849-440e-41c1-a510-f2b916a52ae4,f53cc31d-7ebb-4884-a541-ee5f663a6697,false,"[OAS] [OAS] validation failed:
 - ERROR - Response Content-Type header 'text/css' does not match any allowed types. Must be one of: [application/json].: []
"
6b143849-440e-41c1-a510-f2b916a52ae4,872eaacb-0e41-48b0-9a16-d4614423c97d,false,"[OAS] [OAS] validation failed:
 - ERROR - Response Content-Type header 'charset=UTF-8' is not a valid media type: []
"
6b143849-440e-41c1-a510-f2b916a52ae4,39693647-602f-4ba2-9300-8d76ee3efee1,false,"[OAS] [OAS] validation failed:
 - ERROR - [Path '/0'] Instance type (boolean) does not match any allowed primitive type (allowed: [""object""]): []
"
d9c65c72-33d3-4062-9244-33c67141dd0a,7b7b1001-9cb0-4f23-a913-331f9947bf8f,false,"[OAS] [OAS] validation failed:
 - ERROR - Response status 204 not defined for path '/projects'.: []
"
d9c65c72-33d3-4062-9244-33c67141dd0a,ad14f84f-15a9-4c33-9377-ad3c1c5b814d,false,"[OAS] [OAS] validation failed:
 - ERROR - Response status 401 not defined for path '/projects'.: []
"
d9c65c72-33d3-4062-9244-33c67141dd0a,b581e366-943c-4a6a-afbd-1df335c95e02,false,[NO_5XX] Unexpected 5XX response: 501
d9c65c72-33d3-4062-9244-33c67141dd0a,f264a2aa-669c-49f7-a740-e1cd2d397a1f,false,"[OAS] [OAS] validation failed:
 - ERROR - Response Content-Type header 'text/css' does not match any allowed types. Must be one of: [application/json].: []
"
d9c65c72-33d3-4062-9244-33c67141dd0a,bb70a594-d60a-47e4-b18b-292d26e5c2d8,false,"[OAS] [OAS] validation failed:
 - ERROR - Response Content-Type header 'charset=UTF-8' is not a valid media type: []
"
d9c65c72-33d3-4062-9244-33c67141dd0a,782c2afb-e1f6-4760-a02a-d5183436b457,false,"[OAS] [OAS] validation failed:
 - ERROR - [Path '/1'] Instance type (boolean) does not match any allowed primitive type (allowed: [""object""]): []
"
d9c65c72-33d3-4062-9244-33c67141dd0a,cbfb466d-6700-4520-9d8f-5083e4940fab,false,"[OAS] [OAS] validation failed:
 - ERROR - [Path '/0'] Object instance has properties which are not allowed by the schema: [""randomBoolean1""]: []
"
d9c65c72-33d3-4062-9244-33c67141dd0a,c4000dd2-9cc7-421a-96ad-8d2200a12571,false,"[OAS] [OAS] validation failed:
 - ERROR - [Path '/0'] Instance type (null) does not match any allowed primitive type (allowed: [""object""]): []
"
d9c65c72-33d3-4062-9244-33c67141dd0a,7bde2408-d76a-43c0-9c54-e4e6099970cb,false,"[OAS] [OAS] validation failed:
 - ERROR - [Path '/0'] Instance type (number) does not match any allowed primitive type (allowed: [""object""]): []
"
d9c65c72-33d3-4062-9244-33c67141dd0a,bca92d0d-dc49-441b-a147-5d04f26f7ecd,false,"[OAS] [OAS] validation failed:
 - ERROR - [Path '/0/languageList/0'] Instance type (boolean) does not match any allowed primitive type (allowed: [""string""]): []
 - ERROR - [Path '/0/languageList/1'] Instance type (object) does not match any allowed primitive type (allowed: [""string""]): []
"
d9c65c72-33d3-4062-9244-33c67141dd0a,797b9cbb-5750-4572-8355-be49167db67a,false,"[OAS] [OAS] validation failed:
 - ERROR - [Path '/0/languageList'] Instance type (null) does not match any allowed primitive type (allowed: [""array""]): []
"
d9c65c72-33d3-4062-9244-33c67141dd0a,cfcd22b2-90e8-4def-a8d2-347d9182aae4,false,"[OAS] [OAS] validation failed:
 - ERROR - [Path '/0/languageList'] Instance type (number) does not match any allowed primitive type (allowed: [""array""]): []
"
d9c65c72-33d3-4062-9244-33c67141dd0a,7fc3e145-85b3-4586-810c-3211ae212d10,false,"[OAS] [OAS] validation failed:
 - ERROR - [Path '/0/gitHubProjectId'] Instance type (null) does not match any allowed primitive type (allowed: [""integer""]): []
"
d9c65c72-33d3-4062-9244-33c67141dd0a,db4c7a19-8da9-419c-bf44-c78600176b8f,false,"[OAS] [OAS] validation failed:
 - ERROR - [Path '/0/gitHubProjectId'] Instance type (number) does not match any allowed primitive type (allowed: [""integer""]): []
"
d9c65c72-33d3-4062-9244-33c67141dd0a,cd39f5b2-3c78-48a8-81e3-3a8226c1e8dd,false,"[OAS] [OAS] validation failed:
 - ERROR - [Path '/0/name'] Instance type (null) does not match any allowed primitive type (allowed: [""string""]): []
"
d9c65c72-33d3-4062-9244-33c67141dd0a,b5d979d7-1c47-4bd4-aece-c6ade2232b62,false,"[OAS] [OAS] validation failed:
 - ERROR - [Path '/0/name'] Instance type (number) does not match any allowed primitive type (allowed: [""string""]): []
"
d9c65c72-33d3-4062-9244-33c67141dd0a,d99e3536-4cf1-4e11-a1cb-2db6897c99be,false,"[OAS] [OAS] validation failed:
 - ERROR - [Path '/0/title'] Instance type (number) does not match any allowed primitive type (allowed: [""null"",""string""]): []
"
d9c65c72-33d3-4062-9244-33c67141dd0a,8ab5e42d-7024-4fdf-b5a5-0eb67d06585b,false,"[OAS] [OAS] validation failed:
 - ERROR - [Path '/0/image'] Instance type (object) does not match any allowed primitive type (allowed: [""null"",""string""]): []
"
d9c65c72-33d3-4062-9244-33c67141dd0a,bc61447f-ec2a-4c8c-9990-c20156284fad,false,"[OAS] [OAS] validation failed:
 - ERROR - [Path '/0/organizationName'] Instance type (null) does not match any allowed primitive type (allowed: [""string""]): []
"
d9c65c72-33d3-4062-9244-33c67141dd0a,75d5fe48-7e22-4fb4-bc92-99433071677f,false,"[OAS] [OAS] validation failed:
 - ERROR - [Path '/0/organizationName'] Instance type (object) does not match any allowed primitive type (allowed: [""string""]): []
"
d9c65c72-33d3-4062-9244-33c67141dd0a,ff3fd9ec-2bcd-4e1b-a9c1-78f54a56351f,false,"[OAS] [OAS] validation failed:
 - ERROR - [Path '/0/url'] Instance type (object) does not match any allowed primitive type (allowed: [""null"",""string""]): []
"
d9c65c72-33d3-4062-9244-33c67141dd0a,5fb568d7-c259-4f38-86eb-cbea62cd6e9b,false,"[OAS] [OAS] validation failed:
 - ERROR - [Path '/0/description'] Instance type (array) does not match any allowed primitive type (allowed: [""null"",""string""]): []
"
d9c65c72-33d3-4062-9244-33c67141dd0a,f3885ad1-542a-4b6e-a931-93dbf53c6022,false,"[OAS] [OAS] validation failed:
 - ERROR - [Path '/0/starsCount'] Instance type (null) does not match any allowed primitive type (allowed: [""integer""]): []
"
d9c65c72-33d3-4062-9244-33c67141dd0a,e4a2af10-e6cd-4fac-afe8-71820f1c1f29,false,"[OAS] [OAS] validation failed:
 - ERROR - [Path '/0/starsCount'] Instance type (object) does not match any allowed primitive type (allowed: [""integer""]): []
"
d9c65c72-33d3-4062-9244-33c67141dd0a,3b944f43-a408-4e30-9df7-4d5f0abd2ebd,false,"[OAS] [OAS] validation failed:
 - ERROR - [Path '/0/commitsCount'] Instance type (null) does not match any allowed primitive type (allowed: [""integer""]): []
"
d9c65c72-33d3-4062-9244-33c67141dd0a,dda6505a-b2eb-41e3-96b4-7a9ef1033029,false,"[OAS] [OAS] validation failed:
 - ERROR - [Path '/0/commitsCount'] Instance type (object) does not match any allowed primitive type (allowed: [""integer""]): []
"
d9c65c72-33d3-4062-9244-33c67141dd0a,92512b96-9ad3-4895-bb77-9170583b0018,false,"[OAS] [OAS] validation failed:
 - ERROR - [Path '/0/forksCount'] Instance type (null) does not match any allowed primitive type (allowed: [""integer""]): []
"
d9c65c72-33d3-4062-9244-33c67141dd0a,5674796d-add6-4758-ac74-1b84551ee90d,false,"[OAS] [OAS] validation failed:
 - ERROR - [Path '/0/forksCount'] Instance type (array) does not match any allowed primitive type (allowed: [""integer""]): []
"
d9c65c72-33d3-4062-9244-33c67141dd0a,dcc0b886-d680-4e59-9682-99df2966ed51,false,"[OAS] [OAS] validation failed:
 - ERROR - [Path '/0/contributorsCount'] Instance type (null) does not match any allowed primitive type (allowed: [""integer""]): []
"
d9c65c72-33d3-4062-9244-33c67141dd0a,b33c7c5d-3dee-4e34-b6ee-ff406835b249,false,"[OAS] [OAS] validation failed:
 - ERROR - [Path '/0/contributorsCount'] Instance type (string) does not match any allowed primitive type (allowed: [""integer""]): []
"
d9c65c72-33d3-4062-9244-33c67141dd0a,169168ee-b2bc-4514-8c58-347023ddead0,false,"[OAS] [OAS] validation failed:
 - ERROR - [Path '/0/score'] Instance type (null) does not match any allowed primitive type (allowed: [""integer""]): []
"
d9c65c72-33d3-4062-9244-33c67141dd0a,65277c2f-53d5-48db-9093-ab12fcda41c8,false,"[OAS] [OAS] validation failed:
 - ERROR - [Path '/0/score'] Instance type (array) does not match any allowed primitive type (allowed: [""integer""]): []
"
d9c65c72-33d3-4062-9244-33c67141dd0a,5923cd4d-3091-4494-9024-4a0a63bf6fee,false,"[OAS] [OAS] validation failed:
 - ERROR - [Path '/0/lastPushed'] Instance type (array) does not match any allowed primitive type (allowed: [""null"",""string""]): []
"
d9c65c72-33d3-4062-9244-33c67141dd0a,bb43a7d6-bae5-4cdd-aac9-3c54b09e8a0a,false,"[OAS] [OAS] validation failed:
 - ERROR - [Path '/0/primaryLanguage'] Instance type (null) does not match any allowed primitive type (allowed: [""string""]): []
"
d9c65c72-33d3-4062-9244-33c67141dd0a,e715f00b-fce0-49a7-a394-a141792b2fab,false,"[OAS] [OAS] validation failed:
 - ERROR - [Path '/0/primaryLanguage'] Instance type (object) does not match any allowed primitive type (allowed: [""string""]): []
"
d9c65c72-33d3-4062-9244-33c67141dd0a,5d39afdf-c779-4d60-9792-4068659a5fb0,false,"[OAS] [OAS] validation failed:
 - ERROR - [Path '/0/maintainers/0'] Instance type (object) does not match any allowed primitive type (allowed: [""string""]): []
 - ERROR - [Path '/0/maintainers/1'] Instance type (integer) does not match any allowed primitive type (allowed: [""string""]): []
 - ERROR - [Path '/0/maintainers/2'] Instance type (array) does not match any allowed primitive type (allowed: [""string""]): []
 - ERROR - [Path '/0/maintainers/3'] Instance type (object) does not match any allowed primitive type (allowed: [""string""]): []
"
d9c65c72-33d3-4062-9244-33c67141dd0a,1f8bb5f5-c4cd-4e83-80b8-9c7ec2d31d29,false,"[OAS] [OAS] validation failed:
 - ERROR - [Path '/0/maintainers'] Instance type (null) does not match any allowed primitive type (allowed: [""array""]): []
"
d9c65c72-33d3-4062-9244-33c67141dd0a,cb5186ac-a10a-4a10-b5b7-a4fdabb399a3,false,"[OAS] [OAS] validation failed:
 - ERROR - [Path '/0/maintainers'] Instance type (object) does not match any allowed primitive type (allowed: [""array""]): []
"
b7173dd4-8cfa-4ac4-ba66-d59edd5304e7,0df2ad88-cf37-435c-9389-094863c31ea4,false,"[OAS] [OAS] validation failed:
 - ERROR - Response status 201 not defined for path '/projects'.: []
"
b7173dd4-8cfa-4ac4-ba66-d59edd5304e7,14941665-4426-4e38-8d83-086866957d1a,false,"[OAS] [OAS] validation failed:
 - ERROR - Response status 401 not defined for path '/projects'.: []
"
b7173dd4-8cfa-4ac4-ba66-d59edd5304e7,dbcf45ab-b543-40a8-a7f0-9106f0fa15da,false,[NO_5XX] Unexpected 5XX response: 501
b7173dd4-8cfa-4ac4-ba66-d59edd5304e7,53c382eb-aab7-4808-90ab-83f4c2685cb4,false,"[OAS] [OAS] validation failed:
 - ERROR - Response Content-Type header 'application/x-www-form-urlencoded' does not match any allowed types. Must be one of: [application/json].: []
"
b7173dd4-8cfa-4ac4-ba66-d59edd5304e7,59923aa2-4273-4a49-ba83-381f20e100ed,false,"[OAS] [OAS] validation failed:
 - ERROR - Response Content-Type header 'charset=UTF-8' is not a valid media type: []
"
b7173dd4-8cfa-4ac4-ba66-d59edd5304e7,80a87c70-4422-4dc4-9d2d-0a0df6adbb5b,false,"[OAS] [OAS] validation failed:
 - ERROR - [Path '/0'] Instance type (boolean) does not match any allowed primitive type (allowed: [""object""]): []
"
ed6329a1-2fa3-4210-9c95-19ec9c47214a,b951568e-3485-435d-857e-e3b235551d3e,false,"[OAS] [OAS] validation failed:
 - ERROR - Response status 204 not defined for path '/projects'.: []
"
ed6329a1-2fa3-4210-9c95-19ec9c47214a,65ba4ad3-5fa1-45dc-bc1e-dbf5832d82f9,false,"[OAS] [OAS] validation failed:
 - ERROR - Response status 404 not defined for path '/projects'.: []
"
ed6329a1-2fa3-4210-9c95-19ec9c47214a,546cb153-d127-4c8d-8f17-5683229c5e4f,false,[NO_5XX] Unexpected 5XX response: 503
ed6329a1-2fa3-4210-9c95-19ec9c47214a,2f54af74-c78d-43fe-94e6-f382fff5420a,false,"[OAS] [OAS] validation failed:
 - ERROR - Response Content-Type header 'text/css' does not match any allowed types. Must be one of: [application/json].: []
"
ed6329a1-2fa3-4210-9c95-19ec9c47214a,57f59a87-0e75-41cd-9ba3-9f1ebe582c3c,false,"[OAS] [OAS] validation failed:
 - ERROR - Response Content-Type header 'charset=UTF-8' is not a valid media type: []
"
ed6329a1-2fa3-4210-9c95-19ec9c47214a,10ef9872-019c-4336-9d05-4e813cda38b8,false,"[OAS] [OAS] validation failed:
 - ERROR - [Path '/0'] Instance type (boolean) does not match any allowed primitive type (allowed: [""object""]): []
"
c398e14d-bab7-44c1-92c2-c83aeeac20a6,4d2cef5f-393c-4fd9-81b1-ead9b67cf403,false,"[OAS] [OAS] validation failed:
 - ERROR - Response status 201 not defined for path '/projects'.: []
"
c398e14d-bab7-44c1-92c2-c83aeeac20a6,60db3d81-b89a-4854-aa49-97312e1f0f5a,false,"[OAS] [OAS] validation failed:
 - ERROR - Response status 404 not defined for path '/projects'.: []
"
c398e14d-bab7-44c1-92c2-c83aeeac20a6,e49ae660-220f-460a-8bf0-785f9631b9ea,false,[NO_5XX] Unexpected 5XX response: 503
c398e14d-bab7-44c1-92c2-c83aeeac20a6,aeb9e50a-cd2f-4fca-afaa-4737b74ccd0d,false,"[OAS] [OAS] validation failed:
 - ERROR - Response Content-Type header 'application/xml' does not match any allowed types. Must be one of: [application/json].: []
"
c398e14d-bab7-44c1-92c2-c83aeeac20a6,34b4d1aa-e3d4-4db8-a91f-d609b712e387,false,"[OAS] [OAS] validation failed:
 - ERROR - Response Content-Type header 'charset=UTF-8' is not a valid media type: []
"
c398e14d-bab7-44c1-92c2-c83aeeac20a6,ef4c7fd0-98ce-4d0e-9b81-d156aec09adf,false,"[OAS] [OAS] validation failed:
 - ERROR - [Path '/0'] Instance type (boolean) does not match any allowed primitive type (allowed: [""object""]): []
"
fdafa939-900f-4ff7-b1c3-5dbfaf938b2d,330cef0f-db77-4183-ba55-62ead9f43e34,false,"[OAS] [OAS] validation failed:
 - ERROR - Response status 201 not defined for path '/projects'.: []
"
fdafa939-900f-4ff7-b1c3-5dbfaf938b2d,da9484a0-ff85-40a2-90e1-45dc343eb551,false,"[OAS] [OAS] validation failed:
 - ERROR - Response status 409 not defined for path '/projects'.: []
"
fdafa939-900f-4ff7-b1c3-5dbfaf938b2d,7b49943c-9386-4816-a689-e8251d51777e,false,[NO_5XX] Unexpected 5XX response: 504
fdafa939-900f-4ff7-b1c3-5dbfaf938b2d,08bfcc15-fc09-4992-80cc-81b0a5ae9869,false,"[OAS] [OAS] validation failed:
 - ERROR - Response Content-Type header 'text/html' does not match any allowed types. Must be one of: [application/json].: []
"
fdafa939-900f-4ff7-b1c3-5dbfaf938b2d,f8a7f218-a172-46fa-8ae1-28302fc09026,false,"[OAS] [OAS] validation failed:
 - ERROR - Response Content-Type header 'charset=UTF-8' is not a valid media type: []
"
fdafa939-900f-4ff7-b1c3-5dbfaf938b2d,4b0e44fe-63b0-435d-9b24-5d30d6c8a5e1,false,"[OAS] [OAS] validation failed:
 - ERROR - [Path '/0'] Instance type (boolean) does not match any allowed primitive type (allowed: [""object""]): []
"
03cb5d72-2278-4816-aaf4-18a7c95720e3,85e538f0-9240-4975-b784-7bd208aae340,false,"[OAS] [OAS] validation failed:
 - ERROR - Response status 204 not defined for path '/projects'.: []
"
03cb5d72-2278-4816-aaf4-18a7c95720e3,29cf7fc6-1711-41af-bf1e-f157e03f192d,false,"[OAS] [OAS] validation failed:
 - ERROR - Response status 401 not defined for path '/projects'.: []
"
03cb5d72-2278-4816-aaf4-18a7c95720e3,91e85f42-5ec2-448e-be41-6b03a3fcf221,false,[NO_5XX] Unexpected 5XX response: 501
03cb5d72-2278-4816-aaf4-18a7c95720e3,5df3a924-cec9-4c1e-8b58-62381be44777,false,"[OAS] [OAS] validation failed:
 - ERROR - Response Content-Type header 'text/plain' does not match any allowed types. Must be one of: [application/json].: []
"
03cb5d72-2278-4816-aaf4-18a7c95720e3,59222627-26bb-4bd6-ac5b-c968e44b92e8,false,"[OAS] [OAS] validation failed:
 - ERROR - Response Content-Type header 'charset=UTF-8' is not a valid media type: []
"
03cb5d72-2278-4816-aaf4-18a7c95720e3,a19d70e8-8dd9-4abb-b9f0-bde0ed4331ec,false,"[OAS] [OAS] validation failed:
 - ERROR - [Path '/0'] Instance type (boolean) does not match any allowed primitive type (allowed: [""object""]): []
"
298267b8-6921-4d55-8150-d79837d72675,8f3c79b8-e70e-4e8d-aa39-89da60198fb1,false,"[OAS] [OAS] validation failed:
 - ERROR - Response status 204 not defined for path '/projects'.: []
"
298267b8-6921-4d55-8150-d79837d72675,2097bc83-cef4-459e-99e7-03e6c232bad4,false,"[OAS] [OAS] validation failed:
 - ERROR - Instance type (array) does not match any allowed primitive type (allowed: [""object""]): []
"
298267b8-6921-4d55-8150-d79837d72675,4b09f0b9-d099-4857-81de-387848d9b1db,false,[NO_5XX] Unexpected 5XX response: 500
298267b8-6921-4d55-8150-d79837d72675,62c667ab-b294-430f-a935-4ccebd0e4745,false,"[OAS] [OAS] validation failed:
 - ERROR - Response Content-Type header 'application/xml' does not match any allowed types. Must be one of: [application/json].: []
"
298267b8-6921-4d55-8150-d79837d72675,fac58321-3451-4389-a2d4-a41b1c3098f3,false,"[OAS] [OAS] validation failed:
 - ERROR - Response Content-Type header 'charset=UTF-8' is not a valid media type: []
"
298267b8-6921-4d55-8150-d79837d72675,54c7c6b0-ec51-4412-9838-bdc2b1c0e010,false,"[OAS] [OAS] validation failed:
 - ERROR - [Path '/0'] Instance type (boolean) does not match any allowed primitive type (allowed: [""object""]): []
"
d1333be8-69da-415f-b88f-300171ecb99e,74faae5a-1791-4856-9328-fd3018b13728,false,"[OAS] [OAS] validation failed:
 - ERROR - Response status 201 not defined for path '/projects'.: []
"
d1333be8-69da-415f-b88f-300171ecb99e,24b9ff4c-ab03-442d-8ec1-4bf456905ff5,false,"[OAS] [OAS] validation failed:
 - ERROR - Response status 401 not defined for path '/projects'.: []
"
d1333be8-69da-415f-b88f-300171ecb99e,80bbe070-11c9-4fec-b969-55263b5ac0db,false,[NO_5XX] Unexpected 5XX response: 501
d1333be8-69da-415f-b88f-300171ecb99e,675f01df-d4ac-40c4-a252-b1a2d1c5f5ec,false,"[OAS] [OAS] validation failed:
 - ERROR - Response Content-Type header 'text/html' does not match any allowed types. Must be one of: [application/json].: []
"
d1333be8-69da-415f-b88f-300171ecb99e,a2ae40e1-719c-42c1-a222-6ea0bb2ea538,false,"[OAS] [OAS] validation failed:
 - ERROR - Response Content-Type header 'charset=UTF-8' is not a valid media type: []
"
d1333be8-69da-415f-b88f-300171ecb99e,66894097-c7e4-4448-97a0-5c84dc61feb7,false,"[OAS] [OAS] validation failed:
 - ERROR - [Path '/1'] Instance type (boolean) does not match any allowed primitive type (allowed: [""object""]): []
"
d1333be8-69da-415f-b88f-300171ecb99e,981e30fe-dbb4-4c12-b705-c53cd56e013c,false,"[OAS] [OAS] validation failed:
 - ERROR - [Path '/0'] Object instance has properties which are not allowed by the schema: [""randomBoolean1""]: []
"
d1333be8-69da-415f-b88f-300171ecb99e,4acff152-17c9-42fc-b148-f6721654126e,false,"[OAS] [OAS] validation failed:
 - ERROR - [Path '/0'] Instance type (null) does not match any allowed primitive type (allowed: [""object""]): []
"
d1333be8-69da-415f-b88f-300171ecb99e,d1cb4bd9-72ba-4a8e-9017-2abc514929de,false,"[OAS] [OAS] validation failed:
 - ERROR - [Path '/0'] Instance type (number) does not match any allowed primitive type (allowed: [""object""]): []
"
d1333be8-69da-415f-b88f-300171ecb99e,4a652947-e34d-4630-8ecc-a03c1090ffa5,false,"[OAS] [OAS] validation failed:
 - ERROR - [Path '/0/languageList/0'] Instance type (boolean) does not match any allowed primitive type (allowed: [""string""]): []
 - ERROR - [Path '/0/languageList/1'] Instance type (object) does not match any allowed primitive type (allowed: [""string""]): []
"
d1333be8-69da-415f-b88f-300171ecb99e,69a9b402-a776-44e7-aad2-923435131e95,false,"[OAS] [OAS] validation failed:
 - ERROR - [Path '/0/languageList'] Instance type (null) does not match any allowed primitive type (allowed: [""array""]): []
"
d1333be8-69da-415f-b88f-300171ecb99e,19763fa2-a206-4411-9629-6932928a38f7,false,"[OAS] [OAS] validation failed:
 - ERROR - [Path '/0/languageList'] Instance type (number) does not match any allowed primitive type (allowed: [""array""]): []
"
d1333be8-69da-415f-b88f-300171ecb99e,1722dd7f-f571-44f6-bf95-0e647733f9de,false,"[OAS] [OAS] validation failed:
 - ERROR - [Path '/0/gitHubProjectId'] Instance type (null) does not match any allowed primitive type (allowed: [""integer""]): []
"
d1333be8-69da-415f-b88f-300171ecb99e,237425f1-6179-4680-a0c6-a50c9e725117,false,"[OAS] [OAS] validation failed:
 - ERROR - [Path '/0/gitHubProjectId'] Instance type (number) does not match any allowed primitive type (allowed: [""integer""]): []
"
d1333be8-69da-415f-b88f-300171ecb99e,f1243e89-f584-40c4-bbe6-7cb25e232524,false,"[OAS] [OAS] validation failed:
 - ERROR - [Path '/0/name'] Instance type (null) does not match any allowed primitive type (allowed: [""string""]): []
"
d1333be8-69da-415f-b88f-300171ecb99e,6166c06b-3800-4a30-bef0-51ea75078dcf,false,"[OAS] [OAS] validation failed:
 - ERROR - [Path '/0/name'] Instance type (number) does not match any allowed primitive type (allowed: [""string""]): []
"
d1333be8-69da-415f-b88f-300171ecb99e,03ea0556-8d9a-47d5-b63f-d5eba89e4c68,false,"[OAS] [OAS] validation failed:
 - ERROR - [Path '/0/title'] Instance type (number) does not match any allowed primitive type (allowed: [""null"",""string""]): []
"
d1333be8-69da-415f-b88f-300171ecb99e,12127c83-68e6-4d32-b5e5-1f0690951e01,false,"[OAS] [OAS] validation failed:
 - ERROR - [Path '/0/image'] Instance type (object) does not match any allowed primitive type (allowed: [""null"",""string""]): []
"
d1333be8-69da-415f-b88f-300171ecb99e,04ed8e11-50a5-475d-8d37-15868749a329,false,"[OAS] [OAS] validation failed:
 - ERROR - [Path '/0/organizationName'] Instance type (null) does not match any allowed primitive type (allowed: [""string""]): []
"
d1333be8-69da-415f-b88f-300171ecb99e,e5217cea-b190-4637-a140-ac359f8d70f3,false,"[OAS] [OAS] validation failed:
 - ERROR - [Path '/0/organizationName'] Instance type (object) does not match any allowed primitive type (allowed: [""string""]): []
"
d1333be8-69da-415f-b88f-300171ecb99e,868c17e9-6f77-43e8-a014-44886e076d42,false,"[OAS] [OAS] validation failed:
 - ERROR - [Path '/0/url'] Instance type (object) does not match any allowed primitive type (allowed: [""null"",""string""]): []
"
d1333be8-69da-415f-b88f-300171ecb99e,c0917c4a-72c2-4628-ae03-81332c660f53,false,"[OAS] [OAS] validation failed:
 - ERROR - [Path '/0/description'] Instance type (array) does not match any allowed primitive type (allowed: [""null"",""string""]): []
"
d1333be8-69da-415f-b88f-300171ecb99e,6e8c02fd-757e-40b6-aa1e-fc6bc50e0f85,false,"[OAS] [OAS] validation failed:
 - ERROR - [Path '/0/starsCount'] Instance type (null) does not match any allowed primitive type (allowed: [""integer""]): []
"
d1333be8-69da-415f-b88f-300171ecb99e,34c88fee-b703-4aef-87f0-42369d3a3bd6,false,"[OAS] [OAS] validation failed:
 - ERROR - [Path '/0/starsCount'] Instance type (object) does not match any allowed primitive type (allowed: [""integer""]): []
"
d1333be8-69da-415f-b88f-300171ecb99e,653c6541-0ba4-45de-8339-32c1a95a4a08,false,"[OAS] [OAS] validation failed:
 - ERROR - [Path '/0/commitsCount'] Instance type (null) does not match any allowed primitive type (allowed: [""integer""]): []
"
d1333be8-69da-415f-b88f-300171ecb99e,7d49ffda-6e11-4382-bc80-a4bd669f3796,false,"[OAS] [OAS] validation failed:
 - ERROR - [Path '/0/commitsCount'] Instance type (object) does not match any allowed primitive type (allowed: [""integer""]): []
"
d1333be8-69da-415f-b88f-300171ecb99e,134e5bf0-227a-4ab2-84a3-acaa9ef77053,false,"[OAS] [OAS] validation failed:
 - ERROR - [Path '/0/forksCount'] Instance type (null) does not match any allowed primitive type (allowed: [""integer""]): []
"
d1333be8-69da-415f-b88f-300171ecb99e,1c249311-bd19-4ebe-a6ef-f868bce04da7,false,"[OAS] [OAS] validation failed:
 - ERROR - [Path '/0/forksCount'] Instance type (array) does not match any allowed primitive type (allowed: [""integer""]): []
"
d1333be8-69da-415f-b88f-300171ecb99e,2cd60779-c3ac-4dc5-895f-ec1b661261e4,false,"[OAS] [OAS] validation failed:
 - ERROR - [Path '/0/contributorsCount'] Instance type (null) does not match any allowed primitive type (allowed: [""integer""]): []
"
d1333be8-69da-415f-b88f-300171ecb99e,b3df9dba-cb05-45e1-a58d-70da2f591987,false,"[OAS] [OAS] validation failed:
 - ERROR - [Path '/0/contributorsCount'] Instance type (string) does not match any allowed primitive type (allowed: [""integer""]): []
"
d1333be8-69da-415f-b88f-300171ecb99e,b7a485ab-8980-45e3-8153-362b226a15a8,false,"[OAS] [OAS] validation failed:
 - ERROR - [Path '/0/score'] Instance type (null) does not match any allowed primitive type (allowed: [""integer""]): []
"
d1333be8-69da-415f-b88f-300171ecb99e,f2856d47-d7ae-4772-84b6-0ebc7248459d,false,"[OAS] [OAS] validation failed:
 - ERROR - [Path '/0/score'] Instance type (array) does not match any allowed primitive type (allowed: [""integer""]): []
"
d1333be8-69da-415f-b88f-300171ecb99e,de6c4477-ea2d-45e5-a52d-6497b83fff8d,false,"[OAS] [OAS] validation failed:
 - ERROR - [Path '/0/lastPushed'] Instance type (array) does not match any allowed primitive type (allowed: [""null"",""string""]): []
"
d1333be8-69da-415f-b88f-300171ecb99e,1e94464d-ad60-43ec-b049-e85bd4e7d604,false,"[OAS] [OAS] validation failed:
 - ERROR - [Path '/0/primaryLanguage'] Instance type (null) does not match any allowed primitive type (allowed: [""string""]): []
"
d1333be8-69da-415f-b88f-300171ecb99e,22c64ab9-1c2e-4cd1-b91c-69c24c522960,false,"[OAS] [OAS] validation failed:
 - ERROR - [Path '/0/primaryLanguage'] Instance type (object) does not match any allowed primitive type (allowed: [""string""]): []
"
d1333be8-69da-415f-b88f-300171ecb99e,61cbda42-f501-44d7-acb8-71af44ebd9f9,false,"[OAS] [OAS] validation failed:
 - ERROR - [Path '/0/maintainers/0'] Instance type (object) does not match any allowed primitive type (allowed: [""string""]): []
 - ERROR - [Path '/0/maintainers/1'] Instance type (integer) does not match any allowed primitive type (allowed: [""string""]): []
 - ERROR - [Path '/0/maintainers/2'] Instance type (array) does not match any allowed primitive type (allowed: [""string""]): []
 - ERROR - [Path '/0/maintainers/3'] Instance type (object) does not match any allowed primitive type (allowed: [""string""]): []
"
d1333be8-69da-415f-b88f-300171ecb99e,02a9151d-234e-47f0-b4ac-8491bcf8ea5f,false,"[OAS] [OAS] validation failed:
 - ERROR - [Path '/0/maintainers'] Instance type (null) does not match any allowed primitive type (allowed: [""array""]): []
"
d1333be8-69da-415f-b88f-300171ecb99e,adfb7871-927e-4744-84a2-e595162609af,false,"[OAS] [OAS] validation failed:
 - ERROR - [Path '/0/maintainers'] Instance type (object) does not match any allowed primitive type (allowed: [""array""]): []
"
82eca8ea-e4ab-45ee-b78e-16d31a826f53,8b6a4db3-9ea4-4fb4-ba87-3758c52924cc,false,"[OAS] [OAS] validation failed:
 - ERROR - Response status 201 not defined for path '/projects'.: []
"
82eca8ea-e4ab-45ee-b78e-16d31a826f53,fd129054-f5ab-4b53-804d-f56c47c39146,false,"[OAS] [OAS] validation failed:
 - ERROR - Instance type (array) does not match any allowed primitive type (allowed: [""object""]): []
"
82eca8ea-e4ab-45ee-b78e-16d31a826f53,4fceab18-b908-47a7-bca9-48aeba6a435a,false,[NO_5XX] Unexpected 5XX response: 500
82eca8ea-e4ab-45ee-b78e-16d31a826f53,953f6bf9-bacf-4546-ba25-352d115139d5,false,"[OAS] [OAS] validation failed:
 - ERROR - Response Content-Type header 'text/css' does not match any allowed types. Must be one of: [application/json].: []
"
82eca8ea-e4ab-45ee-b78e-16d31a826f53,e263909e-9f32-49c2-89b7-b117f6bc8b48,false,"[OAS] [OAS] validation failed:
 - ERROR - Response Content-Type header 'charset=UTF-8' is not a valid media type: []
"
82eca8ea-e4ab-45ee-b78e-16d31a826f53,b03362e1-d893-4fea-8a1a-6e527dfd1226,false,"[OAS] [OAS] validation failed:
 - ERROR - [Path '/0'] Instance type (boolean) does not match any allowed primitive type (allowed: [""object""]): []
"
46c67714-bea1-45be-b6d8-ee538046d8de,1d507c1e-813b-4097-8b23-ee093098a56c,false,"[OAS] [OAS] validation failed:
 - ERROR - Response status 201 not defined for path '/projects'.: []
"
46c67714-bea1-45be-b6d8-ee538046d8de,f79cb6bf-a79b-4113-86be-46f11941681d,false,"[OAS] [OAS] validation failed:
 - ERROR - Response status 409 not defined for path '/projects'.: []
"
46c67714-bea1-45be-b6d8-ee538046d8de,0f2ca924-c679-4918-b1e4-609ac6ce1ddf,false,[NO_5XX] Unexpected 5XX response: 504
46c67714-bea1-45be-b6d8-ee538046d8de,dee33023-c229-427e-be53-71bf98bffe98,false,"[OAS] [OAS] validation failed:
 - ERROR - Response Content-Type header 'text/html' does not match any allowed types. Must be one of: [application/json].: []
"
46c67714-bea1-45be-b6d8-ee538046d8de,960213c4-5f0a-4272-ae8f-e6d259e4b383,false,"[OAS] [OAS] validation failed:
 - ERROR - Response Content-Type header 'charset=UTF-8' is not a valid media type: []
"
46c67714-bea1-45be-b6d8-ee538046d8de,a791bf38-a2c8-4608-aa19-0c3ad24d7fc9,false,"[OAS] [OAS] validation failed:
 - ERROR - [Path '/0'] Instance type (boolean) does not match any allowed primitive type (allowed: [""object""]): []
"
7480bc2b-c8dc-454e-a108-253e48c8ff60,db22e79f-547d-4ab6-b06d-4eab21528ef2,false,"[OAS] [OAS] validation failed:
 - ERROR - Response status 204 not defined for path '/projects'.: []
"
7480bc2b-c8dc-454e-a108-253e48c8ff60,73e624fa-e3bc-4a94-b7f0-811722b9fa52,false,"[OAS] [OAS] validation failed:
 - ERROR - Response status 401 not defined for path '/projects'.: []
"
7480bc2b-c8dc-454e-a108-253e48c8ff60,9338620d-e039-40dc-bba7-dc85958a3cfb,false,[NO_5XX] Unexpected 5XX response: 501
7480bc2b-c8dc-454e-a108-253e48c8ff60,e8d1aa3b-2915-45b9-8af9-2ecbccedfff8,false,"[OAS] [OAS] validation failed:
 - ERROR - Response Content-Type header 'text/css' does not match any allowed types. Must be one of: [application/json].: []
"
7480bc2b-c8dc-454e-a108-253e48c8ff60,358f5d9c-dfb2-4889-b5eb-35db7ef3aefc,false,"[OAS] [OAS] validation failed:
 - ERROR - Response Content-Type header 'charset=UTF-8' is not a valid media type: []
"
7480bc2b-c8dc-454e-a108-253e48c8ff60,d8685801-377a-4a28-81cf-a88b43bddbfe,false,"[OAS] [OAS] validation failed:
 - ERROR - [Path '/0'] Instance type (boolean) does not match any allowed primitive type (allowed: [""object""]): []
"
c03f40bf-5756-4404-863c-ed2e48b89702,0a5a98cf-7e8d-4dd0-8083-65e52b949798,false,"[OAS] [OAS] validation failed:
 - ERROR - Response status 204 not defined for path '/projects'.: []
"
c03f40bf-5756-4404-863c-ed2e48b89702,5d0155c4-548e-4fa8-b468-215321002dd7,false,"[OAS] [OAS] validation failed:
 - ERROR - Response status 409 not defined for path '/projects'.: []
"
c03f40bf-5756-4404-863c-ed2e48b89702,bead54d1-97f3-4bd6-a747-a936a8cf1f7f,false,[NO_5XX] Unexpected 5XX response: 504
c03f40bf-5756-4404-863c-ed2e48b89702,8f5f7f2c-6e11-4b18-8c33-e2d081d4eb5b,false,"[OAS] [OAS] validation failed:
 - ERROR - Response Content-Type header 'text/javascript' does not match any allowed types. Must be one of: [application/json].: []
"
c03f40bf-5756-4404-863c-ed2e48b89702,30b3db8c-130d-4f5d-957e-746dc06fe037,false,"[OAS] [OAS] validation failed:
 - ERROR - Response Content-Type header 'charset=UTF-8' is not a valid media type: []
"
c03f40bf-5756-4404-863c-ed2e48b89702,e193618b-7bac-42bb-b5d3-042ce5fc754c,false,"[OAS] [OAS] validation failed:
 - ERROR - [Path '/0'] Instance type (boolean) does not match any allowed primitive type (allowed: [""object""]): []
"
8205fd21-b4eb-4570-8759-1ad482cf1a95,4fe02dc3-2320-43ea-8894-eee5e10abc46,false,"[OAS] [OAS] validation failed:
 - ERROR - Response status 201 not defined for path '/projects'.: []
"
8205fd21-b4eb-4570-8759-1ad482cf1a95,3c4c12ca-dd1c-468a-9053-1a15f150641e,false,"[OAS] [OAS] validation failed:
 - ERROR - Response status 401 not defined for path '/projects'.: []
"
8205fd21-b4eb-4570-8759-1ad482cf1a95,42ea1605-89a3-4011-83e3-7e6dfd6ea6ad,false,[NO_5XX] Unexpected 5XX response: 501
8205fd21-b4eb-4570-8759-1ad482cf1a95,df03abb0-e5fc-4de4-be50-c3865dc9a587,false,"[OAS] [OAS] validation failed:
 - ERROR - Response Content-Type header 'text/css' does not match any allowed types. Must be one of: [application/json].: []
"
8205fd21-b4eb-4570-8759-1ad482cf1a95,d1a58cb4-290b-4d95-b2fb-54ed917c2785,false,"[OAS] [OAS] validation failed:
 - ERROR - Response Content-Type header 'charset=UTF-8' is not a valid media type: []
"
8205fd21-b4eb-4570-8759-1ad482cf1a95,53f362ca-a740-40b5-a836-e358ed6e0f40,false,"[OAS] [OAS] validation failed:
 - ERROR - [Path '/1'] Instance type (boolean) does not match any allowed primitive type (allowed: [""object""]): []
"
8205fd21-b4eb-4570-8759-1ad482cf1a95,446ce9a0-90f4-4355-b954-58508a6606df,false,"[OAS] [OAS] validation failed:
 - ERROR - [Path '/0'] Object instance has properties which are not allowed by the schema: [""randomBoolean1""]: []
"
8205fd21-b4eb-4570-8759-1ad482cf1a95,f5bb0c3d-0475-4e66-90f0-2c19987cc957,false,"[OAS] [OAS] validation failed:
 - ERROR - [Path '/0'] Instance type (null) does not match any allowed primitive type (allowed: [""object""]): []
"
8205fd21-b4eb-4570-8759-1ad482cf1a95,928a0879-8f75-43e7-8cff-1d14878665f4,false,"[OAS] [OAS] validation failed:
 - ERROR - [Path '/0'] Instance type (number) does not match any allowed primitive type (allowed: [""object""]): []
"
8205fd21-b4eb-4570-8759-1ad482cf1a95,dd65c807-b2b1-487e-86a4-9055657a98c7,false,"[OAS] [OAS] validation failed:
 - ERROR - [Path '/0/languageList/0'] Instance type (boolean) does not match any allowed primitive type (allowed: [""string""]): []
 - ERROR - [Path '/0/languageList/1'] Instance type (object) does not match any allowed primitive type (allowed: [""string""]): []
"
8205fd21-b4eb-4570-8759-1ad482cf1a95,21e5e609-3ecd-4c9e-bdc8-f0b2f93cfa08,false,"[OAS] [OAS] validation failed:
 - ERROR - [Path '/0/languageList'] Instance type (null) does not match any allowed primitive type (allowed: [""array""]): []
"
8205fd21-b4eb-4570-8759-1ad482cf1a95,0aecbb24-4ab7-434d-ad5c-312ac781a517,false,"[OAS] [OAS] validation failed:
 - ERROR - [Path '/0/languageList'] Instance type (number) does not match any allowed primitive type (allowed: [""array""]): []
"
8205fd21-b4eb-4570-8759-1ad482cf1a95,f887c91e-3625-421d-b759-c2aa5d538ee7,false,"[OAS] [OAS] validation failed:
 - ERROR - [Path '/0/gitHubProjectId'] Instance type (null) does not match any allowed primitive type (allowed: [""integer""]): []
"
8205fd21-b4eb-4570-8759-1ad482cf1a95,a0e9862d-db62-4a6c-a792-0df4da8f68fe,false,"[OAS] [OAS] validation failed:
 - ERROR - [Path '/0/gitHubProjectId'] Instance type (number) does not match any allowed primitive type (allowed: [""integer""]): []
"
8205fd21-b4eb-4570-8759-1ad482cf1a95,9080db10-9c68-45d8-987d-ab0b2138dbd3,false,"[OAS] [OAS] validation failed:
 - ERROR - [Path '/0/name'] Instance type (null) does not match any allowed primitive type (allowed: [""string""]): []
"
8205fd21-b4eb-4570-8759-1ad482cf1a95,3b084694-be34-45d4-8038-ad32d17e4a3a,false,"[OAS] [OAS] validation failed:
 - ERROR - [Path '/0/name'] Instance type (number) does not match any allowed primitive type (allowed: [""string""]): []
"
8205fd21-b4eb-4570-8759-1ad482cf1a95,13384684-4a66-4a54-92c0-ab7aad64d8b9,false,"[OAS] [OAS] validation failed:
 - ERROR - [Path '/0/title'] Instance type (number) does not match any allowed primitive type (allowed: [""null"",""string""]): []
"
8205fd21-b4eb-4570-8759-1ad482cf1a95,c4825215-938d-4ad9-a3f5-e68e119cc4ec,false,"[OAS] [OAS] validation failed:
 - ERROR - [Path '/0/image'] Instance type (object) does not match any allowed primitive type (allowed: [""null"",""string""]): []
"
8205fd21-b4eb-4570-8759-1ad482cf1a95,7587f15f-6814-4d49-bd5f-7b600dc5bc16,false,"[OAS] [OAS] validation failed:
 - ERROR - [Path '/0/organizationName'] Instance type (null) does not match any allowed primitive type (allowed: [""string""]): []
"
8205fd21-b4eb-4570-8759-1ad482cf1a95,c2fd3bba-7ad3-4d3a-b9cb-32c91d210667,false,"[OAS] [OAS] validation failed:
 - ERROR - [Path '/0/organizationName'] Instance type (object) does not match any allowed primitive type (allowed: [""string""]): []
"
8205fd21-b4eb-4570-8759-1ad482cf1a95,1b080e74-6723-4686-85b6-2dd2149f9917,false,"[OAS] [OAS] validation failed:
 - ERROR - [Path '/0/url'] Instance type (object) does not match any allowed primitive type (allowed: [""null"",""string""]): []
"
8205fd21-b4eb-4570-8759-1ad482cf1a95,31b85348-b24a-4abd-897b-9bf2ec5f067d,false,"[OAS] [OAS] validation failed:
 - ERROR - [Path '/0/description'] Instance type (array) does not match any allowed primitive type (allowed: [""null"",""string""]): []
"
8205fd21-b4eb-4570-8759-1ad482cf1a95,6ce6e07c-ed8c-435c-8783-6a617f938c35,false,"[OAS] [OAS] validation failed:
 - ERROR - [Path '/0/starsCount'] Instance type (null) does not match any allowed primitive type (allowed: [""integer""]): []
"
8205fd21-b4eb-4570-8759-1ad482cf1a95,5eeff672-ef67-4ced-912d-98330fe957d5,false,"[OAS] [OAS] validation failed:
 - ERROR - [Path '/0/starsCount'] Instance type (object) does not match any allowed primitive type (allowed: [""integer""]): []
"
8205fd21-b4eb-4570-8759-1ad482cf1a95,6176a52c-61e5-47ee-9d4c-03e2679aabb7,false,"[OAS] [OAS] validation failed:
 - ERROR - [Path '/0/commitsCount'] Instance type (null) does not match any allowed primitive type (allowed: [""integer""]): []
"
8205fd21-b4eb-4570-8759-1ad482cf1a95,82776299-a764-4cfb-bb03-d57b5495063d,false,"[OAS] [OAS] validation failed:
 - ERROR - [Path '/0/commitsCount'] Instance type (object) does not match any allowed primitive type (allowed: [""integer""]): []
"
8205fd21-b4eb-4570-8759-1ad482cf1a95,5e4d97a6-db63-4bd9-b514-83d2e7b89d39,false,"[OAS] [OAS] validation failed:
 - ERROR - [Path '/0/forksCount'] Instance type (null) does not match any allowed primitive type (allowed: [""integer""]): []
"
8205fd21-b4eb-4570-8759-1ad482cf1a95,a7dc437b-0429-479d-8c3e-077d97c32a09,false,"[OAS] [OAS] validation failed:
 - ERROR - [Path '/0/forksCount'] Instance type (array) does not match any allowed primitive type (allowed: [""integer""]): []
"
8205fd21-b4eb-4570-8759-1ad482cf1a95,e328a7af-7bca-45cb-b9bf-2700421a5c72,false,"[OAS] [OAS] validation failed:
 - ERROR - [Path '/0/contributorsCount'] Instance type (null) does not match any allowed primitive type (allowed: [""integer""]): []
"
8205fd21-b4eb-4570-8759-1ad482cf1a95,dfc902d6-d5f9-43dd-a5b5-57e79c476626,false,"[OAS] [OAS] validation failed:
 - ERROR - [Path '/0/contributorsCount'] Instance type (string) does not match any allowed primitive type (allowed: [""integer""]): []
"
8205fd21-b4eb-4570-8759-1ad482cf1a95,078ed292-77d8-4f9a-baea-72b2ea4baa28,false,"[OAS] [OAS] validation failed:
 - ERROR - [Path '/0/score'] Instance type (null) does not match any allowed primitive type (allowed: [""integer""]): []
"
8205fd21-b4eb-4570-8759-1ad482cf1a95,22975d24-2a86-47f5-a968-08df72c5c9d6,false,"[OAS] [OAS] validation failed:
 - ERROR - [Path '/0/score'] Instance type (array) does not match any allowed primitive type (allowed: [""integer""]): []
"
8205fd21-b4eb-4570-8759-1ad482cf1a95,a3e8d1e8-2c2d-435f-9a71-aed491ddf8c5,false,"[OAS] [OAS] validation failed:
 - ERROR - [Path '/0/lastPushed'] Instance type (array) does not match any allowed primitive type (allowed: [""null"",""string""]): []
"
8205fd21-b4eb-4570-8759-1ad482cf1a95,ab90a429-9abb-4164-b6c1-7824cbff9b7f,false,"[OAS] [OAS] validation failed:
 - ERROR - [Path '/0/primaryLanguage'] Instance type (null) does not match any allowed primitive type (allowed: [""string""]): []
"
8205fd21-b4eb-4570-8759-1ad482cf1a95,b66e7a1d-df5e-42a8-a30d-ac55f09aa982,false,"[OAS] [OAS] validation failed:
 - ERROR - [Path '/0/primaryLanguage'] Instance type (object) does not match any allowed primitive type (allowed: [""string""]): []
"
8205fd21-b4eb-4570-8759-1ad482cf1a95,13a9b5aa-380f-4981-9f58-42d915b2cf92,false,"[OAS] [OAS] validation failed:
 - ERROR - [Path '/0/maintainers/0'] Instance type (object) does not match any allowed primitive type (allowed: [""string""]): []
 - ERROR - [Path '/0/maintainers/1'] Instance type (integer) does not match any allowed primitive type (allowed: [""string""]): []
 - ERROR - [Path '/0/maintainers/2'] Instance type (array) does not match any allowed primitive type (allowed: [""string""]): []
 - ERROR - [Path '/0/maintainers/3'] Instance type (object) does not match any allowed primitive type (allowed: [""string""]): []
"
8205fd21-b4eb-4570-8759-1ad482cf1a95,b45c9e6b-4e19-4210-bb46-c416060239ec,false,"[OAS] [OAS] validation failed:
 - ERROR - [Path '/0/maintainers'] Instance type (null) does not match any allowed primitive type (allowed: [""array""]): []
"
8205fd21-b4eb-4570-8759-1ad482cf1a95,bae8d10d-cb83-4f6c-90fe-2864329e7822,false,"[OAS] [OAS] validation failed:
 - ERROR - [Path '/0/maintainers'] Instance type (object) does not match any allowed primitive type (allowed: [""array""]): []
"
0e2d59dc-3cbd-4316-8cee-5a1b69e7288f,d1e9d019-24ca-4161-8058-2da674be70c1,false,"[OAS] [OAS] validation failed:
 - ERROR - Response status 204 not defined for path '/projects'.: []
"
0e2d59dc-3cbd-4316-8cee-5a1b69e7288f,d60c9213-66b1-4dab-9f06-b381556cff5d,false,"[OAS] [OAS] validation failed:
 - ERROR - Response status 409 not defined for path '/projects'.: []
"
0e2d59dc-3cbd-4316-8cee-5a1b69e7288f,628ec0ae-e93e-4c76-b17a-384bc39c7707,false,[NO_5XX] Unexpected 5XX response: 504
0e2d59dc-3cbd-4316-8cee-5a1b69e7288f,c8356022-d11b-4a69-9672-422703c9ebfe,false,"[OAS] [OAS] validation failed:
 - ERROR - Response Content-Type header 'text/css' does not match any allowed types. Must be one of: [application/json].: []
"
0e2d59dc-3cbd-4316-8cee-5a1b69e7288f,a81d2bba-8e65-48dd-a571-897a161608f1,false,"[OAS] [OAS] validation failed:
 - ERROR - Response Content-Type header 'charset=UTF-8' is not a valid media type: []
"
0e2d59dc-3cbd-4316-8cee-5a1b69e7288f,aed0b189-05e2-4ecd-9589-dc1c18d30650,false,"[OAS] [OAS] validation failed:
 - ERROR - [Path '/1'] Instance type (boolean) does not match any allowed primitive type (allowed: [""object""]): []
"
0e2d59dc-3cbd-4316-8cee-5a1b69e7288f,9a6562f6-f21d-425b-bb27-eae53071b352,false,"[OAS] [OAS] validation failed:
 - ERROR - [Path '/0'] Object instance has properties which are not allowed by the schema: [""randomBoolean1""]: []
"
0e2d59dc-3cbd-4316-8cee-5a1b69e7288f,163156a8-b110-46cc-8d2e-1c20570fa520,false,"[OAS] [OAS] validation failed:
 - ERROR - [Path '/0'] Instance type (null) does not match any allowed primitive type (allowed: [""object""]): []
"
0e2d59dc-3cbd-4316-8cee-5a1b69e7288f,4138ed0b-4fb0-4238-afa2-7f6d10d3bbc7,false,"[OAS] [OAS] validation failed:
 - ERROR - [Path '/0'] Instance type (number) does not match any allowed primitive type (allowed: [""object""]): []
"
0e2d59dc-3cbd-4316-8cee-5a1b69e7288f,261fa0fd-eed6-4a8c-9108-4f6a91659db5,false,"[OAS] [OAS] validation failed:
 - ERROR - [Path '/0/languageList/0'] Instance type (boolean) does not match any allowed primitive type (allowed: [""string""]): []
 - ERROR - [Path '/0/languageList/1'] Instance type (object) does not match any allowed primitive type (allowed: [""string""]): []
"
0e2d59dc-3cbd-4316-8cee-5a1b69e7288f,0b2cb1f9-1923-403a-89ff-b4e94e46cf26,false,"[OAS] [OAS] validation failed:
 - ERROR - [Path '/0/languageList'] Instance type (null) does not match any allowed primitive type (allowed: [""array""]): []
"
0e2d59dc-3cbd-4316-8cee-5a1b69e7288f,ec6e416a-add9-4ae9-bea0-ce20c69d6f38,false,"[OAS] [OAS] validation failed:
 - ERROR - [Path '/0/languageList'] Instance type (number) does not match any allowed primitive type (allowed: [""array""]): []
"
0e2d59dc-3cbd-4316-8cee-5a1b69e7288f,9f1011fb-a018-472f-bf58-87ef40d49fed,false,"[OAS] [OAS] validation failed:
 - ERROR - [Path '/0/gitHubProjectId'] Instance type (null) does not match any allowed primitive type (allowed: [""integer""]): []
"
0e2d59dc-3cbd-4316-8cee-5a1b69e7288f,843ecbc2-13e2-4557-b179-f86a906a9b12,false,"[OAS] [OAS] validation failed:
 - ERROR - [Path '/0/gitHubProjectId'] Instance type (number) does not match any allowed primitive type (allowed: [""integer""]): []
"
0e2d59dc-3cbd-4316-8cee-5a1b69e7288f,0c7e5f41-7c4a-43e7-8d95-28c46b5d7476,false,"[OAS] [OAS] validation failed:
 - ERROR - [Path '/0/name'] Instance type (null) does not match any allowed primitive type (allowed: [""string""]): []
"
0e2d59dc-3cbd-4316-8cee-5a1b69e7288f,f1dbc3eb-8c4c-410a-b4aa-9a1302583edf,false,"[OAS] [OAS] validation failed:
 - ERROR - [Path '/0/name'] Instance type (number) does not match any allowed primitive type (allowed: [""string""]): []
"
0e2d59dc-3cbd-4316-8cee-5a1b69e7288f,de8e24f5-d79c-470b-9f45-95d9f1150ef6,false,"[OAS] [OAS] validation failed:
 - ERROR - [Path '/0/title'] Instance type (number) does not match any allowed primitive type (allowed: [""null"",""string""]): []
"
0e2d59dc-3cbd-4316-8cee-5a1b69e7288f,04525ede-dcd2-4870-82ae-c78d13ba8b26,false,"[OAS] [OAS] validation failed:
 - ERROR - [Path '/0/image'] Instance type (object) does not match any allowed primitive type (allowed: [""null"",""string""]): []
"
0e2d59dc-3cbd-4316-8cee-5a1b69e7288f,b1435963-8136-4337-a630-b5874711e3f8,false,"[OAS] [OAS] validation failed:
 - ERROR - [Path '/0/organizationName'] Instance type (null) does not match any allowed primitive type (allowed: [""string""]): []
"
0e2d59dc-3cbd-4316-8cee-5a1b69e7288f,0796876f-ec66-4e75-b509-77725e8d77b1,false,"[OAS] [OAS] validation failed:
 - ERROR - [Path '/0/organizationName'] Instance type (object) does not match any allowed primitive type (allowed: [""string""]): []
"
0e2d59dc-3cbd-4316-8cee-5a1b69e7288f,a662c257-50ff-460c-9d57-98aa34c5f996,false,"[OAS] [OAS] validation failed:
 - ERROR - [Path '/0/url'] Instance type (object) does not match any allowed primitive type (allowed: [""null"",""string""]): []
"
0e2d59dc-3cbd-4316-8cee-5a1b69e7288f,451fee3c-6ae6-4233-98cf-14c67ffee970,false,"[OAS] [OAS] validation failed:
 - ERROR - [Path '/0/description'] Instance type (array) does not match any allowed primitive type (allowed: [""null"",""string""]): []
"
0e2d59dc-3cbd-4316-8cee-5a1b69e7288f,4f64ab23-2779-4cab-a687-215d7410ea83,false,"[OAS] [OAS] validation failed:
 - ERROR - [Path '/0/starsCount'] Instance type (null) does not match any allowed primitive type (allowed: [""integer""]): []
"
0e2d59dc-3cbd-4316-8cee-5a1b69e7288f,37ed7da8-a5ce-4803-8e84-11c674adb6da,false,"[OAS] [OAS] validation failed:
 - ERROR - [Path '/0/starsCount'] Instance type (object) does not match any allowed primitive type (allowed: [""integer""]): []
"
0e2d59dc-3cbd-4316-8cee-5a1b69e7288f,543e7bf1-84fb-492f-b0f2-f9ea83fb2abd,false,"[OAS] [OAS] validation failed:
 - ERROR - [Path '/0/commitsCount'] Instance type (null) does not match any allowed primitive type (allowed: [""integer""]): []
"
0e2d59dc-3cbd-4316-8cee-5a1b69e7288f,743c8cd8-0f59-46ea-b747-f592d619a806,false,"[OAS] [OAS] validation failed:
 - ERROR - [Path '/0/commitsCount'] Instance type (object) does not match any allowed primitive type (allowed: [""integer""]): []
"
0e2d59dc-3cbd-4316-8cee-5a1b69e7288f,e88e35e2-8338-4ee4-bc3c-a68c323842ff,false,"[OAS] [OAS] validation failed:
 - ERROR - [Path '/0/forksCount'] Instance type (null) does not match any allowed primitive type (allowed: [""integer""]): []
"
0e2d59dc-3cbd-4316-8cee-5a1b69e7288f,2fc2f5ed-eac6-45b7-8d29-00572a3f5118,false,"[OAS] [OAS] validation failed:
 - ERROR - [Path '/0/forksCount'] Instance type (array) does not match any allowed primitive type (allowed: [""integer""]): []
"
0e2d59dc-3cbd-4316-8cee-5a1b69e7288f,ad8e174b-0519-4f10-8c5a-6f97d1f1e3a3,false,"[OAS] [OAS] validation failed:
 - ERROR - [Path '/0/contributorsCount'] Instance type (null) does not match any allowed primitive type (allowed: [""integer""]): []
"
0e2d59dc-3cbd-4316-8cee-5a1b69e7288f,6ced6fe9-a52e-40c5-861b-0e9c82e52e37,false,"[OAS] [OAS] validation failed:
 - ERROR - [Path '/0/contributorsCount'] Instance type (string) does not match any allowed primitive type (allowed: [""integer""]): []
"
0e2d59dc-3cbd-4316-8cee-5a1b69e7288f,a135f991-2aa0-4c84-b9f0-75a656e17ebf,false,"[OAS] [OAS] validation failed:
 - ERROR - [Path '/0/score'] Instance type (null) does not match any allowed primitive type (allowed: [""integer""]): []
"
0e2d59dc-3cbd-4316-8cee-5a1b69e7288f,98840021-4821-4f36-9816-0501843e48b8,false,"[OAS] [OAS] validation failed:
 - ERROR - [Path '/0/score'] Instance type (array) does not match any allowed primitive type (allowed: [""integer""]): []
"
0e2d59dc-3cbd-4316-8cee-5a1b69e7288f,744e479e-01e9-4672-9377-989eb71d22f1,false,"[OAS] [OAS] validation failed:
 - ERROR - [Path '/0/lastPushed'] Instance type (array) does not match any allowed primitive type (allowed: [""null"",""string""]): []
"
0e2d59dc-3cbd-4316-8cee-5a1b69e7288f,681131ab-aa03-43ac-b6ee-03d49f87523c,false,"[OAS] [OAS] validation failed:
 - ERROR - [Path '/0/primaryLanguage'] Instance type (null) does not match any allowed primitive type (allowed: [""string""]): []
"
0e2d59dc-3cbd-4316-8cee-5a1b69e7288f,87af517e-9725-4205-9cd6-2bf850141116,false,"[OAS] [OAS] validation failed:
 - ERROR - [Path '/0/primaryLanguage'] Instance type (object) does not match any allowed primitive type (allowed: [""string""]): []
"
0e2d59dc-3cbd-4316-8cee-5a1b69e7288f,ea84fe14-f80d-4795-ad1e-8a61dd60ec93,false,"[OAS] [OAS] validation failed:
 - ERROR - [Path '/0/maintainers/0'] Instance type (object) does not match any allowed primitive type (allowed: [""string""]): []
 - ERROR - [Path '/0/maintainers/1'] Instance type (integer) does not match any allowed primitive type (allowed: [""string""]): []
 - ERROR - [Path '/0/maintainers/2'] Instance type (array) does not match any allowed primitive type (allowed: [""string""]): []
 - ERROR - [Path '/0/maintainers/3'] Instance type (object) does not match any allowed primitive type (allowed: [""string""]): []
"
0e2d59dc-3cbd-4316-8cee-5a1b69e7288f,c7f5d2ac-4c0a-45cd-bcf3-627012b39746,false,"[OAS] [OAS] validation failed:
 - ERROR - [Path '/0/maintainers'] Instance type (null) does not match any allowed primitive type (allowed: [""array""]): []
"
0e2d59dc-3cbd-4316-8cee-5a1b69e7288f,2f516b80-7c9e-4918-ad90-fc9fdf2fa7cc,false,"[OAS] [OAS] validation failed:
 - ERROR - [Path '/0/maintainers'] Instance type (object) does not match any allowed primitive type (allowed: [""array""]): []
"
b17dca0f-2cee-4401-9be1-039e65f3e883,262b52eb-66d7-4ef8-8efb-1790a320a728,false,"[OAS] [OAS] validation failed:
 - ERROR - Response status 201 not defined for path '/projects'.: []
"
b17dca0f-2cee-4401-9be1-039e65f3e883,6a819eb3-b551-49f0-923c-daf7a3aeafc7,false,"[OAS] [OAS] validation failed:
 - ERROR - Response status 403 not defined for path '/projects'.: []
"
b17dca0f-2cee-4401-9be1-039e65f3e883,0330f09c-4e31-4528-bcc5-6e78f9c1b607,false,[NO_5XX] Unexpected 5XX response: 502
b17dca0f-2cee-4401-9be1-039e65f3e883,8a96ea34-da01-4068-8f4c-0a1dbbe46498,false,"[OAS] [OAS] validation failed:
 - ERROR - Response Content-Type header 'text/javascript' does not match any allowed types. Must be one of: [application/json].: []
"
b17dca0f-2cee-4401-9be1-039e65f3e883,ee7a9f6e-1a48-49e8-b396-b7abd1c266b9,false,"[OAS] [OAS] validation failed:
 - ERROR - Response Content-Type header 'charset=UTF-8' is not a valid media type: []
"
b17dca0f-2cee-4401-9be1-039e65f3e883,7e1d39d8-1243-41b8-9d86-3c91b6150657,false,"[OAS] [OAS] validation failed:
 - ERROR - [Path '/0'] Instance type (boolean) does not match any allowed primitive type (allowed: [""object""]): []
"
a0754b1a-8d2e-4ec9-beea-97ef2432318c,83417169-d8d7-480f-a551-dedad26216c9,false,"[OAS] [OAS] validation failed:
 - ERROR - Response status 201 not defined for path '/projects'.: []
"
a0754b1a-8d2e-4ec9-beea-97ef2432318c,0038a093-0737-46ea-98df-12c8ce7028c7,false,"[OAS] [OAS] validation failed:
 - ERROR - Response status 409 not defined for path '/projects'.: []
"
a0754b1a-8d2e-4ec9-beea-97ef2432318c,5bd17ba1-ce05-48c4-9cd1-e414bf49324b,false,[NO_5XX] Unexpected 5XX response: 504
a0754b1a-8d2e-4ec9-beea-97ef2432318c,449390d0-9322-4047-8d69-ae6bfadfad1d,false,"[OAS] [OAS] validation failed:
 - ERROR - Response Content-Type header 'text/javascript' does not match any allowed types. Must be one of: [application/json].: []
"
a0754b1a-8d2e-4ec9-beea-97ef2432318c,3a5bd16b-c9af-4802-978b-97a8c9413fed,false,"[OAS] [OAS] validation failed:
 - ERROR - Response Content-Type header 'charset=UTF-8' is not a valid media type: []
"
a0754b1a-8d2e-4ec9-beea-97ef2432318c,a5f765a9-0378-43ea-af51-24f501023c5e,false,"[OAS] [OAS] validation failed:
 - ERROR - [Path '/1'] Instance type (boolean) does not match any allowed primitive type (allowed: [""object""]): []
"
a0754b1a-8d2e-4ec9-beea-97ef2432318c,9792f28d-2925-492b-bb01-770d5ceda3e2,false,"[OAS] [OAS] validation failed:
 - ERROR - [Path '/0'] Object instance has properties which are not allowed by the schema: [""randomBoolean1""]: []
"
a0754b1a-8d2e-4ec9-beea-97ef2432318c,b2f95f04-f69c-4dbc-9a41-dc2e7af1e338,false,"[OAS] [OAS] validation failed:
 - ERROR - [Path '/0'] Instance type (null) does not match any allowed primitive type (allowed: [""object""]): []
"
a0754b1a-8d2e-4ec9-beea-97ef2432318c,d2da8c81-ec3e-40b4-b71d-10d5b3b37298,false,"[OAS] [OAS] validation failed:
 - ERROR - [Path '/0'] Instance type (number) does not match any allowed primitive type (allowed: [""object""]): []
"
a0754b1a-8d2e-4ec9-beea-97ef2432318c,f39c5417-4d5a-497c-b425-62e348fefdfc,false,"[OAS] [OAS] validation failed:
 - ERROR - [Path '/0/languageList/0'] Instance type (boolean) does not match any allowed primitive type (allowed: [""string""]): []
 - ERROR - [Path '/0/languageList/1'] Instance type (object) does not match any allowed primitive type (allowed: [""string""]): []
"
a0754b1a-8d2e-4ec9-beea-97ef2432318c,7efeb145-68fb-4d25-a522-ed26bd97cbda,false,"[OAS] [OAS] validation failed:
 - ERROR - [Path '/0/languageList'] Instance type (null) does not match any allowed primitive type (allowed: [""array""]): []
"
a0754b1a-8d2e-4ec9-beea-97ef2432318c,770eb86f-4b41-45be-ac47-0ffa9a5f50f8,false,"[OAS] [OAS] validation failed:
 - ERROR - [Path '/0/languageList'] Instance type (number) does not match any allowed primitive type (allowed: [""array""]): []
"
a0754b1a-8d2e-4ec9-beea-97ef2432318c,921b3b68-3e54-4506-9876-9cf9cefe9cd6,false,"[OAS] [OAS] validation failed:
 - ERROR - [Path '/0/gitHubProjectId'] Instance type (null) does not match any allowed primitive type (allowed: [""integer""]): []
"
a0754b1a-8d2e-4ec9-beea-97ef2432318c,403bba17-0a28-4d5e-a028-ea3d736835c0,false,"[OAS] [OAS] validation failed:
 - ERROR - [Path '/0/gitHubProjectId'] Instance type (number) does not match any allowed primitive type (allowed: [""integer""]): []
"
a0754b1a-8d2e-4ec9-beea-97ef2432318c,c5f8ea2a-7052-44a6-95e3-44d0e8d6cffc,false,"[OAS] [OAS] validation failed:
 - ERROR - [Path '/0/name'] Instance type (null) does not match any allowed primitive type (allowed: [""string""]): []
"
a0754b1a-8d2e-4ec9-beea-97ef2432318c,c3c7ffd4-0fb1-42f4-8acb-93d1fd19d6f6,false,"[OAS] [OAS] validation failed:
 - ERROR - [Path '/0/name'] Instance type (number) does not match any allowed primitive type (allowed: [""string""]): []
"
a0754b1a-8d2e-4ec9-beea-97ef2432318c,a7b1ed81-1135-4758-812a-0f024fde5a61,false,"[OAS] [OAS] validation failed:
 - ERROR - [Path '/0/title'] Instance type (number) does not match any allowed primitive type (allowed: [""null"",""string""]): []
"
a0754b1a-8d2e-4ec9-beea-97ef2432318c,599eee99-5267-47ec-88c1-3d94f05f4497,false,"[OAS] [OAS] validation failed:
 - ERROR - [Path '/0/image'] Instance type (object) does not match any allowed primitive type (allowed: [""null"",""string""]): []
"
a0754b1a-8d2e-4ec9-beea-97ef2432318c,998d3e8a-31f3-4b64-958c-87a6ab6b3989,false,"[OAS] [OAS] validation failed:
 - ERROR - [Path '/0/organizationName'] Instance type (null) does not match any allowed primitive type (allowed: [""string""]): []
"
a0754b1a-8d2e-4ec9-beea-97ef2432318c,966b29d5-1adf-4ad2-8bec-d32d747bd685,false,"[OAS] [OAS] validation failed:
 - ERROR - [Path '/0/organizationName'] Instance type (object) does not match any allowed primitive type (allowed: [""string""]): []
"
a0754b1a-8d2e-4ec9-beea-97ef2432318c,58736acc-f5a2-4e9e-a084-60db2adf6af5,false,"[OAS] [OAS] validation failed:
 - ERROR - [Path '/0/url'] Instance type (object) does not match any allowed primitive type (allowed: [""null"",""string""]): []
"
a0754b1a-8d2e-4ec9-beea-97ef2432318c,a6c2cabb-534e-492b-bf08-d07dd6ffa68f,false,"[OAS] [OAS] validation failed:
 - ERROR - [Path '/0/description'] Instance type (array) does not match any allowed primitive type (allowed: [""null"",""string""]): []
"
a0754b1a-8d2e-4ec9-beea-97ef2432318c,4eec09c1-87fd-4289-bbb2-328619c300c2,false,"[OAS] [OAS] validation failed:
 - ERROR - [Path '/0/starsCount'] Instance type (null) does not match any allowed primitive type (allowed: [""integer""]): []
"
a0754b1a-8d2e-4ec9-beea-97ef2432318c,b43dd43f-dd79-4c8f-84a5-005dc47d4e6d,false,"[OAS] [OAS] validation failed:
 - ERROR - [Path '/0/starsCount'] Instance type (object) does not match any allowed primitive type (allowed: [""integer""]): []
"
a0754b1a-8d2e-4ec9-beea-97ef2432318c,0eff6ecf-2c13-489c-94eb-338c9ebdbdfa,false,"[OAS] [OAS] validation failed:
 - ERROR - [Path '/0/commitsCount'] Instance type (null) does not match any allowed primitive type (allowed: [""integer""]): []
"
a0754b1a-8d2e-4ec9-beea-97ef2432318c,5d49539e-10d3-44b7-baa0-20d0a06726cc,false,"[OAS] [OAS] validation failed:
 - ERROR - [Path '/0/commitsCount'] Instance type (object) does not match any allowed primitive type (allowed: [""integer""]): []
"
a0754b1a-8d2e-4ec9-beea-97ef2432318c,770d3e7e-f471-4a5c-bc1b-38cf7fb66f1f,false,"[OAS] [OAS] validation failed:
 - ERROR - [Path '/0/forksCount'] Instance type (null) does not match any allowed primitive type (allowed: [""integer""]): []
"
a0754b1a-8d2e-4ec9-beea-97ef2432318c,3df334f1-2ef8-45ed-94e2-7263f7bced88,false,"[OAS] [OAS] validation failed:
 - ERROR - [Path '/0/forksCount'] Instance type (array) does not match any allowed primitive type (allowed: [""integer""]): []
"
a0754b1a-8d2e-4ec9-beea-97ef2432318c,63091967-4d3c-4ef7-be33-8ef6d61a6490,false,"[OAS] [OAS] validation failed:
 - ERROR - [Path '/0/contributorsCount'] Instance type (null) does not match any allowed primitive type (allowed: [""integer""]): []
"
a0754b1a-8d2e-4ec9-beea-97ef2432318c,d18f2a39-2851-46d0-ac0f-ccccd8f4d4cf,false,"[OAS] [OAS] validation failed:
 - ERROR - [Path '/0/contributorsCount'] Instance type (string) does not match any allowed primitive type (allowed: [""integer""]): []
"
a0754b1a-8d2e-4ec9-beea-97ef2432318c,f5274209-cc46-41af-bd7c-d9a8d325502b,false,"[OAS] [OAS] validation failed:
 - ERROR - [Path '/0/score'] Instance type (null) does not match any allowed primitive type (allowed: [""integer""]): []
"
a0754b1a-8d2e-4ec9-beea-97ef2432318c,8df9a09b-11d3-4691-964b-d0e8dc349616,false,"[OAS] [OAS] validation failed:
 - ERROR - [Path '/0/score'] Instance type (array) does not match any allowed primitive type (allowed: [""integer""]): []
"
a0754b1a-8d2e-4ec9-beea-97ef2432318c,30b5812e-b0ee-4e20-a6a4-c04d733ff48d,false,"[OAS] [OAS] validation failed:
 - ERROR - [Path '/0/lastPushed'] Instance type (array) does not match any allowed primitive type (allowed: [""null"",""string""]): []
"
a0754b1a-8d2e-4ec9-beea-97ef2432318c,2f8f27a1-bb5e-4b9e-b805-98e1d66dc91e,false,"[OAS] [OAS] validation failed:
 - ERROR - [Path '/0/primaryLanguage'] Instance type (null) does not match any allowed primitive type (allowed: [""string""]): []
"
a0754b1a-8d2e-4ec9-beea-97ef2432318c,9145c1e3-dc0d-4971-9f93-2fd13733f05a,false,"[OAS] [OAS] validation failed:
 - ERROR - [Path '/0/primaryLanguage'] Instance type (object) does not match any allowed primitive type (allowed: [""string""]): []
"
a0754b1a-8d2e-4ec9-beea-97ef2432318c,fada1c61-921c-48fd-aa1e-095c65fd9b35,false,"[OAS] [OAS] validation failed:
 - ERROR - [Path '/0/maintainers/0'] Instance type (object) does not match any allowed primitive type (allowed: [""string""]): []
 - ERROR - [Path '/0/maintainers/1'] Instance type (integer) does not match any allowed primitive type (allowed: [""string""]): []
 - ERROR - [Path '/0/maintainers/2'] Instance type (array) does not match any allowed primitive type (allowed: [""string""]): []
 - ERROR - [Path '/0/maintainers/3'] Instance type (object) does not match any allowed primitive type (allowed: [""string""]): []
"
a0754b1a-8d2e-4ec9-beea-97ef2432318c,c526b48d-22e2-4471-aa48-354e62d1ec61,false,"[OAS] [OAS] validation failed:
 - ERROR - [Path '/0/maintainers'] Instance type (null) does not match any allowed primitive type (allowed: [""array""]): []
"
a0754b1a-8d2e-4ec9-beea-97ef2432318c,09bef8c4-23c2-466c-833d-43758a7d5d61,false,"[OAS] [OAS] validation failed:
 - ERROR - [Path '/0/maintainers'] Instance type (object) does not match any allowed primitive type (allowed: [""array""]): []
"
9e6bfab4-25e3-4081-b785-1e11f96869b4,aa91da77-ebd0-4633-9f8b-e7dbd407001d,false,"[OAS] [OAS] validation failed:
 - ERROR - Response status 201 not defined for path '/projects'.: []
"
9e6bfab4-25e3-4081-b785-1e11f96869b4,1bc2b74f-d4d4-4aad-a0d6-d3ff2fb3968f,false,"[OAS] [OAS] validation failed:
 - ERROR - Response status 409 not defined for path '/projects'.: []
"
9e6bfab4-25e3-4081-b785-1e11f96869b4,6a733a20-3c34-4fcb-b75d-5e078422399b,false,[NO_5XX] Unexpected 5XX response: 504
9e6bfab4-25e3-4081-b785-1e11f96869b4,b090d75c-a335-4b49-af48-72302609b857,false,"[OAS] [OAS] validation failed:
 - ERROR - Response Content-Type header 'application/x-www-form-urlencoded' does not match any allowed types. Must be one of: [application/json].: []
"
9e6bfab4-25e3-4081-b785-1e11f96869b4,0f0cd666-2365-4706-ac67-5a74988d6997,false,"[OAS] [OAS] validation failed:
 - ERROR - Response Content-Type header 'charset=UTF-8' is not a valid media type: []
"
9e6bfab4-25e3-4081-b785-1e11f96869b4,5a78d2ea-04d9-4204-a4e3-9775ba297be1,false,"[OAS] [OAS] validation failed:
 - ERROR - [Path '/0'] Instance type (boolean) does not match any allowed primitive type (allowed: [""object""]): []
"
203dbd96-9d48-4f7b-b48c-7fc1332a1870,8637cc61-c83d-4e81-8de5-1645086a5b36,false,"[OAS] [OAS] validation failed:
 - ERROR - Response status 201 not defined for path '/projects'.: []
"
203dbd96-9d48-4f7b-b48c-7fc1332a1870,1539d90b-8be1-4227-bcd3-755f1bed3cbc,false,"[OAS] [OAS] validation failed:
 - ERROR - Response status 403 not defined for path '/projects'.: []
"
203dbd96-9d48-4f7b-b48c-7fc1332a1870,fe142300-e41d-43bf-8bc5-7f3a1b38ac73,false,[NO_5XX] Unexpected 5XX response: 502
203dbd96-9d48-4f7b-b48c-7fc1332a1870,43ce64f9-1c9b-4445-b4e2-e5a298286b61,false,"[OAS] [OAS] validation failed:
 - ERROR - Response Content-Type header 'application/x-www-form-urlencoded' does not match any allowed types. Must be one of: [application/json].: []
"
203dbd96-9d48-4f7b-b48c-7fc1332a1870,fde97274-0c13-4dea-9fa5-46f4c86c3c51,false,"[OAS] [OAS] validation failed:
 - ERROR - Response Content-Type header 'charset=UTF-8' is not a valid media type: []
"
203dbd96-9d48-4f7b-b48c-7fc1332a1870,e4abebb5-483b-4526-9408-9818b1d90f96,false,"[OAS] [OAS] validation failed:
 - ERROR - [Path '/1'] Instance type (boolean) does not match any allowed primitive type (allowed: [""object""]): []
"
203dbd96-9d48-4f7b-b48c-7fc1332a1870,c0256c62-3ac2-41a7-a3e2-12a507d96698,false,"[OAS] [OAS] validation failed:
 - ERROR - [Path '/0'] Object instance has properties which are not allowed by the schema: [""randomBoolean1""]: []
"
203dbd96-9d48-4f7b-b48c-7fc1332a1870,4f6e4a7b-031b-4dcb-8123-4a2cf31a2e8c,false,"[OAS] [OAS] validation failed:
 - ERROR - [Path '/0'] Instance type (null) does not match any allowed primitive type (allowed: [""object""]): []
"
203dbd96-9d48-4f7b-b48c-7fc1332a1870,629654ca-7709-4393-940d-7b402f270f6c,false,"[OAS] [OAS] validation failed:
 - ERROR - [Path '/0'] Instance type (number) does not match any allowed primitive type (allowed: [""object""]): []
"
203dbd96-9d48-4f7b-b48c-7fc1332a1870,cff00fcd-da1c-44b1-bfc0-34fd266cd179,false,"[OAS] [OAS] validation failed:
 - ERROR - [Path '/0/languageList/0'] Instance type (boolean) does not match any allowed primitive type (allowed: [""string""]): []
 - ERROR - [Path '/0/languageList/1'] Instance type (object) does not match any allowed primitive type (allowed: [""string""]): []
"
203dbd96-9d48-4f7b-b48c-7fc1332a1870,2fec0dc8-2301-432a-ad3a-1d213ec5c686,false,"[OAS] [OAS] validation failed:
 - ERROR - [Path '/0/languageList'] Instance type (null) does not match any allowed primitive type (allowed: [""array""]): []
"
203dbd96-9d48-4f7b-b48c-7fc1332a1870,2a740ab7-accd-4f4f-b2f7-bff72b3c3a74,false,"[OAS] [OAS] validation failed:
 - ERROR - [Path '/0/languageList'] Instance type (number) does not match any allowed primitive type (allowed: [""array""]): []
"
203dbd96-9d48-4f7b-b48c-7fc1332a1870,e9dd3428-6d6a-4a61-b2cb-f66e2982a890,false,"[OAS] [OAS] validation failed:
 - ERROR - [Path '/0/gitHubProjectId'] Instance type (null) does not match any allowed primitive type (allowed: [""integer""]): []
"
203dbd96-9d48-4f7b-b48c-7fc1332a1870,e31d1c15-5774-4c79-8a7e-73d470deae18,false,"[OAS] [OAS] validation failed:
 - ERROR - [Path '/0/gitHubProjectId'] Instance type (number) does not match any allowed primitive type (allowed: [""integer""]): []
"
203dbd96-9d48-4f7b-b48c-7fc1332a1870,84726edf-8d9e-4266-98d7-564ecfadf63e,false,"[OAS] [OAS] validation failed:
 - ERROR - [Path '/0/name'] Instance type (null) does not match any allowed primitive type (allowed: [""string""]): []
"
203dbd96-9d48-4f7b-b48c-7fc1332a1870,0a8ac8a0-da18-4b9f-8e5d-3dbb4697cd3f,false,"[OAS] [OAS] validation failed:
 - ERROR - [Path '/0/name'] Instance type (number) does not match any allowed primitive type (allowed: [""string""]): []
"
203dbd96-9d48-4f7b-b48c-7fc1332a1870,40d46dd1-926f-4212-ad5e-607863922c5b,false,"[OAS] [OAS] validation failed:
 - ERROR - [Path '/0/title'] Instance type (number) does not match any allowed primitive type (allowed: [""null"",""string""]): []
"
203dbd96-9d48-4f7b-b48c-7fc1332a1870,684c347a-065a-44cd-bc24-8327d5e56001,false,"[OAS] [OAS] validation failed:
 - ERROR - [Path '/0/image'] Instance type (object) does not match any allowed primitive type (allowed: [""null"",""string""]): []
"
203dbd96-9d48-4f7b-b48c-7fc1332a1870,ca862d38-5977-42b9-8227-88717617e468,false,"[OAS] [OAS] validation failed:
 - ERROR - [Path '/0/organizationName'] Instance type (null) does not match any allowed primitive type (allowed: [""string""]): []
"
203dbd96-9d48-4f7b-b48c-7fc1332a1870,89e638ee-47a6-45ed-b016-082bbad4e88c,false,"[OAS] [OAS] validation failed:
 - ERROR - [Path '/0/organizationName'] Instance type (object) does not match any allowed primitive type (allowed: [""string""]): []
"
203dbd96-9d48-4f7b-b48c-7fc1332a1870,7fd8e466-32f7-4e50-8331-93a343a3ddca,false,"[OAS] [OAS] validation failed:
 - ERROR - [Path '/0/url'] Instance type (object) does not match any allowed primitive type (allowed: [""null"",""string""]): []
"
203dbd96-9d48-4f7b-b48c-7fc1332a1870,72b9a85e-bf3f-4d4f-9fa1-0cc4a21b5124,false,"[OAS] [OAS] validation failed:
 - ERROR - [Path '/0/description'] Instance type (array) does not match any allowed primitive type (allowed: [""null"",""string""]): []
"
203dbd96-9d48-4f7b-b48c-7fc1332a1870,dc7c6aa5-1004-4d87-9606-91dd96cdc72f,false,"[OAS] [OAS] validation failed:
 - ERROR - [Path '/0/starsCount'] Instance type (null) does not match any allowed primitive type (allowed: [""integer""]): []
"
203dbd96-9d48-4f7b-b48c-7fc1332a1870,150f6aa3-7fb9-4bae-b386-ae597f3d9dff,false,"[OAS] [OAS] validation failed:
 - ERROR - [Path '/0/starsCount'] Instance type (object) does not match any allowed primitive type (allowed: [""integer""]): []
"
203dbd96-9d48-4f7b-b48c-7fc1332a1870,e1ea1059-c5aa-437e-82ce-0a444b947b9b,false,"[OAS] [OAS] validation failed:
 - ERROR - [Path '/0/commitsCount'] Instance type (null) does not match any allowed primitive type (allowed: [""integer""]): []
"
203dbd96-9d48-4f7b-b48c-7fc1332a1870,21d51f0d-1841-4e3d-915b-ac087f8a3fc1,false,"[OAS] [OAS] validation failed:
 - ERROR - [Path '/0/commitsCount'] Instance type (object) does not match any allowed primitive type (allowed: [""integer""]): []
"
203dbd96-9d48-4f7b-b48c-7fc1332a1870,c0f3af4d-923b-4807-8f66-7322720126ab,false,"[OAS] [OAS] validation failed:
 - ERROR - [Path '/0/forksCount'] Instance type (null) does not match any allowed primitive type (allowed: [""integer""]): []
"
203dbd96-9d48-4f7b-b48c-7fc1332a1870,e05d666f-dc90-45b4-8109-012b2a5eaccf,false,"[OAS] [OAS] validation failed:
 - ERROR - [Path '/0/forksCount'] Instance type (array) does not match any allowed primitive type (allowed: [""integer""]): []
"
203dbd96-9d48-4f7b-b48c-7fc1332a1870,78147d73-f12f-4ff6-a74b-cec4c9ce9ffa,false,"[OAS] [OAS] validation failed:
 - ERROR - [Path '/0/contributorsCount'] Instance type (null) does not match any allowed primitive type (allowed: [""integer""]): []
"
203dbd96-9d48-4f7b-b48c-7fc1332a1870,dd083c12-8866-4902-b4c8-08a9199d5ec3,false,"[OAS] [OAS] validation failed:
 - ERROR - [Path '/0/contributorsCount'] Instance type (string) does not match any allowed primitive type (allowed: [""integer""]): []
"
203dbd96-9d48-4f7b-b48c-7fc1332a1870,ba08bfea-323e-4578-998b-8634e3c1b76c,false,"[OAS] [OAS] validation failed:
 - ERROR - [Path '/0/score'] Instance type (null) does not match any allowed primitive type (allowed: [""integer""]): []
"
203dbd96-9d48-4f7b-b48c-7fc1332a1870,5550c2ee-8d9b-4c16-aded-84971f6c2206,false,"[OAS] [OAS] validation failed:
 - ERROR - [Path '/0/score'] Instance type (array) does not match any allowed primitive type (allowed: [""integer""]): []
"
203dbd96-9d48-4f7b-b48c-7fc1332a1870,a68ee316-8271-4cc2-97b3-b674e0fe8b8d,false,"[OAS] [OAS] validation failed:
 - ERROR - [Path '/0/lastPushed'] Instance type (array) does not match any allowed primitive type (allowed: [""null"",""string""]): []
"
203dbd96-9d48-4f7b-b48c-7fc1332a1870,ec0d8016-7b54-4523-8d58-77e2e895607b,false,"[OAS] [OAS] validation failed:
 - ERROR - [Path '/0/primaryLanguage'] Instance type (null) does not match any allowed primitive type (allowed: [""string""]): []
"
203dbd96-9d48-4f7b-b48c-7fc1332a1870,47cf8628-3a2a-44a5-a8d1-c241d7395163,false,"[OAS] [OAS] validation failed:
 - ERROR - [Path '/0/primaryLanguage'] Instance type (object) does not match any allowed primitive type (allowed: [""string""]): []
"
203dbd96-9d48-4f7b-b48c-7fc1332a1870,69da7d82-1aa0-4dae-b073-6d3354f1183f,false,"[OAS] [OAS] validation failed:
 - ERROR - [Path '/0/maintainers/0'] Instance type (object) does not match any allowed primitive type (allowed: [""string""]): []
 - ERROR - [Path '/0/maintainers/1'] Instance type (integer) does not match any allowed primitive type (allowed: [""string""]): []
 - ERROR - [Path '/0/maintainers/2'] Instance type (array) does not match any allowed primitive type (allowed: [""string""]): []
 - ERROR - [Path '/0/maintainers/3'] Instance type (object) does not match any allowed primitive type (allowed: [""string""]): []
"
203dbd96-9d48-4f7b-b48c-7fc1332a1870,8069221f-c785-4676-a01b-0d1ee27abfe3,false,"[OAS] [OAS] validation failed:
 - ERROR - [Path '/0/maintainers'] Instance type (null) does not match any allowed primitive type (allowed: [""array""]): []
"
203dbd96-9d48-4f7b-b48c-7fc1332a1870,374c5bb5-2a52-4703-a038-fc691e05cd85,false,"[OAS] [OAS] validation failed:
 - ERROR - [Path '/0/maintainers'] Instance type (object) does not match any allowed primitive type (allowed: [""array""]): []
"
38d5b920-fd3f-4a0c-9fbe-a28f37826b4d,a7e1de6a-bc31-4997-afb0-aa84fb89e5a3,false,"[OAS] [OAS] validation failed:
 - ERROR - Response status 204 not defined for path '/projects'.: []
"
38d5b920-fd3f-4a0c-9fbe-a28f37826b4d,4170e3de-8973-4f00-9d46-7287c382c25c,false,"[OAS] [OAS] validation failed:
 - ERROR - Response status 403 not defined for path '/projects'.: []
"
38d5b920-fd3f-4a0c-9fbe-a28f37826b4d,8048eef0-92a9-4a1e-885c-210c8da8cb3c,false,[NO_5XX] Unexpected 5XX response: 502
38d5b920-fd3f-4a0c-9fbe-a28f37826b4d,13516edd-cafe-4114-bd39-9e1fc75680b6,false,"[OAS] [OAS] validation failed:
 - ERROR - Response Content-Type header 'text/html' does not match any allowed types. Must be one of: [application/json].: []
"
38d5b920-fd3f-4a0c-9fbe-a28f37826b4d,c1a0fa24-85cd-4155-b761-eab99b4f587f,false,"[OAS] [OAS] validation failed:
 - ERROR - Response Content-Type header 'charset=UTF-8' is not a valid media type: []
"
38d5b920-fd3f-4a0c-9fbe-a28f37826b4d,d36ba3d3-f6a9-4471-ac55-99167066c18f,false,"[OAS] [OAS] validation failed:
 - ERROR - [Path '/0'] Instance type (boolean) does not match any allowed primitive type (allowed: [""object""]): []
"
3da8f1f5-b8cd-41e5-a33a-ef9eca6ccb77,49666c39-cda6-4057-b330-e26076632e0e,false,"[OAS] [OAS] validation failed:
 - ERROR - Response status 204 not defined for path '/projects'.: []
"
3da8f1f5-b8cd-41e5-a33a-ef9eca6ccb77,5f84dfb9-361d-40df-bc42-c4d51fd91219,false,"[OAS] [OAS] validation failed:
 - ERROR - Response status 403 not defined for path '/projects'.: []
"
3da8f1f5-b8cd-41e5-a33a-ef9eca6ccb77,64b0d465-6178-414e-8933-84d7444c8cd6,false,[NO_5XX] Unexpected 5XX response: 502
3da8f1f5-b8cd-41e5-a33a-ef9eca6ccb77,24c0874d-40ef-440a-b768-b02f17a5d3f7,false,"[OAS] [OAS] validation failed:
 - ERROR - Response Content-Type header 'application/x-www-form-urlencoded' does not match any allowed types. Must be one of: [application/json].: []
"
3da8f1f5-b8cd-41e5-a33a-ef9eca6ccb77,85f4398d-82cc-46c5-9b08-67f7c8c7246d,false,"[OAS] [OAS] validation failed:
 - ERROR - Response Content-Type header 'charset=UTF-8' is not a valid media type: []
"
3da8f1f5-b8cd-41e5-a33a-ef9eca6ccb77,fff3998d-9d81-43b8-afd5-841ce8a318e2,false,"[OAS] [OAS] validation failed:
 - ERROR - [Path '/0'] Instance type (boolean) does not match any allowed primitive type (allowed: [""object""]): []
"
7fd6b1c5-e2d9-4929-96bf-63d72d7874d5,0c4a8431-1a44-415e-b352-3f13a58f0fcd,false,"[OAS] [OAS] validation failed:
 - ERROR - Response status 204 not defined for path '/projects'.: []
"
7fd6b1c5-e2d9-4929-96bf-63d72d7874d5,a73cd0c5-1ca5-44c1-8eea-5139056c6a57,false,"[OAS] [OAS] validation failed:
 - ERROR - Response status 404 not defined for path '/projects'.: []
"
7fd6b1c5-e2d9-4929-96bf-63d72d7874d5,e7321c03-c9c9-4641-ae09-2eaa066d8573,false,[NO_5XX] Unexpected 5XX response: 503
7fd6b1c5-e2d9-4929-96bf-63d72d7874d5,00846d17-5365-4c79-bf60-74c88786671f,false,"[OAS] [OAS] validation failed:
 - ERROR - Response Content-Type header 'application/xml' does not match any allowed types. Must be one of: [application/json].: []
"
7fd6b1c5-e2d9-4929-96bf-63d72d7874d5,9484d442-c89f-4808-9923-454bf1f1947d,false,"[OAS] [OAS] validation failed:
 - ERROR - Response Content-Type header 'charset=UTF-8' is not a valid media type: []
"
7fd6b1c5-e2d9-4929-96bf-63d72d7874d5,d84dd77f-eed1-4616-94a9-161301ce1acc,false,"[OAS] [OAS] validation failed:
 - ERROR - [Path '/0'] Instance type (boolean) does not match any allowed primitive type (allowed: [""object""]): []
"
470ea2ff-dfa5-4781-9bfc-f1b58b7375ae,9622fc86-a334-444f-b507-0e3552885105,false,"[OAS] [OAS] validation failed:
 - ERROR - Response status 201 not defined for path '/projects'.: []
"
470ea2ff-dfa5-4781-9bfc-f1b58b7375ae,afaf0bce-3a6f-4b2c-82f6-1557b0760a74,false,"[OAS] [OAS] validation failed:
 - ERROR - Response status 403 not defined for path '/projects'.: []
"
470ea2ff-dfa5-4781-9bfc-f1b58b7375ae,c7f029fd-493c-41e0-a5ae-475ca85fa910,false,[NO_5XX] Unexpected 5XX response: 502
470ea2ff-dfa5-4781-9bfc-f1b58b7375ae,dc8b597d-8d27-4c09-8153-c50839189d0b,false,"[OAS] [OAS] validation failed:
 - ERROR - Response Content-Type header 'text/css' does not match any allowed types. Must be one of: [application/json].: []
"
470ea2ff-dfa5-4781-9bfc-f1b58b7375ae,975fe19e-1da9-4699-9080-d60e6f281c0c,false,"[OAS] [OAS] validation failed:
 - ERROR - Response Content-Type header 'charset=UTF-8' is not a valid media type: []
"
470ea2ff-dfa5-4781-9bfc-f1b58b7375ae,ea7a6e7f-2186-4969-902d-1fd28f414bb0,false,"[OAS] [OAS] validation failed:
 - ERROR - [Path '/0'] Instance type (boolean) does not match any allowed primitive type (allowed: [""object""]): []
"
cb783821-a1ad-49b7-856b-0bb9077a113c,4e42a2b8-54c4-477a-9a1e-c09cfd639b75,false,"[OAS] [OAS] validation failed:
 - ERROR - Response status 201 not defined for path '/projects'.: []
"
cb783821-a1ad-49b7-856b-0bb9077a113c,3ffdcf89-f366-4c4c-a03b-71347ab52716,false,"[OAS] [OAS] validation failed:
 - ERROR - Response status 403 not defined for path '/projects'.: []
"
cb783821-a1ad-49b7-856b-0bb9077a113c,5ced28c8-1cfb-4d85-9828-690efab83698,false,[NO_5XX] Unexpected 5XX response: 502
cb783821-a1ad-49b7-856b-0bb9077a113c,5050b945-ac8f-4058-92d2-c503db94c683,false,"[OAS] [OAS] validation failed:
 - ERROR - Response Content-Type header 'text/plain' does not match any allowed types. Must be one of: [application/json].: []
"
cb783821-a1ad-49b7-856b-0bb9077a113c,c4bf95a5-7156-48ab-a3c3-cb78d1eebb6b,false,"[OAS] [OAS] validation failed:
 - ERROR - Response Content-Type header 'charset=UTF-8' is not a valid media type: []
"
cb783821-a1ad-49b7-856b-0bb9077a113c,4f666ccd-92f5-44ec-8329-b60cdb32d325,false,"[OAS] [OAS] validation failed:
 - ERROR - [Path '/0'] Instance type (boolean) does not match any allowed primitive type (allowed: [""object""]): []
"
1608376e-0926-4b06-a4c2-e39d7087e55b,d950409e-7ae3-463c-8e9a-2b49e96b3add,false,"[OAS] [OAS] validation failed:
 - ERROR - Response status 201 not defined for path '/projects'.: []
"
1608376e-0926-4b06-a4c2-e39d7087e55b,d4e7d4dd-a8ce-4301-8819-84169727cf07,false,"[OAS] [OAS] validation failed:
 - ERROR - Response status 401 not defined for path '/projects'.: []
"
1608376e-0926-4b06-a4c2-e39d7087e55b,9a8409a3-cff4-4b9d-a9cc-96e010660ec0,false,[NO_5XX] Unexpected 5XX response: 501
1608376e-0926-4b06-a4c2-e39d7087e55b,8e608c34-8f40-4226-b6a5-dd7c9bbe0bbd,false,"[OAS] [OAS] validation failed:
 - ERROR - Response Content-Type header 'application/x-www-form-urlencoded' does not match any allowed types. Must be one of: [application/json].: []
"
1608376e-0926-4b06-a4c2-e39d7087e55b,993eef30-062c-4d75-8469-3a7e508e666d,false,"[OAS] [OAS] validation failed:
 - ERROR - Response Content-Type header 'charset=UTF-8' is not a valid media type: []
"
1608376e-0926-4b06-a4c2-e39d7087e55b,83106ebc-ecd8-4f2b-81ea-2ae17d72ef55,false,"[OAS] [OAS] validation failed:
 - ERROR - [Path '/0'] Instance type (boolean) does not match any allowed primitive type (allowed: [""object""]): []
"
118d8a12-5281-4ff1-bb2d-59653c69fabc,c09ea5cf-c6e3-401e-8b72-54f8f1d1c060,false,"[OAS] [OAS] validation failed:
 - ERROR - Response status 204 not defined for path '/projects'.: []
"
118d8a12-5281-4ff1-bb2d-59653c69fabc,8a5d41aa-d392-44fa-a903-cd824b15c13c,false,"[OAS] [OAS] validation failed:
 - ERROR - Response status 401 not defined for path '/projects'.: []
"
118d8a12-5281-4ff1-bb2d-59653c69fabc,8ddad608-4066-4b57-8488-c0b73505394b,false,[NO_5XX] Unexpected 5XX response: 501
118d8a12-5281-4ff1-bb2d-59653c69fabc,8e39239f-a56b-4733-9776-e889281b96a3,false,"[OAS] [OAS] validation failed:
 - ERROR - Response Content-Type header 'text/css' does not match any allowed types. Must be one of: [application/json].: []
"
118d8a12-5281-4ff1-bb2d-59653c69fabc,49cd2e9d-a087-45df-bfba-a4f256895185,false,"[OAS] [OAS] validation failed:
 - ERROR - Response Content-Type header 'charset=UTF-8' is not a valid media type: []
"
118d8a12-5281-4ff1-bb2d-59653c69fabc,295c93f3-dc13-4055-bde3-8bfb8fb5c40b,false,"[OAS] [OAS] validation failed:
 - ERROR - [Path '/0'] Instance type (boolean) does not match any allowed primitive type (allowed: [""object""]): []
"
b44273df-c9ac-4e93-8c05-a5f4a8153648,eb26a37b-cd1c-4c23-8767-eabe774e2ec5,false,"[OAS] [OAS] validation failed:
 - ERROR - Response status 201 not defined for path '/projects'.: []
"
b44273df-c9ac-4e93-8c05-a5f4a8153648,e2ae8da1-cf48-4e43-a45e-b9316c9092ef,false,"[OAS] [OAS] validation failed:
 - ERROR - Instance type (array) does not match any allowed primitive type (allowed: [""object""]): []
"
b44273df-c9ac-4e93-8c05-a5f4a8153648,a655a3ce-76f6-468e-b121-54b936641dfd,false,[NO_5XX] Unexpected 5XX response: 500
b44273df-c9ac-4e93-8c05-a5f4a8153648,6625dc76-c529-4fc7-b98a-efc0e6a34187,false,"[OAS] [OAS] validation failed:
 - ERROR - Response Content-Type header 'text/css' does not match any allowed types. Must be one of: [application/json].: []
"
b44273df-c9ac-4e93-8c05-a5f4a8153648,c061ee94-b786-4338-90c4-e21eba5ee803,false,"[OAS] [OAS] validation failed:
 - ERROR - Response Content-Type header 'charset=UTF-8' is not a valid media type: []
"
b44273df-c9ac-4e93-8c05-a5f4a8153648,382d3a3a-ba6c-4cb4-8054-4ef4d61d3b74,false,"[OAS] [OAS] validation failed:
 - ERROR - [Path '/0'] Instance type (boolean) does not match any allowed primitive type (allowed: [""object""]): []
"
c0568414-de75-428b-85db-aef5e2d08d39,d8a2b863-b078-4b1f-b01f-046a3956fcfa,false,"[OAS] [OAS] validation failed:
 - ERROR - Response status 204 not defined for path '/projects'.: []
"
c0568414-de75-428b-85db-aef5e2d08d39,fd5022e6-57bc-4484-982c-7faf9629643d,false,"[OAS] [OAS] validation failed:
 - ERROR - Response status 403 not defined for path '/projects'.: []
"
c0568414-de75-428b-85db-aef5e2d08d39,bdb28d7e-e6c6-4c9b-b699-3a3a0e0aadc7,false,[NO_5XX] Unexpected 5XX response: 502
c0568414-de75-428b-85db-aef5e2d08d39,13d05ca2-4d3e-4e95-a817-fbd98b95bd36,false,"[OAS] [OAS] validation failed:
 - ERROR - Response Content-Type header 'application/x-www-form-urlencoded' does not match any allowed types. Must be one of: [application/json].: []
"
c0568414-de75-428b-85db-aef5e2d08d39,5da160a6-d21d-4487-972f-bf05ace08b83,false,"[OAS] [OAS] validation failed:
 - ERROR - Response Content-Type header 'charset=UTF-8' is not a valid media type: []
"
c0568414-de75-428b-85db-aef5e2d08d39,4b3361ce-ec11-4c9d-951a-79296895d14f,false,"[OAS] [OAS] validation failed:
 - ERROR - [Path '/1'] Instance type (boolean) does not match any allowed primitive type (allowed: [""object""]): []
"
c0568414-de75-428b-85db-aef5e2d08d39,c32e361c-1a66-4aba-82e7-ee3af6551a1f,false,"[OAS] [OAS] validation failed:
 - ERROR - [Path '/0'] Object instance has properties which are not allowed by the schema: [""randomBoolean1""]: []
"
c0568414-de75-428b-85db-aef5e2d08d39,b2cb6195-d8fa-4c3b-a1ca-05d65ac66317,false,"[OAS] [OAS] validation failed:
 - ERROR - [Path '/0'] Instance type (null) does not match any allowed primitive type (allowed: [""object""]): []
"
c0568414-de75-428b-85db-aef5e2d08d39,a3ab0d2b-263a-46c2-8e8b-a46a1b918916,false,"[OAS] [OAS] validation failed:
 - ERROR - [Path '/0'] Instance type (number) does not match any allowed primitive type (allowed: [""object""]): []
"
c0568414-de75-428b-85db-aef5e2d08d39,41ed314f-c116-4884-800e-1da1f3d814db,false,"[OAS] [OAS] validation failed:
 - ERROR - [Path '/0/languageList/0'] Instance type (boolean) does not match any allowed primitive type (allowed: [""string""]): []
 - ERROR - [Path '/0/languageList/1'] Instance type (object) does not match any allowed primitive type (allowed: [""string""]): []
"
c0568414-de75-428b-85db-aef5e2d08d39,dd4d9ef7-1a94-45a3-b5f0-a3c07cd1a80d,false,"[OAS] [OAS] validation failed:
 - ERROR - [Path '/0/languageList'] Instance type (null) does not match any allowed primitive type (allowed: [""array""]): []
"
c0568414-de75-428b-85db-aef5e2d08d39,9953c07f-53f6-4f45-bd53-b9b20b7e33ec,false,"[OAS] [OAS] validation failed:
 - ERROR - [Path '/0/languageList'] Instance type (number) does not match any allowed primitive type (allowed: [""array""]): []
"
c0568414-de75-428b-85db-aef5e2d08d39,8e3fc364-d625-4f44-967f-502107464c56,false,"[OAS] [OAS] validation failed:
 - ERROR - [Path '/0/gitHubProjectId'] Instance type (null) does not match any allowed primitive type (allowed: [""integer""]): []
"
c0568414-de75-428b-85db-aef5e2d08d39,68f6b779-3506-4df9-8a64-3c3c7ead8135,false,"[OAS] [OAS] validation failed:
 - ERROR - [Path '/0/gitHubProjectId'] Instance type (number) does not match any allowed primitive type (allowed: [""integer""]): []
"
c0568414-de75-428b-85db-aef5e2d08d39,0073d5a0-63fa-4222-8b52-d002fd94fab9,false,"[OAS] [OAS] validation failed:
 - ERROR - [Path '/0/name'] Instance type (null) does not match any allowed primitive type (allowed: [""string""]): []
"
c0568414-de75-428b-85db-aef5e2d08d39,49ff84d1-f8ac-4520-8f95-d7587699600d,false,"[OAS] [OAS] validation failed:
 - ERROR - [Path '/0/name'] Instance type (number) does not match any allowed primitive type (allowed: [""string""]): []
"
c0568414-de75-428b-85db-aef5e2d08d39,1637b90e-5d8a-4480-ae0c-b50d06ecdfb1,false,"[OAS] [OAS] validation failed:
 - ERROR - [Path '/0/title'] Instance type (number) does not match any allowed primitive type (allowed: [""null"",""string""]): []
"
c0568414-de75-428b-85db-aef5e2d08d39,00430b49-afc0-439c-bc3b-5bc39106dda6,false,"[OAS] [OAS] validation failed:
 - ERROR - [Path '/0/image'] Instance type (object) does not match any allowed primitive type (allowed: [""null"",""string""]): []
"
c0568414-de75-428b-85db-aef5e2d08d39,f6d7876e-11a5-4a47-8b52-a962201aff06,false,"[OAS] [OAS] validation failed:
 - ERROR - [Path '/0/organizationName'] Instance type (null) does not match any allowed primitive type (allowed: [""string""]): []
"
c0568414-de75-428b-85db-aef5e2d08d39,dd50ab9d-33dc-41d3-88ed-9d3d6b323f56,false,"[OAS] [OAS] validation failed:
 - ERROR - [Path '/0/organizationName'] Instance type (object) does not match any allowed primitive type (allowed: [""string""]): []
"
c0568414-de75-428b-85db-aef5e2d08d39,e7abc9d7-6266-49ba-97e5-6669691f81de,false,"[OAS] [OAS] validation failed:
 - ERROR - [Path '/0/url'] Instance type (object) does not match any allowed primitive type (allowed: [""null"",""string""]): []
"
c0568414-de75-428b-85db-aef5e2d08d39,bd9051b8-109c-4d41-8d60-8e7d7f76052f,false,"[OAS] [OAS] validation failed:
 - ERROR - [Path '/0/description'] Instance type (array) does not match any allowed primitive type (allowed: [""null"",""string""]): []
"
c0568414-de75-428b-85db-aef5e2d08d39,5c7788c9-989b-4614-8192-937a848cd56b,false,"[OAS] [OAS] validation failed:
 - ERROR - [Path '/0/starsCount'] Instance type (null) does not match any allowed primitive type (allowed: [""integer""]): []
"
c0568414-de75-428b-85db-aef5e2d08d39,d8522b9c-e039-4af8-8ff8-7738c2e6f66f,false,"[OAS] [OAS] validation failed:
 - ERROR - [Path '/0/starsCount'] Instance type (object) does not match any allowed primitive type (allowed: [""integer""]): []
"
c0568414-de75-428b-85db-aef5e2d08d39,680c8576-8817-45ce-9235-76e77ced0492,false,"[OAS] [OAS] validation failed:
 - ERROR - [Path '/0/commitsCount'] Instance type (null) does not match any allowed primitive type (allowed: [""integer""]): []
"
c0568414-de75-428b-85db-aef5e2d08d39,bebf9367-609a-40bc-95da-748d2d9d897f,false,"[OAS] [OAS] validation failed:
 - ERROR - [Path '/0/commitsCount'] Instance type (object) does not match any allowed primitive type (allowed: [""integer""]): []
"
c0568414-de75-428b-85db-aef5e2d08d39,d28d76ae-befc-4092-b9b4-111dfca5486a,false,"[OAS] [OAS] validation failed:
 - ERROR - [Path '/0/forksCount'] Instance type (null) does not match any allowed primitive type (allowed: [""integer""]): []
"
c0568414-de75-428b-85db-aef5e2d08d39,03243654-174b-4ff9-a736-49fa2edb6763,false,"[OAS] [OAS] validation failed:
 - ERROR - [Path '/0/forksCount'] Instance type (array) does not match any allowed primitive type (allowed: [""integer""]): []
"
c0568414-de75-428b-85db-aef5e2d08d39,f2eee650-e0cd-49a1-80e3-4304db843afe,false,"[OAS] [OAS] validation failed:
 - ERROR - [Path '/0/contributorsCount'] Instance type (null) does not match any allowed primitive type (allowed: [""integer""]): []
"
c0568414-de75-428b-85db-aef5e2d08d39,ffc62287-75e3-4120-8774-5a39bcab731a,false,"[OAS] [OAS] validation failed:
 - ERROR - [Path '/0/contributorsCount'] Instance type (string) does not match any allowed primitive type (allowed: [""integer""]): []
"
c0568414-de75-428b-85db-aef5e2d08d39,ab225223-6eda-4b91-ae9e-2b4d11eb87c4,false,"[OAS] [OAS] validation failed:
 - ERROR - [Path '/0/score'] Instance type (null) does not match any allowed primitive type (allowed: [""integer""]): []
"
c0568414-de75-428b-85db-aef5e2d08d39,ccb10116-d2b0-4f1e-96d7-f9374577e85d,false,"[OAS] [OAS] validation failed:
 - ERROR - [Path '/0/score'] Instance type (array) does not match any allowed primitive type (allowed: [""integer""]): []
"
c0568414-de75-428b-85db-aef5e2d08d39,36a9ebc6-1dd1-4e57-ae60-f011cd2ea496,false,"[OAS] [OAS] validation failed:
 - ERROR - [Path '/0/lastPushed'] Instance type (array) does not match any allowed primitive type (allowed: [""null"",""string""]): []
"
c0568414-de75-428b-85db-aef5e2d08d39,d92087a8-1b86-4c27-bb55-070985eb9696,false,"[OAS] [OAS] validation failed:
 - ERROR - [Path '/0/primaryLanguage'] Instance type (null) does not match any allowed primitive type (allowed: [""string""]): []
"
c0568414-de75-428b-85db-aef5e2d08d39,e145757b-9871-4dea-b61c-189596367280,false,"[OAS] [OAS] validation failed:
 - ERROR - [Path '/0/primaryLanguage'] Instance type (object) does not match any allowed primitive type (allowed: [""string""]): []
"
c0568414-de75-428b-85db-aef5e2d08d39,9507573a-2a46-41ce-8ac1-ebed813402c8,false,"[OAS] [OAS] validation failed:
 - ERROR - [Path '/0/maintainers/0'] Instance type (object) does not match any allowed primitive type (allowed: [""string""]): []
 - ERROR - [Path '/0/maintainers/1'] Instance type (integer) does not match any allowed primitive type (allowed: [""string""]): []
 - ERROR - [Path '/0/maintainers/2'] Instance type (array) does not match any allowed primitive type (allowed: [""string""]): []
 - ERROR - [Path '/0/maintainers/3'] Instance type (object) does not match any allowed primitive type (allowed: [""string""]): []
"
c0568414-de75-428b-85db-aef5e2d08d39,3ee1e451-2448-4ef5-93dd-207be7ef8aed,false,"[OAS] [OAS] validation failed:
 - ERROR - [Path '/0/maintainers'] Instance type (null) does not match any allowed primitive type (allowed: [""array""]): []
"
c0568414-de75-428b-85db-aef5e2d08d39,0f8ba208-efa6-42b1-a025-6fdc82371183,false,"[OAS] [OAS] validation failed:
 - ERROR - [Path '/0/maintainers'] Instance type (object) does not match any allowed primitive type (allowed: [""array""]): []
"
89749928-9043-430a-936d-39284f108420,4c455c01-0724-44b4-9e4e-c121804208cd,false,"[OAS] [OAS] validation failed:
 - ERROR - Response status 201 not defined for path '/projects'.: []
"
89749928-9043-430a-936d-39284f108420,dc8c6989-40d7-4ded-abf7-71ff6c192af6,false,"[OAS] [OAS] validation failed:
 - ERROR - Response status 403 not defined for path '/projects'.: []
"
89749928-9043-430a-936d-39284f108420,6337602f-b76d-41e5-a344-0f90a500090e,false,[NO_5XX] Unexpected 5XX response: 502
89749928-9043-430a-936d-39284f108420,adb7eeea-89cd-46b2-8145-41e831e12532,false,"[OAS] [OAS] validation failed:
 - ERROR - Response Content-Type header 'application/xml' does not match any allowed types. Must be one of: [application/json].: []
"
89749928-9043-430a-936d-39284f108420,6f9b9065-76e4-42fd-a51f-7d749aa2b638,false,"[OAS] [OAS] validation failed:
 - ERROR - Response Content-Type header 'charset=UTF-8' is not a valid media type: []
"
89749928-9043-430a-936d-39284f108420,a8983f4e-1d1f-4ed4-8d53-8cff3febd534,false,"[OAS] [OAS] validation failed:
 - ERROR - [Path '/1'] Instance type (boolean) does not match any allowed primitive type (allowed: [""object""]): []
"
89749928-9043-430a-936d-39284f108420,5e1c19ae-1e4c-43e7-8768-558c708766f1,false,"[OAS] [OAS] validation failed:
 - ERROR - [Path '/0'] Object instance has properties which are not allowed by the schema: [""randomBoolean1""]: []
"
89749928-9043-430a-936d-39284f108420,941a0c06-9160-4b52-9844-da0e3fd70a82,false,"[OAS] [OAS] validation failed:
 - ERROR - [Path '/0'] Instance type (null) does not match any allowed primitive type (allowed: [""object""]): []
"
89749928-9043-430a-936d-39284f108420,e10b28b3-950b-4a8d-ae96-f1ff4c0a6bec,false,"[OAS] [OAS] validation failed:
 - ERROR - [Path '/0'] Instance type (number) does not match any allowed primitive type (allowed: [""object""]): []
"
89749928-9043-430a-936d-39284f108420,232e4e39-618a-4709-ab13-d524f52662b5,false,"[OAS] [OAS] validation failed:
 - ERROR - [Path '/0/languageList/0'] Instance type (boolean) does not match any allowed primitive type (allowed: [""string""]): []
 - ERROR - [Path '/0/languageList/1'] Instance type (object) does not match any allowed primitive type (allowed: [""string""]): []
"
89749928-9043-430a-936d-39284f108420,c7c27236-387c-4d1b-b2ed-395d3d37220a,false,"[OAS] [OAS] validation failed:
 - ERROR - [Path '/0/languageList'] Instance type (null) does not match any allowed primitive type (allowed: [""array""]): []
"
89749928-9043-430a-936d-39284f108420,37ee1718-39a6-4931-9202-65df0d1d4462,false,"[OAS] [OAS] validation failed:
 - ERROR - [Path '/0/languageList'] Instance type (number) does not match any allowed primitive type (allowed: [""array""]): []
"
89749928-9043-430a-936d-39284f108420,04bbe84f-1f47-439f-a9fa-8d24090913ec,false,"[OAS] [OAS] validation failed:
 - ERROR - [Path '/0/gitHubProjectId'] Instance type (null) does not match any allowed primitive type (allowed: [""integer""]): []
"
89749928-9043-430a-936d-39284f108420,0014bef8-f0a2-4856-b530-79d10a7e21db,false,"[OAS] [OAS] validation failed:
 - ERROR - [Path '/0/gitHubProjectId'] Instance type (number) does not match any allowed primitive type (allowed: [""integer""]): []
"
89749928-9043-430a-936d-39284f108420,cda89cd5-f53e-4760-b068-de3a08d06a2c,false,"[OAS] [OAS] validation failed:
 - ERROR - [Path '/0/name'] Instance type (null) does not match any allowed primitive type (allowed: [""string""]): []
"
89749928-9043-430a-936d-39284f108420,cad9d596-19cb-4d81-a1d4-76046ceb2bda,false,"[OAS] [OAS] validation failed:
 - ERROR - [Path '/0/name'] Instance type (number) does not match any allowed primitive type (allowed: [""string""]): []
"
89749928-9043-430a-936d-39284f108420,ef175d4c-3b73-49a0-ae81-2475ddf45af8,false,"[OAS] [OAS] validation failed:
 - ERROR - [Path '/0/title'] Instance type (number) does not match any allowed primitive type (allowed: [""null"",""string""]): []
"
89749928-9043-430a-936d-39284f108420,b64f9906-f643-40e8-bae2-43ec3b5ab029,false,"[OAS] [OAS] validation failed:
 - ERROR - [Path '/0/image'] Instance type (object) does not match any allowed primitive type (allowed: [""null"",""string""]): []
"
89749928-9043-430a-936d-39284f108420,39e93e81-8ddc-4229-917b-a46e73765e4c,false,"[OAS] [OAS] validation failed:
 - ERROR - [Path '/0/organizationName'] Instance type (null) does not match any allowed primitive type (allowed: [""string""]): []
"
89749928-9043-430a-936d-39284f108420,ed6e07c1-3f84-4c8d-b8ec-5c5ab640ba96,false,"[OAS] [OAS] validation failed:
 - ERROR - [Path '/0/organizationName'] Instance type (object) does not match any allowed primitive type (allowed: [""string""]): []
"
89749928-9043-430a-936d-39284f108420,a0294ab8-7141-48ff-a128-de5fe4c2edda,false,"[OAS] [OAS] validation failed:
 - ERROR - [Path '/0/url'] Instance type (object) does not match any allowed primitive type (allowed: [""null"",""string""]): []
"
89749928-9043-430a-936d-39284f108420,f6353ae0-8167-42ba-9b8d-7719453080c2,false,"[OAS] [OAS] validation failed:
 - ERROR - [Path '/0/description'] Instance type (array) does not match any allowed primitive type (allowed: [""null"",""string""]): []
"
89749928-9043-430a-936d-39284f108420,a2094794-604d-4dc1-8fc9-b6c8945741ef,false,"[OAS] [OAS] validation failed:
 - ERROR - [Path '/0/starsCount'] Instance type (null) does not match any allowed primitive type (allowed: [""integer""]): []
"
89749928-9043-430a-936d-39284f108420,d0bfc127-8d3e-43eb-aaa6-053b2d7b9e19,false,"[OAS] [OAS] validation failed:
 - ERROR - [Path '/0/starsCount'] Instance type (object) does not match any allowed primitive type (allowed: [""integer""]): []
"
89749928-9043-430a-936d-39284f108420,d215a6ea-3016-436f-acf5-696f6727b29e,false,"[OAS] [OAS] validation failed:
 - ERROR - [Path '/0/commitsCount'] Instance type (null) does not match any allowed primitive type (allowed: [""integer""]): []
"
89749928-9043-430a-936d-39284f108420,b72dbb41-a10d-40d3-8937-960c450cf00e,false,"[OAS] [OAS] validation failed:
 - ERROR - [Path '/0/commitsCount'] Instance type (object) does not match any allowed primitive type (allowed: [""integer""]): []
"
89749928-9043-430a-936d-39284f108420,24116ab4-b9f4-44f1-84ca-3d7e49a9f1fa,false,"[OAS] [OAS] validation failed:
 - ERROR - [Path '/0/forksCount'] Instance type (null) does not match any allowed primitive type (allowed: [""integer""]): []
"
89749928-9043-430a-936d-39284f108420,96fab758-8842-4b39-b4bc-a0d15d61a06b,false,"[OAS] [OAS] validation failed:
 - ERROR - [Path '/0/forksCount'] Instance type (array) does not match any allowed primitive type (allowed: [""integer""]): []
"
89749928-9043-430a-936d-39284f108420,66d180bc-828f-4d0b-bdeb-e0bd1cc4bbd9,false,"[OAS] [OAS] validation failed:
 - ERROR - [Path '/0/contributorsCount'] Instance type (null) does not match any allowed primitive type (allowed: [""integer""]): []
"
89749928-9043-430a-936d-39284f108420,fe5e21f6-0e05-4246-8b44-4ae39daf0665,false,"[OAS] [OAS] validation failed:
 - ERROR - [Path '/0/contributorsCount'] Instance type (string) does not match any allowed primitive type (allowed: [""integer""]): []
"
89749928-9043-430a-936d-39284f108420,57d424cb-2c1f-44af-a398-7764850b9e70,false,"[OAS] [OAS] validation failed:
 - ERROR - [Path '/0/score'] Instance type (null) does not match any allowed primitive type (allowed: [""integer""]): []
"
89749928-9043-430a-936d-39284f108420,d7c960e4-c26f-40bd-94b9-f1039c9cafc7,false,"[OAS] [OAS] validation failed:
 - ERROR - [Path '/0/score'] Instance type (array) does not match any allowed primitive type (allowed: [""integer""]): []
"
89749928-9043-430a-936d-39284f108420,b8beaccc-5b48-49c0-9706-c68a2e489f19,false,"[OAS] [OAS] validation failed:
 - ERROR - [Path '/0/lastPushed'] Instance type (array) does not match any allowed primitive type (allowed: [""null"",""string""]): []
"
89749928-9043-430a-936d-39284f108420,c72b2f37-5e53-43b5-b6eb-9514439a505f,false,"[OAS] [OAS] validation failed:
 - ERROR - [Path '/0/primaryLanguage'] Instance type (null) does not match any allowed primitive type (allowed: [""string""]): []
"
89749928-9043-430a-936d-39284f108420,19d3b3bf-164a-46d5-8195-b67188af6481,false,"[OAS] [OAS] validation failed:
 - ERROR - [Path '/0/primaryLanguage'] Instance type (object) does not match any allowed primitive type (allowed: [""string""]): []
"
89749928-9043-430a-936d-39284f108420,0501ba18-fcf4-455a-ab6c-a3d436f550d7,false,"[OAS] [OAS] validation failed:
 - ERROR - [Path '/0/maintainers/0'] Instance type (object) does not match any allowed primitive type (allowed: [""string""]): []
 - ERROR - [Path '/0/maintainers/1'] Instance type (integer) does not match any allowed primitive type (allowed: [""string""]): []
 - ERROR - [Path '/0/maintainers/2'] Instance type (array) does not match any allowed primitive type (allowed: [""string""]): []
 - ERROR - [Path '/0/maintainers/3'] Instance type (object) does not match any allowed primitive type (allowed: [""string""]): []
"
89749928-9043-430a-936d-39284f108420,6dcba2d5-1f9d-435d-a5fb-3402f056ed9d,false,"[OAS] [OAS] validation failed:
 - ERROR - [Path '/0/maintainers'] Instance type (null) does not match any allowed primitive type (allowed: [""array""]): []
"
89749928-9043-430a-936d-39284f108420,2b9753d7-acf4-4327-b67b-6c3bc60b63d7,false,"[OAS] [OAS] validation failed:
 - ERROR - [Path '/0/maintainers'] Instance type (object) does not match any allowed primitive type (allowed: [""array""]): []
"
f79d0e43-ac98-45be-aa80-0a911d55a52c,3d8149e0-e83b-41fe-936b-89123a83f27d,false,"[OAS] [OAS] validation failed:
 - ERROR - Response status 204 not defined for path '/projects'.: []
"
f79d0e43-ac98-45be-aa80-0a911d55a52c,fe684e82-a547-448e-b3c6-0bda4d62e3fe,false,"[OAS] [OAS] validation failed:
 - ERROR - Response status 401 not defined for path '/projects'.: []
"
f79d0e43-ac98-45be-aa80-0a911d55a52c,84a2ab9a-0b56-46dd-a326-a3f15dd645ab,false,[NO_5XX] Unexpected 5XX response: 501
f79d0e43-ac98-45be-aa80-0a911d55a52c,be65b1ed-58e5-446e-adb7-ff54c5f73756,false,"[OAS] [OAS] validation failed:
 - ERROR - Response Content-Type header 'text/html' does not match any allowed types. Must be one of: [application/json].: []
"
f79d0e43-ac98-45be-aa80-0a911d55a52c,db595440-6f5b-4e54-ab33-6088d0bf1369,false,"[OAS] [OAS] validation failed:
 - ERROR - Response Content-Type header 'charset=UTF-8' is not a valid media type: []
"
f79d0e43-ac98-45be-aa80-0a911d55a52c,f7fd2590-bef6-4e7e-9d58-8277503b8782,false,"[OAS] [OAS] validation failed:
 - ERROR - [Path '/5'] Instance type (boolean) does not match any allowed primitive type (allowed: [""object""]): []
"
f79d0e43-ac98-45be-aa80-0a911d55a52c,d3dc23ab-e558-4ab8-ba23-9ede62e0348f,false,"[OAS] [OAS] validation failed:
 - ERROR - [Path '/0'] Object instance has properties which are not allowed by the schema: [""randomBoolean1""]: []
"
f79d0e43-ac98-45be-aa80-0a911d55a52c,2b5d2d28-625c-46e4-b2c8-ed1c245f655c,false,"[OAS] [OAS] validation failed:
 - ERROR - [Path '/0'] Instance type (null) does not match any allowed primitive type (allowed: [""object""]): []
"
f79d0e43-ac98-45be-aa80-0a911d55a52c,900b4dd6-867d-4225-90c5-16cbb7f9d479,false,"[OAS] [OAS] validation failed:
 - ERROR - [Path '/0'] Instance type (number) does not match any allowed primitive type (allowed: [""object""]): []
"
f79d0e43-ac98-45be-aa80-0a911d55a52c,9faa832a-93ed-4840-a31c-fe408de68ce3,false,"[OAS] [OAS] validation failed:
 - ERROR - [Path '/0/languageList/0'] Instance type (boolean) does not match any allowed primitive type (allowed: [""string""]): []
 - ERROR - [Path '/0/languageList/1'] Instance type (object) does not match any allowed primitive type (allowed: [""string""]): []
"
f79d0e43-ac98-45be-aa80-0a911d55a52c,3ec1b8c5-62dd-4859-833a-a51e04075b37,false,"[OAS] [OAS] validation failed:
 - ERROR - [Path '/0/languageList'] Instance type (null) does not match any allowed primitive type (allowed: [""array""]): []
"
f79d0e43-ac98-45be-aa80-0a911d55a52c,57ef54ca-411c-4ac7-9944-4524d40f3a6a,false,"[OAS] [OAS] validation failed:
 - ERROR - [Path '/0/languageList'] Instance type (number) does not match any allowed primitive type (allowed: [""array""]): []
"
f79d0e43-ac98-45be-aa80-0a911d55a52c,c2a4525e-9e4d-47e9-a2f1-8a050d511dcb,false,"[OAS] [OAS] validation failed:
 - ERROR - [Path '/0/gitHubProjectId'] Instance type (null) does not match any allowed primitive type (allowed: [""integer""]): []
"
f79d0e43-ac98-45be-aa80-0a911d55a52c,702c39c3-30af-4b3b-ab21-d36f0fd0416e,false,"[OAS] [OAS] validation failed:
 - ERROR - [Path '/0/gitHubProjectId'] Instance type (number) does not match any allowed primitive type (allowed: [""integer""]): []
"
f79d0e43-ac98-45be-aa80-0a911d55a52c,df7cd55f-b0e0-4ea5-bd95-1d1c039ec1b9,false,"[OAS] [OAS] validation failed:
 - ERROR - [Path '/0/name'] Instance type (null) does not match any allowed primitive type (allowed: [""string""]): []
"
f79d0e43-ac98-45be-aa80-0a911d55a52c,99596eea-2193-4751-9291-1f9f200b41bf,false,"[OAS] [OAS] validation failed:
 - ERROR - [Path '/0/name'] Instance type (number) does not match any allowed primitive type (allowed: [""string""]): []
"
f79d0e43-ac98-45be-aa80-0a911d55a52c,20ab6c3d-45dc-468a-8168-4b8b9256bab9,false,"[OAS] [OAS] validation failed:
 - ERROR - [Path '/0/title'] Instance type (number) does not match any allowed primitive type (allowed: [""null"",""string""]): []
"
f79d0e43-ac98-45be-aa80-0a911d55a52c,560bfe65-9a2d-4bf8-ad98-04e6bba5567b,false,"[OAS] [OAS] validation failed:
 - ERROR - [Path '/0/image'] Instance type (object) does not match any allowed primitive type (allowed: [""null"",""string""]): []
"
f79d0e43-ac98-45be-aa80-0a911d55a52c,94712186-0d30-4f58-bc3f-bddf170ea2e0,false,"[OAS] [OAS] validation failed:
 - ERROR - [Path '/0/organizationName'] Instance type (null) does not match any allowed primitive type (allowed: [""string""]): []
"
f79d0e43-ac98-45be-aa80-0a911d55a52c,1e917892-57eb-4d2b-957c-b7c089f0857c,false,"[OAS] [OAS] validation failed:
 - ERROR - [Path '/0/organizationName'] Instance type (object) does not match any allowed primitive type (allowed: [""string""]): []
"
f79d0e43-ac98-45be-aa80-0a911d55a52c,f8f3c953-932b-4426-86c9-f2a7f1300bb5,false,"[OAS] [OAS] validation failed:
 - ERROR - [Path '/0/url'] Instance type (object) does not match any allowed primitive type (allowed: [""null"",""string""]): []
"
f79d0e43-ac98-45be-aa80-0a911d55a52c,3b70f79a-82f4-4f85-b8f4-5aa21e8ad68c,false,"[OAS] [OAS] validation failed:
 - ERROR - [Path '/0/description'] Instance type (array) does not match any allowed primitive type (allowed: [""null"",""string""]): []
"
f79d0e43-ac98-45be-aa80-0a911d55a52c,0d8a84fd-5056-488c-9171-80d07bb6909a,false,"[OAS] [OAS] validation failed:
 - ERROR - [Path '/0/starsCount'] Instance type (null) does not match any allowed primitive type (allowed: [""integer""]): []
"
f79d0e43-ac98-45be-aa80-0a911d55a52c,6f5e168e-c505-47b4-829e-931adf505378,false,"[OAS] [OAS] validation failed:
 - ERROR - [Path '/0/starsCount'] Instance type (object) does not match any allowed primitive type (allowed: [""integer""]): []
"
f79d0e43-ac98-45be-aa80-0a911d55a52c,72719187-4a4f-4efe-a657-f09527161a87,false,"[OAS] [OAS] validation failed:
 - ERROR - [Path '/0/commitsCount'] Instance type (null) does not match any allowed primitive type (allowed: [""integer""]): []
"
f79d0e43-ac98-45be-aa80-0a911d55a52c,5ad3ba76-459c-4c1b-b178-389cfcd5caaa,false,"[OAS] [OAS] validation failed:
 - ERROR - [Path '/0/commitsCount'] Instance type (object) does not match any allowed primitive type (allowed: [""integer""]): []
"
f79d0e43-ac98-45be-aa80-0a911d55a52c,d5fbdcb7-633a-4b55-9c2a-a10269c8783c,false,"[OAS] [OAS] validation failed:
 - ERROR - [Path '/0/forksCount'] Instance type (null) does not match any allowed primitive type (allowed: [""integer""]): []
"
f79d0e43-ac98-45be-aa80-0a911d55a52c,503ccc0e-6c0c-4d2c-aafc-6b6c37c52cc7,false,"[OAS] [OAS] validation failed:
 - ERROR - [Path '/0/forksCount'] Instance type (array) does not match any allowed primitive type (allowed: [""integer""]): []
"
f79d0e43-ac98-45be-aa80-0a911d55a52c,60426033-124b-4a0f-82ed-298391da0d5b,false,"[OAS] [OAS] validation failed:
 - ERROR - [Path '/0/contributorsCount'] Instance type (null) does not match any allowed primitive type (allowed: [""integer""]): []
"
f79d0e43-ac98-45be-aa80-0a911d55a52c,0e352cdb-8898-4333-bf5e-c793470ebb35,false,"[OAS] [OAS] validation failed:
 - ERROR - [Path '/0/contributorsCount'] Instance type (string) does not match any allowed primitive type (allowed: [""integer""]): []
"
f79d0e43-ac98-45be-aa80-0a911d55a52c,0e09b24a-9cc6-4739-89c6-b92451c27ec8,false,"[OAS] [OAS] validation failed:
 - ERROR - [Path '/0/score'] Instance type (null) does not match any allowed primitive type (allowed: [""integer""]): []
"
f79d0e43-ac98-45be-aa80-0a911d55a52c,b9e187f4-5b6d-4202-9443-87c519605557,false,"[OAS] [OAS] validation failed:
 - ERROR - [Path '/0/score'] Instance type (array) does not match any allowed primitive type (allowed: [""integer""]): []
"
f79d0e43-ac98-45be-aa80-0a911d55a52c,711f1898-07fd-4269-b662-43836db44c5b,false,"[OAS] [OAS] validation failed:
 - ERROR - [Path '/0/lastPushed'] Instance type (array) does not match any allowed primitive type (allowed: [""null"",""string""]): []
"
f79d0e43-ac98-45be-aa80-0a911d55a52c,89f139fe-bedd-406a-ba29-11aac498ded9,false,"[OAS] [OAS] validation failed:
 - ERROR - [Path '/0/primaryLanguage'] Instance type (null) does not match any allowed primitive type (allowed: [""string""]): []
"
f79d0e43-ac98-45be-aa80-0a911d55a52c,4b501ad0-c2c0-49db-b3b0-49bef75ad829,false,"[OAS] [OAS] validation failed:
 - ERROR - [Path '/0/primaryLanguage'] Instance type (object) does not match any allowed primitive type (allowed: [""string""]): []
"
f79d0e43-ac98-45be-aa80-0a911d55a52c,082d777e-d2d8-443f-bf05-9ea3e32c22de,false,"[OAS] [OAS] validation failed:
 - ERROR - [Path '/0/maintainers/0'] Instance type (object) does not match any allowed primitive type (allowed: [""string""]): []
 - ERROR - [Path '/0/maintainers/1'] Instance type (integer) does not match any allowed primitive type (allowed: [""string""]): []
 - ERROR - [Path '/0/maintainers/2'] Instance type (array) does not match any allowed primitive type (allowed: [""string""]): []
 - ERROR - [Path '/0/maintainers/3'] Instance type (object) does not match any allowed primitive type (allowed: [""string""]): []
"
f79d0e43-ac98-45be-aa80-0a911d55a52c,c7fe6366-cf73-4725-b6c1-1266ba69c43c,false,"[OAS] [OAS] validation failed:
 - ERROR - [Path '/0/maintainers'] Instance type (null) does not match any allowed primitive type (allowed: [""array""]): []
"
f79d0e43-ac98-45be-aa80-0a911d55a52c,103571ad-be9f-48f9-bf96-0c646e3b5908,false,"[OAS] [OAS] validation failed:
 - ERROR - [Path '/0/maintainers'] Instance type (object) does not match any allowed primitive type (allowed: [""array""]): []
"
f79d0e43-ac98-45be-aa80-0a911d55a52c,3628dc7a-cb39-485b-b3da-2a68227966bc,false,"[OAS] [OAS] validation failed:
 - ERROR - [Path '/1'] Object instance has properties which are not allowed by the schema: [""randomObject1""]: []
"
f79d0e43-ac98-45be-aa80-0a911d55a52c,8391a562-d3cd-4675-8ed1-951cee21dfc6,false,"[OAS] [OAS] validation failed:
 - ERROR - [Path '/1'] Instance type (null) does not match any allowed primitive type (allowed: [""object""]): []
"
f79d0e43-ac98-45be-aa80-0a911d55a52c,18be9d44-30f5-4f9c-90dd-977ca9d1f2e1,false,"[OAS] [OAS] validation failed:
 - ERROR - [Path '/1'] Instance type (array) does not match any allowed primitive type (allowed: [""object""]): []
"
f79d0e43-ac98-45be-aa80-0a911d55a52c,54d16374-ede2-4bf5-bd43-64f76b2f0b84,false,"[OAS] [OAS] validation failed:
 - ERROR - [Path '/1/languageList/0'] Instance type (integer) does not match any allowed primitive type (allowed: [""string""]): []
 - ERROR - [Path '/1/languageList/1'] Instance type (object) does not match any allowed primitive type (allowed: [""string""]): []
 - ERROR - [Path '/1/languageList/3'] Instance type (array) does not match any allowed primitive type (allowed: [""string""]): []
"
f79d0e43-ac98-45be-aa80-0a911d55a52c,42517875-b4f1-4963-970d-b69282be11c8,false,"[OAS] [OAS] validation failed:
 - ERROR - [Path '/1/languageList'] Instance type (null) does not match any allowed primitive type (allowed: [""array""]): []
"
f79d0e43-ac98-45be-aa80-0a911d55a52c,652be4ef-48ae-448c-8a9e-284620d42239,false,"[OAS] [OAS] validation failed:
 - ERROR - [Path '/1/languageList'] Instance type (object) does not match any allowed primitive type (allowed: [""array""]): []
"
f79d0e43-ac98-45be-aa80-0a911d55a52c,125a119f-0623-4d64-a98f-4d6f459972c0,false,"[OAS] [OAS] validation failed:
 - ERROR - [Path '/1/gitHubProjectId'] Instance type (null) does not match any allowed primitive type (allowed: [""integer""]): []
"
f79d0e43-ac98-45be-aa80-0a911d55a52c,6611450d-3a20-413b-bdce-7f9231983932,false,"[OAS] [OAS] validation failed:
 - ERROR - [Path '/1/gitHubProjectId'] Instance type (object) does not match any allowed primitive type (allowed: [""integer""]): []
"
f79d0e43-ac98-45be-aa80-0a911d55a52c,ab223176-f4c5-4793-aa6c-25596546bff5,false,"[OAS] [OAS] validation failed:
 - ERROR - [Path '/1/name'] Instance type (null) does not match any allowed primitive type (allowed: [""string""]): []
"
f79d0e43-ac98-45be-aa80-0a911d55a52c,98080d78-b25e-42b6-860b-cefda1f5f5ee,false,"[OAS] [OAS] validation failed:
 - ERROR - [Path '/1/name'] Instance type (array) does not match any allowed primitive type (allowed: [""string""]): []
"
f79d0e43-ac98-45be-aa80-0a911d55a52c,1e755b82-c0e7-427e-8909-a40ec5d2d426,false,"[OAS] [OAS] validation failed:
 - ERROR - [Path '/1/title'] Instance type (object) does not match any allowed primitive type (allowed: [""null"",""string""]): []
"
f79d0e43-ac98-45be-aa80-0a911d55a52c,abcf8557-53dc-427e-8358-5c4742cc7e90,false,"[OAS] [OAS] validation failed:
 - ERROR - [Path '/1/image'] Instance type (array) does not match any allowed primitive type (allowed: [""null"",""string""]): []
"
f79d0e43-ac98-45be-aa80-0a911d55a52c,5606cb32-8953-4e57-b549-ac29a05aed4b,false,"[OAS] [OAS] validation failed:
 - ERROR - [Path '/1/organizationName'] Instance type (null) does not match any allowed primitive type (allowed: [""string""]): []
"
f79d0e43-ac98-45be-aa80-0a911d55a52c,d38796f5-01c6-4176-b27d-5395b87f221d,false,"[OAS] [OAS] validation failed:
 - ERROR - [Path '/1/organizationName'] Instance type (integer) does not match any allowed primitive type (allowed: [""string""]): []
"
f79d0e43-ac98-45be-aa80-0a911d55a52c,86e7c179-8dcf-4da7-90b5-eef7ab565824,false,"[OAS] [OAS] validation failed:
 - ERROR - [Path '/1/url'] Instance type (integer) does not match any allowed primitive type (allowed: [""null"",""string""]): []
"
f79d0e43-ac98-45be-aa80-0a911d55a52c,12465c8a-3129-4790-b441-cc3238de466a,false,"[OAS] [OAS] validation failed:
 - ERROR - [Path '/1/description'] Instance type (object) does not match any allowed primitive type (allowed: [""null"",""string""]): []
"
f79d0e43-ac98-45be-aa80-0a911d55a52c,cecdd673-1f41-456c-b995-29a01a623cbf,false,"[OAS] [OAS] validation failed:
 - ERROR - [Path '/1/starsCount'] Instance type (null) does not match any allowed primitive type (allowed: [""integer""]): []
"
f79d0e43-ac98-45be-aa80-0a911d55a52c,e77377e5-e337-41bb-afc8-0ba1b40c6321,false,"[OAS] [OAS] validation failed:
 - ERROR - [Path '/1/starsCount'] Instance type (array) does not match any allowed primitive type (allowed: [""integer""]): []
"
f79d0e43-ac98-45be-aa80-0a911d55a52c,17499bdd-5e80-4639-8de4-4025bd6d5f81,false,"[OAS] [OAS] validation failed:
 - ERROR - [Path '/1/commitsCount'] Instance type (null) does not match any allowed primitive type (allowed: [""integer""]): []
"
f79d0e43-ac98-45be-aa80-0a911d55a52c,5ba0e58b-187f-4dcc-b901-8d99f05330df,false,"[OAS] [OAS] validation failed:
 - ERROR - [Path '/1/commitsCount'] Instance type (string) does not match any allowed primitive type (allowed: [""integer""]): []
"
f79d0e43-ac98-45be-aa80-0a911d55a52c,940d9731-5f0b-4c80-9a13-590ca54901b3,false,"[OAS] [OAS] validation failed:
 - ERROR - [Path '/1/forksCount'] Instance type (null) does not match any allowed primitive type (allowed: [""integer""]): []
"
f79d0e43-ac98-45be-aa80-0a911d55a52c,1591e1df-a05a-44d0-9929-fc42a6bd6706,false,"[OAS] [OAS] validation failed:
 - ERROR - [Path '/1/forksCount'] Instance type (object) does not match any allowed primitive type (allowed: [""integer""]): []
"
f79d0e43-ac98-45be-aa80-0a911d55a52c,7d582caf-f557-43a5-9b8c-379271ef12b3,false,"[OAS] [OAS] validation failed:
 - ERROR - [Path '/1/contributorsCount'] Instance type (null) does not match any allowed primitive type (allowed: [""integer""]): []
"
f79d0e43-ac98-45be-aa80-0a911d55a52c,f44a4d80-af3d-4786-90b2-791b7ca3420b,false,"[OAS] [OAS] validation failed:
 - ERROR - [Path '/1/contributorsCount'] Instance type (boolean) does not match any allowed primitive type (allowed: [""integer""]): []
"
f79d0e43-ac98-45be-aa80-0a911d55a52c,4deb19c6-78ab-48b1-bef2-835f37c49e66,false,"[OAS] [OAS] validation failed:
 - ERROR - [Path '/1/externalContributorsCount'] Instance type (boolean) does not match any allowed primitive type (allowed: [""integer"",""null""]): []
"
f79d0e43-ac98-45be-aa80-0a911d55a52c,7ac309d6-0235-4026-bf7c-2328c14b7b7e,false,"[OAS] [OAS] validation failed:
 - ERROR - [Path '/1/score'] Instance type (null) does not match any allowed primitive type (allowed: [""integer""]): []
"
f79d0e43-ac98-45be-aa80-0a911d55a52c,7359ed00-101e-4173-8d8b-1e5f5170a69d,false,"[OAS] [OAS] validation failed:
 - ERROR - [Path '/1/score'] Instance type (array) does not match any allowed primitive type (allowed: [""integer""]): []
"
f79d0e43-ac98-45be-aa80-0a911d55a52c,21710461-75e8-4d1f-a8d0-3d01c16c8f55,false,"[OAS] [OAS] validation failed:
 - ERROR - [Path '/1/lastPushed'] Instance type (array) does not match any allowed primitive type (allowed: [""null"",""string""]): []
"
f79d0e43-ac98-45be-aa80-0a911d55a52c,b52c7221-3482-4698-bcb3-b3449ad38103,false,"[OAS] [OAS] validation failed:
 - ERROR - [Path '/1/primaryLanguage'] Instance type (null) does not match any allowed primitive type (allowed: [""string""]): []
"
f79d0e43-ac98-45be-aa80-0a911d55a52c,2f298e9a-7256-48f7-8eb0-08b712bbf6f9,false,"[OAS] [OAS] validation failed:
 - ERROR - [Path '/1/primaryLanguage'] Instance type (array) does not match any allowed primitive type (allowed: [""string""]): []
"
f79d0e43-ac98-45be-aa80-0a911d55a52c,be6ac1c9-6a63-4cb9-bf2f-90f6b41861b5,false,"[OAS] [OAS] validation failed:
 - ERROR - [Path '/1/maintainers/0'] Instance type (null) does not match any allowed primitive type (allowed: [""string""]): []
"
f79d0e43-ac98-45be-aa80-0a911d55a52c,d9f0e470-7136-4b51-8431-90d9c2d9b448,false,"[OAS] [OAS] validation failed:
 - ERROR - [Path '/1/maintainers'] Instance type (null) does not match any allowed primitive type (allowed: [""array""]): []
"
f79d0e43-ac98-45be-aa80-0a911d55a52c,256f3394-22cf-4191-b90b-5fba2c8d514b,false,"[OAS] [OAS] validation failed:
 - ERROR - [Path '/1/maintainers'] Instance type (integer) does not match any allowed primitive type (allowed: [""array""]): []
"
f79d0e43-ac98-45be-aa80-0a911d55a52c,8cd995ee-99ec-4c0f-920d-2336bc703ab4,false,"[OAS] [OAS] validation failed:
 - ERROR - [Path '/2'] Object instance has properties which are not allowed by the schema: [""randomLong1""]: []
"
f79d0e43-ac98-45be-aa80-0a911d55a52c,be284297-b9d2-4053-82dc-01212eee8012,false,"[OAS] [OAS] validation failed:
 - ERROR - [Path '/2'] Instance type (null) does not match any allowed primitive type (allowed: [""object""]): []
"
f79d0e43-ac98-45be-aa80-0a911d55a52c,ddb97917-a943-43f8-856e-4e57cad3a636,false,"[OAS] [OAS] validation failed:
 - ERROR - [Path '/2'] Instance type (integer) does not match any allowed primitive type (allowed: [""object""]): []
"
f79d0e43-ac98-45be-aa80-0a911d55a52c,79b17500-cdea-44f5-b286-2efae66839cd,false,"[OAS] [OAS] validation failed:
 - ERROR - [Path '/2/languageList/0'] Instance type (integer) does not match any allowed primitive type (allowed: [""string""]): []
"
f79d0e43-ac98-45be-aa80-0a911d55a52c,71f6c072-c098-49d1-9a0e-2f0c080a601a,false,"[OAS] [OAS] validation failed:
 - ERROR - [Path '/2/languageList'] Instance type (null) does not match any allowed primitive type (allowed: [""array""]): []
"
f79d0e43-ac98-45be-aa80-0a911d55a52c,575792aa-cfce-4b09-ab33-61878e7e0a92,false,"[OAS] [OAS] validation failed:
 - ERROR - [Path '/2/languageList'] Instance type (object) does not match any allowed primitive type (allowed: [""array""]): []
"
f79d0e43-ac98-45be-aa80-0a911d55a52c,3fd4bb4e-d579-4c9b-b989-875a94fe77f0,false,"[OAS] [OAS] validation failed:
 - ERROR - [Path '/2/gitHubProjectId'] Instance type (null) does not match any allowed primitive type (allowed: [""integer""]): []
"
f79d0e43-ac98-45be-aa80-0a911d55a52c,209240f4-4f53-4bc4-bc4d-1b977e685f78,false,"[OAS] [OAS] validation failed:
 - ERROR - [Path '/2/gitHubProjectId'] Instance type (object) does not match any allowed primitive type (allowed: [""integer""]): []
"
f79d0e43-ac98-45be-aa80-0a911d55a52c,6577ad10-55ed-4c99-838c-2878311bad49,false,"[OAS] [OAS] validation failed:
 - ERROR - [Path '/2/name'] Instance type (null) does not match any allowed primitive type (allowed: [""string""]): []
"
f79d0e43-ac98-45be-aa80-0a911d55a52c,622aedd6-fb64-4e4d-8897-4558d5c2582c,false,"[OAS] [OAS] validation failed:
 - ERROR - [Path '/2/name'] Instance type (object) does not match any allowed primitive type (allowed: [""string""]): []
"
f79d0e43-ac98-45be-aa80-0a911d55a52c,cd16a062-cafd-4473-8198-5d27a074ecff,false,"[OAS] [OAS] validation failed:
 - ERROR - [Path '/2/title'] Instance type (integer) does not match any allowed primitive type (allowed: [""null"",""string""]): []
"
f79d0e43-ac98-45be-aa80-0a911d55a52c,15b05634-7a4c-42eb-8b64-a69174a1ab89,false,"[OAS] [OAS] validation failed:
 - ERROR - [Path '/2/image'] Instance type (integer) does not match any allowed primitive type (allowed: [""null"",""string""]): []
"
f79d0e43-ac98-45be-aa80-0a911d55a52c,ba4d8f1e-bd0d-4310-8ce5-59f74f0784cb,false,"[OAS] [OAS] validation failed:
 - ERROR - [Path '/2/organizationName'] Instance type (null) does not match any allowed primitive type (allowed: [""string""]): []
"
f79d0e43-ac98-45be-aa80-0a911d55a52c,3d517b8e-ee2d-4378-9d7b-ea8429b41923,false,"[OAS] [OAS] validation failed:
 - ERROR - [Path '/2/organizationName'] Instance type (array) does not match any allowed primitive type (allowed: [""string""]): []
"
f79d0e43-ac98-45be-aa80-0a911d55a52c,bb3c4dc5-944b-40bb-b060-edef2e31d8bf,false,"[OAS] [OAS] validation failed:
 - ERROR - [Path '/2/url'] Instance type (array) does not match any allowed primitive type (allowed: [""null"",""string""]): []
"
f79d0e43-ac98-45be-aa80-0a911d55a52c,1f3e6720-012c-4ef6-9ee8-d82532fc4ec8,false,"[OAS] [OAS] validation failed:
 - ERROR - [Path '/2/description'] Instance type (array) does not match any allowed primitive type (allowed: [""null"",""string""]): []
"
f79d0e43-ac98-45be-aa80-0a911d55a52c,f90b92cb-2a11-4f61-8cbf-673f8f8bfd19,false,"[OAS] [OAS] validation failed:
 - ERROR - [Path '/2/starsCount'] Instance type (null) does not match any allowed primitive type (allowed: [""integer""]): []
"
f79d0e43-ac98-45be-aa80-0a911d55a52c,568ed80b-2cf6-4043-a3eb-e72235ca983e,false,"[OAS] [OAS] validation failed:
 - ERROR - [Path '/2/starsCount'] Instance type (array) does not match any allowed primitive type (allowed: [""integer""]): []
"
f79d0e43-ac98-45be-aa80-0a911d55a52c,3050782b-6d02-43b5-a791-910dbc1f2ffe,false,"[OAS] [OAS] validation failed:
 - ERROR - [Path '/2/commitsCount'] Instance type (null) does not match any allowed primitive type (allowed: [""integer""]): []
"
f79d0e43-ac98-45be-aa80-0a911d55a52c,42327768-109e-4e3b-8bf5-24bf7eed00e3,false,"[OAS] [OAS] validation failed:
 - ERROR - [Path '/2/commitsCount'] Instance type (array) does not match any allowed primitive type (allowed: [""integer""]): []
"
f79d0e43-ac98-45be-aa80-0a911d55a52c,e56c9e7a-23ed-4d82-ae62-458214656f5b,false,"[OAS] [OAS] validation failed:
 - ERROR - [Path '/2/forksCount'] Instance type (null) does not match any allowed primitive type (allowed: [""integer""]): []
"
f79d0e43-ac98-45be-aa80-0a911d55a52c,55bbab7a-284f-41c9-a687-29e067ed1214,false,"[OAS] [OAS] validation failed:
 - ERROR - [Path '/2/forksCount'] Instance type (string) does not match any allowed primitive type (allowed: [""integer""]): []
"
f79d0e43-ac98-45be-aa80-0a911d55a52c,dedcfee5-8bcd-4347-92c6-7452f1516401,false,"[OAS] [OAS] validation failed:
 - ERROR - [Path '/2/contributorsCount'] Instance type (null) does not match any allowed primitive type (allowed: [""integer""]): []
"
f79d0e43-ac98-45be-aa80-0a911d55a52c,b585a6ee-3883-43e1-9f68-502130f6ecae,false,"[OAS] [OAS] validation failed:
 - ERROR - [Path '/2/contributorsCount'] Instance type (boolean) does not match any allowed primitive type (allowed: [""integer""]): []
"
f79d0e43-ac98-45be-aa80-0a911d55a52c,010338bf-5734-449e-9bc2-1c0437c6aab7,false,"[OAS] [OAS] validation failed:
 - ERROR - [Path '/2/externalContributorsCount'] Instance type (string) does not match any allowed primitive type (allowed: [""integer"",""null""]): []
"
f79d0e43-ac98-45be-aa80-0a911d55a52c,84b839a4-2b2e-4385-8c82-2ce20a1bf764,false,"[OAS] [OAS] validation failed:
 - ERROR - [Path '/2/score'] Instance type (null) does not match any allowed primitive type (allowed: [""integer""]): []
"
f79d0e43-ac98-45be-aa80-0a911d55a52c,69dfa6b8-830b-46bc-996e-cc986c7de35e,false,"[OAS] [OAS] validation failed:
 - ERROR - [Path '/2/score'] Instance type (array) does not match any allowed primitive type (allowed: [""integer""]): []
"
f79d0e43-ac98-45be-aa80-0a911d55a52c,334907b0-cc91-4140-a4fd-06de17e2ac36,false,"[OAS] [OAS] validation failed:
 - ERROR - [Path '/2/lastPushed'] Instance type (boolean) does not match any allowed primitive type (allowed: [""null"",""string""]): []
"
f79d0e43-ac98-45be-aa80-0a911d55a52c,19913dfa-aaf7-4266-9d9a-a31a250cf17c,false,"[OAS] [OAS] validation failed:
 - ERROR - [Path '/2/primaryLanguage'] Instance type (null) does not match any allowed primitive type (allowed: [""string""]): []
"
f79d0e43-ac98-45be-aa80-0a911d55a52c,d7afaf9a-583e-432c-94f3-1ec2e9cec1bd,false,"[OAS] [OAS] validation failed:
 - ERROR - [Path '/2/primaryLanguage'] Instance type (integer) does not match any allowed primitive type (allowed: [""string""]): []
"
f79d0e43-ac98-45be-aa80-0a911d55a52c,baef777b-bead-4054-93b5-9285eee46f75,false,"[OAS] [OAS] validation failed:
 - ERROR - [Path '/2/maintainers/0'] Instance type (null) does not match any allowed primitive type (allowed: [""string""]): []
 - ERROR - [Path '/2/maintainers/1'] Instance type (boolean) does not match any allowed primitive type (allowed: [""string""]): []
 - ERROR - [Path '/2/maintainers/2'] Instance type (array) does not match any allowed primitive type (allowed: [""string""]): []
 - ERROR - [Path '/2/maintainers/3'] Instance type (object) does not match any allowed primitive type (allowed: [""string""]): []
"
f79d0e43-ac98-45be-aa80-0a911d55a52c,158d56fa-89b4-4e12-b020-2148294c8b6a,false,"[OAS] [OAS] validation failed:
 - ERROR - [Path '/2/maintainers'] Instance type (null) does not match any allowed primitive type (allowed: [""array""]): []
"
f79d0e43-ac98-45be-aa80-0a911d55a52c,74c4a4fd-5b0a-47bc-a584-bef52140d576,false,"[OAS] [OAS] validation failed:
 - ERROR - [Path '/2/maintainers'] Instance type (integer) does not match any allowed primitive type (allowed: [""array""]): []
"
f79d0e43-ac98-45be-aa80-0a911d55a52c,5c3ee0dc-7f3e-47e3-a039-ad4dbce9404e,false,"[OAS] [OAS] validation failed:
 - ERROR - [Path '/3'] Object instance has properties which are not allowed by the schema: [""randomObject1""]: []
"
f79d0e43-ac98-45be-aa80-0a911d55a52c,7664a557-2e42-4026-871c-22f5d67e0a00,false,"[OAS] [OAS] validation failed:
 - ERROR - [Path '/3'] Instance type (null) does not match any allowed primitive type (allowed: [""object""]): []
"
f79d0e43-ac98-45be-aa80-0a911d55a52c,13319e40-efb0-4073-9148-6145d31bf1c5,false,"[OAS] [OAS] validation failed:
 - ERROR - [Path '/3'] Instance type (array) does not match any allowed primitive type (allowed: [""object""]): []
"
f79d0e43-ac98-45be-aa80-0a911d55a52c,8a4684de-7305-4d98-8e4a-69115392598e,false,"[OAS] [OAS] validation failed:
 - ERROR - [Path '/3/languageList/0'] Instance type (null) does not match any allowed primitive type (allowed: [""string""]): []
 - ERROR - [Path '/3/languageList/1'] Instance type (null) does not match any allowed primitive type (allowed: [""string""]): []
 - ERROR - [Path '/3/languageList/2'] Instance type (number) does not match any allowed primitive type (allowed: [""string""]): []
"
f79d0e43-ac98-45be-aa80-0a911d55a52c,e5757390-5e25-4ecf-bba6-db70134d2dda,false,"[OAS] [OAS] validation failed:
 - ERROR - [Path '/3/languageList'] Instance type (null) does not match any allowed primitive type (allowed: [""array""]): []
"
f79d0e43-ac98-45be-aa80-0a911d55a52c,e276bdb8-6bb5-461c-8630-8a77077dd646,false,"[OAS] [OAS] validation failed:
 - ERROR - [Path '/3/languageList'] Instance type (object) does not match any allowed primitive type (allowed: [""array""]): []
"
f79d0e43-ac98-45be-aa80-0a911d55a52c,2f8cafd4-9290-4678-a9f9-913df8975eb6,false,"[OAS] [OAS] validation failed:
 - ERROR - [Path '/3/gitHubProjectId'] Instance type (null) does not match any allowed primitive type (allowed: [""integer""]): []
"
f79d0e43-ac98-45be-aa80-0a911d55a52c,52002f28-21eb-40d6-8fbc-ea31b3ce76d5,false,"[OAS] [OAS] validation failed:
 - ERROR - [Path '/3/gitHubProjectId'] Instance type (object) does not match any allowed primitive type (allowed: [""integer""]): []
"
f79d0e43-ac98-45be-aa80-0a911d55a52c,d850c327-c69c-42a7-83e8-2bbd8e6a7640,false,"[OAS] [OAS] validation failed:
 - ERROR - [Path '/3/name'] Instance type (null) does not match any allowed primitive type (allowed: [""string""]): []
"
f79d0e43-ac98-45be-aa80-0a911d55a52c,20c9f49b-cf6c-4826-ac68-757ef3bc7821,false,"[OAS] [OAS] validation failed:
 - ERROR - [Path '/3/name'] Instance type (object) does not match any allowed primitive type (allowed: [""string""]): []
"
f79d0e43-ac98-45be-aa80-0a911d55a52c,9daf80e4-1dbf-422c-a3fd-ec0b1db9b510,false,"[OAS] [OAS] validation failed:
 - ERROR - [Path '/3/title'] Instance type (array) does not match any allowed primitive type (allowed: [""null"",""string""]): []
"
f79d0e43-ac98-45be-aa80-0a911d55a52c,1ac634fd-dda1-4de5-9c40-6cf55bef3b5f,false,"[OAS] [OAS] validation failed:
 - ERROR - [Path '/3/image'] Instance type (object) does not match any allowed primitive type (allowed: [""null"",""string""]): []
"
f79d0e43-ac98-45be-aa80-0a911d55a52c,5800da8b-d016-430b-99ab-536a6fdf40ca,false,"[OAS] [OAS] validation failed:
 - ERROR - [Path '/3/organizationName'] Instance type (null) does not match any allowed primitive type (allowed: [""string""]): []
"
f79d0e43-ac98-45be-aa80-0a911d55a52c,1e710e06-5586-4c1d-bc25-d38a4c66fb59,false,"[OAS] [OAS] validation failed:
 - ERROR - [Path '/3/organizationName'] Instance type (boolean) does not match any allowed primitive type (allowed: [""string""]): []
"
f79d0e43-ac98-45be-aa80-0a911d55a52c,44677b38-75b9-4561-b9ee-b85cf8062d9a,false,"[OAS] [OAS] validation failed:
 - ERROR - [Path '/3/starsCount'] Instance type (null) does not match any allowed primitive type (allowed: [""integer""]): []
"
f79d0e43-ac98-45be-aa80-0a911d55a52c,2d82e179-103e-4518-8c58-89da463a23aa,false,"[OAS] [OAS] validation failed:
 - ERROR - [Path '/3/starsCount'] Instance type (string) does not match any allowed primitive type (allowed: [""integer""]): []
"
f79d0e43-ac98-45be-aa80-0a911d55a52c,190bef3e-8ff1-48ad-bbea-fcf6cee8f366,false,"[OAS] [OAS] validation failed:
 - ERROR - [Path '/3/commitsCount'] Instance type (null) does not match any allowed primitive type (allowed: [""integer""]): []
"
f79d0e43-ac98-45be-aa80-0a911d55a52c,e7b74edd-cd8d-4b10-9267-21271ee253de,false,"[OAS] [OAS] validation failed:
 - ERROR - [Path '/3/commitsCount'] Instance type (string) does not match any allowed primitive type (allowed: [""integer""]): []
"
f79d0e43-ac98-45be-aa80-0a911d55a52c,e2a284ae-83d6-4664-b0b5-bbefa329a12c,false,"[OAS] [OAS] validation failed:
 - ERROR - [Path '/3/forksCount'] Instance type (null) does not match any allowed primitive type (allowed: [""integer""]): []
"
f79d0e43-ac98-45be-aa80-0a911d55a52c,2be6e8df-086a-4b0f-809f-fb669268931b,false,"[OAS] [OAS] validation failed:
 - ERROR - [Path '/3/forksCount'] Instance type (object) does not match any allowed primitive type (allowed: [""integer""]): []
"
f79d0e43-ac98-45be-aa80-0a911d55a52c,c28ea268-85a1-4719-92e7-8455fb81e9e9,false,"[OAS] [OAS] validation failed:
 - ERROR - [Path '/3/contributorsCount'] Instance type (null) does not match any allowed primitive type (allowed: [""integer""]): []
"
f79d0e43-ac98-45be-aa80-0a911d55a52c,9d950db3-4c51-4823-852d-ea4ef56a696d,false,"[OAS] [OAS] validation failed:
 - ERROR - [Path '/3/contributorsCount'] Instance type (number) does not match any allowed primitive type (allowed: [""integer""]): []
"
f79d0e43-ac98-45be-aa80-0a911d55a52c,55faf293-db9b-4d30-aeca-662355cab1a9,false,"[OAS] [OAS] validation failed:
 - ERROR - [Path '/3/externalContributorsCount'] Instance type (object) does not match any allowed primitive type (allowed: [""integer"",""null""]): []
"
f79d0e43-ac98-45be-aa80-0a911d55a52c,d1bde932-ebe0-4757-9cf8-59a3ea6b24bf,false,"[OAS] [OAS] validation failed:
 - ERROR - [Path '/3/score'] Instance type (null) does not match any allowed primitive type (allowed: [""integer""]): []
"
f79d0e43-ac98-45be-aa80-0a911d55a52c,f1397f78-20bc-414c-9c90-7a80c2bf7109,false,"[OAS] [OAS] validation failed:
 - ERROR - [Path '/3/score'] Instance type (string) does not match any allowed primitive type (allowed: [""integer""]): []
"
f79d0e43-ac98-45be-aa80-0a911d55a52c,b81882d1-1d94-44a8-97b2-01a8d581aa30,false,"[OAS] [OAS] validation failed:
 - ERROR - [Path '/3/lastPushed'] Instance type (number) does not match any allowed primitive type (allowed: [""null"",""string""]): []
"
f79d0e43-ac98-45be-aa80-0a911d55a52c,be53d34c-0461-4e35-8931-4dd18c30dc72,false,"[OAS] [OAS] validation failed:
 - ERROR - [Path '/3/primaryLanguage'] Instance type (null) does not match any allowed primitive type (allowed: [""string""]): []
"
f79d0e43-ac98-45be-aa80-0a911d55a52c,e12d41b5-7356-4593-93ee-3f0b72fec555,false,"[OAS] [OAS] validation failed:
 - ERROR - [Path '/3/primaryLanguage'] Instance type (array) does not match any allowed primitive type (allowed: [""string""]): []
"
f79d0e43-ac98-45be-aa80-0a911d55a52c,788d83b4-ca4b-4eb5-88f9-ea76179c9138,false,"[OAS] [OAS] validation failed:
 - ERROR - [Path '/3/maintainers/1'] Instance type (object) does not match any allowed primitive type (allowed: [""string""]): []
 - ERROR - [Path '/3/maintainers/2'] Instance type (array) does not match any allowed primitive type (allowed: [""string""]): []
"
f79d0e43-ac98-45be-aa80-0a911d55a52c,914d766a-59d3-49f3-8d7e-76228ac374d4,false,"[OAS] [OAS] validation failed:
 - ERROR - [Path '/3/maintainers'] Instance type (null) does not match any allowed primitive type (allowed: [""array""]): []
"
f79d0e43-ac98-45be-aa80-0a911d55a52c,1bb87ee1-d06d-4970-8ea6-83f6c8fe36a2,false,"[OAS] [OAS] validation failed:
 - ERROR - [Path '/3/maintainers'] Instance type (boolean) does not match any allowed primitive type (allowed: [""array""]): []
"
f79d0e43-ac98-45be-aa80-0a911d55a52c,2e6c968b-39cd-4936-9b83-848147532a1f,false,"[OAS] [OAS] validation failed:
 - ERROR - [Path '/4'] Object instance has properties which are not allowed by the schema: [""randomLong1""]: []
"
f79d0e43-ac98-45be-aa80-0a911d55a52c,77f92115-033a-44d9-adec-3fd63a4b10ee,false,"[OAS] [OAS] validation failed:
 - ERROR - [Path '/4'] Instance type (null) does not match any allowed primitive type (allowed: [""object""]): []
"
f79d0e43-ac98-45be-aa80-0a911d55a52c,21bf0884-cf44-4031-9570-3db2cb7eb275,false,"[OAS] [OAS] validation failed:
 - ERROR - [Path '/4'] Instance type (array) does not match any allowed primitive type (allowed: [""object""]): []
"
f79d0e43-ac98-45be-aa80-0a911d55a52c,4108dbef-42af-4935-a2ab-79ca2f7d82f0,false,"[OAS] [OAS] validation failed:
 - ERROR - [Path '/4/languageList/0'] Instance type (null) does not match any allowed primitive type (allowed: [""string""]): []
"
f79d0e43-ac98-45be-aa80-0a911d55a52c,e77eab9b-43ad-4675-bb1a-1b0acfe5a2d9,false,"[OAS] [OAS] validation failed:
 - ERROR - [Path '/4/languageList'] Instance type (null) does not match any allowed primitive type (allowed: [""array""]): []
"
f79d0e43-ac98-45be-aa80-0a911d55a52c,459b5254-b16a-439d-a9ea-81f9f0143ae0,false,"[OAS] [OAS] validation failed:
 - ERROR - [Path '/4/languageList'] Instance type (integer) does not match any allowed primitive type (allowed: [""array""]): []
"
f79d0e43-ac98-45be-aa80-0a911d55a52c,565eb052-d023-4cd5-a6d5-f0ab91ab6523,false,"[OAS] [OAS] validation failed:
 - ERROR - [Path '/4/gitHubProjectId'] Instance type (null) does not match any allowed primitive type (allowed: [""integer""]): []
"
f79d0e43-ac98-45be-aa80-0a911d55a52c,fd7924a0-a7a0-49bb-9399-dcd44cb2a3df,false,"[OAS] [OAS] validation failed:
 - ERROR - [Path '/4/gitHubProjectId'] Instance type (string) does not match any allowed primitive type (allowed: [""integer""]): []
"
f79d0e43-ac98-45be-aa80-0a911d55a52c,65526d85-b325-4cdd-a8fc-fef1c5dcc6af,false,"[OAS] [OAS] validation failed:
 - ERROR - [Path '/4/name'] Instance type (null) does not match any allowed primitive type (allowed: [""string""]): []
"
f79d0e43-ac98-45be-aa80-0a911d55a52c,c814dc4b-4b42-4dfa-92b9-d41e2b90219e,false,"[OAS] [OAS] validation failed:
 - ERROR - [Path '/4/name'] Instance type (integer) does not match any allowed primitive type (allowed: [""string""]): []
"
f79d0e43-ac98-45be-aa80-0a911d55a52c,c08cdaa2-8794-4cb6-8d18-b71e9fc5d584,false,"[OAS] [OAS] validation failed:
 - ERROR - [Path '/4/organizationName'] Instance type (null) does not match any allowed primitive type (allowed: [""string""]): []
"
f79d0e43-ac98-45be-aa80-0a911d55a52c,4dc77319-875d-4680-bb9d-50efe5d72040,false,"[OAS] [OAS] validation failed:
 - ERROR - [Path '/4/organizationName'] Instance type (integer) does not match any allowed primitive type (allowed: [""string""]): []
"
f79d0e43-ac98-45be-aa80-0a911d55a52c,301edcc0-382f-4091-8100-fd33fc8df55a,false,"[OAS] [OAS] validation failed:
 - ERROR - [Path '/4/description'] Instance type (object) does not match any allowed primitive type (allowed: [""null"",""string""]): []
"
f79d0e43-ac98-45be-aa80-0a911d55a52c,4aa85005-aff0-4707-b2f6-70268f2119a3,false,"[OAS] [OAS] validation failed:
 - ERROR - [Path '/4/starsCount'] Instance type (null) does not match any allowed primitive type (allowed: [""integer""]): []
"
f79d0e43-ac98-45be-aa80-0a911d55a52c,85a66b19-fba5-407d-a642-fe38ca84fd8a,false,"[OAS] [OAS] validation failed:
 - ERROR - [Path '/4/starsCount'] Instance type (string) does not match any allowed primitive type (allowed: [""integer""]): []
"
f79d0e43-ac98-45be-aa80-0a911d55a52c,13ea08f1-fbed-4950-916e-bce90e5912a4,false,"[OAS] [OAS] validation failed:
 - ERROR - [Path '/4/commitsCount'] Instance type (null) does not match any allowed primitive type (allowed: [""integer""]): []
"
f79d0e43-ac98-45be-aa80-0a911d55a52c,4b17b646-3b1b-4ce4-8f12-ee44a4517f06,false,"[OAS] [OAS] validation failed:
 - ERROR - [Path '/4/commitsCount'] Instance type (object) does not match any allowed primitive type (allowed: [""integer""]): []
"
f79d0e43-ac98-45be-aa80-0a911d55a52c,49aff8a4-28a7-4771-a54d-a10e3b21b006,false,"[OAS] [OAS] validation failed:
 - ERROR - [Path '/4/forksCount'] Instance type (null) does not match any allowed primitive type (allowed: [""integer""]): []
"
f79d0e43-ac98-45be-aa80-0a911d55a52c,778b1160-519e-4718-bb73-678d1ef72ada,false,"[OAS] [OAS] validation failed:
 - ERROR - [Path '/4/forksCount'] Instance type (array) does not match any allowed primitive type (allowed: [""integer""]): []
"
f79d0e43-ac98-45be-aa80-0a911d55a52c,74b35c9f-5519-4e63-91b1-7a4a76bc2aa6,false,"[OAS] [OAS] validation failed:
 - ERROR - [Path '/4/contributorsCount'] Instance type (null) does not match any allowed primitive type (allowed: [""integer""]): []
"
f79d0e43-ac98-45be-aa80-0a911d55a52c,fad9853f-c87e-47fc-9ca3-223d67f7fc15,false,"[OAS] [OAS] validation failed:
 - ERROR - [Path '/4/contributorsCount'] Instance type (string) does not match any allowed primitive type (allowed: [""integer""]): []
"
f79d0e43-ac98-45be-aa80-0a911d55a52c,d261e37e-780a-47ed-8aa1-1a2e4190e3c8,false,"[OAS] [OAS] validation failed:
 - ERROR - [Path '/4/externalContributorsCount'] Instance type (array) does not match any allowed primitive type (allowed: [""integer"",""null""]): []
"
f79d0e43-ac98-45be-aa80-0a911d55a52c,189d2695-28d0-48ce-a8a0-7a4477b3db23,false,"[OAS] [OAS] validation failed:
 - ERROR - [Path '/4/score'] Instance type (null) does not match any allowed primitive type (allowed: [""integer""]): []
"
f79d0e43-ac98-45be-aa80-0a911d55a52c,cc05ca07-fd56-4a38-b336-71cc7882aae4,false,"[OAS] [OAS] validation failed:
 - ERROR - [Path '/4/score'] Instance type (object) does not match any allowed primitive type (allowed: [""integer""]): []
"
f79d0e43-ac98-45be-aa80-0a911d55a52c,48fe7d4a-f6f9-453a-9870-7b10571c1188,false,"[OAS] [OAS] validation failed:
 - ERROR - [Path '/4/lastPushed'] Instance type (integer) does not match any allowed primitive type (allowed: [""null"",""string""]): []
"
f79d0e43-ac98-45be-aa80-0a911d55a52c,2059012b-26db-452e-81e3-e07e308b3121,false,"[OAS] [OAS] validation failed:
 - ERROR - [Path '/4/primaryLanguage'] Instance type (null) does not match any allowed primitive type (allowed: [""string""]): []
"
f79d0e43-ac98-45be-aa80-0a911d55a52c,808f3027-3408-4532-b765-95c6a7a64a91,false,"[OAS] [OAS] validation failed:
 - ERROR - [Path '/4/primaryLanguage'] Instance type (array) does not match any allowed primitive type (allowed: [""string""]): []
"
f79d0e43-ac98-45be-aa80-0a911d55a52c,38264f1c-9478-4c5f-a0e2-7ee757ef5818,false,"[OAS] [OAS] validation failed:
 - ERROR - [Path '/4/maintainers/0'] Instance type (integer) does not match any allowed primitive type (allowed: [""string""]): []
 - ERROR - [Path '/4/maintainers/2'] Instance type (null) does not match any allowed primitive type (allowed: [""string""]): []
"
f79d0e43-ac98-45be-aa80-0a911d55a52c,9b703621-e2f1-46d1-bbdd-5a43288cfcab,false,"[OAS] [OAS] validation failed:
 - ERROR - [Path '/4/maintainers'] Instance type (null) does not match any allowed primitive type (allowed: [""array""]): []
"
f79d0e43-ac98-45be-aa80-0a911d55a52c,f581a7c6-fbad-4594-bf43-1962bbe114fe,false,"[OAS] [OAS] validation failed:
 - ERROR - [Path '/4/maintainers'] Instance type (integer) does not match any allowed primitive type (allowed: [""array""]): []
"
56ee44f5-58a0-464b-bf10-064ac7e13a2f,064c9684-6d83-46af-9370-8f78669db768,false,"[OAS] [OAS] validation failed:
 - ERROR - Response status 201 not defined for path '/projects'.: []
"
56ee44f5-58a0-464b-bf10-064ac7e13a2f,4cdfd4ec-8e6a-4b5c-a564-ebcc4b4ce5a9,false,"[OAS] [OAS] validation failed:
 - ERROR - Response status 409 not defined for path '/projects'.: []
"
56ee44f5-58a0-464b-bf10-064ac7e13a2f,9a8797e4-e3aa-4408-8a93-1baf35f21ccf,false,[NO_5XX] Unexpected 5XX response: 504
56ee44f5-58a0-464b-bf10-064ac7e13a2f,a14f1ffc-2702-46ed-965c-2a4309817659,false,"[OAS] [OAS] validation failed:
 - ERROR - Response Content-Type header 'text/javascript' does not match any allowed types. Must be one of: [application/json].: []
"
56ee44f5-58a0-464b-bf10-064ac7e13a2f,40d0796c-775c-4e14-b6e4-c71646697907,false,"[OAS] [OAS] validation failed:
 - ERROR - Response Content-Type header 'charset=UTF-8' is not a valid media type: []
"
56ee44f5-58a0-464b-bf10-064ac7e13a2f,56700562-0981-40d0-8d68-c5351e11aa6e,false,"[OAS] [OAS] validation failed:
 - ERROR - [Path '/0'] Instance type (boolean) does not match any allowed primitive type (allowed: [""object""]): []
"
3185ca87-1445-4836-8db3-5913bfa2e805,4ada8cad-7621-4659-9dd8-94989575ce89,false,"[OAS] [OAS] validation failed:
 - ERROR - Response status 204 not defined for path '/projects'.: []
"
3185ca87-1445-4836-8db3-5913bfa2e805,1887db7d-20e8-4148-a770-f488c5056258,false,"[OAS] [OAS] validation failed:
 - ERROR - Instance type (array) does not match any allowed primitive type (allowed: [""object""]): []
"
3185ca87-1445-4836-8db3-5913bfa2e805,20a8266f-5fcb-4816-b89d-bc43d9962ba1,false,[NO_5XX] Unexpected 5XX response: 500
3185ca87-1445-4836-8db3-5913bfa2e805,08bc4024-3abe-4b4e-95d9-7323cf8f187f,false,"[OAS] [OAS] validation failed:
 - ERROR - Response Content-Type header 'text/plain' does not match any allowed types. Must be one of: [application/json].: []
"
3185ca87-1445-4836-8db3-5913bfa2e805,8760a0b6-4736-4355-8a9b-e18b39a62875,false,"[OAS] [OAS] validation failed:
 - ERROR - Response Content-Type header 'charset=UTF-8' is not a valid media type: []
"
3185ca87-1445-4836-8db3-5913bfa2e805,f3aa1fe2-4e13-46d2-b763-01790e349451,false,"[OAS] [OAS] validation failed:
 - ERROR - [Path '/0'] Instance type (boolean) does not match any allowed primitive type (allowed: [""object""]): []
"
2c616944-3755-4b1d-8a39-9245576b573e,64502e48-45dc-4a9b-b569-e2a117333390,false,"[OAS] [OAS] validation failed:
 - ERROR - Response status 201 not defined for path '/projects'.: []
"
2c616944-3755-4b1d-8a39-9245576b573e,a09c7855-9dd4-45ee-bfcc-241be153e3eb,false,"[OAS] [OAS] validation failed:
 - ERROR - Instance type (array) does not match any allowed primitive type (allowed: [""object""]): []
"
2c616944-3755-4b1d-8a39-9245576b573e,938870c7-d7cf-412c-beea-b89bd8ced722,false,[NO_5XX] Unexpected 5XX response: 500
2c616944-3755-4b1d-8a39-9245576b573e,2b52bf3f-080d-4120-b4e2-1bcb5472a2f2,false,"[OAS] [OAS] validation failed:
 - ERROR - Response Content-Type header 'application/xml' does not match any allowed types. Must be one of: [application/json].: []
"
2c616944-3755-4b1d-8a39-9245576b573e,c3cae377-8720-4ca7-b512-219327558290,false,"[OAS] [OAS] validation failed:
 - ERROR - Response Content-Type header 'charset=UTF-8' is not a valid media type: []
"
2c616944-3755-4b1d-8a39-9245576b573e,7c5b3fdf-01d9-47d9-8028-beca1e4db858,false,"[OAS] [OAS] validation failed:
 - ERROR - [Path '/1'] Instance type (boolean) does not match any allowed primitive type (allowed: [""object""]): []
"
2c616944-3755-4b1d-8a39-9245576b573e,6f6cbb7b-3228-4c63-9461-b7c2cd6e5e4f,false,"[OAS] [OAS] validation failed:
 - ERROR - [Path '/0'] Object instance has properties which are not allowed by the schema: [""randomBoolean1""]: []
"
2c616944-3755-4b1d-8a39-9245576b573e,098e7ef2-cbf0-4aa9-af4a-29b10c407da8,false,"[OAS] [OAS] validation failed:
 - ERROR - [Path '/0'] Instance type (null) does not match any allowed primitive type (allowed: [""object""]): []
"
2c616944-3755-4b1d-8a39-9245576b573e,28fe229c-cf88-436b-868a-9cc5d9086c04,false,"[OAS] [OAS] validation failed:
 - ERROR - [Path '/0'] Instance type (number) does not match any allowed primitive type (allowed: [""object""]): []
"
2c616944-3755-4b1d-8a39-9245576b573e,92ad1c99-3a94-41ee-a21a-71674520ae24,false,"[OAS] [OAS] validation failed:
 - ERROR - [Path '/0/languageList/0'] Instance type (boolean) does not match any allowed primitive type (allowed: [""string""]): []
 - ERROR - [Path '/0/languageList/1'] Instance type (object) does not match any allowed primitive type (allowed: [""string""]): []
"
2c616944-3755-4b1d-8a39-9245576b573e,a6489788-52da-4cc8-b3b8-f61198ac1aaa,false,"[OAS] [OAS] validation failed:
 - ERROR - [Path '/0/languageList'] Instance type (null) does not match any allowed primitive type (allowed: [""array""]): []
"
2c616944-3755-4b1d-8a39-9245576b573e,08f0345f-8878-4d6a-8137-078e33040dd4,false,"[OAS] [OAS] validation failed:
 - ERROR - [Path '/0/languageList'] Instance type (number) does not match any allowed primitive type (allowed: [""array""]): []
"
2c616944-3755-4b1d-8a39-9245576b573e,1d21211f-986c-4682-8609-8def9046fd15,false,"[OAS] [OAS] validation failed:
 - ERROR - [Path '/0/gitHubProjectId'] Instance type (null) does not match any allowed primitive type (allowed: [""integer""]): []
"
2c616944-3755-4b1d-8a39-9245576b573e,5e2bdd38-017a-47f7-b4e8-f938d9f00258,false,"[OAS] [OAS] validation failed:
 - ERROR - [Path '/0/gitHubProjectId'] Instance type (number) does not match any allowed primitive type (allowed: [""integer""]): []
"
2c616944-3755-4b1d-8a39-9245576b573e,52543de8-3572-4004-aa01-18710aff725f,false,"[OAS] [OAS] validation failed:
 - ERROR - [Path '/0/name'] Instance type (null) does not match any allowed primitive type (allowed: [""string""]): []
"
2c616944-3755-4b1d-8a39-9245576b573e,38d77392-8233-4446-9233-9f077fd2a144,false,"[OAS] [OAS] validation failed:
 - ERROR - [Path '/0/name'] Instance type (number) does not match any allowed primitive type (allowed: [""string""]): []
"
2c616944-3755-4b1d-8a39-9245576b573e,0df0873c-d4e4-4483-a7a5-2d5cf637d630,false,"[OAS] [OAS] validation failed:
 - ERROR - [Path '/0/title'] Instance type (number) does not match any allowed primitive type (allowed: [""null"",""string""]): []
"
2c616944-3755-4b1d-8a39-9245576b573e,298e8215-4080-411c-ac31-7850b588d2f8,false,"[OAS] [OAS] validation failed:
 - ERROR - [Path '/0/image'] Instance type (object) does not match any allowed primitive type (allowed: [""null"",""string""]): []
"
2c616944-3755-4b1d-8a39-9245576b573e,f601ef3c-cc7d-4bde-b4bb-b5c083980169,false,"[OAS] [OAS] validation failed:
 - ERROR - [Path '/0/organizationName'] Instance type (null) does not match any allowed primitive type (allowed: [""string""]): []
"
2c616944-3755-4b1d-8a39-9245576b573e,3f0b2cce-4808-4b57-b663-945d4d96d65e,false,"[OAS] [OAS] validation failed:
 - ERROR - [Path '/0/organizationName'] Instance type (object) does not match any allowed primitive type (allowed: [""string""]): []
"
2c616944-3755-4b1d-8a39-9245576b573e,59999134-dfdb-41e2-9c20-b58b5b403090,false,"[OAS] [OAS] validation failed:
 - ERROR - [Path '/0/url'] Instance type (object) does not match any allowed primitive type (allowed: [""null"",""string""]): []
"
2c616944-3755-4b1d-8a39-9245576b573e,c3164089-d62c-4355-befe-02dcfd963355,false,"[OAS] [OAS] validation failed:
 - ERROR - [Path '/0/description'] Instance type (array) does not match any allowed primitive type (allowed: [""null"",""string""]): []
"
2c616944-3755-4b1d-8a39-9245576b573e,931be48f-b888-446b-aa08-6023648c727c,false,"[OAS] [OAS] validation failed:
 - ERROR - [Path '/0/starsCount'] Instance type (null) does not match any allowed primitive type (allowed: [""integer""]): []
"
2c616944-3755-4b1d-8a39-9245576b573e,b78dd6eb-b52f-400b-876a-0fb83b303f1f,false,"[OAS] [OAS] validation failed:
 - ERROR - [Path '/0/starsCount'] Instance type (object) does not match any allowed primitive type (allowed: [""integer""]): []
"
2c616944-3755-4b1d-8a39-9245576b573e,c34953b6-5a3e-42c1-b77d-c95a76b06c52,false,"[OAS] [OAS] validation failed:
 - ERROR - [Path '/0/commitsCount'] Instance type (null) does not match any allowed primitive type (allowed: [""integer""]): []
"
2c616944-3755-4b1d-8a39-9245576b573e,d0fafc6b-a5a3-4a55-a1c8-888727f41ae3,false,"[OAS] [OAS] validation failed:
 - ERROR - [Path '/0/commitsCount'] Instance type (object) does not match any allowed primitive type (allowed: [""integer""]): []
"
2c616944-3755-4b1d-8a39-9245576b573e,511780f9-c9e7-4135-b4fc-9ad13b1b1e5d,false,"[OAS] [OAS] validation failed:
 - ERROR - [Path '/0/forksCount'] Instance type (null) does not match any allowed primitive type (allowed: [""integer""]): []
"
2c616944-3755-4b1d-8a39-9245576b573e,3923f909-456c-434b-9166-01d3a88d046b,false,"[OAS] [OAS] validation failed:
 - ERROR - [Path '/0/forksCount'] Instance type (array) does not match any allowed primitive type (allowed: [""integer""]): []
"
2c616944-3755-4b1d-8a39-9245576b573e,29bd3c41-0bd7-47b8-937c-160f77859b33,false,"[OAS] [OAS] validation failed:
 - ERROR - [Path '/0/contributorsCount'] Instance type (null) does not match any allowed primitive type (allowed: [""integer""]): []
"
2c616944-3755-4b1d-8a39-9245576b573e,4361a305-74bd-4ce9-9fae-b499f91d9080,false,"[OAS] [OAS] validation failed:
 - ERROR - [Path '/0/contributorsCount'] Instance type (string) does not match any allowed primitive type (allowed: [""integer""]): []
"
2c616944-3755-4b1d-8a39-9245576b573e,c3e6c0f7-6d9c-410d-a0f9-001fba5e0d25,false,"[OAS] [OAS] validation failed:
 - ERROR - [Path '/0/score'] Instance type (null) does not match any allowed primitive type (allowed: [""integer""]): []
"
2c616944-3755-4b1d-8a39-9245576b573e,866c847e-abf9-4a36-b433-7924fba17422,false,"[OAS] [OAS] validation failed:
 - ERROR - [Path '/0/score'] Instance type (array) does not match any allowed primitive type (allowed: [""integer""]): []
"
2c616944-3755-4b1d-8a39-9245576b573e,c8de473f-c287-4816-9b2f-c09ba7e18535,false,"[OAS] [OAS] validation failed:
 - ERROR - [Path '/0/lastPushed'] Instance type (array) does not match any allowed primitive type (allowed: [""null"",""string""]): []
"
2c616944-3755-4b1d-8a39-9245576b573e,7cdc87ba-ac38-4ab0-9eef-dc5397b43027,false,"[OAS] [OAS] validation failed:
 - ERROR - [Path '/0/primaryLanguage'] Instance type (null) does not match any allowed primitive type (allowed: [""string""]): []
"
2c616944-3755-4b1d-8a39-9245576b573e,9f5008af-9f83-4cd8-92a7-0415e064424b,false,"[OAS] [OAS] validation failed:
 - ERROR - [Path '/0/primaryLanguage'] Instance type (object) does not match any allowed primitive type (allowed: [""string""]): []
"
2c616944-3755-4b1d-8a39-9245576b573e,3b0a3d76-d719-43e1-a967-98d543d5fdc4,false,"[OAS] [OAS] validation failed:
 - ERROR - [Path '/0/maintainers/0'] Instance type (object) does not match any allowed primitive type (allowed: [""string""]): []
 - ERROR - [Path '/0/maintainers/1'] Instance type (integer) does not match any allowed primitive type (allowed: [""string""]): []
 - ERROR - [Path '/0/maintainers/2'] Instance type (array) does not match any allowed primitive type (allowed: [""string""]): []
 - ERROR - [Path '/0/maintainers/3'] Instance type (object) does not match any allowed primitive type (allowed: [""string""]): []
"
2c616944-3755-4b1d-8a39-9245576b573e,ee2b2710-5a0a-456a-a209-a503d870ae66,false,"[OAS] [OAS] validation failed:
 - ERROR - [Path '/0/maintainers'] Instance type (null) does not match any allowed primitive type (allowed: [""array""]): []
"
2c616944-3755-4b1d-8a39-9245576b573e,f9dff849-44ca-44c2-8e0b-4fecbfdd3edb,false,"[OAS] [OAS] validation failed:
 - ERROR - [Path '/0/maintainers'] Instance type (object) does not match any allowed primitive type (allowed: [""array""]): []
"
71c061e2-c41d-485c-a198-ca2e56422227,d6640f4d-0dd8-41f3-8274-27a9183c145a,false,"[OAS] [OAS] validation failed:
 - ERROR - Response status 204 not defined for path '/projects'.: []
"
71c061e2-c41d-485c-a198-ca2e56422227,77bd5ccd-2334-4831-a2b6-9700ff5cb1b5,false,"[OAS] [OAS] validation failed:
 - ERROR - Response status 403 not defined for path '/projects'.: []
"
71c061e2-c41d-485c-a198-ca2e56422227,20f06fdd-703b-48c7-b56c-daa532e39abd,false,[NO_5XX] Unexpected 5XX response: 502
71c061e2-c41d-485c-a198-ca2e56422227,63040bcd-686f-4642-a323-86f10879516f,false,"[OAS] [OAS] validation failed:
 - ERROR - Response Content-Type header 'application/xml' does not match any allowed types. Must be one of: [application/json].: []
"
71c061e2-c41d-485c-a198-ca2e56422227,87651f37-cc39-4bb3-8617-4f0b4a83198e,false,"[OAS] [OAS] validation failed:
 - ERROR - Response Content-Type header 'charset=UTF-8' is not a valid media type: []
"
71c061e2-c41d-485c-a198-ca2e56422227,6bc66dd4-8b8f-4455-a32c-a90a0ad2cbbe,false,"[OAS] [OAS] validation failed:
 - ERROR - [Path '/0'] Instance type (boolean) does not match any allowed primitive type (allowed: [""object""]): []
"
259f2c60-7b0e-4391-b8a9-95a24730a402,35dd2c8c-72bc-4bfb-b1a6-4b2350d1f5da,false,"[OAS] [OAS] validation failed:
 - ERROR - Response status 201 not defined for path '/projects'.: []
"
259f2c60-7b0e-4391-b8a9-95a24730a402,fca5c68b-aeca-460b-9d37-011216004247,false,"[OAS] [OAS] validation failed:
 - ERROR - Response status 404 not defined for path '/projects'.: []
"
259f2c60-7b0e-4391-b8a9-95a24730a402,82cd0747-5804-41b8-b675-2be718aee9e5,false,[NO_5XX] Unexpected 5XX response: 503
259f2c60-7b0e-4391-b8a9-95a24730a402,61da38e8-cad6-4722-bf03-9f899cff6c34,false,"[OAS] [OAS] validation failed:
 - ERROR - Response Content-Type header 'text/javascript' does not match any allowed types. Must be one of: [application/json].: []
"
259f2c60-7b0e-4391-b8a9-95a24730a402,21c6ea20-ce8b-458b-8738-e4b30f4ffdea,false,"[OAS] [OAS] validation failed:
 - ERROR - Response Content-Type header 'charset=UTF-8' is not a valid media type: []
"
259f2c60-7b0e-4391-b8a9-95a24730a402,ba97a1a9-8b1f-4310-a2d0-c23616459a34,false,"[OAS] [OAS] validation failed:
 - ERROR - [Path '/0'] Instance type (boolean) does not match any allowed primitive type (allowed: [""object""]): []
"
f758bd73-bf99-414f-8c7b-2d134472d811,a5143348-9844-4dc2-b0cf-65b2aff6690a,false,"[OAS] [OAS] validation failed:
 - ERROR - Response status 201 not defined for path '/projects'.: []
"
f758bd73-bf99-414f-8c7b-2d134472d811,34f9292b-899e-4783-8cb3-ed5f58f93805,false,"[OAS] [OAS] validation failed:
 - ERROR - Instance type (array) does not match any allowed primitive type (allowed: [""object""]): []
"
f758bd73-bf99-414f-8c7b-2d134472d811,6ea7f5d4-78d2-4d56-984a-528cf4d73044,false,[NO_5XX] Unexpected 5XX response: 500
f758bd73-bf99-414f-8c7b-2d134472d811,69153900-3bce-4520-b613-bdf03b122da3,false,"[OAS] [OAS] validation failed:
 - ERROR - Response Content-Type header 'text/css' does not match any allowed types. Must be one of: [application/json].: []
"
f758bd73-bf99-414f-8c7b-2d134472d811,96a17be1-401e-4e0b-8d4f-30d301d1e44c,false,"[OAS] [OAS] validation failed:
 - ERROR - Response Content-Type header 'charset=UTF-8' is not a valid media type: []
"
f758bd73-bf99-414f-8c7b-2d134472d811,1e3ed0df-c19a-470b-b856-c3069df70818,false,"[OAS] [OAS] validation failed:
 - ERROR - [Path '/0'] Instance type (boolean) does not match any allowed primitive type (allowed: [""object""]): []
"
974771f9-2f39-4b2b-9a89-65304c15d740,9c45d6a4-885e-4c3b-aa00-0617c3025196,false,"[OAS] [OAS] validation failed:
 - ERROR - Response status 201 not defined for path '/projects'.: []
"
974771f9-2f39-4b2b-9a89-65304c15d740,fa4884ca-c5a2-411b-ae96-23f160e2a556,false,"[OAS] [OAS] validation failed:
 - ERROR - Response status 409 not defined for path '/projects'.: []
"
974771f9-2f39-4b2b-9a89-65304c15d740,7233ed84-d4e1-47cb-881f-74604d682568,false,[NO_5XX] Unexpected 5XX response: 504
974771f9-2f39-4b2b-9a89-65304c15d740,f01de179-9992-4808-a310-83ce617ea472,false,"[OAS] [OAS] validation failed:
 - ERROR - Response Content-Type header 'text/html' does not match any allowed types. Must be one of: [application/json].: []
"
974771f9-2f39-4b2b-9a89-65304c15d740,743b9150-51b2-400c-95c5-ea413448ab73,false,"[OAS] [OAS] validation failed:
 - ERROR - Response Content-Type header 'charset=UTF-8' is not a valid media type: []
"
974771f9-2f39-4b2b-9a89-65304c15d740,930709f8-af33-4c17-a6b4-14664ff24707,false,"[OAS] [OAS] validation failed:
 - ERROR - [Path '/0'] Instance type (boolean) does not match any allowed primitive type (allowed: [""object""]): []
"
311d2240-484f-4d30-a8fa-0bd5cba4687f,1fec768d-a784-4ed9-9de9-2d7a156a2415,false,"[OAS] [OAS] validation failed:
 - ERROR - Response status 201 not defined for path '/projects'.: []
"
311d2240-484f-4d30-a8fa-0bd5cba4687f,e61ad3fc-7c78-42fb-9e31-e509ee8f1507,false,"[OAS] [OAS] validation failed:
 - ERROR - Response status 403 not defined for path '/projects'.: []
"
311d2240-484f-4d30-a8fa-0bd5cba4687f,b8ff66a2-ec82-4d9f-bd76-790a9e34927c,false,[NO_5XX] Unexpected 5XX response: 502
311d2240-484f-4d30-a8fa-0bd5cba4687f,000e184e-1149-49aa-80e3-d9da90d2d47a,false,"[OAS] [OAS] validation failed:
 - ERROR - Response Content-Type header 'text/plain' does not match any allowed types. Must be one of: [application/json].: []
"
311d2240-484f-4d30-a8fa-0bd5cba4687f,ecfc6067-7175-4b86-9025-d9aae61440b7,false,"[OAS] [OAS] validation failed:
 - ERROR - Response Content-Type header 'charset=UTF-8' is not a valid media type: []
"
311d2240-484f-4d30-a8fa-0bd5cba4687f,27dda1b7-ead7-47fd-a24e-9a5f327d4871,false,"[OAS] [OAS] validation failed:
 - ERROR - [Path '/0'] Instance type (boolean) does not match any allowed primitive type (allowed: [""object""]): []
"
86c7940a-b49c-4ad0-890f-9b6dce819d95,97a48b90-24a3-4843-ae0b-d09b98230e4d,false,"[OAS] [OAS] validation failed:
 - ERROR - Response status 201 not defined for path '/projects'.: []
"
86c7940a-b49c-4ad0-890f-9b6dce819d95,a72668a0-9007-42da-ba7b-28a870b4136b,false,"[OAS] [OAS] validation failed:
 - ERROR - Response status 404 not defined for path '/projects'.: []
"
86c7940a-b49c-4ad0-890f-9b6dce819d95,238de8e6-4e84-4872-82ec-69061fc04703,false,[NO_5XX] Unexpected 5XX response: 503
86c7940a-b49c-4ad0-890f-9b6dce819d95,6aa03b1b-c9b8-4614-a990-f417b933b8e0,false,"[OAS] [OAS] validation failed:
 - ERROR - Response Content-Type header 'application/xml' does not match any allowed types. Must be one of: [application/json].: []
"
86c7940a-b49c-4ad0-890f-9b6dce819d95,d8988770-42bd-4e72-b306-1d49edc85bcb,false,"[OAS] [OAS] validation failed:
 - ERROR - Response Content-Type header 'charset=UTF-8' is not a valid media type: []
"
86c7940a-b49c-4ad0-890f-9b6dce819d95,a0dbbb68-8bbf-418d-bb62-e9a5f3f0b04d,false,"[OAS] [OAS] validation failed:
 - ERROR - [Path '/0'] Instance type (boolean) does not match any allowed primitive type (allowed: [""object""]): []
"
c115d0d7-3c3d-4c68-8de0-6a85da7d22bc,48aa49bd-e3bd-477a-8fd6-9afaddf6af8c,false,"[OAS] [OAS] validation failed:
 - ERROR - Response status 201 not defined for path '/projects'.: []
"
c115d0d7-3c3d-4c68-8de0-6a85da7d22bc,c3685f92-a05d-4f56-871f-55a6d10fc97c,false,"[OAS] [OAS] validation failed:
 - ERROR - Response status 401 not defined for path '/projects'.: []
"
c115d0d7-3c3d-4c68-8de0-6a85da7d22bc,13702a18-f5f4-4041-a27d-799394269e46,false,[NO_5XX] Unexpected 5XX response: 501
c115d0d7-3c3d-4c68-8de0-6a85da7d22bc,e3e4831f-ad09-452e-b1b3-c25863538c6e,false,"[OAS] [OAS] validation failed:
 - ERROR - Response Content-Type header 'text/javascript' does not match any allowed types. Must be one of: [application/json].: []
"
c115d0d7-3c3d-4c68-8de0-6a85da7d22bc,6b70d85a-7f08-4b05-89b7-70215c17f5e9,false,"[OAS] [OAS] validation failed:
 - ERROR - Response Content-Type header 'charset=UTF-8' is not a valid media type: []
"
c115d0d7-3c3d-4c68-8de0-6a85da7d22bc,e07b3d50-8ced-4720-b0f7-6ef10fd5466a,false,"[OAS] [OAS] validation failed:
 - ERROR - [Path '/0'] Instance type (boolean) does not match any allowed primitive type (allowed: [""object""]): []
"
b67c68a4-c730-4663-a8bf-aeedd21e54b0,90920cf9-06e9-4d23-aa03-8502b10aa735,false,"[OAS] [OAS] validation failed:
 - ERROR - Response status 201 not defined for path '/projects'.: []
"
b67c68a4-c730-4663-a8bf-aeedd21e54b0,e83a7784-ffd6-486d-a326-e4c1c83b32da,false,"[OAS] [OAS] validation failed:
 - ERROR - Response status 409 not defined for path '/projects'.: []
"
b67c68a4-c730-4663-a8bf-aeedd21e54b0,724af6d3-3286-4fa5-892e-32c7295ad9f0,false,[NO_5XX] Unexpected 5XX response: 504
b67c68a4-c730-4663-a8bf-aeedd21e54b0,46e7b66b-8e0b-4323-837a-80dbcdf03aeb,false,"[OAS] [OAS] validation failed:
 - ERROR - Response Content-Type header 'text/css' does not match any allowed types. Must be one of: [application/json].: []
"
b67c68a4-c730-4663-a8bf-aeedd21e54b0,b316694b-5d74-4722-97b4-44ebbcbf9edc,false,"[OAS] [OAS] validation failed:
 - ERROR - Response Content-Type header 'charset=UTF-8' is not a valid media type: []
"
b67c68a4-c730-4663-a8bf-aeedd21e54b0,cc50bef2-c94c-461a-aa77-045c16a74088,false,"[OAS] [OAS] validation failed:
 - ERROR - [Path '/0'] Instance type (boolean) does not match any allowed primitive type (allowed: [""object""]): []
"
5e7921a6-b713-44ef-993d-23826aa87022,ba9f1de1-12d3-463e-895d-a45e919c6ee5,false,"[OAS] [OAS] validation failed:
 - ERROR - Response status 204 not defined for path '/projects'.: []
"
5e7921a6-b713-44ef-993d-23826aa87022,a94ab2be-01e0-4dad-a745-189446b228be,false,"[OAS] [OAS] validation failed:
 - ERROR - Response status 401 not defined for path '/projects'.: []
"
5e7921a6-b713-44ef-993d-23826aa87022,3c102d48-f0e0-4ff2-83ef-323a507d0a62,false,[NO_5XX] Unexpected 5XX response: 501
5e7921a6-b713-44ef-993d-23826aa87022,b527e55f-d5f9-40f9-8dd4-bb37914014a0,false,"[OAS] [OAS] validation failed:
 - ERROR - Response Content-Type header 'text/plain' does not match any allowed types. Must be one of: [application/json].: []
"
5e7921a6-b713-44ef-993d-23826aa87022,ad0d4250-5d75-4e78-9e8c-a1d586281f8a,false,"[OAS] [OAS] validation failed:
 - ERROR - Response Content-Type header 'charset=UTF-8' is not a valid media type: []
"
5e7921a6-b713-44ef-993d-23826aa87022,27304315-ae68-41c7-88d3-02c0acb0cc69,false,"[OAS] [OAS] validation failed:
 - ERROR - [Path '/0'] Instance type (boolean) does not match any allowed primitive type (allowed: [""object""]): []
"
4bd294aa-7f19-4b77-8c83-6b5bb32ddc86,b6b6ad64-8f23-428d-892c-272dca23a2b1,false,"[OAS] [OAS] validation failed:
 - ERROR - Response status 201 not defined for path '/projects'.: []
"
4bd294aa-7f19-4b77-8c83-6b5bb32ddc86,8ffef092-bbd2-43ca-b2f4-d9381a23e29d,false,"[OAS] [OAS] validation failed:
 - ERROR - Response status 403 not defined for path '/projects'.: []
"
4bd294aa-7f19-4b77-8c83-6b5bb32ddc86,008b52f4-722c-4ade-86cd-f3ee8c240c11,false,[NO_5XX] Unexpected 5XX response: 502
4bd294aa-7f19-4b77-8c83-6b5bb32ddc86,215c9076-c7e6-46dc-8801-a9cf6302674c,false,"[OAS] [OAS] validation failed:
 - ERROR - Response Content-Type header 'text/javascript' does not match any allowed types. Must be one of: [application/json].: []
"
4bd294aa-7f19-4b77-8c83-6b5bb32ddc86,091b0373-e36a-4a67-944c-aeb9314c970f,false,"[OAS] [OAS] validation failed:
 - ERROR - Response Content-Type header 'charset=UTF-8' is not a valid media type: []
"
4bd294aa-7f19-4b77-8c83-6b5bb32ddc86,f3dbee26-a6e8-4d33-8695-99b78354b746,false,"[OAS] [OAS] validation failed:
 - ERROR - [Path '/0'] Instance type (boolean) does not match any allowed primitive type (allowed: [""object""]): []
"
81ef5895-f462-4e6a-9692-842e93c71ff7,3a4243dd-aab5-4fed-8a33-0fd243921563,false,"[OAS] [OAS] validation failed:
 - ERROR - Response status 204 not defined for path '/projects'.: []
"
81ef5895-f462-4e6a-9692-842e93c71ff7,1f770638-9bc2-4c76-9093-3d624cb88d91,false,"[OAS] [OAS] validation failed:
 - ERROR - Response status 401 not defined for path '/projects'.: []
"
81ef5895-f462-4e6a-9692-842e93c71ff7,5c0f24f4-198b-4755-a575-7a1459a6670c,false,[NO_5XX] Unexpected 5XX response: 501
81ef5895-f462-4e6a-9692-842e93c71ff7,21a21aba-4f15-475e-ac7f-c69875d43868,false,"[OAS] [OAS] validation failed:
 - ERROR - Response Content-Type header 'application/x-www-form-urlencoded' does not match any allowed types. Must be one of: [application/json].: []
"
81ef5895-f462-4e6a-9692-842e93c71ff7,4dff75d4-1374-4ca1-8687-fc70f19ff4d6,false,"[OAS] [OAS] validation failed:
 - ERROR - Response Content-Type header 'charset=UTF-8' is not a valid media type: []
"
81ef5895-f462-4e6a-9692-842e93c71ff7,f967e6a5-e74e-47e1-8dd4-44986ca058fe,false,"[OAS] [OAS] validation failed:
 - ERROR - [Path '/0'] Instance type (boolean) does not match any allowed primitive type (allowed: [""object""]): []
"
116d1837-3f2c-4112-b5b7-4eceb1d3b6a3,e67aa859-f134-4fef-bd64-f46bbb527373,false,"[OAS] [OAS] validation failed:
 - ERROR - Response status 201 not defined for path '/projects'.: []
"
116d1837-3f2c-4112-b5b7-4eceb1d3b6a3,59d3d8f0-2104-4f46-a991-c35756d208fe,false,"[OAS] [OAS] validation failed:
 - ERROR - Response status 401 not defined for path '/projects'.: []
"
116d1837-3f2c-4112-b5b7-4eceb1d3b6a3,6992a376-b80b-4d9b-9b77-f22d435d5c5b,false,[NO_5XX] Unexpected 5XX response: 501
116d1837-3f2c-4112-b5b7-4eceb1d3b6a3,b24fde9a-5698-44e6-b72c-95e9183f4009,false,"[OAS] [OAS] validation failed:
 - ERROR - Response Content-Type header 'text/css' does not match any allowed types. Must be one of: [application/json].: []
"
116d1837-3f2c-4112-b5b7-4eceb1d3b6a3,71687b2b-269f-45f3-917d-c46766b1be40,false,"[OAS] [OAS] validation failed:
 - ERROR - Response Content-Type header 'charset=UTF-8' is not a valid media type: []
"
116d1837-3f2c-4112-b5b7-4eceb1d3b6a3,176ec30f-63ff-463d-88a8-8a97b2f62744,false,"[OAS] [OAS] validation failed:
 - ERROR - [Path '/0'] Instance type (boolean) does not match any allowed primitive type (allowed: [""object""]): []
"
c1fdb554-7cc6-4163-8c7c-254bee4d4bbb,b7f04a6c-8449-4b70-b761-b8c064057da4,false,"[OAS] [OAS] validation failed:
 - ERROR - Response status 204 not defined for path '/projects'.: []
"
c1fdb554-7cc6-4163-8c7c-254bee4d4bbb,420f3402-d866-4449-aced-2ccc3e4ba982,false,"[OAS] [OAS] validation failed:
 - ERROR - Response status 401 not defined for path '/projects'.: []
"
c1fdb554-7cc6-4163-8c7c-254bee4d4bbb,4ba722d9-4b7a-4747-979f-681632afb001,false,[NO_5XX] Unexpected 5XX response: 501
c1fdb554-7cc6-4163-8c7c-254bee4d4bbb,09327376-ee79-46c3-af27-6375fe08d0e8,false,"[OAS] [OAS] validation failed:
 - ERROR - Response Content-Type header 'text/css' does not match any allowed types. Must be one of: [application/json].: []
"
c1fdb554-7cc6-4163-8c7c-254bee4d4bbb,63947fe5-7a17-4e34-b5b8-3981056df1cb,false,"[OAS] [OAS] validation failed:
 - ERROR - Response Content-Type header 'charset=UTF-8' is not a valid media type: []
"
c1fdb554-7cc6-4163-8c7c-254bee4d4bbb,a4a9cc2c-9e25-42d5-a1b7-513ef6db46ec,false,"[OAS] [OAS] validation failed:
 - ERROR - [Path '/0'] Instance type (boolean) does not match any allowed primitive type (allowed: [""object""]): []
"
11c7d3b0-c3a0-49bd-9fa8-0753f9734381,a94cc5e2-09c6-4b21-b3ef-967524d5d603,false,"[OAS] [OAS] validation failed:
 - ERROR - Response status 201 not defined for path '/projects'.: []
"
11c7d3b0-c3a0-49bd-9fa8-0753f9734381,3ab72b07-0c94-4adc-a7d3-6ae96d8a02db,false,"[OAS] [OAS] validation failed:
 - ERROR - Response status 404 not defined for path '/projects'.: []
"
11c7d3b0-c3a0-49bd-9fa8-0753f9734381,6e78506e-6303-48d5-9dfd-9ea32e6fadaf,false,[NO_5XX] Unexpected 5XX response: 503
11c7d3b0-c3a0-49bd-9fa8-0753f9734381,df8629b0-5151-4462-b5b0-79587dc5cf4b,false,"[OAS] [OAS] validation failed:
 - ERROR - Response Content-Type header 'text/css' does not match any allowed types. Must be one of: [application/json].: []
"
11c7d3b0-c3a0-49bd-9fa8-0753f9734381,7bc1a61a-9b3a-41c7-aa6a-6943e1b0001f,false,"[OAS] [OAS] validation failed:
 - ERROR - Response Content-Type header 'charset=UTF-8' is not a valid media type: []
"
11c7d3b0-c3a0-49bd-9fa8-0753f9734381,f3f79668-850b-49a7-8659-4a6a897acb56,false,"[OAS] [OAS] validation failed:
 - ERROR - [Path '/0'] Instance type (boolean) does not match any allowed primitive type (allowed: [""object""]): []
"
deab84c0-e262-4e80-b70e-f3b6bae787a2,7d1b23e1-414a-473d-a21b-d5ee0880ba1c,false,"[OAS] [OAS] validation failed:
 - ERROR - Response status 201 not defined for path '/projects'.: []
"
deab84c0-e262-4e80-b70e-f3b6bae787a2,82ea2204-5237-43c3-9844-d350b292026b,false,"[OAS] [OAS] validation failed:
 - ERROR - Instance type (array) does not match any allowed primitive type (allowed: [""object""]): []
"
deab84c0-e262-4e80-b70e-f3b6bae787a2,5b2c0258-03c6-4a8c-a5a1-04054e003002,false,[NO_5XX] Unexpected 5XX response: 500
deab84c0-e262-4e80-b70e-f3b6bae787a2,9fe87941-d31b-48a1-872e-895ef923b510,false,"[OAS] [OAS] validation failed:
 - ERROR - Response Content-Type header 'application/xml' does not match any allowed types. Must be one of: [application/json].: []
"
deab84c0-e262-4e80-b70e-f3b6bae787a2,4ff30044-040b-48d4-9079-5f926dbf03db,false,"[OAS] [OAS] validation failed:
 - ERROR - Response Content-Type header 'charset=UTF-8' is not a valid media type: []
"
deab84c0-e262-4e80-b70e-f3b6bae787a2,3cf97a8a-0eb3-4ff9-86a3-c8cd69b6b8bb,false,"[OAS] [OAS] validation failed:
 - ERROR - [Path '/0'] Instance type (boolean) does not match any allowed primitive type (allowed: [""object""]): []
"
34ff674b-9749-4826-9e33-5932c182adea,72b03bbb-7aef-4dbd-8bf0-c43aefb48a3a,false,"[OAS] [OAS] validation failed:
 - ERROR - Response status 201 not defined for path '/projects'.: []
"
34ff674b-9749-4826-9e33-5932c182adea,27e6fffd-d227-437d-8e6a-b1c7642f48f5,false,"[OAS] [OAS] validation failed:
 - ERROR - Response status 403 not defined for path '/projects'.: []
"
34ff674b-9749-4826-9e33-5932c182adea,32e3ad1d-55bd-4dd6-a5ba-214b56b67498,false,[NO_5XX] Unexpected 5XX response: 502
34ff674b-9749-4826-9e33-5932c182adea,0fb2c163-ade9-40c4-b241-e9c8f50021bb,false,"[OAS] [OAS] validation failed:
 - ERROR - Response Content-Type header 'application/xml' does not match any allowed types. Must be one of: [application/json].: []
"
34ff674b-9749-4826-9e33-5932c182adea,864c6ae2-10cd-46de-a76d-3976f7af2ad0,false,"[OAS] [OAS] validation failed:
 - ERROR - Response Content-Type header 'charset=UTF-8' is not a valid media type: []
"
34ff674b-9749-4826-9e33-5932c182adea,54394b52-af3f-43a2-bd51-b829435344fd,false,"[OAS] [OAS] validation failed:
 - ERROR - [Path '/0'] Instance type (boolean) does not match any allowed primitive type (allowed: [""object""]): []
"
aefe1d04-07ee-4e32-bcbb-49988ebcedd4,e38dd698-b23a-4f99-a7c7-5056cb0e8531,false,"[OAS] [OAS] validation failed:
 - ERROR - Response status 204 not defined for path '/projects'.: []
"
aefe1d04-07ee-4e32-bcbb-49988ebcedd4,769dc5fb-2401-438a-938f-e5339617555e,false,"[OAS] [OAS] validation failed:
 - ERROR - Response status 404 not defined for path '/projects'.: []
"
aefe1d04-07ee-4e32-bcbb-49988ebcedd4,3f854853-6cf4-4912-8a72-7760f961be7c,false,[NO_5XX] Unexpected 5XX response: 503
aefe1d04-07ee-4e32-bcbb-49988ebcedd4,ac35a705-5763-4c1f-a4fd-280c4ff9f4c2,false,"[OAS] [OAS] validation failed:
 - ERROR - Response Content-Type header 'application/x-www-form-urlencoded' does not match any allowed types. Must be one of: [application/json].: []
"
aefe1d04-07ee-4e32-bcbb-49988ebcedd4,75fa4e19-1749-4865-8be3-b56b37debed3,false,"[OAS] [OAS] validation failed:
 - ERROR - Response Content-Type header 'charset=UTF-8' is not a valid media type: []
"
aefe1d04-07ee-4e32-bcbb-49988ebcedd4,2789ac30-3652-414e-8e5f-c56fff7c0080,false,"[OAS] [OAS] validation failed:
 - ERROR - [Path '/5'] Instance type (boolean) does not match any allowed primitive type (allowed: [""object""]): []
"
aefe1d04-07ee-4e32-bcbb-49988ebcedd4,69526754-698c-43b0-88fd-cfb889b697d3,false,"[OAS] [OAS] validation failed:
 - ERROR - [Path '/0'] Object instance has properties which are not allowed by the schema: [""randomBoolean1""]: []
"
aefe1d04-07ee-4e32-bcbb-49988ebcedd4,4c31d3c8-8b88-499d-a6d5-dfda42bf25ac,false,"[OAS] [OAS] validation failed:
 - ERROR - [Path '/0'] Instance type (null) does not match any allowed primitive type (allowed: [""object""]): []
"
aefe1d04-07ee-4e32-bcbb-49988ebcedd4,1564a7a4-e7ce-4a35-ac7a-75946c6883eb,false,"[OAS] [OAS] validation failed:
 - ERROR - [Path '/0'] Instance type (number) does not match any allowed primitive type (allowed: [""object""]): []
"
aefe1d04-07ee-4e32-bcbb-49988ebcedd4,4f96a2b3-7ff3-4d3d-88b5-8c2fd4edaabe,false,"[OAS] [OAS] validation failed:
 - ERROR - [Path '/0/languageList/0'] Instance type (boolean) does not match any allowed primitive type (allowed: [""string""]): []
 - ERROR - [Path '/0/languageList/1'] Instance type (object) does not match any allowed primitive type (allowed: [""string""]): []
"
aefe1d04-07ee-4e32-bcbb-49988ebcedd4,0d964057-bd81-461a-a5a5-a3d541e8a0f4,false,"[OAS] [OAS] validation failed:
 - ERROR - [Path '/0/languageList'] Instance type (null) does not match any allowed primitive type (allowed: [""array""]): []
"
aefe1d04-07ee-4e32-bcbb-49988ebcedd4,ed52a1da-36ee-47bf-877b-55f5a68505a0,false,"[OAS] [OAS] validation failed:
 - ERROR - [Path '/0/languageList'] Instance type (number) does not match any allowed primitive type (allowed: [""array""]): []
"
aefe1d04-07ee-4e32-bcbb-49988ebcedd4,c12fd8f1-4e2b-4b4d-8688-d3f0aaf53cec,false,"[OAS] [OAS] validation failed:
 - ERROR - [Path '/0/gitHubProjectId'] Instance type (null) does not match any allowed primitive type (allowed: [""integer""]): []
"
aefe1d04-07ee-4e32-bcbb-49988ebcedd4,a35c1174-3176-4218-8b36-47e88e56c582,false,"[OAS] [OAS] validation failed:
 - ERROR - [Path '/0/gitHubProjectId'] Instance type (number) does not match any allowed primitive type (allowed: [""integer""]): []
"
aefe1d04-07ee-4e32-bcbb-49988ebcedd4,bf03ff7c-cf5d-42e5-867a-d869424e5961,false,"[OAS] [OAS] validation failed:
 - ERROR - [Path '/0/name'] Instance type (null) does not match any allowed primitive type (allowed: [""string""]): []
"
aefe1d04-07ee-4e32-bcbb-49988ebcedd4,8fc5fd9f-bea2-4576-9ab3-1cba607d2a1d,false,"[OAS] [OAS] validation failed:
 - ERROR - [Path '/0/name'] Instance type (number) does not match any allowed primitive type (allowed: [""string""]): []
"
aefe1d04-07ee-4e32-bcbb-49988ebcedd4,eabccaf2-870f-4ba9-b66b-daa6b8670de5,false,"[OAS] [OAS] validation failed:
 - ERROR - [Path '/0/title'] Instance type (number) does not match any allowed primitive type (allowed: [""null"",""string""]): []
"
aefe1d04-07ee-4e32-bcbb-49988ebcedd4,2dfc3f2b-923b-4733-bba3-868fc8317bcc,false,"[OAS] [OAS] validation failed:
 - ERROR - [Path '/0/image'] Instance type (object) does not match any allowed primitive type (allowed: [""null"",""string""]): []
"
aefe1d04-07ee-4e32-bcbb-49988ebcedd4,5af7ff42-fcf6-45cf-a469-5319bad32c6e,false,"[OAS] [OAS] validation failed:
 - ERROR - [Path '/0/organizationName'] Instance type (null) does not match any allowed primitive type (allowed: [""string""]): []
"
aefe1d04-07ee-4e32-bcbb-49988ebcedd4,c562b0ff-de2e-4f3c-9c70-6b7a8fd11cd5,false,"[OAS] [OAS] validation failed:
 - ERROR - [Path '/0/organizationName'] Instance type (object) does not match any allowed primitive type (allowed: [""string""]): []
"
aefe1d04-07ee-4e32-bcbb-49988ebcedd4,7801af32-7442-4d7b-8da9-817af8c30fff,false,"[OAS] [OAS] validation failed:
 - ERROR - [Path '/0/url'] Instance type (object) does not match any allowed primitive type (allowed: [""null"",""string""]): []
"
aefe1d04-07ee-4e32-bcbb-49988ebcedd4,15645530-4929-4ce7-9a21-712592a8e632,false,"[OAS] [OAS] validation failed:
 - ERROR - [Path '/0/description'] Instance type (array) does not match any allowed primitive type (allowed: [""null"",""string""]): []
"
aefe1d04-07ee-4e32-bcbb-49988ebcedd4,f40ada81-1e75-449d-9996-adea7a625408,false,"[OAS] [OAS] validation failed:
 - ERROR - [Path '/0/starsCount'] Instance type (null) does not match any allowed primitive type (allowed: [""integer""]): []
"
aefe1d04-07ee-4e32-bcbb-49988ebcedd4,e8262867-ff82-4262-b71b-e9aa95496087,false,"[OAS] [OAS] validation failed:
 - ERROR - [Path '/0/starsCount'] Instance type (object) does not match any allowed primitive type (allowed: [""integer""]): []
"
aefe1d04-07ee-4e32-bcbb-49988ebcedd4,a0053df5-c49e-4aa3-bf19-34fcbad64751,false,"[OAS] [OAS] validation failed:
 - ERROR - [Path '/0/commitsCount'] Instance type (null) does not match any allowed primitive type (allowed: [""integer""]): []
"
aefe1d04-07ee-4e32-bcbb-49988ebcedd4,25eaa98b-7432-4a44-968e-53a74a402bc8,false,"[OAS] [OAS] validation failed:
 - ERROR - [Path '/0/commitsCount'] Instance type (object) does not match any allowed primitive type (allowed: [""integer""]): []
"
aefe1d04-07ee-4e32-bcbb-49988ebcedd4,95a75fcb-4b36-4c59-975e-a470e6cab3ce,false,"[OAS] [OAS] validation failed:
 - ERROR - [Path '/0/forksCount'] Instance type (null) does not match any allowed primitive type (allowed: [""integer""]): []
"
aefe1d04-07ee-4e32-bcbb-49988ebcedd4,3a1c91be-830e-4ce5-80ec-54722068f3a6,false,"[OAS] [OAS] validation failed:
 - ERROR - [Path '/0/forksCount'] Instance type (array) does not match any allowed primitive type (allowed: [""integer""]): []
"
aefe1d04-07ee-4e32-bcbb-49988ebcedd4,b80b0cae-2d5a-4927-bfda-70bd5ce76627,false,"[OAS] [OAS] validation failed:
 - ERROR - [Path '/0/contributorsCount'] Instance type (null) does not match any allowed primitive type (allowed: [""integer""]): []
"
aefe1d04-07ee-4e32-bcbb-49988ebcedd4,3bc13dba-0a8a-42c8-bafa-b428c6508555,false,"[OAS] [OAS] validation failed:
 - ERROR - [Path '/0/contributorsCount'] Instance type (string) does not match any allowed primitive type (allowed: [""integer""]): []
"
aefe1d04-07ee-4e32-bcbb-49988ebcedd4,868f0379-c48c-49f9-9035-fac7d665f2e8,false,"[OAS] [OAS] validation failed:
 - ERROR - [Path '/0/score'] Instance type (null) does not match any allowed primitive type (allowed: [""integer""]): []
"
aefe1d04-07ee-4e32-bcbb-49988ebcedd4,cd9a89fb-b5d9-4c55-9944-bf8007abcb7e,false,"[OAS] [OAS] validation failed:
 - ERROR - [Path '/0/score'] Instance type (array) does not match any allowed primitive type (allowed: [""integer""]): []
"
aefe1d04-07ee-4e32-bcbb-49988ebcedd4,444d4690-b4a3-400a-a10b-809518f4ce4f,false,"[OAS] [OAS] validation failed:
 - ERROR - [Path '/0/lastPushed'] Instance type (array) does not match any allowed primitive type (allowed: [""null"",""string""]): []
"
aefe1d04-07ee-4e32-bcbb-49988ebcedd4,7ee8c6ee-271b-43e7-b271-2a6bd59812ec,false,"[OAS] [OAS] validation failed:
 - ERROR - [Path '/0/primaryLanguage'] Instance type (null) does not match any allowed primitive type (allowed: [""string""]): []
"
aefe1d04-07ee-4e32-bcbb-49988ebcedd4,13f6d0be-1d8d-4ae8-b8b6-6fd03c3e8289,false,"[OAS] [OAS] validation failed:
 - ERROR - [Path '/0/primaryLanguage'] Instance type (object) does not match any allowed primitive type (allowed: [""string""]): []
"
aefe1d04-07ee-4e32-bcbb-49988ebcedd4,8e01708e-eb0d-41ad-b5fa-1c71e8f15996,false,"[OAS] [OAS] validation failed:
 - ERROR - [Path '/0/maintainers/0'] Instance type (object) does not match any allowed primitive type (allowed: [""string""]): []
 - ERROR - [Path '/0/maintainers/1'] Instance type (integer) does not match any allowed primitive type (allowed: [""string""]): []
 - ERROR - [Path '/0/maintainers/2'] Instance type (array) does not match any allowed primitive type (allowed: [""string""]): []
 - ERROR - [Path '/0/maintainers/3'] Instance type (object) does not match any allowed primitive type (allowed: [""string""]): []
"
aefe1d04-07ee-4e32-bcbb-49988ebcedd4,03f955b7-db54-4303-9ac1-80ca8c3cdfac,false,"[OAS] [OAS] validation failed:
 - ERROR - [Path '/0/maintainers'] Instance type (null) does not match any allowed primitive type (allowed: [""array""]): []
"
aefe1d04-07ee-4e32-bcbb-49988ebcedd4,794f5167-72d9-4148-a145-39e64534b4f7,false,"[OAS] [OAS] validation failed:
 - ERROR - [Path '/0/maintainers'] Instance type (object) does not match any allowed primitive type (allowed: [""array""]): []
"
aefe1d04-07ee-4e32-bcbb-49988ebcedd4,2e6aee23-99db-4393-89bd-91cf9f842c65,false,"[OAS] [OAS] validation failed:
 - ERROR - [Path '/1'] Object instance has properties which are not allowed by the schema: [""randomObject1""]: []
"
aefe1d04-07ee-4e32-bcbb-49988ebcedd4,0de44a28-c422-49e7-b492-76c632d4e590,false,"[OAS] [OAS] validation failed:
 - ERROR - [Path '/1'] Instance type (null) does not match any allowed primitive type (allowed: [""object""]): []
"
aefe1d04-07ee-4e32-bcbb-49988ebcedd4,5280e27a-e1a7-46e3-99ec-ada8b4bb8471,false,"[OAS] [OAS] validation failed:
 - ERROR - [Path '/1'] Instance type (array) does not match any allowed primitive type (allowed: [""object""]): []
"
aefe1d04-07ee-4e32-bcbb-49988ebcedd4,4653ba31-7da1-4ca3-9fd4-b9b7bee7a72c,false,"[OAS] [OAS] validation failed:
 - ERROR - [Path '/1/languageList/0'] Instance type (integer) does not match any allowed primitive type (allowed: [""string""]): []
 - ERROR - [Path '/1/languageList/1'] Instance type (object) does not match any allowed primitive type (allowed: [""string""]): []
 - ERROR - [Path '/1/languageList/3'] Instance type (array) does not match any allowed primitive type (allowed: [""string""]): []
"
aefe1d04-07ee-4e32-bcbb-49988ebcedd4,efc93141-56ef-4713-94d3-0dc01831a669,false,"[OAS] [OAS] validation failed:
 - ERROR - [Path '/1/languageList'] Instance type (null) does not match any allowed primitive type (allowed: [""array""]): []
"
aefe1d04-07ee-4e32-bcbb-49988ebcedd4,2c3f760b-dc4f-4be2-b668-c20d379ae193,false,"[OAS] [OAS] validation failed:
 - ERROR - [Path '/1/languageList'] Instance type (object) does not match any allowed primitive type (allowed: [""array""]): []
"
aefe1d04-07ee-4e32-bcbb-49988ebcedd4,1bed27da-0b46-4a21-9abe-1252f6fb07ec,false,"[OAS] [OAS] validation failed:
 - ERROR - [Path '/1/gitHubProjectId'] Instance type (null) does not match any allowed primitive type (allowed: [""integer""]): []
"
aefe1d04-07ee-4e32-bcbb-49988ebcedd4,93fe732e-ffb4-4f33-9b45-6dc6151c8855,false,"[OAS] [OAS] validation failed:
 - ERROR - [Path '/1/gitHubProjectId'] Instance type (object) does not match any allowed primitive type (allowed: [""integer""]): []
"
aefe1d04-07ee-4e32-bcbb-49988ebcedd4,3102882e-a04e-440d-bd92-08dcf131c55c,false,"[OAS] [OAS] validation failed:
 - ERROR - [Path '/1/name'] Instance type (null) does not match any allowed primitive type (allowed: [""string""]): []
"
aefe1d04-07ee-4e32-bcbb-49988ebcedd4,70f2fe32-5786-4506-80bd-4edf2628c121,false,"[OAS] [OAS] validation failed:
 - ERROR - [Path '/1/name'] Instance type (array) does not match any allowed primitive type (allowed: [""string""]): []
"
aefe1d04-07ee-4e32-bcbb-49988ebcedd4,3ae697bb-6385-41a3-a940-d6d84a5cc499,false,"[OAS] [OAS] validation failed:
 - ERROR - [Path '/1/title'] Instance type (object) does not match any allowed primitive type (allowed: [""null"",""string""]): []
"
aefe1d04-07ee-4e32-bcbb-49988ebcedd4,90024f1a-fab3-4f3e-a1c0-c273792f20bb,false,"[OAS] [OAS] validation failed:
 - ERROR - [Path '/1/image'] Instance type (array) does not match any allowed primitive type (allowed: [""null"",""string""]): []
"
aefe1d04-07ee-4e32-bcbb-49988ebcedd4,4975f7d1-5425-45ca-8194-76234527a427,false,"[OAS] [OAS] validation failed:
 - ERROR - [Path '/1/organizationName'] Instance type (null) does not match any allowed primitive type (allowed: [""string""]): []
"
aefe1d04-07ee-4e32-bcbb-49988ebcedd4,c758813f-8dab-4d14-85c9-b25b52d20536,false,"[OAS] [OAS] validation failed:
 - ERROR - [Path '/1/organizationName'] Instance type (integer) does not match any allowed primitive type (allowed: [""string""]): []
"
aefe1d04-07ee-4e32-bcbb-49988ebcedd4,fd5c5c5b-b930-404f-8c9d-42e19bf6bce3,false,"[OAS] [OAS] validation failed:
 - ERROR - [Path '/1/url'] Instance type (integer) does not match any allowed primitive type (allowed: [""null"",""string""]): []
"
aefe1d04-07ee-4e32-bcbb-49988ebcedd4,8170af3f-b110-49bf-b4f7-225064b1144c,false,"[OAS] [OAS] validation failed:
 - ERROR - [Path '/1/description'] Instance type (object) does not match any allowed primitive type (allowed: [""null"",""string""]): []
"
aefe1d04-07ee-4e32-bcbb-49988ebcedd4,dfc264d1-8d8f-4a32-b5d3-fe9013febdfc,false,"[OAS] [OAS] validation failed:
 - ERROR - [Path '/1/starsCount'] Instance type (null) does not match any allowed primitive type (allowed: [""integer""]): []
"
aefe1d04-07ee-4e32-bcbb-49988ebcedd4,26af86ef-5f11-4c85-86ca-a5d6af90d67a,false,"[OAS] [OAS] validation failed:
 - ERROR - [Path '/1/starsCount'] Instance type (array) does not match any allowed primitive type (allowed: [""integer""]): []
"
aefe1d04-07ee-4e32-bcbb-49988ebcedd4,c12bb0a4-ef6e-4e62-a89a-c6c564a24acb,false,"[OAS] [OAS] validation failed:
 - ERROR - [Path '/1/commitsCount'] Instance type (null) does not match any allowed primitive type (allowed: [""integer""]): []
"
aefe1d04-07ee-4e32-bcbb-49988ebcedd4,56f5a8d1-0f04-4b5e-a1be-6a0305f0017b,false,"[OAS] [OAS] validation failed:
 - ERROR - [Path '/1/commitsCount'] Instance type (string) does not match any allowed primitive type (allowed: [""integer""]): []
"
aefe1d04-07ee-4e32-bcbb-49988ebcedd4,9b056ef2-f8ac-4122-b347-e8c50258bf47,false,"[OAS] [OAS] validation failed:
 - ERROR - [Path '/1/forksCount'] Instance type (null) does not match any allowed primitive type (allowed: [""integer""]): []
"
aefe1d04-07ee-4e32-bcbb-49988ebcedd4,da99e8b4-c52e-4448-9a41-1140a71b51e7,false,"[OAS] [OAS] validation failed:
 - ERROR - [Path '/1/forksCount'] Instance type (object) does not match any allowed primitive type (allowed: [""integer""]): []
"
aefe1d04-07ee-4e32-bcbb-49988ebcedd4,fbdc0512-feaa-4967-a727-fe684472c2af,false,"[OAS] [OAS] validation failed:
 - ERROR - [Path '/1/contributorsCount'] Instance type (null) does not match any allowed primitive type (allowed: [""integer""]): []
"
aefe1d04-07ee-4e32-bcbb-49988ebcedd4,a449dce8-fc8f-44e3-81d8-84972a26c5ca,false,"[OAS] [OAS] validation failed:
 - ERROR - [Path '/1/contributorsCount'] Instance type (boolean) does not match any allowed primitive type (allowed: [""integer""]): []
"
aefe1d04-07ee-4e32-bcbb-49988ebcedd4,2321c851-6278-40c2-9883-ca86f6ff9dce,false,"[OAS] [OAS] validation failed:
 - ERROR - [Path '/1/externalContributorsCount'] Instance type (boolean) does not match any allowed primitive type (allowed: [""integer"",""null""]): []
"
aefe1d04-07ee-4e32-bcbb-49988ebcedd4,a2a0242b-bb76-46c3-a1e1-537187660780,false,"[OAS] [OAS] validation failed:
 - ERROR - [Path '/1/score'] Instance type (null) does not match any allowed primitive type (allowed: [""integer""]): []
"
aefe1d04-07ee-4e32-bcbb-49988ebcedd4,a6832c1b-66dd-4aa0-9a00-fa5274c92940,false,"[OAS] [OAS] validation failed:
 - ERROR - [Path '/1/score'] Instance type (array) does not match any allowed primitive type (allowed: [""integer""]): []
"
aefe1d04-07ee-4e32-bcbb-49988ebcedd4,d6715731-beb6-4900-8725-6c34aa8a5728,false,"[OAS] [OAS] validation failed:
 - ERROR - [Path '/1/lastPushed'] Instance type (array) does not match any allowed primitive type (allowed: [""null"",""string""]): []
"
aefe1d04-07ee-4e32-bcbb-49988ebcedd4,bc51aee7-da93-4fc7-a44d-6efe94d92c2e,false,"[OAS] [OAS] validation failed:
 - ERROR - [Path '/1/primaryLanguage'] Instance type (null) does not match any allowed primitive type (allowed: [""string""]): []
"
aefe1d04-07ee-4e32-bcbb-49988ebcedd4,d8df1197-6297-4e0e-884f-5fab7cec6846,false,"[OAS] [OAS] validation failed:
 - ERROR - [Path '/1/primaryLanguage'] Instance type (array) does not match any allowed primitive type (allowed: [""string""]): []
"
aefe1d04-07ee-4e32-bcbb-49988ebcedd4,22fc0d25-84de-441c-b91a-9a3fe03b9aff,false,"[OAS] [OAS] validation failed:
 - ERROR - [Path '/1/maintainers/0'] Instance type (null) does not match any allowed primitive type (allowed: [""string""]): []
"
aefe1d04-07ee-4e32-bcbb-49988ebcedd4,f65bd364-4b4a-4c7b-abc6-e31828bf76f6,false,"[OAS] [OAS] validation failed:
 - ERROR - [Path '/1/maintainers'] Instance type (null) does not match any allowed primitive type (allowed: [""array""]): []
"
aefe1d04-07ee-4e32-bcbb-49988ebcedd4,a543e306-8dd2-46e1-9724-5ed23a846644,false,"[OAS] [OAS] validation failed:
 - ERROR - [Path '/1/maintainers'] Instance type (integer) does not match any allowed primitive type (allowed: [""array""]): []
"
aefe1d04-07ee-4e32-bcbb-49988ebcedd4,7e63e79e-4841-4f51-89b1-ccb7e277c53a,false,"[OAS] [OAS] validation failed:
 - ERROR - [Path '/2'] Object instance has properties which are not allowed by the schema: [""randomLong1""]: []
"
aefe1d04-07ee-4e32-bcbb-49988ebcedd4,432220aa-186b-4fb1-af17-d66e1163a7b2,false,"[OAS] [OAS] validation failed:
 - ERROR - [Path '/2'] Instance type (null) does not match any allowed primitive type (allowed: [""object""]): []
"
aefe1d04-07ee-4e32-bcbb-49988ebcedd4,6884fbd3-87d9-46a0-b61e-94c4e2bd6fe2,false,"[OAS] [OAS] validation failed:
 - ERROR - [Path '/2'] Instance type (integer) does not match any allowed primitive type (allowed: [""object""]): []
"
aefe1d04-07ee-4e32-bcbb-49988ebcedd4,e97df8d2-4647-476d-ba3a-40086baa4b5c,false,"[OAS] [OAS] validation failed:
 - ERROR - [Path '/2/languageList/0'] Instance type (integer) does not match any allowed primitive type (allowed: [""string""]): []
"
aefe1d04-07ee-4e32-bcbb-49988ebcedd4,10e94010-8274-4099-a8fb-f504d41419e2,false,"[OAS] [OAS] validation failed:
 - ERROR - [Path '/2/languageList'] Instance type (null) does not match any allowed primitive type (allowed: [""array""]): []
"
aefe1d04-07ee-4e32-bcbb-49988ebcedd4,d46b76ec-865c-4e06-9110-5b2b24127e28,false,"[OAS] [OAS] validation failed:
 - ERROR - [Path '/2/languageList'] Instance type (object) does not match any allowed primitive type (allowed: [""array""]): []
"
aefe1d04-07ee-4e32-bcbb-49988ebcedd4,d552c0d0-ba51-4200-9a25-492b778a5b04,false,"[OAS] [OAS] validation failed:
 - ERROR - [Path '/2/gitHubProjectId'] Instance type (null) does not match any allowed primitive type (allowed: [""integer""]): []
"
aefe1d04-07ee-4e32-bcbb-49988ebcedd4,0b6d32b1-f00f-4cec-990b-0ff97c03e209,false,"[OAS] [OAS] validation failed:
 - ERROR - [Path '/2/gitHubProjectId'] Instance type (object) does not match any allowed primitive type (allowed: [""integer""]): []
"
aefe1d04-07ee-4e32-bcbb-49988ebcedd4,5ef64c2d-0028-4ae1-aabe-a38528a084c4,false,"[OAS] [OAS] validation failed:
 - ERROR - [Path '/2/name'] Instance type (null) does not match any allowed primitive type (allowed: [""string""]): []
"
aefe1d04-07ee-4e32-bcbb-49988ebcedd4,b9d9fa03-2126-4e14-836e-36a7054aae01,false,"[OAS] [OAS] validation failed:
 - ERROR - [Path '/2/name'] Instance type (object) does not match any allowed primitive type (allowed: [""string""]): []
"
aefe1d04-07ee-4e32-bcbb-49988ebcedd4,770f4feb-ac3a-473a-9e78-c850e0fb7d65,false,"[OAS] [OAS] validation failed:
 - ERROR - [Path '/2/title'] Instance type (integer) does not match any allowed primitive type (allowed: [""null"",""string""]): []
"
aefe1d04-07ee-4e32-bcbb-49988ebcedd4,73ff1b99-0a8b-4ce9-b2fb-c1d21211612b,false,"[OAS] [OAS] validation failed:
 - ERROR - [Path '/2/image'] Instance type (integer) does not match any allowed primitive type (allowed: [""null"",""string""]): []
"
aefe1d04-07ee-4e32-bcbb-49988ebcedd4,5c693a24-c554-4b43-a207-1b7414d2c8df,false,"[OAS] [OAS] validation failed:
 - ERROR - [Path '/2/organizationName'] Instance type (null) does not match any allowed primitive type (allowed: [""string""]): []
"
aefe1d04-07ee-4e32-bcbb-49988ebcedd4,d277062d-db47-4978-acc5-bf2398cf2adb,false,"[OAS] [OAS] validation failed:
 - ERROR - [Path '/2/organizationName'] Instance type (array) does not match any allowed primitive type (allowed: [""string""]): []
"
aefe1d04-07ee-4e32-bcbb-49988ebcedd4,3f89236b-5c04-4bb7-ae35-fc46cd08364c,false,"[OAS] [OAS] validation failed:
 - ERROR - [Path '/2/url'] Instance type (array) does not match any allowed primitive type (allowed: [""null"",""string""]): []
"
aefe1d04-07ee-4e32-bcbb-49988ebcedd4,b9d4ac4c-52e4-417b-a835-71cb7c7504cc,false,"[OAS] [OAS] validation failed:
 - ERROR - [Path '/2/description'] Instance type (array) does not match any allowed primitive type (allowed: [""null"",""string""]): []
"
aefe1d04-07ee-4e32-bcbb-49988ebcedd4,a9112edd-9c83-4314-baf5-1115926ca9ee,false,"[OAS] [OAS] validation failed:
 - ERROR - [Path '/2/starsCount'] Instance type (null) does not match any allowed primitive type (allowed: [""integer""]): []
"
aefe1d04-07ee-4e32-bcbb-49988ebcedd4,698e3c52-3d69-4e54-af20-ef3cc7baaac5,false,"[OAS] [OAS] validation failed:
 - ERROR - [Path '/2/starsCount'] Instance type (array) does not match any allowed primitive type (allowed: [""integer""]): []
"
aefe1d04-07ee-4e32-bcbb-49988ebcedd4,5a111b50-1f88-4ae7-80df-ff65d7667902,false,"[OAS] [OAS] validation failed:
 - ERROR - [Path '/2/commitsCount'] Instance type (null) does not match any allowed primitive type (allowed: [""integer""]): []
"
aefe1d04-07ee-4e32-bcbb-49988ebcedd4,6a45a8a9-40a1-4a83-8c1c-b7a367bf94e5,false,"[OAS] [OAS] validation failed:
 - ERROR - [Path '/2/commitsCount'] Instance type (array) does not match any allowed primitive type (allowed: [""integer""]): []
"
aefe1d04-07ee-4e32-bcbb-49988ebcedd4,6f71aec8-8574-4e3d-9dc7-27f32cd577b5,false,"[OAS] [OAS] validation failed:
 - ERROR - [Path '/2/forksCount'] Instance type (null) does not match any allowed primitive type (allowed: [""integer""]): []
"
aefe1d04-07ee-4e32-bcbb-49988ebcedd4,c7cfc628-a097-4870-9aff-f8d2c1cf781f,false,"[OAS] [OAS] validation failed:
 - ERROR - [Path '/2/forksCount'] Instance type (string) does not match any allowed primitive type (allowed: [""integer""]): []
"
aefe1d04-07ee-4e32-bcbb-49988ebcedd4,7cb708fb-adec-4238-a7a6-a19e1b52af07,false,"[OAS] [OAS] validation failed:
 - ERROR - [Path '/2/contributorsCount'] Instance type (null) does not match any allowed primitive type (allowed: [""integer""]): []
"
aefe1d04-07ee-4e32-bcbb-49988ebcedd4,e0c88c7a-e3a4-43f4-94a2-a80025450bb7,false,"[OAS] [OAS] validation failed:
 - ERROR - [Path '/2/contributorsCount'] Instance type (boolean) does not match any allowed primitive type (allowed: [""integer""]): []
"
aefe1d04-07ee-4e32-bcbb-49988ebcedd4,5065d42a-ee8e-4c45-b1ee-9166b5180720,false,"[OAS] [OAS] validation failed:
 - ERROR - [Path '/2/externalContributorsCount'] Instance type (string) does not match any allowed primitive type (allowed: [""integer"",""null""]): []
"
aefe1d04-07ee-4e32-bcbb-49988ebcedd4,928be715-5743-4e0d-bbef-d1cce16137b7,false,"[OAS] [OAS] validation failed:
 - ERROR - [Path '/2/score'] Instance type (null) does not match any allowed primitive type (allowed: [""integer""]): []
"
aefe1d04-07ee-4e32-bcbb-49988ebcedd4,ab56c086-a5a6-4b45-9243-d70da8a3c9c8,false,"[OAS] [OAS] validation failed:
 - ERROR - [Path '/2/score'] Instance type (array) does not match any allowed primitive type (allowed: [""integer""]): []
"
aefe1d04-07ee-4e32-bcbb-49988ebcedd4,fd704f63-15c9-4e8b-b8a6-19b36d663559,false,"[OAS] [OAS] validation failed:
 - ERROR - [Path '/2/lastPushed'] Instance type (boolean) does not match any allowed primitive type (allowed: [""null"",""string""]): []
"
aefe1d04-07ee-4e32-bcbb-49988ebcedd4,2d2b2394-b1fc-4cbb-9ccb-9b3872ab1d13,false,"[OAS] [OAS] validation failed:
 - ERROR - [Path '/2/primaryLanguage'] Instance type (null) does not match any allowed primitive type (allowed: [""string""]): []
"
aefe1d04-07ee-4e32-bcbb-49988ebcedd4,d3191edb-f45d-431f-ab27-1dc466d7fd6a,false,"[OAS] [OAS] validation failed:
 - ERROR - [Path '/2/primaryLanguage'] Instance type (integer) does not match any allowed primitive type (allowed: [""string""]): []
"
aefe1d04-07ee-4e32-bcbb-49988ebcedd4,271b7514-35cf-4e05-98d2-19b749f74eea,false,"[OAS] [OAS] validation failed:
 - ERROR - [Path '/2/maintainers/0'] Instance type (null) does not match any allowed primitive type (allowed: [""string""]): []
 - ERROR - [Path '/2/maintainers/1'] Instance type (boolean) does not match any allowed primitive type (allowed: [""string""]): []
 - ERROR - [Path '/2/maintainers/2'] Instance type (array) does not match any allowed primitive type (allowed: [""string""]): []
 - ERROR - [Path '/2/maintainers/3'] Instance type (object) does not match any allowed primitive type (allowed: [""string""]): []
"
aefe1d04-07ee-4e32-bcbb-49988ebcedd4,c341e6d9-8b51-4fe1-8977-a8232a21b9f3,false,"[OAS] [OAS] validation failed:
 - ERROR - [Path '/2/maintainers'] Instance type (null) does not match any allowed primitive type (allowed: [""array""]): []
"
aefe1d04-07ee-4e32-bcbb-49988ebcedd4,205fc38d-63cc-46ee-8d46-78ecffd92fe9,false,"[OAS] [OAS] validation failed:
 - ERROR - [Path '/2/maintainers'] Instance type (integer) does not match any allowed primitive type (allowed: [""array""]): []
"
aefe1d04-07ee-4e32-bcbb-49988ebcedd4,14c3b61a-ae12-44e6-a0d1-e730ae6a2460,false,"[OAS] [OAS] validation failed:
 - ERROR - [Path '/3'] Object instance has properties which are not allowed by the schema: [""randomObject1""]: []
"
aefe1d04-07ee-4e32-bcbb-49988ebcedd4,5a6933ac-1d01-4388-b76e-df0d24a64dc3,false,"[OAS] [OAS] validation failed:
 - ERROR - [Path '/3'] Instance type (null) does not match any allowed primitive type (allowed: [""object""]): []
"
aefe1d04-07ee-4e32-bcbb-49988ebcedd4,ccf4873b-6208-45c4-bdba-2ab2d8bc909e,false,"[OAS] [OAS] validation failed:
 - ERROR - [Path '/3'] Instance type (array) does not match any allowed primitive type (allowed: [""object""]): []
"
aefe1d04-07ee-4e32-bcbb-49988ebcedd4,716e6d1b-5345-402c-bf38-9acba0029029,false,"[OAS] [OAS] validation failed:
 - ERROR - [Path '/3/languageList/0'] Instance type (null) does not match any allowed primitive type (allowed: [""string""]): []
 - ERROR - [Path '/3/languageList/1'] Instance type (null) does not match any allowed primitive type (allowed: [""string""]): []
 - ERROR - [Path '/3/languageList/2'] Instance type (number) does not match any allowed primitive type (allowed: [""string""]): []
"
aefe1d04-07ee-4e32-bcbb-49988ebcedd4,624e395c-e253-41e7-a19c-bcabe8f44be7,false,"[OAS] [OAS] validation failed:
 - ERROR - [Path '/3/languageList'] Instance type (null) does not match any allowed primitive type (allowed: [""array""]): []
"
aefe1d04-07ee-4e32-bcbb-49988ebcedd4,37af892e-a1ff-421a-815f-25303ed58826,false,"[OAS] [OAS] validation failed:
 - ERROR - [Path '/3/languageList'] Instance type (object) does not match any allowed primitive type (allowed: [""array""]): []
"
aefe1d04-07ee-4e32-bcbb-49988ebcedd4,57f97edc-e7a6-4571-bd55-bb12d1671e12,false,"[OAS] [OAS] validation failed:
 - ERROR - [Path '/3/gitHubProjectId'] Instance type (null) does not match any allowed primitive type (allowed: [""integer""]): []
"
aefe1d04-07ee-4e32-bcbb-49988ebcedd4,73c65cf8-5da5-492f-a92c-f5f6b350bdb9,false,"[OAS] [OAS] validation failed:
 - ERROR - [Path '/3/gitHubProjectId'] Instance type (object) does not match any allowed primitive type (allowed: [""integer""]): []
"
aefe1d04-07ee-4e32-bcbb-49988ebcedd4,d75fa5ab-af62-40f9-be10-de6141aff34e,false,"[OAS] [OAS] validation failed:
 - ERROR - [Path '/3/name'] Instance type (null) does not match any allowed primitive type (allowed: [""string""]): []
"
aefe1d04-07ee-4e32-bcbb-49988ebcedd4,f7e4b6e7-01f0-4a79-a7bf-56c674542e45,false,"[OAS] [OAS] validation failed:
 - ERROR - [Path '/3/name'] Instance type (object) does not match any allowed primitive type (allowed: [""string""]): []
"
aefe1d04-07ee-4e32-bcbb-49988ebcedd4,53ae7653-3e66-4a38-a961-7e5ff2b8291f,false,"[OAS] [OAS] validation failed:
 - ERROR - [Path '/3/title'] Instance type (array) does not match any allowed primitive type (allowed: [""null"",""string""]): []
"
aefe1d04-07ee-4e32-bcbb-49988ebcedd4,094e3641-e5ee-4541-bdf0-58f963198568,false,"[OAS] [OAS] validation failed:
 - ERROR - [Path '/3/image'] Instance type (object) does not match any allowed primitive type (allowed: [""null"",""string""]): []
"
aefe1d04-07ee-4e32-bcbb-49988ebcedd4,064f5afd-66c4-489a-ba41-8de232b25157,false,"[OAS] [OAS] validation failed:
 - ERROR - [Path '/3/organizationName'] Instance type (null) does not match any allowed primitive type (allowed: [""string""]): []
"
aefe1d04-07ee-4e32-bcbb-49988ebcedd4,9cb6bf15-ed2a-4018-b3d5-86557aa7f1ac,false,"[OAS] [OAS] validation failed:
 - ERROR - [Path '/3/organizationName'] Instance type (boolean) does not match any allowed primitive type (allowed: [""string""]): []
"
aefe1d04-07ee-4e32-bcbb-49988ebcedd4,377a4274-bff2-48c2-af9f-b7f620e6671f,false,"[OAS] [OAS] validation failed:
 - ERROR - [Path '/3/starsCount'] Instance type (null) does not match any allowed primitive type (allowed: [""integer""]): []
"
aefe1d04-07ee-4e32-bcbb-49988ebcedd4,e40b8c16-a6b3-4af1-877c-fef8ef5269e6,false,"[OAS] [OAS] validation failed:
 - ERROR - [Path '/3/starsCount'] Instance type (string) does not match any allowed primitive type (allowed: [""integer""]): []
"
aefe1d04-07ee-4e32-bcbb-49988ebcedd4,87189c8e-a04a-421d-9ace-e8258e14a199,false,"[OAS] [OAS] validation failed:
 - ERROR - [Path '/3/commitsCount'] Instance type (null) does not match any allowed primitive type (allowed: [""integer""]): []
"
aefe1d04-07ee-4e32-bcbb-49988ebcedd4,5f90fa40-daa2-451f-9a81-f384cbad7b97,false,"[OAS] [OAS] validation failed:
 - ERROR - [Path '/3/commitsCount'] Instance type (string) does not match any allowed primitive type (allowed: [""integer""]): []
"
aefe1d04-07ee-4e32-bcbb-49988ebcedd4,90e6bd22-b3cb-4199-aeb6-581ef3615ccd,false,"[OAS] [OAS] validation failed:
 - ERROR - [Path '/3/forksCount'] Instance type (null) does not match any allowed primitive type (allowed: [""integer""]): []
"
aefe1d04-07ee-4e32-bcbb-49988ebcedd4,078a0c4a-35bd-4145-b4c6-683fe9c08fde,false,"[OAS] [OAS] validation failed:
 - ERROR - [Path '/3/forksCount'] Instance type (object) does not match any allowed primitive type (allowed: [""integer""]): []
"
aefe1d04-07ee-4e32-bcbb-49988ebcedd4,229cfd60-9eb1-4854-b53a-84824d886a99,false,"[OAS] [OAS] validation failed:
 - ERROR - [Path '/3/contributorsCount'] Instance type (null) does not match any allowed primitive type (allowed: [""integer""]): []
"
aefe1d04-07ee-4e32-bcbb-49988ebcedd4,d54c9bd2-e263-46b2-a615-c68bc9383247,false,"[OAS] [OAS] validation failed:
 - ERROR - [Path '/3/contributorsCount'] Instance type (number) does not match any allowed primitive type (allowed: [""integer""]): []
"
aefe1d04-07ee-4e32-bcbb-49988ebcedd4,359517df-d01d-4456-890f-1867b2a680f0,false,"[OAS] [OAS] validation failed:
 - ERROR - [Path '/3/externalContributorsCount'] Instance type (object) does not match any allowed primitive type (allowed: [""integer"",""null""]): []
"
aefe1d04-07ee-4e32-bcbb-49988ebcedd4,0ef06cc9-01a8-4ec0-ac02-4ad23b5a58af,false,"[OAS] [OAS] validation failed:
 - ERROR - [Path '/3/score'] Instance type (null) does not match any allowed primitive type (allowed: [""integer""]): []
"
aefe1d04-07ee-4e32-bcbb-49988ebcedd4,142a07d4-7bf9-4e59-8c63-10fa784cd31e,false,"[OAS] [OAS] validation failed:
 - ERROR - [Path '/3/score'] Instance type (string) does not match any allowed primitive type (allowed: [""integer""]): []
"
aefe1d04-07ee-4e32-bcbb-49988ebcedd4,66b5c5ee-994c-4be3-9fc5-bf1caeca34d2,false,"[OAS] [OAS] validation failed:
 - ERROR - [Path '/3/lastPushed'] Instance type (number) does not match any allowed primitive type (allowed: [""null"",""string""]): []
"
aefe1d04-07ee-4e32-bcbb-49988ebcedd4,91f82133-f5fa-4fd4-9996-9a146c9b390e,false,"[OAS] [OAS] validation failed:
 - ERROR - [Path '/3/primaryLanguage'] Instance type (null) does not match any allowed primitive type (allowed: [""string""]): []
"
aefe1d04-07ee-4e32-bcbb-49988ebcedd4,ca516f35-ad55-4d13-88a3-6d60d79f5949,false,"[OAS] [OAS] validation failed:
 - ERROR - [Path '/3/primaryLanguage'] Instance type (array) does not match any allowed primitive type (allowed: [""string""]): []
"
aefe1d04-07ee-4e32-bcbb-49988ebcedd4,05691aec-0891-49f9-b77c-e1e5024d2c5d,false,"[OAS] [OAS] validation failed:
 - ERROR - [Path '/3/maintainers/1'] Instance type (object) does not match any allowed primitive type (allowed: [""string""]): []
 - ERROR - [Path '/3/maintainers/2'] Instance type (array) does not match any allowed primitive type (allowed: [""string""]): []
"
aefe1d04-07ee-4e32-bcbb-49988ebcedd4,7bc3a797-5cc3-4c9a-a1c9-918ee6fc38d1,false,"[OAS] [OAS] validation failed:
 - ERROR - [Path '/3/maintainers'] Instance type (null) does not match any allowed primitive type (allowed: [""array""]): []
"
aefe1d04-07ee-4e32-bcbb-49988ebcedd4,cab9451d-728e-4af3-bdb9-0b38e22a9b02,false,"[OAS] [OAS] validation failed:
 - ERROR - [Path '/3/maintainers'] Instance type (boolean) does not match any allowed primitive type (allowed: [""array""]): []
"
aefe1d04-07ee-4e32-bcbb-49988ebcedd4,4ae49dfe-5ec2-46d8-a15f-6e81a2274e53,false,"[OAS] [OAS] validation failed:
 - ERROR - [Path '/4'] Object instance has properties which are not allowed by the schema: [""randomLong1""]: []
"
aefe1d04-07ee-4e32-bcbb-49988ebcedd4,c5d39241-5cf2-4d11-8379-76c723750358,false,"[OAS] [OAS] validation failed:
 - ERROR - [Path '/4'] Instance type (null) does not match any allowed primitive type (allowed: [""object""]): []
"
aefe1d04-07ee-4e32-bcbb-49988ebcedd4,ca996e93-4e6d-429a-b745-e8ebd3b172d5,false,"[OAS] [OAS] validation failed:
 - ERROR - [Path '/4'] Instance type (array) does not match any allowed primitive type (allowed: [""object""]): []
"
aefe1d04-07ee-4e32-bcbb-49988ebcedd4,c9b92e1b-1cae-4959-99f1-570576b3f81e,false,"[OAS] [OAS] validation failed:
 - ERROR - [Path '/4/languageList/0'] Instance type (null) does not match any allowed primitive type (allowed: [""string""]): []
"
aefe1d04-07ee-4e32-bcbb-49988ebcedd4,bc1906a7-e42d-4f67-9d65-07160b8a0a2f,false,"[OAS] [OAS] validation failed:
 - ERROR - [Path '/4/languageList'] Instance type (null) does not match any allowed primitive type (allowed: [""array""]): []
"
aefe1d04-07ee-4e32-bcbb-49988ebcedd4,90ed9cd7-4b84-4248-958f-eea3ffd99fc1,false,"[OAS] [OAS] validation failed:
 - ERROR - [Path '/4/languageList'] Instance type (integer) does not match any allowed primitive type (allowed: [""array""]): []
"
aefe1d04-07ee-4e32-bcbb-49988ebcedd4,654042c0-d66c-4431-a038-bd132e6aca60,false,"[OAS] [OAS] validation failed:
 - ERROR - [Path '/4/gitHubProjectId'] Instance type (null) does not match any allowed primitive type (allowed: [""integer""]): []
"
aefe1d04-07ee-4e32-bcbb-49988ebcedd4,baef8c98-a69f-499d-b3c3-2ab5bcbad1ee,false,"[OAS] [OAS] validation failed:
 - ERROR - [Path '/4/gitHubProjectId'] Instance type (string) does not match any allowed primitive type (allowed: [""integer""]): []
"
aefe1d04-07ee-4e32-bcbb-49988ebcedd4,13e54f31-4354-4bbb-9701-ffbc48a8717b,false,"[OAS] [OAS] validation failed:
 - ERROR - [Path '/4/name'] Instance type (null) does not match any allowed primitive type (allowed: [""string""]): []
"
aefe1d04-07ee-4e32-bcbb-49988ebcedd4,35743d7b-0dc8-4409-9928-0d71de39ae46,false,"[OAS] [OAS] validation failed:
 - ERROR - [Path '/4/name'] Instance type (integer) does not match any allowed primitive type (allowed: [""string""]): []
"
aefe1d04-07ee-4e32-bcbb-49988ebcedd4,aeaec61c-15fd-4c3c-bd1d-fd476ce7050d,false,"[OAS] [OAS] validation failed:
 - ERROR - [Path '/4/organizationName'] Instance type (null) does not match any allowed primitive type (allowed: [""string""]): []
"
aefe1d04-07ee-4e32-bcbb-49988ebcedd4,4e0413ff-f699-4ee2-9182-f3eded5ca40d,false,"[OAS] [OAS] validation failed:
 - ERROR - [Path '/4/organizationName'] Instance type (integer) does not match any allowed primitive type (allowed: [""string""]): []
"
aefe1d04-07ee-4e32-bcbb-49988ebcedd4,e49e3039-b532-4780-8fa8-dae9fd33978f,false,"[OAS] [OAS] validation failed:
 - ERROR - [Path '/4/description'] Instance type (object) does not match any allowed primitive type (allowed: [""null"",""string""]): []
"
aefe1d04-07ee-4e32-bcbb-49988ebcedd4,e43fb960-7b1c-48dc-98e1-e65edd875262,false,"[OAS] [OAS] validation failed:
 - ERROR - [Path '/4/starsCount'] Instance type (null) does not match any allowed primitive type (allowed: [""integer""]): []
"
aefe1d04-07ee-4e32-bcbb-49988ebcedd4,a45f28f4-324f-44d6-a58a-f85dbb74bd2f,false,"[OAS] [OAS] validation failed:
 - ERROR - [Path '/4/starsCount'] Instance type (string) does not match any allowed primitive type (allowed: [""integer""]): []
"
aefe1d04-07ee-4e32-bcbb-49988ebcedd4,adb81018-096c-47de-ad99-3998d65442af,false,"[OAS] [OAS] validation failed:
 - ERROR - [Path '/4/commitsCount'] Instance type (null) does not match any allowed primitive type (allowed: [""integer""]): []
"
aefe1d04-07ee-4e32-bcbb-49988ebcedd4,3de3225b-cbd6-4414-a23e-b252b4a55870,false,"[OAS] [OAS] validation failed:
 - ERROR - [Path '/4/commitsCount'] Instance type (object) does not match any allowed primitive type (allowed: [""integer""]): []
"
aefe1d04-07ee-4e32-bcbb-49988ebcedd4,6fac1933-4d7a-42ed-84f6-af8dc6f15a7f,false,"[OAS] [OAS] validation failed:
 - ERROR - [Path '/4/forksCount'] Instance type (null) does not match any allowed primitive type (allowed: [""integer""]): []
"
aefe1d04-07ee-4e32-bcbb-49988ebcedd4,0d2d6e08-daf1-49f9-8379-9ed5118faab2,false,"[OAS] [OAS] validation failed:
 - ERROR - [Path '/4/forksCount'] Instance type (array) does not match any allowed primitive type (allowed: [""integer""]): []
"
aefe1d04-07ee-4e32-bcbb-49988ebcedd4,021a32ad-b567-46bc-b072-0450bcb13842,false,"[OAS] [OAS] validation failed:
 - ERROR - [Path '/4/contributorsCount'] Instance type (null) does not match any allowed primitive type (allowed: [""integer""]): []
"
aefe1d04-07ee-4e32-bcbb-49988ebcedd4,ece989f7-4dcb-4852-84c7-6fc451b4dc32,false,"[OAS] [OAS] validation failed:
 - ERROR - [Path '/4/contributorsCount'] Instance type (string) does not match any allowed primitive type (allowed: [""integer""]): []
"
aefe1d04-07ee-4e32-bcbb-49988ebcedd4,e75bac12-2c36-485e-9859-c0e57896d68a,false,"[OAS] [OAS] validation failed:
 - ERROR - [Path '/4/externalContributorsCount'] Instance type (array) does not match any allowed primitive type (allowed: [""integer"",""null""]): []
"
aefe1d04-07ee-4e32-bcbb-49988ebcedd4,7a5258bb-4ec1-4163-9926-d38501364d81,false,"[OAS] [OAS] validation failed:
 - ERROR - [Path '/4/score'] Instance type (null) does not match any allowed primitive type (allowed: [""integer""]): []
"
aefe1d04-07ee-4e32-bcbb-49988ebcedd4,190f937b-2d9a-4f64-9513-d14e53ace56e,false,"[OAS] [OAS] validation failed:
 - ERROR - [Path '/4/score'] Instance type (object) does not match any allowed primitive type (allowed: [""integer""]): []
"
aefe1d04-07ee-4e32-bcbb-49988ebcedd4,77f6917f-f62d-44db-b70c-0876825b39f1,false,"[OAS] [OAS] validation failed:
 - ERROR - [Path '/4/lastPushed'] Instance type (integer) does not match any allowed primitive type (allowed: [""null"",""string""]): []
"
aefe1d04-07ee-4e32-bcbb-49988ebcedd4,6a683e68-b8e5-4b3f-ae71-0a62f0794ab6,false,"[OAS] [OAS] validation failed:
 - ERROR - [Path '/4/primaryLanguage'] Instance type (null) does not match any allowed primitive type (allowed: [""string""]): []
"
aefe1d04-07ee-4e32-bcbb-49988ebcedd4,a47ce57a-f005-4058-9ab1-878c183b603a,false,"[OAS] [OAS] validation failed:
 - ERROR - [Path '/4/primaryLanguage'] Instance type (array) does not match any allowed primitive type (allowed: [""string""]): []
"
aefe1d04-07ee-4e32-bcbb-49988ebcedd4,ce1163cf-1499-4857-95bb-2dc247e7bd5b,false,"[OAS] [OAS] validation failed:
 - ERROR - [Path '/4/maintainers/0'] Instance type (integer) does not match any allowed primitive type (allowed: [""string""]): []
 - ERROR - [Path '/4/maintainers/2'] Instance type (null) does not match any allowed primitive type (allowed: [""string""]): []
"
aefe1d04-07ee-4e32-bcbb-49988ebcedd4,692fb410-a6d1-4f87-bb71-0f72cc4dcdcb,false,"[OAS] [OAS] validation failed:
 - ERROR - [Path '/4/maintainers'] Instance type (null) does not match any allowed primitive type (allowed: [""array""]): []
"
aefe1d04-07ee-4e32-bcbb-49988ebcedd4,c42dc600-bdb7-4f7a-98ab-0899734cbfd2,false,"[OAS] [OAS] validation failed:
 - ERROR - [Path '/4/maintainers'] Instance type (integer) does not match any allowed primitive type (allowed: [""array""]): []
"
05bfca89-3a6f-4174-a889-d337a6dcc594,55993b05-707f-4df6-87bf-6b01c3ebc793,false,"[OAS] [OAS] validation failed:
 - ERROR - Response status 204 not defined for path '/projects'.: []
"
05bfca89-3a6f-4174-a889-d337a6dcc594,88cb4be3-a496-485d-b017-60903d82527c,false,"[OAS] [OAS] validation failed:
 - ERROR - Instance type (array) does not match any allowed primitive type (allowed: [""object""]): []
"
05bfca89-3a6f-4174-a889-d337a6dcc594,e9814ed8-4fd0-4953-bb69-69cc14f2ed46,false,[NO_5XX] Unexpected 5XX response: 500
05bfca89-3a6f-4174-a889-d337a6dcc594,fd54b0f9-57b4-46ee-9b15-b2e45c8bc4b8,false,"[OAS] [OAS] validation failed:
 - ERROR - Response Content-Type header 'application/x-www-form-urlencoded' does not match any allowed types. Must be one of: [application/json].: []
"
05bfca89-3a6f-4174-a889-d337a6dcc594,f14dcb9f-ea3c-4531-9f8f-ab15cf2f6d07,false,"[OAS] [OAS] validation failed:
 - ERROR - Response Content-Type header 'charset=UTF-8' is not a valid media type: []
"
05bfca89-3a6f-4174-a889-d337a6dcc594,52b7191f-9bf9-4b93-a31c-3508918207a7,false,"[OAS] [OAS] validation failed:
 - ERROR - [Path '/0'] Instance type (boolean) does not match any allowed primitive type (allowed: [""object""]): []
"
ef190647-43d2-41ea-9613-3d7af6744307,f1f5211b-6c8d-43b1-81d3-a328d15a5f6b,false,"[OAS] [OAS] validation failed:
 - ERROR - Response status 201 not defined for path '/projects'.: []
"
ef190647-43d2-41ea-9613-3d7af6744307,f816443f-8fd0-4087-91d8-f00e7f72cfb5,false,"[OAS] [OAS] validation failed:
 - ERROR - Response status 401 not defined for path '/projects'.: []
"
ef190647-43d2-41ea-9613-3d7af6744307,c8718593-56aa-4341-a283-eb180f264cff,false,[NO_5XX] Unexpected 5XX response: 501
ef190647-43d2-41ea-9613-3d7af6744307,6606b8f5-347c-4389-8fa3-2f8bf050192b,false,"[OAS] [OAS] validation failed:
 - ERROR - Response Content-Type header 'text/javascript' does not match any allowed types. Must be one of: [application/json].: []
"
ef190647-43d2-41ea-9613-3d7af6744307,3077da44-dd3b-43e6-b2da-a6d7c2d7cd7a,false,"[OAS] [OAS] validation failed:
 - ERROR - Response Content-Type header 'charset=UTF-8' is not a valid media type: []
"
ef190647-43d2-41ea-9613-3d7af6744307,caad7db9-ae16-4313-84c0-972eb5484730,false,"[OAS] [OAS] validation failed:
 - ERROR - [Path '/0'] Instance type (boolean) does not match any allowed primitive type (allowed: [""object""]): []
"
7d285da7-1c1d-4080-a643-8d277db1033d,938f31e0-b2aa-4641-8220-e691dc15e68f,false,"[OAS] [OAS] validation failed:
 - ERROR - Response status 204 not defined for path '/projects'.: []
"
7d285da7-1c1d-4080-a643-8d277db1033d,25778187-fcbe-4145-a423-04ff1a446b59,false,"[OAS] [OAS] validation failed:
 - ERROR - Instance type (array) does not match any allowed primitive type (allowed: [""object""]): []
"
7d285da7-1c1d-4080-a643-8d277db1033d,67e5cf63-cad4-4b36-8999-7a36649515f4,false,[NO_5XX] Unexpected 5XX response: 500
7d285da7-1c1d-4080-a643-8d277db1033d,de4a6e15-3a7c-41cf-a8cf-9ebf0abb8087,false,"[OAS] [OAS] validation failed:
 - ERROR - Response Content-Type header 'text/html' does not match any allowed types. Must be one of: [application/json].: []
"
7d285da7-1c1d-4080-a643-8d277db1033d,2aacbd59-5bee-4c71-a458-b313c1535d57,false,"[OAS] [OAS] validation failed:
 - ERROR - Response Content-Type header 'charset=UTF-8' is not a valid media type: []
"
7d285da7-1c1d-4080-a643-8d277db1033d,af91f44c-238e-4269-b2ff-40cdcf2bc305,false,"[OAS] [OAS] validation failed:
 - ERROR - [Path '/0'] Instance type (boolean) does not match any allowed primitive type (allowed: [""object""]): []
"
c0e77c01-6040-460f-b73a-ffae633419c2,f69a387f-d36e-443c-8c0d-ff2bf0bc98fb,false,"[OAS] [OAS] validation failed:
 - ERROR - Response status 204 not defined for path '/projects'.: []
"
c0e77c01-6040-460f-b73a-ffae633419c2,281445d6-7998-4026-9730-ee36ca670cda,false,"[OAS] [OAS] validation failed:
 - ERROR - Response status 404 not defined for path '/projects'.: []
"
c0e77c01-6040-460f-b73a-ffae633419c2,fc068fc0-0336-4978-9beb-a42edf0ce604,false,[NO_5XX] Unexpected 5XX response: 503
c0e77c01-6040-460f-b73a-ffae633419c2,5a97b3d8-2f25-45f0-98dc-c0a8b146ec62,false,"[OAS] [OAS] validation failed:
 - ERROR - Response Content-Type header 'text/html' does not match any allowed types. Must be one of: [application/json].: []
"
c0e77c01-6040-460f-b73a-ffae633419c2,14fcd835-4918-475d-82e5-7ef61bb40741,false,"[OAS] [OAS] validation failed:
 - ERROR - Response Content-Type header 'charset=UTF-8' is not a valid media type: []
"
c0e77c01-6040-460f-b73a-ffae633419c2,c6b67de7-294b-4654-97f2-f89f999b098a,false,"[OAS] [OAS] validation failed:
 - ERROR - [Path '/0'] Instance type (boolean) does not match any allowed primitive type (allowed: [""object""]): []
"
d425941a-4f15-47ec-869c-b5b79f5dc99b,b4d5b7cc-89a5-46cf-907a-8eee89e2957a,false,"[OAS] [OAS] validation failed:
 - ERROR - Response status 201 not defined for path '/projects'.: []
"
d425941a-4f15-47ec-869c-b5b79f5dc99b,d83d7812-cfbb-4212-b6cc-2bcac8b46fd5,false,"[OAS] [OAS] validation failed:
 - ERROR - Response status 401 not defined for path '/projects'.: []
"
d425941a-4f15-47ec-869c-b5b79f5dc99b,c5281cac-e765-4bb0-9bab-fae427515d28,false,[NO_5XX] Unexpected 5XX response: 501
d425941a-4f15-47ec-869c-b5b79f5dc99b,c306416a-85af-466d-9ad0-56c44d4478b5,false,"[OAS] [OAS] validation failed:
 - ERROR - Response Content-Type header 'text/html' does not match any allowed types. Must be one of: [application/json].: []
"
d425941a-4f15-47ec-869c-b5b79f5dc99b,b4fc671b-1508-41b1-ba41-822af6326610,false,"[OAS] [OAS] validation failed:
 - ERROR - Response Content-Type header 'charset=UTF-8' is not a valid media type: []
"
d425941a-4f15-47ec-869c-b5b79f5dc99b,70e6d32b-9b7a-40b1-a50d-f127302b0a2b,false,"[OAS] [OAS] validation failed:
 - ERROR - [Path '/0'] Instance type (boolean) does not match any allowed primitive type (allowed: [""object""]): []
"
ca2840a4-4765-4265-8b85-8aff27333982,24def5df-d210-4cca-af10-647292bc308c,false,"[OAS] [OAS] validation failed:
 - ERROR - Response status 201 not defined for path '/projects'.: []
"
ca2840a4-4765-4265-8b85-8aff27333982,e0b59102-3577-4f94-88a0-c93c0ac91db7,false,"[OAS] [OAS] validation failed:
 - ERROR - Response status 409 not defined for path '/projects'.: []
"
ca2840a4-4765-4265-8b85-8aff27333982,585e92e0-d0ae-440d-ab3d-7199914a8f05,false,[NO_5XX] Unexpected 5XX response: 504
ca2840a4-4765-4265-8b85-8aff27333982,025dddd4-c26a-4106-beaa-5bc3ce6ebaaf,false,"[OAS] [OAS] validation failed:
 - ERROR - Response Content-Type header 'text/plain' does not match any allowed types. Must be one of: [application/json].: []
"
ca2840a4-4765-4265-8b85-8aff27333982,f0760127-13f6-43eb-bda3-6bae6b9de54c,false,"[OAS] [OAS] validation failed:
 - ERROR - Response Content-Type header 'charset=UTF-8' is not a valid media type: []
"
ca2840a4-4765-4265-8b85-8aff27333982,36d00304-de59-4398-a7dc-241023fb36ee,false,"[OAS] [OAS] validation failed:
 - ERROR - [Path '/0'] Instance type (boolean) does not match any allowed primitive type (allowed: [""object""]): []
"
dc53d18b-816a-4f9f-bf9d-1e7de9f40565,a075b36c-3c88-480c-a6ca-b79d9a0fbf9b,false,"[OAS] [OAS] validation failed:
 - ERROR - Response status 204 not defined for path '/projects'.: []
"
dc53d18b-816a-4f9f-bf9d-1e7de9f40565,bf883f64-2e81-476c-9896-0cfde9a9bc8a,false,"[OAS] [OAS] validation failed:
 - ERROR - Response status 403 not defined for path '/projects'.: []
"
dc53d18b-816a-4f9f-bf9d-1e7de9f40565,b092a619-fd1e-4c0d-9d60-015c72bee6f8,false,[NO_5XX] Unexpected 5XX response: 502
dc53d18b-816a-4f9f-bf9d-1e7de9f40565,2edf5d67-2768-42f9-8485-88d49630d01a,false,"[OAS] [OAS] validation failed:
 - ERROR - Response Content-Type header 'application/xml' does not match any allowed types. Must be one of: [application/json].: []
"
dc53d18b-816a-4f9f-bf9d-1e7de9f40565,a72b307b-83ab-42e5-9388-c88b6c39f7e8,false,"[OAS] [OAS] validation failed:
 - ERROR - Response Content-Type header 'charset=UTF-8' is not a valid media type: []
"
dc53d18b-816a-4f9f-bf9d-1e7de9f40565,30c6c87b-a023-4d29-98c0-c2e18cca898c,false,"[OAS] [OAS] validation failed:
 - ERROR - [Path '/0'] Instance type (boolean) does not match any allowed primitive type (allowed: [""object""]): []
"
271f35cf-5c92-4e9c-9c12-32940623adf8,55f3f890-de7e-46e4-b5c2-0b491bb55342,false,"[OAS] [OAS] validation failed:
 - ERROR - Response status 204 not defined for path '/projects'.: []
"
271f35cf-5c92-4e9c-9c12-32940623adf8,77778c5d-7219-4ba6-92ed-6049dc217ad0,false,"[OAS] [OAS] validation failed:
 - ERROR - Instance type (array) does not match any allowed primitive type (allowed: [""object""]): []
"
271f35cf-5c92-4e9c-9c12-32940623adf8,49683b63-9bfe-4108-a3c1-7b165181a7c9,false,[NO_5XX] Unexpected 5XX response: 500
271f35cf-5c92-4e9c-9c12-32940623adf8,080d7932-e67e-4337-a975-fe0c601c92ca,false,"[OAS] [OAS] validation failed:
 - ERROR - Response Content-Type header 'text/plain' does not match any allowed types. Must be one of: [application/json].: []
"
271f35cf-5c92-4e9c-9c12-32940623adf8,09cc8a99-275e-4485-951a-dfcf56302974,false,"[OAS] [OAS] validation failed:
 - ERROR - Response Content-Type header 'charset=UTF-8' is not a valid media type: []
"
271f35cf-5c92-4e9c-9c12-32940623adf8,7bb7b426-fd92-476b-b51d-68f875cddd41,false,"[OAS] [OAS] validation failed:
 - ERROR - [Path '/1'] Instance type (boolean) does not match any allowed primitive type (allowed: [""object""]): []
"
271f35cf-5c92-4e9c-9c12-32940623adf8,65313f4a-74d3-42c4-a19d-a8bb3e3bda37,false,"[OAS] [OAS] validation failed:
 - ERROR - [Path '/0'] Object instance has properties which are not allowed by the schema: [""randomBoolean1""]: []
"
271f35cf-5c92-4e9c-9c12-32940623adf8,88e58a8e-b7fb-4036-9c97-968a25001b25,false,"[OAS] [OAS] validation failed:
 - ERROR - [Path '/0'] Instance type (null) does not match any allowed primitive type (allowed: [""object""]): []
"
271f35cf-5c92-4e9c-9c12-32940623adf8,8ce4cac1-825e-42dd-8c8b-dc0696ce522f,false,"[OAS] [OAS] validation failed:
 - ERROR - [Path '/0'] Instance type (number) does not match any allowed primitive type (allowed: [""object""]): []
"
271f35cf-5c92-4e9c-9c12-32940623adf8,d8f7adb9-f0d3-490f-9a03-f28ab278feba,false,"[OAS] [OAS] validation failed:
 - ERROR - [Path '/0/languageList/0'] Instance type (boolean) does not match any allowed primitive type (allowed: [""string""]): []
 - ERROR - [Path '/0/languageList/1'] Instance type (object) does not match any allowed primitive type (allowed: [""string""]): []
"
271f35cf-5c92-4e9c-9c12-32940623adf8,ed7f5ce7-019a-42c8-8ad9-5992bbadb751,false,"[OAS] [OAS] validation failed:
 - ERROR - [Path '/0/languageList'] Instance type (null) does not match any allowed primitive type (allowed: [""array""]): []
"
271f35cf-5c92-4e9c-9c12-32940623adf8,fd509cb4-362e-4026-a70d-64ecb82fd13f,false,"[OAS] [OAS] validation failed:
 - ERROR - [Path '/0/languageList'] Instance type (number) does not match any allowed primitive type (allowed: [""array""]): []
"
271f35cf-5c92-4e9c-9c12-32940623adf8,b851f888-e984-4636-867e-fc3d466e13aa,false,"[OAS] [OAS] validation failed:
 - ERROR - [Path '/0/gitHubProjectId'] Instance type (null) does not match any allowed primitive type (allowed: [""integer""]): []
"
271f35cf-5c92-4e9c-9c12-32940623adf8,2cfa8ad0-c644-4df3-aafe-bcf3fd00178d,false,"[OAS] [OAS] validation failed:
 - ERROR - [Path '/0/gitHubProjectId'] Instance type (number) does not match any allowed primitive type (allowed: [""integer""]): []
"
271f35cf-5c92-4e9c-9c12-32940623adf8,3313bb6e-ba6f-4f94-b674-dbab91839463,false,"[OAS] [OAS] validation failed:
 - ERROR - [Path '/0/name'] Instance type (null) does not match any allowed primitive type (allowed: [""string""]): []
"
271f35cf-5c92-4e9c-9c12-32940623adf8,f22be831-b622-40bf-9272-91e875dd50ef,false,"[OAS] [OAS] validation failed:
 - ERROR - [Path '/0/name'] Instance type (number) does not match any allowed primitive type (allowed: [""string""]): []
"
271f35cf-5c92-4e9c-9c12-32940623adf8,30f44f43-ea9d-470a-b069-2d505a972c83,false,"[OAS] [OAS] validation failed:
 - ERROR - [Path '/0/title'] Instance type (number) does not match any allowed primitive type (allowed: [""null"",""string""]): []
"
271f35cf-5c92-4e9c-9c12-32940623adf8,83921329-6be4-42d7-99fa-9f2929f0c634,false,"[OAS] [OAS] validation failed:
 - ERROR - [Path '/0/image'] Instance type (object) does not match any allowed primitive type (allowed: [""null"",""string""]): []
"
271f35cf-5c92-4e9c-9c12-32940623adf8,c027aeb5-2f41-499b-977f-88054d26b82d,false,"[OAS] [OAS] validation failed:
 - ERROR - [Path '/0/organizationName'] Instance type (null) does not match any allowed primitive type (allowed: [""string""]): []
"
271f35cf-5c92-4e9c-9c12-32940623adf8,e55e3dbf-776e-4e21-8f7b-1c6f8b35e3a3,false,"[OAS] [OAS] validation failed:
 - ERROR - [Path '/0/organizationName'] Instance type (object) does not match any allowed primitive type (allowed: [""string""]): []
"
271f35cf-5c92-4e9c-9c12-32940623adf8,264acdf6-0e86-47af-936e-f7bd865b8ab8,false,"[OAS] [OAS] validation failed:
 - ERROR - [Path '/0/url'] Instance type (object) does not match any allowed primitive type (allowed: [""null"",""string""]): []
"
271f35cf-5c92-4e9c-9c12-32940623adf8,a2b62f6a-7e2f-4528-9ec7-4c9dafe3ac42,false,"[OAS] [OAS] validation failed:
 - ERROR - [Path '/0/description'] Instance type (array) does not match any allowed primitive type (allowed: [""null"",""string""]): []
"
271f35cf-5c92-4e9c-9c12-32940623adf8,db39c7fe-2ddd-4d4c-84a0-7dac07b3e31c,false,"[OAS] [OAS] validation failed:
 - ERROR - [Path '/0/starsCount'] Instance type (null) does not match any allowed primitive type (allowed: [""integer""]): []
"
271f35cf-5c92-4e9c-9c12-32940623adf8,40609e6a-104b-4140-8e8d-69c479be12a7,false,"[OAS] [OAS] validation failed:
 - ERROR - [Path '/0/starsCount'] Instance type (object) does not match any allowed primitive type (allowed: [""integer""]): []
"
271f35cf-5c92-4e9c-9c12-32940623adf8,09f7f574-9bf1-46e0-85c5-ea4ca270b3e0,false,"[OAS] [OAS] validation failed:
 - ERROR - [Path '/0/commitsCount'] Instance type (null) does not match any allowed primitive type (allowed: [""integer""]): []
"
271f35cf-5c92-4e9c-9c12-32940623adf8,e2591e30-4ac8-4864-838e-728a5138ed4d,false,"[OAS] [OAS] validation failed:
 - ERROR - [Path '/0/commitsCount'] Instance type (object) does not match any allowed primitive type (allowed: [""integer""]): []
"
271f35cf-5c92-4e9c-9c12-32940623adf8,4229f22a-e5c5-43c2-958d-1a6a705deab5,false,"[OAS] [OAS] validation failed:
 - ERROR - [Path '/0/forksCount'] Instance type (null) does not match any allowed primitive type (allowed: [""integer""]): []
"
271f35cf-5c92-4e9c-9c12-32940623adf8,9013e98f-076a-46f5-be08-59bfe63bc3f2,false,"[OAS] [OAS] validation failed:
 - ERROR - [Path '/0/forksCount'] Instance type (array) does not match any allowed primitive type (allowed: [""integer""]): []
"
271f35cf-5c92-4e9c-9c12-32940623adf8,0122ddc2-e65b-4665-89cf-c2f13717bd1c,false,"[OAS] [OAS] validation failed:
 - ERROR - [Path '/0/contributorsCount'] Instance type (null) does not match any allowed primitive type (allowed: [""integer""]): []
"
271f35cf-5c92-4e9c-9c12-32940623adf8,2bc19a9a-27a6-4ef4-8d4b-77865622d174,false,"[OAS] [OAS] validation failed:
 - ERROR - [Path '/0/contributorsCount'] Instance type (string) does not match any allowed primitive type (allowed: [""integer""]): []
"
271f35cf-5c92-4e9c-9c12-32940623adf8,15046119-abc0-4db9-a6d3-681e81a8bfc1,false,"[OAS] [OAS] validation failed:
 - ERROR - [Path '/0/score'] Instance type (null) does not match any allowed primitive type (allowed: [""integer""]): []
"
271f35cf-5c92-4e9c-9c12-32940623adf8,a126b70f-2b07-4737-b451-b0815eb6f3a4,false,"[OAS] [OAS] validation failed:
 - ERROR - [Path '/0/score'] Instance type (array) does not match any allowed primitive type (allowed: [""integer""]): []
"
271f35cf-5c92-4e9c-9c12-32940623adf8,739fa617-f336-4036-b6f3-d8bffd171bf2,false,"[OAS] [OAS] validation failed:
 - ERROR - [Path '/0/lastPushed'] Instance type (array) does not match any allowed primitive type (allowed: [""null"",""string""]): []
"
271f35cf-5c92-4e9c-9c12-32940623adf8,da064af6-9721-45aa-95d9-120f4d1b30cf,false,"[OAS] [OAS] validation failed:
 - ERROR - [Path '/0/primaryLanguage'] Instance type (null) does not match any allowed primitive type (allowed: [""string""]): []
"
271f35cf-5c92-4e9c-9c12-32940623adf8,43aed67f-7685-4ba2-b356-b86abf40e36b,false,"[OAS] [OAS] validation failed:
 - ERROR - [Path '/0/primaryLanguage'] Instance type (object) does not match any allowed primitive type (allowed: [""string""]): []
"
271f35cf-5c92-4e9c-9c12-32940623adf8,85cf0132-3bf7-4324-bbf5-d7185f6054a3,false,"[OAS] [OAS] validation failed:
 - ERROR - [Path '/0/maintainers/0'] Instance type (object) does not match any allowed primitive type (allowed: [""string""]): []
 - ERROR - [Path '/0/maintainers/1'] Instance type (integer) does not match any allowed primitive type (allowed: [""string""]): []
 - ERROR - [Path '/0/maintainers/2'] Instance type (array) does not match any allowed primitive type (allowed: [""string""]): []
 - ERROR - [Path '/0/maintainers/3'] Instance type (object) does not match any allowed primitive type (allowed: [""string""]): []
"
271f35cf-5c92-4e9c-9c12-32940623adf8,e99003da-c71b-4bdf-b07f-ed9d360afa7f,false,"[OAS] [OAS] validation failed:
 - ERROR - [Path '/0/maintainers'] Instance type (null) does not match any allowed primitive type (allowed: [""array""]): []
"
271f35cf-5c92-4e9c-9c12-32940623adf8,a16a3100-1dcc-4074-9390-aef6a5aeb04c,false,"[OAS] [OAS] validation failed:
 - ERROR - [Path '/0/maintainers'] Instance type (object) does not match any allowed primitive type (allowed: [""array""]): []
"
d3355705-b807-4865-8078-7ebef78abf6b,5e57f34c-14cb-4203-9dfc-b08171c0d913,false,"[OAS] [OAS] validation failed:
 - ERROR - Response status 204 not defined for path '/projects'.: []
"
d3355705-b807-4865-8078-7ebef78abf6b,84a25494-d322-4a12-9556-9bd12719966b,false,"[OAS] [OAS] validation failed:
 - ERROR - Response status 403 not defined for path '/projects'.: []
"
d3355705-b807-4865-8078-7ebef78abf6b,89fcbdf8-7661-4de2-8007-b8181675a35f,false,[NO_5XX] Unexpected 5XX response: 502
d3355705-b807-4865-8078-7ebef78abf6b,95d91d72-b42b-4ac1-908a-6cfbcccc6d8c,false,"[OAS] [OAS] validation failed:
 - ERROR - Response Content-Type header 'application/xml' does not match any allowed types. Must be one of: [application/json].: []
"
d3355705-b807-4865-8078-7ebef78abf6b,9f1d545f-e8e1-42a6-8832-48fe97a460ec,false,"[OAS] [OAS] validation failed:
 - ERROR - Response Content-Type header 'charset=UTF-8' is not a valid media type: []
"
d3355705-b807-4865-8078-7ebef78abf6b,9f2ce413-720e-4923-8bbc-27452fe13b68,false,"[OAS] [OAS] validation failed:
 - ERROR - [Path '/0'] Instance type (boolean) does not match any allowed primitive type (allowed: [""object""]): []
"
0c6dbe4c-0164-476c-8884-179805da4f22,432bd3ec-7739-44d7-8dd8-b9962fd0edd5,false,"[OAS] [OAS] validation failed:
 - ERROR - Response status 201 not defined for path '/projects'.: []
"
0c6dbe4c-0164-476c-8884-179805da4f22,7d074f4e-7da2-4e34-80ca-46313c4b0efd,false,"[OAS] [OAS] validation failed:
 - ERROR - Response status 404 not defined for path '/projects'.: []
"
0c6dbe4c-0164-476c-8884-179805da4f22,ef349c96-964c-4211-ab82-5778355c9c2e,false,[NO_5XX] Unexpected 5XX response: 503
0c6dbe4c-0164-476c-8884-179805da4f22,15836b76-04d5-4d68-acc5-30b18ebd0109,false,"[OAS] [OAS] validation failed:
 - ERROR - Response Content-Type header 'text/plain' does not match any allowed types. Must be one of: [application/json].: []
"
0c6dbe4c-0164-476c-8884-179805da4f22,4c5baa3e-fb54-47d4-aa5a-b8b393d59f0a,false,"[OAS] [OAS] validation failed:
 - ERROR - Response Content-Type header 'charset=UTF-8' is not a valid media type: []
"
0c6dbe4c-0164-476c-8884-179805da4f22,eea2490f-fd6c-4eb7-b3ee-042831a1169f,false,"[OAS] [OAS] validation failed:
 - ERROR - [Path '/0'] Instance type (boolean) does not match any allowed primitive type (allowed: [""object""]): []
"
5ed9fd97-d54d-4b65-bc93-9bd7ee7a7ac0,2d56846c-eeb4-4dc7-93a3-0086d210384b,false,"[OAS] [OAS] validation failed:
 - ERROR - Response status 204 not defined for path '/projects'.: []
"
5ed9fd97-d54d-4b65-bc93-9bd7ee7a7ac0,0766e3e9-5f4d-4a6e-aeb7-7e8115ce5c69,false,"[OAS] [OAS] validation failed:
 - ERROR - Response status 403 not defined for path '/projects'.: []
"
5ed9fd97-d54d-4b65-bc93-9bd7ee7a7ac0,d1e08922-c4e1-42a2-8dc2-5fd765091af4,false,[NO_5XX] Unexpected 5XX response: 502
5ed9fd97-d54d-4b65-bc93-9bd7ee7a7ac0,8c23d584-f2c1-4901-a7d4-b39ca6d3e559,false,"[OAS] [OAS] validation failed:
 - ERROR - Response Content-Type header 'application/xml' does not match any allowed types. Must be one of: [application/json].: []
"
5ed9fd97-d54d-4b65-bc93-9bd7ee7a7ac0,89a9afe0-be51-4c3b-96e9-95dd3a0b0b45,false,"[OAS] [OAS] validation failed:
 - ERROR - Response Content-Type header 'charset=UTF-8' is not a valid media type: []
"
5ed9fd97-d54d-4b65-bc93-9bd7ee7a7ac0,f086e1f6-fc01-4d04-a62c-a7d0ff357fb1,false,"[OAS] [OAS] validation failed:
 - ERROR - [Path '/0'] Instance type (boolean) does not match any allowed primitive type (allowed: [""object""]): []
"
dc59ee91-043d-4435-8776-f0230e77a94d,74ddcabc-0c56-4186-945c-5592eebe230a,false,"[OAS] [OAS] validation failed:
 - ERROR - Response status 201 not defined for path '/projects'.: []
"
dc59ee91-043d-4435-8776-f0230e77a94d,26fdac11-cf11-43f6-bed3-a48f6074ae74,false,"[OAS] [OAS] validation failed:
 - ERROR - Response status 409 not defined for path '/projects'.: []
"
dc59ee91-043d-4435-8776-f0230e77a94d,e3c69233-0934-4bcc-9e31-6d9a9beee51e,false,[NO_5XX] Unexpected 5XX response: 504
dc59ee91-043d-4435-8776-f0230e77a94d,2850bdf3-8741-4883-9ec4-ef2d77f362be,false,"[OAS] [OAS] validation failed:
 - ERROR - Response Content-Type header 'text/plain' does not match any allowed types. Must be one of: [application/json].: []
"
dc59ee91-043d-4435-8776-f0230e77a94d,e42574e0-2379-4f48-a2d8-326abdb44487,false,"[OAS] [OAS] validation failed:
 - ERROR - Response Content-Type header 'charset=UTF-8' is not a valid media type: []
"
dc59ee91-043d-4435-8776-f0230e77a94d,568810d9-d573-4c84-9ec4-8d36ba514c21,false,"[OAS] [OAS] validation failed:
 - ERROR - [Path '/0'] Instance type (boolean) does not match any allowed primitive type (allowed: [""object""]): []
"
518c5948-dcc3-40c4-a97c-17dc5cc113a3,7bbd48ce-fecf-4d09-ac28-5d324fa12081,false,"[OAS] [OAS] validation failed:
 - ERROR - Response status 201 not defined for path '/projects'.: []
"
518c5948-dcc3-40c4-a97c-17dc5cc113a3,6224d57e-b324-40a7-91de-332016def4bb,false,"[OAS] [OAS] validation failed:
 - ERROR - Response status 403 not defined for path '/projects'.: []
"
518c5948-dcc3-40c4-a97c-17dc5cc113a3,ee86df5b-742d-4112-8948-b728ce89f632,false,[NO_5XX] Unexpected 5XX response: 502
518c5948-dcc3-40c4-a97c-17dc5cc113a3,9cd45489-77d1-4e55-8a19-52d78813ad62,false,"[OAS] [OAS] validation failed:
 - ERROR - Response Content-Type header 'text/html' does not match any allowed types. Must be one of: [application/json].: []
"
518c5948-dcc3-40c4-a97c-17dc5cc113a3,02337425-ca36-4e03-aa5a-d71077e42e0d,false,"[OAS] [OAS] validation failed:
 - ERROR - Response Content-Type header 'charset=UTF-8' is not a valid media type: []
"
518c5948-dcc3-40c4-a97c-17dc5cc113a3,73c25988-5466-4281-82fe-3196e177631c,false,"[OAS] [OAS] validation failed:
 - ERROR - [Path '/0'] Instance type (boolean) does not match any allowed primitive type (allowed: [""object""]): []
"
25c0d299-7753-4793-9c2f-a7efc85117eb,1249edf6-8549-43d9-9a38-a9ed7beb7405,false,"[OAS] [OAS] validation failed:
 - ERROR - Response status 201 not defined for path '/projects'.: []
"
25c0d299-7753-4793-9c2f-a7efc85117eb,f8dedd21-fd63-4e24-a3b3-82a725e628f9,false,"[OAS] [OAS] validation failed:
 - ERROR - Response status 403 not defined for path '/projects'.: []
"
25c0d299-7753-4793-9c2f-a7efc85117eb,f9a19822-2b9f-44a9-abfa-4415e2d95638,false,[NO_5XX] Unexpected 5XX response: 502
25c0d299-7753-4793-9c2f-a7efc85117eb,57067b60-5ce6-473a-af8a-4cce59ba6170,false,"[OAS] [OAS] validation failed:
 - ERROR - Response Content-Type header 'text/plain' does not match any allowed types. Must be one of: [application/json].: []
"
25c0d299-7753-4793-9c2f-a7efc85117eb,db255450-6847-4b65-ae44-57eede6e15ee,false,"[OAS] [OAS] validation failed:
 - ERROR - Response Content-Type header 'charset=UTF-8' is not a valid media type: []
"
25c0d299-7753-4793-9c2f-a7efc85117eb,b5970c06-bf61-4240-8f58-4e895508fd73,false,"[OAS] [OAS] validation failed:
 - ERROR - [Path '/0'] Instance type (boolean) does not match any allowed primitive type (allowed: [""object""]): []
"
4277f0dd-8e8f-4af3-a64e-f130fb976e19,461f2eca-4ec8-4d75-8df5-98df4b5ca3e1,false,"[OAS] [OAS] validation failed:
 - ERROR - Response status 204 not defined for path '/projects'.: []
"
4277f0dd-8e8f-4af3-a64e-f130fb976e19,aba57731-bdf7-4a11-b513-cbf195994177,false,"[OAS] [OAS] validation failed:
 - ERROR - Instance type (array) does not match any allowed primitive type (allowed: [""object""]): []
"
4277f0dd-8e8f-4af3-a64e-f130fb976e19,47aa0397-5b1a-474b-9aaa-01c1ae7acc6a,false,[NO_5XX] Unexpected 5XX response: 500
4277f0dd-8e8f-4af3-a64e-f130fb976e19,033fec1d-5fd8-4256-8c95-d84f43d0ae8e,false,"[OAS] [OAS] validation failed:
 - ERROR - Response Content-Type header 'text/css' does not match any allowed types. Must be one of: [application/json].: []
"
4277f0dd-8e8f-4af3-a64e-f130fb976e19,d2f60cd8-0037-47c1-8374-9089cf5cc5db,false,"[OAS] [OAS] validation failed:
 - ERROR - Response Content-Type header 'charset=UTF-8' is not a valid media type: []
"
4277f0dd-8e8f-4af3-a64e-f130fb976e19,6a547d9d-7345-4b96-9d03-b172c34c2507,false,"[OAS] [OAS] validation failed:
 - ERROR - [Path '/0'] Instance type (boolean) does not match any allowed primitive type (allowed: [""object""]): []
"
bfb4a381-67f3-44bb-b544-4f52220e7c6c,90cb2bf0-949a-4053-974c-1f95075f8b40,false,"[OAS] [OAS] validation failed:
 - ERROR - Response status 204 not defined for path '/projects'.: []
"
bfb4a381-67f3-44bb-b544-4f52220e7c6c,d57b6234-ca1e-4e24-9e28-b9d6cefe6ac7,false,"[OAS] [OAS] validation failed:
 - ERROR - Instance type (array) does not match any allowed primitive type (allowed: [""object""]): []
"
bfb4a381-67f3-44bb-b544-4f52220e7c6c,72afd045-88f7-4092-95d2-ee59e7ea7860,false,[NO_5XX] Unexpected 5XX response: 500
bfb4a381-67f3-44bb-b544-4f52220e7c6c,602f0369-ed9d-4579-aa01-4258763ac9b0,false,"[OAS] [OAS] validation failed:
 - ERROR - Response Content-Type header 'application/x-www-form-urlencoded' does not match any allowed types. Must be one of: [application/json].: []
"
bfb4a381-67f3-44bb-b544-4f52220e7c6c,21828ce6-665a-4c42-b68b-4fc3afa43825,false,"[OAS] [OAS] validation failed:
 - ERROR - Response Content-Type header 'charset=UTF-8' is not a valid media type: []
"
bfb4a381-67f3-44bb-b544-4f52220e7c6c,df99efd4-1d77-48fa-99fd-aa9acc1ae2ba,false,"[OAS] [OAS] validation failed:
 - ERROR - [Path '/0'] Instance type (boolean) does not match any allowed primitive type (allowed: [""object""]): []
"
f3d64d5c-2441-434d-b754-6f0ab76acc34,98b621ba-5757-48f7-98e8-0b25c3c5c015,false,"[OAS] [OAS] validation failed:
 - ERROR - Response status 204 not defined for path '/projects'.: []
"
f3d64d5c-2441-434d-b754-6f0ab76acc34,d1c90634-4885-4409-816c-0fdf045ca678,false,"[OAS] [OAS] validation failed:
 - ERROR - Response status 403 not defined for path '/projects'.: []
"
f3d64d5c-2441-434d-b754-6f0ab76acc34,e06d95bf-8399-45bf-9985-6b4efbdcc1bd,false,[NO_5XX] Unexpected 5XX response: 502
f3d64d5c-2441-434d-b754-6f0ab76acc34,a1c69e01-432d-4d50-95ff-37929e4af29e,false,"[OAS] [OAS] validation failed:
 - ERROR - Response Content-Type header 'text/plain' does not match any allowed types. Must be one of: [application/json].: []
"
f3d64d5c-2441-434d-b754-6f0ab76acc34,efc1fad7-273d-478b-b757-b44bd2b09f68,false,"[OAS] [OAS] validation failed:
 - ERROR - Response Content-Type header 'charset=UTF-8' is not a valid media type: []
"
f3d64d5c-2441-434d-b754-6f0ab76acc34,52aa3b62-1e54-4f1d-973b-5d399096aaa0,false,"[OAS] [OAS] validation failed:
 - ERROR - [Path '/0'] Instance type (boolean) does not match any allowed primitive type (allowed: [""object""]): []
"
6dfa2a0d-964f-44df-8a4a-22b33c9f291d,1c1da345-0e76-4510-b102-2e895319dbb4,false,"[OAS] [OAS] validation failed:
 - ERROR - Response status 204 not defined for path '/projects'.: []
"
6dfa2a0d-964f-44df-8a4a-22b33c9f291d,9bc6eb75-a02f-467a-8d4d-900fce865d09,false,"[OAS] [OAS] validation failed:
 - ERROR - Response status 403 not defined for path '/projects'.: []
"
6dfa2a0d-964f-44df-8a4a-22b33c9f291d,ebfd0b65-9315-44ce-93f1-7cac6854bad5,false,[NO_5XX] Unexpected 5XX response: 502
6dfa2a0d-964f-44df-8a4a-22b33c9f291d,bd6a3fff-ef37-4a57-8091-bc33c7920721,false,"[OAS] [OAS] validation failed:
 - ERROR - Response Content-Type header 'application/xml' does not match any allowed types. Must be one of: [application/json].: []
"
6dfa2a0d-964f-44df-8a4a-22b33c9f291d,f8f90b59-f6ff-45bd-8872-07aa6ed6f1f3,false,"[OAS] [OAS] validation failed:
 - ERROR - Response Content-Type header 'charset=UTF-8' is not a valid media type: []
"
6dfa2a0d-964f-44df-8a4a-22b33c9f291d,2decd399-a6d6-4744-9a21-10075e91bcd4,false,"[OAS] [OAS] validation failed:
 - ERROR - [Path '/0'] Instance type (boolean) does not match any allowed primitive type (allowed: [""object""]): []
"
a28c45a8-207c-4b6e-8a12-1cc96abf4337,7c5dcb3f-eed2-4e57-a4a5-6dde60310542,false,"[OAS] [OAS] validation failed:
 - ERROR - Response status 201 not defined for path '/projects'.: []
"
a28c45a8-207c-4b6e-8a12-1cc96abf4337,7bfe201d-0aed-4dbb-8a47-897575671a96,false,"[OAS] [OAS] validation failed:
 - ERROR - Response status 404 not defined for path '/projects'.: []
"
a28c45a8-207c-4b6e-8a12-1cc96abf4337,01709742-302d-40ca-8f0b-b4154bbbac42,false,[NO_5XX] Unexpected 5XX response: 503
a28c45a8-207c-4b6e-8a12-1cc96abf4337,bcfecd2b-5b29-4967-9072-6e71fef255ea,false,"[OAS] [OAS] validation failed:
 - ERROR - Response Content-Type header 'text/plain' does not match any allowed types. Must be one of: [application/json].: []
"
a28c45a8-207c-4b6e-8a12-1cc96abf4337,5d29b153-d291-4666-bf47-218c41303532,false,"[OAS] [OAS] validation failed:
 - ERROR - Response Content-Type header 'charset=UTF-8' is not a valid media type: []
"
a28c45a8-207c-4b6e-8a12-1cc96abf4337,8936fb01-1191-4eb3-a44e-dcc047acd067,false,"[OAS] [OAS] validation failed:
 - ERROR - [Path '/0'] Instance type (boolean) does not match any allowed primitive type (allowed: [""object""]): []
"
10290203-f0de-4914-8433-7075a60056df,b8002e77-0e1b-4979-9aeb-9647e1ef7771,false,"[OAS] [OAS] validation failed:
 - ERROR - Response status 201 not defined for path '/projects'.: []
"
10290203-f0de-4914-8433-7075a60056df,7c9e6c24-159c-4a3a-b698-6456a656b218,false,"[OAS] [OAS] validation failed:
 - ERROR - Response status 401 not defined for path '/projects'.: []
"
10290203-f0de-4914-8433-7075a60056df,c8e53efa-9eb0-4861-8c4c-8cd65aba2553,false,[NO_5XX] Unexpected 5XX response: 501
10290203-f0de-4914-8433-7075a60056df,a3a39131-1b95-4bc0-93d7-0cb8ca7fc743,false,"[OAS] [OAS] validation failed:
 - ERROR - Response Content-Type header 'application/x-www-form-urlencoded' does not match any allowed types. Must be one of: [application/json].: []
"
10290203-f0de-4914-8433-7075a60056df,cffe8929-1961-48fd-81ae-d3d8ca3a2630,false,"[OAS] [OAS] validation failed:
 - ERROR - Response Content-Type header 'charset=UTF-8' is not a valid media type: []
"
10290203-f0de-4914-8433-7075a60056df,e88a879d-c2ff-4b55-8bcd-f66ca204ddfb,false,"[OAS] [OAS] validation failed:
 - ERROR - [Path '/0'] Instance type (boolean) does not match any allowed primitive type (allowed: [""object""]): []
"
edfc0872-3cfd-462f-b9d6-fd9068582574,186ef772-2836-4c59-b952-c4e1324ebb6f,false,"[OAS] [OAS] validation failed:
 - ERROR - Response status 204 not defined for path '/projects'.: []
"
edfc0872-3cfd-462f-b9d6-fd9068582574,e229de7f-236e-4ec3-bb7b-728d36bd63b4,false,"[OAS] [OAS] validation failed:
 - ERROR - Response status 403 not defined for path '/projects'.: []
"
edfc0872-3cfd-462f-b9d6-fd9068582574,cc1d770b-a8e4-498c-ae42-24148f0a4cbd,false,[NO_5XX] Unexpected 5XX response: 502
edfc0872-3cfd-462f-b9d6-fd9068582574,9994c6f3-4c09-49cc-b3aa-b6d39a161a2f,false,"[OAS] [OAS] validation failed:
 - ERROR - Response Content-Type header 'text/html' does not match any allowed types. Must be one of: [application/json].: []
"
edfc0872-3cfd-462f-b9d6-fd9068582574,58b8d13b-61c1-4efe-ba20-e2ee2a773966,false,"[OAS] [OAS] validation failed:
 - ERROR - Response Content-Type header 'charset=UTF-8' is not a valid media type: []
"
edfc0872-3cfd-462f-b9d6-fd9068582574,5dc0fc61-54e2-4a79-bf6f-6b9c124859f9,false,"[OAS] [OAS] validation failed:
 - ERROR - [Path '/0'] Instance type (boolean) does not match any allowed primitive type (allowed: [""object""]): []
"
f70a7366-5b1b-4396-8462-140911553df6,5a2bfc48-a4a5-405f-92f5-4626b155f79a,false,"[OAS] [OAS] validation failed:
 - ERROR - Response status 201 not defined for path '/projects'.: []
"
f70a7366-5b1b-4396-8462-140911553df6,c973e884-c007-4eae-8574-d44cc92de2f6,false,"[OAS] [OAS] validation failed:
 - ERROR - Response status 401 not defined for path '/projects'.: []
"
f70a7366-5b1b-4396-8462-140911553df6,9778ace8-5b35-408c-b266-80d5b0c8e277,false,[NO_5XX] Unexpected 5XX response: 501
f70a7366-5b1b-4396-8462-140911553df6,40c9a007-8725-48aa-91fb-d2b02bd8691f,false,"[OAS] [OAS] validation failed:
 - ERROR - Response Content-Type header 'text/css' does not match any allowed types. Must be one of: [application/json].: []
"
f70a7366-5b1b-4396-8462-140911553df6,30fae4b3-b10b-4398-aa59-abc49efdd485,false,"[OAS] [OAS] validation failed:
 - ERROR - Response Content-Type header 'charset=UTF-8' is not a valid media type: []
"
f70a7366-5b1b-4396-8462-140911553df6,cf0b0cf3-25e9-477e-a9ff-a4b22cac6185,false,"[OAS] [OAS] validation failed:
 - ERROR - [Path '/0'] Instance type (boolean) does not match any allowed primitive type (allowed: [""object""]): []
"
8fd19537-8e7a-43d3-becb-113ff1e1d9ac,f4c0b3b4-cf5a-4abd-a191-04339579808c,false,"[OAS] [OAS] validation failed:
 - ERROR - Response status 201 not defined for path '/projects'.: []
"
8fd19537-8e7a-43d3-becb-113ff1e1d9ac,07b1e61a-70fc-4d3b-8aaf-24224bc6c8cc,false,"[OAS] [OAS] validation failed:
 - ERROR - Response status 403 not defined for path '/projects'.: []
"
8fd19537-8e7a-43d3-becb-113ff1e1d9ac,d2a1ec4a-ed31-4a94-849c-d7a3e9d0f142,false,[NO_5XX] Unexpected 5XX response: 502
8fd19537-8e7a-43d3-becb-113ff1e1d9ac,df6c8f6c-06f7-4afb-af98-b858177e4ec1,false,"[OAS] [OAS] validation failed:
 - ERROR - Response Content-Type header 'text/plain' does not match any allowed types. Must be one of: [application/json].: []
"
8fd19537-8e7a-43d3-becb-113ff1e1d9ac,7a082527-dceb-4940-956f-3bd0f940c9a6,false,"[OAS] [OAS] validation failed:
 - ERROR - Response Content-Type header 'charset=UTF-8' is not a valid media type: []
"
8fd19537-8e7a-43d3-becb-113ff1e1d9ac,5a5a56f7-12f8-44da-8953-8e439719cea1,false,"[OAS] [OAS] validation failed:
 - ERROR - [Path '/0'] Instance type (boolean) does not match any allowed primitive type (allowed: [""object""]): []
"
c1034925-d542-4357-92de-dc5644942ba8,a1c3530b-b89f-4f10-9fa0-c2409c69bcf5,false,"[OAS] [OAS] validation failed:
 - ERROR - Response status 201 not defined for path '/projects'.: []
"
c1034925-d542-4357-92de-dc5644942ba8,bc285fbb-d3dc-4b65-ba35-1b57e2359fa3,false,"[OAS] [OAS] validation failed:
 - ERROR - Response status 409 not defined for path '/projects'.: []
"
c1034925-d542-4357-92de-dc5644942ba8,fbd2be63-6d89-4285-951b-402523047095,false,[NO_5XX] Unexpected 5XX response: 504
c1034925-d542-4357-92de-dc5644942ba8,64d24c12-37cb-4dc3-a057-28d52341e505,false,"[OAS] [OAS] validation failed:
 - ERROR - Response Content-Type header 'application/x-www-form-urlencoded' does not match any allowed types. Must be one of: [application/json].: []
"
c1034925-d542-4357-92de-dc5644942ba8,ff6e06cc-9623-4ae8-ae0a-954aff295ef6,false,"[OAS] [OAS] validation failed:
 - ERROR - Response Content-Type header 'charset=UTF-8' is not a valid media type: []
"
c1034925-d542-4357-92de-dc5644942ba8,15fa9500-26ad-4a37-b05d-b46efa7991bf,false,"[OAS] [OAS] validation failed:
 - ERROR - [Path '/0'] Instance type (boolean) does not match any allowed primitive type (allowed: [""object""]): []
"
cf53892c-cd86-4e55-8cc4-f41c67dd33ac,6b409f61-8e5a-4b1d-b209-161f0c345063,false,"[OAS] [OAS] validation failed:
 - ERROR - Response status 201 not defined for path '/projects'.: []
"
cf53892c-cd86-4e55-8cc4-f41c67dd33ac,097c48f3-1bca-4128-935a-f6613eeee26b,false,"[OAS] [OAS] validation failed:
 - ERROR - Instance type (array) does not match any allowed primitive type (allowed: [""object""]): []
"
cf53892c-cd86-4e55-8cc4-f41c67dd33ac,022f3b3b-7b54-4095-afb5-baa4c40de62a,false,[NO_5XX] Unexpected 5XX response: 500
cf53892c-cd86-4e55-8cc4-f41c67dd33ac,0156ff29-3c3b-498b-b0d0-50027e2b5846,false,"[OAS] [OAS] validation failed:
 - ERROR - Response Content-Type header 'application/xml' does not match any allowed types. Must be one of: [application/json].: []
"
cf53892c-cd86-4e55-8cc4-f41c67dd33ac,c686625c-9636-449d-be11-514affabc3ee,false,"[OAS] [OAS] validation failed:
 - ERROR - Response Content-Type header 'charset=UTF-8' is not a valid media type: []
"
cf53892c-cd86-4e55-8cc4-f41c67dd33ac,2f0a959d-d5c0-497e-95b0-d797f5aa3be1,false,"[OAS] [OAS] validation failed:
 - ERROR - [Path '/0'] Instance type (boolean) does not match any allowed primitive type (allowed: [""object""]): []
"
f864fd4d-c817-49c3-8a14-8de0bc528ea8,c0a069b6-896e-44b8-a7f5-182f5a6e6d23,false,"[OAS] [OAS] validation failed:
 - ERROR - Response status 201 not defined for path '/projects'.: []
"
f864fd4d-c817-49c3-8a14-8de0bc528ea8,b1e560e0-d9b0-41ed-8f09-f1f3d22c6768,false,"[OAS] [OAS] validation failed:
 - ERROR - Response status 404 not defined for path '/projects'.: []
"
f864fd4d-c817-49c3-8a14-8de0bc528ea8,2b5ebc21-db19-478e-9706-9d21b7ed15b4,false,[NO_5XX] Unexpected 5XX response: 503
f864fd4d-c817-49c3-8a14-8de0bc528ea8,db4c97c4-6a9c-45f0-9e14-c6958cbf2bb0,false,"[OAS] [OAS] validation failed:
 - ERROR - Response Content-Type header 'text/html' does not match any allowed types. Must be one of: [application/json].: []
"
f864fd4d-c817-49c3-8a14-8de0bc528ea8,97d4f727-c7bb-477e-80b1-9f22fef3c41e,false,"[OAS] [OAS] validation failed:
 - ERROR - Response Content-Type header 'charset=UTF-8' is not a valid media type: []
"
f864fd4d-c817-49c3-8a14-8de0bc528ea8,97aa13c6-7bd3-4dc2-94e1-17f8dc8f7284,false,"[OAS] [OAS] validation failed:
 - ERROR - [Path '/0'] Instance type (boolean) does not match any allowed primitive type (allowed: [""object""]): []
"
cc4b62ab-4725-4bf7-b313-c758eda65d21,d1e59b5f-ab10-4bce-b687-bb054bab2809,false,"[OAS] [OAS] validation failed:
 - ERROR - Response status 201 not defined for path '/projects'.: []
"
cc4b62ab-4725-4bf7-b313-c758eda65d21,d21ae7d7-0753-4548-abda-3aa27c233611,false,"[OAS] [OAS] validation failed:
 - ERROR - Instance type (array) does not match any allowed primitive type (allowed: [""object""]): []
"
cc4b62ab-4725-4bf7-b313-c758eda65d21,db65c231-7d98-432a-bbbf-231686524681,false,[NO_5XX] Unexpected 5XX response: 500
cc4b62ab-4725-4bf7-b313-c758eda65d21,dbdd5529-6a1f-4e93-a180-1d3bd99131c0,false,"[OAS] [OAS] validation failed:
 - ERROR - Response Content-Type header 'text/plain' does not match any allowed types. Must be one of: [application/json].: []
"
cc4b62ab-4725-4bf7-b313-c758eda65d21,dabebb07-150a-4a92-85f1-c5b3c020e542,false,"[OAS] [OAS] validation failed:
 - ERROR - Response Content-Type header 'charset=UTF-8' is not a valid media type: []
"
cc4b62ab-4725-4bf7-b313-c758eda65d21,1afddcc2-24ec-4488-a2c4-a08df1a26bc9,false,"[OAS] [OAS] validation failed:
 - ERROR - [Path '/1'] Instance type (boolean) does not match any allowed primitive type (allowed: [""object""]): []
"
cc4b62ab-4725-4bf7-b313-c758eda65d21,e601b610-c604-41cf-b911-44827a5ac7b5,false,"[OAS] [OAS] validation failed:
 - ERROR - [Path '/0'] Object instance has properties which are not allowed by the schema: [""randomBoolean1""]: []
"
cc4b62ab-4725-4bf7-b313-c758eda65d21,99ce4f3d-6729-41cb-9498-0dee22218526,false,"[OAS] [OAS] validation failed:
 - ERROR - [Path '/0'] Instance type (null) does not match any allowed primitive type (allowed: [""object""]): []
"
cc4b62ab-4725-4bf7-b313-c758eda65d21,d706581d-c885-4af7-a0b6-2c604531e2c0,false,"[OAS] [OAS] validation failed:
 - ERROR - [Path '/0'] Instance type (number) does not match any allowed primitive type (allowed: [""object""]): []
"
cc4b62ab-4725-4bf7-b313-c758eda65d21,c73703f9-fbee-4453-a5c8-24bb32e6d5e7,false,"[OAS] [OAS] validation failed:
 - ERROR - [Path '/0/languageList/0'] Instance type (boolean) does not match any allowed primitive type (allowed: [""string""]): []
 - ERROR - [Path '/0/languageList/1'] Instance type (object) does not match any allowed primitive type (allowed: [""string""]): []
"
cc4b62ab-4725-4bf7-b313-c758eda65d21,01b7620f-9303-424d-9a93-22cca10d03da,false,"[OAS] [OAS] validation failed:
 - ERROR - [Path '/0/languageList'] Instance type (null) does not match any allowed primitive type (allowed: [""array""]): []
"
cc4b62ab-4725-4bf7-b313-c758eda65d21,7546cf97-f377-4c35-9750-94f1d04e69f0,false,"[OAS] [OAS] validation failed:
 - ERROR - [Path '/0/languageList'] Instance type (number) does not match any allowed primitive type (allowed: [""array""]): []
"
cc4b62ab-4725-4bf7-b313-c758eda65d21,b2cb5032-abf3-4a1e-96d8-b2ab41b1fe60,false,"[OAS] [OAS] validation failed:
 - ERROR - [Path '/0/gitHubProjectId'] Instance type (null) does not match any allowed primitive type (allowed: [""integer""]): []
"
cc4b62ab-4725-4bf7-b313-c758eda65d21,7d098609-f3e0-496f-935e-00ad1e0afc2e,false,"[OAS] [OAS] validation failed:
 - ERROR - [Path '/0/gitHubProjectId'] Instance type (number) does not match any allowed primitive type (allowed: [""integer""]): []
"
cc4b62ab-4725-4bf7-b313-c758eda65d21,b96a58a0-87e2-453f-b256-a5a3ab4a9ffd,false,"[OAS] [OAS] validation failed:
 - ERROR - [Path '/0/name'] Instance type (null) does not match any allowed primitive type (allowed: [""string""]): []
"
cc4b62ab-4725-4bf7-b313-c758eda65d21,ea48403e-6dc8-49fc-b004-b80c53b4d53e,false,"[OAS] [OAS] validation failed:
 - ERROR - [Path '/0/name'] Instance type (number) does not match any allowed primitive type (allowed: [""string""]): []
"
cc4b62ab-4725-4bf7-b313-c758eda65d21,334158d4-e179-437f-aed4-b438e2aec70c,false,"[OAS] [OAS] validation failed:
 - ERROR - [Path '/0/title'] Instance type (number) does not match any allowed primitive type (allowed: [""null"",""string""]): []
"
cc4b62ab-4725-4bf7-b313-c758eda65d21,e0c5d296-2b99-4249-8337-77479da70237,false,"[OAS] [OAS] validation failed:
 - ERROR - [Path '/0/image'] Instance type (object) does not match any allowed primitive type (allowed: [""null"",""string""]): []
"
cc4b62ab-4725-4bf7-b313-c758eda65d21,09a696e7-377a-4867-a583-158f1ebd3721,false,"[OAS] [OAS] validation failed:
 - ERROR - [Path '/0/organizationName'] Instance type (null) does not match any allowed primitive type (allowed: [""string""]): []
"
cc4b62ab-4725-4bf7-b313-c758eda65d21,e25ec353-808b-40cc-819e-e6a2ae36d1d6,false,"[OAS] [OAS] validation failed:
 - ERROR - [Path '/0/organizationName'] Instance type (object) does not match any allowed primitive type (allowed: [""string""]): []
"
cc4b62ab-4725-4bf7-b313-c758eda65d21,baf36509-87be-4c28-82e9-b610bfb13068,false,"[OAS] [OAS] validation failed:
 - ERROR - [Path '/0/url'] Instance type (object) does not match any allowed primitive type (allowed: [""null"",""string""]): []
"
cc4b62ab-4725-4bf7-b313-c758eda65d21,25989492-1b72-42e4-a6c1-85756619feae,false,"[OAS] [OAS] validation failed:
 - ERROR - [Path '/0/description'] Instance type (array) does not match any allowed primitive type (allowed: [""null"",""string""]): []
"
cc4b62ab-4725-4bf7-b313-c758eda65d21,a8a44bd0-df24-4e2a-871f-0d41c5d6553b,false,"[OAS] [OAS] validation failed:
 - ERROR - [Path '/0/starsCount'] Instance type (null) does not match any allowed primitive type (allowed: [""integer""]): []
"
cc4b62ab-4725-4bf7-b313-c758eda65d21,bbaaa3af-e9db-4216-98c7-2d63937cb9c2,false,"[OAS] [OAS] validation failed:
 - ERROR - [Path '/0/starsCount'] Instance type (object) does not match any allowed primitive type (allowed: [""integer""]): []
"
cc4b62ab-4725-4bf7-b313-c758eda65d21,2f19aec1-204c-43e3-bc4e-e2c945598cf9,false,"[OAS] [OAS] validation failed:
 - ERROR - [Path '/0/commitsCount'] Instance type (null) does not match any allowed primitive type (allowed: [""integer""]): []
"
cc4b62ab-4725-4bf7-b313-c758eda65d21,171fd8bb-803b-421a-8fd6-4fb4178c7d1e,false,"[OAS] [OAS] validation failed:
 - ERROR - [Path '/0/commitsCount'] Instance type (object) does not match any allowed primitive type (allowed: [""integer""]): []
"
cc4b62ab-4725-4bf7-b313-c758eda65d21,99b7f9cc-e863-41b5-bdd5-9e8be8ba5823,false,"[OAS] [OAS] validation failed:
 - ERROR - [Path '/0/forksCount'] Instance type (null) does not match any allowed primitive type (allowed: [""integer""]): []
"
cc4b62ab-4725-4bf7-b313-c758eda65d21,efd53292-bcda-4468-bf78-35b6dbabef1d,false,"[OAS] [OAS] validation failed:
 - ERROR - [Path '/0/forksCount'] Instance type (array) does not match any allowed primitive type (allowed: [""integer""]): []
"
cc4b62ab-4725-4bf7-b313-c758eda65d21,8180058f-919f-436c-84de-3ed4eee608d8,false,"[OAS] [OAS] validation failed:
 - ERROR - [Path '/0/contributorsCount'] Instance type (null) does not match any allowed primitive type (allowed: [""integer""]): []
"
cc4b62ab-4725-4bf7-b313-c758eda65d21,a9baa1ed-e831-4096-abfe-4f23c2a572aa,false,"[OAS] [OAS] validation failed:
 - ERROR - [Path '/0/contributorsCount'] Instance type (string) does not match any allowed primitive type (allowed: [""integer""]): []
"
cc4b62ab-4725-4bf7-b313-c758eda65d21,b37e834e-b581-4fe5-9167-fb35ff81615a,false,"[OAS] [OAS] validation failed:
 - ERROR - [Path '/0/score'] Instance type (null) does not match any allowed primitive type (allowed: [""integer""]): []
"
cc4b62ab-4725-4bf7-b313-c758eda65d21,6b198abd-a934-475b-9eab-11e0a251acd0,false,"[OAS] [OAS] validation failed:
 - ERROR - [Path '/0/score'] Instance type (array) does not match any allowed primitive type (allowed: [""integer""]): []
"
cc4b62ab-4725-4bf7-b313-c758eda65d21,314af1a6-cb94-4751-9054-46c65ec1487e,false,"[OAS] [OAS] validation failed:
 - ERROR - [Path '/0/lastPushed'] Instance type (array) does not match any allowed primitive type (allowed: [""null"",""string""]): []
"
cc4b62ab-4725-4bf7-b313-c758eda65d21,e7b6e2cb-aead-42c2-919e-0d9fda5ebff2,false,"[OAS] [OAS] validation failed:
 - ERROR - [Path '/0/primaryLanguage'] Instance type (null) does not match any allowed primitive type (allowed: [""string""]): []
"
cc4b62ab-4725-4bf7-b313-c758eda65d21,97931012-e187-4f37-a7c2-63797f0d2461,false,"[OAS] [OAS] validation failed:
 - ERROR - [Path '/0/primaryLanguage'] Instance type (object) does not match any allowed primitive type (allowed: [""string""]): []
"
cc4b62ab-4725-4bf7-b313-c758eda65d21,20432921-7954-4a93-8134-bf07a4c63a08,false,"[OAS] [OAS] validation failed:
 - ERROR - [Path '/0/maintainers/0'] Instance type (object) does not match any allowed primitive type (allowed: [""string""]): []
 - ERROR - [Path '/0/maintainers/1'] Instance type (integer) does not match any allowed primitive type (allowed: [""string""]): []
 - ERROR - [Path '/0/maintainers/2'] Instance type (array) does not match any allowed primitive type (allowed: [""string""]): []
 - ERROR - [Path '/0/maintainers/3'] Instance type (object) does not match any allowed primitive type (allowed: [""string""]): []
"
cc4b62ab-4725-4bf7-b313-c758eda65d21,b023ddbb-562f-4749-9067-4da3e0ba3ff4,false,"[OAS] [OAS] validation failed:
 - ERROR - [Path '/0/maintainers'] Instance type (null) does not match any allowed primitive type (allowed: [""array""]): []
"
cc4b62ab-4725-4bf7-b313-c758eda65d21,bbf723a7-4142-4530-ad98-b796210cb031,false,"[OAS] [OAS] validation failed:
 - ERROR - [Path '/0/maintainers'] Instance type (object) does not match any allowed primitive type (allowed: [""array""]): []
"
7508a23c-0f12-4feb-9290-d4b1f8a0a45d,09971bf4-9ef9-4754-92c5-7adf0d34ff82,false,"[OAS] [OAS] validation failed:
 - ERROR - Response status 201 not defined for path '/projects'.: []
"
7508a23c-0f12-4feb-9290-d4b1f8a0a45d,487cfb7e-b708-460f-bf77-cbd168079367,false,"[OAS] [OAS] validation failed:
 - ERROR - Response status 401 not defined for path '/projects'.: []
"
7508a23c-0f12-4feb-9290-d4b1f8a0a45d,2f9793b6-ffcc-41da-8c01-748381f77443,false,[NO_5XX] Unexpected 5XX response: 501
7508a23c-0f12-4feb-9290-d4b1f8a0a45d,218ae83e-7829-4783-baab-11b9f22aee1a,false,"[OAS] [OAS] validation failed:
 - ERROR - Response Content-Type header 'text/html' does not match any allowed types. Must be one of: [application/json].: []
"
7508a23c-0f12-4feb-9290-d4b1f8a0a45d,c525fca6-0f7f-4f01-a069-7fa3b9025489,false,"[OAS] [OAS] validation failed:
 - ERROR - Response Content-Type header 'charset=UTF-8' is not a valid media type: []
"
7508a23c-0f12-4feb-9290-d4b1f8a0a45d,4ff06cf7-13c3-4739-a6b7-fbba5e597423,false,"[OAS] [OAS] validation failed:
 - ERROR - [Path '/0'] Instance type (boolean) does not match any allowed primitive type (allowed: [""object""]): []
"
ab50914d-3c66-4039-b74f-af2ce7ec5a55,90e99dc9-7784-49a8-b511-7957d20a251d,false,"[OAS] [OAS] validation failed:
 - ERROR - Response status 204 not defined for path '/projects'.: []
"
ab50914d-3c66-4039-b74f-af2ce7ec5a55,0d393c1b-4fee-417a-9c31-0fa026173d5f,false,"[OAS] [OAS] validation failed:
 - ERROR - Instance type (array) does not match any allowed primitive type (allowed: [""object""]): []
"
ab50914d-3c66-4039-b74f-af2ce7ec5a55,bdf48f5e-663a-4c9d-a42d-7b386f6b7b28,false,[NO_5XX] Unexpected 5XX response: 500
ab50914d-3c66-4039-b74f-af2ce7ec5a55,3f7cce29-0ee0-42a4-8110-18b04226f24e,false,"[OAS] [OAS] validation failed:
 - ERROR - Response Content-Type header 'application/x-www-form-urlencoded' does not match any allowed types. Must be one of: [application/json].: []
"
ab50914d-3c66-4039-b74f-af2ce7ec5a55,a551dd49-4ee0-4f57-8b8b-d01c4b643cbe,false,"[OAS] [OAS] validation failed:
 - ERROR - Response Content-Type header 'charset=UTF-8' is not a valid media type: []
"
ab50914d-3c66-4039-b74f-af2ce7ec5a55,30f5fffd-8e3d-4378-9831-586913a2cbb5,false,"[OAS] [OAS] validation failed:
 - ERROR - [Path '/0'] Instance type (boolean) does not match any allowed primitive type (allowed: [""object""]): []
"
89fbffd6-b46c-4fd0-9236-2f93efb2defe,1953207e-8a2e-4e3b-b691-57c4a2557d6c,false,"[OAS] [OAS] validation failed:
 - ERROR - Response status 201 not defined for path '/projects'.: []
"
89fbffd6-b46c-4fd0-9236-2f93efb2defe,691fdbee-693d-44e9-9392-b338404f2b1f,false,"[OAS] [OAS] validation failed:
 - ERROR - Response status 403 not defined for path '/projects'.: []
"
89fbffd6-b46c-4fd0-9236-2f93efb2defe,288200e0-19e3-4de4-88bd-8ad0726d5003,false,[NO_5XX] Unexpected 5XX response: 502
89fbffd6-b46c-4fd0-9236-2f93efb2defe,916d7508-c196-4710-aaa6-59568e4d0ad4,false,"[OAS] [OAS] validation failed:
 - ERROR - Response Content-Type header 'text/javascript' does not match any allowed types. Must be one of: [application/json].: []
"
89fbffd6-b46c-4fd0-9236-2f93efb2defe,01433e2d-8dc2-4298-af3a-d9e3e380cb9c,false,"[OAS] [OAS] validation failed:
 - ERROR - Response Content-Type header 'charset=UTF-8' is not a valid media type: []
"
89fbffd6-b46c-4fd0-9236-2f93efb2defe,3e80ad41-d6e9-40e0-b808-a0d1d2a0a25d,false,"[OAS] [OAS] validation failed:
 - ERROR - [Path '/0'] Instance type (boolean) does not match any allowed primitive type (allowed: [""object""]): []
"
bb526b4b-6673-460b-a4ef-5008a8a66e42,30cc0bde-8f32-4015-904d-390509370f76,false,"[OAS] [OAS] validation failed:
 - ERROR - Response status 201 not defined for path '/projects'.: []
"
bb526b4b-6673-460b-a4ef-5008a8a66e42,7f2f75f5-6c47-4524-ab46-a82dc1155ffa,false,"[OAS] [OAS] validation failed:
 - ERROR - Response status 401 not defined for path '/projects'.: []
"
bb526b4b-6673-460b-a4ef-5008a8a66e42,5271aa86-9274-4a7b-88b6-03d7f9faa0db,false,[NO_5XX] Unexpected 5XX response: 501
bb526b4b-6673-460b-a4ef-5008a8a66e42,6c796751-841e-4e72-82b8-814023a0920d,false,"[OAS] [OAS] validation failed:
 - ERROR - Response Content-Type header 'application/xml' does not match any allowed types. Must be one of: [application/json].: []
"
bb526b4b-6673-460b-a4ef-5008a8a66e42,f14ed988-c5a6-465d-b966-f1edc4ee63d7,false,"[OAS] [OAS] validation failed:
 - ERROR - Response Content-Type header 'charset=UTF-8' is not a valid media type: []
"
bb526b4b-6673-460b-a4ef-5008a8a66e42,6599d1b7-7b10-45a4-bb0e-8789b45fc110,false,"[OAS] [OAS] validation failed:
 - ERROR - [Path '/0'] Instance type (boolean) does not match any allowed primitive type (allowed: [""object""]): []
"
b2faef05-6f9d-422a-8d39-e6bd2af3791d,1c47dc01-ded9-4e6b-9326-cdc2f0de2db3,false,"[OAS] [OAS] validation failed:
 - ERROR - Response status 201 not defined for path '/projects'.: []
"
b2faef05-6f9d-422a-8d39-e6bd2af3791d,f3f2211b-6e52-4498-94df-e5d02d3271b5,false,"[OAS] [OAS] validation failed:
 - ERROR - Response status 404 not defined for path '/projects'.: []
"
b2faef05-6f9d-422a-8d39-e6bd2af3791d,20bdf805-c5b4-4b1a-872d-3a1900dd5acc,false,[NO_5XX] Unexpected 5XX response: 503
b2faef05-6f9d-422a-8d39-e6bd2af3791d,a7cf8d5b-90b7-4b7f-a5d3-515c04bb750c,false,"[OAS] [OAS] validation failed:
 - ERROR - Response Content-Type header 'text/plain' does not match any allowed types. Must be one of: [application/json].: []
"
b2faef05-6f9d-422a-8d39-e6bd2af3791d,694fe48d-6e0e-4e09-a676-6b9e8f1f1638,false,"[OAS] [OAS] validation failed:
 - ERROR - Response Content-Type header 'charset=UTF-8' is not a valid media type: []
"
b2faef05-6f9d-422a-8d39-e6bd2af3791d,a45c69b9-d67d-4522-a899-048739a57a34,false,"[OAS] [OAS] validation failed:
 - ERROR - [Path '/0'] Instance type (boolean) does not match any allowed primitive type (allowed: [""object""]): []
"
6d10a67f-1d5f-4f68-9830-31c60a7518a1,2c796f1b-6c7b-43a0-8e5d-31f80dc065c5,false,"[OAS] [OAS] validation failed:
 - ERROR - Response status 201 not defined for path '/projects'.: []
"
6d10a67f-1d5f-4f68-9830-31c60a7518a1,532089f2-90c6-4ca2-8f52-e0be8fef8b6b,false,"[OAS] [OAS] validation failed:
 - ERROR - Instance type (array) does not match any allowed primitive type (allowed: [""object""]): []
"
6d10a67f-1d5f-4f68-9830-31c60a7518a1,e5af815a-a266-4e86-ac60-dfe9e108f06d,false,[NO_5XX] Unexpected 5XX response: 500
6d10a67f-1d5f-4f68-9830-31c60a7518a1,0783c23f-0e0b-4b00-826d-483e7b6e4b39,false,"[OAS] [OAS] validation failed:
 - ERROR - Response Content-Type header 'application/xml' does not match any allowed types. Must be one of: [application/json].: []
"
6d10a67f-1d5f-4f68-9830-31c60a7518a1,01b8ce10-1a18-4ced-ba5e-694bf03c07a3,false,"[OAS] [OAS] validation failed:
 - ERROR - Response Content-Type header 'charset=UTF-8' is not a valid media type: []
"
6d10a67f-1d5f-4f68-9830-31c60a7518a1,566909ce-3168-40a7-834f-026a92718171,false,"[OAS] [OAS] validation failed:
 - ERROR - [Path '/1'] Instance type (boolean) does not match any allowed primitive type (allowed: [""object""]): []
"
6d10a67f-1d5f-4f68-9830-31c60a7518a1,9315fb12-e4d0-422f-aca4-37d380673acf,false,"[OAS] [OAS] validation failed:
 - ERROR - [Path '/0'] Object instance has properties which are not allowed by the schema: [""randomBoolean1""]: []
"
6d10a67f-1d5f-4f68-9830-31c60a7518a1,beba4f68-afca-4554-8823-2776e2915f47,false,"[OAS] [OAS] validation failed:
 - ERROR - [Path '/0'] Instance type (null) does not match any allowed primitive type (allowed: [""object""]): []
"
6d10a67f-1d5f-4f68-9830-31c60a7518a1,5d684f3c-1af1-458b-9f63-f6fba0aa9bef,false,"[OAS] [OAS] validation failed:
 - ERROR - [Path '/0'] Instance type (number) does not match any allowed primitive type (allowed: [""object""]): []
"
6d10a67f-1d5f-4f68-9830-31c60a7518a1,e93b90c4-5911-41aa-9aab-f06f3710255b,false,"[OAS] [OAS] validation failed:
 - ERROR - [Path '/0/languageList/0'] Instance type (boolean) does not match any allowed primitive type (allowed: [""string""]): []
 - ERROR - [Path '/0/languageList/1'] Instance type (object) does not match any allowed primitive type (allowed: [""string""]): []
"
6d10a67f-1d5f-4f68-9830-31c60a7518a1,2790dc41-6432-4d99-9115-d9ba77f3a848,false,"[OAS] [OAS] validation failed:
 - ERROR - [Path '/0/languageList'] Instance type (null) does not match any allowed primitive type (allowed: [""array""]): []
"
6d10a67f-1d5f-4f68-9830-31c60a7518a1,9fd888d3-b93c-4207-aee0-6153997191fa,false,"[OAS] [OAS] validation failed:
 - ERROR - [Path '/0/languageList'] Instance type (number) does not match any allowed primitive type (allowed: [""array""]): []
"
6d10a67f-1d5f-4f68-9830-31c60a7518a1,ba2e664e-8715-45f2-a0b0-6466867585fb,false,"[OAS] [OAS] validation failed:
 - ERROR - [Path '/0/gitHubProjectId'] Instance type (null) does not match any allowed primitive type (allowed: [""integer""]): []
"
6d10a67f-1d5f-4f68-9830-31c60a7518a1,25a00e5d-16bd-4a5e-903d-099bd0122f51,false,"[OAS] [OAS] validation failed:
 - ERROR - [Path '/0/gitHubProjectId'] Instance type (number) does not match any allowed primitive type (allowed: [""integer""]): []
"
6d10a67f-1d5f-4f68-9830-31c60a7518a1,e6700fe3-ae9b-4b1a-bbc6-866f51884e45,false,"[OAS] [OAS] validation failed:
 - ERROR - [Path '/0/name'] Instance type (null) does not match any allowed primitive type (allowed: [""string""]): []
"
6d10a67f-1d5f-4f68-9830-31c60a7518a1,2db4423f-7a65-4eae-b066-914137d83c34,false,"[OAS] [OAS] validation failed:
 - ERROR - [Path '/0/name'] Instance type (number) does not match any allowed primitive type (allowed: [""string""]): []
"
6d10a67f-1d5f-4f68-9830-31c60a7518a1,ee519b03-5d49-4822-8749-5a7c3bd918d9,false,"[OAS] [OAS] validation failed:
 - ERROR - [Path '/0/title'] Instance type (number) does not match any allowed primitive type (allowed: [""null"",""string""]): []
"
6d10a67f-1d5f-4f68-9830-31c60a7518a1,53e03f58-af67-4385-b091-dd326fa460b3,false,"[OAS] [OAS] validation failed:
 - ERROR - [Path '/0/image'] Instance type (object) does not match any allowed primitive type (allowed: [""null"",""string""]): []
"
6d10a67f-1d5f-4f68-9830-31c60a7518a1,83c8cb58-c26a-4e85-b88e-13d8f09e4dc1,false,"[OAS] [OAS] validation failed:
 - ERROR - [Path '/0/organizationName'] Instance type (null) does not match any allowed primitive type (allowed: [""string""]): []
"
6d10a67f-1d5f-4f68-9830-31c60a7518a1,7b0c361e-fb69-426c-ac05-b2df3c2f4e82,false,"[OAS] [OAS] validation failed:
 - ERROR - [Path '/0/organizationName'] Instance type (object) does not match any allowed primitive type (allowed: [""string""]): []
"
6d10a67f-1d5f-4f68-9830-31c60a7518a1,1b54c155-1ce5-449b-9ca1-c0789f25eec8,false,"[OAS] [OAS] validation failed:
 - ERROR - [Path '/0/url'] Instance type (object) does not match any allowed primitive type (allowed: [""null"",""string""]): []
"
6d10a67f-1d5f-4f68-9830-31c60a7518a1,3772b723-ddc8-48c0-b4da-c0c79c06ef73,false,"[OAS] [OAS] validation failed:
 - ERROR - [Path '/0/description'] Instance type (array) does not match any allowed primitive type (allowed: [""null"",""string""]): []
"
6d10a67f-1d5f-4f68-9830-31c60a7518a1,3d8d473d-fd9f-420d-8d40-3b11b1c0c827,false,"[OAS] [OAS] validation failed:
 - ERROR - [Path '/0/starsCount'] Instance type (null) does not match any allowed primitive type (allowed: [""integer""]): []
"
6d10a67f-1d5f-4f68-9830-31c60a7518a1,47e88232-e171-42b3-a2fc-984413c7b883,false,"[OAS] [OAS] validation failed:
 - ERROR - [Path '/0/starsCount'] Instance type (object) does not match any allowed primitive type (allowed: [""integer""]): []
"
6d10a67f-1d5f-4f68-9830-31c60a7518a1,958fc435-ea1a-42e0-8fdf-b5bc53c52635,false,"[OAS] [OAS] validation failed:
 - ERROR - [Path '/0/commitsCount'] Instance type (null) does not match any allowed primitive type (allowed: [""integer""]): []
"
6d10a67f-1d5f-4f68-9830-31c60a7518a1,1f91b16e-6046-4d2d-8c30-30096fad05cb,false,"[OAS] [OAS] validation failed:
 - ERROR - [Path '/0/commitsCount'] Instance type (object) does not match any allowed primitive type (allowed: [""integer""]): []
"
6d10a67f-1d5f-4f68-9830-31c60a7518a1,737c3473-67a2-4c7a-bd9e-42303fad52bc,false,"[OAS] [OAS] validation failed:
 - ERROR - [Path '/0/forksCount'] Instance type (null) does not match any allowed primitive type (allowed: [""integer""]): []
"
6d10a67f-1d5f-4f68-9830-31c60a7518a1,7ce2d4e4-d32f-4b2a-b4ea-b00d7fb2341b,false,"[OAS] [OAS] validation failed:
 - ERROR - [Path '/0/forksCount'] Instance type (array) does not match any allowed primitive type (allowed: [""integer""]): []
"
6d10a67f-1d5f-4f68-9830-31c60a7518a1,3a918d6e-0b27-4381-b33f-6f3355560515,false,"[OAS] [OAS] validation failed:
 - ERROR - [Path '/0/contributorsCount'] Instance type (null) does not match any allowed primitive type (allowed: [""integer""]): []
"
6d10a67f-1d5f-4f68-9830-31c60a7518a1,6da169f5-e0f8-459d-a7be-8ba385f301c6,false,"[OAS] [OAS] validation failed:
 - ERROR - [Path '/0/contributorsCount'] Instance type (string) does not match any allowed primitive type (allowed: [""integer""]): []
"
6d10a67f-1d5f-4f68-9830-31c60a7518a1,aa22c6af-1dc9-4a1b-a06d-25b6fd0b58d3,false,"[OAS] [OAS] validation failed:
 - ERROR - [Path '/0/score'] Instance type (null) does not match any allowed primitive type (allowed: [""integer""]): []
"
6d10a67f-1d5f-4f68-9830-31c60a7518a1,4ddfd141-39f2-4dd2-b469-6774ea078982,false,"[OAS] [OAS] validation failed:
 - ERROR - [Path '/0/score'] Instance type (array) does not match any allowed primitive type (allowed: [""integer""]): []
"
6d10a67f-1d5f-4f68-9830-31c60a7518a1,4ebdb43d-8291-43d5-a29a-cfa846eb022b,false,"[OAS] [OAS] validation failed:
 - ERROR - [Path '/0/lastPushed'] Instance type (array) does not match any allowed primitive type (allowed: [""null"",""string""]): []
"
6d10a67f-1d5f-4f68-9830-31c60a7518a1,f70bad31-b8cb-4bdb-b910-d7058b7795f0,false,"[OAS] [OAS] validation failed:
 - ERROR - [Path '/0/primaryLanguage'] Instance type (null) does not match any allowed primitive type (allowed: [""string""]): []
"
6d10a67f-1d5f-4f68-9830-31c60a7518a1,e1a1a7dc-6f7e-44e0-ad7f-b80a89c5b858,false,"[OAS] [OAS] validation failed:
 - ERROR - [Path '/0/primaryLanguage'] Instance type (object) does not match any allowed primitive type (allowed: [""string""]): []
"
6d10a67f-1d5f-4f68-9830-31c60a7518a1,f8ce6f3c-6e07-4057-be85-4d02abe741f4,false,"[OAS] [OAS] validation failed:
 - ERROR - [Path '/0/maintainers/0'] Instance type (object) does not match any allowed primitive type (allowed: [""string""]): []
 - ERROR - [Path '/0/maintainers/1'] Instance type (integer) does not match any allowed primitive type (allowed: [""string""]): []
 - ERROR - [Path '/0/maintainers/2'] Instance type (array) does not match any allowed primitive type (allowed: [""string""]): []
 - ERROR - [Path '/0/maintainers/3'] Instance type (object) does not match any allowed primitive type (allowed: [""string""]): []
"
6d10a67f-1d5f-4f68-9830-31c60a7518a1,71b9eccb-cec9-4e73-ac27-428f1d1f4ce9,false,"[OAS] [OAS] validation failed:
 - ERROR - [Path '/0/maintainers'] Instance type (null) does not match any allowed primitive type (allowed: [""array""]): []
"
6d10a67f-1d5f-4f68-9830-31c60a7518a1,e653522d-4b69-41e3-94ef-f390f02c639f,false,"[OAS] [OAS] validation failed:
 - ERROR - [Path '/0/maintainers'] Instance type (object) does not match any allowed primitive type (allowed: [""array""]): []
"
b66d8f6a-a3da-4bb9-a8a6-b4c31a367e28,0c62ad8b-d385-407c-a8cd-7479ff76b717,false,"[OAS] [OAS] validation failed:
 - ERROR - Response status 201 not defined for path '/projects'.: []
"
b66d8f6a-a3da-4bb9-a8a6-b4c31a367e28,d294af66-9bf3-4c16-91e4-cf14f5d3a17e,false,"[OAS] [OAS] validation failed:
 - ERROR - Response status 409 not defined for path '/projects'.: []
"
b66d8f6a-a3da-4bb9-a8a6-b4c31a367e28,ddf097a5-d109-462b-a6a9-ee167deaae54,false,[NO_5XX] Unexpected 5XX response: 504
b66d8f6a-a3da-4bb9-a8a6-b4c31a367e28,425e2fd3-9f0c-46d1-9a8d-5c9aa6b891f7,false,"[OAS] [OAS] validation failed:
 - ERROR - Response Content-Type header 'text/css' does not match any allowed types. Must be one of: [application/json].: []
"
b66d8f6a-a3da-4bb9-a8a6-b4c31a367e28,5f42a83e-184f-45dc-bf63-30e92aecb308,false,"[OAS] [OAS] validation failed:
 - ERROR - Response Content-Type header 'charset=UTF-8' is not a valid media type: []
"
b66d8f6a-a3da-4bb9-a8a6-b4c31a367e28,84c58c18-d9df-4267-b788-02f0cd787487,false,"[OAS] [OAS] validation failed:
 - ERROR - [Path '/0'] Instance type (boolean) does not match any allowed primitive type (allowed: [""object""]): []
"
d2066002-21c0-44cf-8d74-64a092ea337d,33d426c5-997a-49db-80a2-9a8970137aff,false,"[OAS] [OAS] validation failed:
 - ERROR - Response status 204 not defined for path '/projects'.: []
"
d2066002-21c0-44cf-8d74-64a092ea337d,a70793db-a45f-4ba8-a065-9f23ee7718c4,false,"[OAS] [OAS] validation failed:
 - ERROR - Instance type (array) does not match any allowed primitive type (allowed: [""object""]): []
"
d2066002-21c0-44cf-8d74-64a092ea337d,133ce52d-9925-46a6-a75e-f74db4a8efa1,false,[NO_5XX] Unexpected 5XX response: 500
d2066002-21c0-44cf-8d74-64a092ea337d,869feb51-35fc-4ed3-a7b0-8442e33c858e,false,"[OAS] [OAS] validation failed:
 - ERROR - Response Content-Type header 'application/xml' does not match any allowed types. Must be one of: [application/json].: []
"
d2066002-21c0-44cf-8d74-64a092ea337d,f61815e3-d271-4bb6-8cef-78fa62102a06,false,"[OAS] [OAS] validation failed:
 - ERROR - Response Content-Type header 'charset=UTF-8' is not a valid media type: []
"
d2066002-21c0-44cf-8d74-64a092ea337d,82df1a98-a22e-4d14-9922-666f81154b89,false,"[OAS] [OAS] validation failed:
 - ERROR - [Path '/0'] Instance type (boolean) does not match any allowed primitive type (allowed: [""object""]): []
"
d4e76ff4-1e39-4a2a-9e8b-4556e9a62abf,1411bd0d-713d-4728-ac93-7aabd47c2ec6,false,"[OAS] [OAS] validation failed:
 - ERROR - Response status 204 not defined for path '/projects'.: []
"
d4e76ff4-1e39-4a2a-9e8b-4556e9a62abf,3ddd5a6b-db61-4efe-bad5-0d81f46bf378,false,"[OAS] [OAS] validation failed:
 - ERROR - Response status 401 not defined for path '/projects'.: []
"
d4e76ff4-1e39-4a2a-9e8b-4556e9a62abf,d85ff9cc-7f2e-4260-a785-881272fae308,false,[NO_5XX] Unexpected 5XX response: 501
d4e76ff4-1e39-4a2a-9e8b-4556e9a62abf,e71a1f85-3607-45a2-9a78-2ef8ab6a65d7,false,"[OAS] [OAS] validation failed:
 - ERROR - Response Content-Type header 'application/x-www-form-urlencoded' does not match any allowed types. Must be one of: [application/json].: []
"
d4e76ff4-1e39-4a2a-9e8b-4556e9a62abf,87eeb481-ffd2-4909-a88a-10b998ae227a,false,"[OAS] [OAS] validation failed:
 - ERROR - Response Content-Type header 'charset=UTF-8' is not a valid media type: []
"
d4e76ff4-1e39-4a2a-9e8b-4556e9a62abf,1a28610f-6a47-4758-bac5-76634be8bc91,false,"[OAS] [OAS] validation failed:
 - ERROR - [Path '/0'] Instance type (boolean) does not match any allowed primitive type (allowed: [""object""]): []
"
9fea1d47-912d-45aa-86f5-7c95562c2b6e,c4c2c365-c86f-47e0-8c5d-4ecdf623abc1,false,"[OAS] [OAS] validation failed:
 - ERROR - Response status 201 not defined for path '/projects'.: []
"
9fea1d47-912d-45aa-86f5-7c95562c2b6e,2051acab-da5b-4590-9846-862655b97bdc,false,"[OAS] [OAS] validation failed:
 - ERROR - Response status 403 not defined for path '/projects'.: []
"
9fea1d47-912d-45aa-86f5-7c95562c2b6e,c87800d5-f8e4-41f0-8395-d99f7f26723d,false,[NO_5XX] Unexpected 5XX response: 502
9fea1d47-912d-45aa-86f5-7c95562c2b6e,8b20cc6e-ec8c-4be3-a2df-106f16ad7924,false,"[OAS] [OAS] validation failed:
 - ERROR - Response Content-Type header 'text/javascript' does not match any allowed types. Must be one of: [application/json].: []
"
9fea1d47-912d-45aa-86f5-7c95562c2b6e,dfcf7e6e-6ff4-4ef1-a819-1966ac42ff51,false,"[OAS] [OAS] validation failed:
 - ERROR - Response Content-Type header 'charset=UTF-8' is not a valid media type: []
"
9fea1d47-912d-45aa-86f5-7c95562c2b6e,65b3d85c-b911-46f4-b829-d4ddb0ddbc68,false,"[OAS] [OAS] validation failed:
 - ERROR - [Path '/1'] Instance type (boolean) does not match any allowed primitive type (allowed: [""object""]): []
"
9fea1d47-912d-45aa-86f5-7c95562c2b6e,aad797c3-2e31-469b-8085-b626f6ba6cb6,false,"[OAS] [OAS] validation failed:
 - ERROR - [Path '/0'] Object instance has properties which are not allowed by the schema: [""randomBoolean1""]: []
"
9fea1d47-912d-45aa-86f5-7c95562c2b6e,564a3270-2389-4bb5-8821-c4234ff76541,false,"[OAS] [OAS] validation failed:
 - ERROR - [Path '/0'] Instance type (null) does not match any allowed primitive type (allowed: [""object""]): []
"
9fea1d47-912d-45aa-86f5-7c95562c2b6e,a7ec5b30-2ed1-4193-84a3-609b666e2c13,false,"[OAS] [OAS] validation failed:
 - ERROR - [Path '/0'] Instance type (number) does not match any allowed primitive type (allowed: [""object""]): []
"
9fea1d47-912d-45aa-86f5-7c95562c2b6e,201c7264-4c60-46d5-a79f-77fc179a0517,false,"[OAS] [OAS] validation failed:
 - ERROR - [Path '/0/languageList/0'] Instance type (boolean) does not match any allowed primitive type (allowed: [""string""]): []
 - ERROR - [Path '/0/languageList/1'] Instance type (object) does not match any allowed primitive type (allowed: [""string""]): []
"
9fea1d47-912d-45aa-86f5-7c95562c2b6e,b138843a-400b-4708-bdcd-7979543eda68,false,"[OAS] [OAS] validation failed:
 - ERROR - [Path '/0/languageList'] Instance type (null) does not match any allowed primitive type (allowed: [""array""]): []
"
9fea1d47-912d-45aa-86f5-7c95562c2b6e,2fa5f8a1-2869-4fa0-956c-7b107e13e37b,false,"[OAS] [OAS] validation failed:
 - ERROR - [Path '/0/languageList'] Instance type (number) does not match any allowed primitive type (allowed: [""array""]): []
"
9fea1d47-912d-45aa-86f5-7c95562c2b6e,e34149e9-1b1b-452e-9ba1-89e7ac4e63c2,false,"[OAS] [OAS] validation failed:
 - ERROR - [Path '/0/gitHubProjectId'] Instance type (null) does not match any allowed primitive type (allowed: [""integer""]): []
"
9fea1d47-912d-45aa-86f5-7c95562c2b6e,e78b5dbd-270b-4223-a464-f1290bbe0ee6,false,"[OAS] [OAS] validation failed:
 - ERROR - [Path '/0/gitHubProjectId'] Instance type (number) does not match any allowed primitive type (allowed: [""integer""]): []
"
9fea1d47-912d-45aa-86f5-7c95562c2b6e,a2587774-4ca4-4fe6-8a41-ffba82aed678,false,"[OAS] [OAS] validation failed:
 - ERROR - [Path '/0/name'] Instance type (null) does not match any allowed primitive type (allowed: [""string""]): []
"
9fea1d47-912d-45aa-86f5-7c95562c2b6e,b5fd38a7-a707-4c5d-871a-a5ec96f1d0f0,false,"[OAS] [OAS] validation failed:
 - ERROR - [Path '/0/name'] Instance type (number) does not match any allowed primitive type (allowed: [""string""]): []
"
9fea1d47-912d-45aa-86f5-7c95562c2b6e,ad5f88e5-d63e-4b3f-894a-8c98bb2c6883,false,"[OAS] [OAS] validation failed:
 - ERROR - [Path '/0/title'] Instance type (number) does not match any allowed primitive type (allowed: [""null"",""string""]): []
"
9fea1d47-912d-45aa-86f5-7c95562c2b6e,5b483496-04d3-4c3c-a6c1-b44168c7190a,false,"[OAS] [OAS] validation failed:
 - ERROR - [Path '/0/image'] Instance type (object) does not match any allowed primitive type (allowed: [""null"",""string""]): []
"
9fea1d47-912d-45aa-86f5-7c95562c2b6e,d6c027d7-b1c7-4686-939b-996ee575f4d5,false,"[OAS] [OAS] validation failed:
 - ERROR - [Path '/0/organizationName'] Instance type (null) does not match any allowed primitive type (allowed: [""string""]): []
"
9fea1d47-912d-45aa-86f5-7c95562c2b6e,8eb181fe-251e-42da-87ca-1c9e2df76015,false,"[OAS] [OAS] validation failed:
 - ERROR - [Path '/0/organizationName'] Instance type (object) does not match any allowed primitive type (allowed: [""string""]): []
"
9fea1d47-912d-45aa-86f5-7c95562c2b6e,d87230a3-e528-40cf-afec-52cf8f805cac,false,"[OAS] [OAS] validation failed:
 - ERROR - [Path '/0/url'] Instance type (object) does not match any allowed primitive type (allowed: [""null"",""string""]): []
"
9fea1d47-912d-45aa-86f5-7c95562c2b6e,1abe77ab-af36-414c-b7d6-96e45b749e3f,false,"[OAS] [OAS] validation failed:
 - ERROR - [Path '/0/description'] Instance type (array) does not match any allowed primitive type (allowed: [""null"",""string""]): []
"
9fea1d47-912d-45aa-86f5-7c95562c2b6e,94ed5f4c-3f29-413e-b513-fc6c33502f5b,false,"[OAS] [OAS] validation failed:
 - ERROR - [Path '/0/starsCount'] Instance type (null) does not match any allowed primitive type (allowed: [""integer""]): []
"
9fea1d47-912d-45aa-86f5-7c95562c2b6e,d0a3488d-53a5-446f-b84e-cce8f194fb54,false,"[OAS] [OAS] validation failed:
 - ERROR - [Path '/0/starsCount'] Instance type (object) does not match any allowed primitive type (allowed: [""integer""]): []
"
9fea1d47-912d-45aa-86f5-7c95562c2b6e,a3533952-92b4-440c-af61-352181782c6e,false,"[OAS] [OAS] validation failed:
 - ERROR - [Path '/0/commitsCount'] Instance type (null) does not match any allowed primitive type (allowed: [""integer""]): []
"
9fea1d47-912d-45aa-86f5-7c95562c2b6e,384a0fe7-49c5-4e3e-8ffd-206bd742bcd2,false,"[OAS] [OAS] validation failed:
 - ERROR - [Path '/0/commitsCount'] Instance type (object) does not match any allowed primitive type (allowed: [""integer""]): []
"
9fea1d47-912d-45aa-86f5-7c95562c2b6e,3870cb1d-89c6-4696-9b27-e549a696aa0c,false,"[OAS] [OAS] validation failed:
 - ERROR - [Path '/0/forksCount'] Instance type (null) does not match any allowed primitive type (allowed: [""integer""]): []
"
9fea1d47-912d-45aa-86f5-7c95562c2b6e,2a1348ad-6d6c-48f5-a440-dd2029c81141,false,"[OAS] [OAS] validation failed:
 - ERROR - [Path '/0/forksCount'] Instance type (array) does not match any allowed primitive type (allowed: [""integer""]): []
"
9fea1d47-912d-45aa-86f5-7c95562c2b6e,aa822b41-317e-457c-87af-13a7f9c09cb7,false,"[OAS] [OAS] validation failed:
 - ERROR - [Path '/0/contributorsCount'] Instance type (null) does not match any allowed primitive type (allowed: [""integer""]): []
"
9fea1d47-912d-45aa-86f5-7c95562c2b6e,82e12373-ea85-40f2-9064-e109b78c3833,false,"[OAS] [OAS] validation failed:
 - ERROR - [Path '/0/contributorsCount'] Instance type (string) does not match any allowed primitive type (allowed: [""integer""]): []
"
9fea1d47-912d-45aa-86f5-7c95562c2b6e,00f11784-3e9b-4718-a90a-2a739cdda859,false,"[OAS] [OAS] validation failed:
 - ERROR - [Path '/0/score'] Instance type (null) does not match any allowed primitive type (allowed: [""integer""]): []
"
9fea1d47-912d-45aa-86f5-7c95562c2b6e,d8f81743-ffda-4c55-b08f-e58b8ceec953,false,"[OAS] [OAS] validation failed:
 - ERROR - [Path '/0/score'] Instance type (array) does not match any allowed primitive type (allowed: [""integer""]): []
"
9fea1d47-912d-45aa-86f5-7c95562c2b6e,d067fe30-6d45-40ea-aa2b-81e7711b4570,false,"[OAS] [OAS] validation failed:
 - ERROR - [Path '/0/lastPushed'] Instance type (array) does not match any allowed primitive type (allowed: [""null"",""string""]): []
"
9fea1d47-912d-45aa-86f5-7c95562c2b6e,20692959-c9e8-4f87-88a6-cea621cf5d29,false,"[OAS] [OAS] validation failed:
 - ERROR - [Path '/0/primaryLanguage'] Instance type (null) does not match any allowed primitive type (allowed: [""string""]): []
"
9fea1d47-912d-45aa-86f5-7c95562c2b6e,39f57c80-acd6-426d-acd4-4ef39d10ff32,false,"[OAS] [OAS] validation failed:
 - ERROR - [Path '/0/primaryLanguage'] Instance type (object) does not match any allowed primitive type (allowed: [""string""]): []
"
9fea1d47-912d-45aa-86f5-7c95562c2b6e,94505aed-ff8d-40dd-9d6a-85cb3ae48bd7,false,"[OAS] [OAS] validation failed:
 - ERROR - [Path '/0/maintainers/0'] Instance type (object) does not match any allowed primitive type (allowed: [""string""]): []
 - ERROR - [Path '/0/maintainers/1'] Instance type (integer) does not match any allowed primitive type (allowed: [""string""]): []
 - ERROR - [Path '/0/maintainers/2'] Instance type (array) does not match any allowed primitive type (allowed: [""string""]): []
 - ERROR - [Path '/0/maintainers/3'] Instance type (object) does not match any allowed primitive type (allowed: [""string""]): []
"
9fea1d47-912d-45aa-86f5-7c95562c2b6e,fbadc85c-a54e-497e-bdce-77e4d7204d15,false,"[OAS] [OAS] validation failed:
 - ERROR - [Path '/0/maintainers'] Instance type (null) does not match any allowed primitive type (allowed: [""array""]): []
"
9fea1d47-912d-45aa-86f5-7c95562c2b6e,7047a6b9-3858-47d7-ac65-125ef566a33f,false,"[OAS] [OAS] validation failed:
 - ERROR - [Path '/0/maintainers'] Instance type (object) does not match any allowed primitive type (allowed: [""array""]): []
"
254bf72a-340d-4c0b-a099-88092b57cc09,29948f03-baed-445f-9935-be46ce0d854c,false,"[OAS] [OAS] validation failed:
 - ERROR - Response status 204 not defined for path '/projects'.: []
"
254bf72a-340d-4c0b-a099-88092b57cc09,e1dbe6d9-d266-40d0-ba16-674e27988639,false,"[OAS] [OAS] validation failed:
 - ERROR - Response status 401 not defined for path '/projects'.: []
"
254bf72a-340d-4c0b-a099-88092b57cc09,439ca8eb-c6ae-4f9b-ae56-a3b52ead9f18,false,[NO_5XX] Unexpected 5XX response: 501
254bf72a-340d-4c0b-a099-88092b57cc09,e8dde927-3308-4a82-bc2a-8dca46468418,false,"[OAS] [OAS] validation failed:
 - ERROR - Response Content-Type header 'text/javascript' does not match any allowed types. Must be one of: [application/json].: []
"
254bf72a-340d-4c0b-a099-88092b57cc09,85b233c3-a35a-4d41-930d-6d9820f5fbb6,false,"[OAS] [OAS] validation failed:
 - ERROR - Response Content-Type header 'charset=UTF-8' is not a valid media type: []
"
254bf72a-340d-4c0b-a099-88092b57cc09,5e8b054c-57ef-4720-bfe1-e40e9e322950,false,"[OAS] [OAS] validation failed:
 - ERROR - [Path '/0'] Instance type (boolean) does not match any allowed primitive type (allowed: [""object""]): []
"
dc6fad63-da71-48ae-99e1-1c9a556e30e8,c69957bf-b3a2-4143-9585-b55a099b927b,false,"[OAS] [OAS] validation failed:
 - ERROR - Response status 201 not defined for path '/projects'.: []
"
dc6fad63-da71-48ae-99e1-1c9a556e30e8,3ca66dd5-5345-4e45-afc5-f4ee4e280417,false,"[OAS] [OAS] validation failed:
 - ERROR - Response status 404 not defined for path '/projects'.: []
"
dc6fad63-da71-48ae-99e1-1c9a556e30e8,d9c60a87-61ea-46bb-93f9-714a09a80099,false,[NO_5XX] Unexpected 5XX response: 503
dc6fad63-da71-48ae-99e1-1c9a556e30e8,88adb784-8008-4939-bdc6-e0365284f4d9,false,"[OAS] [OAS] validation failed:
 - ERROR - Response Content-Type header 'application/xml' does not match any allowed types. Must be one of: [application/json].: []
"
dc6fad63-da71-48ae-99e1-1c9a556e30e8,e5221b20-0d16-4a9b-a875-4c9c3d2a3dfe,false,"[OAS] [OAS] validation failed:
 - ERROR - Response Content-Type header 'charset=UTF-8' is not a valid media type: []
"
dc6fad63-da71-48ae-99e1-1c9a556e30e8,a060fd91-9ba3-455d-8980-5278328d5a12,false,"[OAS] [OAS] validation failed:
 - ERROR - [Path '/0'] Instance type (boolean) does not match any allowed primitive type (allowed: [""object""]): []
"
ab54c2d3-cae1-4a8d-b120-bb6ac92ff4a5,f5120592-9117-4a9c-8d05-802939f6faab,false,"[OAS] [OAS] validation failed:
 - ERROR - Response status 201 not defined for path '/projects'.: []
"
ab54c2d3-cae1-4a8d-b120-bb6ac92ff4a5,39ea416b-cd33-435f-bce4-b9538d44413a,false,"[OAS] [OAS] validation failed:
 - ERROR - Instance type (array) does not match any allowed primitive type (allowed: [""object""]): []
"
ab54c2d3-cae1-4a8d-b120-bb6ac92ff4a5,0ec52851-d44a-4e44-93bd-aeaae511dfb0,false,[NO_5XX] Unexpected 5XX response: 500
ab54c2d3-cae1-4a8d-b120-bb6ac92ff4a5,6293b07d-f43d-4952-8650-43df5db6e9b1,false,"[OAS] [OAS] validation failed:
 - ERROR - Response Content-Type header 'text/css' does not match any allowed types. Must be one of: [application/json].: []
"
ab54c2d3-cae1-4a8d-b120-bb6ac92ff4a5,8a945f47-df5e-4225-9638-bac1da6a303e,false,"[OAS] [OAS] validation failed:
 - ERROR - Response Content-Type header 'charset=UTF-8' is not a valid media type: []
"
ab54c2d3-cae1-4a8d-b120-bb6ac92ff4a5,01bb0f94-2f37-45af-b6d6-8e5739928bd2,false,"[OAS] [OAS] validation failed:
 - ERROR - [Path '/1'] Instance type (boolean) does not match any allowed primitive type (allowed: [""object""]): []
"
ab54c2d3-cae1-4a8d-b120-bb6ac92ff4a5,6f165e34-4372-4402-8af5-bb755b6e780b,false,"[OAS] [OAS] validation failed:
 - ERROR - [Path '/0'] Object instance has properties which are not allowed by the schema: [""randomBoolean1""]: []
"
ab54c2d3-cae1-4a8d-b120-bb6ac92ff4a5,53566b03-d7f6-45c0-b8f0-647b27fcbf6b,false,"[OAS] [OAS] validation failed:
 - ERROR - [Path '/0'] Instance type (null) does not match any allowed primitive type (allowed: [""object""]): []
"
ab54c2d3-cae1-4a8d-b120-bb6ac92ff4a5,866d4015-1c8f-41ef-80db-66ac3a172209,false,"[OAS] [OAS] validation failed:
 - ERROR - [Path '/0'] Instance type (number) does not match any allowed primitive type (allowed: [""object""]): []
"
ab54c2d3-cae1-4a8d-b120-bb6ac92ff4a5,33aa07ff-41a3-4eb1-87ca-966a8d049fc0,false,"[OAS] [OAS] validation failed:
 - ERROR - [Path '/0/languageList/0'] Instance type (boolean) does not match any allowed primitive type (allowed: [""string""]): []
 - ERROR - [Path '/0/languageList/1'] Instance type (object) does not match any allowed primitive type (allowed: [""string""]): []
"
ab54c2d3-cae1-4a8d-b120-bb6ac92ff4a5,5664dcdd-262d-4cbf-b3b0-507088ee0d3e,false,"[OAS] [OAS] validation failed:
 - ERROR - [Path '/0/languageList'] Instance type (null) does not match any allowed primitive type (allowed: [""array""]): []
"
ab54c2d3-cae1-4a8d-b120-bb6ac92ff4a5,1b478afa-cf95-4297-9d3f-b025be9c8bd4,false,"[OAS] [OAS] validation failed:
 - ERROR - [Path '/0/languageList'] Instance type (number) does not match any allowed primitive type (allowed: [""array""]): []
"
ab54c2d3-cae1-4a8d-b120-bb6ac92ff4a5,6273f9d8-8238-4855-928d-dc79453f3aac,false,"[OAS] [OAS] validation failed:
 - ERROR - [Path '/0/gitHubProjectId'] Instance type (null) does not match any allowed primitive type (allowed: [""integer""]): []
"
ab54c2d3-cae1-4a8d-b120-bb6ac92ff4a5,c21caeea-cd90-4840-a035-377f8125d325,false,"[OAS] [OAS] validation failed:
 - ERROR - [Path '/0/gitHubProjectId'] Instance type (number) does not match any allowed primitive type (allowed: [""integer""]): []
"
ab54c2d3-cae1-4a8d-b120-bb6ac92ff4a5,9fe02541-42cc-4348-9663-92e3c6614095,false,"[OAS] [OAS] validation failed:
 - ERROR - [Path '/0/name'] Instance type (null) does not match any allowed primitive type (allowed: [""string""]): []
"
ab54c2d3-cae1-4a8d-b120-bb6ac92ff4a5,946ef382-3bba-4d50-bc00-529ecb43aff0,false,"[OAS] [OAS] validation failed:
 - ERROR - [Path '/0/name'] Instance type (number) does not match any allowed primitive type (allowed: [""string""]): []
"
ab54c2d3-cae1-4a8d-b120-bb6ac92ff4a5,a2f9ac38-f552-4c82-ad26-a28d13a3a18f,false,"[OAS] [OAS] validation failed:
 - ERROR - [Path '/0/title'] Instance type (number) does not match any allowed primitive type (allowed: [""null"",""string""]): []
"
ab54c2d3-cae1-4a8d-b120-bb6ac92ff4a5,c5f5f8d3-2466-4749-a6ac-0a2074370bf3,false,"[OAS] [OAS] validation failed:
 - ERROR - [Path '/0/image'] Instance type (object) does not match any allowed primitive type (allowed: [""null"",""string""]): []
"
ab54c2d3-cae1-4a8d-b120-bb6ac92ff4a5,8f5688ff-c0b9-4f11-b70c-26318b9b29ff,false,"[OAS] [OAS] validation failed:
 - ERROR - [Path '/0/organizationName'] Instance type (null) does not match any allowed primitive type (allowed: [""string""]): []
"
ab54c2d3-cae1-4a8d-b120-bb6ac92ff4a5,d2c7375f-863e-4821-9685-f5845f711d2b,false,"[OAS] [OAS] validation failed:
 - ERROR - [Path '/0/organizationName'] Instance type (object) does not match any allowed primitive type (allowed: [""string""]): []
"
ab54c2d3-cae1-4a8d-b120-bb6ac92ff4a5,3ded3170-9e38-441d-bedd-a703016f4452,false,"[OAS] [OAS] validation failed:
 - ERROR - [Path '/0/url'] Instance type (object) does not match any allowed primitive type (allowed: [""null"",""string""]): []
"
ab54c2d3-cae1-4a8d-b120-bb6ac92ff4a5,b9028034-c39e-45ef-a2f1-122fddf9ad49,false,"[OAS] [OAS] validation failed:
 - ERROR - [Path '/0/description'] Instance type (array) does not match any allowed primitive type (allowed: [""null"",""string""]): []
"
ab54c2d3-cae1-4a8d-b120-bb6ac92ff4a5,aaea115b-f739-4040-a531-a1110b6cd1cf,false,"[OAS] [OAS] validation failed:
 - ERROR - [Path '/0/starsCount'] Instance type (null) does not match any allowed primitive type (allowed: [""integer""]): []
"
ab54c2d3-cae1-4a8d-b120-bb6ac92ff4a5,e9364b32-de37-4ef6-86e2-655f82dfa2a2,false,"[OAS] [OAS] validation failed:
 - ERROR - [Path '/0/starsCount'] Instance type (object) does not match any allowed primitive type (allowed: [""integer""]): []
"
ab54c2d3-cae1-4a8d-b120-bb6ac92ff4a5,fea184a3-911d-4a1b-95ae-54028f0204e8,false,"[OAS] [OAS] validation failed:
 - ERROR - [Path '/0/commitsCount'] Instance type (null) does not match any allowed primitive type (allowed: [""integer""]): []
"
ab54c2d3-cae1-4a8d-b120-bb6ac92ff4a5,c6742f41-9858-4a88-afe1-650dece73ad5,false,"[OAS] [OAS] validation failed:
 - ERROR - [Path '/0/commitsCount'] Instance type (object) does not match any allowed primitive type (allowed: [""integer""]): []
"
ab54c2d3-cae1-4a8d-b120-bb6ac92ff4a5,a39f95ba-fcea-4e99-8b39-6df5d17b68aa,false,"[OAS] [OAS] validation failed:
 - ERROR - [Path '/0/forksCount'] Instance type (null) does not match any allowed primitive type (allowed: [""integer""]): []
"
ab54c2d3-cae1-4a8d-b120-bb6ac92ff4a5,260f4e66-6e27-4baa-b01a-074305a065c3,false,"[OAS] [OAS] validation failed:
 - ERROR - [Path '/0/forksCount'] Instance type (array) does not match any allowed primitive type (allowed: [""integer""]): []
"
ab54c2d3-cae1-4a8d-b120-bb6ac92ff4a5,a36575e0-c480-427f-9246-8688f7394c8f,false,"[OAS] [OAS] validation failed:
 - ERROR - [Path '/0/contributorsCount'] Instance type (null) does not match any allowed primitive type (allowed: [""integer""]): []
"
ab54c2d3-cae1-4a8d-b120-bb6ac92ff4a5,76b16a87-1638-4cc0-a1fe-4b533adc22c6,false,"[OAS] [OAS] validation failed:
 - ERROR - [Path '/0/contributorsCount'] Instance type (string) does not match any allowed primitive type (allowed: [""integer""]): []
"
ab54c2d3-cae1-4a8d-b120-bb6ac92ff4a5,b6b20c8c-36ae-4560-9e81-15873f07100e,false,"[OAS] [OAS] validation failed:
 - ERROR - [Path '/0/score'] Instance type (null) does not match any allowed primitive type (allowed: [""integer""]): []
"
ab54c2d3-cae1-4a8d-b120-bb6ac92ff4a5,24b9cf12-5173-4f11-b31f-21d816e67d9b,false,"[OAS] [OAS] validation failed:
 - ERROR - [Path '/0/score'] Instance type (array) does not match any allowed primitive type (allowed: [""integer""]): []
"
ab54c2d3-cae1-4a8d-b120-bb6ac92ff4a5,fe4a6d18-0e7a-42b9-ae4f-b3b09fb76826,false,"[OAS] [OAS] validation failed:
 - ERROR - [Path '/0/lastPushed'] Instance type (array) does not match any allowed primitive type (allowed: [""null"",""string""]): []
"
ab54c2d3-cae1-4a8d-b120-bb6ac92ff4a5,28b7b905-0958-496c-88c4-3aadc56f552b,false,"[OAS] [OAS] validation failed:
 - ERROR - [Path '/0/primaryLanguage'] Instance type (null) does not match any allowed primitive type (allowed: [""string""]): []
"
ab54c2d3-cae1-4a8d-b120-bb6ac92ff4a5,7c4b5ebd-2f85-4381-ac3d-747d3e79cf17,false,"[OAS] [OAS] validation failed:
 - ERROR - [Path '/0/primaryLanguage'] Instance type (object) does not match any allowed primitive type (allowed: [""string""]): []
"
ab54c2d3-cae1-4a8d-b120-bb6ac92ff4a5,4a69f87e-e3d0-4d61-b030-d55c06815499,false,"[OAS] [OAS] validation failed:
 - ERROR - [Path '/0/maintainers/0'] Instance type (object) does not match any allowed primitive type (allowed: [""string""]): []
 - ERROR - [Path '/0/maintainers/1'] Instance type (integer) does not match any allowed primitive type (allowed: [""string""]): []
 - ERROR - [Path '/0/maintainers/2'] Instance type (array) does not match any allowed primitive type (allowed: [""string""]): []
 - ERROR - [Path '/0/maintainers/3'] Instance type (object) does not match any allowed primitive type (allowed: [""string""]): []
"
ab54c2d3-cae1-4a8d-b120-bb6ac92ff4a5,d90e4445-5ed7-413c-8f37-f3350a3ae743,false,"[OAS] [OAS] validation failed:
 - ERROR - [Path '/0/maintainers'] Instance type (null) does not match any allowed primitive type (allowed: [""array""]): []
"
ab54c2d3-cae1-4a8d-b120-bb6ac92ff4a5,31268e45-4007-4190-a58a-db378aec84f7,false,"[OAS] [OAS] validation failed:
 - ERROR - [Path '/0/maintainers'] Instance type (object) does not match any allowed primitive type (allowed: [""array""]): []
"
408fcc91-1eef-4863-9a3b-98a974951c37,9724d9af-885a-4c1b-8306-37c21199991e,false,"[OAS] [OAS] validation failed:
 - ERROR - Response status 201 not defined for path '/projects'.: []
"
408fcc91-1eef-4863-9a3b-98a974951c37,4315358b-18c5-48cd-94fe-0c44bdbd321e,false,"[OAS] [OAS] validation failed:
 - ERROR - Instance type (array) does not match any allowed primitive type (allowed: [""object""]): []
"
408fcc91-1eef-4863-9a3b-98a974951c37,e5084ca6-dfeb-4a57-8559-91d60fda037a,false,[NO_5XX] Unexpected 5XX response: 500
408fcc91-1eef-4863-9a3b-98a974951c37,4e9fa6ca-c959-43cb-ae50-95a23eeeda42,false,"[OAS] [OAS] validation failed:
 - ERROR - Response Content-Type header 'text/plain' does not match any allowed types. Must be one of: [application/json].: []
"
408fcc91-1eef-4863-9a3b-98a974951c37,7363050e-6379-4ec8-a4b0-2d3aade3b6f4,false,"[OAS] [OAS] validation failed:
 - ERROR - Response Content-Type header 'charset=UTF-8' is not a valid media type: []
"
408fcc91-1eef-4863-9a3b-98a974951c37,06ea87d9-f210-49f8-807f-095483723d52,false,"[OAS] [OAS] validation failed:
 - ERROR - [Path '/1'] Instance type (boolean) does not match any allowed primitive type (allowed: [""object""]): []
"
408fcc91-1eef-4863-9a3b-98a974951c37,f19f6f8f-9ee8-462a-a7d1-d7a1465c7224,false,"[OAS] [OAS] validation failed:
 - ERROR - [Path '/0'] Object instance has properties which are not allowed by the schema: [""randomBoolean1""]: []
"
408fcc91-1eef-4863-9a3b-98a974951c37,a4b24fd0-b001-4a40-b17d-1121a978b550,false,"[OAS] [OAS] validation failed:
 - ERROR - [Path '/0'] Instance type (null) does not match any allowed primitive type (allowed: [""object""]): []
"
408fcc91-1eef-4863-9a3b-98a974951c37,7ab11de1-b214-4a8d-a783-70955b7ed315,false,"[OAS] [OAS] validation failed:
 - ERROR - [Path '/0'] Instance type (number) does not match any allowed primitive type (allowed: [""object""]): []
"
408fcc91-1eef-4863-9a3b-98a974951c37,31e9b7e1-a786-4959-aa9e-9d9f83cb4dcc,false,"[OAS] [OAS] validation failed:
 - ERROR - [Path '/0/languageList/0'] Instance type (boolean) does not match any allowed primitive type (allowed: [""string""]): []
 - ERROR - [Path '/0/languageList/1'] Instance type (object) does not match any allowed primitive type (allowed: [""string""]): []
"
408fcc91-1eef-4863-9a3b-98a974951c37,e7017aae-25b0-464b-b141-532caac6828b,false,"[OAS] [OAS] validation failed:
 - ERROR - [Path '/0/languageList'] Instance type (null) does not match any allowed primitive type (allowed: [""array""]): []
"
408fcc91-1eef-4863-9a3b-98a974951c37,10b99625-611e-4b51-822d-fabeedeca07b,false,"[OAS] [OAS] validation failed:
 - ERROR - [Path '/0/languageList'] Instance type (number) does not match any allowed primitive type (allowed: [""array""]): []
"
408fcc91-1eef-4863-9a3b-98a974951c37,e8b02263-2a11-4d7d-a8a1-92d1e128282a,false,"[OAS] [OAS] validation failed:
 - ERROR - [Path '/0/gitHubProjectId'] Instance type (null) does not match any allowed primitive type (allowed: [""integer""]): []
"
408fcc91-1eef-4863-9a3b-98a974951c37,d6833fac-5524-47c4-8b27-c2ceeecbef3c,false,"[OAS] [OAS] validation failed:
 - ERROR - [Path '/0/gitHubProjectId'] Instance type (number) does not match any allowed primitive type (allowed: [""integer""]): []
"
408fcc91-1eef-4863-9a3b-98a974951c37,6ecc6aa0-a7b9-41a0-bc80-aaa7a2f183cf,false,"[OAS] [OAS] validation failed:
 - ERROR - [Path '/0/name'] Instance type (null) does not match any allowed primitive type (allowed: [""string""]): []
"
408fcc91-1eef-4863-9a3b-98a974951c37,ebd1069a-4208-43a4-a1bb-e6f5a00d54be,false,"[OAS] [OAS] validation failed:
 - ERROR - [Path '/0/name'] Instance type (number) does not match any allowed primitive type (allowed: [""string""]): []
"
408fcc91-1eef-4863-9a3b-98a974951c37,8eeec3bf-2b3b-401d-a428-52d31f0251e2,false,"[OAS] [OAS] validation failed:
 - ERROR - [Path '/0/title'] Instance type (number) does not match any allowed primitive type (allowed: [""null"",""string""]): []
"
408fcc91-1eef-4863-9a3b-98a974951c37,7c038867-2bc7-4964-b4f4-5431b9a4fbe5,false,"[OAS] [OAS] validation failed:
 - ERROR - [Path '/0/image'] Instance type (object) does not match any allowed primitive type (allowed: [""null"",""string""]): []
"
408fcc91-1eef-4863-9a3b-98a974951c37,6e4669e0-a807-45f9-a9fc-6d2e5b45f0ed,false,"[OAS] [OAS] validation failed:
 - ERROR - [Path '/0/organizationName'] Instance type (null) does not match any allowed primitive type (allowed: [""string""]): []
"
408fcc91-1eef-4863-9a3b-98a974951c37,8518b6cf-18f5-4d04-9aa0-3918ac5222e1,false,"[OAS] [OAS] validation failed:
 - ERROR - [Path '/0/organizationName'] Instance type (object) does not match any allowed primitive type (allowed: [""string""]): []
"
408fcc91-1eef-4863-9a3b-98a974951c37,9b50ad88-a601-4c5a-982d-0dc4a91da2ac,false,"[OAS] [OAS] validation failed:
 - ERROR - [Path '/0/url'] Instance type (object) does not match any allowed primitive type (allowed: [""null"",""string""]): []
"
408fcc91-1eef-4863-9a3b-98a974951c37,38258b42-bb5d-4251-aae0-f8cd16b20ea6,false,"[OAS] [OAS] validation failed:
 - ERROR - [Path '/0/description'] Instance type (array) does not match any allowed primitive type (allowed: [""null"",""string""]): []
"
408fcc91-1eef-4863-9a3b-98a974951c37,d25a275f-58d0-4e4f-b375-ac2339361e64,false,"[OAS] [OAS] validation failed:
 - ERROR - [Path '/0/starsCount'] Instance type (null) does not match any allowed primitive type (allowed: [""integer""]): []
"
408fcc91-1eef-4863-9a3b-98a974951c37,61af0df3-b8ee-4f29-964d-eb0d262a091f,false,"[OAS] [OAS] validation failed:
 - ERROR - [Path '/0/starsCount'] Instance type (object) does not match any allowed primitive type (allowed: [""integer""]): []
"
408fcc91-1eef-4863-9a3b-98a974951c37,640d9d6b-b4c2-475f-83f7-dfbaa0c64c31,false,"[OAS] [OAS] validation failed:
 - ERROR - [Path '/0/commitsCount'] Instance type (null) does not match any allowed primitive type (allowed: [""integer""]): []
"
408fcc91-1eef-4863-9a3b-98a974951c37,415d7eea-a9d8-4133-903c-bb3e2d387d4e,false,"[OAS] [OAS] validation failed:
 - ERROR - [Path '/0/commitsCount'] Instance type (object) does not match any allowed primitive type (allowed: [""integer""]): []
"
408fcc91-1eef-4863-9a3b-98a974951c37,d878bf07-d8ec-4a09-9252-02c630f9e104,false,"[OAS] [OAS] validation failed:
 - ERROR - [Path '/0/forksCount'] Instance type (null) does not match any allowed primitive type (allowed: [""integer""]): []
"
408fcc91-1eef-4863-9a3b-98a974951c37,e7b20ad3-8a0e-4a5f-82d6-eff47c97152f,false,"[OAS] [OAS] validation failed:
 - ERROR - [Path '/0/forksCount'] Instance type (array) does not match any allowed primitive type (allowed: [""integer""]): []
"
408fcc91-1eef-4863-9a3b-98a974951c37,062177f7-6270-41da-a23d-548b495c3be3,false,"[OAS] [OAS] validation failed:
 - ERROR - [Path '/0/contributorsCount'] Instance type (null) does not match any allowed primitive type (allowed: [""integer""]): []
"
408fcc91-1eef-4863-9a3b-98a974951c37,0c2112cb-ea67-45cb-881e-e8aa04ae0d75,false,"[OAS] [OAS] validation failed:
 - ERROR - [Path '/0/contributorsCount'] Instance type (string) does not match any allowed primitive type (allowed: [""integer""]): []
"
408fcc91-1eef-4863-9a3b-98a974951c37,3ee0fd5c-fc3c-4b7b-8e1f-8dde2a832f2f,false,"[OAS] [OAS] validation failed:
 - ERROR - [Path '/0/score'] Instance type (null) does not match any allowed primitive type (allowed: [""integer""]): []
"
408fcc91-1eef-4863-9a3b-98a974951c37,431b29ef-54c0-429d-a226-513562219826,false,"[OAS] [OAS] validation failed:
 - ERROR - [Path '/0/score'] Instance type (array) does not match any allowed primitive type (allowed: [""integer""]): []
"
408fcc91-1eef-4863-9a3b-98a974951c37,c1809d9b-8e25-430a-bd66-1134cecdfa9b,false,"[OAS] [OAS] validation failed:
 - ERROR - [Path '/0/lastPushed'] Instance type (array) does not match any allowed primitive type (allowed: [""null"",""string""]): []
"
408fcc91-1eef-4863-9a3b-98a974951c37,a8d6c8bd-09a8-4b58-a3f8-78b21a5a74db,false,"[OAS] [OAS] validation failed:
 - ERROR - [Path '/0/primaryLanguage'] Instance type (null) does not match any allowed primitive type (allowed: [""string""]): []
"
408fcc91-1eef-4863-9a3b-98a974951c37,c469d2d5-3bfd-41b4-89ef-7fa109ab0964,false,"[OAS] [OAS] validation failed:
 - ERROR - [Path '/0/primaryLanguage'] Instance type (object) does not match any allowed primitive type (allowed: [""string""]): []
"
408fcc91-1eef-4863-9a3b-98a974951c37,a721625e-f3eb-42d8-b18f-48f45325f29c,false,"[OAS] [OAS] validation failed:
 - ERROR - [Path '/0/maintainers/0'] Instance type (object) does not match any allowed primitive type (allowed: [""string""]): []
 - ERROR - [Path '/0/maintainers/1'] Instance type (integer) does not match any allowed primitive type (allowed: [""string""]): []
 - ERROR - [Path '/0/maintainers/2'] Instance type (array) does not match any allowed primitive type (allowed: [""string""]): []
 - ERROR - [Path '/0/maintainers/3'] Instance type (object) does not match any allowed primitive type (allowed: [""string""]): []
"
408fcc91-1eef-4863-9a3b-98a974951c37,23c9969b-0042-4721-8241-30c5153ff4a0,false,"[OAS] [OAS] validation failed:
 - ERROR - [Path '/0/maintainers'] Instance type (null) does not match any allowed primitive type (allowed: [""array""]): []
"
408fcc91-1eef-4863-9a3b-98a974951c37,e24d23b9-3c0e-456a-a941-e0e0768f6256,false,"[OAS] [OAS] validation failed:
 - ERROR - [Path '/0/maintainers'] Instance type (object) does not match any allowed primitive type (allowed: [""array""]): []
"
0c69a21e-33aa-46a5-81e6-deb4499e5967,406a3e5c-2bde-4a2f-be8c-33cc20cf534d,false,"[OAS] [OAS] validation failed:
 - ERROR - Response status 204 not defined for path '/projects'.: []
"
0c69a21e-33aa-46a5-81e6-deb4499e5967,3ceae9f2-7501-45b6-a3d8-b573ca83d4e6,false,"[OAS] [OAS] validation failed:
 - ERROR - Response status 403 not defined for path '/projects'.: []
"
0c69a21e-33aa-46a5-81e6-deb4499e5967,da261c7c-297a-470a-aa8f-b65c3af724a3,false,[NO_5XX] Unexpected 5XX response: 502
0c69a21e-33aa-46a5-81e6-deb4499e5967,41ac9ec3-7ceb-4919-95a3-06fc25989731,false,"[OAS] [OAS] validation failed:
 - ERROR - Response Content-Type header 'application/xml' does not match any allowed types. Must be one of: [application/json].: []
"
0c69a21e-33aa-46a5-81e6-deb4499e5967,0627e5d6-5fb3-4a7a-9ae7-cddf52ba17a0,false,"[OAS] [OAS] validation failed:
 - ERROR - Response Content-Type header 'charset=UTF-8' is not a valid media type: []
"
0c69a21e-33aa-46a5-81e6-deb4499e5967,c20ead58-9b35-45c5-96c3-2c9fdeea9977,false,"[OAS] [OAS] validation failed:
 - ERROR - [Path '/5'] Instance type (boolean) does not match any allowed primitive type (allowed: [""object""]): []
"
0c69a21e-33aa-46a5-81e6-deb4499e5967,a0e1de95-bec8-46b6-a611-a589ad59c3b6,false,"[OAS] [OAS] validation failed:
 - ERROR - [Path '/0'] Object instance has properties which are not allowed by the schema: [""randomBoolean1""]: []
"
0c69a21e-33aa-46a5-81e6-deb4499e5967,284dc36d-0461-46be-858c-1f6298ca9e8d,false,"[OAS] [OAS] validation failed:
 - ERROR - [Path '/0'] Instance type (null) does not match any allowed primitive type (allowed: [""object""]): []
"
0c69a21e-33aa-46a5-81e6-deb4499e5967,e0ecbcb7-c780-482b-895a-5695901c8af0,false,"[OAS] [OAS] validation failed:
 - ERROR - [Path '/0'] Instance type (number) does not match any allowed primitive type (allowed: [""object""]): []
"
0c69a21e-33aa-46a5-81e6-deb4499e5967,09daf25d-0f45-4c0f-bf1d-779c36712a3c,false,"[OAS] [OAS] validation failed:
 - ERROR - [Path '/0/languageList/0'] Instance type (boolean) does not match any allowed primitive type (allowed: [""string""]): []
 - ERROR - [Path '/0/languageList/1'] Instance type (object) does not match any allowed primitive type (allowed: [""string""]): []
"
0c69a21e-33aa-46a5-81e6-deb4499e5967,842096d1-b390-4ff3-82d8-4b3996d03de8,false,"[OAS] [OAS] validation failed:
 - ERROR - [Path '/0/languageList'] Instance type (null) does not match any allowed primitive type (allowed: [""array""]): []
"
0c69a21e-33aa-46a5-81e6-deb4499e5967,1362fa32-232e-42a3-a77a-db8e754479fb,false,"[OAS] [OAS] validation failed:
 - ERROR - [Path '/0/languageList'] Instance type (number) does not match any allowed primitive type (allowed: [""array""]): []
"
0c69a21e-33aa-46a5-81e6-deb4499e5967,a9783fa4-1536-493f-9994-02d262354a12,false,"[OAS] [OAS] validation failed:
 - ERROR - [Path '/0/gitHubProjectId'] Instance type (null) does not match any allowed primitive type (allowed: [""integer""]): []
"
0c69a21e-33aa-46a5-81e6-deb4499e5967,bc4f3a9a-82d2-4583-b5fc-a4e562cd926d,false,"[OAS] [OAS] validation failed:
 - ERROR - [Path '/0/gitHubProjectId'] Instance type (number) does not match any allowed primitive type (allowed: [""integer""]): []
"
0c69a21e-33aa-46a5-81e6-deb4499e5967,b015396d-3908-4b22-8ab9-53fa99def302,false,"[OAS] [OAS] validation failed:
 - ERROR - [Path '/0/name'] Instance type (null) does not match any allowed primitive type (allowed: [""string""]): []
"
0c69a21e-33aa-46a5-81e6-deb4499e5967,1b341bbb-89f5-48f0-9055-f91c9987feb0,false,"[OAS] [OAS] validation failed:
 - ERROR - [Path '/0/name'] Instance type (number) does not match any allowed primitive type (allowed: [""string""]): []
"
0c69a21e-33aa-46a5-81e6-deb4499e5967,405cfe51-d41b-4f92-9d4b-0e6d86f243fd,false,"[OAS] [OAS] validation failed:
 - ERROR - [Path '/0/title'] Instance type (number) does not match any allowed primitive type (allowed: [""null"",""string""]): []
"
0c69a21e-33aa-46a5-81e6-deb4499e5967,a1c11a18-3fa4-4741-8aaf-9cbe8c8b9670,false,"[OAS] [OAS] validation failed:
 - ERROR - [Path '/0/image'] Instance type (object) does not match any allowed primitive type (allowed: [""null"",""string""]): []
"
0c69a21e-33aa-46a5-81e6-deb4499e5967,ead54ce7-0d47-4618-80b0-7080b04c0809,false,"[OAS] [OAS] validation failed:
 - ERROR - [Path '/0/organizationName'] Instance type (null) does not match any allowed primitive type (allowed: [""string""]): []
"
0c69a21e-33aa-46a5-81e6-deb4499e5967,2371588c-529e-4dc5-b567-1a2d73737a95,false,"[OAS] [OAS] validation failed:
 - ERROR - [Path '/0/organizationName'] Instance type (object) does not match any allowed primitive type (allowed: [""string""]): []
"
0c69a21e-33aa-46a5-81e6-deb4499e5967,36eb8071-0449-4fe3-982a-76497531ae99,false,"[OAS] [OAS] validation failed:
 - ERROR - [Path '/0/url'] Instance type (object) does not match any allowed primitive type (allowed: [""null"",""string""]): []
"
0c69a21e-33aa-46a5-81e6-deb4499e5967,0d541e67-eda8-41c3-b326-eb644fff7e64,false,"[OAS] [OAS] validation failed:
 - ERROR - [Path '/0/description'] Instance type (array) does not match any allowed primitive type (allowed: [""null"",""string""]): []
"
0c69a21e-33aa-46a5-81e6-deb4499e5967,c903317e-c1e3-4ea8-b7d4-d6fdf613fe97,false,"[OAS] [OAS] validation failed:
 - ERROR - [Path '/0/starsCount'] Instance type (null) does not match any allowed primitive type (allowed: [""integer""]): []
"
0c69a21e-33aa-46a5-81e6-deb4499e5967,3d6b3194-3931-4881-a6c9-5c976a6ed7b7,false,"[OAS] [OAS] validation failed:
 - ERROR - [Path '/0/starsCount'] Instance type (object) does not match any allowed primitive type (allowed: [""integer""]): []
"
0c69a21e-33aa-46a5-81e6-deb4499e5967,32d36a14-0ddc-4449-9e2d-d313c6a97f50,false,"[OAS] [OAS] validation failed:
 - ERROR - [Path '/0/commitsCount'] Instance type (null) does not match any allowed primitive type (allowed: [""integer""]): []
"
0c69a21e-33aa-46a5-81e6-deb4499e5967,2a6e3a52-bb34-496b-955e-2a630da2c9b4,false,"[OAS] [OAS] validation failed:
 - ERROR - [Path '/0/commitsCount'] Instance type (object) does not match any allowed primitive type (allowed: [""integer""]): []
"
0c69a21e-33aa-46a5-81e6-deb4499e5967,f2b7a7a2-f4f0-4b29-aafd-01af3e608b7e,false,"[OAS] [OAS] validation failed:
 - ERROR - [Path '/0/forksCount'] Instance type (null) does not match any allowed primitive type (allowed: [""integer""]): []
"
0c69a21e-33aa-46a5-81e6-deb4499e5967,c85a4304-59dd-47ad-9327-be39feaf51ef,false,"[OAS] [OAS] validation failed:
 - ERROR - [Path '/0/forksCount'] Instance type (array) does not match any allowed primitive type (allowed: [""integer""]): []
"
0c69a21e-33aa-46a5-81e6-deb4499e5967,515669e4-72be-494a-844b-b4ea94fec5d0,false,"[OAS] [OAS] validation failed:
 - ERROR - [Path '/0/contributorsCount'] Instance type (null) does not match any allowed primitive type (allowed: [""integer""]): []
"
0c69a21e-33aa-46a5-81e6-deb4499e5967,4bef1adf-5b55-4a65-91e9-9e751dba5663,false,"[OAS] [OAS] validation failed:
 - ERROR - [Path '/0/contributorsCount'] Instance type (string) does not match any allowed primitive type (allowed: [""integer""]): []
"
0c69a21e-33aa-46a5-81e6-deb4499e5967,a3142b51-2f8e-411a-992f-7525f162cae2,false,"[OAS] [OAS] validation failed:
 - ERROR - [Path '/0/score'] Instance type (null) does not match any allowed primitive type (allowed: [""integer""]): []
"
0c69a21e-33aa-46a5-81e6-deb4499e5967,1c81ca0f-6458-4789-a66b-b839e9bd1516,false,"[OAS] [OAS] validation failed:
 - ERROR - [Path '/0/score'] Instance type (array) does not match any allowed primitive type (allowed: [""integer""]): []
"
0c69a21e-33aa-46a5-81e6-deb4499e5967,10df3fe4-27bf-4fc4-ada2-129f1d219980,false,"[OAS] [OAS] validation failed:
 - ERROR - [Path '/0/lastPushed'] Instance type (array) does not match any allowed primitive type (allowed: [""null"",""string""]): []
"
0c69a21e-33aa-46a5-81e6-deb4499e5967,c6e94550-c553-494f-9ee7-65a071b7f041,false,"[OAS] [OAS] validation failed:
 - ERROR - [Path '/0/primaryLanguage'] Instance type (null) does not match any allowed primitive type (allowed: [""string""]): []
"
0c69a21e-33aa-46a5-81e6-deb4499e5967,1f125dbc-9017-4324-a17c-9429f2da389b,false,"[OAS] [OAS] validation failed:
 - ERROR - [Path '/0/primaryLanguage'] Instance type (object) does not match any allowed primitive type (allowed: [""string""]): []
"
0c69a21e-33aa-46a5-81e6-deb4499e5967,2ec79959-a09b-48ae-ba3f-a10af849c65a,false,"[OAS] [OAS] validation failed:
 - ERROR - [Path '/0/maintainers/0'] Instance type (object) does not match any allowed primitive type (allowed: [""string""]): []
 - ERROR - [Path '/0/maintainers/1'] Instance type (integer) does not match any allowed primitive type (allowed: [""string""]): []
 - ERROR - [Path '/0/maintainers/2'] Instance type (array) does not match any allowed primitive type (allowed: [""string""]): []
 - ERROR - [Path '/0/maintainers/3'] Instance type (object) does not match any allowed primitive type (allowed: [""string""]): []
"
0c69a21e-33aa-46a5-81e6-deb4499e5967,0ee3ea9b-96b3-487d-a78e-4193512183ac,false,"[OAS] [OAS] validation failed:
 - ERROR - [Path '/0/maintainers'] Instance type (null) does not match any allowed primitive type (allowed: [""array""]): []
"
0c69a21e-33aa-46a5-81e6-deb4499e5967,7b6f581b-a657-49f0-a93e-84224e3a11f3,false,"[OAS] [OAS] validation failed:
 - ERROR - [Path '/0/maintainers'] Instance type (object) does not match any allowed primitive type (allowed: [""array""]): []
"
0c69a21e-33aa-46a5-81e6-deb4499e5967,d7be735d-9aad-49e7-b85d-c8a5dd1c61fe,false,"[OAS] [OAS] validation failed:
 - ERROR - [Path '/1'] Object instance has properties which are not allowed by the schema: [""randomObject1""]: []
"
0c69a21e-33aa-46a5-81e6-deb4499e5967,1041a7b0-b98e-4332-875c-ab7f4907d428,false,"[OAS] [OAS] validation failed:
 - ERROR - [Path '/1'] Instance type (null) does not match any allowed primitive type (allowed: [""object""]): []
"
0c69a21e-33aa-46a5-81e6-deb4499e5967,70bf6d4b-29cc-4bcf-a33b-ae11d43ecd43,false,"[OAS] [OAS] validation failed:
 - ERROR - [Path '/1'] Instance type (array) does not match any allowed primitive type (allowed: [""object""]): []
"
0c69a21e-33aa-46a5-81e6-deb4499e5967,fb40deeb-a315-46af-bd32-0dda2afc78b3,false,"[OAS] [OAS] validation failed:
 - ERROR - [Path '/1/languageList/0'] Instance type (integer) does not match any allowed primitive type (allowed: [""string""]): []
 - ERROR - [Path '/1/languageList/1'] Instance type (object) does not match any allowed primitive type (allowed: [""string""]): []
 - ERROR - [Path '/1/languageList/3'] Instance type (array) does not match any allowed primitive type (allowed: [""string""]): []
"
0c69a21e-33aa-46a5-81e6-deb4499e5967,03fb7b1c-0f65-40e4-9f39-d2cf64ac4927,false,"[OAS] [OAS] validation failed:
 - ERROR - [Path '/1/languageList'] Instance type (null) does not match any allowed primitive type (allowed: [""array""]): []
"
0c69a21e-33aa-46a5-81e6-deb4499e5967,674f3c72-752a-4930-b9ad-aaa66c2cac1d,false,"[OAS] [OAS] validation failed:
 - ERROR - [Path '/1/languageList'] Instance type (object) does not match any allowed primitive type (allowed: [""array""]): []
"
0c69a21e-33aa-46a5-81e6-deb4499e5967,68e467dd-f09b-4505-9bf6-81033b28cd78,false,"[OAS] [OAS] validation failed:
 - ERROR - [Path '/1/gitHubProjectId'] Instance type (null) does not match any allowed primitive type (allowed: [""integer""]): []
"
0c69a21e-33aa-46a5-81e6-deb4499e5967,57ed751d-1ee8-48ea-b81f-8eac95a93ccf,false,"[OAS] [OAS] validation failed:
 - ERROR - [Path '/1/gitHubProjectId'] Instance type (object) does not match any allowed primitive type (allowed: [""integer""]): []
"
0c69a21e-33aa-46a5-81e6-deb4499e5967,383281fc-9ba1-46b2-a4cd-f01b74b65829,false,"[OAS] [OAS] validation failed:
 - ERROR - [Path '/1/name'] Instance type (null) does not match any allowed primitive type (allowed: [""string""]): []
"
0c69a21e-33aa-46a5-81e6-deb4499e5967,60500b9c-d41b-442f-96fb-a1164c050fd6,false,"[OAS] [OAS] validation failed:
 - ERROR - [Path '/1/name'] Instance type (array) does not match any allowed primitive type (allowed: [""string""]): []
"
0c69a21e-33aa-46a5-81e6-deb4499e5967,8701efaf-e19f-4b2d-aaaa-b2b2c9e94731,false,"[OAS] [OAS] validation failed:
 - ERROR - [Path '/1/title'] Instance type (object) does not match any allowed primitive type (allowed: [""null"",""string""]): []
"
0c69a21e-33aa-46a5-81e6-deb4499e5967,ac9707b5-7cbf-4503-885d-0501779511fd,false,"[OAS] [OAS] validation failed:
 - ERROR - [Path '/1/image'] Instance type (array) does not match any allowed primitive type (allowed: [""null"",""string""]): []
"
0c69a21e-33aa-46a5-81e6-deb4499e5967,39ee394e-fa2c-4ec6-9e3a-43899f348312,false,"[OAS] [OAS] validation failed:
 - ERROR - [Path '/1/organizationName'] Instance type (null) does not match any allowed primitive type (allowed: [""string""]): []
"
0c69a21e-33aa-46a5-81e6-deb4499e5967,7ce9dda7-d610-475e-bd8c-fad5a4ec0d74,false,"[OAS] [OAS] validation failed:
 - ERROR - [Path '/1/organizationName'] Instance type (integer) does not match any allowed primitive type (allowed: [""string""]): []
"
0c69a21e-33aa-46a5-81e6-deb4499e5967,ce4c4006-e592-49ce-ad72-0612af157519,false,"[OAS] [OAS] validation failed:
 - ERROR - [Path '/1/url'] Instance type (integer) does not match any allowed primitive type (allowed: [""null"",""string""]): []
"
0c69a21e-33aa-46a5-81e6-deb4499e5967,425aa6d2-a078-41f5-987d-f915396165e8,false,"[OAS] [OAS] validation failed:
 - ERROR - [Path '/1/description'] Instance type (object) does not match any allowed primitive type (allowed: [""null"",""string""]): []
"
0c69a21e-33aa-46a5-81e6-deb4499e5967,c472df6d-8f49-42cb-8cf8-1cb6614b9858,false,"[OAS] [OAS] validation failed:
 - ERROR - [Path '/1/starsCount'] Instance type (null) does not match any allowed primitive type (allowed: [""integer""]): []
"
0c69a21e-33aa-46a5-81e6-deb4499e5967,00bef4c9-bde9-4487-be2e-c6b29edb9293,false,"[OAS] [OAS] validation failed:
 - ERROR - [Path '/1/starsCount'] Instance type (array) does not match any allowed primitive type (allowed: [""integer""]): []
"
0c69a21e-33aa-46a5-81e6-deb4499e5967,13b77148-b675-40f9-9a20-8800dcadd57d,false,"[OAS] [OAS] validation failed:
 - ERROR - [Path '/1/commitsCount'] Instance type (null) does not match any allowed primitive type (allowed: [""integer""]): []
"
0c69a21e-33aa-46a5-81e6-deb4499e5967,1908795d-612c-4169-89bb-8adeb3d4212b,false,"[OAS] [OAS] validation failed:
 - ERROR - [Path '/1/commitsCount'] Instance type (string) does not match any allowed primitive type (allowed: [""integer""]): []
"
0c69a21e-33aa-46a5-81e6-deb4499e5967,ba64bef7-66ec-47d1-8ce9-a80b91757414,false,"[OAS] [OAS] validation failed:
 - ERROR - [Path '/1/forksCount'] Instance type (null) does not match any allowed primitive type (allowed: [""integer""]): []
"
0c69a21e-33aa-46a5-81e6-deb4499e5967,42ad6600-d88a-489c-9b7f-738f8bf5f764,false,"[OAS] [OAS] validation failed:
 - ERROR - [Path '/1/forksCount'] Instance type (object) does not match any allowed primitive type (allowed: [""integer""]): []
"
0c69a21e-33aa-46a5-81e6-deb4499e5967,3ab9abbd-219e-4b66-a5c1-80edb9b4fc3e,false,"[OAS] [OAS] validation failed:
 - ERROR - [Path '/1/contributorsCount'] Instance type (null) does not match any allowed primitive type (allowed: [""integer""]): []
"
0c69a21e-33aa-46a5-81e6-deb4499e5967,91f8595d-69b1-48f2-a1c1-be66867f7a88,false,"[OAS] [OAS] validation failed:
 - ERROR - [Path '/1/contributorsCount'] Instance type (boolean) does not match any allowed primitive type (allowed: [""integer""]): []
"
0c69a21e-33aa-46a5-81e6-deb4499e5967,2644335d-3ac7-4fa9-8dd3-39c943f0f3ad,false,"[OAS] [OAS] validation failed:
 - ERROR - [Path '/1/externalContributorsCount'] Instance type (boolean) does not match any allowed primitive type (allowed: [""integer"",""null""]): []
"
0c69a21e-33aa-46a5-81e6-deb4499e5967,ef9b304a-6086-4e69-899c-4f15df9e1def,false,"[OAS] [OAS] validation failed:
 - ERROR - [Path '/1/score'] Instance type (null) does not match any allowed primitive type (allowed: [""integer""]): []
"
0c69a21e-33aa-46a5-81e6-deb4499e5967,d8833fa4-b15f-4cd1-95f8-8d109dde7905,false,"[OAS] [OAS] validation failed:
 - ERROR - [Path '/1/score'] Instance type (array) does not match any allowed primitive type (allowed: [""integer""]): []
"
0c69a21e-33aa-46a5-81e6-deb4499e5967,88a81a72-cef9-468f-adcd-d0cadb666b5e,false,"[OAS] [OAS] validation failed:
 - ERROR - [Path '/1/lastPushed'] Instance type (array) does not match any allowed primitive type (allowed: [""null"",""string""]): []
"
0c69a21e-33aa-46a5-81e6-deb4499e5967,0b23217a-5bf7-4e45-ae74-c9430fed49b2,false,"[OAS] [OAS] validation failed:
 - ERROR - [Path '/1/primaryLanguage'] Instance type (null) does not match any allowed primitive type (allowed: [""string""]): []
"
0c69a21e-33aa-46a5-81e6-deb4499e5967,b9b9e8b1-3b23-413c-9d5f-239ee5d774ba,false,"[OAS] [OAS] validation failed:
 - ERROR - [Path '/1/primaryLanguage'] Instance type (array) does not match any allowed primitive type (allowed: [""string""]): []
"
0c69a21e-33aa-46a5-81e6-deb4499e5967,32a47ec9-7777-455c-9f59-eb91bc2e9fb5,false,"[OAS] [OAS] validation failed:
 - ERROR - [Path '/1/maintainers/0'] Instance type (null) does not match any allowed primitive type (allowed: [""string""]): []
"
0c69a21e-33aa-46a5-81e6-deb4499e5967,aba121ea-12e7-44d8-af49-13629366fe82,false,"[OAS] [OAS] validation failed:
 - ERROR - [Path '/1/maintainers'] Instance type (null) does not match any allowed primitive type (allowed: [""array""]): []
"
0c69a21e-33aa-46a5-81e6-deb4499e5967,8b02df9a-cb17-4e0c-87be-a828edd58d5b,false,"[OAS] [OAS] validation failed:
 - ERROR - [Path '/1/maintainers'] Instance type (integer) does not match any allowed primitive type (allowed: [""array""]): []
"
0c69a21e-33aa-46a5-81e6-deb4499e5967,ab97b9fc-38e3-4226-a097-c9ffe8b47463,false,"[OAS] [OAS] validation failed:
 - ERROR - [Path '/2'] Object instance has properties which are not allowed by the schema: [""randomLong1""]: []
"
0c69a21e-33aa-46a5-81e6-deb4499e5967,cefdf406-712f-4bb4-abf9-10fb38eb351c,false,"[OAS] [OAS] validation failed:
 - ERROR - [Path '/2'] Instance type (null) does not match any allowed primitive type (allowed: [""object""]): []
"
0c69a21e-33aa-46a5-81e6-deb4499e5967,0e455644-63fe-45fd-9f9c-8aa1bfd8ebac,false,"[OAS] [OAS] validation failed:
 - ERROR - [Path '/2'] Instance type (integer) does not match any allowed primitive type (allowed: [""object""]): []
"
0c69a21e-33aa-46a5-81e6-deb4499e5967,75f1ba21-d5c7-4497-aaa2-bc8a7998873b,false,"[OAS] [OAS] validation failed:
 - ERROR - [Path '/2/languageList/0'] Instance type (integer) does not match any allowed primitive type (allowed: [""string""]): []
"
0c69a21e-33aa-46a5-81e6-deb4499e5967,57a6d528-daf1-419b-b62d-ddba83e83a78,false,"[OAS] [OAS] validation failed:
 - ERROR - [Path '/2/languageList'] Instance type (null) does not match any allowed primitive type (allowed: [""array""]): []
"
0c69a21e-33aa-46a5-81e6-deb4499e5967,1b1c2ee6-fbbf-4972-a88a-6c888a7ccd75,false,"[OAS] [OAS] validation failed:
 - ERROR - [Path '/2/languageList'] Instance type (object) does not match any allowed primitive type (allowed: [""array""]): []
"
0c69a21e-33aa-46a5-81e6-deb4499e5967,51cec5f6-907b-4e6a-bde3-ad137a6223db,false,"[OAS] [OAS] validation failed:
 - ERROR - [Path '/2/gitHubProjectId'] Instance type (null) does not match any allowed primitive type (allowed: [""integer""]): []
"
0c69a21e-33aa-46a5-81e6-deb4499e5967,8e70cbb1-41d7-429e-9540-d1a39b7d4bc1,false,"[OAS] [OAS] validation failed:
 - ERROR - [Path '/2/gitHubProjectId'] Instance type (object) does not match any allowed primitive type (allowed: [""integer""]): []
"
0c69a21e-33aa-46a5-81e6-deb4499e5967,a1c16471-ef64-4d59-a59e-2c3df7f3e2b7,false,"[OAS] [OAS] validation failed:
 - ERROR - [Path '/2/name'] Instance type (null) does not match any allowed primitive type (allowed: [""string""]): []
"
0c69a21e-33aa-46a5-81e6-deb4499e5967,3d256db0-5124-49c2-a808-dc01714bfa0f,false,"[OAS] [OAS] validation failed:
 - ERROR - [Path '/2/name'] Instance type (object) does not match any allowed primitive type (allowed: [""string""]): []
"
0c69a21e-33aa-46a5-81e6-deb4499e5967,8388a406-598c-4edd-8127-5175b2e42403,false,"[OAS] [OAS] validation failed:
 - ERROR - [Path '/2/title'] Instance type (integer) does not match any allowed primitive type (allowed: [""null"",""string""]): []
"
0c69a21e-33aa-46a5-81e6-deb4499e5967,268048a9-d5a9-4157-9d3a-4492772005a7,false,"[OAS] [OAS] validation failed:
 - ERROR - [Path '/2/image'] Instance type (integer) does not match any allowed primitive type (allowed: [""null"",""string""]): []
"
0c69a21e-33aa-46a5-81e6-deb4499e5967,e5af73e4-33e9-4e16-bbfc-69e2eb39f1c3,false,"[OAS] [OAS] validation failed:
 - ERROR - [Path '/2/organizationName'] Instance type (null) does not match any allowed primitive type (allowed: [""string""]): []
"
0c69a21e-33aa-46a5-81e6-deb4499e5967,e6760869-acf5-41dc-a782-134151ae3381,false,"[OAS] [OAS] validation failed:
 - ERROR - [Path '/2/organizationName'] Instance type (array) does not match any allowed primitive type (allowed: [""string""]): []
"
0c69a21e-33aa-46a5-81e6-deb4499e5967,4103235f-b6ad-4f41-b60d-65f08d935df2,false,"[OAS] [OAS] validation failed:
 - ERROR - [Path '/2/url'] Instance type (array) does not match any allowed primitive type (allowed: [""null"",""string""]): []
"
0c69a21e-33aa-46a5-81e6-deb4499e5967,48775094-6aee-4d3d-b9b7-318fdc7a40a1,false,"[OAS] [OAS] validation failed:
 - ERROR - [Path '/2/description'] Instance type (array) does not match any allowed primitive type (allowed: [""null"",""string""]): []
"
0c69a21e-33aa-46a5-81e6-deb4499e5967,a22564b8-6a52-424c-8217-c0b3bb74718f,false,"[OAS] [OAS] validation failed:
 - ERROR - [Path '/2/starsCount'] Instance type (null) does not match any allowed primitive type (allowed: [""integer""]): []
"
0c69a21e-33aa-46a5-81e6-deb4499e5967,ed845b87-e00b-4891-af8c-7d045c5df4de,false,"[OAS] [OAS] validation failed:
 - ERROR - [Path '/2/starsCount'] Instance type (array) does not match any allowed primitive type (allowed: [""integer""]): []
"
0c69a21e-33aa-46a5-81e6-deb4499e5967,f87b7f8a-bf56-491a-8237-7e895f2f2b65,false,"[OAS] [OAS] validation failed:
 - ERROR - [Path '/2/commitsCount'] Instance type (null) does not match any allowed primitive type (allowed: [""integer""]): []
"
0c69a21e-33aa-46a5-81e6-deb4499e5967,7093b9c1-2190-41b8-b82e-e913a631d0c2,false,"[OAS] [OAS] validation failed:
 - ERROR - [Path '/2/commitsCount'] Instance type (array) does not match any allowed primitive type (allowed: [""integer""]): []
"
0c69a21e-33aa-46a5-81e6-deb4499e5967,9eacfc61-4847-4bfc-9d68-52962daeb12c,false,"[OAS] [OAS] validation failed:
 - ERROR - [Path '/2/forksCount'] Instance type (null) does not match any allowed primitive type (allowed: [""integer""]): []
"
0c69a21e-33aa-46a5-81e6-deb4499e5967,16ccdbc3-afb0-443e-a4f2-8430e1fe38fe,false,"[OAS] [OAS] validation failed:
 - ERROR - [Path '/2/forksCount'] Instance type (string) does not match any allowed primitive type (allowed: [""integer""]): []
"
0c69a21e-33aa-46a5-81e6-deb4499e5967,3bcbc382-c1ff-4387-b6d7-995cf2f1c5fb,false,"[OAS] [OAS] validation failed:
 - ERROR - [Path '/2/contributorsCount'] Instance type (null) does not match any allowed primitive type (allowed: [""integer""]): []
"
0c69a21e-33aa-46a5-81e6-deb4499e5967,0da3185e-11dd-486d-b48f-4aa483fac6f3,false,"[OAS] [OAS] validation failed:
 - ERROR - [Path '/2/contributorsCount'] Instance type (boolean) does not match any allowed primitive type (allowed: [""integer""]): []
"
0c69a21e-33aa-46a5-81e6-deb4499e5967,cb4b373a-1f8b-401c-8c68-6c334c2c8901,false,"[OAS] [OAS] validation failed:
 - ERROR - [Path '/2/externalContributorsCount'] Instance type (string) does not match any allowed primitive type (allowed: [""integer"",""null""]): []
"
0c69a21e-33aa-46a5-81e6-deb4499e5967,6ab85dfe-c332-440b-995d-1744fde36b1a,false,"[OAS] [OAS] validation failed:
 - ERROR - [Path '/2/score'] Instance type (null) does not match any allowed primitive type (allowed: [""integer""]): []
"
0c69a21e-33aa-46a5-81e6-deb4499e5967,3ca63a9d-9fb2-49be-ad09-4c50049d4649,false,"[OAS] [OAS] validation failed:
 - ERROR - [Path '/2/score'] Instance type (array) does not match any allowed primitive type (allowed: [""integer""]): []
"
0c69a21e-33aa-46a5-81e6-deb4499e5967,350ed869-f883-4d3b-ab99-66566b2e6e4a,false,"[OAS] [OAS] validation failed:
 - ERROR - [Path '/2/lastPushed'] Instance type (boolean) does not match any allowed primitive type (allowed: [""null"",""string""]): []
"
0c69a21e-33aa-46a5-81e6-deb4499e5967,f3cca9cf-d5e3-458e-a879-95cfe87a32d7,false,"[OAS] [OAS] validation failed:
 - ERROR - [Path '/2/primaryLanguage'] Instance type (null) does not match any allowed primitive type (allowed: [""string""]): []
"
0c69a21e-33aa-46a5-81e6-deb4499e5967,79b7c00b-dfd0-40ee-89f6-b3479fab9796,false,"[OAS] [OAS] validation failed:
 - ERROR - [Path '/2/primaryLanguage'] Instance type (integer) does not match any allowed primitive type (allowed: [""string""]): []
"
0c69a21e-33aa-46a5-81e6-deb4499e5967,e65de186-a711-4fd6-a949-cbe04ade1f02,false,"[OAS] [OAS] validation failed:
 - ERROR - [Path '/2/maintainers/0'] Instance type (null) does not match any allowed primitive type (allowed: [""string""]): []
 - ERROR - [Path '/2/maintainers/1'] Instance type (boolean) does not match any allowed primitive type (allowed: [""string""]): []
 - ERROR - [Path '/2/maintainers/2'] Instance type (array) does not match any allowed primitive type (allowed: [""string""]): []
 - ERROR - [Path '/2/maintainers/3'] Instance type (object) does not match any allowed primitive type (allowed: [""string""]): []
"
0c69a21e-33aa-46a5-81e6-deb4499e5967,3d307e8a-3c0f-402b-a5c8-72c05a22c354,false,"[OAS] [OAS] validation failed:
 - ERROR - [Path '/2/maintainers'] Instance type (null) does not match any allowed primitive type (allowed: [""array""]): []
"
0c69a21e-33aa-46a5-81e6-deb4499e5967,d6898d08-922e-4dc1-b60c-5eae1157caa4,false,"[OAS] [OAS] validation failed:
 - ERROR - [Path '/2/maintainers'] Instance type (integer) does not match any allowed primitive type (allowed: [""array""]): []
"
0c69a21e-33aa-46a5-81e6-deb4499e5967,11336917-3b7c-4ed8-85cd-d1b3ecde7630,false,"[OAS] [OAS] validation failed:
 - ERROR - [Path '/3'] Object instance has properties which are not allowed by the schema: [""randomObject1""]: []
"
0c69a21e-33aa-46a5-81e6-deb4499e5967,6b64cbe1-4c9d-4518-94ef-83b2738ea6f6,false,"[OAS] [OAS] validation failed:
 - ERROR - [Path '/3'] Instance type (null) does not match any allowed primitive type (allowed: [""object""]): []
"
0c69a21e-33aa-46a5-81e6-deb4499e5967,dfa5a28c-95f5-4232-bb26-6f5cd0e96d10,false,"[OAS] [OAS] validation failed:
 - ERROR - [Path '/3'] Instance type (array) does not match any allowed primitive type (allowed: [""object""]): []
"
0c69a21e-33aa-46a5-81e6-deb4499e5967,e58b1af1-32fb-4c7a-83ea-99f44cc39eaf,false,"[OAS] [OAS] validation failed:
 - ERROR - [Path '/3/languageList/0'] Instance type (null) does not match any allowed primitive type (allowed: [""string""]): []
 - ERROR - [Path '/3/languageList/1'] Instance type (null) does not match any allowed primitive type (allowed: [""string""]): []
 - ERROR - [Path '/3/languageList/2'] Instance type (number) does not match any allowed primitive type (allowed: [""string""]): []
"
0c69a21e-33aa-46a5-81e6-deb4499e5967,a4e56949-174f-4653-8a2f-1371973ab553,false,"[OAS] [OAS] validation failed:
 - ERROR - [Path '/3/languageList'] Instance type (null) does not match any allowed primitive type (allowed: [""array""]): []
"
0c69a21e-33aa-46a5-81e6-deb4499e5967,632e8996-c794-48df-8e26-adeac6712043,false,"[OAS] [OAS] validation failed:
 - ERROR - [Path '/3/languageList'] Instance type (object) does not match any allowed primitive type (allowed: [""array""]): []
"
0c69a21e-33aa-46a5-81e6-deb4499e5967,639d2141-bf6d-4df0-aa3b-5ae090d49507,false,"[OAS] [OAS] validation failed:
 - ERROR - [Path '/3/gitHubProjectId'] Instance type (null) does not match any allowed primitive type (allowed: [""integer""]): []
"
0c69a21e-33aa-46a5-81e6-deb4499e5967,2135867d-a168-4fa7-8d8e-276f0a68ab09,false,"[OAS] [OAS] validation failed:
 - ERROR - [Path '/3/gitHubProjectId'] Instance type (object) does not match any allowed primitive type (allowed: [""integer""]): []
"
0c69a21e-33aa-46a5-81e6-deb4499e5967,bfb94370-41f1-4a47-8e17-4418fa4c2c64,false,"[OAS] [OAS] validation failed:
 - ERROR - [Path '/3/name'] Instance type (null) does not match any allowed primitive type (allowed: [""string""]): []
"
0c69a21e-33aa-46a5-81e6-deb4499e5967,86a3e57d-2acf-4f44-82a6-02600d5d9189,false,"[OAS] [OAS] validation failed:
 - ERROR - [Path '/3/name'] Instance type (object) does not match any allowed primitive type (allowed: [""string""]): []
"
0c69a21e-33aa-46a5-81e6-deb4499e5967,ba57d419-a2f8-4336-916d-5060d27f6838,false,"[OAS] [OAS] validation failed:
 - ERROR - [Path '/3/title'] Instance type (array) does not match any allowed primitive type (allowed: [""null"",""string""]): []
"
0c69a21e-33aa-46a5-81e6-deb4499e5967,99cc709f-fd5f-4cb5-9004-02613633887f,false,"[OAS] [OAS] validation failed:
 - ERROR - [Path '/3/image'] Instance type (object) does not match any allowed primitive type (allowed: [""null"",""string""]): []
"
0c69a21e-33aa-46a5-81e6-deb4499e5967,0d6e126a-48b5-4da2-934a-8ee292178389,false,"[OAS] [OAS] validation failed:
 - ERROR - [Path '/3/organizationName'] Instance type (null) does not match any allowed primitive type (allowed: [""string""]): []
"
0c69a21e-33aa-46a5-81e6-deb4499e5967,e64f5519-4cb2-43f9-8c8b-1fc7671eeac1,false,"[OAS] [OAS] validation failed:
 - ERROR - [Path '/3/organizationName'] Instance type (boolean) does not match any allowed primitive type (allowed: [""string""]): []
"
0c69a21e-33aa-46a5-81e6-deb4499e5967,5da1ab93-c82d-4750-b28f-b9e5d3f35145,false,"[OAS] [OAS] validation failed:
 - ERROR - [Path '/3/starsCount'] Instance type (null) does not match any allowed primitive type (allowed: [""integer""]): []
"
0c69a21e-33aa-46a5-81e6-deb4499e5967,df97ea64-55ea-4fc5-9ee1-0a46aaa471bd,false,"[OAS] [OAS] validation failed:
 - ERROR - [Path '/3/starsCount'] Instance type (string) does not match any allowed primitive type (allowed: [""integer""]): []
"
0c69a21e-33aa-46a5-81e6-deb4499e5967,055ef997-d853-49ae-beba-41f8e34ab84f,false,"[OAS] [OAS] validation failed:
 - ERROR - [Path '/3/commitsCount'] Instance type (null) does not match any allowed primitive type (allowed: [""integer""]): []
"
0c69a21e-33aa-46a5-81e6-deb4499e5967,2d740739-43dd-42b8-ae67-25e1e54d8a50,false,"[OAS] [OAS] validation failed:
 - ERROR - [Path '/3/commitsCount'] Instance type (string) does not match any allowed primitive type (allowed: [""integer""]): []
"
0c69a21e-33aa-46a5-81e6-deb4499e5967,90d09753-acef-4eeb-990f-ef04af97d66a,false,"[OAS] [OAS] validation failed:
 - ERROR - [Path '/3/forksCount'] Instance type (null) does not match any allowed primitive type (allowed: [""integer""]): []
"
0c69a21e-33aa-46a5-81e6-deb4499e5967,057d556e-8707-4092-a39e-81f14f38730b,false,"[OAS] [OAS] validation failed:
 - ERROR - [Path '/3/forksCount'] Instance type (object) does not match any allowed primitive type (allowed: [""integer""]): []
"
0c69a21e-33aa-46a5-81e6-deb4499e5967,bf037dd7-5685-4f8e-8f53-8a666b34811e,false,"[OAS] [OAS] validation failed:
 - ERROR - [Path '/3/contributorsCount'] Instance type (null) does not match any allowed primitive type (allowed: [""integer""]): []
"
0c69a21e-33aa-46a5-81e6-deb4499e5967,83a1eb35-3590-47ae-9067-2afba55c7679,false,"[OAS] [OAS] validation failed:
 - ERROR - [Path '/3/contributorsCount'] Instance type (number) does not match any allowed primitive type (allowed: [""integer""]): []
"
0c69a21e-33aa-46a5-81e6-deb4499e5967,818ba874-c94a-4d45-972b-6cf6b294e001,false,"[OAS] [OAS] validation failed:
 - ERROR - [Path '/3/externalContributorsCount'] Instance type (object) does not match any allowed primitive type (allowed: [""integer"",""null""]): []
"
0c69a21e-33aa-46a5-81e6-deb4499e5967,d55da534-2b15-4660-8bb7-5486652bd308,false,"[OAS] [OAS] validation failed:
 - ERROR - [Path '/3/score'] Instance type (null) does not match any allowed primitive type (allowed: [""integer""]): []
"
0c69a21e-33aa-46a5-81e6-deb4499e5967,0d56bbbe-6d23-4bcb-b68e-ffc2b4bc3a35,false,"[OAS] [OAS] validation failed:
 - ERROR - [Path '/3/score'] Instance type (string) does not match any allowed primitive type (allowed: [""integer""]): []
"
0c69a21e-33aa-46a5-81e6-deb4499e5967,93f49f5c-ae73-42e9-9aac-27db712ba87a,false,"[OAS] [OAS] validation failed:
 - ERROR - [Path '/3/lastPushed'] Instance type (number) does not match any allowed primitive type (allowed: [""null"",""string""]): []
"
0c69a21e-33aa-46a5-81e6-deb4499e5967,d8ad7cf3-09c6-43f3-b801-149b35fc73fb,false,"[OAS] [OAS] validation failed:
 - ERROR - [Path '/3/primaryLanguage'] Instance type (null) does not match any allowed primitive type (allowed: [""string""]): []
"
0c69a21e-33aa-46a5-81e6-deb4499e5967,8cb648fb-6958-41c7-b1dc-7ead61b0c191,false,"[OAS] [OAS] validation failed:
 - ERROR - [Path '/3/primaryLanguage'] Instance type (array) does not match any allowed primitive type (allowed: [""string""]): []
"
0c69a21e-33aa-46a5-81e6-deb4499e5967,c59307d7-8e4a-433d-9bc1-b0fb6688eaa5,false,"[OAS] [OAS] validation failed:
 - ERROR - [Path '/3/maintainers/1'] Instance type (object) does not match any allowed primitive type (allowed: [""string""]): []
 - ERROR - [Path '/3/maintainers/2'] Instance type (array) does not match any allowed primitive type (allowed: [""string""]): []
"
0c69a21e-33aa-46a5-81e6-deb4499e5967,760f184b-5bb9-41ad-af63-89b6230ee161,false,"[OAS] [OAS] validation failed:
 - ERROR - [Path '/3/maintainers'] Instance type (null) does not match any allowed primitive type (allowed: [""array""]): []
"
0c69a21e-33aa-46a5-81e6-deb4499e5967,2b4b0fe7-db7e-486b-afdb-e50281e690b6,false,"[OAS] [OAS] validation failed:
 - ERROR - [Path '/3/maintainers'] Instance type (boolean) does not match any allowed primitive type (allowed: [""array""]): []
"
0c69a21e-33aa-46a5-81e6-deb4499e5967,ee7ef920-9a18-4e4f-8bd0-53ec0d6b586e,false,"[OAS] [OAS] validation failed:
 - ERROR - [Path '/4'] Object instance has properties which are not allowed by the schema: [""randomLong1""]: []
"
0c69a21e-33aa-46a5-81e6-deb4499e5967,5e9c5c9d-0f0b-4d22-9db3-1b9d1def6053,false,"[OAS] [OAS] validation failed:
 - ERROR - [Path '/4'] Instance type (null) does not match any allowed primitive type (allowed: [""object""]): []
"
0c69a21e-33aa-46a5-81e6-deb4499e5967,eebb2d2c-c648-45a0-9c9b-e50259dce014,false,"[OAS] [OAS] validation failed:
 - ERROR - [Path '/4'] Instance type (array) does not match any allowed primitive type (allowed: [""object""]): []
"
0c69a21e-33aa-46a5-81e6-deb4499e5967,03e166e2-84d6-41a0-9a87-ac4fa7d3e9be,false,"[OAS] [OAS] validation failed:
 - ERROR - [Path '/4/languageList/0'] Instance type (null) does not match any allowed primitive type (allowed: [""string""]): []
"
0c69a21e-33aa-46a5-81e6-deb4499e5967,6fd07a73-f1a3-483e-9e45-0297630b0f00,false,"[OAS] [OAS] validation failed:
 - ERROR - [Path '/4/languageList'] Instance type (null) does not match any allowed primitive type (allowed: [""array""]): []
"
0c69a21e-33aa-46a5-81e6-deb4499e5967,a7047c54-02ff-4236-9dbd-bc7c6363a47a,false,"[OAS] [OAS] validation failed:
 - ERROR - [Path '/4/languageList'] Instance type (integer) does not match any allowed primitive type (allowed: [""array""]): []
"
0c69a21e-33aa-46a5-81e6-deb4499e5967,f7e28a0c-32bb-4702-9140-7c5e17104d0b,false,"[OAS] [OAS] validation failed:
 - ERROR - [Path '/4/gitHubProjectId'] Instance type (null) does not match any allowed primitive type (allowed: [""integer""]): []
"
0c69a21e-33aa-46a5-81e6-deb4499e5967,67814c65-e050-4c95-b5a6-8b0c898e6cae,false,"[OAS] [OAS] validation failed:
 - ERROR - [Path '/4/gitHubProjectId'] Instance type (string) does not match any allowed primitive type (allowed: [""integer""]): []
"
0c69a21e-33aa-46a5-81e6-deb4499e5967,ed4f600f-200b-44ec-a4a9-430ab9553065,false,"[OAS] [OAS] validation failed:
 - ERROR - [Path '/4/name'] Instance type (null) does not match any allowed primitive type (allowed: [""string""]): []
"
0c69a21e-33aa-46a5-81e6-deb4499e5967,3750ef8a-c72d-4b77-a45c-f14a717cf601,false,"[OAS] [OAS] validation failed:
 - ERROR - [Path '/4/name'] Instance type (integer) does not match any allowed primitive type (allowed: [""string""]): []
"
0c69a21e-33aa-46a5-81e6-deb4499e5967,da8731f0-2d3e-435d-ba82-c48f2f87a071,false,"[OAS] [OAS] validation failed:
 - ERROR - [Path '/4/organizationName'] Instance type (null) does not match any allowed primitive type (allowed: [""string""]): []
"
0c69a21e-33aa-46a5-81e6-deb4499e5967,96007535-f5f5-48be-90cb-0ae23bc8d0f3,false,"[OAS] [OAS] validation failed:
 - ERROR - [Path '/4/organizationName'] Instance type (integer) does not match any allowed primitive type (allowed: [""string""]): []
"
0c69a21e-33aa-46a5-81e6-deb4499e5967,339798ae-887c-4f21-a4cc-4e3f838545b4,false,"[OAS] [OAS] validation failed:
 - ERROR - [Path '/4/description'] Instance type (object) does not match any allowed primitive type (allowed: [""null"",""string""]): []
"
0c69a21e-33aa-46a5-81e6-deb4499e5967,779843fb-5f13-43d5-8e08-f710ac1efa60,false,"[OAS] [OAS] validation failed:
 - ERROR - [Path '/4/starsCount'] Instance type (null) does not match any allowed primitive type (allowed: [""integer""]): []
"
0c69a21e-33aa-46a5-81e6-deb4499e5967,0070c37e-76d4-4dd6-a62c-c9a183a6f5ef,false,"[OAS] [OAS] validation failed:
 - ERROR - [Path '/4/starsCount'] Instance type (string) does not match any allowed primitive type (allowed: [""integer""]): []
"
0c69a21e-33aa-46a5-81e6-deb4499e5967,154314a6-aa89-4247-8a11-c986f0dfdc84,false,"[OAS] [OAS] validation failed:
 - ERROR - [Path '/4/commitsCount'] Instance type (null) does not match any allowed primitive type (allowed: [""integer""]): []
"
0c69a21e-33aa-46a5-81e6-deb4499e5967,7954caa0-97ba-4d87-9362-40581f024ccd,false,"[OAS] [OAS] validation failed:
 - ERROR - [Path '/4/commitsCount'] Instance type (object) does not match any allowed primitive type (allowed: [""integer""]): []
"
0c69a21e-33aa-46a5-81e6-deb4499e5967,7266962c-6310-4eaa-837a-a53510e34305,false,"[OAS] [OAS] validation failed:
 - ERROR - [Path '/4/forksCount'] Instance type (null) does not match any allowed primitive type (allowed: [""integer""]): []
"
0c69a21e-33aa-46a5-81e6-deb4499e5967,b5b395d5-f6ca-4d8e-8709-77874357113d,false,"[OAS] [OAS] validation failed:
 - ERROR - [Path '/4/forksCount'] Instance type (array) does not match any allowed primitive type (allowed: [""integer""]): []
"
0c69a21e-33aa-46a5-81e6-deb4499e5967,617fc83b-f5b8-43a6-8980-f3e27b99ebd9,false,"[OAS] [OAS] validation failed:
 - ERROR - [Path '/4/contributorsCount'] Instance type (null) does not match any allowed primitive type (allowed: [""integer""]): []
"
0c69a21e-33aa-46a5-81e6-deb4499e5967,2e50333c-0e02-4c96-9a98-37cd6c314bd8,false,"[OAS] [OAS] validation failed:
 - ERROR - [Path '/4/contributorsCount'] Instance type (string) does not match any allowed primitive type (allowed: [""integer""]): []
"
0c69a21e-33aa-46a5-81e6-deb4499e5967,22adf78c-6851-4baf-b3de-986abd9bf4c9,false,"[OAS] [OAS] validation failed:
 - ERROR - [Path '/4/externalContributorsCount'] Instance type (array) does not match any allowed primitive type (allowed: [""integer"",""null""]): []
"
0c69a21e-33aa-46a5-81e6-deb4499e5967,e6441610-723e-42fb-830b-ce7bf333ecc0,false,"[OAS] [OAS] validation failed:
 - ERROR - [Path '/4/score'] Instance type (null) does not match any allowed primitive type (allowed: [""integer""]): []
"
0c69a21e-33aa-46a5-81e6-deb4499e5967,5ab76b1f-78b8-4988-b803-cb40da8f3e78,false,"[OAS] [OAS] validation failed:
 - ERROR - [Path '/4/score'] Instance type (object) does not match any allowed primitive type (allowed: [""integer""]): []
"
0c69a21e-33aa-46a5-81e6-deb4499e5967,6e0a6389-65ef-4a72-b97e-8d057bc614a9,false,"[OAS] [OAS] validation failed:
 - ERROR - [Path '/4/lastPushed'] Instance type (integer) does not match any allowed primitive type (allowed: [""null"",""string""]): []
"
0c69a21e-33aa-46a5-81e6-deb4499e5967,05b82f0a-b205-4619-bf34-93afe93267e8,false,"[OAS] [OAS] validation failed:
 - ERROR - [Path '/4/primaryLanguage'] Instance type (null) does not match any allowed primitive type (allowed: [""string""]): []
"
0c69a21e-33aa-46a5-81e6-deb4499e5967,0975dc58-e23e-4295-92c7-6bcde54f27bf,false,"[OAS] [OAS] validation failed:
 - ERROR - [Path '/4/primaryLanguage'] Instance type (array) does not match any allowed primitive type (allowed: [""string""]): []
"
0c69a21e-33aa-46a5-81e6-deb4499e5967,933c451a-c68b-4bca-b36b-c12da82a357d,false,"[OAS] [OAS] validation failed:
 - ERROR - [Path '/4/maintainers/0'] Instance type (integer) does not match any allowed primitive type (allowed: [""string""]): []
 - ERROR - [Path '/4/maintainers/2'] Instance type (null) does not match any allowed primitive type (allowed: [""string""]): []
"
0c69a21e-33aa-46a5-81e6-deb4499e5967,8c0ef44d-5dfd-4aa5-bbb3-19b8250fdd63,false,"[OAS] [OAS] validation failed:
 - ERROR - [Path '/4/maintainers'] Instance type (null) does not match any allowed primitive type (allowed: [""array""]): []
"
0c69a21e-33aa-46a5-81e6-deb4499e5967,52b30911-9d1a-4ec6-9c50-b10c4a9cca6e,false,"[OAS] [OAS] validation failed:
 - ERROR - [Path '/4/maintainers'] Instance type (integer) does not match any allowed primitive type (allowed: [""array""]): []
"
4b70eba1-955f-42d5-8a8f-28d4a7bad3d9,fd60faed-6992-4db5-9e9b-c7c89bf9120d,false,"[OAS] [OAS] validation failed:
 - ERROR - Response status 204 not defined for path '/projects'.: []
"
4b70eba1-955f-42d5-8a8f-28d4a7bad3d9,38889803-9e47-4d6c-8b0c-e2465a8e1ace,false,"[OAS] [OAS] validation failed:
 - ERROR - Instance type (array) does not match any allowed primitive type (allowed: [""object""]): []
"
4b70eba1-955f-42d5-8a8f-28d4a7bad3d9,fce8c146-21f3-4f98-b703-e876ef7ffcde,false,[NO_5XX] Unexpected 5XX response: 500
4b70eba1-955f-42d5-8a8f-28d4a7bad3d9,717bb3ec-4424-4b90-a498-905968654019,false,"[OAS] [OAS] validation failed:
 - ERROR - Response Content-Type header 'text/javascript' does not match any allowed types. Must be one of: [application/json].: []
"
4b70eba1-955f-42d5-8a8f-28d4a7bad3d9,55bb2351-7b46-4715-ace5-f8e83f8e48a5,false,"[OAS] [OAS] validation failed:
 - ERROR - Response Content-Type header 'charset=UTF-8' is not a valid media type: []
"
4b70eba1-955f-42d5-8a8f-28d4a7bad3d9,b474791a-0974-4ab6-867f-cafe26fee325,false,"[OAS] [OAS] validation failed:
 - ERROR - [Path '/0'] Instance type (boolean) does not match any allowed primitive type (allowed: [""object""]): []
"
19540b76-1a56-4daa-a1fb-1bc0ea6031f0,169dfce9-5bb4-45d0-b63e-0fcec9a31bc5,false,"[OAS] [OAS] validation failed:
 - ERROR - Response status 201 not defined for path '/projects'.: []
"
19540b76-1a56-4daa-a1fb-1bc0ea6031f0,4a6cc871-b9c7-4027-90bc-951c022aa469,false,"[OAS] [OAS] validation failed:
 - ERROR - Instance type (array) does not match any allowed primitive type (allowed: [""object""]): []
"
19540b76-1a56-4daa-a1fb-1bc0ea6031f0,39138ee9-dc8c-4efb-9cb2-eb36df61ae88,false,[NO_5XX] Unexpected 5XX response: 500
19540b76-1a56-4daa-a1fb-1bc0ea6031f0,c6731065-2b75-4b07-9d23-4a4e8f5fcc18,false,"[OAS] [OAS] validation failed:
 - ERROR - Response Content-Type header 'text/html' does not match any allowed types. Must be one of: [application/json].: []
"
19540b76-1a56-4daa-a1fb-1bc0ea6031f0,efde97a0-9665-42e0-b97c-128a68a372fe,false,"[OAS] [OAS] validation failed:
 - ERROR - Response Content-Type header 'charset=UTF-8' is not a valid media type: []
"
19540b76-1a56-4daa-a1fb-1bc0ea6031f0,101c73ec-1440-4861-8639-dcd4c8847b2a,false,"[OAS] [OAS] validation failed:
 - ERROR - [Path '/1'] Instance type (boolean) does not match any allowed primitive type (allowed: [""object""]): []
"
19540b76-1a56-4daa-a1fb-1bc0ea6031f0,47ad7664-04f0-436f-bd17-f6b9ce3a033f,false,"[OAS] [OAS] validation failed:
 - ERROR - [Path '/0'] Object instance has properties which are not allowed by the schema: [""randomBoolean1""]: []
"
19540b76-1a56-4daa-a1fb-1bc0ea6031f0,d102beaf-ef72-4cb0-a1c6-a72b5087c352,false,"[OAS] [OAS] validation failed:
 - ERROR - [Path '/0'] Instance type (null) does not match any allowed primitive type (allowed: [""object""]): []
"
19540b76-1a56-4daa-a1fb-1bc0ea6031f0,f5ae692c-9054-4e12-92a9-156924857427,false,"[OAS] [OAS] validation failed:
 - ERROR - [Path '/0'] Instance type (number) does not match any allowed primitive type (allowed: [""object""]): []
"
19540b76-1a56-4daa-a1fb-1bc0ea6031f0,327e2c45-aacd-47fa-a090-4ce67db3274d,false,"[OAS] [OAS] validation failed:
 - ERROR - [Path '/0/languageList/0'] Instance type (boolean) does not match any allowed primitive type (allowed: [""string""]): []
 - ERROR - [Path '/0/languageList/1'] Instance type (object) does not match any allowed primitive type (allowed: [""string""]): []
"
19540b76-1a56-4daa-a1fb-1bc0ea6031f0,2c578e28-abc5-4a2d-be0e-c9527c16add6,false,"[OAS] [OAS] validation failed:
 - ERROR - [Path '/0/languageList'] Instance type (null) does not match any allowed primitive type (allowed: [""array""]): []
"
19540b76-1a56-4daa-a1fb-1bc0ea6031f0,e4e923be-c275-4ca2-b9e4-14bbf0cf5fcb,false,"[OAS] [OAS] validation failed:
 - ERROR - [Path '/0/languageList'] Instance type (number) does not match any allowed primitive type (allowed: [""array""]): []
"
19540b76-1a56-4daa-a1fb-1bc0ea6031f0,75f3fee1-95f7-47d3-be58-3452d94b9dcc,false,"[OAS] [OAS] validation failed:
 - ERROR - [Path '/0/gitHubProjectId'] Instance type (null) does not match any allowed primitive type (allowed: [""integer""]): []
"
19540b76-1a56-4daa-a1fb-1bc0ea6031f0,d40673d5-2b9e-4ccc-b997-38725243b51e,false,"[OAS] [OAS] validation failed:
 - ERROR - [Path '/0/gitHubProjectId'] Instance type (number) does not match any allowed primitive type (allowed: [""integer""]): []
"
19540b76-1a56-4daa-a1fb-1bc0ea6031f0,6277faf9-7c07-4f15-a3d7-bdd548ab8c6e,false,"[OAS] [OAS] validation failed:
 - ERROR - [Path '/0/name'] Instance type (null) does not match any allowed primitive type (allowed: [""string""]): []
"
19540b76-1a56-4daa-a1fb-1bc0ea6031f0,04257041-6dd7-43f4-9868-731c108a01cd,false,"[OAS] [OAS] validation failed:
 - ERROR - [Path '/0/name'] Instance type (number) does not match any allowed primitive type (allowed: [""string""]): []
"
19540b76-1a56-4daa-a1fb-1bc0ea6031f0,12b49a93-3c13-420e-a017-6c3a116d0d19,false,"[OAS] [OAS] validation failed:
 - ERROR - [Path '/0/title'] Instance type (number) does not match any allowed primitive type (allowed: [""null"",""string""]): []
"
19540b76-1a56-4daa-a1fb-1bc0ea6031f0,613feff0-3856-4191-9368-9e84e9a28a08,false,"[OAS] [OAS] validation failed:
 - ERROR - [Path '/0/image'] Instance type (object) does not match any allowed primitive type (allowed: [""null"",""string""]): []
"
19540b76-1a56-4daa-a1fb-1bc0ea6031f0,46ff9299-2d3a-4e70-80d9-087575e0e0a0,false,"[OAS] [OAS] validation failed:
 - ERROR - [Path '/0/organizationName'] Instance type (null) does not match any allowed primitive type (allowed: [""string""]): []
"
19540b76-1a56-4daa-a1fb-1bc0ea6031f0,0ff4cd5b-4599-4e1d-ae4b-558bf0b6db86,false,"[OAS] [OAS] validation failed:
 - ERROR - [Path '/0/organizationName'] Instance type (object) does not match any allowed primitive type (allowed: [""string""]): []
"
19540b76-1a56-4daa-a1fb-1bc0ea6031f0,6ad9d91c-4658-40c4-a7a5-67ddef3b6313,false,"[OAS] [OAS] validation failed:
 - ERROR - [Path '/0/url'] Instance type (object) does not match any allowed primitive type (allowed: [""null"",""string""]): []
"
19540b76-1a56-4daa-a1fb-1bc0ea6031f0,fb4d90a1-c872-475d-a691-1465567f0069,false,"[OAS] [OAS] validation failed:
 - ERROR - [Path '/0/description'] Instance type (array) does not match any allowed primitive type (allowed: [""null"",""string""]): []
"
19540b76-1a56-4daa-a1fb-1bc0ea6031f0,7e92af54-ba46-4e35-84a5-86fcbd64d7b8,false,"[OAS] [OAS] validation failed:
 - ERROR - [Path '/0/starsCount'] Instance type (null) does not match any allowed primitive type (allowed: [""integer""]): []
"
19540b76-1a56-4daa-a1fb-1bc0ea6031f0,184698e2-d54a-454d-b96c-7a7c199264c8,false,"[OAS] [OAS] validation failed:
 - ERROR - [Path '/0/starsCount'] Instance type (object) does not match any allowed primitive type (allowed: [""integer""]): []
"
19540b76-1a56-4daa-a1fb-1bc0ea6031f0,d2ff3f56-16b7-4f22-879b-f82a5425d57b,false,"[OAS] [OAS] validation failed:
 - ERROR - [Path '/0/commitsCount'] Instance type (null) does not match any allowed primitive type (allowed: [""integer""]): []
"
19540b76-1a56-4daa-a1fb-1bc0ea6031f0,4fb654b1-0baf-4f8c-9edd-148ba6caf4b1,false,"[OAS] [OAS] validation failed:
 - ERROR - [Path '/0/commitsCount'] Instance type (object) does not match any allowed primitive type (allowed: [""integer""]): []
"
19540b76-1a56-4daa-a1fb-1bc0ea6031f0,d39df2b3-e154-49f4-844a-03d95c8d6ac7,false,"[OAS] [OAS] validation failed:
 - ERROR - [Path '/0/forksCount'] Instance type (null) does not match any allowed primitive type (allowed: [""integer""]): []
"
19540b76-1a56-4daa-a1fb-1bc0ea6031f0,21292ca0-beca-4648-8029-38eb8814ff85,false,"[OAS] [OAS] validation failed:
 - ERROR - [Path '/0/forksCount'] Instance type (array) does not match any allowed primitive type (allowed: [""integer""]): []
"
19540b76-1a56-4daa-a1fb-1bc0ea6031f0,6fe613f9-cb9c-4870-8c07-bdd9bc10e91e,false,"[OAS] [OAS] validation failed:
 - ERROR - [Path '/0/contributorsCount'] Instance type (null) does not match any allowed primitive type (allowed: [""integer""]): []
"
19540b76-1a56-4daa-a1fb-1bc0ea6031f0,50881fff-5630-4ddc-87cf-708e0198df7d,false,"[OAS] [OAS] validation failed:
 - ERROR - [Path '/0/contributorsCount'] Instance type (string) does not match any allowed primitive type (allowed: [""integer""]): []
"
19540b76-1a56-4daa-a1fb-1bc0ea6031f0,f89ddb8e-5e40-4cd8-84ad-c9f0c7c11e85,false,"[OAS] [OAS] validation failed:
 - ERROR - [Path '/0/score'] Instance type (null) does not match any allowed primitive type (allowed: [""integer""]): []
"
19540b76-1a56-4daa-a1fb-1bc0ea6031f0,8d83fc1e-d258-4398-b84f-ace149c72495,false,"[OAS] [OAS] validation failed:
 - ERROR - [Path '/0/score'] Instance type (array) does not match any allowed primitive type (allowed: [""integer""]): []
"
19540b76-1a56-4daa-a1fb-1bc0ea6031f0,4f0f6797-0e1e-4ad8-92e7-97a956c160a6,false,"[OAS] [OAS] validation failed:
 - ERROR - [Path '/0/lastPushed'] Instance type (array) does not match any allowed primitive type (allowed: [""null"",""string""]): []
"
19540b76-1a56-4daa-a1fb-1bc0ea6031f0,0f9cfb18-b63b-4e73-97c5-7b054107b606,false,"[OAS] [OAS] validation failed:
 - ERROR - [Path '/0/primaryLanguage'] Instance type (null) does not match any allowed primitive type (allowed: [""string""]): []
"
19540b76-1a56-4daa-a1fb-1bc0ea6031f0,d67a51a5-db80-4f8f-b892-3adce8d95bb3,false,"[OAS] [OAS] validation failed:
 - ERROR - [Path '/0/primaryLanguage'] Instance type (object) does not match any allowed primitive type (allowed: [""string""]): []
"
19540b76-1a56-4daa-a1fb-1bc0ea6031f0,b17b2ad9-d756-406f-9087-e413d0404302,false,"[OAS] [OAS] validation failed:
 - ERROR - [Path '/0/maintainers/0'] Instance type (object) does not match any allowed primitive type (allowed: [""string""]): []
 - ERROR - [Path '/0/maintainers/1'] Instance type (integer) does not match any allowed primitive type (allowed: [""string""]): []
 - ERROR - [Path '/0/maintainers/2'] Instance type (array) does not match any allowed primitive type (allowed: [""string""]): []
 - ERROR - [Path '/0/maintainers/3'] Instance type (object) does not match any allowed primitive type (allowed: [""string""]): []
"
19540b76-1a56-4daa-a1fb-1bc0ea6031f0,33851469-c8d9-475f-bf2d-41daa7f842c0,false,"[OAS] [OAS] validation failed:
 - ERROR - [Path '/0/maintainers'] Instance type (null) does not match any allowed primitive type (allowed: [""array""]): []
"
19540b76-1a56-4daa-a1fb-1bc0ea6031f0,21047a4b-cd62-4cc4-a12c-2d4b1fe72f71,false,"[OAS] [OAS] validation failed:
 - ERROR - [Path '/0/maintainers'] Instance type (object) does not match any allowed primitive type (allowed: [""array""]): []
"
39e20b22-dfde-4760-905c-94a5996277dc,ab973ad4-f3ef-4567-bd63-34474dee4994,false,"[OAS] [OAS] validation failed:
 - ERROR - Response status 201 not defined for path '/projects'.: []
"
39e20b22-dfde-4760-905c-94a5996277dc,74194f92-8fd1-4bac-b60d-4e35340bf650,false,"[OAS] [OAS] validation failed:
 - ERROR - Response status 401 not defined for path '/projects'.: []
"
39e20b22-dfde-4760-905c-94a5996277dc,86d4f678-43dd-4f92-b84b-6663d12854d9,false,[NO_5XX] Unexpected 5XX response: 501
39e20b22-dfde-4760-905c-94a5996277dc,5875201e-c97c-464a-b4d3-46e8d09cde1e,false,"[OAS] [OAS] validation failed:
 - ERROR - Response Content-Type header 'application/x-www-form-urlencoded' does not match any allowed types. Must be one of: [application/json].: []
"
39e20b22-dfde-4760-905c-94a5996277dc,23803b7c-1a0c-42b5-a1a4-a4123a7eb2c6,false,"[OAS] [OAS] validation failed:
 - ERROR - Response Content-Type header 'charset=UTF-8' is not a valid media type: []
"
39e20b22-dfde-4760-905c-94a5996277dc,f6fdfa2c-0b75-4124-a466-fa02e4403167,false,"[OAS] [OAS] validation failed:
 - ERROR - [Path '/0'] Instance type (boolean) does not match any allowed primitive type (allowed: [""object""]): []
"
bd1219a7-6bbe-428d-a346-eb2409056a10,1fccee26-0f63-4b3d-b4c3-4ef0e6266d25,false,"[OAS] [OAS] validation failed:
 - ERROR - Response status 201 not defined for path '/projects'.: []
"
bd1219a7-6bbe-428d-a346-eb2409056a10,9f095231-8306-453c-9879-a92c938cec4e,false,"[OAS] [OAS] validation failed:
 - ERROR - Response status 403 not defined for path '/projects'.: []
"
bd1219a7-6bbe-428d-a346-eb2409056a10,db36151e-528a-41a5-9036-69e694262cfc,false,[NO_5XX] Unexpected 5XX response: 502
bd1219a7-6bbe-428d-a346-eb2409056a10,d39d62bc-69cb-4e40-abfd-6f47b0d7b061,false,"[OAS] [OAS] validation failed:
 - ERROR - Response Content-Type header 'text/css' does not match any allowed types. Must be one of: [application/json].: []
"
bd1219a7-6bbe-428d-a346-eb2409056a10,95ae28e3-6f78-4350-815d-49e1f8e05fa8,false,"[OAS] [OAS] validation failed:
 - ERROR - Response Content-Type header 'charset=UTF-8' is not a valid media type: []
"
bd1219a7-6bbe-428d-a346-eb2409056a10,73933d51-4a8f-407f-ae47-0c261ddc54f6,false,"[OAS] [OAS] validation failed:
 - ERROR - [Path '/0'] Instance type (boolean) does not match any allowed primitive type (allowed: [""object""]): []
"
bb8f5ec1-72c6-4e9a-934a-c8feafa9c7d6,cda17127-7765-43b1-bceb-cc44f98b1b61,false,"[OAS] [OAS] validation failed:
 - ERROR - Response status 201 not defined for path '/projects'.: []
"
bb8f5ec1-72c6-4e9a-934a-c8feafa9c7d6,fe6580c1-91b8-47aa-8e7f-4e6cd780dd67,false,"[OAS] [OAS] validation failed:
 - ERROR - Response status 409 not defined for path '/projects'.: []
"
bb8f5ec1-72c6-4e9a-934a-c8feafa9c7d6,680c1ae5-ae8d-46c9-92c9-72539f95deca,false,[NO_5XX] Unexpected 5XX response: 504
bb8f5ec1-72c6-4e9a-934a-c8feafa9c7d6,9d982040-d94f-4bd1-bd79-e677053b3cbb,false,"[OAS] [OAS] validation failed:
 - ERROR - Response Content-Type header 'text/html' does not match any allowed types. Must be one of: [application/json].: []
"
bb8f5ec1-72c6-4e9a-934a-c8feafa9c7d6,205df060-dad6-481b-8df0-b96d355ec5ea,false,"[OAS] [OAS] validation failed:
 - ERROR - Response Content-Type header 'charset=UTF-8' is not a valid media type: []
"
bb8f5ec1-72c6-4e9a-934a-c8feafa9c7d6,c07311e5-4f6a-4bf2-b205-d966960dfb90,false,"[OAS] [OAS] validation failed:
 - ERROR - [Path '/0'] Instance type (boolean) does not match any allowed primitive type (allowed: [""object""]): []
"
f2468217-53af-4031-bcad-9b6bbd3dbfb2,7fafee6c-025a-40ce-81f3-70661067016a,false,"[OAS] [OAS] validation failed:
 - ERROR - Response status 204 not defined for path '/projects'.: []
"
f2468217-53af-4031-bcad-9b6bbd3dbfb2,75e6fc5e-9bd3-43db-9ca1-361c1a7b8f3b,false,"[OAS] [OAS] validation failed:
 - ERROR - Response status 401 not defined for path '/projects'.: []
"
f2468217-53af-4031-bcad-9b6bbd3dbfb2,a932f28a-8845-41b8-b891-a1030134be6f,false,[NO_5XX] Unexpected 5XX response: 501
f2468217-53af-4031-bcad-9b6bbd3dbfb2,950a9273-3c31-41ae-80d0-740b6be76beb,false,"[OAS] [OAS] validation failed:
 - ERROR - Response Content-Type header 'text/plain' does not match any allowed types. Must be one of: [application/json].: []
"
f2468217-53af-4031-bcad-9b6bbd3dbfb2,0ff08bc2-d239-456e-9da9-3398d4bc816f,false,"[OAS] [OAS] validation failed:
 - ERROR - Response Content-Type header 'charset=UTF-8' is not a valid media type: []
"
f2468217-53af-4031-bcad-9b6bbd3dbfb2,a76a24c6-3b05-4a00-b224-0e7f1bedd285,false,"[OAS] [OAS] validation failed:
 - ERROR - [Path '/0'] Instance type (boolean) does not match any allowed primitive type (allowed: [""object""]): []
"
d74061f6-8ea4-4d1d-b0f0-0e0c8d16f419,4469b50c-aac3-4c50-ae64-74e4bc2eefed,false,"[OAS] [OAS] validation failed:
 - ERROR - Response status 204 not defined for path '/projects'.: []
"
d74061f6-8ea4-4d1d-b0f0-0e0c8d16f419,d68221bc-1832-47f2-86fb-7ee43576a137,false,"[OAS] [OAS] validation failed:
 - ERROR - Response status 401 not defined for path '/projects'.: []
"
d74061f6-8ea4-4d1d-b0f0-0e0c8d16f419,e5343180-2bf0-4883-9c40-96188fae85a9,false,[NO_5XX] Unexpected 5XX response: 501
d74061f6-8ea4-4d1d-b0f0-0e0c8d16f419,aef30f21-c33a-4c46-ae0f-47ca99ff67c1,false,"[OAS] [OAS] validation failed:
 - ERROR - Response Content-Type header 'text/css' does not match any allowed types. Must be one of: [application/json].: []
"
d74061f6-8ea4-4d1d-b0f0-0e0c8d16f419,17a6ee78-75a9-427b-8151-36913c3c9eb9,false,"[OAS] [OAS] validation failed:
 - ERROR - Response Content-Type header 'charset=UTF-8' is not a valid media type: []
"
d74061f6-8ea4-4d1d-b0f0-0e0c8d16f419,23700cbd-1051-4e4b-8421-d7245d827048,false,"[OAS] [OAS] validation failed:
 - ERROR - [Path '/0'] Instance type (boolean) does not match any allowed primitive type (allowed: [""object""]): []
"
f73a9bb9-4bb4-4a82-9a5d-229403a43323,8313b011-f31f-4492-acbf-42829141c54f,false,"[OAS] [OAS] validation failed:
 - ERROR - Response status 204 not defined for path '/projects'.: []
"
f73a9bb9-4bb4-4a82-9a5d-229403a43323,7e4b1638-acaa-44c2-b895-684350997039,false,"[OAS] [OAS] validation failed:
 - ERROR - Response status 401 not defined for path '/projects'.: []
"
f73a9bb9-4bb4-4a82-9a5d-229403a43323,3937fded-bd0b-4761-a03d-74003ac59098,false,[NO_5XX] Unexpected 5XX response: 501
f73a9bb9-4bb4-4a82-9a5d-229403a43323,6b34fb65-c8c9-4dc7-b29a-b65da4c12207,false,"[OAS] [OAS] validation failed:
 - ERROR - Response Content-Type header 'text/javascript' does not match any allowed types. Must be one of: [application/json].: []
"
f73a9bb9-4bb4-4a82-9a5d-229403a43323,1a45026c-f7c4-45e8-ada3-f4e2a739ff34,false,"[OAS] [OAS] validation failed:
 - ERROR - Response Content-Type header 'charset=UTF-8' is not a valid media type: []
"
f73a9bb9-4bb4-4a82-9a5d-229403a43323,e1ebaeeb-05ec-4ac1-ba7c-e432750c049f,false,"[OAS] [OAS] validation failed:
 - ERROR - [Path '/0'] Instance type (boolean) does not match any allowed primitive type (allowed: [""object""]): []
"
fbf541fd-5864-447a-aea6-85a6ea947267,00a617f2-bfe2-4064-b8a9-5182392b8784,false,"[OAS] [OAS] validation failed:
 - ERROR - Response status 201 not defined for path '/projects'.: []
"
fbf541fd-5864-447a-aea6-85a6ea947267,0d1d4d0d-b71b-4699-9576-248f33e91077,false,"[OAS] [OAS] validation failed:
 - ERROR - Response status 403 not defined for path '/projects'.: []
"
fbf541fd-5864-447a-aea6-85a6ea947267,a8683331-dff7-41b9-ae38-62d13020e012,false,[NO_5XX] Unexpected 5XX response: 502
fbf541fd-5864-447a-aea6-85a6ea947267,8b58dc38-9b4c-489f-8978-4eaacdb2097e,false,"[OAS] [OAS] validation failed:
 - ERROR - Response Content-Type header 'application/x-www-form-urlencoded' does not match any allowed types. Must be one of: [application/json].: []
"
fbf541fd-5864-447a-aea6-85a6ea947267,3a9e2f5e-7f35-4edb-884f-c50f4b80c1b7,false,"[OAS] [OAS] validation failed:
 - ERROR - Response Content-Type header 'charset=UTF-8' is not a valid media type: []
"
fbf541fd-5864-447a-aea6-85a6ea947267,c5025a1b-d5c3-4f72-ab0a-d3c8d2fa2601,false,"[OAS] [OAS] validation failed:
 - ERROR - [Path '/0'] Instance type (boolean) does not match any allowed primitive type (allowed: [""object""]): []
"
ffb9417a-fc18-4df3-8b8c-6dd480645029,5bd1d944-90e7-42bd-94ca-ddaa9356823c,false,"[OAS] [OAS] validation failed:
 - ERROR - Response status 201 not defined for path '/projects'.: []
"
ffb9417a-fc18-4df3-8b8c-6dd480645029,07b89f8b-0666-4492-a4cc-9208a0aa2f33,false,"[OAS] [OAS] validation failed:
 - ERROR - Response status 404 not defined for path '/projects'.: []
"
ffb9417a-fc18-4df3-8b8c-6dd480645029,95d9a7e2-ed7a-4462-89bd-6676b5270d3f,false,[NO_5XX] Unexpected 5XX response: 503
ffb9417a-fc18-4df3-8b8c-6dd480645029,b62080b6-20ae-44d5-9c59-8d2aa1c14291,false,"[OAS] [OAS] validation failed:
 - ERROR - Response Content-Type header 'text/html' does not match any allowed types. Must be one of: [application/json].: []
"
ffb9417a-fc18-4df3-8b8c-6dd480645029,79738026-54a9-4b62-a27d-bef5ccd86a87,false,"[OAS] [OAS] validation failed:
 - ERROR - Response Content-Type header 'charset=UTF-8' is not a valid media type: []
"
ffb9417a-fc18-4df3-8b8c-6dd480645029,9d89e049-05e3-4e05-b6f8-1236bfdcdb25,false,"[OAS] [OAS] validation failed:
 - ERROR - [Path '/0'] Instance type (boolean) does not match any allowed primitive type (allowed: [""object""]): []
"
628ad4fa-2c89-4788-85bb-05b1d3fa9d9b,07da4a14-7b3c-4c09-a57f-07ac326d1af8,false,"[OAS] [OAS] validation failed:
 - ERROR - Response status 204 not defined for path '/projects'.: []
"
628ad4fa-2c89-4788-85bb-05b1d3fa9d9b,8226ec30-262c-4abf-a85a-9223c81dcb12,false,"[OAS] [OAS] validation failed:
 - ERROR - Instance type (array) does not match any allowed primitive type (allowed: [""object""]): []
"
628ad4fa-2c89-4788-85bb-05b1d3fa9d9b,60a925e4-7b91-41a3-815f-223b0f2da86b,false,[NO_5XX] Unexpected 5XX response: 500
628ad4fa-2c89-4788-85bb-05b1d3fa9d9b,cb2c5dfc-c65b-4637-9558-29c494b98dcd,false,"[OAS] [OAS] validation failed:
 - ERROR - Response Content-Type header 'application/x-www-form-urlencoded' does not match any allowed types. Must be one of: [application/json].: []
"
628ad4fa-2c89-4788-85bb-05b1d3fa9d9b,8f91fe61-f511-4827-8855-13063d8dcd71,false,"[OAS] [OAS] validation failed:
 - ERROR - Response Content-Type header 'charset=UTF-8' is not a valid media type: []
"
628ad4fa-2c89-4788-85bb-05b1d3fa9d9b,d0701fe2-f7c6-42b0-9fa1-0030af589a34,false,"[OAS] [OAS] validation failed:
 - ERROR - [Path '/0'] Instance type (boolean) does not match any allowed primitive type (allowed: [""object""]): []
"
ce4ababb-1be0-4f5d-8c0c-62985e9972b8,bfaaf386-e910-4a03-916f-fb757147f439,false,"[OAS] [OAS] validation failed:
 - ERROR - Response status 201 not defined for path '/projects'.: []
"
ce4ababb-1be0-4f5d-8c0c-62985e9972b8,c0e2407b-ddf3-43a1-9c7d-0103381bb3ad,false,"[OAS] [OAS] validation failed:
 - ERROR - Response status 409 not defined for path '/projects'.: []
"
ce4ababb-1be0-4f5d-8c0c-62985e9972b8,626becb5-92ae-4895-a67f-7b7e060f27b0,false,[NO_5XX] Unexpected 5XX response: 504
ce4ababb-1be0-4f5d-8c0c-62985e9972b8,49b847bd-1dfe-4643-823c-dc69ca04fef9,false,"[OAS] [OAS] validation failed:
 - ERROR - Response Content-Type header 'text/html' does not match any allowed types. Must be one of: [application/json].: []
"
ce4ababb-1be0-4f5d-8c0c-62985e9972b8,be5ffd91-f3cb-431e-8436-85241ae765bd,false,"[OAS] [OAS] validation failed:
 - ERROR - Response Content-Type header 'charset=UTF-8' is not a valid media type: []
"
ce4ababb-1be0-4f5d-8c0c-62985e9972b8,3dd17f5a-a1fa-4369-ad4d-0ec3a358f245,false,"[OAS] [OAS] validation failed:
 - ERROR - [Path '/0'] Instance type (boolean) does not match any allowed primitive type (allowed: [""object""]): []
"
58c64382-cb85-4c2b-8ed4-6ca745b9c98f,ce91bd22-10c5-4c1e-a7e2-14c11a57726b,false,"[OAS] [OAS] validation failed:
 - ERROR - Response status 201 not defined for path '/projects'.: []
"
58c64382-cb85-4c2b-8ed4-6ca745b9c98f,aa9948c5-b641-40da-ad8c-60b00242a142,false,"[OAS] [OAS] validation failed:
 - ERROR - Response status 401 not defined for path '/projects'.: []
"
58c64382-cb85-4c2b-8ed4-6ca745b9c98f,c38d3f60-b3ce-4ba6-9672-c2a4dfb42320,false,[NO_5XX] Unexpected 5XX response: 501
58c64382-cb85-4c2b-8ed4-6ca745b9c98f,c413d13e-0975-4018-9757-73d59b9af00e,false,"[OAS] [OAS] validation failed:
 - ERROR - Response Content-Type header 'text/javascript' does not match any allowed types. Must be one of: [application/json].: []
"
58c64382-cb85-4c2b-8ed4-6ca745b9c98f,a0e1e599-23bf-473f-95ad-45cf31ed9c77,false,"[OAS] [OAS] validation failed:
 - ERROR - Response Content-Type header 'charset=UTF-8' is not a valid media type: []
"
58c64382-cb85-4c2b-8ed4-6ca745b9c98f,a04d5110-ca6c-40ac-97b6-6dbd8a0ff58a,false,"[OAS] [OAS] validation failed:
 - ERROR - [Path '/0'] Instance type (boolean) does not match any allowed primitive type (allowed: [""object""]): []
"
f77517cc-5539-4256-ae00-2a018cb3185d,f41ae9a2-8fe6-4c05-9a13-ca5a683dd4df,false,"[OAS] [OAS] validation failed:
 - ERROR - Response status 204 not defined for path '/projects'.: []
"
f77517cc-5539-4256-ae00-2a018cb3185d,85f4c5b0-d6b4-4d14-9ca4-f02ecc34e172,false,"[OAS] [OAS] validation failed:
 - ERROR - Response status 404 not defined for path '/projects'.: []
"
f77517cc-5539-4256-ae00-2a018cb3185d,401b2f68-0e72-4fc3-8ef4-19c5bdf7153d,false,[NO_5XX] Unexpected 5XX response: 503
f77517cc-5539-4256-ae00-2a018cb3185d,3944bbd2-73e3-49ba-9686-385b0574ca8a,false,"[OAS] [OAS] validation failed:
 - ERROR - Response Content-Type header 'application/x-www-form-urlencoded' does not match any allowed types. Must be one of: [application/json].: []
"
f77517cc-5539-4256-ae00-2a018cb3185d,0b066b3a-ab47-4eff-a46f-97205329e4a3,false,"[OAS] [OAS] validation failed:
 - ERROR - Response Content-Type header 'charset=UTF-8' is not a valid media type: []
"
f77517cc-5539-4256-ae00-2a018cb3185d,206d4a08-d755-460f-ab51-5ace3143ffec,false,"[OAS] [OAS] validation failed:
 - ERROR - [Path '/0'] Instance type (boolean) does not match any allowed primitive type (allowed: [""object""]): []
"
6a3b4f98-47dc-41f8-aea9-5aeb5711512c,2c4e85df-0aab-40d5-a9dc-85ecfb1df2dd,false,"[OAS] [OAS] validation failed:
 - ERROR - Response status 204 not defined for path '/projects'.: []
"
6a3b4f98-47dc-41f8-aea9-5aeb5711512c,28fc8a58-dbf7-4390-acc1-6e88e289cb3f,false,"[OAS] [OAS] validation failed:
 - ERROR - Response status 403 not defined for path '/projects'.: []
"
6a3b4f98-47dc-41f8-aea9-5aeb5711512c,4618ef20-f117-4573-a6b1-5edb3c81729d,false,[NO_5XX] Unexpected 5XX response: 502
6a3b4f98-47dc-41f8-aea9-5aeb5711512c,49766a78-af50-4e87-b0da-f955dbc8c09d,false,"[OAS] [OAS] validation failed:
 - ERROR - Response Content-Type header 'text/css' does not match any allowed types. Must be one of: [application/json].: []
"
6a3b4f98-47dc-41f8-aea9-5aeb5711512c,b45306bd-e342-488a-b9f9-f813c330a0b6,false,"[OAS] [OAS] validation failed:
 - ERROR - Response Content-Type header 'charset=UTF-8' is not a valid media type: []
"
6a3b4f98-47dc-41f8-aea9-5aeb5711512c,75763e61-cb3c-49a8-a322-fddcff392d56,false,"[OAS] [OAS] validation failed:
 - ERROR - [Path '/0'] Instance type (boolean) does not match any allowed primitive type (allowed: [""object""]): []
"
8f85efd4-d687-42fe-a328-e471c249a866,727fbbf9-56aa-4dca-beea-a129f771d080,false,"[OAS] [OAS] validation failed:
 - ERROR - Response status 201 not defined for path '/projects'.: []
"
8f85efd4-d687-42fe-a328-e471c249a866,836c4cbb-3db7-4517-b760-d2badf491210,false,"[OAS] [OAS] validation failed:
 - ERROR - Response status 409 not defined for path '/projects'.: []
"
8f85efd4-d687-42fe-a328-e471c249a866,de320bd5-e317-4cf6-a57b-c6761e7a0f37,false,[NO_5XX] Unexpected 5XX response: 504
8f85efd4-d687-42fe-a328-e471c249a866,6d7fdf82-a7f1-4f7b-a781-b4132ccd2a1a,false,"[OAS] [OAS] validation failed:
 - ERROR - Response Content-Type header 'application/xml' does not match any allowed types. Must be one of: [application/json].: []
"
8f85efd4-d687-42fe-a328-e471c249a866,824918e7-a79b-406f-a4ba-966c44c15c69,false,"[OAS] [OAS] validation failed:
 - ERROR - Response Content-Type header 'charset=UTF-8' is not a valid media type: []
"
8f85efd4-d687-42fe-a328-e471c249a866,ac9e079f-3bf9-493c-bcf3-6b5dd40ed48b,false,"[OAS] [OAS] validation failed:
 - ERROR - [Path '/0'] Instance type (boolean) does not match any allowed primitive type (allowed: [""object""]): []
"
78ae1106-61da-4d7c-8f0e-0858d8003d26,a1757eda-c816-4f24-8957-bbd19e3012fd,false,"[OAS] [OAS] validation failed:
 - ERROR - Response status 201 not defined for path '/projects'.: []
"
78ae1106-61da-4d7c-8f0e-0858d8003d26,3a220b62-c5b6-443d-9b93-26d9c3d0e47b,false,"[OAS] [OAS] validation failed:
 - ERROR - Response status 401 not defined for path '/projects'.: []
"
78ae1106-61da-4d7c-8f0e-0858d8003d26,4d09bf73-57d1-4070-a79d-ddb220959bdc,false,[NO_5XX] Unexpected 5XX response: 501
78ae1106-61da-4d7c-8f0e-0858d8003d26,29e546f4-f5c4-4614-af75-c5fec3669cca,false,"[OAS] [OAS] validation failed:
 - ERROR - Response Content-Type header 'text/javascript' does not match any allowed types. Must be one of: [application/json].: []
"
78ae1106-61da-4d7c-8f0e-0858d8003d26,be7b99fb-37b6-4c6d-8dbf-e4cd4e779b0b,false,"[OAS] [OAS] validation failed:
 - ERROR - Response Content-Type header 'charset=UTF-8' is not a valid media type: []
"
78ae1106-61da-4d7c-8f0e-0858d8003d26,b78935a0-832c-42d6-a200-9cf88166dcde,false,"[OAS] [OAS] validation failed:
 - ERROR - [Path '/0'] Instance type (boolean) does not match any allowed primitive type (allowed: [""object""]): []
"
3a0a97b1-ed05-438e-ae01-afdc6a128f11,93d5088d-e180-40e9-9f57-3c5d5b9a9d0c,false,"[OAS] [OAS] validation failed:
 - ERROR - Response status 201 not defined for path '/projects'.: []
"
3a0a97b1-ed05-438e-ae01-afdc6a128f11,16beb0fe-cb01-4c9f-9c22-99a98179efe1,false,"[OAS] [OAS] validation failed:
 - ERROR - Instance type (array) does not match any allowed primitive type (allowed: [""object""]): []
"
3a0a97b1-ed05-438e-ae01-afdc6a128f11,1c26e5a1-2e59-40b4-953c-9dfacdc3bd79,false,[NO_5XX] Unexpected 5XX response: 500
3a0a97b1-ed05-438e-ae01-afdc6a128f11,bd466cd9-aeed-405c-9215-9416c46d13a0,false,"[OAS] [OAS] validation failed:
 - ERROR - Response Content-Type header 'application/xml' does not match any allowed types. Must be one of: [application/json].: []
"
3a0a97b1-ed05-438e-ae01-afdc6a128f11,cd861b49-8af9-453a-8a65-b8f21e31fba0,false,"[OAS] [OAS] validation failed:
 - ERROR - Response Content-Type header 'charset=UTF-8' is not a valid media type: []
"
3a0a97b1-ed05-438e-ae01-afdc6a128f11,2da00f80-5109-4c16-8dca-e792b35ae05e,false,"[OAS] [OAS] validation failed:
 - ERROR - [Path '/0'] Instance type (boolean) does not match any allowed primitive type (allowed: [""object""]): []
"
1dc4f339-6595-4786-a118-0270de5ccc8a,14783fd5-37d2-4f48-b05a-0cc8d8ca3158,false,"[OAS] [OAS] validation failed:
 - ERROR - Response status 204 not defined for path '/projects'.: []
"
1dc4f339-6595-4786-a118-0270de5ccc8a,7e2f48aa-7936-45c3-96a4-96af8106d25d,false,"[OAS] [OAS] validation failed:
 - ERROR - Response status 409 not defined for path '/projects'.: []
"
1dc4f339-6595-4786-a118-0270de5ccc8a,51f0f1a7-9991-4a0b-a79d-994bbc0ee50f,false,[NO_5XX] Unexpected 5XX response: 504
1dc4f339-6595-4786-a118-0270de5ccc8a,e0903801-fb83-4acb-b941-666d3978a773,false,"[OAS] [OAS] validation failed:
 - ERROR - Response Content-Type header 'application/xml' does not match any allowed types. Must be one of: [application/json].: []
"
1dc4f339-6595-4786-a118-0270de5ccc8a,6746432d-490a-4257-b139-10d0763b3d22,false,"[OAS] [OAS] validation failed:
 - ERROR - Response Content-Type header 'charset=UTF-8' is not a valid media type: []
"
1dc4f339-6595-4786-a118-0270de5ccc8a,9330137d-4fd2-419f-aee6-0c96111a1457,false,"[OAS] [OAS] validation failed:
 - ERROR - [Path '/1'] Instance type (boolean) does not match any allowed primitive type (allowed: [""object""]): []
"
1dc4f339-6595-4786-a118-0270de5ccc8a,908e73e6-2814-4b1f-b6e0-a91a5cf98b26,false,"[OAS] [OAS] validation failed:
 - ERROR - [Path '/0'] Object instance has properties which are not allowed by the schema: [""randomBoolean1""]: []
"
1dc4f339-6595-4786-a118-0270de5ccc8a,720d0bdf-9121-446c-b2b6-bfb530c9841c,false,"[OAS] [OAS] validation failed:
 - ERROR - [Path '/0'] Instance type (null) does not match any allowed primitive type (allowed: [""object""]): []
"
1dc4f339-6595-4786-a118-0270de5ccc8a,43f72d2d-3d0d-4cf7-940d-f3bdd6a84d5a,false,"[OAS] [OAS] validation failed:
 - ERROR - [Path '/0'] Instance type (number) does not match any allowed primitive type (allowed: [""object""]): []
"
1dc4f339-6595-4786-a118-0270de5ccc8a,d15b0f75-8239-45ae-9092-6ec0e5722931,false,"[OAS] [OAS] validation failed:
 - ERROR - [Path '/0/languageList/0'] Instance type (boolean) does not match any allowed primitive type (allowed: [""string""]): []
 - ERROR - [Path '/0/languageList/1'] Instance type (object) does not match any allowed primitive type (allowed: [""string""]): []
"
1dc4f339-6595-4786-a118-0270de5ccc8a,290963da-7ca1-46f7-878e-3c399dd0633d,false,"[OAS] [OAS] validation failed:
 - ERROR - [Path '/0/languageList'] Instance type (null) does not match any allowed primitive type (allowed: [""array""]): []
"
1dc4f339-6595-4786-a118-0270de5ccc8a,7ff7d4f7-e7a4-4637-aa67-040fbf3aead4,false,"[OAS] [OAS] validation failed:
 - ERROR - [Path '/0/languageList'] Instance type (number) does not match any allowed primitive type (allowed: [""array""]): []
"
1dc4f339-6595-4786-a118-0270de5ccc8a,9706a364-3a4c-4f88-a207-27e20cbf224d,false,"[OAS] [OAS] validation failed:
 - ERROR - [Path '/0/gitHubProjectId'] Instance type (null) does not match any allowed primitive type (allowed: [""integer""]): []
"
1dc4f339-6595-4786-a118-0270de5ccc8a,23f77438-61fa-46eb-a4ae-a986488a0e55,false,"[OAS] [OAS] validation failed:
 - ERROR - [Path '/0/gitHubProjectId'] Instance type (number) does not match any allowed primitive type (allowed: [""integer""]): []
"
1dc4f339-6595-4786-a118-0270de5ccc8a,91dd1d8d-f008-4289-b996-a358ba8090a5,false,"[OAS] [OAS] validation failed:
 - ERROR - [Path '/0/name'] Instance type (null) does not match any allowed primitive type (allowed: [""string""]): []
"
1dc4f339-6595-4786-a118-0270de5ccc8a,b65e5d66-a7f4-44cf-b5c1-3faffc2e2736,false,"[OAS] [OAS] validation failed:
 - ERROR - [Path '/0/name'] Instance type (number) does not match any allowed primitive type (allowed: [""string""]): []
"
1dc4f339-6595-4786-a118-0270de5ccc8a,705a0199-b0b1-4294-9b5c-0053d042aec3,false,"[OAS] [OAS] validation failed:
 - ERROR - [Path '/0/title'] Instance type (number) does not match any allowed primitive type (allowed: [""null"",""string""]): []
"
1dc4f339-6595-4786-a118-0270de5ccc8a,2c8041e1-faad-4b57-982f-20c3839347e5,false,"[OAS] [OAS] validation failed:
 - ERROR - [Path '/0/image'] Instance type (object) does not match any allowed primitive type (allowed: [""null"",""string""]): []
"
1dc4f339-6595-4786-a118-0270de5ccc8a,76c461bc-63ea-4003-b08c-5787e92d3803,false,"[OAS] [OAS] validation failed:
 - ERROR - [Path '/0/organizationName'] Instance type (null) does not match any allowed primitive type (allowed: [""string""]): []
"
1dc4f339-6595-4786-a118-0270de5ccc8a,3a65ec19-433a-4975-8b9e-2a09e2604f2e,false,"[OAS] [OAS] validation failed:
 - ERROR - [Path '/0/organizationName'] Instance type (object) does not match any allowed primitive type (allowed: [""string""]): []
"
1dc4f339-6595-4786-a118-0270de5ccc8a,030f09f4-4100-40d4-b5cf-4709817f97ee,false,"[OAS] [OAS] validation failed:
 - ERROR - [Path '/0/url'] Instance type (object) does not match any allowed primitive type (allowed: [""null"",""string""]): []
"
1dc4f339-6595-4786-a118-0270de5ccc8a,7bcfe78a-a94f-46aa-920c-498b0e046c13,false,"[OAS] [OAS] validation failed:
 - ERROR - [Path '/0/description'] Instance type (array) does not match any allowed primitive type (allowed: [""null"",""string""]): []
"
1dc4f339-6595-4786-a118-0270de5ccc8a,7af804f8-4adb-40ed-a747-7d42503ddb46,false,"[OAS] [OAS] validation failed:
 - ERROR - [Path '/0/starsCount'] Instance type (null) does not match any allowed primitive type (allowed: [""integer""]): []
"
1dc4f339-6595-4786-a118-0270de5ccc8a,cbb739c0-0ee9-4b07-8480-08cd60952ba1,false,"[OAS] [OAS] validation failed:
 - ERROR - [Path '/0/starsCount'] Instance type (object) does not match any allowed primitive type (allowed: [""integer""]): []
"
1dc4f339-6595-4786-a118-0270de5ccc8a,2d61d92e-b504-4fa1-9674-c63a5ca6399b,false,"[OAS] [OAS] validation failed:
 - ERROR - [Path '/0/commitsCount'] Instance type (null) does not match any allowed primitive type (allowed: [""integer""]): []
"
1dc4f339-6595-4786-a118-0270de5ccc8a,99f78343-02b3-4b3f-b190-3589ecbd3fd7,false,"[OAS] [OAS] validation failed:
 - ERROR - [Path '/0/commitsCount'] Instance type (object) does not match any allowed primitive type (allowed: [""integer""]): []
"
1dc4f339-6595-4786-a118-0270de5ccc8a,316b3de9-98cd-4d95-8115-448328b6547e,false,"[OAS] [OAS] validation failed:
 - ERROR - [Path '/0/forksCount'] Instance type (null) does not match any allowed primitive type (allowed: [""integer""]): []
"
1dc4f339-6595-4786-a118-0270de5ccc8a,f7df0f12-5cba-4f11-a1f1-4d50a182abb8,false,"[OAS] [OAS] validation failed:
 - ERROR - [Path '/0/forksCount'] Instance type (array) does not match any allowed primitive type (allowed: [""integer""]): []
"
1dc4f339-6595-4786-a118-0270de5ccc8a,790bc49c-a3e6-4ba3-b9e6-a4426e8325a5,false,"[OAS] [OAS] validation failed:
 - ERROR - [Path '/0/contributorsCount'] Instance type (null) does not match any allowed primitive type (allowed: [""integer""]): []
"
1dc4f339-6595-4786-a118-0270de5ccc8a,6fd6929a-a794-43d7-8568-e9a7630fb5f0,false,"[OAS] [OAS] validation failed:
 - ERROR - [Path '/0/contributorsCount'] Instance type (string) does not match any allowed primitive type (allowed: [""integer""]): []
"
1dc4f339-6595-4786-a118-0270de5ccc8a,15b2bbf5-e254-4669-8e39-0fe699f02cb4,false,"[OAS] [OAS] validation failed:
 - ERROR - [Path '/0/score'] Instance type (null) does not match any allowed primitive type (allowed: [""integer""]): []
"
1dc4f339-6595-4786-a118-0270de5ccc8a,636453b1-fa11-4d91-90bd-f9a3c7a8b77f,false,"[OAS] [OAS] validation failed:
 - ERROR - [Path '/0/score'] Instance type (array) does not match any allowed primitive type (allowed: [""integer""]): []
"
1dc4f339-6595-4786-a118-0270de5ccc8a,47fc245d-d68a-4db7-abf0-4d0c190ed97c,false,"[OAS] [OAS] validation failed:
 - ERROR - [Path '/0/lastPushed'] Instance type (array) does not match any allowed primitive type (allowed: [""null"",""string""]): []
"
1dc4f339-6595-4786-a118-0270de5ccc8a,55af81d1-14c8-4a22-8f1c-761b46e62187,false,"[OAS] [OAS] validation failed:
 - ERROR - [Path '/0/primaryLanguage'] Instance type (null) does not match any allowed primitive type (allowed: [""string""]): []
"
1dc4f339-6595-4786-a118-0270de5ccc8a,666202c8-4d98-4cdd-a9a8-d1e3c65363ea,false,"[OAS] [OAS] validation failed:
 - ERROR - [Path '/0/primaryLanguage'] Instance type (object) does not match any allowed primitive type (allowed: [""string""]): []
"
1dc4f339-6595-4786-a118-0270de5ccc8a,d2a500b9-2c91-4e8a-8bd7-f2ca850d236c,false,"[OAS] [OAS] validation failed:
 - ERROR - [Path '/0/maintainers/0'] Instance type (object) does not match any allowed primitive type (allowed: [""string""]): []
 - ERROR - [Path '/0/maintainers/1'] Instance type (integer) does not match any allowed primitive type (allowed: [""string""]): []
 - ERROR - [Path '/0/maintainers/2'] Instance type (array) does not match any allowed primitive type (allowed: [""string""]): []
 - ERROR - [Path '/0/maintainers/3'] Instance type (object) does not match any allowed primitive type (allowed: [""string""]): []
"
1dc4f339-6595-4786-a118-0270de5ccc8a,39274b50-c117-4b27-b454-9abd61d6e372,false,"[OAS] [OAS] validation failed:
 - ERROR - [Path '/0/maintainers'] Instance type (null) does not match any allowed primitive type (allowed: [""array""]): []
"
1dc4f339-6595-4786-a118-0270de5ccc8a,a4d6e370-841f-4a10-8d87-5a5b5e29823f,false,"[OAS] [OAS] validation failed:
 - ERROR - [Path '/0/maintainers'] Instance type (object) does not match any allowed primitive type (allowed: [""array""]): []
"
7b45d336-27a1-47d2-9f96-6b47e4a1580a,965514bb-2ff5-4ac2-9343-ca22a292d0a3,false,"[OAS] [OAS] validation failed:
 - ERROR - Response status 201 not defined for path '/projects'.: []
"
7b45d336-27a1-47d2-9f96-6b47e4a1580a,07a4ab98-9962-4e00-a9e0-f8b74ea08d40,false,"[OAS] [OAS] validation failed:
 - ERROR - Response status 403 not defined for path '/projects'.: []
"
7b45d336-27a1-47d2-9f96-6b47e4a1580a,1e159157-6aad-4cf7-b524-c620981673e5,false,[NO_5XX] Unexpected 5XX response: 502
7b45d336-27a1-47d2-9f96-6b47e4a1580a,3d745ea9-e453-443c-9444-a0d5ca37aa2f,false,"[OAS] [OAS] validation failed:
 - ERROR - Response Content-Type header 'text/javascript' does not match any allowed types. Must be one of: [application/json].: []
"
7b45d336-27a1-47d2-9f96-6b47e4a1580a,c160cd90-2feb-4be5-a2d0-fea41eb45d1e,false,"[OAS] [OAS] validation failed:
 - ERROR - Response Content-Type header 'charset=UTF-8' is not a valid media type: []
"
7b45d336-27a1-47d2-9f96-6b47e4a1580a,14c76303-8955-43de-8db1-41455086cd1f,false,"[OAS] [OAS] validation failed:
 - ERROR - [Path '/0'] Instance type (boolean) does not match any allowed primitive type (allowed: [""object""]): []
"
a357e043-1637-42f2-8c3c-71e5636ad0af,cc5182d5-7753-407f-8a02-7cc49f738aac,false,"[OAS] [OAS] validation failed:
 - ERROR - Response status 204 not defined for path '/projects'.: []
"
a357e043-1637-42f2-8c3c-71e5636ad0af,47218968-263c-41c6-8ec9-6d126f4a1757,false,"[OAS] [OAS] validation failed:
 - ERROR - Response status 404 not defined for path '/projects'.: []
"
a357e043-1637-42f2-8c3c-71e5636ad0af,ebff63fb-f7a1-40cd-9d4a-7c3baab7dc4b,false,[NO_5XX] Unexpected 5XX response: 503
a357e043-1637-42f2-8c3c-71e5636ad0af,2cf38942-9cb1-48a7-ab6b-086b26da018a,false,"[OAS] [OAS] validation failed:
 - ERROR - Response Content-Type header 'text/plain' does not match any allowed types. Must be one of: [application/json].: []
"
a357e043-1637-42f2-8c3c-71e5636ad0af,a8686694-c4c9-4b46-b0f7-e3c3c42e4a7d,false,"[OAS] [OAS] validation failed:
 - ERROR - Response Content-Type header 'charset=UTF-8' is not a valid media type: []
"
a357e043-1637-42f2-8c3c-71e5636ad0af,393d2c5b-39e0-427a-9ad3-faaf1ae2d85d,false,"[OAS] [OAS] validation failed:
 - ERROR - [Path '/0'] Instance type (boolean) does not match any allowed primitive type (allowed: [""object""]): []
"
75e76938-4ef7-4817-8b3b-c35fbba37dc0,2e416415-212d-4cb3-8123-e099f749db58,false,"[OAS] [OAS] validation failed:
 - ERROR - Response status 204 not defined for path '/projects'.: []
"
75e76938-4ef7-4817-8b3b-c35fbba37dc0,d794cfea-297f-40bc-9e01-8e66211da150,false,"[OAS] [OAS] validation failed:
 - ERROR - Response status 409 not defined for path '/projects'.: []
"
75e76938-4ef7-4817-8b3b-c35fbba37dc0,d2f0bce6-5cea-4e39-8551-97e8ff93e3df,false,[NO_5XX] Unexpected 5XX response: 504
75e76938-4ef7-4817-8b3b-c35fbba37dc0,bcb4d9ac-783e-4e63-b176-47257f53719e,false,"[OAS] [OAS] validation failed:
 - ERROR - Response Content-Type header 'text/javascript' does not match any allowed types. Must be one of: [application/json].: []
"
75e76938-4ef7-4817-8b3b-c35fbba37dc0,ad65d5e4-d59f-4a03-863a-f0fedd5a21e7,false,"[OAS] [OAS] validation failed:
 - ERROR - Response Content-Type header 'charset=UTF-8' is not a valid media type: []
"
75e76938-4ef7-4817-8b3b-c35fbba37dc0,7448fc47-cdc5-4d9f-ae88-ea5ed6258510,false,"[OAS] [OAS] validation failed:
 - ERROR - [Path '/0'] Instance type (boolean) does not match any allowed primitive type (allowed: [""object""]): []
"
18d04e34-f541-4349-bc36-a8fde3e8f519,5e473174-0d33-4eec-9183-877a0e1e38c7,false,"[OAS] [OAS] validation failed:
 - ERROR - Response status 204 not defined for path '/projects'.: []
"
18d04e34-f541-4349-bc36-a8fde3e8f519,535b4c05-a95b-478f-8429-78819979eefa,false,"[OAS] [OAS] validation failed:
 - ERROR - Response status 401 not defined for path '/projects'.: []
"
18d04e34-f541-4349-bc36-a8fde3e8f519,980a3cd5-b7fa-43cd-b8d5-a12845810a53,false,[NO_5XX] Unexpected 5XX response: 501
18d04e34-f541-4349-bc36-a8fde3e8f519,5b175d31-3294-4f20-914d-65e5d38804b2,false,"[OAS] [OAS] validation failed:
 - ERROR - Response Content-Type header 'application/x-www-form-urlencoded' does not match any allowed types. Must be one of: [application/json].: []
"
18d04e34-f541-4349-bc36-a8fde3e8f519,bf897c9b-17f8-4244-8d8e-7c69196502ba,false,"[OAS] [OAS] validation failed:
 - ERROR - Response Content-Type header 'charset=UTF-8' is not a valid media type: []
"
18d04e34-f541-4349-bc36-a8fde3e8f519,de5a4994-0ee7-46f1-83b2-cfcba4bcb101,false,"[OAS] [OAS] validation failed:
 - ERROR - [Path '/0'] Instance type (boolean) does not match any allowed primitive type (allowed: [""object""]): []
"
ede79e87-d91b-4ac1-bd2b-959a70ed6480,c07a3072-7271-4cbb-9193-0eefd7da89bb,false,"[OAS] [OAS] validation failed:
 - ERROR - Response status 201 not defined for path '/projects'.: []
"
ede79e87-d91b-4ac1-bd2b-959a70ed6480,25113d3b-cb44-449c-b4cf-d7e4b325ff60,false,"[OAS] [OAS] validation failed:
 - ERROR - Response status 403 not defined for path '/projects'.: []
"
ede79e87-d91b-4ac1-bd2b-959a70ed6480,4d3330a3-e824-42c9-918f-1c7b2d429bb6,false,[NO_5XX] Unexpected 5XX response: 502
ede79e87-d91b-4ac1-bd2b-959a70ed6480,99f7feb3-ab73-48be-a841-39236c859ed5,false,"[OAS] [OAS] validation failed:
 - ERROR - Response Content-Type header 'application/x-www-form-urlencoded' does not match any allowed types. Must be one of: [application/json].: []
"
ede79e87-d91b-4ac1-bd2b-959a70ed6480,95f6ee8f-41bc-4077-946e-a38f8284af7c,false,"[OAS] [OAS] validation failed:
 - ERROR - Response Content-Type header 'charset=UTF-8' is not a valid media type: []
"
ede79e87-d91b-4ac1-bd2b-959a70ed6480,5a29cf82-39c2-43e6-90e7-a07ea997e84c,false,"[OAS] [OAS] validation failed:
 - ERROR - [Path '/0'] Instance type (boolean) does not match any allowed primitive type (allowed: [""object""]): []
"
3b5f73b2-73ee-4c74-b121-0c5ab08a54ea,3a38bfd9-e496-4332-9393-d2f0e223334c,false,"[OAS] [OAS] validation failed:
 - ERROR - Response status 201 not defined for path '/projects'.: []
"
3b5f73b2-73ee-4c74-b121-0c5ab08a54ea,aafa6c29-2f8c-45d5-940d-e39666f4a9e9,false,"[OAS] [OAS] validation failed:
 - ERROR - Response status 403 not defined for path '/projects'.: []
"
3b5f73b2-73ee-4c74-b121-0c5ab08a54ea,18d11530-9643-4d46-ac97-44a84d189554,false,[NO_5XX] Unexpected 5XX response: 502
3b5f73b2-73ee-4c74-b121-0c5ab08a54ea,6a1754cf-23a2-42ac-bb66-f393b86159c1,false,"[OAS] [OAS] validation failed:
 - ERROR - Response Content-Type header 'application/x-www-form-urlencoded' does not match any allowed types. Must be one of: [application/json].: []
"
3b5f73b2-73ee-4c74-b121-0c5ab08a54ea,f82d3245-af5a-460c-b0b4-a42f19458d8c,false,"[OAS] [OAS] validation failed:
 - ERROR - Response Content-Type header 'charset=UTF-8' is not a valid media type: []
"
3b5f73b2-73ee-4c74-b121-0c5ab08a54ea,0e98e6c8-b44d-469a-b04f-5130b0c160ae,false,"[OAS] [OAS] validation failed:
 - ERROR - [Path '/0'] Instance type (boolean) does not match any allowed primitive type (allowed: [""object""]): []
"
926f0b81-582a-4b7e-8aef-dafe4106aaf2,adf22537-3204-4510-8360-10c23e8841b9,false,"[OAS] [OAS] validation failed:
 - ERROR - Response status 201 not defined for path '/projects'.: []
"
926f0b81-582a-4b7e-8aef-dafe4106aaf2,6f8abd45-f155-4394-9dc5-7bc43b2040f3,false,"[OAS] [OAS] validation failed:
 - ERROR - Response status 403 not defined for path '/projects'.: []
"
926f0b81-582a-4b7e-8aef-dafe4106aaf2,fe638e65-f786-4513-b837-85e4030004d9,false,[NO_5XX] Unexpected 5XX response: 502
926f0b81-582a-4b7e-8aef-dafe4106aaf2,570a71d0-5a10-4717-8035-d07d7608602f,false,"[OAS] [OAS] validation failed:
 - ERROR - Response Content-Type header 'text/css' does not match any allowed types. Must be one of: [application/json].: []
"
926f0b81-582a-4b7e-8aef-dafe4106aaf2,ed3baa24-0e42-4f2c-9651-dba595b52890,false,"[OAS] [OAS] validation failed:
 - ERROR - Response Content-Type header 'charset=UTF-8' is not a valid media type: []
"
926f0b81-582a-4b7e-8aef-dafe4106aaf2,82b5b530-152b-426f-961d-513f82810a15,false,"[OAS] [OAS] validation failed:
 - ERROR - [Path '/0'] Instance type (boolean) does not match any allowed primitive type (allowed: [""object""]): []
"
0db6cbd1-7b96-45cc-8bd1-ebc46b8e56e9,756528b5-e087-49f4-8f21-019521d69ac4,false,"[OAS] [OAS] validation failed:
 - ERROR - Response status 201 not defined for path '/projects'.: []
"
0db6cbd1-7b96-45cc-8bd1-ebc46b8e56e9,55ef72d3-4bfa-4881-861b-509bf43d4dcd,false,"[OAS] [OAS] validation failed:
 - ERROR - Instance type (array) does not match any allowed primitive type (allowed: [""object""]): []
"
0db6cbd1-7b96-45cc-8bd1-ebc46b8e56e9,429497ec-4c33-423d-acdd-ee7304449ddb,false,[NO_5XX] Unexpected 5XX response: 500
0db6cbd1-7b96-45cc-8bd1-ebc46b8e56e9,e7b3887d-2c06-4d5c-89b1-6280f8087221,false,"[OAS] [OAS] validation failed:
 - ERROR - Response Content-Type header 'application/xml' does not match any allowed types. Must be one of: [application/json].: []
"
0db6cbd1-7b96-45cc-8bd1-ebc46b8e56e9,11ad3a47-3f27-466c-b6fa-1c906ed09fcc,false,"[OAS] [OAS] validation failed:
 - ERROR - Response Content-Type header 'charset=UTF-8' is not a valid media type: []
"
0db6cbd1-7b96-45cc-8bd1-ebc46b8e56e9,1dd6f88f-f88c-472a-8a9f-13dd4c8d4cfd,false,"[OAS] [OAS] validation failed:
 - ERROR - [Path '/0'] Instance type (boolean) does not match any allowed primitive type (allowed: [""object""]): []
"
1095ddfe-ef42-4713-8820-2dd244dbe710,5758e451-df4a-4439-9238-f3f63a2ff61a,false,"[OAS] [OAS] validation failed:
 - ERROR - Response status 201 not defined for path '/projects'.: []
"
1095ddfe-ef42-4713-8820-2dd244dbe710,0c397a4b-c035-433e-b1c0-3c11c691f8bf,false,"[OAS] [OAS] validation failed:
 - ERROR - Instance type (array) does not match any allowed primitive type (allowed: [""object""]): []
"
1095ddfe-ef42-4713-8820-2dd244dbe710,f3846a15-39e4-46e3-bf8c-2fd51d0457cf,false,[NO_5XX] Unexpected 5XX response: 500
1095ddfe-ef42-4713-8820-2dd244dbe710,4d7409ec-6efa-46a7-ba90-f1d3e0d4eb80,false,"[OAS] [OAS] validation failed:
 - ERROR - Response Content-Type header 'text/plain' does not match any allowed types. Must be one of: [application/json].: []
"
1095ddfe-ef42-4713-8820-2dd244dbe710,2fb0808a-fe70-42c4-9d85-a70eec3e616d,false,"[OAS] [OAS] validation failed:
 - ERROR - Response Content-Type header 'charset=UTF-8' is not a valid media type: []
"
1095ddfe-ef42-4713-8820-2dd244dbe710,e41be53e-96be-4f5a-aa90-d532af2e5bcb,false,"[OAS] [OAS] validation failed:
 - ERROR - [Path '/0'] Instance type (boolean) does not match any allowed primitive type (allowed: [""object""]): []
"
cc82fd5e-535a-440c-b502-03a229945b65,41afa728-46df-4f8a-a2b4-84a122d3b4ac,false,"[OAS] [OAS] validation failed:
 - ERROR - Response status 204 not defined for path '/projects'.: []
"
cc82fd5e-535a-440c-b502-03a229945b65,36b4164b-574c-4db0-8664-6e8edd697d3d,false,"[OAS] [OAS] validation failed:
 - ERROR - Instance type (array) does not match any allowed primitive type (allowed: [""object""]): []
"
cc82fd5e-535a-440c-b502-03a229945b65,8b49ebb7-d989-4500-9bce-7f4c165aee39,false,[NO_5XX] Unexpected 5XX response: 500
cc82fd5e-535a-440c-b502-03a229945b65,89aed5ac-aca9-41a8-9af9-8d7a5665c3b6,false,"[OAS] [OAS] validation failed:
 - ERROR - Response Content-Type header 'text/plain' does not match any allowed types. Must be one of: [application/json].: []
"
cc82fd5e-535a-440c-b502-03a229945b65,083a7bd2-9f69-4aa9-b0ac-6fd57c392380,false,"[OAS] [OAS] validation failed:
 - ERROR - Response Content-Type header 'charset=UTF-8' is not a valid media type: []
"
cc82fd5e-535a-440c-b502-03a229945b65,576e2bce-f6e7-470c-80e6-6b46e13bc15e,false,"[OAS] [OAS] validation failed:
 - ERROR - [Path '/0'] Instance type (boolean) does not match any allowed primitive type (allowed: [""object""]): []
"
c0bad6af-505c-4e96-84f9-26e0c9f9a910,93507d5a-8b43-4c46-a20e-48d4ccbe487c,false,"[OAS] [OAS] validation failed:
 - ERROR - Response status 204 not defined for path '/projects'.: []
"
c0bad6af-505c-4e96-84f9-26e0c9f9a910,82c4dafe-7131-4068-9151-84fb2a4a2562,false,"[OAS] [OAS] validation failed:
 - ERROR - Instance type (array) does not match any allowed primitive type (allowed: [""object""]): []
"
c0bad6af-505c-4e96-84f9-26e0c9f9a910,98ab198c-8519-48b5-a1cf-72b70ba4897b,false,[NO_5XX] Unexpected 5XX response: 500
c0bad6af-505c-4e96-84f9-26e0c9f9a910,e8c7ddda-11c1-4b73-883d-1495743661e8,false,"[OAS] [OAS] validation failed:
 - ERROR - Response Content-Type header 'text/javascript' does not match any allowed types. Must be one of: [application/json].: []
"
c0bad6af-505c-4e96-84f9-26e0c9f9a910,7bdb04ec-72f1-4c6b-bff3-348081755b29,false,"[OAS] [OAS] validation failed:
 - ERROR - Response Content-Type header 'charset=UTF-8' is not a valid media type: []
"
c0bad6af-505c-4e96-84f9-26e0c9f9a910,5b37d5ae-27ab-431a-8329-fecd8d2a1e7b,false,"[OAS] [OAS] validation failed:
 - ERROR - [Path '/0'] Instance type (boolean) does not match any allowed primitive type (allowed: [""object""]): []
"
bd79d981-daea-4968-8f77-7f4db94fe079,774b7625-0cc2-46b2-8ee5-8c87faf94c31,false,"[OAS] [OAS] validation failed:
 - ERROR - Response status 204 not defined for path '/projects'.: []
"
bd79d981-daea-4968-8f77-7f4db94fe079,02456724-4e0b-4b08-aae4-eaaac9a1215c,false,"[OAS] [OAS] validation failed:
 - ERROR - Response status 404 not defined for path '/projects'.: []
"
bd79d981-daea-4968-8f77-7f4db94fe079,d9d7a682-a193-4002-843c-34347dc34df3,false,[NO_5XX] Unexpected 5XX response: 503
bd79d981-daea-4968-8f77-7f4db94fe079,e9f33140-163e-4a87-a765-f2308010a11e,false,"[OAS] [OAS] validation failed:
 - ERROR - Response Content-Type header 'application/xml' does not match any allowed types. Must be one of: [application/json].: []
"
bd79d981-daea-4968-8f77-7f4db94fe079,362c3a6d-0a96-4fb7-9a4f-ebcc07a53dd9,false,"[OAS] [OAS] validation failed:
 - ERROR - Response Content-Type header 'charset=UTF-8' is not a valid media type: []
"
bd79d981-daea-4968-8f77-7f4db94fe079,83f177c6-8ef8-459f-b602-7b4204dd58fd,false,"[OAS] [OAS] validation failed:
 - ERROR - [Path '/0'] Instance type (boolean) does not match any allowed primitive type (allowed: [""object""]): []
"
9f598b24-3eeb-4f03-ae45-e9766cb499ed,18d0250b-d962-48e7-b394-541ee038ae6d,false,"[OAS] [OAS] validation failed:
 - ERROR - Response status 201 not defined for path '/projects'.: []
"
9f598b24-3eeb-4f03-ae45-e9766cb499ed,61c6c80c-d3be-49f5-b694-8eafdc57b2c8,false,"[OAS] [OAS] validation failed:
 - ERROR - Response status 401 not defined for path '/projects'.: []
"
9f598b24-3eeb-4f03-ae45-e9766cb499ed,ec9f0695-a6ef-453e-997c-6e4827b2715c,false,[NO_5XX] Unexpected 5XX response: 501
9f598b24-3eeb-4f03-ae45-e9766cb499ed,57dde107-75fc-4c0f-a0bd-26ba97bafc38,false,"[OAS] [OAS] validation failed:
 - ERROR - Response Content-Type header 'text/html' does not match any allowed types. Must be one of: [application/json].: []
"
9f598b24-3eeb-4f03-ae45-e9766cb499ed,1c7a98d3-96a3-4c21-96b2-0c30e2d21649,false,"[OAS] [OAS] validation failed:
 - ERROR - Response Content-Type header 'charset=UTF-8' is not a valid media type: []
"
9f598b24-3eeb-4f03-ae45-e9766cb499ed,b70a8a53-8135-45a8-a4b6-4bbaf847e2a6,false,"[OAS] [OAS] validation failed:
 - ERROR - [Path '/1'] Instance type (boolean) does not match any allowed primitive type (allowed: [""object""]): []
"
9f598b24-3eeb-4f03-ae45-e9766cb499ed,f58ba34a-3401-4666-9233-761ff6836a86,false,"[OAS] [OAS] validation failed:
 - ERROR - [Path '/0'] Object instance has properties which are not allowed by the schema: [""randomBoolean1""]: []
"
9f598b24-3eeb-4f03-ae45-e9766cb499ed,5cbb5bc2-e10f-4b84-bd84-8e3e91847ee5,false,"[OAS] [OAS] validation failed:
 - ERROR - [Path '/0'] Instance type (null) does not match any allowed primitive type (allowed: [""object""]): []
"
9f598b24-3eeb-4f03-ae45-e9766cb499ed,09fb3be7-bbd5-4405-933c-2b2556374b1b,false,"[OAS] [OAS] validation failed:
 - ERROR - [Path '/0'] Instance type (number) does not match any allowed primitive type (allowed: [""object""]): []
"
9f598b24-3eeb-4f03-ae45-e9766cb499ed,017b06e1-33a8-4c95-ac71-9d28032748d7,false,"[OAS] [OAS] validation failed:
 - ERROR - [Path '/0/languageList/0'] Instance type (boolean) does not match any allowed primitive type (allowed: [""string""]): []
 - ERROR - [Path '/0/languageList/1'] Instance type (object) does not match any allowed primitive type (allowed: [""string""]): []
"
9f598b24-3eeb-4f03-ae45-e9766cb499ed,477ddd6a-bb73-4adc-a355-8a4b02bfb14f,false,"[OAS] [OAS] validation failed:
 - ERROR - [Path '/0/languageList'] Instance type (null) does not match any allowed primitive type (allowed: [""array""]): []
"
9f598b24-3eeb-4f03-ae45-e9766cb499ed,310ff730-afde-456a-888d-9b80a19343b2,false,"[OAS] [OAS] validation failed:
 - ERROR - [Path '/0/languageList'] Instance type (number) does not match any allowed primitive type (allowed: [""array""]): []
"
9f598b24-3eeb-4f03-ae45-e9766cb499ed,583f1f8f-c928-40fa-adce-72f27ff19293,false,"[OAS] [OAS] validation failed:
 - ERROR - [Path '/0/gitHubProjectId'] Instance type (null) does not match any allowed primitive type (allowed: [""integer""]): []
"
9f598b24-3eeb-4f03-ae45-e9766cb499ed,54e7d754-35cd-4fc1-b168-ff9b0ec162ac,false,"[OAS] [OAS] validation failed:
 - ERROR - [Path '/0/gitHubProjectId'] Instance type (number) does not match any allowed primitive type (allowed: [""integer""]): []
"
9f598b24-3eeb-4f03-ae45-e9766cb499ed,fe4fd8c1-65ab-420d-a07f-431244bb8bac,false,"[OAS] [OAS] validation failed:
 - ERROR - [Path '/0/name'] Instance type (null) does not match any allowed primitive type (allowed: [""string""]): []
"
9f598b24-3eeb-4f03-ae45-e9766cb499ed,dcd51352-fe5e-484b-a73d-3c70ee1c35f7,false,"[OAS] [OAS] validation failed:
 - ERROR - [Path '/0/name'] Instance type (number) does not match any allowed primitive type (allowed: [""string""]): []
"
9f598b24-3eeb-4f03-ae45-e9766cb499ed,12fc15c5-a289-46b8-9de8-683cc6ebb097,false,"[OAS] [OAS] validation failed:
 - ERROR - [Path '/0/title'] Instance type (number) does not match any allowed primitive type (allowed: [""null"",""string""]): []
"
9f598b24-3eeb-4f03-ae45-e9766cb499ed,4c6f9219-9670-4e1f-81c5-ba6135e3b6f9,false,"[OAS] [OAS] validation failed:
 - ERROR - [Path '/0/image'] Instance type (object) does not match any allowed primitive type (allowed: [""null"",""string""]): []
"
9f598b24-3eeb-4f03-ae45-e9766cb499ed,0d3ca493-e484-45bd-8bfa-e1e33a73d142,false,"[OAS] [OAS] validation failed:
 - ERROR - [Path '/0/organizationName'] Instance type (null) does not match any allowed primitive type (allowed: [""string""]): []
"
9f598b24-3eeb-4f03-ae45-e9766cb499ed,1ff829b7-0e2d-489d-9779-f01dfb3bf275,false,"[OAS] [OAS] validation failed:
 - ERROR - [Path '/0/organizationName'] Instance type (object) does not match any allowed primitive type (allowed: [""string""]): []
"
9f598b24-3eeb-4f03-ae45-e9766cb499ed,a01b6952-d9e2-41f1-841d-eec8bb34c681,false,"[OAS] [OAS] validation failed:
 - ERROR - [Path '/0/url'] Instance type (object) does not match any allowed primitive type (allowed: [""null"",""string""]): []
"
9f598b24-3eeb-4f03-ae45-e9766cb499ed,f95d33da-2a5c-4039-b269-7b7a7d57cc0e,false,"[OAS] [OAS] validation failed:
 - ERROR - [Path '/0/description'] Instance type (array) does not match any allowed primitive type (allowed: [""null"",""string""]): []
"
9f598b24-3eeb-4f03-ae45-e9766cb499ed,a147ecba-87ea-4931-af82-eb06afff1a0b,false,"[OAS] [OAS] validation failed:
 - ERROR - [Path '/0/starsCount'] Instance type (null) does not match any allowed primitive type (allowed: [""integer""]): []
"
9f598b24-3eeb-4f03-ae45-e9766cb499ed,5c621490-81f1-4d7a-8d37-9491fe1e57a5,false,"[OAS] [OAS] validation failed:
 - ERROR - [Path '/0/starsCount'] Instance type (object) does not match any allowed primitive type (allowed: [""integer""]): []
"
9f598b24-3eeb-4f03-ae45-e9766cb499ed,f0afc625-2296-41e8-b757-917c5743ec7c,false,"[OAS] [OAS] validation failed:
 - ERROR - [Path '/0/commitsCount'] Instance type (null) does not match any allowed primitive type (allowed: [""integer""]): []
"
9f598b24-3eeb-4f03-ae45-e9766cb499ed,3cf94a13-3c65-46e6-be55-5204192a6303,false,"[OAS] [OAS] validation failed:
 - ERROR - [Path '/0/commitsCount'] Instance type (object) does not match any allowed primitive type (allowed: [""integer""]): []
"
9f598b24-3eeb-4f03-ae45-e9766cb499ed,3a2e67a0-9ae0-4d4d-a508-7ec308d25233,false,"[OAS] [OAS] validation failed:
 - ERROR - [Path '/0/forksCount'] Instance type (null) does not match any allowed primitive type (allowed: [""integer""]): []
"
9f598b24-3eeb-4f03-ae45-e9766cb499ed,c60c0e7f-82e3-4b6e-98bf-c77daddd3213,false,"[OAS] [OAS] validation failed:
 - ERROR - [Path '/0/forksCount'] Instance type (array) does not match any allowed primitive type (allowed: [""integer""]): []
"
9f598b24-3eeb-4f03-ae45-e9766cb499ed,0d6bb30e-3448-4126-9b18-1d48c2da71e1,false,"[OAS] [OAS] validation failed:
 - ERROR - [Path '/0/contributorsCount'] Instance type (null) does not match any allowed primitive type (allowed: [""integer""]): []
"
9f598b24-3eeb-4f03-ae45-e9766cb499ed,9c57bcf1-d1f3-4e22-8ab9-adb38eaeec23,false,"[OAS] [OAS] validation failed:
 - ERROR - [Path '/0/contributorsCount'] Instance type (string) does not match any allowed primitive type (allowed: [""integer""]): []
"
9f598b24-3eeb-4f03-ae45-e9766cb499ed,69e56ed1-0fe4-4168-9acf-bb9deb88953e,false,"[OAS] [OAS] validation failed:
 - ERROR - [Path '/0/score'] Instance type (null) does not match any allowed primitive type (allowed: [""integer""]): []
"
9f598b24-3eeb-4f03-ae45-e9766cb499ed,50bef13b-4b5f-4bd3-aba5-2f9c44f48422,false,"[OAS] [OAS] validation failed:
 - ERROR - [Path '/0/score'] Instance type (array) does not match any allowed primitive type (allowed: [""integer""]): []
"
9f598b24-3eeb-4f03-ae45-e9766cb499ed,c292dd21-64b3-4add-bee5-1cbef684ed15,false,"[OAS] [OAS] validation failed:
 - ERROR - [Path '/0/lastPushed'] Instance type (array) does not match any allowed primitive type (allowed: [""null"",""string""]): []
"
9f598b24-3eeb-4f03-ae45-e9766cb499ed,4cfb2621-f3e8-4af6-a104-9daa8c16f9c7,false,"[OAS] [OAS] validation failed:
 - ERROR - [Path '/0/primaryLanguage'] Instance type (null) does not match any allowed primitive type (allowed: [""string""]): []
"
9f598b24-3eeb-4f03-ae45-e9766cb499ed,d740faae-3ae5-49a3-a6e3-4bca8390cf79,false,"[OAS] [OAS] validation failed:
 - ERROR - [Path '/0/primaryLanguage'] Instance type (object) does not match any allowed primitive type (allowed: [""string""]): []
"
9f598b24-3eeb-4f03-ae45-e9766cb499ed,1f89f036-a466-48fd-9174-b4d0d6da95a4,false,"[OAS] [OAS] validation failed:
 - ERROR - [Path '/0/maintainers/0'] Instance type (object) does not match any allowed primitive type (allowed: [""string""]): []
 - ERROR - [Path '/0/maintainers/1'] Instance type (integer) does not match any allowed primitive type (allowed: [""string""]): []
 - ERROR - [Path '/0/maintainers/2'] Instance type (array) does not match any allowed primitive type (allowed: [""string""]): []
 - ERROR - [Path '/0/maintainers/3'] Instance type (object) does not match any allowed primitive type (allowed: [""string""]): []
"
9f598b24-3eeb-4f03-ae45-e9766cb499ed,3fc5a884-6cc0-4b99-91ce-84c22d20b980,false,"[OAS] [OAS] validation failed:
 - ERROR - [Path '/0/maintainers'] Instance type (null) does not match any allowed primitive type (allowed: [""array""]): []
"
9f598b24-3eeb-4f03-ae45-e9766cb499ed,bff572c9-15c2-4f65-8056-3b399c27f221,false,"[OAS] [OAS] validation failed:
 - ERROR - [Path '/0/maintainers'] Instance type (object) does not match any allowed primitive type (allowed: [""array""]): []
"
d5e1e99c-70ce-4a2a-b02b-05665238083e,793674a3-3b01-44a3-98e0-2fe13464a348,false,"[OAS] [OAS] validation failed:
 - ERROR - Response status 201 not defined for path '/projects'.: []
"
d5e1e99c-70ce-4a2a-b02b-05665238083e,4d490132-e158-41ff-bf64-96db3400dd3b,false,"[OAS] [OAS] validation failed:
 - ERROR - Response status 404 not defined for path '/projects'.: []
"
d5e1e99c-70ce-4a2a-b02b-05665238083e,ac1ac2bb-03e5-43e2-9446-a5aea53f95fc,false,[NO_5XX] Unexpected 5XX response: 503
d5e1e99c-70ce-4a2a-b02b-05665238083e,93ef321a-c0d1-4db5-ad56-ca4fb4b0266a,false,"[OAS] [OAS] validation failed:
 - ERROR - Response Content-Type header 'text/css' does not match any allowed types. Must be one of: [application/json].: []
"
d5e1e99c-70ce-4a2a-b02b-05665238083e,c6f30d6c-b219-47d0-bc83-fbf141d53e1c,false,"[OAS] [OAS] validation failed:
 - ERROR - Response Content-Type header 'charset=UTF-8' is not a valid media type: []
"
d5e1e99c-70ce-4a2a-b02b-05665238083e,e014bd55-64c7-4cf2-b2d8-6961d8066936,false,"[OAS] [OAS] validation failed:
 - ERROR - [Path '/0'] Instance type (boolean) does not match any allowed primitive type (allowed: [""object""]): []
"
44fabeca-9d8e-4882-9364-c8a965cb3f3d,1db489d7-927e-4eea-b5ac-8b8188431419,false,"[OAS] [OAS] validation failed:
 - ERROR - Response status 204 not defined for path '/projects'.: []
"
44fabeca-9d8e-4882-9364-c8a965cb3f3d,e1c335c0-b98f-4fde-bde1-01117bc5ee77,false,"[OAS] [OAS] validation failed:
 - ERROR - Instance type (array) does not match any allowed primitive type (allowed: [""object""]): []
"
44fabeca-9d8e-4882-9364-c8a965cb3f3d,1c55831e-9e53-486a-96e9-133386ef6d88,false,[NO_5XX] Unexpected 5XX response: 500
44fabeca-9d8e-4882-9364-c8a965cb3f3d,087ffbb5-3ad0-4407-a49f-62d6651372fd,false,"[OAS] [OAS] validation failed:
 - ERROR - Response Content-Type header 'text/html' does not match any allowed types. Must be one of: [application/json].: []
"
44fabeca-9d8e-4882-9364-c8a965cb3f3d,59940156-4c1d-4e4c-aa7a-2d65502671b8,false,"[OAS] [OAS] validation failed:
 - ERROR - Response Content-Type header 'charset=UTF-8' is not a valid media type: []
"
44fabeca-9d8e-4882-9364-c8a965cb3f3d,1513a64b-5731-419d-984e-d1a6eade3e39,false,"[OAS] [OAS] validation failed:
 - ERROR - [Path '/1'] Instance type (boolean) does not match any allowed primitive type (allowed: [""object""]): []
"
44fabeca-9d8e-4882-9364-c8a965cb3f3d,39c148b0-9f46-4e79-99b6-c12b3fd35d38,false,"[OAS] [OAS] validation failed:
 - ERROR - [Path '/0'] Object instance has properties which are not allowed by the schema: [""randomBoolean1""]: []
"
44fabeca-9d8e-4882-9364-c8a965cb3f3d,14fb65b2-c7d3-46a5-a2c5-2cc72fde6456,false,"[OAS] [OAS] validation failed:
 - ERROR - [Path '/0'] Instance type (null) does not match any allowed primitive type (allowed: [""object""]): []
"
44fabeca-9d8e-4882-9364-c8a965cb3f3d,0f2ebbed-e915-4136-b4d7-020da848f7d6,false,"[OAS] [OAS] validation failed:
 - ERROR - [Path '/0'] Instance type (number) does not match any allowed primitive type (allowed: [""object""]): []
"
44fabeca-9d8e-4882-9364-c8a965cb3f3d,28dd36b3-0534-480d-bec3-8b151ee4bbbb,false,"[OAS] [OAS] validation failed:
 - ERROR - [Path '/0/languageList/0'] Instance type (boolean) does not match any allowed primitive type (allowed: [""string""]): []
 - ERROR - [Path '/0/languageList/1'] Instance type (object) does not match any allowed primitive type (allowed: [""string""]): []
"
44fabeca-9d8e-4882-9364-c8a965cb3f3d,ede01dfe-3909-44d2-a91a-32ce45f102af,false,"[OAS] [OAS] validation failed:
 - ERROR - [Path '/0/languageList'] Instance type (null) does not match any allowed primitive type (allowed: [""array""]): []
"
44fabeca-9d8e-4882-9364-c8a965cb3f3d,1dc3bb4b-9386-4360-aac3-516c7be00bbe,false,"[OAS] [OAS] validation failed:
 - ERROR - [Path '/0/languageList'] Instance type (number) does not match any allowed primitive type (allowed: [""array""]): []
"
44fabeca-9d8e-4882-9364-c8a965cb3f3d,dfd99316-8c9c-4675-87f5-34edb0f6463f,false,"[OAS] [OAS] validation failed:
 - ERROR - [Path '/0/gitHubProjectId'] Instance type (null) does not match any allowed primitive type (allowed: [""integer""]): []
"
44fabeca-9d8e-4882-9364-c8a965cb3f3d,e3b9406b-f83c-48f8-ab49-8cd275aa7f3b,false,"[OAS] [OAS] validation failed:
 - ERROR - [Path '/0/gitHubProjectId'] Instance type (number) does not match any allowed primitive type (allowed: [""integer""]): []
"
44fabeca-9d8e-4882-9364-c8a965cb3f3d,91cf2773-48a6-48bc-8e3d-83b28fc39587,false,"[OAS] [OAS] validation failed:
 - ERROR - [Path '/0/name'] Instance type (null) does not match any allowed primitive type (allowed: [""string""]): []
"
44fabeca-9d8e-4882-9364-c8a965cb3f3d,e633d311-1b92-4870-98ac-9e8ca7003393,false,"[OAS] [OAS] validation failed:
 - ERROR - [Path '/0/name'] Instance type (number) does not match any allowed primitive type (allowed: [""string""]): []
"
44fabeca-9d8e-4882-9364-c8a965cb3f3d,b142b12b-2de9-4a87-ade9-94f65eb97350,false,"[OAS] [OAS] validation failed:
 - ERROR - [Path '/0/title'] Instance type (number) does not match any allowed primitive type (allowed: [""null"",""string""]): []
"
44fabeca-9d8e-4882-9364-c8a965cb3f3d,d58381c6-dcd1-4b39-a93f-97b9018f78c1,false,"[OAS] [OAS] validation failed:
 - ERROR - [Path '/0/image'] Instance type (object) does not match any allowed primitive type (allowed: [""null"",""string""]): []
"
44fabeca-9d8e-4882-9364-c8a965cb3f3d,e055e807-dd29-47ff-a055-f9512a33e2c2,false,"[OAS] [OAS] validation failed:
 - ERROR - [Path '/0/organizationName'] Instance type (null) does not match any allowed primitive type (allowed: [""string""]): []
"
44fabeca-9d8e-4882-9364-c8a965cb3f3d,4177f0da-2c86-49bf-b391-937a89ce1c3c,false,"[OAS] [OAS] validation failed:
 - ERROR - [Path '/0/organizationName'] Instance type (object) does not match any allowed primitive type (allowed: [""string""]): []
"
44fabeca-9d8e-4882-9364-c8a965cb3f3d,1a58eefc-0b92-4d7a-a54a-f1a3ded26579,false,"[OAS] [OAS] validation failed:
 - ERROR - [Path '/0/url'] Instance type (object) does not match any allowed primitive type (allowed: [""null"",""string""]): []
"
44fabeca-9d8e-4882-9364-c8a965cb3f3d,a8bc9537-808e-4a89-8450-82f96f09b534,false,"[OAS] [OAS] validation failed:
 - ERROR - [Path '/0/description'] Instance type (array) does not match any allowed primitive type (allowed: [""null"",""string""]): []
"
44fabeca-9d8e-4882-9364-c8a965cb3f3d,3b93d3f2-7df4-43ca-b36e-9aeea7469330,false,"[OAS] [OAS] validation failed:
 - ERROR - [Path '/0/starsCount'] Instance type (null) does not match any allowed primitive type (allowed: [""integer""]): []
"
44fabeca-9d8e-4882-9364-c8a965cb3f3d,e41f4c7d-c1af-4cf2-8b02-ee4e109afedd,false,"[OAS] [OAS] validation failed:
 - ERROR - [Path '/0/starsCount'] Instance type (object) does not match any allowed primitive type (allowed: [""integer""]): []
"
44fabeca-9d8e-4882-9364-c8a965cb3f3d,45658d76-1a74-4f85-85bd-22dabae8941a,false,"[OAS] [OAS] validation failed:
 - ERROR - [Path '/0/commitsCount'] Instance type (null) does not match any allowed primitive type (allowed: [""integer""]): []
"
44fabeca-9d8e-4882-9364-c8a965cb3f3d,7f1b3a2f-6a56-4453-8f3d-1b2f05e29ac1,false,"[OAS] [OAS] validation failed:
 - ERROR - [Path '/0/commitsCount'] Instance type (object) does not match any allowed primitive type (allowed: [""integer""]): []
"
44fabeca-9d8e-4882-9364-c8a965cb3f3d,a0754be5-4a1c-4ca5-b889-33c0d0b95444,false,"[OAS] [OAS] validation failed:
 - ERROR - [Path '/0/forksCount'] Instance type (null) does not match any allowed primitive type (allowed: [""integer""]): []
"
44fabeca-9d8e-4882-9364-c8a965cb3f3d,fbc695f5-ea53-4d1c-befb-ae1c0d2601d9,false,"[OAS] [OAS] validation failed:
 - ERROR - [Path '/0/forksCount'] Instance type (array) does not match any allowed primitive type (allowed: [""integer""]): []
"
44fabeca-9d8e-4882-9364-c8a965cb3f3d,d4476faf-613d-425b-9b57-69fb454ee78b,false,"[OAS] [OAS] validation failed:
 - ERROR - [Path '/0/contributorsCount'] Instance type (null) does not match any allowed primitive type (allowed: [""integer""]): []
"
44fabeca-9d8e-4882-9364-c8a965cb3f3d,66ab3b3e-653c-4124-ba32-8a211e459fcb,false,"[OAS] [OAS] validation failed:
 - ERROR - [Path '/0/contributorsCount'] Instance type (string) does not match any allowed primitive type (allowed: [""integer""]): []
"
44fabeca-9d8e-4882-9364-c8a965cb3f3d,371c2e95-4e25-44d6-9946-3d26c2d538f8,false,"[OAS] [OAS] validation failed:
 - ERROR - [Path '/0/score'] Instance type (null) does not match any allowed primitive type (allowed: [""integer""]): []
"
44fabeca-9d8e-4882-9364-c8a965cb3f3d,565998f8-09bc-411a-be09-c112577fd4c2,false,"[OAS] [OAS] validation failed:
 - ERROR - [Path '/0/score'] Instance type (array) does not match any allowed primitive type (allowed: [""integer""]): []
"
44fabeca-9d8e-4882-9364-c8a965cb3f3d,aa786396-aa19-4387-b4b8-638cc03f6281,false,"[OAS] [OAS] validation failed:
 - ERROR - [Path '/0/lastPushed'] Instance type (array) does not match any allowed primitive type (allowed: [""null"",""string""]): []
"
44fabeca-9d8e-4882-9364-c8a965cb3f3d,b6e7db48-cc44-4c50-8db4-03ef2f34c38b,false,"[OAS] [OAS] validation failed:
 - ERROR - [Path '/0/primaryLanguage'] Instance type (null) does not match any allowed primitive type (allowed: [""string""]): []
"
44fabeca-9d8e-4882-9364-c8a965cb3f3d,e5d40572-9b87-4b08-9cca-d36d7d3c123a,false,"[OAS] [OAS] validation failed:
 - ERROR - [Path '/0/primaryLanguage'] Instance type (object) does not match any allowed primitive type (allowed: [""string""]): []
"
44fabeca-9d8e-4882-9364-c8a965cb3f3d,a3897a0a-9ca9-49c8-a446-8fd3b5c6966f,false,"[OAS] [OAS] validation failed:
 - ERROR - [Path '/0/maintainers/0'] Instance type (object) does not match any allowed primitive type (allowed: [""string""]): []
 - ERROR - [Path '/0/maintainers/1'] Instance type (integer) does not match any allowed primitive type (allowed: [""string""]): []
 - ERROR - [Path '/0/maintainers/2'] Instance type (array) does not match any allowed primitive type (allowed: [""string""]): []
 - ERROR - [Path '/0/maintainers/3'] Instance type (object) does not match any allowed primitive type (allowed: [""string""]): []
"
44fabeca-9d8e-4882-9364-c8a965cb3f3d,ca34106e-7b10-41ee-8548-e6538f103dd4,false,"[OAS] [OAS] validation failed:
 - ERROR - [Path '/0/maintainers'] Instance type (null) does not match any allowed primitive type (allowed: [""array""]): []
"
44fabeca-9d8e-4882-9364-c8a965cb3f3d,e0ab2210-733d-4049-98f8-e6d98c8ce8f2,false,"[OAS] [OAS] validation failed:
 - ERROR - [Path '/0/maintainers'] Instance type (object) does not match any allowed primitive type (allowed: [""array""]): []
"
dfb8fab9-3a58-4f88-97ba-0a8b7dec3e73,97b9c7f3-d8ce-4d5c-9c56-9052d3905fe0,false,"[OAS] [OAS] validation failed:
 - ERROR - Response status 201 not defined for path '/projects'.: []
"
dfb8fab9-3a58-4f88-97ba-0a8b7dec3e73,f3f5ea0e-01e1-40eb-a90f-c08dd1bec291,false,"[OAS] [OAS] validation failed:
 - ERROR - Response status 404 not defined for path '/projects'.: []
"
dfb8fab9-3a58-4f88-97ba-0a8b7dec3e73,ab43e1a5-6b36-4212-9287-6863c795e0b7,false,[NO_5XX] Unexpected 5XX response: 503
dfb8fab9-3a58-4f88-97ba-0a8b7dec3e73,6bfa7beb-f2f2-4061-a0ac-6505215409f1,false,"[OAS] [OAS] validation failed:
 - ERROR - Response Content-Type header 'text/css' does not match any allowed types. Must be one of: [application/json].: []
"
dfb8fab9-3a58-4f88-97ba-0a8b7dec3e73,9e38e3bc-9e9c-41cd-908a-7375663ef67b,false,"[OAS] [OAS] validation failed:
 - ERROR - Response Content-Type header 'charset=UTF-8' is not a valid media type: []
"
dfb8fab9-3a58-4f88-97ba-0a8b7dec3e73,42cdb025-9459-4bc2-8dfa-c0717c5cd8f5,false,"[OAS] [OAS] validation failed:
 - ERROR - [Path '/0'] Instance type (boolean) does not match any allowed primitive type (allowed: [""object""]): []
"
c5ab0d20-3412-473e-bf85-4d5ce4e2058e,60cad208-4d74-4337-a8a8-0f8d8710053f,false,"[OAS] [OAS] validation failed:
 - ERROR - Response status 201 not defined for path '/projects'.: []
"
c5ab0d20-3412-473e-bf85-4d5ce4e2058e,d4c81090-5749-4b22-82dd-42ac44f12927,false,"[OAS] [OAS] validation failed:
 - ERROR - Response status 409 not defined for path '/projects'.: []
"
c5ab0d20-3412-473e-bf85-4d5ce4e2058e,5e433a10-7c00-4bd7-bbc1-fe41ca99c19c,false,[NO_5XX] Unexpected 5XX response: 504
c5ab0d20-3412-473e-bf85-4d5ce4e2058e,162a15ae-8469-497b-95f9-bb39141acb6c,false,"[OAS] [OAS] validation failed:
 - ERROR - Response Content-Type header 'text/css' does not match any allowed types. Must be one of: [application/json].: []
"
c5ab0d20-3412-473e-bf85-4d5ce4e2058e,3c8d1c54-c12e-49f3-83df-54c7efa27633,false,"[OAS] [OAS] validation failed:
 - ERROR - Response Content-Type header 'charset=UTF-8' is not a valid media type: []
"
c5ab0d20-3412-473e-bf85-4d5ce4e2058e,9c114c29-c570-4535-b1d0-8ac19f515790,false,"[OAS] [OAS] validation failed:
 - ERROR - [Path '/0'] Instance type (boolean) does not match any allowed primitive type (allowed: [""object""]): []
"
68cf545e-718f-4348-85c5-a017f2c0cb69,73ee18cc-ddbf-48c5-ab29-ebd5857b86b8,false,"[OAS] [OAS] validation failed:
 - ERROR - Response status 204 not defined for path '/projects'.: []
"
68cf545e-718f-4348-85c5-a017f2c0cb69,59ff07dd-9e3b-42c1-825d-6036bd0a5128,false,"[OAS] [OAS] validation failed:
 - ERROR - Response status 409 not defined for path '/projects'.: []
"
68cf545e-718f-4348-85c5-a017f2c0cb69,c58c2dda-45bd-42b9-b118-c072b9a2f7d0,false,[NO_5XX] Unexpected 5XX response: 504
68cf545e-718f-4348-85c5-a017f2c0cb69,f6ad7041-e939-47a8-85cd-e4f011a196fe,false,"[OAS] [OAS] validation failed:
 - ERROR - Response Content-Type header 'text/css' does not match any allowed types. Must be one of: [application/json].: []
"
68cf545e-718f-4348-85c5-a017f2c0cb69,01822714-db77-40e2-8fc5-9ed38fd49e00,false,"[OAS] [OAS] validation failed:
 - ERROR - Response Content-Type header 'charset=UTF-8' is not a valid media type: []
"
68cf545e-718f-4348-85c5-a017f2c0cb69,dc6cb0cb-c9d1-4dc4-84b9-36f59dacfa11,false,"[OAS] [OAS] validation failed:
 - ERROR - [Path '/1'] Instance type (boolean) does not match any allowed primitive type (allowed: [""object""]): []
"
68cf545e-718f-4348-85c5-a017f2c0cb69,6f90d70f-4997-4a03-9b0e-4926df44ab6e,false,"[OAS] [OAS] validation failed:
 - ERROR - [Path '/0'] Object instance has properties which are not allowed by the schema: [""randomBoolean1""]: []
"
68cf545e-718f-4348-85c5-a017f2c0cb69,9eaf0176-297d-418f-887f-b6f028518621,false,"[OAS] [OAS] validation failed:
 - ERROR - [Path '/0'] Instance type (null) does not match any allowed primitive type (allowed: [""object""]): []
"
68cf545e-718f-4348-85c5-a017f2c0cb69,57136198-b45c-46c5-8d33-565586febb7b,false,"[OAS] [OAS] validation failed:
 - ERROR - [Path '/0'] Instance type (number) does not match any allowed primitive type (allowed: [""object""]): []
"
68cf545e-718f-4348-85c5-a017f2c0cb69,bd130e4d-75b2-4a3e-bb52-17246e325736,false,"[OAS] [OAS] validation failed:
 - ERROR - [Path '/0/languageList/0'] Instance type (boolean) does not match any allowed primitive type (allowed: [""string""]): []
 - ERROR - [Path '/0/languageList/1'] Instance type (object) does not match any allowed primitive type (allowed: [""string""]): []
"
68cf545e-718f-4348-85c5-a017f2c0cb69,c0d2e9d8-0b28-4123-b77f-1d655c2b227b,false,"[OAS] [OAS] validation failed:
 - ERROR - [Path '/0/languageList'] Instance type (null) does not match any allowed primitive type (allowed: [""array""]): []
"
68cf545e-718f-4348-85c5-a017f2c0cb69,be7eacf9-293f-41e2-af8a-0887d195ca41,false,"[OAS] [OAS] validation failed:
 - ERROR - [Path '/0/languageList'] Instance type (number) does not match any allowed primitive type (allowed: [""array""]): []
"
68cf545e-718f-4348-85c5-a017f2c0cb69,a99bba4f-aa33-42ad-8c85-1a6d809a9493,false,"[OAS] [OAS] validation failed:
 - ERROR - [Path '/0/gitHubProjectId'] Instance type (null) does not match any allowed primitive type (allowed: [""integer""]): []
"
68cf545e-718f-4348-85c5-a017f2c0cb69,b12576ee-b31b-4177-9de5-901b08507a56,false,"[OAS] [OAS] validation failed:
 - ERROR - [Path '/0/gitHubProjectId'] Instance type (number) does not match any allowed primitive type (allowed: [""integer""]): []
"
68cf545e-718f-4348-85c5-a017f2c0cb69,53735779-52eb-4a22-878f-fa50d6cb2cf9,false,"[OAS] [OAS] validation failed:
 - ERROR - [Path '/0/name'] Instance type (null) does not match any allowed primitive type (allowed: [""string""]): []
"
68cf545e-718f-4348-85c5-a017f2c0cb69,d9229510-732c-4233-ba64-0f1eccbfe304,false,"[OAS] [OAS] validation failed:
 - ERROR - [Path '/0/name'] Instance type (number) does not match any allowed primitive type (allowed: [""string""]): []
"
68cf545e-718f-4348-85c5-a017f2c0cb69,8b51dfbb-dd6e-4e74-ae49-57130eaf523b,false,"[OAS] [OAS] validation failed:
 - ERROR - [Path '/0/title'] Instance type (number) does not match any allowed primitive type (allowed: [""null"",""string""]): []
"
68cf545e-718f-4348-85c5-a017f2c0cb69,369eaf15-c4f1-4a9e-9aaa-11fbb9c8efb2,false,"[OAS] [OAS] validation failed:
 - ERROR - [Path '/0/image'] Instance type (object) does not match any allowed primitive type (allowed: [""null"",""string""]): []
"
68cf545e-718f-4348-85c5-a017f2c0cb69,bcc5262b-76c3-4b3e-ae86-34fd3c8730ea,false,"[OAS] [OAS] validation failed:
 - ERROR - [Path '/0/organizationName'] Instance type (null) does not match any allowed primitive type (allowed: [""string""]): []
"
68cf545e-718f-4348-85c5-a017f2c0cb69,4c5f351a-cae3-48de-84c2-43f81d62aa73,false,"[OAS] [OAS] validation failed:
 - ERROR - [Path '/0/organizationName'] Instance type (object) does not match any allowed primitive type (allowed: [""string""]): []
"
68cf545e-718f-4348-85c5-a017f2c0cb69,c3712a83-54ff-4bcc-b736-05f8023f4d00,false,"[OAS] [OAS] validation failed:
 - ERROR - [Path '/0/url'] Instance type (object) does not match any allowed primitive type (allowed: [""null"",""string""]): []
"
68cf545e-718f-4348-85c5-a017f2c0cb69,ccd00fe7-77ec-4f89-aa63-35fdc73697b2,false,"[OAS] [OAS] validation failed:
 - ERROR - [Path '/0/description'] Instance type (array) does not match any allowed primitive type (allowed: [""null"",""string""]): []
"
68cf545e-718f-4348-85c5-a017f2c0cb69,4bab23df-8b69-4168-add0-532cbc44a523,false,"[OAS] [OAS] validation failed:
 - ERROR - [Path '/0/starsCount'] Instance type (null) does not match any allowed primitive type (allowed: [""integer""]): []
"
68cf545e-718f-4348-85c5-a017f2c0cb69,4e0bd282-9a1f-4880-a5b7-5dbe3d3e6e5b,false,"[OAS] [OAS] validation failed:
 - ERROR - [Path '/0/starsCount'] Instance type (object) does not match any allowed primitive type (allowed: [""integer""]): []
"
68cf545e-718f-4348-85c5-a017f2c0cb69,ad0df0d8-136d-4b5a-9973-1f6006facc43,false,"[OAS] [OAS] validation failed:
 - ERROR - [Path '/0/commitsCount'] Instance type (null) does not match any allowed primitive type (allowed: [""integer""]): []
"
68cf545e-718f-4348-85c5-a017f2c0cb69,59e409b3-fa06-4246-8b7b-b2707f3f2237,false,"[OAS] [OAS] validation failed:
 - ERROR - [Path '/0/commitsCount'] Instance type (object) does not match any allowed primitive type (allowed: [""integer""]): []
"
68cf545e-718f-4348-85c5-a017f2c0cb69,986d9f8a-a0e0-4ae2-b16c-a2ea8ee8c6cc,false,"[OAS] [OAS] validation failed:
 - ERROR - [Path '/0/forksCount'] Instance type (null) does not match any allowed primitive type (allowed: [""integer""]): []
"
68cf545e-718f-4348-85c5-a017f2c0cb69,a6229a22-9ae0-46f3-b813-6829fabafe64,false,"[OAS] [OAS] validation failed:
 - ERROR - [Path '/0/forksCount'] Instance type (array) does not match any allowed primitive type (allowed: [""integer""]): []
"
68cf545e-718f-4348-85c5-a017f2c0cb69,14847dc8-de56-41c8-95aa-57c37cfe1dc4,false,"[OAS] [OAS] validation failed:
 - ERROR - [Path '/0/contributorsCount'] Instance type (null) does not match any allowed primitive type (allowed: [""integer""]): []
"
68cf545e-718f-4348-85c5-a017f2c0cb69,92f9d0e8-5451-4bd0-a777-3932330da03d,false,"[OAS] [OAS] validation failed:
 - ERROR - [Path '/0/contributorsCount'] Instance type (string) does not match any allowed primitive type (allowed: [""integer""]): []
"
68cf545e-718f-4348-85c5-a017f2c0cb69,a75edf7a-4139-441a-9523-4bd2745409ae,false,"[OAS] [OAS] validation failed:
 - ERROR - [Path '/0/score'] Instance type (null) does not match any allowed primitive type (allowed: [""integer""]): []
"
68cf545e-718f-4348-85c5-a017f2c0cb69,1313e51c-dd36-48b2-b009-f0865538ff22,false,"[OAS] [OAS] validation failed:
 - ERROR - [Path '/0/score'] Instance type (array) does not match any allowed primitive type (allowed: [""integer""]): []
"
68cf545e-718f-4348-85c5-a017f2c0cb69,6cc1ac9f-d359-44d7-941d-6660f03eab27,false,"[OAS] [OAS] validation failed:
 - ERROR - [Path '/0/lastPushed'] Instance type (array) does not match any allowed primitive type (allowed: [""null"",""string""]): []
"
68cf545e-718f-4348-85c5-a017f2c0cb69,737e524d-1724-44e3-a498-afff301c8ed6,false,"[OAS] [OAS] validation failed:
 - ERROR - [Path '/0/primaryLanguage'] Instance type (null) does not match any allowed primitive type (allowed: [""string""]): []
"
68cf545e-718f-4348-85c5-a017f2c0cb69,32c64871-3504-4e55-b35f-7595562421f9,false,"[OAS] [OAS] validation failed:
 - ERROR - [Path '/0/primaryLanguage'] Instance type (object) does not match any allowed primitive type (allowed: [""string""]): []
"
68cf545e-718f-4348-85c5-a017f2c0cb69,8c915af1-68b4-4d56-b4b0-3c0a20967a2f,false,"[OAS] [OAS] validation failed:
 - ERROR - [Path '/0/maintainers/0'] Instance type (object) does not match any allowed primitive type (allowed: [""string""]): []
 - ERROR - [Path '/0/maintainers/1'] Instance type (integer) does not match any allowed primitive type (allowed: [""string""]): []
 - ERROR - [Path '/0/maintainers/2'] Instance type (array) does not match any allowed primitive type (allowed: [""string""]): []
 - ERROR - [Path '/0/maintainers/3'] Instance type (object) does not match any allowed primitive type (allowed: [""string""]): []
"
68cf545e-718f-4348-85c5-a017f2c0cb69,ea4f0494-4fed-4100-a05d-0c2767daf7e1,false,"[OAS] [OAS] validation failed:
 - ERROR - [Path '/0/maintainers'] Instance type (null) does not match any allowed primitive type (allowed: [""array""]): []
"
68cf545e-718f-4348-85c5-a017f2c0cb69,cd8c14a6-cb97-41e4-859a-7792f3c0b545,false,"[OAS] [OAS] validation failed:
 - ERROR - [Path '/0/maintainers'] Instance type (object) does not match any allowed primitive type (allowed: [""array""]): []
"
30d975ce-62bc-4df4-a7c2-039803701a2c,5155f7eb-ca73-4cf7-bb13-f33b45361ff4,false,"[OAS] [OAS] validation failed:
 - ERROR - Response status 204 not defined for path '/projects'.: []
"
30d975ce-62bc-4df4-a7c2-039803701a2c,768a5052-5744-4cfa-94ae-72881ce9ca1f,false,"[OAS] [OAS] validation failed:
 - ERROR - Response status 409 not defined for path '/projects'.: []
"
30d975ce-62bc-4df4-a7c2-039803701a2c,031c20b3-9371-4408-b336-f5a623a5a77f,false,[NO_5XX] Unexpected 5XX response: 504
30d975ce-62bc-4df4-a7c2-039803701a2c,2a7665a3-4a05-42e8-988c-f78ae4af0ef5,false,"[OAS] [OAS] validation failed:
 - ERROR - Response Content-Type header 'text/css' does not match any allowed types. Must be one of: [application/json].: []
"
30d975ce-62bc-4df4-a7c2-039803701a2c,42937e64-bfda-41e1-9993-f866da0fa1d5,false,"[OAS] [OAS] validation failed:
 - ERROR - Response Content-Type header 'charset=UTF-8' is not a valid media type: []
"
30d975ce-62bc-4df4-a7c2-039803701a2c,318a57f5-dce9-466d-a153-b62a7eb6118a,false,"[OAS] [OAS] validation failed:
 - ERROR - [Path '/0'] Instance type (boolean) does not match any allowed primitive type (allowed: [""object""]): []
"
639e142a-06a7-47b9-84c0-d7b6b841adae,b4726971-10d6-40e0-963f-5504424aa759,false,"[OAS] [OAS] validation failed:
 - ERROR - Response status 201 not defined for path '/projects'.: []
"
639e142a-06a7-47b9-84c0-d7b6b841adae,a435c5c8-b97d-4f07-a7e3-2f329f10c4b7,false,"[OAS] [OAS] validation failed:
 - ERROR - Response status 403 not defined for path '/projects'.: []
"
639e142a-06a7-47b9-84c0-d7b6b841adae,5dc36124-dd85-4b91-9b29-c798fdad6d91,false,[NO_5XX] Unexpected 5XX response: 502
639e142a-06a7-47b9-84c0-d7b6b841adae,0b37bddb-efdb-4b03-a95c-f1464f4b36bd,false,"[OAS] [OAS] validation failed:
 - ERROR - Response Content-Type header 'application/x-www-form-urlencoded' does not match any allowed types. Must be one of: [application/json].: []
"
639e142a-06a7-47b9-84c0-d7b6b841adae,0a847d23-789f-4a08-a4bc-846449bcf378,false,"[OAS] [OAS] validation failed:
 - ERROR - Response Content-Type header 'charset=UTF-8' is not a valid media type: []
"
639e142a-06a7-47b9-84c0-d7b6b841adae,17eedf6b-6fe6-40c6-b4e8-064f51844f3b,false,"[OAS] [OAS] validation failed:
 - ERROR - [Path '/0'] Instance type (boolean) does not match any allowed primitive type (allowed: [""object""]): []
"
75afd56a-5b5b-4a34-9ded-a3ae8b488fe8,919a85ed-f7cd-4b84-af2e-dd0c8491bd9d,false,"[OAS] [OAS] validation failed:
 - ERROR - Response status 201 not defined for path '/projects'.: []
"
75afd56a-5b5b-4a34-9ded-a3ae8b488fe8,e0b4e49b-49cb-457d-9226-44f742097fa3,false,"[OAS] [OAS] validation failed:
 - ERROR - Response status 401 not defined for path '/projects'.: []
"
75afd56a-5b5b-4a34-9ded-a3ae8b488fe8,b5df4661-59cc-4537-85d6-d975308152f5,false,[NO_5XX] Unexpected 5XX response: 501
75afd56a-5b5b-4a34-9ded-a3ae8b488fe8,c6ba352e-cf3c-4ebf-9c72-10e3f3569d6a,false,"[OAS] [OAS] validation failed:
 - ERROR - Response Content-Type header 'application/x-www-form-urlencoded' does not match any allowed types. Must be one of: [application/json].: []
"
75afd56a-5b5b-4a34-9ded-a3ae8b488fe8,c28a5b76-0c44-4801-94b0-6d48a8233473,false,"[OAS] [OAS] validation failed:
 - ERROR - Response Content-Type header 'charset=UTF-8' is not a valid media type: []
"
75afd56a-5b5b-4a34-9ded-a3ae8b488fe8,c10012c8-0bfa-46c8-8b9c-caf17490f27c,false,"[OAS] [OAS] validation failed:
 - ERROR - [Path '/0'] Instance type (boolean) does not match any allowed primitive type (allowed: [""object""]): []
"
1f016383-0027-44a8-968a-f97b486939d6,2a3559f3-7c4f-4e4c-865f-a4dfb7012724,false,"[OAS] [OAS] validation failed:
 - ERROR - Response status 201 not defined for path '/projects'.: []
"
1f016383-0027-44a8-968a-f97b486939d6,62eb93df-58a1-4490-8148-371571f57491,false,"[OAS] [OAS] validation failed:
 - ERROR - Response status 404 not defined for path '/projects'.: []
"
1f016383-0027-44a8-968a-f97b486939d6,587e9ad8-dea8-48d1-9d31-98b37c0339c1,false,[NO_5XX] Unexpected 5XX response: 503
1f016383-0027-44a8-968a-f97b486939d6,94afaf07-4444-4a92-92a4-e085c9e77008,false,"[OAS] [OAS] validation failed:
 - ERROR - Response Content-Type header 'application/x-www-form-urlencoded' does not match any allowed types. Must be one of: [application/json].: []
"
1f016383-0027-44a8-968a-f97b486939d6,fc08b9f2-8bd7-487a-9fc1-fe3638caeaae,false,"[OAS] [OAS] validation failed:
 - ERROR - Response Content-Type header 'charset=UTF-8' is not a valid media type: []
"
1f016383-0027-44a8-968a-f97b486939d6,3225b23d-3e61-4446-8965-b3c66e7e131e,false,"[OAS] [OAS] validation failed:
 - ERROR - [Path '/0'] Instance type (boolean) does not match any allowed primitive type (allowed: [""object""]): []
"
b8b66d8d-71d8-460e-a8d3-3d2a8756aeff,9b6c7ff6-5950-46de-9768-47f33701bf7a,false,"[OAS] [OAS] validation failed:
 - ERROR - Response status 204 not defined for path '/projects'.: []
"
b8b66d8d-71d8-460e-a8d3-3d2a8756aeff,578ce91e-f293-4042-bc16-414e43aa5b94,false,"[OAS] [OAS] validation failed:
 - ERROR - Response status 403 not defined for path '/projects'.: []
"
b8b66d8d-71d8-460e-a8d3-3d2a8756aeff,60559a27-ba2e-421a-be65-4b1a7bde04ce,false,[NO_5XX] Unexpected 5XX response: 502
b8b66d8d-71d8-460e-a8d3-3d2a8756aeff,e3fae34f-aba6-4906-be95-8f296d7f840f,false,"[OAS] [OAS] validation failed:
 - ERROR - Response Content-Type header 'text/plain' does not match any allowed types. Must be one of: [application/json].: []
"
b8b66d8d-71d8-460e-a8d3-3d2a8756aeff,d7fb5f26-f4f8-4fef-bf1b-51dbed2b34ab,false,"[OAS] [OAS] validation failed:
 - ERROR - Response Content-Type header 'charset=UTF-8' is not a valid media type: []
"
b8b66d8d-71d8-460e-a8d3-3d2a8756aeff,ade5876f-29a0-4760-93a1-d1b8b2a1c7f9,false,"[OAS] [OAS] validation failed:
 - ERROR - [Path '/0'] Instance type (boolean) does not match any allowed primitive type (allowed: [""object""]): []
"
f0a9d9db-49c6-4357-947a-05af2fcd94e1,ec1f0aa9-1729-42ad-9b66-36c8a6b92872,false,"[OAS] [OAS] validation failed:
 - ERROR - Response status 201 not defined for path '/projects'.: []
"
f0a9d9db-49c6-4357-947a-05af2fcd94e1,5409304a-3bf6-4740-91ec-6dc804565109,false,"[OAS] [OAS] validation failed:
 - ERROR - Response status 401 not defined for path '/projects'.: []
"
f0a9d9db-49c6-4357-947a-05af2fcd94e1,927badc2-da21-4655-bf5b-d0aca5107645,false,[NO_5XX] Unexpected 5XX response: 501
f0a9d9db-49c6-4357-947a-05af2fcd94e1,8d6a8ee5-e8f9-4d7f-b6dc-861840214f41,false,"[OAS] [OAS] validation failed:
 - ERROR - Response Content-Type header 'text/javascript' does not match any allowed types. Must be one of: [application/json].: []
"
f0a9d9db-49c6-4357-947a-05af2fcd94e1,b7237441-265e-4d87-948c-911b453a61a8,false,"[OAS] [OAS] validation failed:
 - ERROR - Response Content-Type header 'charset=UTF-8' is not a valid media type: []
"
f0a9d9db-49c6-4357-947a-05af2fcd94e1,27e65e31-d5dc-4631-a443-38da6afbd9ea,false,"[OAS] [OAS] validation failed:
 - ERROR - [Path '/0'] Instance type (boolean) does not match any allowed primitive type (allowed: [""object""]): []
"
3bea589a-e268-4d79-8a0b-d7c9ba927eae,de569f63-479d-411d-8853-71811828e4e2,false,"[OAS] [OAS] validation failed:
 - ERROR - Response status 204 not defined for path '/projects'.: []
"
3bea589a-e268-4d79-8a0b-d7c9ba927eae,17b02617-00bf-42a6-95c1-7099737ae0ac,false,"[OAS] [OAS] validation failed:
 - ERROR - Response status 401 not defined for path '/projects'.: []
"
3bea589a-e268-4d79-8a0b-d7c9ba927eae,d94657fa-1c43-4f49-8264-4a9c3158ad81,false,[NO_5XX] Unexpected 5XX response: 501
3bea589a-e268-4d79-8a0b-d7c9ba927eae,ac27ec35-1fdb-4040-9f6c-44994ad6c62f,false,"[OAS] [OAS] validation failed:
 - ERROR - Response Content-Type header 'application/xml' does not match any allowed types. Must be one of: [application/json].: []
"
3bea589a-e268-4d79-8a0b-d7c9ba927eae,b2377799-a452-4263-a4b1-7c28205aabe0,false,"[OAS] [OAS] validation failed:
 - ERROR - Response Content-Type header 'charset=UTF-8' is not a valid media type: []
"
3bea589a-e268-4d79-8a0b-d7c9ba927eae,71060895-d2c3-4cc0-a7ea-4a2fd8b779e3,false,"[OAS] [OAS] validation failed:
 - ERROR - [Path '/0'] Instance type (boolean) does not match any allowed primitive type (allowed: [""object""]): []
"
e6ece50d-0b07-4ef6-8b83-d77a498071f3,c1b0b9d4-9ef7-438a-b0f3-ca357e7e53af,false,"[OAS] [OAS] validation failed:
 - ERROR - Response status 204 not defined for path '/projects'.: []
"
e6ece50d-0b07-4ef6-8b83-d77a498071f3,3dc5e53a-d18f-4f31-9ad6-a8662e71f8fe,false,"[OAS] [OAS] validation failed:
 - ERROR - Response status 401 not defined for path '/projects'.: []
"
e6ece50d-0b07-4ef6-8b83-d77a498071f3,2ef08ee1-fc35-434a-9d51-a834b837c3b4,false,[NO_5XX] Unexpected 5XX response: 501
e6ece50d-0b07-4ef6-8b83-d77a498071f3,3bc8e9a2-4056-423e-b7b7-ebefe9ac67ca,false,"[OAS] [OAS] validation failed:
 - ERROR - Response Content-Type header 'text/javascript' does not match any allowed types. Must be one of: [application/json].: []
"
e6ece50d-0b07-4ef6-8b83-d77a498071f3,347e4ac7-ed6b-494d-9f8c-e20da69f56cb,false,"[OAS] [OAS] validation failed:
 - ERROR - Response Content-Type header 'charset=UTF-8' is not a valid media type: []
"
e6ece50d-0b07-4ef6-8b83-d77a498071f3,00a49cfe-e084-45c6-9ddd-c858f8bffe77,false,"[OAS] [OAS] validation failed:
 - ERROR - [Path '/0'] Instance type (boolean) does not match any allowed primitive type (allowed: [""object""]): []
"
e21cb154-cb0b-4023-b571-ce309cd634a1,9face0c2-2a45-444e-959f-2b032de80d06,false,"[OAS] [OAS] validation failed:
 - ERROR - Response status 204 not defined for path '/projects'.: []
"
e21cb154-cb0b-4023-b571-ce309cd634a1,cd80cb64-d8ef-4b6f-b4d8-67b556e3fada,false,"[OAS] [OAS] validation failed:
 - ERROR - Response status 409 not defined for path '/projects'.: []
"
e21cb154-cb0b-4023-b571-ce309cd634a1,8b647bf7-131b-43e7-b32e-0f024933f729,false,[NO_5XX] Unexpected 5XX response: 504
e21cb154-cb0b-4023-b571-ce309cd634a1,98f1b0a1-165b-4e13-ae12-3639735c88f0,false,"[OAS] [OAS] validation failed:
 - ERROR - Response Content-Type header 'text/plain' does not match any allowed types. Must be one of: [application/json].: []
"
e21cb154-cb0b-4023-b571-ce309cd634a1,96eff2a2-cebf-4d62-b484-f61664fe4919,false,"[OAS] [OAS] validation failed:
 - ERROR - Response Content-Type header 'charset=UTF-8' is not a valid media type: []
"
e21cb154-cb0b-4023-b571-ce309cd634a1,e7691b03-1560-48e2-8e3e-17171405c168,false,"[OAS] [OAS] validation failed:
 - ERROR - [Path '/0'] Instance type (boolean) does not match any allowed primitive type (allowed: [""object""]): []
"
f0097827-5a4a-468c-82bf-92b042e4dc95,b8df9b72-5e79-4b58-900f-19e96038ace6,false,"[OAS] [OAS] validation failed:
 - ERROR - Response status 204 not defined for path '/projects'.: []
"
f0097827-5a4a-468c-82bf-92b042e4dc95,f8a601a6-a367-46ed-8375-65a6cfb79e46,false,"[OAS] [OAS] validation failed:
 - ERROR - Response status 404 not defined for path '/projects'.: []
"
f0097827-5a4a-468c-82bf-92b042e4dc95,75af5958-2cbf-4a36-9463-b6cd2ee1990a,false,[NO_5XX] Unexpected 5XX response: 503
f0097827-5a4a-468c-82bf-92b042e4dc95,d612075c-9298-4203-9c7a-bb682cae8805,false,"[OAS] [OAS] validation failed:
 - ERROR - Response Content-Type header 'text/javascript' does not match any allowed types. Must be one of: [application/json].: []
"
f0097827-5a4a-468c-82bf-92b042e4dc95,2ac9f5eb-42ec-403d-bf55-93613a9486e4,false,"[OAS] [OAS] validation failed:
 - ERROR - Response Content-Type header 'charset=UTF-8' is not a valid media type: []
"
f0097827-5a4a-468c-82bf-92b042e4dc95,4072d1e8-4f01-4a8a-94dc-96c43cce75c1,false,"[OAS] [OAS] validation failed:
 - ERROR - [Path '/0'] Instance type (boolean) does not match any allowed primitive type (allowed: [""object""]): []
"
38efe5e4-1738-44d4-9bc1-235b8b20724a,69340448-492b-4b3d-8c04-fc7c8b44ed20,false,"[OAS] [OAS] validation failed:
 - ERROR - Response status 201 not defined for path '/projects'.: []
"
38efe5e4-1738-44d4-9bc1-235b8b20724a,92289e6d-b5c8-44da-95c1-3400849c9c60,false,"[OAS] [OAS] validation failed:
 - ERROR - Response status 409 not defined for path '/projects'.: []
"
38efe5e4-1738-44d4-9bc1-235b8b20724a,8803cef1-a481-485a-acd2-1844ba9b6476,false,[NO_5XX] Unexpected 5XX response: 504
38efe5e4-1738-44d4-9bc1-235b8b20724a,abf87387-9efa-4a94-8bc7-2298d95992d7,false,"[OAS] [OAS] validation failed:
 - ERROR - Response Content-Type header 'text/css' does not match any allowed types. Must be one of: [application/json].: []
"
38efe5e4-1738-44d4-9bc1-235b8b20724a,805952c5-34f2-461c-ae88-3f72b7397556,false,"[OAS] [OAS] validation failed:
 - ERROR - Response Content-Type header 'charset=UTF-8' is not a valid media type: []
"
38efe5e4-1738-44d4-9bc1-235b8b20724a,685ddc73-e5b9-4c63-879f-fceaf256f77a,false,"[OAS] [OAS] validation failed:
 - ERROR - [Path '/1'] Instance type (boolean) does not match any allowed primitive type (allowed: [""object""]): []
"
38efe5e4-1738-44d4-9bc1-235b8b20724a,0bf36efa-064c-4d18-9512-c1d4fed72145,false,"[OAS] [OAS] validation failed:
 - ERROR - [Path '/0'] Object instance has properties which are not allowed by the schema: [""randomBoolean1""]: []
"
38efe5e4-1738-44d4-9bc1-235b8b20724a,110507c8-8631-4b9e-95e2-b6db1a36ff69,false,"[OAS] [OAS] validation failed:
 - ERROR - [Path '/0'] Instance type (null) does not match any allowed primitive type (allowed: [""object""]): []
"
38efe5e4-1738-44d4-9bc1-235b8b20724a,2bdd9a75-eca4-469b-af38-9dc61c512c26,false,"[OAS] [OAS] validation failed:
 - ERROR - [Path '/0'] Instance type (number) does not match any allowed primitive type (allowed: [""object""]): []
"
38efe5e4-1738-44d4-9bc1-235b8b20724a,c8a4a9c6-79b8-48a6-aa01-4bed4712ae0e,false,"[OAS] [OAS] validation failed:
 - ERROR - [Path '/0/languageList/0'] Instance type (boolean) does not match any allowed primitive type (allowed: [""string""]): []
 - ERROR - [Path '/0/languageList/1'] Instance type (object) does not match any allowed primitive type (allowed: [""string""]): []
"
38efe5e4-1738-44d4-9bc1-235b8b20724a,2ed69a41-61c8-4d37-9c90-eecc7fbe74d7,false,"[OAS] [OAS] validation failed:
 - ERROR - [Path '/0/languageList'] Instance type (null) does not match any allowed primitive type (allowed: [""array""]): []
"
38efe5e4-1738-44d4-9bc1-235b8b20724a,ce00e6c3-def1-4327-bea6-841b4553b78a,false,"[OAS] [OAS] validation failed:
 - ERROR - [Path '/0/languageList'] Instance type (number) does not match any allowed primitive type (allowed: [""array""]): []
"
38efe5e4-1738-44d4-9bc1-235b8b20724a,aec0f444-f4b2-45f8-8e82-613fbb972589,false,"[OAS] [OAS] validation failed:
 - ERROR - [Path '/0/gitHubProjectId'] Instance type (null) does not match any allowed primitive type (allowed: [""integer""]): []
"
38efe5e4-1738-44d4-9bc1-235b8b20724a,75d2d015-2ea3-4d9c-bcd3-4f4a862320cf,false,"[OAS] [OAS] validation failed:
 - ERROR - [Path '/0/gitHubProjectId'] Instance type (number) does not match any allowed primitive type (allowed: [""integer""]): []
"
38efe5e4-1738-44d4-9bc1-235b8b20724a,e285a731-476d-451d-ad08-d91797749912,false,"[OAS] [OAS] validation failed:
 - ERROR - [Path '/0/name'] Instance type (null) does not match any allowed primitive type (allowed: [""string""]): []
"
38efe5e4-1738-44d4-9bc1-235b8b20724a,41b0c90f-7b18-4277-a78a-7b7efb13ffce,false,"[OAS] [OAS] validation failed:
 - ERROR - [Path '/0/name'] Instance type (number) does not match any allowed primitive type (allowed: [""string""]): []
"
38efe5e4-1738-44d4-9bc1-235b8b20724a,df563537-b77a-4903-a038-419ae15dad75,false,"[OAS] [OAS] validation failed:
 - ERROR - [Path '/0/title'] Instance type (number) does not match any allowed primitive type (allowed: [""null"",""string""]): []
"
38efe5e4-1738-44d4-9bc1-235b8b20724a,f3470cad-9931-41e1-9301-c92b12e2ce70,false,"[OAS] [OAS] validation failed:
 - ERROR - [Path '/0/image'] Instance type (object) does not match any allowed primitive type (allowed: [""null"",""string""]): []
"
38efe5e4-1738-44d4-9bc1-235b8b20724a,cadf1d77-a0ec-413f-ab6e-45bb124518fc,false,"[OAS] [OAS] validation failed:
 - ERROR - [Path '/0/organizationName'] Instance type (null) does not match any allowed primitive type (allowed: [""string""]): []
"
38efe5e4-1738-44d4-9bc1-235b8b20724a,8cb972fd-5ca8-413d-8213-1976e5102810,false,"[OAS] [OAS] validation failed:
 - ERROR - [Path '/0/organizationName'] Instance type (object) does not match any allowed primitive type (allowed: [""string""]): []
"
38efe5e4-1738-44d4-9bc1-235b8b20724a,022dfd98-f911-460e-836f-28439a9c8899,false,"[OAS] [OAS] validation failed:
 - ERROR - [Path '/0/url'] Instance type (object) does not match any allowed primitive type (allowed: [""null"",""string""]): []
"
38efe5e4-1738-44d4-9bc1-235b8b20724a,67de75f8-2add-4434-bc88-6e61098d4c62,false,"[OAS] [OAS] validation failed:
 - ERROR - [Path '/0/description'] Instance type (array) does not match any allowed primitive type (allowed: [""null"",""string""]): []
"
38efe5e4-1738-44d4-9bc1-235b8b20724a,f0fa04e2-4b61-468b-8d8b-5033d0259f5c,false,"[OAS] [OAS] validation failed:
 - ERROR - [Path '/0/starsCount'] Instance type (null) does not match any allowed primitive type (allowed: [""integer""]): []
"
38efe5e4-1738-44d4-9bc1-235b8b20724a,b5ad1b16-0ab5-4728-8533-aa0a2956117b,false,"[OAS] [OAS] validation failed:
 - ERROR - [Path '/0/starsCount'] Instance type (object) does not match any allowed primitive type (allowed: [""integer""]): []
"
38efe5e4-1738-44d4-9bc1-235b8b20724a,32a828fa-2d37-40d6-980a-9bd196340d32,false,"[OAS] [OAS] validation failed:
 - ERROR - [Path '/0/commitsCount'] Instance type (null) does not match any allowed primitive type (allowed: [""integer""]): []
"
38efe5e4-1738-44d4-9bc1-235b8b20724a,147127f6-8ace-4c49-b921-8cadc9790f6c,false,"[OAS] [OAS] validation failed:
 - ERROR - [Path '/0/commitsCount'] Instance type (object) does not match any allowed primitive type (allowed: [""integer""]): []
"
38efe5e4-1738-44d4-9bc1-235b8b20724a,00de629e-ba2f-40a1-ad3d-c50de2666c8d,false,"[OAS] [OAS] validation failed:
 - ERROR - [Path '/0/forksCount'] Instance type (null) does not match any allowed primitive type (allowed: [""integer""]): []
"
38efe5e4-1738-44d4-9bc1-235b8b20724a,6824b5ed-55c4-40d8-83aa-34b7b337fbd1,false,"[OAS] [OAS] validation failed:
 - ERROR - [Path '/0/forksCount'] Instance type (array) does not match any allowed primitive type (allowed: [""integer""]): []
"
38efe5e4-1738-44d4-9bc1-235b8b20724a,f167e5e2-d3e5-40d1-ac79-79b6e8d3a3c4,false,"[OAS] [OAS] validation failed:
 - ERROR - [Path '/0/contributorsCount'] Instance type (null) does not match any allowed primitive type (allowed: [""integer""]): []
"
38efe5e4-1738-44d4-9bc1-235b8b20724a,552e298d-58d2-46bd-a2dd-40837bdd2156,false,"[OAS] [OAS] validation failed:
 - ERROR - [Path '/0/contributorsCount'] Instance type (string) does not match any allowed primitive type (allowed: [""integer""]): []
"
38efe5e4-1738-44d4-9bc1-235b8b20724a,57aa9a2a-d4bc-4e92-af33-3aede868620a,false,"[OAS] [OAS] validation failed:
 - ERROR - [Path '/0/score'] Instance type (null) does not match any allowed primitive type (allowed: [""integer""]): []
"
38efe5e4-1738-44d4-9bc1-235b8b20724a,1a00e666-754c-402f-98e7-414ea19cd3c4,false,"[OAS] [OAS] validation failed:
 - ERROR - [Path '/0/score'] Instance type (array) does not match any allowed primitive type (allowed: [""integer""]): []
"
38efe5e4-1738-44d4-9bc1-235b8b20724a,c24ad1e5-43a4-4beb-91c5-b62cc9db08ca,false,"[OAS] [OAS] validation failed:
 - ERROR - [Path '/0/lastPushed'] Instance type (array) does not match any allowed primitive type (allowed: [""null"",""string""]): []
"
38efe5e4-1738-44d4-9bc1-235b8b20724a,0ee83f35-85f0-49b7-89aa-f389546130a0,false,"[OAS] [OAS] validation failed:
 - ERROR - [Path '/0/primaryLanguage'] Instance type (null) does not match any allowed primitive type (allowed: [""string""]): []
"
38efe5e4-1738-44d4-9bc1-235b8b20724a,4f4b2e27-788b-4db3-bc89-46268902a283,false,"[OAS] [OAS] validation failed:
 - ERROR - [Path '/0/primaryLanguage'] Instance type (object) does not match any allowed primitive type (allowed: [""string""]): []
"
38efe5e4-1738-44d4-9bc1-235b8b20724a,35bce496-5703-407a-a630-7f3b9805c3ad,false,"[OAS] [OAS] validation failed:
 - ERROR - [Path '/0/maintainers/0'] Instance type (object) does not match any allowed primitive type (allowed: [""string""]): []
 - ERROR - [Path '/0/maintainers/1'] Instance type (integer) does not match any allowed primitive type (allowed: [""string""]): []
 - ERROR - [Path '/0/maintainers/2'] Instance type (array) does not match any allowed primitive type (allowed: [""string""]): []
 - ERROR - [Path '/0/maintainers/3'] Instance type (object) does not match any allowed primitive type (allowed: [""string""]): []
"
38efe5e4-1738-44d4-9bc1-235b8b20724a,c4399935-7aeb-4985-9a4c-1f68fcf7d311,false,"[OAS] [OAS] validation failed:
 - ERROR - [Path '/0/maintainers'] Instance type (null) does not match any allowed primitive type (allowed: [""array""]): []
"
38efe5e4-1738-44d4-9bc1-235b8b20724a,0573d99e-cddc-4199-87c2-7633ae58f76c,false,"[OAS] [OAS] validation failed:
 - ERROR - [Path '/0/maintainers'] Instance type (object) does not match any allowed primitive type (allowed: [""array""]): []
"
73f3f7f2-572b-49c5-bc61-fddc79cdfee6,bbf05d5a-5c1e-4fa6-861b-240fba5dfe3e,false,"[OAS] [OAS] validation failed:
 - ERROR - Response status 201 not defined for path '/projects'.: []
"
73f3f7f2-572b-49c5-bc61-fddc79cdfee6,fe7aa88e-ebf7-4e80-a98a-a0199d25855b,false,"[OAS] [OAS] validation failed:
 - ERROR - Response status 401 not defined for path '/projects'.: []
"
73f3f7f2-572b-49c5-bc61-fddc79cdfee6,4fc80781-e435-4908-8ca9-94cbbb3ac010,false,[NO_5XX] Unexpected 5XX response: 501
73f3f7f2-572b-49c5-bc61-fddc79cdfee6,812be721-9f92-44d6-81bc-e939ff8fe843,false,"[OAS] [OAS] validation failed:
 - ERROR - Response Content-Type header 'text/html' does not match any allowed types. Must be one of: [application/json].: []
"
73f3f7f2-572b-49c5-bc61-fddc79cdfee6,1d410671-7135-4c81-af13-9a36df7b4c99,false,"[OAS] [OAS] validation failed:
 - ERROR - Response Content-Type header 'charset=UTF-8' is not a valid media type: []
"
73f3f7f2-572b-49c5-bc61-fddc79cdfee6,f4732b18-f92e-4d45-912a-8a3d62d2520b,false,"[OAS] [OAS] validation failed:
 - ERROR - [Path '/10'] Instance type (boolean) does not match any allowed primitive type (allowed: [""object""]): []
"
73f3f7f2-572b-49c5-bc61-fddc79cdfee6,1fb6fc38-949a-4176-9e5b-d5a6cd9c4cdd,false,"[OAS] [OAS] validation failed:
 - ERROR - [Path '/0'] Object instance has properties which are not allowed by the schema: [""randomBoolean1""]: []
"
73f3f7f2-572b-49c5-bc61-fddc79cdfee6,5400db57-9315-41de-826d-5c0224cb39b6,false,"[OAS] [OAS] validation failed:
 - ERROR - [Path '/0'] Instance type (null) does not match any allowed primitive type (allowed: [""object""]): []
"
73f3f7f2-572b-49c5-bc61-fddc79cdfee6,6750ebe5-28f8-452f-9d38-ea334b5a67f5,false,"[OAS] [OAS] validation failed:
 - ERROR - [Path '/0'] Instance type (number) does not match any allowed primitive type (allowed: [""object""]): []
"
73f3f7f2-572b-49c5-bc61-fddc79cdfee6,cc5e2aed-a65e-4519-9b69-8d7b169d9fe0,false,"[OAS] [OAS] validation failed:
 - ERROR - [Path '/0/languageList/0'] Instance type (boolean) does not match any allowed primitive type (allowed: [""string""]): []
 - ERROR - [Path '/0/languageList/1'] Instance type (object) does not match any allowed primitive type (allowed: [""string""]): []
"
73f3f7f2-572b-49c5-bc61-fddc79cdfee6,603762f4-7dca-441f-94a0-d8aed5c84596,false,"[OAS] [OAS] validation failed:
 - ERROR - [Path '/0/languageList'] Instance type (null) does not match any allowed primitive type (allowed: [""array""]): []
"
73f3f7f2-572b-49c5-bc61-fddc79cdfee6,25b75878-6b92-4f25-845f-f758b176e58b,false,"[OAS] [OAS] validation failed:
 - ERROR - [Path '/0/languageList'] Instance type (number) does not match any allowed primitive type (allowed: [""array""]): []
"
73f3f7f2-572b-49c5-bc61-fddc79cdfee6,c69fa0df-8f0a-422c-8021-94bed4e2c7be,false,"[OAS] [OAS] validation failed:
 - ERROR - [Path '/0/gitHubProjectId'] Instance type (null) does not match any allowed primitive type (allowed: [""integer""]): []
"
73f3f7f2-572b-49c5-bc61-fddc79cdfee6,e54a9d20-9179-41d3-ab6c-26e7223f7dd7,false,"[OAS] [OAS] validation failed:
 - ERROR - [Path '/0/gitHubProjectId'] Instance type (number) does not match any allowed primitive type (allowed: [""integer""]): []
"
73f3f7f2-572b-49c5-bc61-fddc79cdfee6,625a3e31-d3da-411b-82a1-ff59b06a4f34,false,"[OAS] [OAS] validation failed:
 - ERROR - [Path '/0/name'] Instance type (null) does not match any allowed primitive type (allowed: [""string""]): []
"
73f3f7f2-572b-49c5-bc61-fddc79cdfee6,57b20176-1933-4c93-86ed-d8521ab31fc9,false,"[OAS] [OAS] validation failed:
 - ERROR - [Path '/0/name'] Instance type (number) does not match any allowed primitive type (allowed: [""string""]): []
"
73f3f7f2-572b-49c5-bc61-fddc79cdfee6,73b98fb4-e111-41fc-94d4-8229d294a5e1,false,"[OAS] [OAS] validation failed:
 - ERROR - [Path '/0/title'] Instance type (number) does not match any allowed primitive type (allowed: [""null"",""string""]): []
"
73f3f7f2-572b-49c5-bc61-fddc79cdfee6,f600ba7e-21c9-4b3d-862f-f69b8f8e071c,false,"[OAS] [OAS] validation failed:
 - ERROR - [Path '/0/image'] Instance type (object) does not match any allowed primitive type (allowed: [""null"",""string""]): []
"
73f3f7f2-572b-49c5-bc61-fddc79cdfee6,9f9e4cd8-e88a-4e0f-aa0a-c08a10ce8ce3,false,"[OAS] [OAS] validation failed:
 - ERROR - [Path '/0/organizationName'] Instance type (null) does not match any allowed primitive type (allowed: [""string""]): []
"
73f3f7f2-572b-49c5-bc61-fddc79cdfee6,ea63f428-95fc-4582-9fa2-7b4f8e32c82f,false,"[OAS] [OAS] validation failed:
 - ERROR - [Path '/0/organizationName'] Instance type (object) does not match any allowed primitive type (allowed: [""string""]): []
"
73f3f7f2-572b-49c5-bc61-fddc79cdfee6,314ecf82-7cbc-4012-84ee-8fb3a5d11481,false,"[OAS] [OAS] validation failed:
 - ERROR - [Path '/0/url'] Instance type (object) does not match any allowed primitive type (allowed: [""null"",""string""]): []
"
73f3f7f2-572b-49c5-bc61-fddc79cdfee6,c0563345-aa1a-4132-bf5d-5d6860294376,false,"[OAS] [OAS] validation failed:
 - ERROR - [Path '/0/description'] Instance type (array) does not match any allowed primitive type (allowed: [""null"",""string""]): []
"
73f3f7f2-572b-49c5-bc61-fddc79cdfee6,9aef14ef-760d-4a80-a5d2-36fa39e50857,false,"[OAS] [OAS] validation failed:
 - ERROR - [Path '/0/starsCount'] Instance type (null) does not match any allowed primitive type (allowed: [""integer""]): []
"
73f3f7f2-572b-49c5-bc61-fddc79cdfee6,0d798cbd-419a-40fc-88d0-ecd6ee946533,false,"[OAS] [OAS] validation failed:
 - ERROR - [Path '/0/starsCount'] Instance type (object) does not match any allowed primitive type (allowed: [""integer""]): []
"
73f3f7f2-572b-49c5-bc61-fddc79cdfee6,5003ec29-65cf-47be-8587-6071a543b8ff,false,"[OAS] [OAS] validation failed:
 - ERROR - [Path '/0/commitsCount'] Instance type (null) does not match any allowed primitive type (allowed: [""integer""]): []
"
73f3f7f2-572b-49c5-bc61-fddc79cdfee6,a62e7d2a-d4b4-4bba-99fa-212418c91536,false,"[OAS] [OAS] validation failed:
 - ERROR - [Path '/0/commitsCount'] Instance type (object) does not match any allowed primitive type (allowed: [""integer""]): []
"
73f3f7f2-572b-49c5-bc61-fddc79cdfee6,985b1cc8-8348-4392-b549-2e929716c674,false,"[OAS] [OAS] validation failed:
 - ERROR - [Path '/0/forksCount'] Instance type (null) does not match any allowed primitive type (allowed: [""integer""]): []
"
73f3f7f2-572b-49c5-bc61-fddc79cdfee6,25d50834-c3f4-42b9-904b-b204929ac5ff,false,"[OAS] [OAS] validation failed:
 - ERROR - [Path '/0/forksCount'] Instance type (array) does not match any allowed primitive type (allowed: [""integer""]): []
"
73f3f7f2-572b-49c5-bc61-fddc79cdfee6,0552fd23-251b-48e6-8ec9-ee42df566805,false,"[OAS] [OAS] validation failed:
 - ERROR - [Path '/0/contributorsCount'] Instance type (null) does not match any allowed primitive type (allowed: [""integer""]): []
"
73f3f7f2-572b-49c5-bc61-fddc79cdfee6,d2295f4d-ae5e-4a3b-9ec1-d1930dd0d46e,false,"[OAS] [OAS] validation failed:
 - ERROR - [Path '/0/contributorsCount'] Instance type (string) does not match any allowed primitive type (allowed: [""integer""]): []
"
73f3f7f2-572b-49c5-bc61-fddc79cdfee6,90b2c56a-5e14-4bcf-870b-58f56ba43fe9,false,"[OAS] [OAS] validation failed:
 - ERROR - [Path '/0/score'] Instance type (null) does not match any allowed primitive type (allowed: [""integer""]): []
"
73f3f7f2-572b-49c5-bc61-fddc79cdfee6,53ac3d61-9a17-47b7-a7ba-4d60f6f65a19,false,"[OAS] [OAS] validation failed:
 - ERROR - [Path '/0/score'] Instance type (array) does not match any allowed primitive type (allowed: [""integer""]): []
"
73f3f7f2-572b-49c5-bc61-fddc79cdfee6,d50846e5-19fd-4bdf-8edc-32c50cf2b8b8,false,"[OAS] [OAS] validation failed:
 - ERROR - [Path '/0/lastPushed'] Instance type (array) does not match any allowed primitive type (allowed: [""null"",""string""]): []
"
73f3f7f2-572b-49c5-bc61-fddc79cdfee6,37cf17d2-46e3-4ee4-8b02-1c1bad15295e,false,"[OAS] [OAS] validation failed:
 - ERROR - [Path '/0/primaryLanguage'] Instance type (null) does not match any allowed primitive type (allowed: [""string""]): []
"
73f3f7f2-572b-49c5-bc61-fddc79cdfee6,4031ca70-0e94-4467-8b1d-78a14880a69d,false,"[OAS] [OAS] validation failed:
 - ERROR - [Path '/0/primaryLanguage'] Instance type (object) does not match any allowed primitive type (allowed: [""string""]): []
"
73f3f7f2-572b-49c5-bc61-fddc79cdfee6,d47c33f8-ae75-4a90-acfe-25487fcd9722,false,"[OAS] [OAS] validation failed:
 - ERROR - [Path '/0/maintainers/0'] Instance type (object) does not match any allowed primitive type (allowed: [""string""]): []
 - ERROR - [Path '/0/maintainers/1'] Instance type (integer) does not match any allowed primitive type (allowed: [""string""]): []
 - ERROR - [Path '/0/maintainers/2'] Instance type (array) does not match any allowed primitive type (allowed: [""string""]): []
 - ERROR - [Path '/0/maintainers/3'] Instance type (object) does not match any allowed primitive type (allowed: [""string""]): []
"
73f3f7f2-572b-49c5-bc61-fddc79cdfee6,f3357f0b-4fca-477c-b165-ed64f00f9f16,false,"[OAS] [OAS] validation failed:
 - ERROR - [Path '/0/maintainers'] Instance type (null) does not match any allowed primitive type (allowed: [""array""]): []
"
73f3f7f2-572b-49c5-bc61-fddc79cdfee6,b539bfad-7b3c-45e6-9e68-71b5b6cb9aba,false,"[OAS] [OAS] validation failed:
 - ERROR - [Path '/0/maintainers'] Instance type (object) does not match any allowed primitive type (allowed: [""array""]): []
"
73f3f7f2-572b-49c5-bc61-fddc79cdfee6,09bb3d14-0e03-46fa-8c13-902b9e0fd40d,false,"[OAS] [OAS] validation failed:
 - ERROR - [Path '/1'] Object instance has properties which are not allowed by the schema: [""randomObject1""]: []
"
73f3f7f2-572b-49c5-bc61-fddc79cdfee6,3d8e178c-c4e2-44eb-9482-60215d5dd825,false,"[OAS] [OAS] validation failed:
 - ERROR - [Path '/1'] Instance type (null) does not match any allowed primitive type (allowed: [""object""]): []
"
73f3f7f2-572b-49c5-bc61-fddc79cdfee6,0644e7fc-d890-4386-96f3-8fb73faef691,false,"[OAS] [OAS] validation failed:
 - ERROR - [Path '/1'] Instance type (array) does not match any allowed primitive type (allowed: [""object""]): []
"
73f3f7f2-572b-49c5-bc61-fddc79cdfee6,6d14d347-1cf7-470f-81b2-becb389ccb8e,false,"[OAS] [OAS] validation failed:
 - ERROR - [Path '/1/languageList/0'] Instance type (integer) does not match any allowed primitive type (allowed: [""string""]): []
 - ERROR - [Path '/1/languageList/1'] Instance type (object) does not match any allowed primitive type (allowed: [""string""]): []
 - ERROR - [Path '/1/languageList/3'] Instance type (array) does not match any allowed primitive type (allowed: [""string""]): []
"
73f3f7f2-572b-49c5-bc61-fddc79cdfee6,5de22077-22fb-4016-bd65-097e7bd831a5,false,"[OAS] [OAS] validation failed:
 - ERROR - [Path '/1/languageList'] Instance type (null) does not match any allowed primitive type (allowed: [""array""]): []
"
73f3f7f2-572b-49c5-bc61-fddc79cdfee6,3b7242b2-7c9e-4711-8e1d-86296befc022,false,"[OAS] [OAS] validation failed:
 - ERROR - [Path '/1/languageList'] Instance type (object) does not match any allowed primitive type (allowed: [""array""]): []
"
73f3f7f2-572b-49c5-bc61-fddc79cdfee6,583cf53e-75e2-4d62-8c79-e341ce4847fa,false,"[OAS] [OAS] validation failed:
 - ERROR - [Path '/1/gitHubProjectId'] Instance type (null) does not match any allowed primitive type (allowed: [""integer""]): []
"
73f3f7f2-572b-49c5-bc61-fddc79cdfee6,550ff76f-f09b-4c7d-8e2f-81b573c3084b,false,"[OAS] [OAS] validation failed:
 - ERROR - [Path '/1/gitHubProjectId'] Instance type (object) does not match any allowed primitive type (allowed: [""integer""]): []
"
73f3f7f2-572b-49c5-bc61-fddc79cdfee6,adaa652c-b785-400f-8424-46f12bbbb0d0,false,"[OAS] [OAS] validation failed:
 - ERROR - [Path '/1/name'] Instance type (null) does not match any allowed primitive type (allowed: [""string""]): []
"
73f3f7f2-572b-49c5-bc61-fddc79cdfee6,63ddd00d-4afa-4d52-9d2a-ccdd9ec87674,false,"[OAS] [OAS] validation failed:
 - ERROR - [Path '/1/name'] Instance type (array) does not match any allowed primitive type (allowed: [""string""]): []
"
73f3f7f2-572b-49c5-bc61-fddc79cdfee6,1538a8ed-ea2e-49ba-8fe0-eda35a4b2cc9,false,"[OAS] [OAS] validation failed:
 - ERROR - [Path '/1/title'] Instance type (object) does not match any allowed primitive type (allowed: [""null"",""string""]): []
"
73f3f7f2-572b-49c5-bc61-fddc79cdfee6,fb1b76e8-d17a-4404-971d-c6c396457f96,false,"[OAS] [OAS] validation failed:
 - ERROR - [Path '/1/image'] Instance type (array) does not match any allowed primitive type (allowed: [""null"",""string""]): []
"
73f3f7f2-572b-49c5-bc61-fddc79cdfee6,0d04de85-5537-4555-acd6-67a02822b48e,false,"[OAS] [OAS] validation failed:
 - ERROR - [Path '/1/organizationName'] Instance type (null) does not match any allowed primitive type (allowed: [""string""]): []
"
73f3f7f2-572b-49c5-bc61-fddc79cdfee6,91431abe-80a9-4101-aa69-a1daa21b0e11,false,"[OAS] [OAS] validation failed:
 - ERROR - [Path '/1/organizationName'] Instance type (integer) does not match any allowed primitive type (allowed: [""string""]): []
"
73f3f7f2-572b-49c5-bc61-fddc79cdfee6,87126873-7d3a-4568-b077-b25e6455b957,false,"[OAS] [OAS] validation failed:
 - ERROR - [Path '/1/url'] Instance type (integer) does not match any allowed primitive type (allowed: [""null"",""string""]): []
"
73f3f7f2-572b-49c5-bc61-fddc79cdfee6,c6bd3325-8eb4-454a-93fa-dcebe0516773,false,"[OAS] [OAS] validation failed:
 - ERROR - [Path '/1/description'] Instance type (object) does not match any allowed primitive type (allowed: [""null"",""string""]): []
"
73f3f7f2-572b-49c5-bc61-fddc79cdfee6,d1a23876-8574-4dca-ac82-dfcf28bb9620,false,"[OAS] [OAS] validation failed:
 - ERROR - [Path '/1/starsCount'] Instance type (null) does not match any allowed primitive type (allowed: [""integer""]): []
"
73f3f7f2-572b-49c5-bc61-fddc79cdfee6,db435363-4a63-4a68-bc5f-b546f914c329,false,"[OAS] [OAS] validation failed:
 - ERROR - [Path '/1/starsCount'] Instance type (array) does not match any allowed primitive type (allowed: [""integer""]): []
"
73f3f7f2-572b-49c5-bc61-fddc79cdfee6,9ddf766c-1961-4d97-9123-2503bd876435,false,"[OAS] [OAS] validation failed:
 - ERROR - [Path '/1/commitsCount'] Instance type (null) does not match any allowed primitive type (allowed: [""integer""]): []
"
73f3f7f2-572b-49c5-bc61-fddc79cdfee6,83e6f474-6812-4df6-a4ac-411ac94acf6e,false,"[OAS] [OAS] validation failed:
 - ERROR - [Path '/1/commitsCount'] Instance type (string) does not match any allowed primitive type (allowed: [""integer""]): []
"
73f3f7f2-572b-49c5-bc61-fddc79cdfee6,6fe8fb4b-3cdd-40ed-ad12-c44012680538,false,"[OAS] [OAS] validation failed:
 - ERROR - [Path '/1/forksCount'] Instance type (null) does not match any allowed primitive type (allowed: [""integer""]): []
"
73f3f7f2-572b-49c5-bc61-fddc79cdfee6,76f6c20b-b248-4e8a-b152-1ad4255c178f,false,"[OAS] [OAS] validation failed:
 - ERROR - [Path '/1/forksCount'] Instance type (object) does not match any allowed primitive type (allowed: [""integer""]): []
"
73f3f7f2-572b-49c5-bc61-fddc79cdfee6,238a05e5-cbca-443a-9f44-a14830cb496f,false,"[OAS] [OAS] validation failed:
 - ERROR - [Path '/1/contributorsCount'] Instance type (null) does not match any allowed primitive type (allowed: [""integer""]): []
"
73f3f7f2-572b-49c5-bc61-fddc79cdfee6,7cbf05f7-fa6c-484e-bbba-2aa600a6f385,false,"[OAS] [OAS] validation failed:
 - ERROR - [Path '/1/contributorsCount'] Instance type (boolean) does not match any allowed primitive type (allowed: [""integer""]): []
"
73f3f7f2-572b-49c5-bc61-fddc79cdfee6,22af7e21-c947-40d1-a75f-ec24dcc1617d,false,"[OAS] [OAS] validation failed:
 - ERROR - [Path '/1/externalContributorsCount'] Instance type (boolean) does not match any allowed primitive type (allowed: [""integer"",""null""]): []
"
73f3f7f2-572b-49c5-bc61-fddc79cdfee6,4fd9e231-f44c-467c-8fa5-d42726e3dcf5,false,"[OAS] [OAS] validation failed:
 - ERROR - [Path '/1/score'] Instance type (null) does not match any allowed primitive type (allowed: [""integer""]): []
"
73f3f7f2-572b-49c5-bc61-fddc79cdfee6,6e1b8922-8f92-4f60-b3ce-d3c32ecea84c,false,"[OAS] [OAS] validation failed:
 - ERROR - [Path '/1/score'] Instance type (array) does not match any allowed primitive type (allowed: [""integer""]): []
"
73f3f7f2-572b-49c5-bc61-fddc79cdfee6,53a1e927-55f7-4e83-91ad-f7b4195ede77,false,"[OAS] [OAS] validation failed:
 - ERROR - [Path '/1/lastPushed'] Instance type (array) does not match any allowed primitive type (allowed: [""null"",""string""]): []
"
73f3f7f2-572b-49c5-bc61-fddc79cdfee6,62c667ff-6e71-48a1-b3a3-6772231db6bf,false,"[OAS] [OAS] validation failed:
 - ERROR - [Path '/1/primaryLanguage'] Instance type (null) does not match any allowed primitive type (allowed: [""string""]): []
"
73f3f7f2-572b-49c5-bc61-fddc79cdfee6,df5db0c3-ab3b-40d4-be2d-03b6a1ae42e0,false,"[OAS] [OAS] validation failed:
 - ERROR - [Path '/1/primaryLanguage'] Instance type (array) does not match any allowed primitive type (allowed: [""string""]): []
"
73f3f7f2-572b-49c5-bc61-fddc79cdfee6,c0a8ae34-e875-4361-877d-e371b18ec0c1,false,"[OAS] [OAS] validation failed:
 - ERROR - [Path '/1/maintainers/0'] Instance type (null) does not match any allowed primitive type (allowed: [""string""]): []
"
73f3f7f2-572b-49c5-bc61-fddc79cdfee6,a2e46ea8-2288-486d-a4e1-ca762fe6faa0,false,"[OAS] [OAS] validation failed:
 - ERROR - [Path '/1/maintainers'] Instance type (null) does not match any allowed primitive type (allowed: [""array""]): []
"
73f3f7f2-572b-49c5-bc61-fddc79cdfee6,7d1ed2f4-3f61-421e-858e-a05458b3342b,false,"[OAS] [OAS] validation failed:
 - ERROR - [Path '/1/maintainers'] Instance type (integer) does not match any allowed primitive type (allowed: [""array""]): []
"
73f3f7f2-572b-49c5-bc61-fddc79cdfee6,2169e89c-0d3d-4545-a174-c426fc5d9b84,false,"[OAS] [OAS] validation failed:
 - ERROR - [Path '/2'] Object instance has properties which are not allowed by the schema: [""randomLong1""]: []
"
73f3f7f2-572b-49c5-bc61-fddc79cdfee6,f07a24f2-8d86-40db-b1a3-01b4167f17e4,false,"[OAS] [OAS] validation failed:
 - ERROR - [Path '/2'] Instance type (null) does not match any allowed primitive type (allowed: [""object""]): []
"
73f3f7f2-572b-49c5-bc61-fddc79cdfee6,9086cd82-b173-43c7-8e68-85c15044341d,false,"[OAS] [OAS] validation failed:
 - ERROR - [Path '/2'] Instance type (integer) does not match any allowed primitive type (allowed: [""object""]): []
"
73f3f7f2-572b-49c5-bc61-fddc79cdfee6,98ce0052-7ddc-4aa1-b068-942142837665,false,"[OAS] [OAS] validation failed:
 - ERROR - [Path '/2/languageList/0'] Instance type (integer) does not match any allowed primitive type (allowed: [""string""]): []
"
73f3f7f2-572b-49c5-bc61-fddc79cdfee6,60f44958-4cae-4463-aa60-49d9251e2e3e,false,"[OAS] [OAS] validation failed:
 - ERROR - [Path '/2/languageList'] Instance type (null) does not match any allowed primitive type (allowed: [""array""]): []
"
73f3f7f2-572b-49c5-bc61-fddc79cdfee6,98f0d038-3129-4cdc-8fbf-ea75ff9460b8,false,"[OAS] [OAS] validation failed:
 - ERROR - [Path '/2/languageList'] Instance type (object) does not match any allowed primitive type (allowed: [""array""]): []
"
73f3f7f2-572b-49c5-bc61-fddc79cdfee6,63c32ab0-11da-4648-a122-7cfb7d141594,false,"[OAS] [OAS] validation failed:
 - ERROR - [Path '/2/gitHubProjectId'] Instance type (null) does not match any allowed primitive type (allowed: [""integer""]): []
"
73f3f7f2-572b-49c5-bc61-fddc79cdfee6,f31a418a-42cb-4454-977a-44da10e5cb82,false,"[OAS] [OAS] validation failed:
 - ERROR - [Path '/2/gitHubProjectId'] Instance type (object) does not match any allowed primitive type (allowed: [""integer""]): []
"
73f3f7f2-572b-49c5-bc61-fddc79cdfee6,253ae675-dcc6-42b8-b162-aa289474108d,false,"[OAS] [OAS] validation failed:
 - ERROR - [Path '/2/name'] Instance type (null) does not match any allowed primitive type (allowed: [""string""]): []
"
73f3f7f2-572b-49c5-bc61-fddc79cdfee6,6ea3198b-8681-478b-af51-8cdcd5e2f6d9,false,"[OAS] [OAS] validation failed:
 - ERROR - [Path '/2/name'] Instance type (object) does not match any allowed primitive type (allowed: [""string""]): []
"
73f3f7f2-572b-49c5-bc61-fddc79cdfee6,1cdc7a64-ea5f-417f-935d-ba84c8849889,false,"[OAS] [OAS] validation failed:
 - ERROR - [Path '/2/title'] Instance type (integer) does not match any allowed primitive type (allowed: [""null"",""string""]): []
"
73f3f7f2-572b-49c5-bc61-fddc79cdfee6,a8821dae-c618-4ccf-a140-f5e66b8d6ff0,false,"[OAS] [OAS] validation failed:
 - ERROR - [Path '/2/image'] Instance type (integer) does not match any allowed primitive type (allowed: [""null"",""string""]): []
"
73f3f7f2-572b-49c5-bc61-fddc79cdfee6,b79919c4-6ae1-4634-8ec3-ed5fae2d1466,false,"[OAS] [OAS] validation failed:
 - ERROR - [Path '/2/organizationName'] Instance type (null) does not match any allowed primitive type (allowed: [""string""]): []
"
73f3f7f2-572b-49c5-bc61-fddc79cdfee6,a0999eb0-6452-4f7c-91d8-11160136a83e,false,"[OAS] [OAS] validation failed:
 - ERROR - [Path '/2/organizationName'] Instance type (array) does not match any allowed primitive type (allowed: [""string""]): []
"
73f3f7f2-572b-49c5-bc61-fddc79cdfee6,9247c0a1-12b0-434d-95dd-11611dc90eea,false,"[OAS] [OAS] validation failed:
 - ERROR - [Path '/2/url'] Instance type (array) does not match any allowed primitive type (allowed: [""null"",""string""]): []
"
73f3f7f2-572b-49c5-bc61-fddc79cdfee6,c08c987c-cd0a-4c07-b1b9-023f8210f202,false,"[OAS] [OAS] validation failed:
 - ERROR - [Path '/2/description'] Instance type (array) does not match any allowed primitive type (allowed: [""null"",""string""]): []
"
73f3f7f2-572b-49c5-bc61-fddc79cdfee6,71620e15-7bf0-4b66-b94f-c39b04879ac1,false,"[OAS] [OAS] validation failed:
 - ERROR - [Path '/2/starsCount'] Instance type (null) does not match any allowed primitive type (allowed: [""integer""]): []
"
73f3f7f2-572b-49c5-bc61-fddc79cdfee6,72411eca-7eae-4c43-b701-654f7d609962,false,"[OAS] [OAS] validation failed:
 - ERROR - [Path '/2/starsCount'] Instance type (array) does not match any allowed primitive type (allowed: [""integer""]): []
"
73f3f7f2-572b-49c5-bc61-fddc79cdfee6,b285ea1b-d002-416c-857f-c56a4646e2c4,false,"[OAS] [OAS] validation failed:
 - ERROR - [Path '/2/commitsCount'] Instance type (null) does not match any allowed primitive type (allowed: [""integer""]): []
"
73f3f7f2-572b-49c5-bc61-fddc79cdfee6,27d93753-225c-4e49-adf1-11fe0d941bb3,false,"[OAS] [OAS] validation failed:
 - ERROR - [Path '/2/commitsCount'] Instance type (array) does not match any allowed primitive type (allowed: [""integer""]): []
"
73f3f7f2-572b-49c5-bc61-fddc79cdfee6,fc0a0a6c-2b99-4081-8c15-f71a324985f0,false,"[OAS] [OAS] validation failed:
 - ERROR - [Path '/2/forksCount'] Instance type (null) does not match any allowed primitive type (allowed: [""integer""]): []
"
73f3f7f2-572b-49c5-bc61-fddc79cdfee6,b154192c-0b15-40b0-87e2-9bcecbea3a0d,false,"[OAS] [OAS] validation failed:
 - ERROR - [Path '/2/forksCount'] Instance type (string) does not match any allowed primitive type (allowed: [""integer""]): []
"
73f3f7f2-572b-49c5-bc61-fddc79cdfee6,9da916b0-adc7-478a-99a1-1e11d913c13d,false,"[OAS] [OAS] validation failed:
 - ERROR - [Path '/2/contributorsCount'] Instance type (null) does not match any allowed primitive type (allowed: [""integer""]): []
"
73f3f7f2-572b-49c5-bc61-fddc79cdfee6,cbb015d3-923a-45fd-8d47-cdff3a29497d,false,"[OAS] [OAS] validation failed:
 - ERROR - [Path '/2/contributorsCount'] Instance type (boolean) does not match any allowed primitive type (allowed: [""integer""]): []
"
73f3f7f2-572b-49c5-bc61-fddc79cdfee6,76f60e78-ce84-47a6-93cd-6fbb1df7f132,false,"[OAS] [OAS] validation failed:
 - ERROR - [Path '/2/externalContributorsCount'] Instance type (string) does not match any allowed primitive type (allowed: [""integer"",""null""]): []
"
73f3f7f2-572b-49c5-bc61-fddc79cdfee6,81d11225-fe43-4e41-96f2-516efa2d888d,false,"[OAS] [OAS] validation failed:
 - ERROR - [Path '/2/score'] Instance type (null) does not match any allowed primitive type (allowed: [""integer""]): []
"
73f3f7f2-572b-49c5-bc61-fddc79cdfee6,8bb44d63-b8d3-450e-80ab-57b809563a55,false,"[OAS] [OAS] validation failed:
 - ERROR - [Path '/2/score'] Instance type (array) does not match any allowed primitive type (allowed: [""integer""]): []
"
73f3f7f2-572b-49c5-bc61-fddc79cdfee6,a4b68c82-c0a8-4aa0-93a3-a6e4deecdb06,false,"[OAS] [OAS] validation failed:
 - ERROR - [Path '/2/lastPushed'] Instance type (boolean) does not match any allowed primitive type (allowed: [""null"",""string""]): []
"
73f3f7f2-572b-49c5-bc61-fddc79cdfee6,600de2c0-864f-4ded-87be-7ba8f5e2e61c,false,"[OAS] [OAS] validation failed:
 - ERROR - [Path '/2/primaryLanguage'] Instance type (null) does not match any allowed primitive type (allowed: [""string""]): []
"
73f3f7f2-572b-49c5-bc61-fddc79cdfee6,f5088be2-9165-4300-8cd3-bb6c4b0ecf4a,false,"[OAS] [OAS] validation failed:
 - ERROR - [Path '/2/primaryLanguage'] Instance type (integer) does not match any allowed primitive type (allowed: [""string""]): []
"
73f3f7f2-572b-49c5-bc61-fddc79cdfee6,947bebae-d1e1-4eda-931e-9240bf4ac151,false,"[OAS] [OAS] validation failed:
 - ERROR - [Path '/2/maintainers/0'] Instance type (null) does not match any allowed primitive type (allowed: [""string""]): []
 - ERROR - [Path '/2/maintainers/1'] Instance type (boolean) does not match any allowed primitive type (allowed: [""string""]): []
 - ERROR - [Path '/2/maintainers/2'] Instance type (array) does not match any allowed primitive type (allowed: [""string""]): []
 - ERROR - [Path '/2/maintainers/3'] Instance type (object) does not match any allowed primitive type (allowed: [""string""]): []
"
73f3f7f2-572b-49c5-bc61-fddc79cdfee6,3200a458-655e-4084-b3d1-b90664da82f0,false,"[OAS] [OAS] validation failed:
 - ERROR - [Path '/2/maintainers'] Instance type (null) does not match any allowed primitive type (allowed: [""array""]): []
"
73f3f7f2-572b-49c5-bc61-fddc79cdfee6,e57150d3-03b5-4029-a81e-a74b7f8cd9ff,false,"[OAS] [OAS] validation failed:
 - ERROR - [Path '/2/maintainers'] Instance type (integer) does not match any allowed primitive type (allowed: [""array""]): []
"
73f3f7f2-572b-49c5-bc61-fddc79cdfee6,fae043aa-ae8d-4448-b33d-871fd5f0345b,false,"[OAS] [OAS] validation failed:
 - ERROR - [Path '/3'] Object instance has properties which are not allowed by the schema: [""randomObject1""]: []
"
73f3f7f2-572b-49c5-bc61-fddc79cdfee6,ab257afe-d129-4304-bfa5-fc059a3933f2,false,"[OAS] [OAS] validation failed:
 - ERROR - [Path '/3'] Instance type (null) does not match any allowed primitive type (allowed: [""object""]): []
"
73f3f7f2-572b-49c5-bc61-fddc79cdfee6,11557c19-0e50-470f-bea7-a46c9fd17977,false,"[OAS] [OAS] validation failed:
 - ERROR - [Path '/3'] Instance type (array) does not match any allowed primitive type (allowed: [""object""]): []
"
73f3f7f2-572b-49c5-bc61-fddc79cdfee6,5107c518-dc7c-4a4c-9d90-a4529928fb4c,false,"[OAS] [OAS] validation failed:
 - ERROR - [Path '/3/languageList/0'] Instance type (null) does not match any allowed primitive type (allowed: [""string""]): []
 - ERROR - [Path '/3/languageList/1'] Instance type (null) does not match any allowed primitive type (allowed: [""string""]): []
 - ERROR - [Path '/3/languageList/2'] Instance type (number) does not match any allowed primitive type (allowed: [""string""]): []
"
73f3f7f2-572b-49c5-bc61-fddc79cdfee6,14ccbfee-16c0-4b90-b193-4f6b0e1608f2,false,"[OAS] [OAS] validation failed:
 - ERROR - [Path '/3/languageList'] Instance type (null) does not match any allowed primitive type (allowed: [""array""]): []
"
73f3f7f2-572b-49c5-bc61-fddc79cdfee6,d3a7555e-9dbb-44fe-b647-058dda4ffcde,false,"[OAS] [OAS] validation failed:
 - ERROR - [Path '/3/languageList'] Instance type (object) does not match any allowed primitive type (allowed: [""array""]): []
"
73f3f7f2-572b-49c5-bc61-fddc79cdfee6,515829fe-bd64-42f4-87c6-e14ff5b65cb2,false,"[OAS] [OAS] validation failed:
 - ERROR - [Path '/3/gitHubProjectId'] Instance type (null) does not match any allowed primitive type (allowed: [""integer""]): []
"
73f3f7f2-572b-49c5-bc61-fddc79cdfee6,a0ff865d-9909-4806-b0e2-b080bc6fc3ec,false,"[OAS] [OAS] validation failed:
 - ERROR - [Path '/3/gitHubProjectId'] Instance type (object) does not match any allowed primitive type (allowed: [""integer""]): []
"
73f3f7f2-572b-49c5-bc61-fddc79cdfee6,204186e7-8d66-44ca-8ae5-d92a3198658c,false,"[OAS] [OAS] validation failed:
 - ERROR - [Path '/3/name'] Instance type (null) does not match any allowed primitive type (allowed: [""string""]): []
"
73f3f7f2-572b-49c5-bc61-fddc79cdfee6,cfd31323-8720-4132-93fa-e323e5ff3a11,false,"[OAS] [OAS] validation failed:
 - ERROR - [Path '/3/name'] Instance type (object) does not match any allowed primitive type (allowed: [""string""]): []
"
73f3f7f2-572b-49c5-bc61-fddc79cdfee6,2dc62a28-9742-4b42-967f-e1675ebf69b7,false,"[OAS] [OAS] validation failed:
 - ERROR - [Path '/3/title'] Instance type (array) does not match any allowed primitive type (allowed: [""null"",""string""]): []
"
73f3f7f2-572b-49c5-bc61-fddc79cdfee6,e272be72-3929-4f7a-827a-1902f2e58ba8,false,"[OAS] [OAS] validation failed:
 - ERROR - [Path '/3/image'] Instance type (object) does not match any allowed primitive type (allowed: [""null"",""string""]): []
"
73f3f7f2-572b-49c5-bc61-fddc79cdfee6,5d63daa5-cca5-4be0-96ca-f182bbb6b71a,false,"[OAS] [OAS] validation failed:
 - ERROR - [Path '/3/organizationName'] Instance type (null) does not match any allowed primitive type (allowed: [""string""]): []
"
73f3f7f2-572b-49c5-bc61-fddc79cdfee6,7cbdeeda-ff6c-4dfd-a30d-021f18e753b9,false,"[OAS] [OAS] validation failed:
 - ERROR - [Path '/3/organizationName'] Instance type (boolean) does not match any allowed primitive type (allowed: [""string""]): []
"
73f3f7f2-572b-49c5-bc61-fddc79cdfee6,27b45e62-81bc-4998-a984-c77e90794348,false,"[OAS] [OAS] validation failed:
 - ERROR - [Path '/3/starsCount'] Instance type (null) does not match any allowed primitive type (allowed: [""integer""]): []
"
73f3f7f2-572b-49c5-bc61-fddc79cdfee6,af96f264-9ce0-4c74-a93d-e704f14fad13,false,"[OAS] [OAS] validation failed:
 - ERROR - [Path '/3/starsCount'] Instance type (string) does not match any allowed primitive type (allowed: [""integer""]): []
"
73f3f7f2-572b-49c5-bc61-fddc79cdfee6,35393f85-8cdf-4ae1-b349-02e39375984e,false,"[OAS] [OAS] validation failed:
 - ERROR - [Path '/3/commitsCount'] Instance type (null) does not match any allowed primitive type (allowed: [""integer""]): []
"
73f3f7f2-572b-49c5-bc61-fddc79cdfee6,5adc4fe0-6520-46fb-9d1f-21f3908d1b00,false,"[OAS] [OAS] validation failed:
 - ERROR - [Path '/3/commitsCount'] Instance type (string) does not match any allowed primitive type (allowed: [""integer""]): []
"
73f3f7f2-572b-49c5-bc61-fddc79cdfee6,10a1590b-143a-4249-ae9f-477d2431749a,false,"[OAS] [OAS] validation failed:
 - ERROR - [Path '/3/forksCount'] Instance type (null) does not match any allowed primitive type (allowed: [""integer""]): []
"
73f3f7f2-572b-49c5-bc61-fddc79cdfee6,4987044f-399a-49e0-9061-f5069a94b178,false,"[OAS] [OAS] validation failed:
 - ERROR - [Path '/3/forksCount'] Instance type (object) does not match any allowed primitive type (allowed: [""integer""]): []
"
73f3f7f2-572b-49c5-bc61-fddc79cdfee6,43166d88-9e68-488b-af80-c7709a222b86,false,"[OAS] [OAS] validation failed:
 - ERROR - [Path '/3/contributorsCount'] Instance type (null) does not match any allowed primitive type (allowed: [""integer""]): []
"
73f3f7f2-572b-49c5-bc61-fddc79cdfee6,1ff2722a-d62d-4ca6-8d0d-ab8281934280,false,"[OAS] [OAS] validation failed:
 - ERROR - [Path '/3/contributorsCount'] Instance type (number) does not match any allowed primitive type (allowed: [""integer""]): []
"
73f3f7f2-572b-49c5-bc61-fddc79cdfee6,e931f665-961c-44ee-9014-d860882832e5,false,"[OAS] [OAS] validation failed:
 - ERROR - [Path '/3/externalContributorsCount'] Instance type (object) does not match any allowed primitive type (allowed: [""integer"",""null""]): []
"
73f3f7f2-572b-49c5-bc61-fddc79cdfee6,fadd8235-f842-4e9b-ba9f-c196bd9d50c9,false,"[OAS] [OAS] validation failed:
 - ERROR - [Path '/3/score'] Instance type (null) does not match any allowed primitive type (allowed: [""integer""]): []
"
73f3f7f2-572b-49c5-bc61-fddc79cdfee6,cbf421ed-cd1e-4887-b9ab-bc50f13ceb86,false,"[OAS] [OAS] validation failed:
 - ERROR - [Path '/3/score'] Instance type (string) does not match any allowed primitive type (allowed: [""integer""]): []
"
73f3f7f2-572b-49c5-bc61-fddc79cdfee6,1a83acc7-9eec-4044-8a8a-fc7fff914d3c,false,"[OAS] [OAS] validation failed:
 - ERROR - [Path '/3/lastPushed'] Instance type (number) does not match any allowed primitive type (allowed: [""null"",""string""]): []
"
73f3f7f2-572b-49c5-bc61-fddc79cdfee6,192254ab-8ceb-417e-82c4-e8e76b5eeb7c,false,"[OAS] [OAS] validation failed:
 - ERROR - [Path '/3/primaryLanguage'] Instance type (null) does not match any allowed primitive type (allowed: [""string""]): []
"
73f3f7f2-572b-49c5-bc61-fddc79cdfee6,dd4265b4-d694-4906-87a6-e8185d827ba9,false,"[OAS] [OAS] validation failed:
 - ERROR - [Path '/3/primaryLanguage'] Instance type (array) does not match any allowed primitive type (allowed: [""string""]): []
"
73f3f7f2-572b-49c5-bc61-fddc79cdfee6,dd056480-df00-46ba-8cca-360433d6c541,false,"[OAS] [OAS] validation failed:
 - ERROR - [Path '/3/maintainers/1'] Instance type (object) does not match any allowed primitive type (allowed: [""string""]): []
 - ERROR - [Path '/3/maintainers/2'] Instance type (array) does not match any allowed primitive type (allowed: [""string""]): []
"
73f3f7f2-572b-49c5-bc61-fddc79cdfee6,9101310d-cd8b-417b-b674-bb52300db2b3,false,"[OAS] [OAS] validation failed:
 - ERROR - [Path '/3/maintainers'] Instance type (null) does not match any allowed primitive type (allowed: [""array""]): []
"
73f3f7f2-572b-49c5-bc61-fddc79cdfee6,e52f6965-de64-4b1c-8718-642e7e99a10f,false,"[OAS] [OAS] validation failed:
 - ERROR - [Path '/3/maintainers'] Instance type (boolean) does not match any allowed primitive type (allowed: [""array""]): []
"
73f3f7f2-572b-49c5-bc61-fddc79cdfee6,839d8867-8f7c-4494-8244-fd804a809fc3,false,"[OAS] [OAS] validation failed:
 - ERROR - [Path '/4'] Object instance has properties which are not allowed by the schema: [""randomLong1""]: []
"
73f3f7f2-572b-49c5-bc61-fddc79cdfee6,25e83160-7702-4685-9193-c86d3ece8871,false,"[OAS] [OAS] validation failed:
 - ERROR - [Path '/4'] Instance type (null) does not match any allowed primitive type (allowed: [""object""]): []
"
73f3f7f2-572b-49c5-bc61-fddc79cdfee6,c89bfdbf-b099-4ebc-8cc9-5928a39cfa4b,false,"[OAS] [OAS] validation failed:
 - ERROR - [Path '/4'] Instance type (array) does not match any allowed primitive type (allowed: [""object""]): []
"
73f3f7f2-572b-49c5-bc61-fddc79cdfee6,e279295b-ba13-4b3d-8e09-ccde323d54dd,false,"[OAS] [OAS] validation failed:
 - ERROR - [Path '/4/languageList/0'] Instance type (null) does not match any allowed primitive type (allowed: [""string""]): []
"
73f3f7f2-572b-49c5-bc61-fddc79cdfee6,99e95db4-2eea-4816-8336-0e1b52b4908b,false,"[OAS] [OAS] validation failed:
 - ERROR - [Path '/4/languageList'] Instance type (null) does not match any allowed primitive type (allowed: [""array""]): []
"
73f3f7f2-572b-49c5-bc61-fddc79cdfee6,d3e44b7d-864a-42b0-8350-1ebc63a070c4,false,"[OAS] [OAS] validation failed:
 - ERROR - [Path '/4/languageList'] Instance type (integer) does not match any allowed primitive type (allowed: [""array""]): []
"
73f3f7f2-572b-49c5-bc61-fddc79cdfee6,b2bf1e5b-73bc-4a7c-9fe0-dd6bb14128d5,false,"[OAS] [OAS] validation failed:
 - ERROR - [Path '/4/gitHubProjectId'] Instance type (null) does not match any allowed primitive type (allowed: [""integer""]): []
"
73f3f7f2-572b-49c5-bc61-fddc79cdfee6,18d49c4b-7819-44a5-82dd-83665f92f6f4,false,"[OAS] [OAS] validation failed:
 - ERROR - [Path '/4/gitHubProjectId'] Instance type (string) does not match any allowed primitive type (allowed: [""integer""]): []
"
73f3f7f2-572b-49c5-bc61-fddc79cdfee6,f3996d5f-0cc8-4790-816e-135f41ffda39,false,"[OAS] [OAS] validation failed:
 - ERROR - [Path '/4/name'] Instance type (null) does not match any allowed primitive type (allowed: [""string""]): []
"
73f3f7f2-572b-49c5-bc61-fddc79cdfee6,65442845-fe39-4c29-b73c-5cf7e536c6dd,false,"[OAS] [OAS] validation failed:
 - ERROR - [Path '/4/name'] Instance type (integer) does not match any allowed primitive type (allowed: [""string""]): []
"
73f3f7f2-572b-49c5-bc61-fddc79cdfee6,d753170a-00fd-4b38-be6a-0ae93252a8bc,false,"[OAS] [OAS] validation failed:
 - ERROR - [Path '/4/organizationName'] Instance type (null) does not match any allowed primitive type (allowed: [""string""]): []
"
73f3f7f2-572b-49c5-bc61-fddc79cdfee6,65c9bba6-f5de-478c-959c-6a32190b3b48,false,"[OAS] [OAS] validation failed:
 - ERROR - [Path '/4/organizationName'] Instance type (integer) does not match any allowed primitive type (allowed: [""string""]): []
"
73f3f7f2-572b-49c5-bc61-fddc79cdfee6,4d078e18-e62e-4fb8-b760-b8523517789e,false,"[OAS] [OAS] validation failed:
 - ERROR - [Path '/4/description'] Instance type (object) does not match any allowed primitive type (allowed: [""null"",""string""]): []
"
73f3f7f2-572b-49c5-bc61-fddc79cdfee6,3c571b2f-d8da-44e5-bde5-d0e0a5f0ce92,false,"[OAS] [OAS] validation failed:
 - ERROR - [Path '/4/starsCount'] Instance type (null) does not match any allowed primitive type (allowed: [""integer""]): []
"
73f3f7f2-572b-49c5-bc61-fddc79cdfee6,965f99d8-7f25-4394-8660-843ec67b99d1,false,"[OAS] [OAS] validation failed:
 - ERROR - [Path '/4/starsCount'] Instance type (string) does not match any allowed primitive type (allowed: [""integer""]): []
"
73f3f7f2-572b-49c5-bc61-fddc79cdfee6,08184f9b-afce-40da-89cd-9a37a79e200b,false,"[OAS] [OAS] validation failed:
 - ERROR - [Path '/4/commitsCount'] Instance type (null) does not match any allowed primitive type (allowed: [""integer""]): []
"
73f3f7f2-572b-49c5-bc61-fddc79cdfee6,3c720f06-f3e3-49ca-b1fb-5bfef37c7bf4,false,"[OAS] [OAS] validation failed:
 - ERROR - [Path '/4/commitsCount'] Instance type (object) does not match any allowed primitive type (allowed: [""integer""]): []
"
73f3f7f2-572b-49c5-bc61-fddc79cdfee6,aa38594d-fcb7-4099-863b-80dde0d7b79a,false,"[OAS] [OAS] validation failed:
 - ERROR - [Path '/4/forksCount'] Instance type (null) does not match any allowed primitive type (allowed: [""integer""]): []
"
73f3f7f2-572b-49c5-bc61-fddc79cdfee6,f0fe93fd-0a6c-4ddb-a319-b787be8fed91,false,"[OAS] [OAS] validation failed:
 - ERROR - [Path '/4/forksCount'] Instance type (array) does not match any allowed primitive type (allowed: [""integer""]): []
"
73f3f7f2-572b-49c5-bc61-fddc79cdfee6,07c6bcd3-12a3-4aff-b854-1f9552dbd63a,false,"[OAS] [OAS] validation failed:
 - ERROR - [Path '/4/contributorsCount'] Instance type (null) does not match any allowed primitive type (allowed: [""integer""]): []
"
73f3f7f2-572b-49c5-bc61-fddc79cdfee6,5cd8f8cb-6f54-4ea5-adb6-0be196192710,false,"[OAS] [OAS] validation failed:
 - ERROR - [Path '/4/contributorsCount'] Instance type (string) does not match any allowed primitive type (allowed: [""integer""]): []
"
73f3f7f2-572b-49c5-bc61-fddc79cdfee6,8e59d62c-1aee-447c-bf14-d988ef3975c3,false,"[OAS] [OAS] validation failed:
 - ERROR - [Path '/4/externalContributorsCount'] Instance type (array) does not match any allowed primitive type (allowed: [""integer"",""null""]): []
"
73f3f7f2-572b-49c5-bc61-fddc79cdfee6,a6cb3d4d-1030-40c5-bd4f-2c0a4f78b328,false,"[OAS] [OAS] validation failed:
 - ERROR - [Path '/4/score'] Instance type (null) does not match any allowed primitive type (allowed: [""integer""]): []
"
73f3f7f2-572b-49c5-bc61-fddc79cdfee6,9f08776f-7044-40cf-83b1-c01fc2bb6d4f,false,"[OAS] [OAS] validation failed:
 - ERROR - [Path '/4/score'] Instance type (object) does not match any allowed primitive type (allowed: [""integer""]): []
"
73f3f7f2-572b-49c5-bc61-fddc79cdfee6,1a933a0b-408a-42b9-8c4c-baa605bfdec2,false,"[OAS] [OAS] validation failed:
 - ERROR - [Path '/4/lastPushed'] Instance type (integer) does not match any allowed primitive type (allowed: [""null"",""string""]): []
"
73f3f7f2-572b-49c5-bc61-fddc79cdfee6,3255ef79-c9ea-4df7-a6a4-c5d7ffc98934,false,"[OAS] [OAS] validation failed:
 - ERROR - [Path '/4/primaryLanguage'] Instance type (null) does not match any allowed primitive type (allowed: [""string""]): []
"
73f3f7f2-572b-49c5-bc61-fddc79cdfee6,6298377b-4ee0-4d46-a300-0e09df2a322f,false,"[OAS] [OAS] validation failed:
 - ERROR - [Path '/4/primaryLanguage'] Instance type (array) does not match any allowed primitive type (allowed: [""string""]): []
"
73f3f7f2-572b-49c5-bc61-fddc79cdfee6,8f693106-e88d-44b8-b1cf-f3902619347a,false,"[OAS] [OAS] validation failed:
 - ERROR - [Path '/4/maintainers/0'] Instance type (integer) does not match any allowed primitive type (allowed: [""string""]): []
 - ERROR - [Path '/4/maintainers/2'] Instance type (null) does not match any allowed primitive type (allowed: [""string""]): []
"
73f3f7f2-572b-49c5-bc61-fddc79cdfee6,834df16c-5d7d-4743-9930-a92efd3a7ad5,false,"[OAS] [OAS] validation failed:
 - ERROR - [Path '/4/maintainers'] Instance type (null) does not match any allowed primitive type (allowed: [""array""]): []
"
73f3f7f2-572b-49c5-bc61-fddc79cdfee6,099fe171-592d-498f-81c5-7a93c64c211f,false,"[OAS] [OAS] validation failed:
 - ERROR - [Path '/4/maintainers'] Instance type (integer) does not match any allowed primitive type (allowed: [""array""]): []
"
73f3f7f2-572b-49c5-bc61-fddc79cdfee6,dc19eed0-7c41-4fc7-b1a4-5ae1ba848216,false,"[OAS] [OAS] validation failed:
 - ERROR - [Path '/5'] Object instance has properties which are not allowed by the schema: [""randomString1""]: []
"
73f3f7f2-572b-49c5-bc61-fddc79cdfee6,3336fa0f-371e-4fb7-a407-c773963db6a1,false,"[OAS] [OAS] validation failed:
 - ERROR - [Path '/5'] Instance type (null) does not match any allowed primitive type (allowed: [""object""]): []
"
73f3f7f2-572b-49c5-bc61-fddc79cdfee6,3cc14345-8e04-4a1c-aa01-89111aa2f4a1,false,"[OAS] [OAS] validation failed:
 - ERROR - [Path '/5'] Instance type (integer) does not match any allowed primitive type (allowed: [""object""]): []
"
73f3f7f2-572b-49c5-bc61-fddc79cdfee6,b95c7b64-ea48-470b-ae65-7ff414b2cd51,false,"[OAS] [OAS] validation failed:
 - ERROR - [Path '/5/languageList/0'] Instance type (array) does not match any allowed primitive type (allowed: [""string""]): []
 - ERROR - [Path '/5/languageList/1'] Instance type (boolean) does not match any allowed primitive type (allowed: [""string""]): []
 - ERROR - [Path '/5/languageList/2'] Instance type (array) does not match any allowed primitive type (allowed: [""string""]): []
 - ERROR - [Path '/5/languageList/3'] Instance type (null) does not match any allowed primitive type (allowed: [""string""]): []
"
73f3f7f2-572b-49c5-bc61-fddc79cdfee6,a5dd7e33-3889-43fa-a432-53eade773f1b,false,"[OAS] [OAS] validation failed:
 - ERROR - [Path '/5/languageList'] Instance type (null) does not match any allowed primitive type (allowed: [""array""]): []
"
73f3f7f2-572b-49c5-bc61-fddc79cdfee6,4d4c0b6a-7747-4ac4-b012-3eabd0da4db1,false,"[OAS] [OAS] validation failed:
 - ERROR - [Path '/5/languageList'] Instance type (string) does not match any allowed primitive type (allowed: [""array""]): []
"
73f3f7f2-572b-49c5-bc61-fddc79cdfee6,e3a3177f-ea6d-4e1a-8822-33df6f15bbb4,false,"[OAS] [OAS] validation failed:
 - ERROR - [Path '/5/gitHubProjectId'] Instance type (null) does not match any allowed primitive type (allowed: [""integer""]): []
"
73f3f7f2-572b-49c5-bc61-fddc79cdfee6,cf795414-c16e-4c2c-9d1b-83ac984fa945,false,"[OAS] [OAS] validation failed:
 - ERROR - [Path '/5/gitHubProjectId'] Instance type (object) does not match any allowed primitive type (allowed: [""integer""]): []
"
73f3f7f2-572b-49c5-bc61-fddc79cdfee6,66bd2386-562a-4108-8a94-f6f04ef38f5a,false,"[OAS] [OAS] validation failed:
 - ERROR - [Path '/5/name'] Instance type (null) does not match any allowed primitive type (allowed: [""string""]): []
"
73f3f7f2-572b-49c5-bc61-fddc79cdfee6,4ed614e8-42ff-4e51-a941-53775ecd87a7,false,"[OAS] [OAS] validation failed:
 - ERROR - [Path '/5/name'] Instance type (array) does not match any allowed primitive type (allowed: [""string""]): []
"
73f3f7f2-572b-49c5-bc61-fddc79cdfee6,0bf7af17-a619-4b06-bbd9-0ee4c6bcc8c7,false,"[OAS] [OAS] validation failed:
 - ERROR - [Path '/5/title'] Instance type (object) does not match any allowed primitive type (allowed: [""null"",""string""]): []
"
73f3f7f2-572b-49c5-bc61-fddc79cdfee6,aca86dec-a313-4718-b51d-bf144bb15c62,false,"[OAS] [OAS] validation failed:
 - ERROR - [Path '/5/image'] Instance type (integer) does not match any allowed primitive type (allowed: [""null"",""string""]): []
"
73f3f7f2-572b-49c5-bc61-fddc79cdfee6,1b8d6811-957a-49db-9a15-24d07ea8328b,false,"[OAS] [OAS] validation failed:
 - ERROR - [Path '/5/organizationName'] Instance type (null) does not match any allowed primitive type (allowed: [""string""]): []
"
73f3f7f2-572b-49c5-bc61-fddc79cdfee6,44011491-8b00-4594-9080-7e91980d7c73,false,"[OAS] [OAS] validation failed:
 - ERROR - [Path '/5/organizationName'] Instance type (boolean) does not match any allowed primitive type (allowed: [""string""]): []
"
73f3f7f2-572b-49c5-bc61-fddc79cdfee6,04609a20-83bc-4db3-929d-b8eaa853c2ce,false,"[OAS] [OAS] validation failed:
 - ERROR - [Path '/5/description'] Instance type (integer) does not match any allowed primitive type (allowed: [""null"",""string""]): []
"
73f3f7f2-572b-49c5-bc61-fddc79cdfee6,a308d130-f2ed-4df0-9fea-2c89d8ea7765,false,"[OAS] [OAS] validation failed:
 - ERROR - [Path '/5/starsCount'] Instance type (null) does not match any allowed primitive type (allowed: [""integer""]): []
"
73f3f7f2-572b-49c5-bc61-fddc79cdfee6,6589d226-51e6-4a2f-8881-00cdd9f5c702,false,"[OAS] [OAS] validation failed:
 - ERROR - [Path '/5/starsCount'] Instance type (string) does not match any allowed primitive type (allowed: [""integer""]): []
"
73f3f7f2-572b-49c5-bc61-fddc79cdfee6,b8244df4-44c1-427f-af05-65f1520aaa1e,false,"[OAS] [OAS] validation failed:
 - ERROR - [Path '/5/commitsCount'] Instance type (null) does not match any allowed primitive type (allowed: [""integer""]): []
"
73f3f7f2-572b-49c5-bc61-fddc79cdfee6,b3a28e84-452e-41db-ba68-281d9ff9b0f7,false,"[OAS] [OAS] validation failed:
 - ERROR - [Path '/5/commitsCount'] Instance type (string) does not match any allowed primitive type (allowed: [""integer""]): []
"
73f3f7f2-572b-49c5-bc61-fddc79cdfee6,f5a013ed-7d87-43a8-8c95-b1acb9ad0e8e,false,"[OAS] [OAS] validation failed:
 - ERROR - [Path '/5/forksCount'] Instance type (null) does not match any allowed primitive type (allowed: [""integer""]): []
"
73f3f7f2-572b-49c5-bc61-fddc79cdfee6,b96b931f-92ae-4f8a-9a19-2a35357ee008,false,"[OAS] [OAS] validation failed:
 - ERROR - [Path '/5/forksCount'] Instance type (object) does not match any allowed primitive type (allowed: [""integer""]): []
"
73f3f7f2-572b-49c5-bc61-fddc79cdfee6,f1349dc8-8a49-40ce-b64f-08c145f1f927,false,"[OAS] [OAS] validation failed:
 - ERROR - [Path '/5/contributorsCount'] Instance type (null) does not match any allowed primitive type (allowed: [""integer""]): []
"
73f3f7f2-572b-49c5-bc61-fddc79cdfee6,9b565146-ec45-4bbb-9d9b-70d28d351c6f,false,"[OAS] [OAS] validation failed:
 - ERROR - [Path '/5/contributorsCount'] Instance type (array) does not match any allowed primitive type (allowed: [""integer""]): []
"
73f3f7f2-572b-49c5-bc61-fddc79cdfee6,1fad19ff-d706-4584-a4d5-4efa1d2733a4,false,"[OAS] [OAS] validation failed:
 - ERROR - [Path '/5/externalContributorsCount'] Instance type (object) does not match any allowed primitive type (allowed: [""integer"",""null""]): []
"
73f3f7f2-572b-49c5-bc61-fddc79cdfee6,b5afe312-7686-4f45-b5ae-07a5562301a6,false,"[OAS] [OAS] validation failed:
 - ERROR - [Path '/5/score'] Instance type (null) does not match any allowed primitive type (allowed: [""integer""]): []
"
73f3f7f2-572b-49c5-bc61-fddc79cdfee6,980ad61b-e485-42ca-89ac-292fe58251b2,false,"[OAS] [OAS] validation failed:
 - ERROR - [Path '/5/score'] Instance type (boolean) does not match any allowed primitive type (allowed: [""integer""]): []
"
73f3f7f2-572b-49c5-bc61-fddc79cdfee6,49d7b0a5-b0d6-4ac3-bc91-6a0ef3bd1e92,false,"[OAS] [OAS] validation failed:
 - ERROR - [Path '/5/lastPushed'] Instance type (array) does not match any allowed primitive type (allowed: [""null"",""string""]): []
"
73f3f7f2-572b-49c5-bc61-fddc79cdfee6,4dc23551-7f22-4a38-88bd-75ca777216e7,false,"[OAS] [OAS] validation failed:
 - ERROR - [Path '/5/primaryLanguage'] Instance type (null) does not match any allowed primitive type (allowed: [""string""]): []
"
73f3f7f2-572b-49c5-bc61-fddc79cdfee6,e61ae4a0-6d9e-4b15-ba5e-4cb399c89e09,false,"[OAS] [OAS] validation failed:
 - ERROR - [Path '/5/primaryLanguage'] Instance type (array) does not match any allowed primitive type (allowed: [""string""]): []
"
73f3f7f2-572b-49c5-bc61-fddc79cdfee6,47512411-8b54-4a69-b9e0-127c6f7f4037,false,"[OAS] [OAS] validation failed:
 - ERROR - [Path '/5/maintainers/0'] Instance type (null) does not match any allowed primitive type (allowed: [""string""]): []
 - ERROR - [Path '/5/maintainers/1'] Instance type (object) does not match any allowed primitive type (allowed: [""string""]): []
 - ERROR - [Path '/5/maintainers/2'] Instance type (integer) does not match any allowed primitive type (allowed: [""string""]): []
"
73f3f7f2-572b-49c5-bc61-fddc79cdfee6,a5a08aca-4e07-4ad5-8f6b-4b745ca4def3,false,"[OAS] [OAS] validation failed:
 - ERROR - [Path '/5/maintainers'] Instance type (null) does not match any allowed primitive type (allowed: [""array""]): []
"
73f3f7f2-572b-49c5-bc61-fddc79cdfee6,4c77cfbc-eb9c-411e-ab32-0b49bb16945a,false,"[OAS] [OAS] validation failed:
 - ERROR - [Path '/5/maintainers'] Instance type (boolean) does not match any allowed primitive type (allowed: [""array""]): []
"
73f3f7f2-572b-49c5-bc61-fddc79cdfee6,c5eae8c2-e2b5-4ad7-8100-dded501dedfd,false,"[OAS] [OAS] validation failed:
 - ERROR - [Path '/6'] Object instance has properties which are not allowed by the schema: [""randomLong1""]: []
"
73f3f7f2-572b-49c5-bc61-fddc79cdfee6,81465927-1438-4b5b-b887-be36cc654af8,false,"[OAS] [OAS] validation failed:
 - ERROR - [Path '/6'] Instance type (null) does not match any allowed primitive type (allowed: [""object""]): []
"
73f3f7f2-572b-49c5-bc61-fddc79cdfee6,2da51317-4c50-4d1a-bcb9-865e69b89613,false,"[OAS] [OAS] validation failed:
 - ERROR - [Path '/6'] Instance type (boolean) does not match any allowed primitive type (allowed: [""object""]): []
"
73f3f7f2-572b-49c5-bc61-fddc79cdfee6,f3d35db9-a68b-4397-a86b-f20de943e024,false,"[OAS] [OAS] validation failed:
 - ERROR - [Path '/6/languageList/0'] Instance type (array) does not match any allowed primitive type (allowed: [""string""]): []
 - ERROR - [Path '/6/languageList/1'] Instance type (integer) does not match any allowed primitive type (allowed: [""string""]): []
 - ERROR - [Path '/6/languageList/2'] Instance type (integer) does not match any allowed primitive type (allowed: [""string""]): []
"
73f3f7f2-572b-49c5-bc61-fddc79cdfee6,cf3efd8d-fc31-42ef-9799-3770ecbf203d,false,"[OAS] [OAS] validation failed:
 - ERROR - [Path '/6/languageList'] Instance type (null) does not match any allowed primitive type (allowed: [""array""]): []
"
73f3f7f2-572b-49c5-bc61-fddc79cdfee6,b57a045b-1e43-4df6-ac5d-935d08df5ee7,false,"[OAS] [OAS] validation failed:
 - ERROR - [Path '/6/languageList'] Instance type (object) does not match any allowed primitive type (allowed: [""array""]): []
"
73f3f7f2-572b-49c5-bc61-fddc79cdfee6,64d275c6-9862-4e78-9e3a-cff99fe6b5eb,false,"[OAS] [OAS] validation failed:
 - ERROR - [Path '/6/gitHubProjectId'] Instance type (null) does not match any allowed primitive type (allowed: [""integer""]): []
"
73f3f7f2-572b-49c5-bc61-fddc79cdfee6,0bf59411-741f-43ae-b595-0cf3f69bdc5a,false,"[OAS] [OAS] validation failed:
 - ERROR - [Path '/6/gitHubProjectId'] Instance type (array) does not match any allowed primitive type (allowed: [""integer""]): []
"
73f3f7f2-572b-49c5-bc61-fddc79cdfee6,9c93eaf6-da82-4971-9500-5ce1e664f2c9,false,"[OAS] [OAS] validation failed:
 - ERROR - [Path '/6/name'] Instance type (null) does not match any allowed primitive type (allowed: [""string""]): []
"
73f3f7f2-572b-49c5-bc61-fddc79cdfee6,d31e019c-9014-452b-b8fe-e98dabdffd05,false,"[OAS] [OAS] validation failed:
 - ERROR - [Path '/6/name'] Instance type (object) does not match any allowed primitive type (allowed: [""string""]): []
"
73f3f7f2-572b-49c5-bc61-fddc79cdfee6,99840390-fd82-4d21-b990-6efb16061e9e,false,"[OAS] [OAS] validation failed:
 - ERROR - [Path '/6/title'] Instance type (boolean) does not match any allowed primitive type (allowed: [""null"",""string""]): []
"
73f3f7f2-572b-49c5-bc61-fddc79cdfee6,66d6616d-5d0a-42c2-aeca-610bed18996a,false,"[OAS] [OAS] validation failed:
 - ERROR - [Path '/6/image'] Instance type (array) does not match any allowed primitive type (allowed: [""null"",""string""]): []
"
73f3f7f2-572b-49c5-bc61-fddc79cdfee6,e7200404-b665-4c34-add9-767fe644edef,false,"[OAS] [OAS] validation failed:
 - ERROR - [Path '/6/organizationName'] Instance type (null) does not match any allowed primitive type (allowed: [""string""]): []
"
73f3f7f2-572b-49c5-bc61-fddc79cdfee6,e96800ab-333b-4fe2-9da8-2e4e6d8934d2,false,"[OAS] [OAS] validation failed:
 - ERROR - [Path '/6/organizationName'] Instance type (object) does not match any allowed primitive type (allowed: [""string""]): []
"
73f3f7f2-572b-49c5-bc61-fddc79cdfee6,20f23986-5ce5-4e85-8c64-8273a5792a28,false,"[OAS] [OAS] validation failed:
 - ERROR - [Path '/6/starsCount'] Instance type (null) does not match any allowed primitive type (allowed: [""integer""]): []
"
73f3f7f2-572b-49c5-bc61-fddc79cdfee6,cf3b8e7e-e800-47d1-8c83-dbf11af1289d,false,"[OAS] [OAS] validation failed:
 - ERROR - [Path '/6/starsCount'] Instance type (string) does not match any allowed primitive type (allowed: [""integer""]): []
"
73f3f7f2-572b-49c5-bc61-fddc79cdfee6,a9ca0f6a-92b6-4047-93bf-70b464f37db9,false,"[OAS] [OAS] validation failed:
 - ERROR - [Path '/6/commitsCount'] Instance type (null) does not match any allowed primitive type (allowed: [""integer""]): []
"
73f3f7f2-572b-49c5-bc61-fddc79cdfee6,3e9e54e5-d439-45bb-a70f-380971ec418f,false,"[OAS] [OAS] validation failed:
 - ERROR - [Path '/6/commitsCount'] Instance type (string) does not match any allowed primitive type (allowed: [""integer""]): []
"
73f3f7f2-572b-49c5-bc61-fddc79cdfee6,e344a755-59ef-4232-858d-feb0b1871586,false,"[OAS] [OAS] validation failed:
 - ERROR - [Path '/6/forksCount'] Instance type (null) does not match any allowed primitive type (allowed: [""integer""]): []
"
73f3f7f2-572b-49c5-bc61-fddc79cdfee6,0c1762b6-96f5-4fd0-805d-19fefe0d2810,false,"[OAS] [OAS] validation failed:
 - ERROR - [Path '/6/forksCount'] Instance type (string) does not match any allowed primitive type (allowed: [""integer""]): []
"
73f3f7f2-572b-49c5-bc61-fddc79cdfee6,c1cf6f02-2b7b-494e-a1b6-a301ebb8449c,false,"[OAS] [OAS] validation failed:
 - ERROR - [Path '/6/contributorsCount'] Instance type (null) does not match any allowed primitive type (allowed: [""integer""]): []
"
73f3f7f2-572b-49c5-bc61-fddc79cdfee6,dbe4de9d-5e44-43eb-a700-cad5719d9e7d,false,"[OAS] [OAS] validation failed:
 - ERROR - [Path '/6/contributorsCount'] Instance type (array) does not match any allowed primitive type (allowed: [""integer""]): []
"
73f3f7f2-572b-49c5-bc61-fddc79cdfee6,60a76c41-d58a-44d9-9c17-d08595b5b63f,false,"[OAS] [OAS] validation failed:
 - ERROR - [Path '/6/externalContributorsCount'] Instance type (string) does not match any allowed primitive type (allowed: [""integer"",""null""]): []
"
73f3f7f2-572b-49c5-bc61-fddc79cdfee6,a9f6b4c6-6543-4cb7-bee7-5540d3d0b404,false,"[OAS] [OAS] validation failed:
 - ERROR - [Path '/6/score'] Instance type (null) does not match any allowed primitive type (allowed: [""integer""]): []
"
73f3f7f2-572b-49c5-bc61-fddc79cdfee6,ef94053d-30fc-4cca-ab7a-b9504a71334d,false,"[OAS] [OAS] validation failed:
 - ERROR - [Path '/6/score'] Instance type (number) does not match any allowed primitive type (allowed: [""integer""]): []
"
73f3f7f2-572b-49c5-bc61-fddc79cdfee6,c25a792d-682c-4b0c-9537-d89967568e7c,false,"[OAS] [OAS] validation failed:
 - ERROR - [Path '/6/lastPushed'] Instance type (array) does not match any allowed primitive type (allowed: [""null"",""string""]): []
"
73f3f7f2-572b-49c5-bc61-fddc79cdfee6,993b0649-3cc3-42fe-af87-3fe4283111ee,false,"[OAS] [OAS] validation failed:
 - ERROR - [Path '/6/primaryLanguage'] Instance type (null) does not match any allowed primitive type (allowed: [""string""]): []
"
73f3f7f2-572b-49c5-bc61-fddc79cdfee6,1e37e41b-7139-4930-a8da-adc1bcec533f,false,"[OAS] [OAS] validation failed:
 - ERROR - [Path '/6/primaryLanguage'] Instance type (number) does not match any allowed primitive type (allowed: [""string""]): []
"
73f3f7f2-572b-49c5-bc61-fddc79cdfee6,7b2e7069-060c-45cd-bcda-dbbe0d4d9c74,false,"[OAS] [OAS] validation failed:
 - ERROR - [Path '/6/maintainers/0'] Instance type (object) does not match any allowed primitive type (allowed: [""string""]): []
 - ERROR - [Path '/6/maintainers/1'] Instance type (null) does not match any allowed primitive type (allowed: [""string""]): []
 - ERROR - [Path '/6/maintainers/2'] Instance type (number) does not match any allowed primitive type (allowed: [""string""]): []
"
73f3f7f2-572b-49c5-bc61-fddc79cdfee6,f24bb896-e708-4ab4-853c-c332bf1eb55f,false,"[OAS] [OAS] validation failed:
 - ERROR - [Path '/6/maintainers'] Instance type (null) does not match any allowed primitive type (allowed: [""array""]): []
"
73f3f7f2-572b-49c5-bc61-fddc79cdfee6,5b3c9ff5-e192-445a-9ee7-b83431fb36c4,false,"[OAS] [OAS] validation failed:
 - ERROR - [Path '/6/maintainers'] Instance type (string) does not match any allowed primitive type (allowed: [""array""]): []
"
73f3f7f2-572b-49c5-bc61-fddc79cdfee6,3408c30e-b0c8-4b5b-bb61-04925ea04bb8,false,"[OAS] [OAS] validation failed:
 - ERROR - [Path '/7'] Object instance has properties which are not allowed by the schema: [""randomLong1""]: []
"
73f3f7f2-572b-49c5-bc61-fddc79cdfee6,241a3e33-aabd-4d71-a97d-8c9ca6f27181,false,"[OAS] [OAS] validation failed:
 - ERROR - [Path '/7'] Instance type (null) does not match any allowed primitive type (allowed: [""object""]): []
"
73f3f7f2-572b-49c5-bc61-fddc79cdfee6,c679c0fa-322a-4426-85ba-071de21dec95,false,"[OAS] [OAS] validation failed:
 - ERROR - [Path '/7'] Instance type (array) does not match any allowed primitive type (allowed: [""object""]): []
"
73f3f7f2-572b-49c5-bc61-fddc79cdfee6,79aeb853-d072-437e-ae48-04e7a50fc5ba,false,"[OAS] [OAS] validation failed:
 - ERROR - [Path '/7/languageList/0'] Instance type (number) does not match any allowed primitive type (allowed: [""string""]): []
 - ERROR - [Path '/7/languageList/1'] Instance type (array) does not match any allowed primitive type (allowed: [""string""]): []
"
73f3f7f2-572b-49c5-bc61-fddc79cdfee6,d16b41bb-54bd-48fe-984b-fec421861c76,false,"[OAS] [OAS] validation failed:
 - ERROR - [Path '/7/languageList'] Instance type (null) does not match any allowed primitive type (allowed: [""array""]): []
"
73f3f7f2-572b-49c5-bc61-fddc79cdfee6,9fe9aa9c-30c8-4180-9c82-521565da443f,false,"[OAS] [OAS] validation failed:
 - ERROR - [Path '/7/languageList'] Instance type (string) does not match any allowed primitive type (allowed: [""array""]): []
"
73f3f7f2-572b-49c5-bc61-fddc79cdfee6,c636e50a-d727-4da0-b76f-701a94121229,false,"[OAS] [OAS] validation failed:
 - ERROR - [Path '/7/gitHubProjectId'] Instance type (null) does not match any allowed primitive type (allowed: [""integer""]): []
"
73f3f7f2-572b-49c5-bc61-fddc79cdfee6,ead4d24d-7677-4b78-ac07-a638b3e023f0,false,"[OAS] [OAS] validation failed:
 - ERROR - [Path '/7/gitHubProjectId'] Instance type (string) does not match any allowed primitive type (allowed: [""integer""]): []
"
73f3f7f2-572b-49c5-bc61-fddc79cdfee6,a2a91322-74a5-46f3-ad6b-c1e7c0838880,false,"[OAS] [OAS] validation failed:
 - ERROR - [Path '/7/name'] Instance type (null) does not match any allowed primitive type (allowed: [""string""]): []
"
73f3f7f2-572b-49c5-bc61-fddc79cdfee6,05a30b8b-e153-485e-9a96-173776b84151,false,"[OAS] [OAS] validation failed:
 - ERROR - [Path '/7/name'] Instance type (object) does not match any allowed primitive type (allowed: [""string""]): []
"
73f3f7f2-572b-49c5-bc61-fddc79cdfee6,1e694af5-9a84-43ce-80a9-29205b5d438a,false,"[OAS] [OAS] validation failed:
 - ERROR - [Path '/7/title'] Instance type (integer) does not match any allowed primitive type (allowed: [""null"",""string""]): []
"
73f3f7f2-572b-49c5-bc61-fddc79cdfee6,a27b3b55-48e9-499c-acc3-f4c23ebf5514,false,"[OAS] [OAS] validation failed:
 - ERROR - [Path '/7/organizationName'] Instance type (null) does not match any allowed primitive type (allowed: [""string""]): []
"
73f3f7f2-572b-49c5-bc61-fddc79cdfee6,10e17991-2276-47fb-a9a1-1c5e94277d7d,false,"[OAS] [OAS] validation failed:
 - ERROR - [Path '/7/organizationName'] Instance type (array) does not match any allowed primitive type (allowed: [""string""]): []
"
73f3f7f2-572b-49c5-bc61-fddc79cdfee6,c8d37419-e92b-4f10-9a3f-7ea813e36424,false,"[OAS] [OAS] validation failed:
 - ERROR - [Path '/7/url'] Instance type (array) does not match any allowed primitive type (allowed: [""null"",""string""]): []
"
73f3f7f2-572b-49c5-bc61-fddc79cdfee6,8d699f8c-6945-443d-a69a-2df04558d104,false,"[OAS] [OAS] validation failed:
 - ERROR - [Path '/7/description'] Instance type (integer) does not match any allowed primitive type (allowed: [""null"",""string""]): []
"
73f3f7f2-572b-49c5-bc61-fddc79cdfee6,371f5935-fcbc-46c4-8e72-b0a94d87cc98,false,"[OAS] [OAS] validation failed:
 - ERROR - [Path '/7/starsCount'] Instance type (null) does not match any allowed primitive type (allowed: [""integer""]): []
"
73f3f7f2-572b-49c5-bc61-fddc79cdfee6,c255475b-6ad3-4cec-85be-d825ea1f0ae3,false,"[OAS] [OAS] validation failed:
 - ERROR - [Path '/7/starsCount'] Instance type (string) does not match any allowed primitive type (allowed: [""integer""]): []
"
73f3f7f2-572b-49c5-bc61-fddc79cdfee6,027a8725-610e-4b5c-a39c-b84e47f6993e,false,"[OAS] [OAS] validation failed:
 - ERROR - [Path '/7/commitsCount'] Instance type (null) does not match any allowed primitive type (allowed: [""integer""]): []
"
73f3f7f2-572b-49c5-bc61-fddc79cdfee6,b6cfa440-149b-4113-b41a-f41e742ae80c,false,"[OAS] [OAS] validation failed:
 - ERROR - [Path '/7/commitsCount'] Instance type (string) does not match any allowed primitive type (allowed: [""integer""]): []
"
73f3f7f2-572b-49c5-bc61-fddc79cdfee6,3084a0a4-d7af-47ee-9af9-2b4be59d0299,false,"[OAS] [OAS] validation failed:
 - ERROR - [Path '/7/forksCount'] Instance type (null) does not match any allowed primitive type (allowed: [""integer""]): []
"
73f3f7f2-572b-49c5-bc61-fddc79cdfee6,76d77416-5a38-4b1e-b9a0-3660da59f62a,false,"[OAS] [OAS] validation failed:
 - ERROR - [Path '/7/forksCount'] Instance type (object) does not match any allowed primitive type (allowed: [""integer""]): []
"
73f3f7f2-572b-49c5-bc61-fddc79cdfee6,587958df-1d7e-4313-923f-fd1fd728009f,false,"[OAS] [OAS] validation failed:
 - ERROR - [Path '/7/contributorsCount'] Instance type (null) does not match any allowed primitive type (allowed: [""integer""]): []
"
73f3f7f2-572b-49c5-bc61-fddc79cdfee6,ccac663b-3567-44e1-b7de-eb2e532cf8f0,false,"[OAS] [OAS] validation failed:
 - ERROR - [Path '/7/contributorsCount'] Instance type (string) does not match any allowed primitive type (allowed: [""integer""]): []
"
73f3f7f2-572b-49c5-bc61-fddc79cdfee6,7db12e93-2dc7-4b9c-a31f-64981c420498,false,"[OAS] [OAS] validation failed:
 - ERROR - [Path '/7/score'] Instance type (null) does not match any allowed primitive type (allowed: [""integer""]): []
"
73f3f7f2-572b-49c5-bc61-fddc79cdfee6,0be1db2e-0ea1-44c1-9251-1f4471540f01,false,"[OAS] [OAS] validation failed:
 - ERROR - [Path '/7/score'] Instance type (number) does not match any allowed primitive type (allowed: [""integer""]): []
"
73f3f7f2-572b-49c5-bc61-fddc79cdfee6,d77e368e-244e-49b6-a6a2-4b68853baa09,false,"[OAS] [OAS] validation failed:
 - ERROR - [Path '/7/primaryLanguage'] Instance type (null) does not match any allowed primitive type (allowed: [""string""]): []
"
73f3f7f2-572b-49c5-bc61-fddc79cdfee6,5b7b5049-efaa-4fd5-84ea-95ec0ac9bf95,false,"[OAS] [OAS] validation failed:
 - ERROR - [Path '/7/primaryLanguage'] Instance type (integer) does not match any allowed primitive type (allowed: [""string""]): []
"
73f3f7f2-572b-49c5-bc61-fddc79cdfee6,ae9230ad-37dd-439e-8c36-b56315788df8,false,"[OAS] [OAS] validation failed:
 - ERROR - [Path '/7/maintainers/0'] Instance type (null) does not match any allowed primitive type (allowed: [""string""]): []
 - ERROR - [Path '/7/maintainers/1'] Instance type (array) does not match any allowed primitive type (allowed: [""string""]): []
"
73f3f7f2-572b-49c5-bc61-fddc79cdfee6,741a677f-df5a-479e-95dc-a4fa6b820915,false,"[OAS] [OAS] validation failed:
 - ERROR - [Path '/7/maintainers'] Instance type (null) does not match any allowed primitive type (allowed: [""array""]): []
"
73f3f7f2-572b-49c5-bc61-fddc79cdfee6,91ed7bd7-ac66-45c7-bac4-e81e30957278,false,"[OAS] [OAS] validation failed:
 - ERROR - [Path '/7/maintainers'] Instance type (object) does not match any allowed primitive type (allowed: [""array""]): []
"
73f3f7f2-572b-49c5-bc61-fddc79cdfee6,0c3a63e3-5873-4ec2-bed2-49fd164718cd,false,"[OAS] [OAS] validation failed:
 - ERROR - [Path '/8'] Object instance has properties which are not allowed by the schema: [""randomNull1""]: []
"
73f3f7f2-572b-49c5-bc61-fddc79cdfee6,52b3c4dc-8a1c-4517-97f8-b6f396db9407,false,"[OAS] [OAS] validation failed:
 - ERROR - [Path '/8'] Instance type (null) does not match any allowed primitive type (allowed: [""object""]): []
"
73f3f7f2-572b-49c5-bc61-fddc79cdfee6,76a4d1d9-ba54-49f9-909b-a37db3ceb291,false,"[OAS] [OAS] validation failed:
 - ERROR - [Path '/8'] Instance type (integer) does not match any allowed primitive type (allowed: [""object""]): []
"
73f3f7f2-572b-49c5-bc61-fddc79cdfee6,e9f4877e-a43f-4f43-ae66-51626a332c96,false,"[OAS] [OAS] validation failed:
 - ERROR - [Path '/8/languageList/1'] Instance type (object) does not match any allowed primitive type (allowed: [""string""]): []
 - ERROR - [Path '/8/languageList/2'] Instance type (number) does not match any allowed primitive type (allowed: [""string""]): []
"
73f3f7f2-572b-49c5-bc61-fddc79cdfee6,92f474f2-c1ec-4a6d-a961-eab8110c6bcf,false,"[OAS] [OAS] validation failed:
 - ERROR - [Path '/8/languageList'] Instance type (null) does not match any allowed primitive type (allowed: [""array""]): []
"
73f3f7f2-572b-49c5-bc61-fddc79cdfee6,52fd4e7c-d14b-4793-84e2-2702aae2c915,false,"[OAS] [OAS] validation failed:
 - ERROR - [Path '/8/languageList'] Instance type (number) does not match any allowed primitive type (allowed: [""array""]): []
"
73f3f7f2-572b-49c5-bc61-fddc79cdfee6,b1564c47-95e0-4241-8f6c-5c60b60c3f0c,false,"[OAS] [OAS] validation failed:
 - ERROR - [Path '/8/gitHubProjectId'] Instance type (null) does not match any allowed primitive type (allowed: [""integer""]): []
"
73f3f7f2-572b-49c5-bc61-fddc79cdfee6,e82bada4-9a5a-43fe-9ca8-7a02e3cd67b1,false,"[OAS] [OAS] validation failed:
 - ERROR - [Path '/8/gitHubProjectId'] Instance type (boolean) does not match any allowed primitive type (allowed: [""integer""]): []
"
73f3f7f2-572b-49c5-bc61-fddc79cdfee6,502aacad-49e9-40aa-95a6-7e49882c5adf,false,"[OAS] [OAS] validation failed:
 - ERROR - [Path '/8/name'] Instance type (null) does not match any allowed primitive type (allowed: [""string""]): []
"
73f3f7f2-572b-49c5-bc61-fddc79cdfee6,e1a6c73d-a9ac-4fa8-bb0e-bf3815959401,false,"[OAS] [OAS] validation failed:
 - ERROR - [Path '/8/name'] Instance type (object) does not match any allowed primitive type (allowed: [""string""]): []
"
73f3f7f2-572b-49c5-bc61-fddc79cdfee6,c17e6882-7711-495e-a459-40e189377f91,false,"[OAS] [OAS] validation failed:
 - ERROR - [Path '/8/title'] Instance type (object) does not match any allowed primitive type (allowed: [""null"",""string""]): []
"
73f3f7f2-572b-49c5-bc61-fddc79cdfee6,7b7995cc-ecb6-4c88-945d-ba78db50eef0,false,"[OAS] [OAS] validation failed:
 - ERROR - [Path '/8/organizationName'] Instance type (null) does not match any allowed primitive type (allowed: [""string""]): []
"
73f3f7f2-572b-49c5-bc61-fddc79cdfee6,27b5992b-44b8-4494-a13c-36e6b9264d2e,false,"[OAS] [OAS] validation failed:
 - ERROR - [Path '/8/organizationName'] Instance type (integer) does not match any allowed primitive type (allowed: [""string""]): []
"
73f3f7f2-572b-49c5-bc61-fddc79cdfee6,ecf48183-6db0-4f16-95ef-11578cb830f9,false,"[OAS] [OAS] validation failed:
 - ERROR - [Path '/8/url'] Instance type (number) does not match any allowed primitive type (allowed: [""null"",""string""]): []
"
73f3f7f2-572b-49c5-bc61-fddc79cdfee6,77b8e5b0-d32a-444e-8cd9-6b3de637b4ac,false,"[OAS] [OAS] validation failed:
 - ERROR - [Path '/8/description'] Instance type (boolean) does not match any allowed primitive type (allowed: [""null"",""string""]): []
"
73f3f7f2-572b-49c5-bc61-fddc79cdfee6,94f8b8be-e674-4d63-8c91-122d0f16d8f6,false,"[OAS] [OAS] validation failed:
 - ERROR - [Path '/8/starsCount'] Instance type (null) does not match any allowed primitive type (allowed: [""integer""]): []
"
73f3f7f2-572b-49c5-bc61-fddc79cdfee6,24e76655-f718-441c-bd3d-a8101b48c68a,false,"[OAS] [OAS] validation failed:
 - ERROR - [Path '/8/starsCount'] Instance type (string) does not match any allowed primitive type (allowed: [""integer""]): []
"
73f3f7f2-572b-49c5-bc61-fddc79cdfee6,4b43e0ac-100d-4a61-abde-4d6609e482f5,false,"[OAS] [OAS] validation failed:
 - ERROR - [Path '/8/commitsCount'] Instance type (null) does not match any allowed primitive type (allowed: [""integer""]): []
"
73f3f7f2-572b-49c5-bc61-fddc79cdfee6,ebae7924-ee61-4faf-8984-733ad44e2621,false,"[OAS] [OAS] validation failed:
 - ERROR - [Path '/8/commitsCount'] Instance type (array) does not match any allowed primitive type (allowed: [""integer""]): []
"
73f3f7f2-572b-49c5-bc61-fddc79cdfee6,c365d99f-b182-4930-ac5b-3f26018e6697,false,"[OAS] [OAS] validation failed:
 - ERROR - [Path '/8/forksCount'] Instance type (null) does not match any allowed primitive type (allowed: [""integer""]): []
"
73f3f7f2-572b-49c5-bc61-fddc79cdfee6,3a46acb0-ac7c-456f-a88f-58a9fc241e8d,false,"[OAS] [OAS] validation failed:
 - ERROR - [Path '/8/forksCount'] Instance type (array) does not match any allowed primitive type (allowed: [""integer""]): []
"
73f3f7f2-572b-49c5-bc61-fddc79cdfee6,c9726182-45ef-4c20-846e-14a17882449d,false,"[OAS] [OAS] validation failed:
 - ERROR - [Path '/8/contributorsCount'] Instance type (null) does not match any allowed primitive type (allowed: [""integer""]): []
"
73f3f7f2-572b-49c5-bc61-fddc79cdfee6,969fc38d-28c9-4d4c-8dc1-b6310428e315,false,"[OAS] [OAS] validation failed:
 - ERROR - [Path '/8/contributorsCount'] Instance type (number) does not match any allowed primitive type (allowed: [""integer""]): []
"
73f3f7f2-572b-49c5-bc61-fddc79cdfee6,6e6f5295-270e-4160-9223-fa1ac67c0f29,false,"[OAS] [OAS] validation failed:
 - ERROR - [Path '/8/externalContributorsCount'] Instance type (string) does not match any allowed primitive type (allowed: [""integer"",""null""]): []
"
73f3f7f2-572b-49c5-bc61-fddc79cdfee6,a5242ead-f606-4c53-b3e6-71c5e960f614,false,"[OAS] [OAS] validation failed:
 - ERROR - [Path '/8/score'] Instance type (null) does not match any allowed primitive type (allowed: [""integer""]): []
"
73f3f7f2-572b-49c5-bc61-fddc79cdfee6,934ec63c-8105-4fc5-a5c6-7be21d539026,false,"[OAS] [OAS] validation failed:
 - ERROR - [Path '/8/score'] Instance type (object) does not match any allowed primitive type (allowed: [""integer""]): []
"
73f3f7f2-572b-49c5-bc61-fddc79cdfee6,e6457178-5a94-4031-99e3-323b8c0ba6ff,false,"[OAS] [OAS] validation failed:
 - ERROR - [Path '/8/lastPushed'] Instance type (array) does not match any allowed primitive type (allowed: [""null"",""string""]): []
"
73f3f7f2-572b-49c5-bc61-fddc79cdfee6,68f239e3-1606-49ad-87bd-da98eaaed04f,false,"[OAS] [OAS] validation failed:
 - ERROR - [Path '/8/primaryLanguage'] Instance type (null) does not match any allowed primitive type (allowed: [""string""]): []
"
73f3f7f2-572b-49c5-bc61-fddc79cdfee6,dc0dfb79-59e5-43e4-bcc5-fb7f06761ad0,false,"[OAS] [OAS] validation failed:
 - ERROR - [Path '/8/primaryLanguage'] Instance type (integer) does not match any allowed primitive type (allowed: [""string""]): []
"
73f3f7f2-572b-49c5-bc61-fddc79cdfee6,787c7825-75af-475b-a13d-0468fbe27356,false,"[OAS] [OAS] validation failed:
 - ERROR - [Path '/8/maintainers/0'] Instance type (number) does not match any allowed primitive type (allowed: [""string""]): []
"
73f3f7f2-572b-49c5-bc61-fddc79cdfee6,58301934-aa2c-4ee8-b606-29e6aa2ca32a,false,"[OAS] [OAS] validation failed:
 - ERROR - [Path '/8/maintainers'] Instance type (null) does not match any allowed primitive type (allowed: [""array""]): []
"
73f3f7f2-572b-49c5-bc61-fddc79cdfee6,6184fdef-66d5-4aa0-aa20-bcfcdbe95599,false,"[OAS] [OAS] validation failed:
 - ERROR - [Path '/8/maintainers'] Instance type (string) does not match any allowed primitive type (allowed: [""array""]): []
"
73f3f7f2-572b-49c5-bc61-fddc79cdfee6,e0c5d38f-6085-422d-a4ad-5a761b95993f,false,"[OAS] [OAS] validation failed:
 - ERROR - [Path '/9'] Object instance has properties which are not allowed by the schema: [""randomNull1""]: []
"
73f3f7f2-572b-49c5-bc61-fddc79cdfee6,c4ba23f4-3519-40a6-a4dd-46a67edfa236,false,"[OAS] [OAS] validation failed:
 - ERROR - [Path '/9'] Instance type (null) does not match any allowed primitive type (allowed: [""object""]): []
"
73f3f7f2-572b-49c5-bc61-fddc79cdfee6,fe0e5fea-969d-46d5-af29-184423efb84f,false,"[OAS] [OAS] validation failed:
 - ERROR - [Path '/9'] Instance type (integer) does not match any allowed primitive type (allowed: [""object""]): []
"
73f3f7f2-572b-49c5-bc61-fddc79cdfee6,d27f9899-ccd8-4d8c-90d0-a00cf2cbf734,false,"[OAS] [OAS] validation failed:
 - ERROR - [Path '/9/languageList/0'] Instance type (boolean) does not match any allowed primitive type (allowed: [""string""]): []
 - ERROR - [Path '/9/languageList/1'] Instance type (boolean) does not match any allowed primitive type (allowed: [""string""]): []
"
73f3f7f2-572b-49c5-bc61-fddc79cdfee6,f3997b01-c32d-40af-8bc8-5114fc5938e8,false,"[OAS] [OAS] validation failed:
 - ERROR - [Path '/9/languageList'] Instance type (null) does not match any allowed primitive type (allowed: [""array""]): []
"
73f3f7f2-572b-49c5-bc61-fddc79cdfee6,04f8f02c-a01d-46e0-a4a8-fb268ae96287,false,"[OAS] [OAS] validation failed:
 - ERROR - [Path '/9/languageList'] Instance type (string) does not match any allowed primitive type (allowed: [""array""]): []
"
73f3f7f2-572b-49c5-bc61-fddc79cdfee6,10a9f316-d2ec-4827-aee1-0e61cc84f47e,false,"[OAS] [OAS] validation failed:
 - ERROR - [Path '/9/gitHubProjectId'] Instance type (null) does not match any allowed primitive type (allowed: [""integer""]): []
"
73f3f7f2-572b-49c5-bc61-fddc79cdfee6,0273495e-04bc-43c7-8f3c-1def86fa6392,false,"[OAS] [OAS] validation failed:
 - ERROR - [Path '/9/gitHubProjectId'] Instance type (boolean) does not match any allowed primitive type (allowed: [""integer""]): []
"
73f3f7f2-572b-49c5-bc61-fddc79cdfee6,88557442-546c-4369-9783-1c11db0bc021,false,"[OAS] [OAS] validation failed:
 - ERROR - [Path '/9/name'] Instance type (null) does not match any allowed primitive type (allowed: [""string""]): []
"
73f3f7f2-572b-49c5-bc61-fddc79cdfee6,030dcf5c-26c0-4c1f-9e89-e47103dd274e,false,"[OAS] [OAS] validation failed:
 - ERROR - [Path '/9/name'] Instance type (object) does not match any allowed primitive type (allowed: [""string""]): []
"
73f3f7f2-572b-49c5-bc61-fddc79cdfee6,1ecc253b-d1aa-4938-b577-f069987b37b4,false,"[OAS] [OAS] validation failed:
 - ERROR - [Path '/9/title'] Instance type (array) does not match any allowed primitive type (allowed: [""null"",""string""]): []
"
73f3f7f2-572b-49c5-bc61-fddc79cdfee6,3b4a3697-a078-45e6-a7d9-77133aa0163b,false,"[OAS] [OAS] validation failed:
 - ERROR - [Path '/9/image'] Instance type (number) does not match any allowed primitive type (allowed: [""null"",""string""]): []
"
73f3f7f2-572b-49c5-bc61-fddc79cdfee6,492d37d4-3365-4794-b637-b16cbaab8f9a,false,"[OAS] [OAS] validation failed:
 - ERROR - [Path '/9/organizationName'] Instance type (null) does not match any allowed primitive type (allowed: [""string""]): []
"
73f3f7f2-572b-49c5-bc61-fddc79cdfee6,0f96191f-16d5-465d-bd16-010d6dfb7d6c,false,"[OAS] [OAS] validation failed:
 - ERROR - [Path '/9/organizationName'] Instance type (array) does not match any allowed primitive type (allowed: [""string""]): []
"
73f3f7f2-572b-49c5-bc61-fddc79cdfee6,b0565fb1-414b-4511-a17d-8c12dfe00416,false,"[OAS] [OAS] validation failed:
 - ERROR - [Path '/9/url'] Instance type (object) does not match any allowed primitive type (allowed: [""null"",""string""]): []
"
73f3f7f2-572b-49c5-bc61-fddc79cdfee6,ca7d6172-53f7-4a59-889f-d60e3991a7ec,false,"[OAS] [OAS] validation failed:
 - ERROR - [Path '/9/description'] Instance type (boolean) does not match any allowed primitive type (allowed: [""null"",""string""]): []
"
73f3f7f2-572b-49c5-bc61-fddc79cdfee6,35a27402-51fb-46a2-b090-b45e95534b63,false,"[OAS] [OAS] validation failed:
 - ERROR - [Path '/9/starsCount'] Instance type (null) does not match any allowed primitive type (allowed: [""integer""]): []
"
73f3f7f2-572b-49c5-bc61-fddc79cdfee6,74261bba-4f3d-4a37-9976-c9cda1646971,false,"[OAS] [OAS] validation failed:
 - ERROR - [Path '/9/starsCount'] Instance type (object) does not match any allowed primitive type (allowed: [""integer""]): []
"
73f3f7f2-572b-49c5-bc61-fddc79cdfee6,79d26130-a001-490f-93eb-0a3fe658a582,false,"[OAS] [OAS] validation failed:
 - ERROR - [Path '/9/commitsCount'] Instance type (null) does not match any allowed primitive type (allowed: [""integer""]): []
"
73f3f7f2-572b-49c5-bc61-fddc79cdfee6,7361ab57-a80a-4fd8-8b76-4ec6206245fc,false,"[OAS] [OAS] validation failed:
 - ERROR - [Path '/9/commitsCount'] Instance type (array) does not match any allowed primitive type (allowed: [""integer""]): []
"
73f3f7f2-572b-49c5-bc61-fddc79cdfee6,09235064-6044-4714-93eb-6d70f370d1d1,false,"[OAS] [OAS] validation failed:
 - ERROR - [Path '/9/forksCount'] Instance type (null) does not match any allowed primitive type (allowed: [""integer""]): []
"
73f3f7f2-572b-49c5-bc61-fddc79cdfee6,ee243fe8-6491-449a-af78-f1dadcdc7198,false,"[OAS] [OAS] validation failed:
 - ERROR - [Path '/9/forksCount'] Instance type (number) does not match any allowed primitive type (allowed: [""integer""]): []
"
73f3f7f2-572b-49c5-bc61-fddc79cdfee6,1371db25-7b29-44f8-9b4a-f12000c4a668,false,"[OAS] [OAS] validation failed:
 - ERROR - [Path '/9/contributorsCount'] Instance type (null) does not match any allowed primitive type (allowed: [""integer""]): []
"
73f3f7f2-572b-49c5-bc61-fddc79cdfee6,e181b964-0d87-45bb-a33c-7194170edd59,false,"[OAS] [OAS] validation failed:
 - ERROR - [Path '/9/contributorsCount'] Instance type (boolean) does not match any allowed primitive type (allowed: [""integer""]): []
"
73f3f7f2-572b-49c5-bc61-fddc79cdfee6,03517be2-048d-47d6-a95d-0228399b8a44,false,"[OAS] [OAS] validation failed:
 - ERROR - [Path '/9/externalContributorsCount'] Instance type (object) does not match any allowed primitive type (allowed: [""integer"",""null""]): []
"
73f3f7f2-572b-49c5-bc61-fddc79cdfee6,05b8cc67-f76e-4215-9273-7e971d471324,false,"[OAS] [OAS] validation failed:
 - ERROR - [Path '/9/score'] Instance type (null) does not match any allowed primitive type (allowed: [""integer""]): []
"
73f3f7f2-572b-49c5-bc61-fddc79cdfee6,b3f37cb6-25ad-4013-926a-36248189d8af,false,"[OAS] [OAS] validation failed:
 - ERROR - [Path '/9/score'] Instance type (object) does not match any allowed primitive type (allowed: [""integer""]): []
"
73f3f7f2-572b-49c5-bc61-fddc79cdfee6,9ac0fa7a-2a1c-43c4-82ce-3aee48a6b97c,false,"[OAS] [OAS] validation failed:
 - ERROR - [Path '/9/lastPushed'] Instance type (integer) does not match any allowed primitive type (allowed: [""null"",""string""]): []
"
73f3f7f2-572b-49c5-bc61-fddc79cdfee6,9486d175-9ba1-4e3f-88b4-d4dfd0c5a768,false,"[OAS] [OAS] validation failed:
 - ERROR - [Path '/9/primaryLanguage'] Instance type (null) does not match any allowed primitive type (allowed: [""string""]): []
"
73f3f7f2-572b-49c5-bc61-fddc79cdfee6,d7856d2b-77a4-48c5-a91d-42787e02065d,false,"[OAS] [OAS] validation failed:
 - ERROR - [Path '/9/primaryLanguage'] Instance type (boolean) does not match any allowed primitive type (allowed: [""string""]): []
"
73f3f7f2-572b-49c5-bc61-fddc79cdfee6,f4562882-76a6-4f14-9b1e-b8f642ff48c4,false,"[OAS] [OAS] validation failed:
 - ERROR - [Path '/9/maintainers/0'] Instance type (boolean) does not match any allowed primitive type (allowed: [""string""]): []
"
73f3f7f2-572b-49c5-bc61-fddc79cdfee6,896651bf-dc8e-42d7-a164-634e7138222b,false,"[OAS] [OAS] validation failed:
 - ERROR - [Path '/9/maintainers'] Instance type (null) does not match any allowed primitive type (allowed: [""array""]): []
"
73f3f7f2-572b-49c5-bc61-fddc79cdfee6,f648694f-dc47-4d3d-81f7-9a6dca048d39,false,"[OAS] [OAS] validation failed:
 - ERROR - [Path '/9/maintainers'] Instance type (string) does not match any allowed primitive type (allowed: [""array""]): []
"
fdce85e7-a8bb-4f46-905f-e36ab060849d,ddca88dc-fa19-4328-aee6-82287c2aef33,false,"[OAS] [OAS] validation failed:
 - ERROR - Response status 201 not defined for path '/projects'.: []
"
fdce85e7-a8bb-4f46-905f-e36ab060849d,0d49ec8e-6d4b-4f79-affe-d439582e88d7,false,"[OAS] [OAS] validation failed:
 - ERROR - Instance type (array) does not match any allowed primitive type (allowed: [""object""]): []
"
fdce85e7-a8bb-4f46-905f-e36ab060849d,a2f34f1d-ae08-4e4a-9309-d58fda025cca,false,[NO_5XX] Unexpected 5XX response: 500
fdce85e7-a8bb-4f46-905f-e36ab060849d,a33ac4fc-9b9b-457d-a5e5-5e459062f55c,false,"[OAS] [OAS] validation failed:
 - ERROR - Response Content-Type header 'text/html' does not match any allowed types. Must be one of: [application/json].: []
"
fdce85e7-a8bb-4f46-905f-e36ab060849d,a0df9172-1bc7-43af-a9b4-7ecea4510e7b,false,"[OAS] [OAS] validation failed:
 - ERROR - Response Content-Type header 'charset=UTF-8' is not a valid media type: []
"
fdce85e7-a8bb-4f46-905f-e36ab060849d,b96f8d0b-1438-43d1-bd22-cab1525874f1,false,"[OAS] [OAS] validation failed:
 - ERROR - [Path '/0'] Instance type (boolean) does not match any allowed primitive type (allowed: [""object""]): []
"
630e5858-ca08-486a-976b-d2d143ef11d6,efa8095c-118d-41fe-9aa3-055aa24ef445,false,"[OAS] [OAS] validation failed:
 - ERROR - Response status 204 not defined for path '/projects'.: []
"
630e5858-ca08-486a-976b-d2d143ef11d6,f3915c66-3339-46f7-bf7a-15e2cf626e7d,false,"[OAS] [OAS] validation failed:
 - ERROR - Response status 404 not defined for path '/projects'.: []
"
630e5858-ca08-486a-976b-d2d143ef11d6,d53376f4-e047-4c6a-8288-a35fb160b0b4,false,[NO_5XX] Unexpected 5XX response: 503
630e5858-ca08-486a-976b-d2d143ef11d6,58e40cd3-325d-40da-9df0-cb3ab90a9383,false,"[OAS] [OAS] validation failed:
 - ERROR - Response Content-Type header 'text/css' does not match any allowed types. Must be one of: [application/json].: []
"
630e5858-ca08-486a-976b-d2d143ef11d6,ffdc660b-7484-41d4-b1ee-12a1606ec6ba,false,"[OAS] [OAS] validation failed:
 - ERROR - Response Content-Type header 'charset=UTF-8' is not a valid media type: []
"
630e5858-ca08-486a-976b-d2d143ef11d6,7a10b99b-13df-4e5d-a03c-da4cbd8b34f1,false,"[OAS] [OAS] validation failed:
 - ERROR - [Path '/0'] Instance type (boolean) does not match any allowed primitive type (allowed: [""object""]): []
"
40240c58-ea99-424d-a0de-e45331ce7b43,e77e425f-3fda-49e8-9891-5e28ded4e6ec,false,"[OAS] [OAS] validation failed:
 - ERROR - Response status 204 not defined for path '/projects'.: []
"
40240c58-ea99-424d-a0de-e45331ce7b43,89157159-114e-4916-a280-31837340d2c0,false,"[OAS] [OAS] validation failed:
 - ERROR - Response status 401 not defined for path '/projects'.: []
"
40240c58-ea99-424d-a0de-e45331ce7b43,0cfac847-ea8d-46d0-aa23-b7b132bd101f,false,[NO_5XX] Unexpected 5XX response: 501
40240c58-ea99-424d-a0de-e45331ce7b43,451ac8ac-49d3-47ed-8759-22f92a8aed78,false,"[OAS] [OAS] validation failed:
 - ERROR - Response Content-Type header 'text/plain' does not match any allowed types. Must be one of: [application/json].: []
"
40240c58-ea99-424d-a0de-e45331ce7b43,a8960ce9-915a-4c37-b385-cde71819a4b0,false,"[OAS] [OAS] validation failed:
 - ERROR - Response Content-Type header 'charset=UTF-8' is not a valid media type: []
"
40240c58-ea99-424d-a0de-e45331ce7b43,2b394acb-d914-446e-a39c-b73a0a62ceb9,false,"[OAS] [OAS] validation failed:
 - ERROR - [Path '/0'] Instance type (boolean) does not match any allowed primitive type (allowed: [""object""]): []
"
5b9db27d-e186-4ec6-b460-15a0247383b9,2cdce818-75f5-483e-840b-aa584f5b8ccd,false,"[OAS] [OAS] validation failed:
 - ERROR - Response status 201 not defined for path '/projects'.: []
"
5b9db27d-e186-4ec6-b460-15a0247383b9,af51fb3e-a27e-41d4-8d28-74ef4eb97efa,false,"[OAS] [OAS] validation failed:
 - ERROR - Instance type (array) does not match any allowed primitive type (allowed: [""object""]): []
"
5b9db27d-e186-4ec6-b460-15a0247383b9,dd92a1ad-81b5-4b61-880d-ba28bbb30651,false,[NO_5XX] Unexpected 5XX response: 500
5b9db27d-e186-4ec6-b460-15a0247383b9,8e1ff9e5-1080-4d0f-b6d3-ef75ed431c5c,false,"[OAS] [OAS] validation failed:
 - ERROR - Response Content-Type header 'text/css' does not match any allowed types. Must be one of: [application/json].: []
"
5b9db27d-e186-4ec6-b460-15a0247383b9,8465db4f-c8d2-4033-8bff-1de9f07f28a3,false,"[OAS] [OAS] validation failed:
 - ERROR - Response Content-Type header 'charset=UTF-8' is not a valid media type: []
"
5b9db27d-e186-4ec6-b460-15a0247383b9,b1fa58a0-3c51-484b-bd1b-4b4fe143f6ae,false,"[OAS] [OAS] validation failed:
 - ERROR - [Path '/0'] Instance type (boolean) does not match any allowed primitive type (allowed: [""object""]): []
"
7dfe5b45-b1a0-44bc-b954-a90185d38725,a2ac629d-eea7-4077-b7c1-274841babe4b,false,"[OAS] [OAS] validation failed:
 - ERROR - Response status 201 not defined for path '/projects'.: []
"
7dfe5b45-b1a0-44bc-b954-a90185d38725,5b6c2b93-3e83-4b18-bd5e-6bf313cc23b4,false,"[OAS] [OAS] validation failed:
 - ERROR - Response status 401 not defined for path '/projects'.: []
"
7dfe5b45-b1a0-44bc-b954-a90185d38725,48163172-d4f2-48c7-b9f4-d769e9e06188,false,[NO_5XX] Unexpected 5XX response: 501
7dfe5b45-b1a0-44bc-b954-a90185d38725,49bc0c15-fa8f-4c42-833a-f5354d1344f7,false,"[OAS] [OAS] validation failed:
 - ERROR - Response Content-Type header 'text/plain' does not match any allowed types. Must be one of: [application/json].: []
"
7dfe5b45-b1a0-44bc-b954-a90185d38725,b4733355-c1c1-49fc-b132-5e1763960ad1,false,"[OAS] [OAS] validation failed:
 - ERROR - Response Content-Type header 'charset=UTF-8' is not a valid media type: []
"
7dfe5b45-b1a0-44bc-b954-a90185d38725,c5024f70-6544-46de-abb5-7f9a52e969e2,false,"[OAS] [OAS] validation failed:
 - ERROR - [Path '/0'] Instance type (boolean) does not match any allowed primitive type (allowed: [""object""]): []
"
f1d70746-d0a0-4832-b723-962cbff1b871,81636753-1284-4baa-8a91-a945bda8af1c,false,"[OAS] [OAS] validation failed:
 - ERROR - Response status 201 not defined for path '/projects'.: []
"
f1d70746-d0a0-4832-b723-962cbff1b871,547d16dd-8b95-449a-9cce-399424050b84,false,"[OAS] [OAS] validation failed:
 - ERROR - Response status 404 not defined for path '/projects'.: []
"
f1d70746-d0a0-4832-b723-962cbff1b871,39da564c-2498-49f7-81e2-a57abd54f317,false,[NO_5XX] Unexpected 5XX response: 503
f1d70746-d0a0-4832-b723-962cbff1b871,666c57c0-faef-4a2e-9783-516e9285d853,false,"[OAS] [OAS] validation failed:
 - ERROR - Response Content-Type header 'text/plain' does not match any allowed types. Must be one of: [application/json].: []
"
f1d70746-d0a0-4832-b723-962cbff1b871,fc4bb620-c7ba-4121-bf68-25b987d14fe7,false,"[OAS] [OAS] validation failed:
 - ERROR - Response Content-Type header 'charset=UTF-8' is not a valid media type: []
"
f1d70746-d0a0-4832-b723-962cbff1b871,6f943803-06dc-4ff1-be88-550b9bf3b1b7,false,"[OAS] [OAS] validation failed:
 - ERROR - [Path '/0'] Instance type (boolean) does not match any allowed primitive type (allowed: [""object""]): []
"
30e18c01-4d1e-458c-813d-29d836794ad4,a8462c19-473f-476b-a21d-40ca8f2324fd,false,"[OAS] [OAS] validation failed:
 - ERROR - Response status 204 not defined for path '/projects'.: []
"
30e18c01-4d1e-458c-813d-29d836794ad4,5826766e-1d35-496d-8ce2-8f146c0f450b,false,"[OAS] [OAS] validation failed:
 - ERROR - Response status 404 not defined for path '/projects'.: []
"
30e18c01-4d1e-458c-813d-29d836794ad4,86c3c376-6332-43ac-9271-b833416ae592,false,[NO_5XX] Unexpected 5XX response: 503
30e18c01-4d1e-458c-813d-29d836794ad4,fc109fe9-b5b9-48fe-9355-07f0ddb5a7e8,false,"[OAS] [OAS] validation failed:
 - ERROR - Response Content-Type header 'text/javascript' does not match any allowed types. Must be one of: [application/json].: []
"
30e18c01-4d1e-458c-813d-29d836794ad4,5ceeeb3a-4081-49f6-bc7e-a169b270b35c,false,"[OAS] [OAS] validation failed:
 - ERROR - Response Content-Type header 'charset=UTF-8' is not a valid media type: []
"
30e18c01-4d1e-458c-813d-29d836794ad4,7b19452f-3e22-461a-b1c1-d9d7028c2b64,false,"[OAS] [OAS] validation failed:
 - ERROR - [Path '/0'] Instance type (boolean) does not match any allowed primitive type (allowed: [""object""]): []
"
10a4338b-8b41-4888-96f2-5ed9bca02df8,89e9b28d-3e49-4595-8955-eba5c7903803,false,"[OAS] [OAS] validation failed:
 - ERROR - Response status 201 not defined for path '/projects'.: []
"
10a4338b-8b41-4888-96f2-5ed9bca02df8,42d8dbae-f25d-4c3f-bb18-d8f66e82f1e9,false,"[OAS] [OAS] validation failed:
 - ERROR - Response status 404 not defined for path '/projects'.: []
"
10a4338b-8b41-4888-96f2-5ed9bca02df8,0c80dbe8-12df-4063-8f93-8d8adf11616e,false,[NO_5XX] Unexpected 5XX response: 503
10a4338b-8b41-4888-96f2-5ed9bca02df8,f73794c6-88dc-42f0-8362-687736a13697,false,"[OAS] [OAS] validation failed:
 - ERROR - Response Content-Type header 'application/xml' does not match any allowed types. Must be one of: [application/json].: []
"
10a4338b-8b41-4888-96f2-5ed9bca02df8,0ad2ab65-ea92-454f-883c-c0b80b325b3f,false,"[OAS] [OAS] validation failed:
 - ERROR - Response Content-Type header 'charset=UTF-8' is not a valid media type: []
"
10a4338b-8b41-4888-96f2-5ed9bca02df8,740ebed1-6778-479f-af05-bbc87c94dfa9,false,"[OAS] [OAS] validation failed:
 - ERROR - [Path '/0'] Instance type (boolean) does not match any allowed primitive type (allowed: [""object""]): []
"
8a6e1d12-42ec-4bb6-9bde-29568f9d70f5,e9877b6f-801f-4738-bdfc-1232b4a472b6,false,"[OAS] [OAS] validation failed:
 - ERROR - Response status 201 not defined for path '/projects'.: []
"
8a6e1d12-42ec-4bb6-9bde-29568f9d70f5,c204399e-b990-4ba1-a5a0-3ec8cd965d16,false,"[OAS] [OAS] validation failed:
 - ERROR - Response status 409 not defined for path '/projects'.: []
"
8a6e1d12-42ec-4bb6-9bde-29568f9d70f5,eb4a0a10-68fe-4a14-8f0b-a8ef12b57dc0,false,[NO_5XX] Unexpected 5XX response: 504
8a6e1d12-42ec-4bb6-9bde-29568f9d70f5,ae4ac9bb-dfd6-410b-acc2-b9d6c6418ca1,false,"[OAS] [OAS] validation failed:
 - ERROR - Response Content-Type header 'text/plain' does not match any allowed types. Must be one of: [application/json].: []
"
8a6e1d12-42ec-4bb6-9bde-29568f9d70f5,0f6da4eb-644c-4518-a3a8-aa5dfd5f6d02,false,"[OAS] [OAS] validation failed:
 - ERROR - Response Content-Type header 'charset=UTF-8' is not a valid media type: []
"
8a6e1d12-42ec-4bb6-9bde-29568f9d70f5,31ec45fe-b28f-4ee9-b77e-9d505b8b571b,false,"[OAS] [OAS] validation failed:
 - ERROR - [Path '/0'] Instance type (boolean) does not match any allowed primitive type (allowed: [""object""]): []
"
225a82c9-99ac-43e7-b770-21d975c58c7e,7f47a58e-3754-4c5f-85ed-dbb664fb493e,false,"[OAS] [OAS] validation failed:
 - ERROR - Response status 204 not defined for path '/projects'.: []
"
225a82c9-99ac-43e7-b770-21d975c58c7e,e360c6a5-3ee0-423d-a8ae-ad35a29ac839,false,"[OAS] [OAS] validation failed:
 - ERROR - Response status 409 not defined for path '/projects'.: []
"
225a82c9-99ac-43e7-b770-21d975c58c7e,5b8b1e9a-2210-4722-ae68-9809b400a598,false,[NO_5XX] Unexpected 5XX response: 504
225a82c9-99ac-43e7-b770-21d975c58c7e,3c626263-34dd-4690-80a6-ba844c23ab73,false,"[OAS] [OAS] validation failed:
 - ERROR - Response Content-Type header 'text/javascript' does not match any allowed types. Must be one of: [application/json].: []
"
225a82c9-99ac-43e7-b770-21d975c58c7e,79c7bdff-5a1c-4f74-96bc-57be1985c982,false,"[OAS] [OAS] validation failed:
 - ERROR - Response Content-Type header 'charset=UTF-8' is not a valid media type: []
"
225a82c9-99ac-43e7-b770-21d975c58c7e,f9db896f-08b8-4421-b264-01011de90fa8,false,"[OAS] [OAS] validation failed:
 - ERROR - [Path '/0'] Instance type (boolean) does not match any allowed primitive type (allowed: [""object""]): []
"
cf531da5-8aba-4fa7-b790-4d1e726f59f9,3ff740dc-d32a-492b-9629-bd083aab37f8,false,"[OAS] [OAS] validation failed:
 - ERROR - Response status 201 not defined for path '/projects'.: []
"
cf531da5-8aba-4fa7-b790-4d1e726f59f9,c520b908-9d6b-462d-8e06-bbb6909c00aa,false,"[OAS] [OAS] validation failed:
 - ERROR - Response status 401 not defined for path '/projects'.: []
"
cf531da5-8aba-4fa7-b790-4d1e726f59f9,f8296b9b-8850-41a5-8632-c05347480450,false,[NO_5XX] Unexpected 5XX response: 501
cf531da5-8aba-4fa7-b790-4d1e726f59f9,44f5689a-d102-4ca8-baa9-b5a03ea46964,false,"[OAS] [OAS] validation failed:
 - ERROR - Response Content-Type header 'text/javascript' does not match any allowed types. Must be one of: [application/json].: []
"
cf531da5-8aba-4fa7-b790-4d1e726f59f9,644c8eea-882b-4c88-b867-6c005347fff0,false,"[OAS] [OAS] validation failed:
 - ERROR - Response Content-Type header 'charset=UTF-8' is not a valid media type: []
"
cf531da5-8aba-4fa7-b790-4d1e726f59f9,98325890-4c2c-4820-be6b-25349d547b29,false,"[OAS] [OAS] validation failed:
 - ERROR - [Path '/0'] Instance type (boolean) does not match any allowed primitive type (allowed: [""object""]): []
"
8c3aacb9-c6a2-4db1-a482-5b3a036ce828,28898332-bf63-472d-a3e8-a11205d01a1b,false,"[OAS] [OAS] validation failed:
 - ERROR - Response status 204 not defined for path '/projects'.: []
"
8c3aacb9-c6a2-4db1-a482-5b3a036ce828,d2c5b60b-5e2f-4a57-b342-8945dd6bfba7,false,"[OAS] [OAS] validation failed:
 - ERROR - Response status 409 not defined for path '/projects'.: []
"
8c3aacb9-c6a2-4db1-a482-5b3a036ce828,b778a450-3db6-454e-b539-4907f9f25d05,false,[NO_5XX] Unexpected 5XX response: 504
8c3aacb9-c6a2-4db1-a482-5b3a036ce828,cd803242-f13a-47d7-896d-6457aafdd656,false,"[OAS] [OAS] validation failed:
 - ERROR - Response Content-Type header 'application/xml' does not match any allowed types. Must be one of: [application/json].: []
"
8c3aacb9-c6a2-4db1-a482-5b3a036ce828,bc64e447-b01e-4d22-8a94-64a7b0891210,false,"[OAS] [OAS] validation failed:
 - ERROR - Response Content-Type header 'charset=UTF-8' is not a valid media type: []
"
8c3aacb9-c6a2-4db1-a482-5b3a036ce828,e22cb3ba-2c58-4b0f-9017-0de67a951f45,false,"[OAS] [OAS] validation failed:
 - ERROR - [Path '/0'] Instance type (boolean) does not match any allowed primitive type (allowed: [""object""]): []
"
968da8e6-0854-426b-b4fd-47030f3b0123,ef41ece6-feac-471e-8dfc-fb17261382af,false,"[OAS] [OAS] validation failed:
 - ERROR - Response status 204 not defined for path '/projects'.: []
"
968da8e6-0854-426b-b4fd-47030f3b0123,6a178be1-3de3-4700-83fe-7a8d1f665064,false,"[OAS] [OAS] validation failed:
 - ERROR - Instance type (array) does not match any allowed primitive type (allowed: [""object""]): []
"
968da8e6-0854-426b-b4fd-47030f3b0123,1add537c-8e2f-47ca-84b3-2a8f920d8e61,false,[NO_5XX] Unexpected 5XX response: 500
968da8e6-0854-426b-b4fd-47030f3b0123,45c7f17f-957d-4f7a-bc4d-fdf8f60253e2,false,"[OAS] [OAS] validation failed:
 - ERROR - Response Content-Type header 'application/x-www-form-urlencoded' does not match any allowed types. Must be one of: [application/json].: []
"
968da8e6-0854-426b-b4fd-47030f3b0123,31b62b51-1e57-4cab-bfca-10415e01208e,false,"[OAS] [OAS] validation failed:
 - ERROR - Response Content-Type header 'charset=UTF-8' is not a valid media type: []
"
968da8e6-0854-426b-b4fd-47030f3b0123,a9811401-cda5-43b5-9526-3db1c653f024,false,"[OAS] [OAS] validation failed:
 - ERROR - [Path '/0'] Instance type (boolean) does not match any allowed primitive type (allowed: [""object""]): []
"
d704ab86-d1be-4371-a5ce-fde47fdba6a9,07031d5f-c293-43f1-a9dc-33ddb9ce621f,false,"[OAS] [OAS] validation failed:
 - ERROR - Instance type (object) does not match any allowed primitive type (allowed: [""array""]): []
"
d704ab86-d1be-4371-a5ce-fde47fdba6a9,f0e2be93-f527-45f1-bf7d-82ec7433e708,false,"[OAS] [OAS] validation failed:
 - ERROR - Response status 409 not defined for path '/projects'.: []
"
d704ab86-d1be-4371-a5ce-fde47fdba6a9,aa76c92a-284c-47f9-bb77-f9a4989bd106,false,[NO_5XX] Unexpected 5XX response: 504
d704ab86-d1be-4371-a5ce-fde47fdba6a9,d73dd64a-5e72-433d-a1d0-9da0803959c1,false,"[OAS] [OAS] validation failed:
 - ERROR - Response Content-Type header 'text/plain' does not match any allowed types. Must be one of: [application/json].: []
"
d704ab86-d1be-4371-a5ce-fde47fdba6a9,15aa6eed-1d7f-47d5-b422-4c2c26e23496,false,"[OAS] [OAS] validation failed:
 - ERROR - Response Content-Type header 'charset=UTF-8' is not a valid media type: []
"
d704ab86-d1be-4371-a5ce-fde47fdba6a9,cbfba13c-2e00-4b6f-9ca5-2e95ba90191b,true,
d704ab86-d1be-4371-a5ce-fde47fdba6a9,c517abdd-020b-49cc-aab0-d22900e8fd9a,true,
d704ab86-d1be-4371-a5ce-fde47fdba6a9,1bd9de6e-e71e-4db7-bc95-313e3ed4eea9,false,"[OAS] [OAS] validation failed:
 - ERROR - Object has missing required properties ([""error""]): []
"
d704ab86-d1be-4371-a5ce-fde47fdba6a9,29325694-2fc2-470e-8f45-604b8e4284be,false,"[OAS] [OAS] validation failed:
 - ERROR - Object instance has properties which are not allowed by the schema: [""randomBoolean1""]: []
"
d704ab86-d1be-4371-a5ce-fde47fdba6a9,d0b6a025-708a-448d-8e06-ad9b8cb1d604,true,
d704ab86-d1be-4371-a5ce-fde47fdba6a9,dc7c6e7e-68a4-40f1-a47b-98f4d42b5215,false,"[OAS] [OAS] validation failed:
 - ERROR - [Path '/status'] Instance type (null) does not match any allowed primitive type (allowed: [""integer""]): []
"
d704ab86-d1be-4371-a5ce-fde47fdba6a9,fb6867b7-6f3d-412c-ae77-c4ca8607f64c,false,"[OAS] [OAS] validation failed:
 - ERROR - [Path '/status'] Instance type (number) does not match any allowed primitive type (allowed: [""integer""]): []
"
d704ab86-d1be-4371-a5ce-fde47fdba6a9,32d99ccc-a9a0-4fcd-aaa3-4e53a571545f,true,
d704ab86-d1be-4371-a5ce-fde47fdba6a9,7c26711f-0c73-432b-8e3e-763595697b2d,true,
d704ab86-d1be-4371-a5ce-fde47fdba6a9,53a431f5-72e7-4373-b6a9-ddac06449978,true,
d704ab86-d1be-4371-a5ce-fde47fdba6a9,9e665c4a-fd0f-4b1b-a05c-b828267d0f19,false,"[OAS] [OAS] validation failed:
 - ERROR - [Path '/error'] Instance type (null) does not match any allowed primitive type (allowed: [""string""]): []
"
d704ab86-d1be-4371-a5ce-fde47fdba6a9,0f5ccf4e-ca42-4433-afd9-9abb84a84acd,false,"[OAS] [OAS] validation failed:
 - ERROR - [Path '/error'] Instance type (number) does not match any allowed primitive type (allowed: [""string""]): []
"
d704ab86-d1be-4371-a5ce-fde47fdba6a9,882a0f5d-35b4-4151-9fce-259340dbd0db,true,
d704ab86-d1be-4371-a5ce-fde47fdba6a9,b866da19-982a-4119-a520-bb3369051878,true,
d704ab86-d1be-4371-a5ce-fde47fdba6a9,bcf0e75d-d55c-4836-98e7-ba336b7e8379,true,
d704ab86-d1be-4371-a5ce-fde47fdba6a9,cca76959-9e70-4035-87ec-15d73c65b506,false,"[OAS] [OAS] validation failed:
 - ERROR - [Path '/exception'] Instance type (null) does not match any allowed primitive type (allowed: [""string""]): []
"
d704ab86-d1be-4371-a5ce-fde47fdba6a9,d3732ffd-97b6-4f3d-b262-06d27a590bb9,false,"[OAS] [OAS] validation failed:
 - ERROR - [Path '/exception'] Instance type (object) does not match any allowed primitive type (allowed: [""string""]): []
"
d704ab86-d1be-4371-a5ce-fde47fdba6a9,ce4b38f0-99fc-4ad1-b70d-bcac85ad1f2a,true,
d704ab86-d1be-4371-a5ce-fde47fdba6a9,59ebbfc3-2cf2-4f40-b9a3-447c0f5618f4,true,
d704ab86-d1be-4371-a5ce-fde47fdba6a9,85ea6364-b559-402c-ae15-679e19077500,true,
d704ab86-d1be-4371-a5ce-fde47fdba6a9,e3a0ae6d-c61a-407e-86b2-d3e301a111d6,false,"[OAS] [OAS] validation failed:
 - ERROR - [Path '/message'] Instance type (null) does not match any allowed primitive type (allowed: [""string""]): []
"
d704ab86-d1be-4371-a5ce-fde47fdba6a9,23edfa21-cb11-4371-948d-9494e2bc49c2,false,"[OAS] [OAS] validation failed:
 - ERROR - [Path '/message'] Instance type (object) does not match any allowed primitive type (allowed: [""string""]): []
"
d704ab86-d1be-4371-a5ce-fde47fdba6a9,2f8baf9e-972a-4556-8b7c-981f44ed64c4,true,
d704ab86-d1be-4371-a5ce-fde47fdba6a9,708268d4-83cf-4fad-bf73-3ddce53d345b,true,
d704ab86-d1be-4371-a5ce-fde47fdba6a9,73c00726-fbfa-4771-9c49-9a25cc27cf64,true,
d704ab86-d1be-4371-a5ce-fde47fdba6a9,0d041963-4f35-4558-a80d-6a2ddef0d6f9,false,"[OAS] [OAS] validation failed:
 - ERROR - [Path '/path'] Instance type (null) does not match any allowed primitive type (allowed: [""string""]): []
"
d704ab86-d1be-4371-a5ce-fde47fdba6a9,30e128ba-67cd-41b0-b972-3de6b548c39d,false,"[OAS] [OAS] validation failed:
 - ERROR - [Path '/path'] Instance type (array) does not match any allowed primitive type (allowed: [""string""]): []
"
bb526b4b-6673-460b-a4ef-5008a8a66e42,0b5f36a6-ba9a-468e-aa09-ea1fc780ccba,true,
bb526b4b-6673-460b-a4ef-5008a8a66e42,2969bc9a-9238-4286-8123-a432396d2c24,true,
3185ca87-1445-4836-8db3-5913bfa2e805,05d892ab-fee5-493b-8531-09f46b4cd1a7,true,
3185ca87-1445-4836-8db3-5913bfa2e805,562df920-e0e4-40c9-a551-64e70486c988,true,
e21cb154-cb0b-4023-b571-ce309cd634a1,2dcf5f61-616e-4b15-9817-376e22303ea8,true,
e21cb154-cb0b-4023-b571-ce309cd634a1,c46d3cea-d3d8-4dcd-8190-bb0b07dd1ca9,true,
56ee44f5-58a0-464b-bf10-064ac7e13a2f,7a782ef3-6073-4650-9a78-68cdcbae9fdd,true,
56ee44f5-58a0-464b-bf10-064ac7e13a2f,b6d81ac0-adc4-46b8-aa00-7eaf6048e9e0,true,
edfc0872-3cfd-462f-b9d6-fd9068582574,02c4ab9d-b85d-4c3a-b412-34199f9d8cfb,true,
edfc0872-3cfd-462f-b9d6-fd9068582574,4fd31b05-4779-4f2d-b9f5-90d52f15a909,true,
b67c68a4-c730-4663-a8bf-aeedd21e54b0,d4feb4e6-d2a1-4af3-85a7-39f139e32619,true,
b67c68a4-c730-4663-a8bf-aeedd21e54b0,6cbbc7a5-b95b-46af-b89d-bad3725ba21a,true,
40240c58-ea99-424d-a0de-e45331ce7b43,adf0bfb6-7a04-447a-bc27-d82e3ff32249,true,
40240c58-ea99-424d-a0de-e45331ce7b43,3387468f-274a-48aa-887f-1a7abc81a181,true,
ffb9417a-fc18-4df3-8b8c-6dd480645029,738b3a1d-9abe-48a0-b3ab-f591e3025f02,true,
ffb9417a-fc18-4df3-8b8c-6dd480645029,5feddc2f-646d-4cb9-87bb-4c7c03b1c5cd,true,
c5ab0d20-3412-473e-bf85-4d5ce4e2058e,0cf54ad4-5a3a-45bd-b593-c7781b19a12d,true,
c5ab0d20-3412-473e-bf85-4d5ce4e2058e,d4902d9f-f8bf-42a6-a284-7f2db5dbc551,true,
311d2240-484f-4d30-a8fa-0bd5cba4687f,324207cc-e2d1-48c4-95e4-3e57781bd6aa,true,
311d2240-484f-4d30-a8fa-0bd5cba4687f,552ddf5b-1a52-42cf-a9b8-d791a729c15b,true,
fdafa939-900f-4ff7-b1c3-5dbfaf938b2d,e7d0e3c3-3529-432a-a4f9-0946544498ca,true,
fdafa939-900f-4ff7-b1c3-5dbfaf938b2d,0c719333-de34-4cb9-b0fa-9a316447323d,true,
18d04e34-f541-4349-bc36-a8fde3e8f519,6be5fe84-4cc9-4ee8-989a-8cd8a7f4abea,true,
18d04e34-f541-4349-bc36-a8fde3e8f519,0b140145-3caa-4b85-ad4e-e65773db4720,true,
89749928-9043-430a-936d-39284f108420,ab50f6ff-b657-429e-bfcc-686f69b21514,true,
89749928-9043-430a-936d-39284f108420,652ccb65-ba2a-405e-b449-3e3a30163746,true,
89749928-9043-430a-936d-39284f108420,61336023-641a-4d26-95e1-e37dc2880a1d,true,
89749928-9043-430a-936d-39284f108420,199f10ea-514a-4831-855d-814ac448822d,true,
89749928-9043-430a-936d-39284f108420,0d716dd5-7a80-4e0c-9e52-840e72d67c32,true,
89749928-9043-430a-936d-39284f108420,b5546475-614b-4fc3-8333-c54f22748105,true,
89749928-9043-430a-936d-39284f108420,0ab4a2d9-6c40-4449-991c-7e4547161fdb,true,
89749928-9043-430a-936d-39284f108420,7a7779c9-e89c-4012-a53b-0acdd0e819b4,true,
89749928-9043-430a-936d-39284f108420,288651e7-f25d-460d-a06a-ca4ffa1327e5,false,[INV] input.organizations == return.organizationName :: expected 'galanto' to deeply equal 'PNK5yQn'
89749928-9043-430a-936d-39284f108420,9181e7b8-bc76-462f-80f9-25deadbf5cf4,false,[INV] input.organizations == return.organizationName :: expected 'galanto' to deeply equal 'galan´/to'
89749928-9043-430a-936d-39284f108420,7bd225fb-c649-4f88-ac81-c5bc7834ed7a,false,[INV] input.organizations == return.organizationName :: expected 'galanto' to deeply equal 'b'
89749928-9043-430a-936d-39284f108420,a269924b-b03c-456f-8cf8-b8702e2abcac,true,
89749928-9043-430a-936d-39284f108420,c8aca65b-7daf-4609-8dbe-ca325d5e7162,true,
89749928-9043-430a-936d-39284f108420,8f0fdf76-bd19-46a6-b70f-db1c62a30efe,true,
89749928-9043-430a-936d-39284f108420,0299587b-8b4a-46a7-8317-0b230fa41ddc,true,
89749928-9043-430a-936d-39284f108420,6a712420-944d-4668-a6b6-43a1e1f1a7e1,true,
89749928-9043-430a-936d-39284f108420,0c54cc94-e14a-42a8-b9a8-167b36e75abd,true,
89749928-9043-430a-936d-39284f108420,152c32f6-39dc-4951-9226-3db22120335d,true,
89749928-9043-430a-936d-39284f108420,303e4725-2894-4c49-b086-bfe1e55198cf,true,
89749928-9043-430a-936d-39284f108420,fdc26127-8b1d-418f-ae9b-cf49c99f025d,true,
3da8f1f5-b8cd-41e5-a33a-ef9eca6ccb77,cac9b7da-5131-41fa-89de-1aec56d2daaa,true,
3da8f1f5-b8cd-41e5-a33a-ef9eca6ccb77,b96ca075-0acd-4271-a9cf-9ce84649e199,true,
3bea589a-e268-4d79-8a0b-d7c9ba927eae,86e36dd2-8de3-4db3-90bc-b381a8269781,true,
3bea589a-e268-4d79-8a0b-d7c9ba927eae,4b08ed6c-dcec-4860-bfa0-2ca7cb62b988,true,
7dfe5b45-b1a0-44bc-b954-a90185d38725,d194ebbb-ee04-41ff-847e-b767ecf19362,true,
7dfe5b45-b1a0-44bc-b954-a90185d38725,3eb53dc5-4fc0-48d0-ba10-85b8928a9612,true,
cb783821-a1ad-49b7-856b-0bb9077a113c,0ec62393-eda2-41b2-97fc-f744937253e1,true,
cb783821-a1ad-49b7-856b-0bb9077a113c,d02d904b-6fc9-4c78-854c-50740a4c3359,true,
8a6e1d12-42ec-4bb6-9bde-29568f9d70f5,a2d9f635-87b8-434f-9a96-892afc31b636,true,
8a6e1d12-42ec-4bb6-9bde-29568f9d70f5,189de5d0-27e0-4b49-98db-0caa6d4c72e3,true,
9f598b24-3eeb-4f03-ae45-e9766cb499ed,8f125040-bab5-4d9c-b4af-e84851d229da,true,
9f598b24-3eeb-4f03-ae45-e9766cb499ed,b2632173-f9e7-48f3-9c80-c4ad9170da10,true,
9f598b24-3eeb-4f03-ae45-e9766cb499ed,436cdb07-dd3d-4933-85a1-352dd75196df,true,
9f598b24-3eeb-4f03-ae45-e9766cb499ed,b45ab473-8b82-47f3-aee5-5324bbea78a7,true,
9f598b24-3eeb-4f03-ae45-e9766cb499ed,5d9fa1dc-ac27-478c-bbb9-99dead68822b,true,
9f598b24-3eeb-4f03-ae45-e9766cb499ed,6b5d28af-3170-454a-b633-1919de500c3e,true,
9f598b24-3eeb-4f03-ae45-e9766cb499ed,e5f078a7-298f-4ee0-b7ee-3513a872baf5,true,
9f598b24-3eeb-4f03-ae45-e9766cb499ed,8a7f0346-ee9f-4d21-8d8b-fe0f9feff5ad,true,
9f598b24-3eeb-4f03-ae45-e9766cb499ed,f4aef14e-2d58-4c96-934e-da5ec8a9cbb6,false,[INV] input.organizations == return.organizationName :: expected 'galanto' to deeply equal '%a1iR<j'
9f598b24-3eeb-4f03-ae45-e9766cb499ed,bc98e74f-8897-4b36-b34d-7aaa483ae9b3,false,[INV] input.organizations == return.organizationName :: expected 'galanto' to deeply equal 'galan´/to'
9f598b24-3eeb-4f03-ae45-e9766cb499ed,d3226cc1-ce3f-45fd-b2a0-28e62d0396c3,false,[INV] input.organizations == return.organizationName :: expected 'galanto' to deeply equal 'h'
9f598b24-3eeb-4f03-ae45-e9766cb499ed,d4d1caf4-1c43-43e0-984b-a94b3102feff,true,
9f598b24-3eeb-4f03-ae45-e9766cb499ed,b9ce93cc-62a7-48bd-b233-23b1d66e85a4,true,
9f598b24-3eeb-4f03-ae45-e9766cb499ed,2fef4c8e-4001-4b6c-a791-42eb54894fe4,true,
9f598b24-3eeb-4f03-ae45-e9766cb499ed,58854488-2bec-484b-8071-d143676ee029,true,
9f598b24-3eeb-4f03-ae45-e9766cb499ed,6e7f94bc-6096-4b54-ad4b-0587c52ef04b,true,
9f598b24-3eeb-4f03-ae45-e9766cb499ed,6fd82ab1-b7d5-4f2b-ba0e-7cbab4469b6a,true,
9f598b24-3eeb-4f03-ae45-e9766cb499ed,ecd0a4fb-0bdc-4256-aa7d-428559b874af,true,
9f598b24-3eeb-4f03-ae45-e9766cb499ed,466e492a-d955-4db5-81fe-a57341911fc6,true,
9f598b24-3eeb-4f03-ae45-e9766cb499ed,fabd3aae-6bcb-42f3-b6ca-5e1a66639724,true,
5ed9fd97-d54d-4b65-bc93-9bd7ee7a7ac0,5ded9f95-84b0-45e8-9ec6-493f6d4c44d4,true,
5ed9fd97-d54d-4b65-bc93-9bd7ee7a7ac0,669e2deb-2832-4334-be16-9690e901f98f,true,
cc82fd5e-535a-440c-b502-03a229945b65,8915136d-733c-458e-b2a3-7a3cf25bdf2c,true,
cc82fd5e-535a-440c-b502-03a229945b65,5ca4fa71-c9f9-49c6-a385-54eda2e9f8b7,true,
0db6cbd1-7b96-45cc-8bd1-ebc46b8e56e9,302b297d-4fcd-4a51-b57c-95085509de4e,true,
0db6cbd1-7b96-45cc-8bd1-ebc46b8e56e9,7b516e44-688a-4dd6-adea-66999c2c6a4e,true,
639e142a-06a7-47b9-84c0-d7b6b841adae,069b8d06-4306-4b2d-86b1-f4a10311f2e6,true,
639e142a-06a7-47b9-84c0-d7b6b841adae,f00af4a7-0cef-48de-a5ae-a50092d61934,true,
6a3b4f98-47dc-41f8-aea9-5aeb5711512c,d9108d7d-845f-4163-b912-406e71b64e12,true,
6a3b4f98-47dc-41f8-aea9-5aeb5711512c,7b9407ff-906e-4885-acea-582d2e8db512,true,
71c061e2-c41d-485c-a198-ca2e56422227,a4fa644d-315d-4f81-ad0d-2af216c55e16,true,
71c061e2-c41d-485c-a198-ca2e56422227,793cecfd-dbfb-445a-bd64-92834cc240fe,true,
03cb5d72-2278-4816-aaf4-18a7c95720e3,d420346f-07c9-4391-877a-cadb736494eb,true,
03cb5d72-2278-4816-aaf4-18a7c95720e3,bd0cc8fa-00b7-47ff-9993-5de27a501a40,true,
203dbd96-9d48-4f7b-b48c-7fc1332a1870,68312d5f-de92-4eef-8a5c-ea13c482f549,true,
203dbd96-9d48-4f7b-b48c-7fc1332a1870,4b3e9d66-be0b-40df-bdc3-ac2dba8dbdbe,true,
203dbd96-9d48-4f7b-b48c-7fc1332a1870,b4e4b6ed-ef17-4745-a369-8ab430d7adf5,true,
203dbd96-9d48-4f7b-b48c-7fc1332a1870,440713b8-062b-4b0d-adf0-6d67c5db74ac,true,
203dbd96-9d48-4f7b-b48c-7fc1332a1870,579de81a-6393-4b5a-88ac-910bddfa51e5,true,
203dbd96-9d48-4f7b-b48c-7fc1332a1870,3589a283-32b1-4556-bebb-6a8034dd4a84,true,
203dbd96-9d48-4f7b-b48c-7fc1332a1870,1bdeec40-93d2-48ef-9025-37bd1136e5d4,true,
203dbd96-9d48-4f7b-b48c-7fc1332a1870,85bdb594-c96f-4ae7-960b-8123422b6e21,true,
203dbd96-9d48-4f7b-b48c-7fc1332a1870,dd470e2c-6408-421e-ba70-5b4e7eacc673,false,[INV] input.organizations == return.organizationName :: expected 'galanto' to deeply equal 'w0ioAPF'
203dbd96-9d48-4f7b-b48c-7fc1332a1870,47f6650d-161f-440a-89df-bb2e0ba6e068,false,[INV] input.organizations == return.organizationName :: expected 'galanto' to deeply equal 'galan´/to'
203dbd96-9d48-4f7b-b48c-7fc1332a1870,cdcaf661-0492-41e9-b9da-c8d124faa73b,false,[INV] input.organizations == return.organizationName :: expected 'galanto' to deeply equal 'M'
203dbd96-9d48-4f7b-b48c-7fc1332a1870,26c6fe97-ef0d-41ce-b4e4-4425c0ca951f,true,
203dbd96-9d48-4f7b-b48c-7fc1332a1870,7c390421-7c0c-4612-86d0-e502b47933b7,true,
203dbd96-9d48-4f7b-b48c-7fc1332a1870,6c7e80b7-1958-468c-a59b-b77add2ac96f,true,
203dbd96-9d48-4f7b-b48c-7fc1332a1870,c2d44c27-689b-485e-8e7a-ffd989e1bea6,true,
203dbd96-9d48-4f7b-b48c-7fc1332a1870,a9bf0ae3-75d6-45cf-8d56-997cbb011680,true,
203dbd96-9d48-4f7b-b48c-7fc1332a1870,00c97d94-c39a-48c7-90d9-8b1de65df15e,true,
203dbd96-9d48-4f7b-b48c-7fc1332a1870,a2540c6e-5b36-4e84-9e8e-1cc1d25c825d,true,
203dbd96-9d48-4f7b-b48c-7fc1332a1870,54c1e1c3-d3ea-45fb-9b35-387943427652,true,
203dbd96-9d48-4f7b-b48c-7fc1332a1870,f925d303-9bd1-44ec-8ccf-d710ed481520,true,
3a0a97b1-ed05-438e-ae01-afdc6a128f11,3b92367d-0690-4c6b-b790-c47378102db7,true,
3a0a97b1-ed05-438e-ae01-afdc6a128f11,25358d33-9a1a-49a8-96d1-d068795f9fcf,true,
c0568414-de75-428b-85db-aef5e2d08d39,cf8ebdac-5cda-4c7e-b8a8-64771d3ab81e,true,
c0568414-de75-428b-85db-aef5e2d08d39,29ac2ecb-8971-47c2-9a78-83e39ac3fccb,true,
c0568414-de75-428b-85db-aef5e2d08d39,21b58548-7e43-42ed-9102-b5d92ba3f09d,true,
c0568414-de75-428b-85db-aef5e2d08d39,7b18f3b4-c0b2-44d9-8adc-dcd09506211c,true,
c0568414-de75-428b-85db-aef5e2d08d39,1edd6d72-8709-4e66-a6ea-d65fd5921ea9,true,
c0568414-de75-428b-85db-aef5e2d08d39,b3619987-6185-45fc-bd58-40d32e08ee15,true,
c0568414-de75-428b-85db-aef5e2d08d39,e96a1684-fd9c-48c2-9410-255bdfc0578e,true,
c0568414-de75-428b-85db-aef5e2d08d39,070f7589-3b97-4248-9417-439c98420160,true,
c0568414-de75-428b-85db-aef5e2d08d39,70ff8661-3a52-453e-9198-71d796d62131,false,[INV] input.organizations == return.organizationName :: expected 'galanto' to deeply equal '~NGL?'
c0568414-de75-428b-85db-aef5e2d08d39,fed3f363-8cb0-4450-8b5a-15d1ca9a5e2d,false,[INV] input.organizations == return.organizationName :: expected 'galanto' to deeply equal 'galan´/to'
c0568414-de75-428b-85db-aef5e2d08d39,6fe60dbd-b82a-4a06-804e-1e1d3d971d2a,false,[INV] input.organizations == return.organizationName :: expected 'galanto' to deeply equal 'K'
c0568414-de75-428b-85db-aef5e2d08d39,e270f747-3ad8-47eb-afae-f556c51b3977,true,
c0568414-de75-428b-85db-aef5e2d08d39,881e1c25-0d0f-48df-a472-e1fdf2bad1a1,true,
c0568414-de75-428b-85db-aef5e2d08d39,afae896d-da6c-469f-8928-78228c731c21,true,
c0568414-de75-428b-85db-aef5e2d08d39,e0a95ef2-6af3-4542-a00b-66b916a98ea7,true,
c0568414-de75-428b-85db-aef5e2d08d39,e779f2bc-71ee-467d-b46c-5bf7ef5de361,true,
c0568414-de75-428b-85db-aef5e2d08d39,6bb8498f-55c3-4537-bf98-13446ac31050,true,
c0568414-de75-428b-85db-aef5e2d08d39,174ef5ce-512e-4f09-a2e2-5c0ef168c0e8,true,
c0568414-de75-428b-85db-aef5e2d08d39,79656795-2a43-4bd6-9708-8fd14f5d8769,true,
c0568414-de75-428b-85db-aef5e2d08d39,03460152-4cbc-42e8-b122-b1a78a45bf97,true,
dc59ee91-043d-4435-8776-f0230e77a94d,6e81276f-0b6c-44fd-a050-a401ab61087c,true,
dc59ee91-043d-4435-8776-f0230e77a94d,923d2963-df51-4454-8a6b-5c5f6ecdfef8,true,
7fd6b1c5-e2d9-4929-96bf-63d72d7874d5,37e13bd4-7eea-47b8-b0c5-983f275b1d9f,true,
7fd6b1c5-e2d9-4929-96bf-63d72d7874d5,d54732a8-065a-40f6-b187-1671226daa5a,true,
dc53d18b-816a-4f9f-bf9d-1e7de9f40565,96609ad7-6663-4492-8a9f-c006bd957a65,true,
dc53d18b-816a-4f9f-bf9d-1e7de9f40565,1658e438-21fc-4006-9c84-b791c78bf4c2,true,
82eca8ea-e4ab-45ee-b78e-16d31a826f53,ccda7f96-2e2d-4bc1-9905-528383523769,true,
82eca8ea-e4ab-45ee-b78e-16d31a826f53,f0c88349-34e9-4edf-96df-767297d40fc9,true,
7480bc2b-c8dc-454e-a108-253e48c8ff60,d927d1c5-8c62-4cb5-95fd-bb18745923c8,true,
7480bc2b-c8dc-454e-a108-253e48c8ff60,e1561950-aa11-467f-86e8-71df3fbf8c34,true,
ce4ababb-1be0-4f5d-8c0c-62985e9972b8,f1fdcf59-8bb3-49e2-bd00-eebf640457e8,true,
ce4ababb-1be0-4f5d-8c0c-62985e9972b8,794b13d4-b6b5-41d7-ab72-c8b4d07d03cf,true,
aefe1d04-07ee-4e32-bcbb-49988ebcedd4,d831f0c3-dab2-4a17-b6b1-582c489bd774,true,
aefe1d04-07ee-4e32-bcbb-49988ebcedd4,cf1bbbfa-a882-4812-99dd-2ae0257d5431,true,
aefe1d04-07ee-4e32-bcbb-49988ebcedd4,53bec290-1486-470e-8e98-3f9d591ad7ee,true,
aefe1d04-07ee-4e32-bcbb-49988ebcedd4,521b649f-887b-48af-9805-a605edc37795,true,
aefe1d04-07ee-4e32-bcbb-49988ebcedd4,cad1099e-52ad-4e68-b9cd-fb90b0cd3193,true,
aefe1d04-07ee-4e32-bcbb-49988ebcedd4,e243bcd3-e4a9-4b2b-a81c-a3d8a1c10d25,true,
aefe1d04-07ee-4e32-bcbb-49988ebcedd4,f1fd9aa1-5e09-49a9-9e11-46a2cfcecfad,true,
aefe1d04-07ee-4e32-bcbb-49988ebcedd4,b1766a1a-45b5-4dd8-a688-b37a83fc6f3e,true,
aefe1d04-07ee-4e32-bcbb-49988ebcedd4,c4f96edf-e99f-4c31-bad6-a74af81ce87d,true,
aefe1d04-07ee-4e32-bcbb-49988ebcedd4,8732604b-093b-44a4-bdd3-99f5d2050757,true,
aefe1d04-07ee-4e32-bcbb-49988ebcedd4,95a83e8d-0f93-41f1-aca8-47a1a604107b,false,[INV] input.organizations == return.organizationName :: expected 'galanto' to deeply equal 'f'
aefe1d04-07ee-4e32-bcbb-49988ebcedd4,b1b63994-02f7-4732-9f6c-9691a49eed32,false,[INV] input.organizations == return.organizationName :: expected 'galanto' to deeply equal 'galan´/to'
aefe1d04-07ee-4e32-bcbb-49988ebcedd4,771fcf96-e856-4b81-8bf3-40668e224bea,false,[INV] input.organizations == return.organizationName :: expected 'galanto' to deeply equal 'E'
aefe1d04-07ee-4e32-bcbb-49988ebcedd4,b0ee9fd4-eebb-42ec-87e3-72eca00ef03c,true,
aefe1d04-07ee-4e32-bcbb-49988ebcedd4,8ce267b5-64d0-45ba-8957-abad1ac5dc6e,true,
aefe1d04-07ee-4e32-bcbb-49988ebcedd4,11566e2e-f787-4c61-8c9f-55d6212427f9,true,
aefe1d04-07ee-4e32-bcbb-49988ebcedd4,e431f464-c6a8-4f85-b67d-f3ce4a0d5514,true,
aefe1d04-07ee-4e32-bcbb-49988ebcedd4,b5918586-dbbd-4d0d-b784-1a4715f4ff28,true,
aefe1d04-07ee-4e32-bcbb-49988ebcedd4,93fe74c0-b5a6-4005-9017-1a4d473395d4,true,
aefe1d04-07ee-4e32-bcbb-49988ebcedd4,ba84ae9e-939c-400c-a419-145c38a56d94,true,
aefe1d04-07ee-4e32-bcbb-49988ebcedd4,f9ef698c-ef37-4dc1-a50a-e8cfc6e82a18,true,
aefe1d04-07ee-4e32-bcbb-49988ebcedd4,0fe19b51-9c3d-4558-b8da-7c8527c0515f,true,
aefe1d04-07ee-4e32-bcbb-49988ebcedd4,f68dfe33-b8b1-4195-b25a-e1310e53f06f,true,
aefe1d04-07ee-4e32-bcbb-49988ebcedd4,1e41229c-54c4-46cf-9186-d074390e1c32,true,
aefe1d04-07ee-4e32-bcbb-49988ebcedd4,380d595d-8e53-4490-83b8-ec21b92aec2b,true,
aefe1d04-07ee-4e32-bcbb-49988ebcedd4,77915c3f-c957-42c7-a481-ec9d49bf1269,true,
aefe1d04-07ee-4e32-bcbb-49988ebcedd4,75ad82ea-5a89-44ee-b12f-02ceff64a6c5,true,
aefe1d04-07ee-4e32-bcbb-49988ebcedd4,2dcbd82d-d7ab-4767-805f-3faf50f66e07,false,[INV] input.organizations == return.organizationName :: expected 'galanto' to deeply equal '7'
aefe1d04-07ee-4e32-bcbb-49988ebcedd4,ec1d5013-2295-4251-94a9-d462d85e7d37,false,[INV] input.organizations == return.organizationName :: expected 'galanto' to deeply equal 'galanto/*'
aefe1d04-07ee-4e32-bcbb-49988ebcedd4,a05430cf-7601-417e-b86e-b5807d4e76c9,false,[INV] input.organizations == return.organizationName :: expected 'galanto' to deeply equal 'EJEMPLO MAYUS'
aefe1d04-07ee-4e32-bcbb-49988ebcedd4,0e8873fc-6812-418e-8ca2-7af43d668867,true,
aefe1d04-07ee-4e32-bcbb-49988ebcedd4,c5593491-4a3e-4f2f-a2e1-ab56af9685e4,true,
aefe1d04-07ee-4e32-bcbb-49988ebcedd4,8f3f3bfa-fb43-43c4-aa7d-19e8cbeb9f78,true,
aefe1d04-07ee-4e32-bcbb-49988ebcedd4,8488b83b-7ea7-4e3f-98c2-a6d65e414485,true,
aefe1d04-07ee-4e32-bcbb-49988ebcedd4,f434cf13-a306-4be5-a71f-4c75c3c69aa1,true,
aefe1d04-07ee-4e32-bcbb-49988ebcedd4,fb23ecf6-218b-4cc6-9efd-8c879ea50ad7,true,
aefe1d04-07ee-4e32-bcbb-49988ebcedd4,4816b174-943c-494f-89e9-018a45c22077,true,
aefe1d04-07ee-4e32-bcbb-49988ebcedd4,d16ea772-8bb9-4f9d-be5e-f58d1c9dae2a,true,
aefe1d04-07ee-4e32-bcbb-49988ebcedd4,eefff4db-0822-4344-a7e5-021c19d8096d,true,
aefe1d04-07ee-4e32-bcbb-49988ebcedd4,c682173f-e047-4a38-928f-f3f5a95de4c7,true,
aefe1d04-07ee-4e32-bcbb-49988ebcedd4,db3c30be-541e-4512-a181-fdf80ed1cd7b,true,
aefe1d04-07ee-4e32-bcbb-49988ebcedd4,47709898-baf8-4639-833d-e5f83545d8ea,true,
aefe1d04-07ee-4e32-bcbb-49988ebcedd4,9cfbafde-f6aa-4cd4-8624-a43238cbfc03,true,
aefe1d04-07ee-4e32-bcbb-49988ebcedd4,22922b70-7e12-477f-beec-037f107747dc,false,[INV] input.organizations == return.organizationName :: expected 'galanto' to deeply equal '.;@:'
aefe1d04-07ee-4e32-bcbb-49988ebcedd4,40bf726c-899a-463e-a105-74ebb6dd4548,false,"[INV] input.organizations == return.organizationName :: expected 'galanto' to deeply equal 'gal*,anto'"
aefe1d04-07ee-4e32-bcbb-49988ebcedd4,2970401f-c5be-4261-a059-a5e1074a4ea4,false,[INV] input.organizations == return.organizationName :: expected 'galanto' to deeply equal 'kEcPK9jVVc'
aefe1d04-07ee-4e32-bcbb-49988ebcedd4,9ccff19b-0147-46d2-bccc-1ec65fc93bad,true,
aefe1d04-07ee-4e32-bcbb-49988ebcedd4,1cf7664c-9e44-4275-a135-60f3cfb61c41,true,
aefe1d04-07ee-4e32-bcbb-49988ebcedd4,a9b104e4-21ae-49ea-a0b1-5e3a9ef67553,true,
aefe1d04-07ee-4e32-bcbb-49988ebcedd4,0c0abfe0-6350-4a5f-8f57-2f0a9a993570,true,
aefe1d04-07ee-4e32-bcbb-49988ebcedd4,97556f79-e345-47ea-85bd-e3f2755fb5ff,true,
aefe1d04-07ee-4e32-bcbb-49988ebcedd4,7662c328-56e0-4f80-992c-71f524062d54,true,
aefe1d04-07ee-4e32-bcbb-49988ebcedd4,42e7242e-5058-4568-9a7e-822eb29b0941,true,
aefe1d04-07ee-4e32-bcbb-49988ebcedd4,acfd9b7a-e5f8-45a7-96e1-1f59e96735a5,true,
aefe1d04-07ee-4e32-bcbb-49988ebcedd4,62e1f5a0-3e27-4b6c-bcb4-264a97937a10,true,
aefe1d04-07ee-4e32-bcbb-49988ebcedd4,cc1236e8-fc2a-4399-a05b-f73c43750559,true,
aefe1d04-07ee-4e32-bcbb-49988ebcedd4,7a4dfb7e-679d-45c5-bb9f-ca8748b961b1,true,
aefe1d04-07ee-4e32-bcbb-49988ebcedd4,277740dc-4e81-4acf-b20c-5808e0c11c28,true,
aefe1d04-07ee-4e32-bcbb-49988ebcedd4,0a74226e-173e-4f76-991f-8ea6eec01e4b,true,
aefe1d04-07ee-4e32-bcbb-49988ebcedd4,1dfc9308-e6bd-4f89-b1b6-e13a9707fd7c,false,[INV] input.organizations == return.organizationName :: expected 'galanto' to deeply equal '['
aefe1d04-07ee-4e32-bcbb-49988ebcedd4,68dd7bfd-6788-4b00-8bd9-cbb91aa4b7c8,false,[INV] input.organizations == return.organizationName :: expected 'galanto' to deeply equal '´galanto'
aefe1d04-07ee-4e32-bcbb-49988ebcedd4,a4dc696b-2a50-4ea2-af71-c569aea4be1d,false,[INV] input.organizations == return.organizationName :: expected 'galanto' to deeply equal 'EJEMPLO MAYUS'
aefe1d04-07ee-4e32-bcbb-49988ebcedd4,1f3ece52-72ba-46d1-8de1-6d5988495dc5,true,
aefe1d04-07ee-4e32-bcbb-49988ebcedd4,8b521a7a-2321-4489-abf1-64ad5f280c91,true,
aefe1d04-07ee-4e32-bcbb-49988ebcedd4,cade6530-1822-4ac5-bdf9-2243db1d92f4,true,
aefe1d04-07ee-4e32-bcbb-49988ebcedd4,00f24250-9de8-4d2f-a595-d82032cd7c1d,true,
aefe1d04-07ee-4e32-bcbb-49988ebcedd4,ae556c82-3f6c-4a2d-bf6e-33980c63f661,true,
aefe1d04-07ee-4e32-bcbb-49988ebcedd4,f77ed89e-5d4f-4919-ac00-a80eee4c944d,true,
aefe1d04-07ee-4e32-bcbb-49988ebcedd4,e0a8c2a4-a44f-4f11-9a97-4ec30ea7683a,true,
aefe1d04-07ee-4e32-bcbb-49988ebcedd4,a7e99a46-b60a-4720-a555-276974a212a8,true,
aefe1d04-07ee-4e32-bcbb-49988ebcedd4,83bd61cd-f1ab-42b8-9e12-490b1ff8d0fb,true,
aefe1d04-07ee-4e32-bcbb-49988ebcedd4,74b41172-657e-40d7-b46a-25bbca6206c8,true,
aefe1d04-07ee-4e32-bcbb-49988ebcedd4,22f929db-c853-44d5-a0ea-7c6782867f57,true,
aefe1d04-07ee-4e32-bcbb-49988ebcedd4,9ffe01b3-438b-468e-a2c9-4ca672aca749,true,
aefe1d04-07ee-4e32-bcbb-49988ebcedd4,1601f4e2-7917-415c-8829-ce4066287581,true,
aefe1d04-07ee-4e32-bcbb-49988ebcedd4,74401aa0-0bb3-400c-af6d-8e268cfd86e4,true,
aefe1d04-07ee-4e32-bcbb-49988ebcedd4,3f15a501-611b-4ba3-b019-4e40666f2cd2,true,
aefe1d04-07ee-4e32-bcbb-49988ebcedd4,423abfee-2a5a-416f-94a8-df20c50fddd4,true,
aefe1d04-07ee-4e32-bcbb-49988ebcedd4,752c420f-91f7-4f0f-8de1-0893b7d032d9,true,
aefe1d04-07ee-4e32-bcbb-49988ebcedd4,156850c3-4a07-456d-8f4c-0e359a72292a,false,[INV] input.organizations == return.organizationName :: expected 'galanto' to deeply equal 'm'
aefe1d04-07ee-4e32-bcbb-49988ebcedd4,484581a0-f568-4396-aed2-019491ce8164,false,"[INV] input.organizations == return.organizationName :: expected 'galanto' to deeply equal 'galanto*,'"
aefe1d04-07ee-4e32-bcbb-49988ebcedd4,423f2ed9-07de-42eb-8960-2f7bf555d6aa,false,[INV] input.organizations == return.organizationName :: expected 'galanto' to deeply equal 'ejemplo minus'
aefe1d04-07ee-4e32-bcbb-49988ebcedd4,eb7e7693-9a88-41ea-831f-8018e08aa4b6,true,
aefe1d04-07ee-4e32-bcbb-49988ebcedd4,4e83e512-f38c-4d7b-8cf7-1d7d03a993f1,true,
aefe1d04-07ee-4e32-bcbb-49988ebcedd4,b8d6cfb2-2dbf-405a-8f56-a49212f9cefe,true,
aefe1d04-07ee-4e32-bcbb-49988ebcedd4,9a4973aa-8345-4f3c-bed5-9687da084412,true,
aefe1d04-07ee-4e32-bcbb-49988ebcedd4,eccad306-73d5-46cd-acf3-f31df7bc9a63,true,
aefe1d04-07ee-4e32-bcbb-49988ebcedd4,1165ea13-039f-4ed6-847d-2973c5130212,true,
aefe1d04-07ee-4e32-bcbb-49988ebcedd4,37eb9ee2-52b5-44c8-a334-36f39de89be4,true,
aefe1d04-07ee-4e32-bcbb-49988ebcedd4,e81f1fa0-8036-4cb9-a237-3fd470820783,true,
aefe1d04-07ee-4e32-bcbb-49988ebcedd4,507abd4e-6a95-4e94-963b-dce70225fbb5,true,
d2066002-21c0-44cf-8d74-64a092ea337d,7852fa13-b6c0-4cf1-813f-57b33fac1467,true,
d2066002-21c0-44cf-8d74-64a092ea337d,28906717-598a-4e3d-925d-d4ad2da269e3,true,
630e5858-ca08-486a-976b-d2d143ef11d6,25032bce-40ae-499a-8fe0-88b5c05b1bdd,true,
630e5858-ca08-486a-976b-d2d143ef11d6,daec3432-803f-4c19-b843-f0e30e306aa8,true,
7508a23c-0f12-4feb-9290-d4b1f8a0a45d,293a93b4-0ab0-4620-b968-7d34655a1306,true,
7508a23c-0f12-4feb-9290-d4b1f8a0a45d,dc24622b-fa6f-4ace-a165-8cdd28029d16,true,
271f35cf-5c92-4e9c-9c12-32940623adf8,c7dc96af-7c71-4fcb-9245-1211846510b4,true,
271f35cf-5c92-4e9c-9c12-32940623adf8,df181a86-c6fd-4cd7-ab74-d37211ba28f8,true,
271f35cf-5c92-4e9c-9c12-32940623adf8,d5624eb8-34e0-48a6-83a7-f7c58693011c,true,
271f35cf-5c92-4e9c-9c12-32940623adf8,49faf127-e7ce-46be-ae8d-ade255d37059,true,
271f35cf-5c92-4e9c-9c12-32940623adf8,039396f6-ab82-4bed-861a-3a9e71b12d70,true,
271f35cf-5c92-4e9c-9c12-32940623adf8,2e2d7178-5036-405b-98d4-503d7822d865,true,
271f35cf-5c92-4e9c-9c12-32940623adf8,dd7d9629-a859-4dc7-a8d6-f3f89a029ff0,true,
271f35cf-5c92-4e9c-9c12-32940623adf8,7b680a35-326a-4000-8933-4df63132a37b,true,
271f35cf-5c92-4e9c-9c12-32940623adf8,3074d7ac-4ceb-4aac-a67f-3d25e13408e2,false,"[INV] input.organizations == return.organizationName :: expected 'galanto' to deeply equal '6Exf+""'"
271f35cf-5c92-4e9c-9c12-32940623adf8,25d0bed5-cc9b-48bb-9971-f5b233d5830d,false,[INV] input.organizations == return.organizationName :: expected 'galanto' to deeply equal 'galan´/to'
271f35cf-5c92-4e9c-9c12-32940623adf8,99576817-8dfb-4644-8772-0a3f7ee10825,false,[INV] input.organizations == return.organizationName :: expected 'galanto' to deeply equal 'X'
271f35cf-5c92-4e9c-9c12-32940623adf8,e08f91a4-4b2c-44dd-b00a-86a6e8b86ea7,true,
271f35cf-5c92-4e9c-9c12-32940623adf8,0b482b9f-cd72-4416-ad25-a613562c04bf,true,
271f35cf-5c92-4e9c-9c12-32940623adf8,4a76143c-65f0-49f1-a265-a8e6654f5029,true,
271f35cf-5c92-4e9c-9c12-32940623adf8,758d832d-e14e-45ca-be8c-8fbc30777896,true,
271f35cf-5c92-4e9c-9c12-32940623adf8,7089416a-5304-48a2-a059-9117b9e4452b,true,
271f35cf-5c92-4e9c-9c12-32940623adf8,a9021df2-9cf0-4a9b-b6e4-b9f9bcf9365c,true,
271f35cf-5c92-4e9c-9c12-32940623adf8,2c090dea-d0da-4817-8239-7e45e03f58c2,true,
271f35cf-5c92-4e9c-9c12-32940623adf8,d9d42834-527e-44df-80ad-ff71cf76bc21,true,
271f35cf-5c92-4e9c-9c12-32940623adf8,d937af8f-909d-409f-a695-4c65281e0009,true,
ede79e87-d91b-4ac1-bd2b-959a70ed6480,65fca667-2027-4812-993b-560c8c5f1d93,true,
ede79e87-d91b-4ac1-bd2b-959a70ed6480,811aca1a-6513-431f-b907-99e04e7caf5e,true,
30d975ce-62bc-4df4-a7c2-039803701a2c,fa961776-ee51-4a0c-863c-009d8004f71c,true,
30d975ce-62bc-4df4-a7c2-039803701a2c,8138e5f6-02e9-4682-b2a7-f0366c27132a,true,
f0a9d9db-49c6-4357-947a-05af2fcd94e1,660a4c03-e9ca-4a09-8260-08ea2d50c2e9,true,
f0a9d9db-49c6-4357-947a-05af2fcd94e1,a520b774-1051-4471-84cd-9b8b003ed6f2,true,
10a4338b-8b41-4888-96f2-5ed9bca02df8,7fe0cd11-de06-41e3-8b7a-ae7a8245afc0,true,
10a4338b-8b41-4888-96f2-5ed9bca02df8,659b3666-a951-4f1a-ab6c-8cb0099665ab,true,
c115d0d7-3c3d-4c68-8de0-6a85da7d22bc,749fd604-e19e-4395-9d30-4d6566d320a2,true,
c115d0d7-3c3d-4c68-8de0-6a85da7d22bc,d7f2236f-c8de-4762-87cb-c929a234f7a5,true,
118d8a12-5281-4ff1-bb2d-59653c69fabc,6105671e-7f69-4245-99b2-c9607571581b,true,
118d8a12-5281-4ff1-bb2d-59653c69fabc,d8357f64-c7e2-45a9-9d35-1e0d8c4b6685,true,
408fcc91-1eef-4863-9a3b-98a974951c37,e6afdd60-2305-4729-8c3d-0b490ec59b92,true,
408fcc91-1eef-4863-9a3b-98a974951c37,c52eebc5-aa6d-428a-8d0f-f3d0ceeb9f2d,true,
408fcc91-1eef-4863-9a3b-98a974951c37,62771315-e12a-43f9-adce-a77e8ee80ca4,true,
408fcc91-1eef-4863-9a3b-98a974951c37,3f024004-0e0d-4eef-935b-4f0228fd51b3,true,
408fcc91-1eef-4863-9a3b-98a974951c37,098eb666-da50-4749-9706-ca9ff45535ab,true,
408fcc91-1eef-4863-9a3b-98a974951c37,4419ab96-2ba0-47e7-9c0f-d4219d01e4f3,true,
408fcc91-1eef-4863-9a3b-98a974951c37,b6efd06b-94ce-4bc8-a48a-617866c2841d,true,
408fcc91-1eef-4863-9a3b-98a974951c37,07e4ffb4-ca7f-413d-8b2d-d7f6eb8d50e1,true,
408fcc91-1eef-4863-9a3b-98a974951c37,6529c89a-1872-4869-bf63-d1f3327c2cd8,false,[INV] input.organizations == return.organizationName :: expected 'galanto' to deeply equal ']$g+'
408fcc91-1eef-4863-9a3b-98a974951c37,419e9bb7-7169-4651-99c3-564e8ed2bb71,false,[INV] input.organizations == return.organizationName :: expected 'galanto' to deeply equal 'galan´/to'
408fcc91-1eef-4863-9a3b-98a974951c37,f2e5817e-6b3a-4cb2-b429-15f05d7795bf,false,[INV] input.organizations == return.organizationName :: expected 'galanto' to deeply equal 'k'
408fcc91-1eef-4863-9a3b-98a974951c37,e8a942f6-4abd-4689-a63e-009380fe4a23,true,
408fcc91-1eef-4863-9a3b-98a974951c37,b8e213d6-6e44-4f29-a87f-70d790d54110,true,
408fcc91-1eef-4863-9a3b-98a974951c37,bee4425e-bd27-42e4-b893-472c7d052b6f,true,
408fcc91-1eef-4863-9a3b-98a974951c37,6e361e61-a6fd-41e9-a6c6-b71baa648b3a,true,
408fcc91-1eef-4863-9a3b-98a974951c37,676c26db-ef65-4460-aec9-02d00ed2ef0f,true,
408fcc91-1eef-4863-9a3b-98a974951c37,253bce38-8bd9-45fa-8388-a9e0e338ed05,true,
408fcc91-1eef-4863-9a3b-98a974951c37,4d2e3082-3438-45f1-88d7-4dd096397643,true,
408fcc91-1eef-4863-9a3b-98a974951c37,e7cc2bfd-d212-4551-bf6a-6b0e2fdc312d,true,
408fcc91-1eef-4863-9a3b-98a974951c37,613bb2c4-a8de-442a-ac69-2dae6742ae2a,true,
bd1219a7-6bbe-428d-a346-eb2409056a10,3286e33c-b94a-4279-b76b-25b4e15cf160,true,
bd1219a7-6bbe-428d-a346-eb2409056a10,a1852bff-7cf5-4a19-9f6e-b5c64ee3f2b2,true,
8205fd21-b4eb-4570-8759-1ad482cf1a95,4cb4e407-734f-48cb-9836-aa9518cfcaff,true,
8205fd21-b4eb-4570-8759-1ad482cf1a95,852c1972-9ddd-42da-a35a-1ae6e3d56a4a,true,
8205fd21-b4eb-4570-8759-1ad482cf1a95,9ea75ea9-e6ed-434c-8a1c-e2ead471903b,true,
8205fd21-b4eb-4570-8759-1ad482cf1a95,b1790ace-62e7-4e0d-aba5-5ac91a1221ee,true,
8205fd21-b4eb-4570-8759-1ad482cf1a95,d0b060e4-5e9d-470f-a3ee-f8151c72e70c,true,
8205fd21-b4eb-4570-8759-1ad482cf1a95,11b98976-c807-467a-b7e1-d701d285efc4,true,
8205fd21-b4eb-4570-8759-1ad482cf1a95,a4accd31-c80f-4657-9480-36b4a743408c,true,
8205fd21-b4eb-4570-8759-1ad482cf1a95,5a6dbce7-3bcb-4b4c-a2a1-acceae369754,true,
8205fd21-b4eb-4570-8759-1ad482cf1a95,44655559-bd1c-4ce2-b250-e7090a59a135,false,[INV] input.organizations == return.organizationName :: expected 'galanto' to deeply equal 'pF[:'
8205fd21-b4eb-4570-8759-1ad482cf1a95,35719bb5-f7b1-46ae-95e2-6a91be8d3231,false,[INV] input.organizations == return.organizationName :: expected 'galanto' to deeply equal 'galan´/to'
8205fd21-b4eb-4570-8759-1ad482cf1a95,f4601bd6-8fd8-413e-9ec0-286862aca4d3,false,[INV] input.organizations == return.organizationName :: expected 'galanto' to deeply equal 'b'
8205fd21-b4eb-4570-8759-1ad482cf1a95,0a1e49dc-c3d5-453b-9790-1726be2eba66,true,
8205fd21-b4eb-4570-8759-1ad482cf1a95,fdeb6296-df4e-4520-be01-b0a3da0e621b,true,
8205fd21-b4eb-4570-8759-1ad482cf1a95,b0a11dc7-903a-49fb-bb06-de2a03f586fc,true,
8205fd21-b4eb-4570-8759-1ad482cf1a95,a7d4b54f-09b8-4d51-806d-72c39fbdf5c1,true,
8205fd21-b4eb-4570-8759-1ad482cf1a95,0f7bf1c3-e03c-4d8c-8456-0a9d872522af,true,
8205fd21-b4eb-4570-8759-1ad482cf1a95,e8869b02-a959-4170-87ac-7b4d7964fd8f,true,
8205fd21-b4eb-4570-8759-1ad482cf1a95,e9362964-89ce-44b1-ad0e-03e6bbdbd14e,true,
8205fd21-b4eb-4570-8759-1ad482cf1a95,1c5de106-f238-4eb4-b613-f89f3ce81ee6,true,
8205fd21-b4eb-4570-8759-1ad482cf1a95,18ef18c6-7436-4faa-a211-5475d7ec626e,true,
30e18c01-4d1e-458c-813d-29d836794ad4,92f49070-c34d-4989-a833-1b2e606d7266,true,
30e18c01-4d1e-458c-813d-29d836794ad4,36eb3247-bdaa-4361-b8ae-328a4f7d9d40,true,
1608376e-0926-4b06-a4c2-e39d7087e55b,9e4bfc74-461b-431b-9959-c2856c552af6,true,
1608376e-0926-4b06-a4c2-e39d7087e55b,fecb214f-92a6-405c-94b1-74c7248f3150,true,
e6ece50d-0b07-4ef6-8b83-d77a498071f3,fdef29b7-78c1-4d55-833d-4c4e860505c8,true,
e6ece50d-0b07-4ef6-8b83-d77a498071f3,380a1812-587b-4b6e-b9c4-00ef909f638d,true,
d4e76ff4-1e39-4a2a-9e8b-4556e9a62abf,6990fd44-eefe-48ce-bbec-c0434bf1ef39,true,
d4e76ff4-1e39-4a2a-9e8b-4556e9a62abf,119c6543-5b12-452f-b404-870046674d6f,true,
298267b8-6921-4d55-8150-d79837d72675,0183e61c-93c8-4bd3-9a29-3376d0bb0955,true,
298267b8-6921-4d55-8150-d79837d72675,0f702e29-0502-42ba-8f08-33cd2c911cb8,true,
68cf545e-718f-4348-85c5-a017f2c0cb69,4f6f2cf3-580b-474d-aa96-79515276e0c9,true,
68cf545e-718f-4348-85c5-a017f2c0cb69,754d5e69-a631-4b25-9881-8679b7171be7,true,
68cf545e-718f-4348-85c5-a017f2c0cb69,7c9128fc-8f66-4091-99c4-7d46bc37e804,true,
68cf545e-718f-4348-85c5-a017f2c0cb69,21662a6e-2e4a-42a3-b7b1-9721ed4dabf9,true,
68cf545e-718f-4348-85c5-a017f2c0cb69,fc50c2bb-46cf-4629-9d0c-ddd95526fe1a,true,
68cf545e-718f-4348-85c5-a017f2c0cb69,9cfcac9a-807d-4770-8098-3926eeef2f48,true,
68cf545e-718f-4348-85c5-a017f2c0cb69,d9fbd50a-4cf0-40c7-a74e-7e3433360e85,true,
68cf545e-718f-4348-85c5-a017f2c0cb69,c74d7ba1-9dcb-4c19-9e01-d7abb667d905,true,
68cf545e-718f-4348-85c5-a017f2c0cb69,d32e90b4-5f0e-4de3-920f-6de52f867092,false,[INV] input.organizations == return.organizationName :: expected 'galanto' to deeply equal ')8Tsr-yD'
68cf545e-718f-4348-85c5-a017f2c0cb69,4cc564d5-1ae2-47ba-ab3c-fe4dcff2b3c4,false,[INV] input.organizations == return.organizationName :: expected 'galanto' to deeply equal 'galan´/to'
68cf545e-718f-4348-85c5-a017f2c0cb69,e01a30dd-0ed4-4ea6-a50a-9a42164095ba,false,[INV] input.organizations == return.organizationName :: expected 'galanto' to deeply equal 'W'
68cf545e-718f-4348-85c5-a017f2c0cb69,5166eea5-ed88-44da-8bf0-08d958c442c0,true,
68cf545e-718f-4348-85c5-a017f2c0cb69,82c8b6d1-4b7e-41cf-94ba-4f5bd9725f7a,true,
68cf545e-718f-4348-85c5-a017f2c0cb69,959c7e0c-7191-4c4d-82b3-e2bae369d91f,true,
68cf545e-718f-4348-85c5-a017f2c0cb69,99d39682-ffa9-4ef7-a4d2-b8faedcd2f4c,true,
68cf545e-718f-4348-85c5-a017f2c0cb69,1d38b4e4-50bd-41a8-9422-eb7faa74dda7,true,
68cf545e-718f-4348-85c5-a017f2c0cb69,48c44ee4-07da-4226-bbd4-48779afa73fe,true,
68cf545e-718f-4348-85c5-a017f2c0cb69,833f08a9-d617-41ae-868d-c6866d8a2d81,true,
68cf545e-718f-4348-85c5-a017f2c0cb69,e7ae7aa1-a6f2-4d05-87d2-66df8696f283,true,
68cf545e-718f-4348-85c5-a017f2c0cb69,893eb47b-9d39-4a19-8b42-bb5bb8d27b6d,true,
1f016383-0027-44a8-968a-f97b486939d6,0da11f3f-b2c3-4bb3-be5f-914878139af9,true,
1f016383-0027-44a8-968a-f97b486939d6,431aac40-24f5-49dc-9250-6a09fc24b618,true,
fbf541fd-5864-447a-aea6-85a6ea947267,832edae9-2d74-4192-9289-4135950873a8,true,
fbf541fd-5864-447a-aea6-85a6ea947267,f1f114e4-2068-4bac-8d0e-a46332bb87ff,true,
974771f9-2f39-4b2b-9a89-65304c15d740,bd9761c3-986c-465f-b61f-bd25c447db4f,true,
974771f9-2f39-4b2b-9a89-65304c15d740,88713975-7da4-4d3d-9e14-b8fcf5ca0645,true,
d5e1e99c-70ce-4a2a-b02b-05665238083e,bae76ab8-6a72-410e-87db-1f2477e0f5f9,true,
d5e1e99c-70ce-4a2a-b02b-05665238083e,90f384b0-c915-42aa-ad20-afeaced37c7e,true,
bd79d981-daea-4968-8f77-7f4db94fe079,487f6691-16de-4163-a10d-6c68ddeef739,true,
bd79d981-daea-4968-8f77-7f4db94fe079,7b3dcaae-83b0-4a34-a52c-9845174f6a35,true,
4b70eba1-955f-42d5-8a8f-28d4a7bad3d9,8b55d318-ac58-4c97-8fa1-9598a46866d1,true,
4b70eba1-955f-42d5-8a8f-28d4a7bad3d9,f890df53-0817-45a1-af76-b539ae1d7c6e,true,
89fbffd6-b46c-4fd0-9236-2f93efb2defe,9912bf68-3774-434a-bec9-830d29a396a5,true,
89fbffd6-b46c-4fd0-9236-2f93efb2defe,c1d75eef-29ff-4706-b570-89bfff69f227,true,
73f3f7f2-572b-49c5-bc61-fddc79cdfee6,262bec1e-3573-4eb6-a0f4-cfca4b22dc25,true,
73f3f7f2-572b-49c5-bc61-fddc79cdfee6,6e54f316-f080-4e38-a60b-b2a8c47f8c47,true,
73f3f7f2-572b-49c5-bc61-fddc79cdfee6,2bfa94af-52e0-4d71-80aa-da52972dbef0,true,
73f3f7f2-572b-49c5-bc61-fddc79cdfee6,1dcb0a3e-fb41-4657-91c7-0409b959d7bf,true,
73f3f7f2-572b-49c5-bc61-fddc79cdfee6,153f4c5b-c30e-49a4-a473-aafba121f834,true,
73f3f7f2-572b-49c5-bc61-fddc79cdfee6,7aeee315-cce5-403e-81f4-864fee3c9347,true,
73f3f7f2-572b-49c5-bc61-fddc79cdfee6,a2103ad2-eee5-4fbb-8ab2-76c4038be31a,true,
73f3f7f2-572b-49c5-bc61-fddc79cdfee6,97c7c0c7-f09a-4dae-b603-f7792dcaab04,true,
73f3f7f2-572b-49c5-bc61-fddc79cdfee6,7eb00ba2-4fcd-42ae-9ace-b1525bafd4d0,true,
73f3f7f2-572b-49c5-bc61-fddc79cdfee6,2e1ac016-78f8-429b-a78d-e0135c5a186f,true,
73f3f7f2-572b-49c5-bc61-fddc79cdfee6,3ca72f4b-1077-4bad-9de6-31761c027e4f,false,[INV] input.organizations == return.organizationName :: expected 'galanto' to deeply equal 'GT+8i[9'
73f3f7f2-572b-49c5-bc61-fddc79cdfee6,c41da29c-d641-4aa8-80d9-41a1d520a1b3,false,[INV] input.organizations == return.organizationName :: expected 'galanto' to deeply equal 'galan´/to'
73f3f7f2-572b-49c5-bc61-fddc79cdfee6,0f2b6f28-94d1-4ece-8df6-747e19197503,false,[INV] input.organizations == return.organizationName :: expected 'galanto' to deeply equal 'E'
73f3f7f2-572b-49c5-bc61-fddc79cdfee6,26c5f4d3-1809-48bc-9eef-1381a2e73bcd,true,
73f3f7f2-572b-49c5-bc61-fddc79cdfee6,ba07e040-22fd-4c66-b4bf-3d46846c84b8,true,
73f3f7f2-572b-49c5-bc61-fddc79cdfee6,6f900b5a-af4a-476a-ae61-70764e56ca65,true,
73f3f7f2-572b-49c5-bc61-fddc79cdfee6,a20d7540-f622-4f58-9c23-e3799d434412,true,
73f3f7f2-572b-49c5-bc61-fddc79cdfee6,8b8683e5-7dea-475c-a3c5-bc68e5d82707,true,
73f3f7f2-572b-49c5-bc61-fddc79cdfee6,bca2099c-e8fc-471b-8ad8-668ad6cbb630,true,
73f3f7f2-572b-49c5-bc61-fddc79cdfee6,9ac28830-60ed-40d0-b7c0-02ec9d7b58ae,true,
73f3f7f2-572b-49c5-bc61-fddc79cdfee6,09050bd5-758f-4a61-b4b0-c5a85fd21e1e,true,
73f3f7f2-572b-49c5-bc61-fddc79cdfee6,53f000a2-59af-4eee-94a5-469ebfb94471,true,
73f3f7f2-572b-49c5-bc61-fddc79cdfee6,94b60744-d82c-4585-959a-005aeafb0f26,true,
73f3f7f2-572b-49c5-bc61-fddc79cdfee6,daeb0b65-c4e2-4e4d-9b51-4f4a0ecb2090,true,
73f3f7f2-572b-49c5-bc61-fddc79cdfee6,64ee012b-b415-4127-a4fb-a3a93a30d0c7,true,
73f3f7f2-572b-49c5-bc61-fddc79cdfee6,52506d8d-2411-4e8a-a42c-2c0516fa55cb,true,
73f3f7f2-572b-49c5-bc61-fddc79cdfee6,f1386f97-67e2-42b1-814f-edcb63ded530,true,
73f3f7f2-572b-49c5-bc61-fddc79cdfee6,3c2c7075-42f3-4fef-8741-4fc8ec37b7fa,false,[INV] input.organizations == return.organizationName :: expected 'galanto' to deeply equal '{xPcO0'
73f3f7f2-572b-49c5-bc61-fddc79cdfee6,91c2d2ce-bf4b-4369-8f69-c926da62ce41,false,[INV] input.organizations == return.organizationName :: expected 'galanto' to deeply equal 'galanto/*'
73f3f7f2-572b-49c5-bc61-fddc79cdfee6,fe3beda7-5f13-4fe1-80dd-c2cae3538c96,false,[INV] input.organizations == return.organizationName :: expected 'galanto' to deeply equal 'EJEMPLO MAYUS'
73f3f7f2-572b-49c5-bc61-fddc79cdfee6,b84caec4-747a-45ea-a9fd-682b67395c99,true,
73f3f7f2-572b-49c5-bc61-fddc79cdfee6,ce053047-68c1-4eba-a4ec-abba4fe270f5,true,
73f3f7f2-572b-49c5-bc61-fddc79cdfee6,4a182a31-51f7-46fd-8afa-296b7e66a371,true,
73f3f7f2-572b-49c5-bc61-fddc79cdfee6,daa561e0-585a-4014-befd-3a0ff4dcb521,true,
73f3f7f2-572b-49c5-bc61-fddc79cdfee6,fcd57011-9f5e-4cd6-a833-828622ccbad7,true,
73f3f7f2-572b-49c5-bc61-fddc79cdfee6,3c4dcbe4-235b-42bb-b292-d13f3704f422,true,
73f3f7f2-572b-49c5-bc61-fddc79cdfee6,3911b27e-0d2e-469d-a374-4c46152dd118,true,
73f3f7f2-572b-49c5-bc61-fddc79cdfee6,ab424588-e26b-4324-84a7-6a0b6b88f7b8,true,
73f3f7f2-572b-49c5-bc61-fddc79cdfee6,28481c21-9f71-4699-971f-4b0b0a1385cf,true,
73f3f7f2-572b-49c5-bc61-fddc79cdfee6,52ac534b-4945-4193-a060-a7d24bd6d5e6,true,
73f3f7f2-572b-49c5-bc61-fddc79cdfee6,c9f72503-f1a4-468a-a068-4c70be44991e,true,
73f3f7f2-572b-49c5-bc61-fddc79cdfee6,a3a6231b-82b5-4933-9f29-d2de6b9d067c,true,
73f3f7f2-572b-49c5-bc61-fddc79cdfee6,1beb3fbd-f5d0-44bd-92ca-451c0229aca5,true,
73f3f7f2-572b-49c5-bc61-fddc79cdfee6,fd3ad9ec-6fd3-40ef-9a32-f27e66d22796,false,[INV] input.organizations == return.organizationName :: expected 'galanto' to deeply equal '6dsJ~XGK'
73f3f7f2-572b-49c5-bc61-fddc79cdfee6,ad8f3b57-eaa8-4368-bfc8-f827745f5163,false,"[INV] input.organizations == return.organizationName :: expected 'galanto' to deeply equal 'gal*,anto'"
73f3f7f2-572b-49c5-bc61-fddc79cdfee6,e1476229-7ceb-4e9f-9053-876ab7c0371c,false,[INV] input.organizations == return.organizationName :: expected 'galanto' to deeply equal '4ACISUD56G'
73f3f7f2-572b-49c5-bc61-fddc79cdfee6,74da5fee-7c2b-48a5-bab3-e3721b0efea9,true,
73f3f7f2-572b-49c5-bc61-fddc79cdfee6,b8c96668-cf93-4ed4-b796-bf1a854a5ed0,true,
73f3f7f2-572b-49c5-bc61-fddc79cdfee6,989d6b49-4850-468d-b9f1-35c946884a8a,true,
73f3f7f2-572b-49c5-bc61-fddc79cdfee6,87542c7f-0ed9-4996-a707-9ce241cb02fe,true,
73f3f7f2-572b-49c5-bc61-fddc79cdfee6,fb1b2c63-ba6a-4771-be42-12d009009c49,true,
73f3f7f2-572b-49c5-bc61-fddc79cdfee6,f3a99201-0fc1-4e7f-b628-03ca0195e1f9,true,
73f3f7f2-572b-49c5-bc61-fddc79cdfee6,4e3d8996-f376-4221-8625-10c94849ea2d,true,
73f3f7f2-572b-49c5-bc61-fddc79cdfee6,99170f80-480b-46d7-baf7-94b2b7b1f7f8,true,
73f3f7f2-572b-49c5-bc61-fddc79cdfee6,fa3f4c7b-18fa-457d-b0df-e50bede046f1,true,
73f3f7f2-572b-49c5-bc61-fddc79cdfee6,947a9ac1-d1b6-44be-816c-48903d995c08,true,
73f3f7f2-572b-49c5-bc61-fddc79cdfee6,16463dd1-5b56-45f8-a01c-7fbe42b7aa8b,true,
73f3f7f2-572b-49c5-bc61-fddc79cdfee6,9b5a509c-d16d-455b-845b-49193ede6192,true,
73f3f7f2-572b-49c5-bc61-fddc79cdfee6,19c2bc80-e471-413c-967a-6fc002662249,true,
73f3f7f2-572b-49c5-bc61-fddc79cdfee6,39d2050d-c9a5-42e6-b048-ee330828c730,false,[INV] input.organizations == return.organizationName :: expected 'galanto' to deeply equal 'l+Q'
73f3f7f2-572b-49c5-bc61-fddc79cdfee6,6966511b-d752-4da9-868c-22ceefbb0ba6,false,[INV] input.organizations == return.organizationName :: expected 'galanto' to deeply equal '´galanto'
73f3f7f2-572b-49c5-bc61-fddc79cdfee6,fd056450-bd14-4e1c-b303-7c87422c8dab,false,[INV] input.organizations == return.organizationName :: expected 'galanto' to deeply equal 'EJEMPLO MAYUS'
73f3f7f2-572b-49c5-bc61-fddc79cdfee6,17572c59-4d99-4a88-950a-5e0ffa07dfd7,true,
73f3f7f2-572b-49c5-bc61-fddc79cdfee6,90620f01-93f1-46e0-8efd-002aa89f441b,true,
73f3f7f2-572b-49c5-bc61-fddc79cdfee6,c5e62165-17e9-4a6d-a9c9-fba93bd8b351,true,
73f3f7f2-572b-49c5-bc61-fddc79cdfee6,6ed2ce55-aee3-44e2-b8ce-2a4aa368cd3b,true,
73f3f7f2-572b-49c5-bc61-fddc79cdfee6,9d451d57-488b-49c3-ae70-ddebda2b6fa4,true,
73f3f7f2-572b-49c5-bc61-fddc79cdfee6,f1bad548-eb6c-4282-8774-6501162a44d7,true,
73f3f7f2-572b-49c5-bc61-fddc79cdfee6,a754b717-366e-470e-b459-69effaf9bf82,true,
73f3f7f2-572b-49c5-bc61-fddc79cdfee6,8b24a784-0100-415d-982e-288846b87757,true,
73f3f7f2-572b-49c5-bc61-fddc79cdfee6,a65a480c-94e3-4e0f-887b-7f1d5093b739,true,
73f3f7f2-572b-49c5-bc61-fddc79cdfee6,709f7835-77cf-4782-a5b0-8e2e962450b4,true,
73f3f7f2-572b-49c5-bc61-fddc79cdfee6,3f556f7a-bd6d-4ad3-a0a7-fe596c42ee08,true,
73f3f7f2-572b-49c5-bc61-fddc79cdfee6,d7fc8a6b-856c-442e-a336-cbf25ad5a596,true,
73f3f7f2-572b-49c5-bc61-fddc79cdfee6,eec9d6a9-19e6-467c-a497-3281b7ad824a,true,
73f3f7f2-572b-49c5-bc61-fddc79cdfee6,d8e6cf68-02de-4def-976e-a72f0758ee34,true,
73f3f7f2-572b-49c5-bc61-fddc79cdfee6,ff68da2e-2486-4f32-94cf-5d17c9ba9a5b,true,
73f3f7f2-572b-49c5-bc61-fddc79cdfee6,0d3dbd4a-b5f1-43ed-8d43-c6aa12a07ff0,true,
73f3f7f2-572b-49c5-bc61-fddc79cdfee6,8df89404-9fc7-4716-9bdb-25173ccc88cd,true,
73f3f7f2-572b-49c5-bc61-fddc79cdfee6,fa17140e-f1cd-4cc7-ae26-9cfbd7622290,false,"[INV] input.organizations == return.organizationName :: expected 'galanto' to deeply equal '73W3C""/u'"
73f3f7f2-572b-49c5-bc61-fddc79cdfee6,a501d711-85b6-4a4c-bb57-4ccfa4ea1939,false,"[INV] input.organizations == return.organizationName :: expected 'galanto' to deeply equal 'galanto*,'"
73f3f7f2-572b-49c5-bc61-fddc79cdfee6,f7a7e90f-8bcb-465d-9b6a-fd6df0c0ca4a,false,[INV] input.organizations == return.organizationName :: expected 'galanto' to deeply equal 'ejemplo minus'
73f3f7f2-572b-49c5-bc61-fddc79cdfee6,c89fb004-d6f9-4bf4-a4f6-71e078b6a4ab,true,
73f3f7f2-572b-49c5-bc61-fddc79cdfee6,a5775e00-b93c-4939-a09a-fb56a759666e,true,
73f3f7f2-572b-49c5-bc61-fddc79cdfee6,5820ba73-2628-40c6-9c6b-c50e9c7048b1,true,
73f3f7f2-572b-49c5-bc61-fddc79cdfee6,93799a70-2502-4684-b7a0-ad70ef3da56d,true,
73f3f7f2-572b-49c5-bc61-fddc79cdfee6,c162ff2c-5af4-4d9d-83f3-4c5ad3695afd,true,
73f3f7f2-572b-49c5-bc61-fddc79cdfee6,862bcc7d-a944-4a80-a1f0-b7033dbdbd90,true,
73f3f7f2-572b-49c5-bc61-fddc79cdfee6,105eb1b0-6012-4dcb-a446-7bc1e328a3f5,true,
73f3f7f2-572b-49c5-bc61-fddc79cdfee6,e3b4bd18-4904-4094-97ab-0eb52dec46a2,true,
73f3f7f2-572b-49c5-bc61-fddc79cdfee6,2594df43-9a31-415f-999a-32ba1906e7fc,true,
73f3f7f2-572b-49c5-bc61-fddc79cdfee6,4732e330-cc02-4592-8f40-1dc78b462562,true,
73f3f7f2-572b-49c5-bc61-fddc79cdfee6,29619e0e-8d07-4dcd-a490-bddcaa13b8dc,true,
73f3f7f2-572b-49c5-bc61-fddc79cdfee6,d05b22a0-edab-4738-86d0-04c7e81fb4db,true,
73f3f7f2-572b-49c5-bc61-fddc79cdfee6,86383624-298a-48be-8efb-b243acdd1dd9,true,
73f3f7f2-572b-49c5-bc61-fddc79cdfee6,afb44da1-94af-4857-9128-5c4b68cc374f,true,
73f3f7f2-572b-49c5-bc61-fddc79cdfee6,045c911d-6fbe-4bdb-b500-8067dc4cd8a1,false,[INV] input.organizations == return.organizationName :: expected 'galanto' to deeply equal '8C'
73f3f7f2-572b-49c5-bc61-fddc79cdfee6,268c06eb-9054-41f7-aad1-6c418f9513a7,false,"[INV] input.organizations == return.organizationName :: expected 'galanto' to deeply equal 'gal*,anto'"
73f3f7f2-572b-49c5-bc61-fddc79cdfee6,c66849db-30f2-4913-b955-1e716ad2bc1a,false,[INV] input.organizations == return.organizationName :: expected 'galanto' to deeply equal 'EJEMPLO MAYUS'
73f3f7f2-572b-49c5-bc61-fddc79cdfee6,6e34eee4-167f-491a-93e7-8e83a24921fc,true,
73f3f7f2-572b-49c5-bc61-fddc79cdfee6,25c654da-b76c-4ab1-8da6-09f2f2f097d6,true,
73f3f7f2-572b-49c5-bc61-fddc79cdfee6,46900a32-6a82-47cd-be7b-687cc306b8d5,true,
73f3f7f2-572b-49c5-bc61-fddc79cdfee6,2a199831-e224-4095-9592-218b147202a2,true,
73f3f7f2-572b-49c5-bc61-fddc79cdfee6,38db5ebc-58d7-4e86-81eb-db9ab835ed82,true,
73f3f7f2-572b-49c5-bc61-fddc79cdfee6,f2c9c8ff-c1b3-4a9b-ade8-35d057100724,true,
73f3f7f2-572b-49c5-bc61-fddc79cdfee6,b37cabc4-5544-470a-a645-513ecea22e52,true,
73f3f7f2-572b-49c5-bc61-fddc79cdfee6,4f6dc627-9232-46fa-904b-a40d66333aa1,true,
73f3f7f2-572b-49c5-bc61-fddc79cdfee6,cd52fe56-9fb2-491b-8895-42875693d2ae,true,
73f3f7f2-572b-49c5-bc61-fddc79cdfee6,9116c680-b252-4db4-95cf-93f9c644f95a,true,
73f3f7f2-572b-49c5-bc61-fddc79cdfee6,c0e9fb0a-e934-4325-99b0-372d5fa7f6e6,true,
73f3f7f2-572b-49c5-bc61-fddc79cdfee6,631771b0-de0a-4c08-a8bd-d3190c9ab3a4,true,
73f3f7f2-572b-49c5-bc61-fddc79cdfee6,482ae42a-39d3-4dd8-9644-f0c14f3af231,true,
73f3f7f2-572b-49c5-bc61-fddc79cdfee6,f7ee5ac6-450d-49c1-9172-24d65011c7a5,true,
73f3f7f2-572b-49c5-bc61-fddc79cdfee6,eb6eca37-851b-4489-afeb-9439956c4d0d,false,[INV] input.organizations == return.organizationName :: expected 'galanto' to deeply equal 'OaB\'
73f3f7f2-572b-49c5-bc61-fddc79cdfee6,58bbc23c-fd6e-4964-853d-c5a294268da4,false,"[INV] input.organizations == return.organizationName :: expected 'galanto' to deeply equal 'galanto/,'"
73f3f7f2-572b-49c5-bc61-fddc79cdfee6,57ace798-08a8-47d8-a4fd-b3270c688448,true,
73f3f7f2-572b-49c5-bc61-fddc79cdfee6,5d2b9a8c-395b-490a-a85e-2bb433936046,true,
73f3f7f2-572b-49c5-bc61-fddc79cdfee6,79136e2c-537c-4403-9465-62d3f58c2e3e,true,
73f3f7f2-572b-49c5-bc61-fddc79cdfee6,e666edf3-94c4-4d92-8d02-660f27cafefa,true,
73f3f7f2-572b-49c5-bc61-fddc79cdfee6,9b0667b5-532a-4396-bbf9-e9f187bd33f8,true,
73f3f7f2-572b-49c5-bc61-fddc79cdfee6,2392337a-ef85-4eec-85c7-889975de5931,true,
73f3f7f2-572b-49c5-bc61-fddc79cdfee6,2e0b2d35-babd-4e11-8d2d-f322475684c7,true,
73f3f7f2-572b-49c5-bc61-fddc79cdfee6,479cfa7d-ac61-4974-8e3d-0b4a977220c0,true,
73f3f7f2-572b-49c5-bc61-fddc79cdfee6,06e6f32d-4d43-45df-8fa2-c1813d4e2079,true,
73f3f7f2-572b-49c5-bc61-fddc79cdfee6,680e6b71-b761-48df-b807-c08477ad421a,true,
73f3f7f2-572b-49c5-bc61-fddc79cdfee6,01749ed7-837e-4852-9b4f-0b0b59c31733,true,
73f3f7f2-572b-49c5-bc61-fddc79cdfee6,5a0f38e0-4edc-40df-b74f-6c72a5fe08eb,true,
73f3f7f2-572b-49c5-bc61-fddc79cdfee6,05fc3e08-b61b-4713-8621-f8a3e05e1081,true,
73f3f7f2-572b-49c5-bc61-fddc79cdfee6,3d404c48-f481-4cb6-ac25-a43659e9e008,true,
73f3f7f2-572b-49c5-bc61-fddc79cdfee6,8d6b71eb-1874-46ce-878a-bb1c7fc8b4a4,true,
73f3f7f2-572b-49c5-bc61-fddc79cdfee6,777678c0-1997-4fd2-b208-4806fffe5336,true,
73f3f7f2-572b-49c5-bc61-fddc79cdfee6,f447fb26-a1b0-4627-84a6-769aaaecb6dd,true,
73f3f7f2-572b-49c5-bc61-fddc79cdfee6,f80c1513-d98a-46f3-9e6a-0b2341e2d2c4,false,[INV] input.organizations == return.organizationName :: expected 'galanto' to deeply equal 'odxoK/Y'
73f3f7f2-572b-49c5-bc61-fddc79cdfee6,35b174b8-5775-4e3b-aa37-6384dbe8df26,false,[INV] input.organizations == return.organizationName :: expected 'galanto' to deeply equal 'gala*nto'
73f3f7f2-572b-49c5-bc61-fddc79cdfee6,61ccc2d5-3bf7-47bc-8ae2-81ff7ef5aef1,false,[INV] input.organizations == return.organizationName :: expected 'galanto' to deeply equal 'EJEMPLO MAYUS'
73f3f7f2-572b-49c5-bc61-fddc79cdfee6,20720f69-2337-44c9-9e1d-fd5511dbd5ee,true,
73f3f7f2-572b-49c5-bc61-fddc79cdfee6,bb1fed3d-66e4-4952-899d-b9806e776b3d,true,
73f3f7f2-572b-49c5-bc61-fddc79cdfee6,de6cac15-1b1e-4b5e-91a2-86c5aa295ca5,true,
73f3f7f2-572b-49c5-bc61-fddc79cdfee6,83ff94eb-3b28-4a1b-88cf-fca46c85f342,true,
73f3f7f2-572b-49c5-bc61-fddc79cdfee6,6bc82342-df47-4b5d-9968-f4b7240e840d,true,
73f3f7f2-572b-49c5-bc61-fddc79cdfee6,5fab555c-75dc-4f63-a7f0-cbc7008c9045,true,
73f3f7f2-572b-49c5-bc61-fddc79cdfee6,ed715f0d-6306-4df9-a37e-cd2b089cc2d8,true,
73f3f7f2-572b-49c5-bc61-fddc79cdfee6,16fc3059-2ee2-46c0-8b4e-83bd7411f4ef,true,
73f3f7f2-572b-49c5-bc61-fddc79cdfee6,5c7eb1c8-d33f-453b-8a06-ce57d285d8f6,true,
73f3f7f2-572b-49c5-bc61-fddc79cdfee6,f0b425a7-ad9f-477e-a95e-53277a554f13,true,
73f3f7f2-572b-49c5-bc61-fddc79cdfee6,4a97609c-f76b-4dfe-b0a1-c3a42fbcbc5c,true,
73f3f7f2-572b-49c5-bc61-fddc79cdfee6,fda72280-18aa-4dae-b372-c50c7d9b0cc2,true,
73f3f7f2-572b-49c5-bc61-fddc79cdfee6,1f6f0079-0b03-4b42-9890-01024c8fdfd0,true,
73f3f7f2-572b-49c5-bc61-fddc79cdfee6,bdad0b1b-333d-4622-96d7-d838bcd0bebb,true,
73f3f7f2-572b-49c5-bc61-fddc79cdfee6,550b30ed-aa53-4706-bb55-960f9cdececb,true,
73f3f7f2-572b-49c5-bc61-fddc79cdfee6,be25188c-d42c-4d60-9acf-774e1f75217a,true,
73f3f7f2-572b-49c5-bc61-fddc79cdfee6,6242ce29-2e54-4e10-87e6-c92abd434418,false,[INV] input.organizations == return.organizationName :: expected 'galanto' to deeply equal 'rB'
73f3f7f2-572b-49c5-bc61-fddc79cdfee6,669d7646-dba7-407b-b59a-7b97b3781d75,false,[INV] input.organizations == return.organizationName :: expected 'galanto' to deeply equal 'gala*nto'
73f3f7f2-572b-49c5-bc61-fddc79cdfee6,52a387ec-e572-41d6-a0de-bee16e93a780,false,[INV] input.organizations == return.organizationName :: expected 'galanto' to deeply equal 'ejemplo minus'
73f3f7f2-572b-49c5-bc61-fddc79cdfee6,b1f387e9-506c-4774-80a1-f70bcfd716dc,true,
73f3f7f2-572b-49c5-bc61-fddc79cdfee6,7dea78e9-210c-40a3-a5a8-877dd58a943d,true,
73f3f7f2-572b-49c5-bc61-fddc79cdfee6,1b96d09f-92a0-43ae-8e25-40c0a66ebc31,true,
73f3f7f2-572b-49c5-bc61-fddc79cdfee6,03057516-bd82-402e-9e4d-fa7c8a2811b9,true,
73f3f7f2-572b-49c5-bc61-fddc79cdfee6,84e748b3-eeca-4355-a9c4-9c3347f7483f,true,
73f3f7f2-572b-49c5-bc61-fddc79cdfee6,00a2d074-1481-48f6-b4da-3b6f4d3b16e1,true,
73f3f7f2-572b-49c5-bc61-fddc79cdfee6,0dced41b-afbf-4897-a323-e05ca71d9256,true,
73f3f7f2-572b-49c5-bc61-fddc79cdfee6,b667db60-45b9-4799-8a1a-a6b791ef81dd,true,
73f3f7f2-572b-49c5-bc61-fddc79cdfee6,41e1cac2-da16-4afd-997e-4b983f4ff55c,true,
73f3f7f2-572b-49c5-bc61-fddc79cdfee6,a6b46fac-effb-4602-90ae-12eb3188322e,true,
73f3f7f2-572b-49c5-bc61-fddc79cdfee6,2b4dc4d2-eaaf-4929-9551-f2b550844376,true,
73f3f7f2-572b-49c5-bc61-fddc79cdfee6,9e409e46-e21f-4bbc-9e05-dc3fa44c520b,true,
73f3f7f2-572b-49c5-bc61-fddc79cdfee6,4c7f10cc-1d9c-421a-9c31-075fdfddbaf7,true,
73f3f7f2-572b-49c5-bc61-fddc79cdfee6,16ee7f4b-6b86-41b9-a35f-3436039b1b93,false,[INV] input.organizations == return.organizationName :: expected 'galanto' to deeply equal 'b 5E0R44'
73f3f7f2-572b-49c5-bc61-fddc79cdfee6,118c4f13-a899-4028-a4a7-03ceeef568c8,false,[INV] input.organizations == return.organizationName :: expected 'galanto' to deeply equal '/*galanto'
73f3f7f2-572b-49c5-bc61-fddc79cdfee6,a5257f54-3616-482e-b99f-6b4794a27ba3,false,[INV] input.organizations == return.organizationName :: expected 'galanto' to deeply equal 'ejemplo minus'
73f3f7f2-572b-49c5-bc61-fddc79cdfee6,59653361-e036-4c16-8099-dd7502750012,true,
73f3f7f2-572b-49c5-bc61-fddc79cdfee6,f4485207-9e67-496a-b114-0ec76f3f4025,true,
73f3f7f2-572b-49c5-bc61-fddc79cdfee6,966460ed-421f-48e0-a99a-c49366d9f61a,true,
73f3f7f2-572b-49c5-bc61-fddc79cdfee6,e1d0b102-b9d1-45fd-b11f-a714e29e6ace,true,
73f3f7f2-572b-49c5-bc61-fddc79cdfee6,b4e8a6a9-90b2-4f47-861d-757fdc7a4723,true,
73f3f7f2-572b-49c5-bc61-fddc79cdfee6,ca9781b0-8e26-4429-8eb6-1eb25e4b48d0,true,
73f3f7f2-572b-49c5-bc61-fddc79cdfee6,907dcaf3-80ea-4614-9e2b-2a0c7075ba6c,true,
73f3f7f2-572b-49c5-bc61-fddc79cdfee6,c41d7c9a-381c-4ff9-8f8d-2d7e54f8d394,true,
b44273df-c9ac-4e93-8c05-a5f4a8153648,89ee723b-77d3-4360-a13a-1308fddfa1db,true,
b44273df-c9ac-4e93-8c05-a5f4a8153648,e99e3f29-fd25-49cf-9a99-e8b9cb362afb,true,
f758bd73-bf99-414f-8c7b-2d134472d811,0904f085-352f-4aef-b8fc-502e6f99f4ba,true,
f758bd73-bf99-414f-8c7b-2d134472d811,3a1ee214-c698-4ac4-bd0f-d05dc6835d50,true,
1dc4f339-6595-4786-a118-0270de5ccc8a,b7465f86-7f07-4a6f-b17c-40ac76562f63,true,
1dc4f339-6595-4786-a118-0270de5ccc8a,1df6b426-0f41-49ec-88e3-deaac0777628,true,
1dc4f339-6595-4786-a118-0270de5ccc8a,c5ab6f81-0495-4926-98a6-241c490c973c,true,
1dc4f339-6595-4786-a118-0270de5ccc8a,f7e9ac50-f12d-4aa9-a491-1285def0557e,true,
1dc4f339-6595-4786-a118-0270de5ccc8a,da6ca918-e581-417f-a01b-92cd3bdd5a72,true,
1dc4f339-6595-4786-a118-0270de5ccc8a,c8643cd5-26b9-40f6-8e0d-773277b02af2,true,
1dc4f339-6595-4786-a118-0270de5ccc8a,95d03d52-53c6-4ab7-a423-4d0a04dcf7bc,true,
1dc4f339-6595-4786-a118-0270de5ccc8a,1833d449-9f3e-44f2-a6cc-0b54f08bac84,true,
1dc4f339-6595-4786-a118-0270de5ccc8a,23b994c6-7f7c-487a-8f1c-2879a0ee297b,false,[INV] input.organizations == return.organizationName :: expected 'galanto' to deeply equal 'Y|'
1dc4f339-6595-4786-a118-0270de5ccc8a,1e5adb74-1890-408d-b8e2-86ac46f49b27,false,[INV] input.organizations == return.organizationName :: expected 'galanto' to deeply equal 'galan´/to'
1dc4f339-6595-4786-a118-0270de5ccc8a,1569d88b-d1f8-4b53-a0c7-d0354c34160f,false,[INV] input.organizations == return.organizationName :: expected 'galanto' to deeply equal 'C'
1dc4f339-6595-4786-a118-0270de5ccc8a,c8f482f1-de5a-4bc6-aecd-273c19ba9c2d,true,
1dc4f339-6595-4786-a118-0270de5ccc8a,6ab13650-072d-4373-baf8-17c73356e25c,true,
1dc4f339-6595-4786-a118-0270de5ccc8a,4411fede-8ab1-406f-8e0d-0bbeddaf453f,true,
1dc4f339-6595-4786-a118-0270de5ccc8a,42b55398-ddc9-476e-8a1f-af83f7616ee2,true,
1dc4f339-6595-4786-a118-0270de5ccc8a,ac55dba0-3252-4311-bc4d-4808f861a2f3,true,
1dc4f339-6595-4786-a118-0270de5ccc8a,ecff4efa-8840-41e5-a16b-d68248f9e7e8,true,
1dc4f339-6595-4786-a118-0270de5ccc8a,03cb191f-61bc-4669-b8d4-33ecd9f81c11,true,
1dc4f339-6595-4786-a118-0270de5ccc8a,5e554fc7-8de5-48e1-877e-76aad6e48269,true,
1dc4f339-6595-4786-a118-0270de5ccc8a,aca784e1-6f86-4da8-a3ae-c02b58f8beca,true,
10290203-f0de-4914-8433-7075a60056df,c49161ea-aba5-4fe8-8eed-f1ff6dced831,true,
10290203-f0de-4914-8433-7075a60056df,e4dbf7d6-35ee-4d2c-b317-521c7eecf038,true,
86c7940a-b49c-4ad0-890f-9b6dce819d95,3a9bc568-26a9-4394-a00f-e84087b0bde1,true,
86c7940a-b49c-4ad0-890f-9b6dce819d95,f19a4236-5450-4d91-849a-70f402ef2e87,true,
78ae1106-61da-4d7c-8f0e-0858d8003d26,04ed4e5b-6e42-4d1b-a2b5-1bce12754837,true,
78ae1106-61da-4d7c-8f0e-0858d8003d26,a773ff0b-2175-4b75-9df4-0d4773c7e7fc,true,
81ef5895-f462-4e6a-9692-842e93c71ff7,09b5d3f6-51ab-44f0-9fad-a149dd125c2d,true,
81ef5895-f462-4e6a-9692-842e93c71ff7,bee19091-9883-4739-8cab-2cac17a35183,true,
f73a9bb9-4bb4-4a82-9a5d-229403a43323,ed7fbe37-ba3a-4008-8319-79d5db795598,true,
f73a9bb9-4bb4-4a82-9a5d-229403a43323,60c9a86e-afc5-4a5e-8b9d-32352912ba54,true,
bfb4a381-67f3-44bb-b544-4f52220e7c6c,dd893534-3508-46bb-a5bf-eb89c3fc13c8,true,
bfb4a381-67f3-44bb-b544-4f52220e7c6c,e27f887e-b2ba-4c2c-a7d9-a2ff9cb1234b,true,
f70a7366-5b1b-4396-8462-140911553df6,59fcd674-d43b-4744-b6bf-89a79f07f701,true,
f70a7366-5b1b-4396-8462-140911553df6,4482f6e9-0d24-46f0-9c7c-8a1769c7900e,true,
c0e77c01-6040-460f-b73a-ffae633419c2,f0721999-322d-4b09-9f5a-53a4c0456b21,true,
c0e77c01-6040-460f-b73a-ffae633419c2,f546148b-17e0-488c-b379-c3433cce6a6c,true,
f1d70746-d0a0-4832-b723-962cbff1b871,9dc89688-1e0f-404c-817c-3eaf93fc3dbc,true,
f1d70746-d0a0-4832-b723-962cbff1b871,edc0dd0d-4708-41a4-bfa6-565eb1d777f8,true,
34ff674b-9749-4826-9e33-5932c182adea,70f77c72-43ff-498f-94e2-c4fc2113a81d,true,
34ff674b-9749-4826-9e33-5932c182adea,d8c8e30c-716d-4527-8f96-8741be1719bd,true,
b8b66d8d-71d8-460e-a8d3-3d2a8756aeff,8b72cc19-3ba5-41df-8bc0-77c83a212bf6,true,
b8b66d8d-71d8-460e-a8d3-3d2a8756aeff,6cb3320d-ba57-4032-99ca-e8e371afaa17,true,
f2468217-53af-4031-bcad-9b6bbd3dbfb2,c521a9f2-7b0a-4c1f-8566-ee4d53c9d964,true,
f2468217-53af-4031-bcad-9b6bbd3dbfb2,21360357-b0ff-495f-9dd2-b339a39b5993,true,
38d5b920-fd3f-4a0c-9fbe-a28f37826b4d,8701008e-7e5b-46a7-aebb-13de5a1d4c32,true,
38d5b920-fd3f-4a0c-9fbe-a28f37826b4d,d0c6797f-2b21-4b8e-8a15-96e7ee4e3cce,true,
0e2d59dc-3cbd-4316-8cee-5a1b69e7288f,51628916-a580-4b5f-9d7e-a8abbf26ac90,true,
0e2d59dc-3cbd-4316-8cee-5a1b69e7288f,c869cbdd-6f33-4840-968b-2ce24f8c42d8,true,
0e2d59dc-3cbd-4316-8cee-5a1b69e7288f,65d52ef8-995f-4f11-94b8-2bf04f172561,true,
0e2d59dc-3cbd-4316-8cee-5a1b69e7288f,dabaacd1-8576-4d51-aa52-835823239131,true,
0e2d59dc-3cbd-4316-8cee-5a1b69e7288f,0a782f27-43de-4577-8209-a8b53491ebdd,true,
0e2d59dc-3cbd-4316-8cee-5a1b69e7288f,abcf6365-e1b6-4008-8f51-3a22f49f0c83,true,
0e2d59dc-3cbd-4316-8cee-5a1b69e7288f,80d412d9-8751-446c-b457-bd7ccd54a8b2,true,
0e2d59dc-3cbd-4316-8cee-5a1b69e7288f,10b70c9b-bfc8-40a3-99a2-827ecf19780a,true,
0e2d59dc-3cbd-4316-8cee-5a1b69e7288f,8158970b-6d11-4871-890c-07a83f7f1247,false,[INV] input.organizations == return.organizationName :: expected 'galanto' to deeply equal '<Xz'
0e2d59dc-3cbd-4316-8cee-5a1b69e7288f,81cc6cc1-7e1d-4e6b-a79a-f5638b52e9e9,false,[INV] input.organizations == return.organizationName :: expected 'galanto' to deeply equal 'galan´/to'
0e2d59dc-3cbd-4316-8cee-5a1b69e7288f,a4d4cf94-49d9-496e-ac4c-5c268b523de0,false,[INV] input.organizations == return.organizationName :: expected 'galanto' to deeply equal '5'
0e2d59dc-3cbd-4316-8cee-5a1b69e7288f,ce8bf408-a570-4de0-80ef-03707735d8e4,true,
0e2d59dc-3cbd-4316-8cee-5a1b69e7288f,aed6b7b6-066b-45fd-b8b3-71d035beed86,true,
0e2d59dc-3cbd-4316-8cee-5a1b69e7288f,1b9e2442-90a9-426a-b701-ad00bf0f7cb9,true,
0e2d59dc-3cbd-4316-8cee-5a1b69e7288f,7e688339-373f-45e2-9334-443201ccf45f,true,
0e2d59dc-3cbd-4316-8cee-5a1b69e7288f,69d6b9bb-a1e5-4e6d-93e3-d4a0d4ed5749,true,
0e2d59dc-3cbd-4316-8cee-5a1b69e7288f,7f16d83a-576d-457f-8351-8c3b9f936308,true,
0e2d59dc-3cbd-4316-8cee-5a1b69e7288f,a6823967-8856-492c-9eac-31eee7f2e418,true,
0e2d59dc-3cbd-4316-8cee-5a1b69e7288f,383221de-f5c6-4071-b5ad-19c4ea4ac787,true,
0e2d59dc-3cbd-4316-8cee-5a1b69e7288f,d897bb73-c790-4234-840b-89251bd08109,true,
a357e043-1637-42f2-8c3c-71e5636ad0af,121e225c-ab83-4607-92fb-fe4452614ad7,true,
a357e043-1637-42f2-8c3c-71e5636ad0af,83f6e365-e357-4134-8bcd-84187366b309,true,
f77517cc-5539-4256-ae00-2a018cb3185d,5f75cf5f-5cc7-49fd-be06-1a40943a4a44,true,
f77517cc-5539-4256-ae00-2a018cb3185d,ee802de9-d2ee-4fbf-9e34-a02f1e8d1594,true,
75e76938-4ef7-4817-8b3b-c35fbba37dc0,6896b9b9-2f84-488e-a9c1-45d9be70f3a7,true,
75e76938-4ef7-4817-8b3b-c35fbba37dc0,0e042f51-9316-4a0e-845d-1ad49f384cad,true,
968da8e6-0854-426b-b4fd-47030f3b0123,e5444b19-4299-4a2c-8bcd-664cee41d3e0,true,
968da8e6-0854-426b-b4fd-47030f3b0123,e06f2551-64c8-4910-8ba6-48e8c6111a7b,true,
c0bad6af-505c-4e96-84f9-26e0c9f9a910,cb3ed1f8-9583-4c7e-bf89-884908b3d861,true,
c0bad6af-505c-4e96-84f9-26e0c9f9a910,4ad94cbb-e112-45f2-be1f-0d698f16370f,true,
b2faef05-6f9d-422a-8d39-e6bd2af3791d,699af746-f1cf-4f37-8a9b-801e9c68153e,true,
b2faef05-6f9d-422a-8d39-e6bd2af3791d,b0c182c4-5693-47f8-80cc-aa4fcf46ed54,true,
deab84c0-e262-4e80-b70e-f3b6bae787a2,74602b68-79e0-429e-8edc-dcf4c2062b97,true,
deab84c0-e262-4e80-b70e-f3b6bae787a2,662a2b0c-d6ff-4443-b452-60a0a0d2e34f,true,
2c616944-3755-4b1d-8a39-9245576b573e,775cfaec-f375-4ccc-80aa-f318694ab7aa,true,
2c616944-3755-4b1d-8a39-9245576b573e,3ad5ef15-77a0-4e2f-b876-5a8b3ec97b21,true,
2c616944-3755-4b1d-8a39-9245576b573e,d2b63820-941f-49e4-914d-927287ee4ea5,true,
2c616944-3755-4b1d-8a39-9245576b573e,2ee92faa-5ed8-4e70-8116-9164353577d6,true,
2c616944-3755-4b1d-8a39-9245576b573e,e88a0798-e5d7-4495-90c7-5e46ea259881,true,
2c616944-3755-4b1d-8a39-9245576b573e,27eb1469-198a-49c6-8fed-94657aca0cd4,true,
2c616944-3755-4b1d-8a39-9245576b573e,151bfb52-5b89-49fd-9208-1c85684b8535,true,
2c616944-3755-4b1d-8a39-9245576b573e,5b4c78c9-23b7-456f-8192-59b971c5b7bf,true,
2c616944-3755-4b1d-8a39-9245576b573e,08023988-27fe-4b64-b247-d8c7962dd84d,false,[INV] input.organizations == return.organizationName :: expected 'galanto' to deeply equal '^nFU'
2c616944-3755-4b1d-8a39-9245576b573e,cca04568-0805-41b6-afc1-12038bac3488,false,[INV] input.organizations == return.organizationName :: expected 'galanto' to deeply equal 'galan´/to'
2c616944-3755-4b1d-8a39-9245576b573e,f1f8d7d1-6970-4fa2-9268-ef0dc18ef6bf,false,[INV] input.organizations == return.organizationName :: expected 'galanto' to deeply equal 'D'
2c616944-3755-4b1d-8a39-9245576b573e,3386ef9d-cfd2-4d92-ba81-fc33ae3c2181,true,
2c616944-3755-4b1d-8a39-9245576b573e,e69cf638-1957-4864-95d4-9375af788348,true,
2c616944-3755-4b1d-8a39-9245576b573e,accd229c-4932-49e4-970f-a18d3c416cff,true,
2c616944-3755-4b1d-8a39-9245576b573e,cf6aef46-e006-4e3a-ac1d-6ec88bed5e9e,true,
2c616944-3755-4b1d-8a39-9245576b573e,025112f7-8e71-49db-ab25-cf2489415099,true,
2c616944-3755-4b1d-8a39-9245576b573e,27922c07-bd14-4857-98a9-573e122cfaeb,true,
2c616944-3755-4b1d-8a39-9245576b573e,a8ceb345-4d6b-4ed1-a56f-e7b7926d42ef,true,
2c616944-3755-4b1d-8a39-9245576b573e,92f8cc4c-2ba5-4a85-a942-911dd7f99873,true,
2c616944-3755-4b1d-8a39-9245576b573e,67061084-db7e-4d13-a6d9-cbf108ab6596,true,
75afd56a-5b5b-4a34-9ded-a3ae8b488fe8,1be8cbfb-1a89-448b-8bd4-3ceca9ff548a,true,
75afd56a-5b5b-4a34-9ded-a3ae8b488fe8,a27fd497-0ffc-43e5-96ef-56a461a2920c,true,
d74061f6-8ea4-4d1d-b0f0-0e0c8d16f419,6b9b7945-a8df-40ea-bbae-7cb77bae5d4e,true,
d74061f6-8ea4-4d1d-b0f0-0e0c8d16f419,05081131-6a66-4940-9d27-9e46109f5db0,true,
b7173dd4-8cfa-4ac4-ba66-d59edd5304e7,56cd05d5-96c9-4fb2-9e89-4066f3543245,true,
b7173dd4-8cfa-4ac4-ba66-d59edd5304e7,09993a29-9c6d-4b56-a929-db25db236897,true,
c03f40bf-5756-4404-863c-ed2e48b89702,4ea06321-c6a0-499d-b4fe-6bcc34068007,true,
c03f40bf-5756-4404-863c-ed2e48b89702,863eee30-00a8-41d7-bcc4-4cb278fc4de5,true,
cf53892c-cd86-4e55-8cc4-f41c67dd33ac,400d4932-b169-4032-87c7-cbaddb2cd434,true,
cf53892c-cd86-4e55-8cc4-f41c67dd33ac,006f0e2e-70e0-4de3-8358-1f73b8e98e62,true,
f0097827-5a4a-468c-82bf-92b042e4dc95,1bfeeb90-2742-4a87-879c-90bb537bd45d,true,
f0097827-5a4a-468c-82bf-92b042e4dc95,931586f9-725f-4e11-b70f-b7630cb36a2a,true,
b66d8f6a-a3da-4bb9-a8a6-b4c31a367e28,db4bae95-7f2d-4765-8de7-4afec13d8454,true,
b66d8f6a-a3da-4bb9-a8a6-b4c31a367e28,2647026c-deeb-4136-845f-8a3c696ec063,true,
c1fdb554-7cc6-4163-8c7c-254bee4d4bbb,5605098a-96ab-4193-8003-28d2b8096995,true,
c1fdb554-7cc6-4163-8c7c-254bee4d4bbb,35cf366b-2589-4c57-9acb-9b5d276370ee,true,
dfb8fab9-3a58-4f88-97ba-0a8b7dec3e73,4504a25e-d827-48f4-8227-82a3b73b5d12,true,
dfb8fab9-3a58-4f88-97ba-0a8b7dec3e73,0add2bd4-8096-46d0-8d9c-0fee4a8187af,true,
1095ddfe-ef42-4713-8820-2dd244dbe710,4a823d89-25de-418a-a22f-a694fc21bbab,true,
1095ddfe-ef42-4713-8820-2dd244dbe710,68676481-c76e-488e-9bd6-9abd59e28929,true,
116d1837-3f2c-4112-b5b7-4eceb1d3b6a3,6f9fff90-77f9-4709-9f0a-75062ce72406,true,
116d1837-3f2c-4112-b5b7-4eceb1d3b6a3,84b73753-11a3-4b47-a067-b33334085223,true,
ca2840a4-4765-4265-8b85-8aff27333982,c5ff9d05-9fe5-43a1-9ffb-73297a581f82,true,
ca2840a4-4765-4265-8b85-8aff27333982,accc1dcb-b1a5-44e2-87fc-3fbb23573abe,true,
39e20b22-dfde-4760-905c-94a5996277dc,e8c4016a-a363-4e1a-928a-4ab7027633cf,true,
39e20b22-dfde-4760-905c-94a5996277dc,b8d263e1-da64-4fc5-aebe-ddfe448941ad,true,
a28c45a8-207c-4b6e-8a12-1cc96abf4337,8eeffb88-a574-4708-af04-8be673eebbc7,true,
a28c45a8-207c-4b6e-8a12-1cc96abf4337,0344ead7-413c-4e7f-b43c-48e60b971acc,true,
b17dca0f-2cee-4401-9be1-039e65f3e883,cc2539e1-795e-48b4-aa65-2419344b4755,true,
b17dca0f-2cee-4401-9be1-039e65f3e883,88cd4ba3-4285-4c09-af9b-b3eb500f54fd,true,
8c3aacb9-c6a2-4db1-a482-5b3a036ce828,ecdfbca1-07eb-4493-a9b8-b1f01b9f9aee,true,
8c3aacb9-c6a2-4db1-a482-5b3a036ce828,11546df8-30c1-49f9-896f-8cb9a1027c65,true,
254bf72a-340d-4c0b-a099-88092b57cc09,7035b192-882f-4479-8dc9-4f1c08b58843,true,
254bf72a-340d-4c0b-a099-88092b57cc09,675b7ad6-f74f-4bbe-8f28-b5e6901622ea,true,
f864fd4d-c817-49c3-8a14-8de0bc528ea8,8da214f4-4778-499f-8f12-48af9d41ffc0,true,
f864fd4d-c817-49c3-8a14-8de0bc528ea8,265b02d7-df07-4427-9f36-dfd2eb59aab1,true,
4bd294aa-7f19-4b77-8c83-6b5bb32ddc86,9350fcbc-d15e-4010-899a-7bb3f0b499e1,true,
4bd294aa-7f19-4b77-8c83-6b5bb32ddc86,349cb6bd-4623-4fda-a65d-dba9ab2b9253,true,
d425941a-4f15-47ec-869c-b5b79f5dc99b,0b82be1e-0d3d-49b3-b207-92b2b20813f3,true,
d425941a-4f15-47ec-869c-b5b79f5dc99b,3a0c6d59-60d9-4dd0-8b7e-83c13fc1634b,true,
ef190647-43d2-41ea-9613-3d7af6744307,c2640e13-c0d8-40b5-82aa-18bff201cfec,true,
ef190647-43d2-41ea-9613-3d7af6744307,b808be2a-aa84-403f-a3ae-fac105985457,true,
7d285da7-1c1d-4080-a643-8d277db1033d,be1fb8f3-edf5-4fc0-8fdb-422ad322f2c8,true,
7d285da7-1c1d-4080-a643-8d277db1033d,eb3b93e9-3cc6-40cc-9556-33c27c3ac81a,true,
5b9db27d-e186-4ec6-b460-15a0247383b9,3438973d-5961-4012-9cbb-c0c8d9a4fccc,true,
5b9db27d-e186-4ec6-b460-15a0247383b9,590136d2-0e2a-4bc4-922b-f8b1935a8cfa,true,
44fabeca-9d8e-4882-9364-c8a965cb3f3d,d5ab261e-49b6-407c-bd12-3a0ff6927554,true,
44fabeca-9d8e-4882-9364-c8a965cb3f3d,b1bace16-5334-48a3-be6c-cc7077162761,true,
44fabeca-9d8e-4882-9364-c8a965cb3f3d,89b2c422-0e6c-493d-87e7-6762e42ee7ad,true,
44fabeca-9d8e-4882-9364-c8a965cb3f3d,5629c7b8-4672-4367-8598-21709caec0a9,true,
44fabeca-9d8e-4882-9364-c8a965cb3f3d,31b79162-2794-4afa-9fa4-2184335a9aa3,true,
44fabeca-9d8e-4882-9364-c8a965cb3f3d,88074103-211c-439d-b02c-40b45edaf06b,true,
44fabeca-9d8e-4882-9364-c8a965cb3f3d,8182455c-4990-4a16-a66d-46646e4d4c4b,true,
44fabeca-9d8e-4882-9364-c8a965cb3f3d,4334a47a-5664-4f63-ad56-634d88f758ba,true,
44fabeca-9d8e-4882-9364-c8a965cb3f3d,173c68c7-3a50-47d3-88f2-dd903d459c3c,false,[INV] input.organizations == return.organizationName :: expected 'galanto' to deeply equal 'j)->nWh['
44fabeca-9d8e-4882-9364-c8a965cb3f3d,ae0dbaec-64c1-4dd3-91e8-179e7ee61e35,false,[INV] input.organizations == return.organizationName :: expected 'galanto' to deeply equal 'galan´/to'
44fabeca-9d8e-4882-9364-c8a965cb3f3d,8154804d-c4e0-453f-a4a9-b4f339590fbd,false,[INV] input.organizations == return.organizationName :: expected 'galanto' to deeply equal '7'
44fabeca-9d8e-4882-9364-c8a965cb3f3d,3362f52b-debb-47a6-a18c-af4642ec0359,true,
44fabeca-9d8e-4882-9364-c8a965cb3f3d,a0656f6f-2988-4ea4-8ac6-df469b0183c3,true,
44fabeca-9d8e-4882-9364-c8a965cb3f3d,c94bfe29-5dd4-4f5b-bded-4a04b411be83,true,
44fabeca-9d8e-4882-9364-c8a965cb3f3d,530c0254-a14e-4154-a8d7-801281f33957,true,
44fabeca-9d8e-4882-9364-c8a965cb3f3d,2100db33-42fb-442b-8447-972648d58ef3,true,
44fabeca-9d8e-4882-9364-c8a965cb3f3d,3aeaa07d-f9a5-4f55-ae24-f5d51c7930ed,true,
44fabeca-9d8e-4882-9364-c8a965cb3f3d,2bacd7d0-813a-4bdf-a726-21265ac44d75,true,
44fabeca-9d8e-4882-9364-c8a965cb3f3d,214a2933-69e2-4255-9a9a-13b7f3527e9c,true,
44fabeca-9d8e-4882-9364-c8a965cb3f3d,eb3f1689-fa70-4f8c-9226-07b47a81da37,true,
cf531da5-8aba-4fa7-b790-4d1e726f59f9,2f29d295-25c8-49d8-b909-2b9897997ac4,true,
cf531da5-8aba-4fa7-b790-4d1e726f59f9,2cc1f5bc-1c4e-4b6c-a049-b68ef5411414,true,
bb8f5ec1-72c6-4e9a-934a-c8feafa9c7d6,4c572509-f942-4432-9374-be9bbf8678bd,true,
bb8f5ec1-72c6-4e9a-934a-c8feafa9c7d6,993a66e6-6a98-4765-bc85-e614fb98bffe,true,
5e7921a6-b713-44ef-993d-23826aa87022,4b805135-bf34-4731-a1c8-eb1e020fef19,true,
5e7921a6-b713-44ef-993d-23826aa87022,c42757f6-518e-4e9d-b769-4dc52b01a2f1,true,
58c64382-cb85-4c2b-8ed4-6ca745b9c98f,0e12b314-84dd-4f02-a9d2-3a80724ac38e,true,
58c64382-cb85-4c2b-8ed4-6ca745b9c98f,383d7194-0bc1-45d6-8a1c-18cde059be9b,true,
8fd19537-8e7a-43d3-becb-113ff1e1d9ac,9a54022d-9231-4035-9976-0c1bd78dccf0,true,
8fd19537-8e7a-43d3-becb-113ff1e1d9ac,5760f357-9baf-4ed4-a6e8-217d33d679d3,true,
dc6fad63-da71-48ae-99e1-1c9a556e30e8,f2c522e8-7704-4cf5-a437-db2279430c6c,true,
dc6fad63-da71-48ae-99e1-1c9a556e30e8,d785552e-1751-43e8-ba62-6a967d571d70,true,
d3355705-b807-4865-8078-7ebef78abf6b,48326160-593a-4f10-997f-07aa3a492801,true,
d3355705-b807-4865-8078-7ebef78abf6b,f6516f49-8485-4185-9a2d-f951f9ce7a04,true,
cc4b62ab-4725-4bf7-b313-c758eda65d21,184d07b6-4089-486a-a261-9e7d5053df3b,true,
cc4b62ab-4725-4bf7-b313-c758eda65d21,b9181ed1-d0dd-4800-bdce-c849c3c822b2,true,
cc4b62ab-4725-4bf7-b313-c758eda65d21,f1a6e24a-10db-4d4e-9e3c-a67601f9d1ce,true,
cc4b62ab-4725-4bf7-b313-c758eda65d21,545ac4b8-35a7-4738-9aac-e585366c0c23,true,
cc4b62ab-4725-4bf7-b313-c758eda65d21,deff5d70-cca6-436e-877b-c7681b9c306d,true,
cc4b62ab-4725-4bf7-b313-c758eda65d21,22d2035e-7889-4ecc-87a4-90a59d919e4f,true,
cc4b62ab-4725-4bf7-b313-c758eda65d21,07818430-2e89-4eb3-805e-fea7ab25f6ac,true,
cc4b62ab-4725-4bf7-b313-c758eda65d21,47da3ae2-ed80-4c8c-a8f0-902a0c700f1f,true,
cc4b62ab-4725-4bf7-b313-c758eda65d21,0fc52a5d-bf08-4cb5-a6a0-203da3eb5fbe,false,"[INV] input.organizations == return.organizationName :: expected 'galanto' to deeply equal 'x""'"
cc4b62ab-4725-4bf7-b313-c758eda65d21,128cf4b6-18ad-4ddd-9836-6737617df4e3,false,[INV] input.organizations == return.organizationName :: expected 'galanto' to deeply equal 'galan´/to'
cc4b62ab-4725-4bf7-b313-c758eda65d21,ed20012f-bc06-4ef0-8337-a133275fe4dc,false,[INV] input.organizations == return.organizationName :: expected 'galanto' to deeply equal 'J'
cc4b62ab-4725-4bf7-b313-c758eda65d21,83cfbdcf-b358-4556-ada1-d2d108f1ba52,true,
cc4b62ab-4725-4bf7-b313-c758eda65d21,7d74c076-06c2-4fbf-8d85-6d04c6e1658e,true,
cc4b62ab-4725-4bf7-b313-c758eda65d21,97585ff5-ab99-45c2-9ff4-ca4fda31e55a,true,
cc4b62ab-4725-4bf7-b313-c758eda65d21,f3f3f946-27db-49bd-8599-d71341d30638,true,
cc4b62ab-4725-4bf7-b313-c758eda65d21,0b4c45b7-377e-4983-83cd-16272111fe7c,true,
cc4b62ab-4725-4bf7-b313-c758eda65d21,f89ada60-2282-4383-9d81-426763235461,true,
cc4b62ab-4725-4bf7-b313-c758eda65d21,c77fa4a9-f2ef-4ab5-b05e-3e05597e94b2,true,
cc4b62ab-4725-4bf7-b313-c758eda65d21,59670fe6-1f21-4926-b51a-c35e08f1351a,true,
cc4b62ab-4725-4bf7-b313-c758eda65d21,45b5365e-d483-466e-9527-239bf31862ee,true,
a0754b1a-8d2e-4ec9-beea-97ef2432318c,f19b87f6-7269-4122-a3b7-f42f283d82f6,true,
a0754b1a-8d2e-4ec9-beea-97ef2432318c,5367bc62-eecd-4a51-a207-f8150bf7ade4,true,
a0754b1a-8d2e-4ec9-beea-97ef2432318c,8373d7ea-821d-4083-a9c8-c2c9b0459658,true,
a0754b1a-8d2e-4ec9-beea-97ef2432318c,79dcbbe1-4474-437b-b897-456931c8cb8d,true,
a0754b1a-8d2e-4ec9-beea-97ef2432318c,b146500a-b4cc-4ae7-81fc-c04adb4f4a32,true,
a0754b1a-8d2e-4ec9-beea-97ef2432318c,29b7e629-cade-44d8-af8f-7d8bfd51001b,true,
a0754b1a-8d2e-4ec9-beea-97ef2432318c,3de81cd5-56ab-4bd7-9093-e6975c9a1ee7,true,
a0754b1a-8d2e-4ec9-beea-97ef2432318c,95053993-2e8e-4a5b-bce3-fc46def59f63,true,
a0754b1a-8d2e-4ec9-beea-97ef2432318c,b6e63658-0ce1-4159-ba6a-75eba306f07e,false,[INV] input.organizations == return.organizationName :: expected 'galanto' to deeply equal '04hl8EN'
a0754b1a-8d2e-4ec9-beea-97ef2432318c,8817c9bd-5429-4b71-b315-ecdb25572ac6,false,[INV] input.organizations == return.organizationName :: expected 'galanto' to deeply equal 'galan´/to'
a0754b1a-8d2e-4ec9-beea-97ef2432318c,26a86691-58ff-4963-be37-057743c8320c,false,[INV] input.organizations == return.organizationName :: expected 'galanto' to deeply equal '8'
a0754b1a-8d2e-4ec9-beea-97ef2432318c,38b9f024-459f-45e2-9623-486a506d49a2,true,
a0754b1a-8d2e-4ec9-beea-97ef2432318c,358d8c5d-0fb1-41b7-8626-911d7cf6aa53,true,
a0754b1a-8d2e-4ec9-beea-97ef2432318c,64db93d7-d12f-4233-b11c-eaf484ac8a1d,true,
a0754b1a-8d2e-4ec9-beea-97ef2432318c,9b71ff5c-fde7-423c-b97e-44d9d3290526,true,
a0754b1a-8d2e-4ec9-beea-97ef2432318c,6f369a6f-0ba4-430b-961d-fed6cee583d3,true,
a0754b1a-8d2e-4ec9-beea-97ef2432318c,d2b5141b-cd89-42fa-b16e-c21e7fea4b38,true,
a0754b1a-8d2e-4ec9-beea-97ef2432318c,d7643516-ab56-40de-a7e3-d8e00e798e35,true,
a0754b1a-8d2e-4ec9-beea-97ef2432318c,b398d276-66ef-40f6-9f2e-a8cd8d80ce78,true,
a0754b1a-8d2e-4ec9-beea-97ef2432318c,03a6cf8e-5c6f-4961-b3f6-95eb890c0eb4,true,
c398e14d-bab7-44c1-92c2-c83aeeac20a6,dbd26d1f-e6e5-49ad-b371-d45bb88b4202,true,
c398e14d-bab7-44c1-92c2-c83aeeac20a6,f2b6bb99-b8a2-4499-bbf7-03c6f675c788,true,
8f85efd4-d687-42fe-a328-e471c249a866,66e557f2-aa1b-4741-9488-73de20774952,true,
8f85efd4-d687-42fe-a328-e471c249a866,78ddd52a-ca28-41b4-9ecf-bc754d00a9e7,true,
259f2c60-7b0e-4391-b8a9-95a24730a402,c64b40cf-c97d-4409-9858-3fdd888b34b8,true,
259f2c60-7b0e-4391-b8a9-95a24730a402,1874d8b5-6b02-498a-b062-0e772ea51bcd,true,
470ea2ff-dfa5-4781-9bfc-f1b58b7375ae,1af5bd53-dbb1-4d4b-8ba9-f8c7546e1d76,true,
470ea2ff-dfa5-4781-9bfc-f1b58b7375ae,468a06c8-d861-4df9-b452-a64b67b95778,true,
46c67714-bea1-45be-b6d8-ee538046d8de,ec0c8386-cc21-44c7-88c3-414ff497e3e4,true,
46c67714-bea1-45be-b6d8-ee538046d8de,b2ce3cd1-cf4d-4a8e-8cf6-8d042b1012e8,true,
ab54c2d3-cae1-4a8d-b120-bb6ac92ff4a5,aa3df62f-2096-4481-8cf0-f0485479df52,true,
ab54c2d3-cae1-4a8d-b120-bb6ac92ff4a5,5da4d89f-6639-4db8-becf-1fe416b47d40,true,
ab54c2d3-cae1-4a8d-b120-bb6ac92ff4a5,c74cda53-72db-463c-8790-bfcd66639200,true,
ab54c2d3-cae1-4a8d-b120-bb6ac92ff4a5,ac33abda-b5f5-4cd1-9cbb-8ad85e5094da,true,
ab54c2d3-cae1-4a8d-b120-bb6ac92ff4a5,9d78bd77-258e-45bc-8af3-82119416c7d5,true,
ab54c2d3-cae1-4a8d-b120-bb6ac92ff4a5,a846fd15-6908-4cf5-bdc9-b53fe9590dcf,true,
ab54c2d3-cae1-4a8d-b120-bb6ac92ff4a5,832e9800-69cc-464e-a89c-3ee11497b6c4,true,
ab54c2d3-cae1-4a8d-b120-bb6ac92ff4a5,25726bca-183d-4897-a821-949f532c6cba,true,
ab54c2d3-cae1-4a8d-b120-bb6ac92ff4a5,73e0bc48-0dd1-46f9-b72c-bfd6e2b9bb76,false,[INV] input.organizations == return.organizationName :: expected 'galanto' to deeply equal '/Rm.\<-IM'
ab54c2d3-cae1-4a8d-b120-bb6ac92ff4a5,a1e2e92b-9d9e-48d4-9bb6-9490f1b3862f,false,[INV] input.organizations == return.organizationName :: expected 'galanto' to deeply equal 'galan´/to'
ab54c2d3-cae1-4a8d-b120-bb6ac92ff4a5,d59cb662-d918-41d4-891b-790b5fc7e705,false,[INV] input.organizations == return.organizationName :: expected 'galanto' to deeply equal 'W'
ab54c2d3-cae1-4a8d-b120-bb6ac92ff4a5,a5cae778-16c5-4626-9010-c3f9312183e4,true,
ab54c2d3-cae1-4a8d-b120-bb6ac92ff4a5,df31c1ab-1d89-4185-b195-3e6ae90bfede,true,
ab54c2d3-cae1-4a8d-b120-bb6ac92ff4a5,592c4545-ec52-4cd4-ab8e-f5b663073cfc,true,
ab54c2d3-cae1-4a8d-b120-bb6ac92ff4a5,877da1b3-116b-478c-8f31-70d0591913f0,true,
ab54c2d3-cae1-4a8d-b120-bb6ac92ff4a5,6d857722-d10d-40f5-8b5b-8fa930ddabc7,true,
ab54c2d3-cae1-4a8d-b120-bb6ac92ff4a5,3987eb73-1c80-4c7c-8843-77eeafedae6f,true,
ab54c2d3-cae1-4a8d-b120-bb6ac92ff4a5,7acf45ce-8bc9-46ad-abfd-9024c6f69e3c,true,
ab54c2d3-cae1-4a8d-b120-bb6ac92ff4a5,af81f7e0-0c87-4757-99d8-87377086c8f6,true,
ab54c2d3-cae1-4a8d-b120-bb6ac92ff4a5,2fabe346-a7b2-45e0-b459-cf83ae68bb1c,true,
f79d0e43-ac98-45be-aa80-0a911d55a52c,c727d85b-1504-4de3-9877-5ae832d2300e,true,
f79d0e43-ac98-45be-aa80-0a911d55a52c,78489839-9c38-43e3-b2b1-6941f9ddd3e0,true,
f79d0e43-ac98-45be-aa80-0a911d55a52c,20014913-92e7-4bd2-a569-c027c5e4b46d,true,
f79d0e43-ac98-45be-aa80-0a911d55a52c,a076e061-0ba5-4dc8-861f-c2d9fc9c7e97,true,
f79d0e43-ac98-45be-aa80-0a911d55a52c,4448e494-4ed5-42c7-bf3e-8f1ff3529594,true,
f79d0e43-ac98-45be-aa80-0a911d55a52c,28311338-1981-40a9-bca5-a8e4312ea205,true,
f79d0e43-ac98-45be-aa80-0a911d55a52c,0c0be2af-18db-4ff1-83be-0ac5243677d6,true,
f79d0e43-ac98-45be-aa80-0a911d55a52c,17dd9f2b-e45d-40ba-a351-c96a82d4ed3f,true,
f79d0e43-ac98-45be-aa80-0a911d55a52c,d553e96c-9494-4c13-bd93-88d356e2cf53,true,
f79d0e43-ac98-45be-aa80-0a911d55a52c,1d7073c4-31a5-4083-8394-db06171c035e,true,
f79d0e43-ac98-45be-aa80-0a911d55a52c,984f7653-4ced-47cd-aa6b-0757813c3dc9,false,[INV] input.organizations == return.organizationName :: expected 'galanto' to deeply equal 'j'
f79d0e43-ac98-45be-aa80-0a911d55a52c,ba2c4485-a596-493b-bb25-dd4561cf1224,false,[INV] input.organizations == return.organizationName :: expected 'galanto' to deeply equal 'galan´/to'
f79d0e43-ac98-45be-aa80-0a911d55a52c,078d28a2-162b-47e2-9aac-7dc02bd17507,false,[INV] input.organizations == return.organizationName :: expected 'galanto' to deeply equal 'y'
f79d0e43-ac98-45be-aa80-0a911d55a52c,ecc5942c-a869-447b-b38a-5ab62f6d2b8f,true,
f79d0e43-ac98-45be-aa80-0a911d55a52c,5c04d14c-5393-4868-a6c3-82a6cfd27131,true,
f79d0e43-ac98-45be-aa80-0a911d55a52c,f06396de-abef-4333-a172-90701d331ce4,true,
f79d0e43-ac98-45be-aa80-0a911d55a52c,4d53e59b-f6d8-4985-80a0-7e1f11193f18,true,
f79d0e43-ac98-45be-aa80-0a911d55a52c,ec560328-9c9a-4020-ac46-1fe2658c4b7d,true,
f79d0e43-ac98-45be-aa80-0a911d55a52c,0705bdf8-b4b4-40d8-b579-66d9f0b4f77d,true,
f79d0e43-ac98-45be-aa80-0a911d55a52c,295978b5-5d4b-4bb8-892e-2bdb6f4d7204,true,
f79d0e43-ac98-45be-aa80-0a911d55a52c,584665e3-084b-4304-a15f-c9d8bb40f6f4,true,
f79d0e43-ac98-45be-aa80-0a911d55a52c,7ec0681b-003c-4ee7-a198-daff07567506,true,
f79d0e43-ac98-45be-aa80-0a911d55a52c,cdd4275a-e3f5-43ac-b157-26228b5862bc,true,
f79d0e43-ac98-45be-aa80-0a911d55a52c,b1b055e1-5c34-4035-b5ac-207db05584c2,true,
f79d0e43-ac98-45be-aa80-0a911d55a52c,978249ac-ce57-44a1-aa4c-a6a132dda8bc,true,
f79d0e43-ac98-45be-aa80-0a911d55a52c,ef1d58f7-241b-42c9-93b3-4a32d8a796bc,true,
f79d0e43-ac98-45be-aa80-0a911d55a52c,e1381bed-be26-491a-8b7f-938cebcdfc28,true,
f79d0e43-ac98-45be-aa80-0a911d55a52c,d0ee0446-4e84-4952-89df-96a550213d61,false,[INV] input.organizations == return.organizationName :: expected 'galanto' to deeply equal 'N&]H'
f79d0e43-ac98-45be-aa80-0a911d55a52c,11c48fd8-bd42-4a69-9efb-0413b002d960,false,[INV] input.organizations == return.organizationName :: expected 'galanto' to deeply equal 'galanto/*'
f79d0e43-ac98-45be-aa80-0a911d55a52c,297ffc23-17db-4306-985d-64443680a29d,false,[INV] input.organizations == return.organizationName :: expected 'galanto' to deeply equal 'EJEMPLO MAYUS'
f79d0e43-ac98-45be-aa80-0a911d55a52c,9784fbdb-a85d-4c3a-8ce0-f3cba5c5e531,true,
f79d0e43-ac98-45be-aa80-0a911d55a52c,883eee14-e6a6-4b62-88bd-b0b43cf1c84a,true,
f79d0e43-ac98-45be-aa80-0a911d55a52c,3d6c6bfd-c649-4fb9-8e56-cd6474d1dc06,true,
f79d0e43-ac98-45be-aa80-0a911d55a52c,507c2b2a-dcd2-4efe-8d72-cf44f2fe906c,true,
f79d0e43-ac98-45be-aa80-0a911d55a52c,e571a2cf-1699-451e-96d2-f7b5e3eb9552,true,
f79d0e43-ac98-45be-aa80-0a911d55a52c,2602812a-0396-4c08-af68-5f2dca43cf8c,true,
f79d0e43-ac98-45be-aa80-0a911d55a52c,8ce526ff-5a33-4ab9-a754-b500ae747232,true,
f79d0e43-ac98-45be-aa80-0a911d55a52c,fc7bb406-853e-46f4-aecc-12db66e59b27,true,
f79d0e43-ac98-45be-aa80-0a911d55a52c,5ee7a62d-1eae-42a0-9357-5f6f7b680c25,true,
f79d0e43-ac98-45be-aa80-0a911d55a52c,992833b9-c476-43e9-822c-79b8ed508460,true,
f79d0e43-ac98-45be-aa80-0a911d55a52c,703aafc3-1e1b-4b3a-9712-5f110bf4460e,true,
f79d0e43-ac98-45be-aa80-0a911d55a52c,6d89db89-8716-493a-bb7b-96f6a861cbf4,true,
f79d0e43-ac98-45be-aa80-0a911d55a52c,25331175-af52-4408-9c9a-dbe440b35479,true,
f79d0e43-ac98-45be-aa80-0a911d55a52c,6f826754-c546-44ac-ae23-69fdd2846fa5,false,[INV] input.organizations == return.organizationName :: expected 'galanto' to deeply equal '=kn! .D'
f79d0e43-ac98-45be-aa80-0a911d55a52c,0bbf3fd5-8ade-4955-a24d-2a938dc0f8e8,false,"[INV] input.organizations == return.organizationName :: expected 'galanto' to deeply equal 'gal*,anto'"
f79d0e43-ac98-45be-aa80-0a911d55a52c,4aa911c0-e8e3-492d-b484-5fa26b053b55,false,[INV] input.organizations == return.organizationName :: expected 'galanto' to deeply equal 'diyveEQbXw'
f79d0e43-ac98-45be-aa80-0a911d55a52c,011864e0-c772-48fa-8bce-5eb411cd718d,true,
f79d0e43-ac98-45be-aa80-0a911d55a52c,07779594-7df9-41c2-ac55-99e8cb53d463,true,
f79d0e43-ac98-45be-aa80-0a911d55a52c,4c49e423-9439-40a8-be54-7d2e5d1937cb,true,
f79d0e43-ac98-45be-aa80-0a911d55a52c,1332e752-a8f9-402e-a459-b7e86e8295b4,true,
f79d0e43-ac98-45be-aa80-0a911d55a52c,19111a63-d942-4558-b261-31628679783a,true,
f79d0e43-ac98-45be-aa80-0a911d55a52c,fa68c32d-6330-4901-a3bd-2bede0444864,true,
f79d0e43-ac98-45be-aa80-0a911d55a52c,7fc34e33-e781-43ce-b63d-42661f3b7a39,true,
f79d0e43-ac98-45be-aa80-0a911d55a52c,8276704f-e9fb-4f1f-b5f4-b454a2bd0601,true,
f79d0e43-ac98-45be-aa80-0a911d55a52c,e58a2fa6-2767-4e01-8c73-60456ec8fb47,true,
f79d0e43-ac98-45be-aa80-0a911d55a52c,2b0de71a-f4db-45c2-9973-b72c4e507593,true,
f79d0e43-ac98-45be-aa80-0a911d55a52c,4938fc0b-2e99-4805-8dbc-59efd38ee6f5,true,
f79d0e43-ac98-45be-aa80-0a911d55a52c,c4565128-49e5-4485-9b93-b61578bdb8e5,true,
f79d0e43-ac98-45be-aa80-0a911d55a52c,65308781-823d-407f-8e9c-e144fa067231,true,
f79d0e43-ac98-45be-aa80-0a911d55a52c,666d7adb-de94-4e71-9d69-780b8641802a,false,"[INV] input.organizations == return.organizationName :: expected 'galanto' to deeply equal ', 7VjPB'"
f79d0e43-ac98-45be-aa80-0a911d55a52c,46e423dd-a88b-47ad-af19-87928962922a,false,[INV] input.organizations == return.organizationName :: expected 'galanto' to deeply equal '´galanto'
f79d0e43-ac98-45be-aa80-0a911d55a52c,d3d7425d-a324-4a5a-8578-05bec5545c1b,false,[INV] input.organizations == return.organizationName :: expected 'galanto' to deeply equal 'EJEMPLO MAYUS'
f79d0e43-ac98-45be-aa80-0a911d55a52c,157825f8-1c1c-4257-9de7-68b4b1f9a426,true,
f79d0e43-ac98-45be-aa80-0a911d55a52c,e325ad70-0087-4ee5-90cc-d2d8c19cc405,true,
f79d0e43-ac98-45be-aa80-0a911d55a52c,33492249-3bd9-4ab1-adea-c6023ad7baba,true,
f79d0e43-ac98-45be-aa80-0a911d55a52c,83a9491b-bae5-49d5-b2d3-4a7cf73e76d0,true,
f79d0e43-ac98-45be-aa80-0a911d55a52c,f262586c-e61c-4659-bff9-7b41df0685fa,true,
f79d0e43-ac98-45be-aa80-0a911d55a52c,9c66de3f-df57-4890-a322-374382e7fd22,true,
f79d0e43-ac98-45be-aa80-0a911d55a52c,236708fe-a32f-4028-9f3e-1868fb6bdac3,true,
f79d0e43-ac98-45be-aa80-0a911d55a52c,4201b965-c9d6-4d27-93da-c358ce0011f6,true,
f79d0e43-ac98-45be-aa80-0a911d55a52c,657fdced-1742-464f-b71a-b804afeddf02,true,
f79d0e43-ac98-45be-aa80-0a911d55a52c,a30c1cf5-7180-4bf7-a761-71cbc2c9ef6b,true,
f79d0e43-ac98-45be-aa80-0a911d55a52c,a6857f45-50ab-48ba-8477-b01de721ceda,true,
f79d0e43-ac98-45be-aa80-0a911d55a52c,e1d9fa5a-4fe3-4807-baac-1edaffeecf0f,true,
f79d0e43-ac98-45be-aa80-0a911d55a52c,5fee6849-10a5-466a-8129-3631ed2b7daf,true,
f79d0e43-ac98-45be-aa80-0a911d55a52c,b353a647-dc9a-4b7f-8743-a13320781079,true,
f79d0e43-ac98-45be-aa80-0a911d55a52c,7b46dd5e-cf65-423d-8533-f506ab13309e,true,
f79d0e43-ac98-45be-aa80-0a911d55a52c,bdce41ff-e034-488a-a690-c3b0ef46c57e,true,
f79d0e43-ac98-45be-aa80-0a911d55a52c,c53f2c16-5fd6-40c6-b529-4138b9669908,true,
f79d0e43-ac98-45be-aa80-0a911d55a52c,6961adcb-11c5-4181-9b35-dbdbd2ae90d3,false,[INV] input.organizations == return.organizationName :: expected 'galanto' to deeply equal 'Ta@D[*vvR'
f79d0e43-ac98-45be-aa80-0a911d55a52c,7e716ed9-d014-4d3f-b27d-0a5601860864,false,"[INV] input.organizations == return.organizationName :: expected 'galanto' to deeply equal 'galanto*,'"
f79d0e43-ac98-45be-aa80-0a911d55a52c,1ee04de7-4461-4618-9592-886eed4901a5,false,[INV] input.organizations == return.organizationName :: expected 'galanto' to deeply equal 'ejemplo minus'
f79d0e43-ac98-45be-aa80-0a911d55a52c,399d7172-98ae-4ffe-8f5c-c5f463a966fb,true,
f79d0e43-ac98-45be-aa80-0a911d55a52c,be37f1c9-afbd-4f22-9375-e19e099a0313,true,
f79d0e43-ac98-45be-aa80-0a911d55a52c,8e4d639a-98d9-4043-a55c-26aa28912b4c,true,
f79d0e43-ac98-45be-aa80-0a911d55a52c,0d3f7b2a-9d56-444e-8332-596fcaec0484,true,
f79d0e43-ac98-45be-aa80-0a911d55a52c,e998d0ae-0063-46f4-bb51-85201a60e0ec,true,
f79d0e43-ac98-45be-aa80-0a911d55a52c,a419eec7-aa50-4147-969f-56b18b9c7565,true,
f79d0e43-ac98-45be-aa80-0a911d55a52c,8df6e2d2-779f-4b20-b36b-07651af8858a,true,
f79d0e43-ac98-45be-aa80-0a911d55a52c,91db4d2d-31fc-4d9a-8ff3-8ee74739d305,true,
f79d0e43-ac98-45be-aa80-0a911d55a52c,8ab41248-fa7b-4352-87b0-ee71c7359574,true,
fdce85e7-a8bb-4f46-905f-e36ab060849d,2bc49a7b-af74-4ad3-bd09-be3de926bf79,true,
fdce85e7-a8bb-4f46-905f-e36ab060849d,265c7154-240f-45e9-b184-bd2295f5c335,true,
0c6dbe4c-0164-476c-8884-179805da4f22,dc045b78-73ee-4025-b830-e24ab702eaf4,true,
0c6dbe4c-0164-476c-8884-179805da4f22,8bd21025-15e4-4fe0-baa0-ab50b655cec6,true,
c1034925-d542-4357-92de-dc5644942ba8,afc25ebf-b40a-4de4-9b9d-38f46565ddf5,true,
c1034925-d542-4357-92de-dc5644942ba8,7458fdbe-fbad-45fa-a2bb-140d349330f0,true,
9fea1d47-912d-45aa-86f5-7c95562c2b6e,629dfa49-ac18-48e1-b9cb-3bbbf82107f9,true,
9fea1d47-912d-45aa-86f5-7c95562c2b6e,0d857105-eb8e-48d0-8940-69a1aaac593d,true,
9fea1d47-912d-45aa-86f5-7c95562c2b6e,73fdf62b-1729-49bf-82ff-c91add0fdd3e,true,
9fea1d47-912d-45aa-86f5-7c95562c2b6e,a182ecdc-12e2-4899-ac82-5e3af4db855d,true,
9fea1d47-912d-45aa-86f5-7c95562c2b6e,42666c3a-c238-4882-bed8-1e4577b32586,true,
9fea1d47-912d-45aa-86f5-7c95562c2b6e,3634960e-c93a-435b-a5a6-c5e3d863466a,true,
9fea1d47-912d-45aa-86f5-7c95562c2b6e,b4824bf7-9fe6-4e92-b5d6-3c5a6f3d9381,true,
9fea1d47-912d-45aa-86f5-7c95562c2b6e,ea5bd41a-32bf-4814-a0b6-b4d3c20f8814,true,
9fea1d47-912d-45aa-86f5-7c95562c2b6e,0f7331ce-e192-45a3-9e51-b3f36d3ba4b9,false,[INV] input.organizations == return.organizationName :: expected 'galanto' to deeply equal 'cyLl}}sW'
9fea1d47-912d-45aa-86f5-7c95562c2b6e,3839f5ec-e2e7-4483-9abe-7b1527f8fee1,false,[INV] input.organizations == return.organizationName :: expected 'galanto' to deeply equal 'galan´/to'
9fea1d47-912d-45aa-86f5-7c95562c2b6e,26020c37-fa7e-4850-bb95-c648f60f9a7f,false,[INV] input.organizations == return.organizationName :: expected 'galanto' to deeply equal 'D'
9fea1d47-912d-45aa-86f5-7c95562c2b6e,bb5cbc58-f32a-4343-ad54-2a6307562f08,true,
9fea1d47-912d-45aa-86f5-7c95562c2b6e,d961f505-fdda-4583-a969-4b7c3c43843a,true,
9fea1d47-912d-45aa-86f5-7c95562c2b6e,e544695b-a4fb-4115-93fa-2be1ad1df137,true,
9fea1d47-912d-45aa-86f5-7c95562c2b6e,c4851559-2a1d-41fb-b8db-6158eab7a14d,true,
9fea1d47-912d-45aa-86f5-7c95562c2b6e,1c389c2f-2e34-4404-9e10-e51673079c71,true,
9fea1d47-912d-45aa-86f5-7c95562c2b6e,8e8368b6-eea8-4e34-b659-afee415cb543,true,
9fea1d47-912d-45aa-86f5-7c95562c2b6e,2bcfa1a7-6664-4afe-93a2-92efdb9b810f,true,
9fea1d47-912d-45aa-86f5-7c95562c2b6e,d6b5cc14-2b7e-41df-bc90-cdf2e11e144e,true,
9fea1d47-912d-45aa-86f5-7c95562c2b6e,87397833-ae57-45ac-a97c-388a1293d016,true,
05bfca89-3a6f-4174-a889-d337a6dcc594,3808462b-c181-4198-b6aa-536abaca6a36,true,
05bfca89-3a6f-4174-a889-d337a6dcc594,9a7c9a07-7380-44bf-80d0-8398242ea15c,true,
7b45d336-27a1-47d2-9f96-6b47e4a1580a,3b2c8102-6b51-4547-8987-a3b96aeae8f9,true,
7b45d336-27a1-47d2-9f96-6b47e4a1580a,a0c2b151-25a4-4cc9-8990-85b56908987f,true,
518c5948-dcc3-40c4-a97c-17dc5cc113a3,70ba4590-5294-47a9-b8e4-c5a981bfb3a2,true,
518c5948-dcc3-40c4-a97c-17dc5cc113a3,21202d97-d7fd-47da-9c75-e128a18e77c2,true,
d1333be8-69da-415f-b88f-300171ecb99e,d4d0c3f5-e5f7-4b5d-b48c-b3ce5a79db3b,true,
d1333be8-69da-415f-b88f-300171ecb99e,5749acc0-cbb4-4c2c-bb0f-8ebd72d9a745,true,
d1333be8-69da-415f-b88f-300171ecb99e,f015bdaf-2cfd-4c94-8b11-ea37792cc83e,true,
d1333be8-69da-415f-b88f-300171ecb99e,04b6c530-6c81-46e1-b182-8a4918ab6939,true,
d1333be8-69da-415f-b88f-300171ecb99e,efe5501f-4844-4f3c-a5e8-62c19d4f828a,true,
d1333be8-69da-415f-b88f-300171ecb99e,86841870-478c-4f2c-bb10-34bb8ae33404,true,
d1333be8-69da-415f-b88f-300171ecb99e,4adc7aa3-f8c8-41bf-a358-d0dabff5152f,true,
d1333be8-69da-415f-b88f-300171ecb99e,af09240f-b614-4987-aa90-b8cdefa5f50d,true,
d1333be8-69da-415f-b88f-300171ecb99e,f40a4240-97ad-400b-98dc-c52fe7a79574,false,[INV] input.organizations == return.organizationName :: expected 'galanto' to deeply equal 'zrE6}'
d1333be8-69da-415f-b88f-300171ecb99e,f1319af0-31d6-49c2-9ab9-e280372decc0,false,[INV] input.organizations == return.organizationName :: expected 'galanto' to deeply equal 'galan´/to'
d1333be8-69da-415f-b88f-300171ecb99e,c2802922-cec8-44f4-b7c6-002778d29d03,false,[INV] input.organizations == return.organizationName :: expected 'galanto' to deeply equal 's'
d1333be8-69da-415f-b88f-300171ecb99e,cdf3dd94-4449-4048-b174-3b15c5c54956,true,
d1333be8-69da-415f-b88f-300171ecb99e,f47e19bb-aec0-48d0-a103-dd81a5e49daf,true,
d1333be8-69da-415f-b88f-300171ecb99e,b1d9e7dc-e92c-4c97-93f5-d27e67d3c55a,true,
d1333be8-69da-415f-b88f-300171ecb99e,74fba10f-f5b1-49a0-94e8-22fea621bb3d,true,
d1333be8-69da-415f-b88f-300171ecb99e,e01c0c09-98bb-4019-9796-8ee870f2bf2a,true,
d1333be8-69da-415f-b88f-300171ecb99e,0e5fdb72-e33d-4b75-aa4d-728fec484975,true,
d1333be8-69da-415f-b88f-300171ecb99e,247ed37b-153d-49d9-a071-7e0e939ae84d,true,
d1333be8-69da-415f-b88f-300171ecb99e,fa195390-1cc6-4078-ae5d-8badcc1aaa52,true,
d1333be8-69da-415f-b88f-300171ecb99e,67002d25-aad5-4d5a-ade9-9b8c8f09c71c,true,
0c69a21e-33aa-46a5-81e6-deb4499e5967,b9d8f616-6a2f-4eb3-8788-c4bdaba615cb,true,
0c69a21e-33aa-46a5-81e6-deb4499e5967,4df460a4-bf3d-4d8a-bb7a-befa056315cb,true,
0c69a21e-33aa-46a5-81e6-deb4499e5967,3dc85808-22a0-4eef-a4e1-ff11ef1f6360,true,
0c69a21e-33aa-46a5-81e6-deb4499e5967,ea62b934-c5b0-4c22-a02f-e5b4e9875f78,true,
0c69a21e-33aa-46a5-81e6-deb4499e5967,3c0dcea5-e5e8-433b-aecf-804d10de6fd1,true,
0c69a21e-33aa-46a5-81e6-deb4499e5967,a87207b6-db3c-43e4-8a7a-c55b819a70fd,true,
0c69a21e-33aa-46a5-81e6-deb4499e5967,5f3a2761-aa48-48ce-a0df-09b2f2c1f677,true,
0c69a21e-33aa-46a5-81e6-deb4499e5967,d9bed76f-2a15-43fb-988f-a24495c349d3,true,
0c69a21e-33aa-46a5-81e6-deb4499e5967,617f4bc9-74f8-4cd9-a16a-29efbaa949fd,true,
0c69a21e-33aa-46a5-81e6-deb4499e5967,33f3f715-56b4-47a0-a050-e86ca5271547,true,
0c69a21e-33aa-46a5-81e6-deb4499e5967,d5eed5c5-60b9-43a8-8990-c0187094c0ce,false,[INV] input.organizations == return.organizationName :: expected 'galanto' to deeply equal '3]'
0c69a21e-33aa-46a5-81e6-deb4499e5967,a0d18fc5-eccb-4b12-9272-e1192ee20266,false,[INV] input.organizations == return.organizationName :: expected 'galanto' to deeply equal 'galan´/to'
0c69a21e-33aa-46a5-81e6-deb4499e5967,ed8bc042-89d4-4092-a586-bd68a5749ac8,false,[INV] input.organizations == return.organizationName :: expected 'galanto' to deeply equal 'u'
0c69a21e-33aa-46a5-81e6-deb4499e5967,47b2f12e-1b09-47fd-8d13-330baf0c6d76,true,
0c69a21e-33aa-46a5-81e6-deb4499e5967,a3984de5-6140-461e-989e-a4abf7d3b9fc,true,
0c69a21e-33aa-46a5-81e6-deb4499e5967,b7bd11d1-5051-4caf-a178-0db071d7b54d,true,
0c69a21e-33aa-46a5-81e6-deb4499e5967,11c9c8a6-d9d1-478c-815f-6ef432b878d3,true,
0c69a21e-33aa-46a5-81e6-deb4499e5967,f858108d-0ef4-462d-9d6c-cf87937b1076,true,
0c69a21e-33aa-46a5-81e6-deb4499e5967,7c61cf65-6b75-4cbe-8039-98013061f6c3,true,
0c69a21e-33aa-46a5-81e6-deb4499e5967,6c1f0e51-4e7f-4fc2-82ae-0c2a71445055,true,
0c69a21e-33aa-46a5-81e6-deb4499e5967,9e62df74-d73e-4bb0-a5ac-d3408abddff7,true,
0c69a21e-33aa-46a5-81e6-deb4499e5967,c013d15f-8039-4243-9e2d-cabcfbc49753,true,
0c69a21e-33aa-46a5-81e6-deb4499e5967,97f28fa7-3517-4cda-a569-55d1e6b80efc,true,
0c69a21e-33aa-46a5-81e6-deb4499e5967,d1196f09-0b7a-481b-8f5b-81fb5d42a3a7,true,
0c69a21e-33aa-46a5-81e6-deb4499e5967,889cc770-b6af-4369-abf8-072957bd850c,true,
0c69a21e-33aa-46a5-81e6-deb4499e5967,f16e1172-8f5c-4946-8dea-9cd8c169aeef,true,
0c69a21e-33aa-46a5-81e6-deb4499e5967,67e36e53-747e-4dd6-aefd-016a85ae11bb,true,
0c69a21e-33aa-46a5-81e6-deb4499e5967,f2db3871-350f-4ca1-abdb-74eac3919a24,false,[INV] input.organizations == return.organizationName :: expected 'galanto' to deeply equal 'qNulOD'
0c69a21e-33aa-46a5-81e6-deb4499e5967,08453ea3-51a6-4fe5-82b9-89aacfe75c81,false,[INV] input.organizations == return.organizationName :: expected 'galanto' to deeply equal 'galanto/*'
0c69a21e-33aa-46a5-81e6-deb4499e5967,856f46ee-4614-4efb-bcc1-54fb9eeb6524,false,[INV] input.organizations == return.organizationName :: expected 'galanto' to deeply equal 'EJEMPLO MAYUS'
0c69a21e-33aa-46a5-81e6-deb4499e5967,3c80034a-8d78-45ea-b602-b8ed686c1104,true,
0c69a21e-33aa-46a5-81e6-deb4499e5967,5060508c-8570-4e8a-a67f-d9772a1be54a,true,
0c69a21e-33aa-46a5-81e6-deb4499e5967,f6434f37-d15c-4d69-961b-ee7d7e53e017,true,
0c69a21e-33aa-46a5-81e6-deb4499e5967,ab2fd45f-a26d-47cf-b00c-da6ded056c75,true,
0c69a21e-33aa-46a5-81e6-deb4499e5967,e7fe0a88-863d-4dd9-a35b-cfc007226ef4,true,
0c69a21e-33aa-46a5-81e6-deb4499e5967,96a22e1e-61eb-4828-afd8-811e0c070562,true,
0c69a21e-33aa-46a5-81e6-deb4499e5967,55c01ac5-696b-45f9-ab3b-214f96940d27,true,
0c69a21e-33aa-46a5-81e6-deb4499e5967,22e106a6-5def-4db2-8fd6-51376ede951f,true,
0c69a21e-33aa-46a5-81e6-deb4499e5967,64afde05-e7a8-429b-acc5-ae0ebdcf720c,true,
0c69a21e-33aa-46a5-81e6-deb4499e5967,9509f803-cc0a-4f32-afed-6d76e368600b,true,
0c69a21e-33aa-46a5-81e6-deb4499e5967,2beed224-7d49-4f32-8045-19e0d30aacbb,true,
0c69a21e-33aa-46a5-81e6-deb4499e5967,e285add2-1c7c-44bb-ab20-9aa02319d19a,true,
0c69a21e-33aa-46a5-81e6-deb4499e5967,b876e37b-8fbc-4bbf-b09a-dc6b00e40ecf,true,
0c69a21e-33aa-46a5-81e6-deb4499e5967,a9824f46-79d0-4c55-988f-cc4dc1f0ad06,false,[INV] input.organizations == return.organizationName :: expected 'galanto' to deeply equal 'z'
0c69a21e-33aa-46a5-81e6-deb4499e5967,e175e899-02e5-405a-8d42-a75f46fbdd2a,false,"[INV] input.organizations == return.organizationName :: expected 'galanto' to deeply equal 'gal*,anto'"
0c69a21e-33aa-46a5-81e6-deb4499e5967,db6efae5-8d07-43d2-a47c-4e7241c26b55,false,[INV] input.organizations == return.organizationName :: expected 'galanto' to deeply equal 'MbD5sQkI8w'
0c69a21e-33aa-46a5-81e6-deb4499e5967,13f1e76a-5c21-488c-9a7e-e3f09a252031,true,
0c69a21e-33aa-46a5-81e6-deb4499e5967,7f8a31ab-5b86-47be-9458-d9df8705fac9,true,
0c69a21e-33aa-46a5-81e6-deb4499e5967,60183115-2c88-4721-ad24-a821b6a31a85,true,
0c69a21e-33aa-46a5-81e6-deb4499e5967,e2fe1fd1-db9d-4529-a16b-5d42f729b71b,true,
0c69a21e-33aa-46a5-81e6-deb4499e5967,0d9326e3-0b22-425d-b1b7-f6d76b267d38,true,
0c69a21e-33aa-46a5-81e6-deb4499e5967,e4e13245-3442-468d-bc98-b728d49c5405,true,
0c69a21e-33aa-46a5-81e6-deb4499e5967,934b0250-543a-41f3-9672-24c25a7e2e31,true,
0c69a21e-33aa-46a5-81e6-deb4499e5967,d0a6de18-dccc-447b-8c57-9210c54bba1e,true,
0c69a21e-33aa-46a5-81e6-deb4499e5967,ecd59da9-41ec-4279-82cf-4398b1c8172c,true,
0c69a21e-33aa-46a5-81e6-deb4499e5967,da075f61-773b-48eb-999b-79a2de6dd488,true,
0c69a21e-33aa-46a5-81e6-deb4499e5967,09ea14d5-4fd4-4671-9468-05b7290a0153,true,
0c69a21e-33aa-46a5-81e6-deb4499e5967,6ac95836-b1bc-4620-bd56-5a430eb9f7b2,true,
0c69a21e-33aa-46a5-81e6-deb4499e5967,bcf534eb-8cae-4926-a3be-cffa685d8d4c,true,
0c69a21e-33aa-46a5-81e6-deb4499e5967,3968ceb8-4783-400f-ad3a-f5feab6384b7,false,[INV] input.organizations == return.organizationName :: expected 'galanto' to deeply equal 'f@'
0c69a21e-33aa-46a5-81e6-deb4499e5967,f4917637-4de0-4874-adc2-bdd5d110f372,false,[INV] input.organizations == return.organizationName :: expected 'galanto' to deeply equal '´galanto'
0c69a21e-33aa-46a5-81e6-deb4499e5967,b4991c99-96fb-4dd5-bcac-93e15385d7b5,false,[INV] input.organizations == return.organizationName :: expected 'galanto' to deeply equal 'EJEMPLO MAYUS'
0c69a21e-33aa-46a5-81e6-deb4499e5967,07684bef-ecd6-4ef2-b431-b67a2de3e850,true,
0c69a21e-33aa-46a5-81e6-deb4499e5967,233c958e-facf-471a-8114-460df2f607fe,true,
0c69a21e-33aa-46a5-81e6-deb4499e5967,95a94c2c-845c-424e-b9ff-ba6d64063362,true,
0c69a21e-33aa-46a5-81e6-deb4499e5967,6decac8a-c19c-4072-836c-32808d7c9790,true,
0c69a21e-33aa-46a5-81e6-deb4499e5967,d75ac325-ff7a-4e8f-b832-b0e2d8a74b50,true,
0c69a21e-33aa-46a5-81e6-deb4499e5967,401bbcfb-d690-4837-9545-ae5c94b10fff,true,
0c69a21e-33aa-46a5-81e6-deb4499e5967,fce6b36e-12eb-49e4-9a9c-c7f262f7056f,true,
0c69a21e-33aa-46a5-81e6-deb4499e5967,5dd50791-def1-4bf9-82d1-8269bf63ac40,true,
0c69a21e-33aa-46a5-81e6-deb4499e5967,70f04602-0548-4854-8fcd-1ce6be0e3de6,true,
0c69a21e-33aa-46a5-81e6-deb4499e5967,c884cb96-647d-42fe-8c11-dad989ef404e,true,
0c69a21e-33aa-46a5-81e6-deb4499e5967,aa01f99e-a291-4ce2-bcd4-e0fd56e70598,true,
0c69a21e-33aa-46a5-81e6-deb4499e5967,a79a0401-a9bb-41ae-91f8-c046f7d4df46,true,
0c69a21e-33aa-46a5-81e6-deb4499e5967,2486b238-fb1a-43da-96f0-1d26b95f52b2,true,
0c69a21e-33aa-46a5-81e6-deb4499e5967,5342501d-f2df-4b54-bf35-5baced5204b0,true,
0c69a21e-33aa-46a5-81e6-deb4499e5967,afd377f2-57fc-49a2-bb9b-ae931822a315,true,
0c69a21e-33aa-46a5-81e6-deb4499e5967,355cb982-9808-4a75-8637-c99b37f88b60,true,
0c69a21e-33aa-46a5-81e6-deb4499e5967,d0d5833a-a10e-45ae-90a7-a490b1e514c9,true,
0c69a21e-33aa-46a5-81e6-deb4499e5967,af057626-bd3a-4019-881c-855af27861b5,false,[INV] input.organizations == return.organizationName :: expected 'galanto' to deeply equal 'Oi8'
0c69a21e-33aa-46a5-81e6-deb4499e5967,568f690f-45b8-402e-9114-a0d8aabb4f15,false,"[INV] input.organizations == return.organizationName :: expected 'galanto' to deeply equal 'galanto*,'"
0c69a21e-33aa-46a5-81e6-deb4499e5967,87a76bfd-7210-43e7-95df-fb3e3b051804,false,[INV] input.organizations == return.organizationName :: expected 'galanto' to deeply equal 'ejemplo minus'
0c69a21e-33aa-46a5-81e6-deb4499e5967,daee0224-c34a-41d4-84e7-e72822752e9d,true,
0c69a21e-33aa-46a5-81e6-deb4499e5967,69a25ae7-f7c6-4b3c-bf01-c35284721244,true,
0c69a21e-33aa-46a5-81e6-deb4499e5967,7da44821-9045-4e58-bb66-53714c8d80eb,true,
0c69a21e-33aa-46a5-81e6-deb4499e5967,5efd712e-a26f-49e2-9f01-697a8983dc9a,true,
0c69a21e-33aa-46a5-81e6-deb4499e5967,2335631d-0d33-4518-afcb-d53a46151359,true,
0c69a21e-33aa-46a5-81e6-deb4499e5967,00abc046-acb9-4c06-9050-d88e41d5db21,true,
0c69a21e-33aa-46a5-81e6-deb4499e5967,f6080355-60a8-4e4b-a771-fc49bdcd1f5d,true,
0c69a21e-33aa-46a5-81e6-deb4499e5967,b7a8b2f0-547e-4e9b-b282-26f05cf794be,true,
0c69a21e-33aa-46a5-81e6-deb4499e5967,7e1c54d1-92ef-4036-a59a-43d8c33bc7bb,true,
ab50914d-3c66-4039-b74f-af2ce7ec5a55,ae363cea-b9a5-43bc-8f44-1747cb749bd9,true,
ab50914d-3c66-4039-b74f-af2ce7ec5a55,59d4036f-6fcc-479a-bcce-8ad9f28b88e2,true,
ed6329a1-2fa3-4210-9c95-19ec9c47214a,92fecee2-6697-40e8-b1a4-085ebd67d0c1,true,
ed6329a1-2fa3-4210-9c95-19ec9c47214a,9cc53d99-bc48-4da8-b26e-ce01cfbc5cbf,true,
4277f0dd-8e8f-4af3-a64e-f130fb976e19,8f21849a-6c20-440d-b768-b96c1adae157,true,
4277f0dd-8e8f-4af3-a64e-f130fb976e19,51bb12aa-cc96-4534-b112-d9e9f5fc6c59,true,
19540b76-1a56-4daa-a1fb-1bc0ea6031f0,9b6af14b-61d6-4ba1-8068-2ed8d4fdb166,true,
19540b76-1a56-4daa-a1fb-1bc0ea6031f0,c5f09f26-cb67-4ab4-8938-3b9e5347ad10,true,
19540b76-1a56-4daa-a1fb-1bc0ea6031f0,f8b8cf67-094b-402c-9495-239f9d633e09,true,
19540b76-1a56-4daa-a1fb-1bc0ea6031f0,63ccd815-5206-473c-a17c-413c1d3268df,true,
19540b76-1a56-4daa-a1fb-1bc0ea6031f0,3a5eddb8-b6a3-4612-a17b-d758796d86a0,true,
19540b76-1a56-4daa-a1fb-1bc0ea6031f0,1fed5fb7-a973-4f76-aa92-43ffdad219b3,true,
19540b76-1a56-4daa-a1fb-1bc0ea6031f0,768ee373-3e20-4f73-b2f7-7ca69b10991a,true,
19540b76-1a56-4daa-a1fb-1bc0ea6031f0,32e53592-587f-4760-a98a-0d8de6c4a75a,true,
19540b76-1a56-4daa-a1fb-1bc0ea6031f0,c7d09ed3-da62-4f75-a0fb-f256c7838733,false,"[INV] input.organizations == return.organizationName :: expected 'galanto' to deeply equal '%,x>bg'"
19540b76-1a56-4daa-a1fb-1bc0ea6031f0,25edeadc-106d-43db-8c03-d0085c1abf74,false,[INV] input.organizations == return.organizationName :: expected 'galanto' to deeply equal 'galan´/to'
19540b76-1a56-4daa-a1fb-1bc0ea6031f0,c619476b-c829-4ebb-a252-15de08a084f2,false,[INV] input.organizations == return.organizationName :: expected 'galanto' to deeply equal 'C'
19540b76-1a56-4daa-a1fb-1bc0ea6031f0,6589f3ad-72ef-48ac-bc0d-4f8ee9a016c1,true,
19540b76-1a56-4daa-a1fb-1bc0ea6031f0,43e87d3e-1858-4153-a288-45fd39c07cf2,true,
19540b76-1a56-4daa-a1fb-1bc0ea6031f0,b6147570-a5fb-432f-8c70-092ea6c285c6,true,
19540b76-1a56-4daa-a1fb-1bc0ea6031f0,2847b024-f378-424f-9e31-1da762113d2c,true,
19540b76-1a56-4daa-a1fb-1bc0ea6031f0,557cda76-7fe3-47eb-8851-8e5d363b53db,true,
19540b76-1a56-4daa-a1fb-1bc0ea6031f0,13e71b46-f197-4bba-9542-22db0608ea74,true,
19540b76-1a56-4daa-a1fb-1bc0ea6031f0,2fa24dc5-fa21-41bf-8e05-5151aa53d01c,true,
19540b76-1a56-4daa-a1fb-1bc0ea6031f0,4b4dd017-9dcd-4291-b447-b41636674c5f,true,
19540b76-1a56-4daa-a1fb-1bc0ea6031f0,d1e99b22-b6dd-4c93-84f1-75886740319a,true,
f3d64d5c-2441-434d-b754-6f0ab76acc34,5a9f1196-84a2-4fca-8a0f-02cd560db675,true,
f3d64d5c-2441-434d-b754-6f0ab76acc34,0b4dbfef-0ed7-4e09-bde0-1d73df8f7c6e,true,
628ad4fa-2c89-4788-85bb-05b1d3fa9d9b,db625b96-2b6f-4c55-8665-a170014081d7,true,
628ad4fa-2c89-4788-85bb-05b1d3fa9d9b,3f2695c8-c42a-4b44-9e30-2aaa67f8404a,true,
25c0d299-7753-4793-9c2f-a7efc85117eb,c6d3519c-fe8a-467f-8431-b4dc257fc373,true,
25c0d299-7753-4793-9c2f-a7efc85117eb,54efe3fd-e8c8-4506-987d-9fa6299611bb,true,
38efe5e4-1738-44d4-9bc1-235b8b20724a,d6895720-ef4e-4cb3-9b9c-e25a8250b5d5,true,
38efe5e4-1738-44d4-9bc1-235b8b20724a,fbe2f9f3-ddad-47c5-82a6-7b2ae95f8c7d,true,
38efe5e4-1738-44d4-9bc1-235b8b20724a,abdb8e5c-9d52-48e7-a715-05f147209df1,true,
38efe5e4-1738-44d4-9bc1-235b8b20724a,8e40efd9-2148-46c5-9ba5-cf85964a1b5f,true,
38efe5e4-1738-44d4-9bc1-235b8b20724a,a407a564-6be8-413a-bc32-40ded1cd1255,true,
38efe5e4-1738-44d4-9bc1-235b8b20724a,e47b50a2-f51f-4c91-a1c8-c37265e5140a,true,
38efe5e4-1738-44d4-9bc1-235b8b20724a,85b5e85f-da6e-4615-aae6-7360d392f354,true,
38efe5e4-1738-44d4-9bc1-235b8b20724a,93a505f7-19ac-437e-b26d-2860b63c4d63,true,
38efe5e4-1738-44d4-9bc1-235b8b20724a,9fc9228e-e5e5-485a-938e-2b8651849624,false,[INV] input.organizations == return.organizationName :: expected 'galanto' to deeply equal 'VhXdWlr'
38efe5e4-1738-44d4-9bc1-235b8b20724a,501257ab-bb74-4eee-bd02-346f3ae2fa54,false,[INV] input.organizations == return.organizationName :: expected 'galanto' to deeply equal 'galan´/to'
38efe5e4-1738-44d4-9bc1-235b8b20724a,55c14a99-492a-4769-9477-e27efba4ac63,false,[INV] input.organizations == return.organizationName :: expected 'galanto' to deeply equal '1'
38efe5e4-1738-44d4-9bc1-235b8b20724a,5fa2129a-6544-41f0-8674-8a6b0cc7d931,true,
38efe5e4-1738-44d4-9bc1-235b8b20724a,76ed5b81-95ad-4af8-89f8-070e7e53a37c,true,
38efe5e4-1738-44d4-9bc1-235b8b20724a,749b8c03-608c-4972-8ca0-b0b6cafd9401,true,
38efe5e4-1738-44d4-9bc1-235b8b20724a,ddc35607-8d44-49a4-9c0a-6400c7996939,true,
38efe5e4-1738-44d4-9bc1-235b8b20724a,27c7b420-17d3-417c-a8b0-7b070ab1d26c,true,
38efe5e4-1738-44d4-9bc1-235b8b20724a,6f36114f-6ac1-4a15-8522-50aa9304fe81,true,
38efe5e4-1738-44d4-9bc1-235b8b20724a,ca33d3ce-018d-4aa2-b105-f34e5031b89e,true,
38efe5e4-1738-44d4-9bc1-235b8b20724a,3623c198-2a95-41aa-91c2-fc513ca8ba36,true,
38efe5e4-1738-44d4-9bc1-235b8b20724a,eb101045-91b4-4bc3-b9d4-a790358c80fe,true,
9e6bfab4-25e3-4081-b785-1e11f96869b4,1d413733-a469-4338-b2b3-739e09a83b05,true,
9e6bfab4-25e3-4081-b785-1e11f96869b4,fd71212f-82d9-44cb-aad9-9d4fe98caf7f,true,
6b143849-440e-41c1-a510-f2b916a52ae4,60f35dd7-efb5-488c-8619-b99a3087426c,true,
6b143849-440e-41c1-a510-f2b916a52ae4,7cf37df2-8445-4f4f-a70d-80f6d1082ae2,true,
926f0b81-582a-4b7e-8aef-dafe4106aaf2,0d0c0e5d-9b67-4413-adfc-5d93e0126167,true,
926f0b81-582a-4b7e-8aef-dafe4106aaf2,120f222f-067e-4dc0-a454-4822a8832f3c,true,
3b5f73b2-73ee-4c74-b121-0c5ab08a54ea,eab2849e-382d-454b-98ca-084988ac13df,true,
3b5f73b2-73ee-4c74-b121-0c5ab08a54ea,9522b48e-68c2-4b6c-b839-323539eda2c5,true,
6d10a67f-1d5f-4f68-9830-31c60a7518a1,501c08df-9b95-4ba3-bf4c-375c621abd30,true,
6d10a67f-1d5f-4f68-9830-31c60a7518a1,c69f0d59-98fe-47c8-bcc7-a5afebefc712,true,
6d10a67f-1d5f-4f68-9830-31c60a7518a1,b124a04c-ef17-4fcd-b78e-eccc3a3f21a3,true,
6d10a67f-1d5f-4f68-9830-31c60a7518a1,2cd28383-1296-43e3-a72a-7f2fd960898d,true,
6d10a67f-1d5f-4f68-9830-31c60a7518a1,863f4ab9-2d79-4e40-872d-cf3df09b0870,true,
6d10a67f-1d5f-4f68-9830-31c60a7518a1,411957de-0dc0-461e-a136-00c22a0be306,true,
6d10a67f-1d5f-4f68-9830-31c60a7518a1,419cd432-3768-4116-83fa-51dc1cfdb63b,true,
6d10a67f-1d5f-4f68-9830-31c60a7518a1,74dd9161-83f1-4890-99ff-57bbfedf058a,true,
6d10a67f-1d5f-4f68-9830-31c60a7518a1,4875e55b-ebfe-416f-92f1-fc4368cadabc,false,[INV] input.organizations == return.organizationName :: expected 'galanto' to deeply equal '('
6d10a67f-1d5f-4f68-9830-31c60a7518a1,71780183-923e-474e-b719-1ac64838aadf,false,[INV] input.organizations == return.organizationName :: expected 'galanto' to deeply equal 'galan´/to'
6d10a67f-1d5f-4f68-9830-31c60a7518a1,a67b3b78-c21d-4f58-b825-d90981c5bbd1,false,[INV] input.organizations == return.organizationName :: expected 'galanto' to deeply equal 'L'
6d10a67f-1d5f-4f68-9830-31c60a7518a1,33ef9846-7000-41b4-9ce0-b12340641e17,true,
6d10a67f-1d5f-4f68-9830-31c60a7518a1,459c5a36-520c-4f6d-99e4-f7b6bc8d09f0,true,
6d10a67f-1d5f-4f68-9830-31c60a7518a1,6f505047-920f-4de3-b435-6adafcc57a98,true,
6d10a67f-1d5f-4f68-9830-31c60a7518a1,c64ff3c8-3c9c-4e26-8484-a536c0c42712,true,
6d10a67f-1d5f-4f68-9830-31c60a7518a1,84c14745-9d28-4ee2-8fd9-b819b45b3cc5,true,
6d10a67f-1d5f-4f68-9830-31c60a7518a1,f3e9a956-d73f-4e8b-a907-ea6378e2f49d,true,
6d10a67f-1d5f-4f68-9830-31c60a7518a1,7599d0b7-8c0b-47b8-910d-461ea21b6203,true,
6d10a67f-1d5f-4f68-9830-31c60a7518a1,4c60cfbd-7457-48dd-8450-bce11baca8cb,true,
6d10a67f-1d5f-4f68-9830-31c60a7518a1,67992c6f-5629-4371-a9aa-79d519a7b0d4,true,
11c7d3b0-c3a0-49bd-9fa8-0753f9734381,ee372984-42ff-43bc-a529-4db496eaf73e,true,
11c7d3b0-c3a0-49bd-9fa8-0753f9734381,fbc79672-5037-4786-ac25-ce6172afde09,true,
6dfa2a0d-964f-44df-8a4a-22b33c9f291d,9d7be6cb-c6c8-4086-81d6-aeb9ff43ed48,true,
6dfa2a0d-964f-44df-8a4a-22b33c9f291d,7b7db8a3-3b0f-4eeb-8ce6-08af1cbe8f87,true,
d9c65c72-33d3-4062-9244-33c67141dd0a,c31e31c4-77a0-412f-80be-dc134d3f17c4,true,
d9c65c72-33d3-4062-9244-33c67141dd0a,ff6488d2-26b2-449c-8336-fc596effde4c,true,
d9c65c72-33d3-4062-9244-33c67141dd0a,47d4fcd3-9772-4499-9ae1-b64688dc5d8c,true,
d9c65c72-33d3-4062-9244-33c67141dd0a,982dc72c-7da2-4c5f-a7df-fe9b61cfe3d1,true,
d9c65c72-33d3-4062-9244-33c67141dd0a,9bdc0119-74fa-44a0-8a1b-3767b45b3f1b,true,
d9c65c72-33d3-4062-9244-33c67141dd0a,ace25d9f-1a22-443e-b86b-4d56bfda0d49,true,
d9c65c72-33d3-4062-9244-33c67141dd0a,c8704a56-1f41-4c71-8779-ef62918a246f,true,
d9c65c72-33d3-4062-9244-33c67141dd0a,a98af059-17d8-49eb-b876-1ed59c05e3ed,true,
d9c65c72-33d3-4062-9244-33c67141dd0a,ac9ba03a-7983-4726-b631-64a490e02879,false,[INV] input.organizations == return.organizationName :: expected 'galanto' to deeply equal '<y}JT'
d9c65c72-33d3-4062-9244-33c67141dd0a,d105a2a5-f4e0-44cc-8191-3452dc9974db,false,[INV] input.organizations == return.organizationName :: expected 'galanto' to deeply equal 'galan´/to'
d9c65c72-33d3-4062-9244-33c67141dd0a,6c3e1b5a-6344-47c3-950c-2303fdfe3577,false,[INV] input.organizations == return.organizationName :: expected 'galanto' to deeply equal '5'
d9c65c72-33d3-4062-9244-33c67141dd0a,aa9ecc69-b98e-4ae0-a0dc-08acd2c87bf4,true,
d9c65c72-33d3-4062-9244-33c67141dd0a,042865f9-aa2d-47ac-8b96-313122538c8c,true,
d9c65c72-33d3-4062-9244-33c67141dd0a,ebee38ad-8519-412f-9ff5-e24355ddaf72,true,
d9c65c72-33d3-4062-9244-33c67141dd0a,5de8d49b-adb5-462c-adfd-5e2cbacf1d73,true,
d9c65c72-33d3-4062-9244-33c67141dd0a,90147d47-0276-4f93-836a-276d8072b79a,true,
d9c65c72-33d3-4062-9244-33c67141dd0a,bcb02f0d-5039-484c-8b32-d1ea42884091,true,
d9c65c72-33d3-4062-9244-33c67141dd0a,104b4c4c-17c9-4923-b5f2-9ddf0988fbc0,true,
d9c65c72-33d3-4062-9244-33c67141dd0a,1331de30-3a95-4abf-a773-76fc6b5283dd,true,
d9c65c72-33d3-4062-9244-33c67141dd0a,84a0bc92-87f8-48dc-853c-f8ce802484d7,true,
225a82c9-99ac-43e7-b770-21d975c58c7e,366a0cd1-73d9-4d4e-bdbe-10fe2ea6bf11,true,
225a82c9-99ac-43e7-b770-21d975c58c7e,752cd95c-65d0-4d83-9854-3fe8fa815698,true,

Summary,Total=3551,Passed=1007,KillRate=71.6%,TimeCost=28.54 s
