OriginalTestCaseId,TestCaseId,Success,FailureMessage
c1c67714-0ee3-4b8a-a072-17684f0ceba9,859807de-6176-4409-b560-754e6333e8a7,false,"[Regression] Status code mismatch for matchId=c1c67714-0ee3-4b8a-a072-17684f0ceba9
   Expected: 201
   Actual:   204"
c1c67714-0ee3-4b8a-a072-17684f0ceba9,f561080a-fbe6-456c-a6de-8072917a036e,false,"[Regression] Status code mismatch for matchId=c1c67714-0ee3-4b8a-a072-17684f0ceba9
   Expected: 201
   Actual:   409"
c1c67714-0ee3-4b8a-a072-17684f0ceba9,fd85a809-3740-47f4-9e98-f92d1f5d5dbe,false,"[Regression] Status code mismatch for matchId=c1c67714-0ee3-4b8a-a072-17684f0ceba9
   Expected: 201
   Actual:   504"
c1c67714-0ee3-4b8a-a072-17684f0ceba9,23102c5a-541f-43ef-a5c8-e68586648133,false,"[Regression] Header size mismatch for matchId=c1c67714-0ee3-4b8a-a072-17684f0ceba9
   Expected: {expires=0, transfer-encoding=chunked, x-content-type-options=nosniff, x-xss-protection=1; mode=block, content-type=application/hal+json, cache-control=no-cache, no-store, max-age=0, must-revalidate, pragma=no-cache}
   Actual:   {mode=block, expires=0, transfer-encoding=chunked, x-content-type-options=nosniff, x-xss-protection=1, content-type=text/css, cache-control=no-cache, no-store, max-age=0, must-revalidate, pragma=no-cache}"
c1c67714-0ee3-4b8a-a072-17684f0ceba9,843c5294-6614-4681-82f2-2935203bfcd5,false,"[Regression] Header value (x-xss-protection) mismatch for matchId=c1c67714-0ee3-4b8a-a072-17684f0ceba9
   Expected: 1; mode=block
   Actual:   1"
c1c67714-0ee3-4b8a-a072-17684f0ceba9,f36b3e26-7d8d-475e-ba5e-0cc27cdb5c00,false,"[Regression] Header size mismatch for matchId=c1c67714-0ee3-4b8a-a072-17684f0ceba9
   Expected: {expires=0, transfer-encoding=chunked, x-content-type-options=nosniff, x-xss-protection=1; mode=block, content-type=application/hal+json, cache-control=no-cache, no-store, max-age=0, must-revalidate, pragma=no-cache}
   Actual:   {mode=block, expires=0, transfer-encoding=chunked, x-content-type-options=nosniff, x-xss-protection=1, content-type=application/hal+json; charset=UTF-16, cache-control=no-cache, no-store, max-age=0, must-revalidate, pragma=no-cache}"
c1c67714-0ee3-4b8a-a072-17684f0ceba9,95c07482-5cff-48d7-9138-2e773e19937f,false,"[Regression] Header size mismatch for matchId=c1c67714-0ee3-4b8a-a072-17684f0ceba9
   Expected: {expires=0, transfer-encoding=chunked, x-content-type-options=nosniff, x-xss-protection=1; mode=block, content-type=application/hal+json, cache-control=no-cache, no-store, max-age=0, must-revalidate, pragma=no-cache}
   Actual:   {mode=block, expires=0, transfer-encoding=chunked, x-content-type-options=nosniff, x-xss-protection=1, content-type=application/hal+json, cache-control=no-cache, no-store, max-age=0, must-revalidate, pragma=no-cache}"
c1c67714-0ee3-4b8a-a072-17684f0ceba9,9a0f4aa9-e08b-49b8-86fa-23fec518d47a,false,"[Regression] Header size mismatch for matchId=c1c67714-0ee3-4b8a-a072-17684f0ceba9
   Expected: {expires=0, transfer-encoding=chunked, x-content-type-options=nosniff, x-xss-protection=1; mode=block, content-type=application/hal+json, cache-control=no-cache, no-store, max-age=0, must-revalidate, pragma=no-cache}
   Actual:   {mode=block, expires=0, transfer-encoding=chunked, x-content-type-options=nosniff, x-xss-protection=1, content-type=application/hal+json, cache-control=no-cache, no-store, max-age=0, must-revalidate, pragma=no-cache}"
c1c67714-0ee3-4b8a-a072-17684f0ceba9,86467074-be13-408c-9d6c-fc5d31b73445,false,"[Regression] Header size mismatch for matchId=c1c67714-0ee3-4b8a-a072-17684f0ceba9
   Expected: {expires=0, transfer-encoding=chunked, x-content-type-options=nosniff, x-xss-protection=1; mode=block, content-type=application/hal+json, cache-control=no-cache, no-store, max-age=0, must-revalidate, pragma=no-cache}
   Actual:   {mode=block, expires=0, transfer-encoding=chunked, x-content-type-options=nosniff, x-xss-protection=1, content-type=application/hal+json, cache-control=no-cache, no-store, max-age=0, must-revalidate, pragma=no-cache}"
c1c67714-0ee3-4b8a-a072-17684f0ceba9,9359f09b-800a-4cb0-b7b1-9eca5aff5776,false,"[Regression] Header size mismatch for matchId=c1c67714-0ee3-4b8a-a072-17684f0ceba9
   Expected: {expires=0, transfer-encoding=chunked, x-content-type-options=nosniff, x-xss-protection=1; mode=block, content-type=application/hal+json, cache-control=no-cache, no-store, max-age=0, must-revalidate, pragma=no-cache}
   Actual:   {mode=block, expires=0, transfer-encoding=chunked, x-content-type-options=nosniff, x-xss-protection=1, content-type=application/hal+json, cache-control=no-cache, no-store, max-age=0, must-revalidate, pragma=no-cache}"
c1c67714-0ee3-4b8a-a072-17684f0ceba9,707849b8-9b69-4edc-90df-c8b5f331afd5,false,"[Regression] Header size mismatch for matchId=c1c67714-0ee3-4b8a-a072-17684f0ceba9
   Expected: {expires=0, transfer-encoding=chunked, x-content-type-options=nosniff, x-xss-protection=1; mode=block, content-type=application/hal+json, cache-control=no-cache, no-store, max-age=0, must-revalidate, pragma=no-cache}
   Actual:   {mode=block, expires=0, transfer-encoding=chunked, x-content-type-options=nosniff, x-xss-protection=1, content-type=application/hal+json, cache-control=no-cache, no-store, max-age=0, must-revalidate, pragma=no-cache}"
c1c67714-0ee3-4b8a-a072-17684f0ceba9,62878ccb-c305-4b08-9e07-7da1697945e9,false,"[Regression] Header size mismatch for matchId=c1c67714-0ee3-4b8a-a072-17684f0ceba9
   Expected: {expires=0, transfer-encoding=chunked, x-content-type-options=nosniff, x-xss-protection=1; mode=block, content-type=application/hal+json, cache-control=no-cache, no-store, max-age=0, must-revalidate, pragma=no-cache}
   Actual:   {mode=block, expires=0, transfer-encoding=chunked, x-content-type-options=nosniff, x-xss-protection=1, content-type=application/hal+json, cache-control=no-cache, no-store, max-age=0, must-revalidate, pragma=no-cache}"
c1c67714-0ee3-4b8a-a072-17684f0ceba9,4b497058-977b-4045-abc1-3cd3af33486e,false,"[Regression] Header size mismatch for matchId=c1c67714-0ee3-4b8a-a072-17684f0ceba9
   Expected: {expires=0, transfer-encoding=chunked, x-content-type-options=nosniff, x-xss-protection=1; mode=block, content-type=application/hal+json, cache-control=no-cache, no-store, max-age=0, must-revalidate, pragma=no-cache}
   Actual:   {mode=block, expires=0, transfer-encoding=chunked, x-content-type-options=nosniff, x-xss-protection=1, content-type=application/hal+json, cache-control=no-cache, no-store, max-age=0, must-revalidate, pragma=no-cache}"
c1c67714-0ee3-4b8a-a072-17684f0ceba9,d03d2cd4-92a8-43f9-8362-f3f653745775,false,"[Regression] Header size mismatch for matchId=c1c67714-0ee3-4b8a-a072-17684f0ceba9
   Expected: {expires=0, transfer-encoding=chunked, x-content-type-options=nosniff, x-xss-protection=1; mode=block, content-type=application/hal+json, cache-control=no-cache, no-store, max-age=0, must-revalidate, pragma=no-cache}
   Actual:   {mode=block, expires=0, transfer-encoding=chunked, x-content-type-options=nosniff, x-xss-protection=1, content-type=application/hal+json, cache-control=no-cache, no-store, max-age=0, must-revalidate, pragma=no-cache}"
c1c67714-0ee3-4b8a-a072-17684f0ceba9,9febf6a5-549d-441f-84e0-6134e4dca570,false,"[Regression] Header size mismatch for matchId=c1c67714-0ee3-4b8a-a072-17684f0ceba9
   Expected: {expires=0, transfer-encoding=chunked, x-content-type-options=nosniff, x-xss-protection=1; mode=block, content-type=application/hal+json, cache-control=no-cache, no-store, max-age=0, must-revalidate, pragma=no-cache}
   Actual:   {mode=block, expires=0, transfer-encoding=chunked, x-content-type-options=nosniff, x-xss-protection=1, content-type=application/hal+json, cache-control=no-cache, no-store, max-age=0, must-revalidate, pragma=no-cache}"
c1c67714-0ee3-4b8a-a072-17684f0ceba9,7fe3b044-e06a-49c6-8ae0-0289ba58622a,false,"[Regression] Header size mismatch for matchId=c1c67714-0ee3-4b8a-a072-17684f0ceba9
   Expected: {expires=0, transfer-encoding=chunked, x-content-type-options=nosniff, x-xss-protection=1; mode=block, content-type=application/hal+json, cache-control=no-cache, no-store, max-age=0, must-revalidate, pragma=no-cache}
   Actual:   {mode=block, expires=0, transfer-encoding=chunked, x-content-type-options=nosniff, x-xss-protection=1, content-type=application/hal+json, cache-control=no-cache, no-store, max-age=0, must-revalidate, pragma=no-cache}"
c1c67714-0ee3-4b8a-a072-17684f0ceba9,8ab94dcc-711a-456b-abe2-cda88a57f627,false,"[Regression] Header size mismatch for matchId=c1c67714-0ee3-4b8a-a072-17684f0ceba9
   Expected: {expires=0, transfer-encoding=chunked, x-content-type-options=nosniff, x-xss-protection=1; mode=block, content-type=application/hal+json, cache-control=no-cache, no-store, max-age=0, must-revalidate, pragma=no-cache}
   Actual:   {mode=block, expires=0, transfer-encoding=chunked, x-content-type-options=nosniff, x-xss-protection=1, content-type=application/hal+json, cache-control=no-cache, no-store, max-age=0, must-revalidate, pragma=no-cache}"
c1c67714-0ee3-4b8a-a072-17684f0ceba9,8610dee5-6b29-4fea-945c-877e16818a71,false,"[Regression] Header size mismatch for matchId=c1c67714-0ee3-4b8a-a072-17684f0ceba9
   Expected: {expires=0, transfer-encoding=chunked, x-content-type-options=nosniff, x-xss-protection=1; mode=block, content-type=application/hal+json, cache-control=no-cache, no-store, max-age=0, must-revalidate, pragma=no-cache}
   Actual:   {mode=block, expires=0, transfer-encoding=chunked, x-content-type-options=nosniff, x-xss-protection=1, content-type=application/hal+json, cache-control=no-cache, no-store, max-age=0, must-revalidate, pragma=no-cache}"
c1c67714-0ee3-4b8a-a072-17684f0ceba9,b3057169-669b-4c65-81fb-66d38942a199,false,"[Regression] Header size mismatch for matchId=c1c67714-0ee3-4b8a-a072-17684f0ceba9
   Expected: {expires=0, transfer-encoding=chunked, x-content-type-options=nosniff, x-xss-protection=1; mode=block, content-type=application/hal+json, cache-control=no-cache, no-store, max-age=0, must-revalidate, pragma=no-cache}
   Actual:   {mode=block, expires=0, transfer-encoding=chunked, x-content-type-options=nosniff, x-xss-protection=1, content-type=application/hal+json, cache-control=no-cache, no-store, max-age=0, must-revalidate, pragma=no-cache}"
c1c67714-0ee3-4b8a-a072-17684f0ceba9,5dc0d0a3-5a4f-41e0-a79f-90f6c2247009,false,"[Regression] Header size mismatch for matchId=c1c67714-0ee3-4b8a-a072-17684f0ceba9
   Expected: {expires=0, transfer-encoding=chunked, x-content-type-options=nosniff, x-xss-protection=1; mode=block, content-type=application/hal+json, cache-control=no-cache, no-store, max-age=0, must-revalidate, pragma=no-cache}
   Actual:   {mode=block, expires=0, transfer-encoding=chunked, x-content-type-options=nosniff, x-xss-protection=1, content-type=application/hal+json, cache-control=no-cache, no-store, max-age=0, must-revalidate, pragma=no-cache}"
c1c67714-0ee3-4b8a-a072-17684f0ceba9,dbb73a35-6bd4-4a72-9045-9122a9881fca,false,"[Regression] Header size mismatch for matchId=c1c67714-0ee3-4b8a-a072-17684f0ceba9
   Expected: {expires=0, transfer-encoding=chunked, x-content-type-options=nosniff, x-xss-protection=1; mode=block, content-type=application/hal+json, cache-control=no-cache, no-store, max-age=0, must-revalidate, pragma=no-cache}
   Actual:   {mode=block, expires=0, transfer-encoding=chunked, x-content-type-options=nosniff, x-xss-protection=1, content-type=application/hal+json, cache-control=no-cache, no-store, max-age=0, must-revalidate, pragma=no-cache}"
c1c67714-0ee3-4b8a-a072-17684f0ceba9,4cfcfa17-4073-451b-8237-4178cf3505bb,false,"[Regression] Header size mismatch for matchId=c1c67714-0ee3-4b8a-a072-17684f0ceba9
   Expected: {expires=0, transfer-encoding=chunked, x-content-type-options=nosniff, x-xss-protection=1; mode=block, content-type=application/hal+json, cache-control=no-cache, no-store, max-age=0, must-revalidate, pragma=no-cache}
   Actual:   {mode=block, expires=0, transfer-encoding=chunked, x-content-type-options=nosniff, x-xss-protection=1, content-type=application/hal+json, cache-control=no-cache, no-store, max-age=0, must-revalidate, pragma=no-cache}"
c1c67714-0ee3-4b8a-a072-17684f0ceba9,483e0ca7-2ca9-40e3-aa3e-b78037407250,false,"[Regression] Header size mismatch for matchId=c1c67714-0ee3-4b8a-a072-17684f0ceba9
   Expected: {expires=0, transfer-encoding=chunked, x-content-type-options=nosniff, x-xss-protection=1; mode=block, content-type=application/hal+json, cache-control=no-cache, no-store, max-age=0, must-revalidate, pragma=no-cache}
   Actual:   {mode=block, expires=0, transfer-encoding=chunked, x-content-type-options=nosniff, x-xss-protection=1, content-type=application/hal+json, cache-control=no-cache, no-store, max-age=0, must-revalidate, pragma=no-cache}"
c1c67714-0ee3-4b8a-a072-17684f0ceba9,e28cbf6b-972c-4997-97fd-01c80e92329c,false,"[Regression] Header size mismatch for matchId=c1c67714-0ee3-4b8a-a072-17684f0ceba9
   Expected: {expires=0, transfer-encoding=chunked, x-content-type-options=nosniff, x-xss-protection=1; mode=block, content-type=application/hal+json, cache-control=no-cache, no-store, max-age=0, must-revalidate, pragma=no-cache}
   Actual:   {mode=block, expires=0, transfer-encoding=chunked, x-content-type-options=nosniff, x-xss-protection=1, content-type=application/hal+json, cache-control=no-cache, no-store, max-age=0, must-revalidate, pragma=no-cache}"
c1c67714-0ee3-4b8a-a072-17684f0ceba9,2d914576-6725-4222-9b21-f88b67600f34,false,"[Regression] Header size mismatch for matchId=c1c67714-0ee3-4b8a-a072-17684f0ceba9
   Expected: {expires=0, transfer-encoding=chunked, x-content-type-options=nosniff, x-xss-protection=1; mode=block, content-type=application/hal+json, cache-control=no-cache, no-store, max-age=0, must-revalidate, pragma=no-cache}
   Actual:   {mode=block, expires=0, transfer-encoding=chunked, x-content-type-options=nosniff, x-xss-protection=1, content-type=application/hal+json, cache-control=no-cache, no-store, max-age=0, must-revalidate, pragma=no-cache}"
c1c67714-0ee3-4b8a-a072-17684f0ceba9,0f0254e0-353c-4c5c-9902-e9336f5b1293,false,"[Regression] Header size mismatch for matchId=c1c67714-0ee3-4b8a-a072-17684f0ceba9
   Expected: {expires=0, transfer-encoding=chunked, x-content-type-options=nosniff, x-xss-protection=1; mode=block, content-type=application/hal+json, cache-control=no-cache, no-store, max-age=0, must-revalidate, pragma=no-cache}
   Actual:   {mode=block, expires=0, transfer-encoding=chunked, x-content-type-options=nosniff, x-xss-protection=1, content-type=application/hal+json, cache-control=no-cache, no-store, max-age=0, must-revalidate, pragma=no-cache}"
c1c67714-0ee3-4b8a-a072-17684f0ceba9,33776b23-bc2d-4d38-855a-77725d516e6c,false,"[Regression] Header size mismatch for matchId=c1c67714-0ee3-4b8a-a072-17684f0ceba9
   Expected: {expires=0, transfer-encoding=chunked, x-content-type-options=nosniff, x-xss-protection=1; mode=block, content-type=application/hal+json, cache-control=no-cache, no-store, max-age=0, must-revalidate, pragma=no-cache}
   Actual:   {mode=block, expires=0, transfer-encoding=chunked, x-content-type-options=nosniff, x-xss-protection=1, content-type=application/hal+json, cache-control=no-cache, no-store, max-age=0, must-revalidate, pragma=no-cache}"
c1c67714-0ee3-4b8a-a072-17684f0ceba9,1f0f7b7b-1f45-462f-a098-45d78cdcaab8,false,"[Regression] Header size mismatch for matchId=c1c67714-0ee3-4b8a-a072-17684f0ceba9
   Expected: {expires=0, transfer-encoding=chunked, x-content-type-options=nosniff, x-xss-protection=1; mode=block, content-type=application/hal+json, cache-control=no-cache, no-store, max-age=0, must-revalidate, pragma=no-cache}
   Actual:   {mode=block, expires=0, transfer-encoding=chunked, x-content-type-options=nosniff, x-xss-protection=1, content-type=application/hal+json, cache-control=no-cache, no-store, max-age=0, must-revalidate, pragma=no-cache}"
c1c67714-0ee3-4b8a-a072-17684f0ceba9,285e6ce7-a0e8-468c-8f57-fc437857069a,false,"[Regression] Header size mismatch for matchId=c1c67714-0ee3-4b8a-a072-17684f0ceba9
   Expected: {expires=0, transfer-encoding=chunked, x-content-type-options=nosniff, x-xss-protection=1; mode=block, content-type=application/hal+json, cache-control=no-cache, no-store, max-age=0, must-revalidate, pragma=no-cache}
   Actual:   {mode=block, expires=0, transfer-encoding=chunked, x-content-type-options=nosniff, x-xss-protection=1, content-type=application/hal+json, cache-control=no-cache, no-store, max-age=0, must-revalidate, pragma=no-cache}"
c1c67714-0ee3-4b8a-a072-17684f0ceba9,7c63aff3-0fa4-46ec-960a-c7610fcdc009,false,"[Regression] Header size mismatch for matchId=c1c67714-0ee3-4b8a-a072-17684f0ceba9
   Expected: {expires=0, transfer-encoding=chunked, x-content-type-options=nosniff, x-xss-protection=1; mode=block, content-type=application/hal+json, cache-control=no-cache, no-store, max-age=0, must-revalidate, pragma=no-cache}
   Actual:   {mode=block, expires=0, transfer-encoding=chunked, x-content-type-options=nosniff, x-xss-protection=1, content-type=application/hal+json, cache-control=no-cache, no-store, max-age=0, must-revalidate, pragma=no-cache}"
c1c67714-0ee3-4b8a-a072-17684f0ceba9,8f764e23-a1ef-4f8e-8dd7-0256a52bcc57,false,"[Regression] Header size mismatch for matchId=c1c67714-0ee3-4b8a-a072-17684f0ceba9
   Expected: {expires=0, transfer-encoding=chunked, x-content-type-options=nosniff, x-xss-protection=1; mode=block, content-type=application/hal+json, cache-control=no-cache, no-store, max-age=0, must-revalidate, pragma=no-cache}
   Actual:   {mode=block, expires=0, transfer-encoding=chunked, x-content-type-options=nosniff, x-xss-protection=1, content-type=application/hal+json, cache-control=no-cache, no-store, max-age=0, must-revalidate, pragma=no-cache}"
c1c67714-0ee3-4b8a-a072-17684f0ceba9,b4eb73b9-96a5-45d5-a765-a7853effde8d,false,"[Regression] Header size mismatch for matchId=c1c67714-0ee3-4b8a-a072-17684f0ceba9
   Expected: {expires=0, transfer-encoding=chunked, x-content-type-options=nosniff, x-xss-protection=1; mode=block, content-type=application/hal+json, cache-control=no-cache, no-store, max-age=0, must-revalidate, pragma=no-cache}
   Actual:   {mode=block, expires=0, transfer-encoding=chunked, x-content-type-options=nosniff, x-xss-protection=1, content-type=application/hal+json, cache-control=no-cache, no-store, max-age=0, must-revalidate, pragma=no-cache}"
c1c67714-0ee3-4b8a-a072-17684f0ceba9,fb65fc0a-6f42-4fc5-89af-02b3b3eb91d3,false,"[Regression] Header size mismatch for matchId=c1c67714-0ee3-4b8a-a072-17684f0ceba9
   Expected: {expires=0, transfer-encoding=chunked, x-content-type-options=nosniff, x-xss-protection=1; mode=block, content-type=application/hal+json, cache-control=no-cache, no-store, max-age=0, must-revalidate, pragma=no-cache}
   Actual:   {mode=block, expires=0, transfer-encoding=chunked, x-content-type-options=nosniff, x-xss-protection=1, content-type=application/hal+json, cache-control=no-cache, no-store, max-age=0, must-revalidate, pragma=no-cache}"
c1c67714-0ee3-4b8a-a072-17684f0ceba9,123a4850-11ad-4e22-a7ae-23b7af4109b1,false,"[Regression] Header size mismatch for matchId=c1c67714-0ee3-4b8a-a072-17684f0ceba9
   Expected: {expires=0, transfer-encoding=chunked, x-content-type-options=nosniff, x-xss-protection=1; mode=block, content-type=application/hal+json, cache-control=no-cache, no-store, max-age=0, must-revalidate, pragma=no-cache}
   Actual:   {mode=block, expires=0, transfer-encoding=chunked, x-content-type-options=nosniff, x-xss-protection=1, content-type=application/hal+json, cache-control=no-cache, no-store, max-age=0, must-revalidate, pragma=no-cache}"
c1c67714-0ee3-4b8a-a072-17684f0ceba9,8f8dffca-b764-430b-a4ef-d6d453b5de28,false,"[Regression] Header size mismatch for matchId=c1c67714-0ee3-4b8a-a072-17684f0ceba9
   Expected: {expires=0, transfer-encoding=chunked, x-content-type-options=nosniff, x-xss-protection=1; mode=block, content-type=application/hal+json, cache-control=no-cache, no-store, max-age=0, must-revalidate, pragma=no-cache}
   Actual:   {mode=block, expires=0, transfer-encoding=chunked, x-content-type-options=nosniff, x-xss-protection=1, content-type=application/hal+json, cache-control=no-cache, no-store, max-age=0, must-revalidate, pragma=no-cache}"
c1c67714-0ee3-4b8a-a072-17684f0ceba9,47e567da-e68e-48d1-ab6c-81187edd0b91,false,"[Regression] Header size mismatch for matchId=c1c67714-0ee3-4b8a-a072-17684f0ceba9
   Expected: {expires=0, transfer-encoding=chunked, x-content-type-options=nosniff, x-xss-protection=1; mode=block, content-type=application/hal+json, cache-control=no-cache, no-store, max-age=0, must-revalidate, pragma=no-cache}
   Actual:   {mode=block, expires=0, transfer-encoding=chunked, x-content-type-options=nosniff, x-xss-protection=1, content-type=application/hal+json, cache-control=no-cache, no-store, max-age=0, must-revalidate, pragma=no-cache}"
c1c67714-0ee3-4b8a-a072-17684f0ceba9,2f845592-2a93-46a1-a629-d8b5c5d5a900,false,"[Regression] Header size mismatch for matchId=c1c67714-0ee3-4b8a-a072-17684f0ceba9
   Expected: {expires=0, transfer-encoding=chunked, x-content-type-options=nosniff, x-xss-protection=1; mode=block, content-type=application/hal+json, cache-control=no-cache, no-store, max-age=0, must-revalidate, pragma=no-cache}
   Actual:   {mode=block, expires=0, transfer-encoding=chunked, x-content-type-options=nosniff, x-xss-protection=1, content-type=application/hal+json, cache-control=no-cache, no-store, max-age=0, must-revalidate, pragma=no-cache}"
c1c67714-0ee3-4b8a-a072-17684f0ceba9,714cad3d-df32-46e3-9d85-7c1bb7a85217,false,"[Regression] Header size mismatch for matchId=c1c67714-0ee3-4b8a-a072-17684f0ceba9
   Expected: {expires=0, transfer-encoding=chunked, x-content-type-options=nosniff, x-xss-protection=1; mode=block, content-type=application/hal+json, cache-control=no-cache, no-store, max-age=0, must-revalidate, pragma=no-cache}
   Actual:   {mode=block, expires=0, transfer-encoding=chunked, x-content-type-options=nosniff, x-xss-protection=1, content-type=application/hal+json, cache-control=no-cache, no-store, max-age=0, must-revalidate, pragma=no-cache}"
c1c67714-0ee3-4b8a-a072-17684f0ceba9,7fa19a00-d13b-4fb5-a2fb-c0d0242873e7,false,"[Regression] Header size mismatch for matchId=c1c67714-0ee3-4b8a-a072-17684f0ceba9
   Expected: {expires=0, transfer-encoding=chunked, x-content-type-options=nosniff, x-xss-protection=1; mode=block, content-type=application/hal+json, cache-control=no-cache, no-store, max-age=0, must-revalidate, pragma=no-cache}
   Actual:   {mode=block, expires=0, transfer-encoding=chunked, x-content-type-options=nosniff, x-xss-protection=1, content-type=application/hal+json, cache-control=no-cache, no-store, max-age=0, must-revalidate, pragma=no-cache}"
c1c67714-0ee3-4b8a-a072-17684f0ceba9,91323f16-48dc-4df0-92aa-f38f44c98e6d,false,"[Regression] Header size mismatch for matchId=c1c67714-0ee3-4b8a-a072-17684f0ceba9
   Expected: {expires=0, transfer-encoding=chunked, x-content-type-options=nosniff, x-xss-protection=1; mode=block, content-type=application/hal+json, cache-control=no-cache, no-store, max-age=0, must-revalidate, pragma=no-cache}
   Actual:   {mode=block, expires=0, transfer-encoding=chunked, x-content-type-options=nosniff, x-xss-protection=1, content-type=application/hal+json, cache-control=no-cache, no-store, max-age=0, must-revalidate, pragma=no-cache}"
c1c67714-0ee3-4b8a-a072-17684f0ceba9,246297f7-f150-4512-ac6b-13712c3e411e,false,"[Regression] Header size mismatch for matchId=c1c67714-0ee3-4b8a-a072-17684f0ceba9
   Expected: {expires=0, transfer-encoding=chunked, x-content-type-options=nosniff, x-xss-protection=1; mode=block, content-type=application/hal+json, cache-control=no-cache, no-store, max-age=0, must-revalidate, pragma=no-cache}
   Actual:   {mode=block, expires=0, transfer-encoding=chunked, x-content-type-options=nosniff, x-xss-protection=1, content-type=application/hal+json, cache-control=no-cache, no-store, max-age=0, must-revalidate, pragma=no-cache}"
c1c67714-0ee3-4b8a-a072-17684f0ceba9,149f3856-5450-4e4d-b4e2-ad550abe5e86,false,"[Regression] Header size mismatch for matchId=c1c67714-0ee3-4b8a-a072-17684f0ceba9
   Expected: {expires=0, transfer-encoding=chunked, x-content-type-options=nosniff, x-xss-protection=1; mode=block, content-type=application/hal+json, cache-control=no-cache, no-store, max-age=0, must-revalidate, pragma=no-cache}
   Actual:   {mode=block, expires=0, transfer-encoding=chunked, x-content-type-options=nosniff, x-xss-protection=1, content-type=application/hal+json, cache-control=no-cache, no-store, max-age=0, must-revalidate, pragma=no-cache}"
c1c67714-0ee3-4b8a-a072-17684f0ceba9,462ab7a4-f920-46ad-9414-646023e2f7f1,false,"[Regression] Header size mismatch for matchId=c1c67714-0ee3-4b8a-a072-17684f0ceba9
   Expected: {expires=0, transfer-encoding=chunked, x-content-type-options=nosniff, x-xss-protection=1; mode=block, content-type=application/hal+json, cache-control=no-cache, no-store, max-age=0, must-revalidate, pragma=no-cache}
   Actual:   {mode=block, expires=0, transfer-encoding=chunked, x-content-type-options=nosniff, x-xss-protection=1, content-type=application/hal+json, cache-control=no-cache, no-store, max-age=0, must-revalidate, pragma=no-cache}"
c1c67714-0ee3-4b8a-a072-17684f0ceba9,bb38697c-49dc-4382-84ad-86c4e2039489,false,"[Regression] Header size mismatch for matchId=c1c67714-0ee3-4b8a-a072-17684f0ceba9
   Expected: {expires=0, transfer-encoding=chunked, x-content-type-options=nosniff, x-xss-protection=1; mode=block, content-type=application/hal+json, cache-control=no-cache, no-store, max-age=0, must-revalidate, pragma=no-cache}
   Actual:   {mode=block, expires=0, transfer-encoding=chunked, x-content-type-options=nosniff, x-xss-protection=1, content-type=application/hal+json, cache-control=no-cache, no-store, max-age=0, must-revalidate, pragma=no-cache}"
c1c67714-0ee3-4b8a-a072-17684f0ceba9,4e52cc85-9efc-49fe-adad-1ae45fe8a1d6,false,"[Regression] Header size mismatch for matchId=c1c67714-0ee3-4b8a-a072-17684f0ceba9
   Expected: {expires=0, transfer-encoding=chunked, x-content-type-options=nosniff, x-xss-protection=1; mode=block, content-type=application/hal+json, cache-control=no-cache, no-store, max-age=0, must-revalidate, pragma=no-cache}
   Actual:   {mode=block, expires=0, transfer-encoding=chunked, x-content-type-options=nosniff, x-xss-protection=1, content-type=application/hal+json, cache-control=no-cache, no-store, max-age=0, must-revalidate, pragma=no-cache}"
801082d1-89b2-4e21-a265-d2ee9650faf2,450e61a9-ca5a-4210-be09-09efcafa3cbb,false,"[Regression] Status code mismatch for matchId=801082d1-89b2-4e21-a265-d2ee9650faf2
   Expected: 201
   Actual:   200"
801082d1-89b2-4e21-a265-d2ee9650faf2,182aba25-234d-4252-a612-04ed89ae9825,false,"[Regression] Status code mismatch for matchId=801082d1-89b2-4e21-a265-d2ee9650faf2
   Expected: 201
   Actual:   401"
801082d1-89b2-4e21-a265-d2ee9650faf2,ea1dda82-f4f2-4ade-9b05-a32b75d3d185,false,"[Regression] Status code mismatch for matchId=801082d1-89b2-4e21-a265-d2ee9650faf2
   Expected: 201
   Actual:   501"
801082d1-89b2-4e21-a265-d2ee9650faf2,020e701f-13b7-4afb-9cf7-36d54546c33f,false,"[Regression] Header size mismatch for matchId=801082d1-89b2-4e21-a265-d2ee9650faf2
   Expected: {expires=0, transfer-encoding=chunked, x-content-type-options=nosniff, x-xss-protection=1; mode=block, content-type=application/hal+json, cache-control=no-cache, no-store, max-age=0, must-revalidate, pragma=no-cache}
   Actual:   {mode=block, expires=0, transfer-encoding=chunked, x-content-type-options=nosniff, x-xss-protection=1, content-type=text/css, cache-control=no-cache, no-store, max-age=0, must-revalidate, pragma=no-cache}"
801082d1-89b2-4e21-a265-d2ee9650faf2,0ea2f679-3a6b-4780-88d7-b891addb8bee,false,"[Regression] Header value (x-xss-protection) mismatch for matchId=801082d1-89b2-4e21-a265-d2ee9650faf2
   Expected: 1; mode=block
   Actual:   1"
801082d1-89b2-4e21-a265-d2ee9650faf2,2288ab74-643f-457f-be9b-b07a5ad1d569,false,"[Regression] Header size mismatch for matchId=801082d1-89b2-4e21-a265-d2ee9650faf2
   Expected: {expires=0, transfer-encoding=chunked, x-content-type-options=nosniff, x-xss-protection=1; mode=block, content-type=application/hal+json, cache-control=no-cache, no-store, max-age=0, must-revalidate, pragma=no-cache}
   Actual:   {mode=block, expires=0, transfer-encoding=chunked, x-content-type-options=nosniff, x-xss-protection=1, content-type=application/hal+json; charset=utf-16, cache-control=no-cache, no-store, max-age=0, must-revalidate, pragma=no-cache}"
801082d1-89b2-4e21-a265-d2ee9650faf2,6926f817-bb1c-4ac6-b268-aebabb9c37d3,false,"[Regression] Header size mismatch for matchId=801082d1-89b2-4e21-a265-d2ee9650faf2
   Expected: {expires=0, transfer-encoding=chunked, x-content-type-options=nosniff, x-xss-protection=1; mode=block, content-type=application/hal+json, cache-control=no-cache, no-store, max-age=0, must-revalidate, pragma=no-cache}
   Actual:   {mode=block, expires=0, transfer-encoding=chunked, x-content-type-options=nosniff, x-xss-protection=1, content-type=application/hal+json, cache-control=no-cache, no-store, max-age=0, must-revalidate, pragma=no-cache}"
801082d1-89b2-4e21-a265-d2ee9650faf2,fb3ef770-68de-433d-8994-96fa071a8d43,false,"[Regression] Header size mismatch for matchId=801082d1-89b2-4e21-a265-d2ee9650faf2
   Expected: {expires=0, transfer-encoding=chunked, x-content-type-options=nosniff, x-xss-protection=1; mode=block, content-type=application/hal+json, cache-control=no-cache, no-store, max-age=0, must-revalidate, pragma=no-cache}
   Actual:   {mode=block, expires=0, transfer-encoding=chunked, x-content-type-options=nosniff, x-xss-protection=1, content-type=application/hal+json, cache-control=no-cache, no-store, max-age=0, must-revalidate, pragma=no-cache}"
801082d1-89b2-4e21-a265-d2ee9650faf2,817b5708-1398-400e-b3cf-e31bfa70e37c,false,"[Regression] Header size mismatch for matchId=801082d1-89b2-4e21-a265-d2ee9650faf2
   Expected: {expires=0, transfer-encoding=chunked, x-content-type-options=nosniff, x-xss-protection=1; mode=block, content-type=application/hal+json, cache-control=no-cache, no-store, max-age=0, must-revalidate, pragma=no-cache}
   Actual:   {mode=block, expires=0, transfer-encoding=chunked, x-content-type-options=nosniff, x-xss-protection=1, content-type=application/hal+json, cache-control=no-cache, no-store, max-age=0, must-revalidate, pragma=no-cache}"
801082d1-89b2-4e21-a265-d2ee9650faf2,9152089b-5c58-425e-961b-46c1e1d94a48,false,"[Regression] Header size mismatch for matchId=801082d1-89b2-4e21-a265-d2ee9650faf2
   Expected: {expires=0, transfer-encoding=chunked, x-content-type-options=nosniff, x-xss-protection=1; mode=block, content-type=application/hal+json, cache-control=no-cache, no-store, max-age=0, must-revalidate, pragma=no-cache}
   Actual:   {mode=block, expires=0, transfer-encoding=chunked, x-content-type-options=nosniff, x-xss-protection=1, content-type=application/hal+json, cache-control=no-cache, no-store, max-age=0, must-revalidate, pragma=no-cache}"
801082d1-89b2-4e21-a265-d2ee9650faf2,c44dec8a-e424-4563-9928-f383d8b39172,false,"[Regression] Header size mismatch for matchId=801082d1-89b2-4e21-a265-d2ee9650faf2
   Expected: {expires=0, transfer-encoding=chunked, x-content-type-options=nosniff, x-xss-protection=1; mode=block, content-type=application/hal+json, cache-control=no-cache, no-store, max-age=0, must-revalidate, pragma=no-cache}
   Actual:   {mode=block, expires=0, transfer-encoding=chunked, x-content-type-options=nosniff, x-xss-protection=1, content-type=application/hal+json, cache-control=no-cache, no-store, max-age=0, must-revalidate, pragma=no-cache}"
801082d1-89b2-4e21-a265-d2ee9650faf2,e5c67541-3504-4850-8bae-7329937b0b54,false,"[Regression] Header size mismatch for matchId=801082d1-89b2-4e21-a265-d2ee9650faf2
   Expected: {expires=0, transfer-encoding=chunked, x-content-type-options=nosniff, x-xss-protection=1; mode=block, content-type=application/hal+json, cache-control=no-cache, no-store, max-age=0, must-revalidate, pragma=no-cache}
   Actual:   {mode=block, expires=0, transfer-encoding=chunked, x-content-type-options=nosniff, x-xss-protection=1, content-type=application/hal+json, cache-control=no-cache, no-store, max-age=0, must-revalidate, pragma=no-cache}"
801082d1-89b2-4e21-a265-d2ee9650faf2,5767a399-eb6a-4740-ad76-d7deebcf44de,false,"[Regression] Header size mismatch for matchId=801082d1-89b2-4e21-a265-d2ee9650faf2
   Expected: {expires=0, transfer-encoding=chunked, x-content-type-options=nosniff, x-xss-protection=1; mode=block, content-type=application/hal+json, cache-control=no-cache, no-store, max-age=0, must-revalidate, pragma=no-cache}
   Actual:   {mode=block, expires=0, transfer-encoding=chunked, x-content-type-options=nosniff, x-xss-protection=1, content-type=application/hal+json, cache-control=no-cache, no-store, max-age=0, must-revalidate, pragma=no-cache}"
801082d1-89b2-4e21-a265-d2ee9650faf2,8dbf834d-0c7b-4cd8-b869-596fab4b5e3e,false,"[Regression] Header size mismatch for matchId=801082d1-89b2-4e21-a265-d2ee9650faf2
   Expected: {expires=0, transfer-encoding=chunked, x-content-type-options=nosniff, x-xss-protection=1; mode=block, content-type=application/hal+json, cache-control=no-cache, no-store, max-age=0, must-revalidate, pragma=no-cache}
   Actual:   {mode=block, expires=0, transfer-encoding=chunked, x-content-type-options=nosniff, x-xss-protection=1, content-type=application/hal+json, cache-control=no-cache, no-store, max-age=0, must-revalidate, pragma=no-cache}"
801082d1-89b2-4e21-a265-d2ee9650faf2,3756221f-1701-47b2-9039-a29fc8cfa4bc,false,"[Regression] Header size mismatch for matchId=801082d1-89b2-4e21-a265-d2ee9650faf2
   Expected: {expires=0, transfer-encoding=chunked, x-content-type-options=nosniff, x-xss-protection=1; mode=block, content-type=application/hal+json, cache-control=no-cache, no-store, max-age=0, must-revalidate, pragma=no-cache}
   Actual:   {mode=block, expires=0, transfer-encoding=chunked, x-content-type-options=nosniff, x-xss-protection=1, content-type=application/hal+json, cache-control=no-cache, no-store, max-age=0, must-revalidate, pragma=no-cache}"
801082d1-89b2-4e21-a265-d2ee9650faf2,e8d03c27-175b-4ffb-91f3-6e61b2b74bef,false,"[Regression] Header size mismatch for matchId=801082d1-89b2-4e21-a265-d2ee9650faf2
   Expected: {expires=0, transfer-encoding=chunked, x-content-type-options=nosniff, x-xss-protection=1; mode=block, content-type=application/hal+json, cache-control=no-cache, no-store, max-age=0, must-revalidate, pragma=no-cache}
   Actual:   {mode=block, expires=0, transfer-encoding=chunked, x-content-type-options=nosniff, x-xss-protection=1, content-type=application/hal+json, cache-control=no-cache, no-store, max-age=0, must-revalidate, pragma=no-cache}"
801082d1-89b2-4e21-a265-d2ee9650faf2,8ca43ea3-b171-431b-b07a-7e979393cd8b,false,"[Regression] Header size mismatch for matchId=801082d1-89b2-4e21-a265-d2ee9650faf2
   Expected: {expires=0, transfer-encoding=chunked, x-content-type-options=nosniff, x-xss-protection=1; mode=block, content-type=application/hal+json, cache-control=no-cache, no-store, max-age=0, must-revalidate, pragma=no-cache}
   Actual:   {mode=block, expires=0, transfer-encoding=chunked, x-content-type-options=nosniff, x-xss-protection=1, content-type=application/hal+json, cache-control=no-cache, no-store, max-age=0, must-revalidate, pragma=no-cache}"
801082d1-89b2-4e21-a265-d2ee9650faf2,acb86a98-e729-4346-af3e-d5b29d3bfac4,false,"[Regression] Header size mismatch for matchId=801082d1-89b2-4e21-a265-d2ee9650faf2
   Expected: {expires=0, transfer-encoding=chunked, x-content-type-options=nosniff, x-xss-protection=1; mode=block, content-type=application/hal+json, cache-control=no-cache, no-store, max-age=0, must-revalidate, pragma=no-cache}
   Actual:   {mode=block, expires=0, transfer-encoding=chunked, x-content-type-options=nosniff, x-xss-protection=1, content-type=application/hal+json, cache-control=no-cache, no-store, max-age=0, must-revalidate, pragma=no-cache}"
801082d1-89b2-4e21-a265-d2ee9650faf2,40b4a6bf-9ae0-4daf-94d2-5dded7c68f07,false,"[Regression] Header size mismatch for matchId=801082d1-89b2-4e21-a265-d2ee9650faf2
   Expected: {expires=0, transfer-encoding=chunked, x-content-type-options=nosniff, x-xss-protection=1; mode=block, content-type=application/hal+json, cache-control=no-cache, no-store, max-age=0, must-revalidate, pragma=no-cache}
   Actual:   {mode=block, expires=0, transfer-encoding=chunked, x-content-type-options=nosniff, x-xss-protection=1, content-type=application/hal+json, cache-control=no-cache, no-store, max-age=0, must-revalidate, pragma=no-cache}"
801082d1-89b2-4e21-a265-d2ee9650faf2,ea490454-f8cf-41e7-80c3-8cf9f812e3b2,false,"[Regression] Header size mismatch for matchId=801082d1-89b2-4e21-a265-d2ee9650faf2
   Expected: {expires=0, transfer-encoding=chunked, x-content-type-options=nosniff, x-xss-protection=1; mode=block, content-type=application/hal+json, cache-control=no-cache, no-store, max-age=0, must-revalidate, pragma=no-cache}
   Actual:   {mode=block, expires=0, transfer-encoding=chunked, x-content-type-options=nosniff, x-xss-protection=1, content-type=application/hal+json, cache-control=no-cache, no-store, max-age=0, must-revalidate, pragma=no-cache}"
801082d1-89b2-4e21-a265-d2ee9650faf2,015adc0c-c590-424d-8175-4b7b622a9631,false,"[Regression] Header size mismatch for matchId=801082d1-89b2-4e21-a265-d2ee9650faf2
   Expected: {expires=0, transfer-encoding=chunked, x-content-type-options=nosniff, x-xss-protection=1; mode=block, content-type=application/hal+json, cache-control=no-cache, no-store, max-age=0, must-revalidate, pragma=no-cache}
   Actual:   {mode=block, expires=0, transfer-encoding=chunked, x-content-type-options=nosniff, x-xss-protection=1, content-type=application/hal+json, cache-control=no-cache, no-store, max-age=0, must-revalidate, pragma=no-cache}"
801082d1-89b2-4e21-a265-d2ee9650faf2,0e430fe2-459f-4fd9-95dd-6d2439507614,false,"[Regression] Header size mismatch for matchId=801082d1-89b2-4e21-a265-d2ee9650faf2
   Expected: {expires=0, transfer-encoding=chunked, x-content-type-options=nosniff, x-xss-protection=1; mode=block, content-type=application/hal+json, cache-control=no-cache, no-store, max-age=0, must-revalidate, pragma=no-cache}
   Actual:   {mode=block, expires=0, transfer-encoding=chunked, x-content-type-options=nosniff, x-xss-protection=1, content-type=application/hal+json, cache-control=no-cache, no-store, max-age=0, must-revalidate, pragma=no-cache}"
801082d1-89b2-4e21-a265-d2ee9650faf2,385b7799-76bc-4ec2-9283-f41e03b6a847,false,"[Regression] Header size mismatch for matchId=801082d1-89b2-4e21-a265-d2ee9650faf2
   Expected: {expires=0, transfer-encoding=chunked, x-content-type-options=nosniff, x-xss-protection=1; mode=block, content-type=application/hal+json, cache-control=no-cache, no-store, max-age=0, must-revalidate, pragma=no-cache}
   Actual:   {mode=block, expires=0, transfer-encoding=chunked, x-content-type-options=nosniff, x-xss-protection=1, content-type=application/hal+json, cache-control=no-cache, no-store, max-age=0, must-revalidate, pragma=no-cache}"
801082d1-89b2-4e21-a265-d2ee9650faf2,e42d36b2-fd03-4687-b820-7f4d37e90ee0,false,"[Regression] Header size mismatch for matchId=801082d1-89b2-4e21-a265-d2ee9650faf2
   Expected: {expires=0, transfer-encoding=chunked, x-content-type-options=nosniff, x-xss-protection=1; mode=block, content-type=application/hal+json, cache-control=no-cache, no-store, max-age=0, must-revalidate, pragma=no-cache}
   Actual:   {mode=block, expires=0, transfer-encoding=chunked, x-content-type-options=nosniff, x-xss-protection=1, content-type=application/hal+json, cache-control=no-cache, no-store, max-age=0, must-revalidate, pragma=no-cache}"
801082d1-89b2-4e21-a265-d2ee9650faf2,81085e8d-44fb-46b1-8cdf-9ce18915dc53,false,"[Regression] Header size mismatch for matchId=801082d1-89b2-4e21-a265-d2ee9650faf2
   Expected: {expires=0, transfer-encoding=chunked, x-content-type-options=nosniff, x-xss-protection=1; mode=block, content-type=application/hal+json, cache-control=no-cache, no-store, max-age=0, must-revalidate, pragma=no-cache}
   Actual:   {mode=block, expires=0, transfer-encoding=chunked, x-content-type-options=nosniff, x-xss-protection=1, content-type=application/hal+json, cache-control=no-cache, no-store, max-age=0, must-revalidate, pragma=no-cache}"
801082d1-89b2-4e21-a265-d2ee9650faf2,0ee6f79e-2950-4a24-9b0c-ac1503adb9c0,false,"[Regression] Header size mismatch for matchId=801082d1-89b2-4e21-a265-d2ee9650faf2
   Expected: {expires=0, transfer-encoding=chunked, x-content-type-options=nosniff, x-xss-protection=1; mode=block, content-type=application/hal+json, cache-control=no-cache, no-store, max-age=0, must-revalidate, pragma=no-cache}
   Actual:   {mode=block, expires=0, transfer-encoding=chunked, x-content-type-options=nosniff, x-xss-protection=1, content-type=application/hal+json, cache-control=no-cache, no-store, max-age=0, must-revalidate, pragma=no-cache}"
801082d1-89b2-4e21-a265-d2ee9650faf2,8c57be33-503a-4111-804d-e47543388452,false,"[Regression] Header size mismatch for matchId=801082d1-89b2-4e21-a265-d2ee9650faf2
   Expected: {expires=0, transfer-encoding=chunked, x-content-type-options=nosniff, x-xss-protection=1; mode=block, content-type=application/hal+json, cache-control=no-cache, no-store, max-age=0, must-revalidate, pragma=no-cache}
   Actual:   {mode=block, expires=0, transfer-encoding=chunked, x-content-type-options=nosniff, x-xss-protection=1, content-type=application/hal+json, cache-control=no-cache, no-store, max-age=0, must-revalidate, pragma=no-cache}"
801082d1-89b2-4e21-a265-d2ee9650faf2,1e19689e-7e7a-49f5-9431-93e4c6dd7a35,false,"[Regression] Header size mismatch for matchId=801082d1-89b2-4e21-a265-d2ee9650faf2
   Expected: {expires=0, transfer-encoding=chunked, x-content-type-options=nosniff, x-xss-protection=1; mode=block, content-type=application/hal+json, cache-control=no-cache, no-store, max-age=0, must-revalidate, pragma=no-cache}
   Actual:   {mode=block, expires=0, transfer-encoding=chunked, x-content-type-options=nosniff, x-xss-protection=1, content-type=application/hal+json, cache-control=no-cache, no-store, max-age=0, must-revalidate, pragma=no-cache}"
801082d1-89b2-4e21-a265-d2ee9650faf2,26bdb532-9643-4158-9a1e-c29c4b8f7974,false,"[Regression] Header size mismatch for matchId=801082d1-89b2-4e21-a265-d2ee9650faf2
   Expected: {expires=0, transfer-encoding=chunked, x-content-type-options=nosniff, x-xss-protection=1; mode=block, content-type=application/hal+json, cache-control=no-cache, no-store, max-age=0, must-revalidate, pragma=no-cache}
   Actual:   {mode=block, expires=0, transfer-encoding=chunked, x-content-type-options=nosniff, x-xss-protection=1, content-type=application/hal+json, cache-control=no-cache, no-store, max-age=0, must-revalidate, pragma=no-cache}"
801082d1-89b2-4e21-a265-d2ee9650faf2,e5996ad3-ca34-42af-8133-449ab0801051,false,"[Regression] Header size mismatch for matchId=801082d1-89b2-4e21-a265-d2ee9650faf2
   Expected: {expires=0, transfer-encoding=chunked, x-content-type-options=nosniff, x-xss-protection=1; mode=block, content-type=application/hal+json, cache-control=no-cache, no-store, max-age=0, must-revalidate, pragma=no-cache}
   Actual:   {mode=block, expires=0, transfer-encoding=chunked, x-content-type-options=nosniff, x-xss-protection=1, content-type=application/hal+json, cache-control=no-cache, no-store, max-age=0, must-revalidate, pragma=no-cache}"
801082d1-89b2-4e21-a265-d2ee9650faf2,a7967b8a-3479-4a45-9fb6-294e41c8f3c1,false,"[Regression] Header size mismatch for matchId=801082d1-89b2-4e21-a265-d2ee9650faf2
   Expected: {expires=0, transfer-encoding=chunked, x-content-type-options=nosniff, x-xss-protection=1; mode=block, content-type=application/hal+json, cache-control=no-cache, no-store, max-age=0, must-revalidate, pragma=no-cache}
   Actual:   {mode=block, expires=0, transfer-encoding=chunked, x-content-type-options=nosniff, x-xss-protection=1, content-type=application/hal+json, cache-control=no-cache, no-store, max-age=0, must-revalidate, pragma=no-cache}"
801082d1-89b2-4e21-a265-d2ee9650faf2,d87e9abf-c66e-4128-b69f-508cb99ae269,false,"[Regression] Header size mismatch for matchId=801082d1-89b2-4e21-a265-d2ee9650faf2
   Expected: {expires=0, transfer-encoding=chunked, x-content-type-options=nosniff, x-xss-protection=1; mode=block, content-type=application/hal+json, cache-control=no-cache, no-store, max-age=0, must-revalidate, pragma=no-cache}
   Actual:   {mode=block, expires=0, transfer-encoding=chunked, x-content-type-options=nosniff, x-xss-protection=1, content-type=application/hal+json, cache-control=no-cache, no-store, max-age=0, must-revalidate, pragma=no-cache}"
801082d1-89b2-4e21-a265-d2ee9650faf2,b34b2074-208f-495e-9c34-ca9a07e9fa6a,false,"[Regression] Header size mismatch for matchId=801082d1-89b2-4e21-a265-d2ee9650faf2
   Expected: {expires=0, transfer-encoding=chunked, x-content-type-options=nosniff, x-xss-protection=1; mode=block, content-type=application/hal+json, cache-control=no-cache, no-store, max-age=0, must-revalidate, pragma=no-cache}
   Actual:   {mode=block, expires=0, transfer-encoding=chunked, x-content-type-options=nosniff, x-xss-protection=1, content-type=application/hal+json, cache-control=no-cache, no-store, max-age=0, must-revalidate, pragma=no-cache}"
801082d1-89b2-4e21-a265-d2ee9650faf2,7b80a6e8-0128-4f61-a8e0-aeb2f37c6e79,false,"[Regression] Header size mismatch for matchId=801082d1-89b2-4e21-a265-d2ee9650faf2
   Expected: {expires=0, transfer-encoding=chunked, x-content-type-options=nosniff, x-xss-protection=1; mode=block, content-type=application/hal+json, cache-control=no-cache, no-store, max-age=0, must-revalidate, pragma=no-cache}
   Actual:   {mode=block, expires=0, transfer-encoding=chunked, x-content-type-options=nosniff, x-xss-protection=1, content-type=application/hal+json, cache-control=no-cache, no-store, max-age=0, must-revalidate, pragma=no-cache}"
801082d1-89b2-4e21-a265-d2ee9650faf2,b8534726-cac4-46fa-9716-b1e2131f7f6c,false,"[Regression] Header size mismatch for matchId=801082d1-89b2-4e21-a265-d2ee9650faf2
   Expected: {expires=0, transfer-encoding=chunked, x-content-type-options=nosniff, x-xss-protection=1; mode=block, content-type=application/hal+json, cache-control=no-cache, no-store, max-age=0, must-revalidate, pragma=no-cache}
   Actual:   {mode=block, expires=0, transfer-encoding=chunked, x-content-type-options=nosniff, x-xss-protection=1, content-type=application/hal+json, cache-control=no-cache, no-store, max-age=0, must-revalidate, pragma=no-cache}"
801082d1-89b2-4e21-a265-d2ee9650faf2,0b926827-5b97-49ec-aff4-193c29ee935d,false,"[Regression] Header size mismatch for matchId=801082d1-89b2-4e21-a265-d2ee9650faf2
   Expected: {expires=0, transfer-encoding=chunked, x-content-type-options=nosniff, x-xss-protection=1; mode=block, content-type=application/hal+json, cache-control=no-cache, no-store, max-age=0, must-revalidate, pragma=no-cache}
   Actual:   {mode=block, expires=0, transfer-encoding=chunked, x-content-type-options=nosniff, x-xss-protection=1, content-type=application/hal+json, cache-control=no-cache, no-store, max-age=0, must-revalidate, pragma=no-cache}"
801082d1-89b2-4e21-a265-d2ee9650faf2,4aab6912-f493-43f1-9aa5-19ffe85c7a20,false,"[Regression] Header size mismatch for matchId=801082d1-89b2-4e21-a265-d2ee9650faf2
   Expected: {expires=0, transfer-encoding=chunked, x-content-type-options=nosniff, x-xss-protection=1; mode=block, content-type=application/hal+json, cache-control=no-cache, no-store, max-age=0, must-revalidate, pragma=no-cache}
   Actual:   {mode=block, expires=0, transfer-encoding=chunked, x-content-type-options=nosniff, x-xss-protection=1, content-type=application/hal+json, cache-control=no-cache, no-store, max-age=0, must-revalidate, pragma=no-cache}"
801082d1-89b2-4e21-a265-d2ee9650faf2,0761828e-cc1d-477e-806e-2757f3802b6b,false,"[Regression] Header size mismatch for matchId=801082d1-89b2-4e21-a265-d2ee9650faf2
   Expected: {expires=0, transfer-encoding=chunked, x-content-type-options=nosniff, x-xss-protection=1; mode=block, content-type=application/hal+json, cache-control=no-cache, no-store, max-age=0, must-revalidate, pragma=no-cache}
   Actual:   {mode=block, expires=0, transfer-encoding=chunked, x-content-type-options=nosniff, x-xss-protection=1, content-type=application/hal+json, cache-control=no-cache, no-store, max-age=0, must-revalidate, pragma=no-cache}"
801082d1-89b2-4e21-a265-d2ee9650faf2,04b6f81b-c707-4a19-8ee5-eb9c81a6324d,false,"[Regression] Header size mismatch for matchId=801082d1-89b2-4e21-a265-d2ee9650faf2
   Expected: {expires=0, transfer-encoding=chunked, x-content-type-options=nosniff, x-xss-protection=1; mode=block, content-type=application/hal+json, cache-control=no-cache, no-store, max-age=0, must-revalidate, pragma=no-cache}
   Actual:   {mode=block, expires=0, transfer-encoding=chunked, x-content-type-options=nosniff, x-xss-protection=1, content-type=application/hal+json, cache-control=no-cache, no-store, max-age=0, must-revalidate, pragma=no-cache}"
801082d1-89b2-4e21-a265-d2ee9650faf2,41c6a559-11cb-4ce0-a887-378524fb0d71,false,"[Regression] Header size mismatch for matchId=801082d1-89b2-4e21-a265-d2ee9650faf2
   Expected: {expires=0, transfer-encoding=chunked, x-content-type-options=nosniff, x-xss-protection=1; mode=block, content-type=application/hal+json, cache-control=no-cache, no-store, max-age=0, must-revalidate, pragma=no-cache}
   Actual:   {mode=block, expires=0, transfer-encoding=chunked, x-content-type-options=nosniff, x-xss-protection=1, content-type=application/hal+json, cache-control=no-cache, no-store, max-age=0, must-revalidate, pragma=no-cache}"
801082d1-89b2-4e21-a265-d2ee9650faf2,b4caf989-21e3-4af7-ae0a-49308dcc6df5,false,"[Regression] Header size mismatch for matchId=801082d1-89b2-4e21-a265-d2ee9650faf2
   Expected: {expires=0, transfer-encoding=chunked, x-content-type-options=nosniff, x-xss-protection=1; mode=block, content-type=application/hal+json, cache-control=no-cache, no-store, max-age=0, must-revalidate, pragma=no-cache}
   Actual:   {mode=block, expires=0, transfer-encoding=chunked, x-content-type-options=nosniff, x-xss-protection=1, content-type=application/hal+json, cache-control=no-cache, no-store, max-age=0, must-revalidate, pragma=no-cache}"
801082d1-89b2-4e21-a265-d2ee9650faf2,aaa71a7b-5483-4b15-ac99-3a0d5f27acec,false,"[Regression] Header size mismatch for matchId=801082d1-89b2-4e21-a265-d2ee9650faf2
   Expected: {expires=0, transfer-encoding=chunked, x-content-type-options=nosniff, x-xss-protection=1; mode=block, content-type=application/hal+json, cache-control=no-cache, no-store, max-age=0, must-revalidate, pragma=no-cache}
   Actual:   {mode=block, expires=0, transfer-encoding=chunked, x-content-type-options=nosniff, x-xss-protection=1, content-type=application/hal+json, cache-control=no-cache, no-store, max-age=0, must-revalidate, pragma=no-cache}"
801082d1-89b2-4e21-a265-d2ee9650faf2,ef66558a-1a81-4b9e-805a-ff2f6201700e,false,"[Regression] Header size mismatch for matchId=801082d1-89b2-4e21-a265-d2ee9650faf2
   Expected: {expires=0, transfer-encoding=chunked, x-content-type-options=nosniff, x-xss-protection=1; mode=block, content-type=application/hal+json, cache-control=no-cache, no-store, max-age=0, must-revalidate, pragma=no-cache}
   Actual:   {mode=block, expires=0, transfer-encoding=chunked, x-content-type-options=nosniff, x-xss-protection=1, content-type=application/hal+json, cache-control=no-cache, no-store, max-age=0, must-revalidate, pragma=no-cache}"
801082d1-89b2-4e21-a265-d2ee9650faf2,98663c37-6d1b-417b-a081-651558bc5f14,false,"[Regression] Header size mismatch for matchId=801082d1-89b2-4e21-a265-d2ee9650faf2
   Expected: {expires=0, transfer-encoding=chunked, x-content-type-options=nosniff, x-xss-protection=1; mode=block, content-type=application/hal+json, cache-control=no-cache, no-store, max-age=0, must-revalidate, pragma=no-cache}
   Actual:   {mode=block, expires=0, transfer-encoding=chunked, x-content-type-options=nosniff, x-xss-protection=1, content-type=application/hal+json, cache-control=no-cache, no-store, max-age=0, must-revalidate, pragma=no-cache}"
801082d1-89b2-4e21-a265-d2ee9650faf2,353c28e3-7f5c-4d42-a04e-677909d7f56c,false,"[Regression] Header size mismatch for matchId=801082d1-89b2-4e21-a265-d2ee9650faf2
   Expected: {expires=0, transfer-encoding=chunked, x-content-type-options=nosniff, x-xss-protection=1; mode=block, content-type=application/hal+json, cache-control=no-cache, no-store, max-age=0, must-revalidate, pragma=no-cache}
   Actual:   {mode=block, expires=0, transfer-encoding=chunked, x-content-type-options=nosniff, x-xss-protection=1, content-type=application/hal+json, cache-control=no-cache, no-store, max-age=0, must-revalidate, pragma=no-cache}"
405c9553-a2f8-4548-b0f4-1d3d40794a9f,f39ce0ca-97ee-4d50-a884-d11853a989c6,false,"[Regression] Status code mismatch for matchId=405c9553-a2f8-4548-b0f4-1d3d40794a9f
   Expected: 201
   Actual:   200"
405c9553-a2f8-4548-b0f4-1d3d40794a9f,2664224d-6e67-4203-afce-105e7656ac1e,false,"[Regression] Status code mismatch for matchId=405c9553-a2f8-4548-b0f4-1d3d40794a9f
   Expected: 201
   Actual:   401"
405c9553-a2f8-4548-b0f4-1d3d40794a9f,c4d6276e-9eda-4dde-8f37-2e2cf6633f1a,false,"[Regression] Status code mismatch for matchId=405c9553-a2f8-4548-b0f4-1d3d40794a9f
   Expected: 201
   Actual:   501"
405c9553-a2f8-4548-b0f4-1d3d40794a9f,317cea9f-81d1-4ac4-9313-ba95ebc298b2,false,"[Regression] Header size mismatch for matchId=405c9553-a2f8-4548-b0f4-1d3d40794a9f
   Expected: {expires=0, transfer-encoding=chunked, x-content-type-options=nosniff, x-xss-protection=1; mode=block, content-type=application/hal+json, cache-control=no-cache, no-store, max-age=0, must-revalidate, pragma=no-cache}
   Actual:   {mode=block, expires=0, transfer-encoding=chunked, x-content-type-options=nosniff, x-xss-protection=1, content-type=application/x-www-form-urlencoded, cache-control=no-cache, no-store, max-age=0, must-revalidate, pragma=no-cache}"
405c9553-a2f8-4548-b0f4-1d3d40794a9f,768bcd9e-7494-4a3a-896f-46c48c043e7d,false,"[Regression] Header value (x-xss-protection) mismatch for matchId=405c9553-a2f8-4548-b0f4-1d3d40794a9f
   Expected: 1; mode=block
   Actual:   1"
405c9553-a2f8-4548-b0f4-1d3d40794a9f,db4a5270-7bf9-4149-ae84-e59fdbe864ad,false,"[Regression] Header size mismatch for matchId=405c9553-a2f8-4548-b0f4-1d3d40794a9f
   Expected: {expires=0, transfer-encoding=chunked, x-content-type-options=nosniff, x-xss-protection=1; mode=block, content-type=application/hal+json, cache-control=no-cache, no-store, max-age=0, must-revalidate, pragma=no-cache}
   Actual:   {mode=block, expires=0, transfer-encoding=chunked, x-content-type-options=nosniff, x-xss-protection=1, content-type=application/hal+json; charset=utf32, cache-control=no-cache, no-store, max-age=0, must-revalidate, pragma=no-cache}"
405c9553-a2f8-4548-b0f4-1d3d40794a9f,6f9045eb-74ef-4ee8-af11-715509f2424b,false,"[Regression] Header size mismatch for matchId=405c9553-a2f8-4548-b0f4-1d3d40794a9f
   Expected: {expires=0, transfer-encoding=chunked, x-content-type-options=nosniff, x-xss-protection=1; mode=block, content-type=application/hal+json, cache-control=no-cache, no-store, max-age=0, must-revalidate, pragma=no-cache}
   Actual:   {mode=block, expires=0, transfer-encoding=chunked, x-content-type-options=nosniff, x-xss-protection=1, content-type=application/hal+json, cache-control=no-cache, no-store, max-age=0, must-revalidate, pragma=no-cache}"
405c9553-a2f8-4548-b0f4-1d3d40794a9f,b70d61a9-13f8-4a48-b344-59c4d095b09c,false,"[Regression] Header size mismatch for matchId=405c9553-a2f8-4548-b0f4-1d3d40794a9f
   Expected: {expires=0, transfer-encoding=chunked, x-content-type-options=nosniff, x-xss-protection=1; mode=block, content-type=application/hal+json, cache-control=no-cache, no-store, max-age=0, must-revalidate, pragma=no-cache}
   Actual:   {mode=block, expires=0, transfer-encoding=chunked, x-content-type-options=nosniff, x-xss-protection=1, content-type=application/hal+json, cache-control=no-cache, no-store, max-age=0, must-revalidate, pragma=no-cache}"
405c9553-a2f8-4548-b0f4-1d3d40794a9f,7291f2fd-401e-41e2-9907-62a5144c2a77,false,"[Regression] Header size mismatch for matchId=405c9553-a2f8-4548-b0f4-1d3d40794a9f
   Expected: {expires=0, transfer-encoding=chunked, x-content-type-options=nosniff, x-xss-protection=1; mode=block, content-type=application/hal+json, cache-control=no-cache, no-store, max-age=0, must-revalidate, pragma=no-cache}
   Actual:   {mode=block, expires=0, transfer-encoding=chunked, x-content-type-options=nosniff, x-xss-protection=1, content-type=application/hal+json, cache-control=no-cache, no-store, max-age=0, must-revalidate, pragma=no-cache}"
405c9553-a2f8-4548-b0f4-1d3d40794a9f,ea5eeda8-3bb8-4386-b817-dc80f831bbde,false,"[Regression] Header size mismatch for matchId=405c9553-a2f8-4548-b0f4-1d3d40794a9f
   Expected: {expires=0, transfer-encoding=chunked, x-content-type-options=nosniff, x-xss-protection=1; mode=block, content-type=application/hal+json, cache-control=no-cache, no-store, max-age=0, must-revalidate, pragma=no-cache}
   Actual:   {mode=block, expires=0, transfer-encoding=chunked, x-content-type-options=nosniff, x-xss-protection=1, content-type=application/hal+json, cache-control=no-cache, no-store, max-age=0, must-revalidate, pragma=no-cache}"
405c9553-a2f8-4548-b0f4-1d3d40794a9f,4f13a198-54c7-4113-beec-8a767fdaab18,false,"[Regression] Header size mismatch for matchId=405c9553-a2f8-4548-b0f4-1d3d40794a9f
   Expected: {expires=0, transfer-encoding=chunked, x-content-type-options=nosniff, x-xss-protection=1; mode=block, content-type=application/hal+json, cache-control=no-cache, no-store, max-age=0, must-revalidate, pragma=no-cache}
   Actual:   {mode=block, expires=0, transfer-encoding=chunked, x-content-type-options=nosniff, x-xss-protection=1, content-type=application/hal+json, cache-control=no-cache, no-store, max-age=0, must-revalidate, pragma=no-cache}"
405c9553-a2f8-4548-b0f4-1d3d40794a9f,1ac005cb-79d9-4449-98cd-8c8f84cd6f17,false,"[Regression] Header size mismatch for matchId=405c9553-a2f8-4548-b0f4-1d3d40794a9f
   Expected: {expires=0, transfer-encoding=chunked, x-content-type-options=nosniff, x-xss-protection=1; mode=block, content-type=application/hal+json, cache-control=no-cache, no-store, max-age=0, must-revalidate, pragma=no-cache}
   Actual:   {mode=block, expires=0, transfer-encoding=chunked, x-content-type-options=nosniff, x-xss-protection=1, content-type=application/hal+json, cache-control=no-cache, no-store, max-age=0, must-revalidate, pragma=no-cache}"
405c9553-a2f8-4548-b0f4-1d3d40794a9f,b9a65a0a-525a-4cd7-9aed-c5b99bd216e2,false,"[Regression] Header size mismatch for matchId=405c9553-a2f8-4548-b0f4-1d3d40794a9f
   Expected: {expires=0, transfer-encoding=chunked, x-content-type-options=nosniff, x-xss-protection=1; mode=block, content-type=application/hal+json, cache-control=no-cache, no-store, max-age=0, must-revalidate, pragma=no-cache}
   Actual:   {mode=block, expires=0, transfer-encoding=chunked, x-content-type-options=nosniff, x-xss-protection=1, content-type=application/hal+json, cache-control=no-cache, no-store, max-age=0, must-revalidate, pragma=no-cache}"
405c9553-a2f8-4548-b0f4-1d3d40794a9f,a9a623ba-e5af-4bd4-9bfb-7e63ecea481e,false,"[Regression] Header size mismatch for matchId=405c9553-a2f8-4548-b0f4-1d3d40794a9f
   Expected: {expires=0, transfer-encoding=chunked, x-content-type-options=nosniff, x-xss-protection=1; mode=block, content-type=application/hal+json, cache-control=no-cache, no-store, max-age=0, must-revalidate, pragma=no-cache}
   Actual:   {mode=block, expires=0, transfer-encoding=chunked, x-content-type-options=nosniff, x-xss-protection=1, content-type=application/hal+json, cache-control=no-cache, no-store, max-age=0, must-revalidate, pragma=no-cache}"
405c9553-a2f8-4548-b0f4-1d3d40794a9f,6d7ccd95-1b68-4042-a845-881030e97400,false,"[Regression] Header size mismatch for matchId=405c9553-a2f8-4548-b0f4-1d3d40794a9f
   Expected: {expires=0, transfer-encoding=chunked, x-content-type-options=nosniff, x-xss-protection=1; mode=block, content-type=application/hal+json, cache-control=no-cache, no-store, max-age=0, must-revalidate, pragma=no-cache}
   Actual:   {mode=block, expires=0, transfer-encoding=chunked, x-content-type-options=nosniff, x-xss-protection=1, content-type=application/hal+json, cache-control=no-cache, no-store, max-age=0, must-revalidate, pragma=no-cache}"
405c9553-a2f8-4548-b0f4-1d3d40794a9f,801b290d-c378-42d2-94b6-989bef97be44,false,"[Regression] Header size mismatch for matchId=405c9553-a2f8-4548-b0f4-1d3d40794a9f
   Expected: {expires=0, transfer-encoding=chunked, x-content-type-options=nosniff, x-xss-protection=1; mode=block, content-type=application/hal+json, cache-control=no-cache, no-store, max-age=0, must-revalidate, pragma=no-cache}
   Actual:   {mode=block, expires=0, transfer-encoding=chunked, x-content-type-options=nosniff, x-xss-protection=1, content-type=application/hal+json, cache-control=no-cache, no-store, max-age=0, must-revalidate, pragma=no-cache}"
405c9553-a2f8-4548-b0f4-1d3d40794a9f,4985cce0-3c09-4cc1-9067-b63ea29a3219,false,"[Regression] Header size mismatch for matchId=405c9553-a2f8-4548-b0f4-1d3d40794a9f
   Expected: {expires=0, transfer-encoding=chunked, x-content-type-options=nosniff, x-xss-protection=1; mode=block, content-type=application/hal+json, cache-control=no-cache, no-store, max-age=0, must-revalidate, pragma=no-cache}
   Actual:   {mode=block, expires=0, transfer-encoding=chunked, x-content-type-options=nosniff, x-xss-protection=1, content-type=application/hal+json, cache-control=no-cache, no-store, max-age=0, must-revalidate, pragma=no-cache}"
405c9553-a2f8-4548-b0f4-1d3d40794a9f,d539aae9-2ca7-4878-8a74-ad5177d34e42,false,"[Regression] Header size mismatch for matchId=405c9553-a2f8-4548-b0f4-1d3d40794a9f
   Expected: {expires=0, transfer-encoding=chunked, x-content-type-options=nosniff, x-xss-protection=1; mode=block, content-type=application/hal+json, cache-control=no-cache, no-store, max-age=0, must-revalidate, pragma=no-cache}
   Actual:   {mode=block, expires=0, transfer-encoding=chunked, x-content-type-options=nosniff, x-xss-protection=1, content-type=application/hal+json, cache-control=no-cache, no-store, max-age=0, must-revalidate, pragma=no-cache}"
405c9553-a2f8-4548-b0f4-1d3d40794a9f,83e6ea06-c3a8-4e48-a9ab-22daa9f4dd84,false,"[Regression] Header size mismatch for matchId=405c9553-a2f8-4548-b0f4-1d3d40794a9f
   Expected: {expires=0, transfer-encoding=chunked, x-content-type-options=nosniff, x-xss-protection=1; mode=block, content-type=application/hal+json, cache-control=no-cache, no-store, max-age=0, must-revalidate, pragma=no-cache}
   Actual:   {mode=block, expires=0, transfer-encoding=chunked, x-content-type-options=nosniff, x-xss-protection=1, content-type=application/hal+json, cache-control=no-cache, no-store, max-age=0, must-revalidate, pragma=no-cache}"
405c9553-a2f8-4548-b0f4-1d3d40794a9f,b812158c-d5bf-429e-a3f0-4b61afcb22a9,false,"[Regression] Header size mismatch for matchId=405c9553-a2f8-4548-b0f4-1d3d40794a9f
   Expected: {expires=0, transfer-encoding=chunked, x-content-type-options=nosniff, x-xss-protection=1; mode=block, content-type=application/hal+json, cache-control=no-cache, no-store, max-age=0, must-revalidate, pragma=no-cache}
   Actual:   {mode=block, expires=0, transfer-encoding=chunked, x-content-type-options=nosniff, x-xss-protection=1, content-type=application/hal+json, cache-control=no-cache, no-store, max-age=0, must-revalidate, pragma=no-cache}"
405c9553-a2f8-4548-b0f4-1d3d40794a9f,43d77a97-d6a2-4dbe-bd0d-e53137bef3fe,false,"[Regression] Header size mismatch for matchId=405c9553-a2f8-4548-b0f4-1d3d40794a9f
   Expected: {expires=0, transfer-encoding=chunked, x-content-type-options=nosniff, x-xss-protection=1; mode=block, content-type=application/hal+json, cache-control=no-cache, no-store, max-age=0, must-revalidate, pragma=no-cache}
   Actual:   {mode=block, expires=0, transfer-encoding=chunked, x-content-type-options=nosniff, x-xss-protection=1, content-type=application/hal+json, cache-control=no-cache, no-store, max-age=0, must-revalidate, pragma=no-cache}"
405c9553-a2f8-4548-b0f4-1d3d40794a9f,be22af34-9c66-401f-a47c-6f7e3fda28fc,false,"[Regression] Header size mismatch for matchId=405c9553-a2f8-4548-b0f4-1d3d40794a9f
   Expected: {expires=0, transfer-encoding=chunked, x-content-type-options=nosniff, x-xss-protection=1; mode=block, content-type=application/hal+json, cache-control=no-cache, no-store, max-age=0, must-revalidate, pragma=no-cache}
   Actual:   {mode=block, expires=0, transfer-encoding=chunked, x-content-type-options=nosniff, x-xss-protection=1, content-type=application/hal+json, cache-control=no-cache, no-store, max-age=0, must-revalidate, pragma=no-cache}"
405c9553-a2f8-4548-b0f4-1d3d40794a9f,4cf1d673-3835-443a-8498-d27f2168c198,false,"[Regression] Header size mismatch for matchId=405c9553-a2f8-4548-b0f4-1d3d40794a9f
   Expected: {expires=0, transfer-encoding=chunked, x-content-type-options=nosniff, x-xss-protection=1; mode=block, content-type=application/hal+json, cache-control=no-cache, no-store, max-age=0, must-revalidate, pragma=no-cache}
   Actual:   {mode=block, expires=0, transfer-encoding=chunked, x-content-type-options=nosniff, x-xss-protection=1, content-type=application/hal+json, cache-control=no-cache, no-store, max-age=0, must-revalidate, pragma=no-cache}"
405c9553-a2f8-4548-b0f4-1d3d40794a9f,71db0b62-7994-4471-90d8-a5b733fc812b,false,"[Regression] Header size mismatch for matchId=405c9553-a2f8-4548-b0f4-1d3d40794a9f
   Expected: {expires=0, transfer-encoding=chunked, x-content-type-options=nosniff, x-xss-protection=1; mode=block, content-type=application/hal+json, cache-control=no-cache, no-store, max-age=0, must-revalidate, pragma=no-cache}
   Actual:   {mode=block, expires=0, transfer-encoding=chunked, x-content-type-options=nosniff, x-xss-protection=1, content-type=application/hal+json, cache-control=no-cache, no-store, max-age=0, must-revalidate, pragma=no-cache}"
405c9553-a2f8-4548-b0f4-1d3d40794a9f,01c00100-4b13-45ba-8293-0874dac4366a,false,"[Regression] Header size mismatch for matchId=405c9553-a2f8-4548-b0f4-1d3d40794a9f
   Expected: {expires=0, transfer-encoding=chunked, x-content-type-options=nosniff, x-xss-protection=1; mode=block, content-type=application/hal+json, cache-control=no-cache, no-store, max-age=0, must-revalidate, pragma=no-cache}
   Actual:   {mode=block, expires=0, transfer-encoding=chunked, x-content-type-options=nosniff, x-xss-protection=1, content-type=application/hal+json, cache-control=no-cache, no-store, max-age=0, must-revalidate, pragma=no-cache}"
405c9553-a2f8-4548-b0f4-1d3d40794a9f,4649fc96-b1ba-49c4-8a68-fcc1216a085c,false,"[Regression] Header size mismatch for matchId=405c9553-a2f8-4548-b0f4-1d3d40794a9f
   Expected: {expires=0, transfer-encoding=chunked, x-content-type-options=nosniff, x-xss-protection=1; mode=block, content-type=application/hal+json, cache-control=no-cache, no-store, max-age=0, must-revalidate, pragma=no-cache}
   Actual:   {mode=block, expires=0, transfer-encoding=chunked, x-content-type-options=nosniff, x-xss-protection=1, content-type=application/hal+json, cache-control=no-cache, no-store, max-age=0, must-revalidate, pragma=no-cache}"
405c9553-a2f8-4548-b0f4-1d3d40794a9f,5ce77b38-f3ad-4a5e-a259-54f47532b45f,false,"[Regression] Header size mismatch for matchId=405c9553-a2f8-4548-b0f4-1d3d40794a9f
   Expected: {expires=0, transfer-encoding=chunked, x-content-type-options=nosniff, x-xss-protection=1; mode=block, content-type=application/hal+json, cache-control=no-cache, no-store, max-age=0, must-revalidate, pragma=no-cache}
   Actual:   {mode=block, expires=0, transfer-encoding=chunked, x-content-type-options=nosniff, x-xss-protection=1, content-type=application/hal+json, cache-control=no-cache, no-store, max-age=0, must-revalidate, pragma=no-cache}"
405c9553-a2f8-4548-b0f4-1d3d40794a9f,3cff6337-5578-43dc-a7c1-ef253d2114da,false,"[Regression] Header size mismatch for matchId=405c9553-a2f8-4548-b0f4-1d3d40794a9f
   Expected: {expires=0, transfer-encoding=chunked, x-content-type-options=nosniff, x-xss-protection=1; mode=block, content-type=application/hal+json, cache-control=no-cache, no-store, max-age=0, must-revalidate, pragma=no-cache}
   Actual:   {mode=block, expires=0, transfer-encoding=chunked, x-content-type-options=nosniff, x-xss-protection=1, content-type=application/hal+json, cache-control=no-cache, no-store, max-age=0, must-revalidate, pragma=no-cache}"
405c9553-a2f8-4548-b0f4-1d3d40794a9f,37baa603-3f4b-4815-bd07-fe3f12d65868,false,"[Regression] Header size mismatch for matchId=405c9553-a2f8-4548-b0f4-1d3d40794a9f
   Expected: {expires=0, transfer-encoding=chunked, x-content-type-options=nosniff, x-xss-protection=1; mode=block, content-type=application/hal+json, cache-control=no-cache, no-store, max-age=0, must-revalidate, pragma=no-cache}
   Actual:   {mode=block, expires=0, transfer-encoding=chunked, x-content-type-options=nosniff, x-xss-protection=1, content-type=application/hal+json, cache-control=no-cache, no-store, max-age=0, must-revalidate, pragma=no-cache}"
405c9553-a2f8-4548-b0f4-1d3d40794a9f,530bde31-ae34-4b8c-9bee-437fef70c07b,false,"[Regression] Header size mismatch for matchId=405c9553-a2f8-4548-b0f4-1d3d40794a9f
   Expected: {expires=0, transfer-encoding=chunked, x-content-type-options=nosniff, x-xss-protection=1; mode=block, content-type=application/hal+json, cache-control=no-cache, no-store, max-age=0, must-revalidate, pragma=no-cache}
   Actual:   {mode=block, expires=0, transfer-encoding=chunked, x-content-type-options=nosniff, x-xss-protection=1, content-type=application/hal+json, cache-control=no-cache, no-store, max-age=0, must-revalidate, pragma=no-cache}"
405c9553-a2f8-4548-b0f4-1d3d40794a9f,56351e9c-1551-4b6c-b332-48fe93727f25,false,"[Regression] Header size mismatch for matchId=405c9553-a2f8-4548-b0f4-1d3d40794a9f
   Expected: {expires=0, transfer-encoding=chunked, x-content-type-options=nosniff, x-xss-protection=1; mode=block, content-type=application/hal+json, cache-control=no-cache, no-store, max-age=0, must-revalidate, pragma=no-cache}
   Actual:   {mode=block, expires=0, transfer-encoding=chunked, x-content-type-options=nosniff, x-xss-protection=1, content-type=application/hal+json, cache-control=no-cache, no-store, max-age=0, must-revalidate, pragma=no-cache}"
405c9553-a2f8-4548-b0f4-1d3d40794a9f,de4066c2-16cf-4088-90c0-8ad3975ae3d6,false,"[Regression] Header size mismatch for matchId=405c9553-a2f8-4548-b0f4-1d3d40794a9f
   Expected: {expires=0, transfer-encoding=chunked, x-content-type-options=nosniff, x-xss-protection=1; mode=block, content-type=application/hal+json, cache-control=no-cache, no-store, max-age=0, must-revalidate, pragma=no-cache}
   Actual:   {mode=block, expires=0, transfer-encoding=chunked, x-content-type-options=nosniff, x-xss-protection=1, content-type=application/hal+json, cache-control=no-cache, no-store, max-age=0, must-revalidate, pragma=no-cache}"
405c9553-a2f8-4548-b0f4-1d3d40794a9f,1a8acb65-105c-4c2c-a50c-384c52cff88d,false,"[Regression] Header size mismatch for matchId=405c9553-a2f8-4548-b0f4-1d3d40794a9f
   Expected: {expires=0, transfer-encoding=chunked, x-content-type-options=nosniff, x-xss-protection=1; mode=block, content-type=application/hal+json, cache-control=no-cache, no-store, max-age=0, must-revalidate, pragma=no-cache}
   Actual:   {mode=block, expires=0, transfer-encoding=chunked, x-content-type-options=nosniff, x-xss-protection=1, content-type=application/hal+json, cache-control=no-cache, no-store, max-age=0, must-revalidate, pragma=no-cache}"
405c9553-a2f8-4548-b0f4-1d3d40794a9f,0696bf90-cde1-4287-a9c9-799ce19dc94a,false,"[Regression] Header size mismatch for matchId=405c9553-a2f8-4548-b0f4-1d3d40794a9f
   Expected: {expires=0, transfer-encoding=chunked, x-content-type-options=nosniff, x-xss-protection=1; mode=block, content-type=application/hal+json, cache-control=no-cache, no-store, max-age=0, must-revalidate, pragma=no-cache}
   Actual:   {mode=block, expires=0, transfer-encoding=chunked, x-content-type-options=nosniff, x-xss-protection=1, content-type=application/hal+json, cache-control=no-cache, no-store, max-age=0, must-revalidate, pragma=no-cache}"
405c9553-a2f8-4548-b0f4-1d3d40794a9f,be256ce8-d9b6-4817-a286-12a9d09dbdbd,false,"[Regression] Header size mismatch for matchId=405c9553-a2f8-4548-b0f4-1d3d40794a9f
   Expected: {expires=0, transfer-encoding=chunked, x-content-type-options=nosniff, x-xss-protection=1; mode=block, content-type=application/hal+json, cache-control=no-cache, no-store, max-age=0, must-revalidate, pragma=no-cache}
   Actual:   {mode=block, expires=0, transfer-encoding=chunked, x-content-type-options=nosniff, x-xss-protection=1, content-type=application/hal+json, cache-control=no-cache, no-store, max-age=0, must-revalidate, pragma=no-cache}"
405c9553-a2f8-4548-b0f4-1d3d40794a9f,0cbb5e0f-52a9-4d62-bf35-abde46a4cff1,false,"[Regression] Header size mismatch for matchId=405c9553-a2f8-4548-b0f4-1d3d40794a9f
   Expected: {expires=0, transfer-encoding=chunked, x-content-type-options=nosniff, x-xss-protection=1; mode=block, content-type=application/hal+json, cache-control=no-cache, no-store, max-age=0, must-revalidate, pragma=no-cache}
   Actual:   {mode=block, expires=0, transfer-encoding=chunked, x-content-type-options=nosniff, x-xss-protection=1, content-type=application/hal+json, cache-control=no-cache, no-store, max-age=0, must-revalidate, pragma=no-cache}"
405c9553-a2f8-4548-b0f4-1d3d40794a9f,f8818c25-ce47-4201-99fe-e83902395f06,false,"[Regression] Header size mismatch for matchId=405c9553-a2f8-4548-b0f4-1d3d40794a9f
   Expected: {expires=0, transfer-encoding=chunked, x-content-type-options=nosniff, x-xss-protection=1; mode=block, content-type=application/hal+json, cache-control=no-cache, no-store, max-age=0, must-revalidate, pragma=no-cache}
   Actual:   {mode=block, expires=0, transfer-encoding=chunked, x-content-type-options=nosniff, x-xss-protection=1, content-type=application/hal+json, cache-control=no-cache, no-store, max-age=0, must-revalidate, pragma=no-cache}"
405c9553-a2f8-4548-b0f4-1d3d40794a9f,36513d15-b3e7-486e-9268-1cd140490cf2,false,"[Regression] Header size mismatch for matchId=405c9553-a2f8-4548-b0f4-1d3d40794a9f
   Expected: {expires=0, transfer-encoding=chunked, x-content-type-options=nosniff, x-xss-protection=1; mode=block, content-type=application/hal+json, cache-control=no-cache, no-store, max-age=0, must-revalidate, pragma=no-cache}
   Actual:   {mode=block, expires=0, transfer-encoding=chunked, x-content-type-options=nosniff, x-xss-protection=1, content-type=application/hal+json, cache-control=no-cache, no-store, max-age=0, must-revalidate, pragma=no-cache}"
405c9553-a2f8-4548-b0f4-1d3d40794a9f,86939424-76c6-4813-a10b-d3e38baff8e5,false,"[Regression] Header size mismatch for matchId=405c9553-a2f8-4548-b0f4-1d3d40794a9f
   Expected: {expires=0, transfer-encoding=chunked, x-content-type-options=nosniff, x-xss-protection=1; mode=block, content-type=application/hal+json, cache-control=no-cache, no-store, max-age=0, must-revalidate, pragma=no-cache}
   Actual:   {mode=block, expires=0, transfer-encoding=chunked, x-content-type-options=nosniff, x-xss-protection=1, content-type=application/hal+json, cache-control=no-cache, no-store, max-age=0, must-revalidate, pragma=no-cache}"
405c9553-a2f8-4548-b0f4-1d3d40794a9f,d504fe22-2e3b-4182-b08b-978d2419b809,false,"[Regression] Header size mismatch for matchId=405c9553-a2f8-4548-b0f4-1d3d40794a9f
   Expected: {expires=0, transfer-encoding=chunked, x-content-type-options=nosniff, x-xss-protection=1; mode=block, content-type=application/hal+json, cache-control=no-cache, no-store, max-age=0, must-revalidate, pragma=no-cache}
   Actual:   {mode=block, expires=0, transfer-encoding=chunked, x-content-type-options=nosniff, x-xss-protection=1, content-type=application/hal+json, cache-control=no-cache, no-store, max-age=0, must-revalidate, pragma=no-cache}"
405c9553-a2f8-4548-b0f4-1d3d40794a9f,199ec0e6-6cd7-47ce-abf4-8bcc43b11df8,false,"[Regression] Header size mismatch for matchId=405c9553-a2f8-4548-b0f4-1d3d40794a9f
   Expected: {expires=0, transfer-encoding=chunked, x-content-type-options=nosniff, x-xss-protection=1; mode=block, content-type=application/hal+json, cache-control=no-cache, no-store, max-age=0, must-revalidate, pragma=no-cache}
   Actual:   {mode=block, expires=0, transfer-encoding=chunked, x-content-type-options=nosniff, x-xss-protection=1, content-type=application/hal+json, cache-control=no-cache, no-store, max-age=0, must-revalidate, pragma=no-cache}"
405c9553-a2f8-4548-b0f4-1d3d40794a9f,6f0a7d73-548f-4d9a-af3f-0819ea609b0b,false,"[Regression] Header size mismatch for matchId=405c9553-a2f8-4548-b0f4-1d3d40794a9f
   Expected: {expires=0, transfer-encoding=chunked, x-content-type-options=nosniff, x-xss-protection=1; mode=block, content-type=application/hal+json, cache-control=no-cache, no-store, max-age=0, must-revalidate, pragma=no-cache}
   Actual:   {mode=block, expires=0, transfer-encoding=chunked, x-content-type-options=nosniff, x-xss-protection=1, content-type=application/hal+json, cache-control=no-cache, no-store, max-age=0, must-revalidate, pragma=no-cache}"
405c9553-a2f8-4548-b0f4-1d3d40794a9f,412d145b-fa74-460d-a410-de68aaae2594,false,"[Regression] Header size mismatch for matchId=405c9553-a2f8-4548-b0f4-1d3d40794a9f
   Expected: {expires=0, transfer-encoding=chunked, x-content-type-options=nosniff, x-xss-protection=1; mode=block, content-type=application/hal+json, cache-control=no-cache, no-store, max-age=0, must-revalidate, pragma=no-cache}
   Actual:   {mode=block, expires=0, transfer-encoding=chunked, x-content-type-options=nosniff, x-xss-protection=1, content-type=application/hal+json, cache-control=no-cache, no-store, max-age=0, must-revalidate, pragma=no-cache}"
405c9553-a2f8-4548-b0f4-1d3d40794a9f,06674311-e3ef-405c-acda-d84b13556317,false,"[Regression] Header size mismatch for matchId=405c9553-a2f8-4548-b0f4-1d3d40794a9f
   Expected: {expires=0, transfer-encoding=chunked, x-content-type-options=nosniff, x-xss-protection=1; mode=block, content-type=application/hal+json, cache-control=no-cache, no-store, max-age=0, must-revalidate, pragma=no-cache}
   Actual:   {mode=block, expires=0, transfer-encoding=chunked, x-content-type-options=nosniff, x-xss-protection=1, content-type=application/hal+json, cache-control=no-cache, no-store, max-age=0, must-revalidate, pragma=no-cache}"
405c9553-a2f8-4548-b0f4-1d3d40794a9f,780553d5-abda-42b6-b877-803682b953e2,false,"[Regression] Header size mismatch for matchId=405c9553-a2f8-4548-b0f4-1d3d40794a9f
   Expected: {expires=0, transfer-encoding=chunked, x-content-type-options=nosniff, x-xss-protection=1; mode=block, content-type=application/hal+json, cache-control=no-cache, no-store, max-age=0, must-revalidate, pragma=no-cache}
   Actual:   {mode=block, expires=0, transfer-encoding=chunked, x-content-type-options=nosniff, x-xss-protection=1, content-type=application/hal+json, cache-control=no-cache, no-store, max-age=0, must-revalidate, pragma=no-cache}"
2a9f3e8d-c883-4fab-aa4c-a050c6e0e7d5,aef6b079-2d0c-4da4-adca-7990dabfba24,false,"[Regression] Status code mismatch for matchId=2a9f3e8d-c883-4fab-aa4c-a050c6e0e7d5
   Expected: 201
   Actual:   200"
2a9f3e8d-c883-4fab-aa4c-a050c6e0e7d5,8dbb73c4-e635-4e72-bc50-b9854e4c56f2,false,"[Regression] Status code mismatch for matchId=2a9f3e8d-c883-4fab-aa4c-a050c6e0e7d5
   Expected: 201
   Actual:   404"
2a9f3e8d-c883-4fab-aa4c-a050c6e0e7d5,ec51024a-f4c9-4572-ab1f-a32e1eae66c9,false,"[Regression] Status code mismatch for matchId=2a9f3e8d-c883-4fab-aa4c-a050c6e0e7d5
   Expected: 201
   Actual:   503"
2a9f3e8d-c883-4fab-aa4c-a050c6e0e7d5,5eb1f043-ea51-4f1e-865a-6ac2091c1db1,false,"[Regression] Header size mismatch for matchId=2a9f3e8d-c883-4fab-aa4c-a050c6e0e7d5
   Expected: {expires=0, transfer-encoding=chunked, x-content-type-options=nosniff, x-xss-protection=1; mode=block, content-type=application/hal+json, cache-control=no-cache, no-store, max-age=0, must-revalidate, pragma=no-cache}
   Actual:   {mode=block, expires=0, transfer-encoding=chunked, x-content-type-options=nosniff, x-xss-protection=1, content-type=text/css, cache-control=no-cache, no-store, max-age=0, must-revalidate, pragma=no-cache}"
2a9f3e8d-c883-4fab-aa4c-a050c6e0e7d5,509eafa6-244d-4e53-be54-12eb6772b19b,false,"[Regression] Header value (x-xss-protection) mismatch for matchId=2a9f3e8d-c883-4fab-aa4c-a050c6e0e7d5
   Expected: 1; mode=block
   Actual:   1"
2a9f3e8d-c883-4fab-aa4c-a050c6e0e7d5,9c8a1e54-74af-418c-af88-3ef2f0dfa05d,false,"[Regression] Header size mismatch for matchId=2a9f3e8d-c883-4fab-aa4c-a050c6e0e7d5
   Expected: {expires=0, transfer-encoding=chunked, x-content-type-options=nosniff, x-xss-protection=1; mode=block, content-type=application/hal+json, cache-control=no-cache, no-store, max-age=0, must-revalidate, pragma=no-cache}
   Actual:   {mode=block, expires=0, transfer-encoding=chunked, x-content-type-options=nosniff, x-xss-protection=1, content-type=application/hal+json; charset=iso-8859-15, cache-control=no-cache, no-store, max-age=0, must-revalidate, pragma=no-cache}"
2a9f3e8d-c883-4fab-aa4c-a050c6e0e7d5,655dd75c-74f2-4ec1-843d-f2149b81a849,false,"[Regression] Header size mismatch for matchId=2a9f3e8d-c883-4fab-aa4c-a050c6e0e7d5
   Expected: {expires=0, transfer-encoding=chunked, x-content-type-options=nosniff, x-xss-protection=1; mode=block, content-type=application/hal+json, cache-control=no-cache, no-store, max-age=0, must-revalidate, pragma=no-cache}
   Actual:   {mode=block, expires=0, transfer-encoding=chunked, x-content-type-options=nosniff, x-xss-protection=1, content-type=application/hal+json, cache-control=no-cache, no-store, max-age=0, must-revalidate, pragma=no-cache}"
2a9f3e8d-c883-4fab-aa4c-a050c6e0e7d5,80b2af3a-1c9c-40cc-ab56-d1697a393057,false,"[Regression] Header size mismatch for matchId=2a9f3e8d-c883-4fab-aa4c-a050c6e0e7d5
   Expected: {expires=0, transfer-encoding=chunked, x-content-type-options=nosniff, x-xss-protection=1; mode=block, content-type=application/hal+json, cache-control=no-cache, no-store, max-age=0, must-revalidate, pragma=no-cache}
   Actual:   {mode=block, expires=0, transfer-encoding=chunked, x-content-type-options=nosniff, x-xss-protection=1, content-type=application/hal+json, cache-control=no-cache, no-store, max-age=0, must-revalidate, pragma=no-cache}"
2a9f3e8d-c883-4fab-aa4c-a050c6e0e7d5,b64d2db3-c7c9-44af-92b9-cdf9551dfb03,false,"[Regression] Header size mismatch for matchId=2a9f3e8d-c883-4fab-aa4c-a050c6e0e7d5
   Expected: {expires=0, transfer-encoding=chunked, x-content-type-options=nosniff, x-xss-protection=1; mode=block, content-type=application/hal+json, cache-control=no-cache, no-store, max-age=0, must-revalidate, pragma=no-cache}
   Actual:   {mode=block, expires=0, transfer-encoding=chunked, x-content-type-options=nosniff, x-xss-protection=1, content-type=application/hal+json, cache-control=no-cache, no-store, max-age=0, must-revalidate, pragma=no-cache}"
2a9f3e8d-c883-4fab-aa4c-a050c6e0e7d5,0548a4ae-725a-492f-857c-627738842f93,false,"[Regression] Header size mismatch for matchId=2a9f3e8d-c883-4fab-aa4c-a050c6e0e7d5
   Expected: {expires=0, transfer-encoding=chunked, x-content-type-options=nosniff, x-xss-protection=1; mode=block, content-type=application/hal+json, cache-control=no-cache, no-store, max-age=0, must-revalidate, pragma=no-cache}
   Actual:   {mode=block, expires=0, transfer-encoding=chunked, x-content-type-options=nosniff, x-xss-protection=1, content-type=application/hal+json, cache-control=no-cache, no-store, max-age=0, must-revalidate, pragma=no-cache}"
2a9f3e8d-c883-4fab-aa4c-a050c6e0e7d5,e68435d5-a0c2-4a57-8377-43118c318856,false,"[Regression] Header size mismatch for matchId=2a9f3e8d-c883-4fab-aa4c-a050c6e0e7d5
   Expected: {expires=0, transfer-encoding=chunked, x-content-type-options=nosniff, x-xss-protection=1; mode=block, content-type=application/hal+json, cache-control=no-cache, no-store, max-age=0, must-revalidate, pragma=no-cache}
   Actual:   {mode=block, expires=0, transfer-encoding=chunked, x-content-type-options=nosniff, x-xss-protection=1, content-type=application/hal+json, cache-control=no-cache, no-store, max-age=0, must-revalidate, pragma=no-cache}"
2a9f3e8d-c883-4fab-aa4c-a050c6e0e7d5,f66a0d67-4725-4b91-8c65-77c825fea05a,false,"[Regression] Header size mismatch for matchId=2a9f3e8d-c883-4fab-aa4c-a050c6e0e7d5
   Expected: {expires=0, transfer-encoding=chunked, x-content-type-options=nosniff, x-xss-protection=1; mode=block, content-type=application/hal+json, cache-control=no-cache, no-store, max-age=0, must-revalidate, pragma=no-cache}
   Actual:   {mode=block, expires=0, transfer-encoding=chunked, x-content-type-options=nosniff, x-xss-protection=1, content-type=application/hal+json, cache-control=no-cache, no-store, max-age=0, must-revalidate, pragma=no-cache}"
2a9f3e8d-c883-4fab-aa4c-a050c6e0e7d5,79b35045-b4ae-4124-821b-d5a097c9dc46,false,"[Regression] Header size mismatch for matchId=2a9f3e8d-c883-4fab-aa4c-a050c6e0e7d5
   Expected: {expires=0, transfer-encoding=chunked, x-content-type-options=nosniff, x-xss-protection=1; mode=block, content-type=application/hal+json, cache-control=no-cache, no-store, max-age=0, must-revalidate, pragma=no-cache}
   Actual:   {mode=block, expires=0, transfer-encoding=chunked, x-content-type-options=nosniff, x-xss-protection=1, content-type=application/hal+json, cache-control=no-cache, no-store, max-age=0, must-revalidate, pragma=no-cache}"
2a9f3e8d-c883-4fab-aa4c-a050c6e0e7d5,aff8d3ba-2b90-4ffa-8c49-392d172c48c4,false,"[Regression] Header size mismatch for matchId=2a9f3e8d-c883-4fab-aa4c-a050c6e0e7d5
   Expected: {expires=0, transfer-encoding=chunked, x-content-type-options=nosniff, x-xss-protection=1; mode=block, content-type=application/hal+json, cache-control=no-cache, no-store, max-age=0, must-revalidate, pragma=no-cache}
   Actual:   {mode=block, expires=0, transfer-encoding=chunked, x-content-type-options=nosniff, x-xss-protection=1, content-type=application/hal+json, cache-control=no-cache, no-store, max-age=0, must-revalidate, pragma=no-cache}"
2a9f3e8d-c883-4fab-aa4c-a050c6e0e7d5,2bed435a-5b4f-4f4e-8a74-5c09506afc52,false,"[Regression] Header size mismatch for matchId=2a9f3e8d-c883-4fab-aa4c-a050c6e0e7d5
   Expected: {expires=0, transfer-encoding=chunked, x-content-type-options=nosniff, x-xss-protection=1; mode=block, content-type=application/hal+json, cache-control=no-cache, no-store, max-age=0, must-revalidate, pragma=no-cache}
   Actual:   {mode=block, expires=0, transfer-encoding=chunked, x-content-type-options=nosniff, x-xss-protection=1, content-type=application/hal+json, cache-control=no-cache, no-store, max-age=0, must-revalidate, pragma=no-cache}"
2a9f3e8d-c883-4fab-aa4c-a050c6e0e7d5,cbca60fa-140a-4689-ae93-960a19e9eb9b,false,"[Regression] Header size mismatch for matchId=2a9f3e8d-c883-4fab-aa4c-a050c6e0e7d5
   Expected: {expires=0, transfer-encoding=chunked, x-content-type-options=nosniff, x-xss-protection=1; mode=block, content-type=application/hal+json, cache-control=no-cache, no-store, max-age=0, must-revalidate, pragma=no-cache}
   Actual:   {mode=block, expires=0, transfer-encoding=chunked, x-content-type-options=nosniff, x-xss-protection=1, content-type=application/hal+json, cache-control=no-cache, no-store, max-age=0, must-revalidate, pragma=no-cache}"
2a9f3e8d-c883-4fab-aa4c-a050c6e0e7d5,4575fa35-bc40-47f1-9733-a723a08fc44a,false,"[Regression] Header size mismatch for matchId=2a9f3e8d-c883-4fab-aa4c-a050c6e0e7d5
   Expected: {expires=0, transfer-encoding=chunked, x-content-type-options=nosniff, x-xss-protection=1; mode=block, content-type=application/hal+json, cache-control=no-cache, no-store, max-age=0, must-revalidate, pragma=no-cache}
   Actual:   {mode=block, expires=0, transfer-encoding=chunked, x-content-type-options=nosniff, x-xss-protection=1, content-type=application/hal+json, cache-control=no-cache, no-store, max-age=0, must-revalidate, pragma=no-cache}"
2a9f3e8d-c883-4fab-aa4c-a050c6e0e7d5,ac9b7bf4-c74b-4e79-8e3b-86ed17a6da95,false,"[Regression] Header size mismatch for matchId=2a9f3e8d-c883-4fab-aa4c-a050c6e0e7d5
   Expected: {expires=0, transfer-encoding=chunked, x-content-type-options=nosniff, x-xss-protection=1; mode=block, content-type=application/hal+json, cache-control=no-cache, no-store, max-age=0, must-revalidate, pragma=no-cache}
   Actual:   {mode=block, expires=0, transfer-encoding=chunked, x-content-type-options=nosniff, x-xss-protection=1, content-type=application/hal+json, cache-control=no-cache, no-store, max-age=0, must-revalidate, pragma=no-cache}"
2a9f3e8d-c883-4fab-aa4c-a050c6e0e7d5,fd9c578e-1042-4cc6-bf93-047841fb0503,false,"[Regression] Header size mismatch for matchId=2a9f3e8d-c883-4fab-aa4c-a050c6e0e7d5
   Expected: {expires=0, transfer-encoding=chunked, x-content-type-options=nosniff, x-xss-protection=1; mode=block, content-type=application/hal+json, cache-control=no-cache, no-store, max-age=0, must-revalidate, pragma=no-cache}
   Actual:   {mode=block, expires=0, transfer-encoding=chunked, x-content-type-options=nosniff, x-xss-protection=1, content-type=application/hal+json, cache-control=no-cache, no-store, max-age=0, must-revalidate, pragma=no-cache}"
2a9f3e8d-c883-4fab-aa4c-a050c6e0e7d5,1cfb6a6d-ae62-4d3d-a701-d20d35867c54,false,"[Regression] Header size mismatch for matchId=2a9f3e8d-c883-4fab-aa4c-a050c6e0e7d5
   Expected: {expires=0, transfer-encoding=chunked, x-content-type-options=nosniff, x-xss-protection=1; mode=block, content-type=application/hal+json, cache-control=no-cache, no-store, max-age=0, must-revalidate, pragma=no-cache}
   Actual:   {mode=block, expires=0, transfer-encoding=chunked, x-content-type-options=nosniff, x-xss-protection=1, content-type=application/hal+json, cache-control=no-cache, no-store, max-age=0, must-revalidate, pragma=no-cache}"
2a9f3e8d-c883-4fab-aa4c-a050c6e0e7d5,f80a66c2-f20a-42bc-84d2-692251cfe471,false,"[Regression] Header size mismatch for matchId=2a9f3e8d-c883-4fab-aa4c-a050c6e0e7d5
   Expected: {expires=0, transfer-encoding=chunked, x-content-type-options=nosniff, x-xss-protection=1; mode=block, content-type=application/hal+json, cache-control=no-cache, no-store, max-age=0, must-revalidate, pragma=no-cache}
   Actual:   {mode=block, expires=0, transfer-encoding=chunked, x-content-type-options=nosniff, x-xss-protection=1, content-type=application/hal+json, cache-control=no-cache, no-store, max-age=0, must-revalidate, pragma=no-cache}"
2a9f3e8d-c883-4fab-aa4c-a050c6e0e7d5,55af2ac4-445e-4ec7-94cb-b94726e12e0b,false,"[Regression] Header size mismatch for matchId=2a9f3e8d-c883-4fab-aa4c-a050c6e0e7d5
   Expected: {expires=0, transfer-encoding=chunked, x-content-type-options=nosniff, x-xss-protection=1; mode=block, content-type=application/hal+json, cache-control=no-cache, no-store, max-age=0, must-revalidate, pragma=no-cache}
   Actual:   {mode=block, expires=0, transfer-encoding=chunked, x-content-type-options=nosniff, x-xss-protection=1, content-type=application/hal+json, cache-control=no-cache, no-store, max-age=0, must-revalidate, pragma=no-cache}"
2a9f3e8d-c883-4fab-aa4c-a050c6e0e7d5,e7f89e7a-d9b8-40e4-a406-fe35e0f9213c,false,"[Regression] Header size mismatch for matchId=2a9f3e8d-c883-4fab-aa4c-a050c6e0e7d5
   Expected: {expires=0, transfer-encoding=chunked, x-content-type-options=nosniff, x-xss-protection=1; mode=block, content-type=application/hal+json, cache-control=no-cache, no-store, max-age=0, must-revalidate, pragma=no-cache}
   Actual:   {mode=block, expires=0, transfer-encoding=chunked, x-content-type-options=nosniff, x-xss-protection=1, content-type=application/hal+json, cache-control=no-cache, no-store, max-age=0, must-revalidate, pragma=no-cache}"
2a9f3e8d-c883-4fab-aa4c-a050c6e0e7d5,f662e906-6065-43c5-826e-f3f761dc0757,false,"[Regression] Header size mismatch for matchId=2a9f3e8d-c883-4fab-aa4c-a050c6e0e7d5
   Expected: {expires=0, transfer-encoding=chunked, x-content-type-options=nosniff, x-xss-protection=1; mode=block, content-type=application/hal+json, cache-control=no-cache, no-store, max-age=0, must-revalidate, pragma=no-cache}
   Actual:   {mode=block, expires=0, transfer-encoding=chunked, x-content-type-options=nosniff, x-xss-protection=1, content-type=application/hal+json, cache-control=no-cache, no-store, max-age=0, must-revalidate, pragma=no-cache}"
2a9f3e8d-c883-4fab-aa4c-a050c6e0e7d5,9ae417df-d518-4d84-a76b-115910740259,false,"[Regression] Header size mismatch for matchId=2a9f3e8d-c883-4fab-aa4c-a050c6e0e7d5
   Expected: {expires=0, transfer-encoding=chunked, x-content-type-options=nosniff, x-xss-protection=1; mode=block, content-type=application/hal+json, cache-control=no-cache, no-store, max-age=0, must-revalidate, pragma=no-cache}
   Actual:   {mode=block, expires=0, transfer-encoding=chunked, x-content-type-options=nosniff, x-xss-protection=1, content-type=application/hal+json, cache-control=no-cache, no-store, max-age=0, must-revalidate, pragma=no-cache}"
2a9f3e8d-c883-4fab-aa4c-a050c6e0e7d5,b81c755b-fef5-4e75-823a-c0fbeb72e40f,false,"[Regression] Header size mismatch for matchId=2a9f3e8d-c883-4fab-aa4c-a050c6e0e7d5
   Expected: {expires=0, transfer-encoding=chunked, x-content-type-options=nosniff, x-xss-protection=1; mode=block, content-type=application/hal+json, cache-control=no-cache, no-store, max-age=0, must-revalidate, pragma=no-cache}
   Actual:   {mode=block, expires=0, transfer-encoding=chunked, x-content-type-options=nosniff, x-xss-protection=1, content-type=application/hal+json, cache-control=no-cache, no-store, max-age=0, must-revalidate, pragma=no-cache}"
2a9f3e8d-c883-4fab-aa4c-a050c6e0e7d5,bf65dd0d-298d-402e-82cb-f22328b558b1,false,"[Regression] Header size mismatch for matchId=2a9f3e8d-c883-4fab-aa4c-a050c6e0e7d5
   Expected: {expires=0, transfer-encoding=chunked, x-content-type-options=nosniff, x-xss-protection=1; mode=block, content-type=application/hal+json, cache-control=no-cache, no-store, max-age=0, must-revalidate, pragma=no-cache}
   Actual:   {mode=block, expires=0, transfer-encoding=chunked, x-content-type-options=nosniff, x-xss-protection=1, content-type=application/hal+json, cache-control=no-cache, no-store, max-age=0, must-revalidate, pragma=no-cache}"
2a9f3e8d-c883-4fab-aa4c-a050c6e0e7d5,efb12dcf-8cd4-4802-b7b8-206cccbfff2e,false,"[Regression] Header size mismatch for matchId=2a9f3e8d-c883-4fab-aa4c-a050c6e0e7d5
   Expected: {expires=0, transfer-encoding=chunked, x-content-type-options=nosniff, x-xss-protection=1; mode=block, content-type=application/hal+json, cache-control=no-cache, no-store, max-age=0, must-revalidate, pragma=no-cache}
   Actual:   {mode=block, expires=0, transfer-encoding=chunked, x-content-type-options=nosniff, x-xss-protection=1, content-type=application/hal+json, cache-control=no-cache, no-store, max-age=0, must-revalidate, pragma=no-cache}"
2a9f3e8d-c883-4fab-aa4c-a050c6e0e7d5,d99beb2e-b2c9-49c3-9441-5b37884ff7e3,false,"[Regression] Header size mismatch for matchId=2a9f3e8d-c883-4fab-aa4c-a050c6e0e7d5
   Expected: {expires=0, transfer-encoding=chunked, x-content-type-options=nosniff, x-xss-protection=1; mode=block, content-type=application/hal+json, cache-control=no-cache, no-store, max-age=0, must-revalidate, pragma=no-cache}
   Actual:   {mode=block, expires=0, transfer-encoding=chunked, x-content-type-options=nosniff, x-xss-protection=1, content-type=application/hal+json, cache-control=no-cache, no-store, max-age=0, must-revalidate, pragma=no-cache}"
2a9f3e8d-c883-4fab-aa4c-a050c6e0e7d5,fb4ed5b9-4975-49bd-afa4-af1f298fb5a7,false,"[Regression] Header size mismatch for matchId=2a9f3e8d-c883-4fab-aa4c-a050c6e0e7d5
   Expected: {expires=0, transfer-encoding=chunked, x-content-type-options=nosniff, x-xss-protection=1; mode=block, content-type=application/hal+json, cache-control=no-cache, no-store, max-age=0, must-revalidate, pragma=no-cache}
   Actual:   {mode=block, expires=0, transfer-encoding=chunked, x-content-type-options=nosniff, x-xss-protection=1, content-type=application/hal+json, cache-control=no-cache, no-store, max-age=0, must-revalidate, pragma=no-cache}"
2a9f3e8d-c883-4fab-aa4c-a050c6e0e7d5,fffd0185-2c91-457e-b176-abbd184079ab,false,"[Regression] Header size mismatch for matchId=2a9f3e8d-c883-4fab-aa4c-a050c6e0e7d5
   Expected: {expires=0, transfer-encoding=chunked, x-content-type-options=nosniff, x-xss-protection=1; mode=block, content-type=application/hal+json, cache-control=no-cache, no-store, max-age=0, must-revalidate, pragma=no-cache}
   Actual:   {mode=block, expires=0, transfer-encoding=chunked, x-content-type-options=nosniff, x-xss-protection=1, content-type=application/hal+json, cache-control=no-cache, no-store, max-age=0, must-revalidate, pragma=no-cache}"
2a9f3e8d-c883-4fab-aa4c-a050c6e0e7d5,a412fcf3-3688-4ec2-9a09-26b18d87648b,false,"[Regression] Header size mismatch for matchId=2a9f3e8d-c883-4fab-aa4c-a050c6e0e7d5
   Expected: {expires=0, transfer-encoding=chunked, x-content-type-options=nosniff, x-xss-protection=1; mode=block, content-type=application/hal+json, cache-control=no-cache, no-store, max-age=0, must-revalidate, pragma=no-cache}
   Actual:   {mode=block, expires=0, transfer-encoding=chunked, x-content-type-options=nosniff, x-xss-protection=1, content-type=application/hal+json, cache-control=no-cache, no-store, max-age=0, must-revalidate, pragma=no-cache}"
2a9f3e8d-c883-4fab-aa4c-a050c6e0e7d5,69043e3d-b030-4037-ad21-97f2849b469a,false,"[Regression] Header size mismatch for matchId=2a9f3e8d-c883-4fab-aa4c-a050c6e0e7d5
   Expected: {expires=0, transfer-encoding=chunked, x-content-type-options=nosniff, x-xss-protection=1; mode=block, content-type=application/hal+json, cache-control=no-cache, no-store, max-age=0, must-revalidate, pragma=no-cache}
   Actual:   {mode=block, expires=0, transfer-encoding=chunked, x-content-type-options=nosniff, x-xss-protection=1, content-type=application/hal+json, cache-control=no-cache, no-store, max-age=0, must-revalidate, pragma=no-cache}"
2a9f3e8d-c883-4fab-aa4c-a050c6e0e7d5,4f840673-a30f-4d52-a5f7-7dd63d6547d5,false,"[Regression] Header size mismatch for matchId=2a9f3e8d-c883-4fab-aa4c-a050c6e0e7d5
   Expected: {expires=0, transfer-encoding=chunked, x-content-type-options=nosniff, x-xss-protection=1; mode=block, content-type=application/hal+json, cache-control=no-cache, no-store, max-age=0, must-revalidate, pragma=no-cache}
   Actual:   {mode=block, expires=0, transfer-encoding=chunked, x-content-type-options=nosniff, x-xss-protection=1, content-type=application/hal+json, cache-control=no-cache, no-store, max-age=0, must-revalidate, pragma=no-cache}"
2a9f3e8d-c883-4fab-aa4c-a050c6e0e7d5,10aac384-e2bd-459b-9944-aab2b9b976a3,false,"[Regression] Header size mismatch for matchId=2a9f3e8d-c883-4fab-aa4c-a050c6e0e7d5
   Expected: {expires=0, transfer-encoding=chunked, x-content-type-options=nosniff, x-xss-protection=1; mode=block, content-type=application/hal+json, cache-control=no-cache, no-store, max-age=0, must-revalidate, pragma=no-cache}
   Actual:   {mode=block, expires=0, transfer-encoding=chunked, x-content-type-options=nosniff, x-xss-protection=1, content-type=application/hal+json, cache-control=no-cache, no-store, max-age=0, must-revalidate, pragma=no-cache}"
2a9f3e8d-c883-4fab-aa4c-a050c6e0e7d5,8384eb86-a501-45f1-b071-9781e5c1b5bc,false,"[Regression] Header size mismatch for matchId=2a9f3e8d-c883-4fab-aa4c-a050c6e0e7d5
   Expected: {expires=0, transfer-encoding=chunked, x-content-type-options=nosniff, x-xss-protection=1; mode=block, content-type=application/hal+json, cache-control=no-cache, no-store, max-age=0, must-revalidate, pragma=no-cache}
   Actual:   {mode=block, expires=0, transfer-encoding=chunked, x-content-type-options=nosniff, x-xss-protection=1, content-type=application/hal+json, cache-control=no-cache, no-store, max-age=0, must-revalidate, pragma=no-cache}"
2a9f3e8d-c883-4fab-aa4c-a050c6e0e7d5,c7859d4b-c99e-4061-801c-d7a8ce4536c6,false,"[Regression] Header size mismatch for matchId=2a9f3e8d-c883-4fab-aa4c-a050c6e0e7d5
   Expected: {expires=0, transfer-encoding=chunked, x-content-type-options=nosniff, x-xss-protection=1; mode=block, content-type=application/hal+json, cache-control=no-cache, no-store, max-age=0, must-revalidate, pragma=no-cache}
   Actual:   {mode=block, expires=0, transfer-encoding=chunked, x-content-type-options=nosniff, x-xss-protection=1, content-type=application/hal+json, cache-control=no-cache, no-store, max-age=0, must-revalidate, pragma=no-cache}"
2a9f3e8d-c883-4fab-aa4c-a050c6e0e7d5,8c3ca08f-6b50-4224-9862-3f308b44a4f8,false,"[Regression] Header size mismatch for matchId=2a9f3e8d-c883-4fab-aa4c-a050c6e0e7d5
   Expected: {expires=0, transfer-encoding=chunked, x-content-type-options=nosniff, x-xss-protection=1; mode=block, content-type=application/hal+json, cache-control=no-cache, no-store, max-age=0, must-revalidate, pragma=no-cache}
   Actual:   {mode=block, expires=0, transfer-encoding=chunked, x-content-type-options=nosniff, x-xss-protection=1, content-type=application/hal+json, cache-control=no-cache, no-store, max-age=0, must-revalidate, pragma=no-cache}"
2a9f3e8d-c883-4fab-aa4c-a050c6e0e7d5,49944f18-dd7c-4ea9-895e-08e1d76f4c73,false,"[Regression] Header size mismatch for matchId=2a9f3e8d-c883-4fab-aa4c-a050c6e0e7d5
   Expected: {expires=0, transfer-encoding=chunked, x-content-type-options=nosniff, x-xss-protection=1; mode=block, content-type=application/hal+json, cache-control=no-cache, no-store, max-age=0, must-revalidate, pragma=no-cache}
   Actual:   {mode=block, expires=0, transfer-encoding=chunked, x-content-type-options=nosniff, x-xss-protection=1, content-type=application/hal+json, cache-control=no-cache, no-store, max-age=0, must-revalidate, pragma=no-cache}"
2a9f3e8d-c883-4fab-aa4c-a050c6e0e7d5,92b7bedf-75eb-45eb-bb3f-1c0f5f47c6dd,false,"[Regression] Header size mismatch for matchId=2a9f3e8d-c883-4fab-aa4c-a050c6e0e7d5
   Expected: {expires=0, transfer-encoding=chunked, x-content-type-options=nosniff, x-xss-protection=1; mode=block, content-type=application/hal+json, cache-control=no-cache, no-store, max-age=0, must-revalidate, pragma=no-cache}
   Actual:   {mode=block, expires=0, transfer-encoding=chunked, x-content-type-options=nosniff, x-xss-protection=1, content-type=application/hal+json, cache-control=no-cache, no-store, max-age=0, must-revalidate, pragma=no-cache}"
2a9f3e8d-c883-4fab-aa4c-a050c6e0e7d5,45f83f18-6e45-4c10-b36c-1f248c0cd48c,false,"[Regression] Header size mismatch for matchId=2a9f3e8d-c883-4fab-aa4c-a050c6e0e7d5
   Expected: {expires=0, transfer-encoding=chunked, x-content-type-options=nosniff, x-xss-protection=1; mode=block, content-type=application/hal+json, cache-control=no-cache, no-store, max-age=0, must-revalidate, pragma=no-cache}
   Actual:   {mode=block, expires=0, transfer-encoding=chunked, x-content-type-options=nosniff, x-xss-protection=1, content-type=application/hal+json, cache-control=no-cache, no-store, max-age=0, must-revalidate, pragma=no-cache}"
2a9f3e8d-c883-4fab-aa4c-a050c6e0e7d5,84cb6c81-28ae-41ab-ae73-83bbc4d3530c,false,"[Regression] Header size mismatch for matchId=2a9f3e8d-c883-4fab-aa4c-a050c6e0e7d5
   Expected: {expires=0, transfer-encoding=chunked, x-content-type-options=nosniff, x-xss-protection=1; mode=block, content-type=application/hal+json, cache-control=no-cache, no-store, max-age=0, must-revalidate, pragma=no-cache}
   Actual:   {mode=block, expires=0, transfer-encoding=chunked, x-content-type-options=nosniff, x-xss-protection=1, content-type=application/hal+json, cache-control=no-cache, no-store, max-age=0, must-revalidate, pragma=no-cache}"
2a9f3e8d-c883-4fab-aa4c-a050c6e0e7d5,b6a0e5b3-b953-49ca-a2bc-73bb51f9994a,false,"[Regression] Header size mismatch for matchId=2a9f3e8d-c883-4fab-aa4c-a050c6e0e7d5
   Expected: {expires=0, transfer-encoding=chunked, x-content-type-options=nosniff, x-xss-protection=1; mode=block, content-type=application/hal+json, cache-control=no-cache, no-store, max-age=0, must-revalidate, pragma=no-cache}
   Actual:   {mode=block, expires=0, transfer-encoding=chunked, x-content-type-options=nosniff, x-xss-protection=1, content-type=application/hal+json, cache-control=no-cache, no-store, max-age=0, must-revalidate, pragma=no-cache}"
2a9f3e8d-c883-4fab-aa4c-a050c6e0e7d5,a3e74f08-9852-43c0-b730-9759f5a7b7e8,false,"[Regression] Header size mismatch for matchId=2a9f3e8d-c883-4fab-aa4c-a050c6e0e7d5
   Expected: {expires=0, transfer-encoding=chunked, x-content-type-options=nosniff, x-xss-protection=1; mode=block, content-type=application/hal+json, cache-control=no-cache, no-store, max-age=0, must-revalidate, pragma=no-cache}
   Actual:   {mode=block, expires=0, transfer-encoding=chunked, x-content-type-options=nosniff, x-xss-protection=1, content-type=application/hal+json, cache-control=no-cache, no-store, max-age=0, must-revalidate, pragma=no-cache}"
2a9f3e8d-c883-4fab-aa4c-a050c6e0e7d5,3327ec94-4ea0-4843-bd76-02122d91db93,false,"[Regression] Header size mismatch for matchId=2a9f3e8d-c883-4fab-aa4c-a050c6e0e7d5
   Expected: {expires=0, transfer-encoding=chunked, x-content-type-options=nosniff, x-xss-protection=1; mode=block, content-type=application/hal+json, cache-control=no-cache, no-store, max-age=0, must-revalidate, pragma=no-cache}
   Actual:   {mode=block, expires=0, transfer-encoding=chunked, x-content-type-options=nosniff, x-xss-protection=1, content-type=application/hal+json, cache-control=no-cache, no-store, max-age=0, must-revalidate, pragma=no-cache}"
5b5cd551-b36e-44dd-a4b0-3713f2da5480,525002e0-1547-4e9a-95e1-583e1855c429,false,"[Regression] Status code mismatch for matchId=5b5cd551-b36e-44dd-a4b0-3713f2da5480
   Expected: 201
   Actual:   204"
5b5cd551-b36e-44dd-a4b0-3713f2da5480,e58499a1-6ee8-4d5f-8279-8a99dfb99aaa,false,"[Regression] Status code mismatch for matchId=5b5cd551-b36e-44dd-a4b0-3713f2da5480
   Expected: 201
   Actual:   404"
5b5cd551-b36e-44dd-a4b0-3713f2da5480,25e64606-ae32-46cb-9be3-da61e18ba1f9,false,"[Regression] Status code mismatch for matchId=5b5cd551-b36e-44dd-a4b0-3713f2da5480
   Expected: 201
   Actual:   503"
5b5cd551-b36e-44dd-a4b0-3713f2da5480,3ce2e2ab-beac-4197-a709-9898cd3ab927,false,"[Regression] Header size mismatch for matchId=5b5cd551-b36e-44dd-a4b0-3713f2da5480
   Expected: {expires=0, transfer-encoding=chunked, x-content-type-options=nosniff, x-xss-protection=1; mode=block, content-type=application/hal+json, cache-control=no-cache, no-store, max-age=0, must-revalidate, pragma=no-cache}
   Actual:   {mode=block, expires=0, transfer-encoding=chunked, x-content-type-options=nosniff, x-xss-protection=1, content-type=application/xml, cache-control=no-cache, no-store, max-age=0, must-revalidate, pragma=no-cache}"
5b5cd551-b36e-44dd-a4b0-3713f2da5480,3b5b7ff2-7bce-499e-b430-66d5a74e2aec,false,"[Regression] Header value (x-xss-protection) mismatch for matchId=5b5cd551-b36e-44dd-a4b0-3713f2da5480
   Expected: 1; mode=block
   Actual:   1"
5b5cd551-b36e-44dd-a4b0-3713f2da5480,371d2c2c-201f-4c0d-aeb7-56391dc95a9c,false,"[Regression] Header size mismatch for matchId=5b5cd551-b36e-44dd-a4b0-3713f2da5480
   Expected: {expires=0, transfer-encoding=chunked, x-content-type-options=nosniff, x-xss-protection=1; mode=block, content-type=application/hal+json, cache-control=no-cache, no-store, max-age=0, must-revalidate, pragma=no-cache}
   Actual:   {mode=block, expires=0, transfer-encoding=chunked, x-content-type-options=nosniff, x-xss-protection=1, content-type=application/hal+json; charset=iso-8859-15, cache-control=no-cache, no-store, max-age=0, must-revalidate, pragma=no-cache}"
5b5cd551-b36e-44dd-a4b0-3713f2da5480,a238c74b-8a15-4ab7-922f-44ee6d5bb77a,false,"[Regression] Header size mismatch for matchId=5b5cd551-b36e-44dd-a4b0-3713f2da5480
   Expected: {expires=0, transfer-encoding=chunked, x-content-type-options=nosniff, x-xss-protection=1; mode=block, content-type=application/hal+json, cache-control=no-cache, no-store, max-age=0, must-revalidate, pragma=no-cache}
   Actual:   {mode=block, expires=0, transfer-encoding=chunked, x-content-type-options=nosniff, x-xss-protection=1, content-type=application/hal+json, cache-control=no-cache, no-store, max-age=0, must-revalidate, pragma=no-cache}"
5b5cd551-b36e-44dd-a4b0-3713f2da5480,e618c161-f46c-4931-8003-28bb4f678295,false,"[Regression] Header size mismatch for matchId=5b5cd551-b36e-44dd-a4b0-3713f2da5480
   Expected: {expires=0, transfer-encoding=chunked, x-content-type-options=nosniff, x-xss-protection=1; mode=block, content-type=application/hal+json, cache-control=no-cache, no-store, max-age=0, must-revalidate, pragma=no-cache}
   Actual:   {mode=block, expires=0, transfer-encoding=chunked, x-content-type-options=nosniff, x-xss-protection=1, content-type=application/hal+json, cache-control=no-cache, no-store, max-age=0, must-revalidate, pragma=no-cache}"
5b5cd551-b36e-44dd-a4b0-3713f2da5480,4e4bff7c-c1f1-4ae5-8a27-fca41d69f71d,false,"[Regression] Header size mismatch for matchId=5b5cd551-b36e-44dd-a4b0-3713f2da5480
   Expected: {expires=0, transfer-encoding=chunked, x-content-type-options=nosniff, x-xss-protection=1; mode=block, content-type=application/hal+json, cache-control=no-cache, no-store, max-age=0, must-revalidate, pragma=no-cache}
   Actual:   {mode=block, expires=0, transfer-encoding=chunked, x-content-type-options=nosniff, x-xss-protection=1, content-type=application/hal+json, cache-control=no-cache, no-store, max-age=0, must-revalidate, pragma=no-cache}"
5b5cd551-b36e-44dd-a4b0-3713f2da5480,fe431ea7-105b-4ee8-91f5-ecf96fa5b0c0,false,"[Regression] Header size mismatch for matchId=5b5cd551-b36e-44dd-a4b0-3713f2da5480
   Expected: {expires=0, transfer-encoding=chunked, x-content-type-options=nosniff, x-xss-protection=1; mode=block, content-type=application/hal+json, cache-control=no-cache, no-store, max-age=0, must-revalidate, pragma=no-cache}
   Actual:   {mode=block, expires=0, transfer-encoding=chunked, x-content-type-options=nosniff, x-xss-protection=1, content-type=application/hal+json, cache-control=no-cache, no-store, max-age=0, must-revalidate, pragma=no-cache}"
5b5cd551-b36e-44dd-a4b0-3713f2da5480,08a3fc62-e87e-4f30-a3a7-de5c8ff7f9c4,false,"[Regression] Header size mismatch for matchId=5b5cd551-b36e-44dd-a4b0-3713f2da5480
   Expected: {expires=0, transfer-encoding=chunked, x-content-type-options=nosniff, x-xss-protection=1; mode=block, content-type=application/hal+json, cache-control=no-cache, no-store, max-age=0, must-revalidate, pragma=no-cache}
   Actual:   {mode=block, expires=0, transfer-encoding=chunked, x-content-type-options=nosniff, x-xss-protection=1, content-type=application/hal+json, cache-control=no-cache, no-store, max-age=0, must-revalidate, pragma=no-cache}"
5b5cd551-b36e-44dd-a4b0-3713f2da5480,513e5799-ec8a-4828-ba7d-2223b0a2ce35,false,"[Regression] Header size mismatch for matchId=5b5cd551-b36e-44dd-a4b0-3713f2da5480
   Expected: {expires=0, transfer-encoding=chunked, x-content-type-options=nosniff, x-xss-protection=1; mode=block, content-type=application/hal+json, cache-control=no-cache, no-store, max-age=0, must-revalidate, pragma=no-cache}
   Actual:   {mode=block, expires=0, transfer-encoding=chunked, x-content-type-options=nosniff, x-xss-protection=1, content-type=application/hal+json, cache-control=no-cache, no-store, max-age=0, must-revalidate, pragma=no-cache}"
5b5cd551-b36e-44dd-a4b0-3713f2da5480,d5d39b11-4010-4f9e-ab0e-ca1283094789,false,"[Regression] Header size mismatch for matchId=5b5cd551-b36e-44dd-a4b0-3713f2da5480
   Expected: {expires=0, transfer-encoding=chunked, x-content-type-options=nosniff, x-xss-protection=1; mode=block, content-type=application/hal+json, cache-control=no-cache, no-store, max-age=0, must-revalidate, pragma=no-cache}
   Actual:   {mode=block, expires=0, transfer-encoding=chunked, x-content-type-options=nosniff, x-xss-protection=1, content-type=application/hal+json, cache-control=no-cache, no-store, max-age=0, must-revalidate, pragma=no-cache}"
5b5cd551-b36e-44dd-a4b0-3713f2da5480,e8161779-8d9a-4135-91be-f5888617e2c8,false,"[Regression] Header size mismatch for matchId=5b5cd551-b36e-44dd-a4b0-3713f2da5480
   Expected: {expires=0, transfer-encoding=chunked, x-content-type-options=nosniff, x-xss-protection=1; mode=block, content-type=application/hal+json, cache-control=no-cache, no-store, max-age=0, must-revalidate, pragma=no-cache}
   Actual:   {mode=block, expires=0, transfer-encoding=chunked, x-content-type-options=nosniff, x-xss-protection=1, content-type=application/hal+json, cache-control=no-cache, no-store, max-age=0, must-revalidate, pragma=no-cache}"
5b5cd551-b36e-44dd-a4b0-3713f2da5480,0db7c11d-b0ea-4936-9065-290e71d8adc9,false,"[Regression] Header size mismatch for matchId=5b5cd551-b36e-44dd-a4b0-3713f2da5480
   Expected: {expires=0, transfer-encoding=chunked, x-content-type-options=nosniff, x-xss-protection=1; mode=block, content-type=application/hal+json, cache-control=no-cache, no-store, max-age=0, must-revalidate, pragma=no-cache}
   Actual:   {mode=block, expires=0, transfer-encoding=chunked, x-content-type-options=nosniff, x-xss-protection=1, content-type=application/hal+json, cache-control=no-cache, no-store, max-age=0, must-revalidate, pragma=no-cache}"
5b5cd551-b36e-44dd-a4b0-3713f2da5480,a7366a6b-d56b-4dbf-9963-886de9b9b8ee,false,"[Regression] Header size mismatch for matchId=5b5cd551-b36e-44dd-a4b0-3713f2da5480
   Expected: {expires=0, transfer-encoding=chunked, x-content-type-options=nosniff, x-xss-protection=1; mode=block, content-type=application/hal+json, cache-control=no-cache, no-store, max-age=0, must-revalidate, pragma=no-cache}
   Actual:   {mode=block, expires=0, transfer-encoding=chunked, x-content-type-options=nosniff, x-xss-protection=1, content-type=application/hal+json, cache-control=no-cache, no-store, max-age=0, must-revalidate, pragma=no-cache}"
5b5cd551-b36e-44dd-a4b0-3713f2da5480,06bfed0c-96b3-480e-8b94-93480fbd2a9f,false,"[Regression] Header size mismatch for matchId=5b5cd551-b36e-44dd-a4b0-3713f2da5480
   Expected: {expires=0, transfer-encoding=chunked, x-content-type-options=nosniff, x-xss-protection=1; mode=block, content-type=application/hal+json, cache-control=no-cache, no-store, max-age=0, must-revalidate, pragma=no-cache}
   Actual:   {mode=block, expires=0, transfer-encoding=chunked, x-content-type-options=nosniff, x-xss-protection=1, content-type=application/hal+json, cache-control=no-cache, no-store, max-age=0, must-revalidate, pragma=no-cache}"
5b5cd551-b36e-44dd-a4b0-3713f2da5480,183e66f5-5ada-48aa-8323-e93c6f4c3758,false,"[Regression] Header size mismatch for matchId=5b5cd551-b36e-44dd-a4b0-3713f2da5480
   Expected: {expires=0, transfer-encoding=chunked, x-content-type-options=nosniff, x-xss-protection=1; mode=block, content-type=application/hal+json, cache-control=no-cache, no-store, max-age=0, must-revalidate, pragma=no-cache}
   Actual:   {mode=block, expires=0, transfer-encoding=chunked, x-content-type-options=nosniff, x-xss-protection=1, content-type=application/hal+json, cache-control=no-cache, no-store, max-age=0, must-revalidate, pragma=no-cache}"
5b5cd551-b36e-44dd-a4b0-3713f2da5480,d6bc4c9a-ee00-4ad5-b1ed-d8a5b283aa90,false,"[Regression] Header size mismatch for matchId=5b5cd551-b36e-44dd-a4b0-3713f2da5480
   Expected: {expires=0, transfer-encoding=chunked, x-content-type-options=nosniff, x-xss-protection=1; mode=block, content-type=application/hal+json, cache-control=no-cache, no-store, max-age=0, must-revalidate, pragma=no-cache}
   Actual:   {mode=block, expires=0, transfer-encoding=chunked, x-content-type-options=nosniff, x-xss-protection=1, content-type=application/hal+json, cache-control=no-cache, no-store, max-age=0, must-revalidate, pragma=no-cache}"
5b5cd551-b36e-44dd-a4b0-3713f2da5480,e8d0c5e3-7e25-4176-bf08-45b1d6c6b029,false,"[Regression] Header size mismatch for matchId=5b5cd551-b36e-44dd-a4b0-3713f2da5480
   Expected: {expires=0, transfer-encoding=chunked, x-content-type-options=nosniff, x-xss-protection=1; mode=block, content-type=application/hal+json, cache-control=no-cache, no-store, max-age=0, must-revalidate, pragma=no-cache}
   Actual:   {mode=block, expires=0, transfer-encoding=chunked, x-content-type-options=nosniff, x-xss-protection=1, content-type=application/hal+json, cache-control=no-cache, no-store, max-age=0, must-revalidate, pragma=no-cache}"
5b5cd551-b36e-44dd-a4b0-3713f2da5480,19be0244-f407-4a31-b86f-590143367e0c,false,"[Regression] Header size mismatch for matchId=5b5cd551-b36e-44dd-a4b0-3713f2da5480
   Expected: {expires=0, transfer-encoding=chunked, x-content-type-options=nosniff, x-xss-protection=1; mode=block, content-type=application/hal+json, cache-control=no-cache, no-store, max-age=0, must-revalidate, pragma=no-cache}
   Actual:   {mode=block, expires=0, transfer-encoding=chunked, x-content-type-options=nosniff, x-xss-protection=1, content-type=application/hal+json, cache-control=no-cache, no-store, max-age=0, must-revalidate, pragma=no-cache}"
5b5cd551-b36e-44dd-a4b0-3713f2da5480,eee909da-8905-455f-9fb7-84a7c186f8be,false,"[Regression] Header size mismatch for matchId=5b5cd551-b36e-44dd-a4b0-3713f2da5480
   Expected: {expires=0, transfer-encoding=chunked, x-content-type-options=nosniff, x-xss-protection=1; mode=block, content-type=application/hal+json, cache-control=no-cache, no-store, max-age=0, must-revalidate, pragma=no-cache}
   Actual:   {mode=block, expires=0, transfer-encoding=chunked, x-content-type-options=nosniff, x-xss-protection=1, content-type=application/hal+json, cache-control=no-cache, no-store, max-age=0, must-revalidate, pragma=no-cache}"
5b5cd551-b36e-44dd-a4b0-3713f2da5480,16245c24-429c-4c84-9ac9-28c758490541,false,"[Regression] Header size mismatch for matchId=5b5cd551-b36e-44dd-a4b0-3713f2da5480
   Expected: {expires=0, transfer-encoding=chunked, x-content-type-options=nosniff, x-xss-protection=1; mode=block, content-type=application/hal+json, cache-control=no-cache, no-store, max-age=0, must-revalidate, pragma=no-cache}
   Actual:   {mode=block, expires=0, transfer-encoding=chunked, x-content-type-options=nosniff, x-xss-protection=1, content-type=application/hal+json, cache-control=no-cache, no-store, max-age=0, must-revalidate, pragma=no-cache}"
5b5cd551-b36e-44dd-a4b0-3713f2da5480,8ab737dd-e1ca-4671-a58d-08fbcc2dfa77,false,"[Regression] Header size mismatch for matchId=5b5cd551-b36e-44dd-a4b0-3713f2da5480
   Expected: {expires=0, transfer-encoding=chunked, x-content-type-options=nosniff, x-xss-protection=1; mode=block, content-type=application/hal+json, cache-control=no-cache, no-store, max-age=0, must-revalidate, pragma=no-cache}
   Actual:   {mode=block, expires=0, transfer-encoding=chunked, x-content-type-options=nosniff, x-xss-protection=1, content-type=application/hal+json, cache-control=no-cache, no-store, max-age=0, must-revalidate, pragma=no-cache}"
5b5cd551-b36e-44dd-a4b0-3713f2da5480,20c56912-582d-4484-a54c-0c32c9c0a87e,false,"[Regression] Header size mismatch for matchId=5b5cd551-b36e-44dd-a4b0-3713f2da5480
   Expected: {expires=0, transfer-encoding=chunked, x-content-type-options=nosniff, x-xss-protection=1; mode=block, content-type=application/hal+json, cache-control=no-cache, no-store, max-age=0, must-revalidate, pragma=no-cache}
   Actual:   {mode=block, expires=0, transfer-encoding=chunked, x-content-type-options=nosniff, x-xss-protection=1, content-type=application/hal+json, cache-control=no-cache, no-store, max-age=0, must-revalidate, pragma=no-cache}"
5b5cd551-b36e-44dd-a4b0-3713f2da5480,d0ce6f0a-97fb-4221-a69d-99db5fe9f342,false,"[Regression] Header size mismatch for matchId=5b5cd551-b36e-44dd-a4b0-3713f2da5480
   Expected: {expires=0, transfer-encoding=chunked, x-content-type-options=nosniff, x-xss-protection=1; mode=block, content-type=application/hal+json, cache-control=no-cache, no-store, max-age=0, must-revalidate, pragma=no-cache}
   Actual:   {mode=block, expires=0, transfer-encoding=chunked, x-content-type-options=nosniff, x-xss-protection=1, content-type=application/hal+json, cache-control=no-cache, no-store, max-age=0, must-revalidate, pragma=no-cache}"
5b5cd551-b36e-44dd-a4b0-3713f2da5480,6ac45fc3-c2eb-4d6c-9037-93e654ee3dd1,false,"[Regression] Header size mismatch for matchId=5b5cd551-b36e-44dd-a4b0-3713f2da5480
   Expected: {expires=0, transfer-encoding=chunked, x-content-type-options=nosniff, x-xss-protection=1; mode=block, content-type=application/hal+json, cache-control=no-cache, no-store, max-age=0, must-revalidate, pragma=no-cache}
   Actual:   {mode=block, expires=0, transfer-encoding=chunked, x-content-type-options=nosniff, x-xss-protection=1, content-type=application/hal+json, cache-control=no-cache, no-store, max-age=0, must-revalidate, pragma=no-cache}"
5b5cd551-b36e-44dd-a4b0-3713f2da5480,4506377f-ffb3-4c6c-b991-d27c12a2499c,false,"[Regression] Header size mismatch for matchId=5b5cd551-b36e-44dd-a4b0-3713f2da5480
   Expected: {expires=0, transfer-encoding=chunked, x-content-type-options=nosniff, x-xss-protection=1; mode=block, content-type=application/hal+json, cache-control=no-cache, no-store, max-age=0, must-revalidate, pragma=no-cache}
   Actual:   {mode=block, expires=0, transfer-encoding=chunked, x-content-type-options=nosniff, x-xss-protection=1, content-type=application/hal+json, cache-control=no-cache, no-store, max-age=0, must-revalidate, pragma=no-cache}"
5b5cd551-b36e-44dd-a4b0-3713f2da5480,a6d19ede-6ed2-43eb-9b93-4b908a78ea2c,false,"[Regression] Header size mismatch for matchId=5b5cd551-b36e-44dd-a4b0-3713f2da5480
   Expected: {expires=0, transfer-encoding=chunked, x-content-type-options=nosniff, x-xss-protection=1; mode=block, content-type=application/hal+json, cache-control=no-cache, no-store, max-age=0, must-revalidate, pragma=no-cache}
   Actual:   {mode=block, expires=0, transfer-encoding=chunked, x-content-type-options=nosniff, x-xss-protection=1, content-type=application/hal+json, cache-control=no-cache, no-store, max-age=0, must-revalidate, pragma=no-cache}"
5b5cd551-b36e-44dd-a4b0-3713f2da5480,7a4fd30e-b7c0-47a6-b714-110f2d45de7c,false,"[Regression] Header size mismatch for matchId=5b5cd551-b36e-44dd-a4b0-3713f2da5480
   Expected: {expires=0, transfer-encoding=chunked, x-content-type-options=nosniff, x-xss-protection=1; mode=block, content-type=application/hal+json, cache-control=no-cache, no-store, max-age=0, must-revalidate, pragma=no-cache}
   Actual:   {mode=block, expires=0, transfer-encoding=chunked, x-content-type-options=nosniff, x-xss-protection=1, content-type=application/hal+json, cache-control=no-cache, no-store, max-age=0, must-revalidate, pragma=no-cache}"
5b5cd551-b36e-44dd-a4b0-3713f2da5480,35eaeff4-7254-4945-9620-a2653a8efca3,false,"[Regression] Header size mismatch for matchId=5b5cd551-b36e-44dd-a4b0-3713f2da5480
   Expected: {expires=0, transfer-encoding=chunked, x-content-type-options=nosniff, x-xss-protection=1; mode=block, content-type=application/hal+json, cache-control=no-cache, no-store, max-age=0, must-revalidate, pragma=no-cache}
   Actual:   {mode=block, expires=0, transfer-encoding=chunked, x-content-type-options=nosniff, x-xss-protection=1, content-type=application/hal+json, cache-control=no-cache, no-store, max-age=0, must-revalidate, pragma=no-cache}"
5b5cd551-b36e-44dd-a4b0-3713f2da5480,549c0ae4-9ef3-474e-830a-f1076948b3c3,false,"[Regression] Header size mismatch for matchId=5b5cd551-b36e-44dd-a4b0-3713f2da5480
   Expected: {expires=0, transfer-encoding=chunked, x-content-type-options=nosniff, x-xss-protection=1; mode=block, content-type=application/hal+json, cache-control=no-cache, no-store, max-age=0, must-revalidate, pragma=no-cache}
   Actual:   {mode=block, expires=0, transfer-encoding=chunked, x-content-type-options=nosniff, x-xss-protection=1, content-type=application/hal+json, cache-control=no-cache, no-store, max-age=0, must-revalidate, pragma=no-cache}"
5b5cd551-b36e-44dd-a4b0-3713f2da5480,4d38657b-1124-4f59-b1fe-4d810d6273b1,false,"[Regression] Header size mismatch for matchId=5b5cd551-b36e-44dd-a4b0-3713f2da5480
   Expected: {expires=0, transfer-encoding=chunked, x-content-type-options=nosniff, x-xss-protection=1; mode=block, content-type=application/hal+json, cache-control=no-cache, no-store, max-age=0, must-revalidate, pragma=no-cache}
   Actual:   {mode=block, expires=0, transfer-encoding=chunked, x-content-type-options=nosniff, x-xss-protection=1, content-type=application/hal+json, cache-control=no-cache, no-store, max-age=0, must-revalidate, pragma=no-cache}"
5b5cd551-b36e-44dd-a4b0-3713f2da5480,92a926ba-fc62-442f-8202-66bae16c8cf8,false,"[Regression] Header size mismatch for matchId=5b5cd551-b36e-44dd-a4b0-3713f2da5480
   Expected: {expires=0, transfer-encoding=chunked, x-content-type-options=nosniff, x-xss-protection=1; mode=block, content-type=application/hal+json, cache-control=no-cache, no-store, max-age=0, must-revalidate, pragma=no-cache}
   Actual:   {mode=block, expires=0, transfer-encoding=chunked, x-content-type-options=nosniff, x-xss-protection=1, content-type=application/hal+json, cache-control=no-cache, no-store, max-age=0, must-revalidate, pragma=no-cache}"
5b5cd551-b36e-44dd-a4b0-3713f2da5480,092fed1d-e162-4cfd-85d4-519540afd730,false,"[Regression] Header size mismatch for matchId=5b5cd551-b36e-44dd-a4b0-3713f2da5480
   Expected: {expires=0, transfer-encoding=chunked, x-content-type-options=nosniff, x-xss-protection=1; mode=block, content-type=application/hal+json, cache-control=no-cache, no-store, max-age=0, must-revalidate, pragma=no-cache}
   Actual:   {mode=block, expires=0, transfer-encoding=chunked, x-content-type-options=nosniff, x-xss-protection=1, content-type=application/hal+json, cache-control=no-cache, no-store, max-age=0, must-revalidate, pragma=no-cache}"
5b5cd551-b36e-44dd-a4b0-3713f2da5480,135bd8a3-13c7-4a36-981a-1f3a85270295,false,"[Regression] Header size mismatch for matchId=5b5cd551-b36e-44dd-a4b0-3713f2da5480
   Expected: {expires=0, transfer-encoding=chunked, x-content-type-options=nosniff, x-xss-protection=1; mode=block, content-type=application/hal+json, cache-control=no-cache, no-store, max-age=0, must-revalidate, pragma=no-cache}
   Actual:   {mode=block, expires=0, transfer-encoding=chunked, x-content-type-options=nosniff, x-xss-protection=1, content-type=application/hal+json, cache-control=no-cache, no-store, max-age=0, must-revalidate, pragma=no-cache}"
5b5cd551-b36e-44dd-a4b0-3713f2da5480,1a9ed222-e77c-4db8-9771-7bf1a99f6374,false,"[Regression] Header size mismatch for matchId=5b5cd551-b36e-44dd-a4b0-3713f2da5480
   Expected: {expires=0, transfer-encoding=chunked, x-content-type-options=nosniff, x-xss-protection=1; mode=block, content-type=application/hal+json, cache-control=no-cache, no-store, max-age=0, must-revalidate, pragma=no-cache}
   Actual:   {mode=block, expires=0, transfer-encoding=chunked, x-content-type-options=nosniff, x-xss-protection=1, content-type=application/hal+json, cache-control=no-cache, no-store, max-age=0, must-revalidate, pragma=no-cache}"
5b5cd551-b36e-44dd-a4b0-3713f2da5480,7acc6741-4e61-466d-9d79-498913cce952,false,"[Regression] Header size mismatch for matchId=5b5cd551-b36e-44dd-a4b0-3713f2da5480
   Expected: {expires=0, transfer-encoding=chunked, x-content-type-options=nosniff, x-xss-protection=1; mode=block, content-type=application/hal+json, cache-control=no-cache, no-store, max-age=0, must-revalidate, pragma=no-cache}
   Actual:   {mode=block, expires=0, transfer-encoding=chunked, x-content-type-options=nosniff, x-xss-protection=1, content-type=application/hal+json, cache-control=no-cache, no-store, max-age=0, must-revalidate, pragma=no-cache}"
5b5cd551-b36e-44dd-a4b0-3713f2da5480,fb3a5327-3027-4534-bca3-9244b2964910,false,"[Regression] Header size mismatch for matchId=5b5cd551-b36e-44dd-a4b0-3713f2da5480
   Expected: {expires=0, transfer-encoding=chunked, x-content-type-options=nosniff, x-xss-protection=1; mode=block, content-type=application/hal+json, cache-control=no-cache, no-store, max-age=0, must-revalidate, pragma=no-cache}
   Actual:   {mode=block, expires=0, transfer-encoding=chunked, x-content-type-options=nosniff, x-xss-protection=1, content-type=application/hal+json, cache-control=no-cache, no-store, max-age=0, must-revalidate, pragma=no-cache}"
5b5cd551-b36e-44dd-a4b0-3713f2da5480,196aa944-09d6-4dcc-9831-8b87d38e038a,false,"[Regression] Header size mismatch for matchId=5b5cd551-b36e-44dd-a4b0-3713f2da5480
   Expected: {expires=0, transfer-encoding=chunked, x-content-type-options=nosniff, x-xss-protection=1; mode=block, content-type=application/hal+json, cache-control=no-cache, no-store, max-age=0, must-revalidate, pragma=no-cache}
   Actual:   {mode=block, expires=0, transfer-encoding=chunked, x-content-type-options=nosniff, x-xss-protection=1, content-type=application/hal+json, cache-control=no-cache, no-store, max-age=0, must-revalidate, pragma=no-cache}"
5b5cd551-b36e-44dd-a4b0-3713f2da5480,1b5ada91-951d-4802-8461-6d483c1351de,false,"[Regression] Header size mismatch for matchId=5b5cd551-b36e-44dd-a4b0-3713f2da5480
   Expected: {expires=0, transfer-encoding=chunked, x-content-type-options=nosniff, x-xss-protection=1; mode=block, content-type=application/hal+json, cache-control=no-cache, no-store, max-age=0, must-revalidate, pragma=no-cache}
   Actual:   {mode=block, expires=0, transfer-encoding=chunked, x-content-type-options=nosniff, x-xss-protection=1, content-type=application/hal+json, cache-control=no-cache, no-store, max-age=0, must-revalidate, pragma=no-cache}"
5b5cd551-b36e-44dd-a4b0-3713f2da5480,4dbecfc9-7141-44a3-91df-7a58ea9778ee,false,"[Regression] Header size mismatch for matchId=5b5cd551-b36e-44dd-a4b0-3713f2da5480
   Expected: {expires=0, transfer-encoding=chunked, x-content-type-options=nosniff, x-xss-protection=1; mode=block, content-type=application/hal+json, cache-control=no-cache, no-store, max-age=0, must-revalidate, pragma=no-cache}
   Actual:   {mode=block, expires=0, transfer-encoding=chunked, x-content-type-options=nosniff, x-xss-protection=1, content-type=application/hal+json, cache-control=no-cache, no-store, max-age=0, must-revalidate, pragma=no-cache}"
5b5cd551-b36e-44dd-a4b0-3713f2da5480,d2aee5de-0183-472a-9d5f-dd22e5d62c6d,false,"[Regression] Header size mismatch for matchId=5b5cd551-b36e-44dd-a4b0-3713f2da5480
   Expected: {expires=0, transfer-encoding=chunked, x-content-type-options=nosniff, x-xss-protection=1; mode=block, content-type=application/hal+json, cache-control=no-cache, no-store, max-age=0, must-revalidate, pragma=no-cache}
   Actual:   {mode=block, expires=0, transfer-encoding=chunked, x-content-type-options=nosniff, x-xss-protection=1, content-type=application/hal+json, cache-control=no-cache, no-store, max-age=0, must-revalidate, pragma=no-cache}"
5b5cd551-b36e-44dd-a4b0-3713f2da5480,83925078-44cc-4800-b00f-6a85fb9d52ae,false,"[Regression] Header size mismatch for matchId=5b5cd551-b36e-44dd-a4b0-3713f2da5480
   Expected: {expires=0, transfer-encoding=chunked, x-content-type-options=nosniff, x-xss-protection=1; mode=block, content-type=application/hal+json, cache-control=no-cache, no-store, max-age=0, must-revalidate, pragma=no-cache}
   Actual:   {mode=block, expires=0, transfer-encoding=chunked, x-content-type-options=nosniff, x-xss-protection=1, content-type=application/hal+json, cache-control=no-cache, no-store, max-age=0, must-revalidate, pragma=no-cache}"
5b5cd551-b36e-44dd-a4b0-3713f2da5480,8d694229-bd5d-4a60-b568-a1c9285b3fc5,false,"[Regression] Header size mismatch for matchId=5b5cd551-b36e-44dd-a4b0-3713f2da5480
   Expected: {expires=0, transfer-encoding=chunked, x-content-type-options=nosniff, x-xss-protection=1; mode=block, content-type=application/hal+json, cache-control=no-cache, no-store, max-age=0, must-revalidate, pragma=no-cache}
   Actual:   {mode=block, expires=0, transfer-encoding=chunked, x-content-type-options=nosniff, x-xss-protection=1, content-type=application/hal+json, cache-control=no-cache, no-store, max-age=0, must-revalidate, pragma=no-cache}"
d2521b53-3631-46aa-bcb7-5777a0e87942,506fdcb6-12f0-4a2d-a9a6-bb6fb846dc08,false,"[Regression] Status code mismatch for matchId=d2521b53-3631-46aa-bcb7-5777a0e87942
   Expected: 201
   Actual:   200"
d2521b53-3631-46aa-bcb7-5777a0e87942,30856eb6-50c4-4b70-a4cb-23f59141a70a,false,"[Regression] Status code mismatch for matchId=d2521b53-3631-46aa-bcb7-5777a0e87942
   Expected: 201
   Actual:   409"
d2521b53-3631-46aa-bcb7-5777a0e87942,4fed97e7-1856-4324-b3c1-59c1db683077,false,"[Regression] Status code mismatch for matchId=d2521b53-3631-46aa-bcb7-5777a0e87942
   Expected: 201
   Actual:   504"
d2521b53-3631-46aa-bcb7-5777a0e87942,b66487e8-562d-4d08-9582-667e7cacbeb5,false,"[Regression] Header size mismatch for matchId=d2521b53-3631-46aa-bcb7-5777a0e87942
   Expected: {expires=0, transfer-encoding=chunked, x-content-type-options=nosniff, x-xss-protection=1; mode=block, content-type=application/hal+json, cache-control=no-cache, no-store, max-age=0, must-revalidate, pragma=no-cache}
   Actual:   {mode=block, expires=0, transfer-encoding=chunked, x-content-type-options=nosniff, x-xss-protection=1, content-type=application/json, cache-control=no-cache, no-store, max-age=0, must-revalidate, pragma=no-cache}"
d2521b53-3631-46aa-bcb7-5777a0e87942,95bb4b8f-ebc3-44ac-9789-040af37e831e,false,"[Regression] Header value (x-xss-protection) mismatch for matchId=d2521b53-3631-46aa-bcb7-5777a0e87942
   Expected: 1; mode=block
   Actual:   1"
d2521b53-3631-46aa-bcb7-5777a0e87942,c4f7cfca-ceb8-4088-86a3-22d4967625f0,false,"[Regression] Header size mismatch for matchId=d2521b53-3631-46aa-bcb7-5777a0e87942
   Expected: {expires=0, transfer-encoding=chunked, x-content-type-options=nosniff, x-xss-protection=1; mode=block, content-type=application/hal+json, cache-control=no-cache, no-store, max-age=0, must-revalidate, pragma=no-cache}
   Actual:   {mode=block, expires=0, transfer-encoding=chunked, x-content-type-options=nosniff, x-xss-protection=1, content-type=application/hal+json; charset=iso-8859-15, cache-control=no-cache, no-store, max-age=0, must-revalidate, pragma=no-cache}"
d2521b53-3631-46aa-bcb7-5777a0e87942,28023deb-e17a-4879-9748-386561cb565c,false,"[Regression] Header size mismatch for matchId=d2521b53-3631-46aa-bcb7-5777a0e87942
   Expected: {expires=0, transfer-encoding=chunked, x-content-type-options=nosniff, x-xss-protection=1; mode=block, content-type=application/hal+json, cache-control=no-cache, no-store, max-age=0, must-revalidate, pragma=no-cache}
   Actual:   {mode=block, expires=0, transfer-encoding=chunked, x-content-type-options=nosniff, x-xss-protection=1, content-type=application/hal+json, cache-control=no-cache, no-store, max-age=0, must-revalidate, pragma=no-cache}"
d2521b53-3631-46aa-bcb7-5777a0e87942,5d96d446-ee39-4293-a5f5-c1bd4e670e0f,false,"[Regression] Header size mismatch for matchId=d2521b53-3631-46aa-bcb7-5777a0e87942
   Expected: {expires=0, transfer-encoding=chunked, x-content-type-options=nosniff, x-xss-protection=1; mode=block, content-type=application/hal+json, cache-control=no-cache, no-store, max-age=0, must-revalidate, pragma=no-cache}
   Actual:   {mode=block, expires=0, transfer-encoding=chunked, x-content-type-options=nosniff, x-xss-protection=1, content-type=application/hal+json, cache-control=no-cache, no-store, max-age=0, must-revalidate, pragma=no-cache}"
d2521b53-3631-46aa-bcb7-5777a0e87942,05eb8f01-2c0f-49c5-98e5-c5e2a16c5915,false,"[Regression] Header size mismatch for matchId=d2521b53-3631-46aa-bcb7-5777a0e87942
   Expected: {expires=0, transfer-encoding=chunked, x-content-type-options=nosniff, x-xss-protection=1; mode=block, content-type=application/hal+json, cache-control=no-cache, no-store, max-age=0, must-revalidate, pragma=no-cache}
   Actual:   {mode=block, expires=0, transfer-encoding=chunked, x-content-type-options=nosniff, x-xss-protection=1, content-type=application/hal+json, cache-control=no-cache, no-store, max-age=0, must-revalidate, pragma=no-cache}"
d2521b53-3631-46aa-bcb7-5777a0e87942,7e13ba91-a1ef-41df-9e10-bd6ed483bdde,false,"[Regression] Header size mismatch for matchId=d2521b53-3631-46aa-bcb7-5777a0e87942
   Expected: {expires=0, transfer-encoding=chunked, x-content-type-options=nosniff, x-xss-protection=1; mode=block, content-type=application/hal+json, cache-control=no-cache, no-store, max-age=0, must-revalidate, pragma=no-cache}
   Actual:   {mode=block, expires=0, transfer-encoding=chunked, x-content-type-options=nosniff, x-xss-protection=1, content-type=application/hal+json, cache-control=no-cache, no-store, max-age=0, must-revalidate, pragma=no-cache}"
d2521b53-3631-46aa-bcb7-5777a0e87942,49b92c4b-b24f-441c-9b60-4840b8fee602,false,"[Regression] Header size mismatch for matchId=d2521b53-3631-46aa-bcb7-5777a0e87942
   Expected: {expires=0, transfer-encoding=chunked, x-content-type-options=nosniff, x-xss-protection=1; mode=block, content-type=application/hal+json, cache-control=no-cache, no-store, max-age=0, must-revalidate, pragma=no-cache}
   Actual:   {mode=block, expires=0, transfer-encoding=chunked, x-content-type-options=nosniff, x-xss-protection=1, content-type=application/hal+json, cache-control=no-cache, no-store, max-age=0, must-revalidate, pragma=no-cache}"
d2521b53-3631-46aa-bcb7-5777a0e87942,42224393-889a-41ac-9fd9-3945e1b68338,false,"[Regression] Header size mismatch for matchId=d2521b53-3631-46aa-bcb7-5777a0e87942
   Expected: {expires=0, transfer-encoding=chunked, x-content-type-options=nosniff, x-xss-protection=1; mode=block, content-type=application/hal+json, cache-control=no-cache, no-store, max-age=0, must-revalidate, pragma=no-cache}
   Actual:   {mode=block, expires=0, transfer-encoding=chunked, x-content-type-options=nosniff, x-xss-protection=1, content-type=application/hal+json, cache-control=no-cache, no-store, max-age=0, must-revalidate, pragma=no-cache}"
d2521b53-3631-46aa-bcb7-5777a0e87942,30b330ab-b41d-45dd-b5af-05f286cef27e,false,"[Regression] Header size mismatch for matchId=d2521b53-3631-46aa-bcb7-5777a0e87942
   Expected: {expires=0, transfer-encoding=chunked, x-content-type-options=nosniff, x-xss-protection=1; mode=block, content-type=application/hal+json, cache-control=no-cache, no-store, max-age=0, must-revalidate, pragma=no-cache}
   Actual:   {mode=block, expires=0, transfer-encoding=chunked, x-content-type-options=nosniff, x-xss-protection=1, content-type=application/hal+json, cache-control=no-cache, no-store, max-age=0, must-revalidate, pragma=no-cache}"
d2521b53-3631-46aa-bcb7-5777a0e87942,f64dab8b-9db6-4183-a96f-47198f64cf89,false,"[Regression] Header size mismatch for matchId=d2521b53-3631-46aa-bcb7-5777a0e87942
   Expected: {expires=0, transfer-encoding=chunked, x-content-type-options=nosniff, x-xss-protection=1; mode=block, content-type=application/hal+json, cache-control=no-cache, no-store, max-age=0, must-revalidate, pragma=no-cache}
   Actual:   {mode=block, expires=0, transfer-encoding=chunked, x-content-type-options=nosniff, x-xss-protection=1, content-type=application/hal+json, cache-control=no-cache, no-store, max-age=0, must-revalidate, pragma=no-cache}"
d2521b53-3631-46aa-bcb7-5777a0e87942,aedd0ee8-de3f-4cf2-9a30-2a0e34dceb9b,false,"[Regression] Header size mismatch for matchId=d2521b53-3631-46aa-bcb7-5777a0e87942
   Expected: {expires=0, transfer-encoding=chunked, x-content-type-options=nosniff, x-xss-protection=1; mode=block, content-type=application/hal+json, cache-control=no-cache, no-store, max-age=0, must-revalidate, pragma=no-cache}
   Actual:   {mode=block, expires=0, transfer-encoding=chunked, x-content-type-options=nosniff, x-xss-protection=1, content-type=application/hal+json, cache-control=no-cache, no-store, max-age=0, must-revalidate, pragma=no-cache}"
d2521b53-3631-46aa-bcb7-5777a0e87942,6930d372-c701-460c-ae74-e98e7ca63bfb,false,"[Regression] Header size mismatch for matchId=d2521b53-3631-46aa-bcb7-5777a0e87942
   Expected: {expires=0, transfer-encoding=chunked, x-content-type-options=nosniff, x-xss-protection=1; mode=block, content-type=application/hal+json, cache-control=no-cache, no-store, max-age=0, must-revalidate, pragma=no-cache}
   Actual:   {mode=block, expires=0, transfer-encoding=chunked, x-content-type-options=nosniff, x-xss-protection=1, content-type=application/hal+json, cache-control=no-cache, no-store, max-age=0, must-revalidate, pragma=no-cache}"
d2521b53-3631-46aa-bcb7-5777a0e87942,e71634b1-efce-4667-9479-194938f2d214,false,"[Regression] Header size mismatch for matchId=d2521b53-3631-46aa-bcb7-5777a0e87942
   Expected: {expires=0, transfer-encoding=chunked, x-content-type-options=nosniff, x-xss-protection=1; mode=block, content-type=application/hal+json, cache-control=no-cache, no-store, max-age=0, must-revalidate, pragma=no-cache}
   Actual:   {mode=block, expires=0, transfer-encoding=chunked, x-content-type-options=nosniff, x-xss-protection=1, content-type=application/hal+json, cache-control=no-cache, no-store, max-age=0, must-revalidate, pragma=no-cache}"
d2521b53-3631-46aa-bcb7-5777a0e87942,a164214f-0b70-47b9-b8f9-74ce3365c157,false,"[Regression] Header size mismatch for matchId=d2521b53-3631-46aa-bcb7-5777a0e87942
   Expected: {expires=0, transfer-encoding=chunked, x-content-type-options=nosniff, x-xss-protection=1; mode=block, content-type=application/hal+json, cache-control=no-cache, no-store, max-age=0, must-revalidate, pragma=no-cache}
   Actual:   {mode=block, expires=0, transfer-encoding=chunked, x-content-type-options=nosniff, x-xss-protection=1, content-type=application/hal+json, cache-control=no-cache, no-store, max-age=0, must-revalidate, pragma=no-cache}"
d2521b53-3631-46aa-bcb7-5777a0e87942,072aebbe-2779-4371-b3b8-d840ad03f059,false,"[Regression] Header size mismatch for matchId=d2521b53-3631-46aa-bcb7-5777a0e87942
   Expected: {expires=0, transfer-encoding=chunked, x-content-type-options=nosniff, x-xss-protection=1; mode=block, content-type=application/hal+json, cache-control=no-cache, no-store, max-age=0, must-revalidate, pragma=no-cache}
   Actual:   {mode=block, expires=0, transfer-encoding=chunked, x-content-type-options=nosniff, x-xss-protection=1, content-type=application/hal+json, cache-control=no-cache, no-store, max-age=0, must-revalidate, pragma=no-cache}"
d2521b53-3631-46aa-bcb7-5777a0e87942,79b38310-4dd7-4841-b434-00e5185d22ab,false,"[Regression] Header size mismatch for matchId=d2521b53-3631-46aa-bcb7-5777a0e87942
   Expected: {expires=0, transfer-encoding=chunked, x-content-type-options=nosniff, x-xss-protection=1; mode=block, content-type=application/hal+json, cache-control=no-cache, no-store, max-age=0, must-revalidate, pragma=no-cache}
   Actual:   {mode=block, expires=0, transfer-encoding=chunked, x-content-type-options=nosniff, x-xss-protection=1, content-type=application/hal+json, cache-control=no-cache, no-store, max-age=0, must-revalidate, pragma=no-cache}"
d2521b53-3631-46aa-bcb7-5777a0e87942,d824e909-e5dd-4b33-8daf-918d08330dd7,false,"[Regression] Header size mismatch for matchId=d2521b53-3631-46aa-bcb7-5777a0e87942
   Expected: {expires=0, transfer-encoding=chunked, x-content-type-options=nosniff, x-xss-protection=1; mode=block, content-type=application/hal+json, cache-control=no-cache, no-store, max-age=0, must-revalidate, pragma=no-cache}
   Actual:   {mode=block, expires=0, transfer-encoding=chunked, x-content-type-options=nosniff, x-xss-protection=1, content-type=application/hal+json, cache-control=no-cache, no-store, max-age=0, must-revalidate, pragma=no-cache}"
d2521b53-3631-46aa-bcb7-5777a0e87942,1d10c7c0-14dc-4a0b-b17d-2c92b67ba3dd,false,"[Regression] Header size mismatch for matchId=d2521b53-3631-46aa-bcb7-5777a0e87942
   Expected: {expires=0, transfer-encoding=chunked, x-content-type-options=nosniff, x-xss-protection=1; mode=block, content-type=application/hal+json, cache-control=no-cache, no-store, max-age=0, must-revalidate, pragma=no-cache}
   Actual:   {mode=block, expires=0, transfer-encoding=chunked, x-content-type-options=nosniff, x-xss-protection=1, content-type=application/hal+json, cache-control=no-cache, no-store, max-age=0, must-revalidate, pragma=no-cache}"
d2521b53-3631-46aa-bcb7-5777a0e87942,5bd60e7e-b373-4ee7-a875-7ba87bd7198f,false,"[Regression] Header size mismatch for matchId=d2521b53-3631-46aa-bcb7-5777a0e87942
   Expected: {expires=0, transfer-encoding=chunked, x-content-type-options=nosniff, x-xss-protection=1; mode=block, content-type=application/hal+json, cache-control=no-cache, no-store, max-age=0, must-revalidate, pragma=no-cache}
   Actual:   {mode=block, expires=0, transfer-encoding=chunked, x-content-type-options=nosniff, x-xss-protection=1, content-type=application/hal+json, cache-control=no-cache, no-store, max-age=0, must-revalidate, pragma=no-cache}"
d2521b53-3631-46aa-bcb7-5777a0e87942,c310307b-c6c5-4c99-8853-eecf49ac19e4,false,"[Regression] Header size mismatch for matchId=d2521b53-3631-46aa-bcb7-5777a0e87942
   Expected: {expires=0, transfer-encoding=chunked, x-content-type-options=nosniff, x-xss-protection=1; mode=block, content-type=application/hal+json, cache-control=no-cache, no-store, max-age=0, must-revalidate, pragma=no-cache}
   Actual:   {mode=block, expires=0, transfer-encoding=chunked, x-content-type-options=nosniff, x-xss-protection=1, content-type=application/hal+json, cache-control=no-cache, no-store, max-age=0, must-revalidate, pragma=no-cache}"
d2521b53-3631-46aa-bcb7-5777a0e87942,a792edcf-5c4e-489f-ba7c-da6ad6b2b421,false,"[Regression] Header size mismatch for matchId=d2521b53-3631-46aa-bcb7-5777a0e87942
   Expected: {expires=0, transfer-encoding=chunked, x-content-type-options=nosniff, x-xss-protection=1; mode=block, content-type=application/hal+json, cache-control=no-cache, no-store, max-age=0, must-revalidate, pragma=no-cache}
   Actual:   {mode=block, expires=0, transfer-encoding=chunked, x-content-type-options=nosniff, x-xss-protection=1, content-type=application/hal+json, cache-control=no-cache, no-store, max-age=0, must-revalidate, pragma=no-cache}"
d2521b53-3631-46aa-bcb7-5777a0e87942,3f65d4c1-cb3d-487a-81a7-28ff78382019,false,"[Regression] Header size mismatch for matchId=d2521b53-3631-46aa-bcb7-5777a0e87942
   Expected: {expires=0, transfer-encoding=chunked, x-content-type-options=nosniff, x-xss-protection=1; mode=block, content-type=application/hal+json, cache-control=no-cache, no-store, max-age=0, must-revalidate, pragma=no-cache}
   Actual:   {mode=block, expires=0, transfer-encoding=chunked, x-content-type-options=nosniff, x-xss-protection=1, content-type=application/hal+json, cache-control=no-cache, no-store, max-age=0, must-revalidate, pragma=no-cache}"
d2521b53-3631-46aa-bcb7-5777a0e87942,93ebc714-37b2-4a1e-8898-30fc5633a8b2,false,"[Regression] Header size mismatch for matchId=d2521b53-3631-46aa-bcb7-5777a0e87942
   Expected: {expires=0, transfer-encoding=chunked, x-content-type-options=nosniff, x-xss-protection=1; mode=block, content-type=application/hal+json, cache-control=no-cache, no-store, max-age=0, must-revalidate, pragma=no-cache}
   Actual:   {mode=block, expires=0, transfer-encoding=chunked, x-content-type-options=nosniff, x-xss-protection=1, content-type=application/hal+json, cache-control=no-cache, no-store, max-age=0, must-revalidate, pragma=no-cache}"
d2521b53-3631-46aa-bcb7-5777a0e87942,364ff439-3edf-4a76-80eb-448d39bd6fda,false,"[Regression] Header size mismatch for matchId=d2521b53-3631-46aa-bcb7-5777a0e87942
   Expected: {expires=0, transfer-encoding=chunked, x-content-type-options=nosniff, x-xss-protection=1; mode=block, content-type=application/hal+json, cache-control=no-cache, no-store, max-age=0, must-revalidate, pragma=no-cache}
   Actual:   {mode=block, expires=0, transfer-encoding=chunked, x-content-type-options=nosniff, x-xss-protection=1, content-type=application/hal+json, cache-control=no-cache, no-store, max-age=0, must-revalidate, pragma=no-cache}"
d2521b53-3631-46aa-bcb7-5777a0e87942,f3d4679c-73fb-4c0a-8fd3-222de4b11bc9,false,"[Regression] Header size mismatch for matchId=d2521b53-3631-46aa-bcb7-5777a0e87942
   Expected: {expires=0, transfer-encoding=chunked, x-content-type-options=nosniff, x-xss-protection=1; mode=block, content-type=application/hal+json, cache-control=no-cache, no-store, max-age=0, must-revalidate, pragma=no-cache}
   Actual:   {mode=block, expires=0, transfer-encoding=chunked, x-content-type-options=nosniff, x-xss-protection=1, content-type=application/hal+json, cache-control=no-cache, no-store, max-age=0, must-revalidate, pragma=no-cache}"
d2521b53-3631-46aa-bcb7-5777a0e87942,19ab5550-f3d9-40fd-936a-15da6256a554,false,"[Regression] Header size mismatch for matchId=d2521b53-3631-46aa-bcb7-5777a0e87942
   Expected: {expires=0, transfer-encoding=chunked, x-content-type-options=nosniff, x-xss-protection=1; mode=block, content-type=application/hal+json, cache-control=no-cache, no-store, max-age=0, must-revalidate, pragma=no-cache}
   Actual:   {mode=block, expires=0, transfer-encoding=chunked, x-content-type-options=nosniff, x-xss-protection=1, content-type=application/hal+json, cache-control=no-cache, no-store, max-age=0, must-revalidate, pragma=no-cache}"
d2521b53-3631-46aa-bcb7-5777a0e87942,7d69fecd-0a58-457e-888e-cc106ce65075,false,"[Regression] Header size mismatch for matchId=d2521b53-3631-46aa-bcb7-5777a0e87942
   Expected: {expires=0, transfer-encoding=chunked, x-content-type-options=nosniff, x-xss-protection=1; mode=block, content-type=application/hal+json, cache-control=no-cache, no-store, max-age=0, must-revalidate, pragma=no-cache}
   Actual:   {mode=block, expires=0, transfer-encoding=chunked, x-content-type-options=nosniff, x-xss-protection=1, content-type=application/hal+json, cache-control=no-cache, no-store, max-age=0, must-revalidate, pragma=no-cache}"
d2521b53-3631-46aa-bcb7-5777a0e87942,c9bf25b0-1f17-4f52-8cb5-9185fb6675c1,false,"[Regression] Header size mismatch for matchId=d2521b53-3631-46aa-bcb7-5777a0e87942
   Expected: {expires=0, transfer-encoding=chunked, x-content-type-options=nosniff, x-xss-protection=1; mode=block, content-type=application/hal+json, cache-control=no-cache, no-store, max-age=0, must-revalidate, pragma=no-cache}
   Actual:   {mode=block, expires=0, transfer-encoding=chunked, x-content-type-options=nosniff, x-xss-protection=1, content-type=application/hal+json, cache-control=no-cache, no-store, max-age=0, must-revalidate, pragma=no-cache}"
d2521b53-3631-46aa-bcb7-5777a0e87942,6fd1d8fe-8841-47bb-b3e4-8a06d389b830,false,"[Regression] Header size mismatch for matchId=d2521b53-3631-46aa-bcb7-5777a0e87942
   Expected: {expires=0, transfer-encoding=chunked, x-content-type-options=nosniff, x-xss-protection=1; mode=block, content-type=application/hal+json, cache-control=no-cache, no-store, max-age=0, must-revalidate, pragma=no-cache}
   Actual:   {mode=block, expires=0, transfer-encoding=chunked, x-content-type-options=nosniff, x-xss-protection=1, content-type=application/hal+json, cache-control=no-cache, no-store, max-age=0, must-revalidate, pragma=no-cache}"
d2521b53-3631-46aa-bcb7-5777a0e87942,09a2ee35-65fe-410d-887a-64f9f90b9fb1,false,"[Regression] Header size mismatch for matchId=d2521b53-3631-46aa-bcb7-5777a0e87942
   Expected: {expires=0, transfer-encoding=chunked, x-content-type-options=nosniff, x-xss-protection=1; mode=block, content-type=application/hal+json, cache-control=no-cache, no-store, max-age=0, must-revalidate, pragma=no-cache}
   Actual:   {mode=block, expires=0, transfer-encoding=chunked, x-content-type-options=nosniff, x-xss-protection=1, content-type=application/hal+json, cache-control=no-cache, no-store, max-age=0, must-revalidate, pragma=no-cache}"
d2521b53-3631-46aa-bcb7-5777a0e87942,03c0a786-d12c-4218-8809-53e8e45bad7c,false,"[Regression] Header size mismatch for matchId=d2521b53-3631-46aa-bcb7-5777a0e87942
   Expected: {expires=0, transfer-encoding=chunked, x-content-type-options=nosniff, x-xss-protection=1; mode=block, content-type=application/hal+json, cache-control=no-cache, no-store, max-age=0, must-revalidate, pragma=no-cache}
   Actual:   {mode=block, expires=0, transfer-encoding=chunked, x-content-type-options=nosniff, x-xss-protection=1, content-type=application/hal+json, cache-control=no-cache, no-store, max-age=0, must-revalidate, pragma=no-cache}"
d2521b53-3631-46aa-bcb7-5777a0e87942,7741b588-a9ac-465c-bc20-9428cdf71197,false,"[Regression] Header size mismatch for matchId=d2521b53-3631-46aa-bcb7-5777a0e87942
   Expected: {expires=0, transfer-encoding=chunked, x-content-type-options=nosniff, x-xss-protection=1; mode=block, content-type=application/hal+json, cache-control=no-cache, no-store, max-age=0, must-revalidate, pragma=no-cache}
   Actual:   {mode=block, expires=0, transfer-encoding=chunked, x-content-type-options=nosniff, x-xss-protection=1, content-type=application/hal+json, cache-control=no-cache, no-store, max-age=0, must-revalidate, pragma=no-cache}"
d2521b53-3631-46aa-bcb7-5777a0e87942,3569888a-0520-4ac7-8ce2-5c02ddd33861,false,"[Regression] Header size mismatch for matchId=d2521b53-3631-46aa-bcb7-5777a0e87942
   Expected: {expires=0, transfer-encoding=chunked, x-content-type-options=nosniff, x-xss-protection=1; mode=block, content-type=application/hal+json, cache-control=no-cache, no-store, max-age=0, must-revalidate, pragma=no-cache}
   Actual:   {mode=block, expires=0, transfer-encoding=chunked, x-content-type-options=nosniff, x-xss-protection=1, content-type=application/hal+json, cache-control=no-cache, no-store, max-age=0, must-revalidate, pragma=no-cache}"
d2521b53-3631-46aa-bcb7-5777a0e87942,e025267d-f916-4150-aff3-7a66b135ea35,false,"[Regression] Header size mismatch for matchId=d2521b53-3631-46aa-bcb7-5777a0e87942
   Expected: {expires=0, transfer-encoding=chunked, x-content-type-options=nosniff, x-xss-protection=1; mode=block, content-type=application/hal+json, cache-control=no-cache, no-store, max-age=0, must-revalidate, pragma=no-cache}
   Actual:   {mode=block, expires=0, transfer-encoding=chunked, x-content-type-options=nosniff, x-xss-protection=1, content-type=application/hal+json, cache-control=no-cache, no-store, max-age=0, must-revalidate, pragma=no-cache}"
d2521b53-3631-46aa-bcb7-5777a0e87942,c7267366-b28a-4e00-9108-5a5db532d88a,false,"[Regression] Header size mismatch for matchId=d2521b53-3631-46aa-bcb7-5777a0e87942
   Expected: {expires=0, transfer-encoding=chunked, x-content-type-options=nosniff, x-xss-protection=1; mode=block, content-type=application/hal+json, cache-control=no-cache, no-store, max-age=0, must-revalidate, pragma=no-cache}
   Actual:   {mode=block, expires=0, transfer-encoding=chunked, x-content-type-options=nosniff, x-xss-protection=1, content-type=application/hal+json, cache-control=no-cache, no-store, max-age=0, must-revalidate, pragma=no-cache}"
d2521b53-3631-46aa-bcb7-5777a0e87942,46d27dce-eb80-4c06-b9b1-e45d62c332ce,false,"[Regression] Header size mismatch for matchId=d2521b53-3631-46aa-bcb7-5777a0e87942
   Expected: {expires=0, transfer-encoding=chunked, x-content-type-options=nosniff, x-xss-protection=1; mode=block, content-type=application/hal+json, cache-control=no-cache, no-store, max-age=0, must-revalidate, pragma=no-cache}
   Actual:   {mode=block, expires=0, transfer-encoding=chunked, x-content-type-options=nosniff, x-xss-protection=1, content-type=application/hal+json, cache-control=no-cache, no-store, max-age=0, must-revalidate, pragma=no-cache}"
d2521b53-3631-46aa-bcb7-5777a0e87942,9d8c3eef-ec2d-4251-8b7d-08bc44e34bef,false,"[Regression] Header size mismatch for matchId=d2521b53-3631-46aa-bcb7-5777a0e87942
   Expected: {expires=0, transfer-encoding=chunked, x-content-type-options=nosniff, x-xss-protection=1; mode=block, content-type=application/hal+json, cache-control=no-cache, no-store, max-age=0, must-revalidate, pragma=no-cache}
   Actual:   {mode=block, expires=0, transfer-encoding=chunked, x-content-type-options=nosniff, x-xss-protection=1, content-type=application/hal+json, cache-control=no-cache, no-store, max-age=0, must-revalidate, pragma=no-cache}"
d2521b53-3631-46aa-bcb7-5777a0e87942,5648321a-5294-41a5-a1fc-01fbd987956f,false,"[Regression] Header size mismatch for matchId=d2521b53-3631-46aa-bcb7-5777a0e87942
   Expected: {expires=0, transfer-encoding=chunked, x-content-type-options=nosniff, x-xss-protection=1; mode=block, content-type=application/hal+json, cache-control=no-cache, no-store, max-age=0, must-revalidate, pragma=no-cache}
   Actual:   {mode=block, expires=0, transfer-encoding=chunked, x-content-type-options=nosniff, x-xss-protection=1, content-type=application/hal+json, cache-control=no-cache, no-store, max-age=0, must-revalidate, pragma=no-cache}"
d2521b53-3631-46aa-bcb7-5777a0e87942,155095b8-2bdf-4fb6-a1a5-1d068bc8eeff,false,"[Regression] Header size mismatch for matchId=d2521b53-3631-46aa-bcb7-5777a0e87942
   Expected: {expires=0, transfer-encoding=chunked, x-content-type-options=nosniff, x-xss-protection=1; mode=block, content-type=application/hal+json, cache-control=no-cache, no-store, max-age=0, must-revalidate, pragma=no-cache}
   Actual:   {mode=block, expires=0, transfer-encoding=chunked, x-content-type-options=nosniff, x-xss-protection=1, content-type=application/hal+json, cache-control=no-cache, no-store, max-age=0, must-revalidate, pragma=no-cache}"
d2521b53-3631-46aa-bcb7-5777a0e87942,2daffb41-9b5f-4ef8-98ff-dfa13cfe62d6,false,"[Regression] Header size mismatch for matchId=d2521b53-3631-46aa-bcb7-5777a0e87942
   Expected: {expires=0, transfer-encoding=chunked, x-content-type-options=nosniff, x-xss-protection=1; mode=block, content-type=application/hal+json, cache-control=no-cache, no-store, max-age=0, must-revalidate, pragma=no-cache}
   Actual:   {mode=block, expires=0, transfer-encoding=chunked, x-content-type-options=nosniff, x-xss-protection=1, content-type=application/hal+json, cache-control=no-cache, no-store, max-age=0, must-revalidate, pragma=no-cache}"
d2521b53-3631-46aa-bcb7-5777a0e87942,fc4df74d-ae52-48af-9581-30d34422cfc8,false,"[Regression] Header size mismatch for matchId=d2521b53-3631-46aa-bcb7-5777a0e87942
   Expected: {expires=0, transfer-encoding=chunked, x-content-type-options=nosniff, x-xss-protection=1; mode=block, content-type=application/hal+json, cache-control=no-cache, no-store, max-age=0, must-revalidate, pragma=no-cache}
   Actual:   {mode=block, expires=0, transfer-encoding=chunked, x-content-type-options=nosniff, x-xss-protection=1, content-type=application/hal+json, cache-control=no-cache, no-store, max-age=0, must-revalidate, pragma=no-cache}"
aa00e520-fe34-4b9a-b8eb-44adf5042bd2,eb25102e-54e6-4be6-bf05-eb8440921c7e,false,"[Regression] Status code mismatch for matchId=aa00e520-fe34-4b9a-b8eb-44adf5042bd2
   Expected: 201
   Actual:   204"
aa00e520-fe34-4b9a-b8eb-44adf5042bd2,6051094b-701c-445a-a570-fa0d1e7f715c,false,"[Regression] Status code mismatch for matchId=aa00e520-fe34-4b9a-b8eb-44adf5042bd2
   Expected: 201
   Actual:   401"
aa00e520-fe34-4b9a-b8eb-44adf5042bd2,1553b8b6-ffdb-420c-a6e8-e6b287386dc4,false,"[Regression] Status code mismatch for matchId=aa00e520-fe34-4b9a-b8eb-44adf5042bd2
   Expected: 201
   Actual:   501"
aa00e520-fe34-4b9a-b8eb-44adf5042bd2,0d936835-a9fe-4bd8-a60d-fac22a86a7d4,false,"[Regression] Header size mismatch for matchId=aa00e520-fe34-4b9a-b8eb-44adf5042bd2
   Expected: {expires=0, transfer-encoding=chunked, x-content-type-options=nosniff, x-xss-protection=1; mode=block, content-type=application/hal+json, cache-control=no-cache, no-store, max-age=0, must-revalidate, pragma=no-cache}
   Actual:   {mode=block, expires=0, transfer-encoding=chunked, x-content-type-options=nosniff, x-xss-protection=1, content-type=text/html, cache-control=no-cache, no-store, max-age=0, must-revalidate, pragma=no-cache}"
aa00e520-fe34-4b9a-b8eb-44adf5042bd2,92cbdfb9-3568-4c92-b2cc-6c65a7a35345,false,"[Regression] Header value (x-xss-protection) mismatch for matchId=aa00e520-fe34-4b9a-b8eb-44adf5042bd2
   Expected: 1; mode=block
   Actual:   1"
aa00e520-fe34-4b9a-b8eb-44adf5042bd2,a873420d-2085-49fa-bb45-167796aa3e3e,false,"[Regression] Header size mismatch for matchId=aa00e520-fe34-4b9a-b8eb-44adf5042bd2
   Expected: {expires=0, transfer-encoding=chunked, x-content-type-options=nosniff, x-xss-protection=1; mode=block, content-type=application/hal+json, cache-control=no-cache, no-store, max-age=0, must-revalidate, pragma=no-cache}
   Actual:   {mode=block, expires=0, transfer-encoding=chunked, x-content-type-options=nosniff, x-xss-protection=1, content-type=application/hal+json; charset=UTF-8, cache-control=no-cache, no-store, max-age=0, must-revalidate, pragma=no-cache}"
aa00e520-fe34-4b9a-b8eb-44adf5042bd2,7836bca9-9ae5-4dbb-a936-a6401ac92445,false,"[Regression] Header size mismatch for matchId=aa00e520-fe34-4b9a-b8eb-44adf5042bd2
   Expected: {expires=0, transfer-encoding=chunked, x-content-type-options=nosniff, x-xss-protection=1; mode=block, content-type=application/hal+json, cache-control=no-cache, no-store, max-age=0, must-revalidate, pragma=no-cache}
   Actual:   {mode=block, expires=0, transfer-encoding=chunked, x-content-type-options=nosniff, x-xss-protection=1, content-type=application/hal+json, cache-control=no-cache, no-store, max-age=0, must-revalidate, pragma=no-cache}"
aa00e520-fe34-4b9a-b8eb-44adf5042bd2,9f4d193b-3deb-42cc-bd96-ea1e0401b801,false,"[Regression] Header size mismatch for matchId=aa00e520-fe34-4b9a-b8eb-44adf5042bd2
   Expected: {expires=0, transfer-encoding=chunked, x-content-type-options=nosniff, x-xss-protection=1; mode=block, content-type=application/hal+json, cache-control=no-cache, no-store, max-age=0, must-revalidate, pragma=no-cache}
   Actual:   {mode=block, expires=0, transfer-encoding=chunked, x-content-type-options=nosniff, x-xss-protection=1, content-type=application/hal+json, cache-control=no-cache, no-store, max-age=0, must-revalidate, pragma=no-cache}"
aa00e520-fe34-4b9a-b8eb-44adf5042bd2,544375f3-c746-4bb8-91c9-7f2ab391179b,false,"[Regression] Header size mismatch for matchId=aa00e520-fe34-4b9a-b8eb-44adf5042bd2
   Expected: {expires=0, transfer-encoding=chunked, x-content-type-options=nosniff, x-xss-protection=1; mode=block, content-type=application/hal+json, cache-control=no-cache, no-store, max-age=0, must-revalidate, pragma=no-cache}
   Actual:   {mode=block, expires=0, transfer-encoding=chunked, x-content-type-options=nosniff, x-xss-protection=1, content-type=application/hal+json, cache-control=no-cache, no-store, max-age=0, must-revalidate, pragma=no-cache}"
aa00e520-fe34-4b9a-b8eb-44adf5042bd2,5dee3744-0e01-43de-ba79-62fd9f727ff8,false,"[Regression] Header size mismatch for matchId=aa00e520-fe34-4b9a-b8eb-44adf5042bd2
   Expected: {expires=0, transfer-encoding=chunked, x-content-type-options=nosniff, x-xss-protection=1; mode=block, content-type=application/hal+json, cache-control=no-cache, no-store, max-age=0, must-revalidate, pragma=no-cache}
   Actual:   {mode=block, expires=0, transfer-encoding=chunked, x-content-type-options=nosniff, x-xss-protection=1, content-type=application/hal+json, cache-control=no-cache, no-store, max-age=0, must-revalidate, pragma=no-cache}"
aa00e520-fe34-4b9a-b8eb-44adf5042bd2,18e41391-49bb-403c-97b6-88a8e0e26f53,false,"[Regression] Header size mismatch for matchId=aa00e520-fe34-4b9a-b8eb-44adf5042bd2
   Expected: {expires=0, transfer-encoding=chunked, x-content-type-options=nosniff, x-xss-protection=1; mode=block, content-type=application/hal+json, cache-control=no-cache, no-store, max-age=0, must-revalidate, pragma=no-cache}
   Actual:   {mode=block, expires=0, transfer-encoding=chunked, x-content-type-options=nosniff, x-xss-protection=1, content-type=application/hal+json, cache-control=no-cache, no-store, max-age=0, must-revalidate, pragma=no-cache}"
aa00e520-fe34-4b9a-b8eb-44adf5042bd2,03afcc44-7230-4876-86ae-8ab1784922a3,false,"[Regression] Header size mismatch for matchId=aa00e520-fe34-4b9a-b8eb-44adf5042bd2
   Expected: {expires=0, transfer-encoding=chunked, x-content-type-options=nosniff, x-xss-protection=1; mode=block, content-type=application/hal+json, cache-control=no-cache, no-store, max-age=0, must-revalidate, pragma=no-cache}
   Actual:   {mode=block, expires=0, transfer-encoding=chunked, x-content-type-options=nosniff, x-xss-protection=1, content-type=application/hal+json, cache-control=no-cache, no-store, max-age=0, must-revalidate, pragma=no-cache}"
aa00e520-fe34-4b9a-b8eb-44adf5042bd2,173e6191-2c59-46fa-86d6-a8582ccccdfc,false,"[Regression] Header size mismatch for matchId=aa00e520-fe34-4b9a-b8eb-44adf5042bd2
   Expected: {expires=0, transfer-encoding=chunked, x-content-type-options=nosniff, x-xss-protection=1; mode=block, content-type=application/hal+json, cache-control=no-cache, no-store, max-age=0, must-revalidate, pragma=no-cache}
   Actual:   {mode=block, expires=0, transfer-encoding=chunked, x-content-type-options=nosniff, x-xss-protection=1, content-type=application/hal+json, cache-control=no-cache, no-store, max-age=0, must-revalidate, pragma=no-cache}"
aa00e520-fe34-4b9a-b8eb-44adf5042bd2,135795f2-8908-41f8-804e-aacee624178b,false,"[Regression] Header size mismatch for matchId=aa00e520-fe34-4b9a-b8eb-44adf5042bd2
   Expected: {expires=0, transfer-encoding=chunked, x-content-type-options=nosniff, x-xss-protection=1; mode=block, content-type=application/hal+json, cache-control=no-cache, no-store, max-age=0, must-revalidate, pragma=no-cache}
   Actual:   {mode=block, expires=0, transfer-encoding=chunked, x-content-type-options=nosniff, x-xss-protection=1, content-type=application/hal+json, cache-control=no-cache, no-store, max-age=0, must-revalidate, pragma=no-cache}"
aa00e520-fe34-4b9a-b8eb-44adf5042bd2,d16b1cb8-56f3-43d8-a188-848be7fbdf40,false,"[Regression] Header size mismatch for matchId=aa00e520-fe34-4b9a-b8eb-44adf5042bd2
   Expected: {expires=0, transfer-encoding=chunked, x-content-type-options=nosniff, x-xss-protection=1; mode=block, content-type=application/hal+json, cache-control=no-cache, no-store, max-age=0, must-revalidate, pragma=no-cache}
   Actual:   {mode=block, expires=0, transfer-encoding=chunked, x-content-type-options=nosniff, x-xss-protection=1, content-type=application/hal+json, cache-control=no-cache, no-store, max-age=0, must-revalidate, pragma=no-cache}"
aa00e520-fe34-4b9a-b8eb-44adf5042bd2,dd46fb5f-76a0-4c8f-bff4-23615c05164b,false,"[Regression] Header size mismatch for matchId=aa00e520-fe34-4b9a-b8eb-44adf5042bd2
   Expected: {expires=0, transfer-encoding=chunked, x-content-type-options=nosniff, x-xss-protection=1; mode=block, content-type=application/hal+json, cache-control=no-cache, no-store, max-age=0, must-revalidate, pragma=no-cache}
   Actual:   {mode=block, expires=0, transfer-encoding=chunked, x-content-type-options=nosniff, x-xss-protection=1, content-type=application/hal+json, cache-control=no-cache, no-store, max-age=0, must-revalidate, pragma=no-cache}"
aa00e520-fe34-4b9a-b8eb-44adf5042bd2,e66ab21d-6eb6-4d99-990c-47e218f381c6,false,"[Regression] Header size mismatch for matchId=aa00e520-fe34-4b9a-b8eb-44adf5042bd2
   Expected: {expires=0, transfer-encoding=chunked, x-content-type-options=nosniff, x-xss-protection=1; mode=block, content-type=application/hal+json, cache-control=no-cache, no-store, max-age=0, must-revalidate, pragma=no-cache}
   Actual:   {mode=block, expires=0, transfer-encoding=chunked, x-content-type-options=nosniff, x-xss-protection=1, content-type=application/hal+json, cache-control=no-cache, no-store, max-age=0, must-revalidate, pragma=no-cache}"
aa00e520-fe34-4b9a-b8eb-44adf5042bd2,c4444e96-62c6-4bbd-83e9-fb0c79b03540,false,"[Regression] Header size mismatch for matchId=aa00e520-fe34-4b9a-b8eb-44adf5042bd2
   Expected: {expires=0, transfer-encoding=chunked, x-content-type-options=nosniff, x-xss-protection=1; mode=block, content-type=application/hal+json, cache-control=no-cache, no-store, max-age=0, must-revalidate, pragma=no-cache}
   Actual:   {mode=block, expires=0, transfer-encoding=chunked, x-content-type-options=nosniff, x-xss-protection=1, content-type=application/hal+json, cache-control=no-cache, no-store, max-age=0, must-revalidate, pragma=no-cache}"
aa00e520-fe34-4b9a-b8eb-44adf5042bd2,74451fae-f6b9-44e0-b4ef-04c3cebf9e0c,false,"[Regression] Header size mismatch for matchId=aa00e520-fe34-4b9a-b8eb-44adf5042bd2
   Expected: {expires=0, transfer-encoding=chunked, x-content-type-options=nosniff, x-xss-protection=1; mode=block, content-type=application/hal+json, cache-control=no-cache, no-store, max-age=0, must-revalidate, pragma=no-cache}
   Actual:   {mode=block, expires=0, transfer-encoding=chunked, x-content-type-options=nosniff, x-xss-protection=1, content-type=application/hal+json, cache-control=no-cache, no-store, max-age=0, must-revalidate, pragma=no-cache}"
aa00e520-fe34-4b9a-b8eb-44adf5042bd2,65d12fce-524e-4ebe-8fa2-e731fde4c6b9,false,"[Regression] Header size mismatch for matchId=aa00e520-fe34-4b9a-b8eb-44adf5042bd2
   Expected: {expires=0, transfer-encoding=chunked, x-content-type-options=nosniff, x-xss-protection=1; mode=block, content-type=application/hal+json, cache-control=no-cache, no-store, max-age=0, must-revalidate, pragma=no-cache}
   Actual:   {mode=block, expires=0, transfer-encoding=chunked, x-content-type-options=nosniff, x-xss-protection=1, content-type=application/hal+json, cache-control=no-cache, no-store, max-age=0, must-revalidate, pragma=no-cache}"
aa00e520-fe34-4b9a-b8eb-44adf5042bd2,0a98f7de-bfaa-46b0-90ee-0d215baa4bf7,false,"[Regression] Header size mismatch for matchId=aa00e520-fe34-4b9a-b8eb-44adf5042bd2
   Expected: {expires=0, transfer-encoding=chunked, x-content-type-options=nosniff, x-xss-protection=1; mode=block, content-type=application/hal+json, cache-control=no-cache, no-store, max-age=0, must-revalidate, pragma=no-cache}
   Actual:   {mode=block, expires=0, transfer-encoding=chunked, x-content-type-options=nosniff, x-xss-protection=1, content-type=application/hal+json, cache-control=no-cache, no-store, max-age=0, must-revalidate, pragma=no-cache}"
aa00e520-fe34-4b9a-b8eb-44adf5042bd2,c9a5f013-15b0-4c72-9fcc-75b4ed5f063d,false,"[Regression] Header size mismatch for matchId=aa00e520-fe34-4b9a-b8eb-44adf5042bd2
   Expected: {expires=0, transfer-encoding=chunked, x-content-type-options=nosniff, x-xss-protection=1; mode=block, content-type=application/hal+json, cache-control=no-cache, no-store, max-age=0, must-revalidate, pragma=no-cache}
   Actual:   {mode=block, expires=0, transfer-encoding=chunked, x-content-type-options=nosniff, x-xss-protection=1, content-type=application/hal+json, cache-control=no-cache, no-store, max-age=0, must-revalidate, pragma=no-cache}"
aa00e520-fe34-4b9a-b8eb-44adf5042bd2,51f297bb-bb19-44cb-b61b-852653eb3e59,false,"[Regression] Header size mismatch for matchId=aa00e520-fe34-4b9a-b8eb-44adf5042bd2
   Expected: {expires=0, transfer-encoding=chunked, x-content-type-options=nosniff, x-xss-protection=1; mode=block, content-type=application/hal+json, cache-control=no-cache, no-store, max-age=0, must-revalidate, pragma=no-cache}
   Actual:   {mode=block, expires=0, transfer-encoding=chunked, x-content-type-options=nosniff, x-xss-protection=1, content-type=application/hal+json, cache-control=no-cache, no-store, max-age=0, must-revalidate, pragma=no-cache}"
aa00e520-fe34-4b9a-b8eb-44adf5042bd2,d2312fec-3933-4c79-b90a-3b330d8b0cc5,false,"[Regression] Header size mismatch for matchId=aa00e520-fe34-4b9a-b8eb-44adf5042bd2
   Expected: {expires=0, transfer-encoding=chunked, x-content-type-options=nosniff, x-xss-protection=1; mode=block, content-type=application/hal+json, cache-control=no-cache, no-store, max-age=0, must-revalidate, pragma=no-cache}
   Actual:   {mode=block, expires=0, transfer-encoding=chunked, x-content-type-options=nosniff, x-xss-protection=1, content-type=application/hal+json, cache-control=no-cache, no-store, max-age=0, must-revalidate, pragma=no-cache}"
aa00e520-fe34-4b9a-b8eb-44adf5042bd2,930f90d4-ab60-4758-aec2-8bc52eb88ca6,false,"[Regression] Header size mismatch for matchId=aa00e520-fe34-4b9a-b8eb-44adf5042bd2
   Expected: {expires=0, transfer-encoding=chunked, x-content-type-options=nosniff, x-xss-protection=1; mode=block, content-type=application/hal+json, cache-control=no-cache, no-store, max-age=0, must-revalidate, pragma=no-cache}
   Actual:   {mode=block, expires=0, transfer-encoding=chunked, x-content-type-options=nosniff, x-xss-protection=1, content-type=application/hal+json, cache-control=no-cache, no-store, max-age=0, must-revalidate, pragma=no-cache}"
aa00e520-fe34-4b9a-b8eb-44adf5042bd2,d8f112f7-39c2-441e-96d8-19009e438f5a,false,"[Regression] Header size mismatch for matchId=aa00e520-fe34-4b9a-b8eb-44adf5042bd2
   Expected: {expires=0, transfer-encoding=chunked, x-content-type-options=nosniff, x-xss-protection=1; mode=block, content-type=application/hal+json, cache-control=no-cache, no-store, max-age=0, must-revalidate, pragma=no-cache}
   Actual:   {mode=block, expires=0, transfer-encoding=chunked, x-content-type-options=nosniff, x-xss-protection=1, content-type=application/hal+json, cache-control=no-cache, no-store, max-age=0, must-revalidate, pragma=no-cache}"
aa00e520-fe34-4b9a-b8eb-44adf5042bd2,086f49bd-8335-4c79-8fb1-cf0753702eee,false,"[Regression] Header size mismatch for matchId=aa00e520-fe34-4b9a-b8eb-44adf5042bd2
   Expected: {expires=0, transfer-encoding=chunked, x-content-type-options=nosniff, x-xss-protection=1; mode=block, content-type=application/hal+json, cache-control=no-cache, no-store, max-age=0, must-revalidate, pragma=no-cache}
   Actual:   {mode=block, expires=0, transfer-encoding=chunked, x-content-type-options=nosniff, x-xss-protection=1, content-type=application/hal+json, cache-control=no-cache, no-store, max-age=0, must-revalidate, pragma=no-cache}"
aa00e520-fe34-4b9a-b8eb-44adf5042bd2,fbb68f81-9504-4bab-bcbc-490f0e85874e,false,"[Regression] Header size mismatch for matchId=aa00e520-fe34-4b9a-b8eb-44adf5042bd2
   Expected: {expires=0, transfer-encoding=chunked, x-content-type-options=nosniff, x-xss-protection=1; mode=block, content-type=application/hal+json, cache-control=no-cache, no-store, max-age=0, must-revalidate, pragma=no-cache}
   Actual:   {mode=block, expires=0, transfer-encoding=chunked, x-content-type-options=nosniff, x-xss-protection=1, content-type=application/hal+json, cache-control=no-cache, no-store, max-age=0, must-revalidate, pragma=no-cache}"
aa00e520-fe34-4b9a-b8eb-44adf5042bd2,965b607d-cb65-4414-8519-d55680f054f5,false,"[Regression] Header size mismatch for matchId=aa00e520-fe34-4b9a-b8eb-44adf5042bd2
   Expected: {expires=0, transfer-encoding=chunked, x-content-type-options=nosniff, x-xss-protection=1; mode=block, content-type=application/hal+json, cache-control=no-cache, no-store, max-age=0, must-revalidate, pragma=no-cache}
   Actual:   {mode=block, expires=0, transfer-encoding=chunked, x-content-type-options=nosniff, x-xss-protection=1, content-type=application/hal+json, cache-control=no-cache, no-store, max-age=0, must-revalidate, pragma=no-cache}"
aa00e520-fe34-4b9a-b8eb-44adf5042bd2,6efe84cc-3344-4c7c-a1fb-cfdaa7490569,false,"[Regression] Header size mismatch for matchId=aa00e520-fe34-4b9a-b8eb-44adf5042bd2
   Expected: {expires=0, transfer-encoding=chunked, x-content-type-options=nosniff, x-xss-protection=1; mode=block, content-type=application/hal+json, cache-control=no-cache, no-store, max-age=0, must-revalidate, pragma=no-cache}
   Actual:   {mode=block, expires=0, transfer-encoding=chunked, x-content-type-options=nosniff, x-xss-protection=1, content-type=application/hal+json, cache-control=no-cache, no-store, max-age=0, must-revalidate, pragma=no-cache}"
aa00e520-fe34-4b9a-b8eb-44adf5042bd2,bf5eac87-211f-4863-b4b3-1ab70bdf7388,false,"[Regression] Header size mismatch for matchId=aa00e520-fe34-4b9a-b8eb-44adf5042bd2
   Expected: {expires=0, transfer-encoding=chunked, x-content-type-options=nosniff, x-xss-protection=1; mode=block, content-type=application/hal+json, cache-control=no-cache, no-store, max-age=0, must-revalidate, pragma=no-cache}
   Actual:   {mode=block, expires=0, transfer-encoding=chunked, x-content-type-options=nosniff, x-xss-protection=1, content-type=application/hal+json, cache-control=no-cache, no-store, max-age=0, must-revalidate, pragma=no-cache}"
aa00e520-fe34-4b9a-b8eb-44adf5042bd2,834366bb-22e4-4d60-9f6e-f874be2eaa3f,false,"[Regression] Header size mismatch for matchId=aa00e520-fe34-4b9a-b8eb-44adf5042bd2
   Expected: {expires=0, transfer-encoding=chunked, x-content-type-options=nosniff, x-xss-protection=1; mode=block, content-type=application/hal+json, cache-control=no-cache, no-store, max-age=0, must-revalidate, pragma=no-cache}
   Actual:   {mode=block, expires=0, transfer-encoding=chunked, x-content-type-options=nosniff, x-xss-protection=1, content-type=application/hal+json, cache-control=no-cache, no-store, max-age=0, must-revalidate, pragma=no-cache}"
aa00e520-fe34-4b9a-b8eb-44adf5042bd2,7fcf35f1-6a04-4ad6-b31c-7714eb678978,false,"[Regression] Header size mismatch for matchId=aa00e520-fe34-4b9a-b8eb-44adf5042bd2
   Expected: {expires=0, transfer-encoding=chunked, x-content-type-options=nosniff, x-xss-protection=1; mode=block, content-type=application/hal+json, cache-control=no-cache, no-store, max-age=0, must-revalidate, pragma=no-cache}
   Actual:   {mode=block, expires=0, transfer-encoding=chunked, x-content-type-options=nosniff, x-xss-protection=1, content-type=application/hal+json, cache-control=no-cache, no-store, max-age=0, must-revalidate, pragma=no-cache}"
aa00e520-fe34-4b9a-b8eb-44adf5042bd2,584109bf-a0b1-4512-ad6d-a2fa5234d50d,false,"[Regression] Header size mismatch for matchId=aa00e520-fe34-4b9a-b8eb-44adf5042bd2
   Expected: {expires=0, transfer-encoding=chunked, x-content-type-options=nosniff, x-xss-protection=1; mode=block, content-type=application/hal+json, cache-control=no-cache, no-store, max-age=0, must-revalidate, pragma=no-cache}
   Actual:   {mode=block, expires=0, transfer-encoding=chunked, x-content-type-options=nosniff, x-xss-protection=1, content-type=application/hal+json, cache-control=no-cache, no-store, max-age=0, must-revalidate, pragma=no-cache}"
aa00e520-fe34-4b9a-b8eb-44adf5042bd2,fb383f0a-a428-4a0d-8bd5-b6e490189148,false,"[Regression] Header size mismatch for matchId=aa00e520-fe34-4b9a-b8eb-44adf5042bd2
   Expected: {expires=0, transfer-encoding=chunked, x-content-type-options=nosniff, x-xss-protection=1; mode=block, content-type=application/hal+json, cache-control=no-cache, no-store, max-age=0, must-revalidate, pragma=no-cache}
   Actual:   {mode=block, expires=0, transfer-encoding=chunked, x-content-type-options=nosniff, x-xss-protection=1, content-type=application/hal+json, cache-control=no-cache, no-store, max-age=0, must-revalidate, pragma=no-cache}"
aa00e520-fe34-4b9a-b8eb-44adf5042bd2,7cf60124-166c-4b38-ac13-a7ffbab21485,false,"[Regression] Header size mismatch for matchId=aa00e520-fe34-4b9a-b8eb-44adf5042bd2
   Expected: {expires=0, transfer-encoding=chunked, x-content-type-options=nosniff, x-xss-protection=1; mode=block, content-type=application/hal+json, cache-control=no-cache, no-store, max-age=0, must-revalidate, pragma=no-cache}
   Actual:   {mode=block, expires=0, transfer-encoding=chunked, x-content-type-options=nosniff, x-xss-protection=1, content-type=application/hal+json, cache-control=no-cache, no-store, max-age=0, must-revalidate, pragma=no-cache}"
aa00e520-fe34-4b9a-b8eb-44adf5042bd2,8a9bea57-1ef3-448e-958d-ceb650f2edc3,false,"[Regression] Header size mismatch for matchId=aa00e520-fe34-4b9a-b8eb-44adf5042bd2
   Expected: {expires=0, transfer-encoding=chunked, x-content-type-options=nosniff, x-xss-protection=1; mode=block, content-type=application/hal+json, cache-control=no-cache, no-store, max-age=0, must-revalidate, pragma=no-cache}
   Actual:   {mode=block, expires=0, transfer-encoding=chunked, x-content-type-options=nosniff, x-xss-protection=1, content-type=application/hal+json, cache-control=no-cache, no-store, max-age=0, must-revalidate, pragma=no-cache}"
aa00e520-fe34-4b9a-b8eb-44adf5042bd2,f18b9408-3cf1-40e0-bc4d-b46a2174c3a7,false,"[Regression] Header size mismatch for matchId=aa00e520-fe34-4b9a-b8eb-44adf5042bd2
   Expected: {expires=0, transfer-encoding=chunked, x-content-type-options=nosniff, x-xss-protection=1; mode=block, content-type=application/hal+json, cache-control=no-cache, no-store, max-age=0, must-revalidate, pragma=no-cache}
   Actual:   {mode=block, expires=0, transfer-encoding=chunked, x-content-type-options=nosniff, x-xss-protection=1, content-type=application/hal+json, cache-control=no-cache, no-store, max-age=0, must-revalidate, pragma=no-cache}"
aa00e520-fe34-4b9a-b8eb-44adf5042bd2,3b7c65eb-2e40-4c67-8cfa-ff086963712f,false,"[Regression] Header size mismatch for matchId=aa00e520-fe34-4b9a-b8eb-44adf5042bd2
   Expected: {expires=0, transfer-encoding=chunked, x-content-type-options=nosniff, x-xss-protection=1; mode=block, content-type=application/hal+json, cache-control=no-cache, no-store, max-age=0, must-revalidate, pragma=no-cache}
   Actual:   {mode=block, expires=0, transfer-encoding=chunked, x-content-type-options=nosniff, x-xss-protection=1, content-type=application/hal+json, cache-control=no-cache, no-store, max-age=0, must-revalidate, pragma=no-cache}"
aa00e520-fe34-4b9a-b8eb-44adf5042bd2,23854edd-64de-4695-a83d-911c969ba48b,false,"[Regression] Header size mismatch for matchId=aa00e520-fe34-4b9a-b8eb-44adf5042bd2
   Expected: {expires=0, transfer-encoding=chunked, x-content-type-options=nosniff, x-xss-protection=1; mode=block, content-type=application/hal+json, cache-control=no-cache, no-store, max-age=0, must-revalidate, pragma=no-cache}
   Actual:   {mode=block, expires=0, transfer-encoding=chunked, x-content-type-options=nosniff, x-xss-protection=1, content-type=application/hal+json, cache-control=no-cache, no-store, max-age=0, must-revalidate, pragma=no-cache}"
aa00e520-fe34-4b9a-b8eb-44adf5042bd2,81a8acc8-a647-4cfa-86b5-acc4ccb294b2,false,"[Regression] Header size mismatch for matchId=aa00e520-fe34-4b9a-b8eb-44adf5042bd2
   Expected: {expires=0, transfer-encoding=chunked, x-content-type-options=nosniff, x-xss-protection=1; mode=block, content-type=application/hal+json, cache-control=no-cache, no-store, max-age=0, must-revalidate, pragma=no-cache}
   Actual:   {mode=block, expires=0, transfer-encoding=chunked, x-content-type-options=nosniff, x-xss-protection=1, content-type=application/hal+json, cache-control=no-cache, no-store, max-age=0, must-revalidate, pragma=no-cache}"
aa00e520-fe34-4b9a-b8eb-44adf5042bd2,d0dfc3c4-a6d6-42c4-bbc7-bc0aa814ee8a,false,"[Regression] Header size mismatch for matchId=aa00e520-fe34-4b9a-b8eb-44adf5042bd2
   Expected: {expires=0, transfer-encoding=chunked, x-content-type-options=nosniff, x-xss-protection=1; mode=block, content-type=application/hal+json, cache-control=no-cache, no-store, max-age=0, must-revalidate, pragma=no-cache}
   Actual:   {mode=block, expires=0, transfer-encoding=chunked, x-content-type-options=nosniff, x-xss-protection=1, content-type=application/hal+json, cache-control=no-cache, no-store, max-age=0, must-revalidate, pragma=no-cache}"
aa00e520-fe34-4b9a-b8eb-44adf5042bd2,6f728b84-dc9d-4102-95ea-7cc24a18e2fc,false,"[Regression] Header size mismatch for matchId=aa00e520-fe34-4b9a-b8eb-44adf5042bd2
   Expected: {expires=0, transfer-encoding=chunked, x-content-type-options=nosniff, x-xss-protection=1; mode=block, content-type=application/hal+json, cache-control=no-cache, no-store, max-age=0, must-revalidate, pragma=no-cache}
   Actual:   {mode=block, expires=0, transfer-encoding=chunked, x-content-type-options=nosniff, x-xss-protection=1, content-type=application/hal+json, cache-control=no-cache, no-store, max-age=0, must-revalidate, pragma=no-cache}"
aa00e520-fe34-4b9a-b8eb-44adf5042bd2,9b013ba6-8369-4588-9cb1-c343b8de9afb,false,"[Regression] Header size mismatch for matchId=aa00e520-fe34-4b9a-b8eb-44adf5042bd2
   Expected: {expires=0, transfer-encoding=chunked, x-content-type-options=nosniff, x-xss-protection=1; mode=block, content-type=application/hal+json, cache-control=no-cache, no-store, max-age=0, must-revalidate, pragma=no-cache}
   Actual:   {mode=block, expires=0, transfer-encoding=chunked, x-content-type-options=nosniff, x-xss-protection=1, content-type=application/hal+json, cache-control=no-cache, no-store, max-age=0, must-revalidate, pragma=no-cache}"
aa00e520-fe34-4b9a-b8eb-44adf5042bd2,5465ff6c-2120-41b2-9cfa-3d585b909aad,false,"[Regression] Header size mismatch for matchId=aa00e520-fe34-4b9a-b8eb-44adf5042bd2
   Expected: {expires=0, transfer-encoding=chunked, x-content-type-options=nosniff, x-xss-protection=1; mode=block, content-type=application/hal+json, cache-control=no-cache, no-store, max-age=0, must-revalidate, pragma=no-cache}
   Actual:   {mode=block, expires=0, transfer-encoding=chunked, x-content-type-options=nosniff, x-xss-protection=1, content-type=application/hal+json, cache-control=no-cache, no-store, max-age=0, must-revalidate, pragma=no-cache}"
757c6751-de51-4c22-8ab6-6f29ddf77ca3,17a4a66a-39c8-46cf-b0b5-cc15fd0f424b,false,"[Regression] Status code mismatch for matchId=757c6751-de51-4c22-8ab6-6f29ddf77ca3
   Expected: 201
   Actual:   200"
757c6751-de51-4c22-8ab6-6f29ddf77ca3,22399e48-504b-4881-bcd4-cabfa8bdb2f8,false,"[Regression] Status code mismatch for matchId=757c6751-de51-4c22-8ab6-6f29ddf77ca3
   Expected: 201
   Actual:   400"
757c6751-de51-4c22-8ab6-6f29ddf77ca3,27b2c224-bd06-4cec-9fed-a660540bd069,false,"[Regression] Status code mismatch for matchId=757c6751-de51-4c22-8ab6-6f29ddf77ca3
   Expected: 201
   Actual:   500"
757c6751-de51-4c22-8ab6-6f29ddf77ca3,f1b9ea7e-610c-4ea6-9e29-17ecd0797559,false,"[Regression] Header size mismatch for matchId=757c6751-de51-4c22-8ab6-6f29ddf77ca3
   Expected: {expires=0, transfer-encoding=chunked, x-content-type-options=nosniff, x-xss-protection=1; mode=block, content-type=application/hal+json, cache-control=no-cache, no-store, max-age=0, must-revalidate, pragma=no-cache}
   Actual:   {mode=block, expires=0, transfer-encoding=chunked, x-content-type-options=nosniff, x-xss-protection=1, content-type=text/plain, cache-control=no-cache, no-store, max-age=0, must-revalidate, pragma=no-cache}"
757c6751-de51-4c22-8ab6-6f29ddf77ca3,dba3dfbd-2023-4986-9b5c-264c75df1504,false,"[Regression] Header value (x-xss-protection) mismatch for matchId=757c6751-de51-4c22-8ab6-6f29ddf77ca3
   Expected: 1; mode=block
   Actual:   1"
757c6751-de51-4c22-8ab6-6f29ddf77ca3,7714a4b1-af0d-43c8-b185-571f5184400e,false,"[Regression] Header size mismatch for matchId=757c6751-de51-4c22-8ab6-6f29ddf77ca3
   Expected: {expires=0, transfer-encoding=chunked, x-content-type-options=nosniff, x-xss-protection=1; mode=block, content-type=application/hal+json, cache-control=no-cache, no-store, max-age=0, must-revalidate, pragma=no-cache}
   Actual:   {mode=block, expires=0, transfer-encoding=chunked, x-content-type-options=nosniff, x-xss-protection=1, content-type=application/hal+json; charset=utf-32, cache-control=no-cache, no-store, max-age=0, must-revalidate, pragma=no-cache}"
757c6751-de51-4c22-8ab6-6f29ddf77ca3,9bc8b833-0edf-4110-8892-397d8160a0ac,false,"[Regression] Header size mismatch for matchId=757c6751-de51-4c22-8ab6-6f29ddf77ca3
   Expected: {expires=0, transfer-encoding=chunked, x-content-type-options=nosniff, x-xss-protection=1; mode=block, content-type=application/hal+json, cache-control=no-cache, no-store, max-age=0, must-revalidate, pragma=no-cache}
   Actual:   {mode=block, expires=0, transfer-encoding=chunked, x-content-type-options=nosniff, x-xss-protection=1, content-type=application/hal+json, cache-control=no-cache, no-store, max-age=0, must-revalidate, pragma=no-cache}"
757c6751-de51-4c22-8ab6-6f29ddf77ca3,d114a8ec-a78b-4e77-b0d2-546e34dfde17,false,"[Regression] Header size mismatch for matchId=757c6751-de51-4c22-8ab6-6f29ddf77ca3
   Expected: {expires=0, transfer-encoding=chunked, x-content-type-options=nosniff, x-xss-protection=1; mode=block, content-type=application/hal+json, cache-control=no-cache, no-store, max-age=0, must-revalidate, pragma=no-cache}
   Actual:   {mode=block, expires=0, transfer-encoding=chunked, x-content-type-options=nosniff, x-xss-protection=1, content-type=application/hal+json, cache-control=no-cache, no-store, max-age=0, must-revalidate, pragma=no-cache}"
757c6751-de51-4c22-8ab6-6f29ddf77ca3,54113a55-bb9b-464a-82cc-4815052c2430,false,"[Regression] Header size mismatch for matchId=757c6751-de51-4c22-8ab6-6f29ddf77ca3
   Expected: {expires=0, transfer-encoding=chunked, x-content-type-options=nosniff, x-xss-protection=1; mode=block, content-type=application/hal+json, cache-control=no-cache, no-store, max-age=0, must-revalidate, pragma=no-cache}
   Actual:   {mode=block, expires=0, transfer-encoding=chunked, x-content-type-options=nosniff, x-xss-protection=1, content-type=application/hal+json, cache-control=no-cache, no-store, max-age=0, must-revalidate, pragma=no-cache}"
757c6751-de51-4c22-8ab6-6f29ddf77ca3,9059da84-3ac5-45ec-a490-d625eb0c0ec1,false,"[Regression] Header size mismatch for matchId=757c6751-de51-4c22-8ab6-6f29ddf77ca3
   Expected: {expires=0, transfer-encoding=chunked, x-content-type-options=nosniff, x-xss-protection=1; mode=block, content-type=application/hal+json, cache-control=no-cache, no-store, max-age=0, must-revalidate, pragma=no-cache}
   Actual:   {mode=block, expires=0, transfer-encoding=chunked, x-content-type-options=nosniff, x-xss-protection=1, content-type=application/hal+json, cache-control=no-cache, no-store, max-age=0, must-revalidate, pragma=no-cache}"
757c6751-de51-4c22-8ab6-6f29ddf77ca3,a9a9fc4a-fdc1-4d6b-b003-d2d0a2de3305,false,"[Regression] Header size mismatch for matchId=757c6751-de51-4c22-8ab6-6f29ddf77ca3
   Expected: {expires=0, transfer-encoding=chunked, x-content-type-options=nosniff, x-xss-protection=1; mode=block, content-type=application/hal+json, cache-control=no-cache, no-store, max-age=0, must-revalidate, pragma=no-cache}
   Actual:   {mode=block, expires=0, transfer-encoding=chunked, x-content-type-options=nosniff, x-xss-protection=1, content-type=application/hal+json, cache-control=no-cache, no-store, max-age=0, must-revalidate, pragma=no-cache}"
757c6751-de51-4c22-8ab6-6f29ddf77ca3,89e6f0ed-fb57-43b3-850b-32b870a46242,false,"[Regression] Header size mismatch for matchId=757c6751-de51-4c22-8ab6-6f29ddf77ca3
   Expected: {expires=0, transfer-encoding=chunked, x-content-type-options=nosniff, x-xss-protection=1; mode=block, content-type=application/hal+json, cache-control=no-cache, no-store, max-age=0, must-revalidate, pragma=no-cache}
   Actual:   {mode=block, expires=0, transfer-encoding=chunked, x-content-type-options=nosniff, x-xss-protection=1, content-type=application/hal+json, cache-control=no-cache, no-store, max-age=0, must-revalidate, pragma=no-cache}"
757c6751-de51-4c22-8ab6-6f29ddf77ca3,84de9281-d769-482a-a67f-fd75bec84ae6,false,"[Regression] Header size mismatch for matchId=757c6751-de51-4c22-8ab6-6f29ddf77ca3
   Expected: {expires=0, transfer-encoding=chunked, x-content-type-options=nosniff, x-xss-protection=1; mode=block, content-type=application/hal+json, cache-control=no-cache, no-store, max-age=0, must-revalidate, pragma=no-cache}
   Actual:   {mode=block, expires=0, transfer-encoding=chunked, x-content-type-options=nosniff, x-xss-protection=1, content-type=application/hal+json, cache-control=no-cache, no-store, max-age=0, must-revalidate, pragma=no-cache}"
757c6751-de51-4c22-8ab6-6f29ddf77ca3,bc18e085-ebf9-4ed7-9e7d-fbbc577bcd44,false,"[Regression] Header size mismatch for matchId=757c6751-de51-4c22-8ab6-6f29ddf77ca3
   Expected: {expires=0, transfer-encoding=chunked, x-content-type-options=nosniff, x-xss-protection=1; mode=block, content-type=application/hal+json, cache-control=no-cache, no-store, max-age=0, must-revalidate, pragma=no-cache}
   Actual:   {mode=block, expires=0, transfer-encoding=chunked, x-content-type-options=nosniff, x-xss-protection=1, content-type=application/hal+json, cache-control=no-cache, no-store, max-age=0, must-revalidate, pragma=no-cache}"
757c6751-de51-4c22-8ab6-6f29ddf77ca3,27248d2d-7f28-4a7c-83c6-8d10f5463a7d,false,"[Regression] Header size mismatch for matchId=757c6751-de51-4c22-8ab6-6f29ddf77ca3
   Expected: {expires=0, transfer-encoding=chunked, x-content-type-options=nosniff, x-xss-protection=1; mode=block, content-type=application/hal+json, cache-control=no-cache, no-store, max-age=0, must-revalidate, pragma=no-cache}
   Actual:   {mode=block, expires=0, transfer-encoding=chunked, x-content-type-options=nosniff, x-xss-protection=1, content-type=application/hal+json, cache-control=no-cache, no-store, max-age=0, must-revalidate, pragma=no-cache}"
757c6751-de51-4c22-8ab6-6f29ddf77ca3,2848e333-cce3-4dcf-b147-ee12c568e2e0,false,"[Regression] Header size mismatch for matchId=757c6751-de51-4c22-8ab6-6f29ddf77ca3
   Expected: {expires=0, transfer-encoding=chunked, x-content-type-options=nosniff, x-xss-protection=1; mode=block, content-type=application/hal+json, cache-control=no-cache, no-store, max-age=0, must-revalidate, pragma=no-cache}
   Actual:   {mode=block, expires=0, transfer-encoding=chunked, x-content-type-options=nosniff, x-xss-protection=1, content-type=application/hal+json, cache-control=no-cache, no-store, max-age=0, must-revalidate, pragma=no-cache}"
757c6751-de51-4c22-8ab6-6f29ddf77ca3,9064fbe9-5b29-4498-9332-9bd258e06d1c,false,"[Regression] Header size mismatch for matchId=757c6751-de51-4c22-8ab6-6f29ddf77ca3
   Expected: {expires=0, transfer-encoding=chunked, x-content-type-options=nosniff, x-xss-protection=1; mode=block, content-type=application/hal+json, cache-control=no-cache, no-store, max-age=0, must-revalidate, pragma=no-cache}
   Actual:   {mode=block, expires=0, transfer-encoding=chunked, x-content-type-options=nosniff, x-xss-protection=1, content-type=application/hal+json, cache-control=no-cache, no-store, max-age=0, must-revalidate, pragma=no-cache}"
757c6751-de51-4c22-8ab6-6f29ddf77ca3,48e199aa-5971-4221-b2bf-266a9e35dda8,false,"[Regression] Header size mismatch for matchId=757c6751-de51-4c22-8ab6-6f29ddf77ca3
   Expected: {expires=0, transfer-encoding=chunked, x-content-type-options=nosniff, x-xss-protection=1; mode=block, content-type=application/hal+json, cache-control=no-cache, no-store, max-age=0, must-revalidate, pragma=no-cache}
   Actual:   {mode=block, expires=0, transfer-encoding=chunked, x-content-type-options=nosniff, x-xss-protection=1, content-type=application/hal+json, cache-control=no-cache, no-store, max-age=0, must-revalidate, pragma=no-cache}"
757c6751-de51-4c22-8ab6-6f29ddf77ca3,6e2fad98-92f9-46e9-86a5-2acdc20b3c1e,false,"[Regression] Header size mismatch for matchId=757c6751-de51-4c22-8ab6-6f29ddf77ca3
   Expected: {expires=0, transfer-encoding=chunked, x-content-type-options=nosniff, x-xss-protection=1; mode=block, content-type=application/hal+json, cache-control=no-cache, no-store, max-age=0, must-revalidate, pragma=no-cache}
   Actual:   {mode=block, expires=0, transfer-encoding=chunked, x-content-type-options=nosniff, x-xss-protection=1, content-type=application/hal+json, cache-control=no-cache, no-store, max-age=0, must-revalidate, pragma=no-cache}"
757c6751-de51-4c22-8ab6-6f29ddf77ca3,681c7fa0-9876-4587-b0fb-7edb8e2781e0,false,"[Regression] Header size mismatch for matchId=757c6751-de51-4c22-8ab6-6f29ddf77ca3
   Expected: {expires=0, transfer-encoding=chunked, x-content-type-options=nosniff, x-xss-protection=1; mode=block, content-type=application/hal+json, cache-control=no-cache, no-store, max-age=0, must-revalidate, pragma=no-cache}
   Actual:   {mode=block, expires=0, transfer-encoding=chunked, x-content-type-options=nosniff, x-xss-protection=1, content-type=application/hal+json, cache-control=no-cache, no-store, max-age=0, must-revalidate, pragma=no-cache}"
757c6751-de51-4c22-8ab6-6f29ddf77ca3,256048d4-64e8-4623-8676-6b0d35c19432,false,"[Regression] Header size mismatch for matchId=757c6751-de51-4c22-8ab6-6f29ddf77ca3
   Expected: {expires=0, transfer-encoding=chunked, x-content-type-options=nosniff, x-xss-protection=1; mode=block, content-type=application/hal+json, cache-control=no-cache, no-store, max-age=0, must-revalidate, pragma=no-cache}
   Actual:   {mode=block, expires=0, transfer-encoding=chunked, x-content-type-options=nosniff, x-xss-protection=1, content-type=application/hal+json, cache-control=no-cache, no-store, max-age=0, must-revalidate, pragma=no-cache}"
757c6751-de51-4c22-8ab6-6f29ddf77ca3,83e69f36-db08-4769-9a24-4caea035782e,false,"[Regression] Header size mismatch for matchId=757c6751-de51-4c22-8ab6-6f29ddf77ca3
   Expected: {expires=0, transfer-encoding=chunked, x-content-type-options=nosniff, x-xss-protection=1; mode=block, content-type=application/hal+json, cache-control=no-cache, no-store, max-age=0, must-revalidate, pragma=no-cache}
   Actual:   {mode=block, expires=0, transfer-encoding=chunked, x-content-type-options=nosniff, x-xss-protection=1, content-type=application/hal+json, cache-control=no-cache, no-store, max-age=0, must-revalidate, pragma=no-cache}"
757c6751-de51-4c22-8ab6-6f29ddf77ca3,65c3edd9-b531-4463-b5d7-d0385cd75b9b,false,"[Regression] Header size mismatch for matchId=757c6751-de51-4c22-8ab6-6f29ddf77ca3
   Expected: {expires=0, transfer-encoding=chunked, x-content-type-options=nosniff, x-xss-protection=1; mode=block, content-type=application/hal+json, cache-control=no-cache, no-store, max-age=0, must-revalidate, pragma=no-cache}
   Actual:   {mode=block, expires=0, transfer-encoding=chunked, x-content-type-options=nosniff, x-xss-protection=1, content-type=application/hal+json, cache-control=no-cache, no-store, max-age=0, must-revalidate, pragma=no-cache}"
757c6751-de51-4c22-8ab6-6f29ddf77ca3,bb1a86fe-4032-41a3-9c3d-0328446f1021,false,"[Regression] Header size mismatch for matchId=757c6751-de51-4c22-8ab6-6f29ddf77ca3
   Expected: {expires=0, transfer-encoding=chunked, x-content-type-options=nosniff, x-xss-protection=1; mode=block, content-type=application/hal+json, cache-control=no-cache, no-store, max-age=0, must-revalidate, pragma=no-cache}
   Actual:   {mode=block, expires=0, transfer-encoding=chunked, x-content-type-options=nosniff, x-xss-protection=1, content-type=application/hal+json, cache-control=no-cache, no-store, max-age=0, must-revalidate, pragma=no-cache}"
757c6751-de51-4c22-8ab6-6f29ddf77ca3,689a82ca-ff6d-4b7b-ac9f-52128cde279c,false,"[Regression] Header size mismatch for matchId=757c6751-de51-4c22-8ab6-6f29ddf77ca3
   Expected: {expires=0, transfer-encoding=chunked, x-content-type-options=nosniff, x-xss-protection=1; mode=block, content-type=application/hal+json, cache-control=no-cache, no-store, max-age=0, must-revalidate, pragma=no-cache}
   Actual:   {mode=block, expires=0, transfer-encoding=chunked, x-content-type-options=nosniff, x-xss-protection=1, content-type=application/hal+json, cache-control=no-cache, no-store, max-age=0, must-revalidate, pragma=no-cache}"
757c6751-de51-4c22-8ab6-6f29ddf77ca3,252734dc-2b17-4e7e-80c3-75799984f1ad,false,"[Regression] Header size mismatch for matchId=757c6751-de51-4c22-8ab6-6f29ddf77ca3
   Expected: {expires=0, transfer-encoding=chunked, x-content-type-options=nosniff, x-xss-protection=1; mode=block, content-type=application/hal+json, cache-control=no-cache, no-store, max-age=0, must-revalidate, pragma=no-cache}
   Actual:   {mode=block, expires=0, transfer-encoding=chunked, x-content-type-options=nosniff, x-xss-protection=1, content-type=application/hal+json, cache-control=no-cache, no-store, max-age=0, must-revalidate, pragma=no-cache}"
757c6751-de51-4c22-8ab6-6f29ddf77ca3,2aea212f-5de7-4a7f-8442-ac59067ea845,false,"[Regression] Header size mismatch for matchId=757c6751-de51-4c22-8ab6-6f29ddf77ca3
   Expected: {expires=0, transfer-encoding=chunked, x-content-type-options=nosniff, x-xss-protection=1; mode=block, content-type=application/hal+json, cache-control=no-cache, no-store, max-age=0, must-revalidate, pragma=no-cache}
   Actual:   {mode=block, expires=0, transfer-encoding=chunked, x-content-type-options=nosniff, x-xss-protection=1, content-type=application/hal+json, cache-control=no-cache, no-store, max-age=0, must-revalidate, pragma=no-cache}"
757c6751-de51-4c22-8ab6-6f29ddf77ca3,344f950c-50c8-4a49-959b-748e4b80a208,false,"[Regression] Header size mismatch for matchId=757c6751-de51-4c22-8ab6-6f29ddf77ca3
   Expected: {expires=0, transfer-encoding=chunked, x-content-type-options=nosniff, x-xss-protection=1; mode=block, content-type=application/hal+json, cache-control=no-cache, no-store, max-age=0, must-revalidate, pragma=no-cache}
   Actual:   {mode=block, expires=0, transfer-encoding=chunked, x-content-type-options=nosniff, x-xss-protection=1, content-type=application/hal+json, cache-control=no-cache, no-store, max-age=0, must-revalidate, pragma=no-cache}"
757c6751-de51-4c22-8ab6-6f29ddf77ca3,b62bec0d-24df-4a57-8989-4574fd792156,false,"[Regression] Header size mismatch for matchId=757c6751-de51-4c22-8ab6-6f29ddf77ca3
   Expected: {expires=0, transfer-encoding=chunked, x-content-type-options=nosniff, x-xss-protection=1; mode=block, content-type=application/hal+json, cache-control=no-cache, no-store, max-age=0, must-revalidate, pragma=no-cache}
   Actual:   {mode=block, expires=0, transfer-encoding=chunked, x-content-type-options=nosniff, x-xss-protection=1, content-type=application/hal+json, cache-control=no-cache, no-store, max-age=0, must-revalidate, pragma=no-cache}"
757c6751-de51-4c22-8ab6-6f29ddf77ca3,47404b8d-be2e-47f4-ad32-63499635f583,false,"[Regression] Header size mismatch for matchId=757c6751-de51-4c22-8ab6-6f29ddf77ca3
   Expected: {expires=0, transfer-encoding=chunked, x-content-type-options=nosniff, x-xss-protection=1; mode=block, content-type=application/hal+json, cache-control=no-cache, no-store, max-age=0, must-revalidate, pragma=no-cache}
   Actual:   {mode=block, expires=0, transfer-encoding=chunked, x-content-type-options=nosniff, x-xss-protection=1, content-type=application/hal+json, cache-control=no-cache, no-store, max-age=0, must-revalidate, pragma=no-cache}"
757c6751-de51-4c22-8ab6-6f29ddf77ca3,9877072d-fabb-442b-b8cf-8ee2d24c12b9,false,"[Regression] Header size mismatch for matchId=757c6751-de51-4c22-8ab6-6f29ddf77ca3
   Expected: {expires=0, transfer-encoding=chunked, x-content-type-options=nosniff, x-xss-protection=1; mode=block, content-type=application/hal+json, cache-control=no-cache, no-store, max-age=0, must-revalidate, pragma=no-cache}
   Actual:   {mode=block, expires=0, transfer-encoding=chunked, x-content-type-options=nosniff, x-xss-protection=1, content-type=application/hal+json, cache-control=no-cache, no-store, max-age=0, must-revalidate, pragma=no-cache}"
757c6751-de51-4c22-8ab6-6f29ddf77ca3,022307bc-c31b-41a4-a76a-144bd62a5ba7,false,"[Regression] Header size mismatch for matchId=757c6751-de51-4c22-8ab6-6f29ddf77ca3
   Expected: {expires=0, transfer-encoding=chunked, x-content-type-options=nosniff, x-xss-protection=1; mode=block, content-type=application/hal+json, cache-control=no-cache, no-store, max-age=0, must-revalidate, pragma=no-cache}
   Actual:   {mode=block, expires=0, transfer-encoding=chunked, x-content-type-options=nosniff, x-xss-protection=1, content-type=application/hal+json, cache-control=no-cache, no-store, max-age=0, must-revalidate, pragma=no-cache}"
757c6751-de51-4c22-8ab6-6f29ddf77ca3,68254f3c-613b-49ef-abdd-ad341537eb05,false,"[Regression] Header size mismatch for matchId=757c6751-de51-4c22-8ab6-6f29ddf77ca3
   Expected: {expires=0, transfer-encoding=chunked, x-content-type-options=nosniff, x-xss-protection=1; mode=block, content-type=application/hal+json, cache-control=no-cache, no-store, max-age=0, must-revalidate, pragma=no-cache}
   Actual:   {mode=block, expires=0, transfer-encoding=chunked, x-content-type-options=nosniff, x-xss-protection=1, content-type=application/hal+json, cache-control=no-cache, no-store, max-age=0, must-revalidate, pragma=no-cache}"
757c6751-de51-4c22-8ab6-6f29ddf77ca3,c0ff414c-b89a-448f-9d3b-287e394ecfc1,false,"[Regression] Header size mismatch for matchId=757c6751-de51-4c22-8ab6-6f29ddf77ca3
   Expected: {expires=0, transfer-encoding=chunked, x-content-type-options=nosniff, x-xss-protection=1; mode=block, content-type=application/hal+json, cache-control=no-cache, no-store, max-age=0, must-revalidate, pragma=no-cache}
   Actual:   {mode=block, expires=0, transfer-encoding=chunked, x-content-type-options=nosniff, x-xss-protection=1, content-type=application/hal+json, cache-control=no-cache, no-store, max-age=0, must-revalidate, pragma=no-cache}"
757c6751-de51-4c22-8ab6-6f29ddf77ca3,075fc36a-93ea-495c-928b-a96f5e43bc04,false,"[Regression] Header size mismatch for matchId=757c6751-de51-4c22-8ab6-6f29ddf77ca3
   Expected: {expires=0, transfer-encoding=chunked, x-content-type-options=nosniff, x-xss-protection=1; mode=block, content-type=application/hal+json, cache-control=no-cache, no-store, max-age=0, must-revalidate, pragma=no-cache}
   Actual:   {mode=block, expires=0, transfer-encoding=chunked, x-content-type-options=nosniff, x-xss-protection=1, content-type=application/hal+json, cache-control=no-cache, no-store, max-age=0, must-revalidate, pragma=no-cache}"
757c6751-de51-4c22-8ab6-6f29ddf77ca3,7bc40cb5-92c8-488f-8ebd-eaaf69171bb4,false,"[Regression] Header size mismatch for matchId=757c6751-de51-4c22-8ab6-6f29ddf77ca3
   Expected: {expires=0, transfer-encoding=chunked, x-content-type-options=nosniff, x-xss-protection=1; mode=block, content-type=application/hal+json, cache-control=no-cache, no-store, max-age=0, must-revalidate, pragma=no-cache}
   Actual:   {mode=block, expires=0, transfer-encoding=chunked, x-content-type-options=nosniff, x-xss-protection=1, content-type=application/hal+json, cache-control=no-cache, no-store, max-age=0, must-revalidate, pragma=no-cache}"
757c6751-de51-4c22-8ab6-6f29ddf77ca3,beecfece-fa90-4bc3-b211-3ce86a3f0521,false,"[Regression] Header size mismatch for matchId=757c6751-de51-4c22-8ab6-6f29ddf77ca3
   Expected: {expires=0, transfer-encoding=chunked, x-content-type-options=nosniff, x-xss-protection=1; mode=block, content-type=application/hal+json, cache-control=no-cache, no-store, max-age=0, must-revalidate, pragma=no-cache}
   Actual:   {mode=block, expires=0, transfer-encoding=chunked, x-content-type-options=nosniff, x-xss-protection=1, content-type=application/hal+json, cache-control=no-cache, no-store, max-age=0, must-revalidate, pragma=no-cache}"
757c6751-de51-4c22-8ab6-6f29ddf77ca3,10ba4ca9-48e6-4699-a010-2e6ab3e6b704,false,"[Regression] Header size mismatch for matchId=757c6751-de51-4c22-8ab6-6f29ddf77ca3
   Expected: {expires=0, transfer-encoding=chunked, x-content-type-options=nosniff, x-xss-protection=1; mode=block, content-type=application/hal+json, cache-control=no-cache, no-store, max-age=0, must-revalidate, pragma=no-cache}
   Actual:   {mode=block, expires=0, transfer-encoding=chunked, x-content-type-options=nosniff, x-xss-protection=1, content-type=application/hal+json, cache-control=no-cache, no-store, max-age=0, must-revalidate, pragma=no-cache}"
757c6751-de51-4c22-8ab6-6f29ddf77ca3,75454d5e-eee9-464a-a654-c6d72db49490,false,"[Regression] Header size mismatch for matchId=757c6751-de51-4c22-8ab6-6f29ddf77ca3
   Expected: {expires=0, transfer-encoding=chunked, x-content-type-options=nosniff, x-xss-protection=1; mode=block, content-type=application/hal+json, cache-control=no-cache, no-store, max-age=0, must-revalidate, pragma=no-cache}
   Actual:   {mode=block, expires=0, transfer-encoding=chunked, x-content-type-options=nosniff, x-xss-protection=1, content-type=application/hal+json, cache-control=no-cache, no-store, max-age=0, must-revalidate, pragma=no-cache}"
757c6751-de51-4c22-8ab6-6f29ddf77ca3,b1066ecc-5ed7-4ccf-86ee-f96d0f6039bc,false,"[Regression] Header size mismatch for matchId=757c6751-de51-4c22-8ab6-6f29ddf77ca3
   Expected: {expires=0, transfer-encoding=chunked, x-content-type-options=nosniff, x-xss-protection=1; mode=block, content-type=application/hal+json, cache-control=no-cache, no-store, max-age=0, must-revalidate, pragma=no-cache}
   Actual:   {mode=block, expires=0, transfer-encoding=chunked, x-content-type-options=nosniff, x-xss-protection=1, content-type=application/hal+json, cache-control=no-cache, no-store, max-age=0, must-revalidate, pragma=no-cache}"
757c6751-de51-4c22-8ab6-6f29ddf77ca3,6817f026-1005-4bc4-9d38-4214a42b83a7,false,"[Regression] Header size mismatch for matchId=757c6751-de51-4c22-8ab6-6f29ddf77ca3
   Expected: {expires=0, transfer-encoding=chunked, x-content-type-options=nosniff, x-xss-protection=1; mode=block, content-type=application/hal+json, cache-control=no-cache, no-store, max-age=0, must-revalidate, pragma=no-cache}
   Actual:   {mode=block, expires=0, transfer-encoding=chunked, x-content-type-options=nosniff, x-xss-protection=1, content-type=application/hal+json, cache-control=no-cache, no-store, max-age=0, must-revalidate, pragma=no-cache}"
757c6751-de51-4c22-8ab6-6f29ddf77ca3,cbf8fbde-f356-43fe-b57b-c49574fab4e6,false,"[Regression] Header size mismatch for matchId=757c6751-de51-4c22-8ab6-6f29ddf77ca3
   Expected: {expires=0, transfer-encoding=chunked, x-content-type-options=nosniff, x-xss-protection=1; mode=block, content-type=application/hal+json, cache-control=no-cache, no-store, max-age=0, must-revalidate, pragma=no-cache}
   Actual:   {mode=block, expires=0, transfer-encoding=chunked, x-content-type-options=nosniff, x-xss-protection=1, content-type=application/hal+json, cache-control=no-cache, no-store, max-age=0, must-revalidate, pragma=no-cache}"
757c6751-de51-4c22-8ab6-6f29ddf77ca3,8453b621-988c-49d7-8b13-bb2ff9ec403e,false,"[Regression] Header size mismatch for matchId=757c6751-de51-4c22-8ab6-6f29ddf77ca3
   Expected: {expires=0, transfer-encoding=chunked, x-content-type-options=nosniff, x-xss-protection=1; mode=block, content-type=application/hal+json, cache-control=no-cache, no-store, max-age=0, must-revalidate, pragma=no-cache}
   Actual:   {mode=block, expires=0, transfer-encoding=chunked, x-content-type-options=nosniff, x-xss-protection=1, content-type=application/hal+json, cache-control=no-cache, no-store, max-age=0, must-revalidate, pragma=no-cache}"
757c6751-de51-4c22-8ab6-6f29ddf77ca3,4ec5eb1d-8d7f-447e-bd04-6f89c07af73e,false,"[Regression] Header size mismatch for matchId=757c6751-de51-4c22-8ab6-6f29ddf77ca3
   Expected: {expires=0, transfer-encoding=chunked, x-content-type-options=nosniff, x-xss-protection=1; mode=block, content-type=application/hal+json, cache-control=no-cache, no-store, max-age=0, must-revalidate, pragma=no-cache}
   Actual:   {mode=block, expires=0, transfer-encoding=chunked, x-content-type-options=nosniff, x-xss-protection=1, content-type=application/hal+json, cache-control=no-cache, no-store, max-age=0, must-revalidate, pragma=no-cache}"
757c6751-de51-4c22-8ab6-6f29ddf77ca3,b11f2512-e933-4294-bccc-f2aa5ebfa768,false,"[Regression] Header size mismatch for matchId=757c6751-de51-4c22-8ab6-6f29ddf77ca3
   Expected: {expires=0, transfer-encoding=chunked, x-content-type-options=nosniff, x-xss-protection=1; mode=block, content-type=application/hal+json, cache-control=no-cache, no-store, max-age=0, must-revalidate, pragma=no-cache}
   Actual:   {mode=block, expires=0, transfer-encoding=chunked, x-content-type-options=nosniff, x-xss-protection=1, content-type=application/hal+json, cache-control=no-cache, no-store, max-age=0, must-revalidate, pragma=no-cache}"
f64d596a-995c-4c04-8ea3-f90112e6052f,2573adff-256e-4656-8617-75b24342452a,false,"[Regression] Status code mismatch for matchId=f64d596a-995c-4c04-8ea3-f90112e6052f
   Expected: 201
   Actual:   204"
f64d596a-995c-4c04-8ea3-f90112e6052f,990fd80c-3630-4d6f-9296-0e1bd9856576,false,"[Regression] Status code mismatch for matchId=f64d596a-995c-4c04-8ea3-f90112e6052f
   Expected: 201
   Actual:   401"
f64d596a-995c-4c04-8ea3-f90112e6052f,0f8bad6b-1633-417c-8f83-cfb3e38da1f0,false,"[Regression] Status code mismatch for matchId=f64d596a-995c-4c04-8ea3-f90112e6052f
   Expected: 201
   Actual:   501"
f64d596a-995c-4c04-8ea3-f90112e6052f,a1b4dfb6-fc9e-4a17-9542-ea4bef6a3cc4,false,"[Regression] Header size mismatch for matchId=f64d596a-995c-4c04-8ea3-f90112e6052f
   Expected: {expires=0, transfer-encoding=chunked, x-content-type-options=nosniff, x-xss-protection=1; mode=block, content-type=application/hal+json, cache-control=no-cache, no-store, max-age=0, must-revalidate, pragma=no-cache}
   Actual:   {mode=block, expires=0, transfer-encoding=chunked, x-content-type-options=nosniff, x-xss-protection=1, content-type=application/xml, cache-control=no-cache, no-store, max-age=0, must-revalidate, pragma=no-cache}"
f64d596a-995c-4c04-8ea3-f90112e6052f,9b515151-ee39-4d6c-b54c-3bb611543f56,false,"[Regression] Header value (x-xss-protection) mismatch for matchId=f64d596a-995c-4c04-8ea3-f90112e6052f
   Expected: 1; mode=block
   Actual:   1"
f64d596a-995c-4c04-8ea3-f90112e6052f,04e05447-5d25-4e47-82fc-fe595ee9bc3d,false,"[Regression] Header size mismatch for matchId=f64d596a-995c-4c04-8ea3-f90112e6052f
   Expected: {expires=0, transfer-encoding=chunked, x-content-type-options=nosniff, x-xss-protection=1; mode=block, content-type=application/hal+json, cache-control=no-cache, no-store, max-age=0, must-revalidate, pragma=no-cache}
   Actual:   {mode=block, expires=0, transfer-encoding=chunked, x-content-type-options=nosniff, x-xss-protection=1, content-type=application/hal+json; charset=Latin-9, cache-control=no-cache, no-store, max-age=0, must-revalidate, pragma=no-cache}"
f64d596a-995c-4c04-8ea3-f90112e6052f,b14922a0-feb8-41ee-850a-3037eab5fa5a,false,"[Regression] Header size mismatch for matchId=f64d596a-995c-4c04-8ea3-f90112e6052f
   Expected: {expires=0, transfer-encoding=chunked, x-content-type-options=nosniff, x-xss-protection=1; mode=block, content-type=application/hal+json, cache-control=no-cache, no-store, max-age=0, must-revalidate, pragma=no-cache}
   Actual:   {mode=block, expires=0, transfer-encoding=chunked, x-content-type-options=nosniff, x-xss-protection=1, content-type=application/hal+json, cache-control=no-cache, no-store, max-age=0, must-revalidate, pragma=no-cache}"
f64d596a-995c-4c04-8ea3-f90112e6052f,7484548f-0b7a-4555-bc3a-bb4027be013e,false,"[Regression] Header size mismatch for matchId=f64d596a-995c-4c04-8ea3-f90112e6052f
   Expected: {expires=0, transfer-encoding=chunked, x-content-type-options=nosniff, x-xss-protection=1; mode=block, content-type=application/hal+json, cache-control=no-cache, no-store, max-age=0, must-revalidate, pragma=no-cache}
   Actual:   {mode=block, expires=0, transfer-encoding=chunked, x-content-type-options=nosniff, x-xss-protection=1, content-type=application/hal+json, cache-control=no-cache, no-store, max-age=0, must-revalidate, pragma=no-cache}"
f64d596a-995c-4c04-8ea3-f90112e6052f,ff55b049-8de2-4576-a159-ca32c903977f,false,"[Regression] Header size mismatch for matchId=f64d596a-995c-4c04-8ea3-f90112e6052f
   Expected: {expires=0, transfer-encoding=chunked, x-content-type-options=nosniff, x-xss-protection=1; mode=block, content-type=application/hal+json, cache-control=no-cache, no-store, max-age=0, must-revalidate, pragma=no-cache}
   Actual:   {mode=block, expires=0, transfer-encoding=chunked, x-content-type-options=nosniff, x-xss-protection=1, content-type=application/hal+json, cache-control=no-cache, no-store, max-age=0, must-revalidate, pragma=no-cache}"
f64d596a-995c-4c04-8ea3-f90112e6052f,677b8edb-f3d4-4696-9fc2-4f704ad832dc,false,"[Regression] Header size mismatch for matchId=f64d596a-995c-4c04-8ea3-f90112e6052f
   Expected: {expires=0, transfer-encoding=chunked, x-content-type-options=nosniff, x-xss-protection=1; mode=block, content-type=application/hal+json, cache-control=no-cache, no-store, max-age=0, must-revalidate, pragma=no-cache}
   Actual:   {mode=block, expires=0, transfer-encoding=chunked, x-content-type-options=nosniff, x-xss-protection=1, content-type=application/hal+json, cache-control=no-cache, no-store, max-age=0, must-revalidate, pragma=no-cache}"
f64d596a-995c-4c04-8ea3-f90112e6052f,2aca4180-1f17-40be-9c97-b622c6f0fcc9,false,"[Regression] Header size mismatch for matchId=f64d596a-995c-4c04-8ea3-f90112e6052f
   Expected: {expires=0, transfer-encoding=chunked, x-content-type-options=nosniff, x-xss-protection=1; mode=block, content-type=application/hal+json, cache-control=no-cache, no-store, max-age=0, must-revalidate, pragma=no-cache}
   Actual:   {mode=block, expires=0, transfer-encoding=chunked, x-content-type-options=nosniff, x-xss-protection=1, content-type=application/hal+json, cache-control=no-cache, no-store, max-age=0, must-revalidate, pragma=no-cache}"
f64d596a-995c-4c04-8ea3-f90112e6052f,e840a5d5-138d-4e4d-89f3-71f54f8f6345,false,"[Regression] Header size mismatch for matchId=f64d596a-995c-4c04-8ea3-f90112e6052f
   Expected: {expires=0, transfer-encoding=chunked, x-content-type-options=nosniff, x-xss-protection=1; mode=block, content-type=application/hal+json, cache-control=no-cache, no-store, max-age=0, must-revalidate, pragma=no-cache}
   Actual:   {mode=block, expires=0, transfer-encoding=chunked, x-content-type-options=nosniff, x-xss-protection=1, content-type=application/hal+json, cache-control=no-cache, no-store, max-age=0, must-revalidate, pragma=no-cache}"
f64d596a-995c-4c04-8ea3-f90112e6052f,8e1edcaf-352f-4f4a-b20b-2d3c33fda16c,false,"[Regression] Header size mismatch for matchId=f64d596a-995c-4c04-8ea3-f90112e6052f
   Expected: {expires=0, transfer-encoding=chunked, x-content-type-options=nosniff, x-xss-protection=1; mode=block, content-type=application/hal+json, cache-control=no-cache, no-store, max-age=0, must-revalidate, pragma=no-cache}
   Actual:   {mode=block, expires=0, transfer-encoding=chunked, x-content-type-options=nosniff, x-xss-protection=1, content-type=application/hal+json, cache-control=no-cache, no-store, max-age=0, must-revalidate, pragma=no-cache}"
f64d596a-995c-4c04-8ea3-f90112e6052f,978ebb53-016f-4670-927d-7fe1ed7e69a4,false,"[Regression] Header size mismatch for matchId=f64d596a-995c-4c04-8ea3-f90112e6052f
   Expected: {expires=0, transfer-encoding=chunked, x-content-type-options=nosniff, x-xss-protection=1; mode=block, content-type=application/hal+json, cache-control=no-cache, no-store, max-age=0, must-revalidate, pragma=no-cache}
   Actual:   {mode=block, expires=0, transfer-encoding=chunked, x-content-type-options=nosniff, x-xss-protection=1, content-type=application/hal+json, cache-control=no-cache, no-store, max-age=0, must-revalidate, pragma=no-cache}"
f64d596a-995c-4c04-8ea3-f90112e6052f,78df6a4f-b97b-42c9-a154-e83dda2df3c7,false,"[Regression] Header size mismatch for matchId=f64d596a-995c-4c04-8ea3-f90112e6052f
   Expected: {expires=0, transfer-encoding=chunked, x-content-type-options=nosniff, x-xss-protection=1; mode=block, content-type=application/hal+json, cache-control=no-cache, no-store, max-age=0, must-revalidate, pragma=no-cache}
   Actual:   {mode=block, expires=0, transfer-encoding=chunked, x-content-type-options=nosniff, x-xss-protection=1, content-type=application/hal+json, cache-control=no-cache, no-store, max-age=0, must-revalidate, pragma=no-cache}"
f64d596a-995c-4c04-8ea3-f90112e6052f,56501883-05f2-4be3-a84a-94f357776ea9,false,"[Regression] Header size mismatch for matchId=f64d596a-995c-4c04-8ea3-f90112e6052f
   Expected: {expires=0, transfer-encoding=chunked, x-content-type-options=nosniff, x-xss-protection=1; mode=block, content-type=application/hal+json, cache-control=no-cache, no-store, max-age=0, must-revalidate, pragma=no-cache}
   Actual:   {mode=block, expires=0, transfer-encoding=chunked, x-content-type-options=nosniff, x-xss-protection=1, content-type=application/hal+json, cache-control=no-cache, no-store, max-age=0, must-revalidate, pragma=no-cache}"
f64d596a-995c-4c04-8ea3-f90112e6052f,c55fed4b-19e1-4d42-ae5e-09f973eeaea8,false,"[Regression] Header size mismatch for matchId=f64d596a-995c-4c04-8ea3-f90112e6052f
   Expected: {expires=0, transfer-encoding=chunked, x-content-type-options=nosniff, x-xss-protection=1; mode=block, content-type=application/hal+json, cache-control=no-cache, no-store, max-age=0, must-revalidate, pragma=no-cache}
   Actual:   {mode=block, expires=0, transfer-encoding=chunked, x-content-type-options=nosniff, x-xss-protection=1, content-type=application/hal+json, cache-control=no-cache, no-store, max-age=0, must-revalidate, pragma=no-cache}"
f64d596a-995c-4c04-8ea3-f90112e6052f,36967794-7043-4b51-aa88-9b12ef90c13a,false,"[Regression] Header size mismatch for matchId=f64d596a-995c-4c04-8ea3-f90112e6052f
   Expected: {expires=0, transfer-encoding=chunked, x-content-type-options=nosniff, x-xss-protection=1; mode=block, content-type=application/hal+json, cache-control=no-cache, no-store, max-age=0, must-revalidate, pragma=no-cache}
   Actual:   {mode=block, expires=0, transfer-encoding=chunked, x-content-type-options=nosniff, x-xss-protection=1, content-type=application/hal+json, cache-control=no-cache, no-store, max-age=0, must-revalidate, pragma=no-cache}"
f64d596a-995c-4c04-8ea3-f90112e6052f,0e6d7d07-28d0-4411-b588-d041af387cc5,false,"[Regression] Header size mismatch for matchId=f64d596a-995c-4c04-8ea3-f90112e6052f
   Expected: {expires=0, transfer-encoding=chunked, x-content-type-options=nosniff, x-xss-protection=1; mode=block, content-type=application/hal+json, cache-control=no-cache, no-store, max-age=0, must-revalidate, pragma=no-cache}
   Actual:   {mode=block, expires=0, transfer-encoding=chunked, x-content-type-options=nosniff, x-xss-protection=1, content-type=application/hal+json, cache-control=no-cache, no-store, max-age=0, must-revalidate, pragma=no-cache}"
f64d596a-995c-4c04-8ea3-f90112e6052f,61e1285b-c652-43c4-9326-0d860487028d,false,"[Regression] Header size mismatch for matchId=f64d596a-995c-4c04-8ea3-f90112e6052f
   Expected: {expires=0, transfer-encoding=chunked, x-content-type-options=nosniff, x-xss-protection=1; mode=block, content-type=application/hal+json, cache-control=no-cache, no-store, max-age=0, must-revalidate, pragma=no-cache}
   Actual:   {mode=block, expires=0, transfer-encoding=chunked, x-content-type-options=nosniff, x-xss-protection=1, content-type=application/hal+json, cache-control=no-cache, no-store, max-age=0, must-revalidate, pragma=no-cache}"
f64d596a-995c-4c04-8ea3-f90112e6052f,26382958-1ba1-4b8e-ad76-56e284a77e3d,false,"[Regression] Header size mismatch for matchId=f64d596a-995c-4c04-8ea3-f90112e6052f
   Expected: {expires=0, transfer-encoding=chunked, x-content-type-options=nosniff, x-xss-protection=1; mode=block, content-type=application/hal+json, cache-control=no-cache, no-store, max-age=0, must-revalidate, pragma=no-cache}
   Actual:   {mode=block, expires=0, transfer-encoding=chunked, x-content-type-options=nosniff, x-xss-protection=1, content-type=application/hal+json, cache-control=no-cache, no-store, max-age=0, must-revalidate, pragma=no-cache}"
f64d596a-995c-4c04-8ea3-f90112e6052f,2bd79b6c-4101-4d55-88a9-d85b864d6960,false,"[Regression] Header size mismatch for matchId=f64d596a-995c-4c04-8ea3-f90112e6052f
   Expected: {expires=0, transfer-encoding=chunked, x-content-type-options=nosniff, x-xss-protection=1; mode=block, content-type=application/hal+json, cache-control=no-cache, no-store, max-age=0, must-revalidate, pragma=no-cache}
   Actual:   {mode=block, expires=0, transfer-encoding=chunked, x-content-type-options=nosniff, x-xss-protection=1, content-type=application/hal+json, cache-control=no-cache, no-store, max-age=0, must-revalidate, pragma=no-cache}"
f64d596a-995c-4c04-8ea3-f90112e6052f,4bc26131-c85f-4d32-858c-f621a9b1f25f,false,"[Regression] Header size mismatch for matchId=f64d596a-995c-4c04-8ea3-f90112e6052f
   Expected: {expires=0, transfer-encoding=chunked, x-content-type-options=nosniff, x-xss-protection=1; mode=block, content-type=application/hal+json, cache-control=no-cache, no-store, max-age=0, must-revalidate, pragma=no-cache}
   Actual:   {mode=block, expires=0, transfer-encoding=chunked, x-content-type-options=nosniff, x-xss-protection=1, content-type=application/hal+json, cache-control=no-cache, no-store, max-age=0, must-revalidate, pragma=no-cache}"
f64d596a-995c-4c04-8ea3-f90112e6052f,289d55ff-d600-4cb7-be87-f10eb32a9b33,false,"[Regression] Header size mismatch for matchId=f64d596a-995c-4c04-8ea3-f90112e6052f
   Expected: {expires=0, transfer-encoding=chunked, x-content-type-options=nosniff, x-xss-protection=1; mode=block, content-type=application/hal+json, cache-control=no-cache, no-store, max-age=0, must-revalidate, pragma=no-cache}
   Actual:   {mode=block, expires=0, transfer-encoding=chunked, x-content-type-options=nosniff, x-xss-protection=1, content-type=application/hal+json, cache-control=no-cache, no-store, max-age=0, must-revalidate, pragma=no-cache}"
f64d596a-995c-4c04-8ea3-f90112e6052f,d1a48730-0b39-4931-a0ca-7873ae4a24a1,false,"[Regression] Header size mismatch for matchId=f64d596a-995c-4c04-8ea3-f90112e6052f
   Expected: {expires=0, transfer-encoding=chunked, x-content-type-options=nosniff, x-xss-protection=1; mode=block, content-type=application/hal+json, cache-control=no-cache, no-store, max-age=0, must-revalidate, pragma=no-cache}
   Actual:   {mode=block, expires=0, transfer-encoding=chunked, x-content-type-options=nosniff, x-xss-protection=1, content-type=application/hal+json, cache-control=no-cache, no-store, max-age=0, must-revalidate, pragma=no-cache}"
f64d596a-995c-4c04-8ea3-f90112e6052f,76467037-ccbd-46f8-b329-f4f1f72fd0b5,false,"[Regression] Header size mismatch for matchId=f64d596a-995c-4c04-8ea3-f90112e6052f
   Expected: {expires=0, transfer-encoding=chunked, x-content-type-options=nosniff, x-xss-protection=1; mode=block, content-type=application/hal+json, cache-control=no-cache, no-store, max-age=0, must-revalidate, pragma=no-cache}
   Actual:   {mode=block, expires=0, transfer-encoding=chunked, x-content-type-options=nosniff, x-xss-protection=1, content-type=application/hal+json, cache-control=no-cache, no-store, max-age=0, must-revalidate, pragma=no-cache}"
f64d596a-995c-4c04-8ea3-f90112e6052f,0b34304a-8d96-4dbe-b6c9-9f0ae6942c68,false,"[Regression] Header size mismatch for matchId=f64d596a-995c-4c04-8ea3-f90112e6052f
   Expected: {expires=0, transfer-encoding=chunked, x-content-type-options=nosniff, x-xss-protection=1; mode=block, content-type=application/hal+json, cache-control=no-cache, no-store, max-age=0, must-revalidate, pragma=no-cache}
   Actual:   {mode=block, expires=0, transfer-encoding=chunked, x-content-type-options=nosniff, x-xss-protection=1, content-type=application/hal+json, cache-control=no-cache, no-store, max-age=0, must-revalidate, pragma=no-cache}"
f64d596a-995c-4c04-8ea3-f90112e6052f,76d2bac1-7d61-4351-9b79-8220f4e378d7,false,"[Regression] Header size mismatch for matchId=f64d596a-995c-4c04-8ea3-f90112e6052f
   Expected: {expires=0, transfer-encoding=chunked, x-content-type-options=nosniff, x-xss-protection=1; mode=block, content-type=application/hal+json, cache-control=no-cache, no-store, max-age=0, must-revalidate, pragma=no-cache}
   Actual:   {mode=block, expires=0, transfer-encoding=chunked, x-content-type-options=nosniff, x-xss-protection=1, content-type=application/hal+json, cache-control=no-cache, no-store, max-age=0, must-revalidate, pragma=no-cache}"
f64d596a-995c-4c04-8ea3-f90112e6052f,a4b396f5-9d35-492d-996c-9a2d6cc2bcb7,false,"[Regression] Header size mismatch for matchId=f64d596a-995c-4c04-8ea3-f90112e6052f
   Expected: {expires=0, transfer-encoding=chunked, x-content-type-options=nosniff, x-xss-protection=1; mode=block, content-type=application/hal+json, cache-control=no-cache, no-store, max-age=0, must-revalidate, pragma=no-cache}
   Actual:   {mode=block, expires=0, transfer-encoding=chunked, x-content-type-options=nosniff, x-xss-protection=1, content-type=application/hal+json, cache-control=no-cache, no-store, max-age=0, must-revalidate, pragma=no-cache}"
f64d596a-995c-4c04-8ea3-f90112e6052f,37d4f486-b6c1-4c69-aff1-cae893e90375,false,"[Regression] Header size mismatch for matchId=f64d596a-995c-4c04-8ea3-f90112e6052f
   Expected: {expires=0, transfer-encoding=chunked, x-content-type-options=nosniff, x-xss-protection=1; mode=block, content-type=application/hal+json, cache-control=no-cache, no-store, max-age=0, must-revalidate, pragma=no-cache}
   Actual:   {mode=block, expires=0, transfer-encoding=chunked, x-content-type-options=nosniff, x-xss-protection=1, content-type=application/hal+json, cache-control=no-cache, no-store, max-age=0, must-revalidate, pragma=no-cache}"
f64d596a-995c-4c04-8ea3-f90112e6052f,22b3f9c4-d0fe-49ce-995b-7df534711c1e,false,"[Regression] Header size mismatch for matchId=f64d596a-995c-4c04-8ea3-f90112e6052f
   Expected: {expires=0, transfer-encoding=chunked, x-content-type-options=nosniff, x-xss-protection=1; mode=block, content-type=application/hal+json, cache-control=no-cache, no-store, max-age=0, must-revalidate, pragma=no-cache}
   Actual:   {mode=block, expires=0, transfer-encoding=chunked, x-content-type-options=nosniff, x-xss-protection=1, content-type=application/hal+json, cache-control=no-cache, no-store, max-age=0, must-revalidate, pragma=no-cache}"
f64d596a-995c-4c04-8ea3-f90112e6052f,bc10707d-38e8-4a64-8efe-ce0805aa02f3,false,"[Regression] Header size mismatch for matchId=f64d596a-995c-4c04-8ea3-f90112e6052f
   Expected: {expires=0, transfer-encoding=chunked, x-content-type-options=nosniff, x-xss-protection=1; mode=block, content-type=application/hal+json, cache-control=no-cache, no-store, max-age=0, must-revalidate, pragma=no-cache}
   Actual:   {mode=block, expires=0, transfer-encoding=chunked, x-content-type-options=nosniff, x-xss-protection=1, content-type=application/hal+json, cache-control=no-cache, no-store, max-age=0, must-revalidate, pragma=no-cache}"
f64d596a-995c-4c04-8ea3-f90112e6052f,78e4cef9-3f0e-4d6e-89ed-f2f462533bc1,false,"[Regression] Header size mismatch for matchId=f64d596a-995c-4c04-8ea3-f90112e6052f
   Expected: {expires=0, transfer-encoding=chunked, x-content-type-options=nosniff, x-xss-protection=1; mode=block, content-type=application/hal+json, cache-control=no-cache, no-store, max-age=0, must-revalidate, pragma=no-cache}
   Actual:   {mode=block, expires=0, transfer-encoding=chunked, x-content-type-options=nosniff, x-xss-protection=1, content-type=application/hal+json, cache-control=no-cache, no-store, max-age=0, must-revalidate, pragma=no-cache}"
f64d596a-995c-4c04-8ea3-f90112e6052f,8a6c12ef-cd1f-4021-b43e-749e524b47c8,false,"[Regression] Header size mismatch for matchId=f64d596a-995c-4c04-8ea3-f90112e6052f
   Expected: {expires=0, transfer-encoding=chunked, x-content-type-options=nosniff, x-xss-protection=1; mode=block, content-type=application/hal+json, cache-control=no-cache, no-store, max-age=0, must-revalidate, pragma=no-cache}
   Actual:   {mode=block, expires=0, transfer-encoding=chunked, x-content-type-options=nosniff, x-xss-protection=1, content-type=application/hal+json, cache-control=no-cache, no-store, max-age=0, must-revalidate, pragma=no-cache}"
f64d596a-995c-4c04-8ea3-f90112e6052f,80ebca2b-8351-49c1-acc0-e1d968a1d4cf,false,"[Regression] Header size mismatch for matchId=f64d596a-995c-4c04-8ea3-f90112e6052f
   Expected: {expires=0, transfer-encoding=chunked, x-content-type-options=nosniff, x-xss-protection=1; mode=block, content-type=application/hal+json, cache-control=no-cache, no-store, max-age=0, must-revalidate, pragma=no-cache}
   Actual:   {mode=block, expires=0, transfer-encoding=chunked, x-content-type-options=nosniff, x-xss-protection=1, content-type=application/hal+json, cache-control=no-cache, no-store, max-age=0, must-revalidate, pragma=no-cache}"
f64d596a-995c-4c04-8ea3-f90112e6052f,47b28961-ac78-477d-9158-57e4909f5c2f,false,"[Regression] Header size mismatch for matchId=f64d596a-995c-4c04-8ea3-f90112e6052f
   Expected: {expires=0, transfer-encoding=chunked, x-content-type-options=nosniff, x-xss-protection=1; mode=block, content-type=application/hal+json, cache-control=no-cache, no-store, max-age=0, must-revalidate, pragma=no-cache}
   Actual:   {mode=block, expires=0, transfer-encoding=chunked, x-content-type-options=nosniff, x-xss-protection=1, content-type=application/hal+json, cache-control=no-cache, no-store, max-age=0, must-revalidate, pragma=no-cache}"
f64d596a-995c-4c04-8ea3-f90112e6052f,5d2fdb1d-38c2-4d3a-b2b2-392814fb555c,false,"[Regression] Header size mismatch for matchId=f64d596a-995c-4c04-8ea3-f90112e6052f
   Expected: {expires=0, transfer-encoding=chunked, x-content-type-options=nosniff, x-xss-protection=1; mode=block, content-type=application/hal+json, cache-control=no-cache, no-store, max-age=0, must-revalidate, pragma=no-cache}
   Actual:   {mode=block, expires=0, transfer-encoding=chunked, x-content-type-options=nosniff, x-xss-protection=1, content-type=application/hal+json, cache-control=no-cache, no-store, max-age=0, must-revalidate, pragma=no-cache}"
f64d596a-995c-4c04-8ea3-f90112e6052f,401308ba-e811-42ab-aa28-a550bf39d335,false,"[Regression] Header size mismatch for matchId=f64d596a-995c-4c04-8ea3-f90112e6052f
   Expected: {expires=0, transfer-encoding=chunked, x-content-type-options=nosniff, x-xss-protection=1; mode=block, content-type=application/hal+json, cache-control=no-cache, no-store, max-age=0, must-revalidate, pragma=no-cache}
   Actual:   {mode=block, expires=0, transfer-encoding=chunked, x-content-type-options=nosniff, x-xss-protection=1, content-type=application/hal+json, cache-control=no-cache, no-store, max-age=0, must-revalidate, pragma=no-cache}"
f64d596a-995c-4c04-8ea3-f90112e6052f,9473f47a-61f7-4db9-b852-4eb832277855,false,"[Regression] Header size mismatch for matchId=f64d596a-995c-4c04-8ea3-f90112e6052f
   Expected: {expires=0, transfer-encoding=chunked, x-content-type-options=nosniff, x-xss-protection=1; mode=block, content-type=application/hal+json, cache-control=no-cache, no-store, max-age=0, must-revalidate, pragma=no-cache}
   Actual:   {mode=block, expires=0, transfer-encoding=chunked, x-content-type-options=nosniff, x-xss-protection=1, content-type=application/hal+json, cache-control=no-cache, no-store, max-age=0, must-revalidate, pragma=no-cache}"
f64d596a-995c-4c04-8ea3-f90112e6052f,c2697e33-e316-4d63-8205-7c727a262290,false,"[Regression] Header size mismatch for matchId=f64d596a-995c-4c04-8ea3-f90112e6052f
   Expected: {expires=0, transfer-encoding=chunked, x-content-type-options=nosniff, x-xss-protection=1; mode=block, content-type=application/hal+json, cache-control=no-cache, no-store, max-age=0, must-revalidate, pragma=no-cache}
   Actual:   {mode=block, expires=0, transfer-encoding=chunked, x-content-type-options=nosniff, x-xss-protection=1, content-type=application/hal+json, cache-control=no-cache, no-store, max-age=0, must-revalidate, pragma=no-cache}"
f64d596a-995c-4c04-8ea3-f90112e6052f,2c9c3f34-dc25-40cf-b1ff-023c363ceb95,false,"[Regression] Header size mismatch for matchId=f64d596a-995c-4c04-8ea3-f90112e6052f
   Expected: {expires=0, transfer-encoding=chunked, x-content-type-options=nosniff, x-xss-protection=1; mode=block, content-type=application/hal+json, cache-control=no-cache, no-store, max-age=0, must-revalidate, pragma=no-cache}
   Actual:   {mode=block, expires=0, transfer-encoding=chunked, x-content-type-options=nosniff, x-xss-protection=1, content-type=application/hal+json, cache-control=no-cache, no-store, max-age=0, must-revalidate, pragma=no-cache}"
f64d596a-995c-4c04-8ea3-f90112e6052f,1169203e-9476-4de8-a847-79ce1f4b64a8,false,"[Regression] Header size mismatch for matchId=f64d596a-995c-4c04-8ea3-f90112e6052f
   Expected: {expires=0, transfer-encoding=chunked, x-content-type-options=nosniff, x-xss-protection=1; mode=block, content-type=application/hal+json, cache-control=no-cache, no-store, max-age=0, must-revalidate, pragma=no-cache}
   Actual:   {mode=block, expires=0, transfer-encoding=chunked, x-content-type-options=nosniff, x-xss-protection=1, content-type=application/hal+json, cache-control=no-cache, no-store, max-age=0, must-revalidate, pragma=no-cache}"
f64d596a-995c-4c04-8ea3-f90112e6052f,823bfb5e-ab0f-4fab-a84d-695ac1d4e8fb,false,"[Regression] Header size mismatch for matchId=f64d596a-995c-4c04-8ea3-f90112e6052f
   Expected: {expires=0, transfer-encoding=chunked, x-content-type-options=nosniff, x-xss-protection=1; mode=block, content-type=application/hal+json, cache-control=no-cache, no-store, max-age=0, must-revalidate, pragma=no-cache}
   Actual:   {mode=block, expires=0, transfer-encoding=chunked, x-content-type-options=nosniff, x-xss-protection=1, content-type=application/hal+json, cache-control=no-cache, no-store, max-age=0, must-revalidate, pragma=no-cache}"
f64d596a-995c-4c04-8ea3-f90112e6052f,3a5b5eba-a3f3-4c9a-b1d8-e855bf258158,false,"[Regression] Header size mismatch for matchId=f64d596a-995c-4c04-8ea3-f90112e6052f
   Expected: {expires=0, transfer-encoding=chunked, x-content-type-options=nosniff, x-xss-protection=1; mode=block, content-type=application/hal+json, cache-control=no-cache, no-store, max-age=0, must-revalidate, pragma=no-cache}
   Actual:   {mode=block, expires=0, transfer-encoding=chunked, x-content-type-options=nosniff, x-xss-protection=1, content-type=application/hal+json, cache-control=no-cache, no-store, max-age=0, must-revalidate, pragma=no-cache}"
f64d596a-995c-4c04-8ea3-f90112e6052f,41e73352-aed8-4a65-aba2-7d771a4d8cde,false,"[Regression] Header size mismatch for matchId=f64d596a-995c-4c04-8ea3-f90112e6052f
   Expected: {expires=0, transfer-encoding=chunked, x-content-type-options=nosniff, x-xss-protection=1; mode=block, content-type=application/hal+json, cache-control=no-cache, no-store, max-age=0, must-revalidate, pragma=no-cache}
   Actual:   {mode=block, expires=0, transfer-encoding=chunked, x-content-type-options=nosniff, x-xss-protection=1, content-type=application/hal+json, cache-control=no-cache, no-store, max-age=0, must-revalidate, pragma=no-cache}"
aeabd7c6-3606-4359-838a-be61e8b7c3c6,c0ebf51a-141e-42bc-b253-64dbf2ac9f32,false,"[Regression] Status code mismatch for matchId=aeabd7c6-3606-4359-838a-be61e8b7c3c6
   Expected: 201
   Actual:   204"
aeabd7c6-3606-4359-838a-be61e8b7c3c6,ace7b184-96f7-4252-bba9-fe839ce1fad6,false,"[Regression] Status code mismatch for matchId=aeabd7c6-3606-4359-838a-be61e8b7c3c6
   Expected: 201
   Actual:   400"
aeabd7c6-3606-4359-838a-be61e8b7c3c6,d5a345bb-9f31-4564-81be-924da672eb49,false,"[Regression] Status code mismatch for matchId=aeabd7c6-3606-4359-838a-be61e8b7c3c6
   Expected: 201
   Actual:   500"
aeabd7c6-3606-4359-838a-be61e8b7c3c6,141588b7-a076-4ea6-8e2e-ba48b7e12bc8,false,"[Regression] Header size mismatch for matchId=aeabd7c6-3606-4359-838a-be61e8b7c3c6
   Expected: {expires=0, transfer-encoding=chunked, x-content-type-options=nosniff, x-xss-protection=1; mode=block, content-type=application/hal+json, cache-control=no-cache, no-store, max-age=0, must-revalidate, pragma=no-cache}
   Actual:   {mode=block, expires=0, transfer-encoding=chunked, x-content-type-options=nosniff, x-xss-protection=1, content-type=text/html, cache-control=no-cache, no-store, max-age=0, must-revalidate, pragma=no-cache}"
aeabd7c6-3606-4359-838a-be61e8b7c3c6,e9587fb8-b014-4ec3-94ca-873c9922a77e,false,"[Regression] Header value (x-xss-protection) mismatch for matchId=aeabd7c6-3606-4359-838a-be61e8b7c3c6
   Expected: 1; mode=block
   Actual:   1"
aeabd7c6-3606-4359-838a-be61e8b7c3c6,84dea81e-dd6e-4a7f-b942-96f3530b9be3,false,"[Regression] Header size mismatch for matchId=aeabd7c6-3606-4359-838a-be61e8b7c3c6
   Expected: {expires=0, transfer-encoding=chunked, x-content-type-options=nosniff, x-xss-protection=1; mode=block, content-type=application/hal+json, cache-control=no-cache, no-store, max-age=0, must-revalidate, pragma=no-cache}
   Actual:   {mode=block, expires=0, transfer-encoding=chunked, x-content-type-options=nosniff, x-xss-protection=1, content-type=application/hal+json; charset=ISO-8859-15, cache-control=no-cache, no-store, max-age=0, must-revalidate, pragma=no-cache}"
aeabd7c6-3606-4359-838a-be61e8b7c3c6,d4e91376-bac5-486e-abc8-0c998bd39f26,false,"[Regression] Header size mismatch for matchId=aeabd7c6-3606-4359-838a-be61e8b7c3c6
   Expected: {expires=0, transfer-encoding=chunked, x-content-type-options=nosniff, x-xss-protection=1; mode=block, content-type=application/hal+json, cache-control=no-cache, no-store, max-age=0, must-revalidate, pragma=no-cache}
   Actual:   {mode=block, expires=0, transfer-encoding=chunked, x-content-type-options=nosniff, x-xss-protection=1, content-type=application/hal+json, cache-control=no-cache, no-store, max-age=0, must-revalidate, pragma=no-cache}"
aeabd7c6-3606-4359-838a-be61e8b7c3c6,963b9ce0-4327-4205-9f01-b2bc2d53aa3f,false,"[Regression] Header size mismatch for matchId=aeabd7c6-3606-4359-838a-be61e8b7c3c6
   Expected: {expires=0, transfer-encoding=chunked, x-content-type-options=nosniff, x-xss-protection=1; mode=block, content-type=application/hal+json, cache-control=no-cache, no-store, max-age=0, must-revalidate, pragma=no-cache}
   Actual:   {mode=block, expires=0, transfer-encoding=chunked, x-content-type-options=nosniff, x-xss-protection=1, content-type=application/hal+json, cache-control=no-cache, no-store, max-age=0, must-revalidate, pragma=no-cache}"
aeabd7c6-3606-4359-838a-be61e8b7c3c6,8774dd91-f1cf-4f8d-80b9-12e8af93a386,false,"[Regression] Header size mismatch for matchId=aeabd7c6-3606-4359-838a-be61e8b7c3c6
   Expected: {expires=0, transfer-encoding=chunked, x-content-type-options=nosniff, x-xss-protection=1; mode=block, content-type=application/hal+json, cache-control=no-cache, no-store, max-age=0, must-revalidate, pragma=no-cache}
   Actual:   {mode=block, expires=0, transfer-encoding=chunked, x-content-type-options=nosniff, x-xss-protection=1, content-type=application/hal+json, cache-control=no-cache, no-store, max-age=0, must-revalidate, pragma=no-cache}"
aeabd7c6-3606-4359-838a-be61e8b7c3c6,93ca1314-3178-4c01-9e5a-f393cee834c1,false,"[Regression] Header size mismatch for matchId=aeabd7c6-3606-4359-838a-be61e8b7c3c6
   Expected: {expires=0, transfer-encoding=chunked, x-content-type-options=nosniff, x-xss-protection=1; mode=block, content-type=application/hal+json, cache-control=no-cache, no-store, max-age=0, must-revalidate, pragma=no-cache}
   Actual:   {mode=block, expires=0, transfer-encoding=chunked, x-content-type-options=nosniff, x-xss-protection=1, content-type=application/hal+json, cache-control=no-cache, no-store, max-age=0, must-revalidate, pragma=no-cache}"
aeabd7c6-3606-4359-838a-be61e8b7c3c6,81f18115-7ac6-426d-b30e-3f62116ae433,false,"[Regression] Header size mismatch for matchId=aeabd7c6-3606-4359-838a-be61e8b7c3c6
   Expected: {expires=0, transfer-encoding=chunked, x-content-type-options=nosniff, x-xss-protection=1; mode=block, content-type=application/hal+json, cache-control=no-cache, no-store, max-age=0, must-revalidate, pragma=no-cache}
   Actual:   {mode=block, expires=0, transfer-encoding=chunked, x-content-type-options=nosniff, x-xss-protection=1, content-type=application/hal+json, cache-control=no-cache, no-store, max-age=0, must-revalidate, pragma=no-cache}"
aeabd7c6-3606-4359-838a-be61e8b7c3c6,f94225ec-d9e0-4781-88f4-a9ae33d2eff4,false,"[Regression] Header size mismatch for matchId=aeabd7c6-3606-4359-838a-be61e8b7c3c6
   Expected: {expires=0, transfer-encoding=chunked, x-content-type-options=nosniff, x-xss-protection=1; mode=block, content-type=application/hal+json, cache-control=no-cache, no-store, max-age=0, must-revalidate, pragma=no-cache}
   Actual:   {mode=block, expires=0, transfer-encoding=chunked, x-content-type-options=nosniff, x-xss-protection=1, content-type=application/hal+json, cache-control=no-cache, no-store, max-age=0, must-revalidate, pragma=no-cache}"
aeabd7c6-3606-4359-838a-be61e8b7c3c6,10f2b237-cc76-4342-9647-1109d938d600,false,"[Regression] Header size mismatch for matchId=aeabd7c6-3606-4359-838a-be61e8b7c3c6
   Expected: {expires=0, transfer-encoding=chunked, x-content-type-options=nosniff, x-xss-protection=1; mode=block, content-type=application/hal+json, cache-control=no-cache, no-store, max-age=0, must-revalidate, pragma=no-cache}
   Actual:   {mode=block, expires=0, transfer-encoding=chunked, x-content-type-options=nosniff, x-xss-protection=1, content-type=application/hal+json, cache-control=no-cache, no-store, max-age=0, must-revalidate, pragma=no-cache}"
aeabd7c6-3606-4359-838a-be61e8b7c3c6,d89c4601-d84a-4569-8dfb-fc1753bfd86e,false,"[Regression] Header size mismatch for matchId=aeabd7c6-3606-4359-838a-be61e8b7c3c6
   Expected: {expires=0, transfer-encoding=chunked, x-content-type-options=nosniff, x-xss-protection=1; mode=block, content-type=application/hal+json, cache-control=no-cache, no-store, max-age=0, must-revalidate, pragma=no-cache}
   Actual:   {mode=block, expires=0, transfer-encoding=chunked, x-content-type-options=nosniff, x-xss-protection=1, content-type=application/hal+json, cache-control=no-cache, no-store, max-age=0, must-revalidate, pragma=no-cache}"
aeabd7c6-3606-4359-838a-be61e8b7c3c6,6084dcaa-bbe3-414c-86e6-c30db5b5830f,false,"[Regression] Header size mismatch for matchId=aeabd7c6-3606-4359-838a-be61e8b7c3c6
   Expected: {expires=0, transfer-encoding=chunked, x-content-type-options=nosniff, x-xss-protection=1; mode=block, content-type=application/hal+json, cache-control=no-cache, no-store, max-age=0, must-revalidate, pragma=no-cache}
   Actual:   {mode=block, expires=0, transfer-encoding=chunked, x-content-type-options=nosniff, x-xss-protection=1, content-type=application/hal+json, cache-control=no-cache, no-store, max-age=0, must-revalidate, pragma=no-cache}"
aeabd7c6-3606-4359-838a-be61e8b7c3c6,65172908-1811-4771-b19d-d2ef02b76107,false,"[Regression] Header size mismatch for matchId=aeabd7c6-3606-4359-838a-be61e8b7c3c6
   Expected: {expires=0, transfer-encoding=chunked, x-content-type-options=nosniff, x-xss-protection=1; mode=block, content-type=application/hal+json, cache-control=no-cache, no-store, max-age=0, must-revalidate, pragma=no-cache}
   Actual:   {mode=block, expires=0, transfer-encoding=chunked, x-content-type-options=nosniff, x-xss-protection=1, content-type=application/hal+json, cache-control=no-cache, no-store, max-age=0, must-revalidate, pragma=no-cache}"
aeabd7c6-3606-4359-838a-be61e8b7c3c6,8dd0e7d5-a395-4e75-8a41-c8d6a7047b51,false,"[Regression] Header size mismatch for matchId=aeabd7c6-3606-4359-838a-be61e8b7c3c6
   Expected: {expires=0, transfer-encoding=chunked, x-content-type-options=nosniff, x-xss-protection=1; mode=block, content-type=application/hal+json, cache-control=no-cache, no-store, max-age=0, must-revalidate, pragma=no-cache}
   Actual:   {mode=block, expires=0, transfer-encoding=chunked, x-content-type-options=nosniff, x-xss-protection=1, content-type=application/hal+json, cache-control=no-cache, no-store, max-age=0, must-revalidate, pragma=no-cache}"
aeabd7c6-3606-4359-838a-be61e8b7c3c6,8b0bd4e9-c624-445d-b7b8-0c1f82dd607f,false,"[Regression] Header size mismatch for matchId=aeabd7c6-3606-4359-838a-be61e8b7c3c6
   Expected: {expires=0, transfer-encoding=chunked, x-content-type-options=nosniff, x-xss-protection=1; mode=block, content-type=application/hal+json, cache-control=no-cache, no-store, max-age=0, must-revalidate, pragma=no-cache}
   Actual:   {mode=block, expires=0, transfer-encoding=chunked, x-content-type-options=nosniff, x-xss-protection=1, content-type=application/hal+json, cache-control=no-cache, no-store, max-age=0, must-revalidate, pragma=no-cache}"
aeabd7c6-3606-4359-838a-be61e8b7c3c6,b0fab21f-9cb1-4782-81e7-84a839c25609,false,"[Regression] Header size mismatch for matchId=aeabd7c6-3606-4359-838a-be61e8b7c3c6
   Expected: {expires=0, transfer-encoding=chunked, x-content-type-options=nosniff, x-xss-protection=1; mode=block, content-type=application/hal+json, cache-control=no-cache, no-store, max-age=0, must-revalidate, pragma=no-cache}
   Actual:   {mode=block, expires=0, transfer-encoding=chunked, x-content-type-options=nosniff, x-xss-protection=1, content-type=application/hal+json, cache-control=no-cache, no-store, max-age=0, must-revalidate, pragma=no-cache}"
aeabd7c6-3606-4359-838a-be61e8b7c3c6,75ba7ada-3b06-4e21-a8fb-8ea7c900cc4e,false,"[Regression] Header size mismatch for matchId=aeabd7c6-3606-4359-838a-be61e8b7c3c6
   Expected: {expires=0, transfer-encoding=chunked, x-content-type-options=nosniff, x-xss-protection=1; mode=block, content-type=application/hal+json, cache-control=no-cache, no-store, max-age=0, must-revalidate, pragma=no-cache}
   Actual:   {mode=block, expires=0, transfer-encoding=chunked, x-content-type-options=nosniff, x-xss-protection=1, content-type=application/hal+json, cache-control=no-cache, no-store, max-age=0, must-revalidate, pragma=no-cache}"
aeabd7c6-3606-4359-838a-be61e8b7c3c6,99649f04-3fcf-43cf-8910-2acef2e4a2da,false,"[Regression] Header size mismatch for matchId=aeabd7c6-3606-4359-838a-be61e8b7c3c6
   Expected: {expires=0, transfer-encoding=chunked, x-content-type-options=nosniff, x-xss-protection=1; mode=block, content-type=application/hal+json, cache-control=no-cache, no-store, max-age=0, must-revalidate, pragma=no-cache}
   Actual:   {mode=block, expires=0, transfer-encoding=chunked, x-content-type-options=nosniff, x-xss-protection=1, content-type=application/hal+json, cache-control=no-cache, no-store, max-age=0, must-revalidate, pragma=no-cache}"
aeabd7c6-3606-4359-838a-be61e8b7c3c6,501240bc-e731-4447-9ac1-da002f1cbacf,false,"[Regression] Header size mismatch for matchId=aeabd7c6-3606-4359-838a-be61e8b7c3c6
   Expected: {expires=0, transfer-encoding=chunked, x-content-type-options=nosniff, x-xss-protection=1; mode=block, content-type=application/hal+json, cache-control=no-cache, no-store, max-age=0, must-revalidate, pragma=no-cache}
   Actual:   {mode=block, expires=0, transfer-encoding=chunked, x-content-type-options=nosniff, x-xss-protection=1, content-type=application/hal+json, cache-control=no-cache, no-store, max-age=0, must-revalidate, pragma=no-cache}"
aeabd7c6-3606-4359-838a-be61e8b7c3c6,4c0dc4d2-cc76-409c-8d23-40ad6d925314,false,"[Regression] Header size mismatch for matchId=aeabd7c6-3606-4359-838a-be61e8b7c3c6
   Expected: {expires=0, transfer-encoding=chunked, x-content-type-options=nosniff, x-xss-protection=1; mode=block, content-type=application/hal+json, cache-control=no-cache, no-store, max-age=0, must-revalidate, pragma=no-cache}
   Actual:   {mode=block, expires=0, transfer-encoding=chunked, x-content-type-options=nosniff, x-xss-protection=1, content-type=application/hal+json, cache-control=no-cache, no-store, max-age=0, must-revalidate, pragma=no-cache}"
aeabd7c6-3606-4359-838a-be61e8b7c3c6,903b73b7-2641-4521-9fba-91a16a8dfeab,false,"[Regression] Header size mismatch for matchId=aeabd7c6-3606-4359-838a-be61e8b7c3c6
   Expected: {expires=0, transfer-encoding=chunked, x-content-type-options=nosniff, x-xss-protection=1; mode=block, content-type=application/hal+json, cache-control=no-cache, no-store, max-age=0, must-revalidate, pragma=no-cache}
   Actual:   {mode=block, expires=0, transfer-encoding=chunked, x-content-type-options=nosniff, x-xss-protection=1, content-type=application/hal+json, cache-control=no-cache, no-store, max-age=0, must-revalidate, pragma=no-cache}"
aeabd7c6-3606-4359-838a-be61e8b7c3c6,926ae0c3-c766-4883-a621-75f76924c2e2,false,"[Regression] Header size mismatch for matchId=aeabd7c6-3606-4359-838a-be61e8b7c3c6
   Expected: {expires=0, transfer-encoding=chunked, x-content-type-options=nosniff, x-xss-protection=1; mode=block, content-type=application/hal+json, cache-control=no-cache, no-store, max-age=0, must-revalidate, pragma=no-cache}
   Actual:   {mode=block, expires=0, transfer-encoding=chunked, x-content-type-options=nosniff, x-xss-protection=1, content-type=application/hal+json, cache-control=no-cache, no-store, max-age=0, must-revalidate, pragma=no-cache}"
aeabd7c6-3606-4359-838a-be61e8b7c3c6,c95ced2d-60ef-4678-98be-91c695a0d2f2,false,"[Regression] Header size mismatch for matchId=aeabd7c6-3606-4359-838a-be61e8b7c3c6
   Expected: {expires=0, transfer-encoding=chunked, x-content-type-options=nosniff, x-xss-protection=1; mode=block, content-type=application/hal+json, cache-control=no-cache, no-store, max-age=0, must-revalidate, pragma=no-cache}
   Actual:   {mode=block, expires=0, transfer-encoding=chunked, x-content-type-options=nosniff, x-xss-protection=1, content-type=application/hal+json, cache-control=no-cache, no-store, max-age=0, must-revalidate, pragma=no-cache}"
aeabd7c6-3606-4359-838a-be61e8b7c3c6,4f470221-7bbe-4046-9b8f-e3588a1fe343,false,"[Regression] Header size mismatch for matchId=aeabd7c6-3606-4359-838a-be61e8b7c3c6
   Expected: {expires=0, transfer-encoding=chunked, x-content-type-options=nosniff, x-xss-protection=1; mode=block, content-type=application/hal+json, cache-control=no-cache, no-store, max-age=0, must-revalidate, pragma=no-cache}
   Actual:   {mode=block, expires=0, transfer-encoding=chunked, x-content-type-options=nosniff, x-xss-protection=1, content-type=application/hal+json, cache-control=no-cache, no-store, max-age=0, must-revalidate, pragma=no-cache}"
aeabd7c6-3606-4359-838a-be61e8b7c3c6,e1505329-2e06-41b5-86ff-4f71bcb08180,false,"[Regression] Header size mismatch for matchId=aeabd7c6-3606-4359-838a-be61e8b7c3c6
   Expected: {expires=0, transfer-encoding=chunked, x-content-type-options=nosniff, x-xss-protection=1; mode=block, content-type=application/hal+json, cache-control=no-cache, no-store, max-age=0, must-revalidate, pragma=no-cache}
   Actual:   {mode=block, expires=0, transfer-encoding=chunked, x-content-type-options=nosniff, x-xss-protection=1, content-type=application/hal+json, cache-control=no-cache, no-store, max-age=0, must-revalidate, pragma=no-cache}"
aeabd7c6-3606-4359-838a-be61e8b7c3c6,3af213af-d2e2-416d-8d6e-0a022d14a728,false,"[Regression] Header size mismatch for matchId=aeabd7c6-3606-4359-838a-be61e8b7c3c6
   Expected: {expires=0, transfer-encoding=chunked, x-content-type-options=nosniff, x-xss-protection=1; mode=block, content-type=application/hal+json, cache-control=no-cache, no-store, max-age=0, must-revalidate, pragma=no-cache}
   Actual:   {mode=block, expires=0, transfer-encoding=chunked, x-content-type-options=nosniff, x-xss-protection=1, content-type=application/hal+json, cache-control=no-cache, no-store, max-age=0, must-revalidate, pragma=no-cache}"
aeabd7c6-3606-4359-838a-be61e8b7c3c6,e7006191-f7b7-401e-93c4-e19c472a1d34,false,"[Regression] Header size mismatch for matchId=aeabd7c6-3606-4359-838a-be61e8b7c3c6
   Expected: {expires=0, transfer-encoding=chunked, x-content-type-options=nosniff, x-xss-protection=1; mode=block, content-type=application/hal+json, cache-control=no-cache, no-store, max-age=0, must-revalidate, pragma=no-cache}
   Actual:   {mode=block, expires=0, transfer-encoding=chunked, x-content-type-options=nosniff, x-xss-protection=1, content-type=application/hal+json, cache-control=no-cache, no-store, max-age=0, must-revalidate, pragma=no-cache}"
aeabd7c6-3606-4359-838a-be61e8b7c3c6,3e2d8f1b-560e-4d7b-9ec9-4a77320b5673,false,"[Regression] Header size mismatch for matchId=aeabd7c6-3606-4359-838a-be61e8b7c3c6
   Expected: {expires=0, transfer-encoding=chunked, x-content-type-options=nosniff, x-xss-protection=1; mode=block, content-type=application/hal+json, cache-control=no-cache, no-store, max-age=0, must-revalidate, pragma=no-cache}
   Actual:   {mode=block, expires=0, transfer-encoding=chunked, x-content-type-options=nosniff, x-xss-protection=1, content-type=application/hal+json, cache-control=no-cache, no-store, max-age=0, must-revalidate, pragma=no-cache}"
aeabd7c6-3606-4359-838a-be61e8b7c3c6,064418ea-e9eb-4c86-8998-e22002ff7449,false,"[Regression] Header size mismatch for matchId=aeabd7c6-3606-4359-838a-be61e8b7c3c6
   Expected: {expires=0, transfer-encoding=chunked, x-content-type-options=nosniff, x-xss-protection=1; mode=block, content-type=application/hal+json, cache-control=no-cache, no-store, max-age=0, must-revalidate, pragma=no-cache}
   Actual:   {mode=block, expires=0, transfer-encoding=chunked, x-content-type-options=nosniff, x-xss-protection=1, content-type=application/hal+json, cache-control=no-cache, no-store, max-age=0, must-revalidate, pragma=no-cache}"
aeabd7c6-3606-4359-838a-be61e8b7c3c6,7d1ed4e2-eb76-4856-8ebd-f5e4048122da,false,"[Regression] Header size mismatch for matchId=aeabd7c6-3606-4359-838a-be61e8b7c3c6
   Expected: {expires=0, transfer-encoding=chunked, x-content-type-options=nosniff, x-xss-protection=1; mode=block, content-type=application/hal+json, cache-control=no-cache, no-store, max-age=0, must-revalidate, pragma=no-cache}
   Actual:   {mode=block, expires=0, transfer-encoding=chunked, x-content-type-options=nosniff, x-xss-protection=1, content-type=application/hal+json, cache-control=no-cache, no-store, max-age=0, must-revalidate, pragma=no-cache}"
aeabd7c6-3606-4359-838a-be61e8b7c3c6,24168243-aa55-461a-8bcd-693df98d077d,false,"[Regression] Header size mismatch for matchId=aeabd7c6-3606-4359-838a-be61e8b7c3c6
   Expected: {expires=0, transfer-encoding=chunked, x-content-type-options=nosniff, x-xss-protection=1; mode=block, content-type=application/hal+json, cache-control=no-cache, no-store, max-age=0, must-revalidate, pragma=no-cache}
   Actual:   {mode=block, expires=0, transfer-encoding=chunked, x-content-type-options=nosniff, x-xss-protection=1, content-type=application/hal+json, cache-control=no-cache, no-store, max-age=0, must-revalidate, pragma=no-cache}"
aeabd7c6-3606-4359-838a-be61e8b7c3c6,95564ab7-2411-4ee5-b8db-56bdc1db11e9,false,"[Regression] Header size mismatch for matchId=aeabd7c6-3606-4359-838a-be61e8b7c3c6
   Expected: {expires=0, transfer-encoding=chunked, x-content-type-options=nosniff, x-xss-protection=1; mode=block, content-type=application/hal+json, cache-control=no-cache, no-store, max-age=0, must-revalidate, pragma=no-cache}
   Actual:   {mode=block, expires=0, transfer-encoding=chunked, x-content-type-options=nosniff, x-xss-protection=1, content-type=application/hal+json, cache-control=no-cache, no-store, max-age=0, must-revalidate, pragma=no-cache}"
aeabd7c6-3606-4359-838a-be61e8b7c3c6,3f956f39-7d40-4491-9409-9d1ab0212d39,false,"[Regression] Header size mismatch for matchId=aeabd7c6-3606-4359-838a-be61e8b7c3c6
   Expected: {expires=0, transfer-encoding=chunked, x-content-type-options=nosniff, x-xss-protection=1; mode=block, content-type=application/hal+json, cache-control=no-cache, no-store, max-age=0, must-revalidate, pragma=no-cache}
   Actual:   {mode=block, expires=0, transfer-encoding=chunked, x-content-type-options=nosniff, x-xss-protection=1, content-type=application/hal+json, cache-control=no-cache, no-store, max-age=0, must-revalidate, pragma=no-cache}"
aeabd7c6-3606-4359-838a-be61e8b7c3c6,f1484601-b6c1-447c-9c14-ff63fbb41f0e,false,"[Regression] Header size mismatch for matchId=aeabd7c6-3606-4359-838a-be61e8b7c3c6
   Expected: {expires=0, transfer-encoding=chunked, x-content-type-options=nosniff, x-xss-protection=1; mode=block, content-type=application/hal+json, cache-control=no-cache, no-store, max-age=0, must-revalidate, pragma=no-cache}
   Actual:   {mode=block, expires=0, transfer-encoding=chunked, x-content-type-options=nosniff, x-xss-protection=1, content-type=application/hal+json, cache-control=no-cache, no-store, max-age=0, must-revalidate, pragma=no-cache}"
aeabd7c6-3606-4359-838a-be61e8b7c3c6,0f8afb94-1e12-493f-b422-3b39e31e48fd,false,"[Regression] Header size mismatch for matchId=aeabd7c6-3606-4359-838a-be61e8b7c3c6
   Expected: {expires=0, transfer-encoding=chunked, x-content-type-options=nosniff, x-xss-protection=1; mode=block, content-type=application/hal+json, cache-control=no-cache, no-store, max-age=0, must-revalidate, pragma=no-cache}
   Actual:   {mode=block, expires=0, transfer-encoding=chunked, x-content-type-options=nosniff, x-xss-protection=1, content-type=application/hal+json, cache-control=no-cache, no-store, max-age=0, must-revalidate, pragma=no-cache}"
aeabd7c6-3606-4359-838a-be61e8b7c3c6,8a709b27-8cd7-4110-a263-a37fd7f46c83,false,"[Regression] Header size mismatch for matchId=aeabd7c6-3606-4359-838a-be61e8b7c3c6
   Expected: {expires=0, transfer-encoding=chunked, x-content-type-options=nosniff, x-xss-protection=1; mode=block, content-type=application/hal+json, cache-control=no-cache, no-store, max-age=0, must-revalidate, pragma=no-cache}
   Actual:   {mode=block, expires=0, transfer-encoding=chunked, x-content-type-options=nosniff, x-xss-protection=1, content-type=application/hal+json, cache-control=no-cache, no-store, max-age=0, must-revalidate, pragma=no-cache}"
aeabd7c6-3606-4359-838a-be61e8b7c3c6,3c2a63a3-fe73-48e9-8b2a-91767bc68d24,false,"[Regression] Header size mismatch for matchId=aeabd7c6-3606-4359-838a-be61e8b7c3c6
   Expected: {expires=0, transfer-encoding=chunked, x-content-type-options=nosniff, x-xss-protection=1; mode=block, content-type=application/hal+json, cache-control=no-cache, no-store, max-age=0, must-revalidate, pragma=no-cache}
   Actual:   {mode=block, expires=0, transfer-encoding=chunked, x-content-type-options=nosniff, x-xss-protection=1, content-type=application/hal+json, cache-control=no-cache, no-store, max-age=0, must-revalidate, pragma=no-cache}"
aeabd7c6-3606-4359-838a-be61e8b7c3c6,f5281d4e-e50e-4503-b46d-0391e8499f35,false,"[Regression] Header size mismatch for matchId=aeabd7c6-3606-4359-838a-be61e8b7c3c6
   Expected: {expires=0, transfer-encoding=chunked, x-content-type-options=nosniff, x-xss-protection=1; mode=block, content-type=application/hal+json, cache-control=no-cache, no-store, max-age=0, must-revalidate, pragma=no-cache}
   Actual:   {mode=block, expires=0, transfer-encoding=chunked, x-content-type-options=nosniff, x-xss-protection=1, content-type=application/hal+json, cache-control=no-cache, no-store, max-age=0, must-revalidate, pragma=no-cache}"
aeabd7c6-3606-4359-838a-be61e8b7c3c6,ec4d4cfd-1e84-4815-b925-0873767eb03a,false,"[Regression] Header size mismatch for matchId=aeabd7c6-3606-4359-838a-be61e8b7c3c6
   Expected: {expires=0, transfer-encoding=chunked, x-content-type-options=nosniff, x-xss-protection=1; mode=block, content-type=application/hal+json, cache-control=no-cache, no-store, max-age=0, must-revalidate, pragma=no-cache}
   Actual:   {mode=block, expires=0, transfer-encoding=chunked, x-content-type-options=nosniff, x-xss-protection=1, content-type=application/hal+json, cache-control=no-cache, no-store, max-age=0, must-revalidate, pragma=no-cache}"
aeabd7c6-3606-4359-838a-be61e8b7c3c6,60c8d43b-6700-4dec-9a85-2cd884cf7a16,false,"[Regression] Header size mismatch for matchId=aeabd7c6-3606-4359-838a-be61e8b7c3c6
   Expected: {expires=0, transfer-encoding=chunked, x-content-type-options=nosniff, x-xss-protection=1; mode=block, content-type=application/hal+json, cache-control=no-cache, no-store, max-age=0, must-revalidate, pragma=no-cache}
   Actual:   {mode=block, expires=0, transfer-encoding=chunked, x-content-type-options=nosniff, x-xss-protection=1, content-type=application/hal+json, cache-control=no-cache, no-store, max-age=0, must-revalidate, pragma=no-cache}"
aeabd7c6-3606-4359-838a-be61e8b7c3c6,9e3391cf-3f2f-485e-ac13-5022e7dbf924,false,"[Regression] Header size mismatch for matchId=aeabd7c6-3606-4359-838a-be61e8b7c3c6
   Expected: {expires=0, transfer-encoding=chunked, x-content-type-options=nosniff, x-xss-protection=1; mode=block, content-type=application/hal+json, cache-control=no-cache, no-store, max-age=0, must-revalidate, pragma=no-cache}
   Actual:   {mode=block, expires=0, transfer-encoding=chunked, x-content-type-options=nosniff, x-xss-protection=1, content-type=application/hal+json, cache-control=no-cache, no-store, max-age=0, must-revalidate, pragma=no-cache}"
aeabd7c6-3606-4359-838a-be61e8b7c3c6,e58d5d69-96a9-4eb5-844e-87eeab909733,false,"[Regression] Header size mismatch for matchId=aeabd7c6-3606-4359-838a-be61e8b7c3c6
   Expected: {expires=0, transfer-encoding=chunked, x-content-type-options=nosniff, x-xss-protection=1; mode=block, content-type=application/hal+json, cache-control=no-cache, no-store, max-age=0, must-revalidate, pragma=no-cache}
   Actual:   {mode=block, expires=0, transfer-encoding=chunked, x-content-type-options=nosniff, x-xss-protection=1, content-type=application/hal+json, cache-control=no-cache, no-store, max-age=0, must-revalidate, pragma=no-cache}"
4a083676-fde7-4f2c-984e-b29e0c12daa2,b4f0cbff-27ba-4046-b5d7-edc02aa33e88,false,"[Regression] Status code mismatch for matchId=4a083676-fde7-4f2c-984e-b29e0c12daa2
   Expected: 201
   Actual:   200"
4a083676-fde7-4f2c-984e-b29e0c12daa2,a7d1863f-ebdd-4e8b-be73-2f2e9c33d19d,false,"[Regression] Status code mismatch for matchId=4a083676-fde7-4f2c-984e-b29e0c12daa2
   Expected: 201
   Actual:   409"
4a083676-fde7-4f2c-984e-b29e0c12daa2,a24582fc-7fac-4455-90c6-ebc7f72ac6b0,false,"[Regression] Status code mismatch for matchId=4a083676-fde7-4f2c-984e-b29e0c12daa2
   Expected: 201
   Actual:   504"
4a083676-fde7-4f2c-984e-b29e0c12daa2,0375b7fd-2a17-4d10-9218-db8698c1f4c7,false,"[Regression] Header size mismatch for matchId=4a083676-fde7-4f2c-984e-b29e0c12daa2
   Expected: {expires=0, transfer-encoding=chunked, x-content-type-options=nosniff, x-xss-protection=1; mode=block, content-type=application/hal+json, cache-control=no-cache, no-store, max-age=0, must-revalidate, pragma=no-cache}
   Actual:   {mode=block, expires=0, transfer-encoding=chunked, x-content-type-options=nosniff, x-xss-protection=1, content-type=text/css, cache-control=no-cache, no-store, max-age=0, must-revalidate, pragma=no-cache}"
4a083676-fde7-4f2c-984e-b29e0c12daa2,d2096f63-4cee-4ade-b364-c2676ea701ce,false,"[Regression] Header value (x-xss-protection) mismatch for matchId=4a083676-fde7-4f2c-984e-b29e0c12daa2
   Expected: 1; mode=block
   Actual:   1"
4a083676-fde7-4f2c-984e-b29e0c12daa2,4e418558-74ef-4864-bb5f-4060640091c6,false,"[Regression] Header size mismatch for matchId=4a083676-fde7-4f2c-984e-b29e0c12daa2
   Expected: {expires=0, transfer-encoding=chunked, x-content-type-options=nosniff, x-xss-protection=1; mode=block, content-type=application/hal+json, cache-control=no-cache, no-store, max-age=0, must-revalidate, pragma=no-cache}
   Actual:   {mode=block, expires=0, transfer-encoding=chunked, x-content-type-options=nosniff, x-xss-protection=1, content-type=application/hal+json; charset=latin9, cache-control=no-cache, no-store, max-age=0, must-revalidate, pragma=no-cache}"
4a083676-fde7-4f2c-984e-b29e0c12daa2,519be5dc-f8a4-4c51-9194-cdd6b01946e2,false,"[Regression] Header size mismatch for matchId=4a083676-fde7-4f2c-984e-b29e0c12daa2
   Expected: {expires=0, transfer-encoding=chunked, x-content-type-options=nosniff, x-xss-protection=1; mode=block, content-type=application/hal+json, cache-control=no-cache, no-store, max-age=0, must-revalidate, pragma=no-cache}
   Actual:   {mode=block, expires=0, transfer-encoding=chunked, x-content-type-options=nosniff, x-xss-protection=1, content-type=application/hal+json, cache-control=no-cache, no-store, max-age=0, must-revalidate, pragma=no-cache}"
4a083676-fde7-4f2c-984e-b29e0c12daa2,2f3d7664-148d-4b47-b3e7-118241da7cdb,false,"[Regression] Header size mismatch for matchId=4a083676-fde7-4f2c-984e-b29e0c12daa2
   Expected: {expires=0, transfer-encoding=chunked, x-content-type-options=nosniff, x-xss-protection=1; mode=block, content-type=application/hal+json, cache-control=no-cache, no-store, max-age=0, must-revalidate, pragma=no-cache}
   Actual:   {mode=block, expires=0, transfer-encoding=chunked, x-content-type-options=nosniff, x-xss-protection=1, content-type=application/hal+json, cache-control=no-cache, no-store, max-age=0, must-revalidate, pragma=no-cache}"
4a083676-fde7-4f2c-984e-b29e0c12daa2,7d4e5fcf-c8a2-4475-86f4-7caadfb0deae,false,"[Regression] Header size mismatch for matchId=4a083676-fde7-4f2c-984e-b29e0c12daa2
   Expected: {expires=0, transfer-encoding=chunked, x-content-type-options=nosniff, x-xss-protection=1; mode=block, content-type=application/hal+json, cache-control=no-cache, no-store, max-age=0, must-revalidate, pragma=no-cache}
   Actual:   {mode=block, expires=0, transfer-encoding=chunked, x-content-type-options=nosniff, x-xss-protection=1, content-type=application/hal+json, cache-control=no-cache, no-store, max-age=0, must-revalidate, pragma=no-cache}"
4a083676-fde7-4f2c-984e-b29e0c12daa2,41f6b4ee-7d97-428f-b108-462b3601c60f,false,"[Regression] Header size mismatch for matchId=4a083676-fde7-4f2c-984e-b29e0c12daa2
   Expected: {expires=0, transfer-encoding=chunked, x-content-type-options=nosniff, x-xss-protection=1; mode=block, content-type=application/hal+json, cache-control=no-cache, no-store, max-age=0, must-revalidate, pragma=no-cache}
   Actual:   {mode=block, expires=0, transfer-encoding=chunked, x-content-type-options=nosniff, x-xss-protection=1, content-type=application/hal+json, cache-control=no-cache, no-store, max-age=0, must-revalidate, pragma=no-cache}"
4a083676-fde7-4f2c-984e-b29e0c12daa2,b8a5b0fc-51e5-402c-8bdf-a81a81503d4e,false,"[Regression] Header size mismatch for matchId=4a083676-fde7-4f2c-984e-b29e0c12daa2
   Expected: {expires=0, transfer-encoding=chunked, x-content-type-options=nosniff, x-xss-protection=1; mode=block, content-type=application/hal+json, cache-control=no-cache, no-store, max-age=0, must-revalidate, pragma=no-cache}
   Actual:   {mode=block, expires=0, transfer-encoding=chunked, x-content-type-options=nosniff, x-xss-protection=1, content-type=application/hal+json, cache-control=no-cache, no-store, max-age=0, must-revalidate, pragma=no-cache}"
4a083676-fde7-4f2c-984e-b29e0c12daa2,4540ed56-780e-40ef-86d8-d911c855a677,false,"[Regression] Header size mismatch for matchId=4a083676-fde7-4f2c-984e-b29e0c12daa2
   Expected: {expires=0, transfer-encoding=chunked, x-content-type-options=nosniff, x-xss-protection=1; mode=block, content-type=application/hal+json, cache-control=no-cache, no-store, max-age=0, must-revalidate, pragma=no-cache}
   Actual:   {mode=block, expires=0, transfer-encoding=chunked, x-content-type-options=nosniff, x-xss-protection=1, content-type=application/hal+json, cache-control=no-cache, no-store, max-age=0, must-revalidate, pragma=no-cache}"
4a083676-fde7-4f2c-984e-b29e0c12daa2,2325c732-933a-4943-a758-dc35bc8851fd,false,"[Regression] Header size mismatch for matchId=4a083676-fde7-4f2c-984e-b29e0c12daa2
   Expected: {expires=0, transfer-encoding=chunked, x-content-type-options=nosniff, x-xss-protection=1; mode=block, content-type=application/hal+json, cache-control=no-cache, no-store, max-age=0, must-revalidate, pragma=no-cache}
   Actual:   {mode=block, expires=0, transfer-encoding=chunked, x-content-type-options=nosniff, x-xss-protection=1, content-type=application/hal+json, cache-control=no-cache, no-store, max-age=0, must-revalidate, pragma=no-cache}"
4a083676-fde7-4f2c-984e-b29e0c12daa2,9ffbdfc7-066f-428d-90ad-fabe1ba08456,false,"[Regression] Header size mismatch for matchId=4a083676-fde7-4f2c-984e-b29e0c12daa2
   Expected: {expires=0, transfer-encoding=chunked, x-content-type-options=nosniff, x-xss-protection=1; mode=block, content-type=application/hal+json, cache-control=no-cache, no-store, max-age=0, must-revalidate, pragma=no-cache}
   Actual:   {mode=block, expires=0, transfer-encoding=chunked, x-content-type-options=nosniff, x-xss-protection=1, content-type=application/hal+json, cache-control=no-cache, no-store, max-age=0, must-revalidate, pragma=no-cache}"
4a083676-fde7-4f2c-984e-b29e0c12daa2,1a3ff00b-9c06-4a06-b17c-e90acc2faea1,false,"[Regression] Header size mismatch for matchId=4a083676-fde7-4f2c-984e-b29e0c12daa2
   Expected: {expires=0, transfer-encoding=chunked, x-content-type-options=nosniff, x-xss-protection=1; mode=block, content-type=application/hal+json, cache-control=no-cache, no-store, max-age=0, must-revalidate, pragma=no-cache}
   Actual:   {mode=block, expires=0, transfer-encoding=chunked, x-content-type-options=nosniff, x-xss-protection=1, content-type=application/hal+json, cache-control=no-cache, no-store, max-age=0, must-revalidate, pragma=no-cache}"
4a083676-fde7-4f2c-984e-b29e0c12daa2,23254892-b5a8-46d2-a2bd-d715e3d32a40,false,"[Regression] Header size mismatch for matchId=4a083676-fde7-4f2c-984e-b29e0c12daa2
   Expected: {expires=0, transfer-encoding=chunked, x-content-type-options=nosniff, x-xss-protection=1; mode=block, content-type=application/hal+json, cache-control=no-cache, no-store, max-age=0, must-revalidate, pragma=no-cache}
   Actual:   {mode=block, expires=0, transfer-encoding=chunked, x-content-type-options=nosniff, x-xss-protection=1, content-type=application/hal+json, cache-control=no-cache, no-store, max-age=0, must-revalidate, pragma=no-cache}"
4a083676-fde7-4f2c-984e-b29e0c12daa2,9c5c2412-0396-4c81-83f1-7f9d86b6dffd,false,"[Regression] Header size mismatch for matchId=4a083676-fde7-4f2c-984e-b29e0c12daa2
   Expected: {expires=0, transfer-encoding=chunked, x-content-type-options=nosniff, x-xss-protection=1; mode=block, content-type=application/hal+json, cache-control=no-cache, no-store, max-age=0, must-revalidate, pragma=no-cache}
   Actual:   {mode=block, expires=0, transfer-encoding=chunked, x-content-type-options=nosniff, x-xss-protection=1, content-type=application/hal+json, cache-control=no-cache, no-store, max-age=0, must-revalidate, pragma=no-cache}"
4a083676-fde7-4f2c-984e-b29e0c12daa2,0b4facdd-f132-43c4-b82d-9ca4bc8220b3,false,"[Regression] Header size mismatch for matchId=4a083676-fde7-4f2c-984e-b29e0c12daa2
   Expected: {expires=0, transfer-encoding=chunked, x-content-type-options=nosniff, x-xss-protection=1; mode=block, content-type=application/hal+json, cache-control=no-cache, no-store, max-age=0, must-revalidate, pragma=no-cache}
   Actual:   {mode=block, expires=0, transfer-encoding=chunked, x-content-type-options=nosniff, x-xss-protection=1, content-type=application/hal+json, cache-control=no-cache, no-store, max-age=0, must-revalidate, pragma=no-cache}"
4a083676-fde7-4f2c-984e-b29e0c12daa2,49b938f6-6d51-4c38-9847-156fa59ce456,false,"[Regression] Header size mismatch for matchId=4a083676-fde7-4f2c-984e-b29e0c12daa2
   Expected: {expires=0, transfer-encoding=chunked, x-content-type-options=nosniff, x-xss-protection=1; mode=block, content-type=application/hal+json, cache-control=no-cache, no-store, max-age=0, must-revalidate, pragma=no-cache}
   Actual:   {mode=block, expires=0, transfer-encoding=chunked, x-content-type-options=nosniff, x-xss-protection=1, content-type=application/hal+json, cache-control=no-cache, no-store, max-age=0, must-revalidate, pragma=no-cache}"
4a083676-fde7-4f2c-984e-b29e0c12daa2,5aa7bb1d-2139-433e-b58f-3289dac2a298,false,"[Regression] Header size mismatch for matchId=4a083676-fde7-4f2c-984e-b29e0c12daa2
   Expected: {expires=0, transfer-encoding=chunked, x-content-type-options=nosniff, x-xss-protection=1; mode=block, content-type=application/hal+json, cache-control=no-cache, no-store, max-age=0, must-revalidate, pragma=no-cache}
   Actual:   {mode=block, expires=0, transfer-encoding=chunked, x-content-type-options=nosniff, x-xss-protection=1, content-type=application/hal+json, cache-control=no-cache, no-store, max-age=0, must-revalidate, pragma=no-cache}"
4a083676-fde7-4f2c-984e-b29e0c12daa2,9fe52bcb-fa15-46d1-a48d-985ad652d561,false,"[Regression] Header size mismatch for matchId=4a083676-fde7-4f2c-984e-b29e0c12daa2
   Expected: {expires=0, transfer-encoding=chunked, x-content-type-options=nosniff, x-xss-protection=1; mode=block, content-type=application/hal+json, cache-control=no-cache, no-store, max-age=0, must-revalidate, pragma=no-cache}
   Actual:   {mode=block, expires=0, transfer-encoding=chunked, x-content-type-options=nosniff, x-xss-protection=1, content-type=application/hal+json, cache-control=no-cache, no-store, max-age=0, must-revalidate, pragma=no-cache}"
4a083676-fde7-4f2c-984e-b29e0c12daa2,a67028f7-ba9b-46dd-9b4a-94f40f8a663e,false,"[Regression] Header size mismatch for matchId=4a083676-fde7-4f2c-984e-b29e0c12daa2
   Expected: {expires=0, transfer-encoding=chunked, x-content-type-options=nosniff, x-xss-protection=1; mode=block, content-type=application/hal+json, cache-control=no-cache, no-store, max-age=0, must-revalidate, pragma=no-cache}
   Actual:   {mode=block, expires=0, transfer-encoding=chunked, x-content-type-options=nosniff, x-xss-protection=1, content-type=application/hal+json, cache-control=no-cache, no-store, max-age=0, must-revalidate, pragma=no-cache}"
4a083676-fde7-4f2c-984e-b29e0c12daa2,276fc5f4-31e5-4c09-aa8d-dda8f838725c,false,"[Regression] Header size mismatch for matchId=4a083676-fde7-4f2c-984e-b29e0c12daa2
   Expected: {expires=0, transfer-encoding=chunked, x-content-type-options=nosniff, x-xss-protection=1; mode=block, content-type=application/hal+json, cache-control=no-cache, no-store, max-age=0, must-revalidate, pragma=no-cache}
   Actual:   {mode=block, expires=0, transfer-encoding=chunked, x-content-type-options=nosniff, x-xss-protection=1, content-type=application/hal+json, cache-control=no-cache, no-store, max-age=0, must-revalidate, pragma=no-cache}"
4a083676-fde7-4f2c-984e-b29e0c12daa2,8f8b8452-8473-4d92-aa32-7dfec62930c5,false,"[Regression] Header size mismatch for matchId=4a083676-fde7-4f2c-984e-b29e0c12daa2
   Expected: {expires=0, transfer-encoding=chunked, x-content-type-options=nosniff, x-xss-protection=1; mode=block, content-type=application/hal+json, cache-control=no-cache, no-store, max-age=0, must-revalidate, pragma=no-cache}
   Actual:   {mode=block, expires=0, transfer-encoding=chunked, x-content-type-options=nosniff, x-xss-protection=1, content-type=application/hal+json, cache-control=no-cache, no-store, max-age=0, must-revalidate, pragma=no-cache}"
4a083676-fde7-4f2c-984e-b29e0c12daa2,62c1a925-40db-4cda-aabf-ae3f0a8bd74f,false,"[Regression] Header size mismatch for matchId=4a083676-fde7-4f2c-984e-b29e0c12daa2
   Expected: {expires=0, transfer-encoding=chunked, x-content-type-options=nosniff, x-xss-protection=1; mode=block, content-type=application/hal+json, cache-control=no-cache, no-store, max-age=0, must-revalidate, pragma=no-cache}
   Actual:   {mode=block, expires=0, transfer-encoding=chunked, x-content-type-options=nosniff, x-xss-protection=1, content-type=application/hal+json, cache-control=no-cache, no-store, max-age=0, must-revalidate, pragma=no-cache}"
4a083676-fde7-4f2c-984e-b29e0c12daa2,19906acb-c7a1-4aca-8791-ec7f3fc30989,false,"[Regression] Header size mismatch for matchId=4a083676-fde7-4f2c-984e-b29e0c12daa2
   Expected: {expires=0, transfer-encoding=chunked, x-content-type-options=nosniff, x-xss-protection=1; mode=block, content-type=application/hal+json, cache-control=no-cache, no-store, max-age=0, must-revalidate, pragma=no-cache}
   Actual:   {mode=block, expires=0, transfer-encoding=chunked, x-content-type-options=nosniff, x-xss-protection=1, content-type=application/hal+json, cache-control=no-cache, no-store, max-age=0, must-revalidate, pragma=no-cache}"
4a083676-fde7-4f2c-984e-b29e0c12daa2,72f30482-7fa2-4dda-9e43-73a2be198213,false,"[Regression] Header size mismatch for matchId=4a083676-fde7-4f2c-984e-b29e0c12daa2
   Expected: {expires=0, transfer-encoding=chunked, x-content-type-options=nosniff, x-xss-protection=1; mode=block, content-type=application/hal+json, cache-control=no-cache, no-store, max-age=0, must-revalidate, pragma=no-cache}
   Actual:   {mode=block, expires=0, transfer-encoding=chunked, x-content-type-options=nosniff, x-xss-protection=1, content-type=application/hal+json, cache-control=no-cache, no-store, max-age=0, must-revalidate, pragma=no-cache}"
4a083676-fde7-4f2c-984e-b29e0c12daa2,fe5beed6-a53c-4c30-b407-ad81218cd59d,false,"[Regression] Header size mismatch for matchId=4a083676-fde7-4f2c-984e-b29e0c12daa2
   Expected: {expires=0, transfer-encoding=chunked, x-content-type-options=nosniff, x-xss-protection=1; mode=block, content-type=application/hal+json, cache-control=no-cache, no-store, max-age=0, must-revalidate, pragma=no-cache}
   Actual:   {mode=block, expires=0, transfer-encoding=chunked, x-content-type-options=nosniff, x-xss-protection=1, content-type=application/hal+json, cache-control=no-cache, no-store, max-age=0, must-revalidate, pragma=no-cache}"
4a083676-fde7-4f2c-984e-b29e0c12daa2,dc56b16e-eedb-46b9-ae91-7e20880dfcd8,false,"[Regression] Header size mismatch for matchId=4a083676-fde7-4f2c-984e-b29e0c12daa2
   Expected: {expires=0, transfer-encoding=chunked, x-content-type-options=nosniff, x-xss-protection=1; mode=block, content-type=application/hal+json, cache-control=no-cache, no-store, max-age=0, must-revalidate, pragma=no-cache}
   Actual:   {mode=block, expires=0, transfer-encoding=chunked, x-content-type-options=nosniff, x-xss-protection=1, content-type=application/hal+json, cache-control=no-cache, no-store, max-age=0, must-revalidate, pragma=no-cache}"
4a083676-fde7-4f2c-984e-b29e0c12daa2,33b44583-6a0b-4e49-a187-649a024d108b,false,"[Regression] Header size mismatch for matchId=4a083676-fde7-4f2c-984e-b29e0c12daa2
   Expected: {expires=0, transfer-encoding=chunked, x-content-type-options=nosniff, x-xss-protection=1; mode=block, content-type=application/hal+json, cache-control=no-cache, no-store, max-age=0, must-revalidate, pragma=no-cache}
   Actual:   {mode=block, expires=0, transfer-encoding=chunked, x-content-type-options=nosniff, x-xss-protection=1, content-type=application/hal+json, cache-control=no-cache, no-store, max-age=0, must-revalidate, pragma=no-cache}"
4a083676-fde7-4f2c-984e-b29e0c12daa2,569fc3cb-0ec8-4e39-82d7-c0e6c7e117d7,false,"[Regression] Header size mismatch for matchId=4a083676-fde7-4f2c-984e-b29e0c12daa2
   Expected: {expires=0, transfer-encoding=chunked, x-content-type-options=nosniff, x-xss-protection=1; mode=block, content-type=application/hal+json, cache-control=no-cache, no-store, max-age=0, must-revalidate, pragma=no-cache}
   Actual:   {mode=block, expires=0, transfer-encoding=chunked, x-content-type-options=nosniff, x-xss-protection=1, content-type=application/hal+json, cache-control=no-cache, no-store, max-age=0, must-revalidate, pragma=no-cache}"
4a083676-fde7-4f2c-984e-b29e0c12daa2,12953f50-a601-463c-a92c-1c203c98336e,false,"[Regression] Header size mismatch for matchId=4a083676-fde7-4f2c-984e-b29e0c12daa2
   Expected: {expires=0, transfer-encoding=chunked, x-content-type-options=nosniff, x-xss-protection=1; mode=block, content-type=application/hal+json, cache-control=no-cache, no-store, max-age=0, must-revalidate, pragma=no-cache}
   Actual:   {mode=block, expires=0, transfer-encoding=chunked, x-content-type-options=nosniff, x-xss-protection=1, content-type=application/hal+json, cache-control=no-cache, no-store, max-age=0, must-revalidate, pragma=no-cache}"
4a083676-fde7-4f2c-984e-b29e0c12daa2,fea93c7f-8a57-4429-9413-ed764da410af,false,"[Regression] Header size mismatch for matchId=4a083676-fde7-4f2c-984e-b29e0c12daa2
   Expected: {expires=0, transfer-encoding=chunked, x-content-type-options=nosniff, x-xss-protection=1; mode=block, content-type=application/hal+json, cache-control=no-cache, no-store, max-age=0, must-revalidate, pragma=no-cache}
   Actual:   {mode=block, expires=0, transfer-encoding=chunked, x-content-type-options=nosniff, x-xss-protection=1, content-type=application/hal+json, cache-control=no-cache, no-store, max-age=0, must-revalidate, pragma=no-cache}"
4a083676-fde7-4f2c-984e-b29e0c12daa2,b0dd11bb-e2cd-44d4-962a-bd46861a15b8,false,"[Regression] Header size mismatch for matchId=4a083676-fde7-4f2c-984e-b29e0c12daa2
   Expected: {expires=0, transfer-encoding=chunked, x-content-type-options=nosniff, x-xss-protection=1; mode=block, content-type=application/hal+json, cache-control=no-cache, no-store, max-age=0, must-revalidate, pragma=no-cache}
   Actual:   {mode=block, expires=0, transfer-encoding=chunked, x-content-type-options=nosniff, x-xss-protection=1, content-type=application/hal+json, cache-control=no-cache, no-store, max-age=0, must-revalidate, pragma=no-cache}"
4a083676-fde7-4f2c-984e-b29e0c12daa2,c659a792-43d7-468d-9e96-6688d4b8781c,false,"[Regression] Header size mismatch for matchId=4a083676-fde7-4f2c-984e-b29e0c12daa2
   Expected: {expires=0, transfer-encoding=chunked, x-content-type-options=nosniff, x-xss-protection=1; mode=block, content-type=application/hal+json, cache-control=no-cache, no-store, max-age=0, must-revalidate, pragma=no-cache}
   Actual:   {mode=block, expires=0, transfer-encoding=chunked, x-content-type-options=nosniff, x-xss-protection=1, content-type=application/hal+json, cache-control=no-cache, no-store, max-age=0, must-revalidate, pragma=no-cache}"
4a083676-fde7-4f2c-984e-b29e0c12daa2,6a7a723a-d39f-4e7d-b8a2-c1c844295360,false,"[Regression] Header size mismatch for matchId=4a083676-fde7-4f2c-984e-b29e0c12daa2
   Expected: {expires=0, transfer-encoding=chunked, x-content-type-options=nosniff, x-xss-protection=1; mode=block, content-type=application/hal+json, cache-control=no-cache, no-store, max-age=0, must-revalidate, pragma=no-cache}
   Actual:   {mode=block, expires=0, transfer-encoding=chunked, x-content-type-options=nosniff, x-xss-protection=1, content-type=application/hal+json, cache-control=no-cache, no-store, max-age=0, must-revalidate, pragma=no-cache}"
4a083676-fde7-4f2c-984e-b29e0c12daa2,15f56e5f-777d-4159-8a78-584fef0932c7,false,"[Regression] Header size mismatch for matchId=4a083676-fde7-4f2c-984e-b29e0c12daa2
   Expected: {expires=0, transfer-encoding=chunked, x-content-type-options=nosniff, x-xss-protection=1; mode=block, content-type=application/hal+json, cache-control=no-cache, no-store, max-age=0, must-revalidate, pragma=no-cache}
   Actual:   {mode=block, expires=0, transfer-encoding=chunked, x-content-type-options=nosniff, x-xss-protection=1, content-type=application/hal+json, cache-control=no-cache, no-store, max-age=0, must-revalidate, pragma=no-cache}"
4a083676-fde7-4f2c-984e-b29e0c12daa2,b4364fa6-6095-4387-8674-35227d1e5794,false,"[Regression] Header size mismatch for matchId=4a083676-fde7-4f2c-984e-b29e0c12daa2
   Expected: {expires=0, transfer-encoding=chunked, x-content-type-options=nosniff, x-xss-protection=1; mode=block, content-type=application/hal+json, cache-control=no-cache, no-store, max-age=0, must-revalidate, pragma=no-cache}
   Actual:   {mode=block, expires=0, transfer-encoding=chunked, x-content-type-options=nosniff, x-xss-protection=1, content-type=application/hal+json, cache-control=no-cache, no-store, max-age=0, must-revalidate, pragma=no-cache}"
4a083676-fde7-4f2c-984e-b29e0c12daa2,0d9d6e58-d90a-4fc3-92b2-dc8a257a02ff,false,"[Regression] Header size mismatch for matchId=4a083676-fde7-4f2c-984e-b29e0c12daa2
   Expected: {expires=0, transfer-encoding=chunked, x-content-type-options=nosniff, x-xss-protection=1; mode=block, content-type=application/hal+json, cache-control=no-cache, no-store, max-age=0, must-revalidate, pragma=no-cache}
   Actual:   {mode=block, expires=0, transfer-encoding=chunked, x-content-type-options=nosniff, x-xss-protection=1, content-type=application/hal+json, cache-control=no-cache, no-store, max-age=0, must-revalidate, pragma=no-cache}"
4a083676-fde7-4f2c-984e-b29e0c12daa2,4ba46dca-47ab-43de-90cc-dada528bf56a,false,"[Regression] Header size mismatch for matchId=4a083676-fde7-4f2c-984e-b29e0c12daa2
   Expected: {expires=0, transfer-encoding=chunked, x-content-type-options=nosniff, x-xss-protection=1; mode=block, content-type=application/hal+json, cache-control=no-cache, no-store, max-age=0, must-revalidate, pragma=no-cache}
   Actual:   {mode=block, expires=0, transfer-encoding=chunked, x-content-type-options=nosniff, x-xss-protection=1, content-type=application/hal+json, cache-control=no-cache, no-store, max-age=0, must-revalidate, pragma=no-cache}"
4a083676-fde7-4f2c-984e-b29e0c12daa2,4b5e09d9-5332-47b7-b170-29e964ec3ed4,false,"[Regression] Header size mismatch for matchId=4a083676-fde7-4f2c-984e-b29e0c12daa2
   Expected: {expires=0, transfer-encoding=chunked, x-content-type-options=nosniff, x-xss-protection=1; mode=block, content-type=application/hal+json, cache-control=no-cache, no-store, max-age=0, must-revalidate, pragma=no-cache}
   Actual:   {mode=block, expires=0, transfer-encoding=chunked, x-content-type-options=nosniff, x-xss-protection=1, content-type=application/hal+json, cache-control=no-cache, no-store, max-age=0, must-revalidate, pragma=no-cache}"
4a083676-fde7-4f2c-984e-b29e0c12daa2,4476c874-c97c-4e83-ac4e-1fc2ab1b610b,false,"[Regression] Header size mismatch for matchId=4a083676-fde7-4f2c-984e-b29e0c12daa2
   Expected: {expires=0, transfer-encoding=chunked, x-content-type-options=nosniff, x-xss-protection=1; mode=block, content-type=application/hal+json, cache-control=no-cache, no-store, max-age=0, must-revalidate, pragma=no-cache}
   Actual:   {mode=block, expires=0, transfer-encoding=chunked, x-content-type-options=nosniff, x-xss-protection=1, content-type=application/hal+json, cache-control=no-cache, no-store, max-age=0, must-revalidate, pragma=no-cache}"
4a083676-fde7-4f2c-984e-b29e0c12daa2,cfb555a1-c91b-4500-93b9-72da2c619a90,false,"[Regression] Header size mismatch for matchId=4a083676-fde7-4f2c-984e-b29e0c12daa2
   Expected: {expires=0, transfer-encoding=chunked, x-content-type-options=nosniff, x-xss-protection=1; mode=block, content-type=application/hal+json, cache-control=no-cache, no-store, max-age=0, must-revalidate, pragma=no-cache}
   Actual:   {mode=block, expires=0, transfer-encoding=chunked, x-content-type-options=nosniff, x-xss-protection=1, content-type=application/hal+json, cache-control=no-cache, no-store, max-age=0, must-revalidate, pragma=no-cache}"
4a083676-fde7-4f2c-984e-b29e0c12daa2,be98dbd2-a7d6-4671-8116-cae9f69491f9,false,"[Regression] Header size mismatch for matchId=4a083676-fde7-4f2c-984e-b29e0c12daa2
   Expected: {expires=0, transfer-encoding=chunked, x-content-type-options=nosniff, x-xss-protection=1; mode=block, content-type=application/hal+json, cache-control=no-cache, no-store, max-age=0, must-revalidate, pragma=no-cache}
   Actual:   {mode=block, expires=0, transfer-encoding=chunked, x-content-type-options=nosniff, x-xss-protection=1, content-type=application/hal+json, cache-control=no-cache, no-store, max-age=0, must-revalidate, pragma=no-cache}"
4a083676-fde7-4f2c-984e-b29e0c12daa2,93ba4c0a-6b5e-4614-b045-97467a07e517,false,"[Regression] Header size mismatch for matchId=4a083676-fde7-4f2c-984e-b29e0c12daa2
   Expected: {expires=0, transfer-encoding=chunked, x-content-type-options=nosniff, x-xss-protection=1; mode=block, content-type=application/hal+json, cache-control=no-cache, no-store, max-age=0, must-revalidate, pragma=no-cache}
   Actual:   {mode=block, expires=0, transfer-encoding=chunked, x-content-type-options=nosniff, x-xss-protection=1, content-type=application/hal+json, cache-control=no-cache, no-store, max-age=0, must-revalidate, pragma=no-cache}"
91e1ad07-f9fc-4790-aa8f-0075323a4ff9,d5909db4-5595-4b0e-91ff-4f67f03c64a0,false,"[Regression] Status code mismatch for matchId=91e1ad07-f9fc-4790-aa8f-0075323a4ff9
   Expected: 201
   Actual:   204"
91e1ad07-f9fc-4790-aa8f-0075323a4ff9,a4f93cec-16d5-47bb-9059-6c0025da60c5,false,"[Regression] Status code mismatch for matchId=91e1ad07-f9fc-4790-aa8f-0075323a4ff9
   Expected: 201
   Actual:   401"
91e1ad07-f9fc-4790-aa8f-0075323a4ff9,278b857c-fd38-47a2-8d3d-1433844db27c,false,"[Regression] Status code mismatch for matchId=91e1ad07-f9fc-4790-aa8f-0075323a4ff9
   Expected: 201
   Actual:   501"
91e1ad07-f9fc-4790-aa8f-0075323a4ff9,703ce783-e41c-491d-b8df-33f7e5bb40b7,false,"[Regression] Header size mismatch for matchId=91e1ad07-f9fc-4790-aa8f-0075323a4ff9
   Expected: {expires=0, transfer-encoding=chunked, x-content-type-options=nosniff, x-xss-protection=1; mode=block, content-type=application/hal+json, cache-control=no-cache, no-store, max-age=0, must-revalidate, pragma=no-cache}
   Actual:   {mode=block, expires=0, transfer-encoding=chunked, x-content-type-options=nosniff, x-xss-protection=1, content-type=text/html, cache-control=no-cache, no-store, max-age=0, must-revalidate, pragma=no-cache}"
91e1ad07-f9fc-4790-aa8f-0075323a4ff9,2588cdd7-dd5e-4665-a494-1e048149c893,false,"[Regression] Header value (x-xss-protection) mismatch for matchId=91e1ad07-f9fc-4790-aa8f-0075323a4ff9
   Expected: 1; mode=block
   Actual:   1"
91e1ad07-f9fc-4790-aa8f-0075323a4ff9,38c5562b-7a49-47c4-9bbf-9ae57530b1f4,false,"[Regression] Header size mismatch for matchId=91e1ad07-f9fc-4790-aa8f-0075323a4ff9
   Expected: {expires=0, transfer-encoding=chunked, x-content-type-options=nosniff, x-xss-protection=1; mode=block, content-type=application/hal+json, cache-control=no-cache, no-store, max-age=0, must-revalidate, pragma=no-cache}
   Actual:   {mode=block, expires=0, transfer-encoding=chunked, x-content-type-options=nosniff, x-xss-protection=1, content-type=application/hal+json; charset=utf-8, cache-control=no-cache, no-store, max-age=0, must-revalidate, pragma=no-cache}"
91e1ad07-f9fc-4790-aa8f-0075323a4ff9,fcb8828a-f806-4c93-a551-de8f78cfe9ed,false,"[Regression] Header size mismatch for matchId=91e1ad07-f9fc-4790-aa8f-0075323a4ff9
   Expected: {expires=0, transfer-encoding=chunked, x-content-type-options=nosniff, x-xss-protection=1; mode=block, content-type=application/hal+json, cache-control=no-cache, no-store, max-age=0, must-revalidate, pragma=no-cache}
   Actual:   {mode=block, expires=0, transfer-encoding=chunked, x-content-type-options=nosniff, x-xss-protection=1, content-type=application/hal+json, cache-control=no-cache, no-store, max-age=0, must-revalidate, pragma=no-cache}"
91e1ad07-f9fc-4790-aa8f-0075323a4ff9,3b02b6c8-3455-4b57-93e3-845c0cc2a80e,false,"[Regression] Header size mismatch for matchId=91e1ad07-f9fc-4790-aa8f-0075323a4ff9
   Expected: {expires=0, transfer-encoding=chunked, x-content-type-options=nosniff, x-xss-protection=1; mode=block, content-type=application/hal+json, cache-control=no-cache, no-store, max-age=0, must-revalidate, pragma=no-cache}
   Actual:   {mode=block, expires=0, transfer-encoding=chunked, x-content-type-options=nosniff, x-xss-protection=1, content-type=application/hal+json, cache-control=no-cache, no-store, max-age=0, must-revalidate, pragma=no-cache}"
91e1ad07-f9fc-4790-aa8f-0075323a4ff9,7d5f9292-8195-4a02-8a3e-9feabc1b96cb,false,"[Regression] Header size mismatch for matchId=91e1ad07-f9fc-4790-aa8f-0075323a4ff9
   Expected: {expires=0, transfer-encoding=chunked, x-content-type-options=nosniff, x-xss-protection=1; mode=block, content-type=application/hal+json, cache-control=no-cache, no-store, max-age=0, must-revalidate, pragma=no-cache}
   Actual:   {mode=block, expires=0, transfer-encoding=chunked, x-content-type-options=nosniff, x-xss-protection=1, content-type=application/hal+json, cache-control=no-cache, no-store, max-age=0, must-revalidate, pragma=no-cache}"
91e1ad07-f9fc-4790-aa8f-0075323a4ff9,b70d6a53-8871-499e-89e4-2ec1cab8dbcb,false,"[Regression] Header size mismatch for matchId=91e1ad07-f9fc-4790-aa8f-0075323a4ff9
   Expected: {expires=0, transfer-encoding=chunked, x-content-type-options=nosniff, x-xss-protection=1; mode=block, content-type=application/hal+json, cache-control=no-cache, no-store, max-age=0, must-revalidate, pragma=no-cache}
   Actual:   {mode=block, expires=0, transfer-encoding=chunked, x-content-type-options=nosniff, x-xss-protection=1, content-type=application/hal+json, cache-control=no-cache, no-store, max-age=0, must-revalidate, pragma=no-cache}"
91e1ad07-f9fc-4790-aa8f-0075323a4ff9,03df9d66-d66a-45e1-bf42-c7e54ac29284,false,"[Regression] Header size mismatch for matchId=91e1ad07-f9fc-4790-aa8f-0075323a4ff9
   Expected: {expires=0, transfer-encoding=chunked, x-content-type-options=nosniff, x-xss-protection=1; mode=block, content-type=application/hal+json, cache-control=no-cache, no-store, max-age=0, must-revalidate, pragma=no-cache}
   Actual:   {mode=block, expires=0, transfer-encoding=chunked, x-content-type-options=nosniff, x-xss-protection=1, content-type=application/hal+json, cache-control=no-cache, no-store, max-age=0, must-revalidate, pragma=no-cache}"
91e1ad07-f9fc-4790-aa8f-0075323a4ff9,e22a5da6-fc7a-43c3-b7f9-1b88c56cf192,false,"[Regression] Header size mismatch for matchId=91e1ad07-f9fc-4790-aa8f-0075323a4ff9
   Expected: {expires=0, transfer-encoding=chunked, x-content-type-options=nosniff, x-xss-protection=1; mode=block, content-type=application/hal+json, cache-control=no-cache, no-store, max-age=0, must-revalidate, pragma=no-cache}
   Actual:   {mode=block, expires=0, transfer-encoding=chunked, x-content-type-options=nosniff, x-xss-protection=1, content-type=application/hal+json, cache-control=no-cache, no-store, max-age=0, must-revalidate, pragma=no-cache}"
91e1ad07-f9fc-4790-aa8f-0075323a4ff9,3a68970d-907e-4ef1-a1be-48ff412a16f8,false,"[Regression] Header size mismatch for matchId=91e1ad07-f9fc-4790-aa8f-0075323a4ff9
   Expected: {expires=0, transfer-encoding=chunked, x-content-type-options=nosniff, x-xss-protection=1; mode=block, content-type=application/hal+json, cache-control=no-cache, no-store, max-age=0, must-revalidate, pragma=no-cache}
   Actual:   {mode=block, expires=0, transfer-encoding=chunked, x-content-type-options=nosniff, x-xss-protection=1, content-type=application/hal+json, cache-control=no-cache, no-store, max-age=0, must-revalidate, pragma=no-cache}"
91e1ad07-f9fc-4790-aa8f-0075323a4ff9,43e94e29-3be3-441d-8cf6-b8e775438f20,false,"[Regression] Header size mismatch for matchId=91e1ad07-f9fc-4790-aa8f-0075323a4ff9
   Expected: {expires=0, transfer-encoding=chunked, x-content-type-options=nosniff, x-xss-protection=1; mode=block, content-type=application/hal+json, cache-control=no-cache, no-store, max-age=0, must-revalidate, pragma=no-cache}
   Actual:   {mode=block, expires=0, transfer-encoding=chunked, x-content-type-options=nosniff, x-xss-protection=1, content-type=application/hal+json, cache-control=no-cache, no-store, max-age=0, must-revalidate, pragma=no-cache}"
91e1ad07-f9fc-4790-aa8f-0075323a4ff9,853ab0df-287a-4e82-b7fd-043d7dbc894d,false,"[Regression] Header size mismatch for matchId=91e1ad07-f9fc-4790-aa8f-0075323a4ff9
   Expected: {expires=0, transfer-encoding=chunked, x-content-type-options=nosniff, x-xss-protection=1; mode=block, content-type=application/hal+json, cache-control=no-cache, no-store, max-age=0, must-revalidate, pragma=no-cache}
   Actual:   {mode=block, expires=0, transfer-encoding=chunked, x-content-type-options=nosniff, x-xss-protection=1, content-type=application/hal+json, cache-control=no-cache, no-store, max-age=0, must-revalidate, pragma=no-cache}"
91e1ad07-f9fc-4790-aa8f-0075323a4ff9,6f18a725-ac69-4d8e-9a12-f77157cd7569,false,"[Regression] Header size mismatch for matchId=91e1ad07-f9fc-4790-aa8f-0075323a4ff9
   Expected: {expires=0, transfer-encoding=chunked, x-content-type-options=nosniff, x-xss-protection=1; mode=block, content-type=application/hal+json, cache-control=no-cache, no-store, max-age=0, must-revalidate, pragma=no-cache}
   Actual:   {mode=block, expires=0, transfer-encoding=chunked, x-content-type-options=nosniff, x-xss-protection=1, content-type=application/hal+json, cache-control=no-cache, no-store, max-age=0, must-revalidate, pragma=no-cache}"
91e1ad07-f9fc-4790-aa8f-0075323a4ff9,828793d5-ff3e-4b21-a67e-c661bca60e83,false,"[Regression] Header size mismatch for matchId=91e1ad07-f9fc-4790-aa8f-0075323a4ff9
   Expected: {expires=0, transfer-encoding=chunked, x-content-type-options=nosniff, x-xss-protection=1; mode=block, content-type=application/hal+json, cache-control=no-cache, no-store, max-age=0, must-revalidate, pragma=no-cache}
   Actual:   {mode=block, expires=0, transfer-encoding=chunked, x-content-type-options=nosniff, x-xss-protection=1, content-type=application/hal+json, cache-control=no-cache, no-store, max-age=0, must-revalidate, pragma=no-cache}"
91e1ad07-f9fc-4790-aa8f-0075323a4ff9,f02f7634-4b0b-4ee6-b602-0af0cf91d034,false,"[Regression] Header size mismatch for matchId=91e1ad07-f9fc-4790-aa8f-0075323a4ff9
   Expected: {expires=0, transfer-encoding=chunked, x-content-type-options=nosniff, x-xss-protection=1; mode=block, content-type=application/hal+json, cache-control=no-cache, no-store, max-age=0, must-revalidate, pragma=no-cache}
   Actual:   {mode=block, expires=0, transfer-encoding=chunked, x-content-type-options=nosniff, x-xss-protection=1, content-type=application/hal+json, cache-control=no-cache, no-store, max-age=0, must-revalidate, pragma=no-cache}"
91e1ad07-f9fc-4790-aa8f-0075323a4ff9,e3e61a2a-e43e-4515-acea-5cc7a270add7,false,"[Regression] Header size mismatch for matchId=91e1ad07-f9fc-4790-aa8f-0075323a4ff9
   Expected: {expires=0, transfer-encoding=chunked, x-content-type-options=nosniff, x-xss-protection=1; mode=block, content-type=application/hal+json, cache-control=no-cache, no-store, max-age=0, must-revalidate, pragma=no-cache}
   Actual:   {mode=block, expires=0, transfer-encoding=chunked, x-content-type-options=nosniff, x-xss-protection=1, content-type=application/hal+json, cache-control=no-cache, no-store, max-age=0, must-revalidate, pragma=no-cache}"
91e1ad07-f9fc-4790-aa8f-0075323a4ff9,899bd47f-622f-4a98-bd47-f337b12f1dea,false,"[Regression] Header size mismatch for matchId=91e1ad07-f9fc-4790-aa8f-0075323a4ff9
   Expected: {expires=0, transfer-encoding=chunked, x-content-type-options=nosniff, x-xss-protection=1; mode=block, content-type=application/hal+json, cache-control=no-cache, no-store, max-age=0, must-revalidate, pragma=no-cache}
   Actual:   {mode=block, expires=0, transfer-encoding=chunked, x-content-type-options=nosniff, x-xss-protection=1, content-type=application/hal+json, cache-control=no-cache, no-store, max-age=0, must-revalidate, pragma=no-cache}"
91e1ad07-f9fc-4790-aa8f-0075323a4ff9,41901653-4e15-44fb-a06d-6462dd10bf91,false,"[Regression] Header size mismatch for matchId=91e1ad07-f9fc-4790-aa8f-0075323a4ff9
   Expected: {expires=0, transfer-encoding=chunked, x-content-type-options=nosniff, x-xss-protection=1; mode=block, content-type=application/hal+json, cache-control=no-cache, no-store, max-age=0, must-revalidate, pragma=no-cache}
   Actual:   {mode=block, expires=0, transfer-encoding=chunked, x-content-type-options=nosniff, x-xss-protection=1, content-type=application/hal+json, cache-control=no-cache, no-store, max-age=0, must-revalidate, pragma=no-cache}"
91e1ad07-f9fc-4790-aa8f-0075323a4ff9,3067d1ff-f738-4d9d-9cf6-498d78dee2b2,false,"[Regression] Header size mismatch for matchId=91e1ad07-f9fc-4790-aa8f-0075323a4ff9
   Expected: {expires=0, transfer-encoding=chunked, x-content-type-options=nosniff, x-xss-protection=1; mode=block, content-type=application/hal+json, cache-control=no-cache, no-store, max-age=0, must-revalidate, pragma=no-cache}
   Actual:   {mode=block, expires=0, transfer-encoding=chunked, x-content-type-options=nosniff, x-xss-protection=1, content-type=application/hal+json, cache-control=no-cache, no-store, max-age=0, must-revalidate, pragma=no-cache}"
91e1ad07-f9fc-4790-aa8f-0075323a4ff9,efd0f39a-b2f1-4f83-bc6d-1b6d606505c0,false,"[Regression] Header size mismatch for matchId=91e1ad07-f9fc-4790-aa8f-0075323a4ff9
   Expected: {expires=0, transfer-encoding=chunked, x-content-type-options=nosniff, x-xss-protection=1; mode=block, content-type=application/hal+json, cache-control=no-cache, no-store, max-age=0, must-revalidate, pragma=no-cache}
   Actual:   {mode=block, expires=0, transfer-encoding=chunked, x-content-type-options=nosniff, x-xss-protection=1, content-type=application/hal+json, cache-control=no-cache, no-store, max-age=0, must-revalidate, pragma=no-cache}"
91e1ad07-f9fc-4790-aa8f-0075323a4ff9,cebf07f3-bcc0-4323-bc3a-04172542232c,false,"[Regression] Header size mismatch for matchId=91e1ad07-f9fc-4790-aa8f-0075323a4ff9
   Expected: {expires=0, transfer-encoding=chunked, x-content-type-options=nosniff, x-xss-protection=1; mode=block, content-type=application/hal+json, cache-control=no-cache, no-store, max-age=0, must-revalidate, pragma=no-cache}
   Actual:   {mode=block, expires=0, transfer-encoding=chunked, x-content-type-options=nosniff, x-xss-protection=1, content-type=application/hal+json, cache-control=no-cache, no-store, max-age=0, must-revalidate, pragma=no-cache}"
91e1ad07-f9fc-4790-aa8f-0075323a4ff9,252beb96-9919-4ac3-a1a3-ea39e555b1a3,false,"[Regression] Header size mismatch for matchId=91e1ad07-f9fc-4790-aa8f-0075323a4ff9
   Expected: {expires=0, transfer-encoding=chunked, x-content-type-options=nosniff, x-xss-protection=1; mode=block, content-type=application/hal+json, cache-control=no-cache, no-store, max-age=0, must-revalidate, pragma=no-cache}
   Actual:   {mode=block, expires=0, transfer-encoding=chunked, x-content-type-options=nosniff, x-xss-protection=1, content-type=application/hal+json, cache-control=no-cache, no-store, max-age=0, must-revalidate, pragma=no-cache}"
91e1ad07-f9fc-4790-aa8f-0075323a4ff9,ad5f8718-e010-4c54-85c8-f0fee115f323,false,"[Regression] Header size mismatch for matchId=91e1ad07-f9fc-4790-aa8f-0075323a4ff9
   Expected: {expires=0, transfer-encoding=chunked, x-content-type-options=nosniff, x-xss-protection=1; mode=block, content-type=application/hal+json, cache-control=no-cache, no-store, max-age=0, must-revalidate, pragma=no-cache}
   Actual:   {mode=block, expires=0, transfer-encoding=chunked, x-content-type-options=nosniff, x-xss-protection=1, content-type=application/hal+json, cache-control=no-cache, no-store, max-age=0, must-revalidate, pragma=no-cache}"
91e1ad07-f9fc-4790-aa8f-0075323a4ff9,5199d09d-e8db-4209-97bb-902eadf7455d,false,"[Regression] Header size mismatch for matchId=91e1ad07-f9fc-4790-aa8f-0075323a4ff9
   Expected: {expires=0, transfer-encoding=chunked, x-content-type-options=nosniff, x-xss-protection=1; mode=block, content-type=application/hal+json, cache-control=no-cache, no-store, max-age=0, must-revalidate, pragma=no-cache}
   Actual:   {mode=block, expires=0, transfer-encoding=chunked, x-content-type-options=nosniff, x-xss-protection=1, content-type=application/hal+json, cache-control=no-cache, no-store, max-age=0, must-revalidate, pragma=no-cache}"
91e1ad07-f9fc-4790-aa8f-0075323a4ff9,729d058e-1605-4c49-9965-8b82ee762ea1,false,"[Regression] Header size mismatch for matchId=91e1ad07-f9fc-4790-aa8f-0075323a4ff9
   Expected: {expires=0, transfer-encoding=chunked, x-content-type-options=nosniff, x-xss-protection=1; mode=block, content-type=application/hal+json, cache-control=no-cache, no-store, max-age=0, must-revalidate, pragma=no-cache}
   Actual:   {mode=block, expires=0, transfer-encoding=chunked, x-content-type-options=nosniff, x-xss-protection=1, content-type=application/hal+json, cache-control=no-cache, no-store, max-age=0, must-revalidate, pragma=no-cache}"
91e1ad07-f9fc-4790-aa8f-0075323a4ff9,60338014-35aa-4f26-9578-1219e3307b70,false,"[Regression] Header size mismatch for matchId=91e1ad07-f9fc-4790-aa8f-0075323a4ff9
   Expected: {expires=0, transfer-encoding=chunked, x-content-type-options=nosniff, x-xss-protection=1; mode=block, content-type=application/hal+json, cache-control=no-cache, no-store, max-age=0, must-revalidate, pragma=no-cache}
   Actual:   {mode=block, expires=0, transfer-encoding=chunked, x-content-type-options=nosniff, x-xss-protection=1, content-type=application/hal+json, cache-control=no-cache, no-store, max-age=0, must-revalidate, pragma=no-cache}"
91e1ad07-f9fc-4790-aa8f-0075323a4ff9,aa47a559-908c-4f8b-ae36-799ba80b1f37,false,"[Regression] Header size mismatch for matchId=91e1ad07-f9fc-4790-aa8f-0075323a4ff9
   Expected: {expires=0, transfer-encoding=chunked, x-content-type-options=nosniff, x-xss-protection=1; mode=block, content-type=application/hal+json, cache-control=no-cache, no-store, max-age=0, must-revalidate, pragma=no-cache}
   Actual:   {mode=block, expires=0, transfer-encoding=chunked, x-content-type-options=nosniff, x-xss-protection=1, content-type=application/hal+json, cache-control=no-cache, no-store, max-age=0, must-revalidate, pragma=no-cache}"
91e1ad07-f9fc-4790-aa8f-0075323a4ff9,7104233a-6257-4fdb-8912-0b080b7eec6b,false,"[Regression] Header size mismatch for matchId=91e1ad07-f9fc-4790-aa8f-0075323a4ff9
   Expected: {expires=0, transfer-encoding=chunked, x-content-type-options=nosniff, x-xss-protection=1; mode=block, content-type=application/hal+json, cache-control=no-cache, no-store, max-age=0, must-revalidate, pragma=no-cache}
   Actual:   {mode=block, expires=0, transfer-encoding=chunked, x-content-type-options=nosniff, x-xss-protection=1, content-type=application/hal+json, cache-control=no-cache, no-store, max-age=0, must-revalidate, pragma=no-cache}"
91e1ad07-f9fc-4790-aa8f-0075323a4ff9,5ed378b0-5ada-4e17-adb9-fdf6a9e70392,false,"[Regression] Header size mismatch for matchId=91e1ad07-f9fc-4790-aa8f-0075323a4ff9
   Expected: {expires=0, transfer-encoding=chunked, x-content-type-options=nosniff, x-xss-protection=1; mode=block, content-type=application/hal+json, cache-control=no-cache, no-store, max-age=0, must-revalidate, pragma=no-cache}
   Actual:   {mode=block, expires=0, transfer-encoding=chunked, x-content-type-options=nosniff, x-xss-protection=1, content-type=application/hal+json, cache-control=no-cache, no-store, max-age=0, must-revalidate, pragma=no-cache}"
91e1ad07-f9fc-4790-aa8f-0075323a4ff9,db5228d0-f36c-44bf-b554-390dddf131b2,false,"[Regression] Header size mismatch for matchId=91e1ad07-f9fc-4790-aa8f-0075323a4ff9
   Expected: {expires=0, transfer-encoding=chunked, x-content-type-options=nosniff, x-xss-protection=1; mode=block, content-type=application/hal+json, cache-control=no-cache, no-store, max-age=0, must-revalidate, pragma=no-cache}
   Actual:   {mode=block, expires=0, transfer-encoding=chunked, x-content-type-options=nosniff, x-xss-protection=1, content-type=application/hal+json, cache-control=no-cache, no-store, max-age=0, must-revalidate, pragma=no-cache}"
91e1ad07-f9fc-4790-aa8f-0075323a4ff9,c4c65da1-c27c-4dc9-b186-0d136b61bfa6,false,"[Regression] Header size mismatch for matchId=91e1ad07-f9fc-4790-aa8f-0075323a4ff9
   Expected: {expires=0, transfer-encoding=chunked, x-content-type-options=nosniff, x-xss-protection=1; mode=block, content-type=application/hal+json, cache-control=no-cache, no-store, max-age=0, must-revalidate, pragma=no-cache}
   Actual:   {mode=block, expires=0, transfer-encoding=chunked, x-content-type-options=nosniff, x-xss-protection=1, content-type=application/hal+json, cache-control=no-cache, no-store, max-age=0, must-revalidate, pragma=no-cache}"
91e1ad07-f9fc-4790-aa8f-0075323a4ff9,d397a706-3c9f-49e1-959a-0a03c096a2db,false,"[Regression] Header size mismatch for matchId=91e1ad07-f9fc-4790-aa8f-0075323a4ff9
   Expected: {expires=0, transfer-encoding=chunked, x-content-type-options=nosniff, x-xss-protection=1; mode=block, content-type=application/hal+json, cache-control=no-cache, no-store, max-age=0, must-revalidate, pragma=no-cache}
   Actual:   {mode=block, expires=0, transfer-encoding=chunked, x-content-type-options=nosniff, x-xss-protection=1, content-type=application/hal+json, cache-control=no-cache, no-store, max-age=0, must-revalidate, pragma=no-cache}"
91e1ad07-f9fc-4790-aa8f-0075323a4ff9,63dca02a-366f-4f03-b8c1-acec4762a604,false,"[Regression] Header size mismatch for matchId=91e1ad07-f9fc-4790-aa8f-0075323a4ff9
   Expected: {expires=0, transfer-encoding=chunked, x-content-type-options=nosniff, x-xss-protection=1; mode=block, content-type=application/hal+json, cache-control=no-cache, no-store, max-age=0, must-revalidate, pragma=no-cache}
   Actual:   {mode=block, expires=0, transfer-encoding=chunked, x-content-type-options=nosniff, x-xss-protection=1, content-type=application/hal+json, cache-control=no-cache, no-store, max-age=0, must-revalidate, pragma=no-cache}"
91e1ad07-f9fc-4790-aa8f-0075323a4ff9,16fb5730-f437-46dc-b7b4-4d523e788596,false,"[Regression] Header size mismatch for matchId=91e1ad07-f9fc-4790-aa8f-0075323a4ff9
   Expected: {expires=0, transfer-encoding=chunked, x-content-type-options=nosniff, x-xss-protection=1; mode=block, content-type=application/hal+json, cache-control=no-cache, no-store, max-age=0, must-revalidate, pragma=no-cache}
   Actual:   {mode=block, expires=0, transfer-encoding=chunked, x-content-type-options=nosniff, x-xss-protection=1, content-type=application/hal+json, cache-control=no-cache, no-store, max-age=0, must-revalidate, pragma=no-cache}"
91e1ad07-f9fc-4790-aa8f-0075323a4ff9,548f3f32-275c-4106-ad78-293dd1b49425,false,"[Regression] Header size mismatch for matchId=91e1ad07-f9fc-4790-aa8f-0075323a4ff9
   Expected: {expires=0, transfer-encoding=chunked, x-content-type-options=nosniff, x-xss-protection=1; mode=block, content-type=application/hal+json, cache-control=no-cache, no-store, max-age=0, must-revalidate, pragma=no-cache}
   Actual:   {mode=block, expires=0, transfer-encoding=chunked, x-content-type-options=nosniff, x-xss-protection=1, content-type=application/hal+json, cache-control=no-cache, no-store, max-age=0, must-revalidate, pragma=no-cache}"
91e1ad07-f9fc-4790-aa8f-0075323a4ff9,62b708e8-ac85-4a09-9e29-4668d07d7b79,false,"[Regression] Header size mismatch for matchId=91e1ad07-f9fc-4790-aa8f-0075323a4ff9
   Expected: {expires=0, transfer-encoding=chunked, x-content-type-options=nosniff, x-xss-protection=1; mode=block, content-type=application/hal+json, cache-control=no-cache, no-store, max-age=0, must-revalidate, pragma=no-cache}
   Actual:   {mode=block, expires=0, transfer-encoding=chunked, x-content-type-options=nosniff, x-xss-protection=1, content-type=application/hal+json, cache-control=no-cache, no-store, max-age=0, must-revalidate, pragma=no-cache}"
91e1ad07-f9fc-4790-aa8f-0075323a4ff9,bcc1578b-d1c1-4415-95f4-a491b9bbdee2,false,"[Regression] Header size mismatch for matchId=91e1ad07-f9fc-4790-aa8f-0075323a4ff9
   Expected: {expires=0, transfer-encoding=chunked, x-content-type-options=nosniff, x-xss-protection=1; mode=block, content-type=application/hal+json, cache-control=no-cache, no-store, max-age=0, must-revalidate, pragma=no-cache}
   Actual:   {mode=block, expires=0, transfer-encoding=chunked, x-content-type-options=nosniff, x-xss-protection=1, content-type=application/hal+json, cache-control=no-cache, no-store, max-age=0, must-revalidate, pragma=no-cache}"
91e1ad07-f9fc-4790-aa8f-0075323a4ff9,27f839ea-7261-44fb-a809-20e1e58d26e5,false,"[Regression] Header size mismatch for matchId=91e1ad07-f9fc-4790-aa8f-0075323a4ff9
   Expected: {expires=0, transfer-encoding=chunked, x-content-type-options=nosniff, x-xss-protection=1; mode=block, content-type=application/hal+json, cache-control=no-cache, no-store, max-age=0, must-revalidate, pragma=no-cache}
   Actual:   {mode=block, expires=0, transfer-encoding=chunked, x-content-type-options=nosniff, x-xss-protection=1, content-type=application/hal+json, cache-control=no-cache, no-store, max-age=0, must-revalidate, pragma=no-cache}"
91e1ad07-f9fc-4790-aa8f-0075323a4ff9,72e71472-9689-4d7b-889b-d8d68dedd44e,false,"[Regression] Header size mismatch for matchId=91e1ad07-f9fc-4790-aa8f-0075323a4ff9
   Expected: {expires=0, transfer-encoding=chunked, x-content-type-options=nosniff, x-xss-protection=1; mode=block, content-type=application/hal+json, cache-control=no-cache, no-store, max-age=0, must-revalidate, pragma=no-cache}
   Actual:   {mode=block, expires=0, transfer-encoding=chunked, x-content-type-options=nosniff, x-xss-protection=1, content-type=application/hal+json, cache-control=no-cache, no-store, max-age=0, must-revalidate, pragma=no-cache}"
91e1ad07-f9fc-4790-aa8f-0075323a4ff9,cc981204-45a9-4f47-8fdc-a557d9fe030d,false,"[Regression] Header size mismatch for matchId=91e1ad07-f9fc-4790-aa8f-0075323a4ff9
   Expected: {expires=0, transfer-encoding=chunked, x-content-type-options=nosniff, x-xss-protection=1; mode=block, content-type=application/hal+json, cache-control=no-cache, no-store, max-age=0, must-revalidate, pragma=no-cache}
   Actual:   {mode=block, expires=0, transfer-encoding=chunked, x-content-type-options=nosniff, x-xss-protection=1, content-type=application/hal+json, cache-control=no-cache, no-store, max-age=0, must-revalidate, pragma=no-cache}"
91e1ad07-f9fc-4790-aa8f-0075323a4ff9,1a6a892d-963f-4647-b614-65211a2e0c78,false,"[Regression] Header size mismatch for matchId=91e1ad07-f9fc-4790-aa8f-0075323a4ff9
   Expected: {expires=0, transfer-encoding=chunked, x-content-type-options=nosniff, x-xss-protection=1; mode=block, content-type=application/hal+json, cache-control=no-cache, no-store, max-age=0, must-revalidate, pragma=no-cache}
   Actual:   {mode=block, expires=0, transfer-encoding=chunked, x-content-type-options=nosniff, x-xss-protection=1, content-type=application/hal+json, cache-control=no-cache, no-store, max-age=0, must-revalidate, pragma=no-cache}"
91e1ad07-f9fc-4790-aa8f-0075323a4ff9,df891ad1-e34a-4e3f-838d-e207f1abfa17,false,"[Regression] Header size mismatch for matchId=91e1ad07-f9fc-4790-aa8f-0075323a4ff9
   Expected: {expires=0, transfer-encoding=chunked, x-content-type-options=nosniff, x-xss-protection=1; mode=block, content-type=application/hal+json, cache-control=no-cache, no-store, max-age=0, must-revalidate, pragma=no-cache}
   Actual:   {mode=block, expires=0, transfer-encoding=chunked, x-content-type-options=nosniff, x-xss-protection=1, content-type=application/hal+json, cache-control=no-cache, no-store, max-age=0, must-revalidate, pragma=no-cache}"
ef8c7efe-c24b-4f6a-b8ea-0657fd46c84c,2ee05b8f-540e-4244-8033-addc1627bc96,false,"[Regression] Status code mismatch for matchId=ef8c7efe-c24b-4f6a-b8ea-0657fd46c84c
   Expected: 201
   Actual:   204"
ef8c7efe-c24b-4f6a-b8ea-0657fd46c84c,a96f05d4-c0d2-4025-ad15-c76f01b64d7a,false,"[Regression] Status code mismatch for matchId=ef8c7efe-c24b-4f6a-b8ea-0657fd46c84c
   Expected: 201
   Actual:   409"
ef8c7efe-c24b-4f6a-b8ea-0657fd46c84c,92ed915d-c2fc-4cb3-a0b7-4538bc94285d,false,"[Regression] Status code mismatch for matchId=ef8c7efe-c24b-4f6a-b8ea-0657fd46c84c
   Expected: 201
   Actual:   504"
ef8c7efe-c24b-4f6a-b8ea-0657fd46c84c,12f6d4a5-e805-41c4-9972-259ff7467d82,false,"[Regression] Header size mismatch for matchId=ef8c7efe-c24b-4f6a-b8ea-0657fd46c84c
   Expected: {expires=0, transfer-encoding=chunked, x-content-type-options=nosniff, x-xss-protection=1; mode=block, content-type=application/hal+json, cache-control=no-cache, no-store, max-age=0, must-revalidate, pragma=no-cache}
   Actual:   {mode=block, expires=0, transfer-encoding=chunked, x-content-type-options=nosniff, x-xss-protection=1, content-type=text/css, cache-control=no-cache, no-store, max-age=0, must-revalidate, pragma=no-cache}"
ef8c7efe-c24b-4f6a-b8ea-0657fd46c84c,88e11dde-174b-4ee1-90b4-42951f0e3113,false,"[Regression] Header value (x-xss-protection) mismatch for matchId=ef8c7efe-c24b-4f6a-b8ea-0657fd46c84c
   Expected: 1; mode=block
   Actual:   1"
ef8c7efe-c24b-4f6a-b8ea-0657fd46c84c,b5681ddc-e655-4a45-8aae-d784d2755b80,false,"[Regression] Header size mismatch for matchId=ef8c7efe-c24b-4f6a-b8ea-0657fd46c84c
   Expected: {expires=0, transfer-encoding=chunked, x-content-type-options=nosniff, x-xss-protection=1; mode=block, content-type=application/hal+json, cache-control=no-cache, no-store, max-age=0, must-revalidate, pragma=no-cache}
   Actual:   {mode=block, expires=0, transfer-encoding=chunked, x-content-type-options=nosniff, x-xss-protection=1, content-type=application/hal+json; charset=utf-32, cache-control=no-cache, no-store, max-age=0, must-revalidate, pragma=no-cache}"
ef8c7efe-c24b-4f6a-b8ea-0657fd46c84c,299c503d-05a2-489b-8cba-8a5f396ac134,false,"[Regression] Header size mismatch for matchId=ef8c7efe-c24b-4f6a-b8ea-0657fd46c84c
   Expected: {expires=0, transfer-encoding=chunked, x-content-type-options=nosniff, x-xss-protection=1; mode=block, content-type=application/hal+json, cache-control=no-cache, no-store, max-age=0, must-revalidate, pragma=no-cache}
   Actual:   {mode=block, expires=0, transfer-encoding=chunked, x-content-type-options=nosniff, x-xss-protection=1, content-type=application/hal+json, cache-control=no-cache, no-store, max-age=0, must-revalidate, pragma=no-cache}"
ef8c7efe-c24b-4f6a-b8ea-0657fd46c84c,db9082bd-95a1-4665-9930-3f49e0112c16,false,"[Regression] Header size mismatch for matchId=ef8c7efe-c24b-4f6a-b8ea-0657fd46c84c
   Expected: {expires=0, transfer-encoding=chunked, x-content-type-options=nosniff, x-xss-protection=1; mode=block, content-type=application/hal+json, cache-control=no-cache, no-store, max-age=0, must-revalidate, pragma=no-cache}
   Actual:   {mode=block, expires=0, transfer-encoding=chunked, x-content-type-options=nosniff, x-xss-protection=1, content-type=application/hal+json, cache-control=no-cache, no-store, max-age=0, must-revalidate, pragma=no-cache}"
ef8c7efe-c24b-4f6a-b8ea-0657fd46c84c,39c23022-5dd9-41fc-9108-5b589e16bea1,false,"[Regression] Header size mismatch for matchId=ef8c7efe-c24b-4f6a-b8ea-0657fd46c84c
   Expected: {expires=0, transfer-encoding=chunked, x-content-type-options=nosniff, x-xss-protection=1; mode=block, content-type=application/hal+json, cache-control=no-cache, no-store, max-age=0, must-revalidate, pragma=no-cache}
   Actual:   {mode=block, expires=0, transfer-encoding=chunked, x-content-type-options=nosniff, x-xss-protection=1, content-type=application/hal+json, cache-control=no-cache, no-store, max-age=0, must-revalidate, pragma=no-cache}"
ef8c7efe-c24b-4f6a-b8ea-0657fd46c84c,bc9218fe-cad6-4903-9702-06fe2903d33a,false,"[Regression] Header size mismatch for matchId=ef8c7efe-c24b-4f6a-b8ea-0657fd46c84c
   Expected: {expires=0, transfer-encoding=chunked, x-content-type-options=nosniff, x-xss-protection=1; mode=block, content-type=application/hal+json, cache-control=no-cache, no-store, max-age=0, must-revalidate, pragma=no-cache}
   Actual:   {mode=block, expires=0, transfer-encoding=chunked, x-content-type-options=nosniff, x-xss-protection=1, content-type=application/hal+json, cache-control=no-cache, no-store, max-age=0, must-revalidate, pragma=no-cache}"
ef8c7efe-c24b-4f6a-b8ea-0657fd46c84c,fce1a4b1-3961-499b-8864-274a8dbde9e2,false,"[Regression] Header size mismatch for matchId=ef8c7efe-c24b-4f6a-b8ea-0657fd46c84c
   Expected: {expires=0, transfer-encoding=chunked, x-content-type-options=nosniff, x-xss-protection=1; mode=block, content-type=application/hal+json, cache-control=no-cache, no-store, max-age=0, must-revalidate, pragma=no-cache}
   Actual:   {mode=block, expires=0, transfer-encoding=chunked, x-content-type-options=nosniff, x-xss-protection=1, content-type=application/hal+json, cache-control=no-cache, no-store, max-age=0, must-revalidate, pragma=no-cache}"
ef8c7efe-c24b-4f6a-b8ea-0657fd46c84c,165b3062-28fe-438e-b37c-7a606552ad2f,false,"[Regression] Header size mismatch for matchId=ef8c7efe-c24b-4f6a-b8ea-0657fd46c84c
   Expected: {expires=0, transfer-encoding=chunked, x-content-type-options=nosniff, x-xss-protection=1; mode=block, content-type=application/hal+json, cache-control=no-cache, no-store, max-age=0, must-revalidate, pragma=no-cache}
   Actual:   {mode=block, expires=0, transfer-encoding=chunked, x-content-type-options=nosniff, x-xss-protection=1, content-type=application/hal+json, cache-control=no-cache, no-store, max-age=0, must-revalidate, pragma=no-cache}"
ef8c7efe-c24b-4f6a-b8ea-0657fd46c84c,9eafa879-d042-45c5-b74f-83983ce14461,false,"[Regression] Header size mismatch for matchId=ef8c7efe-c24b-4f6a-b8ea-0657fd46c84c
   Expected: {expires=0, transfer-encoding=chunked, x-content-type-options=nosniff, x-xss-protection=1; mode=block, content-type=application/hal+json, cache-control=no-cache, no-store, max-age=0, must-revalidate, pragma=no-cache}
   Actual:   {mode=block, expires=0, transfer-encoding=chunked, x-content-type-options=nosniff, x-xss-protection=1, content-type=application/hal+json, cache-control=no-cache, no-store, max-age=0, must-revalidate, pragma=no-cache}"
ef8c7efe-c24b-4f6a-b8ea-0657fd46c84c,afa6a262-4a83-46e7-bf59-4fdaf6023bb1,false,"[Regression] Header size mismatch for matchId=ef8c7efe-c24b-4f6a-b8ea-0657fd46c84c
   Expected: {expires=0, transfer-encoding=chunked, x-content-type-options=nosniff, x-xss-protection=1; mode=block, content-type=application/hal+json, cache-control=no-cache, no-store, max-age=0, must-revalidate, pragma=no-cache}
   Actual:   {mode=block, expires=0, transfer-encoding=chunked, x-content-type-options=nosniff, x-xss-protection=1, content-type=application/hal+json, cache-control=no-cache, no-store, max-age=0, must-revalidate, pragma=no-cache}"
ef8c7efe-c24b-4f6a-b8ea-0657fd46c84c,b0372ee7-a3c3-4b4a-8fa0-47dba4842d4c,false,"[Regression] Header size mismatch for matchId=ef8c7efe-c24b-4f6a-b8ea-0657fd46c84c
   Expected: {expires=0, transfer-encoding=chunked, x-content-type-options=nosniff, x-xss-protection=1; mode=block, content-type=application/hal+json, cache-control=no-cache, no-store, max-age=0, must-revalidate, pragma=no-cache}
   Actual:   {mode=block, expires=0, transfer-encoding=chunked, x-content-type-options=nosniff, x-xss-protection=1, content-type=application/hal+json, cache-control=no-cache, no-store, max-age=0, must-revalidate, pragma=no-cache}"
ef8c7efe-c24b-4f6a-b8ea-0657fd46c84c,0233b949-2420-431b-8ce4-c99715cb894e,false,"[Regression] Header size mismatch for matchId=ef8c7efe-c24b-4f6a-b8ea-0657fd46c84c
   Expected: {expires=0, transfer-encoding=chunked, x-content-type-options=nosniff, x-xss-protection=1; mode=block, content-type=application/hal+json, cache-control=no-cache, no-store, max-age=0, must-revalidate, pragma=no-cache}
   Actual:   {mode=block, expires=0, transfer-encoding=chunked, x-content-type-options=nosniff, x-xss-protection=1, content-type=application/hal+json, cache-control=no-cache, no-store, max-age=0, must-revalidate, pragma=no-cache}"
ef8c7efe-c24b-4f6a-b8ea-0657fd46c84c,c81da20b-51ff-4ef5-aaae-7e189d8fc136,false,"[Regression] Header size mismatch for matchId=ef8c7efe-c24b-4f6a-b8ea-0657fd46c84c
   Expected: {expires=0, transfer-encoding=chunked, x-content-type-options=nosniff, x-xss-protection=1; mode=block, content-type=application/hal+json, cache-control=no-cache, no-store, max-age=0, must-revalidate, pragma=no-cache}
   Actual:   {mode=block, expires=0, transfer-encoding=chunked, x-content-type-options=nosniff, x-xss-protection=1, content-type=application/hal+json, cache-control=no-cache, no-store, max-age=0, must-revalidate, pragma=no-cache}"
ef8c7efe-c24b-4f6a-b8ea-0657fd46c84c,21c5f35f-0ae6-4584-bd23-d1a17546eb49,false,"[Regression] Header size mismatch for matchId=ef8c7efe-c24b-4f6a-b8ea-0657fd46c84c
   Expected: {expires=0, transfer-encoding=chunked, x-content-type-options=nosniff, x-xss-protection=1; mode=block, content-type=application/hal+json, cache-control=no-cache, no-store, max-age=0, must-revalidate, pragma=no-cache}
   Actual:   {mode=block, expires=0, transfer-encoding=chunked, x-content-type-options=nosniff, x-xss-protection=1, content-type=application/hal+json, cache-control=no-cache, no-store, max-age=0, must-revalidate, pragma=no-cache}"
ef8c7efe-c24b-4f6a-b8ea-0657fd46c84c,6c401c92-d9ed-4df4-8cb2-ad0741ab0d01,false,"[Regression] Header size mismatch for matchId=ef8c7efe-c24b-4f6a-b8ea-0657fd46c84c
   Expected: {expires=0, transfer-encoding=chunked, x-content-type-options=nosniff, x-xss-protection=1; mode=block, content-type=application/hal+json, cache-control=no-cache, no-store, max-age=0, must-revalidate, pragma=no-cache}
   Actual:   {mode=block, expires=0, transfer-encoding=chunked, x-content-type-options=nosniff, x-xss-protection=1, content-type=application/hal+json, cache-control=no-cache, no-store, max-age=0, must-revalidate, pragma=no-cache}"
ef8c7efe-c24b-4f6a-b8ea-0657fd46c84c,0832007b-c11c-4ffe-803b-0fddb2be815a,false,"[Regression] Header size mismatch for matchId=ef8c7efe-c24b-4f6a-b8ea-0657fd46c84c
   Expected: {expires=0, transfer-encoding=chunked, x-content-type-options=nosniff, x-xss-protection=1; mode=block, content-type=application/hal+json, cache-control=no-cache, no-store, max-age=0, must-revalidate, pragma=no-cache}
   Actual:   {mode=block, expires=0, transfer-encoding=chunked, x-content-type-options=nosniff, x-xss-protection=1, content-type=application/hal+json, cache-control=no-cache, no-store, max-age=0, must-revalidate, pragma=no-cache}"
ef8c7efe-c24b-4f6a-b8ea-0657fd46c84c,b94af2f0-9e44-47c1-98e7-ffec7f60c30c,false,"[Regression] Header size mismatch for matchId=ef8c7efe-c24b-4f6a-b8ea-0657fd46c84c
   Expected: {expires=0, transfer-encoding=chunked, x-content-type-options=nosniff, x-xss-protection=1; mode=block, content-type=application/hal+json, cache-control=no-cache, no-store, max-age=0, must-revalidate, pragma=no-cache}
   Actual:   {mode=block, expires=0, transfer-encoding=chunked, x-content-type-options=nosniff, x-xss-protection=1, content-type=application/hal+json, cache-control=no-cache, no-store, max-age=0, must-revalidate, pragma=no-cache}"
ef8c7efe-c24b-4f6a-b8ea-0657fd46c84c,68c3ce5d-0430-497b-9d80-667ad056faae,false,"[Regression] Header size mismatch for matchId=ef8c7efe-c24b-4f6a-b8ea-0657fd46c84c
   Expected: {expires=0, transfer-encoding=chunked, x-content-type-options=nosniff, x-xss-protection=1; mode=block, content-type=application/hal+json, cache-control=no-cache, no-store, max-age=0, must-revalidate, pragma=no-cache}
   Actual:   {mode=block, expires=0, transfer-encoding=chunked, x-content-type-options=nosniff, x-xss-protection=1, content-type=application/hal+json, cache-control=no-cache, no-store, max-age=0, must-revalidate, pragma=no-cache}"
ef8c7efe-c24b-4f6a-b8ea-0657fd46c84c,0577817b-9fda-4668-8020-e5ab932b02e2,false,"[Regression] Header size mismatch for matchId=ef8c7efe-c24b-4f6a-b8ea-0657fd46c84c
   Expected: {expires=0, transfer-encoding=chunked, x-content-type-options=nosniff, x-xss-protection=1; mode=block, content-type=application/hal+json, cache-control=no-cache, no-store, max-age=0, must-revalidate, pragma=no-cache}
   Actual:   {mode=block, expires=0, transfer-encoding=chunked, x-content-type-options=nosniff, x-xss-protection=1, content-type=application/hal+json, cache-control=no-cache, no-store, max-age=0, must-revalidate, pragma=no-cache}"
ef8c7efe-c24b-4f6a-b8ea-0657fd46c84c,a823acbb-e85f-45a0-98d5-904728baed80,false,"[Regression] Header size mismatch for matchId=ef8c7efe-c24b-4f6a-b8ea-0657fd46c84c
   Expected: {expires=0, transfer-encoding=chunked, x-content-type-options=nosniff, x-xss-protection=1; mode=block, content-type=application/hal+json, cache-control=no-cache, no-store, max-age=0, must-revalidate, pragma=no-cache}
   Actual:   {mode=block, expires=0, transfer-encoding=chunked, x-content-type-options=nosniff, x-xss-protection=1, content-type=application/hal+json, cache-control=no-cache, no-store, max-age=0, must-revalidate, pragma=no-cache}"
ef8c7efe-c24b-4f6a-b8ea-0657fd46c84c,61b08fdc-526c-4a25-a1f6-4763d965a754,false,"[Regression] Header size mismatch for matchId=ef8c7efe-c24b-4f6a-b8ea-0657fd46c84c
   Expected: {expires=0, transfer-encoding=chunked, x-content-type-options=nosniff, x-xss-protection=1; mode=block, content-type=application/hal+json, cache-control=no-cache, no-store, max-age=0, must-revalidate, pragma=no-cache}
   Actual:   {mode=block, expires=0, transfer-encoding=chunked, x-content-type-options=nosniff, x-xss-protection=1, content-type=application/hal+json, cache-control=no-cache, no-store, max-age=0, must-revalidate, pragma=no-cache}"
ef8c7efe-c24b-4f6a-b8ea-0657fd46c84c,21293636-612d-44e9-826e-603e076bd453,false,"[Regression] Header size mismatch for matchId=ef8c7efe-c24b-4f6a-b8ea-0657fd46c84c
   Expected: {expires=0, transfer-encoding=chunked, x-content-type-options=nosniff, x-xss-protection=1; mode=block, content-type=application/hal+json, cache-control=no-cache, no-store, max-age=0, must-revalidate, pragma=no-cache}
   Actual:   {mode=block, expires=0, transfer-encoding=chunked, x-content-type-options=nosniff, x-xss-protection=1, content-type=application/hal+json, cache-control=no-cache, no-store, max-age=0, must-revalidate, pragma=no-cache}"
ef8c7efe-c24b-4f6a-b8ea-0657fd46c84c,6e0c58a8-28ae-41eb-a9f4-c7045f9e303e,false,"[Regression] Header size mismatch for matchId=ef8c7efe-c24b-4f6a-b8ea-0657fd46c84c
   Expected: {expires=0, transfer-encoding=chunked, x-content-type-options=nosniff, x-xss-protection=1; mode=block, content-type=application/hal+json, cache-control=no-cache, no-store, max-age=0, must-revalidate, pragma=no-cache}
   Actual:   {mode=block, expires=0, transfer-encoding=chunked, x-content-type-options=nosniff, x-xss-protection=1, content-type=application/hal+json, cache-control=no-cache, no-store, max-age=0, must-revalidate, pragma=no-cache}"
ef8c7efe-c24b-4f6a-b8ea-0657fd46c84c,792c8be3-1371-4757-94df-b043ccf7de2d,false,"[Regression] Header size mismatch for matchId=ef8c7efe-c24b-4f6a-b8ea-0657fd46c84c
   Expected: {expires=0, transfer-encoding=chunked, x-content-type-options=nosniff, x-xss-protection=1; mode=block, content-type=application/hal+json, cache-control=no-cache, no-store, max-age=0, must-revalidate, pragma=no-cache}
   Actual:   {mode=block, expires=0, transfer-encoding=chunked, x-content-type-options=nosniff, x-xss-protection=1, content-type=application/hal+json, cache-control=no-cache, no-store, max-age=0, must-revalidate, pragma=no-cache}"
ef8c7efe-c24b-4f6a-b8ea-0657fd46c84c,0677a295-2816-4e25-bfa2-945bb9b5a938,false,"[Regression] Header size mismatch for matchId=ef8c7efe-c24b-4f6a-b8ea-0657fd46c84c
   Expected: {expires=0, transfer-encoding=chunked, x-content-type-options=nosniff, x-xss-protection=1; mode=block, content-type=application/hal+json, cache-control=no-cache, no-store, max-age=0, must-revalidate, pragma=no-cache}
   Actual:   {mode=block, expires=0, transfer-encoding=chunked, x-content-type-options=nosniff, x-xss-protection=1, content-type=application/hal+json, cache-control=no-cache, no-store, max-age=0, must-revalidate, pragma=no-cache}"
ef8c7efe-c24b-4f6a-b8ea-0657fd46c84c,64278b5b-37e4-4a12-a278-c9f5ece4eb48,false,"[Regression] Header size mismatch for matchId=ef8c7efe-c24b-4f6a-b8ea-0657fd46c84c
   Expected: {expires=0, transfer-encoding=chunked, x-content-type-options=nosniff, x-xss-protection=1; mode=block, content-type=application/hal+json, cache-control=no-cache, no-store, max-age=0, must-revalidate, pragma=no-cache}
   Actual:   {mode=block, expires=0, transfer-encoding=chunked, x-content-type-options=nosniff, x-xss-protection=1, content-type=application/hal+json, cache-control=no-cache, no-store, max-age=0, must-revalidate, pragma=no-cache}"
ef8c7efe-c24b-4f6a-b8ea-0657fd46c84c,30f7c9b5-527d-43ed-b267-e5e49f3916db,false,"[Regression] Header size mismatch for matchId=ef8c7efe-c24b-4f6a-b8ea-0657fd46c84c
   Expected: {expires=0, transfer-encoding=chunked, x-content-type-options=nosniff, x-xss-protection=1; mode=block, content-type=application/hal+json, cache-control=no-cache, no-store, max-age=0, must-revalidate, pragma=no-cache}
   Actual:   {mode=block, expires=0, transfer-encoding=chunked, x-content-type-options=nosniff, x-xss-protection=1, content-type=application/hal+json, cache-control=no-cache, no-store, max-age=0, must-revalidate, pragma=no-cache}"
ef8c7efe-c24b-4f6a-b8ea-0657fd46c84c,e9a3bce4-7123-4dcd-b029-097b7940f7fa,false,"[Regression] Header size mismatch for matchId=ef8c7efe-c24b-4f6a-b8ea-0657fd46c84c
   Expected: {expires=0, transfer-encoding=chunked, x-content-type-options=nosniff, x-xss-protection=1; mode=block, content-type=application/hal+json, cache-control=no-cache, no-store, max-age=0, must-revalidate, pragma=no-cache}
   Actual:   {mode=block, expires=0, transfer-encoding=chunked, x-content-type-options=nosniff, x-xss-protection=1, content-type=application/hal+json, cache-control=no-cache, no-store, max-age=0, must-revalidate, pragma=no-cache}"
ef8c7efe-c24b-4f6a-b8ea-0657fd46c84c,91e10d75-3797-41e9-810a-2ccda1acd2e9,false,"[Regression] Header size mismatch for matchId=ef8c7efe-c24b-4f6a-b8ea-0657fd46c84c
   Expected: {expires=0, transfer-encoding=chunked, x-content-type-options=nosniff, x-xss-protection=1; mode=block, content-type=application/hal+json, cache-control=no-cache, no-store, max-age=0, must-revalidate, pragma=no-cache}
   Actual:   {mode=block, expires=0, transfer-encoding=chunked, x-content-type-options=nosniff, x-xss-protection=1, content-type=application/hal+json, cache-control=no-cache, no-store, max-age=0, must-revalidate, pragma=no-cache}"
ef8c7efe-c24b-4f6a-b8ea-0657fd46c84c,a59a3f8a-dcfa-4642-8569-5f9c04f68f9a,false,"[Regression] Header size mismatch for matchId=ef8c7efe-c24b-4f6a-b8ea-0657fd46c84c
   Expected: {expires=0, transfer-encoding=chunked, x-content-type-options=nosniff, x-xss-protection=1; mode=block, content-type=application/hal+json, cache-control=no-cache, no-store, max-age=0, must-revalidate, pragma=no-cache}
   Actual:   {mode=block, expires=0, transfer-encoding=chunked, x-content-type-options=nosniff, x-xss-protection=1, content-type=application/hal+json, cache-control=no-cache, no-store, max-age=0, must-revalidate, pragma=no-cache}"
ef8c7efe-c24b-4f6a-b8ea-0657fd46c84c,24bb74df-a79b-4542-bbc5-2f25c524e625,false,"[Regression] Header size mismatch for matchId=ef8c7efe-c24b-4f6a-b8ea-0657fd46c84c
   Expected: {expires=0, transfer-encoding=chunked, x-content-type-options=nosniff, x-xss-protection=1; mode=block, content-type=application/hal+json, cache-control=no-cache, no-store, max-age=0, must-revalidate, pragma=no-cache}
   Actual:   {mode=block, expires=0, transfer-encoding=chunked, x-content-type-options=nosniff, x-xss-protection=1, content-type=application/hal+json, cache-control=no-cache, no-store, max-age=0, must-revalidate, pragma=no-cache}"
ef8c7efe-c24b-4f6a-b8ea-0657fd46c84c,27399b59-fde6-45c4-af94-1c180afe3e58,false,"[Regression] Header size mismatch for matchId=ef8c7efe-c24b-4f6a-b8ea-0657fd46c84c
   Expected: {expires=0, transfer-encoding=chunked, x-content-type-options=nosniff, x-xss-protection=1; mode=block, content-type=application/hal+json, cache-control=no-cache, no-store, max-age=0, must-revalidate, pragma=no-cache}
   Actual:   {mode=block, expires=0, transfer-encoding=chunked, x-content-type-options=nosniff, x-xss-protection=1, content-type=application/hal+json, cache-control=no-cache, no-store, max-age=0, must-revalidate, pragma=no-cache}"
ef8c7efe-c24b-4f6a-b8ea-0657fd46c84c,cf8f634d-30fe-4bf0-bf0d-a777d7b02c79,false,"[Regression] Header size mismatch for matchId=ef8c7efe-c24b-4f6a-b8ea-0657fd46c84c
   Expected: {expires=0, transfer-encoding=chunked, x-content-type-options=nosniff, x-xss-protection=1; mode=block, content-type=application/hal+json, cache-control=no-cache, no-store, max-age=0, must-revalidate, pragma=no-cache}
   Actual:   {mode=block, expires=0, transfer-encoding=chunked, x-content-type-options=nosniff, x-xss-protection=1, content-type=application/hal+json, cache-control=no-cache, no-store, max-age=0, must-revalidate, pragma=no-cache}"
ef8c7efe-c24b-4f6a-b8ea-0657fd46c84c,e1a31f9f-cab0-4f74-89e6-1a1795557f8c,false,"[Regression] Header size mismatch for matchId=ef8c7efe-c24b-4f6a-b8ea-0657fd46c84c
   Expected: {expires=0, transfer-encoding=chunked, x-content-type-options=nosniff, x-xss-protection=1; mode=block, content-type=application/hal+json, cache-control=no-cache, no-store, max-age=0, must-revalidate, pragma=no-cache}
   Actual:   {mode=block, expires=0, transfer-encoding=chunked, x-content-type-options=nosniff, x-xss-protection=1, content-type=application/hal+json, cache-control=no-cache, no-store, max-age=0, must-revalidate, pragma=no-cache}"
ef8c7efe-c24b-4f6a-b8ea-0657fd46c84c,f7ac1f14-b79a-47f4-9ce9-3fd317c3a2e7,false,"[Regression] Header size mismatch for matchId=ef8c7efe-c24b-4f6a-b8ea-0657fd46c84c
   Expected: {expires=0, transfer-encoding=chunked, x-content-type-options=nosniff, x-xss-protection=1; mode=block, content-type=application/hal+json, cache-control=no-cache, no-store, max-age=0, must-revalidate, pragma=no-cache}
   Actual:   {mode=block, expires=0, transfer-encoding=chunked, x-content-type-options=nosniff, x-xss-protection=1, content-type=application/hal+json, cache-control=no-cache, no-store, max-age=0, must-revalidate, pragma=no-cache}"
ef8c7efe-c24b-4f6a-b8ea-0657fd46c84c,dee7657f-bacf-45cb-8f35-0ccfdce0e2d4,false,"[Regression] Header size mismatch for matchId=ef8c7efe-c24b-4f6a-b8ea-0657fd46c84c
   Expected: {expires=0, transfer-encoding=chunked, x-content-type-options=nosniff, x-xss-protection=1; mode=block, content-type=application/hal+json, cache-control=no-cache, no-store, max-age=0, must-revalidate, pragma=no-cache}
   Actual:   {mode=block, expires=0, transfer-encoding=chunked, x-content-type-options=nosniff, x-xss-protection=1, content-type=application/hal+json, cache-control=no-cache, no-store, max-age=0, must-revalidate, pragma=no-cache}"
ef8c7efe-c24b-4f6a-b8ea-0657fd46c84c,254ab3d5-017c-46a8-81fc-8c99bfff6686,false,"[Regression] Header size mismatch for matchId=ef8c7efe-c24b-4f6a-b8ea-0657fd46c84c
   Expected: {expires=0, transfer-encoding=chunked, x-content-type-options=nosniff, x-xss-protection=1; mode=block, content-type=application/hal+json, cache-control=no-cache, no-store, max-age=0, must-revalidate, pragma=no-cache}
   Actual:   {mode=block, expires=0, transfer-encoding=chunked, x-content-type-options=nosniff, x-xss-protection=1, content-type=application/hal+json, cache-control=no-cache, no-store, max-age=0, must-revalidate, pragma=no-cache}"
ef8c7efe-c24b-4f6a-b8ea-0657fd46c84c,db51bb94-94f1-4318-93a8-dac61ebd7a02,false,"[Regression] Header size mismatch for matchId=ef8c7efe-c24b-4f6a-b8ea-0657fd46c84c
   Expected: {expires=0, transfer-encoding=chunked, x-content-type-options=nosniff, x-xss-protection=1; mode=block, content-type=application/hal+json, cache-control=no-cache, no-store, max-age=0, must-revalidate, pragma=no-cache}
   Actual:   {mode=block, expires=0, transfer-encoding=chunked, x-content-type-options=nosniff, x-xss-protection=1, content-type=application/hal+json, cache-control=no-cache, no-store, max-age=0, must-revalidate, pragma=no-cache}"
ef8c7efe-c24b-4f6a-b8ea-0657fd46c84c,3e50c63f-b82f-40db-933b-e57054e80215,false,"[Regression] Header size mismatch for matchId=ef8c7efe-c24b-4f6a-b8ea-0657fd46c84c
   Expected: {expires=0, transfer-encoding=chunked, x-content-type-options=nosniff, x-xss-protection=1; mode=block, content-type=application/hal+json, cache-control=no-cache, no-store, max-age=0, must-revalidate, pragma=no-cache}
   Actual:   {mode=block, expires=0, transfer-encoding=chunked, x-content-type-options=nosniff, x-xss-protection=1, content-type=application/hal+json, cache-control=no-cache, no-store, max-age=0, must-revalidate, pragma=no-cache}"
ef8c7efe-c24b-4f6a-b8ea-0657fd46c84c,dc30028d-ea0a-47b0-b4cf-7a570f994e08,false,"[Regression] Header size mismatch for matchId=ef8c7efe-c24b-4f6a-b8ea-0657fd46c84c
   Expected: {expires=0, transfer-encoding=chunked, x-content-type-options=nosniff, x-xss-protection=1; mode=block, content-type=application/hal+json, cache-control=no-cache, no-store, max-age=0, must-revalidate, pragma=no-cache}
   Actual:   {mode=block, expires=0, transfer-encoding=chunked, x-content-type-options=nosniff, x-xss-protection=1, content-type=application/hal+json, cache-control=no-cache, no-store, max-age=0, must-revalidate, pragma=no-cache}"
ef8c7efe-c24b-4f6a-b8ea-0657fd46c84c,cfef437e-10eb-440a-a68a-c24b193740cc,false,"[Regression] Header size mismatch for matchId=ef8c7efe-c24b-4f6a-b8ea-0657fd46c84c
   Expected: {expires=0, transfer-encoding=chunked, x-content-type-options=nosniff, x-xss-protection=1; mode=block, content-type=application/hal+json, cache-control=no-cache, no-store, max-age=0, must-revalidate, pragma=no-cache}
   Actual:   {mode=block, expires=0, transfer-encoding=chunked, x-content-type-options=nosniff, x-xss-protection=1, content-type=application/hal+json, cache-control=no-cache, no-store, max-age=0, must-revalidate, pragma=no-cache}"
28d57d6a-c274-436e-9f9f-02df7fde1199,fd938260-51a9-475d-86c5-bbaf70c8f334,false,"[Regression] Status code mismatch for matchId=28d57d6a-c274-436e-9f9f-02df7fde1199
   Expected: 201
   Actual:   200"
28d57d6a-c274-436e-9f9f-02df7fde1199,c802e690-5ca6-4ec3-b48f-ce22f7b137b6,false,"[Regression] Status code mismatch for matchId=28d57d6a-c274-436e-9f9f-02df7fde1199
   Expected: 201
   Actual:   401"
28d57d6a-c274-436e-9f9f-02df7fde1199,f74ebfc5-8d0b-44a1-bd3e-f1b5166fe93e,false,"[Regression] Status code mismatch for matchId=28d57d6a-c274-436e-9f9f-02df7fde1199
   Expected: 201
   Actual:   501"
28d57d6a-c274-436e-9f9f-02df7fde1199,29418bd0-7f69-4f66-8078-6b185fe6ec82,false,"[Regression] Header size mismatch for matchId=28d57d6a-c274-436e-9f9f-02df7fde1199
   Expected: {expires=0, transfer-encoding=chunked, x-content-type-options=nosniff, x-xss-protection=1; mode=block, content-type=application/hal+json, cache-control=no-cache, no-store, max-age=0, must-revalidate, pragma=no-cache}
   Actual:   {mode=block, expires=0, transfer-encoding=chunked, x-content-type-options=nosniff, x-xss-protection=1, content-type=text/javascript, cache-control=no-cache, no-store, max-age=0, must-revalidate, pragma=no-cache}"
28d57d6a-c274-436e-9f9f-02df7fde1199,e5639069-570c-4ab8-afcb-958f47cb02a0,false,"[Regression] Header value (x-xss-protection) mismatch for matchId=28d57d6a-c274-436e-9f9f-02df7fde1199
   Expected: 1; mode=block
   Actual:   1"
28d57d6a-c274-436e-9f9f-02df7fde1199,5da76f4a-5c44-4c66-aa9f-43f7c7b577e7,false,"[Regression] Header size mismatch for matchId=28d57d6a-c274-436e-9f9f-02df7fde1199
   Expected: {expires=0, transfer-encoding=chunked, x-content-type-options=nosniff, x-xss-protection=1; mode=block, content-type=application/hal+json, cache-control=no-cache, no-store, max-age=0, must-revalidate, pragma=no-cache}
   Actual:   {mode=block, expires=0, transfer-encoding=chunked, x-content-type-options=nosniff, x-xss-protection=1, content-type=application/hal+json; charset=ISO-8859-15, cache-control=no-cache, no-store, max-age=0, must-revalidate, pragma=no-cache}"
28d57d6a-c274-436e-9f9f-02df7fde1199,14692487-8f2c-4fab-8d6e-e8d4dbcd7924,false,"[Regression] Header size mismatch for matchId=28d57d6a-c274-436e-9f9f-02df7fde1199
   Expected: {expires=0, transfer-encoding=chunked, x-content-type-options=nosniff, x-xss-protection=1; mode=block, content-type=application/hal+json, cache-control=no-cache, no-store, max-age=0, must-revalidate, pragma=no-cache}
   Actual:   {mode=block, expires=0, transfer-encoding=chunked, x-content-type-options=nosniff, x-xss-protection=1, content-type=application/hal+json, cache-control=no-cache, no-store, max-age=0, must-revalidate, pragma=no-cache}"
28d57d6a-c274-436e-9f9f-02df7fde1199,50ab34af-1ea9-4d70-9b52-c3931b7aa5c0,false,"[Regression] Header size mismatch for matchId=28d57d6a-c274-436e-9f9f-02df7fde1199
   Expected: {expires=0, transfer-encoding=chunked, x-content-type-options=nosniff, x-xss-protection=1; mode=block, content-type=application/hal+json, cache-control=no-cache, no-store, max-age=0, must-revalidate, pragma=no-cache}
   Actual:   {mode=block, expires=0, transfer-encoding=chunked, x-content-type-options=nosniff, x-xss-protection=1, content-type=application/hal+json, cache-control=no-cache, no-store, max-age=0, must-revalidate, pragma=no-cache}"
28d57d6a-c274-436e-9f9f-02df7fde1199,ab112ed7-b811-4314-8882-9828492b7fe8,false,"[Regression] Header size mismatch for matchId=28d57d6a-c274-436e-9f9f-02df7fde1199
   Expected: {expires=0, transfer-encoding=chunked, x-content-type-options=nosniff, x-xss-protection=1; mode=block, content-type=application/hal+json, cache-control=no-cache, no-store, max-age=0, must-revalidate, pragma=no-cache}
   Actual:   {mode=block, expires=0, transfer-encoding=chunked, x-content-type-options=nosniff, x-xss-protection=1, content-type=application/hal+json, cache-control=no-cache, no-store, max-age=0, must-revalidate, pragma=no-cache}"
28d57d6a-c274-436e-9f9f-02df7fde1199,b3f7139e-5cb8-4702-8119-a7b927e8edcb,false,"[Regression] Header size mismatch for matchId=28d57d6a-c274-436e-9f9f-02df7fde1199
   Expected: {expires=0, transfer-encoding=chunked, x-content-type-options=nosniff, x-xss-protection=1; mode=block, content-type=application/hal+json, cache-control=no-cache, no-store, max-age=0, must-revalidate, pragma=no-cache}
   Actual:   {mode=block, expires=0, transfer-encoding=chunked, x-content-type-options=nosniff, x-xss-protection=1, content-type=application/hal+json, cache-control=no-cache, no-store, max-age=0, must-revalidate, pragma=no-cache}"
28d57d6a-c274-436e-9f9f-02df7fde1199,7a906ff1-cc11-433e-b75e-6157fdfd533e,false,"[Regression] Header size mismatch for matchId=28d57d6a-c274-436e-9f9f-02df7fde1199
   Expected: {expires=0, transfer-encoding=chunked, x-content-type-options=nosniff, x-xss-protection=1; mode=block, content-type=application/hal+json, cache-control=no-cache, no-store, max-age=0, must-revalidate, pragma=no-cache}
   Actual:   {mode=block, expires=0, transfer-encoding=chunked, x-content-type-options=nosniff, x-xss-protection=1, content-type=application/hal+json, cache-control=no-cache, no-store, max-age=0, must-revalidate, pragma=no-cache}"
28d57d6a-c274-436e-9f9f-02df7fde1199,fc703f53-13f7-4988-9681-1015a6fd2dda,false,"[Regression] Header size mismatch for matchId=28d57d6a-c274-436e-9f9f-02df7fde1199
   Expected: {expires=0, transfer-encoding=chunked, x-content-type-options=nosniff, x-xss-protection=1; mode=block, content-type=application/hal+json, cache-control=no-cache, no-store, max-age=0, must-revalidate, pragma=no-cache}
   Actual:   {mode=block, expires=0, transfer-encoding=chunked, x-content-type-options=nosniff, x-xss-protection=1, content-type=application/hal+json, cache-control=no-cache, no-store, max-age=0, must-revalidate, pragma=no-cache}"
28d57d6a-c274-436e-9f9f-02df7fde1199,c8d7f660-ccba-47e8-881c-fb1a36d4e646,false,"[Regression] Header size mismatch for matchId=28d57d6a-c274-436e-9f9f-02df7fde1199
   Expected: {expires=0, transfer-encoding=chunked, x-content-type-options=nosniff, x-xss-protection=1; mode=block, content-type=application/hal+json, cache-control=no-cache, no-store, max-age=0, must-revalidate, pragma=no-cache}
   Actual:   {mode=block, expires=0, transfer-encoding=chunked, x-content-type-options=nosniff, x-xss-protection=1, content-type=application/hal+json, cache-control=no-cache, no-store, max-age=0, must-revalidate, pragma=no-cache}"
28d57d6a-c274-436e-9f9f-02df7fde1199,c12dcc48-6f1a-4fe4-a005-9e30567ebad9,false,"[Regression] Header size mismatch for matchId=28d57d6a-c274-436e-9f9f-02df7fde1199
   Expected: {expires=0, transfer-encoding=chunked, x-content-type-options=nosniff, x-xss-protection=1; mode=block, content-type=application/hal+json, cache-control=no-cache, no-store, max-age=0, must-revalidate, pragma=no-cache}
   Actual:   {mode=block, expires=0, transfer-encoding=chunked, x-content-type-options=nosniff, x-xss-protection=1, content-type=application/hal+json, cache-control=no-cache, no-store, max-age=0, must-revalidate, pragma=no-cache}"
28d57d6a-c274-436e-9f9f-02df7fde1199,02cd8adf-62fb-4e66-83bd-9a1699a3c790,false,"[Regression] Header size mismatch for matchId=28d57d6a-c274-436e-9f9f-02df7fde1199
   Expected: {expires=0, transfer-encoding=chunked, x-content-type-options=nosniff, x-xss-protection=1; mode=block, content-type=application/hal+json, cache-control=no-cache, no-store, max-age=0, must-revalidate, pragma=no-cache}
   Actual:   {mode=block, expires=0, transfer-encoding=chunked, x-content-type-options=nosniff, x-xss-protection=1, content-type=application/hal+json, cache-control=no-cache, no-store, max-age=0, must-revalidate, pragma=no-cache}"
28d57d6a-c274-436e-9f9f-02df7fde1199,298501bd-3527-44eb-ac04-31dd74aa61df,false,"[Regression] Header size mismatch for matchId=28d57d6a-c274-436e-9f9f-02df7fde1199
   Expected: {expires=0, transfer-encoding=chunked, x-content-type-options=nosniff, x-xss-protection=1; mode=block, content-type=application/hal+json, cache-control=no-cache, no-store, max-age=0, must-revalidate, pragma=no-cache}
   Actual:   {mode=block, expires=0, transfer-encoding=chunked, x-content-type-options=nosniff, x-xss-protection=1, content-type=application/hal+json, cache-control=no-cache, no-store, max-age=0, must-revalidate, pragma=no-cache}"
28d57d6a-c274-436e-9f9f-02df7fde1199,424662b7-cc5b-4b9e-a9e6-2c78b9ca5c3d,false,"[Regression] Header size mismatch for matchId=28d57d6a-c274-436e-9f9f-02df7fde1199
   Expected: {expires=0, transfer-encoding=chunked, x-content-type-options=nosniff, x-xss-protection=1; mode=block, content-type=application/hal+json, cache-control=no-cache, no-store, max-age=0, must-revalidate, pragma=no-cache}
   Actual:   {mode=block, expires=0, transfer-encoding=chunked, x-content-type-options=nosniff, x-xss-protection=1, content-type=application/hal+json, cache-control=no-cache, no-store, max-age=0, must-revalidate, pragma=no-cache}"
28d57d6a-c274-436e-9f9f-02df7fde1199,fc23204f-dcb4-4214-ad9f-b38d28421d13,false,"[Regression] Header size mismatch for matchId=28d57d6a-c274-436e-9f9f-02df7fde1199
   Expected: {expires=0, transfer-encoding=chunked, x-content-type-options=nosniff, x-xss-protection=1; mode=block, content-type=application/hal+json, cache-control=no-cache, no-store, max-age=0, must-revalidate, pragma=no-cache}
   Actual:   {mode=block, expires=0, transfer-encoding=chunked, x-content-type-options=nosniff, x-xss-protection=1, content-type=application/hal+json, cache-control=no-cache, no-store, max-age=0, must-revalidate, pragma=no-cache}"
28d57d6a-c274-436e-9f9f-02df7fde1199,62d8065b-e41d-43e6-820e-4fc48b72c356,false,"[Regression] Header size mismatch for matchId=28d57d6a-c274-436e-9f9f-02df7fde1199
   Expected: {expires=0, transfer-encoding=chunked, x-content-type-options=nosniff, x-xss-protection=1; mode=block, content-type=application/hal+json, cache-control=no-cache, no-store, max-age=0, must-revalidate, pragma=no-cache}
   Actual:   {mode=block, expires=0, transfer-encoding=chunked, x-content-type-options=nosniff, x-xss-protection=1, content-type=application/hal+json, cache-control=no-cache, no-store, max-age=0, must-revalidate, pragma=no-cache}"
28d57d6a-c274-436e-9f9f-02df7fde1199,a0de277c-683f-4678-9fd0-583dbd7f8162,false,"[Regression] Header size mismatch for matchId=28d57d6a-c274-436e-9f9f-02df7fde1199
   Expected: {expires=0, transfer-encoding=chunked, x-content-type-options=nosniff, x-xss-protection=1; mode=block, content-type=application/hal+json, cache-control=no-cache, no-store, max-age=0, must-revalidate, pragma=no-cache}
   Actual:   {mode=block, expires=0, transfer-encoding=chunked, x-content-type-options=nosniff, x-xss-protection=1, content-type=application/hal+json, cache-control=no-cache, no-store, max-age=0, must-revalidate, pragma=no-cache}"
28d57d6a-c274-436e-9f9f-02df7fde1199,6916314c-ae4c-4b1b-965f-66a7b5317b8e,false,"[Regression] Header size mismatch for matchId=28d57d6a-c274-436e-9f9f-02df7fde1199
   Expected: {expires=0, transfer-encoding=chunked, x-content-type-options=nosniff, x-xss-protection=1; mode=block, content-type=application/hal+json, cache-control=no-cache, no-store, max-age=0, must-revalidate, pragma=no-cache}
   Actual:   {mode=block, expires=0, transfer-encoding=chunked, x-content-type-options=nosniff, x-xss-protection=1, content-type=application/hal+json, cache-control=no-cache, no-store, max-age=0, must-revalidate, pragma=no-cache}"
28d57d6a-c274-436e-9f9f-02df7fde1199,fc9b80d8-f19a-41db-9ef7-94d3ef24e8c7,false,"[Regression] Header size mismatch for matchId=28d57d6a-c274-436e-9f9f-02df7fde1199
   Expected: {expires=0, transfer-encoding=chunked, x-content-type-options=nosniff, x-xss-protection=1; mode=block, content-type=application/hal+json, cache-control=no-cache, no-store, max-age=0, must-revalidate, pragma=no-cache}
   Actual:   {mode=block, expires=0, transfer-encoding=chunked, x-content-type-options=nosniff, x-xss-protection=1, content-type=application/hal+json, cache-control=no-cache, no-store, max-age=0, must-revalidate, pragma=no-cache}"
28d57d6a-c274-436e-9f9f-02df7fde1199,62fdf00a-2579-4686-a5cc-546cef62d743,false,"[Regression] Header size mismatch for matchId=28d57d6a-c274-436e-9f9f-02df7fde1199
   Expected: {expires=0, transfer-encoding=chunked, x-content-type-options=nosniff, x-xss-protection=1; mode=block, content-type=application/hal+json, cache-control=no-cache, no-store, max-age=0, must-revalidate, pragma=no-cache}
   Actual:   {mode=block, expires=0, transfer-encoding=chunked, x-content-type-options=nosniff, x-xss-protection=1, content-type=application/hal+json, cache-control=no-cache, no-store, max-age=0, must-revalidate, pragma=no-cache}"
28d57d6a-c274-436e-9f9f-02df7fde1199,c963ca62-bf10-49e8-b87e-a85979802035,false,"[Regression] Header size mismatch for matchId=28d57d6a-c274-436e-9f9f-02df7fde1199
   Expected: {expires=0, transfer-encoding=chunked, x-content-type-options=nosniff, x-xss-protection=1; mode=block, content-type=application/hal+json, cache-control=no-cache, no-store, max-age=0, must-revalidate, pragma=no-cache}
   Actual:   {mode=block, expires=0, transfer-encoding=chunked, x-content-type-options=nosniff, x-xss-protection=1, content-type=application/hal+json, cache-control=no-cache, no-store, max-age=0, must-revalidate, pragma=no-cache}"
28d57d6a-c274-436e-9f9f-02df7fde1199,a655f0fe-aa1f-44d6-ad32-4e7cce1ca5df,false,"[Regression] Header size mismatch for matchId=28d57d6a-c274-436e-9f9f-02df7fde1199
   Expected: {expires=0, transfer-encoding=chunked, x-content-type-options=nosniff, x-xss-protection=1; mode=block, content-type=application/hal+json, cache-control=no-cache, no-store, max-age=0, must-revalidate, pragma=no-cache}
   Actual:   {mode=block, expires=0, transfer-encoding=chunked, x-content-type-options=nosniff, x-xss-protection=1, content-type=application/hal+json, cache-control=no-cache, no-store, max-age=0, must-revalidate, pragma=no-cache}"
28d57d6a-c274-436e-9f9f-02df7fde1199,fe14bb67-ca65-4655-b484-b14ca49a12cb,false,"[Regression] Header size mismatch for matchId=28d57d6a-c274-436e-9f9f-02df7fde1199
   Expected: {expires=0, transfer-encoding=chunked, x-content-type-options=nosniff, x-xss-protection=1; mode=block, content-type=application/hal+json, cache-control=no-cache, no-store, max-age=0, must-revalidate, pragma=no-cache}
   Actual:   {mode=block, expires=0, transfer-encoding=chunked, x-content-type-options=nosniff, x-xss-protection=1, content-type=application/hal+json, cache-control=no-cache, no-store, max-age=0, must-revalidate, pragma=no-cache}"
28d57d6a-c274-436e-9f9f-02df7fde1199,d606deaa-a678-4f13-9d4f-684b12c72e82,false,"[Regression] Header size mismatch for matchId=28d57d6a-c274-436e-9f9f-02df7fde1199
   Expected: {expires=0, transfer-encoding=chunked, x-content-type-options=nosniff, x-xss-protection=1; mode=block, content-type=application/hal+json, cache-control=no-cache, no-store, max-age=0, must-revalidate, pragma=no-cache}
   Actual:   {mode=block, expires=0, transfer-encoding=chunked, x-content-type-options=nosniff, x-xss-protection=1, content-type=application/hal+json, cache-control=no-cache, no-store, max-age=0, must-revalidate, pragma=no-cache}"
28d57d6a-c274-436e-9f9f-02df7fde1199,44665c5d-f955-486c-832e-d170681eb0dd,false,"[Regression] Header size mismatch for matchId=28d57d6a-c274-436e-9f9f-02df7fde1199
   Expected: {expires=0, transfer-encoding=chunked, x-content-type-options=nosniff, x-xss-protection=1; mode=block, content-type=application/hal+json, cache-control=no-cache, no-store, max-age=0, must-revalidate, pragma=no-cache}
   Actual:   {mode=block, expires=0, transfer-encoding=chunked, x-content-type-options=nosniff, x-xss-protection=1, content-type=application/hal+json, cache-control=no-cache, no-store, max-age=0, must-revalidate, pragma=no-cache}"
28d57d6a-c274-436e-9f9f-02df7fde1199,30e3f056-7b0f-4b64-85ef-950bbf66bc98,false,"[Regression] Header size mismatch for matchId=28d57d6a-c274-436e-9f9f-02df7fde1199
   Expected: {expires=0, transfer-encoding=chunked, x-content-type-options=nosniff, x-xss-protection=1; mode=block, content-type=application/hal+json, cache-control=no-cache, no-store, max-age=0, must-revalidate, pragma=no-cache}
   Actual:   {mode=block, expires=0, transfer-encoding=chunked, x-content-type-options=nosniff, x-xss-protection=1, content-type=application/hal+json, cache-control=no-cache, no-store, max-age=0, must-revalidate, pragma=no-cache}"
28d57d6a-c274-436e-9f9f-02df7fde1199,ebc68952-2928-4cff-9703-d8ae115d31a7,false,"[Regression] Header size mismatch for matchId=28d57d6a-c274-436e-9f9f-02df7fde1199
   Expected: {expires=0, transfer-encoding=chunked, x-content-type-options=nosniff, x-xss-protection=1; mode=block, content-type=application/hal+json, cache-control=no-cache, no-store, max-age=0, must-revalidate, pragma=no-cache}
   Actual:   {mode=block, expires=0, transfer-encoding=chunked, x-content-type-options=nosniff, x-xss-protection=1, content-type=application/hal+json, cache-control=no-cache, no-store, max-age=0, must-revalidate, pragma=no-cache}"
28d57d6a-c274-436e-9f9f-02df7fde1199,1b52e3ab-492c-4175-bab1-68bea2af9120,false,"[Regression] Header size mismatch for matchId=28d57d6a-c274-436e-9f9f-02df7fde1199
   Expected: {expires=0, transfer-encoding=chunked, x-content-type-options=nosniff, x-xss-protection=1; mode=block, content-type=application/hal+json, cache-control=no-cache, no-store, max-age=0, must-revalidate, pragma=no-cache}
   Actual:   {mode=block, expires=0, transfer-encoding=chunked, x-content-type-options=nosniff, x-xss-protection=1, content-type=application/hal+json, cache-control=no-cache, no-store, max-age=0, must-revalidate, pragma=no-cache}"
28d57d6a-c274-436e-9f9f-02df7fde1199,8ce791fc-efb1-4dc0-be71-ce15ce42f938,false,"[Regression] Header size mismatch for matchId=28d57d6a-c274-436e-9f9f-02df7fde1199
   Expected: {expires=0, transfer-encoding=chunked, x-content-type-options=nosniff, x-xss-protection=1; mode=block, content-type=application/hal+json, cache-control=no-cache, no-store, max-age=0, must-revalidate, pragma=no-cache}
   Actual:   {mode=block, expires=0, transfer-encoding=chunked, x-content-type-options=nosniff, x-xss-protection=1, content-type=application/hal+json, cache-control=no-cache, no-store, max-age=0, must-revalidate, pragma=no-cache}"
28d57d6a-c274-436e-9f9f-02df7fde1199,ad311e22-6990-4396-bb2e-69261d6dd926,false,"[Regression] Header size mismatch for matchId=28d57d6a-c274-436e-9f9f-02df7fde1199
   Expected: {expires=0, transfer-encoding=chunked, x-content-type-options=nosniff, x-xss-protection=1; mode=block, content-type=application/hal+json, cache-control=no-cache, no-store, max-age=0, must-revalidate, pragma=no-cache}
   Actual:   {mode=block, expires=0, transfer-encoding=chunked, x-content-type-options=nosniff, x-xss-protection=1, content-type=application/hal+json, cache-control=no-cache, no-store, max-age=0, must-revalidate, pragma=no-cache}"
28d57d6a-c274-436e-9f9f-02df7fde1199,592ff84d-82d8-4d95-9722-1198625dddb2,false,"[Regression] Header size mismatch for matchId=28d57d6a-c274-436e-9f9f-02df7fde1199
   Expected: {expires=0, transfer-encoding=chunked, x-content-type-options=nosniff, x-xss-protection=1; mode=block, content-type=application/hal+json, cache-control=no-cache, no-store, max-age=0, must-revalidate, pragma=no-cache}
   Actual:   {mode=block, expires=0, transfer-encoding=chunked, x-content-type-options=nosniff, x-xss-protection=1, content-type=application/hal+json, cache-control=no-cache, no-store, max-age=0, must-revalidate, pragma=no-cache}"
28d57d6a-c274-436e-9f9f-02df7fde1199,12251078-59c0-454f-bda4-678de80de700,false,"[Regression] Header size mismatch for matchId=28d57d6a-c274-436e-9f9f-02df7fde1199
   Expected: {expires=0, transfer-encoding=chunked, x-content-type-options=nosniff, x-xss-protection=1; mode=block, content-type=application/hal+json, cache-control=no-cache, no-store, max-age=0, must-revalidate, pragma=no-cache}
   Actual:   {mode=block, expires=0, transfer-encoding=chunked, x-content-type-options=nosniff, x-xss-protection=1, content-type=application/hal+json, cache-control=no-cache, no-store, max-age=0, must-revalidate, pragma=no-cache}"
28d57d6a-c274-436e-9f9f-02df7fde1199,936f7488-f2e1-4092-acc3-b00637b57b12,false,"[Regression] Header size mismatch for matchId=28d57d6a-c274-436e-9f9f-02df7fde1199
   Expected: {expires=0, transfer-encoding=chunked, x-content-type-options=nosniff, x-xss-protection=1; mode=block, content-type=application/hal+json, cache-control=no-cache, no-store, max-age=0, must-revalidate, pragma=no-cache}
   Actual:   {mode=block, expires=0, transfer-encoding=chunked, x-content-type-options=nosniff, x-xss-protection=1, content-type=application/hal+json, cache-control=no-cache, no-store, max-age=0, must-revalidate, pragma=no-cache}"
28d57d6a-c274-436e-9f9f-02df7fde1199,3fe794e5-0c1c-4132-bdb0-13af14bce39c,false,"[Regression] Header size mismatch for matchId=28d57d6a-c274-436e-9f9f-02df7fde1199
   Expected: {expires=0, transfer-encoding=chunked, x-content-type-options=nosniff, x-xss-protection=1; mode=block, content-type=application/hal+json, cache-control=no-cache, no-store, max-age=0, must-revalidate, pragma=no-cache}
   Actual:   {mode=block, expires=0, transfer-encoding=chunked, x-content-type-options=nosniff, x-xss-protection=1, content-type=application/hal+json, cache-control=no-cache, no-store, max-age=0, must-revalidate, pragma=no-cache}"
28d57d6a-c274-436e-9f9f-02df7fde1199,96bfa352-c515-48df-b542-a6b4d3edbb61,false,"[Regression] Header size mismatch for matchId=28d57d6a-c274-436e-9f9f-02df7fde1199
   Expected: {expires=0, transfer-encoding=chunked, x-content-type-options=nosniff, x-xss-protection=1; mode=block, content-type=application/hal+json, cache-control=no-cache, no-store, max-age=0, must-revalidate, pragma=no-cache}
   Actual:   {mode=block, expires=0, transfer-encoding=chunked, x-content-type-options=nosniff, x-xss-protection=1, content-type=application/hal+json, cache-control=no-cache, no-store, max-age=0, must-revalidate, pragma=no-cache}"
28d57d6a-c274-436e-9f9f-02df7fde1199,1b461cb3-ecf8-4747-9725-b11ce4cf3bda,false,"[Regression] Header size mismatch for matchId=28d57d6a-c274-436e-9f9f-02df7fde1199
   Expected: {expires=0, transfer-encoding=chunked, x-content-type-options=nosniff, x-xss-protection=1; mode=block, content-type=application/hal+json, cache-control=no-cache, no-store, max-age=0, must-revalidate, pragma=no-cache}
   Actual:   {mode=block, expires=0, transfer-encoding=chunked, x-content-type-options=nosniff, x-xss-protection=1, content-type=application/hal+json, cache-control=no-cache, no-store, max-age=0, must-revalidate, pragma=no-cache}"
28d57d6a-c274-436e-9f9f-02df7fde1199,202ec0cd-9f68-4093-b952-a84eeb0f81f3,false,"[Regression] Header size mismatch for matchId=28d57d6a-c274-436e-9f9f-02df7fde1199
   Expected: {expires=0, transfer-encoding=chunked, x-content-type-options=nosniff, x-xss-protection=1; mode=block, content-type=application/hal+json, cache-control=no-cache, no-store, max-age=0, must-revalidate, pragma=no-cache}
   Actual:   {mode=block, expires=0, transfer-encoding=chunked, x-content-type-options=nosniff, x-xss-protection=1, content-type=application/hal+json, cache-control=no-cache, no-store, max-age=0, must-revalidate, pragma=no-cache}"
28d57d6a-c274-436e-9f9f-02df7fde1199,008e1214-367b-428e-a870-c124f040b85f,false,"[Regression] Header size mismatch for matchId=28d57d6a-c274-436e-9f9f-02df7fde1199
   Expected: {expires=0, transfer-encoding=chunked, x-content-type-options=nosniff, x-xss-protection=1; mode=block, content-type=application/hal+json, cache-control=no-cache, no-store, max-age=0, must-revalidate, pragma=no-cache}
   Actual:   {mode=block, expires=0, transfer-encoding=chunked, x-content-type-options=nosniff, x-xss-protection=1, content-type=application/hal+json, cache-control=no-cache, no-store, max-age=0, must-revalidate, pragma=no-cache}"
28d57d6a-c274-436e-9f9f-02df7fde1199,eae7e758-4be7-4666-9b51-da1298e70f3f,false,"[Regression] Header size mismatch for matchId=28d57d6a-c274-436e-9f9f-02df7fde1199
   Expected: {expires=0, transfer-encoding=chunked, x-content-type-options=nosniff, x-xss-protection=1; mode=block, content-type=application/hal+json, cache-control=no-cache, no-store, max-age=0, must-revalidate, pragma=no-cache}
   Actual:   {mode=block, expires=0, transfer-encoding=chunked, x-content-type-options=nosniff, x-xss-protection=1, content-type=application/hal+json, cache-control=no-cache, no-store, max-age=0, must-revalidate, pragma=no-cache}"
28d57d6a-c274-436e-9f9f-02df7fde1199,14a0aa81-2a7f-43d6-87e6-2719bae66ed0,false,"[Regression] Header size mismatch for matchId=28d57d6a-c274-436e-9f9f-02df7fde1199
   Expected: {expires=0, transfer-encoding=chunked, x-content-type-options=nosniff, x-xss-protection=1; mode=block, content-type=application/hal+json, cache-control=no-cache, no-store, max-age=0, must-revalidate, pragma=no-cache}
   Actual:   {mode=block, expires=0, transfer-encoding=chunked, x-content-type-options=nosniff, x-xss-protection=1, content-type=application/hal+json, cache-control=no-cache, no-store, max-age=0, must-revalidate, pragma=no-cache}"
28d57d6a-c274-436e-9f9f-02df7fde1199,637c1d79-8d70-44fc-9af7-5e15b857b289,false,"[Regression] Header size mismatch for matchId=28d57d6a-c274-436e-9f9f-02df7fde1199
   Expected: {expires=0, transfer-encoding=chunked, x-content-type-options=nosniff, x-xss-protection=1; mode=block, content-type=application/hal+json, cache-control=no-cache, no-store, max-age=0, must-revalidate, pragma=no-cache}
   Actual:   {mode=block, expires=0, transfer-encoding=chunked, x-content-type-options=nosniff, x-xss-protection=1, content-type=application/hal+json, cache-control=no-cache, no-store, max-age=0, must-revalidate, pragma=no-cache}"
28d57d6a-c274-436e-9f9f-02df7fde1199,9e5bc9d5-de06-463e-8ba1-c76b13a0a9b6,false,"[Regression] Header size mismatch for matchId=28d57d6a-c274-436e-9f9f-02df7fde1199
   Expected: {expires=0, transfer-encoding=chunked, x-content-type-options=nosniff, x-xss-protection=1; mode=block, content-type=application/hal+json, cache-control=no-cache, no-store, max-age=0, must-revalidate, pragma=no-cache}
   Actual:   {mode=block, expires=0, transfer-encoding=chunked, x-content-type-options=nosniff, x-xss-protection=1, content-type=application/hal+json, cache-control=no-cache, no-store, max-age=0, must-revalidate, pragma=no-cache}"
f8d1a623-a2c3-4372-9bf4-345681700e09,af54e9bb-0d0b-4435-89c5-d89883c44d58,false,"[Regression] Status code mismatch for matchId=f8d1a623-a2c3-4372-9bf4-345681700e09
   Expected: 406
   Actual:   201"
f8d1a623-a2c3-4372-9bf4-345681700e09,5c49c628-e176-4f66-bf36-bfa688f50af4,false,"[Regression] Status code mismatch for matchId=f8d1a623-a2c3-4372-9bf4-345681700e09
   Expected: 406
   Actual:   409"
f8d1a623-a2c3-4372-9bf4-345681700e09,10a58d03-bbbb-457f-ae07-40c3380327c3,false,"[Regression] Status code mismatch for matchId=f8d1a623-a2c3-4372-9bf4-345681700e09
   Expected: 406
   Actual:   504"
f8d1a623-a2c3-4372-9bf4-345681700e09,a5184ade-eb5c-411d-a0f7-80fcb268f8a5,false,"[Regression] Header size mismatch for matchId=f8d1a623-a2c3-4372-9bf4-345681700e09
   Expected: {expires=0, transfer-encoding=chunked, x-content-type-options=nosniff, x-xss-protection=1; mode=block, content-type=application/json, cache-control=no-cache, no-store, max-age=0, must-revalidate, pragma=no-cache}
   Actual:   {mode=block, expires=0, transfer-encoding=chunked, x-content-type-options=nosniff, x-xss-protection=1, content-type=text/css, cache-control=no-cache, no-store, max-age=0, must-revalidate, pragma=no-cache}"
f8d1a623-a2c3-4372-9bf4-345681700e09,ecb9ca3c-e1f9-4d68-80d4-cdf801c1690b,false,"[Regression] Header value (x-xss-protection) mismatch for matchId=f8d1a623-a2c3-4372-9bf4-345681700e09
   Expected: 1; mode=block
   Actual:   1"
f8d1a623-a2c3-4372-9bf4-345681700e09,8688f774-15fd-4089-8431-484c238f6497,false,"[Regression] Header size mismatch for matchId=f8d1a623-a2c3-4372-9bf4-345681700e09
   Expected: {expires=0, transfer-encoding=chunked, x-content-type-options=nosniff, x-xss-protection=1; mode=block, content-type=application/json, cache-control=no-cache, no-store, max-age=0, must-revalidate, pragma=no-cache}
   Actual:   {mode=block, expires=0, transfer-encoding=chunked, x-content-type-options=nosniff, x-xss-protection=1, content-type=application/json; charset=utf16, cache-control=no-cache, no-store, max-age=0, must-revalidate, pragma=no-cache}"
f8d1a623-a2c3-4372-9bf4-345681700e09,3af32563-c9d7-4897-855c-51ea1c54b2f2,false,"[Regression] Header size mismatch for matchId=f8d1a623-a2c3-4372-9bf4-345681700e09
   Expected: {expires=0, transfer-encoding=chunked, x-content-type-options=nosniff, x-xss-protection=1; mode=block, content-type=application/json, cache-control=no-cache, no-store, max-age=0, must-revalidate, pragma=no-cache}
   Actual:   {mode=block, expires=0, transfer-encoding=chunked, x-content-type-options=nosniff, x-xss-protection=1, content-type=application/json, cache-control=no-cache, no-store, max-age=0, must-revalidate, pragma=no-cache}"
f8d1a623-a2c3-4372-9bf4-345681700e09,3c907a0f-5259-427d-84af-dc2e685392dd,false,"[Regression] Header size mismatch for matchId=f8d1a623-a2c3-4372-9bf4-345681700e09
   Expected: {expires=0, transfer-encoding=chunked, x-content-type-options=nosniff, x-xss-protection=1; mode=block, content-type=application/json, cache-control=no-cache, no-store, max-age=0, must-revalidate, pragma=no-cache}
   Actual:   {mode=block, expires=0, transfer-encoding=chunked, x-content-type-options=nosniff, x-xss-protection=1, content-type=application/json, cache-control=no-cache, no-store, max-age=0, must-revalidate, pragma=no-cache}"
f8d1a623-a2c3-4372-9bf4-345681700e09,8cbe954e-e97c-419e-ba86-45b152e323d2,false,"[Regression] Header size mismatch for matchId=f8d1a623-a2c3-4372-9bf4-345681700e09
   Expected: {expires=0, transfer-encoding=chunked, x-content-type-options=nosniff, x-xss-protection=1; mode=block, content-type=application/json, cache-control=no-cache, no-store, max-age=0, must-revalidate, pragma=no-cache}
   Actual:   {mode=block, expires=0, transfer-encoding=chunked, x-content-type-options=nosniff, x-xss-protection=1, content-type=application/json, cache-control=no-cache, no-store, max-age=0, must-revalidate, pragma=no-cache}"
f8d1a623-a2c3-4372-9bf4-345681700e09,2976d368-5bf1-459a-95e0-0f5e8f79098c,false,"[Regression] Header size mismatch for matchId=f8d1a623-a2c3-4372-9bf4-345681700e09
   Expected: {expires=0, transfer-encoding=chunked, x-content-type-options=nosniff, x-xss-protection=1; mode=block, content-type=application/json, cache-control=no-cache, no-store, max-age=0, must-revalidate, pragma=no-cache}
   Actual:   {mode=block, expires=0, transfer-encoding=chunked, x-content-type-options=nosniff, x-xss-protection=1, content-type=application/json, cache-control=no-cache, no-store, max-age=0, must-revalidate, pragma=no-cache}"
f8d1a623-a2c3-4372-9bf4-345681700e09,49ed8601-a23e-40ed-911a-c7955b5de322,false,"[Regression] Header size mismatch for matchId=f8d1a623-a2c3-4372-9bf4-345681700e09
   Expected: {expires=0, transfer-encoding=chunked, x-content-type-options=nosniff, x-xss-protection=1; mode=block, content-type=application/json, cache-control=no-cache, no-store, max-age=0, must-revalidate, pragma=no-cache}
   Actual:   {mode=block, expires=0, transfer-encoding=chunked, x-content-type-options=nosniff, x-xss-protection=1, content-type=application/json, cache-control=no-cache, no-store, max-age=0, must-revalidate, pragma=no-cache}"
f8d1a623-a2c3-4372-9bf4-345681700e09,d6904ce8-3560-4a71-8f14-11c00dda0bae,false,"[Regression] Header size mismatch for matchId=f8d1a623-a2c3-4372-9bf4-345681700e09
   Expected: {expires=0, transfer-encoding=chunked, x-content-type-options=nosniff, x-xss-protection=1; mode=block, content-type=application/json, cache-control=no-cache, no-store, max-age=0, must-revalidate, pragma=no-cache}
   Actual:   {mode=block, expires=0, transfer-encoding=chunked, x-content-type-options=nosniff, x-xss-protection=1, content-type=application/json, cache-control=no-cache, no-store, max-age=0, must-revalidate, pragma=no-cache}"
f8d1a623-a2c3-4372-9bf4-345681700e09,f80119d1-6388-4ef5-845b-45f528f777a6,false,"[Regression] Header size mismatch for matchId=f8d1a623-a2c3-4372-9bf4-345681700e09
   Expected: {expires=0, transfer-encoding=chunked, x-content-type-options=nosniff, x-xss-protection=1; mode=block, content-type=application/json, cache-control=no-cache, no-store, max-age=0, must-revalidate, pragma=no-cache}
   Actual:   {mode=block, expires=0, transfer-encoding=chunked, x-content-type-options=nosniff, x-xss-protection=1, content-type=application/json, cache-control=no-cache, no-store, max-age=0, must-revalidate, pragma=no-cache}"
f8d1a623-a2c3-4372-9bf4-345681700e09,ba5e7913-50c2-46ff-a0b8-7144d153941e,false,"[Regression] Header size mismatch for matchId=f8d1a623-a2c3-4372-9bf4-345681700e09
   Expected: {expires=0, transfer-encoding=chunked, x-content-type-options=nosniff, x-xss-protection=1; mode=block, content-type=application/json, cache-control=no-cache, no-store, max-age=0, must-revalidate, pragma=no-cache}
   Actual:   {mode=block, expires=0, transfer-encoding=chunked, x-content-type-options=nosniff, x-xss-protection=1, content-type=application/json, cache-control=no-cache, no-store, max-age=0, must-revalidate, pragma=no-cache}"
f8d1a623-a2c3-4372-9bf4-345681700e09,43f1ae50-d984-4af2-a30e-c846c85dc8bf,false,"[Regression] Header size mismatch for matchId=f8d1a623-a2c3-4372-9bf4-345681700e09
   Expected: {expires=0, transfer-encoding=chunked, x-content-type-options=nosniff, x-xss-protection=1; mode=block, content-type=application/json, cache-control=no-cache, no-store, max-age=0, must-revalidate, pragma=no-cache}
   Actual:   {mode=block, expires=0, transfer-encoding=chunked, x-content-type-options=nosniff, x-xss-protection=1, content-type=application/json, cache-control=no-cache, no-store, max-age=0, must-revalidate, pragma=no-cache}"
f8d1a623-a2c3-4372-9bf4-345681700e09,7369dc4e-0b1d-4456-8b33-197d10017759,false,"[Regression] Header size mismatch for matchId=f8d1a623-a2c3-4372-9bf4-345681700e09
   Expected: {expires=0, transfer-encoding=chunked, x-content-type-options=nosniff, x-xss-protection=1; mode=block, content-type=application/json, cache-control=no-cache, no-store, max-age=0, must-revalidate, pragma=no-cache}
   Actual:   {mode=block, expires=0, transfer-encoding=chunked, x-content-type-options=nosniff, x-xss-protection=1, content-type=application/json, cache-control=no-cache, no-store, max-age=0, must-revalidate, pragma=no-cache}"
f8d1a623-a2c3-4372-9bf4-345681700e09,b9d7bbc4-af41-49d1-b700-69b1a188f0ef,false,"[Regression] Header size mismatch for matchId=f8d1a623-a2c3-4372-9bf4-345681700e09
   Expected: {expires=0, transfer-encoding=chunked, x-content-type-options=nosniff, x-xss-protection=1; mode=block, content-type=application/json, cache-control=no-cache, no-store, max-age=0, must-revalidate, pragma=no-cache}
   Actual:   {mode=block, expires=0, transfer-encoding=chunked, x-content-type-options=nosniff, x-xss-protection=1, content-type=application/json, cache-control=no-cache, no-store, max-age=0, must-revalidate, pragma=no-cache}"
f8d1a623-a2c3-4372-9bf4-345681700e09,240687fa-4bb3-4d9e-be83-39a82c58dcb2,false,"[Regression] Header size mismatch for matchId=f8d1a623-a2c3-4372-9bf4-345681700e09
   Expected: {expires=0, transfer-encoding=chunked, x-content-type-options=nosniff, x-xss-protection=1; mode=block, content-type=application/json, cache-control=no-cache, no-store, max-age=0, must-revalidate, pragma=no-cache}
   Actual:   {mode=block, expires=0, transfer-encoding=chunked, x-content-type-options=nosniff, x-xss-protection=1, content-type=application/json, cache-control=no-cache, no-store, max-age=0, must-revalidate, pragma=no-cache}"
f8d1a623-a2c3-4372-9bf4-345681700e09,b280656e-4f31-42b7-8477-6509f3326fda,false,"[Regression] Header size mismatch for matchId=f8d1a623-a2c3-4372-9bf4-345681700e09
   Expected: {expires=0, transfer-encoding=chunked, x-content-type-options=nosniff, x-xss-protection=1; mode=block, content-type=application/json, cache-control=no-cache, no-store, max-age=0, must-revalidate, pragma=no-cache}
   Actual:   {mode=block, expires=0, transfer-encoding=chunked, x-content-type-options=nosniff, x-xss-protection=1, content-type=application/json, cache-control=no-cache, no-store, max-age=0, must-revalidate, pragma=no-cache}"
f8d1a623-a2c3-4372-9bf4-345681700e09,5810d523-37d8-4b08-b5aa-8b83bde094f8,false,"[Regression] Header size mismatch for matchId=f8d1a623-a2c3-4372-9bf4-345681700e09
   Expected: {expires=0, transfer-encoding=chunked, x-content-type-options=nosniff, x-xss-protection=1; mode=block, content-type=application/json, cache-control=no-cache, no-store, max-age=0, must-revalidate, pragma=no-cache}
   Actual:   {mode=block, expires=0, transfer-encoding=chunked, x-content-type-options=nosniff, x-xss-protection=1, content-type=application/json, cache-control=no-cache, no-store, max-age=0, must-revalidate, pragma=no-cache}"
f8d1a623-a2c3-4372-9bf4-345681700e09,47ea1b61-32e4-4932-9dec-480a1c970334,false,"[Regression] Header size mismatch for matchId=f8d1a623-a2c3-4372-9bf4-345681700e09
   Expected: {expires=0, transfer-encoding=chunked, x-content-type-options=nosniff, x-xss-protection=1; mode=block, content-type=application/json, cache-control=no-cache, no-store, max-age=0, must-revalidate, pragma=no-cache}
   Actual:   {mode=block, expires=0, transfer-encoding=chunked, x-content-type-options=nosniff, x-xss-protection=1, content-type=application/json, cache-control=no-cache, no-store, max-age=0, must-revalidate, pragma=no-cache}"
f8d1a623-a2c3-4372-9bf4-345681700e09,2412363f-a47f-450d-a993-c0af8d8d0f4b,false,"[Regression] Header size mismatch for matchId=f8d1a623-a2c3-4372-9bf4-345681700e09
   Expected: {expires=0, transfer-encoding=chunked, x-content-type-options=nosniff, x-xss-protection=1; mode=block, content-type=application/json, cache-control=no-cache, no-store, max-age=0, must-revalidate, pragma=no-cache}
   Actual:   {mode=block, expires=0, transfer-encoding=chunked, x-content-type-options=nosniff, x-xss-protection=1, content-type=application/json, cache-control=no-cache, no-store, max-age=0, must-revalidate, pragma=no-cache}"
f8d1a623-a2c3-4372-9bf4-345681700e09,7eacc805-3102-47b0-9144-8f95e4dd623d,false,"[Regression] Header size mismatch for matchId=f8d1a623-a2c3-4372-9bf4-345681700e09
   Expected: {expires=0, transfer-encoding=chunked, x-content-type-options=nosniff, x-xss-protection=1; mode=block, content-type=application/json, cache-control=no-cache, no-store, max-age=0, must-revalidate, pragma=no-cache}
   Actual:   {mode=block, expires=0, transfer-encoding=chunked, x-content-type-options=nosniff, x-xss-protection=1, content-type=application/json, cache-control=no-cache, no-store, max-age=0, must-revalidate, pragma=no-cache}"
f8d1a623-a2c3-4372-9bf4-345681700e09,819a4a65-3d38-472e-ba8d-3d5f22a8ebcd,false,"[Regression] Header size mismatch for matchId=f8d1a623-a2c3-4372-9bf4-345681700e09
   Expected: {expires=0, transfer-encoding=chunked, x-content-type-options=nosniff, x-xss-protection=1; mode=block, content-type=application/json, cache-control=no-cache, no-store, max-age=0, must-revalidate, pragma=no-cache}
   Actual:   {mode=block, expires=0, transfer-encoding=chunked, x-content-type-options=nosniff, x-xss-protection=1, content-type=application/json, cache-control=no-cache, no-store, max-age=0, must-revalidate, pragma=no-cache}"
f8d1a623-a2c3-4372-9bf4-345681700e09,d204b923-241a-426a-b9aa-a7396ad87222,false,"[Regression] Header size mismatch for matchId=f8d1a623-a2c3-4372-9bf4-345681700e09
   Expected: {expires=0, transfer-encoding=chunked, x-content-type-options=nosniff, x-xss-protection=1; mode=block, content-type=application/json, cache-control=no-cache, no-store, max-age=0, must-revalidate, pragma=no-cache}
   Actual:   {mode=block, expires=0, transfer-encoding=chunked, x-content-type-options=nosniff, x-xss-protection=1, content-type=application/json, cache-control=no-cache, no-store, max-age=0, must-revalidate, pragma=no-cache}"
f8d1a623-a2c3-4372-9bf4-345681700e09,b01bf0d3-a66f-463d-b4cd-03c3344d54d1,false,"[Regression] Header size mismatch for matchId=f8d1a623-a2c3-4372-9bf4-345681700e09
   Expected: {expires=0, transfer-encoding=chunked, x-content-type-options=nosniff, x-xss-protection=1; mode=block, content-type=application/json, cache-control=no-cache, no-store, max-age=0, must-revalidate, pragma=no-cache}
   Actual:   {mode=block, expires=0, transfer-encoding=chunked, x-content-type-options=nosniff, x-xss-protection=1, content-type=application/json, cache-control=no-cache, no-store, max-age=0, must-revalidate, pragma=no-cache}"
f8d1a623-a2c3-4372-9bf4-345681700e09,a56b5034-440a-40d4-a55e-0a2e26452415,false,"[Regression] Header size mismatch for matchId=f8d1a623-a2c3-4372-9bf4-345681700e09
   Expected: {expires=0, transfer-encoding=chunked, x-content-type-options=nosniff, x-xss-protection=1; mode=block, content-type=application/json, cache-control=no-cache, no-store, max-age=0, must-revalidate, pragma=no-cache}
   Actual:   {mode=block, expires=0, transfer-encoding=chunked, x-content-type-options=nosniff, x-xss-protection=1, content-type=application/json, cache-control=no-cache, no-store, max-age=0, must-revalidate, pragma=no-cache}"
f8d1a623-a2c3-4372-9bf4-345681700e09,03d01e8a-ebb1-422a-b4ae-67fbebdac4d3,false,"[Regression] Header size mismatch for matchId=f8d1a623-a2c3-4372-9bf4-345681700e09
   Expected: {expires=0, transfer-encoding=chunked, x-content-type-options=nosniff, x-xss-protection=1; mode=block, content-type=application/json, cache-control=no-cache, no-store, max-age=0, must-revalidate, pragma=no-cache}
   Actual:   {mode=block, expires=0, transfer-encoding=chunked, x-content-type-options=nosniff, x-xss-protection=1, content-type=application/json, cache-control=no-cache, no-store, max-age=0, must-revalidate, pragma=no-cache}"
f8d1a623-a2c3-4372-9bf4-345681700e09,cb563ee9-510f-4147-a8e2-70d1953ca0d6,false,"[Regression] Header size mismatch for matchId=f8d1a623-a2c3-4372-9bf4-345681700e09
   Expected: {expires=0, transfer-encoding=chunked, x-content-type-options=nosniff, x-xss-protection=1; mode=block, content-type=application/json, cache-control=no-cache, no-store, max-age=0, must-revalidate, pragma=no-cache}
   Actual:   {mode=block, expires=0, transfer-encoding=chunked, x-content-type-options=nosniff, x-xss-protection=1, content-type=application/json, cache-control=no-cache, no-store, max-age=0, must-revalidate, pragma=no-cache}"
f8d1a623-a2c3-4372-9bf4-345681700e09,f72918c4-7d3d-47be-a3e8-c412733f847f,false,"[Regression] Header size mismatch for matchId=f8d1a623-a2c3-4372-9bf4-345681700e09
   Expected: {expires=0, transfer-encoding=chunked, x-content-type-options=nosniff, x-xss-protection=1; mode=block, content-type=application/json, cache-control=no-cache, no-store, max-age=0, must-revalidate, pragma=no-cache}
   Actual:   {mode=block, expires=0, transfer-encoding=chunked, x-content-type-options=nosniff, x-xss-protection=1, content-type=application/json, cache-control=no-cache, no-store, max-age=0, must-revalidate, pragma=no-cache}"
f8d1a623-a2c3-4372-9bf4-345681700e09,d8c4cdec-c79e-4afe-a467-01e41a5cf7c1,false,"[Regression] Header size mismatch for matchId=f8d1a623-a2c3-4372-9bf4-345681700e09
   Expected: {expires=0, transfer-encoding=chunked, x-content-type-options=nosniff, x-xss-protection=1; mode=block, content-type=application/json, cache-control=no-cache, no-store, max-age=0, must-revalidate, pragma=no-cache}
   Actual:   {mode=block, expires=0, transfer-encoding=chunked, x-content-type-options=nosniff, x-xss-protection=1, content-type=application/json, cache-control=no-cache, no-store, max-age=0, must-revalidate, pragma=no-cache}"
f8d1a623-a2c3-4372-9bf4-345681700e09,15f6503d-21bd-4200-a5fa-40cbc38d2b5f,false,"[Regression] Header size mismatch for matchId=f8d1a623-a2c3-4372-9bf4-345681700e09
   Expected: {expires=0, transfer-encoding=chunked, x-content-type-options=nosniff, x-xss-protection=1; mode=block, content-type=application/json, cache-control=no-cache, no-store, max-age=0, must-revalidate, pragma=no-cache}
   Actual:   {mode=block, expires=0, transfer-encoding=chunked, x-content-type-options=nosniff, x-xss-protection=1, content-type=application/json, cache-control=no-cache, no-store, max-age=0, must-revalidate, pragma=no-cache}"
f8d1a623-a2c3-4372-9bf4-345681700e09,34de2b96-1d8f-49b2-938d-9e875b1a39ea,false,"[Regression] Header size mismatch for matchId=f8d1a623-a2c3-4372-9bf4-345681700e09
   Expected: {expires=0, transfer-encoding=chunked, x-content-type-options=nosniff, x-xss-protection=1; mode=block, content-type=application/json, cache-control=no-cache, no-store, max-age=0, must-revalidate, pragma=no-cache}
   Actual:   {mode=block, expires=0, transfer-encoding=chunked, x-content-type-options=nosniff, x-xss-protection=1, content-type=application/json, cache-control=no-cache, no-store, max-age=0, must-revalidate, pragma=no-cache}"
f8d1a623-a2c3-4372-9bf4-345681700e09,f8530c01-a7c4-413a-8c1d-08f38b1a14bd,false,"[Regression] Header size mismatch for matchId=f8d1a623-a2c3-4372-9bf4-345681700e09
   Expected: {expires=0, transfer-encoding=chunked, x-content-type-options=nosniff, x-xss-protection=1; mode=block, content-type=application/json, cache-control=no-cache, no-store, max-age=0, must-revalidate, pragma=no-cache}
   Actual:   {mode=block, expires=0, transfer-encoding=chunked, x-content-type-options=nosniff, x-xss-protection=1, content-type=application/json, cache-control=no-cache, no-store, max-age=0, must-revalidate, pragma=no-cache}"
f8d1a623-a2c3-4372-9bf4-345681700e09,88c61f1f-cbb3-4e65-8f27-87812f00963e,false,"[Regression] Header size mismatch for matchId=f8d1a623-a2c3-4372-9bf4-345681700e09
   Expected: {expires=0, transfer-encoding=chunked, x-content-type-options=nosniff, x-xss-protection=1; mode=block, content-type=application/json, cache-control=no-cache, no-store, max-age=0, must-revalidate, pragma=no-cache}
   Actual:   {mode=block, expires=0, transfer-encoding=chunked, x-content-type-options=nosniff, x-xss-protection=1, content-type=application/json, cache-control=no-cache, no-store, max-age=0, must-revalidate, pragma=no-cache}"
f8d1a623-a2c3-4372-9bf4-345681700e09,81a132ee-c0fa-42cd-9f99-a229dcb2628f,false,"[Regression] Header size mismatch for matchId=f8d1a623-a2c3-4372-9bf4-345681700e09
   Expected: {expires=0, transfer-encoding=chunked, x-content-type-options=nosniff, x-xss-protection=1; mode=block, content-type=application/json, cache-control=no-cache, no-store, max-age=0, must-revalidate, pragma=no-cache}
   Actual:   {mode=block, expires=0, transfer-encoding=chunked, x-content-type-options=nosniff, x-xss-protection=1, content-type=application/json, cache-control=no-cache, no-store, max-age=0, must-revalidate, pragma=no-cache}"
f8d1a623-a2c3-4372-9bf4-345681700e09,88e47e97-3ae3-49b8-b084-38e8c408cd5e,false,"[Regression] Header size mismatch for matchId=f8d1a623-a2c3-4372-9bf4-345681700e09
   Expected: {expires=0, transfer-encoding=chunked, x-content-type-options=nosniff, x-xss-protection=1; mode=block, content-type=application/json, cache-control=no-cache, no-store, max-age=0, must-revalidate, pragma=no-cache}
   Actual:   {mode=block, expires=0, transfer-encoding=chunked, x-content-type-options=nosniff, x-xss-protection=1, content-type=application/json, cache-control=no-cache, no-store, max-age=0, must-revalidate, pragma=no-cache}"
f8d1a623-a2c3-4372-9bf4-345681700e09,4eb83eb7-9500-40ba-98c7-29444ab52664,false,"[Regression] Header size mismatch for matchId=f8d1a623-a2c3-4372-9bf4-345681700e09
   Expected: {expires=0, transfer-encoding=chunked, x-content-type-options=nosniff, x-xss-protection=1; mode=block, content-type=application/json, cache-control=no-cache, no-store, max-age=0, must-revalidate, pragma=no-cache}
   Actual:   {mode=block, expires=0, transfer-encoding=chunked, x-content-type-options=nosniff, x-xss-protection=1, content-type=application/json, cache-control=no-cache, no-store, max-age=0, must-revalidate, pragma=no-cache}"
f8d1a623-a2c3-4372-9bf4-345681700e09,8587d345-0839-48d3-827c-b28ca4f42038,false,"[Regression] Header size mismatch for matchId=f8d1a623-a2c3-4372-9bf4-345681700e09
   Expected: {expires=0, transfer-encoding=chunked, x-content-type-options=nosniff, x-xss-protection=1; mode=block, content-type=application/json, cache-control=no-cache, no-store, max-age=0, must-revalidate, pragma=no-cache}
   Actual:   {mode=block, expires=0, transfer-encoding=chunked, x-content-type-options=nosniff, x-xss-protection=1, content-type=application/json, cache-control=no-cache, no-store, max-age=0, must-revalidate, pragma=no-cache}"
f8d1a623-a2c3-4372-9bf4-345681700e09,307a76dc-5e93-4976-97bb-0339cc06f5d5,false,"[Regression] Header size mismatch for matchId=f8d1a623-a2c3-4372-9bf4-345681700e09
   Expected: {expires=0, transfer-encoding=chunked, x-content-type-options=nosniff, x-xss-protection=1; mode=block, content-type=application/json, cache-control=no-cache, no-store, max-age=0, must-revalidate, pragma=no-cache}
   Actual:   {mode=block, expires=0, transfer-encoding=chunked, x-content-type-options=nosniff, x-xss-protection=1, content-type=application/json, cache-control=no-cache, no-store, max-age=0, must-revalidate, pragma=no-cache}"
f8d1a623-a2c3-4372-9bf4-345681700e09,1e9f5a0a-2964-4e1e-a6fc-807e43e5c6c2,false,"[Regression] Header size mismatch for matchId=f8d1a623-a2c3-4372-9bf4-345681700e09
   Expected: {expires=0, transfer-encoding=chunked, x-content-type-options=nosniff, x-xss-protection=1; mode=block, content-type=application/json, cache-control=no-cache, no-store, max-age=0, must-revalidate, pragma=no-cache}
   Actual:   {mode=block, expires=0, transfer-encoding=chunked, x-content-type-options=nosniff, x-xss-protection=1, content-type=application/json, cache-control=no-cache, no-store, max-age=0, must-revalidate, pragma=no-cache}"

Summary,Total=671,Passed=0,KillRate=100.0%,TimeCost=0.35 s
