OriginalTestCaseId,TestCaseId,Success,FailureMessage
f8185404-9986-4942-9ecf-c59a9df7434a,f5068546-f64c-4726-bd71-e378176bf0ae,false,[NO_5XX] Unexpected 5XX response: 504
f8185404-9986-4942-9ecf-c59a9df7434a,c8589e75-32b3-4330-9531-94be68bd3e77,true,
f8185404-9986-4942-9ecf-c59a9df7434a,2e2f58e2-a86d-4d25-936a-d2a244c9b343,true,
f8185404-9986-4942-9ecf-c59a9df7434a,f2327e0d-1dd6-4aa7-8a45-0a571d424120,true,
f8185404-9986-4942-9ecf-c59a9df7434a,89c585f1-7eb7-4d59-a378-c6374d336bf3,true,
f8185404-9986-4942-9ecf-c59a9df7434a,226fc418-d059-4771-af56-df8ed4976284,true,
f8185404-9986-4942-9ecf-c59a9df7434a,68e6b98b-58a5-4755-b10b-9955c9df8dca,true,
f8185404-9986-4942-9ecf-c59a9df7434a,401b41b0-ebdb-48c2-b21c-83170c6f605e,true,
f8185404-9986-4942-9ecf-c59a9df7434a,52f35962-d2ce-4551-9969-e43ec9dcccb3,true,
f8185404-9986-4942-9ecf-c59a9df7434a,4c7ed9e1-b796-4c59-89e5-a8df5b5b9c33,true,
f8185404-9986-4942-9ecf-c59a9df7434a,a987db35-5c72-4020-9bef-69d26f2621c4,true,
f8185404-9986-4942-9ecf-c59a9df7434a,a985a75a-4495-4d80-997e-420a8ea280de,true,
f8185404-9986-4942-9ecf-c59a9df7434a,5d9828e2-68df-4f42-8667-f3db8f0b45f2,true,
f8185404-9986-4942-9ecf-c59a9df7434a,1f4bfb07-e2ae-4215-9a38-c29b691df1d2,true,
f8185404-9986-4942-9ecf-c59a9df7434a,d7144756-49a5-4d68-8e17-b63e0d8fceb2,true,
f8185404-9986-4942-9ecf-c59a9df7434a,ecc431a4-352c-4548-bd53-3cb5b9de6d9f,true,
f8185404-9986-4942-9ecf-c59a9df7434a,88dfbd22-36d5-4c17-abd0-99d862576155,true,
f8185404-9986-4942-9ecf-c59a9df7434a,666c872f-c722-4df1-8d52-47194f7140f4,true,
f8185404-9986-4942-9ecf-c59a9df7434a,895f1276-28ff-4585-9d8b-a35e06fd574c,true,
f8185404-9986-4942-9ecf-c59a9df7434a,ff50f936-95cb-434c-8d53-024cb14029fc,true,
f8185404-9986-4942-9ecf-c59a9df7434a,f7ad143e-82cf-418d-81b3-d3565c7fd438,true,
f8185404-9986-4942-9ecf-c59a9df7434a,33f2a3a4-be94-469e-906c-2a98c9d912d7,true,
f8185404-9986-4942-9ecf-c59a9df7434a,22678e3f-03f1-4dc3-bfb9-c34d0b7099da,true,
f8185404-9986-4942-9ecf-c59a9df7434a,e1e781c3-08c9-4161-ad21-91a32c9a2a98,true,
f8185404-9986-4942-9ecf-c59a9df7434a,bb68ce1c-a871-4e15-a126-a7931a3e2a50,true,
f8185404-9986-4942-9ecf-c59a9df7434a,9c3a54a4-7cc0-46cd-94a9-f31873492b7c,true,
f8185404-9986-4942-9ecf-c59a9df7434a,51aa9ac2-526f-4805-a457-d0083fb1baaf,true,
f8185404-9986-4942-9ecf-c59a9df7434a,70ea4462-e5e1-4232-a3f2-7cee9d3453d4,true,
f8185404-9986-4942-9ecf-c59a9df7434a,81b6bd81-a00d-4456-88b6-a515b9b7d8d3,true,
f8185404-9986-4942-9ecf-c59a9df7434a,0215bded-d5c5-42bf-82ae-1d1fe82516c0,true,
f8185404-9986-4942-9ecf-c59a9df7434a,688a2112-f7b4-49bc-8c24-7e0c255d4cfe,true,
f8185404-9986-4942-9ecf-c59a9df7434a,e738a174-07bf-45bb-bd4c-b38dbe8e1605,true,
2e3f43e0-6297-4a74-ab5f-40a2ffc46b64,5908b946-4117-4f6c-82de-a87e80d7313b,true,
2e3f43e0-6297-4a74-ab5f-40a2ffc46b64,e74bfe18-0504-4e16-b96e-d16de597c57d,true,
2e3f43e0-6297-4a74-ab5f-40a2ffc46b64,1fe9d565-a421-4a49-91d4-47c683d8b4f3,true,
2e3f43e0-6297-4a74-ab5f-40a2ffc46b64,8369e961-f609-4f50-9f44-06b904a9f370,true,
2e3f43e0-6297-4a74-ab5f-40a2ffc46b64,a573673b-2b81-4439-a349-27cab46e9b81,true,
2e3f43e0-6297-4a74-ab5f-40a2ffc46b64,cafcac81-d6af-4b50-a3c9-5f195990dc43,true,
2e3f43e0-6297-4a74-ab5f-40a2ffc46b64,4498cbce-eb4b-4038-9919-195bb1de2a77,true,
2e3f43e0-6297-4a74-ab5f-40a2ffc46b64,fe59f0f3-f6d4-4f21-b2da-3c7710ad9739,true,
2e3f43e0-6297-4a74-ab5f-40a2ffc46b64,6668d2dc-d46d-4756-9dec-3c936a1054f7,true,
2e3f43e0-6297-4a74-ab5f-40a2ffc46b64,faae5548-c3df-4246-b858-11bbe892ab81,true,
2e3f43e0-6297-4a74-ab5f-40a2ffc46b64,0510c837-1a78-4b24-98ce-4eaf5328d38d,true,
2e3f43e0-6297-4a74-ab5f-40a2ffc46b64,4ccd64a6-32e9-439e-b5f6-38923b35daac,true,
2e3f43e0-6297-4a74-ab5f-40a2ffc46b64,6841901a-4fb2-42fd-80eb-b33cf3db6291,true,
2e3f43e0-6297-4a74-ab5f-40a2ffc46b64,33450afd-b1ff-4835-8914-00da2f077c2b,true,
2e3f43e0-6297-4a74-ab5f-40a2ffc46b64,b9f0234f-cef0-4641-a9bb-b41050e7472a,true,
2e3f43e0-6297-4a74-ab5f-40a2ffc46b64,5b629855-df9a-4556-b5d2-24efaa3cf754,true,
2e3f43e0-6297-4a74-ab5f-40a2ffc46b64,587a3291-9d5f-410a-9845-524acdc2fd34,true,
2e3f43e0-6297-4a74-ab5f-40a2ffc46b64,75ada6d8-0ba3-4bac-8329-256891238799,true,
2e3f43e0-6297-4a74-ab5f-40a2ffc46b64,e34d2ea9-403e-47c4-ba4a-73b16eb88f02,true,
2e3f43e0-6297-4a74-ab5f-40a2ffc46b64,c9ce688a-a66a-418a-8b86-7ccf1dfa63de,true,
2e3f43e0-6297-4a74-ab5f-40a2ffc46b64,21861556-693c-4fba-b38f-bfb9576b948b,true,
2e3f43e0-6297-4a74-ab5f-40a2ffc46b64,b9da0278-88bb-4a9f-8535-1b1d91442782,true,
2e3f43e0-6297-4a74-ab5f-40a2ffc46b64,02bd1b16-c656-4bc1-9de0-24366061938b,true,
2e3f43e0-6297-4a74-ab5f-40a2ffc46b64,bee22cfb-f7ef-4985-896f-3bead305e204,true,
2e3f43e0-6297-4a74-ab5f-40a2ffc46b64,7e65a673-17b6-4ff7-ba33-c21891d62e0b,true,
2e3f43e0-6297-4a74-ab5f-40a2ffc46b64,90898bd0-d350-4163-bca4-4bb6d5152efc,true,
2e3f43e0-6297-4a74-ab5f-40a2ffc46b64,0f942a49-34a1-4eb2-ab90-b5c16e0c7d65,true,
2e3f43e0-6297-4a74-ab5f-40a2ffc46b64,0e2a6926-cb17-4457-b3c4-ab806a2b3ff7,true,
2e3f43e0-6297-4a74-ab5f-40a2ffc46b64,edf76ab2-3a3e-4cb3-877f-b50ce3959e10,true,
2e3f43e0-6297-4a74-ab5f-40a2ffc46b64,63841ab1-1c4f-4f6b-9993-9e3e01c9f509,true,
2e3f43e0-6297-4a74-ab5f-40a2ffc46b64,1f0a3fe6-4ae8-48dd-a721-70c3417fcc8d,true,
2e3f43e0-6297-4a74-ab5f-40a2ffc46b64,544f1942-38b2-4799-a554-dc4f64feb5e7,true,
2e3f43e0-6297-4a74-ab5f-40a2ffc46b64,7e088baf-d0d3-47c0-8eee-e301adc4cbe1,true,
2e3f43e0-6297-4a74-ab5f-40a2ffc46b64,d9968e32-bcec-4be9-8a6a-94030c2cf96d,true,
2e3f43e0-6297-4a74-ab5f-40a2ffc46b64,00b65ea2-1f27-41c1-bdcf-de4ddab4f8f6,true,
2e3f43e0-6297-4a74-ab5f-40a2ffc46b64,1d75e2bf-52d7-4ccb-808e-bc9b6abc0bed,true,
2e3f43e0-6297-4a74-ab5f-40a2ffc46b64,e8dec75d-9258-45ac-bb3b-5c705f2deb81,true,
2e3f43e0-6297-4a74-ab5f-40a2ffc46b64,48134699-9504-4e2e-9af2-de28c8058f66,true,
2e3f43e0-6297-4a74-ab5f-40a2ffc46b64,1020ae38-85b0-497b-bc36-3930d7b89f93,true,
2530cb31-ebad-478e-8f20-7b1fe6c41b9e,be24e066-7c7f-4a41-a1d8-abb45c49e44e,true,
2530cb31-ebad-478e-8f20-7b1fe6c41b9e,99aa020a-e7f8-461e-94c5-7ab8e16c31e9,true,
2530cb31-ebad-478e-8f20-7b1fe6c41b9e,8266f941-c5ff-46c5-846d-22c7da31026d,true,
2530cb31-ebad-478e-8f20-7b1fe6c41b9e,a61ca870-4f8e-4962-92de-59e5c4b1cd45,true,
2530cb31-ebad-478e-8f20-7b1fe6c41b9e,730d3438-4327-4315-93c5-9d2e0e1d3912,true,
2530cb31-ebad-478e-8f20-7b1fe6c41b9e,6eeea13a-ad44-49d6-9d98-9e65d46460ea,true,
2530cb31-ebad-478e-8f20-7b1fe6c41b9e,b38f590e-72de-4f0b-9817-d395aaa50a98,true,
2530cb31-ebad-478e-8f20-7b1fe6c41b9e,855351c2-535f-443a-8320-054a89961a46,true,
2530cb31-ebad-478e-8f20-7b1fe6c41b9e,9c1cfd75-040f-431a-afa1-a15090a8b8b1,true,
2530cb31-ebad-478e-8f20-7b1fe6c41b9e,c4a97d96-8bca-40b1-9c0e-d8e5b036058f,true,
2530cb31-ebad-478e-8f20-7b1fe6c41b9e,b2e8841a-e36c-4539-a7d5-92ea77ff6736,true,
2530cb31-ebad-478e-8f20-7b1fe6c41b9e,0692b03a-9b0a-44e6-bd33-42008d260d3a,true,
2530cb31-ebad-478e-8f20-7b1fe6c41b9e,5fea4d18-8673-45b0-a7fa-c7b0e51af9a5,true,
2530cb31-ebad-478e-8f20-7b1fe6c41b9e,0c30e117-4c82-4113-9d45-da34517766dc,true,
2530cb31-ebad-478e-8f20-7b1fe6c41b9e,741cb1d0-b6a3-40fe-8017-a181fec8de14,true,
2530cb31-ebad-478e-8f20-7b1fe6c41b9e,c1d175d9-1cee-4ba7-b47b-e1de8ccb4750,true,
51b0cb72-b59d-43d7-acab-816633f7b3d0,cc2b2a58-b257-4308-8ce9-6a36463e2254,true,
51b0cb72-b59d-43d7-acab-816633f7b3d0,2ec49204-e1fa-4e00-afbd-67b9b1f5ca84,true,
51b0cb72-b59d-43d7-acab-816633f7b3d0,a2147488-c9a6-4664-8974-71256064c96f,true,
51b0cb72-b59d-43d7-acab-816633f7b3d0,89eea657-d4ac-404a-87f7-196bb12ba688,true,
51b0cb72-b59d-43d7-acab-816633f7b3d0,d4b381f7-713a-42ed-ab38-9926b6c606bc,true,
51b0cb72-b59d-43d7-acab-816633f7b3d0,f704980b-0442-4493-bf83-16b111c7cbda,true,
51b0cb72-b59d-43d7-acab-816633f7b3d0,71320286-e7c5-4060-a1bb-336039d6a96e,true,
51b0cb72-b59d-43d7-acab-816633f7b3d0,e491590f-eab0-4d0b-ad05-82e733848b77,true,
51b0cb72-b59d-43d7-acab-816633f7b3d0,726dc590-d2d3-4f1e-ad48-08308e75e351,true,
51b0cb72-b59d-43d7-acab-816633f7b3d0,2c841962-853a-43e1-9f60-c3fc89ca3782,true,
51b0cb72-b59d-43d7-acab-816633f7b3d0,6a7ddc5a-e633-4ce5-ae77-51c37f4741b0,true,
51b0cb72-b59d-43d7-acab-816633f7b3d0,2080b3c6-671e-4696-82d1-eefd84c9f68a,true,
51b0cb72-b59d-43d7-acab-816633f7b3d0,ce95ca20-35f8-4c79-8673-50a4634b7709,true,
51b0cb72-b59d-43d7-acab-816633f7b3d0,8619451c-10b0-4ec6-899d-dd7e53496c7a,true,
51b0cb72-b59d-43d7-acab-816633f7b3d0,275958c3-57bc-4461-97ea-9b20ef13e1e5,true,
51b0cb72-b59d-43d7-acab-816633f7b3d0,1c8a945b-da74-4c97-9a7c-30c97dab3db9,true,
51b0cb72-b59d-43d7-acab-816633f7b3d0,1956315a-e971-4a1a-81ee-f34ba839ddf9,true,
51b0cb72-b59d-43d7-acab-816633f7b3d0,ae566014-fde0-401c-96d0-3d8426785312,true,
51b0cb72-b59d-43d7-acab-816633f7b3d0,8318b5c7-2741-4026-a77b-57310845a4f7,true,
51b0cb72-b59d-43d7-acab-816633f7b3d0,d087d54f-0b08-4a4a-bcbd-3f6fb34aee37,true,
51b0cb72-b59d-43d7-acab-816633f7b3d0,b87fd5ad-07b8-4014-8506-12d2a89bbe3b,true,
51b0cb72-b59d-43d7-acab-816633f7b3d0,d036f91b-1a90-424b-a048-02dd637bf574,true,
51b0cb72-b59d-43d7-acab-816633f7b3d0,178343fe-ee50-46e6-a50a-a5010e9296b6,true,
51b0cb72-b59d-43d7-acab-816633f7b3d0,38ac871c-6715-4dc8-8dda-31333c81dc0a,true,
51b0cb72-b59d-43d7-acab-816633f7b3d0,3ed5fa07-2e35-401c-b446-a25702c1817d,true,
51b0cb72-b59d-43d7-acab-816633f7b3d0,e9427a6d-ed98-4feb-aa07-b2a1ed5b97a8,true,
51b0cb72-b59d-43d7-acab-816633f7b3d0,9e840b24-15a7-4d96-a1d7-0e179634dc86,true,
51b0cb72-b59d-43d7-acab-816633f7b3d0,3a8d3e3a-48bd-4856-86cf-ab18867fc08a,true,
51b0cb72-b59d-43d7-acab-816633f7b3d0,d88c1183-ac38-4a64-94ae-6b0609827a53,true,
51b0cb72-b59d-43d7-acab-816633f7b3d0,fc107a3f-0008-4be0-bada-0b4605492829,true,
51b0cb72-b59d-43d7-acab-816633f7b3d0,f1a0e897-773f-4614-8753-f2dcd37269d2,true,
51b0cb72-b59d-43d7-acab-816633f7b3d0,f93b8f6b-626c-416b-ab0d-e7da8a1b41ec,true,
51b0cb72-b59d-43d7-acab-816633f7b3d0,895a4f94-4635-42fc-b19b-de858e87b0fc,true,
51b0cb72-b59d-43d7-acab-816633f7b3d0,7fd82da8-2649-427e-9f37-bcf666297c0e,true,
51b0cb72-b59d-43d7-acab-816633f7b3d0,645ccfd7-67ea-4d88-9051-bf8298ab7614,true,
51b0cb72-b59d-43d7-acab-816633f7b3d0,b249846f-e7e2-4be9-aaee-b6b29e8ff8ad,true,
51b0cb72-b59d-43d7-acab-816633f7b3d0,27f64337-b2ad-4ba0-b834-87d492a304be,true,
51b0cb72-b59d-43d7-acab-816633f7b3d0,d07ec7b3-b0b8-421d-ae1d-d7abcf11449a,true,
51b0cb72-b59d-43d7-acab-816633f7b3d0,e1635e5a-7ab1-452d-a438-f105ce07fe2b,true,
51b0cb72-b59d-43d7-acab-816633f7b3d0,9271e4cf-278b-4f7f-ab2b-ecbbfacb702a,true,
51b0cb72-b59d-43d7-acab-816633f7b3d0,18996e42-99cc-442f-9a84-2d37395df12d,true,
51b0cb72-b59d-43d7-acab-816633f7b3d0,66eeda89-75a5-4254-a645-f11521f1e7e4,true,
51b0cb72-b59d-43d7-acab-816633f7b3d0,196fe83c-af08-456e-8186-229c6a2d1e10,true,
51b0cb72-b59d-43d7-acab-816633f7b3d0,3a148428-58a0-4974-9d07-3121829aa1c1,true,
51b0cb72-b59d-43d7-acab-816633f7b3d0,b3ba70c1-86e5-415e-a39e-7899e3f2a0e7,true,
51b0cb72-b59d-43d7-acab-816633f7b3d0,ccd6e972-ee03-4f92-9088-d302dc1991c5,true,
51b0cb72-b59d-43d7-acab-816633f7b3d0,346bf036-33bc-478b-9b08-698d240e4d30,true,
51b0cb72-b59d-43d7-acab-816633f7b3d0,71f9e5eb-a737-43cc-a26d-ab634f56d399,true,
51b0cb72-b59d-43d7-acab-816633f7b3d0,49e289e2-906c-49d8-b948-214ac7b5ecde,true,
51b0cb72-b59d-43d7-acab-816633f7b3d0,edcd8579-5cbe-4eca-9bf5-104184eee095,true,
51b0cb72-b59d-43d7-acab-816633f7b3d0,050010ac-67a3-419d-9111-d1ae85fe6b04,true,
51b0cb72-b59d-43d7-acab-816633f7b3d0,f73dc743-bf65-4f92-890a-3699b4c76069,true,
51b0cb72-b59d-43d7-acab-816633f7b3d0,74d1038a-8d70-40b3-b851-4f3ea3c154d0,true,
51b0cb72-b59d-43d7-acab-816633f7b3d0,7b19273f-eb4f-4503-a2e2-a67324c3c099,true,
51b0cb72-b59d-43d7-acab-816633f7b3d0,40edaeef-ab28-4f62-b5fe-cd5fab80cb30,true,
51b0cb72-b59d-43d7-acab-816633f7b3d0,49ac26a5-c0fa-4b09-b336-cda12ef90051,true,
51b0cb72-b59d-43d7-acab-816633f7b3d0,2b970f56-b4f1-4695-8db0-21a5b6b601fd,true,
a81749ad-9e6a-4a15-982b-f16d0442759f,f30ec70c-0ed3-4349-b717-4d957039bd39,false,[NO_5XX] Unexpected 5XX response: 503
a81749ad-9e6a-4a15-982b-f16d0442759f,ac974a4f-6e89-4563-bdc7-0810c447a4a1,true,
a81749ad-9e6a-4a15-982b-f16d0442759f,b75944b7-6853-4565-85a1-8c692cc4a361,true,
a81749ad-9e6a-4a15-982b-f16d0442759f,d25db65e-3bab-4a72-a4a2-71395e18705f,true,
a81749ad-9e6a-4a15-982b-f16d0442759f,e5ffb312-fc29-4086-89f2-420ad5c8e075,true,
a81749ad-9e6a-4a15-982b-f16d0442759f,7fa2d366-b80e-4952-8f7f-e9df1c178000,true,
a81749ad-9e6a-4a15-982b-f16d0442759f,a28510d7-d74b-40e9-a9c1-7648c9e8357a,true,
a81749ad-9e6a-4a15-982b-f16d0442759f,0442bed3-533b-4eae-a649-a4a2ee5d9d33,true,
a81749ad-9e6a-4a15-982b-f16d0442759f,bfb5a965-5f70-467e-ad02-8b7e85699110,true,
a81749ad-9e6a-4a15-982b-f16d0442759f,56b5b5d7-0640-4e4c-8128-e8a106e8c1dd,true,
a81749ad-9e6a-4a15-982b-f16d0442759f,a85e2cf0-f1fe-40e7-8044-81905dc1c710,true,
a81749ad-9e6a-4a15-982b-f16d0442759f,bb64f65a-62d8-4e38-a059-d613bb652284,true,
a81749ad-9e6a-4a15-982b-f16d0442759f,347e2fe3-5c9f-4a8d-83f4-1b466541e443,true,
a81749ad-9e6a-4a15-982b-f16d0442759f,878f755b-7397-40bf-8097-80467ab5a48c,true,
a81749ad-9e6a-4a15-982b-f16d0442759f,db456f7a-5614-4980-a49d-ef7513cb5f2d,true,
a81749ad-9e6a-4a15-982b-f16d0442759f,d07246a7-9fe6-4f1f-98d9-6b4c71f5a3f4,true,
a81749ad-9e6a-4a15-982b-f16d0442759f,9c156822-8c08-43f7-a64d-d605a7632ce1,true,
a81749ad-9e6a-4a15-982b-f16d0442759f,8fa82f4d-0c71-4caa-a670-1ccf6b505305,true,
a81749ad-9e6a-4a15-982b-f16d0442759f,2054eec5-dccf-417e-ae9c-e2fd839b3c4f,true,
a81749ad-9e6a-4a15-982b-f16d0442759f,29f23889-c242-4b67-9152-2a1cf779e0e2,true,
a81749ad-9e6a-4a15-982b-f16d0442759f,630eefbd-02a7-4e95-a9e5-2bfb4c2463f3,true,
a81749ad-9e6a-4a15-982b-f16d0442759f,f77ea47c-a80e-41fd-8b19-66e529127978,true,
a81749ad-9e6a-4a15-982b-f16d0442759f,f4a83e55-9d05-4d71-b9e2-86ed3bfe95ea,true,
a81749ad-9e6a-4a15-982b-f16d0442759f,0d28b5d3-66a7-4665-91ec-78f0ab42af2e,true,
a81749ad-9e6a-4a15-982b-f16d0442759f,9aaa01c9-c2e4-4b42-ae9f-40b70a76feb0,true,
a81749ad-9e6a-4a15-982b-f16d0442759f,82780c3a-f8e5-4586-85e6-e47955d03f33,true,
a81749ad-9e6a-4a15-982b-f16d0442759f,fcd55c9c-9e30-421c-9fbe-e09f5239871c,true,
7324b653-9b9f-4931-90a5-434c50386d72,263ea77a-a603-4c6b-8aaf-5137091ba441,true,
7324b653-9b9f-4931-90a5-434c50386d72,d92d4aa7-5c6c-49c5-803a-d4378019398a,true,
7324b653-9b9f-4931-90a5-434c50386d72,e525551f-951b-4290-8c25-dddfb1b8123b,true,
7324b653-9b9f-4931-90a5-434c50386d72,b6dd2d61-0728-4572-a468-aff56d65aee6,true,
7324b653-9b9f-4931-90a5-434c50386d72,decb7723-29a6-465b-a04e-42b1a643bfd1,true,
7324b653-9b9f-4931-90a5-434c50386d72,b94f9353-95c2-433b-b037-f4f4170c0745,true,
7324b653-9b9f-4931-90a5-434c50386d72,d2edec4a-a889-4ca3-8e9c-137b11b5e1ab,true,
7324b653-9b9f-4931-90a5-434c50386d72,05a78397-f264-45fc-98e6-7d25a3915ef6,true,
7324b653-9b9f-4931-90a5-434c50386d72,3d4085d2-573a-4012-912c-95393fbc1080,true,
7324b653-9b9f-4931-90a5-434c50386d72,65d6b7ee-a05f-456c-81be-236a16d75419,true,
7324b653-9b9f-4931-90a5-434c50386d72,ba543e8d-b247-4f4e-bf62-630321e266dc,true,
7324b653-9b9f-4931-90a5-434c50386d72,a07e63fd-3afb-490d-972e-6217ba8ef8fc,true,
7324b653-9b9f-4931-90a5-434c50386d72,9763d13d-7ffc-4cdf-808a-7755521b1251,true,
7324b653-9b9f-4931-90a5-434c50386d72,5f18c9d8-50a0-4bf5-a5e5-30d788a3a2d8,true,
7324b653-9b9f-4931-90a5-434c50386d72,b4b446a4-6065-404b-840b-4b36de744179,true,
7324b653-9b9f-4931-90a5-434c50386d72,4f1523d5-275e-433d-b9c7-b7a58b7a3083,true,
7324b653-9b9f-4931-90a5-434c50386d72,e19e0e4b-8f53-485a-9b3c-9eb73eab6dff,true,
7324b653-9b9f-4931-90a5-434c50386d72,18a3f4a3-d2e0-44dd-a80e-9c1415e23d87,true,
7324b653-9b9f-4931-90a5-434c50386d72,87b8e471-df56-458d-b2c0-a8d151bd75b1,true,
7324b653-9b9f-4931-90a5-434c50386d72,9cf9b46a-327a-43e3-85fb-885d242caa72,true,
7324b653-9b9f-4931-90a5-434c50386d72,9a378b3c-984b-4541-8773-d03a28b7820a,true,
7324b653-9b9f-4931-90a5-434c50386d72,41001a4a-d65a-4328-b106-1fccbd5438b0,true,
7324b653-9b9f-4931-90a5-434c50386d72,eeac0499-ae4e-4fde-a0b7-2035eb9cd2a9,true,
7324b653-9b9f-4931-90a5-434c50386d72,eeeff434-67b0-438b-8fdd-99a240d17a00,true,
7324b653-9b9f-4931-90a5-434c50386d72,e79b7aee-0a12-4da6-bc82-97cd99dbcbd2,true,
7324b653-9b9f-4931-90a5-434c50386d72,78d05ceb-dbcd-4a06-92cc-91e838a1a5a0,true,
7324b653-9b9f-4931-90a5-434c50386d72,a0692779-e403-4b91-b3aa-1301c25edbaf,true,
7324b653-9b9f-4931-90a5-434c50386d72,6e236f25-277b-413d-9651-0bdb2404d106,true,
7324b653-9b9f-4931-90a5-434c50386d72,14b7999d-cfa1-40f4-a9fb-b8efe6da76b4,true,
7324b653-9b9f-4931-90a5-434c50386d72,770881db-4f65-4407-bf27-1a64ff61e475,true,
7324b653-9b9f-4931-90a5-434c50386d72,229fae22-010a-419d-a123-9e284d377ac1,true,
7324b653-9b9f-4931-90a5-434c50386d72,ce53e582-fb47-45c8-880f-d61b431f1b29,true,
7324b653-9b9f-4931-90a5-434c50386d72,59669c02-2ccb-44fc-8d43-13e941a4c780,true,
7324b653-9b9f-4931-90a5-434c50386d72,a53cca71-46c0-4607-9bb8-2e1b2c3b4792,true,
7324b653-9b9f-4931-90a5-434c50386d72,78523280-f771-471d-aca3-8be120a6ea5b,true,
7324b653-9b9f-4931-90a5-434c50386d72,a8b29bc3-070f-4a32-8276-86d7599909c6,true,
7324b653-9b9f-4931-90a5-434c50386d72,9ace7c94-0480-484b-a73e-d00ed3e8b6ae,true,
7324b653-9b9f-4931-90a5-434c50386d72,c102d9a2-dba2-4eb2-be36-7e4551c69aaa,true,
7324b653-9b9f-4931-90a5-434c50386d72,61c99be8-a5d2-47d3-a00f-bc827dd28df8,true,
7324b653-9b9f-4931-90a5-434c50386d72,51f151f0-7cc1-42ed-90d5-ff0773cbe2f1,true,
7324b653-9b9f-4931-90a5-434c50386d72,d838f052-d0f2-4fe8-a081-e875616ee22f,true,
7324b653-9b9f-4931-90a5-434c50386d72,548ee390-adac-424c-bffc-b3707fbc1475,true,
7324b653-9b9f-4931-90a5-434c50386d72,fb90f72e-eb40-45fc-a1b4-81d3f9c45db6,true,
7324b653-9b9f-4931-90a5-434c50386d72,9a80162c-50c0-43e4-a646-6324908e497d,true,
7324b653-9b9f-4931-90a5-434c50386d72,7eab0b39-ab6f-4d88-919e-ad5231c38ec8,true,
7324b653-9b9f-4931-90a5-434c50386d72,18f8f9d4-516f-4108-8bf0-2942fdaff400,true,
7324b653-9b9f-4931-90a5-434c50386d72,ae258793-93a3-40e2-8a67-56a8124ce157,true,
7324b653-9b9f-4931-90a5-434c50386d72,549a215f-36bc-4b9d-aa13-270ffb336e65,true,
7324b653-9b9f-4931-90a5-434c50386d72,01b493e7-7796-43ec-a17f-3ed23c18fd27,true,
7324b653-9b9f-4931-90a5-434c50386d72,16d14ea9-26c9-4787-b034-e2fd63acb910,true,
7324b653-9b9f-4931-90a5-434c50386d72,db2e58f0-4605-4f1e-bf05-120a1641839c,true,
7324b653-9b9f-4931-90a5-434c50386d72,acf11691-3261-455f-a5a5-ec6997cd89dc,true,
7324b653-9b9f-4931-90a5-434c50386d72,38f7cb0e-458f-42da-86a5-6302d0405632,true,
7324b653-9b9f-4931-90a5-434c50386d72,4fd1cf36-1739-4544-ae0c-97e0148c465f,true,
7324b653-9b9f-4931-90a5-434c50386d72,2275031a-eee8-4c23-ba0a-9d07432d8c24,true,
7324b653-9b9f-4931-90a5-434c50386d72,831a96c7-9780-4442-a700-65bd90f7d57d,true,
7324b653-9b9f-4931-90a5-434c50386d72,0eaeed26-1fd5-444a-aa4f-2dc90d2c0837,true,
7324b653-9b9f-4931-90a5-434c50386d72,16b42c30-b56b-4761-a2ca-30d42f68b40d,true,
7324b653-9b9f-4931-90a5-434c50386d72,27f16369-5a04-4f49-b39e-21b2ffa17e87,true,
7324b653-9b9f-4931-90a5-434c50386d72,b9a568fb-5c23-44f4-b679-814f0e9bd91f,true,
7324b653-9b9f-4931-90a5-434c50386d72,d3144849-c5d5-4b68-a4ba-cd620812843f,true,
7324b653-9b9f-4931-90a5-434c50386d72,f15f9848-5a59-43a9-b3a1-f619d07dd973,true,
fbc000e5-4b59-4f3d-844e-b6cf67c04ffc,00812cee-4123-4e93-8289-113dbdb15700,true,
fbc000e5-4b59-4f3d-844e-b6cf67c04ffc,2245a2b0-2297-4444-ba9f-05f5fb4179bd,true,
fbc000e5-4b59-4f3d-844e-b6cf67c04ffc,a221366c-e105-46ee-8514-da36b31c948f,true,
fbc000e5-4b59-4f3d-844e-b6cf67c04ffc,5b5ca297-626b-4d6b-9806-0113398ca396,true,
fbc000e5-4b59-4f3d-844e-b6cf67c04ffc,6aa7730d-ed90-434e-bb2c-0d063158f463,true,
fbc000e5-4b59-4f3d-844e-b6cf67c04ffc,9daa8d54-a569-48a9-8f2c-402aa2e641c5,true,
fbc000e5-4b59-4f3d-844e-b6cf67c04ffc,40060ab4-ea86-4f3b-8f1e-638be0909559,true,
fbc000e5-4b59-4f3d-844e-b6cf67c04ffc,228a24cc-9988-4b4c-8e20-9f0c61fad84d,true,
fbc000e5-4b59-4f3d-844e-b6cf67c04ffc,065dae0c-b1c9-4bf1-98c1-5bbda4c21d19,true,
fbc000e5-4b59-4f3d-844e-b6cf67c04ffc,c8ed315d-2bd5-4b6f-a95e-aba6c4ea6c54,true,
fbc000e5-4b59-4f3d-844e-b6cf67c04ffc,ae235256-f582-4517-be87-c6846db9ac5f,true,
fbc000e5-4b59-4f3d-844e-b6cf67c04ffc,795cc41c-9d9a-4c15-ae58-f40304afccac,true,
fbc000e5-4b59-4f3d-844e-b6cf67c04ffc,40b7de7c-b858-4db5-9598-34f3b17fbc0a,true,
fbc000e5-4b59-4f3d-844e-b6cf67c04ffc,56c2b053-a5f2-4b54-894a-ba66fa75f580,true,
fbc000e5-4b59-4f3d-844e-b6cf67c04ffc,48d00684-7668-4cd5-8597-47198974f392,true,
fbc000e5-4b59-4f3d-844e-b6cf67c04ffc,402d42fc-b0fa-4961-a229-2bf97081cb7a,true,
fbc000e5-4b59-4f3d-844e-b6cf67c04ffc,968eaaa5-d47c-443c-a654-8629aae41967,true,
fbc000e5-4b59-4f3d-844e-b6cf67c04ffc,fda47831-76af-42c7-8e96-accff1f5a97b,true,
fbc000e5-4b59-4f3d-844e-b6cf67c04ffc,457a759f-5844-4ad9-9a4a-d32c07681877,true,
fbc000e5-4b59-4f3d-844e-b6cf67c04ffc,39e40929-3305-4252-8f6f-c2c17e15e47a,true,
fbc000e5-4b59-4f3d-844e-b6cf67c04ffc,c2dc829a-0e84-4826-a631-fbe01f535ca6,true,
fbc000e5-4b59-4f3d-844e-b6cf67c04ffc,99fb874f-6234-42c8-84eb-fee89c31a5fc,true,
fbc000e5-4b59-4f3d-844e-b6cf67c04ffc,75b374cc-7235-4d6a-b019-b1620cec7440,true,
fbc000e5-4b59-4f3d-844e-b6cf67c04ffc,0ebe0060-a3f5-4bef-8b22-ac0074214921,true,
fbc000e5-4b59-4f3d-844e-b6cf67c04ffc,7d850ac5-9422-4bd4-b4f8-a6405fda3233,true,
fbc000e5-4b59-4f3d-844e-b6cf67c04ffc,4af469c5-de52-46aa-9186-cafd651897fd,true,
fbc000e5-4b59-4f3d-844e-b6cf67c04ffc,128d5c5e-a5b9-4749-ae40-b1b82bc43d01,true,
fbc000e5-4b59-4f3d-844e-b6cf67c04ffc,38a2e6b6-f85b-4466-80a4-5557220584b4,true,
fbc000e5-4b59-4f3d-844e-b6cf67c04ffc,dad5e4c3-0eee-4e55-8d20-48c7cde2dfcd,true,
fbc000e5-4b59-4f3d-844e-b6cf67c04ffc,57b01c18-c535-463e-81c1-d3de725f612f,true,
fbc000e5-4b59-4f3d-844e-b6cf67c04ffc,f381d872-936f-4808-ad29-a066b18e4f61,true,
fbc000e5-4b59-4f3d-844e-b6cf67c04ffc,88119172-6afc-486a-8fcf-c04957f0fd2f,true,
fbc000e5-4b59-4f3d-844e-b6cf67c04ffc,db8bedeb-06f1-4c9a-916d-044e5b76a7e6,true,
fbc000e5-4b59-4f3d-844e-b6cf67c04ffc,ba5e4182-88d4-4d6d-870b-e65bfb80e206,true,
c1cabb28-ee73-4644-a2fd-fc84d903f06f,1b163462-878a-4b64-b380-7870469bf30d,true,
c1cabb28-ee73-4644-a2fd-fc84d903f06f,1efeb79a-64c6-46ea-9853-27458ee84572,true,
c1cabb28-ee73-4644-a2fd-fc84d903f06f,bd802e19-4bba-4c26-9177-8c64afab05aa,true,
c1cabb28-ee73-4644-a2fd-fc84d903f06f,cef8ea18-d926-4e2c-8412-b3fdfb1671e0,true,
c1cabb28-ee73-4644-a2fd-fc84d903f06f,db140e4b-2718-4626-9af8-2d5b9a926373,true,
c1cabb28-ee73-4644-a2fd-fc84d903f06f,50c123f3-dacd-4bdd-9fc7-26f14890af43,true,
c1cabb28-ee73-4644-a2fd-fc84d903f06f,5c4cc28d-a755-4c19-a452-0d269ba38332,true,
c1cabb28-ee73-4644-a2fd-fc84d903f06f,bd12bed3-1eff-4d90-a7fa-257a5fe25440,true,
c1cabb28-ee73-4644-a2fd-fc84d903f06f,608c1c64-14a6-4b45-839b-71a86ac23218,true,
c1cabb28-ee73-4644-a2fd-fc84d903f06f,707b70ee-406e-461e-ad17-41e1795e220d,true,
c1cabb28-ee73-4644-a2fd-fc84d903f06f,beb0d092-63a2-4be8-8482-7e27b4767aa2,true,
c1cabb28-ee73-4644-a2fd-fc84d903f06f,a15bf055-4765-4217-8320-0a74f242c9c5,true,
c1cabb28-ee73-4644-a2fd-fc84d903f06f,fcb074d0-786d-48b9-b363-020a3a688c05,true,
c1cabb28-ee73-4644-a2fd-fc84d903f06f,bf929311-f74a-4267-a4fa-00954b5665df,true,
c1cabb28-ee73-4644-a2fd-fc84d903f06f,3fd3bfd2-8315-4706-ba87-3e8562adc749,true,
c1cabb28-ee73-4644-a2fd-fc84d903f06f,6672e134-8f6f-479a-83bb-7c20b05af239,true,
c1cabb28-ee73-4644-a2fd-fc84d903f06f,489a62a0-2439-4c94-b12a-41fd21d790ac,true,
c1cabb28-ee73-4644-a2fd-fc84d903f06f,32150f5f-6da9-4d92-af71-334578763fce,true,
c1cabb28-ee73-4644-a2fd-fc84d903f06f,1cf406d7-0750-4a6d-b59b-4e5a3bc79b23,true,
c1cabb28-ee73-4644-a2fd-fc84d903f06f,22c392df-150d-4932-8b0b-be294bd2a9e2,true,
c1cabb28-ee73-4644-a2fd-fc84d903f06f,20310c3c-59db-4718-8d79-1c17250b7f59,true,
c1cabb28-ee73-4644-a2fd-fc84d903f06f,5616978a-5bc4-4345-a93b-30260023d003,true,
c1cabb28-ee73-4644-a2fd-fc84d903f06f,73faefc2-1e54-43ae-bb04-839207be8c1f,true,
c1cabb28-ee73-4644-a2fd-fc84d903f06f,e45b0351-5a0e-4a4b-b919-3b25e9768048,true,
c1cabb28-ee73-4644-a2fd-fc84d903f06f,038fd726-dced-4c79-aa38-cc7761792d94,true,
c1cabb28-ee73-4644-a2fd-fc84d903f06f,f815b00a-2349-4f0b-8d5e-f7c506c49417,true,
c1cabb28-ee73-4644-a2fd-fc84d903f06f,7bbec9d1-818d-4951-8c43-2bd4165db271,true,
c1cabb28-ee73-4644-a2fd-fc84d903f06f,9803c563-4775-47ec-b751-ee1297b17a14,true,
c1cabb28-ee73-4644-a2fd-fc84d903f06f,ac821280-2720-4a8f-b151-f00254bf3d23,true,
c1cabb28-ee73-4644-a2fd-fc84d903f06f,4e041366-469d-4a46-9dfc-b623749fe1dd,true,
c1cabb28-ee73-4644-a2fd-fc84d903f06f,fd629a91-bb74-4873-9866-391a1059fbbb,true,
c1cabb28-ee73-4644-a2fd-fc84d903f06f,f21c8c27-d5aa-4aef-956c-ef87a125d2df,true,
c1cabb28-ee73-4644-a2fd-fc84d903f06f,87173d28-4028-4564-989b-7b5b922d8fcd,true,
c1cabb28-ee73-4644-a2fd-fc84d903f06f,53d77a5b-765a-44f6-bcd1-7d330710a7d8,true,
c1cabb28-ee73-4644-a2fd-fc84d903f06f,48787a86-2977-4f8a-bf1e-3b989b23f966,true,
c1cabb28-ee73-4644-a2fd-fc84d903f06f,abd0a074-df91-4afd-99aa-d8b78e668fd0,true,
c1cabb28-ee73-4644-a2fd-fc84d903f06f,39aca3f0-59db-4d78-9a4c-141d25364ec1,true,
c1cabb28-ee73-4644-a2fd-fc84d903f06f,dda89fbf-d856-4f8f-91bf-bee43b47ad1b,true,
c1cabb28-ee73-4644-a2fd-fc84d903f06f,03da21c0-fc06-40ce-addc-a184e3b5972e,true,
c1cabb28-ee73-4644-a2fd-fc84d903f06f,7fe5fd0e-b052-4f72-99b2-b9ee52113d3b,true,
c1cabb28-ee73-4644-a2fd-fc84d903f06f,ad599f85-6741-471f-b3d9-37987e3b78df,true,
c1cabb28-ee73-4644-a2fd-fc84d903f06f,be2d72fa-d241-413d-ac33-292b9b87aba2,true,
c1cabb28-ee73-4644-a2fd-fc84d903f06f,966f0cce-bfb2-4638-a15a-169f34bc736a,true,
c1cabb28-ee73-4644-a2fd-fc84d903f06f,3a847bd5-1a2e-493b-8fad-1aab52811a48,true,
c1cabb28-ee73-4644-a2fd-fc84d903f06f,52fea2f2-4cf4-40fe-887b-3e6f742143f1,true,
c1cabb28-ee73-4644-a2fd-fc84d903f06f,93987578-6e5b-485c-b2f3-fe17d21daa05,true,
c1cabb28-ee73-4644-a2fd-fc84d903f06f,3fa32ef2-5eda-42eb-b816-1fb553ea535b,true,
c1cabb28-ee73-4644-a2fd-fc84d903f06f,7e4106bc-0faf-4be0-8d77-8d28408e757a,true,
c1cabb28-ee73-4644-a2fd-fc84d903f06f,1996439a-a5b6-40a5-b898-15f489d29d82,true,
c1cabb28-ee73-4644-a2fd-fc84d903f06f,e68e982a-5896-4658-805b-12fb93923efb,true,
c1cabb28-ee73-4644-a2fd-fc84d903f06f,0f1eccee-2953-4240-b0a3-5a920630bc1f,true,
c1cabb28-ee73-4644-a2fd-fc84d903f06f,82e91276-4040-445a-9787-23b0ffcdf9d8,true,
c1cabb28-ee73-4644-a2fd-fc84d903f06f,9dc53ddd-03a0-44b7-b1fe-a2a84dc280a9,true,
c1cabb28-ee73-4644-a2fd-fc84d903f06f,615af784-79d3-445d-a133-64d5c04940e3,true,
c1cabb28-ee73-4644-a2fd-fc84d903f06f,2cee6657-2a0a-4bae-bc56-653c6bb84f5d,true,
c1cabb28-ee73-4644-a2fd-fc84d903f06f,f9d5dd73-5eef-4a2a-861e-8d627c3fe5c5,true,
c1cabb28-ee73-4644-a2fd-fc84d903f06f,e308763e-c817-4e34-a602-aedb69e95b75,true,
c1cabb28-ee73-4644-a2fd-fc84d903f06f,f9cbc493-0e80-48a5-a14a-e58cead3b1f0,true,
c1cabb28-ee73-4644-a2fd-fc84d903f06f,ab379de3-323b-4ca9-b572-8aacc6f0c348,true,
c1cabb28-ee73-4644-a2fd-fc84d903f06f,bc90b33b-57fe-4dd6-9b56-293958d308f1,true,
c1cabb28-ee73-4644-a2fd-fc84d903f06f,2cd34e79-bd56-4aab-935c-b750e6839745,true,
c1cabb28-ee73-4644-a2fd-fc84d903f06f,8b77f35c-f3f5-4c84-ab99-d0003dc33b4e,true,
93be017f-7f6c-4b26-81b0-8b93edb6e16a,bd7a3f21-2166-4760-9694-3e9115317f1d,true,
93be017f-7f6c-4b26-81b0-8b93edb6e16a,6b9223db-84c2-4a29-a04a-ec8f1d59e064,true,
93be017f-7f6c-4b26-81b0-8b93edb6e16a,df024a49-a796-4df7-bb14-9236042ee5d2,true,
93be017f-7f6c-4b26-81b0-8b93edb6e16a,c1558194-edae-488d-9ac7-a21ec21533f7,true,
93be017f-7f6c-4b26-81b0-8b93edb6e16a,221ed32a-a6e5-4abe-9de9-d6fd843a7a4d,true,
93be017f-7f6c-4b26-81b0-8b93edb6e16a,545536c8-f5e1-4883-bf96-cd99ced50fb4,true,
93be017f-7f6c-4b26-81b0-8b93edb6e16a,e5931e19-7b15-4ab9-bf26-6a795334731f,true,
93be017f-7f6c-4b26-81b0-8b93edb6e16a,bacfdefb-53cb-482a-b525-580649a4943f,true,
93be017f-7f6c-4b26-81b0-8b93edb6e16a,168a3124-862d-49c5-b435-7b101160eb69,true,
93be017f-7f6c-4b26-81b0-8b93edb6e16a,52879970-5b05-44c2-9202-6a63fc69a5d2,true,
93be017f-7f6c-4b26-81b0-8b93edb6e16a,d9bbd060-572d-48f2-9bac-d6bf7644255d,true,
93be017f-7f6c-4b26-81b0-8b93edb6e16a,45de841b-9ac5-470a-8775-bf899a820081,true,
93be017f-7f6c-4b26-81b0-8b93edb6e16a,1aae77bb-9524-4857-b004-c55c79cff8ec,true,
93be017f-7f6c-4b26-81b0-8b93edb6e16a,35b149b8-b93f-4db3-be6c-e87170607ade,true,
93be017f-7f6c-4b26-81b0-8b93edb6e16a,0413647b-490f-4857-b2d6-2a9fb5733c3d,true,
93be017f-7f6c-4b26-81b0-8b93edb6e16a,60037312-31da-4a27-8408-1fc32605c595,true,
93be017f-7f6c-4b26-81b0-8b93edb6e16a,8379620b-c82d-449f-b5ac-a10a62711f23,true,
93be017f-7f6c-4b26-81b0-8b93edb6e16a,bae0555a-f3c8-4fe2-9223-40ea3cacc901,true,
93be017f-7f6c-4b26-81b0-8b93edb6e16a,0ed31cde-1b63-4700-9878-fb255e9ab0e6,true,
93be017f-7f6c-4b26-81b0-8b93edb6e16a,515e7699-3e00-421e-a44f-1f6b0d021842,true,
93be017f-7f6c-4b26-81b0-8b93edb6e16a,5ee4b91c-81ba-40de-b636-5a278e7ce289,true,
93be017f-7f6c-4b26-81b0-8b93edb6e16a,61c03137-5931-475c-9e6e-b3f4f5581ad3,true,
93be017f-7f6c-4b26-81b0-8b93edb6e16a,7642cd3c-0ad6-43c7-a2d1-9c6b9691a7aa,true,
93be017f-7f6c-4b26-81b0-8b93edb6e16a,bb77882c-8a78-4951-bdd9-4eb276478dfc,true,
93be017f-7f6c-4b26-81b0-8b93edb6e16a,3558b3ff-5305-4785-b5ef-36fc28f6ea6d,true,
93be017f-7f6c-4b26-81b0-8b93edb6e16a,d9a7e69c-b60b-414e-abdd-f50ef6df4103,true,
93be017f-7f6c-4b26-81b0-8b93edb6e16a,e42e3176-95f1-462c-a8f8-ead881a06171,true,
93be017f-7f6c-4b26-81b0-8b93edb6e16a,4861a9a7-c71a-466c-811a-a334e5b600b8,true,
93be017f-7f6c-4b26-81b0-8b93edb6e16a,fe02f3de-b4fa-48f4-aedb-1ed6872fc3f4,true,
93be017f-7f6c-4b26-81b0-8b93edb6e16a,0d3314bc-b82c-4c48-b47e-b81672f25680,true,
93be017f-7f6c-4b26-81b0-8b93edb6e16a,d811cb6a-bf1d-416d-a79d-a27f7421de30,true,
93be017f-7f6c-4b26-81b0-8b93edb6e16a,e3ac1e00-1336-4ba9-bc54-79b32e5648ba,true,
93be017f-7f6c-4b26-81b0-8b93edb6e16a,4d47d265-7b03-4903-928e-9e5803459e3e,true,
93be017f-7f6c-4b26-81b0-8b93edb6e16a,13ea2460-eed7-4dc5-8dd5-7a7a89a6b267,true,
93be017f-7f6c-4b26-81b0-8b93edb6e16a,da113934-0bb5-46e2-ad87-8f301429cf9a,true,
93be017f-7f6c-4b26-81b0-8b93edb6e16a,b3f9e480-efc3-483f-bf6c-426de6027953,true,
93be017f-7f6c-4b26-81b0-8b93edb6e16a,bdbe397e-c612-4502-900a-b752164db46d,true,
93be017f-7f6c-4b26-81b0-8b93edb6e16a,b1ea93f4-0b2a-4194-aea5-a786c20799ed,true,
93be017f-7f6c-4b26-81b0-8b93edb6e16a,45ef4bde-87c7-4c55-b39c-9931795bbc85,true,
93be017f-7f6c-4b26-81b0-8b93edb6e16a,4dd6b168-c500-452b-a957-51893bd91331,true,
93be017f-7f6c-4b26-81b0-8b93edb6e16a,8a160a23-9405-44a1-bc3c-cf9e0990feb6,true,
93be017f-7f6c-4b26-81b0-8b93edb6e16a,ebac5c78-5d0a-4bc0-9023-53a1d8f1d71d,true,
93be017f-7f6c-4b26-81b0-8b93edb6e16a,fa2d6012-47f4-438a-b2e5-2cd18c4aeb81,true,
93be017f-7f6c-4b26-81b0-8b93edb6e16a,e1fc52b9-cc26-4141-a4fd-43c66edb65a8,true,
93be017f-7f6c-4b26-81b0-8b93edb6e16a,42278ac2-5eef-4a59-8fdd-724101e0501e,true,
93be017f-7f6c-4b26-81b0-8b93edb6e16a,9d8941ce-238e-44c0-a54c-76fa98bb8e99,true,
93be017f-7f6c-4b26-81b0-8b93edb6e16a,1b3cddd8-c802-446c-adc5-9cabf0b0cbfa,true,
93be017f-7f6c-4b26-81b0-8b93edb6e16a,918fb562-74af-4d2d-ba7e-e43d93d1823c,true,
93be017f-7f6c-4b26-81b0-8b93edb6e16a,605e5344-9dfe-4a04-b5fe-474de611064a,true,
93be017f-7f6c-4b26-81b0-8b93edb6e16a,c1af230c-0c1e-4a93-aa84-1dc32127ed10,true,
93be017f-7f6c-4b26-81b0-8b93edb6e16a,3fbd4e70-241e-4618-8702-94fa27911237,true,
93be017f-7f6c-4b26-81b0-8b93edb6e16a,d86c5d88-fb2b-4bc0-9e14-c432d7b95051,true,
93be017f-7f6c-4b26-81b0-8b93edb6e16a,263e36e1-9dff-4aad-b2ff-f8d80b298996,true,
93be017f-7f6c-4b26-81b0-8b93edb6e16a,678f04a0-f2a4-4b2c-9738-fdb1824513af,true,
93be017f-7f6c-4b26-81b0-8b93edb6e16a,099d7e90-1c79-47ac-a7c4-64910048ce9f,true,
93be017f-7f6c-4b26-81b0-8b93edb6e16a,7b830245-1ccb-40de-9e83-260bb4abaf1f,true,
93be017f-7f6c-4b26-81b0-8b93edb6e16a,eb3090de-3f87-4251-9ebb-3718e956a64b,true,
93be017f-7f6c-4b26-81b0-8b93edb6e16a,e8d08084-7f6c-40e8-9d8f-699b2184af0f,true,
93be017f-7f6c-4b26-81b0-8b93edb6e16a,53e14601-4c5d-4783-a4c7-bb64690b2bf1,true,
93be017f-7f6c-4b26-81b0-8b93edb6e16a,e3a702ed-2014-4689-acb0-934e0daf55ed,true,
93be017f-7f6c-4b26-81b0-8b93edb6e16a,f21a1805-f563-474e-8ab8-aa275f3488e2,true,
93be017f-7f6c-4b26-81b0-8b93edb6e16a,d24fd03b-a2b5-45f4-8652-144f8e41b1a6,true,
d2301779-205b-4805-a1bf-c67df3654489,8b153516-01d0-4aa3-baf6-af0a0db8b583,false,[NO_5XX] Unexpected 5XX response: 500
d2301779-205b-4805-a1bf-c67df3654489,65da8efe-6c8a-4587-925a-032666ee74cd,true,
d2301779-205b-4805-a1bf-c67df3654489,5b48f5dc-f50e-4b15-a8e7-221fe8b05896,true,
d2301779-205b-4805-a1bf-c67df3654489,80427512-f2e1-4daf-8480-084a3d357ea8,true,
d2301779-205b-4805-a1bf-c67df3654489,d86d1df3-ca36-4790-87e0-d5f7ec9c0bf2,true,
d2301779-205b-4805-a1bf-c67df3654489,7ea9a54c-0731-44fc-b098-6f5581e42581,true,
d2301779-205b-4805-a1bf-c67df3654489,12f24aea-556a-4d09-8c2d-56c2d8c54fb3,true,
d2301779-205b-4805-a1bf-c67df3654489,81ff3dc6-e12f-4a3e-99ee-3a67a2537ae7,true,
d2301779-205b-4805-a1bf-c67df3654489,765f4b8a-b1a0-43ae-ada1-40f05b961d74,true,
d2301779-205b-4805-a1bf-c67df3654489,4c7b680e-23b9-4066-9719-00ded6880814,true,
d2301779-205b-4805-a1bf-c67df3654489,27f506ca-7d0b-4b43-a3e8-5873ba1329e8,true,
d2301779-205b-4805-a1bf-c67df3654489,c1dcd76e-70ad-40b5-90a2-c18c05c9738a,true,
d2301779-205b-4805-a1bf-c67df3654489,8953bec1-9bef-4118-8fe1-e0a6e4d1022d,true,
d2301779-205b-4805-a1bf-c67df3654489,be8f19de-498c-4795-b8df-8a58c28a09ac,true,
d2301779-205b-4805-a1bf-c67df3654489,42bd365d-7b0b-4fef-9698-f173b7310732,true,
d2301779-205b-4805-a1bf-c67df3654489,0e6dc4b1-4d8c-4f9d-9942-81f97ba182fb,true,
d2301779-205b-4805-a1bf-c67df3654489,4402b1f9-6dcf-4cd2-b93c-5ebeb8f77f50,true,
d2301779-205b-4805-a1bf-c67df3654489,cc6de12f-4444-4c95-9b45-ddcce5f2c63c,true,
d2301779-205b-4805-a1bf-c67df3654489,e824693a-5baa-4c88-8fd0-4884a9905d50,true,
d2301779-205b-4805-a1bf-c67df3654489,6c3346ce-949d-41dc-ae0a-73e7f11f6911,true,
d2301779-205b-4805-a1bf-c67df3654489,8c679ffb-5841-48e8-8cc9-e906466fcd52,true,
d2301779-205b-4805-a1bf-c67df3654489,7e744793-aefc-4629-bd4a-9c9b73b6d9a8,true,
d2301779-205b-4805-a1bf-c67df3654489,978332ec-9a45-47e1-8c12-2e5d477b9e7d,true,
d2301779-205b-4805-a1bf-c67df3654489,c5f0db6d-404c-4954-b0af-386a13a7a598,true,
d2301779-205b-4805-a1bf-c67df3654489,d1537b7f-781b-4cf1-8a6f-276299afe895,true,
d2301779-205b-4805-a1bf-c67df3654489,ab7fb978-9562-4490-abee-ea4212cde4cd,true,
d2301779-205b-4805-a1bf-c67df3654489,35355da0-e2da-465e-84e4-76203507b3a4,true,
d2301779-205b-4805-a1bf-c67df3654489,a5845aa6-bcf0-429f-9202-f1ceb5e9a5e2,true,
d2301779-205b-4805-a1bf-c67df3654489,9c274c9c-3aa6-4f38-99a0-7349215a8f19,true,
d2301779-205b-4805-a1bf-c67df3654489,9b315c24-f866-47f9-a8c8-0079cc1ea093,true,
d2301779-205b-4805-a1bf-c67df3654489,ddb3cbcc-b379-410d-8117-ea5afae6e093,true,
d2301779-205b-4805-a1bf-c67df3654489,b3495845-29dd-4f25-a0ff-4b44efff06b7,true,
d2301779-205b-4805-a1bf-c67df3654489,0d36d4bb-8c0c-4fb4-b1f5-a726aa8326f1,true,
d2301779-205b-4805-a1bf-c67df3654489,144a8218-44c9-4e2a-8144-1e08997040b2,true,
d2301779-205b-4805-a1bf-c67df3654489,7470aac5-7bc7-4587-8205-f77e8d0f21af,true,
d2301779-205b-4805-a1bf-c67df3654489,ba21836f-3b59-4e2e-9784-5c0b618cf590,true,
d2301779-205b-4805-a1bf-c67df3654489,a1e38948-d16d-4c2e-820b-ddd392768ed7,true,
d2301779-205b-4805-a1bf-c67df3654489,9fc98698-7f66-4b54-b79b-4418a48139ae,true,
d2301779-205b-4805-a1bf-c67df3654489,12136701-740f-4de5-84e0-333851faa9ee,true,
d2301779-205b-4805-a1bf-c67df3654489,8bbd7ff7-2331-4c39-bbad-b1aa9d59b835,true,
d2301779-205b-4805-a1bf-c67df3654489,a3a26947-e6d9-4779-9a37-f0cc290a71c4,true,
d2301779-205b-4805-a1bf-c67df3654489,ee209c5e-e029-4a86-94ac-f44c7edb9002,true,
d2301779-205b-4805-a1bf-c67df3654489,c8f526de-e2b2-41a9-93ae-edd706771114,true,
d2301779-205b-4805-a1bf-c67df3654489,1d187d0b-6e8c-4989-860f-5d4e469f1d49,true,
d2301779-205b-4805-a1bf-c67df3654489,88143c42-23d6-4f55-aa4e-3a4c76ca898f,true,
d2301779-205b-4805-a1bf-c67df3654489,0b382969-f372-4466-9872-4f78f7706338,true,
d2301779-205b-4805-a1bf-c67df3654489,42f96982-b9b7-4c23-8956-d44317e08cfc,true,
d2301779-205b-4805-a1bf-c67df3654489,9f5927a0-d911-47fc-af2c-113793c11428,true,
d2301779-205b-4805-a1bf-c67df3654489,d296f676-8e8f-407f-9930-4d3a950878f8,true,
d2301779-205b-4805-a1bf-c67df3654489,92b87812-8e2c-4489-91c9-b377ab5fb7b2,true,
d2301779-205b-4805-a1bf-c67df3654489,47323e9f-3406-4e56-a38b-458b012f20b1,true,
d2301779-205b-4805-a1bf-c67df3654489,edf66efa-1d73-48c9-b543-d02fdcceb711,true,
d2301779-205b-4805-a1bf-c67df3654489,d80989ab-c7a5-4918-bdcb-578e8258a478,true,
d2301779-205b-4805-a1bf-c67df3654489,0f768727-c475-4e97-8917-3df11cde0304,true,
d2301779-205b-4805-a1bf-c67df3654489,bbc6d850-8eb2-4c60-ae1c-d93b2088715b,true,
d2301779-205b-4805-a1bf-c67df3654489,50016c61-87fc-4eb6-95d1-e23a37d39d9f,true,
d2301779-205b-4805-a1bf-c67df3654489,7940c7f6-7119-4de8-8012-41490a00bb37,true,
d2301779-205b-4805-a1bf-c67df3654489,5abb7f5e-3a2f-4511-ab98-492d47a01190,true,
d2301779-205b-4805-a1bf-c67df3654489,81a53fdb-d7c2-4975-80f0-d7acae42a334,true,
d2301779-205b-4805-a1bf-c67df3654489,e77b044c-1733-4645-bc91-e511c1e274ec,true,
d2301779-205b-4805-a1bf-c67df3654489,4684831f-69fc-4db0-ad3f-ebdc7dea015f,true,
d2301779-205b-4805-a1bf-c67df3654489,4593f522-a7f0-4887-8615-53175b9ba9fc,true,
53789780-ae80-4e2e-8dab-34fbdddf53ef,19c374e9-199a-45bc-ae7e-fe0389751106,true,
53789780-ae80-4e2e-8dab-34fbdddf53ef,d984c0be-736d-4ff2-8e40-f43c4e81d59b,true,
53789780-ae80-4e2e-8dab-34fbdddf53ef,6f2397cb-397e-410f-8c66-ec9a5e127789,true,
53789780-ae80-4e2e-8dab-34fbdddf53ef,ece072ed-316c-4bf6-8576-2943d21736ee,true,
53789780-ae80-4e2e-8dab-34fbdddf53ef,a52f33cb-caad-4528-b0d5-bf489b57b3ee,true,
53789780-ae80-4e2e-8dab-34fbdddf53ef,3714a1a7-62a8-46d2-a704-dcd4db8fc379,true,
53789780-ae80-4e2e-8dab-34fbdddf53ef,d8024ef3-6e51-4249-93a1-6d0c936c0e50,true,
53789780-ae80-4e2e-8dab-34fbdddf53ef,477aa805-9a9b-4ebc-bdc7-d10f8bbf617f,true,
53789780-ae80-4e2e-8dab-34fbdddf53ef,d04c5d38-7ef9-4590-bf1f-78e2f484ede7,true,
53789780-ae80-4e2e-8dab-34fbdddf53ef,570f83fa-2ba9-4303-8c61-8143cf04a517,true,
53789780-ae80-4e2e-8dab-34fbdddf53ef,d8386def-10ca-4dd9-9d2d-b10d597a5bf0,true,
53789780-ae80-4e2e-8dab-34fbdddf53ef,9c6fd5c6-a13a-46ef-af7b-f42f25566b0f,true,
53789780-ae80-4e2e-8dab-34fbdddf53ef,a7766952-a7d2-4e2f-bd56-4acedbe3d37b,true,
53789780-ae80-4e2e-8dab-34fbdddf53ef,c349b170-e58c-4157-8167-de9aeab3d057,true,
53789780-ae80-4e2e-8dab-34fbdddf53ef,39931e89-2e1a-43ad-8331-5db24d6117be,true,
53789780-ae80-4e2e-8dab-34fbdddf53ef,d919c9ba-f493-4ab0-bc9d-5cb05bdc896a,true,
53789780-ae80-4e2e-8dab-34fbdddf53ef,0fac9f9b-6827-4f6d-9d78-386e57ecd98b,true,
53789780-ae80-4e2e-8dab-34fbdddf53ef,fbf3a038-aa94-42b1-a383-a6fc2c70e8f3,true,
53789780-ae80-4e2e-8dab-34fbdddf53ef,da470ccc-ce0c-495c-a178-817108f9c592,true,
53789780-ae80-4e2e-8dab-34fbdddf53ef,5a129d0d-7a04-4c78-86e4-3064d865d78b,true,
53789780-ae80-4e2e-8dab-34fbdddf53ef,0528ced8-72b0-420d-a39b-75b47a98e920,true,
53789780-ae80-4e2e-8dab-34fbdddf53ef,a00ca224-719f-4af6-8ff4-4899e01fc669,true,
53789780-ae80-4e2e-8dab-34fbdddf53ef,a45ec525-328a-4fc4-af42-4379848120ee,true,
53789780-ae80-4e2e-8dab-34fbdddf53ef,387c94e0-d46b-42bc-bd2c-a1c72a1d0d8b,true,
53789780-ae80-4e2e-8dab-34fbdddf53ef,d6c6a97e-5bc1-4a39-b3a9-9ae364775d2e,true,
53789780-ae80-4e2e-8dab-34fbdddf53ef,f13d3610-688c-4dd6-b194-06ff379bd897,true,
53789780-ae80-4e2e-8dab-34fbdddf53ef,9b8c24ea-7cc6-438f-b5b8-ff5607ac6cde,true,
53789780-ae80-4e2e-8dab-34fbdddf53ef,cd6bfae1-bd62-4c9c-85d5-78e5d4fb1094,true,
53789780-ae80-4e2e-8dab-34fbdddf53ef,0321d854-a648-43d7-8ef5-a577c333fda4,true,
53789780-ae80-4e2e-8dab-34fbdddf53ef,8ea1047a-b89f-41a9-a5ab-29031dba420d,true,
53789780-ae80-4e2e-8dab-34fbdddf53ef,893918c2-f6be-4078-a8e8-92ad2ef77fd5,true,
53789780-ae80-4e2e-8dab-34fbdddf53ef,07bf8d00-ecc4-419c-8a81-de08c047b3e6,true,
2dfea8ab-4a24-40c9-97df-b4bec31df9d4,3fdee5e4-dd46-4dc5-a3da-7566be1928ba,true,
2dfea8ab-4a24-40c9-97df-b4bec31df9d4,5eb24898-5a76-4799-bf1c-f26f42e7bd91,true,
2dfea8ab-4a24-40c9-97df-b4bec31df9d4,388d0e5e-1c05-4fb2-9cb5-cdcd46fba427,true,
2dfea8ab-4a24-40c9-97df-b4bec31df9d4,8b4c3519-40b1-46d2-b676-b50c2cbfaf98,true,
2dfea8ab-4a24-40c9-97df-b4bec31df9d4,4763b2f9-9b8e-473e-82fe-40dd2c9ada17,true,
2dfea8ab-4a24-40c9-97df-b4bec31df9d4,a9fff77e-01dd-47ba-b0c6-3db21f77181d,true,
2dfea8ab-4a24-40c9-97df-b4bec31df9d4,f2535e08-4318-491d-bfca-f978453eff33,true,
2dfea8ab-4a24-40c9-97df-b4bec31df9d4,3209f4a5-0293-4ea3-b8c6-dbbc1b0b3844,true,
2dfea8ab-4a24-40c9-97df-b4bec31df9d4,1337232d-a94c-4162-8682-c1fb95de23ea,true,
2dfea8ab-4a24-40c9-97df-b4bec31df9d4,ddcdfa3f-ef3e-4d9b-9bb7-ab7fce46198b,true,
2dfea8ab-4a24-40c9-97df-b4bec31df9d4,97e361aa-cc63-4a77-8ee9-86db72caaf5b,true,
2dfea8ab-4a24-40c9-97df-b4bec31df9d4,4001c9f3-2421-4904-b6b4-a3a843daac19,true,
2dfea8ab-4a24-40c9-97df-b4bec31df9d4,7d513796-072e-45fe-9208-2cfc0e6f0ee5,true,
2dfea8ab-4a24-40c9-97df-b4bec31df9d4,3701fd64-ed36-4b3d-9646-c4e141ad37ca,true,
2dfea8ab-4a24-40c9-97df-b4bec31df9d4,80e8ffb7-719a-48eb-8644-5c5d08c6c3c7,true,
2dfea8ab-4a24-40c9-97df-b4bec31df9d4,3b132a46-7a68-4450-9380-3dcf6f5b87e4,true,
2dfea8ab-4a24-40c9-97df-b4bec31df9d4,99847977-402a-4eb1-849a-32d6201093cc,true,
2dfea8ab-4a24-40c9-97df-b4bec31df9d4,ab1ced73-99e2-47d1-8fc7-5d66fe7c77f8,true,
2dfea8ab-4a24-40c9-97df-b4bec31df9d4,6adb45c4-ca98-4eed-9d64-5bced6721ef9,true,
2dfea8ab-4a24-40c9-97df-b4bec31df9d4,dc641c9e-1980-4651-bdba-3fb84bf2f2c2,true,
2dfea8ab-4a24-40c9-97df-b4bec31df9d4,f7a368e5-216b-483b-a973-3ad9e9e31180,true,
2dfea8ab-4a24-40c9-97df-b4bec31df9d4,168a5555-4fee-4120-bc22-9828f8c5e3f8,true,
2dfea8ab-4a24-40c9-97df-b4bec31df9d4,a22f6627-1848-4c1f-88ab-0c415fd9ed42,true,
2dfea8ab-4a24-40c9-97df-b4bec31df9d4,807bab4f-a4ff-4491-8e65-6a14ec6f8e4e,true,
2dfea8ab-4a24-40c9-97df-b4bec31df9d4,7b08fd04-c0c6-46b0-885e-e603003aaa73,true,
2dfea8ab-4a24-40c9-97df-b4bec31df9d4,43ae8b11-f589-4f65-862c-520804f86417,true,
2dfea8ab-4a24-40c9-97df-b4bec31df9d4,635adb10-1c9e-456a-9722-3c1d34344a11,true,
2dfea8ab-4a24-40c9-97df-b4bec31df9d4,eb18526e-8aa6-4d5f-98c3-22e848c0e534,true,
2dfea8ab-4a24-40c9-97df-b4bec31df9d4,6f1b3a81-83c9-4d38-88d5-5affae3653cb,true,
2dfea8ab-4a24-40c9-97df-b4bec31df9d4,22f91a06-c4d3-4106-9dfd-0c5e5cba23c3,true,
2dfea8ab-4a24-40c9-97df-b4bec31df9d4,4f62b52d-746d-4f4e-a800-777848d784b7,true,
2dfea8ab-4a24-40c9-97df-b4bec31df9d4,485202f4-3b61-48d7-be67-969bf2406a3d,true,
2dfea8ab-4a24-40c9-97df-b4bec31df9d4,8c9bf99c-2c5b-4e7a-bc2d-4988b33112f0,true,
2dfea8ab-4a24-40c9-97df-b4bec31df9d4,0f51ca7a-b0dd-4d97-877f-732400b26434,true,
2dfea8ab-4a24-40c9-97df-b4bec31df9d4,dc03f71a-2b02-48c3-b84b-9da9b1b3cf6f,true,
2dfea8ab-4a24-40c9-97df-b4bec31df9d4,ac306189-2e93-41fe-a793-e332c8d24484,true,
2dfea8ab-4a24-40c9-97df-b4bec31df9d4,53a5ba41-72b4-4161-b299-fd1ecfb90146,true,
2dfea8ab-4a24-40c9-97df-b4bec31df9d4,42adefe9-329e-440b-a5a1-3fbd3f26c454,true,
2dfea8ab-4a24-40c9-97df-b4bec31df9d4,f4c27637-11bb-4786-8830-ecc3c19e55da,true,
2dfea8ab-4a24-40c9-97df-b4bec31df9d4,2d53a9b4-784c-49c2-934a-af1c2e026b5a,true,
2dfea8ab-4a24-40c9-97df-b4bec31df9d4,f0fe4c08-0c2b-4979-823e-1540e9e8f635,true,
2dfea8ab-4a24-40c9-97df-b4bec31df9d4,a2f3711c-7527-4e4f-b1d8-3c726e60ead5,true,
2dfea8ab-4a24-40c9-97df-b4bec31df9d4,a8cd074e-a04a-43d0-8baf-099e92588d80,true,
2dfea8ab-4a24-40c9-97df-b4bec31df9d4,586bda29-10e4-4602-81df-7513d09a6dc0,true,
2dfea8ab-4a24-40c9-97df-b4bec31df9d4,fea73aa8-ab1b-407c-b9c2-9f723407ebff,true,
2dfea8ab-4a24-40c9-97df-b4bec31df9d4,07aaebd1-860d-406b-b26a-3853369554f4,true,
2dfea8ab-4a24-40c9-97df-b4bec31df9d4,b144538b-2952-49b8-a0e1-d62de6374cc1,true,
2dfea8ab-4a24-40c9-97df-b4bec31df9d4,9d9d24e0-6d63-454b-abea-be0e4ee1cda4,true,
2dfea8ab-4a24-40c9-97df-b4bec31df9d4,e271b7a0-b7bc-413d-82a0-2642df6765ff,true,
2dfea8ab-4a24-40c9-97df-b4bec31df9d4,9890dc26-7da8-4952-99d1-0371bc45e396,true,
2dfea8ab-4a24-40c9-97df-b4bec31df9d4,5dc09fe3-46bd-46bc-a6ad-3413cb427494,true,
2dfea8ab-4a24-40c9-97df-b4bec31df9d4,1fe8f9f4-d2eb-4e05-8fb9-76b1e8488e09,true,
2dfea8ab-4a24-40c9-97df-b4bec31df9d4,c3ede0a4-73b4-411e-85a6-de4fb9e7dd85,true,
2dfea8ab-4a24-40c9-97df-b4bec31df9d4,82162a16-d48b-446c-9a64-9a44b9479c39,true,
2dfea8ab-4a24-40c9-97df-b4bec31df9d4,78b50af6-40ab-4c06-a746-d2d3789aee55,true,
2dfea8ab-4a24-40c9-97df-b4bec31df9d4,dd30008b-c7ad-4e9a-b64e-28b55fb56afb,true,
2dfea8ab-4a24-40c9-97df-b4bec31df9d4,db4e189d-088f-46c7-a0f2-18178b08af98,true,
2dfea8ab-4a24-40c9-97df-b4bec31df9d4,1b31523d-0ffa-459b-894b-c6bd7bfe1a90,true,
2dfea8ab-4a24-40c9-97df-b4bec31df9d4,7abba2f3-d77f-411e-9b72-58e6788c4b31,true,
2dfea8ab-4a24-40c9-97df-b4bec31df9d4,e083c158-7240-489e-a963-9943d20aca55,true,
2dfea8ab-4a24-40c9-97df-b4bec31df9d4,42b863d6-f011-44e5-a36d-4193db1b49ea,true,
2dfea8ab-4a24-40c9-97df-b4bec31df9d4,4424b626-0aff-48fd-89bb-442de34a9135,true,
92429459-6773-40c5-b9bb-cef4d5fccb92,75939d41-2a29-487e-97be-63f346691948,false,[NO_5XX] Unexpected 5XX response: 504
92429459-6773-40c5-b9bb-cef4d5fccb92,0a76046f-886d-4264-ae0e-2799bb8164fa,true,
92429459-6773-40c5-b9bb-cef4d5fccb92,cae6135b-e259-4970-9163-9e6a11295464,true,
92429459-6773-40c5-b9bb-cef4d5fccb92,39a91da2-9c6f-4253-9732-d53b83aa1982,true,
92429459-6773-40c5-b9bb-cef4d5fccb92,686bd351-aded-46c9-aa28-eb042dec1161,true,
92429459-6773-40c5-b9bb-cef4d5fccb92,40104967-48ad-438c-8f00-7650292ee53f,true,
92429459-6773-40c5-b9bb-cef4d5fccb92,a64c42f5-9885-4dcd-a116-37490d562a76,true,
92429459-6773-40c5-b9bb-cef4d5fccb92,36b7ee44-da0f-430c-a26e-0180a02795d0,true,
92429459-6773-40c5-b9bb-cef4d5fccb92,5ffbf64c-f2d8-4a29-853e-7187f638e4b1,true,
92429459-6773-40c5-b9bb-cef4d5fccb92,68fd1eb8-19dc-4358-8f29-8a98ad4efe74,true,
92429459-6773-40c5-b9bb-cef4d5fccb92,72ffc302-fd35-4ab0-9c68-403c0a8c690c,true,
92429459-6773-40c5-b9bb-cef4d5fccb92,c22c5b32-1717-40b5-9c8b-a047b6881233,true,
92429459-6773-40c5-b9bb-cef4d5fccb92,7bb12cab-d613-4716-821a-b415d36cbaaa,true,
92429459-6773-40c5-b9bb-cef4d5fccb92,d9e6a30c-3194-4b9b-9069-efb4f2c77d22,true,
92429459-6773-40c5-b9bb-cef4d5fccb92,9d1efb05-7a0e-411f-a5e2-9867608ac870,true,
92429459-6773-40c5-b9bb-cef4d5fccb92,7e033f7b-51bc-4505-9ecd-da08527ed146,true,
92429459-6773-40c5-b9bb-cef4d5fccb92,44167756-172f-43b1-81a9-635698cf8098,true,
92429459-6773-40c5-b9bb-cef4d5fccb92,a061bb2c-cd98-4fc5-971e-936c4ef8c9ac,true,
92429459-6773-40c5-b9bb-cef4d5fccb92,5a354dff-8fe8-4e91-8559-fc331aa35431,true,
92429459-6773-40c5-b9bb-cef4d5fccb92,1fec16e6-821d-40d4-a756-67af690ef4d5,true,
92429459-6773-40c5-b9bb-cef4d5fccb92,eaef8c40-8035-4388-8dee-df86b21f6147,true,
92429459-6773-40c5-b9bb-cef4d5fccb92,b292813f-5952-46d0-85da-6993db72dff2,true,
92429459-6773-40c5-b9bb-cef4d5fccb92,59185dc6-7d46-4fb5-8f1a-3220ae5a229e,true,
92429459-6773-40c5-b9bb-cef4d5fccb92,fc9feefc-998d-403e-854e-6fc068596c2f,true,
92429459-6773-40c5-b9bb-cef4d5fccb92,a3a7f0ab-cd9d-4fa8-8196-df9c3e96d251,true,
92429459-6773-40c5-b9bb-cef4d5fccb92,67e74017-99a6-40f6-98ac-d07f66025143,true,
92429459-6773-40c5-b9bb-cef4d5fccb92,25c01286-938b-4f4f-9bdd-b179fd68d109,true,
92429459-6773-40c5-b9bb-cef4d5fccb92,c6919a88-6a5e-4f43-be82-f539344e77b8,true,
92429459-6773-40c5-b9bb-cef4d5fccb92,cfb9904d-e59e-4cdd-9ae3-32ea61f0739d,true,
92429459-6773-40c5-b9bb-cef4d5fccb92,159cdffa-733c-45f8-8917-4dada703c3f8,true,
92429459-6773-40c5-b9bb-cef4d5fccb92,6be428b4-5a06-4ccd-a8ba-e1e571c376e1,true,
92429459-6773-40c5-b9bb-cef4d5fccb92,5f9c0874-8005-4431-906b-0135f381bd19,true,
92429459-6773-40c5-b9bb-cef4d5fccb92,24e6ab91-a014-4173-aa5b-cb2b1514cc43,true,
92429459-6773-40c5-b9bb-cef4d5fccb92,df812d59-8757-47f5-a3dd-3ded94047ac6,true,
92429459-6773-40c5-b9bb-cef4d5fccb92,1c89fa58-6616-41a0-820f-2599caa0b2f1,true,
92429459-6773-40c5-b9bb-cef4d5fccb92,57cfcb88-795a-4724-9894-5fb0c57a3902,true,
92429459-6773-40c5-b9bb-cef4d5fccb92,898f1712-f077-461d-b8ea-3fda5b286cb4,true,
92429459-6773-40c5-b9bb-cef4d5fccb92,379a1f29-a556-4970-96ed-f4e119e0cf6d,true,
92429459-6773-40c5-b9bb-cef4d5fccb92,ee1ea73e-11e4-4d8b-8492-3f9255a0d1dd,true,
92429459-6773-40c5-b9bb-cef4d5fccb92,5f22bd13-d93e-419b-a5c3-27c56a791ad1,true,
92429459-6773-40c5-b9bb-cef4d5fccb92,dad6776d-51ff-4277-925b-c1d46fc696e8,true,
92429459-6773-40c5-b9bb-cef4d5fccb92,90718cc6-481b-4f50-bbf8-afc8f39c6070,true,
92429459-6773-40c5-b9bb-cef4d5fccb92,615d4b9c-586f-4d55-b0a7-e31becd5c540,true,
92429459-6773-40c5-b9bb-cef4d5fccb92,a2288213-37c4-4fcd-9f4d-6e539c5957b2,true,
92429459-6773-40c5-b9bb-cef4d5fccb92,bc8a66cf-2a43-4e16-814a-e6dd6954e24d,true,
92429459-6773-40c5-b9bb-cef4d5fccb92,dc2c30b5-a283-4746-aec1-300e3b09ddcb,true,
92429459-6773-40c5-b9bb-cef4d5fccb92,36e6b677-2674-4f93-aed5-6243e61b8080,true,
92429459-6773-40c5-b9bb-cef4d5fccb92,04136ae3-05a7-44e5-80b5-01d2f4c70a9e,true,
92429459-6773-40c5-b9bb-cef4d5fccb92,351de252-31a1-4c45-af0d-6840ba184578,true,
92429459-6773-40c5-b9bb-cef4d5fccb92,9a57afa9-ddb6-4bc7-9077-3b3841680faf,true,
92429459-6773-40c5-b9bb-cef4d5fccb92,2e349143-7c37-4501-9a9a-e13144a0cb89,true,
92429459-6773-40c5-b9bb-cef4d5fccb92,c8371a23-4e7a-4f17-92b5-c5f9bb560c0e,true,
92429459-6773-40c5-b9bb-cef4d5fccb92,bb5ed8fc-8d3e-47d2-83ec-d33f91ccf61e,true,
92429459-6773-40c5-b9bb-cef4d5fccb92,a23d3887-3fea-45a4-a088-8156e4e16249,true,
92429459-6773-40c5-b9bb-cef4d5fccb92,4ff72ee3-a9a4-4321-b379-fb8ea02c39eb,true,
92429459-6773-40c5-b9bb-cef4d5fccb92,de69dd6a-081f-4a08-85b9-09068bb7aecc,true,
92429459-6773-40c5-b9bb-cef4d5fccb92,0e81a589-21f6-4245-b111-a952fea57d26,true,
92429459-6773-40c5-b9bb-cef4d5fccb92,08d67010-fa11-47cc-8c9b-69152bdf09dd,true,
92429459-6773-40c5-b9bb-cef4d5fccb92,9c923fd4-02c9-4177-abe6-e47f0a99db39,true,
92429459-6773-40c5-b9bb-cef4d5fccb92,8d55fc24-8aac-4bfb-902b-35d4190bbbc6,true,
92429459-6773-40c5-b9bb-cef4d5fccb92,ca7b0d31-d85d-4450-9e0c-43a9ecdccb90,true,
92429459-6773-40c5-b9bb-cef4d5fccb92,73505ed6-c89e-4f86-a22e-2d1bb94441ae,true,
6215b1df-3fa5-47b6-9cae-7f0de4e8aa14,f900f16d-5074-4886-91b6-afab986c670f,false,[NO_5XX] Unexpected 5XX response: 501
6215b1df-3fa5-47b6-9cae-7f0de4e8aa14,45c1195c-ed11-4bd0-bdd7-324e565f1c2e,true,
6215b1df-3fa5-47b6-9cae-7f0de4e8aa14,0fe9854d-4589-4ee8-9fde-ad011de9783f,true,
6215b1df-3fa5-47b6-9cae-7f0de4e8aa14,07cefb69-ae14-4ff8-9a85-36209ca9f921,true,
6215b1df-3fa5-47b6-9cae-7f0de4e8aa14,3ece18ba-6589-4cd0-b5e8-a98a0924b4ea,true,
6215b1df-3fa5-47b6-9cae-7f0de4e8aa14,07a50c9c-6dc7-4dbf-876f-2fc16a488326,true,
6215b1df-3fa5-47b6-9cae-7f0de4e8aa14,1caaf7ea-223a-4b29-bdfa-ff3d3ea0d624,true,
6215b1df-3fa5-47b6-9cae-7f0de4e8aa14,3b16af82-014c-4a43-a71f-445c1298138d,true,
6215b1df-3fa5-47b6-9cae-7f0de4e8aa14,393146a5-653d-40e2-9435-de16521dc90f,true,
6215b1df-3fa5-47b6-9cae-7f0de4e8aa14,3f45a693-0043-4326-8dff-cf81c54ffacc,true,
6215b1df-3fa5-47b6-9cae-7f0de4e8aa14,c47e4c24-ebef-4d4f-865d-a3188759819a,true,
6215b1df-3fa5-47b6-9cae-7f0de4e8aa14,6035a580-1002-4fde-a5e7-dc37ca11c534,true,
6215b1df-3fa5-47b6-9cae-7f0de4e8aa14,3f8d27ac-dc41-4f2a-96a9-8a50f89934f1,true,
6215b1df-3fa5-47b6-9cae-7f0de4e8aa14,75d6ef30-be33-4689-a097-1bad0991f754,true,
6215b1df-3fa5-47b6-9cae-7f0de4e8aa14,2ade181f-13ec-42e4-aee8-12e9744a2062,true,
6215b1df-3fa5-47b6-9cae-7f0de4e8aa14,323767e5-3d4a-4c36-b3d6-fdf4e032de68,true,
6215b1df-3fa5-47b6-9cae-7f0de4e8aa14,3451100e-3b8f-48cd-9d36-6e3cea8ee75f,true,
6215b1df-3fa5-47b6-9cae-7f0de4e8aa14,93f92879-be72-4ebc-af61-3750ca30bdaa,true,
6215b1df-3fa5-47b6-9cae-7f0de4e8aa14,b85fa12d-1edf-4492-ac56-8b0673e6a36f,true,
6215b1df-3fa5-47b6-9cae-7f0de4e8aa14,3f31416d-2166-4b07-8f93-e8a3f4776b61,true,
6215b1df-3fa5-47b6-9cae-7f0de4e8aa14,52ec10a6-2011-41a8-8b79-e8f256d2ff4c,true,
6215b1df-3fa5-47b6-9cae-7f0de4e8aa14,feeffc8f-9df4-44dc-b062-3f63f6d87a0e,true,
6215b1df-3fa5-47b6-9cae-7f0de4e8aa14,35d7987b-3f6e-4d0f-8a46-659de4a81485,true,
6215b1df-3fa5-47b6-9cae-7f0de4e8aa14,25a0b9c7-af23-4bde-bd22-6e95a6ec0143,true,
6215b1df-3fa5-47b6-9cae-7f0de4e8aa14,fc2687f4-ea83-4dc6-887a-2ab4530b1b22,true,
6215b1df-3fa5-47b6-9cae-7f0de4e8aa14,30ab82c3-9008-4a45-82c7-c7ddc10d4751,true,
6215b1df-3fa5-47b6-9cae-7f0de4e8aa14,c3648d4f-614f-4ba9-a065-4597491ce588,true,
6215b1df-3fa5-47b6-9cae-7f0de4e8aa14,6a82800b-60b0-4750-9bfe-6ad7efd29b11,true,
6215b1df-3fa5-47b6-9cae-7f0de4e8aa14,79f4214b-3c0b-40df-9a11-cef33389c1df,true,
6215b1df-3fa5-47b6-9cae-7f0de4e8aa14,6cb44195-5989-4e2a-b9c7-260caa0665bd,true,
6215b1df-3fa5-47b6-9cae-7f0de4e8aa14,e73f28a2-e319-46cf-9a29-7581b7511f60,true,
6215b1df-3fa5-47b6-9cae-7f0de4e8aa14,01dd9fd5-036b-45af-8980-e0e8fa7d260e,true,
6215b1df-3fa5-47b6-9cae-7f0de4e8aa14,2a40d00e-bfd6-4cc8-8251-321944c2807f,true,
6215b1df-3fa5-47b6-9cae-7f0de4e8aa14,311c5017-9838-4441-b5ec-df95d1aa77fe,true,
6215b1df-3fa5-47b6-9cae-7f0de4e8aa14,2df5d8f1-a980-4194-b36c-94e86ad8501e,true,
6215b1df-3fa5-47b6-9cae-7f0de4e8aa14,05c35d0b-3470-407f-851c-2d5695b12396,true,
6215b1df-3fa5-47b6-9cae-7f0de4e8aa14,328410f8-f8de-4e07-99d9-bad715ca0794,true,
6215b1df-3fa5-47b6-9cae-7f0de4e8aa14,3c63993f-ea56-421a-af46-8a3e0e702804,true,
6215b1df-3fa5-47b6-9cae-7f0de4e8aa14,ea69256d-2c01-475a-a217-af4f7a6ffb5f,true,
6215b1df-3fa5-47b6-9cae-7f0de4e8aa14,36cc093c-323d-40cd-bfb8-8efc34207017,true,
6215b1df-3fa5-47b6-9cae-7f0de4e8aa14,47aa209c-dfaf-4ad3-9752-09b28d21658e,true,
6215b1df-3fa5-47b6-9cae-7f0de4e8aa14,be338c7b-63c8-4067-9bb1-ba04607a17b1,true,
6215b1df-3fa5-47b6-9cae-7f0de4e8aa14,eb18a5f1-ece2-457d-a7f6-e2ea3ea4e387,true,
6215b1df-3fa5-47b6-9cae-7f0de4e8aa14,c982687e-7346-4511-927b-ab3286cbb26e,true,
6215b1df-3fa5-47b6-9cae-7f0de4e8aa14,c035532b-796a-4bc4-92fd-2b421da1e9cf,true,
6215b1df-3fa5-47b6-9cae-7f0de4e8aa14,bbce36a2-8735-4169-aeab-44231ab98d71,true,
6215b1df-3fa5-47b6-9cae-7f0de4e8aa14,93e05d00-9364-44a7-b289-fb52a77ca562,true,
6215b1df-3fa5-47b6-9cae-7f0de4e8aa14,1c0d259a-d79c-4574-99cb-3980414094ed,true,
6215b1df-3fa5-47b6-9cae-7f0de4e8aa14,b504022e-ba8f-4af5-9ce5-64f507c93bad,true,
6215b1df-3fa5-47b6-9cae-7f0de4e8aa14,1f0d681c-e374-4ac8-9767-18230f24fcba,true,
6215b1df-3fa5-47b6-9cae-7f0de4e8aa14,6ec4d942-8962-470c-90a1-714d6326f80e,true,
6215b1df-3fa5-47b6-9cae-7f0de4e8aa14,8de5551e-5e59-4d0f-90c0-27efb401bda0,true,
6215b1df-3fa5-47b6-9cae-7f0de4e8aa14,c5ee1ab5-5d9c-433c-bd15-43583589c9f1,true,
6215b1df-3fa5-47b6-9cae-7f0de4e8aa14,032d35cc-3ba6-49d4-bff5-51dc71b25a70,true,
6215b1df-3fa5-47b6-9cae-7f0de4e8aa14,a118b62f-403c-4b37-bcaf-aa14b34d77f6,true,
6215b1df-3fa5-47b6-9cae-7f0de4e8aa14,6e59480e-072d-42eb-9e45-3120fdc4b9c1,true,
6215b1df-3fa5-47b6-9cae-7f0de4e8aa14,ecac75c6-a0d9-4a49-b49d-11da91f1933a,true,
6215b1df-3fa5-47b6-9cae-7f0de4e8aa14,0f4639af-b8ee-48a2-9934-ddbe24073d54,true,
6215b1df-3fa5-47b6-9cae-7f0de4e8aa14,369fa455-953e-4e06-83ab-c47da927f7a8,true,
6215b1df-3fa5-47b6-9cae-7f0de4e8aa14,7613bbfb-8e12-4561-bdbc-92a7fef053c4,true,
6215b1df-3fa5-47b6-9cae-7f0de4e8aa14,a3b6e3e8-9a1e-4546-94ba-d73191d491c4,true,
6215b1df-3fa5-47b6-9cae-7f0de4e8aa14,7c7dfbff-cf1f-435a-a42e-82a6cc9fbec8,true,
c951a366-a777-46da-992d-a39e6f715361,8ac700b6-e105-46a5-b5d8-2258239ea721,false,[NO_5XX] Unexpected 5XX response: 504
c951a366-a777-46da-992d-a39e6f715361,aeefe3ce-b330-42ee-b4e1-d93114996dba,true,
c951a366-a777-46da-992d-a39e6f715361,2ac4451f-345b-40c3-8131-d642844c9d14,true,
c951a366-a777-46da-992d-a39e6f715361,f671b1ec-8fc7-4202-920e-eca0f331d451,true,
c951a366-a777-46da-992d-a39e6f715361,bb0c3e77-6f11-4750-89f1-13e5774983bf,true,
c951a366-a777-46da-992d-a39e6f715361,1daad63d-9b8e-411f-88e2-d4032e919f82,true,
c951a366-a777-46da-992d-a39e6f715361,08790ff1-eb16-4ec4-930b-726fd7d89f59,true,
c951a366-a777-46da-992d-a39e6f715361,649aae46-1474-4154-8ba9-ce0398294ebd,true,
c951a366-a777-46da-992d-a39e6f715361,233403b8-41b8-4025-a003-28e24bfb255f,true,
c951a366-a777-46da-992d-a39e6f715361,814f40a9-1bfc-4f24-abd0-4da99aa3a66d,true,
c951a366-a777-46da-992d-a39e6f715361,23f7f9e0-3faf-4881-b12c-9396f29858ac,true,
c951a366-a777-46da-992d-a39e6f715361,581e784a-628b-4167-ae46-ac0fee4e05b8,true,
c951a366-a777-46da-992d-a39e6f715361,1f607d2d-e0d5-4a05-8433-378eebd8a547,true,
c951a366-a777-46da-992d-a39e6f715361,b20e8f29-767e-45bd-bfbd-94b18bc34011,true,
c951a366-a777-46da-992d-a39e6f715361,1e546e91-8a32-4583-a858-7c91fc8516fe,true,
c951a366-a777-46da-992d-a39e6f715361,31b6b0a4-88d2-4605-8a08-1e1967224043,true,
c951a366-a777-46da-992d-a39e6f715361,9005cbee-94a9-4102-ab86-a2c65a88ef62,true,
c951a366-a777-46da-992d-a39e6f715361,9a9a49ab-afcc-43a9-8c55-1b5afdd0860c,true,
c951a366-a777-46da-992d-a39e6f715361,c293b585-31b7-474f-817b-2052d3c388a8,true,
c951a366-a777-46da-992d-a39e6f715361,659bc1a5-5aae-454a-8652-e959001d401d,true,
c951a366-a777-46da-992d-a39e6f715361,b80641fb-61ca-4a40-a157-4483f0e0d70b,true,
c951a366-a777-46da-992d-a39e6f715361,eeb4ba5a-5c14-4601-b730-5aa4a6d1ee17,true,
c951a366-a777-46da-992d-a39e6f715361,b0f33c03-2ccd-440f-86fd-990508c7a109,true,
c951a366-a777-46da-992d-a39e6f715361,5a62ca1a-a649-4148-b99f-6bf6ad8fd994,true,
c951a366-a777-46da-992d-a39e6f715361,f9a7dc82-453f-4884-ae15-8f41e0a06965,true,
c951a366-a777-46da-992d-a39e6f715361,3e32f5d9-cc79-43d8-9600-6405acf3dd4e,true,
c951a366-a777-46da-992d-a39e6f715361,934093a2-96e2-4c4c-aa59-4386e7ea098d,true,
c951a366-a777-46da-992d-a39e6f715361,dd8db67c-95dd-4ece-b224-265a1ef32d3c,true,
c951a366-a777-46da-992d-a39e6f715361,6f72dcac-bf9f-479e-adb1-c46744b73140,true,
c951a366-a777-46da-992d-a39e6f715361,afd15bbe-bd5e-421d-9fa3-aeb899a755a7,true,
c951a366-a777-46da-992d-a39e6f715361,5b01d09e-b9b7-41da-948c-9369c66feced,true,
c951a366-a777-46da-992d-a39e6f715361,513e2751-9a0c-4373-b8d1-03d518cb3f76,true,
c951a366-a777-46da-992d-a39e6f715361,c6b9f202-c6b0-44f5-b2ad-b828e2c013a0,true,
c951a366-a777-46da-992d-a39e6f715361,4e6c955f-7786-4976-b86a-18293ce884b3,true,
c951a366-a777-46da-992d-a39e6f715361,9209c56d-b898-43bd-8cd9-49afdb53509e,true,
c951a366-a777-46da-992d-a39e6f715361,95ae0b11-6959-424c-9ce5-17dbe31d68e6,true,
c951a366-a777-46da-992d-a39e6f715361,a8314677-d8c6-4c17-a04f-dc34100faf9f,true,
c951a366-a777-46da-992d-a39e6f715361,a8ecc29d-313a-41dc-9158-40d22ad3b7f5,true,
c951a366-a777-46da-992d-a39e6f715361,fdab9fb7-c738-46fd-8cf1-6343d7018bd9,true,
c951a366-a777-46da-992d-a39e6f715361,dcf71682-dcfe-46da-9797-152ace91133b,true,
c951a366-a777-46da-992d-a39e6f715361,75d245f1-aacd-417d-b376-b03470ac83fe,true,
c951a366-a777-46da-992d-a39e6f715361,280d0f63-d6bc-4c98-911b-cf43937653a0,true,
c951a366-a777-46da-992d-a39e6f715361,ce837517-9d61-483b-a311-6e8e950b0f11,true,
c951a366-a777-46da-992d-a39e6f715361,c395c966-9c26-4c89-8cb3-8842700a3a55,true,
c951a366-a777-46da-992d-a39e6f715361,3d90a703-c99c-486b-b30c-e7df6d59e2c6,true,
c951a366-a777-46da-992d-a39e6f715361,74999fbc-667f-44e5-b425-ce1e35cff553,true,
c951a366-a777-46da-992d-a39e6f715361,7a881033-40c4-496d-8baf-a3f3d3bed4a6,true,
c951a366-a777-46da-992d-a39e6f715361,f165811e-d75f-4c46-abee-fa04ee6a6dc5,true,
c951a366-a777-46da-992d-a39e6f715361,d3bccd8d-55cd-419e-9756-4cfb163240c8,true,
c951a366-a777-46da-992d-a39e6f715361,b8c24f5f-e150-4ca8-9eeb-88b68f627b4f,true,
c951a366-a777-46da-992d-a39e6f715361,408eead3-3b2b-4e3b-80c5-5cf3c93210e0,true,
c951a366-a777-46da-992d-a39e6f715361,ce3f0375-310b-47b2-9df9-589af1ff0031,true,
c951a366-a777-46da-992d-a39e6f715361,db5f85f4-8148-4c4a-9697-cbc93e69a155,true,
c951a366-a777-46da-992d-a39e6f715361,1723bca3-7378-484c-b33f-1eba932feed1,true,
c951a366-a777-46da-992d-a39e6f715361,61a3091d-de2b-41aa-8189-2cc8d558f951,true,
c951a366-a777-46da-992d-a39e6f715361,f25bf848-3b05-4b0b-b7d3-ccce68857c96,true,
c951a366-a777-46da-992d-a39e6f715361,5ef7b72d-93b0-456a-86cc-aa47b53cb34e,true,
c951a366-a777-46da-992d-a39e6f715361,cf915a91-a3fb-4c64-989d-785795306103,true,
c951a366-a777-46da-992d-a39e6f715361,2dae46c0-3bb4-4887-a141-bf10d1068b27,true,
c951a366-a777-46da-992d-a39e6f715361,298205af-252d-41b9-b3dc-52a5c93455fe,true,
c951a366-a777-46da-992d-a39e6f715361,a9e45a71-365a-4059-bf6c-aadfeda39263,true,
c951a366-a777-46da-992d-a39e6f715361,f0fb026e-a159-4819-96b3-98dd413f8f75,true,
49ccaa28-378d-4a7a-a4b2-e6abb379dcd7,300bcd14-8d03-4c05-8927-b738fc994a72,true,
49ccaa28-378d-4a7a-a4b2-e6abb379dcd7,ac9dfe02-d9c9-4752-b8d9-92ba014ece81,true,
49ccaa28-378d-4a7a-a4b2-e6abb379dcd7,beae7923-4a14-40f0-bdc5-15c223831a3c,true,
49ccaa28-378d-4a7a-a4b2-e6abb379dcd7,b0969b88-88f0-4624-b6f4-f5ca433e155b,true,
49ccaa28-378d-4a7a-a4b2-e6abb379dcd7,d4b76af6-fe01-4df7-938e-d3d78dd7e0ff,true,
49ccaa28-378d-4a7a-a4b2-e6abb379dcd7,450fce6e-c299-4588-b0da-d0944acca67e,true,
49ccaa28-378d-4a7a-a4b2-e6abb379dcd7,ea7fd5a7-6f45-4350-85bc-1ac6228c2181,true,
49ccaa28-378d-4a7a-a4b2-e6abb379dcd7,d79e10c7-1692-493d-8853-f85ba47a4a66,true,
49ccaa28-378d-4a7a-a4b2-e6abb379dcd7,3fc07305-0b84-4dd8-9c39-bbb5895504c6,true,
49ccaa28-378d-4a7a-a4b2-e6abb379dcd7,49fafce1-064c-4e77-a0a6-041b196beb9e,true,
49ccaa28-378d-4a7a-a4b2-e6abb379dcd7,d5ab89d5-f622-4e12-8975-20c7ff468d58,true,
49ccaa28-378d-4a7a-a4b2-e6abb379dcd7,acfeed78-e128-4e41-b30c-bf1f5246bedd,true,
49ccaa28-378d-4a7a-a4b2-e6abb379dcd7,6a81f14d-0cd7-4b2f-bb40-7b344cf2b4c7,true,
49ccaa28-378d-4a7a-a4b2-e6abb379dcd7,1e0e6ef5-0e95-4039-9c82-6be70f72bad3,true,
49ccaa28-378d-4a7a-a4b2-e6abb379dcd7,84a50026-090f-4c23-ba4f-2bf45ab968dd,true,
49ccaa28-378d-4a7a-a4b2-e6abb379dcd7,ce61548c-cb11-4aba-88c7-d42b76cdf096,true,
49ccaa28-378d-4a7a-a4b2-e6abb379dcd7,a53ce0f7-1bea-4aa3-a37b-76a1166634f8,true,
49ccaa28-378d-4a7a-a4b2-e6abb379dcd7,194d63b4-902b-416a-a469-62868dbb5294,true,
49ccaa28-378d-4a7a-a4b2-e6abb379dcd7,49b0b7d5-c771-44ce-a0af-2b7ed1e3cefe,true,
49ccaa28-378d-4a7a-a4b2-e6abb379dcd7,3d32bc3d-c455-45ac-ab3c-30376ef5031f,true,
49ccaa28-378d-4a7a-a4b2-e6abb379dcd7,37b4c8ea-101e-4851-a677-cffadd091201,true,
49ccaa28-378d-4a7a-a4b2-e6abb379dcd7,5ca6eaa5-a13a-4c2f-bd5c-c4ace4f465c6,true,
49ccaa28-378d-4a7a-a4b2-e6abb379dcd7,78e2c122-9c40-45e9-a446-5143ef67f923,true,
49ccaa28-378d-4a7a-a4b2-e6abb379dcd7,2c6e4009-78ae-4499-88a0-bff7282b7bf7,true,
49ccaa28-378d-4a7a-a4b2-e6abb379dcd7,ae9b360a-8a66-45ed-a3ae-7e7a199fbaec,true,
49ccaa28-378d-4a7a-a4b2-e6abb379dcd7,f5216317-c4ed-46c7-96c1-4d2db4ada620,true,
49ccaa28-378d-4a7a-a4b2-e6abb379dcd7,9595ff04-6a1a-4327-aa83-00195cd95130,true,
49ccaa28-378d-4a7a-a4b2-e6abb379dcd7,dc5e8cd5-2666-4a87-8f13-26133a0dc14d,true,
49ccaa28-378d-4a7a-a4b2-e6abb379dcd7,ffa22a6e-0d38-42ed-b5c4-dc500f90e13f,true,
49ccaa28-378d-4a7a-a4b2-e6abb379dcd7,0e1ea849-ed20-414d-ab93-e1c945f81600,true,
49ccaa28-378d-4a7a-a4b2-e6abb379dcd7,4a1cda1c-fdeb-4c5f-bcdf-94e2cd44aaf1,true,
49ccaa28-378d-4a7a-a4b2-e6abb379dcd7,2e285dff-3af3-4aa9-b63f-d37a0915ca27,true,
49ccaa28-378d-4a7a-a4b2-e6abb379dcd7,aa57de9f-22ab-4074-bf8a-55bb5ec46c7e,true,
49ccaa28-378d-4a7a-a4b2-e6abb379dcd7,717ba4bd-f7bb-401e-b326-edd1bd595911,true,
49ccaa28-378d-4a7a-a4b2-e6abb379dcd7,5e61e3b6-a297-4667-8a6c-88177e9d60be,true,
49ccaa28-378d-4a7a-a4b2-e6abb379dcd7,846bc280-8f50-4e48-9b67-ce857f8d1fb6,true,
49ccaa28-378d-4a7a-a4b2-e6abb379dcd7,fa08e3b5-bc28-4230-97d3-f29ae54d4f9e,true,
49ccaa28-378d-4a7a-a4b2-e6abb379dcd7,93d23377-9a98-4df9-9a7a-c93e71368cee,true,
49ccaa28-378d-4a7a-a4b2-e6abb379dcd7,29f1d594-3b2f-49b2-a508-ba5dc5027288,true,
49ccaa28-378d-4a7a-a4b2-e6abb379dcd7,97f617b5-3dcf-4190-b220-69caa572c1f8,true,
49ccaa28-378d-4a7a-a4b2-e6abb379dcd7,4c35a216-570c-4a09-818c-8d3219bdebff,true,
49ccaa28-378d-4a7a-a4b2-e6abb379dcd7,170b67de-9291-4ab7-91d5-b598b205620e,true,
49ccaa28-378d-4a7a-a4b2-e6abb379dcd7,318c11ce-7111-4c4e-af58-5b0cca668680,true,
49ccaa28-378d-4a7a-a4b2-e6abb379dcd7,9d2f8a85-0641-4bdd-89fc-c8cda73a0668,true,
49ccaa28-378d-4a7a-a4b2-e6abb379dcd7,0d884f15-e8fb-4dad-998c-db255b1db9a3,true,
49ccaa28-378d-4a7a-a4b2-e6abb379dcd7,7779bbca-5ec7-4763-b322-10d515eb15af,true,
49ccaa28-378d-4a7a-a4b2-e6abb379dcd7,1ec3f94f-104b-47aa-9c03-b11d316f1298,true,
49ccaa28-378d-4a7a-a4b2-e6abb379dcd7,3f932d3c-5fd1-494d-9740-31b725f1d602,true,
49ccaa28-378d-4a7a-a4b2-e6abb379dcd7,6d50f728-6855-41ff-ab10-e16a7ebea1e9,true,
49ccaa28-378d-4a7a-a4b2-e6abb379dcd7,c3ecaf29-a603-42ae-b49a-d8fac99808e7,true,
49ccaa28-378d-4a7a-a4b2-e6abb379dcd7,a1f000a8-a789-484e-afee-065a8192f956,true,
49ccaa28-378d-4a7a-a4b2-e6abb379dcd7,c10b4d1a-d8d0-4f13-a218-02de1ef0510d,true,
49ccaa28-378d-4a7a-a4b2-e6abb379dcd7,afdc4b85-32a5-410c-9902-22fc77060275,true,
49ccaa28-378d-4a7a-a4b2-e6abb379dcd7,1d4730d7-6a43-47c8-a367-68aa2993fb7d,true,
49ccaa28-378d-4a7a-a4b2-e6abb379dcd7,18faeec0-f098-4dae-8620-09f9042c67a5,true,
49ccaa28-378d-4a7a-a4b2-e6abb379dcd7,f3a36b7f-d621-4510-98a6-430a644147c4,true,
49ccaa28-378d-4a7a-a4b2-e6abb379dcd7,86a2e85a-219e-430a-a523-14913c6ef662,true,
e6621ff2-38a7-4263-97b4-4367240f4ef9,79e37ddb-8991-4fcb-92cb-38216892bc22,true,
e6621ff2-38a7-4263-97b4-4367240f4ef9,0ea78de4-0095-4abb-8128-3714fc066670,true,
e6621ff2-38a7-4263-97b4-4367240f4ef9,81ea09c9-29b8-4daf-b6e4-ccc511931f54,true,
e6621ff2-38a7-4263-97b4-4367240f4ef9,4e70ee99-0772-4398-9308-446b6f5105a9,true,
e6621ff2-38a7-4263-97b4-4367240f4ef9,e2afa46d-f56a-4898-afa5-0d8f3815c3f1,true,
e6621ff2-38a7-4263-97b4-4367240f4ef9,e55a4382-7bbd-4cd6-af57-a00847e345c2,true,
e6621ff2-38a7-4263-97b4-4367240f4ef9,f95091b3-6e34-492b-8826-b0396d60925b,true,
e6621ff2-38a7-4263-97b4-4367240f4ef9,d2cfab65-1f7f-4629-8e76-eaf38778579d,true,
e6621ff2-38a7-4263-97b4-4367240f4ef9,5554bd51-324e-4c3f-9de1-7628dba06d1d,true,
e6621ff2-38a7-4263-97b4-4367240f4ef9,ac38bb38-02c4-4955-89c5-e41c9e1a1c11,true,
e6621ff2-38a7-4263-97b4-4367240f4ef9,2c90a9a0-4235-41c1-974f-e309bc7f8b31,true,
e6621ff2-38a7-4263-97b4-4367240f4ef9,34e3ee54-54e3-4d29-9450-e04a25d4d2dc,true,
e6621ff2-38a7-4263-97b4-4367240f4ef9,39ea5e09-95b1-444f-8bad-1c95fe048fc4,true,
e6621ff2-38a7-4263-97b4-4367240f4ef9,2e1995d7-5bf4-47d3-9ac3-82ed94deab72,true,
e6621ff2-38a7-4263-97b4-4367240f4ef9,2a780b97-21d9-49fb-8dba-a49f390d8ce7,true,
e6621ff2-38a7-4263-97b4-4367240f4ef9,8743de95-54cf-404c-9a99-176f987f58aa,true,
e6621ff2-38a7-4263-97b4-4367240f4ef9,7429f044-1387-4e75-96fc-7bbe4bddf032,true,
e6621ff2-38a7-4263-97b4-4367240f4ef9,8ad702c9-c230-482f-91b5-356a8662261f,true,
e6621ff2-38a7-4263-97b4-4367240f4ef9,8046d17b-f3fb-45fc-8827-0aec8157b09d,true,
e6621ff2-38a7-4263-97b4-4367240f4ef9,2c2f49f5-7009-470a-9fbb-b880c4021343,true,
e6621ff2-38a7-4263-97b4-4367240f4ef9,98d71e95-5f6f-42cd-842e-76a85ee386fd,true,
e6621ff2-38a7-4263-97b4-4367240f4ef9,c60d8ac3-2ded-475a-adbb-f4d1227deb77,true,
e6621ff2-38a7-4263-97b4-4367240f4ef9,058a0369-ce80-425e-b091-ab4d7bd06156,true,
e6621ff2-38a7-4263-97b4-4367240f4ef9,0b1f9642-466e-452d-8c09-686fa826015b,true,
e6621ff2-38a7-4263-97b4-4367240f4ef9,2f78c4bd-731f-4095-9a11-b66bf242fbd7,true,
e6621ff2-38a7-4263-97b4-4367240f4ef9,0c87385e-07cb-43ee-8f02-2a8b8db46dc9,true,
e6621ff2-38a7-4263-97b4-4367240f4ef9,a72ec843-e734-443e-909b-46547932e041,true,
e6621ff2-38a7-4263-97b4-4367240f4ef9,e81429d7-3d17-4fc5-8b3c-b5d71d7566fb,true,
e6621ff2-38a7-4263-97b4-4367240f4ef9,b2448344-28e2-46a1-99c8-99de5a85f3bb,true,
e6621ff2-38a7-4263-97b4-4367240f4ef9,fa36c1e5-1a71-41ae-8842-a4f1ea869eed,true,
e6621ff2-38a7-4263-97b4-4367240f4ef9,c2c40cc9-91ba-431a-8577-e38b5826dd64,true,
e6621ff2-38a7-4263-97b4-4367240f4ef9,094a8fda-b8dc-4199-8e0b-b451db7584e1,true,
e6621ff2-38a7-4263-97b4-4367240f4ef9,caef67be-881d-48bd-b313-ad5a8630dda2,true,
e6621ff2-38a7-4263-97b4-4367240f4ef9,d3813d8d-7dae-463b-9446-79876e7f5cff,true,
e6621ff2-38a7-4263-97b4-4367240f4ef9,9aba794e-f458-4463-bf80-677607b27713,true,
e6621ff2-38a7-4263-97b4-4367240f4ef9,0ff644b7-1123-4508-b993-4f9534c1c862,true,
e6621ff2-38a7-4263-97b4-4367240f4ef9,248fc1fb-b758-4dde-bf16-0e68ade182cb,true,
e6621ff2-38a7-4263-97b4-4367240f4ef9,cf64b112-ee80-4107-8a20-f2050f3c1ad4,true,
e6621ff2-38a7-4263-97b4-4367240f4ef9,b17526f8-8469-4d56-a718-84ba2de9effd,true,
e6621ff2-38a7-4263-97b4-4367240f4ef9,0498b768-5df7-492a-b2c9-8d0a4cbfb2a1,true,
e6621ff2-38a7-4263-97b4-4367240f4ef9,9d3aa44f-a44c-454f-a78e-2865cef87572,true,
e6621ff2-38a7-4263-97b4-4367240f4ef9,a87ddfa8-c872-4c1c-95f8-546ca671cdb3,true,
e6621ff2-38a7-4263-97b4-4367240f4ef9,98745bca-292d-45a6-b032-cdd47b41f149,true,
e6621ff2-38a7-4263-97b4-4367240f4ef9,c612ce7f-2b80-41d8-86e4-3711d7c6d3f5,true,
e6621ff2-38a7-4263-97b4-4367240f4ef9,a64cc080-7e90-4b94-9b41-d0af90341051,true,
e6621ff2-38a7-4263-97b4-4367240f4ef9,2dc86f41-4421-4d06-8240-c4e86ace2374,true,
e6621ff2-38a7-4263-97b4-4367240f4ef9,3f240ac2-02f5-4956-9dec-c926118636a6,true,
e6621ff2-38a7-4263-97b4-4367240f4ef9,3970a3ed-e369-475f-9b4e-ec83aaa80441,true,
e6621ff2-38a7-4263-97b4-4367240f4ef9,32e890d9-ee60-4a3c-b28c-b687a827ad8c,true,
e6621ff2-38a7-4263-97b4-4367240f4ef9,d8c539bb-bf58-439b-a528-e2828a96bccc,true,
e6621ff2-38a7-4263-97b4-4367240f4ef9,ce07366a-df35-46f7-8e5d-e3f0928ed5df,true,
e6621ff2-38a7-4263-97b4-4367240f4ef9,570958be-097c-4425-8eaf-409f15a76fb3,true,
e6621ff2-38a7-4263-97b4-4367240f4ef9,66248b76-e1cc-45be-b934-1a9080c5f6d0,true,
e6621ff2-38a7-4263-97b4-4367240f4ef9,8550209b-529d-4bcf-899a-eef881443e96,true,
e6621ff2-38a7-4263-97b4-4367240f4ef9,fd557c88-8ed7-40d2-a3e7-d459fa356f2d,true,
e6621ff2-38a7-4263-97b4-4367240f4ef9,3ac41c39-db5f-4cec-889c-ce05bca1c2e4,true,
e6621ff2-38a7-4263-97b4-4367240f4ef9,50ab23d2-8eed-438b-8c71-b66984e07b6d,true,
e6621ff2-38a7-4263-97b4-4367240f4ef9,4c84f9a2-38d5-4243-baf9-1a6ace2bbdc2,true,
e6621ff2-38a7-4263-97b4-4367240f4ef9,03c4b854-854e-48fc-a08e-7ffdaebf4a07,true,
e6621ff2-38a7-4263-97b4-4367240f4ef9,adc221be-af4c-401b-a81a-e4b4d49ee8d4,true,
e6621ff2-38a7-4263-97b4-4367240f4ef9,9918bd09-c2cd-4d59-8836-0c790f6eb441,true,
e6621ff2-38a7-4263-97b4-4367240f4ef9,b2236263-97b5-44c6-acd8-849184455e16,true,
49bd1336-0cb5-4ec2-92a6-b1c4ebfb19d4,b962c85e-3d6d-447f-800c-d46a1f98beef,true,
49bd1336-0cb5-4ec2-92a6-b1c4ebfb19d4,47627819-4034-4ce2-82b5-4f371eef986e,true,
49bd1336-0cb5-4ec2-92a6-b1c4ebfb19d4,228e3d15-e8ba-4cca-8d1b-b6824c40531f,true,
49bd1336-0cb5-4ec2-92a6-b1c4ebfb19d4,ec15ef54-d502-4d2f-84a1-0dee14ab00c1,true,
49bd1336-0cb5-4ec2-92a6-b1c4ebfb19d4,8f944b64-f0c3-4028-932b-19a7b31879c0,true,
49bd1336-0cb5-4ec2-92a6-b1c4ebfb19d4,32fb3ade-9b3a-418c-90fb-965e9f28b122,true,
49bd1336-0cb5-4ec2-92a6-b1c4ebfb19d4,0dff5aac-b48b-4f1f-b6b5-bd8a53c0194c,true,
49bd1336-0cb5-4ec2-92a6-b1c4ebfb19d4,6b2a430a-4b5e-4f79-81a6-213a0d9f2516,true,
49bd1336-0cb5-4ec2-92a6-b1c4ebfb19d4,b930c82f-d56f-4494-bdc9-4641e77c4ccf,true,
49bd1336-0cb5-4ec2-92a6-b1c4ebfb19d4,8cd917d6-415b-4225-a332-2623b3cad63a,true,
49bd1336-0cb5-4ec2-92a6-b1c4ebfb19d4,cadc48e6-29ba-409f-a6c3-1b1c017f4b48,true,
49bd1336-0cb5-4ec2-92a6-b1c4ebfb19d4,e37cac7d-3bf3-4ccb-8fcc-fcfb513f8401,true,
49bd1336-0cb5-4ec2-92a6-b1c4ebfb19d4,7293cd80-190e-49bf-b512-bb443ebeae4e,true,
49bd1336-0cb5-4ec2-92a6-b1c4ebfb19d4,50046a74-4f33-4333-960e-f91cbd5ad7ba,true,
49bd1336-0cb5-4ec2-92a6-b1c4ebfb19d4,2c137281-2663-4dcb-9146-78b917d52235,true,
49bd1336-0cb5-4ec2-92a6-b1c4ebfb19d4,e68b2b2d-ae17-4669-8953-6fb8cf2d612e,true,
49bd1336-0cb5-4ec2-92a6-b1c4ebfb19d4,8a7e8ee8-7673-4819-833d-806a8b80d8aa,true,
49bd1336-0cb5-4ec2-92a6-b1c4ebfb19d4,f0f71510-828e-4b51-9d86-5106724986d8,true,
49bd1336-0cb5-4ec2-92a6-b1c4ebfb19d4,c168d91b-8346-47fd-a8ce-586ebff3bdf2,true,
49bd1336-0cb5-4ec2-92a6-b1c4ebfb19d4,194355c4-cf7f-4cb5-a49f-924d6b2d81f9,true,
49bd1336-0cb5-4ec2-92a6-b1c4ebfb19d4,54b6de70-ee13-40ab-8967-15c78a1c0d14,true,
49bd1336-0cb5-4ec2-92a6-b1c4ebfb19d4,109a3683-d701-4d6a-8832-d0519c5da946,true,
49bd1336-0cb5-4ec2-92a6-b1c4ebfb19d4,d12b0ae1-d3e4-4883-bf05-487b48199e7f,true,
49bd1336-0cb5-4ec2-92a6-b1c4ebfb19d4,e2b5e924-f175-493e-a026-bf561b5875fb,true,
49bd1336-0cb5-4ec2-92a6-b1c4ebfb19d4,cf249720-f51a-45cd-b067-62e408911582,true,
49bd1336-0cb5-4ec2-92a6-b1c4ebfb19d4,5761986d-64f9-4a58-96e1-25b16fd6ad84,true,
49bd1336-0cb5-4ec2-92a6-b1c4ebfb19d4,75549a15-c902-4b6b-8875-7988b96713db,true,
49bd1336-0cb5-4ec2-92a6-b1c4ebfb19d4,8743f2ba-f6a0-4322-83c8-1b3487f3faca,true,
49bd1336-0cb5-4ec2-92a6-b1c4ebfb19d4,f3a2e132-c7d3-4962-a0f1-1324afd14f0e,true,
49bd1336-0cb5-4ec2-92a6-b1c4ebfb19d4,c2c831ce-eda8-44a7-8e92-1b9fc0b97463,true,
49bd1336-0cb5-4ec2-92a6-b1c4ebfb19d4,363ebf49-d39c-469a-993d-722cc7fb34bc,true,
49bd1336-0cb5-4ec2-92a6-b1c4ebfb19d4,f41329e2-4eb4-465e-abf7-9658cac1258e,true,
49bd1336-0cb5-4ec2-92a6-b1c4ebfb19d4,b0ba9d32-ed0a-4a3c-b1fb-e5717437b661,true,
49bd1336-0cb5-4ec2-92a6-b1c4ebfb19d4,366a1538-4d92-4902-be5e-eafc2be97949,true,
49bd1336-0cb5-4ec2-92a6-b1c4ebfb19d4,3c46d1ad-9a9c-453e-aaba-ad93e8ef9289,true,
49bd1336-0cb5-4ec2-92a6-b1c4ebfb19d4,515bf880-9b29-4df7-8b64-c05e99c7fc83,true,
49bd1336-0cb5-4ec2-92a6-b1c4ebfb19d4,fbbd0f63-b477-43c4-9fa3-96f8596a03dc,true,
49bd1336-0cb5-4ec2-92a6-b1c4ebfb19d4,ca466602-a559-4670-9132-43419f60f4b2,true,
49bd1336-0cb5-4ec2-92a6-b1c4ebfb19d4,e1008dce-613a-47c8-ae1b-fb36c5b60731,true,
333edc50-a2b3-470a-a9ed-31291c77d62f,c33dbd4e-11b4-4414-a459-56bf1b27677b,true,
333edc50-a2b3-470a-a9ed-31291c77d62f,dfdce07e-8c49-453f-bd3d-7cca5ddee2b5,true,
333edc50-a2b3-470a-a9ed-31291c77d62f,1b594803-413a-42f8-ab81-6f1d2013fa8f,true,
333edc50-a2b3-470a-a9ed-31291c77d62f,4e87d4e8-e7b8-490f-922b-7679347ef5c4,true,
333edc50-a2b3-470a-a9ed-31291c77d62f,ae4e9cb1-c141-4048-b82b-47b77b854c05,true,
333edc50-a2b3-470a-a9ed-31291c77d62f,d3ef0e7b-7bf7-442b-be87-1c1af83d4174,true,
333edc50-a2b3-470a-a9ed-31291c77d62f,e10d1938-5645-4d90-97d6-3f05b64f8122,true,
333edc50-a2b3-470a-a9ed-31291c77d62f,e200af90-0f11-47f5-b712-9a72b7d16d5d,true,
333edc50-a2b3-470a-a9ed-31291c77d62f,1861dfd1-86e8-4659-bf33-74a3b9afa510,true,
333edc50-a2b3-470a-a9ed-31291c77d62f,aa691d71-430a-4a72-ae67-7750d782e3c2,true,
333edc50-a2b3-470a-a9ed-31291c77d62f,42645fe7-b4e8-4de1-8a08-5e409b0a53bf,true,
333edc50-a2b3-470a-a9ed-31291c77d62f,1f2a08e7-57fe-4d0c-a1e1-883840a0d00a,true,
333edc50-a2b3-470a-a9ed-31291c77d62f,3e3e5ce1-9aee-4653-a774-d93335bf9485,true,
333edc50-a2b3-470a-a9ed-31291c77d62f,e73769d1-c632-4394-a0ee-413e3b868363,true,
333edc50-a2b3-470a-a9ed-31291c77d62f,d67ca582-df7b-479f-b998-12717558f4bb,true,
333edc50-a2b3-470a-a9ed-31291c77d62f,bc9ad228-dea0-455c-8e6d-1c000215e922,true,
333edc50-a2b3-470a-a9ed-31291c77d62f,e1b05383-0afb-4e2e-8bf2-627e423d0884,true,
333edc50-a2b3-470a-a9ed-31291c77d62f,a7242ba1-2ff0-4bde-9cfa-a2d484be402a,true,
333edc50-a2b3-470a-a9ed-31291c77d62f,4abfe2de-5da6-4cde-8906-34ba88654864,true,
333edc50-a2b3-470a-a9ed-31291c77d62f,13df9ad2-16d3-4c83-b53f-b3addf347f2e,true,
333edc50-a2b3-470a-a9ed-31291c77d62f,43553520-eb44-424e-b1f6-f527ab92b8c8,true,
333edc50-a2b3-470a-a9ed-31291c77d62f,b1b6ba22-b4f0-4b09-bf30-ff16c8c5ed47,true,
333edc50-a2b3-470a-a9ed-31291c77d62f,a6c258aa-d6fa-4b54-bed0-ffff8d9b9d05,true,
333edc50-a2b3-470a-a9ed-31291c77d62f,f7caa3ff-2a31-40a3-82ee-d648c977beba,true,
333edc50-a2b3-470a-a9ed-31291c77d62f,e2ae2cee-df79-4893-ae6b-c5b996673d18,true,
333edc50-a2b3-470a-a9ed-31291c77d62f,9ea95734-e8a8-476a-b4a0-a8151855bcdb,true,
333edc50-a2b3-470a-a9ed-31291c77d62f,7259c97f-b947-496b-820e-9d1f7b95c92b,true,
333edc50-a2b3-470a-a9ed-31291c77d62f,0a9e54f3-d3e7-4577-b656-aba5b812e052,true,
333edc50-a2b3-470a-a9ed-31291c77d62f,4794246d-0ede-4610-8993-653fa00468aa,true,
333edc50-a2b3-470a-a9ed-31291c77d62f,fe313fb7-633e-4fa8-9900-a8af102ea574,true,
333edc50-a2b3-470a-a9ed-31291c77d62f,728209bf-be6e-4a08-b1e1-503b661adf4f,true,
333edc50-a2b3-470a-a9ed-31291c77d62f,ff4ea9e8-518d-4e27-9d82-ed0bb948052b,true,
333edc50-a2b3-470a-a9ed-31291c77d62f,9ec37e02-7009-4440-89a1-da91cf42aa31,true,
333edc50-a2b3-470a-a9ed-31291c77d62f,b88f0b3d-7570-4151-851e-dccaa592e0d9,true,
333edc50-a2b3-470a-a9ed-31291c77d62f,ec87f475-cdb8-453b-9c53-b4ca45ff81d8,true,
333edc50-a2b3-470a-a9ed-31291c77d62f,8e64f110-7561-4dcd-9a87-a694d6b6d7c6,true,
333edc50-a2b3-470a-a9ed-31291c77d62f,710daf23-9370-4dae-98fd-de6b8ad5f7c9,true,
333edc50-a2b3-470a-a9ed-31291c77d62f,79752a00-73e9-4162-93b2-f77a0ab8690a,true,
333edc50-a2b3-470a-a9ed-31291c77d62f,715f9454-49eb-4473-8542-7d5def855e43,true,
333edc50-a2b3-470a-a9ed-31291c77d62f,0c509241-e2ec-4e91-807f-e028b682ee46,true,
333edc50-a2b3-470a-a9ed-31291c77d62f,68419d63-810c-4ae6-9cc4-372ff9945a7a,true,
333edc50-a2b3-470a-a9ed-31291c77d62f,de4eb4a3-b861-4c81-8de2-ca6a9e3aa5f6,true,
333edc50-a2b3-470a-a9ed-31291c77d62f,9d7df4ce-414b-48df-994d-536efd0bd02a,true,
333edc50-a2b3-470a-a9ed-31291c77d62f,b778143c-c42b-472c-b53c-2123760fbb5e,true,
333edc50-a2b3-470a-a9ed-31291c77d62f,eda371b1-0faf-4801-b734-03915d95fc67,true,
333edc50-a2b3-470a-a9ed-31291c77d62f,f8d09d8a-0341-4c22-b335-9f7c9efefb65,true,
333edc50-a2b3-470a-a9ed-31291c77d62f,16ca1b6f-d33e-4b81-aaf8-491b28523d82,true,
333edc50-a2b3-470a-a9ed-31291c77d62f,2ef2116c-f1f2-47af-bc55-bb08be11d779,true,
333edc50-a2b3-470a-a9ed-31291c77d62f,fbefbd3b-2959-40bd-af0c-536e20b484c8,true,
333edc50-a2b3-470a-a9ed-31291c77d62f,9d6b469a-1dab-47b5-99f8-899ae5882f97,true,
333edc50-a2b3-470a-a9ed-31291c77d62f,5ec14869-15c9-4a95-b3d4-b82fd4bed534,true,
333edc50-a2b3-470a-a9ed-31291c77d62f,bf55c207-0762-4099-8cf5-fb05ac24831d,true,
333edc50-a2b3-470a-a9ed-31291c77d62f,ed28ae0c-20fc-43de-b98e-3382eae36bdd,true,
333edc50-a2b3-470a-a9ed-31291c77d62f,bf75f484-e135-4a1d-a4e7-d2210f1f12a8,true,
333edc50-a2b3-470a-a9ed-31291c77d62f,0da22b41-b6f2-4892-8d59-c98860e7f1a6,true,
333edc50-a2b3-470a-a9ed-31291c77d62f,597742c2-3653-4875-8d26-d2cba2e71f5a,true,
333edc50-a2b3-470a-a9ed-31291c77d62f,bd2e89eb-002c-4eff-9067-de5b91665e43,true,
333edc50-a2b3-470a-a9ed-31291c77d62f,eb39860f-451f-4049-ad42-1bafcbc77810,true,
333edc50-a2b3-470a-a9ed-31291c77d62f,f4e3443f-7e3c-449c-a09c-9f5e7b815caa,true,
333edc50-a2b3-470a-a9ed-31291c77d62f,f044affc-c29f-4d99-a231-b9cda63d8e8d,true,
333edc50-a2b3-470a-a9ed-31291c77d62f,d9511efd-cd2b-45a2-b858-71e07873f23e,true,
333edc50-a2b3-470a-a9ed-31291c77d62f,80e9d886-122f-4b69-96b5-aa70e9f7c904,true,
1c91a031-f2fb-4d41-a2b5-b95d3a50bad7,1ccee61c-6aaf-4ccb-a604-961de2d1c163,false,[NO_5XX] Unexpected 5XX response: 502
1c91a031-f2fb-4d41-a2b5-b95d3a50bad7,6daba679-7820-4607-9276-4662d118187d,true,
1c91a031-f2fb-4d41-a2b5-b95d3a50bad7,b1fae837-9b95-4a17-93bd-a74068bbc3d9,true,
1c91a031-f2fb-4d41-a2b5-b95d3a50bad7,eec6d049-2a00-4de7-972e-474ceb011676,true,
1c91a031-f2fb-4d41-a2b5-b95d3a50bad7,e0234bae-c78a-4a38-8c20-a590065a3fd4,true,
1c91a031-f2fb-4d41-a2b5-b95d3a50bad7,29dffce1-aae3-4420-b6fd-6c3eeacadd7c,true,
1c91a031-f2fb-4d41-a2b5-b95d3a50bad7,36892cb2-4c2c-4389-a88b-ff1ce8374949,true,
1c91a031-f2fb-4d41-a2b5-b95d3a50bad7,c5345292-6016-43c6-9dd1-498a3651f2ab,true,
1c91a031-f2fb-4d41-a2b5-b95d3a50bad7,6499c571-9060-4e2e-a1d4-1342b99bbd73,true,
1c91a031-f2fb-4d41-a2b5-b95d3a50bad7,f44981a2-c478-4650-b382-260d5325c2af,true,
1c91a031-f2fb-4d41-a2b5-b95d3a50bad7,3b69aaaf-d224-44af-8152-212c2e09a0e8,true,
1c91a031-f2fb-4d41-a2b5-b95d3a50bad7,a44fc58d-5338-46aa-8765-6035b37beaad,true,
1c91a031-f2fb-4d41-a2b5-b95d3a50bad7,de737fe5-8a7a-4ae8-aeea-fe47cd6732c9,true,
1c91a031-f2fb-4d41-a2b5-b95d3a50bad7,b6d2580f-338b-43de-834c-435f385f26b7,true,
1c91a031-f2fb-4d41-a2b5-b95d3a50bad7,47fa0c64-dd85-4c04-8675-6b7a6d6a1a4e,true,
1c91a031-f2fb-4d41-a2b5-b95d3a50bad7,64d3ad1a-f1db-4a75-87f6-8be2f8ac1aa3,true,
1c91a031-f2fb-4d41-a2b5-b95d3a50bad7,7ab694f6-bffa-4a55-ab90-e26ead6a1a16,true,
1c91a031-f2fb-4d41-a2b5-b95d3a50bad7,29c0c36f-c397-4dea-984e-34938ebed7c7,true,
1c91a031-f2fb-4d41-a2b5-b95d3a50bad7,63f13212-21fd-4c49-8506-c105a64d7d7a,true,
1c91a031-f2fb-4d41-a2b5-b95d3a50bad7,12f017d0-dd3e-4cf0-8b9b-ad926621ec93,true,
1c91a031-f2fb-4d41-a2b5-b95d3a50bad7,0247c899-222d-466e-8f42-74c9fa344b25,true,
1c91a031-f2fb-4d41-a2b5-b95d3a50bad7,a76be29c-6019-442a-bff2-a5459546acd1,true,
1c91a031-f2fb-4d41-a2b5-b95d3a50bad7,9f512b42-679a-451e-a7ad-a77cc0865d0e,true,
1c91a031-f2fb-4d41-a2b5-b95d3a50bad7,39829aae-948a-4761-9ee9-ce915e2648ce,true,
1c91a031-f2fb-4d41-a2b5-b95d3a50bad7,ab28f95a-3369-4d46-a75b-127f06f0a991,true,
1c91a031-f2fb-4d41-a2b5-b95d3a50bad7,c1976627-82df-434c-9d82-9a4f1f36f759,true,
1c91a031-f2fb-4d41-a2b5-b95d3a50bad7,28ea8c8c-bbc5-4da5-aae5-dc5024e75b23,true,
1c91a031-f2fb-4d41-a2b5-b95d3a50bad7,70dd3125-5b89-4422-9300-0798271db967,true,
1c91a031-f2fb-4d41-a2b5-b95d3a50bad7,6821f5b5-b7ed-4439-a9e3-d3daed1ceeb0,true,
1c91a031-f2fb-4d41-a2b5-b95d3a50bad7,f6482531-fb75-47a0-8e31-c37e1f5b12bd,true,
1c91a031-f2fb-4d41-a2b5-b95d3a50bad7,b9477666-7bba-4892-ba99-198d8c861cf8,true,
1c91a031-f2fb-4d41-a2b5-b95d3a50bad7,bf8847d6-f3f0-4329-b8da-0017e4454808,true,
c7d723eb-77d8-44dd-a172-c8b159721c05,b47c763f-c0e0-4edf-8c25-0276a3a2197b,true,
c7d723eb-77d8-44dd-a172-c8b159721c05,c03d9832-7887-4a0d-82ea-5013b2631133,true,
c7d723eb-77d8-44dd-a172-c8b159721c05,52e0bbd1-5131-4fdb-9275-d2d5b0a6c15b,true,
c7d723eb-77d8-44dd-a172-c8b159721c05,0c630cbc-654f-4b3b-8708-c321b51a725b,true,
c7d723eb-77d8-44dd-a172-c8b159721c05,88a6e297-a5c4-4d26-b2c1-b538ff56e32f,true,
c7d723eb-77d8-44dd-a172-c8b159721c05,7b81bbfa-0f1e-48b4-9c0c-b407936dbae7,true,
c7d723eb-77d8-44dd-a172-c8b159721c05,4565f0d9-d040-4107-9fb7-cb1fa029db0d,true,
c7d723eb-77d8-44dd-a172-c8b159721c05,b1ec819b-f51e-4d32-ad42-7291fca4699c,true,
c7d723eb-77d8-44dd-a172-c8b159721c05,3d408d58-92fa-4616-902c-5ab1108bbfa4,true,
c7d723eb-77d8-44dd-a172-c8b159721c05,2f012b4b-66ed-4049-a691-b1e1348143cc,true,
c7d723eb-77d8-44dd-a172-c8b159721c05,d4ef1116-8742-4389-bd4c-7152faf80289,true,
c7d723eb-77d8-44dd-a172-c8b159721c05,7d7a1138-1c43-41d8-9da2-4ea4a0e198a2,true,
c7d723eb-77d8-44dd-a172-c8b159721c05,1b3c352b-f6c4-44bb-9452-dba0fc02d051,true,
c7d723eb-77d8-44dd-a172-c8b159721c05,1717a89a-0930-4657-bf30-fb14cef5baf6,true,
c7d723eb-77d8-44dd-a172-c8b159721c05,d5a5c312-16f8-4a2b-8a23-c2bacf5d72a7,true,
c7d723eb-77d8-44dd-a172-c8b159721c05,c9334152-59aa-46a9-9938-6708e9e210a1,true,
c7d723eb-77d8-44dd-a172-c8b159721c05,f293ef0c-95cf-474c-92c5-57850b515711,true,
c7d723eb-77d8-44dd-a172-c8b159721c05,c755af41-1985-4b67-9cd6-1cca0bee2092,true,
c7d723eb-77d8-44dd-a172-c8b159721c05,c7954a2e-5e8b-458f-a8e1-8708236a9690,true,
c7d723eb-77d8-44dd-a172-c8b159721c05,b1c1d4d1-6e58-4284-a410-38035f598325,true,
c7d723eb-77d8-44dd-a172-c8b159721c05,3b53efec-5f2d-4e39-ac32-eff6e32cc73c,true,
c7d723eb-77d8-44dd-a172-c8b159721c05,56af8712-0423-4365-8a86-185a3577dca7,true,
c7d723eb-77d8-44dd-a172-c8b159721c05,a01b5076-cb62-4dde-9c7f-4eff72a70169,true,
c7d723eb-77d8-44dd-a172-c8b159721c05,9623ae59-afee-4f35-bab6-3eff79b9d70e,true,
c7d723eb-77d8-44dd-a172-c8b159721c05,148c6fc3-6f2f-4189-b3a6-04d69b967d1e,true,
c7d723eb-77d8-44dd-a172-c8b159721c05,9be1a6b0-fe49-498c-979a-7d41bd856c50,true,
c7d723eb-77d8-44dd-a172-c8b159721c05,7866e3db-9746-4087-ba1e-df8a0198e51a,true,
c7d723eb-77d8-44dd-a172-c8b159721c05,c5b38bb3-71a8-4024-93ef-a2a76e94f642,true,
c7d723eb-77d8-44dd-a172-c8b159721c05,a05470c1-f7a8-469f-9034-10fe42a6d704,true,
c7d723eb-77d8-44dd-a172-c8b159721c05,5a13045a-d89c-4d43-b6c5-c58d3d726c6b,true,
c7d723eb-77d8-44dd-a172-c8b159721c05,976aee54-ab0d-4e62-a245-f50c60e05573,true,
c7d723eb-77d8-44dd-a172-c8b159721c05,366d1619-7955-4a32-b31b-50269e0c4af7,true,
c7d723eb-77d8-44dd-a172-c8b159721c05,2dff5d52-2a94-4381-941e-8c0bf7ade6e0,true,
c7d723eb-77d8-44dd-a172-c8b159721c05,d269fafe-01ba-4a69-ac58-01962c225e1a,true,
c7d723eb-77d8-44dd-a172-c8b159721c05,22d91760-aeb8-436c-ab35-22ed0f561546,true,
c7d723eb-77d8-44dd-a172-c8b159721c05,ba318332-f51d-4e14-9890-79351fef8c25,true,
c7d723eb-77d8-44dd-a172-c8b159721c05,b4d7cf85-ba46-4a83-a5ac-c0d8a6eadb34,true,
c7d723eb-77d8-44dd-a172-c8b159721c05,0923283e-4730-4f29-9e5b-9f72f860f4e9,true,
c7d723eb-77d8-44dd-a172-c8b159721c05,a9240061-f4ef-4c57-99c3-526a2218a9dd,true,
c7d723eb-77d8-44dd-a172-c8b159721c05,3b2a9854-3d6c-49cd-a415-fd80ed29c472,true,
c7d723eb-77d8-44dd-a172-c8b159721c05,4afe9910-bb06-4869-8bae-9e547aec4ddf,true,
c7d723eb-77d8-44dd-a172-c8b159721c05,e559c9c0-9f9d-40b8-bd62-1cdfc65581a2,true,
c7d723eb-77d8-44dd-a172-c8b159721c05,6e135292-0820-4113-9121-b840af808c9d,true,
c7d723eb-77d8-44dd-a172-c8b159721c05,2697c185-3948-494d-83eb-d90636ebca79,true,
c7d723eb-77d8-44dd-a172-c8b159721c05,9c98370c-97e1-4798-b206-57234dade9b4,true,
c7d723eb-77d8-44dd-a172-c8b159721c05,4512a20b-d828-481f-88a7-cc6382c956ba,true,
c7d723eb-77d8-44dd-a172-c8b159721c05,84d2e07c-f5e2-43dc-a14f-72a7c56e5697,true,
c7d723eb-77d8-44dd-a172-c8b159721c05,a4a9231e-8282-4e12-a077-90ba818e7e57,true,
c7d723eb-77d8-44dd-a172-c8b159721c05,0a77ba9c-7e78-4156-a525-79a30ec01a75,true,
c7d723eb-77d8-44dd-a172-c8b159721c05,b620b58e-e19f-47c5-8e54-2be7a2400eac,true,
c7d723eb-77d8-44dd-a172-c8b159721c05,6ab98eb2-e5fe-44d3-824d-7771c6ad4e9f,true,
c7d723eb-77d8-44dd-a172-c8b159721c05,b7f9f746-2fb1-418e-8338-e092148c93b0,true,
c7d723eb-77d8-44dd-a172-c8b159721c05,76a449d8-6502-4c35-a442-ac5e05546e3c,true,
c7d723eb-77d8-44dd-a172-c8b159721c05,a1b3ba94-63da-4645-bafa-0ae361955517,true,
c7d723eb-77d8-44dd-a172-c8b159721c05,1d86a4d3-be8b-4865-bccb-29bf6ddfec7f,true,
c7d723eb-77d8-44dd-a172-c8b159721c05,0e0c760c-449b-448e-ac1f-71787bd1b2c3,true,
c7d723eb-77d8-44dd-a172-c8b159721c05,e3151e3e-b993-4745-a37e-96a704066865,true,
c7d723eb-77d8-44dd-a172-c8b159721c05,4f2d85e5-797b-4aa5-9325-60dc6c66d5fd,true,
c7d723eb-77d8-44dd-a172-c8b159721c05,97295206-01e6-44b9-9e76-32332d7797ae,true,
c7d723eb-77d8-44dd-a172-c8b159721c05,334ba66e-e906-4d88-8072-aee7fbcbec8f,true,
c7d723eb-77d8-44dd-a172-c8b159721c05,997b88d0-c411-4901-aedd-7c335595aea1,true,
c7d723eb-77d8-44dd-a172-c8b159721c05,bdbd656e-ecee-45a5-97a1-3ab3f6e5e916,true,
de321650-4581-48e1-940e-64f984af0fe5,4bbe1834-0060-4bf9-bf59-14010a59b806,false,[NO_5XX] Unexpected 5XX response: 503
de321650-4581-48e1-940e-64f984af0fe5,6e7900e0-6ad3-45c9-aa7e-9179f9e87fdf,true,
de321650-4581-48e1-940e-64f984af0fe5,43dec8ba-0727-418d-9d18-e8df7513f0d2,true,
de321650-4581-48e1-940e-64f984af0fe5,3200d01e-4535-4d8b-882e-b894cff37452,true,
de321650-4581-48e1-940e-64f984af0fe5,e3205c7b-4ddb-4b23-8c0f-d8c595150703,true,
de321650-4581-48e1-940e-64f984af0fe5,9b627ec7-5fe8-4d2c-aa64-69de7e84e3b6,true,
de321650-4581-48e1-940e-64f984af0fe5,78fdbdf2-5457-449b-a1a3-341403a1eadd,true,
de321650-4581-48e1-940e-64f984af0fe5,9c4f801e-c144-4c63-b528-2fa60cec4742,true,
de321650-4581-48e1-940e-64f984af0fe5,18aa6d49-1aaf-458b-8f80-e2d17f3b53b5,true,
de321650-4581-48e1-940e-64f984af0fe5,eb1cbb8a-edcb-4bed-86c3-bbaa377de012,true,
de321650-4581-48e1-940e-64f984af0fe5,55e041b0-2ebd-4ea1-bbdd-00717b72a094,true,
de321650-4581-48e1-940e-64f984af0fe5,8b070026-e1a1-4fad-b07f-9d87a649ec5b,true,
de321650-4581-48e1-940e-64f984af0fe5,b181670e-30c7-4a8d-9812-b91a2aa89df4,true,
de321650-4581-48e1-940e-64f984af0fe5,a4d4be6c-bbbd-4075-a84b-f9d27dd80e5c,true,
de321650-4581-48e1-940e-64f984af0fe5,1d2d0bc8-5170-4c5a-9b47-9c84ea3bfbc7,true,
de321650-4581-48e1-940e-64f984af0fe5,15d648cb-8f7e-4467-9990-2de06db3e2a4,true,
f9c68522-fc3a-4275-92da-a4ebaf20c796,09adb574-890b-4bf1-ac50-7cbb5270051d,true,
f9c68522-fc3a-4275-92da-a4ebaf20c796,7939ed54-26c4-4f2f-8488-72b9fd647833,true,
f9c68522-fc3a-4275-92da-a4ebaf20c796,8b5c1b28-57a6-4923-8c9b-73d555e7efef,true,
f9c68522-fc3a-4275-92da-a4ebaf20c796,a4b84e97-d701-4a50-85e8-8fa6ee37be58,true,
f9c68522-fc3a-4275-92da-a4ebaf20c796,4f6e02e6-93ca-4262-96c9-40d9d3ec18cc,true,
f9c68522-fc3a-4275-92da-a4ebaf20c796,d34bf2d7-6579-4472-80c2-4f6e8c63ed38,true,
f9c68522-fc3a-4275-92da-a4ebaf20c796,04683988-b964-4d70-b78d-38e7b2defe7c,true,
f9c68522-fc3a-4275-92da-a4ebaf20c796,310594b5-1902-46ab-b155-c8963e576fab,true,
f9c68522-fc3a-4275-92da-a4ebaf20c796,24e6054c-b752-4c76-bd5f-74edd5b7a32e,true,
f9c68522-fc3a-4275-92da-a4ebaf20c796,e32fb73f-7ca9-4551-b203-6785db4eede6,true,
f9c68522-fc3a-4275-92da-a4ebaf20c796,1ee89153-f336-4306-88e1-744481f26287,true,
f9c68522-fc3a-4275-92da-a4ebaf20c796,df870e07-1980-4955-8750-457bef2c3bf0,true,
f9c68522-fc3a-4275-92da-a4ebaf20c796,fe44561c-5031-42bc-ae89-e8e2b5fb69ea,true,
f9c68522-fc3a-4275-92da-a4ebaf20c796,b51a3aa2-7652-460e-84db-a02776466cbc,true,
f9c68522-fc3a-4275-92da-a4ebaf20c796,4980c660-183b-452b-8519-7de81fb0c4ed,true,
f9c68522-fc3a-4275-92da-a4ebaf20c796,70a19ac5-8aab-4b8f-857f-818b58ae67b0,true,
f9c68522-fc3a-4275-92da-a4ebaf20c796,3f0dd2d0-1996-4cf4-9a7d-babebd1b9411,true,
f9c68522-fc3a-4275-92da-a4ebaf20c796,b21f84fc-b2bf-4ade-94ad-00edde939ff4,true,
f9c68522-fc3a-4275-92da-a4ebaf20c796,3bad0d5c-b7f4-4237-82d2-b32ef7343d58,true,
f9c68522-fc3a-4275-92da-a4ebaf20c796,697bff87-ce9f-46e0-b0d3-d490f0e81ad3,true,
f9c68522-fc3a-4275-92da-a4ebaf20c796,52f1e217-fae0-483e-8b50-c88430942d1e,true,
f9c68522-fc3a-4275-92da-a4ebaf20c796,cf60e349-45a6-4b28-af85-cefa48f6e2ac,true,
f9c68522-fc3a-4275-92da-a4ebaf20c796,edec9cb3-0948-43ef-94f7-766f69df1686,true,
f9c68522-fc3a-4275-92da-a4ebaf20c796,0a9a27c0-70f1-49d1-9420-ef78613b6d6e,true,
f9c68522-fc3a-4275-92da-a4ebaf20c796,87c5384a-c2bc-414c-b339-04e923868900,true,
f9c68522-fc3a-4275-92da-a4ebaf20c796,6cca947e-1398-4200-af26-1c3a4a845d63,true,
f9c68522-fc3a-4275-92da-a4ebaf20c796,5f1db575-829e-46b5-bdba-f4ba46af0499,true,
994dc0d0-ec41-4b15-9618-8705d1fa1722,bfa0bed9-2e1e-4047-ba61-a19930a00f4d,true,
994dc0d0-ec41-4b15-9618-8705d1fa1722,3a361ec9-9198-4579-bcc7-24c9c45798d0,true,
994dc0d0-ec41-4b15-9618-8705d1fa1722,a1519eb1-ffd4-4a13-b929-04abf0be13cf,true,
994dc0d0-ec41-4b15-9618-8705d1fa1722,a1dea7aa-8335-458f-af19-3dadb589f042,true,
994dc0d0-ec41-4b15-9618-8705d1fa1722,b2701c8e-104d-4120-8dc0-1c4349f80a0a,true,
994dc0d0-ec41-4b15-9618-8705d1fa1722,852e9774-a9c9-4b7c-9561-607916af25a6,true,
994dc0d0-ec41-4b15-9618-8705d1fa1722,60acd319-762f-48bf-b8f9-070e4af1c130,true,
994dc0d0-ec41-4b15-9618-8705d1fa1722,811d1d7c-c4cb-46bd-87c2-972da53c0fb1,true,
994dc0d0-ec41-4b15-9618-8705d1fa1722,b8c0f68a-7de5-4bab-9d68-c2232d1221cb,true,
994dc0d0-ec41-4b15-9618-8705d1fa1722,61da8b03-3be4-4276-a5e2-a444e575a334,true,
994dc0d0-ec41-4b15-9618-8705d1fa1722,27374044-891b-419f-b21d-08877b9a12af,true,
994dc0d0-ec41-4b15-9618-8705d1fa1722,b9883d17-9c43-47d4-8e67-cc11c598011a,true,
994dc0d0-ec41-4b15-9618-8705d1fa1722,aa50b0e0-31ea-46ab-a7d5-1639201441fc,true,
994dc0d0-ec41-4b15-9618-8705d1fa1722,91011175-e568-402d-91a3-27e90be205c0,true,
994dc0d0-ec41-4b15-9618-8705d1fa1722,1f5a148b-a356-4852-be98-34a0dd688b00,true,
994dc0d0-ec41-4b15-9618-8705d1fa1722,fa7b5439-8e78-4530-95fd-8e365020b0cd,true,
994dc0d0-ec41-4b15-9618-8705d1fa1722,3e676800-c8b9-4fd5-adfa-410291b9c04b,true,
994dc0d0-ec41-4b15-9618-8705d1fa1722,602f5eee-dca8-4f9b-b69f-07c61d2a9d33,true,
994dc0d0-ec41-4b15-9618-8705d1fa1722,932821a8-ef74-4659-90a0-c4fa634b03a4,true,
994dc0d0-ec41-4b15-9618-8705d1fa1722,666059dc-9b1b-4adf-9445-f3541e10a93d,true,
994dc0d0-ec41-4b15-9618-8705d1fa1722,265c6cba-6300-47fa-8750-2dadea90136c,true,
994dc0d0-ec41-4b15-9618-8705d1fa1722,bf172ba7-3347-4cec-838d-ec1852d13c1d,true,
994dc0d0-ec41-4b15-9618-8705d1fa1722,816c7513-e7bd-4e63-8ac7-e9cb99a4aa2f,true,
994dc0d0-ec41-4b15-9618-8705d1fa1722,47550e28-1d9d-4898-8d2b-0f6e67e3eccb,true,
994dc0d0-ec41-4b15-9618-8705d1fa1722,66fb3647-aece-4cb2-8276-56ba978ae2fd,true,
994dc0d0-ec41-4b15-9618-8705d1fa1722,747ba919-e632-415c-ad68-059523200398,true,
994dc0d0-ec41-4b15-9618-8705d1fa1722,fd29166a-25bf-4910-a9d0-b4d2da3aa25c,true,
994dc0d0-ec41-4b15-9618-8705d1fa1722,e4c15124-580d-4a2c-a44c-56c7aded200a,true,
994dc0d0-ec41-4b15-9618-8705d1fa1722,7dc11148-7902-4002-bc6f-ec2d396a1033,true,
994dc0d0-ec41-4b15-9618-8705d1fa1722,6b5bd3e9-4af2-48ac-927c-f98d2538d4ed,true,
994dc0d0-ec41-4b15-9618-8705d1fa1722,1adac8b8-89d0-4a2b-9d76-66b1cee50c15,true,
994dc0d0-ec41-4b15-9618-8705d1fa1722,0290f361-43d5-4461-8fbc-6243d3c54bc7,true,
994dc0d0-ec41-4b15-9618-8705d1fa1722,2398c87d-b5fb-40cd-82f2-ac0c4c8c792e,true,
994dc0d0-ec41-4b15-9618-8705d1fa1722,4f326c18-99b0-4d50-8194-4c6e61abcf8c,true,
994dc0d0-ec41-4b15-9618-8705d1fa1722,fa559a85-63bc-4db3-b5df-720e1db25034,true,
994dc0d0-ec41-4b15-9618-8705d1fa1722,7e25facb-8e68-4c6b-b33f-cbe9420529d6,true,
994dc0d0-ec41-4b15-9618-8705d1fa1722,6055afe1-ebd7-4187-b41e-0fe80c54bfb4,true,
994dc0d0-ec41-4b15-9618-8705d1fa1722,0a78e354-0aae-478a-9e31-d4f6d7ca9c0e,true,
994dc0d0-ec41-4b15-9618-8705d1fa1722,6b76adb0-528d-42ff-aa92-c0ec84ddeb97,true,
19e0567c-fedc-4788-8657-c40e2ac9a152,471f2d79-ffc6-495d-acb1-c46d9d598ee0,true,
19e0567c-fedc-4788-8657-c40e2ac9a152,797cf414-d43b-49df-a54b-dd36d9d7db62,true,
19e0567c-fedc-4788-8657-c40e2ac9a152,bf90e824-e57d-4155-ba6c-8b7ddf78fe1a,true,
19e0567c-fedc-4788-8657-c40e2ac9a152,2c6e7a50-6a66-4083-9661-37a22aac89df,true,
19e0567c-fedc-4788-8657-c40e2ac9a152,066cdd8e-e273-4958-ae52-87cad9ea6e77,true,
19e0567c-fedc-4788-8657-c40e2ac9a152,135f42fc-e22c-41b0-aff5-65beaad3501e,true,
19e0567c-fedc-4788-8657-c40e2ac9a152,ab15d5ed-53ef-4846-b66b-dc58ae28ac77,true,
19e0567c-fedc-4788-8657-c40e2ac9a152,edd45458-fcb5-4523-b292-8a21f3c53ba1,true,
19e0567c-fedc-4788-8657-c40e2ac9a152,db6e6d61-45a1-4df2-ad98-e8203f4fa79f,true,
19e0567c-fedc-4788-8657-c40e2ac9a152,a64ded6d-402a-48ab-ab57-e726adee237d,true,
19e0567c-fedc-4788-8657-c40e2ac9a152,c4beceee-8fae-4ac9-b3da-178f10241520,true,
19e0567c-fedc-4788-8657-c40e2ac9a152,16872f00-8c1d-4085-90d1-32becddb614c,true,
19e0567c-fedc-4788-8657-c40e2ac9a152,09dea939-5e81-4e69-a557-19c56d14c7d4,true,
19e0567c-fedc-4788-8657-c40e2ac9a152,7108cd24-76ff-4cab-8663-8ac3f58e680c,true,
19e0567c-fedc-4788-8657-c40e2ac9a152,7e45bfd2-4202-456a-90ea-34ef48dcc3e3,true,
19e0567c-fedc-4788-8657-c40e2ac9a152,a1889ea1-d376-4fa9-9468-1f5273dd5d1a,true,
19e0567c-fedc-4788-8657-c40e2ac9a152,e56df5a9-b893-4c81-8ce5-a5b8f785c388,true,
19e0567c-fedc-4788-8657-c40e2ac9a152,aa66086f-8acb-46fb-816f-f31258c1001d,true,
19e0567c-fedc-4788-8657-c40e2ac9a152,b19fd748-7332-486c-9237-be688b83067a,true,
19e0567c-fedc-4788-8657-c40e2ac9a152,5bbc57e6-1264-43ed-98de-9b76861f861e,true,
19e0567c-fedc-4788-8657-c40e2ac9a152,f7f36f9c-9858-4143-86c0-45a450f389b6,true,
19e0567c-fedc-4788-8657-c40e2ac9a152,b1a086fd-f40d-42de-8dca-b4c95db71102,true,
19e0567c-fedc-4788-8657-c40e2ac9a152,f6bcd4d9-b305-4f31-b69e-448fc44ed532,true,
19e0567c-fedc-4788-8657-c40e2ac9a152,aeacc001-82b1-4721-80e0-814d2df2e1d0,true,
19e0567c-fedc-4788-8657-c40e2ac9a152,e10db012-b333-4a54-9469-1f948d734c5e,true,
19e0567c-fedc-4788-8657-c40e2ac9a152,4949777c-0c18-4e35-b873-49d667878a4a,true,
19e0567c-fedc-4788-8657-c40e2ac9a152,c2824b61-f878-4ae0-8372-79b34c18c3de,true,
19e0567c-fedc-4788-8657-c40e2ac9a152,9ce9a14e-8ccf-4767-9000-c53aceee8352,true,
19e0567c-fedc-4788-8657-c40e2ac9a152,2de74a7e-da1a-4ea2-a8e0-29f38d0f1013,true,
19e0567c-fedc-4788-8657-c40e2ac9a152,577e407c-8353-48e7-868a-78df370f9b6c,true,
19e0567c-fedc-4788-8657-c40e2ac9a152,3efaf8a4-14c0-4de3-ba7a-6ec12554d56f,true,
19e0567c-fedc-4788-8657-c40e2ac9a152,b5aecfe5-26da-46af-b2d4-3f66f411a092,true,
19e0567c-fedc-4788-8657-c40e2ac9a152,9dddb732-3440-444c-b641-c4a28b31507c,true,
19e0567c-fedc-4788-8657-c40e2ac9a152,89f5cb57-d97c-4a60-a265-a7917ae64b9f,true,
19e0567c-fedc-4788-8657-c40e2ac9a152,c134fee0-4a24-4e4b-a47f-de0513988fcb,true,
19e0567c-fedc-4788-8657-c40e2ac9a152,77cb1d5c-a6a3-46b5-a451-2d09471633e9,true,
19e0567c-fedc-4788-8657-c40e2ac9a152,9ed3d536-56dd-403a-b736-946187e453fa,true,
19e0567c-fedc-4788-8657-c40e2ac9a152,c6474dbf-6d4d-4505-a4ce-2935315a0522,true,
19e0567c-fedc-4788-8657-c40e2ac9a152,874a4221-7835-4593-a915-4a81e93206f7,true,
19e0567c-fedc-4788-8657-c40e2ac9a152,9f7b8f29-092d-408d-ac00-e99453e700eb,true,
19e0567c-fedc-4788-8657-c40e2ac9a152,f10bac8a-0745-41ae-8545-dfbc4a74672d,true,
19e0567c-fedc-4788-8657-c40e2ac9a152,160adca6-fbae-4ebc-b334-a4b56a246939,true,
19e0567c-fedc-4788-8657-c40e2ac9a152,9c3d0c7c-5f2c-47d7-ba98-35c880197f8a,true,
19e0567c-fedc-4788-8657-c40e2ac9a152,2bb07101-ddbe-473d-bc1b-de5afd8282d7,true,
19e0567c-fedc-4788-8657-c40e2ac9a152,b6e7f4e0-d39e-4f1d-916c-63d2e1ba0752,true,
19e0567c-fedc-4788-8657-c40e2ac9a152,4a9a5d7f-9e5f-4123-9aca-aa8a91ab1551,true,
19e0567c-fedc-4788-8657-c40e2ac9a152,12f4db4c-5138-4b01-aef4-bd7edc6b6b34,true,
19e0567c-fedc-4788-8657-c40e2ac9a152,e43415fc-c7fd-4656-acba-860b093ee506,true,
19e0567c-fedc-4788-8657-c40e2ac9a152,5a30d243-8341-42db-b7e9-d422784726fb,true,
19e0567c-fedc-4788-8657-c40e2ac9a152,9a54bea2-44a0-49b2-a5fc-552631ac34a5,true,
19e0567c-fedc-4788-8657-c40e2ac9a152,4fcf87c5-9e0a-4a8b-b933-2f95f6f50caa,true,
19e0567c-fedc-4788-8657-c40e2ac9a152,511eab9b-5177-4a21-9bdf-a97ed8f88bcf,true,
19e0567c-fedc-4788-8657-c40e2ac9a152,254a153e-629f-4b0b-a776-5d9f26d67adb,true,
19e0567c-fedc-4788-8657-c40e2ac9a152,6baa6c51-ae10-478d-812c-2838a89d18a5,true,
19e0567c-fedc-4788-8657-c40e2ac9a152,6001523d-1ae0-4cff-86bc-aaae18b319c3,true,
19e0567c-fedc-4788-8657-c40e2ac9a152,e59d24ab-7054-4ce0-9c57-e65a369340a2,true,
19e0567c-fedc-4788-8657-c40e2ac9a152,9b4c04d2-5d71-4217-956f-a3cfa35e6eef,true,
3522a8d3-4cf9-47c3-ab23-fa28fb393976,4a78d1e6-a876-4ecb-a4ca-b2e2efa3cebd,true,
3522a8d3-4cf9-47c3-ab23-fa28fb393976,9d222299-6454-410f-acf0-207b992192de,true,
3522a8d3-4cf9-47c3-ab23-fa28fb393976,c5fbd23d-f445-49e6-8608-dffdaee55083,true,
3522a8d3-4cf9-47c3-ab23-fa28fb393976,8c63237f-de48-470f-9f58-40f9dcc6c135,true,
3522a8d3-4cf9-47c3-ab23-fa28fb393976,f27b2e4b-7e79-4c92-b63f-3203ccba8a88,true,
3522a8d3-4cf9-47c3-ab23-fa28fb393976,94568636-7e16-4798-b54f-ba63b7daca98,true,
3522a8d3-4cf9-47c3-ab23-fa28fb393976,fa3b3697-c4e7-43e5-8b3a-9c85e3706db8,true,
3522a8d3-4cf9-47c3-ab23-fa28fb393976,773e0bc2-766f-433d-9790-78b5484000ec,true,
3522a8d3-4cf9-47c3-ab23-fa28fb393976,0d404cf8-df6c-4155-8a08-d874ecaa9972,true,
3522a8d3-4cf9-47c3-ab23-fa28fb393976,7de463af-7caf-4c81-84f6-6e516b61aa72,true,
3522a8d3-4cf9-47c3-ab23-fa28fb393976,dedd34a7-359d-4d4d-9a96-b157b9334bcd,true,
9a911aff-4f2f-4d95-a20b-4725957b023f,c30c1f19-193f-4816-a3e5-a96d31eca9d6,true,
9a911aff-4f2f-4d95-a20b-4725957b023f,33e6d713-2ddb-43c9-ad66-4ade70f24c0b,true,
9a911aff-4f2f-4d95-a20b-4725957b023f,e1126af1-639d-4537-bb17-3535c839c398,true,
9a911aff-4f2f-4d95-a20b-4725957b023f,f6d518cc-214a-463d-af31-7b116c471964,true,
9a911aff-4f2f-4d95-a20b-4725957b023f,9a9ee677-157c-40ec-b583-22afb5e13e4a,true,
9a911aff-4f2f-4d95-a20b-4725957b023f,49525d4f-caeb-427e-86fa-912907b3402c,true,
9a911aff-4f2f-4d95-a20b-4725957b023f,33cb2b04-6f3e-4dfb-9421-0ad9841596d2,true,
9a911aff-4f2f-4d95-a20b-4725957b023f,102c8bfd-d750-45d7-a05e-15f4ce3f5a17,true,
9a911aff-4f2f-4d95-a20b-4725957b023f,e2fd2aa9-fad5-4a9d-aa43-fe9fc56468ef,true,
9a911aff-4f2f-4d95-a20b-4725957b023f,1e3fea6f-85f7-4adf-aad9-ee367c3ad0e4,true,
9a911aff-4f2f-4d95-a20b-4725957b023f,24e83c51-71ae-4837-89ac-91af2bb4a285,true,
9a911aff-4f2f-4d95-a20b-4725957b023f,f9ad38fa-3fe4-46c9-a088-d804c3bb6c4e,true,
9a911aff-4f2f-4d95-a20b-4725957b023f,ea56016a-137d-47fc-b628-8dc99436bc59,true,
9a911aff-4f2f-4d95-a20b-4725957b023f,3b8f0319-8626-4aaf-8cb2-6ca245e5b198,true,
9a911aff-4f2f-4d95-a20b-4725957b023f,98479b22-0b0e-4445-ab95-344dd69e0ca3,true,
9a911aff-4f2f-4d95-a20b-4725957b023f,eb9fd998-5c3b-4712-99a3-23daa0097b71,true,
9a911aff-4f2f-4d95-a20b-4725957b023f,b44a41d0-2dc3-4ddb-8700-c92b9064f6a8,true,
9a911aff-4f2f-4d95-a20b-4725957b023f,3be06ba2-aca0-4483-8d97-4e6b64246b0e,true,
9a911aff-4f2f-4d95-a20b-4725957b023f,e5d63dd2-2a4d-4c08-a16a-08840d134e09,true,
9a911aff-4f2f-4d95-a20b-4725957b023f,a3604aaf-83b5-43db-88dc-53d877210301,true,
9a911aff-4f2f-4d95-a20b-4725957b023f,ebbf6cb4-c56b-410c-89c5-55655fe14cbf,true,
9a911aff-4f2f-4d95-a20b-4725957b023f,ad73a4f8-e5cd-4509-9970-397f8c6daf48,true,
9a911aff-4f2f-4d95-a20b-4725957b023f,0f6f33f3-da45-417c-bfd1-507f314d60d6,true,
9a911aff-4f2f-4d95-a20b-4725957b023f,5d45e0c3-8182-46f9-b82b-f2359a2769c6,true,
9a911aff-4f2f-4d95-a20b-4725957b023f,e6833e41-4a10-4183-9b10-386aed9e692b,true,
9a911aff-4f2f-4d95-a20b-4725957b023f,a8b25c95-a907-487b-ad62-90ad8f2d18a9,true,
9a911aff-4f2f-4d95-a20b-4725957b023f,ea69b8ab-8066-4c46-9634-17fd9d41f40c,true,
9a911aff-4f2f-4d95-a20b-4725957b023f,1aa10dc3-321e-46bb-a6f9-7f75c972438c,true,
9a911aff-4f2f-4d95-a20b-4725957b023f,de1bcd04-3788-42f7-b980-dcf9c85f4f38,true,
9a911aff-4f2f-4d95-a20b-4725957b023f,1f9d1ac3-c20b-4bb1-92b1-34e1af87f6cb,true,
9a911aff-4f2f-4d95-a20b-4725957b023f,03bb7ef4-7ed1-4d0b-9bef-4d8894adf92c,true,
9a911aff-4f2f-4d95-a20b-4725957b023f,2cd07c7f-cbf8-4005-9562-d70a5e96f98c,true,
9a911aff-4f2f-4d95-a20b-4725957b023f,96c36b53-8c8c-4d1b-b10d-4239c93b3a2d,true,
9a911aff-4f2f-4d95-a20b-4725957b023f,0db59ca8-a164-4453-9c63-7c73c5bb340b,true,
9a911aff-4f2f-4d95-a20b-4725957b023f,bd0a3d69-c336-4b38-a45b-eadb167bab99,true,
9a911aff-4f2f-4d95-a20b-4725957b023f,d923423d-dd4d-426a-830d-c5aa15b2a426,true,
9a911aff-4f2f-4d95-a20b-4725957b023f,c1a61f33-de79-4c65-85aa-5a6021078f44,true,
9a911aff-4f2f-4d95-a20b-4725957b023f,f70aba91-916c-4ae6-a789-894626efba0a,true,
9a911aff-4f2f-4d95-a20b-4725957b023f,a4488f53-806e-49e6-8a75-434e85ca2e67,true,
9a911aff-4f2f-4d95-a20b-4725957b023f,d19cb645-339b-4792-9bf3-dec743240b08,true,
9a911aff-4f2f-4d95-a20b-4725957b023f,603f4a40-3e50-456e-aa80-d452ad4c9d8d,true,
9a911aff-4f2f-4d95-a20b-4725957b023f,785e8f08-7062-4df7-b912-25b69fb04307,true,
9a911aff-4f2f-4d95-a20b-4725957b023f,9af2b53b-fa67-4de6-bc5b-967fcc520485,true,
9a911aff-4f2f-4d95-a20b-4725957b023f,2180e96c-ef16-4b87-a560-ff3130d6a3ea,true,
9a911aff-4f2f-4d95-a20b-4725957b023f,11d5f70c-8cab-418c-a826-d3c69edf62e0,true,
9a911aff-4f2f-4d95-a20b-4725957b023f,c0a648aa-6210-4db9-a0f2-d2ead9ede83c,true,
9a911aff-4f2f-4d95-a20b-4725957b023f,853cc1b0-1c3f-4f67-a41d-c303e72bd069,true,
9a911aff-4f2f-4d95-a20b-4725957b023f,af01f701-46a0-472d-8e09-4b421e203062,true,
9a911aff-4f2f-4d95-a20b-4725957b023f,8876d7d7-a23e-4efe-bbd5-f522b74e5f8e,true,
9a911aff-4f2f-4d95-a20b-4725957b023f,9167e797-3526-4e29-8aeb-3d526007f85c,true,
9a911aff-4f2f-4d95-a20b-4725957b023f,026b81c6-8306-4550-b46d-77caf5d1e908,true,
9a911aff-4f2f-4d95-a20b-4725957b023f,77f46f5f-b9a2-49c8-bd14-c377fbcbbe14,true,
9a911aff-4f2f-4d95-a20b-4725957b023f,c497dfc3-e018-4670-89e8-82ff98435571,true,
9a911aff-4f2f-4d95-a20b-4725957b023f,7ccd185a-2e96-4512-ae7a-d91cfd7fc145,true,
9a911aff-4f2f-4d95-a20b-4725957b023f,155afdd9-c67e-4557-8560-5289e54e1a6c,true,
9a911aff-4f2f-4d95-a20b-4725957b023f,e5af2024-9f61-4b0b-b30a-1f95119f3da4,true,
9a911aff-4f2f-4d95-a20b-4725957b023f,8bef124d-d7a6-4b9c-9e17-4bc769544625,true,
9a911aff-4f2f-4d95-a20b-4725957b023f,4cc048f0-8e71-45dd-abf8-3c50ec14c640,true,
9a911aff-4f2f-4d95-a20b-4725957b023f,f09fd9aa-8b55-4fad-98d0-09098817f48d,true,
9a911aff-4f2f-4d95-a20b-4725957b023f,ac6ab536-d98d-4c03-b10a-7474ef48f530,true,
9a911aff-4f2f-4d95-a20b-4725957b023f,ebfd59af-2b73-4825-bc54-76b7fb9e824f,true,
9a911aff-4f2f-4d95-a20b-4725957b023f,9d87b944-b79f-441c-97ba-e0d3e493902e,true,
c7dc78d7-15e0-4eb0-a7b2-1c2913dc6de5,93859e75-3f6d-4ee6-b83b-932031eabe20,false,[NO_5XX] Unexpected 5XX response: 502
c7dc78d7-15e0-4eb0-a7b2-1c2913dc6de5,53ba97ce-1fa9-4e75-8b7d-a4b4386b1067,true,
c7dc78d7-15e0-4eb0-a7b2-1c2913dc6de5,cdbf0397-3ca9-48c4-9bcd-80b7db0cf0ba,true,
c7dc78d7-15e0-4eb0-a7b2-1c2913dc6de5,031edba4-64f1-4f74-a24d-4d86d0b84f6e,true,
c7dc78d7-15e0-4eb0-a7b2-1c2913dc6de5,79a4b00a-98bf-4a0f-84fa-cb24294dba03,true,
c7dc78d7-15e0-4eb0-a7b2-1c2913dc6de5,e92a73a9-5116-40c9-9da8-12115fcf133c,true,
c7dc78d7-15e0-4eb0-a7b2-1c2913dc6de5,b97e3911-950f-4842-a477-f407674a4948,true,
c7dc78d7-15e0-4eb0-a7b2-1c2913dc6de5,ac4b9f46-9eb4-4c8b-8e11-a07e54a8df31,true,
c7dc78d7-15e0-4eb0-a7b2-1c2913dc6de5,0fe31434-4dfb-4fbc-ae07-80e7d9f37c3f,true,
c7dc78d7-15e0-4eb0-a7b2-1c2913dc6de5,f4997d50-eb78-44ab-a500-c011c576aea0,true,
c7dc78d7-15e0-4eb0-a7b2-1c2913dc6de5,6ac3cba1-0297-45cc-abe7-57ed744a5e80,true,
c7dc78d7-15e0-4eb0-a7b2-1c2913dc6de5,1f0f4cb9-c840-4b9b-94c4-2ffac70c9a00,true,
c7dc78d7-15e0-4eb0-a7b2-1c2913dc6de5,bb50cc54-a144-49b7-bdbc-5fb5ec356463,true,
c7dc78d7-15e0-4eb0-a7b2-1c2913dc6de5,26e65301-faef-4b2a-b5a6-2b18eef54623,true,
c7dc78d7-15e0-4eb0-a7b2-1c2913dc6de5,e63e058d-5774-452b-adc2-b2a2bfd0788d,true,
c7dc78d7-15e0-4eb0-a7b2-1c2913dc6de5,2ce009f7-bc57-44f1-913b-1bdb3f21618b,true,
c7dc78d7-15e0-4eb0-a7b2-1c2913dc6de5,965ac279-0948-4078-a6ff-5392c249e228,true,
c7dc78d7-15e0-4eb0-a7b2-1c2913dc6de5,ce5846f5-7610-4291-a211-667227b872a4,true,
c7dc78d7-15e0-4eb0-a7b2-1c2913dc6de5,31f3e0be-0539-4f81-9e1c-21b707155af8,true,
c7dc78d7-15e0-4eb0-a7b2-1c2913dc6de5,a5f6eda5-3b16-4ab5-90f5-a590cc713aef,true,
c7dc78d7-15e0-4eb0-a7b2-1c2913dc6de5,fdad75c7-c4f3-4fa4-8218-ea760784ee93,true,
c7dc78d7-15e0-4eb0-a7b2-1c2913dc6de5,eee7ef08-5b31-4a3a-80e4-e3145a8a0608,true,
c7dc78d7-15e0-4eb0-a7b2-1c2913dc6de5,27573831-77bc-473c-a417-3800c255c9f0,true,
c7dc78d7-15e0-4eb0-a7b2-1c2913dc6de5,7fe9d0fa-6e04-4f0a-b966-086856b157d0,true,
c7dc78d7-15e0-4eb0-a7b2-1c2913dc6de5,6934fdd3-cd3f-492d-9ed0-6d0f905e7d48,true,
c7dc78d7-15e0-4eb0-a7b2-1c2913dc6de5,3551a081-fe56-494d-bd13-0da10c30ab43,true,
c7dc78d7-15e0-4eb0-a7b2-1c2913dc6de5,92a67bf5-3223-4c64-a374-fec85dd0e4c4,true,
c7dc78d7-15e0-4eb0-a7b2-1c2913dc6de5,cc4a1834-4bee-48a8-92c0-b717fc3c1264,true,
c7dc78d7-15e0-4eb0-a7b2-1c2913dc6de5,84eaf03b-944c-450e-b6b0-9dc76a9a493c,true,
c7dc78d7-15e0-4eb0-a7b2-1c2913dc6de5,4baa70e0-72cb-4e04-ac1a-b0f0c2243ccb,true,
c7dc78d7-15e0-4eb0-a7b2-1c2913dc6de5,20a8569b-313d-407a-bb0e-a65b887d49b0,true,
c7dc78d7-15e0-4eb0-a7b2-1c2913dc6de5,6c197083-3ce4-443d-8181-a85fa2446ce9,true,
c7dc78d7-15e0-4eb0-a7b2-1c2913dc6de5,951df938-0027-490e-a0cf-f564cb1ce26d,true,
c7dc78d7-15e0-4eb0-a7b2-1c2913dc6de5,2f0438e8-43b8-43fc-a369-11964a5b1cf2,true,
c7dc78d7-15e0-4eb0-a7b2-1c2913dc6de5,1a3daa1c-7bd4-498d-bcae-3564e0ee072c,true,
c7dc78d7-15e0-4eb0-a7b2-1c2913dc6de5,5aafe1a0-1f2f-4563-8a89-474aa15b22ae,true,
c7dc78d7-15e0-4eb0-a7b2-1c2913dc6de5,83928762-e606-414d-b941-1fcd9df490c1,true,
c7dc78d7-15e0-4eb0-a7b2-1c2913dc6de5,0ad7bdd9-be84-4faa-8714-e67dc7cc4a44,true,
c7dc78d7-15e0-4eb0-a7b2-1c2913dc6de5,4d0804f4-5a0a-4dc5-9c99-773b9ad68031,true,
c7dc78d7-15e0-4eb0-a7b2-1c2913dc6de5,913ed438-86dc-41ed-8a33-181bec294b9e,true,
c7dc78d7-15e0-4eb0-a7b2-1c2913dc6de5,f57caeb8-1d00-4795-ba84-919653077389,true,
c7dc78d7-15e0-4eb0-a7b2-1c2913dc6de5,7c7f1c6c-c7fb-429f-851b-485041045306,true,
c7dc78d7-15e0-4eb0-a7b2-1c2913dc6de5,9e9be723-6ab7-4ee4-9e25-45b1f499d0ca,true,
c7dc78d7-15e0-4eb0-a7b2-1c2913dc6de5,36f3788e-7cca-4e0c-b677-d5eb002b5ace,true,
c7dc78d7-15e0-4eb0-a7b2-1c2913dc6de5,60fd9b8a-4b85-4ef2-8aa4-66c9167b5768,true,
c7dc78d7-15e0-4eb0-a7b2-1c2913dc6de5,de8252d2-c5ae-4fbd-8d35-e497b4792239,true,
c7dc78d7-15e0-4eb0-a7b2-1c2913dc6de5,f0c42796-e9aa-443d-9c99-ad892989a66b,true,
c7dc78d7-15e0-4eb0-a7b2-1c2913dc6de5,26cfa0ee-abe3-4d81-b372-08e033c3b4d2,true,
c7dc78d7-15e0-4eb0-a7b2-1c2913dc6de5,8b74995e-7bc7-443f-a9ac-890c57a6d7c5,true,
c7dc78d7-15e0-4eb0-a7b2-1c2913dc6de5,b06c8803-e137-48d3-b12b-772a85d62459,true,
c7dc78d7-15e0-4eb0-a7b2-1c2913dc6de5,01ae8c34-bb38-43eb-a504-f25ea46e1e14,true,
c7dc78d7-15e0-4eb0-a7b2-1c2913dc6de5,2e292fec-6f74-4aa0-98ad-973cc5f00cbf,true,
c7dc78d7-15e0-4eb0-a7b2-1c2913dc6de5,dd41cc74-a6f6-483f-a168-60d1916369bf,true,
c7dc78d7-15e0-4eb0-a7b2-1c2913dc6de5,fdbeeb68-bbd7-4fb5-9220-8d2241d08d4c,true,
c7dc78d7-15e0-4eb0-a7b2-1c2913dc6de5,8847bd86-c215-4e8e-85e3-f8ec5a3e5c47,true,
c7dc78d7-15e0-4eb0-a7b2-1c2913dc6de5,9880ef13-9db2-4bf3-a549-84f3cfe80cdc,true,
c7dc78d7-15e0-4eb0-a7b2-1c2913dc6de5,a415696d-9136-4d3e-82cd-bda939b06960,true,
c7dc78d7-15e0-4eb0-a7b2-1c2913dc6de5,6f1b2220-34aa-4362-b2a8-80c39a265514,true,
c7dc78d7-15e0-4eb0-a7b2-1c2913dc6de5,7cabf40f-12a4-4de7-a69f-ceb40d7761b0,true,
c7dc78d7-15e0-4eb0-a7b2-1c2913dc6de5,410b1d5c-d4bf-4c79-8a31-cf15a441feb5,true,
c7dc78d7-15e0-4eb0-a7b2-1c2913dc6de5,d8581dbc-6e92-4f8a-9a3a-8ed33bb62fbb,true,
c7dc78d7-15e0-4eb0-a7b2-1c2913dc6de5,0e48d044-6cf9-4155-8d7e-08c97c8ec102,true,
d46468fc-f81f-4f34-b11f-54f108700156,aaece5a2-b062-4220-96e2-e033abcd0303,true,
d46468fc-f81f-4f34-b11f-54f108700156,f44a64e4-9bbf-48b0-870f-288353d335a8,true,
d46468fc-f81f-4f34-b11f-54f108700156,dd99e8c9-5fc5-4d20-9b28-e89f6c5a3bea,true,
d46468fc-f81f-4f34-b11f-54f108700156,311303bb-1f3c-4042-9179-f2a1ff5c7700,true,
d46468fc-f81f-4f34-b11f-54f108700156,939a852a-8a8d-4567-84a8-3924df87abfb,true,
d46468fc-f81f-4f34-b11f-54f108700156,0f15e601-12c5-4ee3-9377-7660b556b744,true,
d46468fc-f81f-4f34-b11f-54f108700156,42601e03-ea03-4a2c-8488-941231ae1ef9,true,
d46468fc-f81f-4f34-b11f-54f108700156,10b2d96c-11a1-445b-a05b-55e48b2fcd4e,true,
d46468fc-f81f-4f34-b11f-54f108700156,7b0fec9d-e303-4a5f-a781-27ffa8fccb64,true,
d46468fc-f81f-4f34-b11f-54f108700156,e24b4fcf-3600-407f-b524-0819382d7bf8,true,
d46468fc-f81f-4f34-b11f-54f108700156,7588fea6-47f9-48d4-9a9e-ee1ce33c52e1,true,
d46468fc-f81f-4f34-b11f-54f108700156,603a23ed-12e9-43ef-8fa8-88c40ff64586,true,
d46468fc-f81f-4f34-b11f-54f108700156,324d6493-8351-42d3-b3de-8d2b47dfa7f9,true,
d46468fc-f81f-4f34-b11f-54f108700156,82c9bdbb-36b9-4ea8-841d-dff59c1c89d5,true,
d46468fc-f81f-4f34-b11f-54f108700156,e1dc724d-de0f-4ce5-8c67-91655a412d60,true,
d46468fc-f81f-4f34-b11f-54f108700156,f37e4bbc-dcf1-4460-8612-02cae5f504a4,true,
d46468fc-f81f-4f34-b11f-54f108700156,5c067fd7-68c7-48b7-b993-7754dbad1714,true,
d46468fc-f81f-4f34-b11f-54f108700156,255d2ff7-6504-4098-9a7b-041d19264e75,true,
d46468fc-f81f-4f34-b11f-54f108700156,2bae078f-c5cd-47b4-b022-5a1fe6a3df76,true,
d46468fc-f81f-4f34-b11f-54f108700156,0aa49826-1699-49bb-b3d5-9e921554800a,true,
d46468fc-f81f-4f34-b11f-54f108700156,6e93ec89-8e51-4d51-a804-7a7e8a503ca0,true,
d46468fc-f81f-4f34-b11f-54f108700156,165f68ef-6d3f-4396-81c9-d31f7b1a93f9,true,
d46468fc-f81f-4f34-b11f-54f108700156,a224c67c-8b9c-4cbb-a1ca-e9f38b42b428,true,
d46468fc-f81f-4f34-b11f-54f108700156,6b131a57-ac44-4fd7-9400-c3e55f1b8e48,true,
d46468fc-f81f-4f34-b11f-54f108700156,1fd4d002-b367-4947-b973-1f9fe64f86c8,true,
d46468fc-f81f-4f34-b11f-54f108700156,360acf91-43c5-4b0a-9ce4-634183364c55,true,
d46468fc-f81f-4f34-b11f-54f108700156,2fe619e7-727c-440e-ab2f-4bf49b15d9e2,true,
d46468fc-f81f-4f34-b11f-54f108700156,7bb8f009-8508-49f5-9316-04baa929c7fe,true,
d46468fc-f81f-4f34-b11f-54f108700156,9c9db08a-7299-4ddd-99c4-7ff8819e802b,true,
d46468fc-f81f-4f34-b11f-54f108700156,5c84c185-fb75-4a52-8192-5306c2d0be4f,true,
d46468fc-f81f-4f34-b11f-54f108700156,ef189c27-1e8d-48e5-bf64-3a2057572edc,true,
d46468fc-f81f-4f34-b11f-54f108700156,ac4fd256-0aa2-4a38-bb62-53186a22f45f,true,
d46468fc-f81f-4f34-b11f-54f108700156,2f610d68-ab7c-408f-8733-6284d9c419e2,true,
d46468fc-f81f-4f34-b11f-54f108700156,55c4ccb7-db45-418e-8902-c908bb619971,true,
d46468fc-f81f-4f34-b11f-54f108700156,aabdb1b6-cbb1-4270-86e2-a33022e336e4,true,
d46468fc-f81f-4f34-b11f-54f108700156,e0603cbb-92c4-4d21-b66d-83c8ef3ee655,true,
d46468fc-f81f-4f34-b11f-54f108700156,a7de9d7f-ce05-469e-afa1-f059aec981ed,true,
d46468fc-f81f-4f34-b11f-54f108700156,a7d79da6-2277-4505-b8a8-4fd04f55d012,true,
d46468fc-f81f-4f34-b11f-54f108700156,50fe9e52-dab1-4bb4-9c73-27570c957fa6,true,
d46468fc-f81f-4f34-b11f-54f108700156,3a1d77a4-6def-4fec-a2bd-bfb5ac1400af,true,
d46468fc-f81f-4f34-b11f-54f108700156,1202cfa6-1c56-454e-8d6c-887a9f588ec7,true,
d46468fc-f81f-4f34-b11f-54f108700156,b5531cfa-7059-420f-bfd4-8e0216db2672,true,
d46468fc-f81f-4f34-b11f-54f108700156,a50e171f-3b00-4525-98f1-b0dcebd557df,true,
d46468fc-f81f-4f34-b11f-54f108700156,7fdf12b6-0ef3-455d-882b-ab18021ac4ad,true,
d46468fc-f81f-4f34-b11f-54f108700156,d0295350-76cd-4e38-aaee-f6d9a80999d4,true,
d46468fc-f81f-4f34-b11f-54f108700156,3593ecc3-b2db-4062-a824-acb867d27937,true,
d46468fc-f81f-4f34-b11f-54f108700156,384f8a24-89d0-42d6-90d2-780a59d9908e,true,
d46468fc-f81f-4f34-b11f-54f108700156,3e8a4fe1-c740-4db9-9ad9-6c9cbc10508b,true,
d46468fc-f81f-4f34-b11f-54f108700156,e1eb2357-eb60-4b9a-ac7a-42a77146ea35,true,
d46468fc-f81f-4f34-b11f-54f108700156,1ccc872c-d23a-4f3a-9ecd-e1953168837d,true,
d46468fc-f81f-4f34-b11f-54f108700156,d63d450a-cff4-4c47-9b41-c54e9f1002be,true,
d46468fc-f81f-4f34-b11f-54f108700156,6cfbdabd-bc55-4926-bcfc-e3b88683901c,true,
d46468fc-f81f-4f34-b11f-54f108700156,5463de01-9423-4ed3-8a46-6c19ff05b389,true,
d46468fc-f81f-4f34-b11f-54f108700156,2d47072a-f2d4-4fa3-8651-f322611313e2,true,
d46468fc-f81f-4f34-b11f-54f108700156,4aa9c10a-7c97-46a3-abf2-4e29b1aaa3d8,true,
d46468fc-f81f-4f34-b11f-54f108700156,e7f4fa57-6995-46f0-a24e-a79bb6b5758e,true,
d46468fc-f81f-4f34-b11f-54f108700156,a7a1ba72-78d3-402c-9046-d5317cdcf430,true,
7ff0ae5a-4136-457d-9294-0795ec9897c0,92128eb0-6181-4b1e-90ec-a45b9c571276,true,
7ff0ae5a-4136-457d-9294-0795ec9897c0,383c4962-57d4-4a1f-a7fc-8cf1b0d60ba0,true,
7ff0ae5a-4136-457d-9294-0795ec9897c0,3014e924-707d-49bd-a31a-60c07d8827f7,true,
7ff0ae5a-4136-457d-9294-0795ec9897c0,045b1320-7f59-4c89-a07f-61d3e5686b58,true,
7ff0ae5a-4136-457d-9294-0795ec9897c0,f7ba507c-19bf-4ad0-8af3-b3ca0d436940,true,
7ff0ae5a-4136-457d-9294-0795ec9897c0,2d2e8cb3-f15a-4854-b0ef-122b6f448e43,true,
7ff0ae5a-4136-457d-9294-0795ec9897c0,72cf6780-abfc-42ea-9682-522fd9f81c68,true,
7ff0ae5a-4136-457d-9294-0795ec9897c0,aa9adc07-788c-4db8-be5e-0c50e8772e8d,true,
7ff0ae5a-4136-457d-9294-0795ec9897c0,4aaf159a-84ab-43b5-8f8d-66b985bcd973,true,
7ff0ae5a-4136-457d-9294-0795ec9897c0,df52c700-974d-4e53-a434-00649e2ff602,true,
7ff0ae5a-4136-457d-9294-0795ec9897c0,f3d624dc-97fc-4ca3-8cf1-b33c0967ed0e,true,
7ff0ae5a-4136-457d-9294-0795ec9897c0,7ab9828d-1b7b-4e1d-a7b8-86559ede5c7e,true,
7ff0ae5a-4136-457d-9294-0795ec9897c0,d759fdb0-361a-4f85-8366-9f89270cec58,true,
7ff0ae5a-4136-457d-9294-0795ec9897c0,c28828a0-d989-4dfc-974b-8f56d01b828a,true,
7ff0ae5a-4136-457d-9294-0795ec9897c0,2f3d1ab8-f616-4820-8b73-a0e8b866222c,true,
7ff0ae5a-4136-457d-9294-0795ec9897c0,8a60c1b4-77d3-44cc-a85f-a8aab58fabf6,true,
7ff0ae5a-4136-457d-9294-0795ec9897c0,2edd43d7-39f6-495d-95f5-6c8d6d6658e1,true,
7ff0ae5a-4136-457d-9294-0795ec9897c0,b7633d90-32b2-4d12-92bc-1d87883f106b,true,
7ff0ae5a-4136-457d-9294-0795ec9897c0,24a85681-56e3-4934-b2f8-4aac44aa30bd,true,
7ff0ae5a-4136-457d-9294-0795ec9897c0,7e85dad5-65ba-4177-b90f-5c369d19b12e,true,
7ff0ae5a-4136-457d-9294-0795ec9897c0,fa51f2e3-e989-4f9e-b6b3-8afdda854dd5,true,
7ff0ae5a-4136-457d-9294-0795ec9897c0,1c8fdf3e-2bc2-444e-b7d5-3da072dc7225,true,
7ff0ae5a-4136-457d-9294-0795ec9897c0,6fc59a55-e93f-49ea-a9d4-d619f4414c7f,true,
7ff0ae5a-4136-457d-9294-0795ec9897c0,f7a979c5-5751-41c2-a4fe-893013d87bfa,true,
7ff0ae5a-4136-457d-9294-0795ec9897c0,e2903d58-1e95-47df-99b2-e9cadaa09256,true,
7ff0ae5a-4136-457d-9294-0795ec9897c0,2b655090-b39c-4727-b1c3-0c4631898973,true,
7ff0ae5a-4136-457d-9294-0795ec9897c0,1f2f87e9-a0c9-46b7-a10f-5f038bd1a693,true,
7ff0ae5a-4136-457d-9294-0795ec9897c0,d891a5a8-69db-48d3-8900-3b4ad72e50c5,true,
7ff0ae5a-4136-457d-9294-0795ec9897c0,503f0bf9-add1-496b-a589-a4f71cd3618f,true,
7ff0ae5a-4136-457d-9294-0795ec9897c0,6546dbd7-0343-48f5-be62-eba1006c3811,true,
7ff0ae5a-4136-457d-9294-0795ec9897c0,84cd12a4-2269-4aae-9e46-6da177f6a85a,true,
7ff0ae5a-4136-457d-9294-0795ec9897c0,dc567390-8643-4bca-b40f-165ce2f24b34,true,
7ff0ae5a-4136-457d-9294-0795ec9897c0,de4acb4b-98af-45d5-a3f0-1bf1f1a123e6,true,
7ff0ae5a-4136-457d-9294-0795ec9897c0,761c5561-add4-454b-b7b1-56b1e0214e00,true,
7ff0ae5a-4136-457d-9294-0795ec9897c0,55a92865-3efa-460c-bd84-e51e0abc94e7,true,
7ff0ae5a-4136-457d-9294-0795ec9897c0,dd46976e-5435-42bc-9fd0-c9de5e5aaa0d,true,
7ff0ae5a-4136-457d-9294-0795ec9897c0,4561e56a-9b90-49b4-9506-4b78eb8065b8,true,
7ff0ae5a-4136-457d-9294-0795ec9897c0,99d10cbc-a1a5-4116-b894-4f6ec7e8e90c,true,
7ff0ae5a-4136-457d-9294-0795ec9897c0,04a7db5f-fc22-4f1b-80cc-094527f11acb,true,
845e1c97-3bf2-49b6-9226-ecad2b42be94,2c75cada-449e-4398-b23a-24ed4d4f6ef5,true,
845e1c97-3bf2-49b6-9226-ecad2b42be94,b68c0e54-d46d-494d-9afc-d3fdf22a4ecf,true,
845e1c97-3bf2-49b6-9226-ecad2b42be94,cff79d19-6699-46e9-9b72-50b1358d1f2c,true,
845e1c97-3bf2-49b6-9226-ecad2b42be94,204fdf02-3816-4941-9b97-d4321628cb75,true,
845e1c97-3bf2-49b6-9226-ecad2b42be94,636fffaa-11c3-45da-8807-b3214ccd9451,true,
845e1c97-3bf2-49b6-9226-ecad2b42be94,b055645d-07c5-4794-b2b8-10a49a2a18d0,true,
845e1c97-3bf2-49b6-9226-ecad2b42be94,314c6014-ef7d-4f7c-9386-82b8ed5c7d25,true,
845e1c97-3bf2-49b6-9226-ecad2b42be94,a917dd39-3bdd-4fbb-a303-d7cefaf789e8,true,
845e1c97-3bf2-49b6-9226-ecad2b42be94,0c7ff3f2-23e9-4d45-a4d9-4a353c7e6166,true,
845e1c97-3bf2-49b6-9226-ecad2b42be94,c6a0188e-a0d7-428e-8dca-062d2fd59f08,true,
845e1c97-3bf2-49b6-9226-ecad2b42be94,7f1fb71b-aaa1-4efe-bea8-c001cc4e6daa,true,
845e1c97-3bf2-49b6-9226-ecad2b42be94,195d0edc-8d9c-401f-be80-65774e79045f,true,
845e1c97-3bf2-49b6-9226-ecad2b42be94,ee1da440-65ce-47d3-98f1-5337a78918db,true,
845e1c97-3bf2-49b6-9226-ecad2b42be94,99d24138-06dd-473b-81dd-34cd5c7e7cb0,true,
845e1c97-3bf2-49b6-9226-ecad2b42be94,b573715a-2db3-42a6-9e04-c1e2bd47e24d,true,
845e1c97-3bf2-49b6-9226-ecad2b42be94,ca7279a4-d289-4019-ac31-804c8c9c933f,true,
20fcda0b-951f-43f4-9650-291321fbb60b,1993fa8f-08dd-47da-988a-1fc5e13ad1d0,true,
20fcda0b-951f-43f4-9650-291321fbb60b,a18947d7-d873-420a-9fe9-c32be3a6e101,true,
20fcda0b-951f-43f4-9650-291321fbb60b,bf582105-8d2b-4fb4-98e6-7f2ccb9e54bc,true,
20fcda0b-951f-43f4-9650-291321fbb60b,1e521d33-6294-4939-84f5-594e73730000,true,
20fcda0b-951f-43f4-9650-291321fbb60b,988cffcf-8fce-41c8-9c81-f7bafc1264e6,true,
20fcda0b-951f-43f4-9650-291321fbb60b,b0cc0fd5-00d2-4eeb-a92f-60fb95a2fddc,true,
20fcda0b-951f-43f4-9650-291321fbb60b,3892b8b2-b48a-43ce-a499-6ddf7d89a467,true,
20fcda0b-951f-43f4-9650-291321fbb60b,1973370f-668d-4bb7-9e5d-4b5c8f741490,true,
20fcda0b-951f-43f4-9650-291321fbb60b,db9b4e34-8592-425b-8bc0-9e8b6946f76c,true,
20fcda0b-951f-43f4-9650-291321fbb60b,d9afed38-b926-4944-a9c8-68b37d4feefd,true,
20fcda0b-951f-43f4-9650-291321fbb60b,ef0386a1-1196-4aab-92cf-4b2904a7fa49,true,
20fcda0b-951f-43f4-9650-291321fbb60b,f0b8d54d-d5ab-4ac8-8ee3-28e70595e85e,true,
20fcda0b-951f-43f4-9650-291321fbb60b,566fdbe6-97cc-476a-b213-2f26a6673516,true,
20fcda0b-951f-43f4-9650-291321fbb60b,cceadbe1-6eac-4f13-ad8c-016d567860af,true,
20fcda0b-951f-43f4-9650-291321fbb60b,00cef4c6-07a2-4e6f-8ae7-b493719444ff,true,
20fcda0b-951f-43f4-9650-291321fbb60b,b97d6c90-63bd-47ac-aada-b429ff7302a2,true,
20fcda0b-951f-43f4-9650-291321fbb60b,94df081c-09c4-484a-ae6b-371f312e9038,true,
20fcda0b-951f-43f4-9650-291321fbb60b,5fc384dd-ab3a-44c1-8e8b-2d3fc7de0200,true,
20fcda0b-951f-43f4-9650-291321fbb60b,cb779a6d-d3d1-441e-870f-43fa0b80a9a1,true,
20fcda0b-951f-43f4-9650-291321fbb60b,8602f79c-6c9f-4041-8a46-b5d7500cfefd,true,
20fcda0b-951f-43f4-9650-291321fbb60b,14f95f54-1a4c-41cc-8c0e-a54733734a44,true,
20fcda0b-951f-43f4-9650-291321fbb60b,3abcd395-2ccd-4e8b-a6e5-2c728398257c,true,
20fcda0b-951f-43f4-9650-291321fbb60b,fe5df33a-598c-4484-9879-4ac0b37333de,true,
20fcda0b-951f-43f4-9650-291321fbb60b,e2a43f2f-428c-434b-8ec8-439ed5b3edc1,true,
20fcda0b-951f-43f4-9650-291321fbb60b,5907544a-016c-49ec-a832-28573df98020,true,
20fcda0b-951f-43f4-9650-291321fbb60b,75e2af07-c3e2-4e52-b5d1-270b744a45e3,true,
20fcda0b-951f-43f4-9650-291321fbb60b,72ccdf74-8ca8-4fbf-9db0-7eaa72c91783,true,
20fcda0b-951f-43f4-9650-291321fbb60b,5c3477b1-3cba-442a-b28c-d7e19d3ca1a3,true,
20fcda0b-951f-43f4-9650-291321fbb60b,2679333a-eb86-4fde-95d3-c9fc7330a304,true,
20fcda0b-951f-43f4-9650-291321fbb60b,c86c48d7-8e74-4556-acd1-acf142f0d8b1,true,
20fcda0b-951f-43f4-9650-291321fbb60b,8ae41e27-e9f9-4392-a7ac-8a838194c56e,true,
20fcda0b-951f-43f4-9650-291321fbb60b,0fb9f03a-bb35-405f-8d5c-3f8b4da8ac9e,true,
20fcda0b-951f-43f4-9650-291321fbb60b,d1230487-621b-465a-a66a-377f0281692b,true,
20fcda0b-951f-43f4-9650-291321fbb60b,3511548a-56b9-4e3a-92ae-a4910f2b7509,true,
20fcda0b-951f-43f4-9650-291321fbb60b,c41d5a7c-1aa3-4f00-8215-68dac59307e7,true,
20fcda0b-951f-43f4-9650-291321fbb60b,19543c9b-e4a3-4d9c-baa7-422d0b43b492,true,
20fcda0b-951f-43f4-9650-291321fbb60b,dc43b113-3a06-4a70-ba78-0fea830a6a0b,true,
20fcda0b-951f-43f4-9650-291321fbb60b,ec88ba55-1600-40ad-a980-2a98db3bad74,true,
20fcda0b-951f-43f4-9650-291321fbb60b,f916d540-6d1f-4c67-b44d-e454790481f2,true,
20fcda0b-951f-43f4-9650-291321fbb60b,47a89e3d-0d04-4d9a-a65e-df7e823785f1,true,
20fcda0b-951f-43f4-9650-291321fbb60b,4f2d9d27-a6b6-44a5-a2ba-d4b5afd13d84,true,
20fcda0b-951f-43f4-9650-291321fbb60b,9da536b3-ab23-4ee0-b3ce-f0ec248d2ae0,true,
20fcda0b-951f-43f4-9650-291321fbb60b,e1372044-3e79-4430-b416-45d30ee7b9f4,true,
20fcda0b-951f-43f4-9650-291321fbb60b,c6f7b6b6-1bd5-4806-8b85-aa6647d06185,true,
20fcda0b-951f-43f4-9650-291321fbb60b,2dc169cd-422b-4a26-a410-411da805e766,true,
20fcda0b-951f-43f4-9650-291321fbb60b,a8b95dc7-c6a7-4dee-8787-09614f460e32,true,
20fcda0b-951f-43f4-9650-291321fbb60b,6566df55-d8b7-4bb3-83c2-ecd507a5deac,true,
20fcda0b-951f-43f4-9650-291321fbb60b,edf9b39e-8ae8-4f8b-8abf-9eaab3c73a90,true,
20fcda0b-951f-43f4-9650-291321fbb60b,0286aa8f-f8a0-4848-a91c-777143f6144e,true,
20fcda0b-951f-43f4-9650-291321fbb60b,bfe4463c-4cae-4d2b-9472-906a1c910ceb,true,
20fcda0b-951f-43f4-9650-291321fbb60b,40722b26-6edb-4cff-899e-b6668361389e,true,
20fcda0b-951f-43f4-9650-291321fbb60b,7ad0c5d7-60b0-4fbf-b120-dfa4cc2ca881,true,
20fcda0b-951f-43f4-9650-291321fbb60b,e97094c7-da64-4fee-b131-2930420f86a7,true,
20fcda0b-951f-43f4-9650-291321fbb60b,6f65d811-05ce-42f6-a71e-ddf6e05b8cb7,true,
20fcda0b-951f-43f4-9650-291321fbb60b,4d1cb2f3-8bec-4506-9795-00d0bc7da5e8,true,
20fcda0b-951f-43f4-9650-291321fbb60b,93082fe0-0065-42ea-aa78-d283ebea56bc,true,
20fcda0b-951f-43f4-9650-291321fbb60b,c43a4925-5a6b-4c8e-bc94-52ccba6b3002,true,
20fcda0b-951f-43f4-9650-291321fbb60b,d8d22423-88c5-43c8-b67d-87e0cbdd710b,true,
20fcda0b-951f-43f4-9650-291321fbb60b,3fb6a39e-8c64-4e63-aac0-160f3b3fd4bb,true,
20fcda0b-951f-43f4-9650-291321fbb60b,c0476cc4-aa35-4166-89d9-3480ab70d818,true,
20fcda0b-951f-43f4-9650-291321fbb60b,28419348-4326-46f4-9158-b2060b67d415,true,
20fcda0b-951f-43f4-9650-291321fbb60b,d6ec6d6c-db41-4ff3-b1f0-796a71791116,true,
a54bd038-9f7c-46d5-835d-fbc345de128a,26cb688b-98ce-42ed-9e02-23377e14fbe0,true,
a54bd038-9f7c-46d5-835d-fbc345de128a,f09c761e-645e-4957-8c5f-6b9afc716f9e,true,
a54bd038-9f7c-46d5-835d-fbc345de128a,fea5b7c6-8dfa-4347-98f4-1d465ff7d641,true,
a54bd038-9f7c-46d5-835d-fbc345de128a,aa37d632-5289-4c21-99af-e9f60e44b0e1,true,
a54bd038-9f7c-46d5-835d-fbc345de128a,6701bf8a-1fb1-45cd-8f36-034e7654af7f,true,
a54bd038-9f7c-46d5-835d-fbc345de128a,78dde9f6-db23-4314-8f3e-fd74e954b3e8,true,
a54bd038-9f7c-46d5-835d-fbc345de128a,ab98020d-81cd-49df-82b3-0bbb6ffd6946,true,
a54bd038-9f7c-46d5-835d-fbc345de128a,52a21069-ed61-4cb1-9a50-e41ded127fdb,true,
a54bd038-9f7c-46d5-835d-fbc345de128a,1a82dd54-96f7-4f5d-8454-f14fc0bc2214,true,
a54bd038-9f7c-46d5-835d-fbc345de128a,69e51ebb-851c-4e5e-8c1b-0a26c448f9bc,true,
a54bd038-9f7c-46d5-835d-fbc345de128a,392a0fa7-e0a0-4a88-8e62-b86555266542,true,
a54bd038-9f7c-46d5-835d-fbc345de128a,d9252c84-c2d5-442b-9170-7a5ae766818b,true,
a54bd038-9f7c-46d5-835d-fbc345de128a,2dc7ac14-9c1b-4469-9865-c177fdfd1275,true,
a54bd038-9f7c-46d5-835d-fbc345de128a,c7c72d4f-3fb2-4c80-aaae-1d2fb83ec593,true,
a54bd038-9f7c-46d5-835d-fbc345de128a,9b2159ef-0d70-40e3-afed-44b6ebb92f3c,true,
a54bd038-9f7c-46d5-835d-fbc345de128a,a2b34980-9dcd-4a0d-a70b-8ead7708f63d,true,
a54bd038-9f7c-46d5-835d-fbc345de128a,4dca017d-57ed-41c8-951f-561b88916573,true,
a54bd038-9f7c-46d5-835d-fbc345de128a,07dc3189-e68e-4d5c-9630-27d93481aeb4,true,
a54bd038-9f7c-46d5-835d-fbc345de128a,1b4f6a5a-094a-4736-8291-485f40ae1249,true,
a54bd038-9f7c-46d5-835d-fbc345de128a,f83a4c0b-091a-4668-beb7-5ede68b269f0,true,
a54bd038-9f7c-46d5-835d-fbc345de128a,00a4d33c-91b2-4201-aa60-c3497c98cf49,true,
a54bd038-9f7c-46d5-835d-fbc345de128a,d0947f2c-65d8-4703-b57e-e341ea71b38b,true,
a54bd038-9f7c-46d5-835d-fbc345de128a,06264383-f48d-48a5-9af7-4a574aaf893c,true,
a54bd038-9f7c-46d5-835d-fbc345de128a,38ff1018-fea4-4b1d-bb10-43fdc9c22a09,true,
a54bd038-9f7c-46d5-835d-fbc345de128a,c5375f0e-d10e-4772-98d6-f1646b107eb4,true,
a54bd038-9f7c-46d5-835d-fbc345de128a,4a819fb9-c958-49c5-8d97-1ed495b5bcb0,true,
a54bd038-9f7c-46d5-835d-fbc345de128a,f6ce31a7-1a65-4ced-8e6c-75437fd78874,true,
a54bd038-9f7c-46d5-835d-fbc345de128a,fac9f20e-63e3-4f6f-8ccd-42675e4a2166,true,
a54bd038-9f7c-46d5-835d-fbc345de128a,55d7680e-5c91-40c3-87f1-b7bbce96217f,true,
a54bd038-9f7c-46d5-835d-fbc345de128a,c1954325-6a01-48e2-baca-20a2d80b5027,true,
a54bd038-9f7c-46d5-835d-fbc345de128a,7e98bfac-68b1-4c3a-ad31-d30ae9ced0e0,true,
a54bd038-9f7c-46d5-835d-fbc345de128a,7f7027ec-45db-4816-9d3e-77b41f9ec2c2,true,
a54bd038-9f7c-46d5-835d-fbc345de128a,0088a404-ca57-4b4a-aca1-84c4a67fc9b2,true,
a54bd038-9f7c-46d5-835d-fbc345de128a,1545e3e3-0a69-44d4-8b98-b3ba8ba5b9f6,true,
a54bd038-9f7c-46d5-835d-fbc345de128a,243eed80-267a-4749-b0e9-6a37b5624ec5,true,
a54bd038-9f7c-46d5-835d-fbc345de128a,85daf9ab-0637-48fa-ada1-63ccd49eb29d,true,
a54bd038-9f7c-46d5-835d-fbc345de128a,3e84ad8e-27d7-4d8c-b96f-ce54d31c437e,true,
a54bd038-9f7c-46d5-835d-fbc345de128a,16447031-9a2e-4f97-ad68-6f66f213fde7,true,
a54bd038-9f7c-46d5-835d-fbc345de128a,8fca2c37-18bb-432d-ac13-89e844d57beb,true,
a54bd038-9f7c-46d5-835d-fbc345de128a,526923de-79d0-4b54-84d2-f1e6c08a1d5a,true,
a54bd038-9f7c-46d5-835d-fbc345de128a,a2097c21-6ad5-4b48-94b7-4476fdbbe93e,true,
a54bd038-9f7c-46d5-835d-fbc345de128a,f560ec0d-2629-4112-be6a-b646794c8ae4,true,
a54bd038-9f7c-46d5-835d-fbc345de128a,392687f0-ceed-46af-8da8-e78226281986,true,
a54bd038-9f7c-46d5-835d-fbc345de128a,31538053-eee7-4db7-9441-908ca1d1612e,true,
a54bd038-9f7c-46d5-835d-fbc345de128a,ec899be0-cd75-4b5d-a6e9-635ae365caed,true,
a54bd038-9f7c-46d5-835d-fbc345de128a,4b322570-13d5-49a1-84ba-d32b17f51ced,true,
a54bd038-9f7c-46d5-835d-fbc345de128a,b4f9b210-4857-4679-9295-5e9181be1d31,true,
a54bd038-9f7c-46d5-835d-fbc345de128a,98f77d05-0133-49b1-b0b1-7ec37f3b8110,true,
a54bd038-9f7c-46d5-835d-fbc345de128a,e61bb548-cd8b-4508-8a85-a1a978de156f,true,
a54bd038-9f7c-46d5-835d-fbc345de128a,78a22be2-cc83-4b0e-8c25-48ea20925c69,true,
a54bd038-9f7c-46d5-835d-fbc345de128a,718b3ba1-bd52-4011-af29-966d735fe422,true,
a54bd038-9f7c-46d5-835d-fbc345de128a,cc783fb9-d206-4471-b6dd-b0c2fa40f763,true,
a54bd038-9f7c-46d5-835d-fbc345de128a,b0209358-3609-426b-8640-06f23e1a1ef3,true,
a54bd038-9f7c-46d5-835d-fbc345de128a,45e69900-3bb0-4951-8593-998298cd9c9f,true,
a54bd038-9f7c-46d5-835d-fbc345de128a,f56aeefb-edd9-498c-a2c2-1d65b0cff8f5,true,
a54bd038-9f7c-46d5-835d-fbc345de128a,3272df45-4208-4f4b-8ca9-346910a02361,true,
a54bd038-9f7c-46d5-835d-fbc345de128a,4eb3d870-e232-4fda-bb52-78b0dca410ba,true,
a54bd038-9f7c-46d5-835d-fbc345de128a,dd7140ee-0d3e-4a3d-8c2c-dbfa4cb99639,true,
a54bd038-9f7c-46d5-835d-fbc345de128a,b6f20a21-089f-4610-88f1-2478789a17f5,true,
a54bd038-9f7c-46d5-835d-fbc345de128a,ee978703-3abf-46ee-9b11-b7ebdaf47a68,true,
a54bd038-9f7c-46d5-835d-fbc345de128a,95482600-72c2-47f2-90cd-9d05d8f75987,true,
a54bd038-9f7c-46d5-835d-fbc345de128a,96f29589-1055-457b-a686-73290cd581e0,true,
566a8057-d1e7-49ba-bab9-98214d37939c,844a61d0-9913-4820-9e38-7de613556bea,false,[NO_5XX] Unexpected 5XX response: 502
566a8057-d1e7-49ba-bab9-98214d37939c,e3bdc9c7-289e-4cea-a9ff-c3346f7f38ca,true,
566a8057-d1e7-49ba-bab9-98214d37939c,bbad9e9b-fbc1-4f0c-aaf3-9b6e617daac1,true,
566a8057-d1e7-49ba-bab9-98214d37939c,15f37cc5-9677-4793-a79d-5140140e0559,true,
566a8057-d1e7-49ba-bab9-98214d37939c,85c1abbd-991f-4b97-8fc4-bc9e3d6a3774,true,
566a8057-d1e7-49ba-bab9-98214d37939c,66fe9c5c-dc92-4547-9fc5-8ec7c6d2963c,true,
566a8057-d1e7-49ba-bab9-98214d37939c,bc3f4ce3-ed92-47cd-8067-56605cfdd38a,true,
566a8057-d1e7-49ba-bab9-98214d37939c,8310ad58-38b5-41e5-a8d2-ea5f8b4dfe6e,true,
566a8057-d1e7-49ba-bab9-98214d37939c,05b89641-f4af-4b77-8ee2-be1aa9f13903,true,
566a8057-d1e7-49ba-bab9-98214d37939c,bc985e59-73e9-434c-855a-0e2a6b646c5c,true,
566a8057-d1e7-49ba-bab9-98214d37939c,edb881d7-719f-4ad8-a7c1-9d6dd73f7b9c,true,
566a8057-d1e7-49ba-bab9-98214d37939c,803f8f70-e8cd-4206-9115-cc1daca96eee,true,
566a8057-d1e7-49ba-bab9-98214d37939c,23ceaffb-bbc5-4619-9958-e9260b6b4527,true,
566a8057-d1e7-49ba-bab9-98214d37939c,64ead5cc-ecf1-4749-8268-5684d4256199,true,
566a8057-d1e7-49ba-bab9-98214d37939c,57687743-92f1-4da4-8e20-fc4268b25e15,true,
566a8057-d1e7-49ba-bab9-98214d37939c,a3578a36-031b-4007-8935-e5403814cfe7,true,
566a8057-d1e7-49ba-bab9-98214d37939c,f5fd2e05-ee42-456d-8110-b546b62de8ff,true,
566a8057-d1e7-49ba-bab9-98214d37939c,be77c1ec-5672-4d61-bbf5-e7ad07a467a7,true,
566a8057-d1e7-49ba-bab9-98214d37939c,23198c94-1011-4834-bcf7-99195c4e3b35,true,
566a8057-d1e7-49ba-bab9-98214d37939c,8971bf65-9879-4243-a78e-40845b35bf15,true,
566a8057-d1e7-49ba-bab9-98214d37939c,ba4cad79-d5da-465c-acb7-cb9c37279210,true,
566a8057-d1e7-49ba-bab9-98214d37939c,4243cd7b-6e2d-42f1-9534-ab8be31ee30a,true,
566a8057-d1e7-49ba-bab9-98214d37939c,c6dd30da-1675-4b5a-a645-34ac026d295e,true,
566a8057-d1e7-49ba-bab9-98214d37939c,a2d583d3-fb42-4d93-9643-d7ff6b61fb8e,true,
566a8057-d1e7-49ba-bab9-98214d37939c,ef12e65c-4d1b-4729-ae6c-ac80ed21c2a0,true,
566a8057-d1e7-49ba-bab9-98214d37939c,af052fe6-774e-4290-9f93-edb598e75d4a,true,
566a8057-d1e7-49ba-bab9-98214d37939c,3eff3657-da67-4ef5-b824-85ba3ccaeb4c,true,
566a8057-d1e7-49ba-bab9-98214d37939c,0b2ebdfa-c514-4081-a0c7-9e686ebc38c6,true,
566a8057-d1e7-49ba-bab9-98214d37939c,9ae14ac5-643b-49ad-a505-1c6a271a5e20,true,
566a8057-d1e7-49ba-bab9-98214d37939c,ac9d0471-f0cf-46a3-9879-59e0fcde44c6,true,
566a8057-d1e7-49ba-bab9-98214d37939c,683bf380-6a5f-4f61-8dbf-59ed766b914f,true,
566a8057-d1e7-49ba-bab9-98214d37939c,8e6445a3-cdbb-4d76-8827-2db04a6d94f7,true,
566a8057-d1e7-49ba-bab9-98214d37939c,6bb00c79-4e79-4249-a158-7acf1b0215df,true,
566a8057-d1e7-49ba-bab9-98214d37939c,10f98eb5-c581-4bed-9a23-61219caf7297,true,
566a8057-d1e7-49ba-bab9-98214d37939c,68167f3a-2053-4f4f-ba7b-2ddd268c09a5,true,
566a8057-d1e7-49ba-bab9-98214d37939c,9f832e11-7851-4538-81a5-b03c50e97d12,true,
566a8057-d1e7-49ba-bab9-98214d37939c,39111bf2-b083-4f98-86ce-7ce611c64ad2,true,
566a8057-d1e7-49ba-bab9-98214d37939c,d70cb488-10e2-4e90-aecb-c2f5c76f8d23,true,
566a8057-d1e7-49ba-bab9-98214d37939c,92d8efc9-e489-4fde-b2a9-702a9a57a763,true,
566a8057-d1e7-49ba-bab9-98214d37939c,f38c3752-a98a-4262-8e7d-d26e51621fe2,true,
566a8057-d1e7-49ba-bab9-98214d37939c,14063715-1bde-48a0-8a35-7af9f775a3bb,true,
566a8057-d1e7-49ba-bab9-98214d37939c,f1b43fd9-90d9-4513-8712-d71589f9f660,true,
566a8057-d1e7-49ba-bab9-98214d37939c,65cf41b7-9e17-4293-ba9a-202ac0b8cbbe,true,
566a8057-d1e7-49ba-bab9-98214d37939c,37310b8f-3ebb-4b40-b57b-1ec4e28be080,true,
566a8057-d1e7-49ba-bab9-98214d37939c,87374c3f-c1e9-4169-9f86-96e9f807c3fd,true,
566a8057-d1e7-49ba-bab9-98214d37939c,bcb50eea-1551-4ceb-98d0-c448b0a46885,true,
566a8057-d1e7-49ba-bab9-98214d37939c,26d9117f-4724-4578-89d1-78569c48804f,true,
566a8057-d1e7-49ba-bab9-98214d37939c,35f78b9c-2588-40a3-ba69-15109df789d7,true,
566a8057-d1e7-49ba-bab9-98214d37939c,289143cb-fc21-4885-a32a-b15c03bc7a83,true,
566a8057-d1e7-49ba-bab9-98214d37939c,e83f4d3b-10f1-40df-9511-2393724c3e7e,true,
566a8057-d1e7-49ba-bab9-98214d37939c,f2d4c983-a5ad-47c5-b498-6229a1e33e89,true,
566a8057-d1e7-49ba-bab9-98214d37939c,1d478a78-785f-4e4a-9ac8-8a0c1918f650,true,
566a8057-d1e7-49ba-bab9-98214d37939c,275cd043-2833-4d2a-853f-45711e6f0b64,true,
566a8057-d1e7-49ba-bab9-98214d37939c,d71bfbfd-df42-4d6d-a83f-3c81302f6c7f,true,
566a8057-d1e7-49ba-bab9-98214d37939c,1bc60d8b-3a0a-4820-a03e-bcb8c055e207,true,
566a8057-d1e7-49ba-bab9-98214d37939c,9b726c63-257c-4425-a02a-9ce1fdbd135e,true,
566a8057-d1e7-49ba-bab9-98214d37939c,0a8a65e5-711d-4433-aad4-20dd10e5b91f,true,
566a8057-d1e7-49ba-bab9-98214d37939c,10702385-78cb-4e26-9940-ef68a8ee746d,true,
566a8057-d1e7-49ba-bab9-98214d37939c,022ecc8c-41df-4fde-ace7-53ad591c8b9b,true,
566a8057-d1e7-49ba-bab9-98214d37939c,8190a2be-9f3a-45a9-bacf-78223a5f7dba,true,
566a8057-d1e7-49ba-bab9-98214d37939c,c51eabc3-e1a8-4170-9be3-e7dea6e7478d,true,
566a8057-d1e7-49ba-bab9-98214d37939c,7d703f4f-5dea-4410-8baf-e9476a89841c,true,
2ee36ba1-f537-4e14-91cb-d0581f322a67,c260bb96-bd8f-4d70-999b-4df27ba15244,false,[NO_5XX] Unexpected 5XX response: 503
2ee36ba1-f537-4e14-91cb-d0581f322a67,318aa6af-76ce-41f2-92df-5785a59fe51c,true,
2ee36ba1-f537-4e14-91cb-d0581f322a67,b2d819da-0841-4fa4-90eb-4638f4bfab84,true,
2ee36ba1-f537-4e14-91cb-d0581f322a67,6d386d13-87c5-4729-9f63-694a6ede128e,true,
2ee36ba1-f537-4e14-91cb-d0581f322a67,62517b26-49b3-4f27-9018-4a33278fc8fb,true,
2ee36ba1-f537-4e14-91cb-d0581f322a67,bdde7fc9-b43f-4338-ab6d-8fcda295cb59,true,
2ee36ba1-f537-4e14-91cb-d0581f322a67,345b8814-c6af-4d5c-923b-4e568c6c70fa,true,
2ee36ba1-f537-4e14-91cb-d0581f322a67,5a1509cd-36e7-48b1-aa94-d5bf4d8df466,true,
2ee36ba1-f537-4e14-91cb-d0581f322a67,ff6988d2-2684-4c95-9cb2-a643288b12e3,true,
2ee36ba1-f537-4e14-91cb-d0581f322a67,69ac0070-3889-4f23-b892-0e88c34636ba,true,
2ee36ba1-f537-4e14-91cb-d0581f322a67,7f7e4b8c-d756-4d36-a423-0a0e61c1469f,true,
2ee36ba1-f537-4e14-91cb-d0581f322a67,f1d02690-6540-4f00-8663-2f22d426ea87,true,
2ee36ba1-f537-4e14-91cb-d0581f322a67,3d36ab03-9694-4299-852c-045e23f7c481,true,
2ee36ba1-f537-4e14-91cb-d0581f322a67,99ca3c1e-80e7-4ddd-b19e-2497e4fec419,true,
2ee36ba1-f537-4e14-91cb-d0581f322a67,1bd2de9d-e125-4ca7-982b-05c3a156fd6d,true,
2ee36ba1-f537-4e14-91cb-d0581f322a67,1f939139-ef7a-4bd3-aa27-e4fb03d547cf,true,
2ee36ba1-f537-4e14-91cb-d0581f322a67,77e4a18a-5d22-41c1-8a13-d13cc2002e7f,true,
2ee36ba1-f537-4e14-91cb-d0581f322a67,a0493606-1474-4cc1-8987-b854bdb4b95f,true,
2ee36ba1-f537-4e14-91cb-d0581f322a67,58e1a8fe-b72e-4e9c-bb17-acae71419c84,true,
2ee36ba1-f537-4e14-91cb-d0581f322a67,e7d7140b-c1c5-41c2-a878-ba1da1464311,true,
2ee36ba1-f537-4e14-91cb-d0581f322a67,fbef1012-02bd-44e0-b028-c3594eeca470,true,
2ee36ba1-f537-4e14-91cb-d0581f322a67,1933b5ab-2f56-41c4-9a31-9ffdc1d18184,true,
2ee36ba1-f537-4e14-91cb-d0581f322a67,fddd652d-4d00-4591-81ca-49c6635239d3,true,
2ee36ba1-f537-4e14-91cb-d0581f322a67,aa84a05e-d812-4cc1-b239-b0223fe55b34,true,
2ee36ba1-f537-4e14-91cb-d0581f322a67,3dacff7b-6c4f-4c48-a510-e94dfc9446b1,true,
2ee36ba1-f537-4e14-91cb-d0581f322a67,1e0c4276-853f-468a-b81b-a9f6e0d70839,true,
2ee36ba1-f537-4e14-91cb-d0581f322a67,71193ce2-035c-4bf5-8b26-be14d554935e,true,
2ee36ba1-f537-4e14-91cb-d0581f322a67,6c8eca34-aa36-4d8e-a94c-d1c9c95d5f44,true,
2ee36ba1-f537-4e14-91cb-d0581f322a67,09944184-5b3a-4c99-91d4-54fcf3be1f90,true,
2ee36ba1-f537-4e14-91cb-d0581f322a67,b64e38ff-60e8-481f-86dc-bf8ce1fccb1d,true,
2ee36ba1-f537-4e14-91cb-d0581f322a67,3522e450-3544-47a3-8355-9a71a7367d54,true,
2ee36ba1-f537-4e14-91cb-d0581f322a67,83efbc17-8825-4932-8d7c-36701437c55c,true,
2ee36ba1-f537-4e14-91cb-d0581f322a67,f0168596-9aa2-4d63-a349-9c9ff44a37bf,true,
2ee36ba1-f537-4e14-91cb-d0581f322a67,5e866ead-c333-4fa4-9644-4320fa186d53,true,
2ee36ba1-f537-4e14-91cb-d0581f322a67,12911047-496d-4650-8c11-27743075f04b,true,
2ee36ba1-f537-4e14-91cb-d0581f322a67,5f18710c-c1ea-489f-a92a-679989f4257f,true,
2ee36ba1-f537-4e14-91cb-d0581f322a67,050f76c6-a8aa-4be8-9ade-5e8e72e5e03c,true,
2ee36ba1-f537-4e14-91cb-d0581f322a67,231a5292-33d0-4f54-a2d0-7cc9f9b56d7d,true,
2ee36ba1-f537-4e14-91cb-d0581f322a67,bc24025b-bb5a-4368-8692-b6b97f7efd55,true,
2ee36ba1-f537-4e14-91cb-d0581f322a67,13f5c932-ba74-42b3-8911-375e991ce6f2,true,
2ee36ba1-f537-4e14-91cb-d0581f322a67,48fd095b-feba-44c1-a975-ea730a143a93,true,
2ee36ba1-f537-4e14-91cb-d0581f322a67,dcb8a69d-b695-4ffd-8070-55b127a5cff6,true,
2ee36ba1-f537-4e14-91cb-d0581f322a67,e4a8223a-58da-4af6-9bd5-ff6262f172f1,true,
2ee36ba1-f537-4e14-91cb-d0581f322a67,9914e2cd-cf08-4ed7-9edf-0cefea25dfdd,true,
2ee36ba1-f537-4e14-91cb-d0581f322a67,4eb10aaa-a48b-4238-931b-c7cf3c675d7d,true,
2ee36ba1-f537-4e14-91cb-d0581f322a67,ec522940-86f1-4b45-915e-9a01684bf3c7,true,
2ee36ba1-f537-4e14-91cb-d0581f322a67,eb9f3bdf-cc44-412e-8d83-d1e7c5e45ff5,true,
2ee36ba1-f537-4e14-91cb-d0581f322a67,75e26c86-49ea-41da-ba99-51ce4e01b61d,true,
2ee36ba1-f537-4e14-91cb-d0581f322a67,4e827192-568b-4b64-87da-cedd6b9e5375,true,
2ee36ba1-f537-4e14-91cb-d0581f322a67,4d758572-8eb5-441a-8f3a-e2eab4823cc4,true,
2ee36ba1-f537-4e14-91cb-d0581f322a67,d23103ed-6e8f-4464-b96b-63f05bb83e14,true,
2ee36ba1-f537-4e14-91cb-d0581f322a67,2823e2ac-914b-4fd0-b5f7-58ef7f9ebdef,true,
2ee36ba1-f537-4e14-91cb-d0581f322a67,adab1d1e-8631-495c-96b9-c3d7394346a2,true,
2ee36ba1-f537-4e14-91cb-d0581f322a67,011fe8fb-2669-4523-a738-ae27ff6be011,true,
2ee36ba1-f537-4e14-91cb-d0581f322a67,baa2bea8-dc3e-4280-95fe-84b5ff13a8f1,true,
2ee36ba1-f537-4e14-91cb-d0581f322a67,8a812c60-18b5-45e1-bad9-b055ca015ef8,true,
2ee36ba1-f537-4e14-91cb-d0581f322a67,0cc67bb4-2aea-4936-bd43-355a3aad66e9,true,
2ee36ba1-f537-4e14-91cb-d0581f322a67,16f8e549-391b-4a28-996c-75f2d5878531,true,
2ee36ba1-f537-4e14-91cb-d0581f322a67,c7226ccc-1102-421d-8383-805fa2a084b1,true,
2ee36ba1-f537-4e14-91cb-d0581f322a67,88c634cd-0e91-4dad-bbff-a48262481b13,true,
2ee36ba1-f537-4e14-91cb-d0581f322a67,7fa3bb09-6a48-4f89-a0a9-efe938f65dc0,true,
2ee36ba1-f537-4e14-91cb-d0581f322a67,c9d11d7d-1a2c-4891-870d-2ce9542659e9,true,
60393f62-2463-4d93-8212-d9812681a1d3,2f6bbf1f-1e67-40f2-a718-17157ed55146,true,
60393f62-2463-4d93-8212-d9812681a1d3,ffb8089e-0340-4810-be7f-3e49db8daa07,true,
60393f62-2463-4d93-8212-d9812681a1d3,724dafae-ebf3-4467-ba5d-2c27056c2214,true,
60393f62-2463-4d93-8212-d9812681a1d3,1ada7b91-8960-41bf-a135-f251701d1d39,true,
60393f62-2463-4d93-8212-d9812681a1d3,fec16db4-7f87-4c9a-b13a-0fb28bedb62f,true,
60393f62-2463-4d93-8212-d9812681a1d3,a58833b5-953f-473b-a325-d122c695eb0f,true,
60393f62-2463-4d93-8212-d9812681a1d3,656e4773-5164-43c7-abb0-93518f544074,true,
60393f62-2463-4d93-8212-d9812681a1d3,42f51767-26d4-4f96-8111-f12b8633e7e5,true,
60393f62-2463-4d93-8212-d9812681a1d3,616eb7b9-c4af-4a3d-874b-bea5cc197737,true,
60393f62-2463-4d93-8212-d9812681a1d3,5aab5b6a-9cee-40fd-b76d-6b8815faca0e,true,
60393f62-2463-4d93-8212-d9812681a1d3,ba552fd5-f680-4aef-853e-a5b29ef901ce,true,
60393f62-2463-4d93-8212-d9812681a1d3,ab5d7b90-b49f-48cb-ba3b-cbdb2cdf2ac3,true,
60393f62-2463-4d93-8212-d9812681a1d3,24c1de3c-7459-4255-bacd-8961aaa5308a,true,
60393f62-2463-4d93-8212-d9812681a1d3,32289af5-e004-4d1a-b24a-f0ee41aa3b01,true,
60393f62-2463-4d93-8212-d9812681a1d3,d47e2571-8c1f-4565-8604-16f073fa0f4e,true,
60393f62-2463-4d93-8212-d9812681a1d3,46da6316-6a20-4db6-9935-130e9663779d,true,
60393f62-2463-4d93-8212-d9812681a1d3,4c8186c2-4611-4850-9b68-eb81bd3050a6,true,
60393f62-2463-4d93-8212-d9812681a1d3,bcfefdcf-4ef8-4362-a24d-c78810d03528,true,
60393f62-2463-4d93-8212-d9812681a1d3,e9e21213-3b6a-4c16-bc0a-3717f2641139,true,
60393f62-2463-4d93-8212-d9812681a1d3,a1b5a8fe-5cd6-4d7c-87cb-e012b601da10,true,
60393f62-2463-4d93-8212-d9812681a1d3,0073978e-0f4d-4196-a8fd-d746f6534ae6,true,
60393f62-2463-4d93-8212-d9812681a1d3,3b4fc8d8-4954-45ab-899f-04263c5a72ee,true,
60393f62-2463-4d93-8212-d9812681a1d3,7cbc3d67-9bbd-4a82-8313-7573c58d6a5b,true,
60393f62-2463-4d93-8212-d9812681a1d3,ed129d50-20cf-41ff-81cd-add6e3755c5b,true,
60393f62-2463-4d93-8212-d9812681a1d3,3242cbb4-5c9b-40b7-99b1-dfe537caf3c9,true,
60393f62-2463-4d93-8212-d9812681a1d3,de865ac2-b1cc-43d9-a6ad-68bb5ce335ee,true,
60393f62-2463-4d93-8212-d9812681a1d3,4194a153-494f-41cc-ac58-97d9d83ea641,true,
60393f62-2463-4d93-8212-d9812681a1d3,e150c482-2344-4067-8e5e-afcca64db1e2,true,
60393f62-2463-4d93-8212-d9812681a1d3,c516a64b-8ec2-43b1-8548-9f2c0ff37c6c,true,
60393f62-2463-4d93-8212-d9812681a1d3,c2392398-f9e9-4a20-b50d-f6777b7646dd,true,
60393f62-2463-4d93-8212-d9812681a1d3,8ba82672-90a4-410d-aa84-2234e47a6e1e,true,
60393f62-2463-4d93-8212-d9812681a1d3,6756f3fc-9d44-4ac4-afb4-d85df28c1607,true,
60393f62-2463-4d93-8212-d9812681a1d3,b252a4cf-b9fc-4f99-ba55-24e5104fa7fc,true,
60393f62-2463-4d93-8212-d9812681a1d3,47dd915f-6a73-46a0-9b4d-640a2b9627e3,true,
60393f62-2463-4d93-8212-d9812681a1d3,02025682-19e2-4389-ac04-cdddb69511b1,true,
60393f62-2463-4d93-8212-d9812681a1d3,0ee98d98-d60c-4df0-acc3-dae7c5c554a9,true,
60393f62-2463-4d93-8212-d9812681a1d3,ef8e4abe-329b-4f4d-a516-45e93f5cf2cc,true,
60393f62-2463-4d93-8212-d9812681a1d3,913441d8-33c1-4d20-a752-3861b8160a15,true,
60393f62-2463-4d93-8212-d9812681a1d3,1745757b-40d3-47b6-9a0b-590a4204fd4d,true,
7c9be0b0-66f3-4734-bf35-fa0c9f9a68c5,b18d550b-2d97-4c96-a3a3-f9b4d8bb81b1,true,
7c9be0b0-66f3-4734-bf35-fa0c9f9a68c5,1db75b17-8ebb-4cb1-a121-f57238dd99b0,true,
7c9be0b0-66f3-4734-bf35-fa0c9f9a68c5,ea2cd648-70ee-4f89-83cc-ce04f67ebc2c,true,
7c9be0b0-66f3-4734-bf35-fa0c9f9a68c5,5c589bda-8de8-46d9-851f-eeda82b43f88,true,
7c9be0b0-66f3-4734-bf35-fa0c9f9a68c5,4b3b49f7-b86d-46a5-95f9-78de9f96a5e8,true,
7c9be0b0-66f3-4734-bf35-fa0c9f9a68c5,2b4025c5-acdf-40a9-a805-d66b7e8a240a,true,
7c9be0b0-66f3-4734-bf35-fa0c9f9a68c5,1b95ff77-57e9-4b40-a7ce-8ed850d72dff,true,
7c9be0b0-66f3-4734-bf35-fa0c9f9a68c5,7d8096e4-708e-4dc9-8cf6-8da0d9d30331,true,
7c9be0b0-66f3-4734-bf35-fa0c9f9a68c5,e2866370-973c-446f-babc-5650b1463128,true,
7c9be0b0-66f3-4734-bf35-fa0c9f9a68c5,40edeff6-78b3-4d88-a84b-fc769020340d,true,
7c9be0b0-66f3-4734-bf35-fa0c9f9a68c5,12ed0c90-7c8f-4d04-9b20-44478a67398e,true,
7c9be0b0-66f3-4734-bf35-fa0c9f9a68c5,aa643556-eb3f-4e08-ad58-4afd0002e119,true,
7c9be0b0-66f3-4734-bf35-fa0c9f9a68c5,4e2767a2-ccb6-442f-8268-28fd8aa94406,true,
7c9be0b0-66f3-4734-bf35-fa0c9f9a68c5,e9bc1f62-7b33-494f-9caf-2ec2d2ea17a4,true,
7c9be0b0-66f3-4734-bf35-fa0c9f9a68c5,1821c8b1-f331-4182-b021-80bce6ec5670,true,
7c9be0b0-66f3-4734-bf35-fa0c9f9a68c5,9c474d9b-11a4-4d29-a801-4d84d385194b,true,
7c9be0b0-66f3-4734-bf35-fa0c9f9a68c5,4fc7bde4-c8fb-4f70-bb15-81be1e719224,true,
7c9be0b0-66f3-4734-bf35-fa0c9f9a68c5,75c45542-dfdb-4947-917f-85e38c94e5c8,true,
7c9be0b0-66f3-4734-bf35-fa0c9f9a68c5,062c5dc0-0680-4714-a36f-14eab0d7bc07,true,
7c9be0b0-66f3-4734-bf35-fa0c9f9a68c5,a97a5d89-dc54-4919-8b13-373dac5deb79,true,
7c9be0b0-66f3-4734-bf35-fa0c9f9a68c5,4f0139a7-6556-4a48-a65e-71f472c90684,true,
7c9be0b0-66f3-4734-bf35-fa0c9f9a68c5,5a10f25a-d0cd-44eb-aeaf-a78efea71d92,true,
7c9be0b0-66f3-4734-bf35-fa0c9f9a68c5,a6ff8c86-9554-4008-af4b-701ca7c10d82,true,
7c9be0b0-66f3-4734-bf35-fa0c9f9a68c5,207b7446-7f8e-49a5-aa2b-226c9a8f6e82,true,
7c9be0b0-66f3-4734-bf35-fa0c9f9a68c5,3042f71f-f1c9-4bff-8f38-0364ca50f085,true,
7c9be0b0-66f3-4734-bf35-fa0c9f9a68c5,10c8ad3d-a7e1-4873-b1e6-0281dd90529c,true,
7c9be0b0-66f3-4734-bf35-fa0c9f9a68c5,16364944-3c91-43e7-aee4-f279bf935931,true,
7c9be0b0-66f3-4734-bf35-fa0c9f9a68c5,e6f752a9-fda3-452f-86cc-1e5071437818,true,
7c9be0b0-66f3-4734-bf35-fa0c9f9a68c5,5332983f-5318-44da-9e6e-8cee4feb9cda,true,
7c9be0b0-66f3-4734-bf35-fa0c9f9a68c5,df9bb6e2-c851-40f1-8afb-bcd0364d8c8c,true,
7c9be0b0-66f3-4734-bf35-fa0c9f9a68c5,cd31c590-4e7a-4ebf-9185-a09d19aac69f,true,
7c9be0b0-66f3-4734-bf35-fa0c9f9a68c5,9ff8d5c2-1a25-4c5b-ac57-f76d028f02d5,true,
7c9be0b0-66f3-4734-bf35-fa0c9f9a68c5,24360830-1268-425e-a2ae-fc54f9da3f27,true,
7c9be0b0-66f3-4734-bf35-fa0c9f9a68c5,53e08d19-1251-42f9-8923-9f6c0c4cf384,true,
7c9be0b0-66f3-4734-bf35-fa0c9f9a68c5,3490a4f7-9ad9-4ab3-aea1-f9d5c6f5ca1c,true,
7c9be0b0-66f3-4734-bf35-fa0c9f9a68c5,974af899-fecd-491c-b553-409afe09f856,true,
7c9be0b0-66f3-4734-bf35-fa0c9f9a68c5,c6b4ad07-b726-4e1f-969c-765222c434c0,true,
7c9be0b0-66f3-4734-bf35-fa0c9f9a68c5,f12d0bbb-ce1c-434a-a91e-6b3c517c9716,true,
7c9be0b0-66f3-4734-bf35-fa0c9f9a68c5,4c80aa09-e08b-43f9-9999-ca95480f1bb8,true,
7c9be0b0-66f3-4734-bf35-fa0c9f9a68c5,e110dea1-929e-436f-9c19-37a2cc0b52ad,true,
7c9be0b0-66f3-4734-bf35-fa0c9f9a68c5,851d8060-e9f8-47d0-84cf-de0490494dd9,true,
7c9be0b0-66f3-4734-bf35-fa0c9f9a68c5,f780184f-f09c-4b4f-a08a-46e580fcdd97,true,
7c9be0b0-66f3-4734-bf35-fa0c9f9a68c5,82143aa9-8e52-4269-89f3-57234f77c630,true,
7c9be0b0-66f3-4734-bf35-fa0c9f9a68c5,3b275d3b-b131-44b0-b8cb-eece43494638,true,
7c9be0b0-66f3-4734-bf35-fa0c9f9a68c5,13787821-cba9-4ba4-945a-82f81d63b9ce,true,
7c9be0b0-66f3-4734-bf35-fa0c9f9a68c5,184d2b7c-6a3f-4531-b604-c0fdf7f811b5,true,
7c9be0b0-66f3-4734-bf35-fa0c9f9a68c5,9f168975-139b-47f4-a2aa-57f932a1505d,true,
7c9be0b0-66f3-4734-bf35-fa0c9f9a68c5,b573ca07-1492-4072-ba83-0c5a9c55b4c8,true,
7c9be0b0-66f3-4734-bf35-fa0c9f9a68c5,1a0a851d-d3bc-45e9-ac47-efa791fa6d7e,true,
7c9be0b0-66f3-4734-bf35-fa0c9f9a68c5,109eaa52-4a0e-4d45-a2d5-33b2a1802f09,true,
7c9be0b0-66f3-4734-bf35-fa0c9f9a68c5,9d9ad1a4-57cb-4515-8640-f8e6f7aaf364,true,
7c9be0b0-66f3-4734-bf35-fa0c9f9a68c5,c4a79b91-e89d-43cb-99a0-c98bd270616f,true,
7c9be0b0-66f3-4734-bf35-fa0c9f9a68c5,6944ac0e-8f3e-448a-9db3-6da860cd4a35,true,
7c9be0b0-66f3-4734-bf35-fa0c9f9a68c5,b6fc879d-42b5-4977-b31f-9c5f9ac6b7a2,true,
7c9be0b0-66f3-4734-bf35-fa0c9f9a68c5,47d653ac-98b1-4048-b8e4-4e27edd94fdb,true,
7c9be0b0-66f3-4734-bf35-fa0c9f9a68c5,b92645ca-18c1-4c2c-89de-841e41e3cbbe,true,
7c9be0b0-66f3-4734-bf35-fa0c9f9a68c5,1e94474d-205a-47c6-8957-f253ede63d65,true,
7c9be0b0-66f3-4734-bf35-fa0c9f9a68c5,1c5a584d-f9d1-429d-bd65-edf1b5654c40,true,
7c9be0b0-66f3-4734-bf35-fa0c9f9a68c5,0c786a3c-cbda-457f-a777-1a024493ce18,true,
7c9be0b0-66f3-4734-bf35-fa0c9f9a68c5,d1829963-24be-47d3-8bc2-7d237da95281,true,
7c9be0b0-66f3-4734-bf35-fa0c9f9a68c5,19f15055-46e9-4582-9d36-202ffe357684,true,
7c9be0b0-66f3-4734-bf35-fa0c9f9a68c5,b3bd410f-0882-42c9-855e-78efdde4bfa1,true,
49262665-cf9c-428b-95a9-3211bf0f6867,fc95f033-8e89-483f-b112-9dc728ac25de,false,[NO_5XX] Unexpected 5XX response: 502
49262665-cf9c-428b-95a9-3211bf0f6867,2c8a7438-492a-4042-9b2e-de70a94f97cc,true,
49262665-cf9c-428b-95a9-3211bf0f6867,b3352fa3-726b-46a1-bcd1-57bd0b9f5718,true,
49262665-cf9c-428b-95a9-3211bf0f6867,ffc4e662-3cf2-429d-a180-5b9f017ec50d,true,
49262665-cf9c-428b-95a9-3211bf0f6867,aff919a0-a337-4494-8fe3-f0ae657c0461,true,
49262665-cf9c-428b-95a9-3211bf0f6867,02679dd8-46e1-47f0-89be-f009cd5f7d5e,true,
49262665-cf9c-428b-95a9-3211bf0f6867,4b2404b8-58b5-42fc-958d-2408aa82f81f,true,
49262665-cf9c-428b-95a9-3211bf0f6867,0df9f646-97d5-4799-a435-972007db281e,true,
49262665-cf9c-428b-95a9-3211bf0f6867,403d14e5-7762-410b-a511-3ff132d274db,true,
49262665-cf9c-428b-95a9-3211bf0f6867,d2f02983-28be-422f-8239-030ea58c7579,true,
49262665-cf9c-428b-95a9-3211bf0f6867,f41ca8f9-b857-4b0c-8972-414f9cb7eaa5,true,
49262665-cf9c-428b-95a9-3211bf0f6867,73b00702-e5aa-46a8-9cf6-d67b5a283d95,true,
49262665-cf9c-428b-95a9-3211bf0f6867,83743f10-c98d-403d-b211-34d9114f0482,true,
49262665-cf9c-428b-95a9-3211bf0f6867,7c890a07-ec6a-4079-80ee-3e92138c2dc6,true,
49262665-cf9c-428b-95a9-3211bf0f6867,4ec339fe-6e0c-4f12-b18c-7c4e495d2ca7,true,
49262665-cf9c-428b-95a9-3211bf0f6867,984637db-efa0-4c33-8185-c76b0f46d1db,true,
690cde00-0a2e-4c41-9463-dcc6386f51b4,512ccad3-d582-4091-9200-1b4df68eb25a,true,
690cde00-0a2e-4c41-9463-dcc6386f51b4,b612f44d-e2c0-4bea-bcda-42164ffb0a92,true,
690cde00-0a2e-4c41-9463-dcc6386f51b4,c872faa0-d913-4076-bc38-f928343f9292,true,
690cde00-0a2e-4c41-9463-dcc6386f51b4,f367140d-5dfc-4681-ad83-0db989f30e5d,true,
690cde00-0a2e-4c41-9463-dcc6386f51b4,ece11199-9d5f-457c-b8aa-50ed0b272b25,true,
690cde00-0a2e-4c41-9463-dcc6386f51b4,3ced8a55-d03b-466d-8958-a5e60aadf89e,true,
690cde00-0a2e-4c41-9463-dcc6386f51b4,6a71ac15-ae4c-47e1-bcd5-eb679a68b14a,true,
690cde00-0a2e-4c41-9463-dcc6386f51b4,4472b776-b15f-4d95-8749-addefafd034d,true,
690cde00-0a2e-4c41-9463-dcc6386f51b4,99f0323a-3d31-4a3b-8855-25190d9f5253,true,
690cde00-0a2e-4c41-9463-dcc6386f51b4,ed1d78ea-8111-495d-9f35-9cc644612c34,true,
690cde00-0a2e-4c41-9463-dcc6386f51b4,e8600d4b-ac3f-4733-893c-ff90367b3b20,true,
690cde00-0a2e-4c41-9463-dcc6386f51b4,a02e9447-e724-4e27-b44a-9a10fe9c93a0,true,
690cde00-0a2e-4c41-9463-dcc6386f51b4,c68081f9-3238-481f-92dc-0eff41ac7637,true,
690cde00-0a2e-4c41-9463-dcc6386f51b4,b3946911-ee1a-4870-87d7-093f259acd15,true,
690cde00-0a2e-4c41-9463-dcc6386f51b4,793a5c19-a5e5-411a-a5e4-29044a691b15,true,
690cde00-0a2e-4c41-9463-dcc6386f51b4,26162b62-d74f-4503-83ff-505d11c34ef3,true,
690cde00-0a2e-4c41-9463-dcc6386f51b4,fe981a89-0a30-4d3e-877c-2dbc3ddd5b83,true,
690cde00-0a2e-4c41-9463-dcc6386f51b4,e1ec0b81-637f-41e1-b6a5-70ce66647eed,true,
690cde00-0a2e-4c41-9463-dcc6386f51b4,5869d1e2-b9ed-407d-9b98-55ac1022228d,true,
690cde00-0a2e-4c41-9463-dcc6386f51b4,00a2eb4f-b4c8-4804-bf71-7af71c630e33,true,
690cde00-0a2e-4c41-9463-dcc6386f51b4,1c6d321a-e1e9-46e7-832c-5981bb20060f,true,
690cde00-0a2e-4c41-9463-dcc6386f51b4,77f651ba-171d-4cc2-a6cd-cbb64871bc34,true,
690cde00-0a2e-4c41-9463-dcc6386f51b4,478924a9-bea3-4935-8423-5cb634ad6754,true,
690cde00-0a2e-4c41-9463-dcc6386f51b4,2f17c693-15e1-4d10-af3c-63c20dd9be26,true,
690cde00-0a2e-4c41-9463-dcc6386f51b4,638a8390-18ab-4b22-81bb-b3be9da73a82,true,
690cde00-0a2e-4c41-9463-dcc6386f51b4,2b0941e0-9644-43f6-80ae-58f41038405e,true,
690cde00-0a2e-4c41-9463-dcc6386f51b4,e69b58ba-d611-45e0-91de-4bd6ac859e7e,true,
690cde00-0a2e-4c41-9463-dcc6386f51b4,bc6c3014-9af5-4975-9931-92edeb5798a8,true,
690cde00-0a2e-4c41-9463-dcc6386f51b4,ac9716b3-1737-46c8-9dd9-4d9b1625ce08,true,
690cde00-0a2e-4c41-9463-dcc6386f51b4,f407ba7e-e4bb-4f7e-b266-188f92b478a2,true,
690cde00-0a2e-4c41-9463-dcc6386f51b4,867f4b53-5566-4ee3-9be1-c5dbcc19fa7d,true,
690cde00-0a2e-4c41-9463-dcc6386f51b4,4ad49198-e80d-40e4-936a-88c8467d9445,true,
690cde00-0a2e-4c41-9463-dcc6386f51b4,f2ca2694-d77f-4392-86ac-0fd865b131b3,true,
690cde00-0a2e-4c41-9463-dcc6386f51b4,79a05498-766d-456d-97d8-7d5d4a9df91b,true,
690cde00-0a2e-4c41-9463-dcc6386f51b4,ee550ca7-d4f1-48aa-8eab-7ba205be1efa,true,
690cde00-0a2e-4c41-9463-dcc6386f51b4,7486bd0e-dbef-436f-8015-485ff35f04f0,true,
690cde00-0a2e-4c41-9463-dcc6386f51b4,15e83706-d12c-404c-9ee4-315fe2d99252,true,
690cde00-0a2e-4c41-9463-dcc6386f51b4,401ec529-516c-4fea-8c2d-ff678ad5463c,true,
690cde00-0a2e-4c41-9463-dcc6386f51b4,1ff3159d-9751-49e6-99d6-f36f7c93e61d,true,
690cde00-0a2e-4c41-9463-dcc6386f51b4,b8c551b0-1c97-4ae3-b1a7-300bf9f6b6c8,true,
690cde00-0a2e-4c41-9463-dcc6386f51b4,7fc44c0f-59cc-41f4-bcfa-76b23a727b57,true,
690cde00-0a2e-4c41-9463-dcc6386f51b4,630eb6dd-843f-4906-8590-b1008336bfea,true,
690cde00-0a2e-4c41-9463-dcc6386f51b4,69c738ee-cadc-4ee9-8df3-95f95ce1b78e,true,
690cde00-0a2e-4c41-9463-dcc6386f51b4,c8383eb3-c483-4d2a-b6c7-272f830e036e,true,
690cde00-0a2e-4c41-9463-dcc6386f51b4,6063ed67-147b-4a8c-8100-ba88bb65cf66,true,
690cde00-0a2e-4c41-9463-dcc6386f51b4,3bcd6f79-2d4d-49f9-a743-e85473eb7c13,true,
690cde00-0a2e-4c41-9463-dcc6386f51b4,601c6591-6d1c-42e0-b455-50461e2efc08,true,
690cde00-0a2e-4c41-9463-dcc6386f51b4,0199f3e6-5cf5-481a-8ff2-35669c2cca1e,true,
690cde00-0a2e-4c41-9463-dcc6386f51b4,86501dcb-d92a-4d9c-9d88-10fef5abd5bf,true,
690cde00-0a2e-4c41-9463-dcc6386f51b4,a0f6f808-7d62-44be-991c-4e15105b93ba,true,
690cde00-0a2e-4c41-9463-dcc6386f51b4,b1c47ea8-b182-45d5-961f-06373efea8ff,true,
690cde00-0a2e-4c41-9463-dcc6386f51b4,aaa4fab2-b0ab-49bc-9c93-1560b1f0766b,true,
690cde00-0a2e-4c41-9463-dcc6386f51b4,ffc416fc-c396-41a2-992a-c593f2033e7b,true,
690cde00-0a2e-4c41-9463-dcc6386f51b4,068a7e4e-25da-4ca6-96d6-2f17db4c6e6b,true,
690cde00-0a2e-4c41-9463-dcc6386f51b4,62aa9313-8b67-4d30-8389-d4adb1b1035f,true,
690cde00-0a2e-4c41-9463-dcc6386f51b4,d90f9eee-4b6a-4819-812a-61c4f811e6c9,true,
690cde00-0a2e-4c41-9463-dcc6386f51b4,04ada1a5-3253-4f9d-ac9f-3c597209fc95,true,
a5de7260-192e-46cb-8c9d-1f639b8722f8,2b44f819-3768-449d-ae5b-e5d270461ed7,true,
a5de7260-192e-46cb-8c9d-1f639b8722f8,7b82c782-7bb4-4201-883a-ff3fb1aea58e,true,
a5de7260-192e-46cb-8c9d-1f639b8722f8,c310c3c4-2187-4ace-b383-ad0bc8cfa84a,true,
a5de7260-192e-46cb-8c9d-1f639b8722f8,064ed8b6-0050-4df4-9a77-b3b823ff2359,true,
a5de7260-192e-46cb-8c9d-1f639b8722f8,93cfb787-a72c-4ad3-b4dc-fad36e55aa44,true,
a5de7260-192e-46cb-8c9d-1f639b8722f8,8c20ac84-98ee-49b9-a3de-ca61b55fda5a,true,
a5de7260-192e-46cb-8c9d-1f639b8722f8,174f8524-4312-472b-9d38-dc22ceffd50a,true,
a5de7260-192e-46cb-8c9d-1f639b8722f8,35a5fef7-414b-4d86-9172-1cb913ae47a3,true,
a5de7260-192e-46cb-8c9d-1f639b8722f8,4bb2db7c-29bb-492e-a39f-6ced70fffb4e,true,
a5de7260-192e-46cb-8c9d-1f639b8722f8,e3398903-976b-403e-afd0-859bedee0d32,true,
a5de7260-192e-46cb-8c9d-1f639b8722f8,82d0087c-11b1-4581-84a4-55ecc45ac6b6,true,
a5de7260-192e-46cb-8c9d-1f639b8722f8,2c95e29e-2556-49de-8c30-f89b6db3f4fe,true,
a5de7260-192e-46cb-8c9d-1f639b8722f8,d3c40201-090c-4974-a2b6-1aded70560cc,true,
a5de7260-192e-46cb-8c9d-1f639b8722f8,322149f1-3ddc-43fb-a758-a604afb771d4,true,
a5de7260-192e-46cb-8c9d-1f639b8722f8,04e39d8e-e925-44c0-af05-fcbbfd587fc8,true,
a5de7260-192e-46cb-8c9d-1f639b8722f8,fe61df63-7772-411e-b91c-bef54f05643d,true,
a5de7260-192e-46cb-8c9d-1f639b8722f8,6aef6331-62bf-49a1-bb66-9090eeef4b91,true,
a5de7260-192e-46cb-8c9d-1f639b8722f8,2a0982e4-c2c2-4a45-8f90-a3824f6bf8d3,true,
a5de7260-192e-46cb-8c9d-1f639b8722f8,42724f17-8038-4266-a6b8-40615b230be0,true,
a5de7260-192e-46cb-8c9d-1f639b8722f8,370e8908-a02c-4558-9d2a-eed3e3ec7812,true,
a5de7260-192e-46cb-8c9d-1f639b8722f8,7d25b084-c546-4f27-90bf-c49e0d3c5d6b,true,
a5de7260-192e-46cb-8c9d-1f639b8722f8,410fca45-61ec-4ced-a181-293e8dfa2aca,true,
a5de7260-192e-46cb-8c9d-1f639b8722f8,2ef7ba0f-5a28-4d4a-9d98-a5e6c0fd766f,true,
a5de7260-192e-46cb-8c9d-1f639b8722f8,f534ffab-79db-4efa-9b8e-2691da5b7eb2,true,
a5de7260-192e-46cb-8c9d-1f639b8722f8,37ef0e3f-0396-4d09-a26c-2db28a435594,true,
a5de7260-192e-46cb-8c9d-1f639b8722f8,e5ddcda9-0fc7-4610-ae07-fa71e47ce6aa,true,
a5de7260-192e-46cb-8c9d-1f639b8722f8,2b181bb9-46dd-40ae-a19f-123061a50f61,true,
a5de7260-192e-46cb-8c9d-1f639b8722f8,e526fde2-3bc1-4fba-9f89-23c343c95831,true,
a5de7260-192e-46cb-8c9d-1f639b8722f8,e21f6e44-0403-447e-bc34-19e93e7b733b,true,
a5de7260-192e-46cb-8c9d-1f639b8722f8,2f6d3112-e209-4a7f-bc91-23296ee3de09,true,
a5de7260-192e-46cb-8c9d-1f639b8722f8,962dd6c0-d99e-4bfa-913a-99a8bff8b158,true,
a5de7260-192e-46cb-8c9d-1f639b8722f8,ff4db854-288f-4341-b7cf-893abcf9d48a,true,
8dfde5a9-d9dc-41dd-ac32-86d78e2bea51,70138869-d67f-4db6-b85f-98a72e96c159,false,[NO_5XX] Unexpected 5XX response: 504
8dfde5a9-d9dc-41dd-ac32-86d78e2bea51,b5498124-6e14-484e-9d8c-e1db4ab3ea16,true,
8dfde5a9-d9dc-41dd-ac32-86d78e2bea51,b582fc07-08ed-4f52-a3c6-95c7ed0442cc,true,
8dfde5a9-d9dc-41dd-ac32-86d78e2bea51,00fd214d-273f-4c71-bdfe-b401a97b67f2,true,
8dfde5a9-d9dc-41dd-ac32-86d78e2bea51,7fbb02a8-bb69-416b-bad3-9ffb4a2c09de,true,
8dfde5a9-d9dc-41dd-ac32-86d78e2bea51,004c6351-97fa-45bd-aa3e-9071828a95f7,true,
8dfde5a9-d9dc-41dd-ac32-86d78e2bea51,4314c1c8-b94e-4bbe-abfc-29f30c3ed8bb,true,
8dfde5a9-d9dc-41dd-ac32-86d78e2bea51,b0f80aad-5925-438b-a10a-5f710f546faf,true,
8dfde5a9-d9dc-41dd-ac32-86d78e2bea51,770022dc-a99c-400e-84cc-c15535c4f81f,true,
8dfde5a9-d9dc-41dd-ac32-86d78e2bea51,6dcabf4c-4158-4541-a9b5-890927353b2b,true,
8dfde5a9-d9dc-41dd-ac32-86d78e2bea51,1ff04392-c546-49f9-b3ee-491c2fb7861c,true,
8dfde5a9-d9dc-41dd-ac32-86d78e2bea51,9fc28bba-010e-4f18-a7e5-26faa4edceaf,true,
8dfde5a9-d9dc-41dd-ac32-86d78e2bea51,6c3a0291-6b24-4adb-97c7-1917624f37cb,true,
8dfde5a9-d9dc-41dd-ac32-86d78e2bea51,17c68a4b-7fa5-47b3-989b-5e027cffe88b,true,
8dfde5a9-d9dc-41dd-ac32-86d78e2bea51,f5d7dcad-a8a7-401a-b13d-7145662dbed7,true,
8dfde5a9-d9dc-41dd-ac32-86d78e2bea51,e20d542c-875b-4cb9-a339-44004c0ec550,true,
8dfde5a9-d9dc-41dd-ac32-86d78e2bea51,756707c2-1300-4606-aa79-2fa0c77d206e,true,
8dfde5a9-d9dc-41dd-ac32-86d78e2bea51,129a917b-616a-4d7d-b574-be2f4daec81d,true,
8dfde5a9-d9dc-41dd-ac32-86d78e2bea51,25201138-fc74-4b6f-9fba-00941fcc6372,true,
8dfde5a9-d9dc-41dd-ac32-86d78e2bea51,da7ebadc-3d1c-4bb4-adf1-aea27506f261,true,
8dfde5a9-d9dc-41dd-ac32-86d78e2bea51,424dae2b-ccf0-497b-8200-3190635add03,true,
8dfde5a9-d9dc-41dd-ac32-86d78e2bea51,367ce66c-01f3-472e-8717-fd0a0055dfd5,true,
8dfde5a9-d9dc-41dd-ac32-86d78e2bea51,c14a40b0-6e2e-438a-8844-cab3d24c09bb,true,
8dfde5a9-d9dc-41dd-ac32-86d78e2bea51,b498e184-95b0-4c54-a0f7-c7bec7d7e996,true,
8dfde5a9-d9dc-41dd-ac32-86d78e2bea51,151dce93-ab29-493d-abc9-e5d2f24fa2f7,true,
8dfde5a9-d9dc-41dd-ac32-86d78e2bea51,ee39366e-1cca-4ed8-9302-aab46721bf03,true,
8dfde5a9-d9dc-41dd-ac32-86d78e2bea51,5ec475b3-6683-47c1-aa4c-5c0a3aafe47f,true,
8dfde5a9-d9dc-41dd-ac32-86d78e2bea51,e28272fe-1922-4173-916e-3fbd1de591ef,true,
8dfde5a9-d9dc-41dd-ac32-86d78e2bea51,8f82de30-c8a2-4355-a0db-b57743a88312,true,
8dfde5a9-d9dc-41dd-ac32-86d78e2bea51,e2a8ca5c-a3e8-4bcd-9ce1-8fdd86cbe010,true,
8dfde5a9-d9dc-41dd-ac32-86d78e2bea51,1b61271e-c114-43b6-9159-4b3bef66adb3,true,
8dfde5a9-d9dc-41dd-ac32-86d78e2bea51,ff479386-588c-43fa-aeb9-90b95acd0a64,true,
8dfde5a9-d9dc-41dd-ac32-86d78e2bea51,ef19b5d4-c743-45f4-802e-c8c81fab285f,true,
8dfde5a9-d9dc-41dd-ac32-86d78e2bea51,fb756cb1-ab52-4302-8398-e4a3fa2a0e2e,true,
8dfde5a9-d9dc-41dd-ac32-86d78e2bea51,f37d6a0c-986c-4c7b-afe6-1916ed157802,true,
8dfde5a9-d9dc-41dd-ac32-86d78e2bea51,702b92ea-69c7-455a-8afb-629db4de4274,true,
8dfde5a9-d9dc-41dd-ac32-86d78e2bea51,53ff6981-cdc0-4760-b367-0defce114095,true,
8dfde5a9-d9dc-41dd-ac32-86d78e2bea51,013cd2be-b8fb-4bdf-8530-8fd1ca477528,true,
8dfde5a9-d9dc-41dd-ac32-86d78e2bea51,db4b8d68-d922-406b-adde-f7aeab45dbbc,true,
8dfde5a9-d9dc-41dd-ac32-86d78e2bea51,45fe22a1-212d-4c09-8996-f966d9feeee1,true,
8dfde5a9-d9dc-41dd-ac32-86d78e2bea51,cf554fbc-468e-4cf7-9d55-3df01188d460,true,
8dfde5a9-d9dc-41dd-ac32-86d78e2bea51,b9a17166-c3b3-4073-92a6-f9c437148f5e,true,
8dfde5a9-d9dc-41dd-ac32-86d78e2bea51,e5717f5b-6913-4060-bc9c-f6441e2c575a,true,
8dfde5a9-d9dc-41dd-ac32-86d78e2bea51,e3070498-28e6-4128-9ade-13f9b3695d67,true,
8dfde5a9-d9dc-41dd-ac32-86d78e2bea51,6831d0c5-ba9b-4701-85cd-fc9aa847b1bb,true,
8dfde5a9-d9dc-41dd-ac32-86d78e2bea51,8c143125-ab07-41de-b86d-10a541897f2f,true,
8dfde5a9-d9dc-41dd-ac32-86d78e2bea51,00228fda-3a7a-4ecc-9587-f732882f0c8b,true,
8dfde5a9-d9dc-41dd-ac32-86d78e2bea51,36f7cc3a-f85d-4231-b88e-9f36b7efa05f,true,
8dfde5a9-d9dc-41dd-ac32-86d78e2bea51,0bf86101-a9a5-4ec4-b434-f90d60cd188a,true,
8dfde5a9-d9dc-41dd-ac32-86d78e2bea51,39347d4d-86ab-4722-b2e0-cef02d7be59d,true,
8dfde5a9-d9dc-41dd-ac32-86d78e2bea51,cdee57eb-613c-403b-865e-c8790b52603f,true,
8dfde5a9-d9dc-41dd-ac32-86d78e2bea51,eaf20627-9bf6-4f47-ab6a-1d6eeda8bd5d,true,
8dfde5a9-d9dc-41dd-ac32-86d78e2bea51,04fcdf4c-0962-4dd2-85f4-989ea57bb74f,true,
8dfde5a9-d9dc-41dd-ac32-86d78e2bea51,ac809531-cebf-4c57-b521-21d1d04340da,true,
8dfde5a9-d9dc-41dd-ac32-86d78e2bea51,80459fd9-11d9-46aa-85b8-1d74afe5af92,true,
8dfde5a9-d9dc-41dd-ac32-86d78e2bea51,e37ccff8-6ace-4724-ae4d-fb72e673a702,true,
8dfde5a9-d9dc-41dd-ac32-86d78e2bea51,5548d328-f7a8-4393-a5f2-327bfe18c947,true,
8dfde5a9-d9dc-41dd-ac32-86d78e2bea51,41ef5f7c-d7fd-4e54-952c-b95aed002daf,true,
8dfde5a9-d9dc-41dd-ac32-86d78e2bea51,a35f3e86-82ae-464f-b9dd-622dbe67f770,true,
8dfde5a9-d9dc-41dd-ac32-86d78e2bea51,a0056c73-36bc-41c9-ab1a-ea466228180c,true,
8dfde5a9-d9dc-41dd-ac32-86d78e2bea51,ccc720d0-acdf-4858-9b30-d8e524bfcadb,true,
8dfde5a9-d9dc-41dd-ac32-86d78e2bea51,b1c0cd06-7331-466d-921d-cd13b2cc2d71,true,
fe2d1251-2c1e-433c-b431-ee2496143495,9433b077-dc5f-48b0-9f92-62e4d63bb27b,true,
fe2d1251-2c1e-433c-b431-ee2496143495,d0dcf587-9762-4529-a59e-8a4b2d60930d,true,
fe2d1251-2c1e-433c-b431-ee2496143495,e5530d2c-99a0-4467-9b3b-7c55c7580aaa,true,
fe2d1251-2c1e-433c-b431-ee2496143495,ab037c79-1652-450c-a694-0d886c351783,true,
fe2d1251-2c1e-433c-b431-ee2496143495,262eb40d-5d20-42c0-9614-6cc2f14feb34,true,
fe2d1251-2c1e-433c-b431-ee2496143495,eedd9dc7-c2da-4cfb-b463-f0499eb1efe7,true,
fe2d1251-2c1e-433c-b431-ee2496143495,36505b51-4b87-497c-a5b4-ee765dfcf6a0,true,
fe2d1251-2c1e-433c-b431-ee2496143495,40ad1010-de95-46ce-ac75-d891ba1040de,true,
fe2d1251-2c1e-433c-b431-ee2496143495,6265ba54-58f1-4009-8cc1-96141867f2f5,true,
fe2d1251-2c1e-433c-b431-ee2496143495,aa945e2f-dacc-4c74-8bc5-449deb1a52c2,true,
fe2d1251-2c1e-433c-b431-ee2496143495,2aaebf64-e8cf-4eb0-8719-e081973b3de7,true,
a6ccc7b5-a727-49cd-ada0-affe28220e0d,d1889ccc-7e50-410f-9bb6-d85b53719e6b,false,[NO_5XX] Unexpected 5XX response: 502
a6ccc7b5-a727-49cd-ada0-affe28220e0d,021d3921-dc23-42dc-9f69-7383a3ca524d,true,
a6ccc7b5-a727-49cd-ada0-affe28220e0d,7770ab83-7c8f-4d8b-ab22-bc3e106c0b4e,true,
a6ccc7b5-a727-49cd-ada0-affe28220e0d,19ff082c-46be-4209-ac2d-b964cbfe5117,true,
a6ccc7b5-a727-49cd-ada0-affe28220e0d,d8b4077e-300a-4e8d-b342-65447c22e0fc,true,
a6ccc7b5-a727-49cd-ada0-affe28220e0d,3eb6f5e0-c25a-4ec5-8062-690a74447743,true,
a6ccc7b5-a727-49cd-ada0-affe28220e0d,3354fa5a-ee25-4a89-b7e3-99ef20296b3a,true,
2f50df48-7716-429a-9dae-7505a613409d,c98a9ac5-2914-4a19-bca7-b3c2e9009ff3,false,[NO_5XX] Unexpected 5XX response: 501
2f50df48-7716-429a-9dae-7505a613409d,eb686ee4-2b6b-4b66-b9c4-fabbdfbcc463,true,

Summary,Total=1969,Passed=1954,KillRate=0.8%,TimeCost=0.77 s
