OriginalTestCaseId,TestCaseId,Success,FailureMessage
6b143849-440e-41c1-a510-f2b916a52ae4,ecc9e388-be12-4ad3-b1a5-dc69a1be90dd,true,
6b143849-440e-41c1-a510-f2b916a52ae4,38f9d4f0-1090-4cfa-b25c-0b66eef7511d,true,
6b143849-440e-41c1-a510-f2b916a52ae4,8c6b6d00-32af-4366-a778-4212c0018477,false,[NO_5XX] Unexpected 5XX response: 504
6b143849-440e-41c1-a510-f2b916a52ae4,39609a3d-3fe0-4ea5-b147-59a5edcf65c1,true,
6b143849-440e-41c1-a510-f2b916a52ae4,b073acd1-6962-4f3b-a579-857273f733be,true,
6b143849-440e-41c1-a510-f2b916a52ae4,0ca36d51-1a46-430b-aa52-6a686aa5d188,true,
6b143849-440e-41c1-a510-f2b916a52ae4,52478321-13f9-4a87-9ab9-8200d59461db,true,
6b143849-440e-41c1-a510-f2b916a52ae4,be9cf94f-5b2f-4cb5-b6e3-62154095d17e,true,
d9c65c72-33d3-4062-9244-33c67141dd0a,69e0326d-61e3-4edd-a70f-278c29b4c4af,true,
d9c65c72-33d3-4062-9244-33c67141dd0a,18a3a6f4-d8e7-44ff-86f4-019ff59bde02,true,
d9c65c72-33d3-4062-9244-33c67141dd0a,8e182101-b206-4b31-a23b-aebbfe94cfe8,false,[NO_5XX] Unexpected 5XX response: 501
d9c65c72-33d3-4062-9244-33c67141dd0a,ba220d33-5a61-4c94-8183-86c794694eae,true,
d9c65c72-33d3-4062-9244-33c67141dd0a,418ccfb2-af63-47ed-9aee-080872e588fe,true,
d9c65c72-33d3-4062-9244-33c67141dd0a,b9de8879-7d14-480b-b128-7500710cbcc7,true,
d9c65c72-33d3-4062-9244-33c67141dd0a,8d76c8f0-d046-4ad9-9da5-8557bc678823,true,
d9c65c72-33d3-4062-9244-33c67141dd0a,2b8262ea-f021-4aac-a818-7e9518239818,true,
d9c65c72-33d3-4062-9244-33c67141dd0a,9ec3f8ea-52be-427b-8600-eb59abfc3654,true,
d9c65c72-33d3-4062-9244-33c67141dd0a,7b5bffc1-8c63-4a18-a858-5b724d990db0,true,
d9c65c72-33d3-4062-9244-33c67141dd0a,c0fe3f8c-cf2e-4c64-96bc-5eeca237b542,true,
d9c65c72-33d3-4062-9244-33c67141dd0a,921088df-f85b-48f6-885c-14c776f8354f,true,
d9c65c72-33d3-4062-9244-33c67141dd0a,47c0b57a-73b7-4fbf-9a5a-f966ca811c9f,true,
d9c65c72-33d3-4062-9244-33c67141dd0a,f98e9fd9-c824-409d-a8e6-e5b1b0dc01e3,true,
d9c65c72-33d3-4062-9244-33c67141dd0a,ae3281c8-1366-424b-954c-1fe11a83907a,true,
d9c65c72-33d3-4062-9244-33c67141dd0a,93abe0e8-038b-4ce1-8300-6994cfcb169a,true,
d9c65c72-33d3-4062-9244-33c67141dd0a,384720eb-812f-492f-ab31-efac460ae700,true,
d9c65c72-33d3-4062-9244-33c67141dd0a,9c8c0708-11fb-48ca-95a4-d2538c9173a8,true,
d9c65c72-33d3-4062-9244-33c67141dd0a,6f7a8af0-29fd-4e93-8638-408b959e705d,true,
d9c65c72-33d3-4062-9244-33c67141dd0a,241468a7-4295-43f5-9292-fc2833a4d9be,true,
d9c65c72-33d3-4062-9244-33c67141dd0a,7d1625fd-a861-4b9e-8b4d-f9d88f038fd9,true,
d9c65c72-33d3-4062-9244-33c67141dd0a,7ce1b316-39a5-4d67-aef6-3a1d53a88dff,true,
d9c65c72-33d3-4062-9244-33c67141dd0a,a0870067-d1fc-4cf4-9cac-9945a7582d4a,true,
d9c65c72-33d3-4062-9244-33c67141dd0a,2e13d973-18d9-4dca-99d9-85cb192ded58,true,
d9c65c72-33d3-4062-9244-33c67141dd0a,7570200c-041b-4f8c-b423-5792d5d3368c,true,
d9c65c72-33d3-4062-9244-33c67141dd0a,c7a5378f-9775-4b5e-827e-3b4944f6630e,true,
d9c65c72-33d3-4062-9244-33c67141dd0a,29306213-a28e-45a0-ac0c-2c109564007a,true,
d9c65c72-33d3-4062-9244-33c67141dd0a,a6caa048-0f72-4e70-ac9b-809388a9be76,true,
d9c65c72-33d3-4062-9244-33c67141dd0a,21acb545-974f-46f4-a2e6-6515ebee2159,true,
d9c65c72-33d3-4062-9244-33c67141dd0a,fffee970-c830-4f09-b265-ad41adb1bd42,true,
d9c65c72-33d3-4062-9244-33c67141dd0a,6f49e105-3e6b-4a3f-bc16-ab2f5ac739de,true,
d9c65c72-33d3-4062-9244-33c67141dd0a,cb3f986a-c25c-423a-924b-f5574b7ebfe4,true,
d9c65c72-33d3-4062-9244-33c67141dd0a,22d70426-3c45-45fd-b82f-311325b55f0b,true,
d9c65c72-33d3-4062-9244-33c67141dd0a,46d69501-3733-44f6-a556-9a50a10604c7,true,
d9c65c72-33d3-4062-9244-33c67141dd0a,03e9033c-8e37-44eb-a36e-d7263bfb31dd,true,
d9c65c72-33d3-4062-9244-33c67141dd0a,3deaee16-0a8c-42d2-b7fc-7f7fc8b60fbc,true,
d9c65c72-33d3-4062-9244-33c67141dd0a,34d72b12-2b0f-4ee3-ab4f-093573b4572d,true,
d9c65c72-33d3-4062-9244-33c67141dd0a,dd0a1fa6-70db-4413-b8fe-f9332d3c8d29,true,
d9c65c72-33d3-4062-9244-33c67141dd0a,8425b24a-3597-4b9c-a964-dcc1ade07f46,true,
d9c65c72-33d3-4062-9244-33c67141dd0a,cacb1810-0110-426a-8147-c452fff3cec1,true,
d9c65c72-33d3-4062-9244-33c67141dd0a,49e4fa32-02b6-4926-bb12-d419ac0026e9,true,
d9c65c72-33d3-4062-9244-33c67141dd0a,663e88bc-7846-44ab-b3f7-a8ea9dc55804,true,
d9c65c72-33d3-4062-9244-33c67141dd0a,0f87c92f-e70c-4870-a3ce-2a1234ef1861,true,
d9c65c72-33d3-4062-9244-33c67141dd0a,c6ae643b-7cfc-4aba-a942-f0e50899f539,true,
d9c65c72-33d3-4062-9244-33c67141dd0a,f26d3035-4a4a-4326-b606-ba0a95f237e4,true,
d9c65c72-33d3-4062-9244-33c67141dd0a,00887570-b353-4cf4-a8a9-a65b50448ecb,true,
d9c65c72-33d3-4062-9244-33c67141dd0a,3f2d1f39-09af-473f-9626-92edef75c186,true,
d9c65c72-33d3-4062-9244-33c67141dd0a,7029f8ee-7bb5-49ba-90cc-5555626b7cf6,true,
d9c65c72-33d3-4062-9244-33c67141dd0a,1b77467b-612f-4be8-8ae4-108aac62b5b7,true,
d9c65c72-33d3-4062-9244-33c67141dd0a,98b95932-8343-4524-bd1c-de4a6d28f385,true,
d9c65c72-33d3-4062-9244-33c67141dd0a,8d42ed26-8aa2-45d5-9fc1-e2f93ebbee8d,true,
d9c65c72-33d3-4062-9244-33c67141dd0a,81169dcc-e769-4476-91bb-01ac8b30fe14,true,
d9c65c72-33d3-4062-9244-33c67141dd0a,93f935ab-22a2-4684-8780-5c326a45d721,true,
d9c65c72-33d3-4062-9244-33c67141dd0a,8de12758-465a-4bcc-baae-ada4fd35bed9,true,
d9c65c72-33d3-4062-9244-33c67141dd0a,ab1c07db-fd6d-40f7-acc7-c143825591a9,true,
d9c65c72-33d3-4062-9244-33c67141dd0a,87c90bed-b529-44ce-8f86-7516a433f76e,true,
d9c65c72-33d3-4062-9244-33c67141dd0a,66991d08-9373-4f60-b341-9c0752fdd12b,true,
d9c65c72-33d3-4062-9244-33c67141dd0a,80f36107-9766-408e-a622-2cbda56352ba,true,
b7173dd4-8cfa-4ac4-ba66-d59edd5304e7,eb6c2286-2c0b-4d42-9ee2-f7aecbdf6927,true,
b7173dd4-8cfa-4ac4-ba66-d59edd5304e7,0a65a45a-04e0-426d-851b-fd9d1536ab37,true,
b7173dd4-8cfa-4ac4-ba66-d59edd5304e7,8ab92ca1-74ee-494b-9606-134689f8eedb,false,[NO_5XX] Unexpected 5XX response: 501
b7173dd4-8cfa-4ac4-ba66-d59edd5304e7,3d991478-cd1b-4ec1-bb53-facaa2094ace,true,
b7173dd4-8cfa-4ac4-ba66-d59edd5304e7,c5ab797d-4515-41b6-b36c-347c2a735ef1,true,
b7173dd4-8cfa-4ac4-ba66-d59edd5304e7,727b410a-a555-4f8a-99c9-025a9cfdf49e,true,
b7173dd4-8cfa-4ac4-ba66-d59edd5304e7,436168fa-8da5-4f77-85ae-e48269eb6d52,true,
b7173dd4-8cfa-4ac4-ba66-d59edd5304e7,965d72d9-8a4c-498a-bcda-9db3ddafa763,true,
ed6329a1-2fa3-4210-9c95-19ec9c47214a,e2b66c29-1a42-4d64-933c-8fae8bcc720a,true,
ed6329a1-2fa3-4210-9c95-19ec9c47214a,3b1f06b0-e478-40df-bd21-cb599ae92522,true,
ed6329a1-2fa3-4210-9c95-19ec9c47214a,5a96bc07-2eb9-45c6-b25a-c6b3d9babbed,false,[NO_5XX] Unexpected 5XX response: 503
ed6329a1-2fa3-4210-9c95-19ec9c47214a,d4e7882e-26a5-4339-93ba-20f58b06e8d3,true,
ed6329a1-2fa3-4210-9c95-19ec9c47214a,5bcfc3ff-2aae-4e51-b740-014c58bcd51a,true,
ed6329a1-2fa3-4210-9c95-19ec9c47214a,bec8dbd4-41cf-4172-962d-1d9c546227e9,true,
ed6329a1-2fa3-4210-9c95-19ec9c47214a,1ac407bd-8d48-4b3e-938a-907076c3b440,true,
ed6329a1-2fa3-4210-9c95-19ec9c47214a,5f8002ae-f4a2-4bb6-b707-06c5955c6005,true,
c398e14d-bab7-44c1-92c2-c83aeeac20a6,f197d7e1-c641-42a1-8287-cb8b0273daa4,true,
c398e14d-bab7-44c1-92c2-c83aeeac20a6,f518f26b-73ba-4feb-8762-ee0e79e558a4,true,
c398e14d-bab7-44c1-92c2-c83aeeac20a6,12a35846-58df-4d2e-a34d-0f652708ce09,false,[NO_5XX] Unexpected 5XX response: 503
c398e14d-bab7-44c1-92c2-c83aeeac20a6,d84b1672-96b5-4c5f-b4fa-7a0e4022ca10,true,
c398e14d-bab7-44c1-92c2-c83aeeac20a6,71804136-141b-4fcd-a6e8-8cc36ebf36c8,true,
c398e14d-bab7-44c1-92c2-c83aeeac20a6,11e1e8c0-863a-4ab5-98e3-a7e29cbbe3f3,true,
c398e14d-bab7-44c1-92c2-c83aeeac20a6,197149f1-b980-4847-a351-9664884bcbfc,true,
c398e14d-bab7-44c1-92c2-c83aeeac20a6,0f9e3288-cab5-49b8-ae1e-a29beae01163,true,
fdafa939-900f-4ff7-b1c3-5dbfaf938b2d,7dc65595-b012-4554-8423-a1497035d671,true,
fdafa939-900f-4ff7-b1c3-5dbfaf938b2d,a2539cb8-25c5-4ac0-9604-e171b224b012,true,
fdafa939-900f-4ff7-b1c3-5dbfaf938b2d,d90368a8-a7d0-49ae-8189-6011733fee78,false,[NO_5XX] Unexpected 5XX response: 504
fdafa939-900f-4ff7-b1c3-5dbfaf938b2d,bee5d920-4a2c-46da-b014-87224d5eff3a,true,
fdafa939-900f-4ff7-b1c3-5dbfaf938b2d,cab49740-6c3d-4cc4-a561-b41953e65b78,true,
fdafa939-900f-4ff7-b1c3-5dbfaf938b2d,e10a5d3b-cfba-45bf-8fd7-7d9625089874,true,
fdafa939-900f-4ff7-b1c3-5dbfaf938b2d,7eb73adf-8369-42f8-be3f-dfd694575831,true,
fdafa939-900f-4ff7-b1c3-5dbfaf938b2d,21fdd4ff-9d9e-4651-9a02-72bd1c678c11,true,
03cb5d72-2278-4816-aaf4-18a7c95720e3,8db7b936-6856-4e65-8462-5f0b3ca73536,true,
03cb5d72-2278-4816-aaf4-18a7c95720e3,8837ff50-4efe-4713-a969-e0da4ae1e638,true,
03cb5d72-2278-4816-aaf4-18a7c95720e3,0cc3e6fd-5496-4487-b4d7-00947863bdb6,false,[NO_5XX] Unexpected 5XX response: 501
03cb5d72-2278-4816-aaf4-18a7c95720e3,fdf47643-e517-47ab-9d69-743d033638e2,true,
03cb5d72-2278-4816-aaf4-18a7c95720e3,33969ece-fc33-43d5-b422-555fbb69f6db,true,
03cb5d72-2278-4816-aaf4-18a7c95720e3,cb5ddb84-397f-4210-b83d-e17e3506ea50,true,
03cb5d72-2278-4816-aaf4-18a7c95720e3,7a2c16dc-6d66-46c3-8834-74ee2a2965ac,true,
03cb5d72-2278-4816-aaf4-18a7c95720e3,e8376dde-8be0-4a4d-9351-da8efc080986,true,
298267b8-6921-4d55-8150-d79837d72675,3d36f39d-8bdb-4aa3-9278-2152e47c9388,true,
298267b8-6921-4d55-8150-d79837d72675,17abca20-2039-4fce-b512-a272f73018b0,true,
298267b8-6921-4d55-8150-d79837d72675,056125b6-2fbc-4bd8-9ced-f2542741703c,false,[NO_5XX] Unexpected 5XX response: 500
298267b8-6921-4d55-8150-d79837d72675,345a2786-f4f5-409a-bc73-1d5b6c35a39e,true,
298267b8-6921-4d55-8150-d79837d72675,1bfdd11e-0df7-46a1-846e-e4c6ab4b8c71,true,
298267b8-6921-4d55-8150-d79837d72675,7f084e43-4a1b-4d5c-9f91-b66340f77bf8,true,
298267b8-6921-4d55-8150-d79837d72675,69907da0-fb24-4bfb-a3b3-3a6c47bc3e75,true,
298267b8-6921-4d55-8150-d79837d72675,01b397cf-c036-4cdb-af76-5225e703577f,true,
d1333be8-69da-415f-b88f-300171ecb99e,44a201ce-c66c-40ae-8b25-199c2916c950,true,
d1333be8-69da-415f-b88f-300171ecb99e,e7c232a6-4f32-47ef-ae80-7b73677a2e78,true,
d1333be8-69da-415f-b88f-300171ecb99e,b529c973-c68f-4a50-834e-67b323acb3ab,false,[NO_5XX] Unexpected 5XX response: 501
d1333be8-69da-415f-b88f-300171ecb99e,11a82518-e012-4977-8fdc-5f37feee9fdb,true,
d1333be8-69da-415f-b88f-300171ecb99e,6871b5c5-54f8-47ee-9aa3-4eb400303618,true,
d1333be8-69da-415f-b88f-300171ecb99e,bb544a95-dbf1-4b91-98af-348fe3eb2563,true,
d1333be8-69da-415f-b88f-300171ecb99e,fe814b5c-a64f-4cac-8160-bf8c9265a512,true,
d1333be8-69da-415f-b88f-300171ecb99e,40ae6c7f-7e57-42e8-8e8d-5187761a72c6,true,
d1333be8-69da-415f-b88f-300171ecb99e,52ded07b-6a61-4877-a723-a77befd8cc3a,true,
d1333be8-69da-415f-b88f-300171ecb99e,11d4a7f5-6a55-4f40-9f32-acc9fc645667,true,
d1333be8-69da-415f-b88f-300171ecb99e,b4353f8a-ff6d-465c-8ff3-f40f98a1a016,true,
d1333be8-69da-415f-b88f-300171ecb99e,d02974a8-4073-4e1c-93bb-85c8b25eab1e,true,
d1333be8-69da-415f-b88f-300171ecb99e,cb370101-3cf1-46cd-9741-1b0e9ffb520f,true,
d1333be8-69da-415f-b88f-300171ecb99e,aa5355f5-f3be-4a8c-b0ca-6e641c6465dd,true,
d1333be8-69da-415f-b88f-300171ecb99e,056845e5-280d-40b6-aca8-dddaacc62347,true,
d1333be8-69da-415f-b88f-300171ecb99e,f0565d95-2ef1-41b3-aa93-f99916ad23ba,true,
d1333be8-69da-415f-b88f-300171ecb99e,7297ca08-b169-4f0f-8ae5-3e84027114c4,true,
d1333be8-69da-415f-b88f-300171ecb99e,fbcb1cce-10d6-4e57-8efc-3fef51041be5,true,
d1333be8-69da-415f-b88f-300171ecb99e,58bb718c-dd95-4007-ab84-fe1ef7b5ccb9,true,
d1333be8-69da-415f-b88f-300171ecb99e,c4f7afc7-cf42-4a80-9829-8517b21f5f58,true,
d1333be8-69da-415f-b88f-300171ecb99e,73003b3e-138e-44c9-89e6-f2e15e6f1c4b,true,
d1333be8-69da-415f-b88f-300171ecb99e,c606f69f-5a83-4d0f-ae32-2a03b2a6f8d6,true,
d1333be8-69da-415f-b88f-300171ecb99e,f5d29d1c-9666-41b4-b2e5-b854fd2929f6,true,
d1333be8-69da-415f-b88f-300171ecb99e,9b04196c-e58a-44ca-9c06-2c3bc98720bb,true,
d1333be8-69da-415f-b88f-300171ecb99e,20df570e-902d-4790-806e-6d2eac69861e,true,
d1333be8-69da-415f-b88f-300171ecb99e,d849e3ed-9710-48ee-9759-d9ee8f7c3fad,true,
d1333be8-69da-415f-b88f-300171ecb99e,200ddf35-a9db-47d3-ba52-17e13865ccd5,true,
d1333be8-69da-415f-b88f-300171ecb99e,0ba2d6d3-af9b-4966-bcb0-6e4edb9233e5,true,
d1333be8-69da-415f-b88f-300171ecb99e,4cfc6510-00e0-41f0-bf18-fd7a7ed422d2,true,
d1333be8-69da-415f-b88f-300171ecb99e,b862718e-40bc-45de-b793-cf2d5412a25f,true,
d1333be8-69da-415f-b88f-300171ecb99e,ed70e0ab-1c33-448c-aed8-5aaef21d0859,true,
d1333be8-69da-415f-b88f-300171ecb99e,6aa0fa8b-b58d-4a1b-aab0-333d420b8cf4,true,
d1333be8-69da-415f-b88f-300171ecb99e,14e1fd84-35f8-4a15-808d-8ba9c2d2f517,true,
d1333be8-69da-415f-b88f-300171ecb99e,dce18e13-46a9-4a8c-a80b-fcc69fb319e6,true,
d1333be8-69da-415f-b88f-300171ecb99e,3878e565-acdd-4c81-8d83-6b04a0caa1ff,true,
d1333be8-69da-415f-b88f-300171ecb99e,66222e96-0dad-4ce3-ae7e-da68609ea5c9,true,
d1333be8-69da-415f-b88f-300171ecb99e,ff531a2d-d8a6-4664-816d-fb941aec67f6,true,
d1333be8-69da-415f-b88f-300171ecb99e,3bc9c291-a387-432a-9f88-2b0ae5727b8a,true,
d1333be8-69da-415f-b88f-300171ecb99e,15e02cd1-9a03-4b95-a313-b428cdfe039b,true,
d1333be8-69da-415f-b88f-300171ecb99e,10204008-7b5a-41d3-a147-62e0cd8cd7cc,true,
d1333be8-69da-415f-b88f-300171ecb99e,8bf5837d-fe3a-43ca-92ad-2a419ba94939,true,
d1333be8-69da-415f-b88f-300171ecb99e,ebe42675-118b-4d6d-82f8-c1f40ccc3a2c,true,
d1333be8-69da-415f-b88f-300171ecb99e,a5afc3ba-ba04-4d99-90e7-111396ec9d00,true,
d1333be8-69da-415f-b88f-300171ecb99e,7244d84d-9411-4fc3-a869-40c0fcebfd5f,true,
d1333be8-69da-415f-b88f-300171ecb99e,59121fde-48d0-427c-8613-7a80376fcc21,true,
d1333be8-69da-415f-b88f-300171ecb99e,359945c7-223b-496b-8b3b-6de2ca2c1622,true,
d1333be8-69da-415f-b88f-300171ecb99e,4e9fd316-9580-45d4-b3ac-6c6fc0a02af4,true,
d1333be8-69da-415f-b88f-300171ecb99e,59893cab-0b34-44bb-a63c-1f9a7c89ae19,true,
d1333be8-69da-415f-b88f-300171ecb99e,d3e08c34-7bb4-4dba-9fbb-55508dbf0267,true,
d1333be8-69da-415f-b88f-300171ecb99e,207d6c72-853e-406c-8f2b-b98808f7ff8f,true,
d1333be8-69da-415f-b88f-300171ecb99e,3ee1ffdd-ef9d-4fe9-aeb6-662c2b614252,true,
d1333be8-69da-415f-b88f-300171ecb99e,6116d1a5-11e0-4236-bc85-9fdffa849f95,true,
d1333be8-69da-415f-b88f-300171ecb99e,1e4da7d7-021f-4865-bfde-6864c43a604c,true,
d1333be8-69da-415f-b88f-300171ecb99e,c09821b4-3a1f-4be3-b747-19f6df6ab396,true,
d1333be8-69da-415f-b88f-300171ecb99e,448c1abb-43ae-4597-b227-96e3d10148b3,true,
d1333be8-69da-415f-b88f-300171ecb99e,5c073d6f-bba6-49ce-8fbe-0b2aaa2d3827,true,
d1333be8-69da-415f-b88f-300171ecb99e,73abcdf8-ea5d-4aed-bc8c-57f7fd41bce7,true,
d1333be8-69da-415f-b88f-300171ecb99e,a5a0c3f8-126e-4560-b6e7-c05cac1a4368,true,
82eca8ea-e4ab-45ee-b78e-16d31a826f53,a6a6e436-f797-4c07-afd0-fef72ee32a79,true,
82eca8ea-e4ab-45ee-b78e-16d31a826f53,5505065d-431b-48ef-a071-54dd7b8ea2ce,true,
82eca8ea-e4ab-45ee-b78e-16d31a826f53,51339ba5-4eed-4bf4-9270-06b2df13639c,false,[NO_5XX] Unexpected 5XX response: 500
82eca8ea-e4ab-45ee-b78e-16d31a826f53,a61a0d8a-1d21-47ac-803f-85c31bb662be,true,
82eca8ea-e4ab-45ee-b78e-16d31a826f53,878bf948-3e5c-4039-9015-b454222b8e4e,true,
82eca8ea-e4ab-45ee-b78e-16d31a826f53,b87ce632-6de6-4bb7-a726-b717944560b8,true,
82eca8ea-e4ab-45ee-b78e-16d31a826f53,4accd41c-137c-4711-92f4-768ff75bd4bf,true,
82eca8ea-e4ab-45ee-b78e-16d31a826f53,a9ca9edd-e91d-4e01-843c-61a5fb41d383,true,
46c67714-bea1-45be-b6d8-ee538046d8de,a6998c64-1e53-453e-b8d2-15515525d18a,true,
46c67714-bea1-45be-b6d8-ee538046d8de,ed6e12aa-22fc-48d8-9b75-8c57e2f22b49,true,
46c67714-bea1-45be-b6d8-ee538046d8de,c444afb5-f73b-487f-a7f6-04bc1acf731f,false,[NO_5XX] Unexpected 5XX response: 504
46c67714-bea1-45be-b6d8-ee538046d8de,866053d3-7445-4798-bfaa-1ecf06a2b325,true,
46c67714-bea1-45be-b6d8-ee538046d8de,66c121bd-bc38-4f92-9915-50e46320c046,true,
46c67714-bea1-45be-b6d8-ee538046d8de,77a8715f-eebb-457b-a422-b15ee16af379,true,
46c67714-bea1-45be-b6d8-ee538046d8de,0c8bc6ee-d84e-4f01-9590-97418df88248,true,
46c67714-bea1-45be-b6d8-ee538046d8de,36ae25c5-c554-42b4-9f9d-4b7bc9386b3b,true,
7480bc2b-c8dc-454e-a108-253e48c8ff60,1ca89f1f-c042-4cc9-8c41-833a3f842877,true,
7480bc2b-c8dc-454e-a108-253e48c8ff60,943b7fa2-c2de-47ff-b4f6-006b7b2e43d6,true,
7480bc2b-c8dc-454e-a108-253e48c8ff60,a574d8d9-0264-4d73-9872-11d65f9c65ea,false,[NO_5XX] Unexpected 5XX response: 501
7480bc2b-c8dc-454e-a108-253e48c8ff60,2f03e24f-4886-498e-a6d6-62bd6cc938e4,true,
7480bc2b-c8dc-454e-a108-253e48c8ff60,c65b438d-7db2-4743-91aa-ea9871d71480,true,
7480bc2b-c8dc-454e-a108-253e48c8ff60,0f0e321b-ff06-4045-bec6-6e49df8ea0e0,true,
7480bc2b-c8dc-454e-a108-253e48c8ff60,52caf398-c8a6-48ff-827a-4d7838b743fe,true,
7480bc2b-c8dc-454e-a108-253e48c8ff60,38d3b29e-109a-4018-8a80-9e934c8eaf12,true,
c03f40bf-5756-4404-863c-ed2e48b89702,28255211-9f9b-4be3-adb1-5d8e57d59ee6,true,
c03f40bf-5756-4404-863c-ed2e48b89702,960a36d3-ac85-4f58-8644-19befbc70800,true,
c03f40bf-5756-4404-863c-ed2e48b89702,672a3eb1-5222-412b-bc59-2cd623eba715,false,[NO_5XX] Unexpected 5XX response: 504
c03f40bf-5756-4404-863c-ed2e48b89702,92bc5548-a06e-4d2f-943e-cd65a8f53d76,true,
c03f40bf-5756-4404-863c-ed2e48b89702,e3558968-860c-4c33-ae91-ea1df962d3ca,true,
c03f40bf-5756-4404-863c-ed2e48b89702,a8056e04-78d6-4e4e-84c3-40b4f9b04a13,true,
c03f40bf-5756-4404-863c-ed2e48b89702,026f9c8d-9656-4681-85f0-a7cc0d846836,true,
c03f40bf-5756-4404-863c-ed2e48b89702,c087f576-28a0-450b-a0d8-75ec12e2d1f7,true,
8205fd21-b4eb-4570-8759-1ad482cf1a95,4689830d-77df-40c9-89bd-48dbaaab4836,true,
8205fd21-b4eb-4570-8759-1ad482cf1a95,e2a8f80c-0829-43c1-822a-f3c302b6e40d,true,
8205fd21-b4eb-4570-8759-1ad482cf1a95,a10326ef-afb6-4c79-9418-13239b3037c6,false,[NO_5XX] Unexpected 5XX response: 501
8205fd21-b4eb-4570-8759-1ad482cf1a95,ca6d95fc-6f2f-407b-8ab4-12d979d29114,true,
8205fd21-b4eb-4570-8759-1ad482cf1a95,c81c66b6-928f-4fc8-a534-6607f1c921f6,true,
8205fd21-b4eb-4570-8759-1ad482cf1a95,d7ffcde2-e746-45db-8ce0-637bfa41e093,true,
8205fd21-b4eb-4570-8759-1ad482cf1a95,1bcbcc55-0434-4cda-95ce-5c77eca45d96,true,
8205fd21-b4eb-4570-8759-1ad482cf1a95,97f811aa-a318-48c4-9989-5c128db29df7,true,
8205fd21-b4eb-4570-8759-1ad482cf1a95,28765aef-773d-443a-8989-28688f083f91,true,
8205fd21-b4eb-4570-8759-1ad482cf1a95,642961ef-e1b8-412b-b516-f9b906167d96,true,
8205fd21-b4eb-4570-8759-1ad482cf1a95,e85a6ca5-50a2-499c-8ccb-ab498c43d96c,true,
8205fd21-b4eb-4570-8759-1ad482cf1a95,0d7b2dc3-c182-4d77-9a61-d27ac2e5d837,true,
8205fd21-b4eb-4570-8759-1ad482cf1a95,f0c2a37f-709e-4530-ae45-50266c093851,true,
8205fd21-b4eb-4570-8759-1ad482cf1a95,0378e0c5-bd9c-46bf-8564-e5cbace8e9ce,true,
8205fd21-b4eb-4570-8759-1ad482cf1a95,b5095de1-6e18-4cfd-98b0-0e6648db3918,true,
8205fd21-b4eb-4570-8759-1ad482cf1a95,528a972e-0b05-4efe-ac96-dbc06d51ad0c,true,
8205fd21-b4eb-4570-8759-1ad482cf1a95,fdaea6cd-285d-4193-9288-42c6117f8a43,true,
8205fd21-b4eb-4570-8759-1ad482cf1a95,948513d5-8381-4538-a3db-c35f297836d3,true,
8205fd21-b4eb-4570-8759-1ad482cf1a95,f87e90a4-392b-4151-9177-474fcc539fd5,true,
8205fd21-b4eb-4570-8759-1ad482cf1a95,ee8ad299-b445-48d9-b0ab-41fa4db259c7,true,
8205fd21-b4eb-4570-8759-1ad482cf1a95,5b30a56d-b65b-4dbe-87fa-e1d072ec3894,true,
8205fd21-b4eb-4570-8759-1ad482cf1a95,f8daabe5-4ab4-4289-8ad9-9bae06b10726,true,
8205fd21-b4eb-4570-8759-1ad482cf1a95,ef6191fc-6e79-433e-ac00-7ff2d1a63a80,true,
8205fd21-b4eb-4570-8759-1ad482cf1a95,5150eae5-ee54-4294-b5c8-3e0f32888ae4,true,
8205fd21-b4eb-4570-8759-1ad482cf1a95,ab967620-29b7-4fbb-a2dc-5331b0c901f8,true,
8205fd21-b4eb-4570-8759-1ad482cf1a95,b585f2b2-ad7c-439e-bf47-53206ece3b4b,true,
8205fd21-b4eb-4570-8759-1ad482cf1a95,c488135c-46d9-47f2-8dae-719f0fc66124,true,
8205fd21-b4eb-4570-8759-1ad482cf1a95,f1806d02-5694-4b84-9772-b8867d5e30c2,true,
8205fd21-b4eb-4570-8759-1ad482cf1a95,d45bbcde-850a-48b1-ba1c-4ac46c3c1c8a,true,
8205fd21-b4eb-4570-8759-1ad482cf1a95,3ddaaee0-a94f-41ec-9f30-6c8b43537f40,true,
8205fd21-b4eb-4570-8759-1ad482cf1a95,9e14137e-c036-4084-95d9-6ff47e112e5e,true,
8205fd21-b4eb-4570-8759-1ad482cf1a95,fb4a3ac2-5acc-40c7-81e9-9958d24aa696,true,
8205fd21-b4eb-4570-8759-1ad482cf1a95,cf56aca0-8001-4eb6-acd2-e0861e4aaddc,true,
8205fd21-b4eb-4570-8759-1ad482cf1a95,90933638-bf8d-4219-8914-5cebf7b56db9,true,
8205fd21-b4eb-4570-8759-1ad482cf1a95,7412658b-c6c7-429f-afa9-5c202035994c,true,
8205fd21-b4eb-4570-8759-1ad482cf1a95,b6a52d2c-0c11-4f56-9094-930d1fa94c95,true,
8205fd21-b4eb-4570-8759-1ad482cf1a95,f1aeb44b-f4c2-41f7-9111-2def854b1266,true,
8205fd21-b4eb-4570-8759-1ad482cf1a95,e22411c0-de42-4f74-98f2-fad96397481b,true,
8205fd21-b4eb-4570-8759-1ad482cf1a95,30847d50-cfee-4152-8eae-b9f1a0884e7b,true,
8205fd21-b4eb-4570-8759-1ad482cf1a95,d026e0d6-e26a-49ae-9fa1-424fe46f4b1b,true,
8205fd21-b4eb-4570-8759-1ad482cf1a95,f3554660-434e-4f33-a4e3-f7642adc0529,true,
8205fd21-b4eb-4570-8759-1ad482cf1a95,3c8ea30c-dedb-4bd9-b41a-4f37f31cff7e,true,
8205fd21-b4eb-4570-8759-1ad482cf1a95,7aec1166-4b25-455d-b722-80d07b7b95f2,true,
8205fd21-b4eb-4570-8759-1ad482cf1a95,8883307e-99dc-436f-909b-aca1e852a216,true,
8205fd21-b4eb-4570-8759-1ad482cf1a95,5410f5fa-0b32-423c-884e-01544f82f242,true,
8205fd21-b4eb-4570-8759-1ad482cf1a95,8606b29c-0795-4b97-b1e3-95ad9636a649,true,
8205fd21-b4eb-4570-8759-1ad482cf1a95,f7e1752e-a244-41ce-9ece-ad98b49a71ee,true,
8205fd21-b4eb-4570-8759-1ad482cf1a95,07592159-f0cd-49a3-9d01-da0acded8f08,true,
8205fd21-b4eb-4570-8759-1ad482cf1a95,f67e0e1e-7afa-470f-80fb-f33560d3e681,true,
8205fd21-b4eb-4570-8759-1ad482cf1a95,3a040b44-c374-42af-9bd5-155e5ce7d515,true,
8205fd21-b4eb-4570-8759-1ad482cf1a95,8614d859-2516-4d5c-9014-7e88017c5d57,true,
8205fd21-b4eb-4570-8759-1ad482cf1a95,f58f4841-1426-4b51-8491-d03f993000f3,true,
8205fd21-b4eb-4570-8759-1ad482cf1a95,12481d1e-e9a0-4e2a-9b4d-43cd67a4bf8a,true,
8205fd21-b4eb-4570-8759-1ad482cf1a95,3264505e-e9de-40e1-88d8-56f492c584a7,true,
8205fd21-b4eb-4570-8759-1ad482cf1a95,ee54f7f1-c1bf-4b77-a210-261b1911d58d,true,
8205fd21-b4eb-4570-8759-1ad482cf1a95,41dcac12-18e3-4575-96b3-e2d11ec72e8d,true,
8205fd21-b4eb-4570-8759-1ad482cf1a95,58313653-428e-42d1-a162-7c9fa5b4c928,true,
8205fd21-b4eb-4570-8759-1ad482cf1a95,9e88d9b5-9c96-4784-8746-21bcf7e1f9cc,true,
0e2d59dc-3cbd-4316-8cee-5a1b69e7288f,c99375b9-3795-4904-9696-01240275d843,true,
0e2d59dc-3cbd-4316-8cee-5a1b69e7288f,c60553b4-472c-471b-a6f2-e2474ad25646,true,
0e2d59dc-3cbd-4316-8cee-5a1b69e7288f,3facc241-f907-4924-b0d9-2140c8388dfa,false,[NO_5XX] Unexpected 5XX response: 504
0e2d59dc-3cbd-4316-8cee-5a1b69e7288f,1b7744e4-faa5-4531-addd-17da91bc5b26,true,
0e2d59dc-3cbd-4316-8cee-5a1b69e7288f,04e3ba3f-c44b-450f-8925-44b8093b2557,true,
0e2d59dc-3cbd-4316-8cee-5a1b69e7288f,ef9b0dd7-4a52-4b34-b939-a5ddb5bbb726,true,
0e2d59dc-3cbd-4316-8cee-5a1b69e7288f,4f1dc897-eb26-4da3-9c99-27225ffbea00,true,
0e2d59dc-3cbd-4316-8cee-5a1b69e7288f,504b91b9-cbe7-4d98-a22d-77a4cff2e9b7,true,
0e2d59dc-3cbd-4316-8cee-5a1b69e7288f,bf0e4a50-aafb-46d2-bc3b-901d002fb9d8,true,
0e2d59dc-3cbd-4316-8cee-5a1b69e7288f,dea0bddf-d474-4117-863d-9652527233eb,true,
0e2d59dc-3cbd-4316-8cee-5a1b69e7288f,77c13add-ae36-4b1b-9e64-2b3b30698d38,true,
0e2d59dc-3cbd-4316-8cee-5a1b69e7288f,2a5e9cd2-509c-442e-a13b-0eec65d2aaed,true,
0e2d59dc-3cbd-4316-8cee-5a1b69e7288f,47f84959-eb00-439e-8baf-2bda73cef4be,true,
0e2d59dc-3cbd-4316-8cee-5a1b69e7288f,2af22706-2ab2-4dba-8916-3e5b07082e8a,true,
0e2d59dc-3cbd-4316-8cee-5a1b69e7288f,9a6082e6-e072-4325-a8eb-9c55c2e46d68,true,
0e2d59dc-3cbd-4316-8cee-5a1b69e7288f,3c936819-f963-430b-895b-90fc4373d5d0,true,
0e2d59dc-3cbd-4316-8cee-5a1b69e7288f,aac7ff70-195d-4b19-81e5-cf04dbd08df7,true,
0e2d59dc-3cbd-4316-8cee-5a1b69e7288f,dd217d7d-9831-4637-b7ae-51a7d2c97f71,true,
0e2d59dc-3cbd-4316-8cee-5a1b69e7288f,4895d67d-a646-46b1-980b-0ec95e99fcea,true,
0e2d59dc-3cbd-4316-8cee-5a1b69e7288f,7c90d354-77b5-48b2-87a3-6845826cba4e,true,
0e2d59dc-3cbd-4316-8cee-5a1b69e7288f,d896edce-e861-4b13-b1ac-f693238fb0b9,true,
0e2d59dc-3cbd-4316-8cee-5a1b69e7288f,f66f781d-32a6-452d-8c34-54566d5cffeb,true,
0e2d59dc-3cbd-4316-8cee-5a1b69e7288f,c08f2e0d-5ac3-4e62-b79a-36caa0fd2e25,true,
0e2d59dc-3cbd-4316-8cee-5a1b69e7288f,35d5c9b6-d453-4e84-95b8-df30b881a3ad,true,
0e2d59dc-3cbd-4316-8cee-5a1b69e7288f,84403cf4-49fc-4fef-b235-f832b2255dcc,true,
0e2d59dc-3cbd-4316-8cee-5a1b69e7288f,740e2ca2-0182-4090-8fdc-acffb5cd4c64,true,
0e2d59dc-3cbd-4316-8cee-5a1b69e7288f,f8ea2a2c-98ee-40b1-b165-92ba469ed423,true,
0e2d59dc-3cbd-4316-8cee-5a1b69e7288f,f1568b64-a2ad-4efd-8d78-8d3edb8c0608,true,
0e2d59dc-3cbd-4316-8cee-5a1b69e7288f,1bcd11fe-e9bd-47a1-beb3-e24ec011b470,true,
0e2d59dc-3cbd-4316-8cee-5a1b69e7288f,c9047322-d585-423f-b677-64be1df9ad76,true,
0e2d59dc-3cbd-4316-8cee-5a1b69e7288f,8753efbc-3a77-49a6-b281-6f2a6f427484,true,
0e2d59dc-3cbd-4316-8cee-5a1b69e7288f,601742dc-252a-4f95-9956-4a17ebbdd5f3,true,
0e2d59dc-3cbd-4316-8cee-5a1b69e7288f,ba22119e-850f-4169-a44c-4e34627722ec,true,
0e2d59dc-3cbd-4316-8cee-5a1b69e7288f,ae6c9a88-cdc8-489a-83f4-36e22e6170b2,true,
0e2d59dc-3cbd-4316-8cee-5a1b69e7288f,ecd36def-1152-4960-b1d3-f139f11fe2a8,true,
0e2d59dc-3cbd-4316-8cee-5a1b69e7288f,a6362b0c-184c-4162-834a-801ee647db6a,true,
0e2d59dc-3cbd-4316-8cee-5a1b69e7288f,076b5ce8-9cb7-489f-b485-4dca9abab86e,true,
0e2d59dc-3cbd-4316-8cee-5a1b69e7288f,e57a66b1-83ba-4bc7-9e6e-b9a85b8a8ad0,true,
0e2d59dc-3cbd-4316-8cee-5a1b69e7288f,34fff85b-19b1-4412-a5a4-5762b9025c26,true,
0e2d59dc-3cbd-4316-8cee-5a1b69e7288f,dc0a7c3e-6b1d-4883-9739-a07f3b30d66d,true,
0e2d59dc-3cbd-4316-8cee-5a1b69e7288f,a62c5545-963c-447a-966b-4a1231e56c3a,true,
0e2d59dc-3cbd-4316-8cee-5a1b69e7288f,40d8553f-f42d-4038-a83c-5dd6e43bdbc1,true,
0e2d59dc-3cbd-4316-8cee-5a1b69e7288f,b07f4a93-8750-4b15-9e23-2a3d6466dc2e,true,
0e2d59dc-3cbd-4316-8cee-5a1b69e7288f,d85f3cc2-e451-405a-a547-48227ebd854b,true,
0e2d59dc-3cbd-4316-8cee-5a1b69e7288f,8a14a5f6-b2c4-4c24-9a77-60a83ae1f98b,true,
0e2d59dc-3cbd-4316-8cee-5a1b69e7288f,18723d95-90e8-4e2b-bcfe-574f57a17235,true,
0e2d59dc-3cbd-4316-8cee-5a1b69e7288f,424efe05-942d-4a17-8aa7-1177b03d137a,true,
0e2d59dc-3cbd-4316-8cee-5a1b69e7288f,a3f5eb13-bdef-49a0-aa57-23570e34e4d8,true,
0e2d59dc-3cbd-4316-8cee-5a1b69e7288f,234a366a-37a1-48b4-98a2-68e0a8142df2,true,
0e2d59dc-3cbd-4316-8cee-5a1b69e7288f,153d7181-2090-4168-ab90-f3f16c3a15d0,true,
0e2d59dc-3cbd-4316-8cee-5a1b69e7288f,c448929e-9e07-413e-863d-54b6d265581f,true,
0e2d59dc-3cbd-4316-8cee-5a1b69e7288f,4684bdad-b1ad-42f8-a524-3de9dc2d4db7,true,
0e2d59dc-3cbd-4316-8cee-5a1b69e7288f,29af898a-5600-4ad2-a2bc-07d315069f03,true,
0e2d59dc-3cbd-4316-8cee-5a1b69e7288f,5a215fb6-ce4d-41e7-99cc-f59860848b34,true,
0e2d59dc-3cbd-4316-8cee-5a1b69e7288f,a3fd9255-052b-489e-b38e-99ec8de55765,true,
0e2d59dc-3cbd-4316-8cee-5a1b69e7288f,7a52bdc5-a7fa-4ed5-82f4-4aa3633c1179,true,
0e2d59dc-3cbd-4316-8cee-5a1b69e7288f,c28427b2-44c0-4189-9802-8d116d5409b4,true,
0e2d59dc-3cbd-4316-8cee-5a1b69e7288f,7694a95d-6212-4033-b302-dc187181095b,true,
b17dca0f-2cee-4401-9be1-039e65f3e883,a508562c-5668-4c39-b7d7-cd9655b715c7,true,
b17dca0f-2cee-4401-9be1-039e65f3e883,98f06840-9471-489a-84c5-46d004365dc0,true,
b17dca0f-2cee-4401-9be1-039e65f3e883,f750c9a0-d602-4023-bc56-ab185af50d9d,false,[NO_5XX] Unexpected 5XX response: 502
b17dca0f-2cee-4401-9be1-039e65f3e883,b2f2ae89-d508-4e73-9c9e-67c2d6443224,true,
b17dca0f-2cee-4401-9be1-039e65f3e883,4544dc57-20c1-4274-b9f5-e9b8a3abcbfc,true,
b17dca0f-2cee-4401-9be1-039e65f3e883,87a90ae3-1f0b-4b10-9e2c-b7e06ef2279a,true,
b17dca0f-2cee-4401-9be1-039e65f3e883,3fca8c60-d6eb-4bff-b727-a8fb4e743c62,true,
b17dca0f-2cee-4401-9be1-039e65f3e883,5012b3ef-6850-4061-b4a4-bb8e459a56c3,true,
a0754b1a-8d2e-4ec9-beea-97ef2432318c,ae078b96-f2d1-4998-8356-9255209fbd43,true,
a0754b1a-8d2e-4ec9-beea-97ef2432318c,6bc00dc6-456e-413a-91bd-3a5cba773c77,true,
a0754b1a-8d2e-4ec9-beea-97ef2432318c,432f6168-55a9-47d2-99f8-b117ff50baa1,false,[NO_5XX] Unexpected 5XX response: 504
a0754b1a-8d2e-4ec9-beea-97ef2432318c,12738bee-f9ab-48af-a9db-af06303c26ac,true,
a0754b1a-8d2e-4ec9-beea-97ef2432318c,e9bab321-afb5-4ad7-a7f1-a0c35cb7e939,true,
a0754b1a-8d2e-4ec9-beea-97ef2432318c,77499ecc-fc01-4cf0-9b44-39ef096a52ae,true,
a0754b1a-8d2e-4ec9-beea-97ef2432318c,c182e678-2a20-41f4-9cae-23e7074c6940,true,
a0754b1a-8d2e-4ec9-beea-97ef2432318c,1ea189db-e59c-4812-9bc7-9e2389bada9e,true,
a0754b1a-8d2e-4ec9-beea-97ef2432318c,a2cbf311-03db-470a-8266-c1cb20d96013,true,
a0754b1a-8d2e-4ec9-beea-97ef2432318c,d5a8f4a8-4b82-439a-ab10-64cd0894568a,true,
a0754b1a-8d2e-4ec9-beea-97ef2432318c,13ad0574-0b2c-4431-8d6e-08b00e16bc2b,true,
a0754b1a-8d2e-4ec9-beea-97ef2432318c,4937c7f6-1c97-4c06-b07e-6cf31c9a94bf,true,
a0754b1a-8d2e-4ec9-beea-97ef2432318c,6959f0df-3fde-4317-b1a8-62bd531d6541,true,
a0754b1a-8d2e-4ec9-beea-97ef2432318c,dd491741-3452-4b89-ae87-68a4c455bcfc,true,
a0754b1a-8d2e-4ec9-beea-97ef2432318c,4615f6b6-3acd-416c-8aaf-39997b97da32,true,
a0754b1a-8d2e-4ec9-beea-97ef2432318c,0d3c76cc-809d-4115-8d77-17624a0ca887,true,
a0754b1a-8d2e-4ec9-beea-97ef2432318c,c19dea9c-33aa-4a85-9b2b-2677410dda94,true,
a0754b1a-8d2e-4ec9-beea-97ef2432318c,9e3b24c9-9a09-4e29-bc90-25f7feb74341,true,
a0754b1a-8d2e-4ec9-beea-97ef2432318c,1c5666d2-5722-42b3-bf59-444409fe66ea,true,
a0754b1a-8d2e-4ec9-beea-97ef2432318c,8d94a295-c547-4454-a8a6-e008cefd4176,true,
a0754b1a-8d2e-4ec9-beea-97ef2432318c,bcf9fa4a-1436-42d7-bed5-7447c7d7e2f5,true,
a0754b1a-8d2e-4ec9-beea-97ef2432318c,f05557a0-5807-45bf-8656-d4ad83e94c25,true,
a0754b1a-8d2e-4ec9-beea-97ef2432318c,29e75320-536d-426a-b6e3-64ea77756c2f,true,
a0754b1a-8d2e-4ec9-beea-97ef2432318c,73a77f00-a3d0-499f-928e-b95f03bfb4f9,true,
a0754b1a-8d2e-4ec9-beea-97ef2432318c,a73d9f26-fda2-4303-a0d2-f509c4cb238d,true,
a0754b1a-8d2e-4ec9-beea-97ef2432318c,e7657459-b0fd-4fea-8215-3bfc2182ab37,true,
a0754b1a-8d2e-4ec9-beea-97ef2432318c,a9192b52-eaeb-4b8c-96fa-5d912f57e239,true,
a0754b1a-8d2e-4ec9-beea-97ef2432318c,e95aa3ff-ce73-4d81-b75e-8cd56acbfc44,true,
a0754b1a-8d2e-4ec9-beea-97ef2432318c,d5de5c1d-af69-4443-b340-dec7de2e01d0,true,
a0754b1a-8d2e-4ec9-beea-97ef2432318c,e6eb4047-e64e-4b71-bc73-04618de757c0,true,
a0754b1a-8d2e-4ec9-beea-97ef2432318c,8ecb8b15-37ee-4980-bef1-7747bd929f4e,true,
a0754b1a-8d2e-4ec9-beea-97ef2432318c,957f2f56-776f-493a-bc03-d3b6597de49b,true,
a0754b1a-8d2e-4ec9-beea-97ef2432318c,18b22ba2-4a0d-4383-95e2-e3921b4053c5,true,
a0754b1a-8d2e-4ec9-beea-97ef2432318c,2b9e68e3-b330-4c1a-a612-875c108e5396,true,
a0754b1a-8d2e-4ec9-beea-97ef2432318c,701553ab-e27a-441a-96a5-486b5f147a01,true,
a0754b1a-8d2e-4ec9-beea-97ef2432318c,abece8eb-6c63-47d2-b867-1fd3d4b1382a,true,
a0754b1a-8d2e-4ec9-beea-97ef2432318c,be0e6da0-9b28-493c-a3bd-94378a10f8f5,true,
a0754b1a-8d2e-4ec9-beea-97ef2432318c,f89e4493-b87f-4121-9297-c8cb587d5364,true,
a0754b1a-8d2e-4ec9-beea-97ef2432318c,8eea5fa7-9726-4c20-80cf-e32cee0d851d,true,
a0754b1a-8d2e-4ec9-beea-97ef2432318c,cc51f938-54ef-4635-9b76-d20582f01031,true,
a0754b1a-8d2e-4ec9-beea-97ef2432318c,937b3d23-ac76-441f-ad5d-c780fc27e3f4,true,
a0754b1a-8d2e-4ec9-beea-97ef2432318c,42f338a1-e135-4a5f-88bb-03930813cd92,true,
a0754b1a-8d2e-4ec9-beea-97ef2432318c,7d9e1aa7-a5d0-4bea-b87f-355924dcc256,true,
a0754b1a-8d2e-4ec9-beea-97ef2432318c,516885e3-f1ce-4052-951f-8edd232ef439,true,
a0754b1a-8d2e-4ec9-beea-97ef2432318c,81be3145-33e0-44f1-bafb-f78bc1122dca,true,
a0754b1a-8d2e-4ec9-beea-97ef2432318c,6d7ef758-129a-4e02-a95d-bb58aaf8ac7c,true,
a0754b1a-8d2e-4ec9-beea-97ef2432318c,dca7b1ff-21a5-453b-baa4-6142ed3e45c7,true,
a0754b1a-8d2e-4ec9-beea-97ef2432318c,d03cc435-72d2-4993-8c3f-350302db7fef,true,
a0754b1a-8d2e-4ec9-beea-97ef2432318c,d3523e45-f77a-49dd-bd5f-374c83c561c3,true,
a0754b1a-8d2e-4ec9-beea-97ef2432318c,fd49918a-3dbb-406d-8c50-05292614317a,true,
a0754b1a-8d2e-4ec9-beea-97ef2432318c,8ff8fca4-2e1b-449c-80fd-b444396a2cd4,true,
a0754b1a-8d2e-4ec9-beea-97ef2432318c,c820759c-018d-468d-885e-e696268acc3b,true,
a0754b1a-8d2e-4ec9-beea-97ef2432318c,308902d1-52d9-4258-9c38-f681b3d01f82,true,
a0754b1a-8d2e-4ec9-beea-97ef2432318c,61ef0c59-fe41-4005-94d4-213553fbc66d,true,
a0754b1a-8d2e-4ec9-beea-97ef2432318c,b535bb59-8777-48e4-95de-1b4f8d1a6e0d,true,
a0754b1a-8d2e-4ec9-beea-97ef2432318c,c5bdb991-f98e-4660-bfcb-cf2e45c91ad6,true,
a0754b1a-8d2e-4ec9-beea-97ef2432318c,95cdf490-ba5b-4dd1-af33-740fd7f37a8b,true,
a0754b1a-8d2e-4ec9-beea-97ef2432318c,f59247a6-0d63-46c0-b063-5ca2739469ce,true,
9e6bfab4-25e3-4081-b785-1e11f96869b4,1a01a49d-8b7f-4645-91fe-54f46190837c,true,
9e6bfab4-25e3-4081-b785-1e11f96869b4,657c9cf8-b8a9-4848-ac9d-e6183bdaac0b,true,
9e6bfab4-25e3-4081-b785-1e11f96869b4,4dcedf6a-d7f2-4122-b318-27b32230fe38,false,[NO_5XX] Unexpected 5XX response: 504
9e6bfab4-25e3-4081-b785-1e11f96869b4,126b852e-aa42-4a84-9b46-56b8907b8230,true,
9e6bfab4-25e3-4081-b785-1e11f96869b4,12f65de6-c257-44c5-ba30-c61ed2d9f2bb,true,
9e6bfab4-25e3-4081-b785-1e11f96869b4,199f73ec-15ac-4a2b-976e-f919c734308a,true,
9e6bfab4-25e3-4081-b785-1e11f96869b4,567c1224-b827-4f66-beaa-45c6ec09f8f9,true,
9e6bfab4-25e3-4081-b785-1e11f96869b4,f678f274-7329-4771-ba39-1717a179d573,true,
203dbd96-9d48-4f7b-b48c-7fc1332a1870,af98db00-58c9-4edd-bdcf-12c648c1716d,true,
203dbd96-9d48-4f7b-b48c-7fc1332a1870,a2810a09-ed16-447d-a83c-3a0f0dd850a2,true,
203dbd96-9d48-4f7b-b48c-7fc1332a1870,a3ece962-8518-4474-9107-47d1174a80ed,false,[NO_5XX] Unexpected 5XX response: 502
203dbd96-9d48-4f7b-b48c-7fc1332a1870,72ad8b11-ad7d-4eee-abe1-bde1b642fd4f,true,
203dbd96-9d48-4f7b-b48c-7fc1332a1870,845cdaa6-5d34-4b29-8939-1b2be376614c,true,
203dbd96-9d48-4f7b-b48c-7fc1332a1870,bde02803-72b6-44a5-8ea1-0e613b5f4f9d,true,
203dbd96-9d48-4f7b-b48c-7fc1332a1870,91a3d66a-e4fa-4646-a648-4b4ad21c035e,true,
203dbd96-9d48-4f7b-b48c-7fc1332a1870,71750afa-0656-418a-95f9-e74e723ae53e,true,
203dbd96-9d48-4f7b-b48c-7fc1332a1870,798d4b79-2293-4727-baec-448af752cde9,true,
203dbd96-9d48-4f7b-b48c-7fc1332a1870,ad34bd8d-dd41-4dda-b686-86803be35c55,true,
203dbd96-9d48-4f7b-b48c-7fc1332a1870,96e6e23b-91b7-4359-8d63-d909cd9f1541,true,
203dbd96-9d48-4f7b-b48c-7fc1332a1870,d05d65c0-1909-4507-8682-1b5dc3de4a08,true,
203dbd96-9d48-4f7b-b48c-7fc1332a1870,42cae18c-4369-46f2-827b-abc97b4d4877,true,
203dbd96-9d48-4f7b-b48c-7fc1332a1870,bdca2f7e-92e7-4a49-8f54-9650ed1ae847,true,
203dbd96-9d48-4f7b-b48c-7fc1332a1870,1b17411c-5cf5-4bb9-b4d6-787fbb7fe5fe,true,
203dbd96-9d48-4f7b-b48c-7fc1332a1870,ab830a08-a5d3-4238-ad16-897c0b3a3a1e,true,
203dbd96-9d48-4f7b-b48c-7fc1332a1870,fe231d66-bc33-49f8-ae76-e60366b8fb95,true,
203dbd96-9d48-4f7b-b48c-7fc1332a1870,1ce95941-8afb-4c53-8ad6-961e364bef6f,true,
203dbd96-9d48-4f7b-b48c-7fc1332a1870,29701cd4-f3da-41b3-a0ce-5376f7d3d8f0,true,
203dbd96-9d48-4f7b-b48c-7fc1332a1870,87a6259a-c830-46f5-af45-5fff8797fc96,true,
203dbd96-9d48-4f7b-b48c-7fc1332a1870,aeb10cd9-d962-4dc7-80c7-f28b760e182f,true,
203dbd96-9d48-4f7b-b48c-7fc1332a1870,94b747da-7b5b-4924-b937-2318c711043f,true,
203dbd96-9d48-4f7b-b48c-7fc1332a1870,def5eb86-feb4-46b6-a869-9a533c165697,true,
203dbd96-9d48-4f7b-b48c-7fc1332a1870,20fa0fc9-a682-4970-8c32-93717f0b263c,true,
203dbd96-9d48-4f7b-b48c-7fc1332a1870,9e710e0f-d630-4029-9bd1-660e174b3bf4,true,
203dbd96-9d48-4f7b-b48c-7fc1332a1870,12dd730e-23bc-4232-9b12-ba24e792b69f,true,
203dbd96-9d48-4f7b-b48c-7fc1332a1870,50cc3fef-ceb7-4bf4-8f6d-423c93cc97b8,true,
203dbd96-9d48-4f7b-b48c-7fc1332a1870,e0d458f5-65ad-418c-882b-5930e20b6ee6,true,
203dbd96-9d48-4f7b-b48c-7fc1332a1870,bb24916d-ace1-464b-a769-a63d2aa9c88d,true,
203dbd96-9d48-4f7b-b48c-7fc1332a1870,b4e3d956-19b4-49d1-9b97-686b89b543ec,true,
203dbd96-9d48-4f7b-b48c-7fc1332a1870,18e6f911-576d-4742-99f5-4641fe46227e,true,
203dbd96-9d48-4f7b-b48c-7fc1332a1870,a57653e7-fc09-4700-86b4-22266e213a0e,true,
203dbd96-9d48-4f7b-b48c-7fc1332a1870,1a86ba5d-6b9e-4691-bc65-0499598ce247,true,
203dbd96-9d48-4f7b-b48c-7fc1332a1870,891c7202-a516-45d9-85ff-53c2f9fb470a,true,
203dbd96-9d48-4f7b-b48c-7fc1332a1870,6d07f3ed-9263-4455-98fe-d9b368efa047,true,
203dbd96-9d48-4f7b-b48c-7fc1332a1870,30c58052-6125-48e0-999a-2807b89c5ecd,true,
203dbd96-9d48-4f7b-b48c-7fc1332a1870,e65d8332-162d-46ea-87b9-e5e5fa13582b,true,
203dbd96-9d48-4f7b-b48c-7fc1332a1870,f72d2eec-d1e2-455b-9b73-755c74b52131,true,
203dbd96-9d48-4f7b-b48c-7fc1332a1870,5688a5f1-b88c-4c38-a09b-f7a1303fa0d8,true,
203dbd96-9d48-4f7b-b48c-7fc1332a1870,ac678187-98cf-4217-a479-4108faa53898,true,
203dbd96-9d48-4f7b-b48c-7fc1332a1870,575f4b6e-3a15-4d51-847b-12b782652754,true,
203dbd96-9d48-4f7b-b48c-7fc1332a1870,540cb239-8f4b-4d97-97c3-c06207bd481a,true,
203dbd96-9d48-4f7b-b48c-7fc1332a1870,dc07017a-8382-4dc6-a094-eb91a2f63640,true,
203dbd96-9d48-4f7b-b48c-7fc1332a1870,9d3d398a-81f7-4868-8e6d-bce8f57447b4,true,
203dbd96-9d48-4f7b-b48c-7fc1332a1870,72e2dc14-d431-4770-9d4c-0bfee3b73eff,true,
203dbd96-9d48-4f7b-b48c-7fc1332a1870,1c6ff37b-2e9c-4fc5-921c-46eed1b775a4,true,
203dbd96-9d48-4f7b-b48c-7fc1332a1870,6b4949d3-5bc9-4706-830f-37ed75e6b39f,true,
203dbd96-9d48-4f7b-b48c-7fc1332a1870,9bbe5b16-1763-488d-88b9-73251617bbad,true,
203dbd96-9d48-4f7b-b48c-7fc1332a1870,7b2058f0-f49f-406f-b70b-e5c6a199a373,true,
203dbd96-9d48-4f7b-b48c-7fc1332a1870,84187acd-1230-4bdc-bf6c-03120d5813ca,true,
203dbd96-9d48-4f7b-b48c-7fc1332a1870,fe597bc9-788a-4cc6-b831-12a1e075829c,true,
203dbd96-9d48-4f7b-b48c-7fc1332a1870,73f1a935-4628-4345-a080-c8a6fbbe49aa,true,
203dbd96-9d48-4f7b-b48c-7fc1332a1870,144c8726-36a8-4f2b-83ca-a4348c2ff797,true,
203dbd96-9d48-4f7b-b48c-7fc1332a1870,d73dd633-1c8b-44b0-955d-5fef4ddf5e9c,true,
203dbd96-9d48-4f7b-b48c-7fc1332a1870,604d7aac-73e8-46c0-80f6-dcef392eb0f4,true,
203dbd96-9d48-4f7b-b48c-7fc1332a1870,2bc20553-5a0a-41d6-9468-25c979931294,true,
203dbd96-9d48-4f7b-b48c-7fc1332a1870,c88d673a-8d60-471f-9cea-16be6cd8838f,true,
203dbd96-9d48-4f7b-b48c-7fc1332a1870,f67642ab-8b1d-4cbc-b7d0-5af8edf7a1a3,true,
38d5b920-fd3f-4a0c-9fbe-a28f37826b4d,34625021-db88-43d0-ac74-8c2b577e0c7f,true,
38d5b920-fd3f-4a0c-9fbe-a28f37826b4d,611250b4-e615-434e-b030-3f1aa1f052d6,true,
38d5b920-fd3f-4a0c-9fbe-a28f37826b4d,1ea18ae0-6574-421d-99f3-aa7618bd60e3,false,[NO_5XX] Unexpected 5XX response: 502
38d5b920-fd3f-4a0c-9fbe-a28f37826b4d,5aa742a7-b2c1-4b60-9eb5-a312724b8dd4,true,
38d5b920-fd3f-4a0c-9fbe-a28f37826b4d,f9635fa6-2f89-4aeb-aeb5-1ffef17877a6,true,
38d5b920-fd3f-4a0c-9fbe-a28f37826b4d,dd099a3f-1eae-4237-bfcb-2dc5c075242f,true,
38d5b920-fd3f-4a0c-9fbe-a28f37826b4d,877508a5-6dd6-4957-9791-4aa45228183f,true,
38d5b920-fd3f-4a0c-9fbe-a28f37826b4d,03f83dd4-33a1-4f2e-aa04-b960cfb18ccb,true,
3da8f1f5-b8cd-41e5-a33a-ef9eca6ccb77,8adbe8c3-b989-4eff-a0f2-6c8a4b648a49,true,
3da8f1f5-b8cd-41e5-a33a-ef9eca6ccb77,cdb9125a-39bf-43d3-bf5e-92c51deabafa,true,
3da8f1f5-b8cd-41e5-a33a-ef9eca6ccb77,ebe7b324-b93f-4e0f-bc5e-7962bba57ac3,false,[NO_5XX] Unexpected 5XX response: 502
3da8f1f5-b8cd-41e5-a33a-ef9eca6ccb77,38163564-49c2-45e1-a884-998e54e77edf,true,
3da8f1f5-b8cd-41e5-a33a-ef9eca6ccb77,1bf41432-2245-4de1-821f-8946214cff69,true,
3da8f1f5-b8cd-41e5-a33a-ef9eca6ccb77,49dd6c97-a9cf-4f97-a3a2-d09098b1f817,true,
3da8f1f5-b8cd-41e5-a33a-ef9eca6ccb77,40a40fe9-d169-46b2-964f-a3ca16f3c51e,true,
3da8f1f5-b8cd-41e5-a33a-ef9eca6ccb77,21196b69-4a28-4b9b-9782-e82483c78a98,true,
7fd6b1c5-e2d9-4929-96bf-63d72d7874d5,bab70ec5-1f87-4567-bf96-252524914cff,true,
7fd6b1c5-e2d9-4929-96bf-63d72d7874d5,13420707-b53d-484b-9177-6a09ecbe1fef,true,
7fd6b1c5-e2d9-4929-96bf-63d72d7874d5,54842d54-d3f2-430e-899e-a1d3fa6837c7,false,[NO_5XX] Unexpected 5XX response: 503
7fd6b1c5-e2d9-4929-96bf-63d72d7874d5,b7d9d8d5-212e-469b-9eab-5fe6d286030c,true,
7fd6b1c5-e2d9-4929-96bf-63d72d7874d5,03b50097-13f8-4907-aadd-1a3282e8cedf,true,
7fd6b1c5-e2d9-4929-96bf-63d72d7874d5,08d21736-d79f-47e2-b478-dc1fafacbc2e,true,
7fd6b1c5-e2d9-4929-96bf-63d72d7874d5,f311b155-6cef-4963-bbc3-a842327e07c7,true,
7fd6b1c5-e2d9-4929-96bf-63d72d7874d5,bb4e3208-abf1-492a-a5f9-9d91c1ab3b15,true,
470ea2ff-dfa5-4781-9bfc-f1b58b7375ae,52e2c0bb-9fe1-4f84-acf9-447dc82899f2,true,
470ea2ff-dfa5-4781-9bfc-f1b58b7375ae,2d0818c6-e56f-4048-9fa5-843f7a4e883e,true,
470ea2ff-dfa5-4781-9bfc-f1b58b7375ae,d5db2f6b-435a-47d6-b840-a4744cb7bdf4,false,[NO_5XX] Unexpected 5XX response: 502
470ea2ff-dfa5-4781-9bfc-f1b58b7375ae,c4b6f621-6b49-41b3-bc59-9c8c2d2b4975,true,
470ea2ff-dfa5-4781-9bfc-f1b58b7375ae,b9fc5390-01ba-434e-8ee8-f05641152663,true,
470ea2ff-dfa5-4781-9bfc-f1b58b7375ae,bec06686-e0b0-4090-b52e-70d64d7270a1,true,
470ea2ff-dfa5-4781-9bfc-f1b58b7375ae,b60eef3b-6f1a-42a2-bdea-bb646c995b4e,true,
470ea2ff-dfa5-4781-9bfc-f1b58b7375ae,79ffa785-c8ef-49a7-a061-43573f32d153,true,
cb783821-a1ad-49b7-856b-0bb9077a113c,c276f80e-84a1-475a-8a76-7156e91ebed3,true,
cb783821-a1ad-49b7-856b-0bb9077a113c,2d5f9cbc-d22b-43a4-b352-8daa8373fb2c,true,
cb783821-a1ad-49b7-856b-0bb9077a113c,8a6c62a6-d8fb-4416-bab4-3a3a67920d79,false,[NO_5XX] Unexpected 5XX response: 502
cb783821-a1ad-49b7-856b-0bb9077a113c,b20bca6a-afcf-4468-9a02-20d9b6324cf3,true,
cb783821-a1ad-49b7-856b-0bb9077a113c,304a7629-5e1e-4cc9-b5da-5441c0e29f6f,true,
cb783821-a1ad-49b7-856b-0bb9077a113c,a982398f-26aa-4795-8d8b-6e0ad379dd1b,true,
cb783821-a1ad-49b7-856b-0bb9077a113c,3fe3b476-a9f2-4dd9-ad74-11e06d505a69,true,
cb783821-a1ad-49b7-856b-0bb9077a113c,d6398f42-9650-443f-a2a9-452e242838d6,true,
1608376e-0926-4b06-a4c2-e39d7087e55b,5d4a6b1f-3fa1-49d7-981f-68f0a55042e2,true,
1608376e-0926-4b06-a4c2-e39d7087e55b,65a0c513-3600-48c7-9f9c-19ef2ac375c2,true,
1608376e-0926-4b06-a4c2-e39d7087e55b,78f3fa62-973b-4f7c-ab94-68fcd7258167,false,[NO_5XX] Unexpected 5XX response: 501
1608376e-0926-4b06-a4c2-e39d7087e55b,5ca6eebc-ea29-4a66-909b-3d03223af0fe,true,
1608376e-0926-4b06-a4c2-e39d7087e55b,cbeb31e1-26be-44f9-b0ae-e3a91d70d412,true,
1608376e-0926-4b06-a4c2-e39d7087e55b,9fffbedc-efcb-4db7-8289-eb12efc79caa,true,
1608376e-0926-4b06-a4c2-e39d7087e55b,554d55d8-4787-4f1d-96d2-ee8cbfeabff3,true,
1608376e-0926-4b06-a4c2-e39d7087e55b,f5e83c5d-b92e-40e6-9476-cf2d59e8daef,true,
118d8a12-5281-4ff1-bb2d-59653c69fabc,bbca6b0e-7709-4100-b2df-da162c09ee0d,true,
118d8a12-5281-4ff1-bb2d-59653c69fabc,31177e6a-330d-4877-9ca3-184bb0571574,true,
118d8a12-5281-4ff1-bb2d-59653c69fabc,507181c6-f63c-4780-89f6-6807fe58dafd,false,[NO_5XX] Unexpected 5XX response: 501
118d8a12-5281-4ff1-bb2d-59653c69fabc,9ce0ad71-f7c4-453e-bb58-b76ca22c7ed7,true,
118d8a12-5281-4ff1-bb2d-59653c69fabc,d81119f0-71fe-414b-85c5-97265f20fcdc,true,
118d8a12-5281-4ff1-bb2d-59653c69fabc,3f73cde0-4b15-4cc5-80b8-0401f6e1573e,true,
118d8a12-5281-4ff1-bb2d-59653c69fabc,ffa559f8-41db-42e0-b07a-4bec8189174e,true,
118d8a12-5281-4ff1-bb2d-59653c69fabc,61183e12-0b6f-4a04-a985-928ce6e766f7,true,
b44273df-c9ac-4e93-8c05-a5f4a8153648,de88a7f2-7544-4934-ac03-a99ce3077cbb,true,
b44273df-c9ac-4e93-8c05-a5f4a8153648,da954ed4-ca7e-4bac-9538-2ee1a9ec20cd,true,
b44273df-c9ac-4e93-8c05-a5f4a8153648,d31432d5-777b-4381-8cd2-5be20f3fe606,false,[NO_5XX] Unexpected 5XX response: 500
b44273df-c9ac-4e93-8c05-a5f4a8153648,b6849b8d-7d6c-43b9-8933-5dc3cc369b40,true,
b44273df-c9ac-4e93-8c05-a5f4a8153648,b03a1cc3-3141-4068-b24c-094af233521a,true,
b44273df-c9ac-4e93-8c05-a5f4a8153648,7bd5df4d-b29a-44a8-835c-bde37adcaff5,true,
b44273df-c9ac-4e93-8c05-a5f4a8153648,ef61f228-f4e8-4168-b283-9c6e4b172a4c,true,
b44273df-c9ac-4e93-8c05-a5f4a8153648,0f27007f-d6af-4899-b9d1-6ce0b33fc186,true,
c0568414-de75-428b-85db-aef5e2d08d39,10398295-7379-42b7-8cdc-ab632f0a4d42,true,
c0568414-de75-428b-85db-aef5e2d08d39,23a7b1f2-35e2-49fd-99a3-3eae6596ee3b,true,
c0568414-de75-428b-85db-aef5e2d08d39,ab5f7e2b-6134-4f67-955d-2309e81567cd,false,[NO_5XX] Unexpected 5XX response: 502
c0568414-de75-428b-85db-aef5e2d08d39,5b926387-3aa3-4002-bcfb-e6a07ddc3f22,true,
c0568414-de75-428b-85db-aef5e2d08d39,8dcf79c0-f62f-4005-a3d8-eb1c243e1817,true,
c0568414-de75-428b-85db-aef5e2d08d39,aa8ff2f2-cacd-4495-a562-9bea509edc30,true,
c0568414-de75-428b-85db-aef5e2d08d39,7975b251-2e96-490f-9f20-c5de4fe4c6cc,true,
c0568414-de75-428b-85db-aef5e2d08d39,a5dc7d14-ccaf-469d-b2c4-2abe8ffc806d,true,
c0568414-de75-428b-85db-aef5e2d08d39,e28e0bbd-dffa-40a5-92fa-cdd59006db23,true,
c0568414-de75-428b-85db-aef5e2d08d39,efe23887-2271-4fb7-b57f-6e25ee94f463,true,
c0568414-de75-428b-85db-aef5e2d08d39,dd215e36-abef-4fbb-9193-5c35a454798e,true,
c0568414-de75-428b-85db-aef5e2d08d39,8349960b-71f6-4c10-bc0e-1d86afed03f8,true,
c0568414-de75-428b-85db-aef5e2d08d39,ff10aaa1-5ca3-4244-b754-c870edfa2e54,true,
c0568414-de75-428b-85db-aef5e2d08d39,81725168-4e12-4f1e-8a9c-d5d8f646e1d0,true,
c0568414-de75-428b-85db-aef5e2d08d39,2d480c90-2ad7-4f74-91e3-609a92f205dd,true,
c0568414-de75-428b-85db-aef5e2d08d39,c6d83dec-06a1-4621-9030-5e020f967378,true,
c0568414-de75-428b-85db-aef5e2d08d39,16febf9d-f95e-4819-99d5-9d79e6a7e1e4,true,
c0568414-de75-428b-85db-aef5e2d08d39,c31fdb7d-e55c-4842-b4de-9257e7dd20c9,true,
c0568414-de75-428b-85db-aef5e2d08d39,37c68e31-a461-4eea-bbb4-afe4dd017393,true,
c0568414-de75-428b-85db-aef5e2d08d39,77fb18d8-27af-4c26-b602-bab14e4f7d0d,true,
c0568414-de75-428b-85db-aef5e2d08d39,12ec01af-bc67-45cb-a5db-7d3e4864b9ad,true,
c0568414-de75-428b-85db-aef5e2d08d39,a5c62bc6-f07b-46a5-b178-4ab12b62d1b6,true,
c0568414-de75-428b-85db-aef5e2d08d39,b656a80a-0aa3-46b2-b1bf-481ca58ce526,true,
c0568414-de75-428b-85db-aef5e2d08d39,5c7cb4be-008b-4b57-b04d-7023adc3167c,true,
c0568414-de75-428b-85db-aef5e2d08d39,f8f4c081-cc56-423c-a81a-76cf89b59a1f,true,
c0568414-de75-428b-85db-aef5e2d08d39,58c19902-79c5-4bf4-b24f-805600a7b26b,true,
c0568414-de75-428b-85db-aef5e2d08d39,bb192531-ac21-442a-80b9-261bca854a86,true,
c0568414-de75-428b-85db-aef5e2d08d39,a5864eef-677a-4de6-9321-7a2a7602037a,true,
c0568414-de75-428b-85db-aef5e2d08d39,e9bae22d-5cbd-4b8b-a48d-9c43c5acc7fc,true,
c0568414-de75-428b-85db-aef5e2d08d39,3c78ac96-2587-4a4a-b888-e5f92769fe89,true,
c0568414-de75-428b-85db-aef5e2d08d39,cf5d3819-f14e-4a80-b8e6-5ee67a5fc2b3,true,
c0568414-de75-428b-85db-aef5e2d08d39,6bf265f7-7146-46a3-80ac-4b79e0a84008,true,
c0568414-de75-428b-85db-aef5e2d08d39,5cd5aa2a-8b11-445c-91cb-e6f537e286de,true,
c0568414-de75-428b-85db-aef5e2d08d39,76f09fa6-87cc-4f0a-b316-5d4626f27ccc,true,
c0568414-de75-428b-85db-aef5e2d08d39,32e00b74-e7c5-400b-8a08-156a8c20e1d5,true,
c0568414-de75-428b-85db-aef5e2d08d39,510b96f7-f8dd-4c2a-9508-102eb62e8500,true,
c0568414-de75-428b-85db-aef5e2d08d39,e09a5805-6f63-4839-927d-2044de87ff15,true,
c0568414-de75-428b-85db-aef5e2d08d39,0ce5d585-787e-43b7-afca-618709af1527,true,
c0568414-de75-428b-85db-aef5e2d08d39,d2d4af42-dc8e-4e2b-a983-6584e391a5f6,true,
c0568414-de75-428b-85db-aef5e2d08d39,21be5ea3-9650-46ce-96e0-5bfa66840290,true,
c0568414-de75-428b-85db-aef5e2d08d39,f9323bc9-1f1f-4c59-bb72-e323205666e4,true,
c0568414-de75-428b-85db-aef5e2d08d39,5c88020b-3305-45bf-bed0-1faf18914be1,true,
c0568414-de75-428b-85db-aef5e2d08d39,a7272ae1-d49b-48fa-80dc-770f194f4b67,true,
c0568414-de75-428b-85db-aef5e2d08d39,3494f921-fb3f-415e-a57c-7feb526ba895,true,
c0568414-de75-428b-85db-aef5e2d08d39,0c30c64f-892b-403e-b10e-903939bace56,true,
c0568414-de75-428b-85db-aef5e2d08d39,89f74fad-e852-4e1f-bab8-e271ccda69d2,true,
c0568414-de75-428b-85db-aef5e2d08d39,fb6f83d7-937b-4aad-af40-59c55f8c526e,true,
c0568414-de75-428b-85db-aef5e2d08d39,0aeeda3d-43e1-4c6a-9e87-62284a69416e,true,
c0568414-de75-428b-85db-aef5e2d08d39,99cbf158-0ee2-4734-a3d6-842ab522606f,true,
c0568414-de75-428b-85db-aef5e2d08d39,a9c07078-3904-4ca6-a45b-640928ea63d8,true,
c0568414-de75-428b-85db-aef5e2d08d39,fcc603b8-1abb-4ea2-8283-582961843153,true,
c0568414-de75-428b-85db-aef5e2d08d39,c814284f-d83c-469b-b34d-5443ed1fe563,true,
c0568414-de75-428b-85db-aef5e2d08d39,1fe37fac-b0a9-4ca7-9c86-77fc83919831,true,
c0568414-de75-428b-85db-aef5e2d08d39,60b57c1b-565c-4b6c-8849-fcb672509a56,true,
c0568414-de75-428b-85db-aef5e2d08d39,33ce0431-0514-44b1-a3f9-95fcf49d5ba2,true,
c0568414-de75-428b-85db-aef5e2d08d39,a36592a7-2ce5-4a4f-b922-05c1f220b3bb,true,
c0568414-de75-428b-85db-aef5e2d08d39,40e516c3-7fe0-46b9-928b-fdf4b9f1426b,true,
c0568414-de75-428b-85db-aef5e2d08d39,d38aabe1-721c-4223-8df5-8e5265eeb9c8,true,
89749928-9043-430a-936d-39284f108420,871fedd6-d60f-4d6c-9901-c0379f3b7e3c,true,
89749928-9043-430a-936d-39284f108420,b4d22769-d5e5-4900-a317-f3476ca5cd93,true,
89749928-9043-430a-936d-39284f108420,f7825072-f362-4635-a3ff-fa498a683619,false,[NO_5XX] Unexpected 5XX response: 502
89749928-9043-430a-936d-39284f108420,a9e6d8c0-951b-4386-b8ee-81ededa570ce,true,
89749928-9043-430a-936d-39284f108420,4c78e968-7376-4182-8774-b9a721105723,true,
89749928-9043-430a-936d-39284f108420,29e591cc-c9f3-40d2-9a28-e52c3ed62816,true,
89749928-9043-430a-936d-39284f108420,b99492a2-09ba-4bc6-93c1-942c9d90ac43,true,
89749928-9043-430a-936d-39284f108420,ecb70b12-d77e-4de3-abbe-404b51f56e21,true,
89749928-9043-430a-936d-39284f108420,fa094e33-65ad-41e0-9ac1-3e51ed790e78,true,
89749928-9043-430a-936d-39284f108420,721f5714-7cd5-4205-82bd-83a3b5242fa7,true,
89749928-9043-430a-936d-39284f108420,c88e1117-5d93-4780-a5c5-111968e544b5,true,
89749928-9043-430a-936d-39284f108420,954d7275-d5e0-446b-939d-49dcf069a859,true,
89749928-9043-430a-936d-39284f108420,dec77fbe-e8f3-4e69-aaee-ca3cd211cd20,true,
89749928-9043-430a-936d-39284f108420,63ce5ccc-53fa-4ce5-8c72-8ce96997f7a3,true,
89749928-9043-430a-936d-39284f108420,d53e6896-ceec-4a2a-8290-f7b953b27b5b,true,
89749928-9043-430a-936d-39284f108420,0ebab28a-310e-46fb-b03c-7dc938306d5b,true,
89749928-9043-430a-936d-39284f108420,64c7374c-1d85-4c1d-991e-a73dddf0b5aa,true,
89749928-9043-430a-936d-39284f108420,fde5fe66-80df-4881-a723-19ef04ad11a1,true,
89749928-9043-430a-936d-39284f108420,52592617-792b-448f-97bf-92a9ae603bd7,true,
89749928-9043-430a-936d-39284f108420,a0f2d1fc-845a-4c99-9215-e5a128ebd931,true,
89749928-9043-430a-936d-39284f108420,7a131aef-0fcb-4235-8ca1-bf77caec9892,true,
89749928-9043-430a-936d-39284f108420,25bf4811-7dea-4a24-b57d-d6dc926719af,true,
89749928-9043-430a-936d-39284f108420,0bb0e72a-d2ca-4f86-acd3-acf68d543347,true,
89749928-9043-430a-936d-39284f108420,6fe95670-cb49-444b-ad62-2443fd3543e0,true,
89749928-9043-430a-936d-39284f108420,a62277e4-e853-495e-b98b-f196a1440345,true,
89749928-9043-430a-936d-39284f108420,50a14998-1fcd-44a5-87b4-1453a901480a,true,
89749928-9043-430a-936d-39284f108420,f6f643ae-3c15-40b0-aa91-f0a025951042,true,
89749928-9043-430a-936d-39284f108420,9b36cf82-0420-4573-b893-513fbca51b35,true,
89749928-9043-430a-936d-39284f108420,4b4adc06-f7e4-41e9-ae2b-ea0b28800975,true,
89749928-9043-430a-936d-39284f108420,f906fd1e-ce3a-45f7-9c0e-dfaf2eab92a5,true,
89749928-9043-430a-936d-39284f108420,d65a6df6-c00a-4b3a-b22f-1b620a25316a,true,
89749928-9043-430a-936d-39284f108420,789dcb36-714a-4654-bd42-6181d06ed955,true,
89749928-9043-430a-936d-39284f108420,bc9c4c20-ac16-4136-b3d1-1dd26ae0f3fa,true,
89749928-9043-430a-936d-39284f108420,c7a0afda-5158-4493-8e9a-0e6c230a1e8b,true,
89749928-9043-430a-936d-39284f108420,9fc87c44-00ba-4178-9007-3249d985ca6a,true,
89749928-9043-430a-936d-39284f108420,f540a0d4-14bf-433a-afe0-c35226f2b07c,true,
89749928-9043-430a-936d-39284f108420,709cbb6a-6d9d-4961-a7af-cafeba596a10,true,
89749928-9043-430a-936d-39284f108420,406e0401-a3ac-4de2-84f6-0fbd4545bcb9,true,
89749928-9043-430a-936d-39284f108420,ec44c2ce-ed23-4d2a-b55b-9bcfb8580670,true,
89749928-9043-430a-936d-39284f108420,ead4d0c2-6eca-41f3-b6a7-3aaa264ba698,true,
89749928-9043-430a-936d-39284f108420,3b39215e-6368-4bc8-bea0-8969d89faa9f,true,
89749928-9043-430a-936d-39284f108420,ccbba90c-e231-431e-a5ef-5fdedb062fe4,true,
89749928-9043-430a-936d-39284f108420,668a41d2-7a6e-4d48-a2b8-86a14ca7a8eb,true,
89749928-9043-430a-936d-39284f108420,269420fd-e448-48f6-8406-e5b30189699a,true,
89749928-9043-430a-936d-39284f108420,94e46bf4-5b41-4998-a24e-d68ff9ae4cfc,true,
89749928-9043-430a-936d-39284f108420,b0726246-9875-4eda-8a9d-3307c810f196,true,
89749928-9043-430a-936d-39284f108420,ea81f53d-733d-4dff-93e5-124bfc66b560,true,
89749928-9043-430a-936d-39284f108420,e6316a1a-1b7a-4122-b3cf-0f68beb5ccac,true,
89749928-9043-430a-936d-39284f108420,b679b57c-4435-4d14-9bcc-40a2eca90eda,true,
89749928-9043-430a-936d-39284f108420,ccdd6198-e3b3-44c4-b13f-686f44b81e19,true,
89749928-9043-430a-936d-39284f108420,0a926b8c-1d7d-4912-9558-5d6aeb83383a,true,
89749928-9043-430a-936d-39284f108420,dfb13fd2-465a-4217-b4af-9678e8521ee0,true,
89749928-9043-430a-936d-39284f108420,2781be5f-d1e7-497b-a91f-58c42eb42490,true,
89749928-9043-430a-936d-39284f108420,fef33ef0-8941-4710-8971-6154a09ca0f1,true,
89749928-9043-430a-936d-39284f108420,bcca2a0e-84cb-4507-af94-e9199eb033c8,true,
89749928-9043-430a-936d-39284f108420,851ed242-59ea-48dc-91ca-2bc7d100cd96,true,
89749928-9043-430a-936d-39284f108420,1b7b7026-2555-4502-8391-067ecb06039e,true,
89749928-9043-430a-936d-39284f108420,a0b1eafc-4ce1-4c6d-847e-75bf90af5461,true,
f79d0e43-ac98-45be-aa80-0a911d55a52c,2c876aa0-78f6-4637-8b11-795a7eff660e,true,
f79d0e43-ac98-45be-aa80-0a911d55a52c,5052dd66-8625-46f2-9f18-e9e126c64d85,true,
f79d0e43-ac98-45be-aa80-0a911d55a52c,ba4dd807-7775-4d18-8249-0d5595eda900,false,[NO_5XX] Unexpected 5XX response: 501
f79d0e43-ac98-45be-aa80-0a911d55a52c,c7e9d68a-94be-4efd-8772-b0d694016062,true,
f79d0e43-ac98-45be-aa80-0a911d55a52c,905902c4-2074-4771-a3fb-d5071738df56,true,
f79d0e43-ac98-45be-aa80-0a911d55a52c,91d81e79-2b4a-4b15-95c3-517222792b3a,true,
f79d0e43-ac98-45be-aa80-0a911d55a52c,78a8fb63-cd04-4fae-af8e-b8a1da802716,true,
f79d0e43-ac98-45be-aa80-0a911d55a52c,b0dd75fe-a99b-4309-b55a-d199eeedbd7d,true,
f79d0e43-ac98-45be-aa80-0a911d55a52c,8ec5d30d-a17f-4eed-9978-4227341296d2,true,
f79d0e43-ac98-45be-aa80-0a911d55a52c,c28d8502-ba22-41ab-8e6a-39b65e1907be,true,
f79d0e43-ac98-45be-aa80-0a911d55a52c,58d0c014-c9a4-4063-bf2a-29e1ccf5a074,true,
f79d0e43-ac98-45be-aa80-0a911d55a52c,0d1a1a6a-978a-4c27-853d-d9bbc56773d8,true,
f79d0e43-ac98-45be-aa80-0a911d55a52c,48d7f794-8750-487a-a448-6e8932b37689,true,
f79d0e43-ac98-45be-aa80-0a911d55a52c,5928ca2e-b09c-4a65-a5c8-642a3fbe0d41,true,
f79d0e43-ac98-45be-aa80-0a911d55a52c,b355d437-2a5c-4393-b09f-bb0dcc27d9a4,true,
f79d0e43-ac98-45be-aa80-0a911d55a52c,c6b44338-3074-426a-8520-74c50ce2d385,true,
f79d0e43-ac98-45be-aa80-0a911d55a52c,61bc0487-0d03-4a8a-8c7e-8501614d4cbb,true,
f79d0e43-ac98-45be-aa80-0a911d55a52c,6781ea85-63f0-4f29-b797-a69dc55574d2,true,
f79d0e43-ac98-45be-aa80-0a911d55a52c,c98f41cc-7291-47bb-add5-83189240a9ac,true,
f79d0e43-ac98-45be-aa80-0a911d55a52c,b3ce0c2e-a451-4b3c-9e3c-3154fe83efb2,true,
f79d0e43-ac98-45be-aa80-0a911d55a52c,fc6f06d7-9395-4d99-8a1b-44ce75297efd,true,
f79d0e43-ac98-45be-aa80-0a911d55a52c,844c9bba-d3c9-406c-acdc-a61acf508417,true,
f79d0e43-ac98-45be-aa80-0a911d55a52c,ffa3b6da-496f-48c4-9857-8ae8580f85a8,true,
f79d0e43-ac98-45be-aa80-0a911d55a52c,0ed5bebb-3fa6-4cf5-bd04-0d85958e933d,true,
f79d0e43-ac98-45be-aa80-0a911d55a52c,23ea3cda-54b3-41c2-9726-73492f8a697a,true,
f79d0e43-ac98-45be-aa80-0a911d55a52c,d35ef081-595a-485f-85e7-ea045d9ee153,true,
f79d0e43-ac98-45be-aa80-0a911d55a52c,e2eb215a-f2b0-478e-a618-2a4343a92a75,true,
f79d0e43-ac98-45be-aa80-0a911d55a52c,1985e8a1-4f4f-4034-ba82-3eb12ca8ad21,true,
f79d0e43-ac98-45be-aa80-0a911d55a52c,9d8a9293-de56-43d9-a270-22a4b5c2a55c,true,
f79d0e43-ac98-45be-aa80-0a911d55a52c,42355cf8-2548-481c-badb-d020a0a68794,true,
f79d0e43-ac98-45be-aa80-0a911d55a52c,a9ede9b6-7ed8-4d42-94c0-d7851a4f9f12,true,
f79d0e43-ac98-45be-aa80-0a911d55a52c,e66acff3-840e-41dc-b2a9-b724987ff29a,true,
f79d0e43-ac98-45be-aa80-0a911d55a52c,a50272b5-c4ea-4406-8df5-13f4899f9314,true,
f79d0e43-ac98-45be-aa80-0a911d55a52c,b0456b2b-693a-4690-bf57-94ac8bde6f5c,true,
f79d0e43-ac98-45be-aa80-0a911d55a52c,79eae71a-4beb-490c-93bb-6ff75fe0635b,true,
f79d0e43-ac98-45be-aa80-0a911d55a52c,99a1d85a-ff8f-476b-8b14-be67cff7b831,true,
f79d0e43-ac98-45be-aa80-0a911d55a52c,70e17e94-ed2b-4938-8871-28f867030a8b,true,
f79d0e43-ac98-45be-aa80-0a911d55a52c,3a1fa079-2f9c-400e-ae66-b605e0637240,true,
f79d0e43-ac98-45be-aa80-0a911d55a52c,e7cee0b1-1529-42fd-95b1-cc69e3d41c32,true,
f79d0e43-ac98-45be-aa80-0a911d55a52c,644de872-3066-4d8b-9336-37c69129887a,true,
f79d0e43-ac98-45be-aa80-0a911d55a52c,a1c663c9-46a4-4e73-8f21-e787b45d45af,true,
f79d0e43-ac98-45be-aa80-0a911d55a52c,6d503b74-3684-48d3-909b-882f5f5181b6,true,
f79d0e43-ac98-45be-aa80-0a911d55a52c,7b0e0dc1-63c5-4739-9fe1-6a6ae4f9b1db,true,
f79d0e43-ac98-45be-aa80-0a911d55a52c,bff7e691-81a0-45c3-8fa7-e3b554c6baac,true,
f79d0e43-ac98-45be-aa80-0a911d55a52c,d6ce919f-0e1e-4782-871f-feb3b7c2b6fe,true,
f79d0e43-ac98-45be-aa80-0a911d55a52c,96e4e11c-9e89-4a17-985f-f8bef8f51935,true,
f79d0e43-ac98-45be-aa80-0a911d55a52c,733483aa-b320-4dba-b173-ea7d73242067,true,
f79d0e43-ac98-45be-aa80-0a911d55a52c,984d2464-1f89-4d0c-b158-4142451313f8,true,
f79d0e43-ac98-45be-aa80-0a911d55a52c,33fef8d1-8fad-42e7-8e89-f501e1cf5686,true,
f79d0e43-ac98-45be-aa80-0a911d55a52c,60e2f56c-34a3-4aed-a0a6-41df52171767,true,
f79d0e43-ac98-45be-aa80-0a911d55a52c,a057cd4d-ab1a-4fbc-bcec-bef0dd7bd3e4,true,
f79d0e43-ac98-45be-aa80-0a911d55a52c,7ef5a21f-6ecd-4c9d-addc-b58c7e85a780,true,
f79d0e43-ac98-45be-aa80-0a911d55a52c,4f2073e5-c2a3-40ea-b64e-30e14351f3a9,true,
f79d0e43-ac98-45be-aa80-0a911d55a52c,1aa628e9-bb49-49f3-89d0-da7d99c7e3b3,true,
f79d0e43-ac98-45be-aa80-0a911d55a52c,c1d3ac38-61f8-4245-88b5-bcb7c1e4f361,true,
f79d0e43-ac98-45be-aa80-0a911d55a52c,b6844a34-f773-4025-a4d2-810021d6e69c,true,
f79d0e43-ac98-45be-aa80-0a911d55a52c,bb61f16f-de50-4d38-a1a2-5de07344d0cc,true,
f79d0e43-ac98-45be-aa80-0a911d55a52c,9e2b3f3f-e5c0-4086-95a6-70277e601528,true,
f79d0e43-ac98-45be-aa80-0a911d55a52c,8fe05062-c00a-4a69-af88-a546e29bc426,true,
f79d0e43-ac98-45be-aa80-0a911d55a52c,536e3a5f-d393-402e-8ab3-fd27a4ba0f31,true,
f79d0e43-ac98-45be-aa80-0a911d55a52c,e10aa041-26f8-414c-bd9e-56bc30e2ac1b,true,
f79d0e43-ac98-45be-aa80-0a911d55a52c,361e28ce-2807-41a4-9aa3-8fe1f10f0914,true,
f79d0e43-ac98-45be-aa80-0a911d55a52c,714b6fdb-e975-47f4-a293-241f253bf110,true,
f79d0e43-ac98-45be-aa80-0a911d55a52c,bd98abd9-eded-4991-9902-d9f62db3604d,true,
f79d0e43-ac98-45be-aa80-0a911d55a52c,9c61be90-03d5-4bc2-a230-abce6fae9086,true,
f79d0e43-ac98-45be-aa80-0a911d55a52c,64b21ea0-e249-4a4e-ae4a-fa27ed22c5b8,true,
f79d0e43-ac98-45be-aa80-0a911d55a52c,2a093de5-43a2-4fde-a3e4-3101785b9a57,true,
f79d0e43-ac98-45be-aa80-0a911d55a52c,5f58b054-e0ae-4ec5-a57e-69f24f7d84c1,true,
f79d0e43-ac98-45be-aa80-0a911d55a52c,518a3561-ac2b-4b4d-bbfb-b1b032c64cbe,true,
f79d0e43-ac98-45be-aa80-0a911d55a52c,c985e4dd-2f9c-4ad4-bbf7-5920334b6eca,true,
f79d0e43-ac98-45be-aa80-0a911d55a52c,801e3299-c8ec-4ba2-90f2-d24ca79602db,true,
f79d0e43-ac98-45be-aa80-0a911d55a52c,21fffca1-322b-4575-b74d-88da30bd1adc,true,
f79d0e43-ac98-45be-aa80-0a911d55a52c,ad83fe4c-7e69-45e3-ac91-a48905dde7c8,true,
f79d0e43-ac98-45be-aa80-0a911d55a52c,aff006bf-47bb-4997-8ced-803c274327ad,true,
f79d0e43-ac98-45be-aa80-0a911d55a52c,16984e53-791e-4006-991a-a6c11131f99e,true,
f79d0e43-ac98-45be-aa80-0a911d55a52c,28d92241-3b41-4ce7-ad37-caaf8904a0b9,true,
f79d0e43-ac98-45be-aa80-0a911d55a52c,d2ec5ac0-3df4-49ff-89be-493de7918c54,true,
f79d0e43-ac98-45be-aa80-0a911d55a52c,067c6568-1f86-46bd-823a-9c80190f5e20,true,
f79d0e43-ac98-45be-aa80-0a911d55a52c,ad308bc5-bff4-42be-98a0-44f5dfab40d8,true,
f79d0e43-ac98-45be-aa80-0a911d55a52c,ec814a7b-bc3f-4314-80c8-e970764c7e6a,true,
f79d0e43-ac98-45be-aa80-0a911d55a52c,e7816d2b-db1a-4fba-be06-d7a8d792fc5c,true,
f79d0e43-ac98-45be-aa80-0a911d55a52c,8dcc23a9-9482-4d98-9bb1-0cd42e232825,true,
f79d0e43-ac98-45be-aa80-0a911d55a52c,84101cb0-1067-44e8-aa59-ba2605b10cd5,true,
f79d0e43-ac98-45be-aa80-0a911d55a52c,f433f009-50d3-48d1-acb6-633a6b235fc7,true,
f79d0e43-ac98-45be-aa80-0a911d55a52c,8e74a4bf-f42c-4ae1-89b6-39738920de25,true,
f79d0e43-ac98-45be-aa80-0a911d55a52c,e35a8381-10dc-40dc-baa2-eb1e4d899e33,true,
f79d0e43-ac98-45be-aa80-0a911d55a52c,b95419e8-661d-4269-a3f8-71c4bfd35ed2,true,
f79d0e43-ac98-45be-aa80-0a911d55a52c,ff82a6a2-d50c-4819-a596-ada01ae2f20f,true,
f79d0e43-ac98-45be-aa80-0a911d55a52c,78c2f0b8-b4cd-42e1-befb-104b1efe8098,true,
f79d0e43-ac98-45be-aa80-0a911d55a52c,9d3f6188-c992-4a19-acc4-16885db6093d,true,
f79d0e43-ac98-45be-aa80-0a911d55a52c,40a1a4ad-9aa1-476e-a3eb-22c1fca10e4d,true,
f79d0e43-ac98-45be-aa80-0a911d55a52c,ac0a32d2-7dcf-47c4-86a6-77b9dec2f238,true,
f79d0e43-ac98-45be-aa80-0a911d55a52c,3956a08b-c73b-4890-9ad4-0539fde3b0c9,true,
f79d0e43-ac98-45be-aa80-0a911d55a52c,37b21705-ddf4-47a1-b254-3ccea1363404,true,
f79d0e43-ac98-45be-aa80-0a911d55a52c,fec6187b-9ef5-4320-8948-2699891b2235,true,
f79d0e43-ac98-45be-aa80-0a911d55a52c,12d35606-1707-485a-b8da-11c0a81a34f6,true,
f79d0e43-ac98-45be-aa80-0a911d55a52c,e15221de-1c19-4349-a2aa-0e751993cd83,true,
f79d0e43-ac98-45be-aa80-0a911d55a52c,54e750d4-9129-42c7-99e3-a2dd03c6f32e,true,
f79d0e43-ac98-45be-aa80-0a911d55a52c,ec1f938c-8c5b-4692-a53e-5b9fd6368061,true,
f79d0e43-ac98-45be-aa80-0a911d55a52c,47c58dc4-f4ab-4e10-b277-251c39d820a7,true,
f79d0e43-ac98-45be-aa80-0a911d55a52c,b86d59d9-109c-4512-a8d9-4ef3256a74cd,true,
f79d0e43-ac98-45be-aa80-0a911d55a52c,7322b218-ec29-4be8-bd6c-9000de27dd11,true,
f79d0e43-ac98-45be-aa80-0a911d55a52c,1621ece3-cc22-436d-86c9-f7fd7a68e928,true,
f79d0e43-ac98-45be-aa80-0a911d55a52c,92b35c36-bf08-4dbc-be95-82886c158699,true,
f79d0e43-ac98-45be-aa80-0a911d55a52c,dfdb5635-11bd-4c56-aea4-5530b67afeef,true,
f79d0e43-ac98-45be-aa80-0a911d55a52c,1a480c84-5b95-4248-841e-f2b097cd1be4,true,
f79d0e43-ac98-45be-aa80-0a911d55a52c,cddf3904-7ed9-4c1b-af0b-1742f27abdec,true,
f79d0e43-ac98-45be-aa80-0a911d55a52c,2884d714-bbb1-4a54-9a11-9e68be4f1239,true,
f79d0e43-ac98-45be-aa80-0a911d55a52c,5dc7ef6c-070c-4d5a-a040-847185c659bf,true,
f79d0e43-ac98-45be-aa80-0a911d55a52c,906624de-de96-4c12-97ea-281988ec38bf,true,
f79d0e43-ac98-45be-aa80-0a911d55a52c,1982e5f4-72ae-4cfc-a36a-8029318fcb8c,true,
f79d0e43-ac98-45be-aa80-0a911d55a52c,2f3c44b3-cea0-44c9-89d1-7ef2e2e3a4ec,true,
f79d0e43-ac98-45be-aa80-0a911d55a52c,5c05b10f-4819-46d9-af44-f8c02038e3c9,true,
f79d0e43-ac98-45be-aa80-0a911d55a52c,0cd81397-9c53-417a-b959-478545a81b75,true,
f79d0e43-ac98-45be-aa80-0a911d55a52c,0766b99d-d0c4-45dd-bd8e-cba2216b92a9,true,
f79d0e43-ac98-45be-aa80-0a911d55a52c,99ec2e8c-f735-4208-a5c7-649d3b53a02f,true,
f79d0e43-ac98-45be-aa80-0a911d55a52c,e55f950c-cd48-418b-b49d-bae7d6db854c,true,
f79d0e43-ac98-45be-aa80-0a911d55a52c,7abfd02c-fab9-498f-b8ea-d91b1918cbb6,true,
f79d0e43-ac98-45be-aa80-0a911d55a52c,f137fbf7-0144-41cc-83fb-dbeec5150ebb,true,
f79d0e43-ac98-45be-aa80-0a911d55a52c,4f605407-19dd-4f1b-9550-04841af59e3c,true,
f79d0e43-ac98-45be-aa80-0a911d55a52c,1ad4ecee-3426-4a80-994e-175868e32998,true,
f79d0e43-ac98-45be-aa80-0a911d55a52c,e0eef5d1-8c1b-455f-810f-192e58513f09,true,
f79d0e43-ac98-45be-aa80-0a911d55a52c,647414f1-d160-4afa-9c34-4ed63dba7c33,true,
f79d0e43-ac98-45be-aa80-0a911d55a52c,47f7df9e-eeaf-4275-9bd5-93a9a8675d48,true,
f79d0e43-ac98-45be-aa80-0a911d55a52c,8fe8df31-04de-4ea5-b2a4-81e4e17791ef,true,
f79d0e43-ac98-45be-aa80-0a911d55a52c,03c7fa63-bd9b-4781-b124-bd192d4a3f20,true,
f79d0e43-ac98-45be-aa80-0a911d55a52c,be063836-af80-47da-a504-8386677e2ed1,true,
f79d0e43-ac98-45be-aa80-0a911d55a52c,34867099-9f42-45b2-bd5d-41604cce5beb,true,
f79d0e43-ac98-45be-aa80-0a911d55a52c,4bb1a29d-601a-4fa2-b983-ab8d2ef3f3b2,true,
f79d0e43-ac98-45be-aa80-0a911d55a52c,50d7f8f6-3f87-420c-a4f8-f90b64675ba6,true,
f79d0e43-ac98-45be-aa80-0a911d55a52c,c58b515b-ccdb-4b53-acbb-047c4dbf165c,true,
f79d0e43-ac98-45be-aa80-0a911d55a52c,ea1f02b3-76b1-4b7a-a0cd-f6dd960b0e26,true,
f79d0e43-ac98-45be-aa80-0a911d55a52c,d2649c50-0aab-40bc-8105-eb57d32c0792,true,
f79d0e43-ac98-45be-aa80-0a911d55a52c,c3a1fb02-1e7e-4132-ac5b-4d5cac0ea03f,true,
f79d0e43-ac98-45be-aa80-0a911d55a52c,3280db59-f362-4f0f-8d6e-43b7015172f7,true,
f79d0e43-ac98-45be-aa80-0a911d55a52c,5766e891-becd-4005-b6bf-b799cdc62ddc,true,
f79d0e43-ac98-45be-aa80-0a911d55a52c,f8b629fa-d5dd-4b70-8d65-eacd20128ec1,true,
f79d0e43-ac98-45be-aa80-0a911d55a52c,88dedee1-fd9b-436a-9474-07423c400ac5,true,
f79d0e43-ac98-45be-aa80-0a911d55a52c,7311d5d0-9adb-409d-8857-9ccad4325b55,true,
f79d0e43-ac98-45be-aa80-0a911d55a52c,4fab558e-9978-4c34-9b43-e4a0d57296db,true,
f79d0e43-ac98-45be-aa80-0a911d55a52c,752dd537-adf5-4a3b-91de-89b4b05cabcc,true,
f79d0e43-ac98-45be-aa80-0a911d55a52c,89658762-8cfc-49db-ac6e-5121bf3db7ea,true,
f79d0e43-ac98-45be-aa80-0a911d55a52c,7ab7922e-6350-4c21-9a23-ba9b8c6f211d,true,
f79d0e43-ac98-45be-aa80-0a911d55a52c,e9638096-7655-41bc-83aa-243fae3400a4,true,
f79d0e43-ac98-45be-aa80-0a911d55a52c,9cf00182-c920-4cf7-a0d2-9ad70ccd143a,true,
f79d0e43-ac98-45be-aa80-0a911d55a52c,704c240e-2ed1-4bba-a268-40c29c9be3f7,true,
f79d0e43-ac98-45be-aa80-0a911d55a52c,e3db10c6-84c1-4dc8-9eda-bfa0bd366fec,true,
f79d0e43-ac98-45be-aa80-0a911d55a52c,33a0bb6c-a224-4183-934e-86f1df57f580,true,
f79d0e43-ac98-45be-aa80-0a911d55a52c,f0f39a51-b067-4427-87dd-3d4478ed5e12,true,
f79d0e43-ac98-45be-aa80-0a911d55a52c,5423549d-1c32-45e3-9b43-1b243702fa55,true,
f79d0e43-ac98-45be-aa80-0a911d55a52c,872c500d-f2d3-458c-be06-b6073874aae6,true,
f79d0e43-ac98-45be-aa80-0a911d55a52c,ba46bbf3-c894-4051-88ea-8e5595548d7c,true,
f79d0e43-ac98-45be-aa80-0a911d55a52c,d21018f4-78ab-4fab-bc12-28bc426800df,true,
f79d0e43-ac98-45be-aa80-0a911d55a52c,55306262-2112-4323-b521-469e7a06db5a,true,
f79d0e43-ac98-45be-aa80-0a911d55a52c,365724c6-9c7f-40e5-80aa-3392955bb3a4,true,
f79d0e43-ac98-45be-aa80-0a911d55a52c,08bb1565-9bf8-4ee6-b698-455a289fe92c,true,
f79d0e43-ac98-45be-aa80-0a911d55a52c,1600938e-8c2f-467a-b4b2-0298cf2b04f3,true,
f79d0e43-ac98-45be-aa80-0a911d55a52c,b73ea857-f0e3-4243-a7c0-8825f3d1923c,true,
f79d0e43-ac98-45be-aa80-0a911d55a52c,012ed692-17b5-4cb7-850b-f26bc07848cd,true,
f79d0e43-ac98-45be-aa80-0a911d55a52c,3a0ee25e-1d90-417f-9d8d-7291da7b48c1,true,
f79d0e43-ac98-45be-aa80-0a911d55a52c,f577f0c0-d079-4000-a810-c24e7678ed46,true,
f79d0e43-ac98-45be-aa80-0a911d55a52c,db966714-7808-49c1-b58b-858eacc9be2c,true,
f79d0e43-ac98-45be-aa80-0a911d55a52c,3b69f5ee-06ec-490a-88d6-8b5bfcd92abf,true,
f79d0e43-ac98-45be-aa80-0a911d55a52c,fe545e0f-be28-40dc-bb71-c6b28cfdbe19,true,
f79d0e43-ac98-45be-aa80-0a911d55a52c,beacbc30-7988-41a4-ba1d-1e586097f10f,true,
f79d0e43-ac98-45be-aa80-0a911d55a52c,91e0fa65-2d9a-4539-a3a1-959503a2d7b5,true,
f79d0e43-ac98-45be-aa80-0a911d55a52c,fa6910c2-2aff-4e56-b518-de62fa0be059,true,
f79d0e43-ac98-45be-aa80-0a911d55a52c,78e63cdb-22ad-449d-b6ca-b78a2222356c,true,
f79d0e43-ac98-45be-aa80-0a911d55a52c,10eb5615-002c-47ad-a45e-c76ed4a29c7f,true,
f79d0e43-ac98-45be-aa80-0a911d55a52c,f97c9e04-cf58-4df3-ba7a-5eaca5e5f968,true,
f79d0e43-ac98-45be-aa80-0a911d55a52c,18b3dccb-eb67-4857-900c-4a4b92ae83ea,true,
f79d0e43-ac98-45be-aa80-0a911d55a52c,f1de6fbd-daf6-4ff2-a221-076d21a92fca,true,
f79d0e43-ac98-45be-aa80-0a911d55a52c,6c6b1296-b8de-4a37-8d97-f16c5e89766f,true,
f79d0e43-ac98-45be-aa80-0a911d55a52c,27400d3a-dc45-4999-9353-42e162880dfe,true,
f79d0e43-ac98-45be-aa80-0a911d55a52c,6f69630f-a30b-46a7-8d96-8e6a777f9faf,true,
f79d0e43-ac98-45be-aa80-0a911d55a52c,8a0e66d2-3e11-435b-a1b8-9f700681ad9f,true,
f79d0e43-ac98-45be-aa80-0a911d55a52c,87e05da8-3286-48a1-8c43-1c047d530de2,true,
f79d0e43-ac98-45be-aa80-0a911d55a52c,7661be22-d171-455d-a439-24ed5b395df7,true,
f79d0e43-ac98-45be-aa80-0a911d55a52c,d4030c50-8d25-4924-b622-b4dd103f57da,true,
f79d0e43-ac98-45be-aa80-0a911d55a52c,e987238f-68dd-40b9-a9c9-7f0c17ad4973,true,
f79d0e43-ac98-45be-aa80-0a911d55a52c,01a7f64c-e123-44fa-ae11-1057c5ac8c23,true,
f79d0e43-ac98-45be-aa80-0a911d55a52c,3a560b1e-65ff-4e1e-a4cc-10a96771d626,true,
f79d0e43-ac98-45be-aa80-0a911d55a52c,f4747576-78bc-4236-819b-2345fb0282f6,true,
f79d0e43-ac98-45be-aa80-0a911d55a52c,a49093db-dc54-4820-82ed-861f303f4388,true,
f79d0e43-ac98-45be-aa80-0a911d55a52c,90e9d5af-791f-4621-9ff7-d16a993371dd,true,
f79d0e43-ac98-45be-aa80-0a911d55a52c,7ec9f037-2aea-4af8-a98d-52aab3e77788,true,
f79d0e43-ac98-45be-aa80-0a911d55a52c,c3cc92ba-f063-4174-a518-820cd6b30e1d,true,
f79d0e43-ac98-45be-aa80-0a911d55a52c,0ef5db96-5b2e-4ced-8ecd-0afefe18e683,true,
f79d0e43-ac98-45be-aa80-0a911d55a52c,ad7919d9-be44-4c91-929d-38f4f314181e,true,
f79d0e43-ac98-45be-aa80-0a911d55a52c,9034a94a-4844-4f9a-a0e0-4e0ab44bf500,true,
f79d0e43-ac98-45be-aa80-0a911d55a52c,a4fc4c52-162e-4407-82c3-ea13a01dc570,true,
f79d0e43-ac98-45be-aa80-0a911d55a52c,81c0c51f-4755-4fee-837b-307d5766c92b,true,
f79d0e43-ac98-45be-aa80-0a911d55a52c,7eb7d85f-e06c-4c3f-b625-d3617530517e,true,
f79d0e43-ac98-45be-aa80-0a911d55a52c,7c44680f-c255-4155-931f-63e62a1cd287,true,
f79d0e43-ac98-45be-aa80-0a911d55a52c,f6e420fb-29ae-45cc-a475-3a871aa938f3,true,
f79d0e43-ac98-45be-aa80-0a911d55a52c,3c10dde8-c007-463f-b4b5-d601a21156f2,true,
f79d0e43-ac98-45be-aa80-0a911d55a52c,2fdf3742-7c22-4e2a-8a48-e17afcd07093,true,
f79d0e43-ac98-45be-aa80-0a911d55a52c,6f7cd7e9-b49c-4e2c-a34a-199130c71784,true,
f79d0e43-ac98-45be-aa80-0a911d55a52c,68ea4514-f23e-4ee1-9a4a-da55a0cef3f2,true,
f79d0e43-ac98-45be-aa80-0a911d55a52c,7af24456-16c7-4c7c-94ef-89a6f7279dba,true,
f79d0e43-ac98-45be-aa80-0a911d55a52c,f200f94c-9292-4022-93e0-94820d1c9b8d,true,
f79d0e43-ac98-45be-aa80-0a911d55a52c,00e5288a-e5d3-45f9-84cb-03984d8823f1,true,
f79d0e43-ac98-45be-aa80-0a911d55a52c,9e3fdd99-7158-4177-be88-4bacb79ec220,true,
f79d0e43-ac98-45be-aa80-0a911d55a52c,44a91eb5-4e54-4466-a669-3e166b4a0195,true,
f79d0e43-ac98-45be-aa80-0a911d55a52c,ad89d250-7e10-453a-9645-5a397fa255bc,true,
f79d0e43-ac98-45be-aa80-0a911d55a52c,8325eb9a-c39a-4587-80b8-75f5dc40a232,true,
f79d0e43-ac98-45be-aa80-0a911d55a52c,a1659d79-10a2-440b-bd89-e58992bbbe2f,true,
f79d0e43-ac98-45be-aa80-0a911d55a52c,0c621073-34b1-49fc-a4c8-ea249d284551,true,
f79d0e43-ac98-45be-aa80-0a911d55a52c,e8c37446-296f-4f27-a2aa-58f5555cddac,true,
f79d0e43-ac98-45be-aa80-0a911d55a52c,53f75c05-b882-4b00-a863-15a0197dfe72,true,
f79d0e43-ac98-45be-aa80-0a911d55a52c,cfa29632-c629-44ea-a819-161f686a9acc,true,
f79d0e43-ac98-45be-aa80-0a911d55a52c,12c0b51e-76b9-45c7-86c6-f8222d45ada4,true,
f79d0e43-ac98-45be-aa80-0a911d55a52c,c8d2f534-e844-43ac-b053-0a7b94b4b8d5,true,
f79d0e43-ac98-45be-aa80-0a911d55a52c,1599b438-fefb-491e-bdec-80f0ff163744,true,
f79d0e43-ac98-45be-aa80-0a911d55a52c,777d1a46-7360-489a-895d-de0a7d6fead4,true,
f79d0e43-ac98-45be-aa80-0a911d55a52c,50ee4edc-e330-4c19-be86-7c49ba95fe70,true,
f79d0e43-ac98-45be-aa80-0a911d55a52c,62a94524-38e9-4c57-9fa8-b930abf32627,true,
f79d0e43-ac98-45be-aa80-0a911d55a52c,ffac9e98-6693-4c5f-8451-5b77f0ce2d6b,true,
f79d0e43-ac98-45be-aa80-0a911d55a52c,3f2a61d9-119c-41ba-a5f6-1281b4247a56,true,
f79d0e43-ac98-45be-aa80-0a911d55a52c,b207a021-e090-4798-a66d-aa913e2122a3,true,
f79d0e43-ac98-45be-aa80-0a911d55a52c,ed474c8b-5fbf-4d6f-b851-f0b245112cd5,true,
f79d0e43-ac98-45be-aa80-0a911d55a52c,e4e0c66b-740f-4fa7-88de-f9b4de7afd19,true,
f79d0e43-ac98-45be-aa80-0a911d55a52c,ea0793b0-1c12-4f70-a6ff-6caacb3a7cb0,true,
f79d0e43-ac98-45be-aa80-0a911d55a52c,e01b5c31-502a-41a3-bcea-fb8f70c5e2b6,true,
f79d0e43-ac98-45be-aa80-0a911d55a52c,47277a90-0b4a-40bc-8371-e8bb35ef80ec,true,
f79d0e43-ac98-45be-aa80-0a911d55a52c,3854055a-6180-4c1a-8938-2eb3fb727e62,true,
f79d0e43-ac98-45be-aa80-0a911d55a52c,09a74294-dbc2-4dd0-8334-ba85a7da64dc,true,
f79d0e43-ac98-45be-aa80-0a911d55a52c,9a43a46a-c169-47ef-84e5-89c3ffd4603b,true,
f79d0e43-ac98-45be-aa80-0a911d55a52c,84a93cfb-5714-4b3e-8236-29373cfe4e86,true,
f79d0e43-ac98-45be-aa80-0a911d55a52c,a2e24653-0f01-494d-92bd-53153a28b053,true,
f79d0e43-ac98-45be-aa80-0a911d55a52c,78e2b049-ad5b-4147-9b3e-6aba6db4a5be,true,
f79d0e43-ac98-45be-aa80-0a911d55a52c,fc7dbc5c-20b8-4562-bd86-b3a44edb04d7,true,
f79d0e43-ac98-45be-aa80-0a911d55a52c,defbd430-0a42-43c3-bef6-8fb8c7b05c37,true,
f79d0e43-ac98-45be-aa80-0a911d55a52c,cbf76098-4ae5-45e7-9cbf-0e293ca622f5,true,
f79d0e43-ac98-45be-aa80-0a911d55a52c,b59ba775-018a-45ad-a9de-43a69b82ede8,true,
f79d0e43-ac98-45be-aa80-0a911d55a52c,199b5446-749d-4000-b8ca-07710b551dd8,true,
f79d0e43-ac98-45be-aa80-0a911d55a52c,26e0cada-8d06-4b37-8c2b-44dbced3d319,true,
f79d0e43-ac98-45be-aa80-0a911d55a52c,50334a40-2d88-4d90-95fb-cb2dac06357a,true,
f79d0e43-ac98-45be-aa80-0a911d55a52c,80d75b56-dc70-4328-9588-c568aae0f2a0,true,
f79d0e43-ac98-45be-aa80-0a911d55a52c,631e28a7-1c15-452d-8967-601fd389dbec,true,
f79d0e43-ac98-45be-aa80-0a911d55a52c,926d6062-a601-4866-bb63-632c297bcf26,true,
f79d0e43-ac98-45be-aa80-0a911d55a52c,8117825f-bd9f-4c67-bb58-8bd69bf0aee3,true,
f79d0e43-ac98-45be-aa80-0a911d55a52c,71cf4c91-d0be-4da7-95af-8e0fae383c54,true,
f79d0e43-ac98-45be-aa80-0a911d55a52c,bda25f99-235f-4d2f-b8cc-1d5766b02714,true,
f79d0e43-ac98-45be-aa80-0a911d55a52c,1d53ca1a-0a3e-465e-9d61-e7252ab27c72,true,
f79d0e43-ac98-45be-aa80-0a911d55a52c,7edaf1aa-35cd-49c0-b2ed-26261919a837,true,
f79d0e43-ac98-45be-aa80-0a911d55a52c,0d67dd81-fa04-4819-bb66-044f8ff2ce07,true,
f79d0e43-ac98-45be-aa80-0a911d55a52c,2008f813-0851-4034-b67e-9f96be42df3d,true,
f79d0e43-ac98-45be-aa80-0a911d55a52c,7a935d0f-aa55-4863-9712-daeeafd81ef1,true,
f79d0e43-ac98-45be-aa80-0a911d55a52c,5c4901ba-c2fb-4913-ae18-30e5c274c50f,true,
f79d0e43-ac98-45be-aa80-0a911d55a52c,ee32f371-5d21-43d1-a669-54c44b49153a,true,
f79d0e43-ac98-45be-aa80-0a911d55a52c,382fc1b8-80e1-43ec-b272-99e292ca8bff,true,
f79d0e43-ac98-45be-aa80-0a911d55a52c,3fc157c3-ebd9-42c1-95c0-56ecae0fe86c,true,
f79d0e43-ac98-45be-aa80-0a911d55a52c,f97cf37f-5c18-433f-9696-ec5dbe608952,true,
f79d0e43-ac98-45be-aa80-0a911d55a52c,bcd5cf40-d4ec-4603-9ad3-b49b1289a239,true,
f79d0e43-ac98-45be-aa80-0a911d55a52c,c678b4ca-4041-4c45-a673-7d4578012d4b,true,
56ee44f5-58a0-464b-bf10-064ac7e13a2f,e4fb254a-dec6-490c-8ab0-8cfdfc47a070,true,
56ee44f5-58a0-464b-bf10-064ac7e13a2f,c5562348-e259-436a-b55a-08946da0f6ed,true,
56ee44f5-58a0-464b-bf10-064ac7e13a2f,06c8f00a-5bc5-42b0-907c-822e204ddee0,false,[NO_5XX] Unexpected 5XX response: 504
56ee44f5-58a0-464b-bf10-064ac7e13a2f,201b38ab-8d47-49b8-b802-dd5db75473d2,true,
56ee44f5-58a0-464b-bf10-064ac7e13a2f,ff9bc998-25dd-4add-8692-681e53d8d21c,true,
56ee44f5-58a0-464b-bf10-064ac7e13a2f,065c63c1-25ec-4440-8b3c-ae9fc675e9fb,true,
56ee44f5-58a0-464b-bf10-064ac7e13a2f,04c2d874-c29d-4238-bff6-4b86428ce148,true,
56ee44f5-58a0-464b-bf10-064ac7e13a2f,7c919c94-e26f-47ee-aa8f-09b3e2dc3958,true,
3185ca87-1445-4836-8db3-5913bfa2e805,a4550158-0aec-43f9-91f5-847d747811dd,true,
3185ca87-1445-4836-8db3-5913bfa2e805,5957675c-d41b-4040-8220-9cd68d99f8da,true,
3185ca87-1445-4836-8db3-5913bfa2e805,632b2f98-3257-43c5-bd29-cd985228f883,false,[NO_5XX] Unexpected 5XX response: 500
3185ca87-1445-4836-8db3-5913bfa2e805,6796c2ef-343d-49dc-a831-55e5be906407,true,
3185ca87-1445-4836-8db3-5913bfa2e805,be4845a9-d237-4f56-85e7-6d28d8b6c44c,true,
3185ca87-1445-4836-8db3-5913bfa2e805,0ffe7257-b447-42fa-9ff4-d422046ee8a8,true,
3185ca87-1445-4836-8db3-5913bfa2e805,c6e8b6dc-8bcc-4e6f-a32c-13eaec116690,true,
3185ca87-1445-4836-8db3-5913bfa2e805,f42fcc95-59e7-4a9e-8136-2846f95bce9c,true,
2c616944-3755-4b1d-8a39-9245576b573e,8a0049d8-aded-4de9-b60a-8d5a8d84055a,true,
2c616944-3755-4b1d-8a39-9245576b573e,fffd8237-2434-4f34-9a1a-47f0b4bd911e,true,
2c616944-3755-4b1d-8a39-9245576b573e,8091885f-f335-4b49-8726-8a59db2641be,false,[NO_5XX] Unexpected 5XX response: 500
2c616944-3755-4b1d-8a39-9245576b573e,4b5b5142-a885-489d-81a8-ea3b69d84b8b,true,
2c616944-3755-4b1d-8a39-9245576b573e,94ac9950-b9ed-40de-a4db-907a8e4f0629,true,
2c616944-3755-4b1d-8a39-9245576b573e,089274f0-988f-472c-bc49-15071ad85cae,true,
2c616944-3755-4b1d-8a39-9245576b573e,9871e23c-a6eb-4f55-ab52-f3bb7ad09642,true,
2c616944-3755-4b1d-8a39-9245576b573e,db812e75-bb2c-402e-93f4-de4f173c1c65,true,
2c616944-3755-4b1d-8a39-9245576b573e,9509f9ec-bdeb-47c4-8467-7ee17cedaf5a,true,
2c616944-3755-4b1d-8a39-9245576b573e,ea5efa7d-27a1-40ae-83b8-a9f717941501,true,
2c616944-3755-4b1d-8a39-9245576b573e,657ea714-4ce7-4c0f-af29-92702ab03adc,true,
2c616944-3755-4b1d-8a39-9245576b573e,66fee160-a657-42fb-bee8-9fabc117ae1d,true,
2c616944-3755-4b1d-8a39-9245576b573e,7a277013-fd2c-4a92-b2a3-fc6ea68741fd,true,
2c616944-3755-4b1d-8a39-9245576b573e,3cfb6841-4e02-4f59-af05-29bc7225698f,true,
2c616944-3755-4b1d-8a39-9245576b573e,8ed496b0-67a7-4f91-9270-0769a0291af0,true,
2c616944-3755-4b1d-8a39-9245576b573e,728268b2-2f49-4a3e-a5a3-032faec572e2,true,
2c616944-3755-4b1d-8a39-9245576b573e,91995097-2c10-4fc1-972e-35d65a2fdae4,true,
2c616944-3755-4b1d-8a39-9245576b573e,298aeb01-0c55-47ec-8c2f-190312a76b33,true,
2c616944-3755-4b1d-8a39-9245576b573e,eaaf8b42-9d57-4f16-a8ba-f1fc82c5b7da,true,
2c616944-3755-4b1d-8a39-9245576b573e,1e7e4cd2-c0da-42e3-a7ba-b721cdf4990e,true,
2c616944-3755-4b1d-8a39-9245576b573e,4c5287ca-b30a-4c81-9144-75c2892c3593,true,
2c616944-3755-4b1d-8a39-9245576b573e,6d6cb256-34e0-4115-9958-76dcac4e8f92,true,
2c616944-3755-4b1d-8a39-9245576b573e,ea866932-fe6c-41a4-b330-e131a2aed1fb,true,
2c616944-3755-4b1d-8a39-9245576b573e,b64f3f65-a5e8-44fe-8aba-98becd9056f1,true,
2c616944-3755-4b1d-8a39-9245576b573e,e1587ddc-d796-45da-8318-14e827f4fdcd,true,
2c616944-3755-4b1d-8a39-9245576b573e,37a58439-6446-44c1-890c-cb35592edb2f,true,
2c616944-3755-4b1d-8a39-9245576b573e,1eef7222-c972-458d-9bda-ce7b12878997,true,
2c616944-3755-4b1d-8a39-9245576b573e,0de42d01-8934-4380-abff-99f2b21e1535,true,
2c616944-3755-4b1d-8a39-9245576b573e,e20a69ab-2016-49e0-9e34-82034878193b,true,
2c616944-3755-4b1d-8a39-9245576b573e,d9f4c1d7-1ed4-4d7c-806a-2d53a8e8e6bf,true,
2c616944-3755-4b1d-8a39-9245576b573e,7e93be11-2d95-46c5-a45b-29e9046aa087,true,
2c616944-3755-4b1d-8a39-9245576b573e,8813f47f-4d3c-4450-b301-377478d1bb16,true,
2c616944-3755-4b1d-8a39-9245576b573e,beab6700-11f4-44b1-bdac-03a36bbb91f8,true,
2c616944-3755-4b1d-8a39-9245576b573e,bfbd309e-c65a-4046-9e06-ef59c99fa1f0,true,
2c616944-3755-4b1d-8a39-9245576b573e,95159122-a31d-48b4-bc50-dcd06151568e,true,
2c616944-3755-4b1d-8a39-9245576b573e,b4fb3344-4139-47e0-82a4-b4ad79787c0d,true,
2c616944-3755-4b1d-8a39-9245576b573e,6b609ed9-21e8-4302-a17f-b13e8cbeb774,true,
2c616944-3755-4b1d-8a39-9245576b573e,edc34233-453c-438f-b576-f3d6ada85414,true,
2c616944-3755-4b1d-8a39-9245576b573e,6a11af34-4ca9-49a6-af51-a46efa75f68d,true,
2c616944-3755-4b1d-8a39-9245576b573e,5a8141a3-2aa5-4ebd-b71d-b0049f62e959,true,
2c616944-3755-4b1d-8a39-9245576b573e,3ad85824-09b5-4e15-ab6b-0a838684f091,true,
2c616944-3755-4b1d-8a39-9245576b573e,998e3f6d-c3f0-4c3e-a935-2fe3c1defb5a,true,
2c616944-3755-4b1d-8a39-9245576b573e,a3070970-06d1-41ef-9595-46157dec4064,true,
2c616944-3755-4b1d-8a39-9245576b573e,9e80815c-0c17-46b0-b0e0-73369e5ec39d,true,
2c616944-3755-4b1d-8a39-9245576b573e,f3a459e9-146b-438b-bd37-9ab96bbf6dd1,true,
2c616944-3755-4b1d-8a39-9245576b573e,e4178a9e-6eb8-484c-bdbe-cbc1d77427e4,true,
2c616944-3755-4b1d-8a39-9245576b573e,66d2044a-de90-4344-a6f7-a84f6bc66901,true,
2c616944-3755-4b1d-8a39-9245576b573e,2a062600-1744-4755-9811-ddc858d6d360,true,
2c616944-3755-4b1d-8a39-9245576b573e,96a7f417-b178-4af8-a6f7-1355e972314a,true,
2c616944-3755-4b1d-8a39-9245576b573e,b780444c-b9ea-4671-ad1f-4892576dbed9,true,
2c616944-3755-4b1d-8a39-9245576b573e,8741d974-6e57-4b3b-81d9-0a4328a7cf64,true,
2c616944-3755-4b1d-8a39-9245576b573e,fd3db2a3-e886-487f-ba5d-7ce43d19784c,true,
2c616944-3755-4b1d-8a39-9245576b573e,0068cdfa-02f0-47f1-a624-847c47153272,true,
2c616944-3755-4b1d-8a39-9245576b573e,3f2ece60-bbde-4bf4-bb0d-55655e29a656,true,
2c616944-3755-4b1d-8a39-9245576b573e,5eb86f62-d8e0-4735-bcd8-46650d4ba97c,true,
2c616944-3755-4b1d-8a39-9245576b573e,a410c47b-8821-4d5a-bae8-d3876f797c49,true,
2c616944-3755-4b1d-8a39-9245576b573e,51bf78d9-cb29-470b-958b-f851240ea2bd,true,
2c616944-3755-4b1d-8a39-9245576b573e,f5acd652-ee5a-45ae-8b03-f7e7e91c2c5d,true,
71c061e2-c41d-485c-a198-ca2e56422227,eeb313d9-7aef-4f73-adec-4b2c21953ebb,true,
71c061e2-c41d-485c-a198-ca2e56422227,18418ace-ed97-4de1-82d1-53a46accd65a,true,
71c061e2-c41d-485c-a198-ca2e56422227,270080d3-5974-4488-a0f4-d0dbd60f0c1b,false,[NO_5XX] Unexpected 5XX response: 502
71c061e2-c41d-485c-a198-ca2e56422227,46690f5d-448e-472b-b961-cc89d5da0681,true,
71c061e2-c41d-485c-a198-ca2e56422227,97fc9754-eead-4a91-a200-14e7ecfb6176,true,
71c061e2-c41d-485c-a198-ca2e56422227,604b93bf-ccc8-4386-a6b8-f9df5ce1592c,true,
71c061e2-c41d-485c-a198-ca2e56422227,9ec8757c-9ed1-49e9-957b-324ffc33f52c,true,
71c061e2-c41d-485c-a198-ca2e56422227,fc0afed2-71e9-4038-9105-20aedadc58c9,true,
259f2c60-7b0e-4391-b8a9-95a24730a402,5e68578c-dbdf-4b2d-9d10-0b122e516963,true,
259f2c60-7b0e-4391-b8a9-95a24730a402,f403cd45-de33-46ba-a5ba-b4e58439e006,true,
259f2c60-7b0e-4391-b8a9-95a24730a402,9075c4dd-aabb-4576-a4e3-cc0fe680ca62,false,[NO_5XX] Unexpected 5XX response: 503
259f2c60-7b0e-4391-b8a9-95a24730a402,86cbc89e-647d-4b43-b62f-2b9342b08d84,true,
259f2c60-7b0e-4391-b8a9-95a24730a402,dfcfd56e-01a3-452a-8a4a-3f4a6910ddc0,true,
259f2c60-7b0e-4391-b8a9-95a24730a402,9362f50d-9c9f-43e8-86c6-8bbf6f36b760,true,
259f2c60-7b0e-4391-b8a9-95a24730a402,c844d7d0-6cec-4803-93f7-9dca66256dde,true,
259f2c60-7b0e-4391-b8a9-95a24730a402,88bfe012-1f33-4d78-9d88-e053d7930f3f,true,
f758bd73-bf99-414f-8c7b-2d134472d811,f425dc2b-1317-4fac-9e0b-87598df66d43,true,
f758bd73-bf99-414f-8c7b-2d134472d811,2e198df0-9122-4ab4-9644-98fac4376a63,true,
f758bd73-bf99-414f-8c7b-2d134472d811,b7deef60-699c-432a-97d2-d726791c6508,false,[NO_5XX] Unexpected 5XX response: 500
f758bd73-bf99-414f-8c7b-2d134472d811,af3e581e-d357-4077-960f-3e2760f8dada,true,
f758bd73-bf99-414f-8c7b-2d134472d811,405523fd-0b45-4ed4-8363-2c39c401d7a0,true,
f758bd73-bf99-414f-8c7b-2d134472d811,16434646-d0dd-44f6-a73b-5190ebdb2f69,true,
f758bd73-bf99-414f-8c7b-2d134472d811,2dac8706-ca8a-483e-b92e-c4dca914dcca,true,
f758bd73-bf99-414f-8c7b-2d134472d811,4ab50ed9-e285-4a36-99ce-6c4404607c08,true,
974771f9-2f39-4b2b-9a89-65304c15d740,3c043e78-f1c1-4521-9df5-78032aac05a7,true,
974771f9-2f39-4b2b-9a89-65304c15d740,fd6009ac-c677-47a8-8d1b-7317d900ce66,true,
974771f9-2f39-4b2b-9a89-65304c15d740,56f2d5ae-4fed-4463-93d5-2455ac7eeeb8,false,[NO_5XX] Unexpected 5XX response: 504
974771f9-2f39-4b2b-9a89-65304c15d740,0d9daed5-9d38-4206-9afc-451d4bc0a5f3,true,
974771f9-2f39-4b2b-9a89-65304c15d740,d097c567-e6d3-4ef7-8fe9-48d3daa6a931,true,
974771f9-2f39-4b2b-9a89-65304c15d740,7241d489-df1c-4519-bde6-3641a0c31cea,true,
974771f9-2f39-4b2b-9a89-65304c15d740,d5817f7b-dea6-45ca-a3bd-3bc8fd5c8624,true,
974771f9-2f39-4b2b-9a89-65304c15d740,7938d7c0-daaf-434a-9913-44d5e2d74b71,true,
311d2240-484f-4d30-a8fa-0bd5cba4687f,fcd29af3-f643-4ad0-a7e0-c114686ca61d,true,
311d2240-484f-4d30-a8fa-0bd5cba4687f,716ae021-77f3-4b55-be9b-e85d86d7eae5,true,
311d2240-484f-4d30-a8fa-0bd5cba4687f,747f538c-0172-4685-99bf-11a84d296ee4,false,[NO_5XX] Unexpected 5XX response: 502
311d2240-484f-4d30-a8fa-0bd5cba4687f,c09e7e18-42bd-4724-829b-9b29113ec1d9,true,
311d2240-484f-4d30-a8fa-0bd5cba4687f,b9c73347-e6f0-4f16-a9d9-13069fcd441d,true,
311d2240-484f-4d30-a8fa-0bd5cba4687f,c5e050ab-9a26-4070-b9bc-6bf12041473c,true,
311d2240-484f-4d30-a8fa-0bd5cba4687f,5ed7b71b-1b76-499b-a7cb-592ef393e437,true,
311d2240-484f-4d30-a8fa-0bd5cba4687f,d7de1c6d-97d2-4137-b087-d6736b8667ba,true,
86c7940a-b49c-4ad0-890f-9b6dce819d95,1356f5ac-835f-41ee-968a-a7ce32d2f9d2,true,
86c7940a-b49c-4ad0-890f-9b6dce819d95,ee57cd7f-fac1-4a44-97fa-f217da59f4d9,true,
86c7940a-b49c-4ad0-890f-9b6dce819d95,5313a318-4e41-4df3-9619-609bac91fb19,false,[NO_5XX] Unexpected 5XX response: 503
86c7940a-b49c-4ad0-890f-9b6dce819d95,7a7fe791-3916-4778-9884-1a61c88d7aef,true,
86c7940a-b49c-4ad0-890f-9b6dce819d95,d3033971-d62d-4fac-9218-83a092754074,true,
86c7940a-b49c-4ad0-890f-9b6dce819d95,f5751e1e-b959-456a-a923-ce19f49ce8d2,true,
86c7940a-b49c-4ad0-890f-9b6dce819d95,37824c1e-af3b-4c96-82c8-fbbb2aad1f76,true,
86c7940a-b49c-4ad0-890f-9b6dce819d95,a67ca74f-fcf0-4a5f-906b-62450b69043d,true,
c115d0d7-3c3d-4c68-8de0-6a85da7d22bc,f6ef74c5-c42e-479c-a715-958564d0428d,true,
c115d0d7-3c3d-4c68-8de0-6a85da7d22bc,a0fb1355-e9df-4e99-ac8c-e868a992a28b,true,
c115d0d7-3c3d-4c68-8de0-6a85da7d22bc,322518ef-96ee-4249-b9d5-d6334a7ed1ae,false,[NO_5XX] Unexpected 5XX response: 501
c115d0d7-3c3d-4c68-8de0-6a85da7d22bc,fe16921a-736f-4ade-b2c8-c8f794ccea29,true,
c115d0d7-3c3d-4c68-8de0-6a85da7d22bc,f3b78426-fd6f-4b04-8b89-ac543523a410,true,
c115d0d7-3c3d-4c68-8de0-6a85da7d22bc,95d4e1a6-84d7-4ce4-9566-e30029094d34,true,
c115d0d7-3c3d-4c68-8de0-6a85da7d22bc,8c754321-96e6-49ae-ae3f-b5dc6026638f,true,
c115d0d7-3c3d-4c68-8de0-6a85da7d22bc,c95d53a5-862c-46a9-ab25-75adf0daa009,true,
b67c68a4-c730-4663-a8bf-aeedd21e54b0,e7e81150-21a8-4043-9b6a-8d280fe8d61d,true,
b67c68a4-c730-4663-a8bf-aeedd21e54b0,c0b62a59-9ada-4586-b886-8969853456ed,true,
b67c68a4-c730-4663-a8bf-aeedd21e54b0,a898ede2-f74d-449d-b5bc-cc1653d28a0a,false,[NO_5XX] Unexpected 5XX response: 504
b67c68a4-c730-4663-a8bf-aeedd21e54b0,1b8a0106-b872-4e90-ba87-ae76bc0157c8,true,
b67c68a4-c730-4663-a8bf-aeedd21e54b0,7e3fb647-0345-4a4b-8569-7f1c5f962d7c,true,
b67c68a4-c730-4663-a8bf-aeedd21e54b0,f4c25f2b-db73-4380-b6fb-9725a98916c9,true,
b67c68a4-c730-4663-a8bf-aeedd21e54b0,b38e3bcb-b57c-4881-b1b4-d5aaeadc2087,true,
b67c68a4-c730-4663-a8bf-aeedd21e54b0,323e5c0e-ba79-4166-9ac0-a0ed9981e1ac,true,
5e7921a6-b713-44ef-993d-23826aa87022,5cfdc2d7-7bbf-4161-a80f-1ab6dee5f5ea,true,
5e7921a6-b713-44ef-993d-23826aa87022,3ead4861-dfff-4efe-83be-b7451ffae611,true,
5e7921a6-b713-44ef-993d-23826aa87022,1c07f23b-b23a-4c5d-9ce0-cd8c96ba2163,false,[NO_5XX] Unexpected 5XX response: 501
5e7921a6-b713-44ef-993d-23826aa87022,4392a1e1-f912-4e61-8817-5fca978eba82,true,
5e7921a6-b713-44ef-993d-23826aa87022,27a9374b-1eaa-4239-9592-f2c05ab6207a,true,
5e7921a6-b713-44ef-993d-23826aa87022,8eaaef53-12a1-422c-88eb-9381ab41fa82,true,
5e7921a6-b713-44ef-993d-23826aa87022,9a135a64-47bd-4cd8-99f0-89971237ddc9,true,
5e7921a6-b713-44ef-993d-23826aa87022,9416e68a-a5c3-4367-9444-9dda28675e81,true,
4bd294aa-7f19-4b77-8c83-6b5bb32ddc86,48312471-3876-498e-a059-942897ab9bd0,true,
4bd294aa-7f19-4b77-8c83-6b5bb32ddc86,ccbac504-b3d6-42b9-917a-3f1636a768ce,true,
4bd294aa-7f19-4b77-8c83-6b5bb32ddc86,c25a30a9-1f69-4ebe-8bea-566fcad2529e,false,[NO_5XX] Unexpected 5XX response: 502
4bd294aa-7f19-4b77-8c83-6b5bb32ddc86,8a568bb4-4cd9-47ee-9c22-4e9a8f2fb997,true,
4bd294aa-7f19-4b77-8c83-6b5bb32ddc86,9ed88009-daad-4d18-9c03-0f9918f7c23a,true,
4bd294aa-7f19-4b77-8c83-6b5bb32ddc86,954936e5-152c-4ceb-86c7-651af37492d5,true,
4bd294aa-7f19-4b77-8c83-6b5bb32ddc86,b101cd7e-9e30-42c2-8176-3dc08a7871c6,true,
4bd294aa-7f19-4b77-8c83-6b5bb32ddc86,d2e07144-1a39-4b76-96f5-b5f2d01bbafe,true,
81ef5895-f462-4e6a-9692-842e93c71ff7,716fe501-b3d9-489a-bc11-cc90f56545eb,true,
81ef5895-f462-4e6a-9692-842e93c71ff7,eee11d87-d0d7-4ee0-bb07-b04a191c3bb0,true,
81ef5895-f462-4e6a-9692-842e93c71ff7,012ceb75-ad60-466b-85af-a3c42e9f93fe,false,[NO_5XX] Unexpected 5XX response: 501
81ef5895-f462-4e6a-9692-842e93c71ff7,12e758e9-4477-40a3-beba-1b134f8db5a1,true,
81ef5895-f462-4e6a-9692-842e93c71ff7,424cebbf-6f1b-4aa6-b86b-aba15f5ab078,true,
81ef5895-f462-4e6a-9692-842e93c71ff7,9ed77a11-4ed4-4d1d-9754-6bd90cb87819,true,
81ef5895-f462-4e6a-9692-842e93c71ff7,694037b9-f1a9-43ad-9990-dee2f742b833,true,
81ef5895-f462-4e6a-9692-842e93c71ff7,2b9db60c-327e-4434-bb83-9f338c3df14a,true,
116d1837-3f2c-4112-b5b7-4eceb1d3b6a3,76bf1566-239f-4c19-820c-4cbd4d374e13,true,
116d1837-3f2c-4112-b5b7-4eceb1d3b6a3,836b6c57-647d-4c33-be78-127b5bd94110,true,
116d1837-3f2c-4112-b5b7-4eceb1d3b6a3,a1c869c6-e2c1-48fb-9dc6-5b6c73b94ebc,false,[NO_5XX] Unexpected 5XX response: 501
116d1837-3f2c-4112-b5b7-4eceb1d3b6a3,0b5c85c2-a3d1-4e55-8e4e-7132ff2481ee,true,
116d1837-3f2c-4112-b5b7-4eceb1d3b6a3,669becb7-bf4a-4fb9-a37d-49a016946885,true,
116d1837-3f2c-4112-b5b7-4eceb1d3b6a3,44ccb820-46a3-46c2-ab40-eb2c76e8daf0,true,
116d1837-3f2c-4112-b5b7-4eceb1d3b6a3,80b74183-bd06-46b1-b51e-02e215aae8ba,true,
116d1837-3f2c-4112-b5b7-4eceb1d3b6a3,ced62b93-d059-4785-ad75-f5f8413cc47b,true,
c1fdb554-7cc6-4163-8c7c-254bee4d4bbb,c108e70a-4f37-4639-a068-4b5491bc1f5d,true,
c1fdb554-7cc6-4163-8c7c-254bee4d4bbb,08e4f507-b4fd-436c-a341-6baeb3e6a7d3,true,
c1fdb554-7cc6-4163-8c7c-254bee4d4bbb,f4333275-c39e-48b7-b583-060e1c81ff69,false,[NO_5XX] Unexpected 5XX response: 501
c1fdb554-7cc6-4163-8c7c-254bee4d4bbb,090b3669-b6b9-4a8d-ad6d-ab46648a9699,true,
c1fdb554-7cc6-4163-8c7c-254bee4d4bbb,8b9f5abd-ea57-44b9-a968-94893f75ec20,true,
c1fdb554-7cc6-4163-8c7c-254bee4d4bbb,2db258dc-5f2f-4c29-b2aa-827c96480bda,true,
c1fdb554-7cc6-4163-8c7c-254bee4d4bbb,b416be6e-0087-4390-a11d-90ad26c19e72,true,
c1fdb554-7cc6-4163-8c7c-254bee4d4bbb,cd5743f0-d1f7-4125-9188-4f75225960fa,true,
11c7d3b0-c3a0-49bd-9fa8-0753f9734381,26049722-a9a4-4266-b56f-69a4ea33642f,true,
11c7d3b0-c3a0-49bd-9fa8-0753f9734381,5ed92ac0-8859-480f-bf4e-f914fb33cf39,true,
11c7d3b0-c3a0-49bd-9fa8-0753f9734381,fee3195b-484e-40bf-b794-7bdccaedec02,false,[NO_5XX] Unexpected 5XX response: 503
11c7d3b0-c3a0-49bd-9fa8-0753f9734381,2a7a414a-8e94-4f3e-b918-5089ae2a774a,true,
11c7d3b0-c3a0-49bd-9fa8-0753f9734381,22b38a17-495b-4822-b387-ee917e7f683e,true,
11c7d3b0-c3a0-49bd-9fa8-0753f9734381,47d2c807-cfd5-441b-840c-d1050993ff36,true,
11c7d3b0-c3a0-49bd-9fa8-0753f9734381,358e1f30-0188-4f28-a4cf-20e80c87cad0,true,
11c7d3b0-c3a0-49bd-9fa8-0753f9734381,5cea4445-a956-49ed-a8dd-9faa44aa5a13,true,
deab84c0-e262-4e80-b70e-f3b6bae787a2,7eec939d-cfa2-4072-8397-bc517c35900f,true,
deab84c0-e262-4e80-b70e-f3b6bae787a2,68f22916-0116-4cee-b38c-6efb1dafe7f2,true,
deab84c0-e262-4e80-b70e-f3b6bae787a2,ca24b30c-e6e1-4d44-bda0-107fcd6c84be,false,[NO_5XX] Unexpected 5XX response: 500
deab84c0-e262-4e80-b70e-f3b6bae787a2,cf284920-820e-4f1f-ad33-43c3830b6441,true,
deab84c0-e262-4e80-b70e-f3b6bae787a2,54197f8d-1925-4919-b424-56032511b9de,true,
deab84c0-e262-4e80-b70e-f3b6bae787a2,5f0cf737-4f60-464d-81d6-3ad456fb5d76,true,
deab84c0-e262-4e80-b70e-f3b6bae787a2,becab41d-1b25-461f-919b-c2d6c9972e37,true,
deab84c0-e262-4e80-b70e-f3b6bae787a2,3f977313-a5b2-45b2-96a2-aa7c9c60150c,true,
34ff674b-9749-4826-9e33-5932c182adea,7f86ed1f-3be4-46e6-ad10-ed523cf5ca58,true,
34ff674b-9749-4826-9e33-5932c182adea,703aad39-9d74-46e9-a8b2-b19c6216270c,true,
34ff674b-9749-4826-9e33-5932c182adea,dfcbb134-9fe8-4258-85c1-51a64a4127c7,false,[NO_5XX] Unexpected 5XX response: 502
34ff674b-9749-4826-9e33-5932c182adea,6b9fd2f7-78ec-4d7f-a294-68a70ee91544,true,
34ff674b-9749-4826-9e33-5932c182adea,3296c58d-079f-4004-8cfb-442474a376d9,true,
34ff674b-9749-4826-9e33-5932c182adea,6c8efc31-15ee-497d-a8c4-deec34dff0a8,true,
34ff674b-9749-4826-9e33-5932c182adea,7d052377-6681-4ac0-8ccc-f02e1e78b566,true,
34ff674b-9749-4826-9e33-5932c182adea,77d8a326-c094-4a62-a3d7-99abf0a0f672,true,
aefe1d04-07ee-4e32-bcbb-49988ebcedd4,6e5f5473-ba79-498d-9e4a-5726ef4d0050,true,
aefe1d04-07ee-4e32-bcbb-49988ebcedd4,f6ad0dcb-88cf-4736-b154-61b22de5653a,true,
aefe1d04-07ee-4e32-bcbb-49988ebcedd4,373c045a-7121-402c-8dd6-5ad69eeb2a84,false,[NO_5XX] Unexpected 5XX response: 503
aefe1d04-07ee-4e32-bcbb-49988ebcedd4,56f2c942-afff-4a73-aef3-6e167b1092d4,true,
aefe1d04-07ee-4e32-bcbb-49988ebcedd4,751e7dd8-fe39-44a1-9fee-1c27b91ed61d,true,
aefe1d04-07ee-4e32-bcbb-49988ebcedd4,64e86dcb-705b-4823-bcb3-530cd6a70911,true,
aefe1d04-07ee-4e32-bcbb-49988ebcedd4,32ad9b9f-7fa3-4358-af71-544f82472546,true,
aefe1d04-07ee-4e32-bcbb-49988ebcedd4,f983cbd2-b7c3-4546-b30d-93a2c5d45073,true,
aefe1d04-07ee-4e32-bcbb-49988ebcedd4,ab338408-1b79-4c60-869a-cbe584088002,true,
aefe1d04-07ee-4e32-bcbb-49988ebcedd4,2129277b-2cc5-4d36-9148-5d3d202544b9,true,
aefe1d04-07ee-4e32-bcbb-49988ebcedd4,8e17ccaa-8a35-4f49-aed5-6c8d8da49bcc,true,
aefe1d04-07ee-4e32-bcbb-49988ebcedd4,d30612db-810e-4105-bd3f-a9a4c2018da1,true,
aefe1d04-07ee-4e32-bcbb-49988ebcedd4,b5c15f14-b26a-4910-be7c-a4e25c76efe4,true,
aefe1d04-07ee-4e32-bcbb-49988ebcedd4,1f5d3ee7-8a06-4929-84da-945dbf3d4762,true,
aefe1d04-07ee-4e32-bcbb-49988ebcedd4,1568e980-1c7d-4faf-8c67-1ade787817e1,true,
aefe1d04-07ee-4e32-bcbb-49988ebcedd4,f56a57f3-dd2e-4b62-a57b-4eecf8d678ee,true,
aefe1d04-07ee-4e32-bcbb-49988ebcedd4,5d7aeee5-e7a7-4b45-a640-88f0051f4d2f,true,
aefe1d04-07ee-4e32-bcbb-49988ebcedd4,26eef58f-1cf4-4525-bea1-c73d6bf43b32,true,
aefe1d04-07ee-4e32-bcbb-49988ebcedd4,7de8b219-ecb6-42a1-a821-0f940691e0cf,true,
aefe1d04-07ee-4e32-bcbb-49988ebcedd4,4d25d3ed-29de-4c65-96ca-b2255a3d8bed,true,
aefe1d04-07ee-4e32-bcbb-49988ebcedd4,19193dfe-b5b7-4675-bff6-7222806bdfe6,true,
aefe1d04-07ee-4e32-bcbb-49988ebcedd4,92322a33-9e6b-4066-8a55-f5baa1f3ee2d,true,
aefe1d04-07ee-4e32-bcbb-49988ebcedd4,f70b84f3-3790-4a74-9246-6fd38a5ebdbf,true,
aefe1d04-07ee-4e32-bcbb-49988ebcedd4,dd406d64-a1ca-433f-bb1a-62c50fbda944,true,
aefe1d04-07ee-4e32-bcbb-49988ebcedd4,04d58ec1-f15b-49ec-b3c5-23b53d6d70c0,true,
aefe1d04-07ee-4e32-bcbb-49988ebcedd4,4865fcb8-8a85-4fe5-8338-3c63516b946a,true,
aefe1d04-07ee-4e32-bcbb-49988ebcedd4,e7d7fe6f-28e9-4c93-a96d-282b95d1cc90,true,
aefe1d04-07ee-4e32-bcbb-49988ebcedd4,acef4e1d-c324-4b0f-b27e-64d0f55563a3,true,
aefe1d04-07ee-4e32-bcbb-49988ebcedd4,e0633025-5760-428e-bad1-af6968bb9b04,true,
aefe1d04-07ee-4e32-bcbb-49988ebcedd4,343b48b4-14ff-4410-9405-9961398d454d,true,
aefe1d04-07ee-4e32-bcbb-49988ebcedd4,d769fb8e-4507-47a9-91ca-9ec0bb28fb3b,true,
aefe1d04-07ee-4e32-bcbb-49988ebcedd4,2bb21584-ea76-4681-b554-788975081488,true,
aefe1d04-07ee-4e32-bcbb-49988ebcedd4,c9d34e8b-df46-4b09-8e16-1ddf2b9947b4,true,
aefe1d04-07ee-4e32-bcbb-49988ebcedd4,cd78bc19-333b-45d1-9abc-2454597b6388,true,
aefe1d04-07ee-4e32-bcbb-49988ebcedd4,e39e295e-ec01-423c-83ac-c95991ec64ac,true,
aefe1d04-07ee-4e32-bcbb-49988ebcedd4,2a585c87-c25e-4546-8dcd-47148b3973df,true,
aefe1d04-07ee-4e32-bcbb-49988ebcedd4,bcb90e60-11ca-4ad4-9997-ff83dff08a14,true,
aefe1d04-07ee-4e32-bcbb-49988ebcedd4,be0988de-f6f4-4e84-92ed-0e48517c9dc7,true,
aefe1d04-07ee-4e32-bcbb-49988ebcedd4,6ab23e47-9e0c-40cc-84a2-bc2e04df70f3,true,
aefe1d04-07ee-4e32-bcbb-49988ebcedd4,2953ea28-7806-4781-9f9b-7489f12faff4,true,
aefe1d04-07ee-4e32-bcbb-49988ebcedd4,260663c1-4f21-4b79-ae47-a63705acdf0b,true,
aefe1d04-07ee-4e32-bcbb-49988ebcedd4,ff307d8d-41cd-4d28-bcd0-99db3c15af4c,true,
aefe1d04-07ee-4e32-bcbb-49988ebcedd4,7efe4fd7-5f11-4186-8bb8-5a6f57b10ff2,true,
aefe1d04-07ee-4e32-bcbb-49988ebcedd4,f7ffd307-68cc-4337-9e07-9fb8c524dc73,true,
aefe1d04-07ee-4e32-bcbb-49988ebcedd4,8f11546c-02d3-4b8b-8971-c2742852cdb9,true,
aefe1d04-07ee-4e32-bcbb-49988ebcedd4,4e1c0ea7-060b-4a23-9369-9714524ad190,true,
aefe1d04-07ee-4e32-bcbb-49988ebcedd4,09a16550-86aa-44e1-90f7-909b95c83ecd,true,
aefe1d04-07ee-4e32-bcbb-49988ebcedd4,dd033911-3cb7-4dbd-a4bd-b653001d8c10,true,
aefe1d04-07ee-4e32-bcbb-49988ebcedd4,aa108dff-da3d-4ab0-9f8d-235517d60dd2,true,
aefe1d04-07ee-4e32-bcbb-49988ebcedd4,b8b4f32b-971a-4f09-9241-ae91c07749dc,true,
aefe1d04-07ee-4e32-bcbb-49988ebcedd4,090515dd-f216-4d78-8d83-3078a9d65478,true,
aefe1d04-07ee-4e32-bcbb-49988ebcedd4,501297bc-0e7b-49eb-9588-3d9fd0d50269,true,
aefe1d04-07ee-4e32-bcbb-49988ebcedd4,d8db9c06-69ca-482a-b5b2-fc5e793f801c,true,
aefe1d04-07ee-4e32-bcbb-49988ebcedd4,00e107e9-f5cf-435b-ab2a-554c0bbe6768,true,
aefe1d04-07ee-4e32-bcbb-49988ebcedd4,c9d79412-0a9d-44eb-959c-a84ebe5bfa05,true,
aefe1d04-07ee-4e32-bcbb-49988ebcedd4,cc87b614-7eb6-43bc-8bcc-496f36e64876,true,
aefe1d04-07ee-4e32-bcbb-49988ebcedd4,9b463a35-fb5a-45a3-8d1a-39e71ff1718e,true,
aefe1d04-07ee-4e32-bcbb-49988ebcedd4,12c6e974-bbef-4cad-8109-eec66abc93f3,true,
aefe1d04-07ee-4e32-bcbb-49988ebcedd4,29f2957f-b216-46ba-a70b-64eab5ef1325,true,
aefe1d04-07ee-4e32-bcbb-49988ebcedd4,34441d47-f6e7-40b6-8ebc-7e5869589c79,true,
aefe1d04-07ee-4e32-bcbb-49988ebcedd4,90735381-68c8-4ce9-9d30-b81e88d55216,true,
aefe1d04-07ee-4e32-bcbb-49988ebcedd4,3aa96fbd-14c5-4009-819d-6ce9fb3f37ef,true,
aefe1d04-07ee-4e32-bcbb-49988ebcedd4,82aa7b3d-8096-451c-9a9c-64d9edd17ecd,true,
aefe1d04-07ee-4e32-bcbb-49988ebcedd4,945805b6-327a-425b-9faf-a81334b476d7,true,
aefe1d04-07ee-4e32-bcbb-49988ebcedd4,b6dd7be4-af27-4b89-a34c-7acd6bfe782f,true,
aefe1d04-07ee-4e32-bcbb-49988ebcedd4,e11e88aa-e1be-4fc7-929f-7bcfedecb426,true,
aefe1d04-07ee-4e32-bcbb-49988ebcedd4,f11db749-c387-41b3-8e0c-549010583e7a,true,
aefe1d04-07ee-4e32-bcbb-49988ebcedd4,2c88ca8b-9242-4a6e-addc-7fcea4b28cab,true,
aefe1d04-07ee-4e32-bcbb-49988ebcedd4,a64bae0d-91e2-4856-85ff-e24664bda447,true,
aefe1d04-07ee-4e32-bcbb-49988ebcedd4,d32a19d3-4675-4fde-b40f-b4d5aa23b695,true,
aefe1d04-07ee-4e32-bcbb-49988ebcedd4,c3e7d5b2-da9e-4532-8c80-7b3b220810ff,true,
aefe1d04-07ee-4e32-bcbb-49988ebcedd4,87157c63-a38a-48de-b4cf-7f5c018ffb7d,true,
aefe1d04-07ee-4e32-bcbb-49988ebcedd4,908b1223-07ab-461b-97cb-05e1ea76bad4,true,
aefe1d04-07ee-4e32-bcbb-49988ebcedd4,7bf0c1b9-cd62-4456-ab4b-f253ef5a2c20,true,
aefe1d04-07ee-4e32-bcbb-49988ebcedd4,19cd6c61-36f7-4172-965a-c1e01e6df339,true,
aefe1d04-07ee-4e32-bcbb-49988ebcedd4,695a30b9-b6a0-4124-a2ef-c2860137dad7,true,
aefe1d04-07ee-4e32-bcbb-49988ebcedd4,42d57c57-6572-44c9-b98a-88f4b375aed0,true,
aefe1d04-07ee-4e32-bcbb-49988ebcedd4,eb249e40-0b53-4946-bb0b-ef20112a2b42,true,
aefe1d04-07ee-4e32-bcbb-49988ebcedd4,ee1a1feb-4fd8-496e-98ac-813e119851f2,true,
aefe1d04-07ee-4e32-bcbb-49988ebcedd4,e7219123-7c3e-46f1-84af-7914dade6547,true,
aefe1d04-07ee-4e32-bcbb-49988ebcedd4,4d362244-b092-4463-aeea-8d63a496b29c,true,
aefe1d04-07ee-4e32-bcbb-49988ebcedd4,7ca89d28-dfa7-4f7c-bff1-9bf5cb82f3c9,true,
aefe1d04-07ee-4e32-bcbb-49988ebcedd4,a6eb40fd-dffa-47ae-aa8e-4857ae750fd7,true,
aefe1d04-07ee-4e32-bcbb-49988ebcedd4,269c8583-7f10-4d81-bc2a-ee7453c51819,true,
aefe1d04-07ee-4e32-bcbb-49988ebcedd4,9be7ef0d-acfc-4367-a17e-a98e46c9e094,true,
aefe1d04-07ee-4e32-bcbb-49988ebcedd4,28d08630-9a1e-4791-9226-7c256987c4d1,true,
aefe1d04-07ee-4e32-bcbb-49988ebcedd4,e77b0c6f-1688-4621-9120-302e44e5031a,true,
aefe1d04-07ee-4e32-bcbb-49988ebcedd4,428cb3b1-5505-4fdb-8f67-751abf4c2a7f,true,
aefe1d04-07ee-4e32-bcbb-49988ebcedd4,6689a29b-182f-49bd-b8b3-49ce695e2523,true,
aefe1d04-07ee-4e32-bcbb-49988ebcedd4,645c9afa-b08a-4d46-a670-a28f04f858f2,true,
aefe1d04-07ee-4e32-bcbb-49988ebcedd4,d3fcb91a-7b02-4ba0-aec0-99ca330c4d83,true,
aefe1d04-07ee-4e32-bcbb-49988ebcedd4,72c66df3-1d1a-418b-97a2-6d32fc29867a,true,
aefe1d04-07ee-4e32-bcbb-49988ebcedd4,54a75138-9510-4735-a1dc-cd161a17bb2d,true,
aefe1d04-07ee-4e32-bcbb-49988ebcedd4,c12c4398-00d1-4e3f-892e-da2d53ec2f51,true,
aefe1d04-07ee-4e32-bcbb-49988ebcedd4,ebc683bf-b479-4ae0-bbdc-9e4b08536e29,true,
aefe1d04-07ee-4e32-bcbb-49988ebcedd4,60331bc0-5796-4ec3-824a-6b9f5e5ec8c2,true,
aefe1d04-07ee-4e32-bcbb-49988ebcedd4,3d92eef4-2c3c-43cf-a7f2-ef495f173277,true,
aefe1d04-07ee-4e32-bcbb-49988ebcedd4,65d829ba-c3c7-4591-af73-84b39c417c85,true,
aefe1d04-07ee-4e32-bcbb-49988ebcedd4,5e18e901-d70f-4f1c-a925-63c5c3047923,true,
aefe1d04-07ee-4e32-bcbb-49988ebcedd4,4babbc8a-1de7-4217-a3d9-ca9546379bac,true,
aefe1d04-07ee-4e32-bcbb-49988ebcedd4,9d821ecf-b7e2-4f26-bda2-9cfc1acc8487,true,
aefe1d04-07ee-4e32-bcbb-49988ebcedd4,e2dc0690-07ab-4aa8-a17d-724b4fbd73de,true,
aefe1d04-07ee-4e32-bcbb-49988ebcedd4,ce348362-3868-4f77-9b5f-827adc73ac9f,true,
aefe1d04-07ee-4e32-bcbb-49988ebcedd4,ebf95d56-709b-40ac-9588-65c701e5c285,true,
aefe1d04-07ee-4e32-bcbb-49988ebcedd4,4d8ae005-45b4-4b27-bad0-3e1c70825189,true,
aefe1d04-07ee-4e32-bcbb-49988ebcedd4,2a498170-b09f-4b84-b0d2-b2a7a8274c65,true,
aefe1d04-07ee-4e32-bcbb-49988ebcedd4,c5eb7c4f-56b3-4fbb-a21f-0b936b749409,true,
aefe1d04-07ee-4e32-bcbb-49988ebcedd4,7ab988b9-d283-4542-8cd1-9f07d7530467,true,
aefe1d04-07ee-4e32-bcbb-49988ebcedd4,2a222726-fce7-456b-8918-f211eee33282,true,
aefe1d04-07ee-4e32-bcbb-49988ebcedd4,d6534827-b05a-4f4e-9553-fa59e91cf9b9,true,
aefe1d04-07ee-4e32-bcbb-49988ebcedd4,7226b324-8096-471f-ac78-62036b6ba68a,true,
aefe1d04-07ee-4e32-bcbb-49988ebcedd4,a2981cdf-a5aa-46c6-9b49-6dcc6c1a8090,true,
aefe1d04-07ee-4e32-bcbb-49988ebcedd4,95677969-0468-46f2-82b7-bcece2568290,true,
aefe1d04-07ee-4e32-bcbb-49988ebcedd4,c3e34a86-2142-417f-b226-c5015d65981b,true,
aefe1d04-07ee-4e32-bcbb-49988ebcedd4,7a45811c-a135-440f-a4da-cbdfac594dc8,true,
aefe1d04-07ee-4e32-bcbb-49988ebcedd4,e791b516-c167-4e90-889b-253cc981db28,true,
aefe1d04-07ee-4e32-bcbb-49988ebcedd4,8b4c74b6-4718-4cc1-a63d-ade7dbc18c0d,true,
aefe1d04-07ee-4e32-bcbb-49988ebcedd4,5c88d624-4300-4dfd-be27-edfa91cc8122,true,
aefe1d04-07ee-4e32-bcbb-49988ebcedd4,85411785-6902-499d-b4c3-c1081257282a,true,
aefe1d04-07ee-4e32-bcbb-49988ebcedd4,adc54036-7f73-4e75-880f-ae5b7e14db9b,true,
aefe1d04-07ee-4e32-bcbb-49988ebcedd4,0cae4058-2db7-4f96-ba15-d46d7db4c92d,true,
aefe1d04-07ee-4e32-bcbb-49988ebcedd4,c8bc575e-4c6e-4916-8b74-24a253c21a20,true,
aefe1d04-07ee-4e32-bcbb-49988ebcedd4,a2e30b89-f83d-474e-a86a-4c248a61aa29,true,
aefe1d04-07ee-4e32-bcbb-49988ebcedd4,788f2705-6fb9-497c-97e8-8ac3f4440173,true,
aefe1d04-07ee-4e32-bcbb-49988ebcedd4,5dcd19ae-68f3-4c2b-a97c-a5fe23a96455,true,
aefe1d04-07ee-4e32-bcbb-49988ebcedd4,6d621eee-0198-4738-9280-08a89d2bc2b7,true,
aefe1d04-07ee-4e32-bcbb-49988ebcedd4,f6ab05a3-5397-46b9-9406-5edec2d8f6f3,true,
aefe1d04-07ee-4e32-bcbb-49988ebcedd4,bc75c2a1-5ea1-48ed-ad24-d49c8408f75d,true,
aefe1d04-07ee-4e32-bcbb-49988ebcedd4,5d281afa-3397-4a3b-9f2e-28effc4e8011,true,
aefe1d04-07ee-4e32-bcbb-49988ebcedd4,63ab1424-c2b2-4ab7-8fa7-6d0c06ad6f37,true,
aefe1d04-07ee-4e32-bcbb-49988ebcedd4,df7ae71e-ecab-41a1-a47f-d31584784c64,true,
aefe1d04-07ee-4e32-bcbb-49988ebcedd4,2ff0ff53-b65e-46b2-a36a-ebe09f9c2823,true,
aefe1d04-07ee-4e32-bcbb-49988ebcedd4,678e4eba-138e-444a-b26f-5aa74921968e,true,
aefe1d04-07ee-4e32-bcbb-49988ebcedd4,8e127fc9-2d06-4ffc-a4b9-e8fb9f0a5795,true,
aefe1d04-07ee-4e32-bcbb-49988ebcedd4,87054c55-4312-445e-adb9-cf09c4dab498,true,
aefe1d04-07ee-4e32-bcbb-49988ebcedd4,ee9d90ff-7585-43ac-a4e8-83c146e2f1bd,true,
aefe1d04-07ee-4e32-bcbb-49988ebcedd4,cb24e14e-8c84-4bff-a539-9011ba074cff,true,
aefe1d04-07ee-4e32-bcbb-49988ebcedd4,5aae3300-7acf-4752-9daa-4f7cda5700c9,true,
aefe1d04-07ee-4e32-bcbb-49988ebcedd4,f1d36081-c0c0-47fe-9370-efedf0d2bcae,true,
aefe1d04-07ee-4e32-bcbb-49988ebcedd4,5fb401b9-1c41-40e1-a0a2-69eeaa037d4d,true,
aefe1d04-07ee-4e32-bcbb-49988ebcedd4,52b76a56-1fa0-4ce0-aef9-bc894651724c,true,
aefe1d04-07ee-4e32-bcbb-49988ebcedd4,9bf96593-134f-4f5b-b516-fca5a5a345fa,true,
aefe1d04-07ee-4e32-bcbb-49988ebcedd4,618a2c83-f706-44b3-ab18-c29298fb5193,true,
aefe1d04-07ee-4e32-bcbb-49988ebcedd4,8cf784aa-85b9-4c88-8c2f-a4ab0ae3b403,true,
aefe1d04-07ee-4e32-bcbb-49988ebcedd4,cb923fef-cd9b-485c-9a80-8a9eb0727835,true,
aefe1d04-07ee-4e32-bcbb-49988ebcedd4,b16db965-fe79-4e10-a7b8-47f752e12733,true,
aefe1d04-07ee-4e32-bcbb-49988ebcedd4,c54b46db-b522-4f94-a9fa-feb737f378ae,true,
aefe1d04-07ee-4e32-bcbb-49988ebcedd4,44e811a1-4661-4ed2-9a09-b4e977ea9199,true,
aefe1d04-07ee-4e32-bcbb-49988ebcedd4,ff5d2af8-f7c5-4ffb-8924-3edb87963fb5,true,
aefe1d04-07ee-4e32-bcbb-49988ebcedd4,6b6fa6b0-be3f-4ba3-879d-ba3abd831e8b,true,
aefe1d04-07ee-4e32-bcbb-49988ebcedd4,15c06e13-b8f5-4158-a29f-df6c946866ba,true,
aefe1d04-07ee-4e32-bcbb-49988ebcedd4,8b284393-fcd2-4615-b7f9-79bd12432be1,true,
aefe1d04-07ee-4e32-bcbb-49988ebcedd4,3c251371-ece9-48ff-ac83-656c00c389f7,true,
aefe1d04-07ee-4e32-bcbb-49988ebcedd4,cadd6bed-61bf-4072-8e64-f56ddc1b423d,true,
aefe1d04-07ee-4e32-bcbb-49988ebcedd4,134f16d3-cda4-45e1-a2fb-5e54674f81ee,true,
aefe1d04-07ee-4e32-bcbb-49988ebcedd4,9e1511c3-771d-4c88-b445-3276467a441a,true,
aefe1d04-07ee-4e32-bcbb-49988ebcedd4,833e645b-ad58-486e-9e48-9659acfcffc5,true,
aefe1d04-07ee-4e32-bcbb-49988ebcedd4,62bbce1e-351b-4567-914a-7ceaf18cef2a,true,
aefe1d04-07ee-4e32-bcbb-49988ebcedd4,f84ce8bb-1a48-465b-9191-326abecf67e4,true,
aefe1d04-07ee-4e32-bcbb-49988ebcedd4,b6cf9163-b3cd-4281-9f94-c5c5680eddba,true,
aefe1d04-07ee-4e32-bcbb-49988ebcedd4,36e4d4b9-77ad-46de-9ecb-93062673ba1e,true,
aefe1d04-07ee-4e32-bcbb-49988ebcedd4,4caa8854-cebc-49f3-bcae-f31880074fd0,true,
aefe1d04-07ee-4e32-bcbb-49988ebcedd4,c98c6e88-a1b7-45b1-acba-e577f8a34cee,true,
aefe1d04-07ee-4e32-bcbb-49988ebcedd4,57055f7d-dcb4-4164-b115-cfd895a6caf7,true,
aefe1d04-07ee-4e32-bcbb-49988ebcedd4,6c32158e-2c06-498e-b04f-d394ed3c3ac3,true,
aefe1d04-07ee-4e32-bcbb-49988ebcedd4,b6f0567e-9a7c-465d-a53c-01e789e98e72,true,
aefe1d04-07ee-4e32-bcbb-49988ebcedd4,4a442236-7ead-4e82-95b6-56f889cd4adc,true,
aefe1d04-07ee-4e32-bcbb-49988ebcedd4,42161be7-eb8d-4a4d-b74b-8c6b56aa2608,true,
aefe1d04-07ee-4e32-bcbb-49988ebcedd4,ca0eaf82-d739-413a-91b5-f82238aafccf,true,
aefe1d04-07ee-4e32-bcbb-49988ebcedd4,84d7f7f6-83ac-47d6-b46b-6c8ed3d3e19a,true,
aefe1d04-07ee-4e32-bcbb-49988ebcedd4,738c6573-00a6-4e45-8369-7618805ff5b0,true,
aefe1d04-07ee-4e32-bcbb-49988ebcedd4,e1f006be-684e-4f84-931a-00a07e341644,true,
aefe1d04-07ee-4e32-bcbb-49988ebcedd4,5a4e4ea7-dfff-40e3-9ca5-52641e76c981,true,
aefe1d04-07ee-4e32-bcbb-49988ebcedd4,a8e6d350-1661-4644-96d9-bbf3e4e60db5,true,
aefe1d04-07ee-4e32-bcbb-49988ebcedd4,36f036d3-268d-4f90-9bb7-bc4117e03e2e,true,
aefe1d04-07ee-4e32-bcbb-49988ebcedd4,bc7ff0fa-50d0-4e86-8b2b-fcaac150548b,true,
aefe1d04-07ee-4e32-bcbb-49988ebcedd4,84a957a9-b4d8-4aeb-9634-ab945875300b,true,
aefe1d04-07ee-4e32-bcbb-49988ebcedd4,71fe2a2d-6894-48c6-9a46-c6366bf13e29,true,
aefe1d04-07ee-4e32-bcbb-49988ebcedd4,f385d1e0-f8b0-4ad7-8a21-5ac4c5f03946,true,
aefe1d04-07ee-4e32-bcbb-49988ebcedd4,b1da151b-01a1-4f45-87bf-e7cd7ea59456,true,
aefe1d04-07ee-4e32-bcbb-49988ebcedd4,c85279cd-efa2-426c-b396-dd7aaa6a3017,true,
aefe1d04-07ee-4e32-bcbb-49988ebcedd4,0b20822f-9204-4440-b988-263ff12d2c8a,true,
aefe1d04-07ee-4e32-bcbb-49988ebcedd4,a0f94dc9-1a88-4fcf-9283-6138fb133395,true,
aefe1d04-07ee-4e32-bcbb-49988ebcedd4,5d67d0eb-7789-48f3-a1a8-aaa6d86aa615,true,
aefe1d04-07ee-4e32-bcbb-49988ebcedd4,69eb1892-ba76-4397-8329-e6982247393d,true,
aefe1d04-07ee-4e32-bcbb-49988ebcedd4,8bb7bfcf-b179-4a3e-825e-6ccbf42daaa3,true,
aefe1d04-07ee-4e32-bcbb-49988ebcedd4,4bb8d4ed-1c43-4704-a683-2596ac6fe706,true,
aefe1d04-07ee-4e32-bcbb-49988ebcedd4,0343d979-971e-43d6-8142-ae0edbcbda6a,true,
aefe1d04-07ee-4e32-bcbb-49988ebcedd4,4baa5d14-ee42-4e97-828d-79134ebaa2de,true,
aefe1d04-07ee-4e32-bcbb-49988ebcedd4,b5458e07-71a4-4504-adfe-f9a153ecbe97,true,
aefe1d04-07ee-4e32-bcbb-49988ebcedd4,6f41a92e-505e-496d-a856-bfbab4bc1c88,true,
aefe1d04-07ee-4e32-bcbb-49988ebcedd4,74e441e1-bc32-46dc-82aa-64def9a05930,true,
aefe1d04-07ee-4e32-bcbb-49988ebcedd4,500dfe63-8fe3-4d1c-a17e-5a02c1623ced,true,
aefe1d04-07ee-4e32-bcbb-49988ebcedd4,62c4e6cf-7360-4949-b67a-c8c6b14ddb07,true,
aefe1d04-07ee-4e32-bcbb-49988ebcedd4,d2c8b65e-d87b-477b-b01e-716d1250e3d5,true,
aefe1d04-07ee-4e32-bcbb-49988ebcedd4,30cf8bc3-116d-496b-805f-f0100d5a850b,true,
aefe1d04-07ee-4e32-bcbb-49988ebcedd4,b634877d-7f66-42a3-9657-768d964c084c,true,
aefe1d04-07ee-4e32-bcbb-49988ebcedd4,a0fccb66-63c7-4802-85d2-ab532299fdde,true,
aefe1d04-07ee-4e32-bcbb-49988ebcedd4,6d483cd3-aa4f-44cf-8447-47f5ce92ac1a,true,
aefe1d04-07ee-4e32-bcbb-49988ebcedd4,160c33a2-9e57-4cac-8300-fb697f9114a3,true,
aefe1d04-07ee-4e32-bcbb-49988ebcedd4,a7f11080-65ad-49c8-8026-145c98684018,true,
aefe1d04-07ee-4e32-bcbb-49988ebcedd4,f913db2c-6cfe-4489-875c-fe36bab84ba4,true,
aefe1d04-07ee-4e32-bcbb-49988ebcedd4,d18178c2-b012-449f-a2a0-456f785ca99f,true,
aefe1d04-07ee-4e32-bcbb-49988ebcedd4,2b8d0b00-ae6b-4445-9b94-e03ca1c8edac,true,
aefe1d04-07ee-4e32-bcbb-49988ebcedd4,8a13bd9f-25dc-4ecb-828c-24c91ea2ce58,true,
aefe1d04-07ee-4e32-bcbb-49988ebcedd4,f63eff81-7b9c-41bc-95af-7f4c63591d19,true,
aefe1d04-07ee-4e32-bcbb-49988ebcedd4,591ac294-8697-4b15-9e52-2933933c1297,true,
aefe1d04-07ee-4e32-bcbb-49988ebcedd4,dab54d17-e236-4742-ab41-c8ef25f9838d,true,
aefe1d04-07ee-4e32-bcbb-49988ebcedd4,f1b2ac52-d9e6-44f9-9098-8b470ad8a679,true,
aefe1d04-07ee-4e32-bcbb-49988ebcedd4,e9101f57-3bf7-429a-bfc4-0e3abf4124eb,true,
aefe1d04-07ee-4e32-bcbb-49988ebcedd4,eb59b571-8034-41d6-bfbc-0375f6b4841c,true,
aefe1d04-07ee-4e32-bcbb-49988ebcedd4,147f0f0e-e858-4b47-b288-fc3d1e94214a,true,
aefe1d04-07ee-4e32-bcbb-49988ebcedd4,b4f99173-84da-4211-a672-d0eec0becf96,true,
aefe1d04-07ee-4e32-bcbb-49988ebcedd4,6d030f10-f5c7-4a88-85b8-e5cb8200554f,true,
aefe1d04-07ee-4e32-bcbb-49988ebcedd4,faa393a5-2ecc-4a17-91ae-b7d35f8097be,true,
aefe1d04-07ee-4e32-bcbb-49988ebcedd4,e7baada2-88c0-4b01-beb6-f59749256d12,true,
aefe1d04-07ee-4e32-bcbb-49988ebcedd4,5efd8d2b-b360-4271-b27d-ca99870abdd5,true,
aefe1d04-07ee-4e32-bcbb-49988ebcedd4,60b86e47-39cf-4d9c-ac9d-c96166dca645,true,
aefe1d04-07ee-4e32-bcbb-49988ebcedd4,e23f9077-ad28-4b7c-b552-99362574a087,true,
aefe1d04-07ee-4e32-bcbb-49988ebcedd4,ea01c14a-8b68-4459-a8f3-cae0d3b17a97,true,
aefe1d04-07ee-4e32-bcbb-49988ebcedd4,d51f7a14-1474-4c61-b932-75fb7132bd71,true,
aefe1d04-07ee-4e32-bcbb-49988ebcedd4,47406409-4218-4a18-b4d0-51726bc2e5a1,true,
aefe1d04-07ee-4e32-bcbb-49988ebcedd4,e262d7af-5731-4acc-ab6f-5e0dfea14685,true,
aefe1d04-07ee-4e32-bcbb-49988ebcedd4,b6841ada-477c-4a5e-9c27-81cb06f0d309,true,
aefe1d04-07ee-4e32-bcbb-49988ebcedd4,c0911b8d-842e-4600-a877-6c2de43d4228,true,
aefe1d04-07ee-4e32-bcbb-49988ebcedd4,d330365a-ce13-4d91-b71c-45ef1506c5f4,true,
aefe1d04-07ee-4e32-bcbb-49988ebcedd4,e2ade12a-8718-407f-9c3e-cd30368a0a90,true,
aefe1d04-07ee-4e32-bcbb-49988ebcedd4,8b51e964-e4cb-4fb3-a90a-1f1f8a3392af,true,
aefe1d04-07ee-4e32-bcbb-49988ebcedd4,45c635f6-e86b-45c1-a183-6a24f96a1304,true,
aefe1d04-07ee-4e32-bcbb-49988ebcedd4,51421e46-c7eb-4a0e-a758-5177a578df80,true,
aefe1d04-07ee-4e32-bcbb-49988ebcedd4,290dba42-1573-4897-86bf-164096dd3a05,true,
aefe1d04-07ee-4e32-bcbb-49988ebcedd4,af06f9c3-fec0-4c86-82b5-eebdb4f08f7c,true,
aefe1d04-07ee-4e32-bcbb-49988ebcedd4,63d17be1-d694-4c3b-bc38-cebf82947262,true,
aefe1d04-07ee-4e32-bcbb-49988ebcedd4,3e9ee3e6-f812-49a5-a38c-22708f8d2eea,true,
aefe1d04-07ee-4e32-bcbb-49988ebcedd4,16ac78d1-739a-4f20-86c8-339f308fba0b,true,
aefe1d04-07ee-4e32-bcbb-49988ebcedd4,80f6f9b5-5230-421e-80e8-e0849256bf23,true,
aefe1d04-07ee-4e32-bcbb-49988ebcedd4,435fbaed-fac2-49a9-9ea9-01d28d2dc0fb,true,
aefe1d04-07ee-4e32-bcbb-49988ebcedd4,9743156c-ddb4-4ea7-bedc-bec4957cb143,true,
aefe1d04-07ee-4e32-bcbb-49988ebcedd4,7fce3401-5a82-4a07-8b26-7f77c1931c26,true,
aefe1d04-07ee-4e32-bcbb-49988ebcedd4,58d22c7d-e546-49cb-9ed4-75feb722cc43,true,
aefe1d04-07ee-4e32-bcbb-49988ebcedd4,be8fb71b-3e7a-4dce-9a52-142760246860,true,
aefe1d04-07ee-4e32-bcbb-49988ebcedd4,464ecfb0-75a6-428f-bb63-aed07438f037,true,
aefe1d04-07ee-4e32-bcbb-49988ebcedd4,74ff5f08-e18f-402e-967f-3ef92815da9b,true,
aefe1d04-07ee-4e32-bcbb-49988ebcedd4,745d1675-b4e3-46c3-b16f-844623a9bf66,true,
aefe1d04-07ee-4e32-bcbb-49988ebcedd4,b9830218-acf9-4a32-a560-1137a371b12a,true,
aefe1d04-07ee-4e32-bcbb-49988ebcedd4,a7434c72-b49a-4eef-97fa-1513b6e262e4,true,
aefe1d04-07ee-4e32-bcbb-49988ebcedd4,63f815fe-ac1c-4634-9ebb-d9df18d3b676,true,
aefe1d04-07ee-4e32-bcbb-49988ebcedd4,f6526ce0-c1a6-4991-9496-7feae5a23cd1,true,
aefe1d04-07ee-4e32-bcbb-49988ebcedd4,e08a477d-97d9-44b5-824e-0136315e3a29,true,
aefe1d04-07ee-4e32-bcbb-49988ebcedd4,dfbbcb79-2fa6-4f55-9bfc-e8b4bf00a5f7,true,
aefe1d04-07ee-4e32-bcbb-49988ebcedd4,5bae9c4f-d8db-431f-bd4f-ec474eac3e70,true,
aefe1d04-07ee-4e32-bcbb-49988ebcedd4,994a9696-b66c-4872-85d4-81877a990986,true,
aefe1d04-07ee-4e32-bcbb-49988ebcedd4,d6bf3390-1173-418b-b0b4-e7687e511bc6,true,
aefe1d04-07ee-4e32-bcbb-49988ebcedd4,1d9dfd4b-6247-4824-a8ae-6b859ec1371e,true,
aefe1d04-07ee-4e32-bcbb-49988ebcedd4,334ea2ad-6bbe-49dc-ba2a-9d6fa1a2a940,true,
aefe1d04-07ee-4e32-bcbb-49988ebcedd4,6b320fe0-f0cf-460f-b70d-9acdddb5fd6a,true,
05bfca89-3a6f-4174-a889-d337a6dcc594,466ae136-c35c-405c-bf75-4e8dcd15b109,true,
05bfca89-3a6f-4174-a889-d337a6dcc594,fa82f672-d9c3-4b93-a313-40e0da9c7e3d,true,
05bfca89-3a6f-4174-a889-d337a6dcc594,8750e495-3a39-4509-a849-bb648f663e1c,false,[NO_5XX] Unexpected 5XX response: 500
05bfca89-3a6f-4174-a889-d337a6dcc594,7fba6e38-67e4-4b96-8863-2cbd0691e92a,true,
05bfca89-3a6f-4174-a889-d337a6dcc594,c2be0961-c688-4577-84bf-ae86ee61ba4f,true,
05bfca89-3a6f-4174-a889-d337a6dcc594,9897e012-0750-4d8f-a2ab-8e87531b48ee,true,
05bfca89-3a6f-4174-a889-d337a6dcc594,b413287a-08a0-4d9e-b90e-0f29ef98b0c1,true,
05bfca89-3a6f-4174-a889-d337a6dcc594,205a7a2c-5c3d-46c5-9b28-36c41af5cc2e,true,
ef190647-43d2-41ea-9613-3d7af6744307,f40dfe7c-744b-4a04-9379-60a2512b5cbc,true,
ef190647-43d2-41ea-9613-3d7af6744307,708826a8-a48b-4fbd-8918-06b834d2c62d,true,
ef190647-43d2-41ea-9613-3d7af6744307,f410e57a-af83-4530-b70c-72943ec4ecf5,false,[NO_5XX] Unexpected 5XX response: 501
ef190647-43d2-41ea-9613-3d7af6744307,f5caa52c-c7c4-40ae-b59f-62355e925d3e,true,
ef190647-43d2-41ea-9613-3d7af6744307,16060349-a7a2-4a7c-b147-ac391d4bf922,true,
ef190647-43d2-41ea-9613-3d7af6744307,03f7dd5d-1bed-41e9-9f22-51796bb9ba11,true,
ef190647-43d2-41ea-9613-3d7af6744307,4ed8b6ed-7de9-4104-93c2-54ef38ca8e18,true,
ef190647-43d2-41ea-9613-3d7af6744307,8ef60307-226e-463a-8dd2-ecae8a75bb55,true,
7d285da7-1c1d-4080-a643-8d277db1033d,8d6974ce-e405-40ca-957e-6ab28dec5510,true,
7d285da7-1c1d-4080-a643-8d277db1033d,2d85ce7d-19b1-4c34-9794-aeaed31ad749,true,
7d285da7-1c1d-4080-a643-8d277db1033d,b5e55eeb-3d6c-4d56-b097-aca95b1ad955,false,[NO_5XX] Unexpected 5XX response: 500
7d285da7-1c1d-4080-a643-8d277db1033d,63fcba88-e6a1-4136-a67a-f6a84e5fdc53,true,
7d285da7-1c1d-4080-a643-8d277db1033d,44bd841f-ed3a-4c61-a449-ea10e3084731,true,
7d285da7-1c1d-4080-a643-8d277db1033d,10efdd95-bfe7-4105-8fbc-852bc254956c,true,
7d285da7-1c1d-4080-a643-8d277db1033d,d5fbd10a-9d04-4dd0-bc4b-4ca6796d386c,true,
7d285da7-1c1d-4080-a643-8d277db1033d,d3edebb1-fa8d-41d5-a2b5-c0841b6555a1,true,
c0e77c01-6040-460f-b73a-ffae633419c2,e05a2ad2-f035-4684-adb5-9607baab992f,true,
c0e77c01-6040-460f-b73a-ffae633419c2,a410b421-97dd-465d-a8f5-2bde86453ccb,true,
c0e77c01-6040-460f-b73a-ffae633419c2,160f367e-0a2f-4916-ab2b-e4084e41e40c,false,[NO_5XX] Unexpected 5XX response: 503
c0e77c01-6040-460f-b73a-ffae633419c2,27138b66-daca-46d5-a9bf-d4da6b183ce9,true,
c0e77c01-6040-460f-b73a-ffae633419c2,0544e37f-5d31-4147-8be3-5c387b157428,true,
c0e77c01-6040-460f-b73a-ffae633419c2,851cc2fe-8a37-4d38-a98e-986bf984f63d,true,
c0e77c01-6040-460f-b73a-ffae633419c2,9a2b4a3b-1f98-410c-96fa-fa3a11ab2b3b,true,
c0e77c01-6040-460f-b73a-ffae633419c2,ad1a84aa-0840-4924-8144-067d46634e63,true,
d425941a-4f15-47ec-869c-b5b79f5dc99b,51ce5347-92b0-4910-91f0-004e84e2d444,true,
d425941a-4f15-47ec-869c-b5b79f5dc99b,d3c369ae-5bad-4170-a4d6-eaf3963f6c7e,true,
d425941a-4f15-47ec-869c-b5b79f5dc99b,da217671-a470-451e-acd2-09d04a6776ab,false,[NO_5XX] Unexpected 5XX response: 501
d425941a-4f15-47ec-869c-b5b79f5dc99b,3621218f-9683-485d-804f-eae0619ee361,true,
d425941a-4f15-47ec-869c-b5b79f5dc99b,e46dc842-e78a-4d95-8f6c-c76a24d8681e,true,
d425941a-4f15-47ec-869c-b5b79f5dc99b,f8cf8575-70c2-468f-83e5-ce543b045f9c,true,
d425941a-4f15-47ec-869c-b5b79f5dc99b,d3ec7287-4bed-441e-87a3-7991c545e406,true,
d425941a-4f15-47ec-869c-b5b79f5dc99b,f2109f8b-f256-4f1e-af63-9be0d2304641,true,
ca2840a4-4765-4265-8b85-8aff27333982,40faa230-4a17-4df5-a89b-5ed34d2d8e3e,true,
ca2840a4-4765-4265-8b85-8aff27333982,661896b9-9fd7-4807-b33d-92a980eb7597,true,
ca2840a4-4765-4265-8b85-8aff27333982,d13e1b10-0173-4643-b97c-1dd695e04f38,false,[NO_5XX] Unexpected 5XX response: 504
ca2840a4-4765-4265-8b85-8aff27333982,11d28667-a3b8-453b-91ed-08c9e6bfc818,true,
ca2840a4-4765-4265-8b85-8aff27333982,0c59ad14-1e5c-49cc-8803-e29c74ef33d7,true,
ca2840a4-4765-4265-8b85-8aff27333982,f4166563-2afe-4715-8f76-b12b89601200,true,
ca2840a4-4765-4265-8b85-8aff27333982,9c98db2e-1d2e-413d-a8f4-e47c3fc5ca7d,true,
ca2840a4-4765-4265-8b85-8aff27333982,5c1092b6-f336-40ec-bf89-bf6210143a02,true,
dc53d18b-816a-4f9f-bf9d-1e7de9f40565,72c82f16-50f3-42fd-bfb9-8f39b3927164,true,
dc53d18b-816a-4f9f-bf9d-1e7de9f40565,e4ce7a8d-f8dd-4877-af95-1a8062878a65,true,
dc53d18b-816a-4f9f-bf9d-1e7de9f40565,e1db5788-2a75-47e5-a659-b9e2bac1fa19,false,[NO_5XX] Unexpected 5XX response: 502
dc53d18b-816a-4f9f-bf9d-1e7de9f40565,ed3b8fae-fcad-4a89-9a95-7e9bf675b17e,true,
dc53d18b-816a-4f9f-bf9d-1e7de9f40565,97c0a2ce-4d32-48ef-911b-5843d5999231,true,
dc53d18b-816a-4f9f-bf9d-1e7de9f40565,04e4637a-fd08-4921-bce8-6df9c7b67d8b,true,
dc53d18b-816a-4f9f-bf9d-1e7de9f40565,6b36c89a-8c05-44a1-a83e-b8cb07e7211c,true,
dc53d18b-816a-4f9f-bf9d-1e7de9f40565,3a8fe3c3-1ac3-41d9-ae83-742516b8ee54,true,
271f35cf-5c92-4e9c-9c12-32940623adf8,b13d3d43-669a-4231-ac71-bc9cbc7b02fb,true,
271f35cf-5c92-4e9c-9c12-32940623adf8,f103b12e-08c1-448f-90b2-4be560f9b8ff,true,
271f35cf-5c92-4e9c-9c12-32940623adf8,56bacbfe-b45c-4dc4-86ca-534f7457410b,false,[NO_5XX] Unexpected 5XX response: 500
271f35cf-5c92-4e9c-9c12-32940623adf8,b2b4f4fa-2193-4402-939d-2f08cf51cf0c,true,
271f35cf-5c92-4e9c-9c12-32940623adf8,d98e51e4-00fe-4de2-8eda-e70f0271c9b4,true,
271f35cf-5c92-4e9c-9c12-32940623adf8,9bd09638-11eb-42ef-b508-53a083d4537c,true,
271f35cf-5c92-4e9c-9c12-32940623adf8,8b79a2bc-e72f-4bcc-81fe-9ab73016e259,true,
271f35cf-5c92-4e9c-9c12-32940623adf8,75255e96-4b4a-4f73-b5f9-cd5b1ac746f6,true,
271f35cf-5c92-4e9c-9c12-32940623adf8,ea75c4b7-57ae-4ae6-991c-d596c3b2abd4,true,
271f35cf-5c92-4e9c-9c12-32940623adf8,62ca9cee-f197-4635-b2fa-4591dde51cec,true,
271f35cf-5c92-4e9c-9c12-32940623adf8,9dad5be4-46a2-4387-b895-91dd1b3c495d,true,
271f35cf-5c92-4e9c-9c12-32940623adf8,bc055b1b-2c0a-46a1-b7d1-d72c9ed7ae2e,true,
271f35cf-5c92-4e9c-9c12-32940623adf8,44403da3-afef-4f97-8c48-4b39af85bc25,true,
271f35cf-5c92-4e9c-9c12-32940623adf8,d2db7e15-06a1-4728-8b0c-de194672bbd0,true,
271f35cf-5c92-4e9c-9c12-32940623adf8,54eecc7c-d9c0-45a2-bc3b-dc434940a381,true,
271f35cf-5c92-4e9c-9c12-32940623adf8,6fb293ed-b2f3-410d-8e58-d4fe194f3cf3,true,
271f35cf-5c92-4e9c-9c12-32940623adf8,3a72bb02-e134-4555-aec7-ba1f762cc4dc,true,
271f35cf-5c92-4e9c-9c12-32940623adf8,e5e217a5-f0bb-4813-8081-9019540c7d07,true,
271f35cf-5c92-4e9c-9c12-32940623adf8,e1781e32-3dfc-4a34-a1e3-fa3e94f002a2,true,
271f35cf-5c92-4e9c-9c12-32940623adf8,c45846fb-e927-44f0-821e-1a0286d90bf8,true,
271f35cf-5c92-4e9c-9c12-32940623adf8,2577103f-bac8-4208-b72d-676b06619971,true,
271f35cf-5c92-4e9c-9c12-32940623adf8,3b74062a-7904-4269-8eae-d74a9df132e1,true,
271f35cf-5c92-4e9c-9c12-32940623adf8,5d04d218-823c-482c-a024-a5e2a85b69a7,true,
271f35cf-5c92-4e9c-9c12-32940623adf8,92b4f804-8041-4eec-987a-855dd7dff59e,true,
271f35cf-5c92-4e9c-9c12-32940623adf8,315b5e10-4696-4179-a3b6-061bbe783368,true,
271f35cf-5c92-4e9c-9c12-32940623adf8,b764905c-a7ff-4cf9-bf36-7d4a4363fa79,true,
271f35cf-5c92-4e9c-9c12-32940623adf8,6bd4e5df-9bb6-46fd-ba68-cf639fa037e9,true,
271f35cf-5c92-4e9c-9c12-32940623adf8,98386a7f-61fc-4b06-b54a-46cd834cd730,true,
271f35cf-5c92-4e9c-9c12-32940623adf8,5524460b-2725-40fd-9a8e-50d4d680d172,true,
271f35cf-5c92-4e9c-9c12-32940623adf8,337241aa-b7fc-4e62-86c1-4159b112d581,true,
271f35cf-5c92-4e9c-9c12-32940623adf8,cd7d3b07-bc6b-498a-928b-b625450201b7,true,
271f35cf-5c92-4e9c-9c12-32940623adf8,d830a163-df21-4ec7-85a7-1e8f98484e9f,true,
271f35cf-5c92-4e9c-9c12-32940623adf8,5c7a25ee-c3fb-408b-b02f-13b0fc5f4504,true,
271f35cf-5c92-4e9c-9c12-32940623adf8,2c32df83-d2d3-40cc-8fd4-4cbfc956e02c,true,
271f35cf-5c92-4e9c-9c12-32940623adf8,df87c0ef-def9-484b-860d-7def9894292c,true,
271f35cf-5c92-4e9c-9c12-32940623adf8,3a172670-c22c-4fe1-9d04-79c0f872fcc6,true,
271f35cf-5c92-4e9c-9c12-32940623adf8,f780f598-f837-4ed3-b367-e258aa111776,true,
271f35cf-5c92-4e9c-9c12-32940623adf8,93371f62-039d-4daa-946a-d865ebe5cd3f,true,
271f35cf-5c92-4e9c-9c12-32940623adf8,2e11eba4-44ec-4b17-8175-32d02176042d,true,
271f35cf-5c92-4e9c-9c12-32940623adf8,7bcdad00-b953-4214-8dfb-b94d8dd6bd64,true,
271f35cf-5c92-4e9c-9c12-32940623adf8,057b6b0c-7b33-45ea-855d-3b255e8cb1ee,true,
271f35cf-5c92-4e9c-9c12-32940623adf8,996e5dc4-e7a4-4b0b-9162-11b46b52e2ea,true,
271f35cf-5c92-4e9c-9c12-32940623adf8,a74eff64-7140-44c8-8947-f36c790fe9fe,true,
271f35cf-5c92-4e9c-9c12-32940623adf8,4bd3bccf-f653-4981-a51c-9d761678ec5f,true,
271f35cf-5c92-4e9c-9c12-32940623adf8,c0ab0f1d-1268-4aad-80bb-c642fcd527fe,true,
271f35cf-5c92-4e9c-9c12-32940623adf8,7dba05f5-1b9c-409a-9ecb-6396afc28f78,true,
271f35cf-5c92-4e9c-9c12-32940623adf8,053a34d0-362b-4d14-beb6-b3eb81f5435b,true,
271f35cf-5c92-4e9c-9c12-32940623adf8,cca4c9ba-4767-41e9-95f1-4000135a98c4,true,
271f35cf-5c92-4e9c-9c12-32940623adf8,500af0bf-2aed-4fbd-8523-196d73dcd769,true,
271f35cf-5c92-4e9c-9c12-32940623adf8,34d2e6c9-dc57-4708-9dbe-a89ed3d3f59c,true,
271f35cf-5c92-4e9c-9c12-32940623adf8,e61b375e-3341-4812-b55f-a3bb90f11885,true,
271f35cf-5c92-4e9c-9c12-32940623adf8,a5d6247f-932b-46e3-b37b-b2ec966cee3c,true,
271f35cf-5c92-4e9c-9c12-32940623adf8,9b02061b-fce7-4e7a-b7a4-aa4becd9f2ca,true,
271f35cf-5c92-4e9c-9c12-32940623adf8,ba86a1d0-448a-48f5-b861-0168c59ccada,true,
271f35cf-5c92-4e9c-9c12-32940623adf8,c2471007-69ab-4fde-8447-c0e0eb4cdd59,true,
271f35cf-5c92-4e9c-9c12-32940623adf8,37db4194-5ed9-4b06-b08f-2c08246e187b,true,
271f35cf-5c92-4e9c-9c12-32940623adf8,54d9ca39-d03f-438d-afe1-54c5ac420d1c,true,
271f35cf-5c92-4e9c-9c12-32940623adf8,01315bef-06d3-4f40-95f4-3c6878a1f3e7,true,
d3355705-b807-4865-8078-7ebef78abf6b,99756a92-cfc2-4c1f-91a1-e76d31a58e4d,true,
d3355705-b807-4865-8078-7ebef78abf6b,033cc890-e6c8-4e98-832b-059d56c4e606,true,
d3355705-b807-4865-8078-7ebef78abf6b,40928d0e-cbb5-44d4-894e-44394fdf11c0,false,[NO_5XX] Unexpected 5XX response: 502
d3355705-b807-4865-8078-7ebef78abf6b,4aebe287-c43e-446e-b934-c8e0a2818dd0,true,
d3355705-b807-4865-8078-7ebef78abf6b,3d181e01-ac37-44c1-a9ac-314cab08260f,true,
d3355705-b807-4865-8078-7ebef78abf6b,132f64bc-29b4-4f49-8eac-0768f4ff1385,true,
d3355705-b807-4865-8078-7ebef78abf6b,df60f406-10d5-4af8-8ec3-987311819e75,true,
d3355705-b807-4865-8078-7ebef78abf6b,a78f93d0-74a9-46b7-a8de-7535397b1788,true,
0c6dbe4c-0164-476c-8884-179805da4f22,13701488-7ac2-4c96-a303-7f517da24b24,true,
0c6dbe4c-0164-476c-8884-179805da4f22,67ea4992-8b2c-4790-87c8-a2c3b4583320,true,
0c6dbe4c-0164-476c-8884-179805da4f22,14e29b9c-cf36-469e-adea-ebc950ef08d2,false,[NO_5XX] Unexpected 5XX response: 503
0c6dbe4c-0164-476c-8884-179805da4f22,dfe1f325-db11-4e76-baa6-8c621cc025fd,true,
0c6dbe4c-0164-476c-8884-179805da4f22,e6787e32-bebd-42c7-809f-b8220851b6ed,true,
0c6dbe4c-0164-476c-8884-179805da4f22,8c94e2d2-0b6f-490d-bbd5-14f10fca4bab,true,
0c6dbe4c-0164-476c-8884-179805da4f22,7676d1a7-3a24-4b7e-bfa7-201737138a2f,true,
0c6dbe4c-0164-476c-8884-179805da4f22,8a9522ad-eaaa-4fc9-a4bf-044f90d5a696,true,
5ed9fd97-d54d-4b65-bc93-9bd7ee7a7ac0,86c0a60e-1f70-4c37-828f-86549b360b14,true,
5ed9fd97-d54d-4b65-bc93-9bd7ee7a7ac0,75cadb73-9103-473e-859f-d152cef61d67,true,
5ed9fd97-d54d-4b65-bc93-9bd7ee7a7ac0,2573fda0-cf7c-4caa-9d1f-0be2975ef460,false,[NO_5XX] Unexpected 5XX response: 502
5ed9fd97-d54d-4b65-bc93-9bd7ee7a7ac0,5cedd34a-3daf-4b80-a924-49e1996388dd,true,
5ed9fd97-d54d-4b65-bc93-9bd7ee7a7ac0,7154817e-8022-491b-be13-c3d9a26fbdab,true,
5ed9fd97-d54d-4b65-bc93-9bd7ee7a7ac0,d4f0c7a4-f6bf-42b2-8a75-2e99ce75013a,true,
5ed9fd97-d54d-4b65-bc93-9bd7ee7a7ac0,38cb67f6-c6df-4e91-9910-18739770ad5e,true,
5ed9fd97-d54d-4b65-bc93-9bd7ee7a7ac0,813fb286-9181-49a4-a6d7-b515d121e9db,true,
dc59ee91-043d-4435-8776-f0230e77a94d,866dfa02-d0ac-4cc4-8ad4-cae66b5a1355,true,
dc59ee91-043d-4435-8776-f0230e77a94d,82e4f34c-0b07-4b88-a360-f43447630626,true,
dc59ee91-043d-4435-8776-f0230e77a94d,e67e63f4-0784-42c2-93b2-3abccba7b025,false,[NO_5XX] Unexpected 5XX response: 504
dc59ee91-043d-4435-8776-f0230e77a94d,a13bee19-f4ba-44fb-8634-893c8cfd419b,true,
dc59ee91-043d-4435-8776-f0230e77a94d,f8c590e6-e752-4594-ae79-ef1393eca109,true,
dc59ee91-043d-4435-8776-f0230e77a94d,3bf5bc78-be56-4227-b58c-f733ee51c9c2,true,
dc59ee91-043d-4435-8776-f0230e77a94d,31ed0452-c404-4227-aef6-c84a55079b59,true,
dc59ee91-043d-4435-8776-f0230e77a94d,b26e4a59-22e4-43ca-91e9-8c93715e05ff,true,
518c5948-dcc3-40c4-a97c-17dc5cc113a3,f4971de7-570e-4e75-91d6-17f5d5e1ed2c,true,
518c5948-dcc3-40c4-a97c-17dc5cc113a3,5a641ca7-f31c-4b5b-8232-1b4ae1d2abf3,true,
518c5948-dcc3-40c4-a97c-17dc5cc113a3,3f43fd9d-ba66-4b0e-941e-df81d5259649,false,[NO_5XX] Unexpected 5XX response: 502
518c5948-dcc3-40c4-a97c-17dc5cc113a3,f53ca3bc-4fe8-48d6-80ad-817eb4f8eaba,true,
518c5948-dcc3-40c4-a97c-17dc5cc113a3,7b5fe1ec-a8f0-473d-bddf-94837f338fca,true,
518c5948-dcc3-40c4-a97c-17dc5cc113a3,3acca96a-bb24-4e15-9c23-e6eb7ab6a3ba,true,
518c5948-dcc3-40c4-a97c-17dc5cc113a3,ddfa514d-d5e7-41da-9395-ed7e2fadd638,true,
518c5948-dcc3-40c4-a97c-17dc5cc113a3,5eaa703d-7278-4cc3-8311-e2bc5435aebe,true,
25c0d299-7753-4793-9c2f-a7efc85117eb,0298647f-cccf-44e6-8b7e-66f54af8280b,true,
25c0d299-7753-4793-9c2f-a7efc85117eb,cfbe1eb3-3591-4793-8674-26c711eb24c3,true,
25c0d299-7753-4793-9c2f-a7efc85117eb,513fe661-4f78-43d7-be9b-fb7b44f9249c,false,[NO_5XX] Unexpected 5XX response: 502
25c0d299-7753-4793-9c2f-a7efc85117eb,52660e77-1ebc-490c-807e-ad431fadb58e,true,
25c0d299-7753-4793-9c2f-a7efc85117eb,0b44a936-f34a-444b-ba73-a90c2518c87d,true,
25c0d299-7753-4793-9c2f-a7efc85117eb,5c884a84-429a-41fd-bb13-ff6cb94c8889,true,
25c0d299-7753-4793-9c2f-a7efc85117eb,3a7eeb0b-d33e-4659-8db8-53c420f21a8b,true,
25c0d299-7753-4793-9c2f-a7efc85117eb,2ed536ad-4b95-4d81-9097-50983440c6b8,true,
4277f0dd-8e8f-4af3-a64e-f130fb976e19,ca4cc1b1-5803-4b64-b52e-f3a597e623ed,true,
4277f0dd-8e8f-4af3-a64e-f130fb976e19,c0a0d6a0-65a2-4290-9199-67f69f0eb24a,true,
4277f0dd-8e8f-4af3-a64e-f130fb976e19,f2da05a0-4955-4e56-9d9d-811a3adbf9c4,false,[NO_5XX] Unexpected 5XX response: 500
4277f0dd-8e8f-4af3-a64e-f130fb976e19,a56f294e-1c4a-4a6e-b801-8432680b1765,true,
4277f0dd-8e8f-4af3-a64e-f130fb976e19,46c9a5f8-15ab-49ca-ac5e-58f000dd2cf8,true,
4277f0dd-8e8f-4af3-a64e-f130fb976e19,5816c737-3b01-4f56-a66f-9d1f3a9001d4,true,
4277f0dd-8e8f-4af3-a64e-f130fb976e19,1751d8dd-5400-49d6-83c5-7881c3dcbff4,true,
4277f0dd-8e8f-4af3-a64e-f130fb976e19,26b61e43-8410-4e1a-9743-bca4d431c8f5,true,
bfb4a381-67f3-44bb-b544-4f52220e7c6c,d84f4031-c666-42b8-b0a5-fa94ab77cd33,true,
bfb4a381-67f3-44bb-b544-4f52220e7c6c,695f53e5-f554-4302-9243-d0a20b024220,true,
bfb4a381-67f3-44bb-b544-4f52220e7c6c,1bc41eb0-1b29-41f3-91a7-8e548227f0ce,false,[NO_5XX] Unexpected 5XX response: 500
bfb4a381-67f3-44bb-b544-4f52220e7c6c,763adb40-a687-498b-8251-57b224baf9a4,true,
bfb4a381-67f3-44bb-b544-4f52220e7c6c,63294404-60cf-4cba-a2e0-9b00cd96c8dc,true,
bfb4a381-67f3-44bb-b544-4f52220e7c6c,220865e4-3634-427c-9bf5-07a4fd964a48,true,
bfb4a381-67f3-44bb-b544-4f52220e7c6c,88353f2a-c447-42ba-b135-f91d0066d320,true,
bfb4a381-67f3-44bb-b544-4f52220e7c6c,74edc272-1dcf-4162-ad2e-9384eac41cff,true,
f3d64d5c-2441-434d-b754-6f0ab76acc34,c760397b-684d-4768-a279-6b9e4262ae6b,true,
f3d64d5c-2441-434d-b754-6f0ab76acc34,bdc798c1-e299-4bad-948a-62734ef602db,true,
f3d64d5c-2441-434d-b754-6f0ab76acc34,34a5a391-7c22-4408-81c4-14393a72e6bc,false,[NO_5XX] Unexpected 5XX response: 502
f3d64d5c-2441-434d-b754-6f0ab76acc34,e342f1f0-6c87-4a8d-8bed-bd1cfb77ce41,true,
f3d64d5c-2441-434d-b754-6f0ab76acc34,ef3b3f29-0d86-4df2-9bc3-41be00c80bbb,true,
f3d64d5c-2441-434d-b754-6f0ab76acc34,e9b8ea83-f614-4c66-8b64-29592ac2985e,true,
f3d64d5c-2441-434d-b754-6f0ab76acc34,83398b5f-c57d-49ba-994d-436ac071ac85,true,
f3d64d5c-2441-434d-b754-6f0ab76acc34,3e5328a9-cb19-4ece-9b65-a1b7a02e8425,true,
6dfa2a0d-964f-44df-8a4a-22b33c9f291d,faed57d8-d0d3-4371-97a7-c5391190f86e,true,
6dfa2a0d-964f-44df-8a4a-22b33c9f291d,327353c5-c60f-4651-9e93-8d8304566fdb,true,
6dfa2a0d-964f-44df-8a4a-22b33c9f291d,f602bba5-df63-4958-b3d1-ec366861682e,false,[NO_5XX] Unexpected 5XX response: 502
6dfa2a0d-964f-44df-8a4a-22b33c9f291d,881a7c39-4ec4-4a1a-a57f-cac2ceeaecea,true,
6dfa2a0d-964f-44df-8a4a-22b33c9f291d,398d23ed-ca88-47de-a621-89f38b609195,true,
6dfa2a0d-964f-44df-8a4a-22b33c9f291d,d75d382c-ff15-4a36-b92a-8425e7134228,true,
6dfa2a0d-964f-44df-8a4a-22b33c9f291d,2aa463b0-d1ba-4bbd-8b39-2aee0b963857,true,
6dfa2a0d-964f-44df-8a4a-22b33c9f291d,1c89ba7f-f666-4824-b0c2-d82649a0423d,true,
a28c45a8-207c-4b6e-8a12-1cc96abf4337,452a05ba-028e-4e5e-89e6-6cbc1eb02814,true,
a28c45a8-207c-4b6e-8a12-1cc96abf4337,3966f1d9-627d-4e8f-bee6-a1b468309acc,true,
a28c45a8-207c-4b6e-8a12-1cc96abf4337,1d8c8eb6-a580-4084-903f-67859e302848,false,[NO_5XX] Unexpected 5XX response: 503
a28c45a8-207c-4b6e-8a12-1cc96abf4337,2af1ec8f-d0b3-457d-a2d7-711f3c32a9d7,true,
a28c45a8-207c-4b6e-8a12-1cc96abf4337,d8c60168-86cd-4e01-9e41-3e7ee7e3a0f3,true,
a28c45a8-207c-4b6e-8a12-1cc96abf4337,47a98219-a15a-46b7-941d-b5d94fd988f4,true,
a28c45a8-207c-4b6e-8a12-1cc96abf4337,89c0ad38-da94-43a0-a564-83e0c9c5c1cc,true,
a28c45a8-207c-4b6e-8a12-1cc96abf4337,653a5399-df05-46bc-96aa-8a343048a35b,true,
10290203-f0de-4914-8433-7075a60056df,bc4d5f67-3458-44ad-849e-d7bd885d2bbf,true,
10290203-f0de-4914-8433-7075a60056df,f167c17e-21ca-4999-9e34-282ca052e79c,true,
10290203-f0de-4914-8433-7075a60056df,e843bd82-0c1e-4723-935c-18a14fca52c5,false,[NO_5XX] Unexpected 5XX response: 501
10290203-f0de-4914-8433-7075a60056df,9ae2ab7d-87b6-45f8-9341-c9a22432968c,true,
10290203-f0de-4914-8433-7075a60056df,a4c27bc1-54e9-48ce-88f7-ad473b06e5b8,true,
10290203-f0de-4914-8433-7075a60056df,abd4c343-4a64-4451-9f8c-fcf6e39a8599,true,
10290203-f0de-4914-8433-7075a60056df,b7af736f-2d0b-470f-9142-c1e0f899381d,true,
10290203-f0de-4914-8433-7075a60056df,05a0c0a0-9e65-4fbb-a0de-8c2046c1adc2,true,
edfc0872-3cfd-462f-b9d6-fd9068582574,1d89e768-51ae-4f7b-ad75-8f1f08beb064,true,
edfc0872-3cfd-462f-b9d6-fd9068582574,9a004a6d-f074-4b03-8a3e-d1bd96da246f,true,
edfc0872-3cfd-462f-b9d6-fd9068582574,3df10274-16bf-484e-81bc-443553f020fd,false,[NO_5XX] Unexpected 5XX response: 502
edfc0872-3cfd-462f-b9d6-fd9068582574,67a9dd82-d7f2-48ad-be45-849d980246d1,true,
edfc0872-3cfd-462f-b9d6-fd9068582574,3633dd86-90e3-4281-9c0f-4243fa5da4c6,true,
edfc0872-3cfd-462f-b9d6-fd9068582574,ba061fae-078e-46d1-a014-73e763f3467e,true,
edfc0872-3cfd-462f-b9d6-fd9068582574,3d3eade7-cc7e-4954-a9d9-4647ecac5c2a,true,
edfc0872-3cfd-462f-b9d6-fd9068582574,336b999f-b73c-45cd-91c9-dcb69cc2fd94,true,
f70a7366-5b1b-4396-8462-140911553df6,ce524941-f8c7-47ea-9e91-f121e398da82,true,
f70a7366-5b1b-4396-8462-140911553df6,bbe2b521-8bfc-4400-ab5a-2f6901cd190c,true,
f70a7366-5b1b-4396-8462-140911553df6,fe36a1a6-e921-47a3-9f53-e51173954d72,false,[NO_5XX] Unexpected 5XX response: 501
f70a7366-5b1b-4396-8462-140911553df6,a72055bb-a64d-492e-972d-2f5d8961d993,true,
f70a7366-5b1b-4396-8462-140911553df6,ebfe2048-95d2-4b13-824d-8cae538417b0,true,
f70a7366-5b1b-4396-8462-140911553df6,c18c9e19-f1cc-428d-9852-e05a4fa165ea,true,
f70a7366-5b1b-4396-8462-140911553df6,f1a9b558-d980-4c37-8225-d5ea60228724,true,
f70a7366-5b1b-4396-8462-140911553df6,b9986342-e5e5-4926-929a-8dd3b75366f4,true,
8fd19537-8e7a-43d3-becb-113ff1e1d9ac,c168ecff-e54f-4f6d-af59-570b1d0d876a,true,
8fd19537-8e7a-43d3-becb-113ff1e1d9ac,277c2f2f-f826-4ed3-9065-bab8d4e6a8d3,true,
8fd19537-8e7a-43d3-becb-113ff1e1d9ac,10afa036-c8a0-4463-815d-3233883616ec,false,[NO_5XX] Unexpected 5XX response: 502
8fd19537-8e7a-43d3-becb-113ff1e1d9ac,67cc5841-428e-4669-9dc4-04311bb2a676,true,
8fd19537-8e7a-43d3-becb-113ff1e1d9ac,b5c74920-277e-4085-afe2-02a99ce6f617,true,
8fd19537-8e7a-43d3-becb-113ff1e1d9ac,fa984734-f277-4897-8e8f-ce4f392c1c4d,true,
8fd19537-8e7a-43d3-becb-113ff1e1d9ac,ef1e6aaf-f679-4de4-8922-68d7de318f97,true,
8fd19537-8e7a-43d3-becb-113ff1e1d9ac,c049d4cb-c62c-48f7-bcb4-ad2fddeae0ea,true,
c1034925-d542-4357-92de-dc5644942ba8,4e23d6a5-f1ed-452a-9837-f5243e43757a,true,
c1034925-d542-4357-92de-dc5644942ba8,d6922bc2-07ae-4937-82b2-07dde28845e0,true,
c1034925-d542-4357-92de-dc5644942ba8,3ca374da-e01c-4580-851f-3e83f907b116,false,[NO_5XX] Unexpected 5XX response: 504
c1034925-d542-4357-92de-dc5644942ba8,37933401-2ec6-4f26-a35e-cf5c7ab35896,true,
c1034925-d542-4357-92de-dc5644942ba8,7272d627-fb11-4895-8830-510ae82542bb,true,
c1034925-d542-4357-92de-dc5644942ba8,e723f941-23e7-4e2a-a8bf-7f07bbc380bc,true,
c1034925-d542-4357-92de-dc5644942ba8,bd3187a6-f926-4510-a128-b7a4862d1725,true,
c1034925-d542-4357-92de-dc5644942ba8,641ebb6e-922e-48ea-a695-e5c736ef64a7,true,
cf53892c-cd86-4e55-8cc4-f41c67dd33ac,8fcbc2ec-0879-4f2f-8900-066430e71cff,true,
cf53892c-cd86-4e55-8cc4-f41c67dd33ac,8a26516d-4c35-4aaf-87cf-e6b8c77072d5,true,
cf53892c-cd86-4e55-8cc4-f41c67dd33ac,11cf10b8-c0ad-4410-a08f-9bb29608e2be,false,[NO_5XX] Unexpected 5XX response: 500
cf53892c-cd86-4e55-8cc4-f41c67dd33ac,8acf61b8-14b7-4876-a513-0e6a2c3275bd,true,
cf53892c-cd86-4e55-8cc4-f41c67dd33ac,d94eec35-02ae-4eed-b5b6-ff3fdccd8c71,true,
cf53892c-cd86-4e55-8cc4-f41c67dd33ac,1139ddb9-2181-4759-b305-6f011798ea5d,true,
cf53892c-cd86-4e55-8cc4-f41c67dd33ac,87e4c4bc-8c34-4e75-ac16-ae6a5223dba7,true,
cf53892c-cd86-4e55-8cc4-f41c67dd33ac,fcb3f9ec-7ed9-4dac-80dd-8d85ea1443df,true,
f864fd4d-c817-49c3-8a14-8de0bc528ea8,335946f7-acac-4b17-a797-5d518318135b,true,
f864fd4d-c817-49c3-8a14-8de0bc528ea8,ef3fa3bb-ec5d-4667-aa3d-952f8374bd00,true,
f864fd4d-c817-49c3-8a14-8de0bc528ea8,b54510ad-b10a-4bc0-86b3-9faa93386e5e,false,[NO_5XX] Unexpected 5XX response: 503
f864fd4d-c817-49c3-8a14-8de0bc528ea8,27cfb442-04d0-4843-996e-3d1a0cd0166c,true,
f864fd4d-c817-49c3-8a14-8de0bc528ea8,63e7be98-57c8-4bd4-be48-58db30f49512,true,
f864fd4d-c817-49c3-8a14-8de0bc528ea8,09966182-ee82-4615-9688-089d07d227d9,true,
f864fd4d-c817-49c3-8a14-8de0bc528ea8,e44ec516-089f-4adb-bacc-0038564b290c,true,
f864fd4d-c817-49c3-8a14-8de0bc528ea8,52b90c20-0695-41e1-974a-600000376c50,true,
cc4b62ab-4725-4bf7-b313-c758eda65d21,90487cbd-913a-41d2-86af-8bc659669aad,true,
cc4b62ab-4725-4bf7-b313-c758eda65d21,b1fa249d-a36f-402d-a16f-fb1554f1286f,true,
cc4b62ab-4725-4bf7-b313-c758eda65d21,239b5be0-fa52-4a06-95d9-b907ee593dfb,false,[NO_5XX] Unexpected 5XX response: 500
cc4b62ab-4725-4bf7-b313-c758eda65d21,5fbe1cca-602f-4b76-bfc2-d323d404e4c6,true,
cc4b62ab-4725-4bf7-b313-c758eda65d21,e34cc9f0-d7ff-4b5d-82b0-3f1440b45594,true,
cc4b62ab-4725-4bf7-b313-c758eda65d21,a5f4c133-691c-44e3-8c8a-77f1020c70ce,true,
cc4b62ab-4725-4bf7-b313-c758eda65d21,607de35f-8d1b-4e8c-86cd-bd124b4f42fa,true,
cc4b62ab-4725-4bf7-b313-c758eda65d21,e51b0a27-e6b4-4b3e-826a-190262a9d8c0,true,
cc4b62ab-4725-4bf7-b313-c758eda65d21,bad40f2c-4ee6-49a9-833e-35c8c81f6db0,true,
cc4b62ab-4725-4bf7-b313-c758eda65d21,e814ddbc-bcc0-44fe-846a-5c6fc3e250a8,true,
cc4b62ab-4725-4bf7-b313-c758eda65d21,61743391-dc79-4eab-b31a-e3b488bf66a0,true,
cc4b62ab-4725-4bf7-b313-c758eda65d21,94571bda-381e-497c-947c-524110e62a69,true,
cc4b62ab-4725-4bf7-b313-c758eda65d21,b73b739d-c603-4844-9d40-11d6d429b02b,true,
cc4b62ab-4725-4bf7-b313-c758eda65d21,67de08fa-4e79-4b8e-a9d0-cccce65d6587,true,
cc4b62ab-4725-4bf7-b313-c758eda65d21,359526a7-db17-44da-9084-b7d2eb639851,true,
cc4b62ab-4725-4bf7-b313-c758eda65d21,e0a8cda2-1cbc-4090-a538-63e6d54fe40a,true,
cc4b62ab-4725-4bf7-b313-c758eda65d21,432aa918-a62f-48bd-83a8-ca9415a1be81,true,
cc4b62ab-4725-4bf7-b313-c758eda65d21,cfcdf9b7-59bd-49f6-b08e-354bd5de97b9,true,
cc4b62ab-4725-4bf7-b313-c758eda65d21,67aeb3b2-211f-4a9f-86dc-6696ce4551cb,true,
cc4b62ab-4725-4bf7-b313-c758eda65d21,6f85c532-981b-47bf-83f0-ce3923f2be82,true,
cc4b62ab-4725-4bf7-b313-c758eda65d21,447c9750-953e-4e9c-8b6f-e240681fcbbf,true,
cc4b62ab-4725-4bf7-b313-c758eda65d21,20daa0ec-e3b3-49c9-af0e-ae1404dddd93,true,
cc4b62ab-4725-4bf7-b313-c758eda65d21,e1a75c99-1e89-42c8-b00c-e9f425fef24e,true,
cc4b62ab-4725-4bf7-b313-c758eda65d21,d76bde61-2740-4c21-a3e8-28c1df830b0c,true,
cc4b62ab-4725-4bf7-b313-c758eda65d21,fd68fc27-ae52-4bb2-b481-f7d4972a2fa0,true,
cc4b62ab-4725-4bf7-b313-c758eda65d21,ea480903-23fd-4a6b-87db-de575a0298f8,true,
cc4b62ab-4725-4bf7-b313-c758eda65d21,9054a665-bebe-4be6-8a9f-1a8593d058bc,true,
cc4b62ab-4725-4bf7-b313-c758eda65d21,2d8970a1-035a-4af6-a30d-a2c59f09b48f,true,
cc4b62ab-4725-4bf7-b313-c758eda65d21,b682587a-3f45-4ef0-a02b-31d360d56798,true,
cc4b62ab-4725-4bf7-b313-c758eda65d21,ea3bd28d-302e-465b-9275-80f255df8c2b,true,
cc4b62ab-4725-4bf7-b313-c758eda65d21,51ec1469-a3f0-435b-992b-0e60288a273a,true,
cc4b62ab-4725-4bf7-b313-c758eda65d21,0e01ce67-a0e8-47fa-a256-d39f3ee723fb,true,
cc4b62ab-4725-4bf7-b313-c758eda65d21,6159a97b-9f02-4522-a07b-f965ece1b0f7,true,
cc4b62ab-4725-4bf7-b313-c758eda65d21,3b892d31-947a-4fe3-80ed-81c93a26b103,true,
cc4b62ab-4725-4bf7-b313-c758eda65d21,d94ccb15-516b-4441-ab16-0879d4b85f65,true,
cc4b62ab-4725-4bf7-b313-c758eda65d21,7bd2967c-638f-4397-a06f-59898a87fbf9,true,
cc4b62ab-4725-4bf7-b313-c758eda65d21,7ed38f8c-50a8-4b6a-a81f-4139af53c15d,true,
cc4b62ab-4725-4bf7-b313-c758eda65d21,122ea1f9-503f-4b97-bdfc-8c62b9b9fefa,true,
cc4b62ab-4725-4bf7-b313-c758eda65d21,7c32216f-c041-42ee-8c92-db9339dd7baa,true,
cc4b62ab-4725-4bf7-b313-c758eda65d21,a1d073bc-c827-4a83-b345-51a9937e707e,true,
cc4b62ab-4725-4bf7-b313-c758eda65d21,6ac12435-f04b-4562-875c-4be1c4bdc28a,true,
cc4b62ab-4725-4bf7-b313-c758eda65d21,47a1e63d-92cb-4d79-bcb2-4210e3ac9fd8,true,
cc4b62ab-4725-4bf7-b313-c758eda65d21,ea2a581e-b4a7-4e2a-89e9-5a3f8c46aa19,true,
cc4b62ab-4725-4bf7-b313-c758eda65d21,74c2bdb1-d156-4e06-937a-9f375eca51a7,true,
cc4b62ab-4725-4bf7-b313-c758eda65d21,b82beeec-c6c5-45f7-a868-45e754690fcf,true,
cc4b62ab-4725-4bf7-b313-c758eda65d21,ce3adef1-cdad-42c4-83a5-c77a813711f5,true,
cc4b62ab-4725-4bf7-b313-c758eda65d21,558b9470-3a7e-48a6-9ded-c5cc9a25710c,true,
cc4b62ab-4725-4bf7-b313-c758eda65d21,ba46fc73-bdb0-463c-8d78-6e9fc7a9f7d4,true,
cc4b62ab-4725-4bf7-b313-c758eda65d21,80302fa6-afdf-4b77-8ba1-a80ece8d1242,true,
cc4b62ab-4725-4bf7-b313-c758eda65d21,b3f1e65d-c28b-44dc-acfb-5225b426deb2,true,
cc4b62ab-4725-4bf7-b313-c758eda65d21,652f9e83-8230-499b-aefa-cc79a98032bd,true,
cc4b62ab-4725-4bf7-b313-c758eda65d21,3533dc0c-de41-421e-a733-71fa3b99a298,true,
cc4b62ab-4725-4bf7-b313-c758eda65d21,cd93f6a3-4fec-477d-95b0-6c6f0404e532,true,
cc4b62ab-4725-4bf7-b313-c758eda65d21,4f95f981-8298-4157-b6b2-07e6e29c6075,true,
cc4b62ab-4725-4bf7-b313-c758eda65d21,6c6378c0-25aa-4161-950e-52fbabac6073,true,
cc4b62ab-4725-4bf7-b313-c758eda65d21,05cb77a1-d873-468b-b02d-4b2e6e8f5fdb,true,
cc4b62ab-4725-4bf7-b313-c758eda65d21,9c9ac583-ab90-4f9d-967c-8b1e07f49550,true,
cc4b62ab-4725-4bf7-b313-c758eda65d21,cdf7ca34-9af5-4b81-9056-5fb35d38bdb2,true,
7508a23c-0f12-4feb-9290-d4b1f8a0a45d,33a3f54d-3f8e-426f-b8c2-d00750e5e315,true,
7508a23c-0f12-4feb-9290-d4b1f8a0a45d,c9311fdb-981f-40b0-83ce-8a0c09d23276,true,
7508a23c-0f12-4feb-9290-d4b1f8a0a45d,a888f164-7a48-4826-9f27-2ca663eb448b,false,[NO_5XX] Unexpected 5XX response: 501
7508a23c-0f12-4feb-9290-d4b1f8a0a45d,2645ed3e-e355-4b2f-b285-953a86633093,true,
7508a23c-0f12-4feb-9290-d4b1f8a0a45d,27474605-67d8-44ce-8526-314a08e73860,true,
7508a23c-0f12-4feb-9290-d4b1f8a0a45d,23a0169c-0da7-46e3-872c-35bd760f5df0,true,
7508a23c-0f12-4feb-9290-d4b1f8a0a45d,9dd5e1df-7157-42c5-a566-b66f1757fc92,true,
7508a23c-0f12-4feb-9290-d4b1f8a0a45d,653acd89-aeef-40fa-82ff-fe82784f4a1d,true,
ab50914d-3c66-4039-b74f-af2ce7ec5a55,7da4181a-e80c-481d-8188-df3b781a1344,true,
ab50914d-3c66-4039-b74f-af2ce7ec5a55,c94a34fa-241c-44d5-86ad-7c1a867461de,true,
ab50914d-3c66-4039-b74f-af2ce7ec5a55,6bf88be7-d65e-4808-b4a8-b182b99fc138,false,[NO_5XX] Unexpected 5XX response: 500
ab50914d-3c66-4039-b74f-af2ce7ec5a55,1d044f57-7418-4556-a82d-f90ee40b69c2,true,
ab50914d-3c66-4039-b74f-af2ce7ec5a55,b8adfa7b-a719-47fd-a941-acc94b8cd260,true,
ab50914d-3c66-4039-b74f-af2ce7ec5a55,dfe666c4-6e56-4aaa-a42e-b7173744301a,true,
ab50914d-3c66-4039-b74f-af2ce7ec5a55,1ac4f160-18ef-4150-bd0f-965ca339a87f,true,
ab50914d-3c66-4039-b74f-af2ce7ec5a55,3543bb41-f711-4208-aa1c-e057e7011e8a,true,
89fbffd6-b46c-4fd0-9236-2f93efb2defe,0d56e95c-d7f4-4d43-8c7f-51030d4bbeb7,true,
89fbffd6-b46c-4fd0-9236-2f93efb2defe,0e92ca30-0f46-48a3-8631-f34369efcea7,true,
89fbffd6-b46c-4fd0-9236-2f93efb2defe,7cf103d6-223a-4ef4-812e-bb50a2700319,false,[NO_5XX] Unexpected 5XX response: 502
89fbffd6-b46c-4fd0-9236-2f93efb2defe,8653484b-55d5-4f70-859a-79e01d8bef31,true,
89fbffd6-b46c-4fd0-9236-2f93efb2defe,6ae7484e-2df1-448f-9999-8cf5ac044be2,true,
89fbffd6-b46c-4fd0-9236-2f93efb2defe,935c54cd-349c-478b-9fa8-2eee1856e4e9,true,
89fbffd6-b46c-4fd0-9236-2f93efb2defe,dd5cd3f8-7f59-449b-b379-39ac5882c23a,true,
89fbffd6-b46c-4fd0-9236-2f93efb2defe,07502d28-c150-4af8-97dd-ed89c849d198,true,
bb526b4b-6673-460b-a4ef-5008a8a66e42,bec9cf7b-a384-464a-bea6-5de67143c209,true,
bb526b4b-6673-460b-a4ef-5008a8a66e42,9cfaf647-9856-4766-8c5f-cfe8d0ad4751,true,
bb526b4b-6673-460b-a4ef-5008a8a66e42,aed3f696-2dd8-4411-b3be-105b11af4d4b,false,[NO_5XX] Unexpected 5XX response: 501
bb526b4b-6673-460b-a4ef-5008a8a66e42,772787fb-809f-48c8-bfbf-1ca0992d8941,true,
bb526b4b-6673-460b-a4ef-5008a8a66e42,f30de75e-02e1-4a28-9ef7-f9df7def9616,true,
bb526b4b-6673-460b-a4ef-5008a8a66e42,377c4eb5-3786-4ddc-a6ee-46f2d64fb4bb,true,
bb526b4b-6673-460b-a4ef-5008a8a66e42,a71461b4-9946-4a6f-9e52-5964c16ee67d,true,
bb526b4b-6673-460b-a4ef-5008a8a66e42,f626023f-c254-4fe5-bc61-7d81bdfd8d47,true,
b2faef05-6f9d-422a-8d39-e6bd2af3791d,a41de935-9e1a-43d9-9d40-c190d4f0d165,true,
b2faef05-6f9d-422a-8d39-e6bd2af3791d,cdc8a560-a196-4a57-b66d-148d588ae4bc,true,
b2faef05-6f9d-422a-8d39-e6bd2af3791d,5cabc607-6bba-4cf2-a7fd-9b5a2398657e,false,[NO_5XX] Unexpected 5XX response: 503
b2faef05-6f9d-422a-8d39-e6bd2af3791d,026042fb-c401-4115-a4bd-0ecc995fca99,true,
b2faef05-6f9d-422a-8d39-e6bd2af3791d,5984006c-b17a-446a-b1ad-d6b8155c3ccc,true,
b2faef05-6f9d-422a-8d39-e6bd2af3791d,47cd936a-ae26-4cb0-afc7-83f27c1e6560,true,
b2faef05-6f9d-422a-8d39-e6bd2af3791d,ab8cc435-9ce6-4dd7-a412-6463d47636f4,true,
b2faef05-6f9d-422a-8d39-e6bd2af3791d,b51b2280-2c7a-49fe-a039-4299170e5b91,true,
6d10a67f-1d5f-4f68-9830-31c60a7518a1,dde05672-8fcb-4b6c-b0ff-109518fc2a54,true,
6d10a67f-1d5f-4f68-9830-31c60a7518a1,04f5b066-8805-4723-9384-37d7804bbc46,true,
6d10a67f-1d5f-4f68-9830-31c60a7518a1,0ce582c6-b82d-4872-a935-0fe2fbaf5fc1,false,[NO_5XX] Unexpected 5XX response: 500
6d10a67f-1d5f-4f68-9830-31c60a7518a1,a11ecc7b-5a92-4c58-af7b-b79437241367,true,
6d10a67f-1d5f-4f68-9830-31c60a7518a1,2ef6fe7f-16e2-480f-b91e-7510400d264b,true,
6d10a67f-1d5f-4f68-9830-31c60a7518a1,6b87c1cf-5fb9-4191-847a-29a55f8ebd74,true,
6d10a67f-1d5f-4f68-9830-31c60a7518a1,10977cc1-3575-40d4-8e73-0c7bbfe98809,true,
6d10a67f-1d5f-4f68-9830-31c60a7518a1,e23ae7d0-28ed-4ec3-b0a5-b1bfe6672bed,true,
6d10a67f-1d5f-4f68-9830-31c60a7518a1,76105a5b-78d2-4f8a-9fa2-13db477b2553,true,
6d10a67f-1d5f-4f68-9830-31c60a7518a1,8759e243-2a58-4490-bead-026a021a1606,true,
6d10a67f-1d5f-4f68-9830-31c60a7518a1,f68201fd-e642-4ba5-b139-107a2bf6a74c,true,
6d10a67f-1d5f-4f68-9830-31c60a7518a1,20ba83e8-cd08-44e6-addd-0707f68d17fc,true,
6d10a67f-1d5f-4f68-9830-31c60a7518a1,00721734-130b-4b0e-864a-8f5f180bc2f6,true,
6d10a67f-1d5f-4f68-9830-31c60a7518a1,cade61ac-a44d-4522-b2c7-8300cd26ad24,true,
6d10a67f-1d5f-4f68-9830-31c60a7518a1,4b477e57-f447-4b73-8eb4-b2cf47dfb4b3,true,
6d10a67f-1d5f-4f68-9830-31c60a7518a1,c00d1882-0874-4407-a82e-cbba74191a7f,true,
6d10a67f-1d5f-4f68-9830-31c60a7518a1,3accda0e-237b-4e16-ac7a-656f610b943e,true,
6d10a67f-1d5f-4f68-9830-31c60a7518a1,f8cbe458-0085-40ee-8d02-dc5d42a4d412,true,
6d10a67f-1d5f-4f68-9830-31c60a7518a1,6ac58df6-db0e-4b01-ae57-561e304aa8e0,true,
6d10a67f-1d5f-4f68-9830-31c60a7518a1,3c6a90b5-f2a3-4272-9b6b-1610809353c4,true,
6d10a67f-1d5f-4f68-9830-31c60a7518a1,f3d1da69-6931-46af-8ddf-5a0cfac9047f,true,
6d10a67f-1d5f-4f68-9830-31c60a7518a1,d6b462b9-0639-4c65-8bba-63c9b1ee231d,true,
6d10a67f-1d5f-4f68-9830-31c60a7518a1,8bf67d4f-8714-487c-8edd-325dca050860,true,
6d10a67f-1d5f-4f68-9830-31c60a7518a1,199ddda4-077f-489e-8ced-9a5f2491d285,true,
6d10a67f-1d5f-4f68-9830-31c60a7518a1,5bdb4782-b6f8-4ddb-b210-da75ba8c0ac3,true,
6d10a67f-1d5f-4f68-9830-31c60a7518a1,4ab42b7c-de86-45bc-abed-7d6a608c8eec,true,
6d10a67f-1d5f-4f68-9830-31c60a7518a1,ba6db4dd-54a6-4ac4-83c1-39fc4ebcc652,true,
6d10a67f-1d5f-4f68-9830-31c60a7518a1,89d8416a-f772-484b-8500-5a3f33fdfd3d,true,
6d10a67f-1d5f-4f68-9830-31c60a7518a1,690809b1-e787-491f-bc6a-bdd3578b9b9a,true,
6d10a67f-1d5f-4f68-9830-31c60a7518a1,d004e7c2-fd84-43ef-a19f-b989fda117f2,true,
6d10a67f-1d5f-4f68-9830-31c60a7518a1,7aecb509-7625-4392-a8dd-b1fd964b0a69,true,
6d10a67f-1d5f-4f68-9830-31c60a7518a1,c5697832-07b0-40d5-86ac-f96a80626743,true,
6d10a67f-1d5f-4f68-9830-31c60a7518a1,0dd3dcef-c1b7-48d1-b1ce-28bfbf3fd072,true,
6d10a67f-1d5f-4f68-9830-31c60a7518a1,07ac398a-2e05-4f75-8c0f-7008139afecd,true,
6d10a67f-1d5f-4f68-9830-31c60a7518a1,563ae912-b44a-4447-b8eb-cab81ad64dbf,true,
6d10a67f-1d5f-4f68-9830-31c60a7518a1,a3c98323-e48c-4d27-88e5-11ca4b3d0392,true,
6d10a67f-1d5f-4f68-9830-31c60a7518a1,ccaa604b-7797-4b25-8169-658d0f5abc67,true,
6d10a67f-1d5f-4f68-9830-31c60a7518a1,fa94d9dc-b98a-4056-a59f-b238121d5a6f,true,
6d10a67f-1d5f-4f68-9830-31c60a7518a1,101185fc-520a-4d67-a1ee-04ffb629bc09,true,
6d10a67f-1d5f-4f68-9830-31c60a7518a1,1edc6662-bc60-4ebb-be14-0481f1683fac,true,
6d10a67f-1d5f-4f68-9830-31c60a7518a1,b4d75c8d-4052-4927-ad80-b7faa5714f0a,true,
6d10a67f-1d5f-4f68-9830-31c60a7518a1,948f6f84-0230-4f6a-bbcb-8e94a360bba4,true,
6d10a67f-1d5f-4f68-9830-31c60a7518a1,88c66af9-f182-46c4-aec7-a8ec884d8a65,true,
6d10a67f-1d5f-4f68-9830-31c60a7518a1,e68025a0-aa0b-4855-a017-920c1bc112fc,true,
6d10a67f-1d5f-4f68-9830-31c60a7518a1,6c6a0464-9a46-49a9-9d4e-963c101f7129,true,
6d10a67f-1d5f-4f68-9830-31c60a7518a1,0f894c69-67ce-4e2d-af68-4f988b56045c,true,
6d10a67f-1d5f-4f68-9830-31c60a7518a1,8dba813b-dbc1-4ee8-a74a-339a5416ff7e,true,
6d10a67f-1d5f-4f68-9830-31c60a7518a1,abc83c43-3cc1-4de6-a57d-c4b86ade06f8,true,
6d10a67f-1d5f-4f68-9830-31c60a7518a1,133b2ed2-84e5-4dbd-a684-c08997dd2874,true,
6d10a67f-1d5f-4f68-9830-31c60a7518a1,ab68cff4-fd7e-42c0-bfd1-710095236bce,true,
6d10a67f-1d5f-4f68-9830-31c60a7518a1,ef41e4ce-fc26-44ee-a7df-898d34f070da,true,
6d10a67f-1d5f-4f68-9830-31c60a7518a1,eda6e832-e195-4efe-a4eb-20cb902ca402,true,
6d10a67f-1d5f-4f68-9830-31c60a7518a1,e7bd0818-2072-437e-8aa4-f96caab55809,true,
6d10a67f-1d5f-4f68-9830-31c60a7518a1,6f063825-c5d4-4d06-81a1-70852c88f84b,true,
6d10a67f-1d5f-4f68-9830-31c60a7518a1,f0d9592e-4415-4f17-9c9a-0cf3817ab966,true,
6d10a67f-1d5f-4f68-9830-31c60a7518a1,070675ae-2be1-4702-bb5d-72f9152e4167,true,
6d10a67f-1d5f-4f68-9830-31c60a7518a1,1ddd31fb-bbf6-4bb5-8ccd-dbf050b42373,true,
6d10a67f-1d5f-4f68-9830-31c60a7518a1,3423fe68-04df-4266-a2dd-1d9a1e07755a,true,
b66d8f6a-a3da-4bb9-a8a6-b4c31a367e28,0472caff-4e2f-4991-8d68-504d19780274,true,
b66d8f6a-a3da-4bb9-a8a6-b4c31a367e28,c8eda859-a1f1-499e-9c35-4eca72812010,true,
b66d8f6a-a3da-4bb9-a8a6-b4c31a367e28,cb9f82b4-7372-4db6-b7fd-aa9a6687206f,false,[NO_5XX] Unexpected 5XX response: 504
b66d8f6a-a3da-4bb9-a8a6-b4c31a367e28,1dc40fcd-a10a-4f0d-978d-6a1314085b7c,true,
b66d8f6a-a3da-4bb9-a8a6-b4c31a367e28,6f9aab83-c324-4c11-8981-32d566d9ad9f,true,
b66d8f6a-a3da-4bb9-a8a6-b4c31a367e28,35bda0fc-78fe-4b31-b741-21773e1d8713,true,
b66d8f6a-a3da-4bb9-a8a6-b4c31a367e28,237c3d5f-9334-4d76-9775-662c80db5bfe,true,
b66d8f6a-a3da-4bb9-a8a6-b4c31a367e28,3e1620d3-119d-4b4e-9585-857e6ee02ab1,true,
d2066002-21c0-44cf-8d74-64a092ea337d,14a9bbbc-e404-44a4-b81d-74d691ff071a,true,
d2066002-21c0-44cf-8d74-64a092ea337d,b36073fb-e10c-4883-b91e-7ce05efb2bb1,true,
d2066002-21c0-44cf-8d74-64a092ea337d,a859fa23-6f2f-4b7a-a0f0-2e90dd510555,false,[NO_5XX] Unexpected 5XX response: 500
d2066002-21c0-44cf-8d74-64a092ea337d,27218d46-20c1-4a19-a101-d1bf7b664da5,true,
d2066002-21c0-44cf-8d74-64a092ea337d,6f26735d-4b04-4e4d-9244-41f2c0f8c780,true,
d2066002-21c0-44cf-8d74-64a092ea337d,60706b69-19bf-4a81-abc0-4eea436431f8,true,
d2066002-21c0-44cf-8d74-64a092ea337d,6d3ebcb6-7942-418f-8ec9-2a6974114108,true,
d2066002-21c0-44cf-8d74-64a092ea337d,4e8842de-1a33-424b-bb45-61f5df644773,true,
d4e76ff4-1e39-4a2a-9e8b-4556e9a62abf,540c877f-edfd-4382-8270-a3caf920049b,true,
d4e76ff4-1e39-4a2a-9e8b-4556e9a62abf,a4659081-1a08-4e8d-8264-1048d9abd78c,true,
d4e76ff4-1e39-4a2a-9e8b-4556e9a62abf,d309f451-258d-419a-b6be-1cd48f8bfa42,false,[NO_5XX] Unexpected 5XX response: 501
d4e76ff4-1e39-4a2a-9e8b-4556e9a62abf,7e3b8109-54b0-4345-b012-49cac1b48659,true,
d4e76ff4-1e39-4a2a-9e8b-4556e9a62abf,ec52b55b-f735-4a99-a1f3-df60c3465473,true,
d4e76ff4-1e39-4a2a-9e8b-4556e9a62abf,2a91ca8c-1206-48bb-8249-fa690a9d43e5,true,
d4e76ff4-1e39-4a2a-9e8b-4556e9a62abf,fd157740-abbb-4630-888f-f8600c8c663c,true,
d4e76ff4-1e39-4a2a-9e8b-4556e9a62abf,3994275c-d59e-4dac-92e8-973cc5a99f70,true,
9fea1d47-912d-45aa-86f5-7c95562c2b6e,21963fd8-e923-4b7f-825e-e658d8e2b9b7,true,
9fea1d47-912d-45aa-86f5-7c95562c2b6e,91bbd27c-32f1-4fd9-b96f-00dc50047636,true,
9fea1d47-912d-45aa-86f5-7c95562c2b6e,bdc8ccb7-6844-47e5-a371-15ec37fdb9df,false,[NO_5XX] Unexpected 5XX response: 502
9fea1d47-912d-45aa-86f5-7c95562c2b6e,f06548c0-05a0-4144-9f51-fecf8af77ea3,true,
9fea1d47-912d-45aa-86f5-7c95562c2b6e,5ace29a3-40dc-4787-adff-f2cb201caa44,true,
9fea1d47-912d-45aa-86f5-7c95562c2b6e,b6e77ff6-aeaf-457a-b2f6-1d75c328d563,true,
9fea1d47-912d-45aa-86f5-7c95562c2b6e,abeaf7cb-0cdd-4c3b-b020-cf0d186e78b8,true,
9fea1d47-912d-45aa-86f5-7c95562c2b6e,0a6a7367-26bc-45e6-8cd5-b3d6dcd3d36c,true,
9fea1d47-912d-45aa-86f5-7c95562c2b6e,974f2f00-8066-4b51-ac53-fd02061836bf,true,
9fea1d47-912d-45aa-86f5-7c95562c2b6e,cc96870c-8137-4ebf-9ba7-6bdf3f4f7e63,true,
9fea1d47-912d-45aa-86f5-7c95562c2b6e,b2f441cc-98ce-4ee4-a6a9-ecf737b32306,true,
9fea1d47-912d-45aa-86f5-7c95562c2b6e,12f09f60-39c1-4438-aea4-8906907c6627,true,
9fea1d47-912d-45aa-86f5-7c95562c2b6e,8995d61a-10b0-4067-805b-490b7e77bc27,true,
9fea1d47-912d-45aa-86f5-7c95562c2b6e,fb0103a2-0859-47fa-8742-523b5f582367,true,
9fea1d47-912d-45aa-86f5-7c95562c2b6e,b43841f4-d9b5-4e1a-b8af-958c47394e3e,true,
9fea1d47-912d-45aa-86f5-7c95562c2b6e,ed24564c-adcf-4113-b913-67d8cc04a470,true,
9fea1d47-912d-45aa-86f5-7c95562c2b6e,9e4e55d3-94b6-4bf5-b29f-0c97bb3fa448,true,
9fea1d47-912d-45aa-86f5-7c95562c2b6e,93fea710-e21d-497e-8384-1c883d15c2d6,true,
9fea1d47-912d-45aa-86f5-7c95562c2b6e,fe2584bc-2fb6-4c46-9b4d-9ee86e3381e4,true,
9fea1d47-912d-45aa-86f5-7c95562c2b6e,3b6dd79b-bc1a-4181-8813-c176bf10c709,true,
9fea1d47-912d-45aa-86f5-7c95562c2b6e,1d4164b0-991b-49fd-8ebf-e00d448d37a0,true,
9fea1d47-912d-45aa-86f5-7c95562c2b6e,3855e82d-5540-444f-b0b3-d36c69ab1044,true,
9fea1d47-912d-45aa-86f5-7c95562c2b6e,98c2d0e4-da3d-4c0b-ba68-74b3f736a1cb,true,
9fea1d47-912d-45aa-86f5-7c95562c2b6e,2349c4e1-7776-4cf0-b85f-2958769836b1,true,
9fea1d47-912d-45aa-86f5-7c95562c2b6e,60dc95d5-fb1c-4550-821d-2a77e02d0f3e,true,
9fea1d47-912d-45aa-86f5-7c95562c2b6e,b70b6294-9658-4eda-9a96-1d19179d00c7,true,
9fea1d47-912d-45aa-86f5-7c95562c2b6e,b4673b5a-dccb-44bb-ae5e-ab74e2318e6f,true,
9fea1d47-912d-45aa-86f5-7c95562c2b6e,25577125-9def-4fc6-a537-7ff7b6897338,true,
9fea1d47-912d-45aa-86f5-7c95562c2b6e,3c502db3-e2e5-4255-8871-297e06b997b2,true,
9fea1d47-912d-45aa-86f5-7c95562c2b6e,f5ff29a1-638b-4d98-b05c-8ad45fecdfcc,true,
9fea1d47-912d-45aa-86f5-7c95562c2b6e,8ef636af-7d9a-4781-a0b5-7359b3a2c6b1,true,
9fea1d47-912d-45aa-86f5-7c95562c2b6e,98c4b00b-ed2e-4c14-8fa6-0d77ed282101,true,
9fea1d47-912d-45aa-86f5-7c95562c2b6e,ff0207f5-dec7-4f23-8e3e-6f9208145079,true,
9fea1d47-912d-45aa-86f5-7c95562c2b6e,646871c0-7971-4a2f-a19a-0919162b9ccf,true,
9fea1d47-912d-45aa-86f5-7c95562c2b6e,ec295d45-9517-439f-b4f6-b8f895876161,true,
9fea1d47-912d-45aa-86f5-7c95562c2b6e,2e5d1ce9-5696-41ef-9cde-03097ace4df8,true,
9fea1d47-912d-45aa-86f5-7c95562c2b6e,36745bdb-33a1-4dec-8316-004a6d932c23,true,
9fea1d47-912d-45aa-86f5-7c95562c2b6e,faf09d73-063b-4085-98f1-9d6f3d7edfe0,true,
9fea1d47-912d-45aa-86f5-7c95562c2b6e,9c32f466-667a-4b28-8c64-903bab0f6f1f,true,
9fea1d47-912d-45aa-86f5-7c95562c2b6e,88f8520f-8118-4fef-8a19-eb59cfb5e4e6,true,
9fea1d47-912d-45aa-86f5-7c95562c2b6e,bffe3f2b-1fc4-4505-a241-4a01958d2963,true,
9fea1d47-912d-45aa-86f5-7c95562c2b6e,0a2983f8-19a8-4111-aa64-3d0bc4f46ae6,true,
9fea1d47-912d-45aa-86f5-7c95562c2b6e,ed3ace07-fef2-4120-88dd-f44c2fe79767,true,
9fea1d47-912d-45aa-86f5-7c95562c2b6e,6a809393-9f05-4be2-b4a1-b9a0bb1a11bb,true,
9fea1d47-912d-45aa-86f5-7c95562c2b6e,3a9b17eb-4ff8-4238-bce5-35e3ff3691f6,true,
9fea1d47-912d-45aa-86f5-7c95562c2b6e,f5e640e1-dd30-40cd-bb91-421502b3cf47,true,
9fea1d47-912d-45aa-86f5-7c95562c2b6e,1e25c04a-730b-4e10-adc6-00cb915321b1,true,
9fea1d47-912d-45aa-86f5-7c95562c2b6e,6818f6bc-1f92-4271-abbc-2b843b5e89e5,true,
9fea1d47-912d-45aa-86f5-7c95562c2b6e,13ad522c-d699-423e-ab3c-9cccd5b551c1,true,
9fea1d47-912d-45aa-86f5-7c95562c2b6e,564c9934-5dc0-49e4-822d-1a7df909e75d,true,
9fea1d47-912d-45aa-86f5-7c95562c2b6e,a35d0864-be66-44fb-a8ee-8728d8223c15,true,
9fea1d47-912d-45aa-86f5-7c95562c2b6e,7e421b7e-906a-428e-a263-5845901a3451,true,
9fea1d47-912d-45aa-86f5-7c95562c2b6e,03789ac9-b655-4d8f-b940-6f1f1b07257f,true,
9fea1d47-912d-45aa-86f5-7c95562c2b6e,a9dbf313-022d-478e-9abf-aec6bbaddb58,true,
9fea1d47-912d-45aa-86f5-7c95562c2b6e,d679043d-66f7-40d7-a8a6-678d2cb18f3d,true,
9fea1d47-912d-45aa-86f5-7c95562c2b6e,e896e6fe-b4c2-4a8e-a2fe-70dade2d737e,true,
9fea1d47-912d-45aa-86f5-7c95562c2b6e,3a97ecb7-f404-4834-8848-811a0495b948,true,
9fea1d47-912d-45aa-86f5-7c95562c2b6e,083930fe-fab6-4736-95ed-33b79e6d441d,true,
254bf72a-340d-4c0b-a099-88092b57cc09,daadd4cb-a4b6-4748-ba80-f9d834a34a2b,true,
254bf72a-340d-4c0b-a099-88092b57cc09,90b2388a-c15a-4df0-89ec-6fb2dd229ff9,true,
254bf72a-340d-4c0b-a099-88092b57cc09,39fdf533-2817-4c96-acd3-2396244287da,false,[NO_5XX] Unexpected 5XX response: 501
254bf72a-340d-4c0b-a099-88092b57cc09,7d95bae3-4ef4-4a54-bf52-9e9abe34cb37,true,
254bf72a-340d-4c0b-a099-88092b57cc09,b7c3b03c-4dcb-41b5-8a5b-34387312a3bf,true,
254bf72a-340d-4c0b-a099-88092b57cc09,160a17aa-942d-420c-8fef-e084c0a0c823,true,
254bf72a-340d-4c0b-a099-88092b57cc09,6771d104-b0e1-4381-b18a-bb7771527a0c,true,
254bf72a-340d-4c0b-a099-88092b57cc09,347a837e-de8c-4d10-be59-0c884628a56e,true,
dc6fad63-da71-48ae-99e1-1c9a556e30e8,06de425e-09fb-4dc2-aa15-c620fdb0931a,true,
dc6fad63-da71-48ae-99e1-1c9a556e30e8,a6360db3-a33a-46c9-aa2a-d7cb59737038,true,
dc6fad63-da71-48ae-99e1-1c9a556e30e8,2537e8ad-5777-41b1-b998-06207ffc2a0e,false,[NO_5XX] Unexpected 5XX response: 503
dc6fad63-da71-48ae-99e1-1c9a556e30e8,3345aa24-1c0c-4c4f-951c-f023072c9d05,true,
dc6fad63-da71-48ae-99e1-1c9a556e30e8,825d56f9-2277-41d0-9574-cd37a9b181f8,true,
dc6fad63-da71-48ae-99e1-1c9a556e30e8,ece53b98-db45-49dd-922b-450791f04c91,true,
dc6fad63-da71-48ae-99e1-1c9a556e30e8,75a922a0-ac56-44ff-9074-3103e2fe685b,true,
dc6fad63-da71-48ae-99e1-1c9a556e30e8,772ae8c0-2d5e-4ea7-abf1-da6fbc205634,true,
ab54c2d3-cae1-4a8d-b120-bb6ac92ff4a5,a6a02f32-e45b-4270-b0d5-816db6971881,true,
ab54c2d3-cae1-4a8d-b120-bb6ac92ff4a5,9673e227-8831-418d-af8f-736cef04b542,true,
ab54c2d3-cae1-4a8d-b120-bb6ac92ff4a5,834484ba-a824-4337-b5e0-6f381844289e,false,[NO_5XX] Unexpected 5XX response: 500
ab54c2d3-cae1-4a8d-b120-bb6ac92ff4a5,26f28d3e-a23a-42e4-b4da-e738357bebfd,true,
ab54c2d3-cae1-4a8d-b120-bb6ac92ff4a5,4494ef9f-9574-4378-8ee5-c36e8124c96b,true,
ab54c2d3-cae1-4a8d-b120-bb6ac92ff4a5,d29512e7-8160-4d64-9ee6-0587caab00da,true,
ab54c2d3-cae1-4a8d-b120-bb6ac92ff4a5,5621bead-85cc-4dbc-87e8-474f347050e1,true,
ab54c2d3-cae1-4a8d-b120-bb6ac92ff4a5,0d132c4b-332f-4ec4-a1de-5b896c219e05,true,
ab54c2d3-cae1-4a8d-b120-bb6ac92ff4a5,24d230d3-f3d4-4037-8e2d-76c728da64fa,true,
ab54c2d3-cae1-4a8d-b120-bb6ac92ff4a5,623a8f05-7e2e-483f-9254-1dd796bd6673,true,
ab54c2d3-cae1-4a8d-b120-bb6ac92ff4a5,1219bef9-547b-40b9-ae9f-5606b9001277,true,
ab54c2d3-cae1-4a8d-b120-bb6ac92ff4a5,0b1a540e-7e11-4227-8e32-9322c984ded1,true,
ab54c2d3-cae1-4a8d-b120-bb6ac92ff4a5,6d3ff695-ff34-4a7d-9806-e7ee2e7d2820,true,
ab54c2d3-cae1-4a8d-b120-bb6ac92ff4a5,262ff61a-7cd6-43b1-ba1b-cb84c2d7ffeb,true,
ab54c2d3-cae1-4a8d-b120-bb6ac92ff4a5,d6859f90-a92a-418a-97a2-5ae654ea9992,true,
ab54c2d3-cae1-4a8d-b120-bb6ac92ff4a5,6d44f7b0-fc8b-4cc6-9470-f4f4101565b5,true,
ab54c2d3-cae1-4a8d-b120-bb6ac92ff4a5,5ab92cf6-14be-4ca5-8387-b357b9a1c62e,true,
ab54c2d3-cae1-4a8d-b120-bb6ac92ff4a5,2039c58f-0053-4467-8a54-bc298423b96c,true,
ab54c2d3-cae1-4a8d-b120-bb6ac92ff4a5,86291f64-addb-45d5-a5a5-cae9505f1109,true,
ab54c2d3-cae1-4a8d-b120-bb6ac92ff4a5,201e800d-9ecc-4987-84d7-fabed9068483,true,
ab54c2d3-cae1-4a8d-b120-bb6ac92ff4a5,5eedf12d-2ac8-46c2-9b52-f3980dcb531e,true,
ab54c2d3-cae1-4a8d-b120-bb6ac92ff4a5,04db7e53-cdbc-44f5-80f1-8d2f84f7c544,true,
ab54c2d3-cae1-4a8d-b120-bb6ac92ff4a5,4adbbf34-e062-4b09-b537-f5521ac787a7,true,
ab54c2d3-cae1-4a8d-b120-bb6ac92ff4a5,0bf40de9-5b13-4b69-8e6b-3fc865aa82aa,true,
ab54c2d3-cae1-4a8d-b120-bb6ac92ff4a5,73411237-8740-436e-94bc-e7e894145439,true,
ab54c2d3-cae1-4a8d-b120-bb6ac92ff4a5,0e4611bf-862c-4a32-b64a-1d4b846f0899,true,
ab54c2d3-cae1-4a8d-b120-bb6ac92ff4a5,ce5ca845-6b28-4b87-91ad-02d84ae3a33c,true,
ab54c2d3-cae1-4a8d-b120-bb6ac92ff4a5,38586d48-4c6a-490c-839e-6efb8d160786,true,
ab54c2d3-cae1-4a8d-b120-bb6ac92ff4a5,ae4962db-2ca2-4e86-a362-a01619847b42,true,
ab54c2d3-cae1-4a8d-b120-bb6ac92ff4a5,e2236374-7e0e-48d1-9530-a9f046c4bb53,true,
ab54c2d3-cae1-4a8d-b120-bb6ac92ff4a5,472bdbf5-55bf-43c8-ab8e-cddd33f76e12,true,
ab54c2d3-cae1-4a8d-b120-bb6ac92ff4a5,b476c163-7159-45cd-bd77-ce5877cce70f,true,
ab54c2d3-cae1-4a8d-b120-bb6ac92ff4a5,f7dec977-1c19-40e0-a7aa-f0a9ede02585,true,
ab54c2d3-cae1-4a8d-b120-bb6ac92ff4a5,ff596f6f-af4d-47e1-ab7d-7b890d773c13,true,
ab54c2d3-cae1-4a8d-b120-bb6ac92ff4a5,80b10792-5db4-4874-a8b8-65e5261882b7,true,
ab54c2d3-cae1-4a8d-b120-bb6ac92ff4a5,de9d31f2-2c24-4c53-9e85-39f962d8b4f0,true,
ab54c2d3-cae1-4a8d-b120-bb6ac92ff4a5,d06fbf17-7018-4ffe-9e03-0a32cf397cd2,true,
ab54c2d3-cae1-4a8d-b120-bb6ac92ff4a5,44a1770f-8e6b-4142-b4bc-a73d71fb4875,true,
ab54c2d3-cae1-4a8d-b120-bb6ac92ff4a5,8c2f251a-bb33-4cba-b6fa-1d9bb9e13d45,true,
ab54c2d3-cae1-4a8d-b120-bb6ac92ff4a5,26edb90c-e0d6-42a7-84e6-170834738033,true,
ab54c2d3-cae1-4a8d-b120-bb6ac92ff4a5,101858de-4201-4e14-a2c4-89ae72a85bae,true,
ab54c2d3-cae1-4a8d-b120-bb6ac92ff4a5,dd67ddf1-5005-4018-857f-929054499674,true,
ab54c2d3-cae1-4a8d-b120-bb6ac92ff4a5,a3d0fec1-660f-4a87-b0ea-c1f76a8afa57,true,
ab54c2d3-cae1-4a8d-b120-bb6ac92ff4a5,6881306e-e716-4b78-b4f2-66c2e2c2c2d2,true,
ab54c2d3-cae1-4a8d-b120-bb6ac92ff4a5,85522454-f423-40ed-b591-49751eef65dc,true,
ab54c2d3-cae1-4a8d-b120-bb6ac92ff4a5,63582e2a-6723-4ea4-98e7-69817b17675f,true,
ab54c2d3-cae1-4a8d-b120-bb6ac92ff4a5,9b2b64de-b14f-447b-9cf5-3f76612103b2,true,
ab54c2d3-cae1-4a8d-b120-bb6ac92ff4a5,9e25c122-82d4-4e63-bbe0-5d1da2404ba6,true,
ab54c2d3-cae1-4a8d-b120-bb6ac92ff4a5,cc4eda29-c7b6-4a03-b933-6f8d97f8ee4d,true,
ab54c2d3-cae1-4a8d-b120-bb6ac92ff4a5,cc4012b5-00d2-4933-bcc5-f79a2f626000,true,
ab54c2d3-cae1-4a8d-b120-bb6ac92ff4a5,28dac629-152d-4de4-8740-bbd3b96fd4ab,true,
ab54c2d3-cae1-4a8d-b120-bb6ac92ff4a5,dce30db6-a1c3-4008-afe3-e7cc0400c21a,true,
ab54c2d3-cae1-4a8d-b120-bb6ac92ff4a5,d3c87e11-975f-4f2e-8ee3-b3f5568dc9fe,true,
ab54c2d3-cae1-4a8d-b120-bb6ac92ff4a5,b94e6e1a-e302-47e7-af67-dcd93888fd33,true,
ab54c2d3-cae1-4a8d-b120-bb6ac92ff4a5,bf8ff17e-e637-4552-9886-b67dea4b536b,true,
ab54c2d3-cae1-4a8d-b120-bb6ac92ff4a5,59dcbb79-482a-47e5-a9f3-6cd05060f0fd,true,
ab54c2d3-cae1-4a8d-b120-bb6ac92ff4a5,d5ac24b1-5110-48e4-8c41-74f0f2a8c489,true,
ab54c2d3-cae1-4a8d-b120-bb6ac92ff4a5,3545f487-ca75-4f70-ac42-6dd8e4c94414,true,
408fcc91-1eef-4863-9a3b-98a974951c37,c1f220b9-c024-4e7b-8d5f-80383684915e,true,
408fcc91-1eef-4863-9a3b-98a974951c37,6f44f747-1fb9-4a51-b1ad-180e231720d7,true,
408fcc91-1eef-4863-9a3b-98a974951c37,fdb91f17-729b-4168-a1d5-15cdb3ed99de,false,[NO_5XX] Unexpected 5XX response: 500
408fcc91-1eef-4863-9a3b-98a974951c37,7aa1749d-4870-4b46-9e78-21bdf9dc5719,true,
408fcc91-1eef-4863-9a3b-98a974951c37,f7cb3655-1bda-4601-ad2f-f5ea38a85c6b,true,
408fcc91-1eef-4863-9a3b-98a974951c37,26549d3d-b8d4-4e33-a72b-eec46ec140a1,true,
408fcc91-1eef-4863-9a3b-98a974951c37,232d46dc-b96e-4cfc-8204-f26091e6b45e,true,
408fcc91-1eef-4863-9a3b-98a974951c37,cab1cbd7-b68a-4fe7-870b-26ac0602e0fa,true,
408fcc91-1eef-4863-9a3b-98a974951c37,097ce44f-45bd-42af-84d3-4d167b931ecf,true,
408fcc91-1eef-4863-9a3b-98a974951c37,f263d9ee-ccbc-454d-991e-b5ef18537b19,true,
408fcc91-1eef-4863-9a3b-98a974951c37,0f1cc618-a3f8-47d4-a36a-3fa0a7c005d6,true,
408fcc91-1eef-4863-9a3b-98a974951c37,c8e22b49-f34d-4d3e-8965-74e3d2647087,true,
408fcc91-1eef-4863-9a3b-98a974951c37,ea29b9cf-2642-4eb9-a410-0b2bf653efaa,true,
408fcc91-1eef-4863-9a3b-98a974951c37,c674d477-a8b8-4be1-a496-c1f7b7171a78,true,
408fcc91-1eef-4863-9a3b-98a974951c37,cbbc1765-a497-4642-8546-d31c945ba4f8,true,
408fcc91-1eef-4863-9a3b-98a974951c37,5147f6d3-62ba-40eb-ae7d-89c95de9d9c0,true,
408fcc91-1eef-4863-9a3b-98a974951c37,cb7c0098-b0c9-4dd4-9ecb-3bfe00d8680e,true,
408fcc91-1eef-4863-9a3b-98a974951c37,08ad9db3-9e6e-472b-aa54-610a96882efa,true,
408fcc91-1eef-4863-9a3b-98a974951c37,a2bea085-8d1a-4291-87d8-afb7975ad1e0,true,
408fcc91-1eef-4863-9a3b-98a974951c37,c72e07b4-72de-4527-a775-d04e15a00ff4,true,
408fcc91-1eef-4863-9a3b-98a974951c37,efb3ce05-786e-4579-b852-80edabde5988,true,
408fcc91-1eef-4863-9a3b-98a974951c37,7ab61279-c625-4397-83fa-07d70428d58a,true,
408fcc91-1eef-4863-9a3b-98a974951c37,c021d6e3-5507-4db6-8dde-f19cd0c8b747,true,
408fcc91-1eef-4863-9a3b-98a974951c37,e0000260-6e92-4bae-9d58-49233f0ca277,true,
408fcc91-1eef-4863-9a3b-98a974951c37,cf3ee650-edec-4fda-9b28-32d1000a13fc,true,
408fcc91-1eef-4863-9a3b-98a974951c37,42bb0461-4a9d-4b79-b8d4-ddc1568bd4b3,true,
408fcc91-1eef-4863-9a3b-98a974951c37,69df5e32-effe-44c3-8601-cf3cdf26e186,true,
408fcc91-1eef-4863-9a3b-98a974951c37,f7839504-4ac2-4fe1-9e53-baa5f8dad2a5,true,
408fcc91-1eef-4863-9a3b-98a974951c37,c55f8718-757a-4405-8afa-2bf09a954c61,true,
408fcc91-1eef-4863-9a3b-98a974951c37,292722c2-85bd-4d81-b7da-07ca0b0e948d,true,
408fcc91-1eef-4863-9a3b-98a974951c37,658236a0-2f82-4fc8-be0c-257fd8a30035,true,
408fcc91-1eef-4863-9a3b-98a974951c37,da7e8033-fd68-45d5-b744-266967e5afbf,true,
408fcc91-1eef-4863-9a3b-98a974951c37,d4d2d841-c6b5-4ea3-a40a-f76e3ad2e183,true,
408fcc91-1eef-4863-9a3b-98a974951c37,a5b82646-6f2e-4701-ac51-4dfbfdc256cf,true,
408fcc91-1eef-4863-9a3b-98a974951c37,739801c9-cdbe-4917-a423-7674c7e902b3,true,
408fcc91-1eef-4863-9a3b-98a974951c37,a0babfa2-2f67-4a75-a8f7-0bac5e8d963d,true,
408fcc91-1eef-4863-9a3b-98a974951c37,446b2a90-804c-4460-ada4-3f58f3290469,true,
408fcc91-1eef-4863-9a3b-98a974951c37,819192e8-1cf7-4d00-9749-2b1e4b6283cc,true,
408fcc91-1eef-4863-9a3b-98a974951c37,2afd0185-5284-44ad-a384-23789c4209e2,true,
408fcc91-1eef-4863-9a3b-98a974951c37,c7c39e24-53a8-48f1-84ed-a2fecf4789c9,true,
408fcc91-1eef-4863-9a3b-98a974951c37,0c75f61f-1824-416b-92ab-6f699cf70b2b,true,
408fcc91-1eef-4863-9a3b-98a974951c37,d11be57f-7c5f-42e1-8507-a9556e1b31b0,true,
408fcc91-1eef-4863-9a3b-98a974951c37,e118b765-3485-44c9-a877-abdf5ed8e19d,true,
408fcc91-1eef-4863-9a3b-98a974951c37,424e7f6f-426e-465c-813f-4eda1175d6eb,true,
408fcc91-1eef-4863-9a3b-98a974951c37,82a81f1e-ffc1-4056-8534-d6711a5aa84a,true,
408fcc91-1eef-4863-9a3b-98a974951c37,0fb202e2-b10b-4e95-b4f8-7ac6ab9eafe0,true,
408fcc91-1eef-4863-9a3b-98a974951c37,73ec25e4-b045-49ef-b2da-c284c958f8ee,true,
408fcc91-1eef-4863-9a3b-98a974951c37,02dbef8a-588e-456c-97df-d59b93567416,true,
408fcc91-1eef-4863-9a3b-98a974951c37,188f83d6-2017-4606-8317-5b3e2103d293,true,
408fcc91-1eef-4863-9a3b-98a974951c37,be4c9371-c0ff-47b2-b802-aa291e2bbedf,true,
408fcc91-1eef-4863-9a3b-98a974951c37,59f45b2e-4b89-4f4c-a0cb-7f0f6dd0ea71,true,
408fcc91-1eef-4863-9a3b-98a974951c37,5a5e65db-d08f-4f3d-88f2-dec67969e9a6,true,
408fcc91-1eef-4863-9a3b-98a974951c37,d6b2acc1-25f0-4389-a9cf-df7c845944ba,true,
408fcc91-1eef-4863-9a3b-98a974951c37,96755d85-0535-4671-ae3b-edcfef81d043,true,
408fcc91-1eef-4863-9a3b-98a974951c37,f13efc22-b8df-4570-8558-8f4ed45e7862,true,
408fcc91-1eef-4863-9a3b-98a974951c37,46eb5b53-12fd-49ff-a910-d761bdf7a04c,true,
408fcc91-1eef-4863-9a3b-98a974951c37,cb58f303-8bc3-4bc8-b3a0-800c24ec906d,true,
408fcc91-1eef-4863-9a3b-98a974951c37,94876ba6-a2fb-4305-a305-24147be002d0,true,
0c69a21e-33aa-46a5-81e6-deb4499e5967,947a1e9b-ffc6-4068-86a0-470b84b1e234,true,
0c69a21e-33aa-46a5-81e6-deb4499e5967,3642d82f-6ef5-45ef-985c-b8d6c7b1166a,true,
0c69a21e-33aa-46a5-81e6-deb4499e5967,70f60d8d-3529-4a87-b7e5-1b93d70df218,false,[NO_5XX] Unexpected 5XX response: 502
0c69a21e-33aa-46a5-81e6-deb4499e5967,c5799808-dbe2-47df-886c-59ae7806937d,true,
0c69a21e-33aa-46a5-81e6-deb4499e5967,675260e1-48d2-4899-9397-1ae751f559e0,true,
0c69a21e-33aa-46a5-81e6-deb4499e5967,bb61fa3c-1fe3-445f-b4f0-0e6e36baddf2,true,
0c69a21e-33aa-46a5-81e6-deb4499e5967,1e92c737-54cd-41d1-b712-5f6a92f8dfb9,true,
0c69a21e-33aa-46a5-81e6-deb4499e5967,9a98fd7a-1a10-4f17-9bda-2e610199122d,true,
0c69a21e-33aa-46a5-81e6-deb4499e5967,8a6553cb-272d-4f76-86c8-4e4e7b7ddf25,true,
0c69a21e-33aa-46a5-81e6-deb4499e5967,341beca4-5e8d-4681-a58e-84ba58d9ae10,true,
0c69a21e-33aa-46a5-81e6-deb4499e5967,c7453e87-a4c3-4eba-8651-4a659a471010,true,
0c69a21e-33aa-46a5-81e6-deb4499e5967,cca35cfe-d134-4ead-8f70-43e325e13e8b,true,
0c69a21e-33aa-46a5-81e6-deb4499e5967,692c389a-3039-46c2-89e9-f90c3e06543e,true,
0c69a21e-33aa-46a5-81e6-deb4499e5967,f1257525-a131-4b7d-8897-3911f1bb49d2,true,
0c69a21e-33aa-46a5-81e6-deb4499e5967,4922fadf-a8c3-4d8f-a80d-b954919e2e2d,true,
0c69a21e-33aa-46a5-81e6-deb4499e5967,f62c10f1-6bf4-4aa8-a8ce-0fbc88ae4df3,true,
0c69a21e-33aa-46a5-81e6-deb4499e5967,3ae72234-2862-4460-a199-6fc368387711,true,
0c69a21e-33aa-46a5-81e6-deb4499e5967,8e9521b7-d44d-4930-96b9-308395e0be12,true,
0c69a21e-33aa-46a5-81e6-deb4499e5967,8130446e-bcb5-4dd6-8b01-10c47499db84,true,
0c69a21e-33aa-46a5-81e6-deb4499e5967,de39b38c-d5d1-4557-b99a-914bac6d6c51,true,
0c69a21e-33aa-46a5-81e6-deb4499e5967,25ddc5df-d139-44dc-a69a-6c5d65f92a22,true,
0c69a21e-33aa-46a5-81e6-deb4499e5967,2a880643-275d-40e5-9d45-0d824290be65,true,
0c69a21e-33aa-46a5-81e6-deb4499e5967,d784dc65-ee7d-472e-9939-da228e98eb21,true,
0c69a21e-33aa-46a5-81e6-deb4499e5967,5e170d5a-aba0-4b0c-b34a-cc4af9aafc9a,true,
0c69a21e-33aa-46a5-81e6-deb4499e5967,00e3f5e6-1019-46cf-a75d-757c90acc014,true,
0c69a21e-33aa-46a5-81e6-deb4499e5967,6aa8a36f-6f30-4f0d-ae4e-6a472fef9e7d,true,
0c69a21e-33aa-46a5-81e6-deb4499e5967,02fc7b98-47fd-4ba6-9f60-1b1e456370bb,true,
0c69a21e-33aa-46a5-81e6-deb4499e5967,8f06a6a3-6e9d-43a2-8a61-6a7a8e170b49,true,
0c69a21e-33aa-46a5-81e6-deb4499e5967,6593c927-9224-4a1d-8913-65d7e70eaf8b,true,
0c69a21e-33aa-46a5-81e6-deb4499e5967,28b046b0-122c-459b-abb0-39e070f5f22a,true,
0c69a21e-33aa-46a5-81e6-deb4499e5967,705013bb-334e-4d85-a382-ab9726a948e1,true,
0c69a21e-33aa-46a5-81e6-deb4499e5967,657497f6-bded-42ec-a695-c111e0bede6b,true,
0c69a21e-33aa-46a5-81e6-deb4499e5967,1229f704-590b-4eb4-ae0d-01abb263fc0f,true,
0c69a21e-33aa-46a5-81e6-deb4499e5967,8048df5c-1b56-4c5b-bf28-8ec858b97c9d,true,
0c69a21e-33aa-46a5-81e6-deb4499e5967,dcc1af5d-9529-4ea4-86bf-3d9fe1e21ae5,true,
0c69a21e-33aa-46a5-81e6-deb4499e5967,6c37c9a6-ad9f-4df3-8a0c-8ce05eb6a04e,true,
0c69a21e-33aa-46a5-81e6-deb4499e5967,76d73961-af2e-4657-a21a-f67dfafc38a9,true,
0c69a21e-33aa-46a5-81e6-deb4499e5967,ab86df62-495c-4754-86be-14364c177b61,true,
0c69a21e-33aa-46a5-81e6-deb4499e5967,a8f97c2f-1264-4874-8a1b-ef91767d5f01,true,
0c69a21e-33aa-46a5-81e6-deb4499e5967,5f4f2629-169f-4ba2-bb37-99e1158c12ea,true,
0c69a21e-33aa-46a5-81e6-deb4499e5967,46e53d38-0fd8-4502-b332-9a8a2f1abd51,true,
0c69a21e-33aa-46a5-81e6-deb4499e5967,46a3db56-e2a3-4795-96a9-dd716c0d91f7,true,
0c69a21e-33aa-46a5-81e6-deb4499e5967,a0924ec2-0b06-4253-a63c-b74f9865c5aa,true,
0c69a21e-33aa-46a5-81e6-deb4499e5967,3c30c313-3aed-4fb3-a4d3-ef32b02e588d,true,
0c69a21e-33aa-46a5-81e6-deb4499e5967,7f5ec691-0f17-4dbe-b34e-f0168a0232c4,true,
0c69a21e-33aa-46a5-81e6-deb4499e5967,3366d18d-d1b9-4f82-b0b1-0908da7c876b,true,
0c69a21e-33aa-46a5-81e6-deb4499e5967,091348ed-9598-4517-bb04-eff5e04c698a,true,
0c69a21e-33aa-46a5-81e6-deb4499e5967,1c7662ad-fd10-410e-bad2-bacdcfc35fb6,true,
0c69a21e-33aa-46a5-81e6-deb4499e5967,224d4f51-3d43-4c8b-a223-5d9070404e87,true,
0c69a21e-33aa-46a5-81e6-deb4499e5967,bc0f1d4e-740a-4e10-b830-63995d438e77,true,
0c69a21e-33aa-46a5-81e6-deb4499e5967,87096948-cc57-48ba-91cd-f30a338968cf,true,
0c69a21e-33aa-46a5-81e6-deb4499e5967,19a381f9-6353-4841-a795-ff22260b55ff,true,
0c69a21e-33aa-46a5-81e6-deb4499e5967,9a1d5f6c-6e38-47f1-a19d-1ec54d5b9adf,true,
0c69a21e-33aa-46a5-81e6-deb4499e5967,4762bf25-eead-48cf-95aa-bed5ee72baa6,true,
0c69a21e-33aa-46a5-81e6-deb4499e5967,b4914698-2d4b-4122-a189-384fb83404e2,true,
0c69a21e-33aa-46a5-81e6-deb4499e5967,b5956e27-2cab-45d3-bba7-218d66c8e114,true,
0c69a21e-33aa-46a5-81e6-deb4499e5967,10b3c4ce-e9e2-48e6-9dc2-f14421cf1bdb,true,
0c69a21e-33aa-46a5-81e6-deb4499e5967,1c63d92a-8461-4299-af44-a431cd3d559b,true,
0c69a21e-33aa-46a5-81e6-deb4499e5967,ab4fcab2-5c71-4a2a-9651-606b5c9c3750,true,
0c69a21e-33aa-46a5-81e6-deb4499e5967,2797966a-a733-40b9-8a00-e62ffc95ffec,true,
0c69a21e-33aa-46a5-81e6-deb4499e5967,c4b12601-6066-48eb-a5de-e45b284e9af6,true,
0c69a21e-33aa-46a5-81e6-deb4499e5967,853f3339-7e90-4711-880e-6cd8308b77f5,true,
0c69a21e-33aa-46a5-81e6-deb4499e5967,c57aaf03-d048-47b2-b28b-fcecdd22c81c,true,
0c69a21e-33aa-46a5-81e6-deb4499e5967,9ac1f1d3-cfe8-49d5-82f7-103f00ccf1b0,true,
0c69a21e-33aa-46a5-81e6-deb4499e5967,86d8b691-f988-48e8-8d7c-739a99d62e4c,true,
0c69a21e-33aa-46a5-81e6-deb4499e5967,0542d931-bf7a-43b0-98ba-71f5bce914fa,true,
0c69a21e-33aa-46a5-81e6-deb4499e5967,dacbcfb4-1cc0-49a4-9ac4-2625fbdd7414,true,
0c69a21e-33aa-46a5-81e6-deb4499e5967,4ede0d05-ffd9-4854-bc2b-2b8b07668367,true,
0c69a21e-33aa-46a5-81e6-deb4499e5967,e427677c-4e33-4bed-8b50-293041496724,true,
0c69a21e-33aa-46a5-81e6-deb4499e5967,7737073f-bf66-49c2-b7ce-aeaa5048831b,true,
0c69a21e-33aa-46a5-81e6-deb4499e5967,c9e2b9e1-be06-4e93-a6c0-3ae4c90784bd,true,
0c69a21e-33aa-46a5-81e6-deb4499e5967,fd9b3865-c9f6-435e-b432-1861c1bb579a,true,
0c69a21e-33aa-46a5-81e6-deb4499e5967,824c244c-fa26-41eb-9268-52ea765e5a87,true,
0c69a21e-33aa-46a5-81e6-deb4499e5967,38972100-5763-42d9-baf7-6c4dfef4da88,true,
0c69a21e-33aa-46a5-81e6-deb4499e5967,13b4856e-71eb-4eeb-99bb-3fcc6d469a9f,true,
0c69a21e-33aa-46a5-81e6-deb4499e5967,707968e7-d9ce-4c63-a25d-e3920d6ee2ed,true,
0c69a21e-33aa-46a5-81e6-deb4499e5967,1a605949-a9df-41df-897c-469756ed3bae,true,
0c69a21e-33aa-46a5-81e6-deb4499e5967,180fb696-acb9-44c1-9558-10b1a2810d35,true,
0c69a21e-33aa-46a5-81e6-deb4499e5967,7017b234-1330-4783-a644-284a981b85bf,true,
0c69a21e-33aa-46a5-81e6-deb4499e5967,59fcd53d-4836-452d-85df-41fec761ad2f,true,
0c69a21e-33aa-46a5-81e6-deb4499e5967,f3a161ca-f489-45a3-8369-9a16e5cf1476,true,
0c69a21e-33aa-46a5-81e6-deb4499e5967,914b9716-aeeb-4707-9464-a92619353020,true,
0c69a21e-33aa-46a5-81e6-deb4499e5967,4787c192-c1db-4a0b-b4b0-d44e76a710ff,true,
0c69a21e-33aa-46a5-81e6-deb4499e5967,973505d1-efcc-4775-829c-2ba6cb3d7729,true,
0c69a21e-33aa-46a5-81e6-deb4499e5967,f022217f-b21c-4bf8-923a-3fb517713c77,true,
0c69a21e-33aa-46a5-81e6-deb4499e5967,167466d0-852b-4875-a6e3-71f149a469ba,true,
0c69a21e-33aa-46a5-81e6-deb4499e5967,60cbf4ae-ac92-4fba-8506-1252b742cd9a,true,
0c69a21e-33aa-46a5-81e6-deb4499e5967,e97d1b1c-76c5-4f97-8f58-09fcd8788877,true,
0c69a21e-33aa-46a5-81e6-deb4499e5967,bb1c626f-d27c-466d-a7ce-bbf80baac22d,true,
0c69a21e-33aa-46a5-81e6-deb4499e5967,31299ef4-e5e5-4121-b6c2-0c50e1ce10b1,true,
0c69a21e-33aa-46a5-81e6-deb4499e5967,1c270bf7-2b67-4412-9c48-ac72e4b77620,true,
0c69a21e-33aa-46a5-81e6-deb4499e5967,4c35e1e8-7f63-4bf0-8fef-ee0e5548d80b,true,
0c69a21e-33aa-46a5-81e6-deb4499e5967,37a5bf35-8fcb-4622-8ec6-10e4ec330b82,true,
0c69a21e-33aa-46a5-81e6-deb4499e5967,81a3ac15-15b9-48cf-afda-7352fd07656d,true,
0c69a21e-33aa-46a5-81e6-deb4499e5967,4b17b600-c008-4479-9066-be4e04822e47,true,
0c69a21e-33aa-46a5-81e6-deb4499e5967,c1b91284-6fa8-4e21-abbf-2a9ad44e274c,true,
0c69a21e-33aa-46a5-81e6-deb4499e5967,a0f68a79-511f-4743-a74f-ba58cb99c3a7,true,
0c69a21e-33aa-46a5-81e6-deb4499e5967,c5809efc-f5fd-4268-a521-77d956cdce21,true,
0c69a21e-33aa-46a5-81e6-deb4499e5967,82c4e428-d104-4487-b24b-9fd87037c72b,true,
0c69a21e-33aa-46a5-81e6-deb4499e5967,872b1709-9677-45bd-b414-8d285c91712c,true,
0c69a21e-33aa-46a5-81e6-deb4499e5967,4345cf2a-9705-46a3-b299-482e05d6b340,true,
0c69a21e-33aa-46a5-81e6-deb4499e5967,504374b6-c6aa-463d-8269-13ab16096da1,true,
0c69a21e-33aa-46a5-81e6-deb4499e5967,929d4b39-9649-4359-868a-a1b57ec9355d,true,
0c69a21e-33aa-46a5-81e6-deb4499e5967,cb526c41-f860-4cef-9614-408d24c3abbd,true,
0c69a21e-33aa-46a5-81e6-deb4499e5967,adaedb50-5d1b-4ae4-a607-b1224b9531cf,true,
0c69a21e-33aa-46a5-81e6-deb4499e5967,d26004c3-ee2d-465d-ac02-daef6fea53f8,true,
0c69a21e-33aa-46a5-81e6-deb4499e5967,b7ad1e40-216a-46cd-9dd1-1831c0b1d291,true,
0c69a21e-33aa-46a5-81e6-deb4499e5967,9939469d-2259-45ea-9e75-50a4c71d4a9c,true,
0c69a21e-33aa-46a5-81e6-deb4499e5967,7dfe2554-6370-4e11-af7c-09090d4e9ed1,true,
0c69a21e-33aa-46a5-81e6-deb4499e5967,6a0d2b9e-8ea7-4106-a718-da70cd7835aa,true,
0c69a21e-33aa-46a5-81e6-deb4499e5967,0ca4360e-6d08-48e3-b5c8-81838d47f589,true,
0c69a21e-33aa-46a5-81e6-deb4499e5967,48996c24-bb16-4e52-8f5d-6889a3242c3c,true,
0c69a21e-33aa-46a5-81e6-deb4499e5967,6685ff85-dea5-4621-926e-777402a400bb,true,
0c69a21e-33aa-46a5-81e6-deb4499e5967,83e924df-cf6c-43e8-82d7-f11b8203099c,true,
0c69a21e-33aa-46a5-81e6-deb4499e5967,68b9ec69-20d5-4368-89e8-bdd199cfcddc,true,
0c69a21e-33aa-46a5-81e6-deb4499e5967,51723389-60ae-4a83-baee-00921a018602,true,
0c69a21e-33aa-46a5-81e6-deb4499e5967,a8e7b7c3-786f-4265-a253-56b1f238408f,true,
0c69a21e-33aa-46a5-81e6-deb4499e5967,84efefed-e169-46c1-9aa4-961f6549499d,true,
0c69a21e-33aa-46a5-81e6-deb4499e5967,630f1301-67f9-4473-a1d3-ca4ac84b1430,true,
0c69a21e-33aa-46a5-81e6-deb4499e5967,48eb18a1-0790-490a-a423-f70c4c320155,true,
0c69a21e-33aa-46a5-81e6-deb4499e5967,d2088f2c-69bb-47dc-9028-fd373d4ed998,true,
0c69a21e-33aa-46a5-81e6-deb4499e5967,1b996273-6758-4d42-81df-b737cbe597da,true,
0c69a21e-33aa-46a5-81e6-deb4499e5967,3385cc2b-c529-4bd4-a769-f249de7e48d4,true,
0c69a21e-33aa-46a5-81e6-deb4499e5967,62c457a7-548f-40a5-a0cf-795f5714999c,true,
0c69a21e-33aa-46a5-81e6-deb4499e5967,88b71b6c-a171-4e45-9297-c13ac94b3d3e,true,
0c69a21e-33aa-46a5-81e6-deb4499e5967,bb51a597-5f95-4627-adce-172db2f380cf,true,
0c69a21e-33aa-46a5-81e6-deb4499e5967,0f51e8f7-7992-40f2-980c-b7fd53accd57,true,
0c69a21e-33aa-46a5-81e6-deb4499e5967,3e6f424c-15f3-4531-841f-e402a8a45722,true,
0c69a21e-33aa-46a5-81e6-deb4499e5967,0fa793f8-529a-41f1-a09c-327335065b3a,true,
0c69a21e-33aa-46a5-81e6-deb4499e5967,d1202903-d9f1-4d98-861b-92c8a888c4e4,true,
0c69a21e-33aa-46a5-81e6-deb4499e5967,e848e065-028f-4ff3-97d8-a345821e9672,true,
0c69a21e-33aa-46a5-81e6-deb4499e5967,b68a2e3e-6de9-4f61-970a-ad05aab790d3,true,
0c69a21e-33aa-46a5-81e6-deb4499e5967,05f6fa3f-1ac2-48bc-bfce-899acdf70037,true,
0c69a21e-33aa-46a5-81e6-deb4499e5967,76454e05-5b48-4e83-adb9-869aa3991286,true,
0c69a21e-33aa-46a5-81e6-deb4499e5967,4c2a8c5c-5410-4591-9276-4bc05d841028,true,
0c69a21e-33aa-46a5-81e6-deb4499e5967,7872d872-dc48-4a74-8d3e-bd236ba112ab,true,
0c69a21e-33aa-46a5-81e6-deb4499e5967,f87b7f31-bd3e-4cf6-a34b-7cb6628e173b,true,
0c69a21e-33aa-46a5-81e6-deb4499e5967,6b9af509-73c9-408d-bb92-479ba1e0c79a,true,
0c69a21e-33aa-46a5-81e6-deb4499e5967,19a9f5b1-a287-4adb-8554-a244346795a9,true,
0c69a21e-33aa-46a5-81e6-deb4499e5967,793e631a-34a0-45ea-a779-0fe371b36f44,true,
0c69a21e-33aa-46a5-81e6-deb4499e5967,1068290c-8b09-46a0-b3a7-efe7574d82f1,true,
0c69a21e-33aa-46a5-81e6-deb4499e5967,b4f45944-e684-4603-b223-5edce429dcdb,true,
0c69a21e-33aa-46a5-81e6-deb4499e5967,52b4b0dc-8dad-4cfb-9c37-dd65eab36c15,true,
0c69a21e-33aa-46a5-81e6-deb4499e5967,d091c27b-6345-4ed7-bffc-041f82ec0f47,true,
0c69a21e-33aa-46a5-81e6-deb4499e5967,5132a78c-fa8d-4d76-887d-4f990cb3db3b,true,
0c69a21e-33aa-46a5-81e6-deb4499e5967,250373aa-0bf9-4b97-9338-3bb1528079ac,true,
0c69a21e-33aa-46a5-81e6-deb4499e5967,5c0d923a-cada-4177-b81f-a329504e6481,true,
0c69a21e-33aa-46a5-81e6-deb4499e5967,9f87640f-eb7e-4319-a958-ad4778eb407e,true,
0c69a21e-33aa-46a5-81e6-deb4499e5967,73aa2a77-f131-43c3-82f5-dc8f7cef8b1e,true,
0c69a21e-33aa-46a5-81e6-deb4499e5967,073b42a0-d072-4c92-bd59-6bf66e1cd29b,true,
0c69a21e-33aa-46a5-81e6-deb4499e5967,085f90df-ff9a-4043-a1d5-3dafe1ed0cd9,true,
0c69a21e-33aa-46a5-81e6-deb4499e5967,8dc663e0-2535-4377-ab90-6dda9e95d67a,true,
0c69a21e-33aa-46a5-81e6-deb4499e5967,5ba29850-b108-48d7-964f-1c3761ff313b,true,
0c69a21e-33aa-46a5-81e6-deb4499e5967,750a8b08-e639-4163-9c6d-732032c832cc,true,
0c69a21e-33aa-46a5-81e6-deb4499e5967,d457976b-8703-4d34-9034-d5c0a61ca403,true,
0c69a21e-33aa-46a5-81e6-deb4499e5967,7fcb5574-2d11-489a-95b4-ae9009ac1e1c,true,
0c69a21e-33aa-46a5-81e6-deb4499e5967,10652d7f-d608-4726-9eb5-02eff964cc91,true,
0c69a21e-33aa-46a5-81e6-deb4499e5967,e7cbb878-6687-4e74-b42c-aba138d94fb6,true,
0c69a21e-33aa-46a5-81e6-deb4499e5967,f26b1585-f1d1-49e2-a119-cc42f5990e44,true,
0c69a21e-33aa-46a5-81e6-deb4499e5967,63bcf3c0-d13b-41c1-8b42-d572953963ea,true,
0c69a21e-33aa-46a5-81e6-deb4499e5967,07bed24c-4fa4-43a1-a560-c010b09ed955,true,
0c69a21e-33aa-46a5-81e6-deb4499e5967,abcd7971-b289-42a2-94ba-7d37815d4318,true,
0c69a21e-33aa-46a5-81e6-deb4499e5967,27ecb244-2fd0-4993-b9c0-45f0a47d30c9,true,
0c69a21e-33aa-46a5-81e6-deb4499e5967,ae344a6a-9a9d-4913-a5af-918716d117ea,true,
0c69a21e-33aa-46a5-81e6-deb4499e5967,557ab517-c1d9-4e27-b7fd-9cc7752f9e09,true,
0c69a21e-33aa-46a5-81e6-deb4499e5967,274f16cd-ee06-4126-8e09-edbd301a66b9,true,
0c69a21e-33aa-46a5-81e6-deb4499e5967,854e382a-b06b-4dc3-a63a-291262b19ade,true,
0c69a21e-33aa-46a5-81e6-deb4499e5967,8a5aa6a0-2fb8-4068-9150-54d71899db41,true,
0c69a21e-33aa-46a5-81e6-deb4499e5967,c37c430e-85e5-4228-ae57-4d6a3cbab19c,true,
0c69a21e-33aa-46a5-81e6-deb4499e5967,23b5b1ee-7c90-4555-9976-9a10275a7208,true,
0c69a21e-33aa-46a5-81e6-deb4499e5967,e5ec0fdf-ec74-47b4-8e50-36aee53a4b97,true,
0c69a21e-33aa-46a5-81e6-deb4499e5967,822f8861-3b2e-4c7c-93b9-30f62a6e5c47,true,
0c69a21e-33aa-46a5-81e6-deb4499e5967,44387f60-b0ca-406a-9c56-90be9129d68b,true,
0c69a21e-33aa-46a5-81e6-deb4499e5967,5f168bff-1708-4201-a338-d7aaf2d8bc22,true,
0c69a21e-33aa-46a5-81e6-deb4499e5967,da0c24e3-d1d7-4b94-8a01-55e9158c396b,true,
0c69a21e-33aa-46a5-81e6-deb4499e5967,f67873de-c1c2-4fc4-9bda-db5b14148fc0,true,
0c69a21e-33aa-46a5-81e6-deb4499e5967,05036c06-84cf-422f-bc14-845ce7101f96,true,
0c69a21e-33aa-46a5-81e6-deb4499e5967,bcead8c6-6c91-422d-b7d6-7f4252841df6,true,
0c69a21e-33aa-46a5-81e6-deb4499e5967,6e11d79b-43c5-453e-a62e-57dc9860725b,true,
0c69a21e-33aa-46a5-81e6-deb4499e5967,12cca8e8-526e-40c8-acfb-b3917bf310e5,true,
0c69a21e-33aa-46a5-81e6-deb4499e5967,6b4ad89b-2613-4b42-a0e9-8f95caf3883a,true,
0c69a21e-33aa-46a5-81e6-deb4499e5967,d051c331-7cef-4ac8-8930-0e07b0587943,true,
0c69a21e-33aa-46a5-81e6-deb4499e5967,4b8b3e3b-7662-4a2c-8b5f-a0005dd19814,true,
0c69a21e-33aa-46a5-81e6-deb4499e5967,66195aab-b889-49a6-a25a-3ece00fa91e1,true,
0c69a21e-33aa-46a5-81e6-deb4499e5967,04b99071-d145-4857-8c3f-02b43adfe32c,true,
0c69a21e-33aa-46a5-81e6-deb4499e5967,51010e73-a59b-491e-9e77-2b6f31667b04,true,
0c69a21e-33aa-46a5-81e6-deb4499e5967,207b0e10-8669-49cd-a371-d978b4b970f8,true,
0c69a21e-33aa-46a5-81e6-deb4499e5967,8a5140d5-428b-4e1d-8366-e6fbf6c335d2,true,
0c69a21e-33aa-46a5-81e6-deb4499e5967,a91391fc-d8cb-4dcd-84c3-7770ae2c859c,true,
0c69a21e-33aa-46a5-81e6-deb4499e5967,d3eb055b-a9a6-4a8d-91ef-dd150c3cb26d,true,
0c69a21e-33aa-46a5-81e6-deb4499e5967,8a5880e1-f470-4305-868b-e1fac3541fda,true,
0c69a21e-33aa-46a5-81e6-deb4499e5967,a92c5169-1360-4051-92eb-7641c1e5cc2c,true,
0c69a21e-33aa-46a5-81e6-deb4499e5967,4623532f-9c5f-4bfa-a093-2f3a2b6f458f,true,
0c69a21e-33aa-46a5-81e6-deb4499e5967,2676bb1d-788b-4341-b5f1-db1fb71be2ba,true,
0c69a21e-33aa-46a5-81e6-deb4499e5967,6c4b73a6-88fd-447f-a95e-e54fd9b03dfd,true,
0c69a21e-33aa-46a5-81e6-deb4499e5967,7cc5257d-3d4d-4326-bb4a-6780a6104674,true,
0c69a21e-33aa-46a5-81e6-deb4499e5967,41d69df0-d50f-40f2-bef0-4b9fa7dca62e,true,
0c69a21e-33aa-46a5-81e6-deb4499e5967,fe45a501-22f6-4fb7-8533-0fdda4949187,true,
0c69a21e-33aa-46a5-81e6-deb4499e5967,9ca1fb8b-5486-46ae-8a20-d430127502f2,true,
0c69a21e-33aa-46a5-81e6-deb4499e5967,691b715c-1bfb-4dff-bcda-0aeee8074217,true,
0c69a21e-33aa-46a5-81e6-deb4499e5967,6967271a-d1da-4932-b9c7-0a2e9a706d14,true,
0c69a21e-33aa-46a5-81e6-deb4499e5967,2a572127-29f8-4c0f-8d24-48c56f271547,true,
0c69a21e-33aa-46a5-81e6-deb4499e5967,0beff249-1461-47e2-84ad-d1157d8114ff,true,
0c69a21e-33aa-46a5-81e6-deb4499e5967,fe8a5532-c89c-447a-8633-cd338954e79e,true,
0c69a21e-33aa-46a5-81e6-deb4499e5967,eab2ac4d-88bf-428f-9d07-904a21c00ee5,true,
0c69a21e-33aa-46a5-81e6-deb4499e5967,bf819a7c-affb-47b3-aaa3-f5b6595cbafb,true,
0c69a21e-33aa-46a5-81e6-deb4499e5967,57144e4c-f605-4cd6-913a-bf39e25c66e4,true,
0c69a21e-33aa-46a5-81e6-deb4499e5967,811dfdc0-2710-4f9b-b43d-03f3bb175bfe,true,
0c69a21e-33aa-46a5-81e6-deb4499e5967,bb5c3074-c911-4501-a7ec-de515d613c41,true,
0c69a21e-33aa-46a5-81e6-deb4499e5967,7427b2ef-1e8f-4788-987f-c9610c1c519a,true,
0c69a21e-33aa-46a5-81e6-deb4499e5967,519ff880-b5f6-4085-bd3e-ebf34ff8f67a,true,
0c69a21e-33aa-46a5-81e6-deb4499e5967,61ff63c3-41ae-470b-8bdc-a43123901acd,true,
0c69a21e-33aa-46a5-81e6-deb4499e5967,8abec5c2-610f-44bc-a9b2-236b6f16649f,true,
0c69a21e-33aa-46a5-81e6-deb4499e5967,3b5e6218-c527-43a8-9190-dd36ffbb23eb,true,
0c69a21e-33aa-46a5-81e6-deb4499e5967,92905904-6418-438c-bd5a-83505461ed22,true,
0c69a21e-33aa-46a5-81e6-deb4499e5967,7d0bad80-90b1-4076-ae6e-ad98df520b57,true,
0c69a21e-33aa-46a5-81e6-deb4499e5967,45256319-6e18-4c43-9d77-9da45cc50c66,true,
0c69a21e-33aa-46a5-81e6-deb4499e5967,e76109da-c339-4b67-ad17-d7815b42d7a2,true,
0c69a21e-33aa-46a5-81e6-deb4499e5967,a2376d82-1297-4ede-a861-90bfca4d4b10,true,
0c69a21e-33aa-46a5-81e6-deb4499e5967,7780bf82-e61a-4556-8351-858bd9a505bf,true,
0c69a21e-33aa-46a5-81e6-deb4499e5967,a2c368a9-bfe0-488e-a7d2-5adcce222084,true,
0c69a21e-33aa-46a5-81e6-deb4499e5967,53ce1c4e-e8e1-4210-bfa3-828ccae802da,true,
0c69a21e-33aa-46a5-81e6-deb4499e5967,73220c53-d010-415c-8a29-53bf35a7d7ea,true,
0c69a21e-33aa-46a5-81e6-deb4499e5967,5cd155b0-6ee0-4b7c-886e-6707eef3c5f3,true,
0c69a21e-33aa-46a5-81e6-deb4499e5967,a254dfbd-092a-4041-9931-a8dac3dc776b,true,
0c69a21e-33aa-46a5-81e6-deb4499e5967,37ba3a14-914e-480a-be57-1f052eb8612e,true,
0c69a21e-33aa-46a5-81e6-deb4499e5967,9aa0d548-a2eb-47e7-b5da-b56268d1fa6a,true,
0c69a21e-33aa-46a5-81e6-deb4499e5967,bbc25d1a-b44f-44a4-a4ae-27cfb9b0f17a,true,
0c69a21e-33aa-46a5-81e6-deb4499e5967,c623b096-4733-47d6-8d71-8c9ccaf4b54b,true,
0c69a21e-33aa-46a5-81e6-deb4499e5967,757e6a22-ac81-45a4-8822-06bd087eac20,true,
0c69a21e-33aa-46a5-81e6-deb4499e5967,f150e8b6-d3fb-4bf1-bca3-c474c14c8461,true,
0c69a21e-33aa-46a5-81e6-deb4499e5967,fd5ceffd-87ae-42c2-978b-b1f983a760d9,true,
0c69a21e-33aa-46a5-81e6-deb4499e5967,a20ed147-045a-45c4-9f7c-31b1f23c1050,true,
0c69a21e-33aa-46a5-81e6-deb4499e5967,60112f1e-a71a-41aa-ba5e-1d8fe30f84d2,true,
0c69a21e-33aa-46a5-81e6-deb4499e5967,a6fb227b-bbbd-43a3-b36d-5378e84b2b88,true,
0c69a21e-33aa-46a5-81e6-deb4499e5967,02738ddc-5465-4e38-9092-48acee3f2aed,true,
0c69a21e-33aa-46a5-81e6-deb4499e5967,c4799b0a-f758-4a56-9581-cdd3760f9fa4,true,
0c69a21e-33aa-46a5-81e6-deb4499e5967,93000772-1478-4d2f-95bb-177172a56c26,true,
0c69a21e-33aa-46a5-81e6-deb4499e5967,e57eee91-bad8-49e9-a138-4f5fed6006dc,true,
0c69a21e-33aa-46a5-81e6-deb4499e5967,c77630ea-3819-4858-ac5e-852778eaedfb,true,
0c69a21e-33aa-46a5-81e6-deb4499e5967,960e6d1a-c221-4967-8edd-87fad56479a4,true,
0c69a21e-33aa-46a5-81e6-deb4499e5967,f7fe83ff-328c-46a9-8b04-038f2b86273e,true,
0c69a21e-33aa-46a5-81e6-deb4499e5967,6e8e23f0-be07-4aa5-9763-ddd6ffbcd1c4,true,
0c69a21e-33aa-46a5-81e6-deb4499e5967,ae01563c-c61e-4514-9ca8-bd45acfe8b1a,true,
0c69a21e-33aa-46a5-81e6-deb4499e5967,e81493a3-0949-4c8c-8597-b531674ecb4d,true,
0c69a21e-33aa-46a5-81e6-deb4499e5967,819a8177-ef81-43c6-b674-d26c34723268,true,
0c69a21e-33aa-46a5-81e6-deb4499e5967,4f8672a7-5c99-4a66-8201-0504e44571fa,true,
0c69a21e-33aa-46a5-81e6-deb4499e5967,a63ddd5a-aff1-4863-9d59-22108866b542,true,
0c69a21e-33aa-46a5-81e6-deb4499e5967,cc701293-37e8-4f4d-a3f7-1e68d8a9044f,true,
0c69a21e-33aa-46a5-81e6-deb4499e5967,e0eaf18e-83bb-449e-acab-f2abc1198985,true,
0c69a21e-33aa-46a5-81e6-deb4499e5967,98bc60ff-92f9-41aa-be33-64aa1519d070,true,
0c69a21e-33aa-46a5-81e6-deb4499e5967,ad02ba81-d103-4fb1-971b-42ea818acb6f,true,
0c69a21e-33aa-46a5-81e6-deb4499e5967,bafc42dc-d792-4c75-9b7d-991e45f8a048,true,
0c69a21e-33aa-46a5-81e6-deb4499e5967,ae08ebcc-94cc-42d7-a604-175010665e89,true,
0c69a21e-33aa-46a5-81e6-deb4499e5967,01b55e07-7e3e-4fd2-bf7e-c77929b05b32,true,
0c69a21e-33aa-46a5-81e6-deb4499e5967,4c0bdebe-492f-425a-b992-404c303bb280,true,
4b70eba1-955f-42d5-8a8f-28d4a7bad3d9,a1e5c0fd-09fe-4603-bc68-3015af4b3b4a,true,
4b70eba1-955f-42d5-8a8f-28d4a7bad3d9,8de31b0e-cbd8-48f6-907e-f6c467aa5121,true,
4b70eba1-955f-42d5-8a8f-28d4a7bad3d9,f775916e-ea47-4e50-a395-8ba1da435948,false,[NO_5XX] Unexpected 5XX response: 500
4b70eba1-955f-42d5-8a8f-28d4a7bad3d9,a31e58f9-c5ab-49b0-954f-ac1c26dc9e09,true,
4b70eba1-955f-42d5-8a8f-28d4a7bad3d9,1b5d562c-03db-4e26-8e84-005e70d23f25,true,
4b70eba1-955f-42d5-8a8f-28d4a7bad3d9,95224a92-d8c3-4ff1-8f86-6854264b210a,true,
4b70eba1-955f-42d5-8a8f-28d4a7bad3d9,f0ff7dfe-9553-48eb-8dea-f0f32f9012b7,true,
4b70eba1-955f-42d5-8a8f-28d4a7bad3d9,b0cf7cd8-8c1c-4cc7-83fb-685645ab830b,true,
19540b76-1a56-4daa-a1fb-1bc0ea6031f0,0d0a1ddf-98e2-4db2-8598-9453434d8463,true,
19540b76-1a56-4daa-a1fb-1bc0ea6031f0,bb396874-e281-4898-9a9a-1fff3e5dae4e,true,
19540b76-1a56-4daa-a1fb-1bc0ea6031f0,525de652-27a2-4b34-a6eb-b22b2cc49f42,false,[NO_5XX] Unexpected 5XX response: 500
19540b76-1a56-4daa-a1fb-1bc0ea6031f0,092f5381-5439-4af2-a551-25ce7316ce92,true,
19540b76-1a56-4daa-a1fb-1bc0ea6031f0,070a1d7a-81b7-4ee3-9ba1-c3627b423b25,true,
19540b76-1a56-4daa-a1fb-1bc0ea6031f0,e2910ed0-c326-4d8b-b305-a57bbff5abc6,true,
19540b76-1a56-4daa-a1fb-1bc0ea6031f0,39d032d5-0775-4ad1-965b-d3ae66c4eaec,true,
19540b76-1a56-4daa-a1fb-1bc0ea6031f0,9e95c845-d016-4ae8-9ca6-afa957bcf290,true,
19540b76-1a56-4daa-a1fb-1bc0ea6031f0,d56e3ca2-4dc6-4a5a-b484-8890f103d40d,true,
19540b76-1a56-4daa-a1fb-1bc0ea6031f0,041f4146-05da-4425-8a6b-73665b4c3fba,true,
19540b76-1a56-4daa-a1fb-1bc0ea6031f0,93163a75-3ef4-4d68-9fd4-cb94462b1219,true,
19540b76-1a56-4daa-a1fb-1bc0ea6031f0,7d6840dc-ccc7-41ec-b72a-1de0c242c48e,true,
19540b76-1a56-4daa-a1fb-1bc0ea6031f0,2f6eb3d1-2669-4076-b2a0-6f54cd87be7d,true,
19540b76-1a56-4daa-a1fb-1bc0ea6031f0,c17d4a52-9b38-49aa-b84b-ad7857b60d3b,true,
19540b76-1a56-4daa-a1fb-1bc0ea6031f0,188add21-018b-424f-809a-ff37eaf14878,true,
19540b76-1a56-4daa-a1fb-1bc0ea6031f0,585567ed-ea00-4627-b390-90b12d65e9d7,true,
19540b76-1a56-4daa-a1fb-1bc0ea6031f0,7bce533c-fd1d-482f-bf4b-ee354857bb46,true,
19540b76-1a56-4daa-a1fb-1bc0ea6031f0,e906a1c1-65f4-4b4b-92dd-9b0c6180a53c,true,
19540b76-1a56-4daa-a1fb-1bc0ea6031f0,1c92b705-874a-4f3c-8fd4-08b253f030f6,true,
19540b76-1a56-4daa-a1fb-1bc0ea6031f0,3e64e101-3389-4f09-bd28-fe17862c38b2,true,
19540b76-1a56-4daa-a1fb-1bc0ea6031f0,dff1e0ef-3434-489b-ba32-e8d5e5f610e9,true,
19540b76-1a56-4daa-a1fb-1bc0ea6031f0,581eccc3-054e-4fff-ad55-a90d143174eb,true,
19540b76-1a56-4daa-a1fb-1bc0ea6031f0,18c84f9e-c5a9-48f2-958c-1994576ca58c,true,
19540b76-1a56-4daa-a1fb-1bc0ea6031f0,e67a5d23-6560-4416-afad-e949efb0c4ba,true,
19540b76-1a56-4daa-a1fb-1bc0ea6031f0,a7153290-dfce-46c9-911a-bf6c858b59c0,true,
19540b76-1a56-4daa-a1fb-1bc0ea6031f0,01da9e5d-eef8-4b4f-bf5e-8da320df8f0a,true,
19540b76-1a56-4daa-a1fb-1bc0ea6031f0,cff25a8f-e6d2-43c6-bea3-909df556e95e,true,
19540b76-1a56-4daa-a1fb-1bc0ea6031f0,2e13988e-3858-426f-90e6-2b1c59186518,true,
19540b76-1a56-4daa-a1fb-1bc0ea6031f0,d9d07c95-5ba6-4ae6-823d-3b867b7394b2,true,
19540b76-1a56-4daa-a1fb-1bc0ea6031f0,4404d580-fc47-4e48-a131-8ec76651984e,true,
19540b76-1a56-4daa-a1fb-1bc0ea6031f0,ca46091b-0b92-4152-a937-3033aab23830,true,
19540b76-1a56-4daa-a1fb-1bc0ea6031f0,e4e4ff50-29c5-4218-9df5-c5caae6323f5,true,
19540b76-1a56-4daa-a1fb-1bc0ea6031f0,7b9ed369-235a-496b-98fd-59893b058a4d,true,
19540b76-1a56-4daa-a1fb-1bc0ea6031f0,a99dc0e7-3f90-48a4-8e71-8e927a197f7d,true,
19540b76-1a56-4daa-a1fb-1bc0ea6031f0,7f6d1e96-8d54-4b9f-82b3-417afe7fb17f,true,
19540b76-1a56-4daa-a1fb-1bc0ea6031f0,2cdee5a8-133d-4d3b-ae3c-7a96fb3ee03e,true,
19540b76-1a56-4daa-a1fb-1bc0ea6031f0,3ef0061a-9868-4389-89c0-4375c2ddd7b4,true,
19540b76-1a56-4daa-a1fb-1bc0ea6031f0,764be59e-fc74-4a5a-9ebf-8f60c446a194,true,
19540b76-1a56-4daa-a1fb-1bc0ea6031f0,cb56fe42-9621-41d7-8e35-823280f602df,true,
19540b76-1a56-4daa-a1fb-1bc0ea6031f0,3488c04d-7540-493e-9672-8eb9965badac,true,
19540b76-1a56-4daa-a1fb-1bc0ea6031f0,5a525a91-efbe-4721-ade0-a60f01ea73c2,true,
19540b76-1a56-4daa-a1fb-1bc0ea6031f0,67fc0a3f-e174-49c5-9041-a07b0e03e024,true,
19540b76-1a56-4daa-a1fb-1bc0ea6031f0,4fa69835-92e4-4783-baa3-767293df8103,true,
19540b76-1a56-4daa-a1fb-1bc0ea6031f0,f88fd45d-581c-4b68-8272-c67478eecaca,true,
19540b76-1a56-4daa-a1fb-1bc0ea6031f0,a3625721-ed25-481b-b2c3-3107e6f26355,true,
19540b76-1a56-4daa-a1fb-1bc0ea6031f0,e98dee9d-708c-49ed-a70c-f5952ab01ce6,true,
19540b76-1a56-4daa-a1fb-1bc0ea6031f0,cea3650c-37e2-4fdb-8671-372c342027f5,true,
19540b76-1a56-4daa-a1fb-1bc0ea6031f0,f9f4886d-6b8b-454a-b1e8-5bbeabf9187c,true,
19540b76-1a56-4daa-a1fb-1bc0ea6031f0,5d9e0640-ac92-408e-905f-3e7a367c25c4,true,
19540b76-1a56-4daa-a1fb-1bc0ea6031f0,c52542b1-82ff-437e-92d0-8cfd97c3ed7f,true,
19540b76-1a56-4daa-a1fb-1bc0ea6031f0,917bbfe8-6cb0-4e15-9fcb-894a9cfdb5e9,true,
19540b76-1a56-4daa-a1fb-1bc0ea6031f0,2830b88d-6f29-43d8-9390-2b3bc2e2a4cd,true,
19540b76-1a56-4daa-a1fb-1bc0ea6031f0,b7fe75a0-fd04-4145-949c-cd00c1eb0c85,true,
19540b76-1a56-4daa-a1fb-1bc0ea6031f0,3537b829-00e1-49f8-a48f-9f9f6ef56480,true,
19540b76-1a56-4daa-a1fb-1bc0ea6031f0,ef11f419-abda-4383-95ad-1430130de21f,true,
19540b76-1a56-4daa-a1fb-1bc0ea6031f0,15fa6bb5-9f76-4839-a61e-63828dc4041c,true,
19540b76-1a56-4daa-a1fb-1bc0ea6031f0,2cfcb119-c982-4c38-b443-8b7931f6ae62,true,
19540b76-1a56-4daa-a1fb-1bc0ea6031f0,5af624a3-f6cb-4c0e-9ceb-3b6db4b253be,true,
39e20b22-dfde-4760-905c-94a5996277dc,288861ff-7762-4389-b5f1-6e94aa1fc295,true,
39e20b22-dfde-4760-905c-94a5996277dc,6e52b959-4e77-4705-803c-ab0d8460109c,true,
39e20b22-dfde-4760-905c-94a5996277dc,783aac4e-956e-49c4-a461-908f1ae8df1e,false,[NO_5XX] Unexpected 5XX response: 501
39e20b22-dfde-4760-905c-94a5996277dc,7ea84a18-b941-430f-b6b0-108c240613bf,true,
39e20b22-dfde-4760-905c-94a5996277dc,51490e4f-36ce-49dd-a8d9-31ad72ed0c88,true,
39e20b22-dfde-4760-905c-94a5996277dc,4a6ed89c-d8f2-451e-9c99-44d1c2a1e170,true,
39e20b22-dfde-4760-905c-94a5996277dc,fc9ee1e2-f140-4c68-8604-315f9956835a,true,
39e20b22-dfde-4760-905c-94a5996277dc,ce18e96f-617d-43b8-b0a1-4b9391e50e56,true,
bd1219a7-6bbe-428d-a346-eb2409056a10,b4e0852a-1ef1-4101-88f7-a50b7b848c2a,true,
bd1219a7-6bbe-428d-a346-eb2409056a10,d21fbb8a-dc90-4a3d-8056-9c3e42abfa43,true,
bd1219a7-6bbe-428d-a346-eb2409056a10,c0bb52af-5aee-4c9f-ae92-3438353992e6,false,[NO_5XX] Unexpected 5XX response: 502
bd1219a7-6bbe-428d-a346-eb2409056a10,3db952bb-40c1-496b-a9a8-79918fa8ab9d,true,
bd1219a7-6bbe-428d-a346-eb2409056a10,4affeb1e-fe00-4e95-b8c9-50a9cd7148f8,true,
bd1219a7-6bbe-428d-a346-eb2409056a10,5c3ef6af-30d6-43ac-9f83-eea70a6c92a3,true,
bd1219a7-6bbe-428d-a346-eb2409056a10,baf5fee3-1d87-40eb-83d3-47eb1aff7c4d,true,
bd1219a7-6bbe-428d-a346-eb2409056a10,e263acee-975c-4318-b66f-6bace2574463,true,
bb8f5ec1-72c6-4e9a-934a-c8feafa9c7d6,61ef554d-1c9b-44bf-b3b7-ced7418c5597,true,
bb8f5ec1-72c6-4e9a-934a-c8feafa9c7d6,22301a73-f1ed-45ef-ac5b-555be93bc31c,true,
bb8f5ec1-72c6-4e9a-934a-c8feafa9c7d6,693f238c-8cfd-440a-bf5f-0525be146075,false,[NO_5XX] Unexpected 5XX response: 504
bb8f5ec1-72c6-4e9a-934a-c8feafa9c7d6,76d84d51-0cd3-4392-a0eb-5c29a3fc9461,true,
bb8f5ec1-72c6-4e9a-934a-c8feafa9c7d6,4f01c84c-7f9d-40e6-9ae5-6c7714f535e2,true,
bb8f5ec1-72c6-4e9a-934a-c8feafa9c7d6,9f74bfc9-11f0-4f92-87ec-53c23d2f31f8,true,
bb8f5ec1-72c6-4e9a-934a-c8feafa9c7d6,f58e33de-09da-48fd-bb31-2f54959d9403,true,
bb8f5ec1-72c6-4e9a-934a-c8feafa9c7d6,de41cbec-9ab9-425a-be7c-503b018ac8d1,true,
f2468217-53af-4031-bcad-9b6bbd3dbfb2,f871280b-9f7b-4055-963a-b3580af2b676,true,
f2468217-53af-4031-bcad-9b6bbd3dbfb2,c098ede6-3f94-4779-81b7-0f12f8c1a3b0,true,
f2468217-53af-4031-bcad-9b6bbd3dbfb2,b1335044-bf74-4b6e-a77b-4d8484dcb5e4,false,[NO_5XX] Unexpected 5XX response: 501
f2468217-53af-4031-bcad-9b6bbd3dbfb2,5a6e58b1-643b-43c4-aec1-72b2023a854d,true,
f2468217-53af-4031-bcad-9b6bbd3dbfb2,e180e61b-ba6d-4ea9-8bb4-75b441443169,true,
f2468217-53af-4031-bcad-9b6bbd3dbfb2,8c8db95a-2ef2-49b7-9a10-b5d2de08271e,true,
f2468217-53af-4031-bcad-9b6bbd3dbfb2,f9246930-6031-4b64-a7bd-c5b1fce7f65e,true,
f2468217-53af-4031-bcad-9b6bbd3dbfb2,763f8809-a69b-40b1-8416-2dfa6b3933e2,true,
d74061f6-8ea4-4d1d-b0f0-0e0c8d16f419,fbbed436-d3c8-4000-b11e-47f87c92fbb4,true,
d74061f6-8ea4-4d1d-b0f0-0e0c8d16f419,c7308d7b-ffc0-4187-bca7-769f5b993ed4,true,
d74061f6-8ea4-4d1d-b0f0-0e0c8d16f419,c318baad-3ceb-4bbd-8ae4-d9eb5784e0d2,false,[NO_5XX] Unexpected 5XX response: 501
d74061f6-8ea4-4d1d-b0f0-0e0c8d16f419,296a198f-1f16-4c43-a9b0-12cd9fe05715,true,
d74061f6-8ea4-4d1d-b0f0-0e0c8d16f419,40d79b79-aa43-45e4-a009-4b1d4cba2aba,true,
d74061f6-8ea4-4d1d-b0f0-0e0c8d16f419,97a8a513-cecb-493d-b814-0c67e8dc6ba0,true,
d74061f6-8ea4-4d1d-b0f0-0e0c8d16f419,d95863e0-d721-4b6e-97da-cd1ccd395e20,true,
d74061f6-8ea4-4d1d-b0f0-0e0c8d16f419,246997b5-6ac1-4f07-836c-75d7fb1dd108,true,
f73a9bb9-4bb4-4a82-9a5d-229403a43323,46c07078-a61e-490d-8bcd-56224cb814b7,true,
f73a9bb9-4bb4-4a82-9a5d-229403a43323,cb24329d-c6ff-4de8-8b1d-3ac75c9ddb10,true,
f73a9bb9-4bb4-4a82-9a5d-229403a43323,a999ed20-bad4-4759-b905-89caef01861e,false,[NO_5XX] Unexpected 5XX response: 501
f73a9bb9-4bb4-4a82-9a5d-229403a43323,eb30953d-9740-4488-bb08-8dc1599886f6,true,
f73a9bb9-4bb4-4a82-9a5d-229403a43323,9ab3012a-ba9c-46d2-9e56-46ef36a1862d,true,
f73a9bb9-4bb4-4a82-9a5d-229403a43323,76872ee1-0e1f-40f0-9a65-bae59e6a9555,true,
f73a9bb9-4bb4-4a82-9a5d-229403a43323,6e184505-3cbd-42fd-ac06-f87b9e3991fe,true,
f73a9bb9-4bb4-4a82-9a5d-229403a43323,98acac24-966d-480d-8ebd-44792b79856f,true,
fbf541fd-5864-447a-aea6-85a6ea947267,52d5818a-93dd-47ab-8479-1a420bf98aa1,true,
fbf541fd-5864-447a-aea6-85a6ea947267,0277ff83-d992-49a4-951c-73eb582b25d3,true,
fbf541fd-5864-447a-aea6-85a6ea947267,9efd5fb2-292e-403f-947e-21d189f102a2,false,[NO_5XX] Unexpected 5XX response: 502
fbf541fd-5864-447a-aea6-85a6ea947267,b3e609f3-5912-4ca4-b6ec-8754336259aa,true,
fbf541fd-5864-447a-aea6-85a6ea947267,7aca2868-efed-48d9-86cc-65eae129d98d,true,
fbf541fd-5864-447a-aea6-85a6ea947267,e8374983-d980-4fd6-b3e2-d5863ce2398d,true,
fbf541fd-5864-447a-aea6-85a6ea947267,4f13b48a-dd0b-4b06-a7d5-38ca017ffc67,true,
fbf541fd-5864-447a-aea6-85a6ea947267,4bdd5d4a-24f0-4cbd-809f-63f924406946,true,
ffb9417a-fc18-4df3-8b8c-6dd480645029,fa3f8d30-d867-4e00-8238-03ad9c614761,true,
ffb9417a-fc18-4df3-8b8c-6dd480645029,b11f2a6d-e283-417f-8093-c3a70be39c90,true,
ffb9417a-fc18-4df3-8b8c-6dd480645029,afa1f91d-8bf4-42c8-a82a-882a78618b19,false,[NO_5XX] Unexpected 5XX response: 503
ffb9417a-fc18-4df3-8b8c-6dd480645029,b799081f-8155-4521-90f5-4fdc657ab4fa,true,
ffb9417a-fc18-4df3-8b8c-6dd480645029,d2d27baf-7fd0-4b02-b277-7f162f887c76,true,
ffb9417a-fc18-4df3-8b8c-6dd480645029,d7b6d4c2-87cf-4193-9f40-a7fcc145fa5a,true,
ffb9417a-fc18-4df3-8b8c-6dd480645029,d3b0e898-7506-4e79-958c-380b008f76e0,true,
ffb9417a-fc18-4df3-8b8c-6dd480645029,44c7f968-23a6-4ce0-82e7-99a1dfec3cd5,true,
628ad4fa-2c89-4788-85bb-05b1d3fa9d9b,9ae3e6d3-4700-49ba-81a9-a6e96baf22cf,true,
628ad4fa-2c89-4788-85bb-05b1d3fa9d9b,39b0f980-6ba2-43a8-a2d2-0af70e2f5312,true,
628ad4fa-2c89-4788-85bb-05b1d3fa9d9b,796fcf4d-eae3-455c-a634-5b3eb5beb24e,false,[NO_5XX] Unexpected 5XX response: 500
628ad4fa-2c89-4788-85bb-05b1d3fa9d9b,4c3e619d-df43-4dc8-aa78-cdbc51df7455,true,
628ad4fa-2c89-4788-85bb-05b1d3fa9d9b,772f2979-6ab4-413d-b548-c2393d9b02a3,true,
628ad4fa-2c89-4788-85bb-05b1d3fa9d9b,f2826d04-bd07-4dd1-b2a5-dee013e10f13,true,
628ad4fa-2c89-4788-85bb-05b1d3fa9d9b,69960ca8-acb3-456b-b96e-7d98ee5b0c60,true,
628ad4fa-2c89-4788-85bb-05b1d3fa9d9b,5d53abe7-b623-4ba9-95cf-f8e89b9003bd,true,
ce4ababb-1be0-4f5d-8c0c-62985e9972b8,090fbeaf-b688-4c17-90d1-00f047a0b514,true,
ce4ababb-1be0-4f5d-8c0c-62985e9972b8,335fbd6c-d3c8-48ee-a0a7-5bf611e37917,true,
ce4ababb-1be0-4f5d-8c0c-62985e9972b8,e5c99aa8-e268-4280-86f0-651ccb4ad9b8,false,[NO_5XX] Unexpected 5XX response: 504
ce4ababb-1be0-4f5d-8c0c-62985e9972b8,958bcd8b-2b86-4738-af90-1a8a3a860e1a,true,
ce4ababb-1be0-4f5d-8c0c-62985e9972b8,2b089729-f138-4507-ba56-9ff46c40e41e,true,
ce4ababb-1be0-4f5d-8c0c-62985e9972b8,cf9b5f47-2878-4b2f-90a9-785bb7b0bb00,true,
ce4ababb-1be0-4f5d-8c0c-62985e9972b8,d6d0e6b2-11af-470e-b8fb-6ac5a7c503d2,true,
ce4ababb-1be0-4f5d-8c0c-62985e9972b8,28cec432-0f35-4490-bc14-11b1df0e11ee,true,
58c64382-cb85-4c2b-8ed4-6ca745b9c98f,aa16ae09-ae60-47f4-a429-1d4058c5413d,true,
58c64382-cb85-4c2b-8ed4-6ca745b9c98f,4b513b8e-6395-48b6-b81c-8bcd4e0a3807,true,
58c64382-cb85-4c2b-8ed4-6ca745b9c98f,02632031-127f-4dab-9fdd-cf32d1460f15,false,[NO_5XX] Unexpected 5XX response: 501
58c64382-cb85-4c2b-8ed4-6ca745b9c98f,3c5b4cea-1d88-4034-ae50-ec0fe444109e,true,
58c64382-cb85-4c2b-8ed4-6ca745b9c98f,d4400ef3-9008-47fd-8a8c-2bc5eee3f91e,true,
58c64382-cb85-4c2b-8ed4-6ca745b9c98f,417d0c74-cf4f-4cf5-8fde-4cf61c1f48ce,true,
58c64382-cb85-4c2b-8ed4-6ca745b9c98f,7a68160e-06fc-4eb1-9131-856df7bdd5b7,true,
58c64382-cb85-4c2b-8ed4-6ca745b9c98f,f89a8618-f296-4301-9f80-8db10650f954,true,
f77517cc-5539-4256-ae00-2a018cb3185d,13055c3c-f7db-44df-ae2e-a11337497154,true,
f77517cc-5539-4256-ae00-2a018cb3185d,3568bea3-2ac8-439c-89e1-589840f11dca,true,
f77517cc-5539-4256-ae00-2a018cb3185d,0da002e2-d910-471d-9625-ba0a332d5695,false,[NO_5XX] Unexpected 5XX response: 503
f77517cc-5539-4256-ae00-2a018cb3185d,3938f07a-413b-4590-859a-44e99b55eb81,true,
f77517cc-5539-4256-ae00-2a018cb3185d,a1835160-aa61-4c6f-ad59-1c00e5b7e72a,true,
f77517cc-5539-4256-ae00-2a018cb3185d,296f3f5e-84e3-448a-956b-64fb49ef5676,true,
f77517cc-5539-4256-ae00-2a018cb3185d,9302965e-5dc4-4a5d-a7cf-c9c1434a4e3d,true,
f77517cc-5539-4256-ae00-2a018cb3185d,854577d0-bc39-48b1-be25-4b192e945297,true,
6a3b4f98-47dc-41f8-aea9-5aeb5711512c,68af7032-77a4-49c0-96b7-61ae35533675,true,
6a3b4f98-47dc-41f8-aea9-5aeb5711512c,45317a02-96c6-44ed-acf6-d4ec75b740c4,true,
6a3b4f98-47dc-41f8-aea9-5aeb5711512c,1eff7106-cc20-4fe8-aee0-94062308b1b2,false,[NO_5XX] Unexpected 5XX response: 502
6a3b4f98-47dc-41f8-aea9-5aeb5711512c,780a3348-f741-4df3-8317-49a1e11217c0,true,
6a3b4f98-47dc-41f8-aea9-5aeb5711512c,92c5aee6-469c-42ff-9362-11376effca1f,true,
6a3b4f98-47dc-41f8-aea9-5aeb5711512c,6e474734-a475-443a-be5c-dc5dac692105,true,
6a3b4f98-47dc-41f8-aea9-5aeb5711512c,ccdc537b-371e-45e7-8b18-281f852a8573,true,
6a3b4f98-47dc-41f8-aea9-5aeb5711512c,5a02151f-5624-4403-84f8-46603594f89d,true,
8f85efd4-d687-42fe-a328-e471c249a866,929bbd0c-e4e3-4fa7-abb9-16794aeaeab4,true,
8f85efd4-d687-42fe-a328-e471c249a866,3a7a8e57-d30c-4455-9dc2-db5154a1746d,true,
8f85efd4-d687-42fe-a328-e471c249a866,ce7dd85c-696c-4c9f-b8c0-219d8ff0d648,false,[NO_5XX] Unexpected 5XX response: 504
8f85efd4-d687-42fe-a328-e471c249a866,5ff11e74-54f3-44cb-a0a9-92ab5afb693a,true,
8f85efd4-d687-42fe-a328-e471c249a866,664d1bc7-3fed-470b-9917-af7508f11f68,true,
8f85efd4-d687-42fe-a328-e471c249a866,b36a7f6b-8624-4f4a-90a7-bd2d5faa869e,true,
8f85efd4-d687-42fe-a328-e471c249a866,e99639cd-44ac-4d67-b99e-9d1338db65fc,true,
8f85efd4-d687-42fe-a328-e471c249a866,b7063442-8c3b-4e2d-9a55-5f14821c2c2a,true,
78ae1106-61da-4d7c-8f0e-0858d8003d26,afaec78f-0c5c-4ab6-ab66-0cecd4c5b778,true,
78ae1106-61da-4d7c-8f0e-0858d8003d26,2e5927d6-26a8-40ca-9e89-9b26c9341924,true,
78ae1106-61da-4d7c-8f0e-0858d8003d26,38f0251f-789d-47c4-8a06-195adffff222,false,[NO_5XX] Unexpected 5XX response: 501
78ae1106-61da-4d7c-8f0e-0858d8003d26,70d81ab3-8c3a-4f4e-8d59-595f77773a66,true,
78ae1106-61da-4d7c-8f0e-0858d8003d26,6bb99b51-c0a3-4122-8ccc-dc403b0c6499,true,
78ae1106-61da-4d7c-8f0e-0858d8003d26,37e565f5-74a7-4795-99a6-58a4b0c540f3,true,
78ae1106-61da-4d7c-8f0e-0858d8003d26,e52de56a-f71d-449e-b63a-dbf620d6e245,true,
78ae1106-61da-4d7c-8f0e-0858d8003d26,0b33b33f-a534-4e68-b9c6-da37a5bdfd9e,true,
3a0a97b1-ed05-438e-ae01-afdc6a128f11,94c7f26c-237a-4852-8cf1-15a7748f0010,true,
3a0a97b1-ed05-438e-ae01-afdc6a128f11,e3b9b4a7-f71a-42d0-81df-e6b4995feb1d,true,
3a0a97b1-ed05-438e-ae01-afdc6a128f11,1d6ee8a3-b95b-49ca-a88a-ed03defe47e8,false,[NO_5XX] Unexpected 5XX response: 500
3a0a97b1-ed05-438e-ae01-afdc6a128f11,3cbf192c-b884-4773-9f21-91c22670fa3d,true,
3a0a97b1-ed05-438e-ae01-afdc6a128f11,c489f66c-f3ef-4780-8bdb-39a42b0d7d79,true,
3a0a97b1-ed05-438e-ae01-afdc6a128f11,1bb915d5-6772-4a3c-ab7b-f6a4738deb52,true,
3a0a97b1-ed05-438e-ae01-afdc6a128f11,e7c1989d-18fb-46e2-9c5a-9014b9fe65f9,true,
3a0a97b1-ed05-438e-ae01-afdc6a128f11,94828364-3464-4ca0-a4b3-ddf828e7cf33,true,
1dc4f339-6595-4786-a118-0270de5ccc8a,93974bd8-b560-474b-a6c4-065c9ac8f2d6,true,
1dc4f339-6595-4786-a118-0270de5ccc8a,0be47dc1-8f4e-4533-a58f-7c5d0bcd7a95,true,
1dc4f339-6595-4786-a118-0270de5ccc8a,01641776-f94a-41a7-ac8b-7eb1c6bc5e48,false,[NO_5XX] Unexpected 5XX response: 504
1dc4f339-6595-4786-a118-0270de5ccc8a,7e80d613-e5cc-441d-a84b-8e5f4eb77b2b,true,
1dc4f339-6595-4786-a118-0270de5ccc8a,ff0cf277-0cb0-4295-b29c-0e3173e82aef,true,
1dc4f339-6595-4786-a118-0270de5ccc8a,771157e5-3038-4dec-b68b-92788f74eb70,true,
1dc4f339-6595-4786-a118-0270de5ccc8a,221fa655-7783-46c0-a2d7-b1323f0394ee,true,
1dc4f339-6595-4786-a118-0270de5ccc8a,de670a45-1f66-42b0-86b1-be84c431e240,true,
1dc4f339-6595-4786-a118-0270de5ccc8a,2b3c0192-b96a-4c52-80f1-cf7c008089ab,true,
1dc4f339-6595-4786-a118-0270de5ccc8a,83774197-0265-4fbc-a043-3e527b8ed5ec,true,
1dc4f339-6595-4786-a118-0270de5ccc8a,43b18641-c6c5-41ec-9118-f16365c0bf6a,true,
1dc4f339-6595-4786-a118-0270de5ccc8a,32d62d6f-e84d-4229-ba30-ca98d955f476,true,
1dc4f339-6595-4786-a118-0270de5ccc8a,8f4a150f-1f39-4918-b416-ff0de0713520,true,
1dc4f339-6595-4786-a118-0270de5ccc8a,f2fc74aa-875d-4416-902f-16a46a6fd9ea,true,
1dc4f339-6595-4786-a118-0270de5ccc8a,dd4f7f56-2690-4851-9798-3caebe3add5f,true,
1dc4f339-6595-4786-a118-0270de5ccc8a,c18e6d38-85bd-4ee7-8a30-2c6cb0609a02,true,
1dc4f339-6595-4786-a118-0270de5ccc8a,bc979692-8c86-436c-9cdb-3a3805f9d661,true,
1dc4f339-6595-4786-a118-0270de5ccc8a,5b9be6cd-ee8f-47cc-88e3-e56f63bf645d,true,
1dc4f339-6595-4786-a118-0270de5ccc8a,29394262-2d14-4039-81b7-323a860ef833,true,
1dc4f339-6595-4786-a118-0270de5ccc8a,96611782-6045-45a7-8162-8897197cfc8b,true,
1dc4f339-6595-4786-a118-0270de5ccc8a,f624e349-da57-4c26-8868-330b74f55883,true,
1dc4f339-6595-4786-a118-0270de5ccc8a,15cbf86e-b339-4d82-83c1-b3d089a3c4bc,true,
1dc4f339-6595-4786-a118-0270de5ccc8a,dc5096ea-aca6-45ba-908c-4ec0c8a4edba,true,
1dc4f339-6595-4786-a118-0270de5ccc8a,3a08a090-11de-48db-975f-dc911b1dc0ac,true,
1dc4f339-6595-4786-a118-0270de5ccc8a,8c009fe4-bf2d-48ec-995b-82e43ac49e43,true,
1dc4f339-6595-4786-a118-0270de5ccc8a,9b41ad29-df49-45d0-b553-5e89cbc04303,true,
1dc4f339-6595-4786-a118-0270de5ccc8a,4cb420f6-77e9-42b3-9a2f-0a4d326305e7,true,
1dc4f339-6595-4786-a118-0270de5ccc8a,b49ba098-6379-4499-af1c-80ca09dda241,true,
1dc4f339-6595-4786-a118-0270de5ccc8a,47093025-e753-42dd-9f7c-2cdd4872c124,true,
1dc4f339-6595-4786-a118-0270de5ccc8a,66e2fce9-7c12-4c2f-b92b-310ef7b981fb,true,
1dc4f339-6595-4786-a118-0270de5ccc8a,949e0925-98eb-4afa-ae16-0cce06bc04e5,true,
1dc4f339-6595-4786-a118-0270de5ccc8a,b592fc06-cc29-48f7-9492-640efefbc43e,true,
1dc4f339-6595-4786-a118-0270de5ccc8a,d7e12ac2-4726-4cea-9ce6-bed5ce0cfead,true,
1dc4f339-6595-4786-a118-0270de5ccc8a,abf506df-700c-43e4-a238-cb2353d5e560,true,
1dc4f339-6595-4786-a118-0270de5ccc8a,1f77c474-7d84-4f86-b65a-27a194ec2fd5,true,
1dc4f339-6595-4786-a118-0270de5ccc8a,be478eaa-be30-49db-b6b5-e474d4f6c9b2,true,
1dc4f339-6595-4786-a118-0270de5ccc8a,09fca749-a7c6-4c09-aa61-1d005d11775f,true,
1dc4f339-6595-4786-a118-0270de5ccc8a,fc6e2968-1cee-4011-b5a3-2451c47ecc27,true,
1dc4f339-6595-4786-a118-0270de5ccc8a,90d9740e-77fe-4cde-a4e6-df5d74c74770,true,
1dc4f339-6595-4786-a118-0270de5ccc8a,62daa9fe-16aa-45bf-a5b2-15debd1f1972,true,
1dc4f339-6595-4786-a118-0270de5ccc8a,017c1ff8-f0ad-4e45-903c-aa2e0fbaf3e8,true,
1dc4f339-6595-4786-a118-0270de5ccc8a,e1f2cf55-4959-45bf-9ff8-f1547c937097,true,
1dc4f339-6595-4786-a118-0270de5ccc8a,41a5193a-1b92-44d3-8f64-72d51b39f066,true,
1dc4f339-6595-4786-a118-0270de5ccc8a,0bb92e0d-ebe0-4bb9-a32d-5b3037af0030,true,
1dc4f339-6595-4786-a118-0270de5ccc8a,ed2bb877-34df-4f4c-a02c-0e4d25313d35,true,
1dc4f339-6595-4786-a118-0270de5ccc8a,d5b06267-b90c-4004-8f9e-27a6519af6df,true,
1dc4f339-6595-4786-a118-0270de5ccc8a,e3c55da9-96be-46c1-b187-67f142ecf67f,true,
1dc4f339-6595-4786-a118-0270de5ccc8a,5c32b0e0-5a3c-4800-8de5-a032434788b5,true,
1dc4f339-6595-4786-a118-0270de5ccc8a,b5c265d8-8690-463f-a3d5-81e7fb60e15d,true,
1dc4f339-6595-4786-a118-0270de5ccc8a,6cf96389-2f84-48f3-b4d6-76f075394be0,true,
1dc4f339-6595-4786-a118-0270de5ccc8a,5da5d3fa-cc2a-4f16-a0bf-30e835393602,true,
1dc4f339-6595-4786-a118-0270de5ccc8a,13bd5b9a-1e60-4604-abb3-31b0586b8a21,true,
1dc4f339-6595-4786-a118-0270de5ccc8a,33faf3aa-e1a1-4fc4-9e56-f2a8fd4b2885,true,
1dc4f339-6595-4786-a118-0270de5ccc8a,0ac34d05-d30e-4397-a1d2-97d3f631b60c,true,
1dc4f339-6595-4786-a118-0270de5ccc8a,4a7ef2e9-0dc8-4915-9102-6c670a4fe9ee,true,
1dc4f339-6595-4786-a118-0270de5ccc8a,6ddbe533-32d4-406d-bd41-5c977fa07f1a,true,
1dc4f339-6595-4786-a118-0270de5ccc8a,5fce9de1-a520-48ac-b8b9-4ae18df14ff5,true,
1dc4f339-6595-4786-a118-0270de5ccc8a,57626133-7e17-4db9-a3ea-79afb0367955,true,
7b45d336-27a1-47d2-9f96-6b47e4a1580a,8e482a10-dba2-44de-8288-bcfc7889d3e3,true,
7b45d336-27a1-47d2-9f96-6b47e4a1580a,4539e83c-83e2-4874-88a0-7fdb318043e2,true,
7b45d336-27a1-47d2-9f96-6b47e4a1580a,ee8eac16-00b7-4d95-aded-9c74d3933894,false,[NO_5XX] Unexpected 5XX response: 502
7b45d336-27a1-47d2-9f96-6b47e4a1580a,2afb7165-d628-443f-94bf-a48d61a77f06,true,
7b45d336-27a1-47d2-9f96-6b47e4a1580a,88bd0bad-ab55-48d9-aa6d-21367d77d4f3,true,
7b45d336-27a1-47d2-9f96-6b47e4a1580a,f6385b19-aa50-437a-9365-b70cc56fe971,true,
7b45d336-27a1-47d2-9f96-6b47e4a1580a,c6462b3d-c0cf-480e-833e-17e3cfd124c2,true,
7b45d336-27a1-47d2-9f96-6b47e4a1580a,05274e36-bdc7-4dd9-bc61-e5da7c131078,true,
a357e043-1637-42f2-8c3c-71e5636ad0af,adcfa6ca-bb11-4dca-89b9-3e29b7ef8877,true,
a357e043-1637-42f2-8c3c-71e5636ad0af,fd480ae6-c85b-4204-862a-44e454fe2ab8,true,
a357e043-1637-42f2-8c3c-71e5636ad0af,e26de97a-4bc6-4fc6-9fd6-87618712b8f1,false,[NO_5XX] Unexpected 5XX response: 503
a357e043-1637-42f2-8c3c-71e5636ad0af,fcac4901-179d-477d-9452-877acef36cb9,true,
a357e043-1637-42f2-8c3c-71e5636ad0af,5d3a331c-b4ec-45e4-ad5b-26774f29f172,true,
a357e043-1637-42f2-8c3c-71e5636ad0af,89015b05-c967-49b0-a65a-bd259ec8498c,true,
a357e043-1637-42f2-8c3c-71e5636ad0af,0158e8fa-f985-40a4-bfd6-2fbc20a06f16,true,
a357e043-1637-42f2-8c3c-71e5636ad0af,21d4aada-49b0-476b-b751-e6a49486cf09,true,
75e76938-4ef7-4817-8b3b-c35fbba37dc0,71637c72-4d58-4c3a-b1b7-8225440ada43,true,
75e76938-4ef7-4817-8b3b-c35fbba37dc0,8b43c306-75ed-49c5-ac9a-efdd4597925d,true,
75e76938-4ef7-4817-8b3b-c35fbba37dc0,96f037e2-9b8e-455b-9819-41da5c2063f9,false,[NO_5XX] Unexpected 5XX response: 504
75e76938-4ef7-4817-8b3b-c35fbba37dc0,6d3299ca-ed43-42cd-b22a-4ba770edde5f,true,
75e76938-4ef7-4817-8b3b-c35fbba37dc0,bf420182-637b-4228-98cb-9ab5e18e2448,true,
75e76938-4ef7-4817-8b3b-c35fbba37dc0,8d426ede-da4a-4b10-98fc-0ff75c9c17d7,true,
75e76938-4ef7-4817-8b3b-c35fbba37dc0,ed6a91a3-967a-46d8-8a18-7c03b3c92c54,true,
75e76938-4ef7-4817-8b3b-c35fbba37dc0,3d22a8c1-21e3-4c3d-8d44-584c7139642e,true,
18d04e34-f541-4349-bc36-a8fde3e8f519,c2bb034b-8dd3-4a6f-9c3b-2c99b07dd997,true,
18d04e34-f541-4349-bc36-a8fde3e8f519,f3e5d53d-d1c6-420e-ae48-d113c8046916,true,
18d04e34-f541-4349-bc36-a8fde3e8f519,5c27a7dd-841e-49c7-9207-85e1d8547fe5,false,[NO_5XX] Unexpected 5XX response: 501
18d04e34-f541-4349-bc36-a8fde3e8f519,f505f870-6a90-4f1f-964b-479e71a078f6,true,
18d04e34-f541-4349-bc36-a8fde3e8f519,7ccaca59-52b0-4c03-bf01-cf357e10639c,true,
18d04e34-f541-4349-bc36-a8fde3e8f519,c5d7d978-44f1-4a5b-81a8-7a5abc79fdea,true,
18d04e34-f541-4349-bc36-a8fde3e8f519,021c3ede-8786-4b32-b24f-c2df630e7e89,true,
18d04e34-f541-4349-bc36-a8fde3e8f519,668a8902-9822-4277-9588-7bda099463aa,true,
ede79e87-d91b-4ac1-bd2b-959a70ed6480,fca0eb7b-cc86-4ecf-866d-85b780d0139c,true,
ede79e87-d91b-4ac1-bd2b-959a70ed6480,0e154b16-2905-47af-815a-40528fab4546,true,
ede79e87-d91b-4ac1-bd2b-959a70ed6480,56fbd691-867c-4087-ae7b-11b6fbe03e71,false,[NO_5XX] Unexpected 5XX response: 502
ede79e87-d91b-4ac1-bd2b-959a70ed6480,cf35e0a1-d392-4d08-a71e-3045481185ce,true,
ede79e87-d91b-4ac1-bd2b-959a70ed6480,12b748c1-d294-4b12-88e5-623c5bc5a78a,true,
ede79e87-d91b-4ac1-bd2b-959a70ed6480,3fcd2cbd-9997-43e5-b13b-c4613354b3a3,true,
ede79e87-d91b-4ac1-bd2b-959a70ed6480,48d6d9c7-6bbb-41d4-8a65-75da730edf0f,true,
ede79e87-d91b-4ac1-bd2b-959a70ed6480,ad37db45-f358-435d-98df-5ec2498d5817,true,
3b5f73b2-73ee-4c74-b121-0c5ab08a54ea,b17750b5-6b8b-456f-8b50-5e0b4c258883,true,
3b5f73b2-73ee-4c74-b121-0c5ab08a54ea,72535ed8-8ec6-4f84-a75a-6d627c5f0802,true,
3b5f73b2-73ee-4c74-b121-0c5ab08a54ea,fd054a6b-99ef-4922-ae4e-3cf4b8ef95e5,false,[NO_5XX] Unexpected 5XX response: 502
3b5f73b2-73ee-4c74-b121-0c5ab08a54ea,ba9bb9ba-cf03-4e99-9933-5217b74a8f43,true,
3b5f73b2-73ee-4c74-b121-0c5ab08a54ea,ab5fbfac-e46c-4ca7-8bb4-941713999afd,true,
3b5f73b2-73ee-4c74-b121-0c5ab08a54ea,f26eb459-925a-4a68-863c-59c600a89905,true,
3b5f73b2-73ee-4c74-b121-0c5ab08a54ea,e16bf586-ea97-4d39-b6a1-45729bdd4194,true,
3b5f73b2-73ee-4c74-b121-0c5ab08a54ea,51a1feb8-c480-4db4-8e8b-ed9163c4d90e,true,
926f0b81-582a-4b7e-8aef-dafe4106aaf2,bc65c070-29b7-4440-bcfb-edbf1617d3d6,true,
926f0b81-582a-4b7e-8aef-dafe4106aaf2,4f4c7bbc-2ccb-4bac-adb7-90ba77258794,true,
926f0b81-582a-4b7e-8aef-dafe4106aaf2,0ef8140c-0b8f-4015-8357-df26eab30dff,false,[NO_5XX] Unexpected 5XX response: 502
926f0b81-582a-4b7e-8aef-dafe4106aaf2,62c4ba56-f43c-4884-b838-5bf114e408d3,true,
926f0b81-582a-4b7e-8aef-dafe4106aaf2,d5ba3ee6-e068-433b-b647-3076b5379206,true,
926f0b81-582a-4b7e-8aef-dafe4106aaf2,a535134f-b279-4fda-929c-dee415bb898f,true,
926f0b81-582a-4b7e-8aef-dafe4106aaf2,e95d5b90-dfc2-4eaf-a24c-7cc4aa1d2b45,true,
926f0b81-582a-4b7e-8aef-dafe4106aaf2,7b8dc767-445b-4e9b-a6e2-b1d0452009eb,true,
0db6cbd1-7b96-45cc-8bd1-ebc46b8e56e9,f59b3015-717c-4a88-bc1a-07a7c456eb44,true,
0db6cbd1-7b96-45cc-8bd1-ebc46b8e56e9,51c2bc36-1ecd-4a76-8e65-94cc32b88f60,true,
0db6cbd1-7b96-45cc-8bd1-ebc46b8e56e9,c0d26b72-07c4-4311-82ed-75ec68c4fdf1,false,[NO_5XX] Unexpected 5XX response: 500
0db6cbd1-7b96-45cc-8bd1-ebc46b8e56e9,07252ba7-4efc-494d-87b2-227a7d4f92b5,true,
0db6cbd1-7b96-45cc-8bd1-ebc46b8e56e9,37181529-36de-4e12-903e-a1317ca3be43,true,
0db6cbd1-7b96-45cc-8bd1-ebc46b8e56e9,2c28f29f-36fa-4ce4-8c96-9db7340be67f,true,
0db6cbd1-7b96-45cc-8bd1-ebc46b8e56e9,181b3b8a-186e-4be1-8878-a7aac0259139,true,
0db6cbd1-7b96-45cc-8bd1-ebc46b8e56e9,f924a3b6-8cf1-442f-8f7a-4c8acbeac104,true,
1095ddfe-ef42-4713-8820-2dd244dbe710,c845809d-9178-44fe-a845-2ee96efe431e,true,
1095ddfe-ef42-4713-8820-2dd244dbe710,c96d980f-205c-4198-b367-a2db6ec27613,true,
1095ddfe-ef42-4713-8820-2dd244dbe710,dabcc986-b260-454c-b246-ab329589c78a,false,[NO_5XX] Unexpected 5XX response: 500
1095ddfe-ef42-4713-8820-2dd244dbe710,ef2587ed-e193-4a05-aeeb-f30f52ecc6ad,true,
1095ddfe-ef42-4713-8820-2dd244dbe710,aa5adf88-debe-4fbd-b2db-70e782957544,true,
1095ddfe-ef42-4713-8820-2dd244dbe710,22552ea2-1e4e-4d92-a7b9-8ae5c539ac1d,true,
1095ddfe-ef42-4713-8820-2dd244dbe710,e43d8818-0363-43c0-b0e3-b5742be2a48f,true,
1095ddfe-ef42-4713-8820-2dd244dbe710,b6861d5d-83ef-4ebf-8f90-ac9ef57e8a8d,true,
cc82fd5e-535a-440c-b502-03a229945b65,d54cef8d-0181-4806-9384-64d0c7ae0ebf,true,
cc82fd5e-535a-440c-b502-03a229945b65,578a1246-069a-4569-81b0-782d12f42f71,true,
cc82fd5e-535a-440c-b502-03a229945b65,f2d2f2f5-f79c-49b1-89f3-f39948fe3ec1,false,[NO_5XX] Unexpected 5XX response: 500
cc82fd5e-535a-440c-b502-03a229945b65,57067fb1-7fda-4af6-9c3b-f0909dbcca7a,true,
cc82fd5e-535a-440c-b502-03a229945b65,cd13ba20-bb0e-467b-813d-731b24d90832,true,
cc82fd5e-535a-440c-b502-03a229945b65,999c29fe-366f-4ac2-9207-b18321fe3c23,true,
cc82fd5e-535a-440c-b502-03a229945b65,1ccb3dd2-dda1-4895-955b-822abaf9317e,true,
cc82fd5e-535a-440c-b502-03a229945b65,a60afc4a-b05a-4cf8-ab78-a0f3e850fee2,true,
c0bad6af-505c-4e96-84f9-26e0c9f9a910,4e11c897-90fe-4037-bb92-23fc956533e7,true,
c0bad6af-505c-4e96-84f9-26e0c9f9a910,f9afb72e-b4ac-46e0-aff5-81e7068e05b6,true,
c0bad6af-505c-4e96-84f9-26e0c9f9a910,56a813e1-7d45-4ae5-b794-a88f62b494db,false,[NO_5XX] Unexpected 5XX response: 500
c0bad6af-505c-4e96-84f9-26e0c9f9a910,0e3f63f0-2d20-4254-a205-148e049544b8,true,
c0bad6af-505c-4e96-84f9-26e0c9f9a910,358b3a3c-ec41-4caa-bc72-0bc37ac7b1ad,true,
c0bad6af-505c-4e96-84f9-26e0c9f9a910,de5b912e-2bbb-4832-a88f-019e16e172aa,true,
c0bad6af-505c-4e96-84f9-26e0c9f9a910,a366134d-8e16-4ce4-808a-dc1e4bac6a08,true,
c0bad6af-505c-4e96-84f9-26e0c9f9a910,4080fc8f-a94c-4540-a7d1-4092d41e3da1,true,
bd79d981-daea-4968-8f77-7f4db94fe079,a01421e6-a0cb-44c8-9a93-e88668ef9eea,true,
bd79d981-daea-4968-8f77-7f4db94fe079,2bba24c7-7f2c-49a1-88cf-3c6d475d7ba9,true,
bd79d981-daea-4968-8f77-7f4db94fe079,e62f6075-0d14-418a-ba0f-06315985cffa,false,[NO_5XX] Unexpected 5XX response: 503
bd79d981-daea-4968-8f77-7f4db94fe079,0936afe9-12dc-4f5d-b12d-7e4aff581bfb,true,
bd79d981-daea-4968-8f77-7f4db94fe079,7325c74b-d353-4448-ba2f-8d1c47612168,true,
bd79d981-daea-4968-8f77-7f4db94fe079,8b6fe2cf-4fd1-4189-b685-4165b9d8bef1,true,
bd79d981-daea-4968-8f77-7f4db94fe079,45c1a3c0-6cc4-4f88-bf1e-518aea532370,true,
bd79d981-daea-4968-8f77-7f4db94fe079,0335e5a8-0e72-4dcc-9dc0-a6461bc8d050,true,
9f598b24-3eeb-4f03-ae45-e9766cb499ed,7c3291cb-c719-4fe6-bf86-71110c94aa90,true,
9f598b24-3eeb-4f03-ae45-e9766cb499ed,00b83b1c-8ca7-43a1-be96-61723c6a9405,true,
9f598b24-3eeb-4f03-ae45-e9766cb499ed,98a88b4f-0dde-432a-9d92-1ab0b2b9a8a5,false,[NO_5XX] Unexpected 5XX response: 501
9f598b24-3eeb-4f03-ae45-e9766cb499ed,737275de-4f69-4b57-bcd1-d26a1d527821,true,
9f598b24-3eeb-4f03-ae45-e9766cb499ed,8bc0de79-7841-4dbe-aaa8-58af75e9fdcd,true,
9f598b24-3eeb-4f03-ae45-e9766cb499ed,7e7cb895-8cdd-409f-a3ec-582bc14ce4d2,true,
9f598b24-3eeb-4f03-ae45-e9766cb499ed,bc94b115-b9c7-4e55-9027-ac18ba312e71,true,
9f598b24-3eeb-4f03-ae45-e9766cb499ed,048d746b-9122-4b2a-8a79-591a3cc87b06,true,
9f598b24-3eeb-4f03-ae45-e9766cb499ed,f0a4d96e-62c5-4d56-b593-54af93e74850,true,
9f598b24-3eeb-4f03-ae45-e9766cb499ed,2f8ab970-743b-4570-b969-7bec0a193de6,true,
9f598b24-3eeb-4f03-ae45-e9766cb499ed,9261d020-929d-49c9-9534-7802fee291df,true,
9f598b24-3eeb-4f03-ae45-e9766cb499ed,4be6092f-f608-41d5-9566-32e46b488196,true,
9f598b24-3eeb-4f03-ae45-e9766cb499ed,239c69d8-7299-4051-9689-112c04eb60df,true,
9f598b24-3eeb-4f03-ae45-e9766cb499ed,5bb47dbe-2c8c-4926-9742-3c9f260089b1,true,
9f598b24-3eeb-4f03-ae45-e9766cb499ed,985ec77e-9e78-45ce-8b9f-a1cd4f6d6a2a,true,
9f598b24-3eeb-4f03-ae45-e9766cb499ed,38694eb3-e9ec-4109-84d8-45798be8c4df,true,
9f598b24-3eeb-4f03-ae45-e9766cb499ed,f3247b19-fa8e-4382-91e4-7a00462bddee,true,
9f598b24-3eeb-4f03-ae45-e9766cb499ed,ad1a696a-ba09-46e8-9e48-c2bc5b59cae3,true,
9f598b24-3eeb-4f03-ae45-e9766cb499ed,d80bd961-6595-4339-a20a-e198e93f7928,true,
9f598b24-3eeb-4f03-ae45-e9766cb499ed,0fe6ae74-c08a-4bd3-a360-addc85bd8eec,true,
9f598b24-3eeb-4f03-ae45-e9766cb499ed,97dbe41f-0183-451b-9ac7-2119267da8fe,true,
9f598b24-3eeb-4f03-ae45-e9766cb499ed,e2e2003b-e9c1-4608-8d83-4d5269ad03e4,true,
9f598b24-3eeb-4f03-ae45-e9766cb499ed,c43ee48c-0457-403e-b79e-6185be99cde1,true,
9f598b24-3eeb-4f03-ae45-e9766cb499ed,475dc2ac-d3be-46f8-bb31-705662290bf9,true,
9f598b24-3eeb-4f03-ae45-e9766cb499ed,f3b08fd6-ee00-40e2-84e8-2159acc45e3c,true,
9f598b24-3eeb-4f03-ae45-e9766cb499ed,5adc313e-19e0-43e5-a32e-632acb091e0e,true,
9f598b24-3eeb-4f03-ae45-e9766cb499ed,c2982af3-512e-4a2c-a798-904b50405dbe,true,
9f598b24-3eeb-4f03-ae45-e9766cb499ed,a4fa5b8b-e3e4-4040-b209-f75295443b2b,true,
9f598b24-3eeb-4f03-ae45-e9766cb499ed,c8b5445a-70be-4aea-8c8d-2d9e5dedc6cb,true,
9f598b24-3eeb-4f03-ae45-e9766cb499ed,1fbc5f20-055a-4d61-93e2-a3fa4420f31e,true,
9f598b24-3eeb-4f03-ae45-e9766cb499ed,dcb6a10b-cb94-471a-849a-c4d43f8517e2,true,
9f598b24-3eeb-4f03-ae45-e9766cb499ed,e13f516e-639c-40ea-bacd-52a04a0aec2a,true,
9f598b24-3eeb-4f03-ae45-e9766cb499ed,5605c029-230a-4299-b505-a5d5f94ca832,true,
9f598b24-3eeb-4f03-ae45-e9766cb499ed,8ec3bdde-ce21-4752-a834-d331695675f6,true,
9f598b24-3eeb-4f03-ae45-e9766cb499ed,22f0b822-8a77-4079-bdc7-a975645bbcee,true,
9f598b24-3eeb-4f03-ae45-e9766cb499ed,f4df182c-8643-4fad-986c-5d3504c64cab,true,
9f598b24-3eeb-4f03-ae45-e9766cb499ed,c3fe4058-271c-41fd-91ec-c9ef2a54a8d3,true,
9f598b24-3eeb-4f03-ae45-e9766cb499ed,8dfbb2db-1b8f-4428-9ed7-591a73089ea5,true,
9f598b24-3eeb-4f03-ae45-e9766cb499ed,75367fbc-b14b-49ac-ae50-03af441a7c54,true,
9f598b24-3eeb-4f03-ae45-e9766cb499ed,eff98093-cde2-4db6-b4d6-f396b590b845,true,
9f598b24-3eeb-4f03-ae45-e9766cb499ed,190b9516-ca41-4782-ba2a-6fdd0b8f9161,true,
9f598b24-3eeb-4f03-ae45-e9766cb499ed,42305342-70f2-45e9-bad4-e2b2ffaf4e2e,true,
9f598b24-3eeb-4f03-ae45-e9766cb499ed,8810d204-f756-4c90-ad59-87fc7e0d4ab2,true,
9f598b24-3eeb-4f03-ae45-e9766cb499ed,65488747-b357-4036-919a-59f01ca4b0bd,true,
9f598b24-3eeb-4f03-ae45-e9766cb499ed,d441e16c-744b-47c3-b9a9-53a86f81ce88,true,
9f598b24-3eeb-4f03-ae45-e9766cb499ed,0225f791-5248-409e-99e9-1c6bbcd5c8db,true,
9f598b24-3eeb-4f03-ae45-e9766cb499ed,6d7e9bd5-7d20-468e-b390-476b7bf72e17,true,
9f598b24-3eeb-4f03-ae45-e9766cb499ed,20f0c501-22d9-4772-a284-d27446a32eff,true,
9f598b24-3eeb-4f03-ae45-e9766cb499ed,46b550b8-c816-4c22-aad1-1563e56d4e2e,true,
9f598b24-3eeb-4f03-ae45-e9766cb499ed,47b716ee-2af8-4ef3-a60e-2caaff98133b,true,
9f598b24-3eeb-4f03-ae45-e9766cb499ed,1c279b1f-ce6c-4a92-8ccf-c37f5e683bb5,true,
9f598b24-3eeb-4f03-ae45-e9766cb499ed,67bfc868-0514-45a4-8f81-4586deeedc45,true,
9f598b24-3eeb-4f03-ae45-e9766cb499ed,edc09ff1-4563-48f1-ac74-ee8e350e3fe6,true,
9f598b24-3eeb-4f03-ae45-e9766cb499ed,bdaed88d-607c-4eba-bf76-ce7e88862bc4,true,
9f598b24-3eeb-4f03-ae45-e9766cb499ed,d83d72f5-d8aa-495d-93c7-68be9a65cca8,true,
9f598b24-3eeb-4f03-ae45-e9766cb499ed,7a30fe93-38b4-428d-baa6-0b2c347db8a8,true,
9f598b24-3eeb-4f03-ae45-e9766cb499ed,7aa7469c-ec92-4b6a-80b6-a080d13b72db,true,
9f598b24-3eeb-4f03-ae45-e9766cb499ed,7e60c15a-1fea-472c-9b19-6eb78f00c3b0,true,
d5e1e99c-70ce-4a2a-b02b-05665238083e,57ebb433-22d1-4618-9653-7e2462eb384c,true,
d5e1e99c-70ce-4a2a-b02b-05665238083e,dfce3dc7-4732-497a-bcbb-2db28af5ad1c,true,
d5e1e99c-70ce-4a2a-b02b-05665238083e,b359f431-287a-4d50-8e31-984430bf77f7,false,[NO_5XX] Unexpected 5XX response: 503
d5e1e99c-70ce-4a2a-b02b-05665238083e,bbb0cb06-b966-4e44-b681-a96b85acd238,true,
d5e1e99c-70ce-4a2a-b02b-05665238083e,48344b3e-4748-48bd-a705-40322acd11c1,true,
d5e1e99c-70ce-4a2a-b02b-05665238083e,621e1b8f-b1a0-4cd4-8bc9-afc29daee295,true,
d5e1e99c-70ce-4a2a-b02b-05665238083e,7c3d9887-cbae-472d-a293-34593b7b5bb0,true,
d5e1e99c-70ce-4a2a-b02b-05665238083e,0d35b9e4-1a48-4856-99e5-0500807604fa,true,
44fabeca-9d8e-4882-9364-c8a965cb3f3d,45f374e0-90ce-431f-b566-9f625830703b,true,
44fabeca-9d8e-4882-9364-c8a965cb3f3d,2cf1788c-937c-4c55-a5f4-5bcb95d6966a,true,
44fabeca-9d8e-4882-9364-c8a965cb3f3d,5d3b5310-8d12-4023-bfde-398dbc81f4eb,false,[NO_5XX] Unexpected 5XX response: 500
44fabeca-9d8e-4882-9364-c8a965cb3f3d,ce5ab518-3b3f-457e-8657-af488a92fb95,true,
44fabeca-9d8e-4882-9364-c8a965cb3f3d,1875b49a-fb5c-4190-8774-c2dcab7dcc6f,true,
44fabeca-9d8e-4882-9364-c8a965cb3f3d,9873aec0-c41d-4980-b12f-1f75dd37bf16,true,
44fabeca-9d8e-4882-9364-c8a965cb3f3d,5ba2d75e-54b1-48a1-bf8f-b32a391807ae,true,
44fabeca-9d8e-4882-9364-c8a965cb3f3d,215311c5-ab43-45cd-b75f-af20ad9ee01a,true,
44fabeca-9d8e-4882-9364-c8a965cb3f3d,0f706137-f088-4d91-a263-cc595c8f8572,true,
44fabeca-9d8e-4882-9364-c8a965cb3f3d,b934122e-c510-4e08-9d1a-c716932c0455,true,
44fabeca-9d8e-4882-9364-c8a965cb3f3d,1560a466-2858-48d2-bbb5-e5a2e1c6ffc4,true,
44fabeca-9d8e-4882-9364-c8a965cb3f3d,f1f65c99-cdcd-41a2-8d32-4ff619e3ef2b,true,
44fabeca-9d8e-4882-9364-c8a965cb3f3d,684ec874-61ba-4bca-b636-a743dd5fd8ce,true,
44fabeca-9d8e-4882-9364-c8a965cb3f3d,e3eb262c-42e4-4533-8f85-62e4edeb3d2e,true,
44fabeca-9d8e-4882-9364-c8a965cb3f3d,207c3cd3-7d2f-4b34-9b96-5cbb10940e5e,true,
44fabeca-9d8e-4882-9364-c8a965cb3f3d,3d56ceeb-ed1f-4133-bd6b-2c3e58718f25,true,
44fabeca-9d8e-4882-9364-c8a965cb3f3d,813ce40a-1152-4c96-a174-2d70e3606e6a,true,
44fabeca-9d8e-4882-9364-c8a965cb3f3d,c87e41b3-d93b-496f-af32-c5d4d8d06d57,true,
44fabeca-9d8e-4882-9364-c8a965cb3f3d,b43a5840-5508-47a3-99e0-570a9c4b23ea,true,
44fabeca-9d8e-4882-9364-c8a965cb3f3d,863bb7f2-cdf3-447c-aa30-9633465cac5d,true,
44fabeca-9d8e-4882-9364-c8a965cb3f3d,6b2b4125-515e-494b-a847-b98d8087a7d6,true,
44fabeca-9d8e-4882-9364-c8a965cb3f3d,4aa2e368-68ae-48f3-8612-27f87d3eaf1d,true,
44fabeca-9d8e-4882-9364-c8a965cb3f3d,1154fb91-5563-4e1a-9b54-d0235e24304e,true,
44fabeca-9d8e-4882-9364-c8a965cb3f3d,4c2719b1-1517-4b3b-b1b5-5d70a42c8cd6,true,
44fabeca-9d8e-4882-9364-c8a965cb3f3d,38eb5417-04d2-4078-9cab-3080167997bc,true,
44fabeca-9d8e-4882-9364-c8a965cb3f3d,7d68d640-7277-42df-9e67-9635d6ebae4d,true,
44fabeca-9d8e-4882-9364-c8a965cb3f3d,d976c711-cc61-4dbb-bbf1-dd8f15fbcf83,true,
44fabeca-9d8e-4882-9364-c8a965cb3f3d,eff73e41-8f66-4ea8-9a32-dc2cfbeef682,true,
44fabeca-9d8e-4882-9364-c8a965cb3f3d,4cc55975-f7e2-470c-bcfc-287464230b90,true,
44fabeca-9d8e-4882-9364-c8a965cb3f3d,3b3b8f99-27f0-4553-b077-6ab7d864d5c9,true,
44fabeca-9d8e-4882-9364-c8a965cb3f3d,e8217a06-f2c2-466a-8a56-2df6669c1986,true,
44fabeca-9d8e-4882-9364-c8a965cb3f3d,79ace1c7-658e-4df2-8d09-ff3aaac95c12,true,
44fabeca-9d8e-4882-9364-c8a965cb3f3d,d963479c-caca-43e8-a547-a06710c24de1,true,
44fabeca-9d8e-4882-9364-c8a965cb3f3d,17f91797-bef9-479e-9fdc-84c07b6721bb,true,
44fabeca-9d8e-4882-9364-c8a965cb3f3d,36635c46-f166-420a-9cba-1f6e2f213f2a,true,
44fabeca-9d8e-4882-9364-c8a965cb3f3d,51788de6-ab53-4b99-b933-bcb6b800e8f1,true,
44fabeca-9d8e-4882-9364-c8a965cb3f3d,7cd2e60d-c3bd-436f-a069-6abb756151f3,true,
44fabeca-9d8e-4882-9364-c8a965cb3f3d,d9bf62b8-24c4-4621-a6f7-f792952d6ba0,true,
44fabeca-9d8e-4882-9364-c8a965cb3f3d,97ab9c3c-0ffd-4882-9a89-506c700e1b9d,true,
44fabeca-9d8e-4882-9364-c8a965cb3f3d,94b0e107-3805-4b2c-8b0b-29f32f163e45,true,
44fabeca-9d8e-4882-9364-c8a965cb3f3d,17babe98-1e60-4b6c-85e6-c5376d065b39,true,
44fabeca-9d8e-4882-9364-c8a965cb3f3d,bdbe14b8-8337-4adc-9776-524cf9f239cd,true,
44fabeca-9d8e-4882-9364-c8a965cb3f3d,82950c15-661a-4a85-9418-4c422f201df5,true,
44fabeca-9d8e-4882-9364-c8a965cb3f3d,0f77eb8d-7c97-4398-80b5-800b6ab3f532,true,
44fabeca-9d8e-4882-9364-c8a965cb3f3d,4aa1d8ae-a360-4a4e-b215-241a72836b57,true,
44fabeca-9d8e-4882-9364-c8a965cb3f3d,adad980c-618a-4244-b903-ff616347e258,true,
44fabeca-9d8e-4882-9364-c8a965cb3f3d,3c319bf6-e7ab-4ecf-bc18-c1500180795f,true,
44fabeca-9d8e-4882-9364-c8a965cb3f3d,fe6ca889-0d09-473a-ac28-0f35d5774a78,true,
44fabeca-9d8e-4882-9364-c8a965cb3f3d,8bb6c099-3432-405a-8e7a-d1917d7d35eb,true,
44fabeca-9d8e-4882-9364-c8a965cb3f3d,5c4ce176-f977-434a-8f86-40298da21777,true,
44fabeca-9d8e-4882-9364-c8a965cb3f3d,ddd30abc-cf21-4ca1-807e-56499470142b,true,
44fabeca-9d8e-4882-9364-c8a965cb3f3d,4f038da2-0d09-4dad-b60b-ce8961a20d39,true,
44fabeca-9d8e-4882-9364-c8a965cb3f3d,e5a05aa5-4137-476c-af98-63b5607cd25b,true,
44fabeca-9d8e-4882-9364-c8a965cb3f3d,e1df7f49-8eac-4b8b-be6b-342fb0fb4dc6,true,
44fabeca-9d8e-4882-9364-c8a965cb3f3d,195af507-5d3f-4d1b-a8eb-571f08f35b1e,true,
44fabeca-9d8e-4882-9364-c8a965cb3f3d,965e48c3-2014-4833-b6cb-2e3108280613,true,
44fabeca-9d8e-4882-9364-c8a965cb3f3d,78d23908-705a-487c-89a7-96c027603d67,true,
44fabeca-9d8e-4882-9364-c8a965cb3f3d,ca7d6405-dafa-497a-80e8-57e29703588e,true,
dfb8fab9-3a58-4f88-97ba-0a8b7dec3e73,8c294ff6-7d1c-4d70-9c2f-565012c22e23,true,
dfb8fab9-3a58-4f88-97ba-0a8b7dec3e73,cbb1d558-3907-473d-875f-52e1ac29ea87,true,
dfb8fab9-3a58-4f88-97ba-0a8b7dec3e73,6e743b56-485b-45a3-9ca8-590a96f322c2,false,[NO_5XX] Unexpected 5XX response: 503
dfb8fab9-3a58-4f88-97ba-0a8b7dec3e73,bb58fb31-eb9d-4c91-a293-bdf1607adc3f,true,
dfb8fab9-3a58-4f88-97ba-0a8b7dec3e73,1a70b7be-3f33-4557-8fee-282004c67b52,true,
dfb8fab9-3a58-4f88-97ba-0a8b7dec3e73,717df0cd-0121-49ec-bfe3-6e591c8c3252,true,
dfb8fab9-3a58-4f88-97ba-0a8b7dec3e73,b5669b2d-441b-453b-a6d1-cf398ebced81,true,
dfb8fab9-3a58-4f88-97ba-0a8b7dec3e73,30de02c8-2fd1-453f-9c53-877ff981f8ec,true,
c5ab0d20-3412-473e-bf85-4d5ce4e2058e,5dc71dc2-0fce-41e8-ba38-b30ad3e90f0b,true,
c5ab0d20-3412-473e-bf85-4d5ce4e2058e,e3fbb2b4-b39e-4d73-ba60-7c33d76f9729,true,
c5ab0d20-3412-473e-bf85-4d5ce4e2058e,3fe59adf-ff34-42c0-98e9-6b3f6a10d65e,false,[NO_5XX] Unexpected 5XX response: 504
c5ab0d20-3412-473e-bf85-4d5ce4e2058e,17a79cdb-ac0c-495e-8365-301dff7ce87e,true,
c5ab0d20-3412-473e-bf85-4d5ce4e2058e,47dbc0d1-00db-4bd9-acf1-4860059925fa,true,
c5ab0d20-3412-473e-bf85-4d5ce4e2058e,f1a5dca0-3ed3-4a49-82d9-e1c4c184c457,true,
c5ab0d20-3412-473e-bf85-4d5ce4e2058e,723f335e-3fbf-4749-bca2-91f5408d5020,true,
c5ab0d20-3412-473e-bf85-4d5ce4e2058e,2f18d4b6-e40e-429f-b4fc-6a18c2ddec23,true,
68cf545e-718f-4348-85c5-a017f2c0cb69,4b064ccd-6b3a-42a1-9fb9-12b9a25aae88,true,
68cf545e-718f-4348-85c5-a017f2c0cb69,7d476cb6-7620-41e8-b665-f7b860b7d983,true,
68cf545e-718f-4348-85c5-a017f2c0cb69,f239ccb9-c934-4da7-a816-ffd185b845d1,false,[NO_5XX] Unexpected 5XX response: 504
68cf545e-718f-4348-85c5-a017f2c0cb69,f7cfb76e-a51e-437d-88f5-678ccdbc160f,true,
68cf545e-718f-4348-85c5-a017f2c0cb69,8ef5131c-06f2-4663-aa82-6c679398aabc,true,
68cf545e-718f-4348-85c5-a017f2c0cb69,fe8d8906-ec12-45ec-9013-d8e16d31fb3d,true,
68cf545e-718f-4348-85c5-a017f2c0cb69,ff0c6a54-2849-4c88-919d-fb78cc4ea7b9,true,
68cf545e-718f-4348-85c5-a017f2c0cb69,d566c9d6-c8ed-4a1b-ba16-253c1992d029,true,
68cf545e-718f-4348-85c5-a017f2c0cb69,b5f9f709-a5af-455e-ac7d-2c93821ddcec,true,
68cf545e-718f-4348-85c5-a017f2c0cb69,836f0585-8b8e-4a24-831b-4dfc46afd198,true,
68cf545e-718f-4348-85c5-a017f2c0cb69,a9208624-3069-43da-b1e3-496d5f173437,true,
68cf545e-718f-4348-85c5-a017f2c0cb69,91c83a73-22da-4ee9-99c1-020cd135287a,true,
68cf545e-718f-4348-85c5-a017f2c0cb69,9af89734-0032-4c85-b332-fdd07a5ae84b,true,
68cf545e-718f-4348-85c5-a017f2c0cb69,b6758f31-035a-4ff9-8df6-734f54c9bf9f,true,
68cf545e-718f-4348-85c5-a017f2c0cb69,18ae4804-4ebd-42e6-af5f-b4fb8a553953,true,
68cf545e-718f-4348-85c5-a017f2c0cb69,59f6aea0-b0f6-433a-b01d-376c78511a82,true,
68cf545e-718f-4348-85c5-a017f2c0cb69,046560be-98dd-4451-bd09-098ac3826750,true,
68cf545e-718f-4348-85c5-a017f2c0cb69,016ef43b-f9fa-46b5-b68f-8d6a225aae30,true,
68cf545e-718f-4348-85c5-a017f2c0cb69,35cc10e0-9409-424b-9263-3955fbb56ec7,true,
68cf545e-718f-4348-85c5-a017f2c0cb69,96920409-58f4-424d-8622-641f1c5f423b,true,
68cf545e-718f-4348-85c5-a017f2c0cb69,2e95bd53-ea9f-4b17-93e0-cd053d54474d,true,
68cf545e-718f-4348-85c5-a017f2c0cb69,ba19f81d-0f19-4a26-8ecd-c9764e8b9ced,true,
68cf545e-718f-4348-85c5-a017f2c0cb69,0b5b18a8-3509-4ef7-ad5b-1e4191abe865,true,
68cf545e-718f-4348-85c5-a017f2c0cb69,a5dbfe6d-dd26-464b-98b7-22a5e85f03d6,true,
68cf545e-718f-4348-85c5-a017f2c0cb69,7a9bf230-bf40-40e1-a2ce-0b0f2cc13883,true,
68cf545e-718f-4348-85c5-a017f2c0cb69,93d51103-9a63-4459-af05-ca7c09f27bb3,true,
68cf545e-718f-4348-85c5-a017f2c0cb69,e67ab864-337e-49f4-b3e8-4ef989a9288c,true,
68cf545e-718f-4348-85c5-a017f2c0cb69,ef687c2a-7504-4766-a640-119bf06b62d6,true,
68cf545e-718f-4348-85c5-a017f2c0cb69,49c0d6f8-e3b3-4614-ba03-69045ed6f646,true,
68cf545e-718f-4348-85c5-a017f2c0cb69,f19a1a52-8a12-41e6-b9ab-f38cc0171ca0,true,
68cf545e-718f-4348-85c5-a017f2c0cb69,773babfc-9035-44d7-a3fc-aa5c4d54e700,true,
68cf545e-718f-4348-85c5-a017f2c0cb69,10a16c3b-ce73-4d16-b826-a52f0d99b0aa,true,
68cf545e-718f-4348-85c5-a017f2c0cb69,142dcb56-3744-4ac3-99e3-e68121a3cbbc,true,
68cf545e-718f-4348-85c5-a017f2c0cb69,22988ea5-7aa9-452a-b70b-3ebe6c115c55,true,
68cf545e-718f-4348-85c5-a017f2c0cb69,00594715-9433-4fbe-b5d7-89bd024c1a70,true,
68cf545e-718f-4348-85c5-a017f2c0cb69,6894dfd0-4395-4340-a915-c95737017c02,true,
68cf545e-718f-4348-85c5-a017f2c0cb69,f1cc0ab3-e49d-4eb5-83ee-3a3cb4c8e44b,true,
68cf545e-718f-4348-85c5-a017f2c0cb69,9c1be2d5-5b8f-4826-9012-f23c593b7247,true,
68cf545e-718f-4348-85c5-a017f2c0cb69,55184d5e-4a8a-45ad-bf40-4475afb1f389,true,
68cf545e-718f-4348-85c5-a017f2c0cb69,4f08dba9-60db-4c66-86a5-05a871a4ae3b,true,
68cf545e-718f-4348-85c5-a017f2c0cb69,c7e71b17-0556-4abe-a840-758d003e3ed9,true,
68cf545e-718f-4348-85c5-a017f2c0cb69,855f6626-9765-4cca-9593-2ca2a2aa6aeb,true,
68cf545e-718f-4348-85c5-a017f2c0cb69,784056e9-bee6-4676-a01f-b10b1c051c4d,true,
68cf545e-718f-4348-85c5-a017f2c0cb69,0a45a946-c11a-4780-8085-08a454bf147c,true,
68cf545e-718f-4348-85c5-a017f2c0cb69,95811825-aaec-4f9e-af53-84f2cc1e2ceb,true,
68cf545e-718f-4348-85c5-a017f2c0cb69,1596ac36-e3d0-4f0f-9692-1854ef9e7887,true,
68cf545e-718f-4348-85c5-a017f2c0cb69,625fb5c3-c1e7-4fd2-beb4-db5a10e45e24,true,
68cf545e-718f-4348-85c5-a017f2c0cb69,9ce2c9f1-ca92-46eb-b3a2-c524f1295a34,true,
68cf545e-718f-4348-85c5-a017f2c0cb69,168dac8f-4d6b-453e-be63-a7c74250b797,true,
68cf545e-718f-4348-85c5-a017f2c0cb69,b72f70a5-fe92-4826-b01e-edb46892c4b9,true,
68cf545e-718f-4348-85c5-a017f2c0cb69,e96fcdcf-7f6b-4f50-a1ee-03fe0de72bfc,true,
68cf545e-718f-4348-85c5-a017f2c0cb69,b0441356-e107-4d67-86c3-810a17e6064f,true,
68cf545e-718f-4348-85c5-a017f2c0cb69,b72b8ba1-b952-4bf2-96eb-cbb7b1d06cad,true,
68cf545e-718f-4348-85c5-a017f2c0cb69,bb13733b-6a8b-4d1b-8949-5364c99647bd,true,
68cf545e-718f-4348-85c5-a017f2c0cb69,4b8e88dd-bf85-44f4-a542-593881dcd474,true,
68cf545e-718f-4348-85c5-a017f2c0cb69,7ab096b1-2ffe-42e7-a09d-8c0ebdca40e2,true,
68cf545e-718f-4348-85c5-a017f2c0cb69,9cbc5e50-10a4-4170-9a97-35f1275f1c41,true,
68cf545e-718f-4348-85c5-a017f2c0cb69,522f5ffe-e04f-40dc-94ed-ab895d175d85,true,
30d975ce-62bc-4df4-a7c2-039803701a2c,889810c5-9492-4413-a628-dbd39b0f6f4f,true,
30d975ce-62bc-4df4-a7c2-039803701a2c,72194f86-6679-4c49-83b7-c6888f95f535,true,
30d975ce-62bc-4df4-a7c2-039803701a2c,31e2b6ae-0cc2-4531-8dcb-84b57ef4a2dd,false,[NO_5XX] Unexpected 5XX response: 504
30d975ce-62bc-4df4-a7c2-039803701a2c,2039ba2a-4d65-47d4-af02-f7835a18e8fa,true,
30d975ce-62bc-4df4-a7c2-039803701a2c,880cd4bd-ec29-4f39-9e52-279be9825e15,true,
30d975ce-62bc-4df4-a7c2-039803701a2c,09567e5d-f21e-4330-b602-17384b971b00,true,
30d975ce-62bc-4df4-a7c2-039803701a2c,d157f606-9b41-472a-a7d1-cfb245d4aa91,true,
30d975ce-62bc-4df4-a7c2-039803701a2c,19c7cada-e9a6-4b4c-8234-ace79209c862,true,
639e142a-06a7-47b9-84c0-d7b6b841adae,c2eab4a4-0e40-4e5c-a78c-769ce06dabf8,true,
639e142a-06a7-47b9-84c0-d7b6b841adae,1a35c165-ea17-48d3-90b0-d5094b058f8d,true,
639e142a-06a7-47b9-84c0-d7b6b841adae,f305419d-7883-4e6f-98fd-aa6eba9fb44c,false,[NO_5XX] Unexpected 5XX response: 502
639e142a-06a7-47b9-84c0-d7b6b841adae,d852689d-5fac-45a1-9f13-bdcd71621b80,true,
639e142a-06a7-47b9-84c0-d7b6b841adae,37b85f01-7196-4d97-ae9a-925341def0ae,true,
639e142a-06a7-47b9-84c0-d7b6b841adae,4f68f55c-1cc6-415b-9b92-02b13b225c66,true,
639e142a-06a7-47b9-84c0-d7b6b841adae,1cedca00-13ef-464f-ba99-c778b0ac4d29,true,
639e142a-06a7-47b9-84c0-d7b6b841adae,85a2ee5a-2d7d-4307-a485-3f7e72fa6b49,true,
75afd56a-5b5b-4a34-9ded-a3ae8b488fe8,541ce45a-9d17-4e6f-86c3-1d44a20aae00,true,
75afd56a-5b5b-4a34-9ded-a3ae8b488fe8,62278ba3-1cb9-43b7-a396-2a6e4867af38,true,
75afd56a-5b5b-4a34-9ded-a3ae8b488fe8,27058226-7609-44ae-995d-8fbbc9d29193,false,[NO_5XX] Unexpected 5XX response: 501
75afd56a-5b5b-4a34-9ded-a3ae8b488fe8,2b4faf52-6010-4f89-97eb-80747d2f15fa,true,
75afd56a-5b5b-4a34-9ded-a3ae8b488fe8,934059b4-f10e-4ac7-bd91-0003afbb84e8,true,
75afd56a-5b5b-4a34-9ded-a3ae8b488fe8,5b51d1e5-f1df-4557-9e11-45d65b1a2271,true,
75afd56a-5b5b-4a34-9ded-a3ae8b488fe8,2100bd31-9c8c-47e9-93aa-7628f8224c70,true,
75afd56a-5b5b-4a34-9ded-a3ae8b488fe8,cb669983-ef54-4d0d-bd5d-6a48204ed4f9,true,
1f016383-0027-44a8-968a-f97b486939d6,5e731237-fb80-42ca-b1f0-6d21f4334505,true,
1f016383-0027-44a8-968a-f97b486939d6,cf720b9d-85fb-41dc-b1eb-4fd8889d05ae,true,
1f016383-0027-44a8-968a-f97b486939d6,9cef283e-ec60-4f3d-86f3-c9dd6523731a,false,[NO_5XX] Unexpected 5XX response: 503
1f016383-0027-44a8-968a-f97b486939d6,6abbf609-b12b-4773-a31f-db01c652c4fb,true,
1f016383-0027-44a8-968a-f97b486939d6,c707344c-6243-4931-93a9-0716dff648f0,true,
1f016383-0027-44a8-968a-f97b486939d6,198d5e03-dd83-43f2-aae4-ce394764b786,true,
1f016383-0027-44a8-968a-f97b486939d6,9952d75c-fb68-4858-9390-68035ad4a7bb,true,
1f016383-0027-44a8-968a-f97b486939d6,5705f87c-55ee-4f4a-bdb2-c8fcb1527794,true,
b8b66d8d-71d8-460e-a8d3-3d2a8756aeff,78294605-12c2-4934-b4c2-4c0b189156af,true,
b8b66d8d-71d8-460e-a8d3-3d2a8756aeff,1ebef110-401a-4b9c-a0bb-2f631b98dbe6,true,
b8b66d8d-71d8-460e-a8d3-3d2a8756aeff,eaa3f6f6-8a19-44ba-bbee-5f5e6bdd3853,false,[NO_5XX] Unexpected 5XX response: 502
b8b66d8d-71d8-460e-a8d3-3d2a8756aeff,47adb7fc-8395-4937-ae94-92f9a5c8bcaa,true,
b8b66d8d-71d8-460e-a8d3-3d2a8756aeff,9e0a3e0a-21f8-4097-bc61-d3b2a93978d0,true,
b8b66d8d-71d8-460e-a8d3-3d2a8756aeff,69148f3e-ae40-48fe-9117-92c4642469b1,true,
b8b66d8d-71d8-460e-a8d3-3d2a8756aeff,84f04747-4275-4f70-a333-e337146b1323,true,
b8b66d8d-71d8-460e-a8d3-3d2a8756aeff,f7c2263c-9f62-4f07-ab4c-b1f81d337043,true,
f0a9d9db-49c6-4357-947a-05af2fcd94e1,4878a709-e355-4995-a02c-ebe8efdd8698,true,
f0a9d9db-49c6-4357-947a-05af2fcd94e1,0a6f7bb3-d40f-484a-b455-ffe2d774dc89,true,
f0a9d9db-49c6-4357-947a-05af2fcd94e1,1c99787f-b847-4fcf-9f43-2e25040416de,false,[NO_5XX] Unexpected 5XX response: 501
f0a9d9db-49c6-4357-947a-05af2fcd94e1,60b0657a-dc07-4d7a-a6c8-a7688afc4285,true,
f0a9d9db-49c6-4357-947a-05af2fcd94e1,c3b65fc8-8783-4166-8353-db890e4ef13f,true,
f0a9d9db-49c6-4357-947a-05af2fcd94e1,821d3bef-bbbd-4d26-b2a7-0627aed09eee,true,
f0a9d9db-49c6-4357-947a-05af2fcd94e1,9ff61f50-5cf9-4862-8a26-a5d19e12ab08,true,
f0a9d9db-49c6-4357-947a-05af2fcd94e1,0929ef37-d3aa-4676-81c4-c14699b184c8,true,
3bea589a-e268-4d79-8a0b-d7c9ba927eae,d3002431-1004-4952-bc85-4b306667ca5b,true,
3bea589a-e268-4d79-8a0b-d7c9ba927eae,938d3ea8-76c4-4747-9a1e-950aeb5d4266,true,
3bea589a-e268-4d79-8a0b-d7c9ba927eae,5b327ae7-f578-40c0-a1bf-feb804f45e0a,false,[NO_5XX] Unexpected 5XX response: 501
3bea589a-e268-4d79-8a0b-d7c9ba927eae,9255545d-1a14-421b-a83f-0e58ca4badc9,true,
3bea589a-e268-4d79-8a0b-d7c9ba927eae,034e79a3-cfdb-4488-9513-96d5f1d1888c,true,
3bea589a-e268-4d79-8a0b-d7c9ba927eae,9dd6ad97-3739-4979-8175-6b2a849f79fb,true,
3bea589a-e268-4d79-8a0b-d7c9ba927eae,7b3be232-8df8-4212-a82e-946937c2d5a3,true,
3bea589a-e268-4d79-8a0b-d7c9ba927eae,b9a05c0c-bf7b-4935-a24c-0bef0a96cdd5,true,
e6ece50d-0b07-4ef6-8b83-d77a498071f3,3badb69e-29cc-4784-9be2-919f8e12f0f4,true,
e6ece50d-0b07-4ef6-8b83-d77a498071f3,7bab518f-675c-417d-a350-2a84b87cdfb6,true,
e6ece50d-0b07-4ef6-8b83-d77a498071f3,fc7e8ef0-c545-4876-98b8-90880ef538a9,false,[NO_5XX] Unexpected 5XX response: 501
e6ece50d-0b07-4ef6-8b83-d77a498071f3,bec1ee02-4038-4abb-9d76-b3876ec525f1,true,
e6ece50d-0b07-4ef6-8b83-d77a498071f3,92f8781e-5e50-4340-a67c-97388ef50c84,true,
e6ece50d-0b07-4ef6-8b83-d77a498071f3,b117945a-6de3-473b-95d2-cfa3332b530c,true,
e6ece50d-0b07-4ef6-8b83-d77a498071f3,9ff8d1c5-abee-4fa4-a6ec-aec7a7f458d5,true,
e6ece50d-0b07-4ef6-8b83-d77a498071f3,5902e15c-964d-4f4d-ab7f-fcede9c8e55a,true,
e21cb154-cb0b-4023-b571-ce309cd634a1,2f7882be-08b7-4ca6-8bf4-61409e8b6d37,true,
e21cb154-cb0b-4023-b571-ce309cd634a1,05dee410-8eca-4bf8-9e73-c747469b1214,true,
e21cb154-cb0b-4023-b571-ce309cd634a1,e1661bad-8b3f-4af2-9673-d2ed54e55953,false,[NO_5XX] Unexpected 5XX response: 504
e21cb154-cb0b-4023-b571-ce309cd634a1,3348001e-e484-4c60-9cc6-3f43c10b4765,true,
e21cb154-cb0b-4023-b571-ce309cd634a1,8d78e9d3-9148-4e7e-90cd-88df41509457,true,
e21cb154-cb0b-4023-b571-ce309cd634a1,fd0c3b73-f526-4bf4-b963-ed575ff2ed54,true,
e21cb154-cb0b-4023-b571-ce309cd634a1,84f99dfe-9614-4ac3-a526-17a2b27d0cf4,true,
e21cb154-cb0b-4023-b571-ce309cd634a1,f593a08f-6fc5-4ea3-9d99-449039790a86,true,
f0097827-5a4a-468c-82bf-92b042e4dc95,42a6b8a9-6e9b-48e9-96bd-588e391cbfe5,true,
f0097827-5a4a-468c-82bf-92b042e4dc95,c54794a8-fcdc-4137-aac0-174e6f61912f,true,
f0097827-5a4a-468c-82bf-92b042e4dc95,3374e973-bbb9-47df-a561-4de8cd4ff9ef,false,[NO_5XX] Unexpected 5XX response: 503
f0097827-5a4a-468c-82bf-92b042e4dc95,c70490c0-966c-47cd-9e35-0e1632ed62f9,true,
f0097827-5a4a-468c-82bf-92b042e4dc95,434b0236-045a-4677-8c77-c11b2723b005,true,
f0097827-5a4a-468c-82bf-92b042e4dc95,30b005c5-c280-465b-9a3a-66db81649014,true,
f0097827-5a4a-468c-82bf-92b042e4dc95,cfc0d575-a7e8-4779-b708-dd8272897267,true,
f0097827-5a4a-468c-82bf-92b042e4dc95,55e9b2c8-4cac-4efd-b3ad-d279caee0135,true,
38efe5e4-1738-44d4-9bc1-235b8b20724a,f69e52aa-3897-444b-baaa-56f2dbf6fa25,true,
38efe5e4-1738-44d4-9bc1-235b8b20724a,ad2565e4-1118-47cf-8523-4e5c45a2241a,true,
38efe5e4-1738-44d4-9bc1-235b8b20724a,53fada02-738e-47c0-b9a1-d01622d3eff3,false,[NO_5XX] Unexpected 5XX response: 504
38efe5e4-1738-44d4-9bc1-235b8b20724a,2296c283-64f2-48a1-bb8a-48939730af77,true,
38efe5e4-1738-44d4-9bc1-235b8b20724a,72f03e1e-8b6f-45e3-8a94-7de2750b4d75,true,
38efe5e4-1738-44d4-9bc1-235b8b20724a,14343821-f944-43b6-a20e-968707b22eb7,true,
38efe5e4-1738-44d4-9bc1-235b8b20724a,4f9989cd-fc74-4cd3-b541-12750d818daa,true,
38efe5e4-1738-44d4-9bc1-235b8b20724a,8e8b3ee9-7d33-4fa2-9ae0-f7c48713c7fc,true,
38efe5e4-1738-44d4-9bc1-235b8b20724a,a9897c66-288a-427c-bebb-179d9aafc640,true,
38efe5e4-1738-44d4-9bc1-235b8b20724a,76324862-cf0a-4396-8271-e6e6fc6cf62a,true,
38efe5e4-1738-44d4-9bc1-235b8b20724a,4074c488-1fdf-440b-a000-1d61d2a343cc,true,
38efe5e4-1738-44d4-9bc1-235b8b20724a,95983da1-0f3a-4d0e-ae0b-c25a479f78e4,true,
38efe5e4-1738-44d4-9bc1-235b8b20724a,d1a52add-f2c3-4eec-9c76-2ac918e0b010,true,
38efe5e4-1738-44d4-9bc1-235b8b20724a,fb0611fd-b53f-41d2-976c-1dd779a36c82,true,
38efe5e4-1738-44d4-9bc1-235b8b20724a,eaf126f5-3395-40b5-bc18-0e9deda2cf32,true,
38efe5e4-1738-44d4-9bc1-235b8b20724a,26e6632f-541e-4f48-8c08-779a516c1734,true,
38efe5e4-1738-44d4-9bc1-235b8b20724a,dca977a3-25da-45fd-98a2-47331e4b3f65,true,
38efe5e4-1738-44d4-9bc1-235b8b20724a,d127c880-dc4b-4867-bd98-ffce3297066e,true,
38efe5e4-1738-44d4-9bc1-235b8b20724a,a298105d-cd0d-463f-86f6-841b5ce1d663,true,
38efe5e4-1738-44d4-9bc1-235b8b20724a,e5de78ef-78db-47d9-94e4-9a739fcec396,true,
38efe5e4-1738-44d4-9bc1-235b8b20724a,dfb74c2b-9434-4491-90ef-0456dd10c7a4,true,
38efe5e4-1738-44d4-9bc1-235b8b20724a,db7f1777-fc59-4cc3-8c3d-90a86d79e3c6,true,
38efe5e4-1738-44d4-9bc1-235b8b20724a,656a1ce6-f7f6-4390-86d9-c6d77bfb5431,true,
38efe5e4-1738-44d4-9bc1-235b8b20724a,3f23daaa-f96b-448d-bf05-c3f2bf0c02f3,true,
38efe5e4-1738-44d4-9bc1-235b8b20724a,527d4f01-033a-49af-994f-731e532c9f98,true,
38efe5e4-1738-44d4-9bc1-235b8b20724a,924175db-d893-491d-96d7-4b4fcb6b4232,true,
38efe5e4-1738-44d4-9bc1-235b8b20724a,5ecdcc4e-68f4-42a5-a290-1d7943205724,true,
38efe5e4-1738-44d4-9bc1-235b8b20724a,59284c68-7b63-4dfc-94a8-4bb873c96113,true,
38efe5e4-1738-44d4-9bc1-235b8b20724a,ef8bb9aa-a4f7-461e-a14e-ee448e419b9a,true,
38efe5e4-1738-44d4-9bc1-235b8b20724a,95be6c70-3348-4d38-867d-6985d545dba2,true,
38efe5e4-1738-44d4-9bc1-235b8b20724a,e56c80a6-aae4-4052-9209-81fc9793aca0,true,
38efe5e4-1738-44d4-9bc1-235b8b20724a,b4227126-e648-46ae-bb71-64cff271ebc8,true,
38efe5e4-1738-44d4-9bc1-235b8b20724a,904de3ec-fc47-4d66-b030-c2d2866515a8,true,
38efe5e4-1738-44d4-9bc1-235b8b20724a,bea83ac1-808f-4196-a190-b492272766b2,true,
38efe5e4-1738-44d4-9bc1-235b8b20724a,dd13d082-f284-4441-be92-aa737c8a61b9,true,
38efe5e4-1738-44d4-9bc1-235b8b20724a,88068ede-7546-4eca-91ef-4425b03ffa37,true,
38efe5e4-1738-44d4-9bc1-235b8b20724a,aa2e9ec9-0c8f-4de3-add5-f2d9daa3b4d8,true,
38efe5e4-1738-44d4-9bc1-235b8b20724a,ca5d2eca-8921-40b6-9d86-e26169de136b,true,
38efe5e4-1738-44d4-9bc1-235b8b20724a,d5d2c66c-6852-4877-bcce-57f0045e858a,true,
38efe5e4-1738-44d4-9bc1-235b8b20724a,31bb39cd-6729-48d9-abd4-3c44d0fe2792,true,
38efe5e4-1738-44d4-9bc1-235b8b20724a,45cc3e2a-f0ec-44a2-a615-73bceb1ba71d,true,
38efe5e4-1738-44d4-9bc1-235b8b20724a,b7a3d619-a284-4d10-8c5a-6a380ed44d3c,true,
38efe5e4-1738-44d4-9bc1-235b8b20724a,d5b662e8-eb33-4f2f-92a2-b7e0e3cb938d,true,
38efe5e4-1738-44d4-9bc1-235b8b20724a,1aea2d5b-89a5-40eb-a0f2-6e61d33369e5,true,
38efe5e4-1738-44d4-9bc1-235b8b20724a,bbf84259-4f69-4d7e-bca7-d993863cea9d,true,
38efe5e4-1738-44d4-9bc1-235b8b20724a,cf51fcd0-5995-4c37-93a1-4bbaceb0d8d7,true,
38efe5e4-1738-44d4-9bc1-235b8b20724a,adf850e3-9ff1-4713-8422-3e1d783a43b8,true,
38efe5e4-1738-44d4-9bc1-235b8b20724a,59608b09-f15b-4a8b-8a98-ec91bf7c52cd,true,
38efe5e4-1738-44d4-9bc1-235b8b20724a,9b32ad4b-2c1c-457b-8f67-cdb5deefc90b,true,
38efe5e4-1738-44d4-9bc1-235b8b20724a,3a96fdf5-d206-4ddd-9115-b7aa617b0a57,true,
38efe5e4-1738-44d4-9bc1-235b8b20724a,4d023636-5cd5-417c-93a0-49d4cc85187d,true,
38efe5e4-1738-44d4-9bc1-235b8b20724a,44868e68-ef7a-4c48-8ac0-7fba7fe4b1c1,true,
38efe5e4-1738-44d4-9bc1-235b8b20724a,dffadda0-34a3-44ac-942a-d0564df43396,true,
38efe5e4-1738-44d4-9bc1-235b8b20724a,e2eed529-cc60-4739-aa83-96c6d3c7629f,true,
38efe5e4-1738-44d4-9bc1-235b8b20724a,e50d8d8c-f68d-492b-b319-e350758de822,true,
38efe5e4-1738-44d4-9bc1-235b8b20724a,67d81914-dc98-4563-9f33-9bf63407fd1f,true,
38efe5e4-1738-44d4-9bc1-235b8b20724a,ab4b987c-063b-492e-83c2-3d7341fe3a88,true,
38efe5e4-1738-44d4-9bc1-235b8b20724a,d1edac7e-0ac0-4ef9-b5fa-f0a116b334db,true,
73f3f7f2-572b-49c5-bc61-fddc79cdfee6,a8e0e9a2-17c6-402c-9f9b-87995ae0eadd,true,
73f3f7f2-572b-49c5-bc61-fddc79cdfee6,1609560b-9cfc-486f-a76c-1c9859adf27a,true,
73f3f7f2-572b-49c5-bc61-fddc79cdfee6,1782b160-e00a-419d-b077-a5bc979bc273,false,[NO_5XX] Unexpected 5XX response: 501
73f3f7f2-572b-49c5-bc61-fddc79cdfee6,1ed8b2ce-0262-4097-9167-4b84c4a7a1c6,true,
73f3f7f2-572b-49c5-bc61-fddc79cdfee6,4aa0c7a7-b04f-4e9a-9edd-6fef6f9a9414,true,
73f3f7f2-572b-49c5-bc61-fddc79cdfee6,80d07ea0-fa3b-4553-ac81-370e0cf81ec8,true,
73f3f7f2-572b-49c5-bc61-fddc79cdfee6,371d6b58-2c94-4892-94c3-1a5f2cccf53d,true,
73f3f7f2-572b-49c5-bc61-fddc79cdfee6,38e292cc-9d6b-42f4-9193-b8c1c930f640,true,
73f3f7f2-572b-49c5-bc61-fddc79cdfee6,c1941653-b0f8-4f47-bf1d-b78c719655d5,true,
73f3f7f2-572b-49c5-bc61-fddc79cdfee6,2ced7afc-ca77-4427-8936-09affb489149,true,
73f3f7f2-572b-49c5-bc61-fddc79cdfee6,ba2b2ee1-fa4b-4f04-8d45-dec027a6db8f,true,
73f3f7f2-572b-49c5-bc61-fddc79cdfee6,4599f745-df12-4767-a93c-5e16a2c0f773,true,
73f3f7f2-572b-49c5-bc61-fddc79cdfee6,0581501a-9853-44e3-b2ac-ec57742170f6,true,
73f3f7f2-572b-49c5-bc61-fddc79cdfee6,3ee2eea4-da79-4efd-9e2e-bb9c86554cee,true,
73f3f7f2-572b-49c5-bc61-fddc79cdfee6,74581ec6-f0e7-4868-81d0-694905341c16,true,
73f3f7f2-572b-49c5-bc61-fddc79cdfee6,7880c97a-3c5f-4ed1-bb2a-1c2c1d6d6455,true,
73f3f7f2-572b-49c5-bc61-fddc79cdfee6,752941a6-8936-4116-960f-f7441bdfc67f,true,
73f3f7f2-572b-49c5-bc61-fddc79cdfee6,b2a380c4-6826-4038-a8bc-73ece9c80f95,true,
73f3f7f2-572b-49c5-bc61-fddc79cdfee6,070acdfd-6a77-45ca-a251-dd180464dbfd,true,
73f3f7f2-572b-49c5-bc61-fddc79cdfee6,ac0039f8-cd53-41dc-80c8-acacd7aae1cf,true,
73f3f7f2-572b-49c5-bc61-fddc79cdfee6,b80c1ab9-cccd-4b27-9851-9c6a24df6855,true,
73f3f7f2-572b-49c5-bc61-fddc79cdfee6,93ae4dbc-38af-4125-90ab-314507a895fa,true,
73f3f7f2-572b-49c5-bc61-fddc79cdfee6,4b53ec89-953b-4983-8ec9-1c3c49eb9d34,true,
73f3f7f2-572b-49c5-bc61-fddc79cdfee6,dc79a184-3e6d-450e-8ef3-4b594cdeb573,true,
73f3f7f2-572b-49c5-bc61-fddc79cdfee6,d95199f0-125e-4fe6-b602-8cb6348d1091,true,
73f3f7f2-572b-49c5-bc61-fddc79cdfee6,3a94d140-51b6-4ae6-a740-1cf2f23fb416,true,
73f3f7f2-572b-49c5-bc61-fddc79cdfee6,0c39ab34-5d86-4c73-be7d-25e5690163c3,true,
73f3f7f2-572b-49c5-bc61-fddc79cdfee6,1e0f0df5-6357-4342-9ef5-5b5919c1c0c2,true,
73f3f7f2-572b-49c5-bc61-fddc79cdfee6,e1e7eb29-0a19-4624-bbc3-38e4d16424e3,true,
73f3f7f2-572b-49c5-bc61-fddc79cdfee6,af8075e2-a5a1-44d6-a6e4-8db53b07b944,true,
73f3f7f2-572b-49c5-bc61-fddc79cdfee6,0d646ae0-aba4-4acd-b53c-1c1308cd1190,true,
73f3f7f2-572b-49c5-bc61-fddc79cdfee6,c2e5af6a-676b-4b1c-962d-3b435a2ee188,true,
73f3f7f2-572b-49c5-bc61-fddc79cdfee6,c6b5cde1-9737-4852-8169-1798aaf94f4e,true,
73f3f7f2-572b-49c5-bc61-fddc79cdfee6,0ad573af-cc8c-416c-b7e0-715c02cbd5c0,true,
73f3f7f2-572b-49c5-bc61-fddc79cdfee6,a4141b13-d9fa-4fac-9a3e-a369eac0fb66,true,
73f3f7f2-572b-49c5-bc61-fddc79cdfee6,236f8a4f-388f-47ec-83af-b95d6bbb061d,true,
73f3f7f2-572b-49c5-bc61-fddc79cdfee6,e4a4a017-4cda-4138-8d80-455c4d231906,true,
73f3f7f2-572b-49c5-bc61-fddc79cdfee6,7c7d7575-1098-4290-978f-6b3915bdce2b,true,
73f3f7f2-572b-49c5-bc61-fddc79cdfee6,59ed8a94-96bc-4f83-b355-fa8af5170683,true,
73f3f7f2-572b-49c5-bc61-fddc79cdfee6,80752af4-d8e2-4ec2-932a-da30231febdc,true,
73f3f7f2-572b-49c5-bc61-fddc79cdfee6,6e29e330-d9f4-47ea-9efc-7a6cbb8f4947,true,
73f3f7f2-572b-49c5-bc61-fddc79cdfee6,8277931b-e470-4ba3-babe-e77fdb88dda7,true,
73f3f7f2-572b-49c5-bc61-fddc79cdfee6,34fee489-c7dd-4e56-ad5e-19a35a8780ad,true,
73f3f7f2-572b-49c5-bc61-fddc79cdfee6,8fd64456-ac45-4220-a8f0-3df30e3f3504,true,
73f3f7f2-572b-49c5-bc61-fddc79cdfee6,68888de4-c63f-4367-be5d-521c89860002,true,
73f3f7f2-572b-49c5-bc61-fddc79cdfee6,a1042a7f-498f-4927-9ead-8200a0f8c674,true,
73f3f7f2-572b-49c5-bc61-fddc79cdfee6,9f457e61-70d6-45ed-af1d-d7ca30b91b61,true,
73f3f7f2-572b-49c5-bc61-fddc79cdfee6,4944a609-8450-4e9d-89a3-961e615b40a1,true,
73f3f7f2-572b-49c5-bc61-fddc79cdfee6,829e99eb-76d3-4215-b407-a4e30575842c,true,
73f3f7f2-572b-49c5-bc61-fddc79cdfee6,3d158611-9135-4673-83d9-af5a0fe041c3,true,
73f3f7f2-572b-49c5-bc61-fddc79cdfee6,12ae315f-f339-4023-8772-34014836184c,true,
73f3f7f2-572b-49c5-bc61-fddc79cdfee6,d35e7960-9f3a-4a93-9a0b-88d871be5e1a,true,
73f3f7f2-572b-49c5-bc61-fddc79cdfee6,1f0a92de-8128-4899-9cb9-93e49eee29b3,true,
73f3f7f2-572b-49c5-bc61-fddc79cdfee6,ee341d36-008d-4179-ac8f-f93ccb93e4c1,true,
73f3f7f2-572b-49c5-bc61-fddc79cdfee6,821da29c-3c44-43b0-ba66-66ac043c1bb6,true,
73f3f7f2-572b-49c5-bc61-fddc79cdfee6,3a2a56b1-c41e-4ec5-a7ef-b5604893b857,true,
73f3f7f2-572b-49c5-bc61-fddc79cdfee6,97faf0b4-dc9e-494f-82f0-60d3427d507d,true,
73f3f7f2-572b-49c5-bc61-fddc79cdfee6,31f86bef-2bac-4fa1-b223-f227bc3647ef,true,
73f3f7f2-572b-49c5-bc61-fddc79cdfee6,cb5820e2-d234-48d3-96dd-3b60800224e2,true,
73f3f7f2-572b-49c5-bc61-fddc79cdfee6,bdaab19e-61ed-4f35-b7d8-58a6703c5d9f,true,
73f3f7f2-572b-49c5-bc61-fddc79cdfee6,e0c4994a-0563-4239-bccc-ed3f90177738,true,
73f3f7f2-572b-49c5-bc61-fddc79cdfee6,861d26c5-cd5a-4f78-b4da-fe6224d98115,true,
73f3f7f2-572b-49c5-bc61-fddc79cdfee6,c10e896c-f3cf-454f-966d-30c0da07450d,true,
73f3f7f2-572b-49c5-bc61-fddc79cdfee6,ed852faa-52b1-495c-bbee-9f5eca48c908,true,
73f3f7f2-572b-49c5-bc61-fddc79cdfee6,edeac827-32e6-469c-9f54-c4cf4112dffe,true,
73f3f7f2-572b-49c5-bc61-fddc79cdfee6,242374b0-8339-486c-b648-8b85edcfb316,true,
73f3f7f2-572b-49c5-bc61-fddc79cdfee6,838a8d93-ff18-43c8-85c2-bfd5ab360084,true,
73f3f7f2-572b-49c5-bc61-fddc79cdfee6,18d5d189-3a6c-4cc8-be4a-9c79d68e8552,true,
73f3f7f2-572b-49c5-bc61-fddc79cdfee6,1ad70e4b-ff99-4a7e-a868-4d5bee7e749f,true,
73f3f7f2-572b-49c5-bc61-fddc79cdfee6,06b14b68-c1f0-4ba5-8c5c-df372f3b047e,true,
73f3f7f2-572b-49c5-bc61-fddc79cdfee6,b81f3b89-f701-4e5c-bf40-6ce083ed13c8,true,
73f3f7f2-572b-49c5-bc61-fddc79cdfee6,ef30dd97-b59d-42ca-b225-76428b909c1f,true,
73f3f7f2-572b-49c5-bc61-fddc79cdfee6,ababb183-dc14-423c-adbe-da5772099488,true,
73f3f7f2-572b-49c5-bc61-fddc79cdfee6,7492d7fa-caa7-4df6-a29d-dd3458094600,true,
73f3f7f2-572b-49c5-bc61-fddc79cdfee6,66648470-0276-4e60-b811-9491ac9dfc04,true,
73f3f7f2-572b-49c5-bc61-fddc79cdfee6,1d4ddfff-a87d-4e49-94ce-6c59b5cd35d4,true,
73f3f7f2-572b-49c5-bc61-fddc79cdfee6,91e631f5-c5d7-4c96-a679-ec2682765cdf,true,
73f3f7f2-572b-49c5-bc61-fddc79cdfee6,1491378a-4acf-4fda-8663-6f56e2da7406,true,
73f3f7f2-572b-49c5-bc61-fddc79cdfee6,8e4c4bd4-0169-4367-b340-1a44307dec49,true,
73f3f7f2-572b-49c5-bc61-fddc79cdfee6,b81779c4-f20d-4834-a91a-263b5b9a2eae,true,
73f3f7f2-572b-49c5-bc61-fddc79cdfee6,022669f9-6fc0-4b9b-8135-e5fed00fb9d4,true,
73f3f7f2-572b-49c5-bc61-fddc79cdfee6,d92ca689-855c-481b-a1ca-18113c1ef0a9,true,
73f3f7f2-572b-49c5-bc61-fddc79cdfee6,f04a6b26-5f27-4ace-8ec9-e366e165496d,true,
73f3f7f2-572b-49c5-bc61-fddc79cdfee6,f407ac50-588f-4ed5-abeb-b3edeac2920d,true,
73f3f7f2-572b-49c5-bc61-fddc79cdfee6,3a6422a8-d721-4a46-9dba-2030802b54ac,true,
73f3f7f2-572b-49c5-bc61-fddc79cdfee6,834d3640-aef1-406d-aff4-b0bae2ebaee7,true,
73f3f7f2-572b-49c5-bc61-fddc79cdfee6,d3160f94-d661-4f85-8660-4336f5b69093,true,
73f3f7f2-572b-49c5-bc61-fddc79cdfee6,3c5a82ed-c4e4-40f5-8332-6601997d580a,true,
73f3f7f2-572b-49c5-bc61-fddc79cdfee6,d2aaaad0-edd8-43bb-9eb0-65f90a8ea898,true,
73f3f7f2-572b-49c5-bc61-fddc79cdfee6,67158864-8547-4279-a9a8-9fe434e79674,true,
73f3f7f2-572b-49c5-bc61-fddc79cdfee6,37aed0f1-a492-42d7-9583-01dcbe3fbb2a,true,
73f3f7f2-572b-49c5-bc61-fddc79cdfee6,6c161f88-d84a-4bad-ba15-622c9425f73e,true,
73f3f7f2-572b-49c5-bc61-fddc79cdfee6,bf1a5cc6-c5e5-4b7d-a7b7-07ff55382d77,true,
73f3f7f2-572b-49c5-bc61-fddc79cdfee6,feda2e18-9996-4598-9267-5dd2864a1d5e,true,
73f3f7f2-572b-49c5-bc61-fddc79cdfee6,dadab9da-b215-452c-87b0-210fd42b2a99,true,
73f3f7f2-572b-49c5-bc61-fddc79cdfee6,58cb64dc-1a5e-4cd6-9c6d-d42b78c3035a,true,
73f3f7f2-572b-49c5-bc61-fddc79cdfee6,12cba08c-14a4-4420-a89f-3c2b38f2344b,true,
73f3f7f2-572b-49c5-bc61-fddc79cdfee6,05a5ef41-054a-4dd3-8f15-76809b1930ee,true,
73f3f7f2-572b-49c5-bc61-fddc79cdfee6,84c01088-b897-4a20-a4d5-12faddd9f1e1,true,
73f3f7f2-572b-49c5-bc61-fddc79cdfee6,edc0a447-7234-46a2-8ace-467067912124,true,
73f3f7f2-572b-49c5-bc61-fddc79cdfee6,27fac965-394e-4d78-9791-72a4d59e90a0,true,
73f3f7f2-572b-49c5-bc61-fddc79cdfee6,0cc663d7-8b0a-4930-8d14-3ee57bd5d0e0,true,
73f3f7f2-572b-49c5-bc61-fddc79cdfee6,4adc630d-d70d-43c6-b9c8-39a857137c87,true,
73f3f7f2-572b-49c5-bc61-fddc79cdfee6,ed2bdf70-bd77-4d7f-94bd-365535de28ab,true,
73f3f7f2-572b-49c5-bc61-fddc79cdfee6,fc489f46-acd4-49d9-91ea-99b71d1018b4,true,
73f3f7f2-572b-49c5-bc61-fddc79cdfee6,b52bdbc2-211c-4e28-abed-06944fb6ef37,true,
73f3f7f2-572b-49c5-bc61-fddc79cdfee6,ac6dc9e0-1da4-4e7a-9647-ddc4947a06ea,true,
73f3f7f2-572b-49c5-bc61-fddc79cdfee6,d4ecdaab-8b5e-4743-81de-c151a48b43ec,true,
73f3f7f2-572b-49c5-bc61-fddc79cdfee6,4d040bce-4789-4781-b81c-16cbc2d13d1e,true,
73f3f7f2-572b-49c5-bc61-fddc79cdfee6,964eee56-992a-4ced-8edf-424c24f280f3,true,
73f3f7f2-572b-49c5-bc61-fddc79cdfee6,e6b12075-43a7-4aa7-80e5-52bf9cdc3de9,true,
73f3f7f2-572b-49c5-bc61-fddc79cdfee6,5486b2af-84ce-4954-b174-efe352fcf90d,true,
73f3f7f2-572b-49c5-bc61-fddc79cdfee6,fed5aa97-4dc7-4cea-9fb5-2d4249613bf9,true,
73f3f7f2-572b-49c5-bc61-fddc79cdfee6,3f0b50a2-a5ba-4d02-b998-3047cd317b16,true,
73f3f7f2-572b-49c5-bc61-fddc79cdfee6,f7e601dd-44a6-4237-8c45-6a132668f6f9,true,
73f3f7f2-572b-49c5-bc61-fddc79cdfee6,956c7ce8-c4f5-45a2-b5e2-c11ac918c471,true,
73f3f7f2-572b-49c5-bc61-fddc79cdfee6,d71d9a64-3982-405c-8139-470dac1e87fd,true,
73f3f7f2-572b-49c5-bc61-fddc79cdfee6,e975aa49-9497-4e7d-8ac4-af9603fd12a2,true,
73f3f7f2-572b-49c5-bc61-fddc79cdfee6,ba608896-3996-4bf1-9f5c-a28b4e9bffc5,true,
73f3f7f2-572b-49c5-bc61-fddc79cdfee6,8abdae99-811c-4402-b88c-265134b8694b,true,
73f3f7f2-572b-49c5-bc61-fddc79cdfee6,e2dd6812-8cb8-4a7b-a9a7-bad2517785e4,true,
73f3f7f2-572b-49c5-bc61-fddc79cdfee6,a3ec81c3-8dff-4dca-905c-816716ac3037,true,
73f3f7f2-572b-49c5-bc61-fddc79cdfee6,15530c10-8a97-4ddf-9230-23f9770727c9,true,
73f3f7f2-572b-49c5-bc61-fddc79cdfee6,20472309-3ea3-4a50-b8df-faa2c10afb86,true,
73f3f7f2-572b-49c5-bc61-fddc79cdfee6,fbdf62e0-143c-49b9-965a-2a407f50a7ca,true,
73f3f7f2-572b-49c5-bc61-fddc79cdfee6,d13452c4-6323-49f5-b6db-dd55442f0647,true,
73f3f7f2-572b-49c5-bc61-fddc79cdfee6,8d7bfe18-1840-4e2e-b3d6-8209ae16d923,true,
73f3f7f2-572b-49c5-bc61-fddc79cdfee6,132a7b36-5722-4bba-b7d5-61cdf724cebb,true,
73f3f7f2-572b-49c5-bc61-fddc79cdfee6,92a7b7b6-8182-468e-91a5-1eed5c25899d,true,
73f3f7f2-572b-49c5-bc61-fddc79cdfee6,dc1e437f-834d-4830-9772-f721df58cc0c,true,
73f3f7f2-572b-49c5-bc61-fddc79cdfee6,bdaba8cb-703d-4a33-afe0-c85fd2376d81,true,
73f3f7f2-572b-49c5-bc61-fddc79cdfee6,c8ce0dcf-82a8-41c0-baf9-ec75c7934244,true,
73f3f7f2-572b-49c5-bc61-fddc79cdfee6,7d9edb34-4ac0-4e72-94a6-721ce7633244,true,
73f3f7f2-572b-49c5-bc61-fddc79cdfee6,9f83c38c-4fbe-4e32-bfc8-55622f2f5171,true,
73f3f7f2-572b-49c5-bc61-fddc79cdfee6,289e8d6b-72af-4955-9127-58aca168d0b0,true,
73f3f7f2-572b-49c5-bc61-fddc79cdfee6,0d064ff2-f9e0-43e2-92c8-92fb711b062a,true,
73f3f7f2-572b-49c5-bc61-fddc79cdfee6,f3c7cd2f-064f-45cd-a91e-34aa739ab661,true,
73f3f7f2-572b-49c5-bc61-fddc79cdfee6,25c5c98f-2d5c-4b27-93bb-68764aeae19f,true,
73f3f7f2-572b-49c5-bc61-fddc79cdfee6,a582b185-512a-4add-8b1e-14c68dcbe61b,true,
73f3f7f2-572b-49c5-bc61-fddc79cdfee6,41bdc8da-fee6-49f9-8ece-1a9f765d182a,true,
73f3f7f2-572b-49c5-bc61-fddc79cdfee6,0e34978d-5a6d-4247-a3f7-e78515a09e39,true,
73f3f7f2-572b-49c5-bc61-fddc79cdfee6,e32aaf8b-a3ed-4505-af73-448b26f9bf1d,true,
73f3f7f2-572b-49c5-bc61-fddc79cdfee6,045ab749-6630-4f16-84d5-c8fe1be642a5,true,
73f3f7f2-572b-49c5-bc61-fddc79cdfee6,cc167d88-f36f-4044-85c4-e4d3a80a9a4d,true,
73f3f7f2-572b-49c5-bc61-fddc79cdfee6,18ff09ec-db91-4c37-ae22-c1c2bf7e9e04,true,
73f3f7f2-572b-49c5-bc61-fddc79cdfee6,8e82a86b-0627-459f-8c40-233493a0b016,true,
73f3f7f2-572b-49c5-bc61-fddc79cdfee6,da3f8c11-be5c-43b5-b283-5443312290b6,true,
73f3f7f2-572b-49c5-bc61-fddc79cdfee6,4fd6839c-a96f-4954-bcf1-4b2fbaffd19b,true,
73f3f7f2-572b-49c5-bc61-fddc79cdfee6,d24ab73f-4d48-4bd3-81b7-87e4bae37016,true,
73f3f7f2-572b-49c5-bc61-fddc79cdfee6,2f380105-300b-4ece-985f-215d919a436c,true,
73f3f7f2-572b-49c5-bc61-fddc79cdfee6,ad6a2fde-ebc4-4294-94cf-c85b1796a613,true,
73f3f7f2-572b-49c5-bc61-fddc79cdfee6,ba345382-81e3-46de-abda-47ad056d6a9d,true,
73f3f7f2-572b-49c5-bc61-fddc79cdfee6,82c05a32-711b-4e39-b981-65003d8ba2c3,true,
73f3f7f2-572b-49c5-bc61-fddc79cdfee6,36ee4abe-41c2-45da-b6bb-c8b32e1af4ed,true,
73f3f7f2-572b-49c5-bc61-fddc79cdfee6,faf27701-500b-4ff2-8461-b02dcedd866d,true,
73f3f7f2-572b-49c5-bc61-fddc79cdfee6,90bdf323-99f5-4862-8054-b07690418dba,true,
73f3f7f2-572b-49c5-bc61-fddc79cdfee6,9d3d482a-29e8-4a83-904f-99d877e2e9d5,true,
73f3f7f2-572b-49c5-bc61-fddc79cdfee6,c0be51cc-0924-4f3f-b0ee-e3e4cc106c75,true,
73f3f7f2-572b-49c5-bc61-fddc79cdfee6,f03de88e-a9b0-486a-8a27-ac6aca10ae68,true,
73f3f7f2-572b-49c5-bc61-fddc79cdfee6,3a5d58d2-6aa0-4fc7-8552-8d8977547f9c,true,
73f3f7f2-572b-49c5-bc61-fddc79cdfee6,d2c8c388-3db8-4493-936e-14252d3fafcf,true,
73f3f7f2-572b-49c5-bc61-fddc79cdfee6,c9471690-ae8e-4c2f-b249-cb555f1618f6,true,
73f3f7f2-572b-49c5-bc61-fddc79cdfee6,bcd47082-2c18-4945-bf3c-9ebbdda3ef96,true,
73f3f7f2-572b-49c5-bc61-fddc79cdfee6,255e29cb-6353-474a-900d-7d710c7de2b7,true,
73f3f7f2-572b-49c5-bc61-fddc79cdfee6,6ea6d299-496f-41d0-a45c-b26890009b0e,true,
73f3f7f2-572b-49c5-bc61-fddc79cdfee6,f5e8b2dc-c384-4891-a42a-3ff9a6fd7291,true,
73f3f7f2-572b-49c5-bc61-fddc79cdfee6,9fcb4eda-84a4-41f8-b636-95aa70ee45af,true,
73f3f7f2-572b-49c5-bc61-fddc79cdfee6,85405d00-e6c0-4d3b-8693-0789b71baa5d,true,
73f3f7f2-572b-49c5-bc61-fddc79cdfee6,a75e9f94-0a21-4ce3-8fe8-f13b531badf8,true,
73f3f7f2-572b-49c5-bc61-fddc79cdfee6,6354c415-a419-403c-be9f-96b91ab42ca3,true,
73f3f7f2-572b-49c5-bc61-fddc79cdfee6,0109ef63-b8e1-450b-987f-7ab5a9187b3e,true,
73f3f7f2-572b-49c5-bc61-fddc79cdfee6,3b6d4d30-f16a-4c3a-8424-bfa543b338f9,true,
73f3f7f2-572b-49c5-bc61-fddc79cdfee6,f3b0d966-f0f5-44b2-9653-1b14b0291e18,true,
73f3f7f2-572b-49c5-bc61-fddc79cdfee6,ca0b5574-8a15-438b-b5a7-688ea80e68bc,true,
73f3f7f2-572b-49c5-bc61-fddc79cdfee6,67fc0907-03cc-47c4-b28b-d9836a335963,true,
73f3f7f2-572b-49c5-bc61-fddc79cdfee6,7b373857-9cd6-4e8e-93d0-94a2667a66d9,true,
73f3f7f2-572b-49c5-bc61-fddc79cdfee6,f904a48c-6f69-4ec1-a591-105a6a930a9c,true,
73f3f7f2-572b-49c5-bc61-fddc79cdfee6,3c090cb7-0491-4283-b2af-5b2f61c73606,true,
73f3f7f2-572b-49c5-bc61-fddc79cdfee6,86444e4d-38d1-4325-a538-7c7cc81af5dd,true,
73f3f7f2-572b-49c5-bc61-fddc79cdfee6,fa7a5385-27d2-4cd2-bf1f-7ffb38bc0387,true,
73f3f7f2-572b-49c5-bc61-fddc79cdfee6,0066cb7e-20bc-49a0-8588-b85e6059dad9,true,
73f3f7f2-572b-49c5-bc61-fddc79cdfee6,05a6a880-7697-4fe1-afc2-6ca8814d6c6e,true,
73f3f7f2-572b-49c5-bc61-fddc79cdfee6,f140ad06-0874-4579-8a14-b476a9f06e87,true,
73f3f7f2-572b-49c5-bc61-fddc79cdfee6,4c3d0d0f-fc14-42a0-aaa5-e58ced91cb52,true,
73f3f7f2-572b-49c5-bc61-fddc79cdfee6,2baddceb-ab2d-41ae-9c6f-7ffe0e67b3e9,true,
73f3f7f2-572b-49c5-bc61-fddc79cdfee6,ad45afe1-ec07-40f3-aab7-178eb63e517d,true,
73f3f7f2-572b-49c5-bc61-fddc79cdfee6,5abd18de-25a9-4d5f-964c-19020ba8fa2e,true,
73f3f7f2-572b-49c5-bc61-fddc79cdfee6,afc27ac1-3047-4338-80c9-d31b79a1ef0a,true,
73f3f7f2-572b-49c5-bc61-fddc79cdfee6,9b30e723-3b29-4100-ac5a-d0285fdc54a7,true,
73f3f7f2-572b-49c5-bc61-fddc79cdfee6,be83f59c-34cc-4f9d-af01-d1e62744e073,true,
73f3f7f2-572b-49c5-bc61-fddc79cdfee6,055900da-84b7-4a71-8b31-7ae2f2ebadba,true,
73f3f7f2-572b-49c5-bc61-fddc79cdfee6,c5112466-7aea-4bd3-9c3d-cfbce383904a,true,
73f3f7f2-572b-49c5-bc61-fddc79cdfee6,8d410ccf-2256-4a54-87b5-cc003afa2cc2,true,
73f3f7f2-572b-49c5-bc61-fddc79cdfee6,70fc80d5-908d-4593-b631-5d17618ca702,true,
73f3f7f2-572b-49c5-bc61-fddc79cdfee6,cbab3cd8-f037-4fb0-bf37-f970b570961c,true,
73f3f7f2-572b-49c5-bc61-fddc79cdfee6,f2956334-e0fc-409f-9c1d-d60224f832e9,true,
73f3f7f2-572b-49c5-bc61-fddc79cdfee6,2faf4208-334c-44c9-b2a8-6afbd45dff7c,true,
73f3f7f2-572b-49c5-bc61-fddc79cdfee6,63054ec1-c927-4f63-a19b-29ce9fca09b2,true,
73f3f7f2-572b-49c5-bc61-fddc79cdfee6,764fb6b6-bf95-438f-abac-46e50c18d4d1,true,
73f3f7f2-572b-49c5-bc61-fddc79cdfee6,ffe17edc-78f0-465b-b5f7-6e8995bde8f9,true,
73f3f7f2-572b-49c5-bc61-fddc79cdfee6,158aac08-5f92-4be1-aeee-563bf7e1879e,true,
73f3f7f2-572b-49c5-bc61-fddc79cdfee6,51f27405-bf41-4d07-80dc-4ff3a4e16726,true,
73f3f7f2-572b-49c5-bc61-fddc79cdfee6,f2a21aae-fb70-4bce-8b6e-095f2d5eb461,true,
73f3f7f2-572b-49c5-bc61-fddc79cdfee6,a3e2a2ce-7d75-40d7-bae6-17da32560b76,true,
73f3f7f2-572b-49c5-bc61-fddc79cdfee6,c4c5cf5d-f87c-4ccc-b61c-c82fe569da3c,true,
73f3f7f2-572b-49c5-bc61-fddc79cdfee6,96238dd4-5848-41cf-95bd-b14222522de9,true,
73f3f7f2-572b-49c5-bc61-fddc79cdfee6,54d43737-fc64-4a82-8dbc-cdcfacb41837,true,
73f3f7f2-572b-49c5-bc61-fddc79cdfee6,27ff7be0-1f1a-4f81-a8a0-53c7def08723,true,
73f3f7f2-572b-49c5-bc61-fddc79cdfee6,07375e49-7d62-4e4b-8ced-a740b4df2e7c,true,
73f3f7f2-572b-49c5-bc61-fddc79cdfee6,c26f9fc9-50f4-4694-bd99-498bcf2a4d4f,true,
73f3f7f2-572b-49c5-bc61-fddc79cdfee6,522ec8ee-f3be-4391-a0cf-94f6e490077e,true,
73f3f7f2-572b-49c5-bc61-fddc79cdfee6,3317b464-f3dc-4f59-86d7-43587780ba5c,true,
73f3f7f2-572b-49c5-bc61-fddc79cdfee6,d60d74f7-11fb-4d1d-acaf-0a807e5cad95,true,
73f3f7f2-572b-49c5-bc61-fddc79cdfee6,f0bf062a-9382-4ed3-b1db-5c9fb3e11ab0,true,
73f3f7f2-572b-49c5-bc61-fddc79cdfee6,74223214-be2c-4f2c-b98d-fe6af2fac794,true,
73f3f7f2-572b-49c5-bc61-fddc79cdfee6,9905712f-31a0-4ca4-8ccc-9ec47d0dccac,true,
73f3f7f2-572b-49c5-bc61-fddc79cdfee6,889918a0-d740-4d47-905f-7d399d599d12,true,
73f3f7f2-572b-49c5-bc61-fddc79cdfee6,ea2d47a4-4031-4658-aa61-beebbaabcd01,true,
73f3f7f2-572b-49c5-bc61-fddc79cdfee6,d7390f02-67de-49d9-aa6b-4913b4141a2f,true,
73f3f7f2-572b-49c5-bc61-fddc79cdfee6,c9ff75fe-4da8-4cdc-8724-be934388298d,true,
73f3f7f2-572b-49c5-bc61-fddc79cdfee6,a0fdef37-ea68-41a0-a039-fc9cd5bc0c0a,true,
73f3f7f2-572b-49c5-bc61-fddc79cdfee6,d7bc785b-2b7b-46ae-8b31-b4624b4caf22,true,
73f3f7f2-572b-49c5-bc61-fddc79cdfee6,0c80f9aa-295a-41db-87f3-246f89da1931,true,
73f3f7f2-572b-49c5-bc61-fddc79cdfee6,7b4b85b8-9d21-480d-a0bd-7900ebec6010,true,
73f3f7f2-572b-49c5-bc61-fddc79cdfee6,b7e21d90-07cb-4c46-840c-3a99e9a196f9,true,
73f3f7f2-572b-49c5-bc61-fddc79cdfee6,d26a7f5c-95c2-476b-97ec-941f8375cf04,true,
73f3f7f2-572b-49c5-bc61-fddc79cdfee6,31748c60-7f41-4e9c-ad31-cb29a0fa7d99,true,
73f3f7f2-572b-49c5-bc61-fddc79cdfee6,d3a51c7f-818d-4a16-b298-0828dcf83785,true,
73f3f7f2-572b-49c5-bc61-fddc79cdfee6,9dc166db-21b2-4959-b2d7-5625c7696297,true,
73f3f7f2-572b-49c5-bc61-fddc79cdfee6,013049f5-930f-4e34-971d-a1cc0321e9f9,true,
73f3f7f2-572b-49c5-bc61-fddc79cdfee6,e29104b8-1220-4bdb-ad5c-cca14c516397,true,
73f3f7f2-572b-49c5-bc61-fddc79cdfee6,75f98dd2-cb00-4add-833d-5b63392e4af6,true,
73f3f7f2-572b-49c5-bc61-fddc79cdfee6,384e04a2-f5f9-4023-816d-85362326e7a1,true,
73f3f7f2-572b-49c5-bc61-fddc79cdfee6,10ee67b0-00f2-4cad-9af8-9c0d39cf6239,true,
73f3f7f2-572b-49c5-bc61-fddc79cdfee6,411e95b9-c7b3-4bac-ae8b-8b66cca18ccb,true,
73f3f7f2-572b-49c5-bc61-fddc79cdfee6,86e889f9-bc7b-4b92-8e82-de4e219fd209,true,
73f3f7f2-572b-49c5-bc61-fddc79cdfee6,7cabb2e7-dedb-473d-9bab-386aad9fec4c,true,
73f3f7f2-572b-49c5-bc61-fddc79cdfee6,f9eef796-82f6-434e-be60-687b93d874df,true,
73f3f7f2-572b-49c5-bc61-fddc79cdfee6,651e2693-998e-493d-8f10-2ceba29b7605,true,
73f3f7f2-572b-49c5-bc61-fddc79cdfee6,92b722ad-f38b-4f7f-a3ba-25193d447279,true,
73f3f7f2-572b-49c5-bc61-fddc79cdfee6,6e90b5be-9c2c-4a63-8ae6-bd218fd389d0,true,
73f3f7f2-572b-49c5-bc61-fddc79cdfee6,699928ee-985b-4fdf-8886-22781433662c,true,
73f3f7f2-572b-49c5-bc61-fddc79cdfee6,75498828-cab7-4b98-8ee4-ba82dbe004b4,true,
73f3f7f2-572b-49c5-bc61-fddc79cdfee6,9510d2ff-27d9-4f2b-897e-3fa51fa1d9f3,true,
73f3f7f2-572b-49c5-bc61-fddc79cdfee6,3ebae4db-39fc-4f15-911a-2c5eeebb10ac,true,
73f3f7f2-572b-49c5-bc61-fddc79cdfee6,6ed60e9c-2793-4adb-8b7f-7b64e9eebf72,true,
73f3f7f2-572b-49c5-bc61-fddc79cdfee6,396572ef-9f9c-4443-b8e5-e5160d88065d,true,
73f3f7f2-572b-49c5-bc61-fddc79cdfee6,759f6fe3-787d-424d-83fe-dbc55247c24f,true,
73f3f7f2-572b-49c5-bc61-fddc79cdfee6,a8802a68-d18f-472e-8d7c-3e5b6c42175f,true,
73f3f7f2-572b-49c5-bc61-fddc79cdfee6,53f7e182-87f9-48c4-8a0c-3f307f41a390,true,
73f3f7f2-572b-49c5-bc61-fddc79cdfee6,496e9af9-633f-4a6c-bd19-feeb237719b5,true,
73f3f7f2-572b-49c5-bc61-fddc79cdfee6,039b4894-5f88-4e60-b71b-749ee61bf912,true,
73f3f7f2-572b-49c5-bc61-fddc79cdfee6,1c1f7a62-4a42-43d0-bf41-2a89380e5464,true,
73f3f7f2-572b-49c5-bc61-fddc79cdfee6,e1479869-4235-44de-b750-cbd355368247,true,
73f3f7f2-572b-49c5-bc61-fddc79cdfee6,f4370653-8af9-40f6-98e2-e5f34900c9e5,true,
73f3f7f2-572b-49c5-bc61-fddc79cdfee6,b63c57d7-05fd-409e-aa92-b133031c5cad,true,
73f3f7f2-572b-49c5-bc61-fddc79cdfee6,f30357b0-30e1-4b68-bdbd-4c97b5fa0f0d,true,
73f3f7f2-572b-49c5-bc61-fddc79cdfee6,dbc96ea3-3157-4b14-add2-394be18b6234,true,
73f3f7f2-572b-49c5-bc61-fddc79cdfee6,33fc8feb-f8c9-440f-9324-644c0d86d7d7,true,
73f3f7f2-572b-49c5-bc61-fddc79cdfee6,224091be-27fc-490a-968b-e2362cdd2d68,true,
73f3f7f2-572b-49c5-bc61-fddc79cdfee6,f3c28a83-2489-48b5-aa33-317b77121920,true,
73f3f7f2-572b-49c5-bc61-fddc79cdfee6,7f69bb9d-c50d-4133-9d40-5a0d84e6900a,true,
73f3f7f2-572b-49c5-bc61-fddc79cdfee6,96d86e19-f368-46db-bcca-f0cd3908a49b,true,
73f3f7f2-572b-49c5-bc61-fddc79cdfee6,2d10bdd9-2295-491a-8fc1-f2056a14c359,true,
73f3f7f2-572b-49c5-bc61-fddc79cdfee6,c35d737f-4862-4bfe-911d-b153f8d60a1a,true,
73f3f7f2-572b-49c5-bc61-fddc79cdfee6,c242f52f-81af-4f92-9cd4-34069b9979fb,true,
73f3f7f2-572b-49c5-bc61-fddc79cdfee6,a7f7d24e-bde1-4f2c-a76b-9d8fe07c6df3,true,
73f3f7f2-572b-49c5-bc61-fddc79cdfee6,5663af0e-bbf7-4235-9ae0-13c8914554c6,true,
73f3f7f2-572b-49c5-bc61-fddc79cdfee6,2d653e16-7ee0-4914-80cb-98536bb86d4c,true,
73f3f7f2-572b-49c5-bc61-fddc79cdfee6,1b022427-4117-40a0-b27a-1044487db05f,true,
73f3f7f2-572b-49c5-bc61-fddc79cdfee6,5e7be503-bc92-46a1-b0d0-67c4adbb294f,true,
73f3f7f2-572b-49c5-bc61-fddc79cdfee6,299b945f-be84-47b4-afad-3d44189ce01c,true,
73f3f7f2-572b-49c5-bc61-fddc79cdfee6,1d609ca0-c13f-4155-92e3-d733ecd6d585,true,
73f3f7f2-572b-49c5-bc61-fddc79cdfee6,fa0344a6-e76c-4948-9ff9-7f6daa5a75f7,true,
73f3f7f2-572b-49c5-bc61-fddc79cdfee6,1279471f-d130-4440-bc68-e385e6485855,true,
73f3f7f2-572b-49c5-bc61-fddc79cdfee6,1a038b96-974e-438c-9118-2df22f7393fe,true,
73f3f7f2-572b-49c5-bc61-fddc79cdfee6,a5edd6b1-c84b-4184-8a11-3cd5c120221b,true,
73f3f7f2-572b-49c5-bc61-fddc79cdfee6,3d2fa8ca-b1e7-4aab-ba85-d6396a4c83ea,true,
73f3f7f2-572b-49c5-bc61-fddc79cdfee6,d990f84d-1144-47d2-8d4c-27d1a4333be2,true,
73f3f7f2-572b-49c5-bc61-fddc79cdfee6,761fb7cf-f38a-4766-99b9-ada77c9e5a57,true,
73f3f7f2-572b-49c5-bc61-fddc79cdfee6,4049f609-f9d9-488f-9031-ad745dd0032e,true,
73f3f7f2-572b-49c5-bc61-fddc79cdfee6,9b204f0c-0350-47af-b463-acdb1b7b4103,true,
73f3f7f2-572b-49c5-bc61-fddc79cdfee6,042a7a73-3152-497d-8dc9-33af31bd5c9c,true,
73f3f7f2-572b-49c5-bc61-fddc79cdfee6,4d63859d-859a-4441-a762-c4dd3607d400,true,
73f3f7f2-572b-49c5-bc61-fddc79cdfee6,8b534bcb-83c1-4e2b-ad02-51ca6ce9ee35,true,
73f3f7f2-572b-49c5-bc61-fddc79cdfee6,2005cd61-9ccf-4aea-836f-5e7e36989981,true,
73f3f7f2-572b-49c5-bc61-fddc79cdfee6,217ca7d3-cc27-4da5-8099-4afeffa622b9,true,
73f3f7f2-572b-49c5-bc61-fddc79cdfee6,9f9629a9-8407-4bf8-b6f7-5ae9af38e33c,true,
73f3f7f2-572b-49c5-bc61-fddc79cdfee6,5e1a9edd-cd56-4924-a865-0d3253101939,true,
73f3f7f2-572b-49c5-bc61-fddc79cdfee6,c96fe8ce-bbc9-4e76-82e5-b9a4decee13e,true,
73f3f7f2-572b-49c5-bc61-fddc79cdfee6,08cb962a-05f4-47f0-92c1-cba9854d8206,true,
73f3f7f2-572b-49c5-bc61-fddc79cdfee6,2fdfcd80-db53-4e88-9a11-19acba3dbc32,true,
73f3f7f2-572b-49c5-bc61-fddc79cdfee6,bb275ecc-26b3-492f-b253-553ec80be475,true,
73f3f7f2-572b-49c5-bc61-fddc79cdfee6,3db6e741-e9fb-436e-9652-c006b212317b,true,
73f3f7f2-572b-49c5-bc61-fddc79cdfee6,9f102aec-dceb-45e6-b527-75419ef72158,true,
73f3f7f2-572b-49c5-bc61-fddc79cdfee6,adf621b2-bb02-46b1-b914-40eb5f2c0105,true,
73f3f7f2-572b-49c5-bc61-fddc79cdfee6,488eaebf-bd78-45ea-a3e7-f8e53861c70e,true,
73f3f7f2-572b-49c5-bc61-fddc79cdfee6,686da8bd-fb7d-4d4b-9630-a19a052278a0,true,
73f3f7f2-572b-49c5-bc61-fddc79cdfee6,e36c7757-1d2c-46a2-a2b5-572b271a63a5,true,
73f3f7f2-572b-49c5-bc61-fddc79cdfee6,39f9e4cf-8e7e-48b1-b708-ad6a1df15db0,true,
73f3f7f2-572b-49c5-bc61-fddc79cdfee6,3fe9fb0e-0877-4dbf-a058-932665c85e90,true,
73f3f7f2-572b-49c5-bc61-fddc79cdfee6,7a30322b-3819-4e1c-b5fb-a36afd6f7025,true,
73f3f7f2-572b-49c5-bc61-fddc79cdfee6,4edc739d-a814-4294-80f0-4b3b2223530d,true,
73f3f7f2-572b-49c5-bc61-fddc79cdfee6,3edfc227-0801-4bc1-8d23-fe126d37f935,true,
73f3f7f2-572b-49c5-bc61-fddc79cdfee6,e61783bb-749d-436f-b0b9-2c93280afd13,true,
73f3f7f2-572b-49c5-bc61-fddc79cdfee6,9bccd8b7-ba73-4483-8231-cd7bf46712e4,true,
73f3f7f2-572b-49c5-bc61-fddc79cdfee6,c5158ce0-107b-4f00-897f-6d9a3399301a,true,
73f3f7f2-572b-49c5-bc61-fddc79cdfee6,477a27ab-47ea-470e-9ab1-0f4eeccb0773,true,
73f3f7f2-572b-49c5-bc61-fddc79cdfee6,b9582f71-47b3-49da-9665-e49cd45e5bb7,true,
73f3f7f2-572b-49c5-bc61-fddc79cdfee6,d47552a8-8998-4754-94d8-90ddd2fd9c76,true,
73f3f7f2-572b-49c5-bc61-fddc79cdfee6,57e4d3cd-9ae4-467c-b260-478313e02613,true,
73f3f7f2-572b-49c5-bc61-fddc79cdfee6,9a1f83ba-22a6-4e15-8278-c1d5a98efa7c,true,
73f3f7f2-572b-49c5-bc61-fddc79cdfee6,0df52476-d3a1-4b37-ba72-7cf78da8113e,true,
73f3f7f2-572b-49c5-bc61-fddc79cdfee6,6de4ebac-d81b-44ba-992a-27cd39cab68b,true,
73f3f7f2-572b-49c5-bc61-fddc79cdfee6,c9e38174-d9b0-457e-9c2b-6d5366aef9d5,true,
73f3f7f2-572b-49c5-bc61-fddc79cdfee6,fd176a06-5486-454f-ad96-9d0c1b8fcce3,true,
73f3f7f2-572b-49c5-bc61-fddc79cdfee6,81705e1c-7cdb-4e72-a345-41f5fbd46eb9,true,
73f3f7f2-572b-49c5-bc61-fddc79cdfee6,706d002e-6690-4215-983a-2aec5aad3c7f,true,
73f3f7f2-572b-49c5-bc61-fddc79cdfee6,83280958-88f3-4762-abe0-f4b2feeae07f,true,
73f3f7f2-572b-49c5-bc61-fddc79cdfee6,3d34bbdd-c593-4c6a-8901-c4370be54247,true,
73f3f7f2-572b-49c5-bc61-fddc79cdfee6,9f159f16-fe7e-45ee-a533-cfd30595126e,true,
73f3f7f2-572b-49c5-bc61-fddc79cdfee6,09c426f2-94f2-4424-986d-4e0438778051,true,
73f3f7f2-572b-49c5-bc61-fddc79cdfee6,56576ce0-a194-47c9-b9dc-a303a6986e0f,true,
73f3f7f2-572b-49c5-bc61-fddc79cdfee6,6497c407-964d-4e15-803e-224fbdcec2ba,true,
73f3f7f2-572b-49c5-bc61-fddc79cdfee6,0927ae19-c6e9-4e96-bfd4-6add864acb56,true,
73f3f7f2-572b-49c5-bc61-fddc79cdfee6,9b57b551-06c2-4af1-89ec-3d320e0f7f16,true,
73f3f7f2-572b-49c5-bc61-fddc79cdfee6,40471850-92cc-4fc0-9ff0-229dc3f16058,true,
73f3f7f2-572b-49c5-bc61-fddc79cdfee6,939c4eaa-ade9-4e9c-8662-436171ac5981,true,
73f3f7f2-572b-49c5-bc61-fddc79cdfee6,49298fa0-e446-4b8b-93ad-df58ae3f5a16,true,
73f3f7f2-572b-49c5-bc61-fddc79cdfee6,bfca29a9-b2b6-420d-ae70-0602cdf5dffa,true,
73f3f7f2-572b-49c5-bc61-fddc79cdfee6,315d7730-b07c-4428-85bc-d83d4098c68e,true,
73f3f7f2-572b-49c5-bc61-fddc79cdfee6,e73cbb6d-faeb-416d-80be-3c8732e890f5,true,
73f3f7f2-572b-49c5-bc61-fddc79cdfee6,c7576c62-1230-41f8-8747-4233a7e5bc4f,true,
73f3f7f2-572b-49c5-bc61-fddc79cdfee6,94ef0792-7267-44ed-b53c-3b3fb3125373,true,
73f3f7f2-572b-49c5-bc61-fddc79cdfee6,f9d06ba4-e7d2-4a77-8a84-2448ea59462d,true,
73f3f7f2-572b-49c5-bc61-fddc79cdfee6,588ecd99-160c-4422-9c26-1d6cab223b2e,true,
73f3f7f2-572b-49c5-bc61-fddc79cdfee6,335c0d6a-5eb3-4548-a746-92f306a3aa99,true,
73f3f7f2-572b-49c5-bc61-fddc79cdfee6,04b16523-aaab-4338-9001-055333ea07f9,true,
73f3f7f2-572b-49c5-bc61-fddc79cdfee6,83473f9c-3195-4077-bc28-180e2cfc8436,true,
73f3f7f2-572b-49c5-bc61-fddc79cdfee6,0d5dd746-0794-48fe-bc50-163fac143a35,true,
73f3f7f2-572b-49c5-bc61-fddc79cdfee6,7cc188f4-819a-4786-9567-ed523ddabd22,true,
73f3f7f2-572b-49c5-bc61-fddc79cdfee6,a2f6b558-2e2c-43d2-bf43-4978bce1e58c,true,
73f3f7f2-572b-49c5-bc61-fddc79cdfee6,cc51abd7-d4f1-4410-a19b-af1ce9987d1d,true,
73f3f7f2-572b-49c5-bc61-fddc79cdfee6,23572889-756e-4dd9-aac6-6b5ec5948768,true,
73f3f7f2-572b-49c5-bc61-fddc79cdfee6,db74187a-8cea-4184-b245-c7afdd597d6b,true,
73f3f7f2-572b-49c5-bc61-fddc79cdfee6,21458dd9-f446-4456-84fc-815705ec348d,true,
73f3f7f2-572b-49c5-bc61-fddc79cdfee6,082674ca-22a2-4b0e-a6b5-d33bb320dad3,true,
73f3f7f2-572b-49c5-bc61-fddc79cdfee6,52d5f8c1-6c3e-436a-a968-722fe32a8415,true,
73f3f7f2-572b-49c5-bc61-fddc79cdfee6,202ec5bd-aa0d-487c-a1e7-a46f443d94b0,true,
73f3f7f2-572b-49c5-bc61-fddc79cdfee6,dbb2b0a0-5555-49fa-a6ca-32d86595edd5,true,
73f3f7f2-572b-49c5-bc61-fddc79cdfee6,9d0c8671-a9ec-4abc-95d0-54513dbfd0ac,true,
73f3f7f2-572b-49c5-bc61-fddc79cdfee6,e32347a8-ab1d-4863-a51d-312fd8dd98f7,true,
73f3f7f2-572b-49c5-bc61-fddc79cdfee6,5d140f75-66e3-4a35-bd5e-90b98d7623ff,true,
73f3f7f2-572b-49c5-bc61-fddc79cdfee6,87e2c4da-4958-4c05-a20d-13d1401a9166,true,
73f3f7f2-572b-49c5-bc61-fddc79cdfee6,6f035707-b4b5-463d-9488-7fb72e5f863e,true,
73f3f7f2-572b-49c5-bc61-fddc79cdfee6,52744113-62ac-4e9b-a134-325d6490c222,true,
73f3f7f2-572b-49c5-bc61-fddc79cdfee6,eb2cae3d-0844-4c77-82f7-10702ef653ea,true,
73f3f7f2-572b-49c5-bc61-fddc79cdfee6,dc06748d-2135-44d4-84a0-32905539bd54,true,
73f3f7f2-572b-49c5-bc61-fddc79cdfee6,5520bc64-31c1-4a53-b038-cdd4c20c1aa6,true,
73f3f7f2-572b-49c5-bc61-fddc79cdfee6,2e74f00d-459e-4e91-b3f6-d997acfde8f1,true,
73f3f7f2-572b-49c5-bc61-fddc79cdfee6,93a9d753-7325-4736-8e8b-d23b6c04eb6d,true,
73f3f7f2-572b-49c5-bc61-fddc79cdfee6,f227e068-1578-499a-ae7e-b226783557f5,true,
73f3f7f2-572b-49c5-bc61-fddc79cdfee6,289e0769-ca8a-48e9-b246-41ee2a8d8159,true,
73f3f7f2-572b-49c5-bc61-fddc79cdfee6,2f572280-9404-43e3-aa25-93b46fecba29,true,
73f3f7f2-572b-49c5-bc61-fddc79cdfee6,e5934a76-71ef-4975-b9ea-73b0e84ee1ba,true,
73f3f7f2-572b-49c5-bc61-fddc79cdfee6,ea5cf15b-2909-4f39-9ea3-92ecd301a58a,true,
73f3f7f2-572b-49c5-bc61-fddc79cdfee6,cd1b209d-32ab-4a6f-8b5e-c9eed8a2d42e,true,
73f3f7f2-572b-49c5-bc61-fddc79cdfee6,94846082-248a-4993-89a0-5df57392d931,true,
73f3f7f2-572b-49c5-bc61-fddc79cdfee6,9849a7a7-8002-4553-b413-882daf7576c4,true,
73f3f7f2-572b-49c5-bc61-fddc79cdfee6,8d4b3f31-3cfe-4709-a2d3-a214789ad3fa,true,
73f3f7f2-572b-49c5-bc61-fddc79cdfee6,8be57d56-3b7d-411d-9039-aca396aa1413,true,
73f3f7f2-572b-49c5-bc61-fddc79cdfee6,38438e5a-ebac-4a2e-9c4f-2fee2977f7d9,true,
73f3f7f2-572b-49c5-bc61-fddc79cdfee6,4b58b7c0-e679-41cb-b33a-3483b438a6a1,true,
73f3f7f2-572b-49c5-bc61-fddc79cdfee6,1d43ff96-5a5c-461a-ad1d-a5f9573110cd,true,
73f3f7f2-572b-49c5-bc61-fddc79cdfee6,572159e5-1f24-4b05-8340-aa6f691488eb,true,
73f3f7f2-572b-49c5-bc61-fddc79cdfee6,d47bf297-fc11-45c3-af40-226aca8db784,true,
73f3f7f2-572b-49c5-bc61-fddc79cdfee6,15d07df8-17e7-40c0-ad15-382f0ebb0226,true,
73f3f7f2-572b-49c5-bc61-fddc79cdfee6,3ee0a352-3ccb-44fc-b1df-f735e413f84b,true,
73f3f7f2-572b-49c5-bc61-fddc79cdfee6,69781881-abef-4a49-a2b0-890d43b4b262,true,
73f3f7f2-572b-49c5-bc61-fddc79cdfee6,1a9c1b3c-b689-478b-8459-056e7a26234f,true,
73f3f7f2-572b-49c5-bc61-fddc79cdfee6,fd19c26b-4370-4209-a842-28eb9fbcc13f,true,
73f3f7f2-572b-49c5-bc61-fddc79cdfee6,d003c26d-6d10-43bd-be6c-80a34ffaf28b,true,
73f3f7f2-572b-49c5-bc61-fddc79cdfee6,7376a25b-92de-45be-877c-d593c11d4d59,true,
73f3f7f2-572b-49c5-bc61-fddc79cdfee6,3ebb6739-e21c-4731-9d4e-8c4789c6c0fb,true,
73f3f7f2-572b-49c5-bc61-fddc79cdfee6,e3b4c50b-d77e-4149-8c87-4e0f716eb2c3,true,
73f3f7f2-572b-49c5-bc61-fddc79cdfee6,02621110-367a-4559-a4ff-15f0de6031e3,true,
73f3f7f2-572b-49c5-bc61-fddc79cdfee6,ed5c8bb0-cad2-4044-a25f-02e96384db6a,true,
73f3f7f2-572b-49c5-bc61-fddc79cdfee6,ec7f7f89-7e06-461c-8c3d-8ee146f996bb,true,
73f3f7f2-572b-49c5-bc61-fddc79cdfee6,a16f4545-f2e5-4c80-b4ca-a5bcb1823148,true,
73f3f7f2-572b-49c5-bc61-fddc79cdfee6,ddfdde68-5862-4d8f-87d7-49f90089e0c8,true,
73f3f7f2-572b-49c5-bc61-fddc79cdfee6,a7701e02-aa6f-44df-940f-30560cdd523e,true,
73f3f7f2-572b-49c5-bc61-fddc79cdfee6,b9defc3b-94e0-493c-9354-6508bc76693e,true,
73f3f7f2-572b-49c5-bc61-fddc79cdfee6,f5405eb5-f67e-4aa8-8d1d-12ed9066e2d3,true,
73f3f7f2-572b-49c5-bc61-fddc79cdfee6,2c88d7b2-5c81-4e40-955a-795bd83d0ccb,true,
73f3f7f2-572b-49c5-bc61-fddc79cdfee6,b3011928-a76a-4066-a8fd-a831492f8fc9,true,
73f3f7f2-572b-49c5-bc61-fddc79cdfee6,6f949af8-d1e6-4182-8808-77b848256a0e,true,
73f3f7f2-572b-49c5-bc61-fddc79cdfee6,97fe8aa8-dbfe-4bcc-b099-f5031828879a,true,
73f3f7f2-572b-49c5-bc61-fddc79cdfee6,7fdea917-dfb7-4e0f-af8e-6a1118d099f9,true,
73f3f7f2-572b-49c5-bc61-fddc79cdfee6,8ebc3c0e-4914-4a09-9b2f-8c4832dba6f3,true,
73f3f7f2-572b-49c5-bc61-fddc79cdfee6,10089999-217c-4cf4-8583-61f27194dcde,true,
73f3f7f2-572b-49c5-bc61-fddc79cdfee6,c9dc63aa-58db-42d2-9caf-e7ed11c8909c,true,
73f3f7f2-572b-49c5-bc61-fddc79cdfee6,541b5b10-e126-45d3-bb02-6fb61c5358da,true,
73f3f7f2-572b-49c5-bc61-fddc79cdfee6,e776c244-02bc-4007-89a7-f0933928a43b,true,
73f3f7f2-572b-49c5-bc61-fddc79cdfee6,856eca76-3518-4b53-8278-7b25a4b905e3,true,
73f3f7f2-572b-49c5-bc61-fddc79cdfee6,fb33fe9f-3f58-4148-8138-d09e31040154,true,
73f3f7f2-572b-49c5-bc61-fddc79cdfee6,4f56da7a-f5c7-41a9-9f0d-a83ad01e34b1,true,
73f3f7f2-572b-49c5-bc61-fddc79cdfee6,b82bfcdf-b5b4-4594-8a18-3579356c140a,true,
73f3f7f2-572b-49c5-bc61-fddc79cdfee6,9c8563a8-71de-4676-b1b8-ba8c5f01b920,true,
73f3f7f2-572b-49c5-bc61-fddc79cdfee6,b66ba0ad-7ebb-43cc-88f4-ad54c5e2b38a,true,
73f3f7f2-572b-49c5-bc61-fddc79cdfee6,e85ef981-ae3b-42ba-90f6-33e38d473b30,true,
73f3f7f2-572b-49c5-bc61-fddc79cdfee6,288b8f7b-7444-41a9-9902-b88b22153e93,true,
73f3f7f2-572b-49c5-bc61-fddc79cdfee6,0b81007c-8f3d-444e-a3c1-5da0733f330a,true,
73f3f7f2-572b-49c5-bc61-fddc79cdfee6,93f19b04-149b-4e05-abb3-c6ccffb756d1,true,
73f3f7f2-572b-49c5-bc61-fddc79cdfee6,96318ef6-8d53-4572-942f-8f98a1e66ee4,true,
73f3f7f2-572b-49c5-bc61-fddc79cdfee6,8a95755d-aca0-4f83-934b-29072d5a328c,true,
73f3f7f2-572b-49c5-bc61-fddc79cdfee6,b01716ea-69b9-4c11-aff4-04d1c9ffd7d1,true,
73f3f7f2-572b-49c5-bc61-fddc79cdfee6,eaf40e64-e93d-4e6b-a9f3-1fe0400aba55,true,
73f3f7f2-572b-49c5-bc61-fddc79cdfee6,d2d9e3ae-f573-47fa-946a-5bbc5f53061f,true,
73f3f7f2-572b-49c5-bc61-fddc79cdfee6,a1e4aa6b-4b2f-4492-9d9f-e6eadc1060cf,true,
73f3f7f2-572b-49c5-bc61-fddc79cdfee6,bcc9127e-6af6-4d16-a870-6b5a01c4c670,true,
73f3f7f2-572b-49c5-bc61-fddc79cdfee6,7101b094-a7c7-4cf4-a3bf-112cdede464c,true,
73f3f7f2-572b-49c5-bc61-fddc79cdfee6,385a765b-7d74-45a4-b802-98c4a957fbca,true,
73f3f7f2-572b-49c5-bc61-fddc79cdfee6,99908181-eef0-4a55-8058-b72ce9e3ac05,true,
73f3f7f2-572b-49c5-bc61-fddc79cdfee6,93881d80-5d1d-44fe-8a05-a0a5a77940c5,true,
73f3f7f2-572b-49c5-bc61-fddc79cdfee6,eb10ce8b-78f4-448a-ba29-eed79dbc29cb,true,
73f3f7f2-572b-49c5-bc61-fddc79cdfee6,fba72a16-e7c6-43a4-8ddd-7be4af55669a,true,
73f3f7f2-572b-49c5-bc61-fddc79cdfee6,158b4efc-182f-4294-a60c-eb516cf9768e,true,
73f3f7f2-572b-49c5-bc61-fddc79cdfee6,05defe74-7f4c-4109-903e-cc30f9f11d80,true,
73f3f7f2-572b-49c5-bc61-fddc79cdfee6,f3f61754-e432-4533-aa7d-574d7a9d81bb,true,
73f3f7f2-572b-49c5-bc61-fddc79cdfee6,85949e35-9af1-455e-acae-392f33743f44,true,
73f3f7f2-572b-49c5-bc61-fddc79cdfee6,c8f98dcc-bd73-4828-9a95-65ebc67d2f73,true,
73f3f7f2-572b-49c5-bc61-fddc79cdfee6,e5c7426a-f5fa-4bbb-8130-3fbb738a941f,true,
73f3f7f2-572b-49c5-bc61-fddc79cdfee6,523fe8fe-2681-4b05-b1f1-089371d0ff62,true,
73f3f7f2-572b-49c5-bc61-fddc79cdfee6,ada81741-852a-4687-a1e1-7ca53427d9e9,true,
73f3f7f2-572b-49c5-bc61-fddc79cdfee6,75887ce1-4064-48c2-9e32-a68f2b784efa,true,
73f3f7f2-572b-49c5-bc61-fddc79cdfee6,8bf79a98-c0af-4296-8a65-709556ef5ac0,true,
73f3f7f2-572b-49c5-bc61-fddc79cdfee6,70c68b80-ba56-4e0f-aa78-f39d25e3b777,true,
73f3f7f2-572b-49c5-bc61-fddc79cdfee6,468278dd-745f-4c15-a9ec-b3939b249b09,true,
73f3f7f2-572b-49c5-bc61-fddc79cdfee6,62429e26-53db-4863-9898-8b2b57e7c074,true,
73f3f7f2-572b-49c5-bc61-fddc79cdfee6,bea5d768-6d70-425f-a280-82c3c19c8ec5,true,
73f3f7f2-572b-49c5-bc61-fddc79cdfee6,a51b079f-e4bf-4c11-8a47-ae4f7af92819,true,
73f3f7f2-572b-49c5-bc61-fddc79cdfee6,cbc059ee-6904-4a03-ad09-def65ebfdd4f,true,
73f3f7f2-572b-49c5-bc61-fddc79cdfee6,028ddb6f-fbfd-4178-a78b-5806e81c2499,true,
73f3f7f2-572b-49c5-bc61-fddc79cdfee6,dd5b9f87-e5f1-4c41-bd8e-94bf20489647,true,
73f3f7f2-572b-49c5-bc61-fddc79cdfee6,bee20535-bfe1-4315-889f-feb83c3d256e,true,
73f3f7f2-572b-49c5-bc61-fddc79cdfee6,4dd28da1-a955-4994-882a-defb16162d48,true,
73f3f7f2-572b-49c5-bc61-fddc79cdfee6,d2c1980b-f6ff-4473-a4c4-da3b1cd92553,true,
73f3f7f2-572b-49c5-bc61-fddc79cdfee6,7189f1cc-b562-4e5d-a622-eca45574b4d6,true,
73f3f7f2-572b-49c5-bc61-fddc79cdfee6,69d8b441-808f-4764-a0c4-df026f3547cc,true,
73f3f7f2-572b-49c5-bc61-fddc79cdfee6,e9a71458-9e1c-4eaf-9f93-dc508e4067c0,true,
73f3f7f2-572b-49c5-bc61-fddc79cdfee6,d5dc03d8-82e0-4739-b8c7-4542936bc5f2,true,
73f3f7f2-572b-49c5-bc61-fddc79cdfee6,1a0b7769-3213-471d-864a-13e2258b4fd5,true,
73f3f7f2-572b-49c5-bc61-fddc79cdfee6,1101cbd0-802e-46e6-bd76-7c348697667a,true,
73f3f7f2-572b-49c5-bc61-fddc79cdfee6,37fd5c6c-986b-4f1e-833a-3695175795ce,true,
73f3f7f2-572b-49c5-bc61-fddc79cdfee6,ebe0eda9-2247-49e3-b121-9a641fb59ea2,true,
73f3f7f2-572b-49c5-bc61-fddc79cdfee6,58ea66f7-b3ac-4705-8c14-0d8ff8fa2067,true,
73f3f7f2-572b-49c5-bc61-fddc79cdfee6,52e52958-68b1-4d2d-88b3-3dd88a4ee056,true,
73f3f7f2-572b-49c5-bc61-fddc79cdfee6,e949333a-f8e7-4b42-b9b5-44e119b1cab3,true,
73f3f7f2-572b-49c5-bc61-fddc79cdfee6,62eca512-86b5-4a30-94a6-a36359ec6e7a,true,
73f3f7f2-572b-49c5-bc61-fddc79cdfee6,70d505ef-0ca7-4e33-9ff1-88364056d188,true,
73f3f7f2-572b-49c5-bc61-fddc79cdfee6,9f8fc456-47d1-42c0-8d19-dbffe4bd5db8,true,
73f3f7f2-572b-49c5-bc61-fddc79cdfee6,1a6c7c93-5b64-41e6-868c-117f84353222,true,
73f3f7f2-572b-49c5-bc61-fddc79cdfee6,92aec39f-740e-4c27-af98-dd84a2fe4fcb,true,
73f3f7f2-572b-49c5-bc61-fddc79cdfee6,b567ef36-fda2-44b0-9786-b6425e67c276,true,
73f3f7f2-572b-49c5-bc61-fddc79cdfee6,cb85c917-d4d1-4963-b086-7814a1e11b27,true,
73f3f7f2-572b-49c5-bc61-fddc79cdfee6,d77894ec-a555-4d03-a930-a5e76f098655,true,
73f3f7f2-572b-49c5-bc61-fddc79cdfee6,44aa388f-ccf9-4c7c-b53b-87eb736d3c1f,true,
73f3f7f2-572b-49c5-bc61-fddc79cdfee6,4618c117-68a1-4f10-9ecc-c1719aa0309b,true,
73f3f7f2-572b-49c5-bc61-fddc79cdfee6,3069b238-c8ce-4fe6-9050-f1df6e9174fa,true,
73f3f7f2-572b-49c5-bc61-fddc79cdfee6,87d097f4-632f-4b31-a32c-fef44dbf6552,true,
73f3f7f2-572b-49c5-bc61-fddc79cdfee6,e4fbca47-2fa0-42f9-9ff8-96af3ac3f21c,true,
73f3f7f2-572b-49c5-bc61-fddc79cdfee6,f46356d8-ac31-4d6c-b6c4-5b8d6805bf12,true,
73f3f7f2-572b-49c5-bc61-fddc79cdfee6,355c66cc-f883-47ea-bcd9-66060d13aa16,true,
73f3f7f2-572b-49c5-bc61-fddc79cdfee6,ebfe6869-01f1-4819-9534-7f90eecf776c,true,
73f3f7f2-572b-49c5-bc61-fddc79cdfee6,e5bcc78a-c5b8-4f08-b8b0-1e5cdb83a7f4,true,
73f3f7f2-572b-49c5-bc61-fddc79cdfee6,b0a1f78f-439b-445f-b4f4-7c95cedb3b6c,true,
73f3f7f2-572b-49c5-bc61-fddc79cdfee6,76aeb56d-13ea-4460-aeae-26d0391ae10d,true,
73f3f7f2-572b-49c5-bc61-fddc79cdfee6,660aceb4-fb78-4b67-9555-f4f2d1b8573a,true,
73f3f7f2-572b-49c5-bc61-fddc79cdfee6,8ddf28e4-7097-49cb-b675-bd901e3c8995,true,
73f3f7f2-572b-49c5-bc61-fddc79cdfee6,a3e9baf9-08fa-4ae9-84fa-be64816daf80,true,
73f3f7f2-572b-49c5-bc61-fddc79cdfee6,0c1750da-9b56-4a15-a662-634ede4bce8d,true,
73f3f7f2-572b-49c5-bc61-fddc79cdfee6,6ebc09ac-53e6-4877-a755-9e2a3de3ce52,true,
73f3f7f2-572b-49c5-bc61-fddc79cdfee6,63861a5f-a98f-47ce-8fb3-b4e6752c50dc,true,
73f3f7f2-572b-49c5-bc61-fddc79cdfee6,0692c8a7-14a3-4c8c-b73d-b6ff356bce25,true,
73f3f7f2-572b-49c5-bc61-fddc79cdfee6,a1d50048-6521-4632-81d5-ed48bc639620,true,
73f3f7f2-572b-49c5-bc61-fddc79cdfee6,4aeca337-67cc-492c-9bac-9146599fff41,true,
73f3f7f2-572b-49c5-bc61-fddc79cdfee6,9688f63b-7774-436b-bc4a-edd9857f5a6f,true,
73f3f7f2-572b-49c5-bc61-fddc79cdfee6,c594e09a-0876-4c2f-89d3-2aa487ee1ea3,true,
73f3f7f2-572b-49c5-bc61-fddc79cdfee6,fc5ba6a5-8a05-4865-990f-620d466130b1,true,
73f3f7f2-572b-49c5-bc61-fddc79cdfee6,7ac6db20-23ae-4f36-90b6-1b7286ac3973,true,
73f3f7f2-572b-49c5-bc61-fddc79cdfee6,1fc23bdc-e129-4489-be67-b82657ff3f00,true,
73f3f7f2-572b-49c5-bc61-fddc79cdfee6,a064f527-6c4e-43fa-8195-41d93064a536,true,
73f3f7f2-572b-49c5-bc61-fddc79cdfee6,20dfb73d-3a7f-4eb4-99a5-df4dfad07131,true,
73f3f7f2-572b-49c5-bc61-fddc79cdfee6,d602244f-8ba8-4a99-9d2e-88544bdfe3c4,true,
73f3f7f2-572b-49c5-bc61-fddc79cdfee6,6c84296e-1a01-4ebf-85f8-5d7cf6b2d387,true,
73f3f7f2-572b-49c5-bc61-fddc79cdfee6,82801aec-2842-421b-b5e0-50506e16a9cf,true,
73f3f7f2-572b-49c5-bc61-fddc79cdfee6,f221f408-0604-439c-8570-307268bc9ec3,true,
73f3f7f2-572b-49c5-bc61-fddc79cdfee6,5d6e107d-9687-49ce-972f-2f6bde34315b,true,
73f3f7f2-572b-49c5-bc61-fddc79cdfee6,bf2bba58-95f2-46a1-8300-926c988a7e5c,true,
73f3f7f2-572b-49c5-bc61-fddc79cdfee6,aa7f193d-a0b3-4d7a-9a81-1d68a5c36f00,true,
73f3f7f2-572b-49c5-bc61-fddc79cdfee6,296aa8bc-b1b7-4f53-86a3-9166c4425df6,true,
fdce85e7-a8bb-4f46-905f-e36ab060849d,72fabea5-9e37-4ca9-b26a-c93e41494a64,true,
fdce85e7-a8bb-4f46-905f-e36ab060849d,b8c2bce0-8fd4-459b-a2f4-e6da64552685,true,
fdce85e7-a8bb-4f46-905f-e36ab060849d,5eb43ea2-0539-46c0-bf67-61dd3765a4bb,false,[NO_5XX] Unexpected 5XX response: 500
fdce85e7-a8bb-4f46-905f-e36ab060849d,0fb34b86-350c-45e5-b6ad-f47ccfd831b1,true,
fdce85e7-a8bb-4f46-905f-e36ab060849d,342fa17a-d058-4dd2-9b7d-679112b56e80,true,
fdce85e7-a8bb-4f46-905f-e36ab060849d,5b61379a-7959-42fc-8a7c-2b9c33a53903,true,
fdce85e7-a8bb-4f46-905f-e36ab060849d,13cdda6c-718b-4efd-8650-28561c78e9aa,true,
fdce85e7-a8bb-4f46-905f-e36ab060849d,4406a44f-3e31-40a4-aef9-38509a01b173,true,
630e5858-ca08-486a-976b-d2d143ef11d6,03a50541-3566-41b4-821d-0c588940455d,true,
630e5858-ca08-486a-976b-d2d143ef11d6,566a266b-a52c-4bde-abb3-54d698aa6148,true,
630e5858-ca08-486a-976b-d2d143ef11d6,846b4086-62cc-450d-91b9-6fe3457d932e,false,[NO_5XX] Unexpected 5XX response: 503
630e5858-ca08-486a-976b-d2d143ef11d6,b4cbba9e-98ac-4dce-ab28-8d8c99ee4971,true,
630e5858-ca08-486a-976b-d2d143ef11d6,15b14007-988a-4db7-aa1d-8f48909a7ec7,true,
630e5858-ca08-486a-976b-d2d143ef11d6,e5ebbe5d-46b5-4c50-8c6f-f54f0c3f77ee,true,
630e5858-ca08-486a-976b-d2d143ef11d6,eb590348-f811-49cc-aacc-8d103e100658,true,
630e5858-ca08-486a-976b-d2d143ef11d6,838a8332-56a3-453e-8911-19cdf8afb4ad,true,
40240c58-ea99-424d-a0de-e45331ce7b43,3e7c7806-dd98-43cf-a6ca-c9a795ff5987,true,
40240c58-ea99-424d-a0de-e45331ce7b43,f4904efe-bd6b-42b2-bdbd-ddf1128f85e6,true,
40240c58-ea99-424d-a0de-e45331ce7b43,79edc028-6cd4-42d2-a03c-f1c8c48b035b,false,[NO_5XX] Unexpected 5XX response: 501
40240c58-ea99-424d-a0de-e45331ce7b43,1d60475b-049b-49ae-97b7-f8b703352bfa,true,
40240c58-ea99-424d-a0de-e45331ce7b43,efeff1b6-1c21-42b7-8349-29ea0c10db53,true,
40240c58-ea99-424d-a0de-e45331ce7b43,f4aa03c5-e536-4e61-b113-8e2d68e44275,true,
40240c58-ea99-424d-a0de-e45331ce7b43,fe27a055-a4e0-4352-a6c8-56312f7bd966,true,
40240c58-ea99-424d-a0de-e45331ce7b43,eaa8a23e-215b-4cde-9347-2aa16bfe8e5b,true,
5b9db27d-e186-4ec6-b460-15a0247383b9,c61d68a4-2b39-4b86-9265-be9fb937dcd0,true,
5b9db27d-e186-4ec6-b460-15a0247383b9,4aab3f02-2fe6-4c7e-8544-7491e8de6678,true,
5b9db27d-e186-4ec6-b460-15a0247383b9,5ce8d19f-6c5b-4cc1-ab15-97a9cd5bc9a5,false,[NO_5XX] Unexpected 5XX response: 500
5b9db27d-e186-4ec6-b460-15a0247383b9,78bd3e51-2cf0-410e-bd46-f8f23258c349,true,
5b9db27d-e186-4ec6-b460-15a0247383b9,d4cea550-cd8c-4455-aee2-08ae2cf2dc47,true,
5b9db27d-e186-4ec6-b460-15a0247383b9,dda0b5cf-852e-4023-bd96-e4fd8f32fe7a,true,
5b9db27d-e186-4ec6-b460-15a0247383b9,c212b42e-3a8a-42e9-9c3f-fa760e63e933,true,
5b9db27d-e186-4ec6-b460-15a0247383b9,ef6cf3d2-18c2-4bd8-95af-56ac07709834,true,
7dfe5b45-b1a0-44bc-b954-a90185d38725,53a0eac3-df76-49e9-a365-b6df0bbd3ec0,true,
7dfe5b45-b1a0-44bc-b954-a90185d38725,bea9991a-6f45-45c9-b544-959c960fcaee,true,
7dfe5b45-b1a0-44bc-b954-a90185d38725,e13bb2fd-e1b7-491b-9fb2-b2dc5ae0058c,false,[NO_5XX] Unexpected 5XX response: 501
7dfe5b45-b1a0-44bc-b954-a90185d38725,0975eb5c-30b0-4416-b996-8b61138830d0,true,
7dfe5b45-b1a0-44bc-b954-a90185d38725,0bdf0697-71e6-480d-b68d-449b7d3491a4,true,
7dfe5b45-b1a0-44bc-b954-a90185d38725,0c9d598a-b8cd-4368-8b16-c439f89a3f65,true,
7dfe5b45-b1a0-44bc-b954-a90185d38725,44648019-7730-4502-892f-0518a68d3412,true,
7dfe5b45-b1a0-44bc-b954-a90185d38725,fe3505b6-dc55-46b3-a6ff-5def567e22dd,true,
f1d70746-d0a0-4832-b723-962cbff1b871,49bec1bb-6a0a-4367-ada7-ae4094655326,true,
f1d70746-d0a0-4832-b723-962cbff1b871,39126481-4aa7-49f2-9b5a-8df8dcee1113,true,
f1d70746-d0a0-4832-b723-962cbff1b871,c81ee71b-430e-41b8-bdfb-4273bddcf114,false,[NO_5XX] Unexpected 5XX response: 503
f1d70746-d0a0-4832-b723-962cbff1b871,0dfbfb0f-ee6a-4126-81ee-cb1c4af49ef4,true,
f1d70746-d0a0-4832-b723-962cbff1b871,b9251fab-bdd5-451a-b711-4c64ca09bf15,true,
f1d70746-d0a0-4832-b723-962cbff1b871,fd75de01-05fb-40d9-ac0e-c67bb42cb2cc,true,
f1d70746-d0a0-4832-b723-962cbff1b871,ff77720a-9312-4ebd-9fb3-ea283f343059,true,
f1d70746-d0a0-4832-b723-962cbff1b871,620d3e19-08ec-4e72-8b8f-77c385e588c0,true,
30e18c01-4d1e-458c-813d-29d836794ad4,de4f4738-92fe-44f1-8853-6aae03509729,true,
30e18c01-4d1e-458c-813d-29d836794ad4,dbf95555-1216-4b00-89a4-fa60960a5727,true,
30e18c01-4d1e-458c-813d-29d836794ad4,d1444bcc-6d95-45f4-8c1f-2bad6ded7baf,false,[NO_5XX] Unexpected 5XX response: 503
30e18c01-4d1e-458c-813d-29d836794ad4,1355d9fe-da70-48d8-adcb-981f1a6df41c,true,
30e18c01-4d1e-458c-813d-29d836794ad4,aad91b2c-95ff-4d2e-b3f7-3e37d51c22a2,true,
30e18c01-4d1e-458c-813d-29d836794ad4,19c6703f-4d85-43de-905a-87c047b0e919,true,
30e18c01-4d1e-458c-813d-29d836794ad4,4f823d13-b459-401d-838f-1fedb2ddb430,true,
30e18c01-4d1e-458c-813d-29d836794ad4,86388883-6f9a-481d-9903-84f897f049f7,true,
10a4338b-8b41-4888-96f2-5ed9bca02df8,268ec100-eb62-4725-9977-0655b1a3ce2f,true,
10a4338b-8b41-4888-96f2-5ed9bca02df8,271d1de5-5d32-46c8-b60d-1e82e77d12a4,true,
10a4338b-8b41-4888-96f2-5ed9bca02df8,6c2de8ca-5463-4e43-a7bb-42993ed94377,false,[NO_5XX] Unexpected 5XX response: 503
10a4338b-8b41-4888-96f2-5ed9bca02df8,483803f7-7c66-438c-b04c-3b2bf2a78567,true,
10a4338b-8b41-4888-96f2-5ed9bca02df8,f71bb7b4-ad44-45f8-9b5b-671d2528555f,true,
10a4338b-8b41-4888-96f2-5ed9bca02df8,79a5e0da-2d94-4eaf-aeb0-1eb1ddbc0760,true,
10a4338b-8b41-4888-96f2-5ed9bca02df8,7cc2a388-10f5-45af-b9f1-c56a35eadb0f,true,
10a4338b-8b41-4888-96f2-5ed9bca02df8,e13a90c9-1d6c-41c7-be1b-2fc07bb1ce5c,true,
8a6e1d12-42ec-4bb6-9bde-29568f9d70f5,56981cc1-c949-42ef-8416-540da9fd26b2,true,
8a6e1d12-42ec-4bb6-9bde-29568f9d70f5,b183af77-5769-462c-afe5-3f2a2af109c5,true,
8a6e1d12-42ec-4bb6-9bde-29568f9d70f5,f7c8cd14-a219-40e8-a3ae-eb4d13875da1,false,[NO_5XX] Unexpected 5XX response: 504
8a6e1d12-42ec-4bb6-9bde-29568f9d70f5,769e7d24-23a3-4485-9f5d-f826742a4858,true,
8a6e1d12-42ec-4bb6-9bde-29568f9d70f5,89b99d6b-a314-45ae-969b-1a6417b08561,true,
8a6e1d12-42ec-4bb6-9bde-29568f9d70f5,6bbc4cfe-d56e-4353-81a3-af36994657e5,true,
8a6e1d12-42ec-4bb6-9bde-29568f9d70f5,1a73ba8a-ab32-4e86-a617-72ee9acb15dc,true,
8a6e1d12-42ec-4bb6-9bde-29568f9d70f5,aa85fb6b-08fc-44f4-8c5f-af02ab1aefec,true,
225a82c9-99ac-43e7-b770-21d975c58c7e,bf838334-aebe-4fa7-b50d-789b8ed5eeae,true,
225a82c9-99ac-43e7-b770-21d975c58c7e,cd9213e1-0ee1-4f31-96f0-3a4ed993d2cd,true,
225a82c9-99ac-43e7-b770-21d975c58c7e,8418df87-9524-4038-a171-1a51c0fc408e,false,[NO_5XX] Unexpected 5XX response: 504
225a82c9-99ac-43e7-b770-21d975c58c7e,476e7e42-64c2-4550-91b5-c701b57df2fa,true,
225a82c9-99ac-43e7-b770-21d975c58c7e,a8b7f5c2-d6ca-4ef2-9330-99f981fa2ac6,true,
225a82c9-99ac-43e7-b770-21d975c58c7e,06bb63ef-1fc8-4a15-a0e6-785528b0f245,true,
225a82c9-99ac-43e7-b770-21d975c58c7e,e3c46712-7d06-42cf-bb92-01ab863ce7f2,true,
225a82c9-99ac-43e7-b770-21d975c58c7e,8fbed8ac-03af-4916-a31b-8d8293dc07a0,true,
cf531da5-8aba-4fa7-b790-4d1e726f59f9,66c22aa8-8fe5-4416-a2ba-1e5520379ac2,true,
cf531da5-8aba-4fa7-b790-4d1e726f59f9,ccb99dfd-fdff-4896-aeab-556f2782c2fd,true,
cf531da5-8aba-4fa7-b790-4d1e726f59f9,b52ba80d-4a8c-4a56-9228-5af85d54b880,false,[NO_5XX] Unexpected 5XX response: 501
cf531da5-8aba-4fa7-b790-4d1e726f59f9,4869285d-2eb9-4601-ace2-104152aa1fc1,true,
cf531da5-8aba-4fa7-b790-4d1e726f59f9,45a68a16-2d6b-4347-8269-1c14f118f7ec,true,
cf531da5-8aba-4fa7-b790-4d1e726f59f9,7bb64c23-058a-4129-b6a4-eccbd23d6b7e,true,
cf531da5-8aba-4fa7-b790-4d1e726f59f9,409b7c35-45f6-4c6f-8461-aca570f7d150,true,
cf531da5-8aba-4fa7-b790-4d1e726f59f9,fb39863a-2457-4984-8662-210b79594506,true,
8c3aacb9-c6a2-4db1-a482-5b3a036ce828,a4a69799-a26e-4c4f-bbda-237bf2d281ff,true,
8c3aacb9-c6a2-4db1-a482-5b3a036ce828,7d3e5eb1-e0f0-4ed2-aff6-54b359f533c7,true,
8c3aacb9-c6a2-4db1-a482-5b3a036ce828,f39f70a0-47d7-4f11-bd7c-dfc97a2dcb62,false,[NO_5XX] Unexpected 5XX response: 504
8c3aacb9-c6a2-4db1-a482-5b3a036ce828,8a7f613b-69c9-4816-91bf-456179f78c99,true,
8c3aacb9-c6a2-4db1-a482-5b3a036ce828,51360a07-d27f-48b2-b556-a0a47601b150,true,
8c3aacb9-c6a2-4db1-a482-5b3a036ce828,f2dae751-8a67-4b9a-982d-89bf2d786617,true,
8c3aacb9-c6a2-4db1-a482-5b3a036ce828,69acf3ac-56c9-424f-b881-0274ecf338ae,true,
8c3aacb9-c6a2-4db1-a482-5b3a036ce828,5979c875-3ef6-4219-8cdc-c32edb247d10,true,
968da8e6-0854-426b-b4fd-47030f3b0123,9ef43ef9-6b40-40a7-923d-7a922e41ab81,true,
968da8e6-0854-426b-b4fd-47030f3b0123,e0eec399-88e0-418c-ac1e-2912fd365270,true,
968da8e6-0854-426b-b4fd-47030f3b0123,5cdcfa26-b8bb-4a64-8744-aa2e4c2f8dc1,false,[NO_5XX] Unexpected 5XX response: 500
968da8e6-0854-426b-b4fd-47030f3b0123,295737e0-1d73-4f57-bd85-1822edfeb344,true,
968da8e6-0854-426b-b4fd-47030f3b0123,a7cd2333-aa21-4bca-9ec9-4ad6371b1efa,true,
968da8e6-0854-426b-b4fd-47030f3b0123,270e7b1e-6351-46ba-9502-2bc8019efd15,true,
968da8e6-0854-426b-b4fd-47030f3b0123,b5516812-17e3-4c60-a29d-b12378ababbf,true,
968da8e6-0854-426b-b4fd-47030f3b0123,97fa4aec-6c2d-4b18-ad00-46831c6c88d6,true,
d704ab86-d1be-4371-a5ce-fde47fdba6a9,2fce3fc1-01ea-4717-9812-0e4f71c04919,true,
d704ab86-d1be-4371-a5ce-fde47fdba6a9,56458ed5-f6fd-4cdb-9cc0-f8836e90bd8d,true,
d704ab86-d1be-4371-a5ce-fde47fdba6a9,1b518c82-8383-4ad2-a0b4-ae0a1136ca79,false,[NO_5XX] Unexpected 5XX response: 504
d704ab86-d1be-4371-a5ce-fde47fdba6a9,75c24ced-1e9a-46db-a1cb-7d17baffc7d4,true,
d704ab86-d1be-4371-a5ce-fde47fdba6a9,658ebc7e-0ee8-4b5d-9ffd-d9e598688cee,true,
d704ab86-d1be-4371-a5ce-fde47fdba6a9,15fdbba4-1319-4645-b43b-ad60574c1a7a,true,
d704ab86-d1be-4371-a5ce-fde47fdba6a9,85aa7c7d-7fa1-445a-acf4-be414dd24fbf,true,
d704ab86-d1be-4371-a5ce-fde47fdba6a9,2006383d-6335-447f-90cb-b30e1d6ef370,true,
d704ab86-d1be-4371-a5ce-fde47fdba6a9,87a3f916-7680-481c-9b89-19eb8a991071,true,
d704ab86-d1be-4371-a5ce-fde47fdba6a9,11a41cb5-e889-41e0-954a-7535923b7c9b,true,
d704ab86-d1be-4371-a5ce-fde47fdba6a9,8f751c03-2b88-4c13-bb4d-cf070cc87249,true,
d704ab86-d1be-4371-a5ce-fde47fdba6a9,e11d2fd5-17be-467c-bff9-70a3b62f6722,true,
d704ab86-d1be-4371-a5ce-fde47fdba6a9,20a231d5-a038-42a4-8c09-34b6115cb6d3,true,
d704ab86-d1be-4371-a5ce-fde47fdba6a9,9f32fe4e-ec0f-4253-9e69-e575649eca48,true,
d704ab86-d1be-4371-a5ce-fde47fdba6a9,d8794452-aeca-4666-9a23-9ade07cb041e,true,
d704ab86-d1be-4371-a5ce-fde47fdba6a9,0acd16ab-a54e-43b1-81e9-d060af4db209,true,
d704ab86-d1be-4371-a5ce-fde47fdba6a9,e3c763c8-cf27-4f59-a7da-2ab41bf1d971,true,
d704ab86-d1be-4371-a5ce-fde47fdba6a9,6243e3db-9b1b-484c-99e4-c8882c48d30f,true,
d704ab86-d1be-4371-a5ce-fde47fdba6a9,262eb09e-2c4d-4f13-8eb6-a9f005734da5,true,
d704ab86-d1be-4371-a5ce-fde47fdba6a9,9145f83a-0137-41eb-b1a9-945fec98ad42,true,
d704ab86-d1be-4371-a5ce-fde47fdba6a9,04a29f34-79ee-4dd9-bb54-0a5d01f2a2e5,true,
d704ab86-d1be-4371-a5ce-fde47fdba6a9,a6945b2d-e6de-4296-8223-00f3ec663ee6,true,
d704ab86-d1be-4371-a5ce-fde47fdba6a9,f3dac37c-8f1a-4ba2-8746-53e65c3330d6,true,
d704ab86-d1be-4371-a5ce-fde47fdba6a9,4a433196-887e-4acf-ac9a-cbf305a3d43f,true,
d704ab86-d1be-4371-a5ce-fde47fdba6a9,58235969-aeae-4571-8229-0d3c1563d151,true,
d704ab86-d1be-4371-a5ce-fde47fdba6a9,08673b55-9436-4e42-90ce-58cb62bd61da,true,
d704ab86-d1be-4371-a5ce-fde47fdba6a9,d7c2f30a-d7a9-444d-a7a8-e29cb7fccba0,true,
d704ab86-d1be-4371-a5ce-fde47fdba6a9,d28f6952-6b1f-4266-95f7-ebda615ce81b,true,
d704ab86-d1be-4371-a5ce-fde47fdba6a9,a2aab31b-b49b-4983-9d91-87d972b37819,true,
d704ab86-d1be-4371-a5ce-fde47fdba6a9,5c4a2e00-6281-4f67-8e40-c564d9d44245,true,
d704ab86-d1be-4371-a5ce-fde47fdba6a9,cccd5d1d-9e64-4d04-b999-337504c842da,true,
d704ab86-d1be-4371-a5ce-fde47fdba6a9,1e290817-36f8-4f3c-92e2-b07ff6ce0c93,true,

Summary,Total=3551,Passed=3396,KillRate=4.4%,TimeCost=1.19 s
