OriginalTestCaseId,TestCaseId,Success,FailureMessage
f7c7fb68-706c-4c1d-b2ba-6f1b14af3d6d,cc20688b-e684-434a-b021-b8f59a607671,false,[NO_5XX] Unexpected 5XX response: 504
f7c7fb68-706c-4c1d-b2ba-6f1b14af3d6d,cd796400-3230-4131-bdf1-d19ad46225ca,false,"[OAS] [OAS] validation failed:
 - ERROR - Object instance has properties which are not allowed by the schema: [""randomBoolean1""]: []
"
f7c7fb68-706c-4c1d-b2ba-6f1b14af3d6d,d4c8dd18-1c74-47a5-9e69-a86a07ad0fd9,false,"[OAS] [OAS] validation failed:
 - ERROR - [Path '/age'] Instance type (number) does not match any allowed primitive type (allowed: [""integer""]): []
"
f7c7fb68-706c-4c1d-b2ba-6f1b14af3d6d,73277dde-66a2-44c1-8fd3-b0b99f6d894d,false,"[OAS] [OAS] validation failed:
 - ERROR - [Path '/address'] Instance type (null) does not match any allowed primitive type (allowed: [""object""]): []
"
f7c7fb68-706c-4c1d-b2ba-6f1b14af3d6d,bbf92c74-be58-41fe-b26a-34f64e9c60aa,false,"[OAS] [OAS] validation failed:
 - ERROR - [Path '/address/number'] Instance type (null) does not match any allowed primitive type (allowed: [""integer""]): []
"
f7c7fb68-706c-4c1d-b2ba-6f1b14af3d6d,14e43b6b-4bf1-43a6-b2f1-a06cea0c3924,false,"[OAS] [OAS] validation failed:
 - ERROR - [Path '/address/postcode'] Instance type (number) does not match any allowed primitive type (allowed: [""null"",""string""]): []
"
f7c7fb68-706c-4c1d-b2ba-6f1b14af3d6d,fd4aa170-6b93-4d1f-84d5-ade18560279c,false,"[OAS] [OAS] validation failed:
 - ERROR - [Path '/address/city'] Instance type (object) does not match any allowed primitive type (allowed: [""null"",""string""]): []
"
f7c7fb68-706c-4c1d-b2ba-6f1b14af3d6d,aab4a122-7ae4-4b0a-b4d8-9f2280144701,false,"[OAS] [OAS] validation failed:
 - ERROR - [Path '/address/country'] Instance type (object) does not match any allowed primitive type (allowed: [""null"",""string""]): []
"
f7c7fb68-706c-4c1d-b2ba-6f1b14af3d6d,4f8c9298-062a-4f54-836a-6d86699f8b3b,false,"[OAS] [OAS] validation failed:
 - ERROR - [Path '/insurance'] Instance type (number) does not match any allowed primitive type (allowed: [""boolean""]): []
"
f7c7fb68-706c-4c1d-b2ba-6f1b14af3d6d,6d34016d-dc78-484a-8df1-92050d181a16,false,"[OAS] [OAS] validation failed:
 - ERROR - [Path '/cars/0'] Instance type (null) does not match any allowed primitive type (allowed: [""object""]): []
"
f7c7fb68-706c-4c1d-b2ba-6f1b14af3d6d,45400132-31f8-468d-a2c5-17ee71f5c2b6,false,"[OAS] [OAS] validation failed:
 - ERROR - [Path '/cars/0/brand'] Instance type (object) does not match any allowed primitive type (allowed: [""null"",""string""]): []
"
f7c7fb68-706c-4c1d-b2ba-6f1b14af3d6d,3133a179-2210-4128-bb14-53c3b575e5bc,false,"[OAS] [OAS] validation failed:
 - ERROR - [Path '/cars/0/maxSpeedKmH'] Instance type (boolean) does not match any allowed primitive type (allowed: [""integer"",""null"",""number""]): []
"
e6db2930-52e1-417b-9e30-47f435762d65,1ca015ed-4eee-4075-90e9-6313ce08aaa2,false,"[OAS] [OAS] validation failed:
 - ERROR - No response body is expected but one was found.: []
"
e6db2930-52e1-417b-9e30-47f435762d65,f9067946-e9b3-4980-82ff-a7c52cea8088,false,"[OAS] [OAS] validation failed:
 - ERROR - [Path '/firstName'] Instance type (null) does not match any allowed primitive type (allowed: [""string""]): []
"
e6db2930-52e1-417b-9e30-47f435762d65,82877689-cac5-44cf-afc4-cb204b50d823,false,"[OAS] [OAS] validation failed:
 - ERROR - [Path '/age'] Instance type (null) does not match any allowed primitive type (allowed: [""integer""]): []
"
e6db2930-52e1-417b-9e30-47f435762d65,89194d55-5893-4ef3-86db-e7882730341a,false,"[OAS] [OAS] validation failed:
 - ERROR - [Path '/address'] Instance type (null) does not match any allowed primitive type (allowed: [""object""]): []
"
e6db2930-52e1-417b-9e30-47f435762d65,ed270d9c-d60d-4b0e-a5b5-d56e844b4c7a,false,"[OAS] [OAS] validation failed:
 - ERROR - [Path '/address/number'] Instance type (null) does not match any allowed primitive type (allowed: [""integer""]): []
"
e6db2930-52e1-417b-9e30-47f435762d65,004d947d-f192-431c-832f-bfbce85d3138,false,"[OAS] [OAS] validation failed:
 - ERROR - [Path '/address/country'] Instance type (integer) does not match any allowed primitive type (allowed: [""null"",""string""]): []
"
e6db2930-52e1-417b-9e30-47f435762d65,cf65aab5-babd-4934-aaa3-08e9cc5bcdc3,false,"[OAS] [OAS] validation failed:
 - ERROR - [Path '/cars'] Instance type (number) does not match any allowed primitive type (allowed: [""array""]): []
"
e6db2930-52e1-417b-9e30-47f435762d65,56ad6da2-3697-49d1-be67-e1521b67e5e5,false,"[OAS] [OAS] validation failed:
 - ERROR - [Path '/cars/0/maxSpeedKmH'] Instance type (boolean) does not match any allowed primitive type (allowed: [""integer"",""null"",""number""]): []
"
d63da80a-dc51-488f-8064-3c7a36ebb0a7,0dcb8610-217e-486d-9a22-a8572ec6d534,false,"[OAS] [OAS] validation failed:
 - ERROR - Response status 200 not defined for path '/api/person'.: []
"
d63da80a-dc51-488f-8064-3c7a36ebb0a7,d7b0dc18-b4f2-4db8-b6f3-3a951deff667,false,"[OAS] [OAS] validation failed:
 - ERROR - Object instance has properties which are not allowed by the schema: [""{\""lastName\"":\""García\"",\""age\"":42,\""address\"":{\""number\"":5,\""street\"":\""Baker Street\"",\""postcode\"":\""630099\"",\""city\"":null,\""country\"":\""Россия\""},\""cars\"":[{\""brand\"":\""Renault\"",\""model\"":null,\""maxSpeedKmH\"":null}]}""]: []
"
d63da80a-dc51-488f-8064-3c7a36ebb0a7,b4efc53d-d4cb-4784-8639-4ed36f60fa42,false,"[OAS] [OAS] validation failed:
 - ERROR - Object instance has properties which are not allowed by the schema: [""randomBoolean1""]: []
"
d63da80a-dc51-488f-8064-3c7a36ebb0a7,fe84ceb7-3530-4de6-a612-5c3b55c6ce52,false,"[OAS] [OAS] validation failed:
 - ERROR - [Path '/age'] Instance type (number) does not match any allowed primitive type (allowed: [""integer""]): []
"
d63da80a-dc51-488f-8064-3c7a36ebb0a7,56daa212-3b09-406e-bd96-f67982b60b72,false,"[OAS] [OAS] validation failed:
 - ERROR - [Path '/address/city'] Instance type (number) does not match any allowed primitive type (allowed: [""null"",""string""]): []
"
d63da80a-dc51-488f-8064-3c7a36ebb0a7,72bd850d-6897-489e-8557-4ddc5aaefc03,false,"[OAS] [OAS] validation failed:
 - ERROR - [Path '/address/country'] Instance type (array) does not match any allowed primitive type (allowed: [""null"",""string""]): []
"
d63da80a-dc51-488f-8064-3c7a36ebb0a7,1ca4e281-5840-4340-bbaf-8329e814e5d3,false,"[OAS] [OAS] validation failed:
 - ERROR - [Path '/cars'] Instance type (number) does not match any allowed primitive type (allowed: [""array""]): []
"
d63da80a-dc51-488f-8064-3c7a36ebb0a7,8eb4444b-fd22-4510-8ea6-83d7279aa210,false,"[OAS] [OAS] validation failed:
 - ERROR - [Path '/cars/0'] Instance type (array) does not match any allowed primitive type (allowed: [""object""]): []
"
d63da80a-dc51-488f-8064-3c7a36ebb0a7,e4029837-d77b-46d0-a63f-6792b0177c75,false,"[OAS] [OAS] validation failed:
 - ERROR - [Path '/cars/0/brand'] Instance type (integer) does not match any allowed primitive type (allowed: [""null"",""string""]): []
"
d63da80a-dc51-488f-8064-3c7a36ebb0a7,52ebdefd-30bd-417a-a3e9-a9fb1bf08f2a,false,"[OAS] [OAS] validation failed:
 - ERROR - [Path '/cars/0/model'] Instance type (object) does not match any allowed primitive type (allowed: [""null"",""string""]): []
"
d63da80a-dc51-488f-8064-3c7a36ebb0a7,7a1856bc-0815-4c20-8c09-a9b4ff785c71,false,"[OAS] [OAS] validation failed:
 - ERROR - [Path '/cars/0/maxSpeedKmH'] Instance type (object) does not match any allowed primitive type (allowed: [""integer"",""null"",""number""]): []
"
398e2e46-528d-416c-b5f0-dde54c5ff06d,c9dfdbe4-d45f-436a-a8c3-da6b861f6b5c,false,"[OAS] [OAS] validation failed:
 - ERROR - No response body is expected but one was found.: []
"
398e2e46-528d-416c-b5f0-dde54c5ff06d,07e6f215-1217-44f2-a164-6de750101585,false,"[OAS] [OAS] validation failed:
 - ERROR - [Path '/lastName'] Instance type (null) does not match any allowed primitive type (allowed: [""string""]): []
"
398e2e46-528d-416c-b5f0-dde54c5ff06d,4f3bb033-59ca-4667-86a6-2b8cbd31f2af,false,"[OAS] [OAS] validation failed:
 - ERROR - [Path '/address/number'] Instance type (object) does not match any allowed primitive type (allowed: [""integer""]): []
"
398e2e46-528d-416c-b5f0-dde54c5ff06d,1fa03829-7ea0-41a8-804f-79bf4b599bb5,false,"[OAS] [OAS] validation failed:
 - ERROR - [Path '/address/street'] Instance type (number) does not match any allowed primitive type (allowed: [""null"",""string""]): []
"
398e2e46-528d-416c-b5f0-dde54c5ff06d,d37ad884-95e3-4d99-ada8-e35aa8293b05,false,"[OAS] [OAS] validation failed:
 - ERROR - [Path '/address/postcode'] Instance type (object) does not match any allowed primitive type (allowed: [""null"",""string""]): []
"
398e2e46-528d-416c-b5f0-dde54c5ff06d,e1694cd4-52f4-47aa-b61f-b9028bf08d40,false,"[OAS] [OAS] validation failed:
 - ERROR - [Path '/insurance'] Instance type (number) does not match any allowed primitive type (allowed: [""boolean""]): []
"
398e2e46-528d-416c-b5f0-dde54c5ff06d,183affd9-ad2a-4780-8766-42267456a890,false,"[OAS] [OAS] validation failed:
 - ERROR - [Path '/cars/1'] Instance type (boolean) does not match any allowed primitive type (allowed: [""object""]): []
"
398e2e46-528d-416c-b5f0-dde54c5ff06d,5e83bb7d-4a31-4fde-bc91-b886700eb732,false,"[OAS] [OAS] validation failed:
 - ERROR - [Path '/cars/0/model'] Instance type (object) does not match any allowed primitive type (allowed: [""null"",""string""]): []
"
398e2e46-528d-416c-b5f0-dde54c5ff06d,f0c83f9e-1f83-4a2d-9d6c-d623f5c6f092,false,"[OAS] [OAS] validation failed:
 - ERROR - [Path '/cars/0/maxSpeedKmH'] Value for float leads to overflow (original: -423735.846429718, converted: -423735.84): []
"
8755eef6-c482-4540-97d3-6e7631bfc34b,930f2c06-b5e8-46b2-b4da-028cd96479ce,false,"[OAS] [OAS] validation failed:
 - ERROR - No response body is expected but one was found.: []
"
8755eef6-c482-4540-97d3-6e7631bfc34b,5274bccf-db3d-44f2-bd70-a6aa51d81643,false,"[OAS] [OAS] validation failed:
 - ERROR - [Path '/age'] Instance type (number) does not match any allowed primitive type (allowed: [""integer""]): []
"
8755eef6-c482-4540-97d3-6e7631bfc34b,1fcb0dad-4b61-4716-9245-1dcbbd36178f,false,"[OAS] [OAS] validation failed:
 - ERROR - [Path '/address'] Instance type (number) does not match any allowed primitive type (allowed: [""object""]): []
"
8755eef6-c482-4540-97d3-6e7631bfc34b,89771cf0-ce8d-4548-8642-2e4f25434171,false,"[OAS] [OAS] validation failed:
 - ERROR - [Path '/address/street'] Instance type (number) does not match any allowed primitive type (allowed: [""null"",""string""]): []
"
8755eef6-c482-4540-97d3-6e7631bfc34b,b4501316-2c8d-4e6d-a36a-726d6d51b8a8,false,"[OAS] [OAS] validation failed:
 - ERROR - [Path '/cars/0'] Object instance has properties which are not allowed by the schema: [""randomArray3"",""randomLong2"",""randomObject1"",""randomObject4""]: []
"
8755eef6-c482-4540-97d3-6e7631bfc34b,5d2468d7-5385-4900-a7a3-1c028eb2a45f,false,"[OAS] [OAS] validation failed:
 - ERROR - [Path '/cars/0/maxSpeedKmH'] Instance type (boolean) does not match any allowed primitive type (allowed: [""integer"",""null"",""number""]): []
"
d76645dd-7e0a-4c3d-8eb7-6be2c961a34b,6a1553fc-8240-4dd3-a733-12690479b67b,false,"[OAS] [OAS] validation failed:
 - ERROR - Response status 409 not defined for path '/api/person'.: []
"
d76645dd-7e0a-4c3d-8eb7-6be2c961a34b,8ccb4a48-007d-4b34-a756-9f6d808544f4,false,"[OAS] [OAS] validation failed:
 - ERROR - [Path '/lastName'] Instance type (null) does not match any allowed primitive type (allowed: [""string""]): []
"
d76645dd-7e0a-4c3d-8eb7-6be2c961a34b,36872757-4b3b-4936-8bfc-e1d3b0ba8fe7,false,"[OAS] [OAS] validation failed:
 - ERROR - [Path '/age'] Instance type (null) does not match any allowed primitive type (allowed: [""integer""]): []
"
d76645dd-7e0a-4c3d-8eb7-6be2c961a34b,41b8f8ba-d31d-45a6-abe8-f49dcab0e4cb,false,"[OAS] [OAS] validation failed:
 - ERROR - [Path '/address'] Instance type (null) does not match any allowed primitive type (allowed: [""object""]): []
"
d76645dd-7e0a-4c3d-8eb7-6be2c961a34b,4f525a62-e478-4ed7-b9be-8296ef2a0286,false,"[OAS] [OAS] validation failed:
 - ERROR - [Path '/address/street'] Instance type (object) does not match any allowed primitive type (allowed: [""null"",""string""]): []
"
d76645dd-7e0a-4c3d-8eb7-6be2c961a34b,fbe7bff2-ce6b-44b6-871b-3a0b4a202521,false,"[OAS] [OAS] validation failed:
 - ERROR - [Path '/address/city'] Instance type (number) does not match any allowed primitive type (allowed: [""null"",""string""]): []
"
d76645dd-7e0a-4c3d-8eb7-6be2c961a34b,29cc944f-9afc-43d8-a6b1-d25186d9a4a5,false,"[OAS] [OAS] validation failed:
 - ERROR - [Path '/cars'] Instance type (null) does not match any allowed primitive type (allowed: [""array""]): []
"
d76645dd-7e0a-4c3d-8eb7-6be2c961a34b,5bb1fc5f-52b9-4204-bb5e-8b94f7ed6958,false,"[OAS] [OAS] validation failed:
 - ERROR - [Path '/cars/0'] Object instance has properties which are not allowed by the schema: [""randomArray3"",""randomLong2"",""randomObject1"",""randomObject4""]: []
"
d76645dd-7e0a-4c3d-8eb7-6be2c961a34b,0730c602-c137-48f7-a1b4-a2e505993c9c,false,"[OAS] [OAS] validation failed:
 - ERROR - [Path '/cars/0/model'] Instance type (object) does not match any allowed primitive type (allowed: [""null"",""string""]): []
"
365ffad0-57fe-4991-aac2-9e2406496d5e,5a25789a-686d-43c7-ae41-d2fe605ce3cc,false,"[OAS] [OAS] validation failed:
 - ERROR - No response body is expected but one was found.: []
"
365ffad0-57fe-4991-aac2-9e2406496d5e,17482c1a-9844-425b-8088-042f9a3d2e9b,false,"[OAS] [OAS] validation failed:
 - ERROR - Object instance has properties which are not allowed by the schema: [""randomBoolean1""]: []
"
365ffad0-57fe-4991-aac2-9e2406496d5e,733c0ba8-d54f-4a96-ac4a-f270abf63f87,false,"[OAS] [OAS] validation failed:
 - ERROR - [Path '/age'] Instance type (number) does not match any allowed primitive type (allowed: [""integer""]): []
"
365ffad0-57fe-4991-aac2-9e2406496d5e,9c907894-d628-4588-b513-ccd0c1e09ef1,false,"[OAS] [OAS] validation failed:
 - ERROR - [Path '/address'] Instance type (number) does not match any allowed primitive type (allowed: [""object""]): []
"
365ffad0-57fe-4991-aac2-9e2406496d5e,a0253773-5b9b-4ef4-bf22-d09ea4b23b2f,false,"[OAS] [OAS] validation failed:
 - ERROR - [Path '/address/number'] Instance type (object) does not match any allowed primitive type (allowed: [""integer""]): []
"
365ffad0-57fe-4991-aac2-9e2406496d5e,430d1a9e-4768-410b-bcc7-d77a31f76512,false,"[OAS] [OAS] validation failed:
 - ERROR - [Path '/insurance'] Instance type (null) does not match any allowed primitive type (allowed: [""boolean""]): []
"
365ffad0-57fe-4991-aac2-9e2406496d5e,91596be7-f54e-4f7d-8ec1-753f78d50fe0,false,"[OAS] [OAS] validation failed:
 - ERROR - [Path '/cars/0/model'] Instance type (array) does not match any allowed primitive type (allowed: [""null"",""string""]): []
"
365ffad0-57fe-4991-aac2-9e2406496d5e,f18901b4-794a-499f-8bc6-6f97f18df034,false,"[OAS] [OAS] validation failed:
 - ERROR - [Path '/cars/0/maxSpeedKmH'] Value for float leads to overflow (original: -423735.846429718, converted: -423735.84): []
"
091c7747-1f7b-42cf-8d24-e09fb0c57096,ec6ba631-265b-4103-9b5b-322128679e97,false,[NO_5XX] Unexpected 5XX response: 500
091c7747-1f7b-42cf-8d24-e09fb0c57096,5fb60ba3-8fc0-4ca0-8a10-705cc2070505,false,"[OAS] [OAS] validation failed:
 - ERROR - [Path '/age'] Instance type (null) does not match any allowed primitive type (allowed: [""integer""]): []
"
091c7747-1f7b-42cf-8d24-e09fb0c57096,fb4f72ea-8df5-4ae0-965a-a89e07475620,false,"[OAS] [OAS] validation failed:
 - ERROR - [Path '/address'] Object instance has properties which are not allowed by the schema: [""randomBoolean1"",""randomObject2""]: []
"
091c7747-1f7b-42cf-8d24-e09fb0c57096,ac0d5536-1a65-433e-8142-7dc33d245a76,false,"[OAS] [OAS] validation failed:
 - ERROR - [Path '/address/number'] Instance type (object) does not match any allowed primitive type (allowed: [""integer""]): []
"
091c7747-1f7b-42cf-8d24-e09fb0c57096,35d28c1e-6117-40d1-ad47-a75ae7e5d008,false,"[OAS] [OAS] validation failed:
 - ERROR - [Path '/address/postcode'] Instance type (number) does not match any allowed primitive type (allowed: [""null"",""string""]): []
"
091c7747-1f7b-42cf-8d24-e09fb0c57096,4d97c8fb-1da9-4f12-b7a6-d95c5ca0eff8,false,"[OAS] [OAS] validation failed:
 - ERROR - [Path '/address/country'] Instance type (array) does not match any allowed primitive type (allowed: [""null"",""string""]): []
"
091c7747-1f7b-42cf-8d24-e09fb0c57096,e7f9835f-1084-44f8-9287-de80783d9f09,false,"[OAS] [OAS] validation failed:
 - ERROR - [Path '/cars'] Instance type (number) does not match any allowed primitive type (allowed: [""array""]): []
"
091c7747-1f7b-42cf-8d24-e09fb0c57096,9911f765-d803-496a-97e8-ca3412dda63f,false,"[OAS] [OAS] validation failed:
 - ERROR - [Path '/cars/0'] Instance type (array) does not match any allowed primitive type (allowed: [""object""]): []
"
091c7747-1f7b-42cf-8d24-e09fb0c57096,6630aae8-b248-43e3-978b-c016ae8c6c49,false,"[OAS] [OAS] validation failed:
 - ERROR - [Path '/cars/0/maxSpeedKmH'] Instance type (object) does not match any allowed primitive type (allowed: [""integer"",""null"",""number""]): []
"
98dd03c5-0016-40cf-a16d-b99ba8a4181a,fc129a5f-f77c-41ef-aadd-114fa242195b,false,"[OAS] [OAS] validation failed:
 - ERROR - No response body is expected but one was found.: []
"
98dd03c5-0016-40cf-a16d-b99ba8a4181a,6fcef95f-b1ce-4dd8-a9f9-e9cf634dabcf,false,"[OAS] [OAS] validation failed:
 - ERROR - [Path '/age'] Instance type (null) does not match any allowed primitive type (allowed: [""integer""]): []
"
98dd03c5-0016-40cf-a16d-b99ba8a4181a,7a6de443-4287-4139-bbe4-51db215ceb1c,false,"[OAS] [OAS] validation failed:
 - ERROR - [Path '/address'] Instance type (null) does not match any allowed primitive type (allowed: [""object""]): []
"
98dd03c5-0016-40cf-a16d-b99ba8a4181a,2be9378d-6be1-4d5c-9317-b402d6c54696,false,"[OAS] [OAS] validation failed:
 - ERROR - [Path '/address/number'] Instance type (null) does not match any allowed primitive type (allowed: [""integer""]): []
"
98dd03c5-0016-40cf-a16d-b99ba8a4181a,0ca4e581-caf5-4d47-9102-501182cb18a5,false,"[OAS] [OAS] validation failed:
 - ERROR - [Path '/address/postcode'] Instance type (array) does not match any allowed primitive type (allowed: [""null"",""string""]): []
"
98dd03c5-0016-40cf-a16d-b99ba8a4181a,fe01985b-3c6a-4182-a0a7-4bcdd50beb03,false,"[OAS] [OAS] validation failed:
 - ERROR - [Path '/address/country'] Instance type (array) does not match any allowed primitive type (allowed: [""null"",""string""]): []
"
98dd03c5-0016-40cf-a16d-b99ba8a4181a,be74a289-7c1b-41dd-a46b-f96e3329fd3e,false,"[OAS] [OAS] validation failed:
 - ERROR - [Path '/insurance'] Instance type (null) does not match any allowed primitive type (allowed: [""boolean""]): []
"
98dd03c5-0016-40cf-a16d-b99ba8a4181a,f0c998a3-9f37-4733-ae9b-146aca8fc04d,false,"[OAS] [OAS] validation failed:
 - ERROR - [Path '/cars/0/model'] Instance type (array) does not match any allowed primitive type (allowed: [""null"",""string""]): []
"
98dd03c5-0016-40cf-a16d-b99ba8a4181a,42df0c29-3b3e-4af3-ba52-53d3cc674a71,false,"[OAS] [OAS] validation failed:
 - ERROR - [Path '/cars/0/maxSpeedKmH'] Value for float leads to overflow (original: -289976.8137227148, converted: -289976.8): []
"
c5bce928-73a1-46a6-9b93-a12609409f84,c217f680-7730-40cc-8e02-79f85e591862,false,"[OAS] [OAS] validation failed:
 - ERROR - Response status 204 not defined for path '/api/person'.: []
"
c5bce928-73a1-46a6-9b93-a12609409f84,f92128f8-6c85-40c2-9844-c658da5b969e,false,"[OAS] [OAS] validation failed:
 - ERROR - [Path '/firstName'] Instance type (number) does not match any allowed primitive type (allowed: [""string""]): []
"
c5bce928-73a1-46a6-9b93-a12609409f84,491b2f76-53e1-499a-b054-70526d78e121,false,"[OAS] [OAS] validation failed:
 - ERROR - [Path '/lastName'] Instance type (object) does not match any allowed primitive type (allowed: [""string""]): []
"
c5bce928-73a1-46a6-9b93-a12609409f84,b6ec4417-e760-4479-bf48-0b569164ee4a,false,"[OAS] [OAS] validation failed:
 - ERROR - [Path '/age'] Instance type (number) does not match any allowed primitive type (allowed: [""integer""]): []
"
c5bce928-73a1-46a6-9b93-a12609409f84,71cc4989-a876-4111-aeb0-f0760245558b,false,"[OAS] [OAS] validation failed:
 - ERROR - [Path '/address'] Instance type (null) does not match any allowed primitive type (allowed: [""object""]): []
"
c5bce928-73a1-46a6-9b93-a12609409f84,23d4aa62-f057-49fc-88a6-bee181a561c2,false,"[OAS] [OAS] validation failed:
 - ERROR - [Path '/address/number'] Instance type (null) does not match any allowed primitive type (allowed: [""integer""]): []
"
c5bce928-73a1-46a6-9b93-a12609409f84,85aa110b-3aef-46fa-bcdb-6c43fbaed8f4,false,"[OAS] [OAS] validation failed:
 - ERROR - [Path '/address/street'] Instance type (object) does not match any allowed primitive type (allowed: [""null"",""string""]): []
"
c5bce928-73a1-46a6-9b93-a12609409f84,7c53e9ee-c840-474d-89c1-52e496310300,false,"[OAS] [OAS] validation failed:
 - ERROR - [Path '/cars/1'] Instance type (boolean) does not match any allowed primitive type (allowed: [""object""]): []
"
c5bce928-73a1-46a6-9b93-a12609409f84,45355c9e-ca10-421b-9269-cf2d3b546fff,false,"[OAS] [OAS] validation failed:
 - ERROR - [Path '/cars/0'] Instance type (array) does not match any allowed primitive type (allowed: [""object""]): []
"
c5bce928-73a1-46a6-9b93-a12609409f84,ddaf7f7b-886c-4dcc-9413-36cdb4d38843,false,"[OAS] [OAS] validation failed:
 - ERROR - [Path '/cars/0/brand'] Instance type (number) does not match any allowed primitive type (allowed: [""null"",""string""]): []
"
c5bce928-73a1-46a6-9b93-a12609409f84,c705a351-cce1-495a-a872-d0d24111ba79,false,"[OAS] [OAS] validation failed:
 - ERROR - [Path '/cars/0/maxSpeedKmH'] Instance type (boolean) does not match any allowed primitive type (allowed: [""integer"",""null"",""number""]): []
"
f45e504a-063e-4fa1-8c96-e317424b7a7f,5bfe4fe4-6d30-4d1f-af52-816dc88cac63,false,"[OAS] [OAS] validation failed:
 - ERROR - Response status 409 not defined for path '/api/person'.: []
"
f45e504a-063e-4fa1-8c96-e317424b7a7f,902166a0-4ab8-4bbe-ab92-2a8f3b6871e2,false,"[OAS] [OAS] validation failed:
 - ERROR - Object instance has properties which are not allowed by the schema: [""randomBoolean1""]: []
"
f45e504a-063e-4fa1-8c96-e317424b7a7f,d0b79c2f-31e6-4544-b9b2-809a105cf516,false,"[OAS] [OAS] validation failed:
 - ERROR - [Path '/age'] Instance type (null) does not match any allowed primitive type (allowed: [""integer""]): []
"
f45e504a-063e-4fa1-8c96-e317424b7a7f,cee6bb53-e635-4fb1-94ed-351758439521,false,"[OAS] [OAS] validation failed:
 - ERROR - [Path '/address'] Object instance has properties which are not allowed by the schema: [""randomBoolean1"",""randomObject2""]: []
"
f45e504a-063e-4fa1-8c96-e317424b7a7f,54f38c27-1db1-404a-8685-b85b781e9b05,false,"[OAS] [OAS] validation failed:
 - ERROR - [Path '/address/number'] Instance type (object) does not match any allowed primitive type (allowed: [""integer""]): []
"
f45e504a-063e-4fa1-8c96-e317424b7a7f,53394e4d-7cc2-405e-b0b3-275207743094,false,"[OAS] [OAS] validation failed:
 - ERROR - [Path '/address/postcode'] Instance type (object) does not match any allowed primitive type (allowed: [""null"",""string""]): []
"
f45e504a-063e-4fa1-8c96-e317424b7a7f,a670c51a-b665-40a3-a57f-0280dca5964c,false,"[OAS] [OAS] validation failed:
 - ERROR - [Path '/address/city'] Instance type (array) does not match any allowed primitive type (allowed: [""null"",""string""]): []
"
f45e504a-063e-4fa1-8c96-e317424b7a7f,628b95bf-488f-4e35-b64b-045f7504a7a4,false,"[OAS] [OAS] validation failed:
 - ERROR - [Path '/address/country'] Instance type (number) does not match any allowed primitive type (allowed: [""null"",""string""]): []
"
f45e504a-063e-4fa1-8c96-e317424b7a7f,f798c2d8-51e5-4f5b-bf06-5a8926dcebf8,false,"[OAS] [OAS] validation failed:
 - ERROR - [Path '/cars'] Instance type (null) does not match any allowed primitive type (allowed: [""array""]): []
"
f45e504a-063e-4fa1-8c96-e317424b7a7f,cfdffb43-70c1-45d1-bc4e-b4e7334ad6e6,false,"[OAS] [OAS] validation failed:
 - ERROR - [Path '/cars/0'] Instance type (null) does not match any allowed primitive type (allowed: [""object""]): []
"
f45e504a-063e-4fa1-8c96-e317424b7a7f,975b64a3-0e62-4641-be58-078d1bb51e23,false,"[OAS] [OAS] validation failed:
 - ERROR - [Path '/cars/0/brand'] Instance type (object) does not match any allowed primitive type (allowed: [""null"",""string""]): []
"
68596bca-f1db-4b8d-bc1e-e3c011daf2c4,d4c13d36-6b0c-460b-be31-b8b35e4d6068,false,[NO_5XX] Unexpected 5XX response: 501
68596bca-f1db-4b8d-bc1e-e3c011daf2c4,bb82556f-0ab6-4145-8a54-126cde71006f,false,"[OAS] [OAS] validation failed:
 - ERROR - [Path '/age'] Instance type (number) does not match any allowed primitive type (allowed: [""integer""]): []
"
68596bca-f1db-4b8d-bc1e-e3c011daf2c4,7caf4d7c-a4a2-46ee-8c97-b6c34481aa2d,false,"[OAS] [OAS] validation failed:
 - ERROR - [Path '/address'] Instance type (null) does not match any allowed primitive type (allowed: [""object""]): []
"
68596bca-f1db-4b8d-bc1e-e3c011daf2c4,2951eab1-5ec3-421d-aa7f-7fca80e4d66b,false,"[OAS] [OAS] validation failed:
 - ERROR - [Path '/address/street'] Instance type (number) does not match any allowed primitive type (allowed: [""null"",""string""]): []
"
68596bca-f1db-4b8d-bc1e-e3c011daf2c4,292e1512-4a1a-4f79-9f54-641bb5235dec,false,"[OAS] [OAS] validation failed:
 - ERROR - [Path '/address/postcode'] Instance type (object) does not match any allowed primitive type (allowed: [""null"",""string""]): []
"
68596bca-f1db-4b8d-bc1e-e3c011daf2c4,593f87b6-4cf8-40c3-8761-ff85f6e9bac4,false,"[OAS] [OAS] validation failed:
 - ERROR - [Path '/address/country'] Instance type (object) does not match any allowed primitive type (allowed: [""null"",""string""]): []
"
68596bca-f1db-4b8d-bc1e-e3c011daf2c4,0e8bd200-2540-43e1-bcce-d2ed1fb6b0df,false,"[OAS] [OAS] validation failed:
 - ERROR - [Path '/insurance'] Instance type (number) does not match any allowed primitive type (allowed: [""boolean""]): []
"
68596bca-f1db-4b8d-bc1e-e3c011daf2c4,7f18d2ba-2227-4f20-8187-82c69f2afe61,false,"[OAS] [OAS] validation failed:
 - ERROR - [Path '/cars'] Instance type (number) does not match any allowed primitive type (allowed: [""array""]): []
"
68596bca-f1db-4b8d-bc1e-e3c011daf2c4,b93655e7-382b-41fe-8cb6-3fda3a612569,false,"[OAS] [OAS] validation failed:
 - ERROR - [Path '/cars/0'] Object instance has properties which are not allowed by the schema: [""randomArray3"",""randomLong2"",""randomObject1"",""randomObject4""]: []
"
68596bca-f1db-4b8d-bc1e-e3c011daf2c4,52c3c302-cf3d-43c2-95b6-54a1704b32d8,false,"[OAS] [OAS] validation failed:
 - ERROR - [Path '/cars/0/model'] Instance type (array) does not match any allowed primitive type (allowed: [""null"",""string""]): []
"
68596bca-f1db-4b8d-bc1e-e3c011daf2c4,b9b5bd75-4902-445b-879d-0e8d86169181,false,"[OAS] [OAS] validation failed:
 - ERROR - [Path '/cars/0/maxSpeedKmH'] Instance type (boolean) does not match any allowed primitive type (allowed: [""integer"",""null"",""number""]): []
"
0074c7f4-2b53-49b5-b789-dfaa3d645020,3edf2d2a-9c11-4a15-ae39-bb1476a52fbc,false,[NO_5XX] Unexpected 5XX response: 504
0074c7f4-2b53-49b5-b789-dfaa3d645020,4c077ac3-e84d-42a0-b07d-d5179a985dd8,false,"[OAS] [OAS] validation failed:
 - ERROR - Object instance has properties which are not allowed by the schema: [""randomBoolean1""]: []
"
0074c7f4-2b53-49b5-b789-dfaa3d645020,80469096-fa8d-46e2-9ab7-a54f4c9e4d88,false,"[OAS] [OAS] validation failed:
 - ERROR - [Path '/lastName'] Instance type (number) does not match any allowed primitive type (allowed: [""string""]): []
"
0074c7f4-2b53-49b5-b789-dfaa3d645020,ff8fa0d7-f842-4f07-95ed-3b0b85124063,false,"[OAS] [OAS] validation failed:
 - ERROR - [Path '/address'] Object instance has properties which are not allowed by the schema: [""randomBoolean1"",""randomObject2""]: []
"
0074c7f4-2b53-49b5-b789-dfaa3d645020,1f08621c-66b2-4dca-922e-c3dd1b68f926,false,"[OAS] [OAS] validation failed:
 - ERROR - [Path '/address/number'] Instance type (object) does not match any allowed primitive type (allowed: [""integer""]): []
"
0074c7f4-2b53-49b5-b789-dfaa3d645020,b8c3510c-f335-4ce9-9e8f-c9c1185f8560,false,"[OAS] [OAS] validation failed:
 - ERROR - [Path '/address/street'] Instance type (object) does not match any allowed primitive type (allowed: [""null"",""string""]): []
"
0074c7f4-2b53-49b5-b789-dfaa3d645020,98de07e3-8fa8-4114-b59b-715a164b5c95,false,"[OAS] [OAS] validation failed:
 - ERROR - [Path '/address/postcode'] Instance type (object) does not match any allowed primitive type (allowed: [""null"",""string""]): []
"
0074c7f4-2b53-49b5-b789-dfaa3d645020,eb33e4c3-bc3d-45e9-b19a-0891656344da,false,"[OAS] [OAS] validation failed:
 - ERROR - [Path '/address/city'] Instance type (array) does not match any allowed primitive type (allowed: [""null"",""string""]): []
"
0074c7f4-2b53-49b5-b789-dfaa3d645020,f9b5cf31-d7ff-4ddd-b264-8ea4fd4541d0,false,"[OAS] [OAS] validation failed:
 - ERROR - [Path '/address/country'] Instance type (number) does not match any allowed primitive type (allowed: [""null"",""string""]): []
"
0074c7f4-2b53-49b5-b789-dfaa3d645020,a3919395-b4b5-4de5-bd80-970443adbe13,false,"[OAS] [OAS] validation failed:
 - ERROR - [Path '/insurance'] Instance type (null) does not match any allowed primitive type (allowed: [""boolean""]): []
"
0074c7f4-2b53-49b5-b789-dfaa3d645020,2afdd53e-4da4-4cd2-a728-bd9d970292d3,false,"[OAS] [OAS] validation failed:
 - ERROR - [Path '/cars/0'] Instance type (array) does not match any allowed primitive type (allowed: [""object""]): []
"
0074c7f4-2b53-49b5-b789-dfaa3d645020,83deb236-3ebc-49d0-ab1b-93daed5857e4,false,"[OAS] [OAS] validation failed:
 - ERROR - [Path '/cars/0/maxSpeedKmH'] Instance type (boolean) does not match any allowed primitive type (allowed: [""integer"",""null"",""number""]): []
"
b55d3e86-84c0-4f0e-9990-13019274c0ae,d9e76ac1-ce7d-4b39-bdb3-13380d326f46,false,[NO_5XX] Unexpected 5XX response: 501
b55d3e86-84c0-4f0e-9990-13019274c0ae,1b1ed1a9-6da1-467d-b55d-6f9b0dce69b1,false,"[OAS] [OAS] validation failed:
 - ERROR - Object instance has properties which are not allowed by the schema: [""randomBoolean1""]: []
"
b55d3e86-84c0-4f0e-9990-13019274c0ae,44db2f42-7176-4585-ae92-e409e690fbab,false,"[OAS] [OAS] validation failed:
 - ERROR - [Path '/address/postcode'] Instance type (object) does not match any allowed primitive type (allowed: [""null"",""string""]): []
"
b55d3e86-84c0-4f0e-9990-13019274c0ae,1bfbeb7e-5008-459e-a117-03589d98ecc1,false,"[OAS] [OAS] validation failed:
 - ERROR - [Path '/insurance'] Instance type (null) does not match any allowed primitive type (allowed: [""boolean""]): []
"
b55d3e86-84c0-4f0e-9990-13019274c0ae,8c9e1f1c-8eca-49c4-8c46-79982ef7cd6d,false,"[OAS] [OAS] validation failed:
 - ERROR - [Path '/cars/0'] Instance type (null) does not match any allowed primitive type (allowed: [""object""]): []
"
592f5a34-ef47-400b-be30-9247d8932d27,2fa2f8ef-11e3-4d05-b17a-90266540e414,false,"[OAS] [OAS] validation failed:
 - ERROR - Response status 200 not defined for path '/api/person'.: []
"
592f5a34-ef47-400b-be30-9247d8932d27,abe17780-8c50-4408-b627-dea267aa9f93,false,"[OAS] [OAS] validation failed:
 - ERROR - [Path '/firstName'] Instance type (null) does not match any allowed primitive type (allowed: [""string""]): []
"
592f5a34-ef47-400b-be30-9247d8932d27,7fd8982a-465e-46ec-ba7a-fe401d071725,false,"[OAS] [OAS] validation failed:
 - ERROR - [Path '/lastName'] Instance type (null) does not match any allowed primitive type (allowed: [""string""]): []
"
592f5a34-ef47-400b-be30-9247d8932d27,0212fe5c-9ed5-454b-b644-1d0e688f7288,false,"[OAS] [OAS] validation failed:
 - ERROR - [Path '/age'] Instance type (number) does not match any allowed primitive type (allowed: [""integer""]): []
"
592f5a34-ef47-400b-be30-9247d8932d27,7d353a9b-29fa-46a9-882c-cd9b4dc1adad,false,"[OAS] [OAS] validation failed:
 - ERROR - [Path '/address'] Instance type (null) does not match any allowed primitive type (allowed: [""object""]): []
"
592f5a34-ef47-400b-be30-9247d8932d27,ff5d31bb-64c7-4c90-a290-b72827949428,false,"[OAS] [OAS] validation failed:
 - ERROR - [Path '/address/number'] Instance type (null) does not match any allowed primitive type (allowed: [""integer""]): []
"
592f5a34-ef47-400b-be30-9247d8932d27,b250bd39-f3e1-4af7-9ac2-9a2b93a85287,false,"[OAS] [OAS] validation failed:
 - ERROR - [Path '/address/street'] Instance type (number) does not match any allowed primitive type (allowed: [""null"",""string""]): []
"
592f5a34-ef47-400b-be30-9247d8932d27,8a450fb4-8866-48f4-8af9-2689c7f738ea,false,"[OAS] [OAS] validation failed:
 - ERROR - [Path '/address/postcode'] Instance type (object) does not match any allowed primitive type (allowed: [""null"",""string""]): []
"
592f5a34-ef47-400b-be30-9247d8932d27,d1376da5-1ebb-4af2-ae3f-771c7c065453,false,"[OAS] [OAS] validation failed:
 - ERROR - [Path '/address/city'] Instance type (object) does not match any allowed primitive type (allowed: [""null"",""string""]): []
"
592f5a34-ef47-400b-be30-9247d8932d27,05077749-ad15-4a1d-8803-02671c83ba2c,false,"[OAS] [OAS] validation failed:
 - ERROR - [Path '/cars'] Instance type (null) does not match any allowed primitive type (allowed: [""array""]): []
"
592f5a34-ef47-400b-be30-9247d8932d27,df5f8b33-d129-4963-b908-7a13a56c46aa,false,"[OAS] [OAS] validation failed:
 - ERROR - [Path '/cars/0/brand'] Instance type (object) does not match any allowed primitive type (allowed: [""null"",""string""]): []
"
592f5a34-ef47-400b-be30-9247d8932d27,2c2ac2a3-111f-4809-a696-2f46ad764c69,false,"[OAS] [OAS] validation failed:
 - ERROR - [Path '/cars/0/maxSpeedKmH'] Instance type (boolean) does not match any allowed primitive type (allowed: [""integer"",""null"",""number""]): []
"
4fdd1e9a-53b4-4ffc-a042-1bab2fb41da5,9e1ff30b-6c67-433e-b7a9-cba5d92d0fb5,false,"[OAS] [OAS] validation failed:
 - ERROR - Response status 204 not defined for path '/api/person'.: []
"
4fdd1e9a-53b4-4ffc-a042-1bab2fb41da5,26bac3cc-7ac9-4c5e-8081-c9e872073160,false,"[OAS] [OAS] validation failed:
 - ERROR - [Path '/lastName'] Instance type (object) does not match any allowed primitive type (allowed: [""string""]): []
"
4fdd1e9a-53b4-4ffc-a042-1bab2fb41da5,42c98428-d93c-46b6-9d6b-3cdf291e6389,false,"[OAS] [OAS] validation failed:
 - ERROR - [Path '/age'] Instance type (number) does not match any allowed primitive type (allowed: [""integer""]): []
"
4fdd1e9a-53b4-4ffc-a042-1bab2fb41da5,00cf1de6-39c7-4ad0-9cd8-c0f9576e71ff,false,"[OAS] [OAS] validation failed:
 - ERROR - [Path '/address'] Object instance has properties which are not allowed by the schema: [""randomBoolean1"",""randomObject2""]: []
"
4fdd1e9a-53b4-4ffc-a042-1bab2fb41da5,d555cc6e-5244-4af0-b0c9-a42024c56569,false,"[OAS] [OAS] validation failed:
 - ERROR - [Path '/address/number'] Instance type (null) does not match any allowed primitive type (allowed: [""integer""]): []
"
4fdd1e9a-53b4-4ffc-a042-1bab2fb41da5,ae105c48-3d63-43c0-a83c-c65534643ca0,false,"[OAS] [OAS] validation failed:
 - ERROR - [Path '/address/postcode'] Instance type (number) does not match any allowed primitive type (allowed: [""null"",""string""]): []
"
49e8fbdc-1c01-47e6-acb0-acd49ec215e6,3260380c-0aae-4f02-a144-f947dc31d53d,false,[NO_5XX] Unexpected 5XX response: 504
49e8fbdc-1c01-47e6-acb0-acd49ec215e6,514b2efd-9e6f-463e-b7cf-0a076806a38c,false,"[OAS] [OAS] validation failed:
 - ERROR - [Path '/firstName'] Instance type (number) does not match any allowed primitive type (allowed: [""string""]): []
"
49e8fbdc-1c01-47e6-acb0-acd49ec215e6,69cfd338-df52-484e-af2c-bec73aa976a9,false,"[OAS] [OAS] validation failed:
 - ERROR - [Path '/address/number'] Instance type (object) does not match any allowed primitive type (allowed: [""integer""]): []
"
49e8fbdc-1c01-47e6-acb0-acd49ec215e6,230025cf-bd4a-42cf-b01d-0736f080f930,false,"[OAS] [OAS] validation failed:
 - ERROR - [Path '/address/street'] Instance type (number) does not match any allowed primitive type (allowed: [""null"",""string""]): []
"
49e8fbdc-1c01-47e6-acb0-acd49ec215e6,e792669f-92a6-4aff-ad68-7f9772538998,false,"[OAS] [OAS] validation failed:
 - ERROR - [Path '/cars'] Instance type (number) does not match any allowed primitive type (allowed: [""array""]): []
"
49e8fbdc-1c01-47e6-acb0-acd49ec215e6,7e06b098-d417-4852-9065-968c25154829,false,"[OAS] [OAS] validation failed:
 - ERROR - [Path '/cars/0'] Object instance has properties which are not allowed by the schema: [""randomArray3"",""randomLong2"",""randomObject1"",""randomObject4""]: []
"
49e8fbdc-1c01-47e6-acb0-acd49ec215e6,78efb077-3780-450c-9e40-b922ad1f6e3e,false,"[OAS] [OAS] validation failed:
 - ERROR - [Path '/cars/0/maxSpeedKmH'] Instance type (object) does not match any allowed primitive type (allowed: [""integer"",""null"",""number""]): []
"
5c900192-f84d-4ba7-88de-1e8703eab6da,8a6a7056-830b-4bc1-bf52-da945668573a,false,"[OAS] [OAS] validation failed:
 - ERROR - Response status 409 not defined for path '/api/person'.: []
"
5c900192-f84d-4ba7-88de-1e8703eab6da,64e6a1e3-4523-4fc5-91f9-a476ec6077e8,false,"[OAS] [OAS] validation failed:
 - ERROR - Object instance has properties which are not allowed by the schema: [""{\""lastName\"":\""Smith\"",\""age\"":28,\""address\"":{\""number\"":221,\""street\"":\""Prospekt Lenina\"",\""postcode\"":null,\""city\"":null,\""country\"":\""Россия\""},\""insurance\"":false,\""cars\"":[{\""brand\"":\""Tesla\"",\""model\"":\""Model 3\"",\""maxSpeedKmH\"":null}]}""]: []
"
5c900192-f84d-4ba7-88de-1e8703eab6da,73b8e88d-7e0c-4527-9d55-74f20e93a804,false,"[OAS] [OAS] validation failed:
 - ERROR - Object instance has properties which are not allowed by the schema: [""randomBoolean1""]: []
"
5c900192-f84d-4ba7-88de-1e8703eab6da,d554caea-47e2-417f-aa2b-782ce402eaa1,false,"[OAS] [OAS] validation failed:
 - ERROR - [Path '/age'] Instance type (null) does not match any allowed primitive type (allowed: [""integer""]): []
"
5c900192-f84d-4ba7-88de-1e8703eab6da,4019224f-39d5-4f22-943c-4f791dab0a22,false,"[OAS] [OAS] validation failed:
 - ERROR - [Path '/address'] Instance type (null) does not match any allowed primitive type (allowed: [""object""]): []
"
5c900192-f84d-4ba7-88de-1e8703eab6da,7a2462a4-c0b8-44f7-8d5b-2e53b21f2196,false,"[OAS] [OAS] validation failed:
 - ERROR - [Path '/address/number'] Instance type (null) does not match any allowed primitive type (allowed: [""integer""]): []
"
5c900192-f84d-4ba7-88de-1e8703eab6da,85a19e56-716b-4f1f-95f9-91d693773a62,false,"[OAS] [OAS] validation failed:
 - ERROR - [Path '/address/postcode'] Instance type (number) does not match any allowed primitive type (allowed: [""null"",""string""]): []
"
5c900192-f84d-4ba7-88de-1e8703eab6da,d3a59723-c6fc-4fb1-aa27-c53011b4481e,false,"[OAS] [OAS] validation failed:
 - ERROR - [Path '/address/city'] Instance type (object) does not match any allowed primitive type (allowed: [""null"",""string""]): []
"
5c900192-f84d-4ba7-88de-1e8703eab6da,c834e6c8-b81d-4467-9d91-2c7b7087196d,false,"[OAS] [OAS] validation failed:
 - ERROR - [Path '/cars/0'] Instance type (null) does not match any allowed primitive type (allowed: [""object""]): []
"
5c900192-f84d-4ba7-88de-1e8703eab6da,ef624b8b-bac5-4caa-915f-f3f2fe5f3e64,false,"[OAS] [OAS] validation failed:
 - ERROR - [Path '/cars/0/brand'] Instance type (array) does not match any allowed primitive type (allowed: [""null"",""string""]): []
"
5c900192-f84d-4ba7-88de-1e8703eab6da,ab4c480e-eaa8-417e-bfea-05ecbb4eb3a7,false,"[OAS] [OAS] validation failed:
 - ERROR - [Path '/cars/0/model'] Instance type (integer) does not match any allowed primitive type (allowed: [""null"",""string""]): []
"
5c900192-f84d-4ba7-88de-1e8703eab6da,18c0c0bd-295a-497d-a37f-840d21e02b53,false,"[OAS] [OAS] validation failed:
 - ERROR - [Path '/cars/0/maxSpeedKmH'] Instance type (object) does not match any allowed primitive type (allowed: [""integer"",""null"",""number""]): []
"
ddb2e576-f58a-4afd-9f59-24567dce2d44,6aea97f2-79cb-4e3d-b7ee-a39446f53b22,false,"[OAS] [OAS] validation failed:
 - ERROR - No response body is expected but one was found.: []
"
ddb2e576-f58a-4afd-9f59-24567dce2d44,971fa10a-4662-4318-830f-5f4599234a2f,false,"[OAS] [OAS] validation failed:
 - ERROR - [Path '/firstName'] Instance type (null) does not match any allowed primitive type (allowed: [""string""]): []
"
ddb2e576-f58a-4afd-9f59-24567dce2d44,8c4b9f4e-4589-49e7-adeb-8e1b18744da6,false,"[OAS] [OAS] validation failed:
 - ERROR - [Path '/age'] Instance type (null) does not match any allowed primitive type (allowed: [""integer""]): []
"
ddb2e576-f58a-4afd-9f59-24567dce2d44,799b8a19-6f6e-40f5-b120-021a152efce0,false,"[OAS] [OAS] validation failed:
 - ERROR - [Path '/address'] Instance type (number) does not match any allowed primitive type (allowed: [""object""]): []
"
ddb2e576-f58a-4afd-9f59-24567dce2d44,40a96c60-b931-42ad-9e14-b1882db240c8,false,"[OAS] [OAS] validation failed:
 - ERROR - [Path '/address/number'] Instance type (object) does not match any allowed primitive type (allowed: [""integer""]): []
"
ddb2e576-f58a-4afd-9f59-24567dce2d44,f1c6ba7b-77b3-4e72-b811-bea3f97b0613,false,"[OAS] [OAS] validation failed:
 - ERROR - [Path '/address/city'] Instance type (number) does not match any allowed primitive type (allowed: [""null"",""string""]): []
"
ddb2e576-f58a-4afd-9f59-24567dce2d44,72335874-e050-4458-b01f-1bf74f262324,false,"[OAS] [OAS] validation failed:
 - ERROR - [Path '/address/country'] Instance type (object) does not match any allowed primitive type (allowed: [""null"",""string""]): []
"
ddb2e576-f58a-4afd-9f59-24567dce2d44,053a4aa5-e6b6-4a9c-9a0c-62c7cf4fb1a0,false,"[OAS] [OAS] validation failed:
 - ERROR - [Path '/cars'] Instance type (null) does not match any allowed primitive type (allowed: [""array""]): []
"
b56c7070-76ab-4248-bc44-7bdcd0d18abf,08ed3edf-7438-4fab-8e3b-4f42dc14dd69,false,[NO_5XX] Unexpected 5XX response: 502
b56c7070-76ab-4248-bc44-7bdcd0d18abf,e0a80188-96d1-4ed1-ab36-105934cc6746,false,"[OAS] [OAS] validation failed:
 - ERROR - [Path '/firstName'] Instance type (number) does not match any allowed primitive type (allowed: [""string""]): []
"
b56c7070-76ab-4248-bc44-7bdcd0d18abf,ff01073c-c2d7-438f-a32d-1df07ef67008,false,"[OAS] [OAS] validation failed:
 - ERROR - [Path '/address'] Instance type (number) does not match any allowed primitive type (allowed: [""object""]): []
"
b56c7070-76ab-4248-bc44-7bdcd0d18abf,05d3219f-6f98-41d6-a5ce-857a170ba17a,false,"[OAS] [OAS] validation failed:
 - ERROR - [Path '/address/number'] Instance type (null) does not match any allowed primitive type (allowed: [""integer""]): []
"
b56c7070-76ab-4248-bc44-7bdcd0d18abf,a02884e1-21d3-4186-8b32-e1666c10e5e1,false,"[OAS] [OAS] validation failed:
 - ERROR - [Path '/address/postcode'] Instance type (number) does not match any allowed primitive type (allowed: [""null"",""string""]): []
"
b56c7070-76ab-4248-bc44-7bdcd0d18abf,52d5c07b-b191-4bcb-971f-d0c9d6703223,false,"[OAS] [OAS] validation failed:
 - ERROR - [Path '/insurance'] Instance type (number) does not match any allowed primitive type (allowed: [""boolean""]): []
"
b56c7070-76ab-4248-bc44-7bdcd0d18abf,709c4e96-f14e-4f9a-a5c4-72f7319ae10e,false,"[OAS] [OAS] validation failed:
 - ERROR - [Path '/cars'] Instance type (number) does not match any allowed primitive type (allowed: [""array""]): []
"
b56c7070-76ab-4248-bc44-7bdcd0d18abf,65043006-d288-45f3-bcb6-23d4eeeed5b4,false,"[OAS] [OAS] validation failed:
 - ERROR - [Path '/cars/0/model'] Instance type (object) does not match any allowed primitive type (allowed: [""null"",""string""]): []
"
b56c7070-76ab-4248-bc44-7bdcd0d18abf,34e39b9f-0bfa-4201-b1f6-12a9474c113c,false,"[OAS] [OAS] validation failed:
 - ERROR - [Path '/cars/0/maxSpeedKmH'] Instance type (boolean) does not match any allowed primitive type (allowed: [""integer"",""null"",""number""]): []
"
625b4373-d0d1-4e5a-9a2d-ea0038982da0,d8b369e5-247a-4f5d-b0f7-e9a8adedeb1e,false,[NO_5XX] Unexpected 5XX response: 502
625b4373-d0d1-4e5a-9a2d-ea0038982da0,8bc792ab-aa90-496c-b8b8-d97808f09012,false,"[OAS] [OAS] validation failed:
 - ERROR - Object instance has properties which are not allowed by the schema: [""randomBoolean1""]: []
"
625b4373-d0d1-4e5a-9a2d-ea0038982da0,a5735ecd-ce94-45d7-bcad-5b4bc0111ced,false,"[OAS] [OAS] validation failed:
 - ERROR - [Path '/lastName'] Instance type (object) does not match any allowed primitive type (allowed: [""string""]): []
"
625b4373-d0d1-4e5a-9a2d-ea0038982da0,73f218a3-9b58-4a4f-a8d2-f7cf05c55760,false,"[OAS] [OAS] validation failed:
 - ERROR - [Path '/address'] Instance type (null) does not match any allowed primitive type (allowed: [""object""]): []
"
625b4373-d0d1-4e5a-9a2d-ea0038982da0,7bd4468f-a5c1-4aa2-9f07-b061ff4b282d,false,"[OAS] [OAS] validation failed:
 - ERROR - [Path '/address/street'] Instance type (number) does not match any allowed primitive type (allowed: [""null"",""string""]): []
"
625b4373-d0d1-4e5a-9a2d-ea0038982da0,61d2e92c-043f-448e-a468-bf9d3c95a67b,false,"[OAS] [OAS] validation failed:
 - ERROR - [Path '/address/city'] Instance type (array) does not match any allowed primitive type (allowed: [""null"",""string""]): []
"
625b4373-d0d1-4e5a-9a2d-ea0038982da0,c6aecd99-5b23-4c20-9960-c76a443888dc,false,"[OAS] [OAS] validation failed:
 - ERROR - [Path '/address/country'] Instance type (integer) does not match any allowed primitive type (allowed: [""null"",""string""]): []
"
625b4373-d0d1-4e5a-9a2d-ea0038982da0,4805ac8f-8436-41ed-b7eb-6932d4220cf7,false,"[OAS] [OAS] validation failed:
 - ERROR - [Path '/cars'] Instance type (null) does not match any allowed primitive type (allowed: [""array""]): []
"
625b4373-d0d1-4e5a-9a2d-ea0038982da0,2c486c8a-fcf8-44ef-bc59-25c759a116c7,false,"[OAS] [OAS] validation failed:
 - ERROR - [Path '/cars/0'] Instance type (array) does not match any allowed primitive type (allowed: [""object""]): []
"
625b4373-d0d1-4e5a-9a2d-ea0038982da0,e8b9b02b-7e73-4afd-929f-c6258b1264b5,false,"[OAS] [OAS] validation failed:
 - ERROR - [Path '/cars/0/maxSpeedKmH'] Instance type (boolean) does not match any allowed primitive type (allowed: [""integer"",""null"",""number""]): []
"
4bc37efc-b4d6-4b74-b4d6-d9924e720a02,22f6802b-f564-48f3-8bc3-bf16fd649208,false,"[OAS] [OAS] validation failed:
 - ERROR - Response status 204 not defined for path '/api/person'.: []
"
4bc37efc-b4d6-4b74-b4d6-d9924e720a02,21cd44ad-451a-4f7b-a3ef-7eb5c273b7c3,false,"[OAS] [OAS] validation failed:
 - ERROR - Object instance has properties which are not allowed by the schema: [""randomBoolean1""]: []
"
4bc37efc-b4d6-4b74-b4d6-d9924e720a02,a73a38a0-7a8b-421b-bc82-b193ff5c9083,false,"[OAS] [OAS] validation failed:
 - ERROR - [Path '/firstName'] Instance type (null) does not match any allowed primitive type (allowed: [""string""]): []
"
4bc37efc-b4d6-4b74-b4d6-d9924e720a02,582da350-01a5-4d0e-bf36-7e33c55af459,false,"[OAS] [OAS] validation failed:
 - ERROR - [Path '/address/number'] Instance type (object) does not match any allowed primitive type (allowed: [""integer""]): []
"
4bc37efc-b4d6-4b74-b4d6-d9924e720a02,6c657e62-bd2d-43bc-a7b6-1d5c12529c72,false,"[OAS] [OAS] validation failed:
 - ERROR - [Path '/address/street'] Instance type (number) does not match any allowed primitive type (allowed: [""null"",""string""]): []
"
4bc37efc-b4d6-4b74-b4d6-d9924e720a02,dd8eb153-6890-4361-b4be-ba3a10597178,false,"[OAS] [OAS] validation failed:
 - ERROR - [Path '/insurance'] Instance type (number) does not match any allowed primitive type (allowed: [""boolean""]): []
"
4bc37efc-b4d6-4b74-b4d6-d9924e720a02,cf602ffb-e4eb-4bc6-b474-fed70f67aedc,false,"[OAS] [OAS] validation failed:
 - ERROR - [Path '/cars/0'] Instance type (array) does not match any allowed primitive type (allowed: [""object""]): []
"
4bc37efc-b4d6-4b74-b4d6-d9924e720a02,e359189e-86ec-4dd4-97ec-8b1d1ec8bbef,false,"[OAS] [OAS] validation failed:
 - ERROR - [Path '/cars/0/brand'] Instance type (array) does not match any allowed primitive type (allowed: [""null"",""string""]): []
"
12f6eb5d-f5b0-4b4a-a69b-97bf508a3967,31325470-f068-41a9-97ef-35c21d0dec36,false,[NO_5XX] Unexpected 5XX response: 502
12f6eb5d-f5b0-4b4a-a69b-97bf508a3967,a09b78cb-222c-4e15-8483-5b4213e6bfa2,false,"[OAS] [OAS] validation failed:
 - ERROR - Object instance has properties which are not allowed by the schema: [""randomBoolean1""]: []
"
12f6eb5d-f5b0-4b4a-a69b-97bf508a3967,e893ac6e-a383-494c-8a01-f8abdf6fd9b7,false,"[OAS] [OAS] validation failed:
 - ERROR - [Path '/age'] Instance type (null) does not match any allowed primitive type (allowed: [""integer""]): []
"
12f6eb5d-f5b0-4b4a-a69b-97bf508a3967,872433a1-a52e-4047-a137-e48ce643b6ef,false,"[OAS] [OAS] validation failed:
 - ERROR - [Path '/address'] Instance type (number) does not match any allowed primitive type (allowed: [""object""]): []
"
12f6eb5d-f5b0-4b4a-a69b-97bf508a3967,99d1e041-10f8-4c37-9b03-6459757ea605,false,"[OAS] [OAS] validation failed:
 - ERROR - [Path '/address/street'] Instance type (object) does not match any allowed primitive type (allowed: [""null"",""string""]): []
"
12f6eb5d-f5b0-4b4a-a69b-97bf508a3967,2a31b18e-3dbc-48d1-9240-f01269260eb2,false,"[OAS] [OAS] validation failed:
 - ERROR - [Path '/address/city'] Instance type (number) does not match any allowed primitive type (allowed: [""null"",""string""]): []
"
12f6eb5d-f5b0-4b4a-a69b-97bf508a3967,8ce55df7-ff03-48ab-a186-4f5b997a9119,false,"[OAS] [OAS] validation failed:
 - ERROR - [Path '/cars/0'] Instance type (null) does not match any allowed primitive type (allowed: [""object""]): []
"
e14c6932-d73b-4b6f-bc57-6fbf4851be1e,e5bbdb40-90a5-4b96-8309-e472351f9a0b,false,"[OAS] [OAS] validation failed:
 - ERROR - Response status 204 not defined for path '/api/person'.: []
"
e14c6932-d73b-4b6f-bc57-6fbf4851be1e,55b3bfe8-c949-45aa-b51e-56efeae48f3c,false,"[OAS] [OAS] validation failed:
 - ERROR - [Path '/firstName'] Instance type (null) does not match any allowed primitive type (allowed: [""string""]): []
"
e14c6932-d73b-4b6f-bc57-6fbf4851be1e,2c2e0d97-a0e7-420c-bfd2-730a2cc7eb74,false,"[OAS] [OAS] validation failed:
 - ERROR - [Path '/lastName'] Instance type (object) does not match any allowed primitive type (allowed: [""string""]): []
"
e14c6932-d73b-4b6f-bc57-6fbf4851be1e,493f37ad-3689-4edf-8afc-38038ab7ae86,false,"[OAS] [OAS] validation failed:
 - ERROR - [Path '/age'] Instance type (number) does not match any allowed primitive type (allowed: [""integer""]): []
"
e14c6932-d73b-4b6f-bc57-6fbf4851be1e,6c7b5a5a-27c9-4d77-a747-52fd16708c36,false,"[OAS] [OAS] validation failed:
 - ERROR - [Path '/address'] Object instance has properties which are not allowed by the schema: [""randomBoolean1"",""randomObject2""]: []
"
e14c6932-d73b-4b6f-bc57-6fbf4851be1e,6ee487d9-1ebc-4956-bd73-cc48e53e1499,false,"[OAS] [OAS] validation failed:
 - ERROR - [Path '/address/number'] Instance type (object) does not match any allowed primitive type (allowed: [""integer""]): []
"
e14c6932-d73b-4b6f-bc57-6fbf4851be1e,7325e8e9-1e64-4b38-93ec-33ade207ab08,false,"[OAS] [OAS] validation failed:
 - ERROR - [Path '/address/country'] Instance type (number) does not match any allowed primitive type (allowed: [""null"",""string""]): []
"
e14c6932-d73b-4b6f-bc57-6fbf4851be1e,8af8e9c3-5afc-4361-a4c6-b582d3ac4d31,false,"[OAS] [OAS] validation failed:
 - ERROR - [Path '/cars/0'] Instance type (array) does not match any allowed primitive type (allowed: [""object""]): []
"
e14c6932-d73b-4b6f-bc57-6fbf4851be1e,c9bb241d-8fc7-4f88-bbcf-90a11f4cdff4,false,"[OAS] [OAS] validation failed:
 - ERROR - [Path '/cars/0/brand'] Instance type (array) does not match any allowed primitive type (allowed: [""null"",""string""]): []
"
e14c6932-d73b-4b6f-bc57-6fbf4851be1e,16df6c83-78ad-43d5-9def-f3d964dc6c6c,false,"[OAS] [OAS] validation failed:
 - ERROR - [Path '/cars/0/model'] Instance type (object) does not match any allowed primitive type (allowed: [""null"",""string""]): []
"
3d7d8209-d203-4c43-9d73-3c51e52f097b,204a623c-41f0-4f98-80c6-46c6a064a168,false,"[OAS] [OAS] validation failed:
 - ERROR - No response body is expected but one was found.: []
"
3d7d8209-d203-4c43-9d73-3c51e52f097b,867d3a98-ca86-423d-aa41-be6a93ae4c44,false,"[OAS] [OAS] validation failed:
 - ERROR - Object instance has properties which are not allowed by the schema: [""{\""age\"":28,\""address\"":{\""number\"":10,\""street\"":\""Baker Street\"",\""postcode\"":\""94107\"",\""city\"":\""Новосибирск\"",\""country\"":\""Spain\""},\""cars\"":[{\""brand\"":\""Toyota\"",\""model\"":\""Clio\"",\""maxSpeedKmH\"":135.75}]}""]: []
"
3d7d8209-d203-4c43-9d73-3c51e52f097b,a670ca81-e134-4402-b39f-3d11bd94d16b,false,"[OAS] [OAS] validation failed:
 - ERROR - [Path '/address'] Object instance has properties which are not allowed by the schema: [""randomBoolean1"",""randomObject2""]: []
"
3d7d8209-d203-4c43-9d73-3c51e52f097b,4bef16b3-fb11-488b-b8ea-3287eba98a97,false,"[OAS] [OAS] validation failed:
 - ERROR - [Path '/address/city'] Instance type (object) does not match any allowed primitive type (allowed: [""null"",""string""]): []
"
3d7d8209-d203-4c43-9d73-3c51e52f097b,6e9d1bb7-54a5-4194-8999-e334ed8cb88a,false,"[OAS] [OAS] validation failed:
 - ERROR - [Path '/cars'] Instance type (null) does not match any allowed primitive type (allowed: [""array""]): []
"
3d7d8209-d203-4c43-9d73-3c51e52f097b,f61c8bc3-2f0e-423c-8a28-44a254dba568,false,"[OAS] [OAS] validation failed:
 - ERROR - [Path '/cars/0'] Instance type (null) does not match any allowed primitive type (allowed: [""object""]): []
"
1ba1818e-9a56-4d71-a3f3-accee388cce9,03160b98-10dd-4a40-b1be-cf40ea5f6b0b,false,[NO_5XX] Unexpected 5XX response: 501
1ba1818e-9a56-4d71-a3f3-accee388cce9,27af45a2-c058-46d6-aa71-a67ccadc5d84,false,"[OAS] [OAS] validation failed:
 - ERROR - [Path '/firstName'] Instance type (null) does not match any allowed primitive type (allowed: [""string""]): []
"
1ba1818e-9a56-4d71-a3f3-accee388cce9,b2bfbb29-918e-4485-a773-7ac2eb5eb2fe,false,"[OAS] [OAS] validation failed:
 - ERROR - [Path '/age'] Instance type (null) does not match any allowed primitive type (allowed: [""integer""]): []
"
1ba1818e-9a56-4d71-a3f3-accee388cce9,2fb44166-feed-411a-9d7d-4714bbbfc56c,false,"[OAS] [OAS] validation failed:
 - ERROR - [Path '/address'] Instance type (null) does not match any allowed primitive type (allowed: [""object""]): []
"
2598911f-103e-43d2-a383-519c439064dc,80d7874a-d51c-47f5-b651-59571bee2e88,false,[NO_5XX] Unexpected 5XX response: 500
2598911f-103e-43d2-a383-519c439064dc,5222c5ae-1d34-4356-94bf-a1d73900fc67,false,"[OAS] [OAS] validation failed:
 - ERROR - [Path '/address'] Instance type (null) does not match any allowed primitive type (allowed: [""object""]): []
"
2598911f-103e-43d2-a383-519c439064dc,972d75e1-d2fa-4390-858e-6e4e8c5c478e,false,"[OAS] [OAS] validation failed:
 - ERROR - [Path '/address/number'] Instance type (object) does not match any allowed primitive type (allowed: [""integer""]): []
"
2598911f-103e-43d2-a383-519c439064dc,d00d6f81-1858-4fd1-8449-3491c402b76f,false,"[OAS] [OAS] validation failed:
 - ERROR - [Path '/address/postcode'] Instance type (number) does not match any allowed primitive type (allowed: [""null"",""string""]): []
"
2598911f-103e-43d2-a383-519c439064dc,8a19bcd7-d824-4f1c-b6b9-db4f72de376c,false,"[OAS] [OAS] validation failed:
 - ERROR - [Path '/insurance'] Instance type (number) does not match any allowed primitive type (allowed: [""boolean""]): []
"
2598911f-103e-43d2-a383-519c439064dc,36fea5e6-0e00-497d-b818-30f500a5b0fc,false,"[OAS] [OAS] validation failed:
 - ERROR - [Path '/cars'] Instance type (number) does not match any allowed primitive type (allowed: [""array""]): []
"
2598911f-103e-43d2-a383-519c439064dc,bf4bdf71-a344-4fa1-bbd1-6345f0d0c652,false,"[OAS] [OAS] validation failed:
 - ERROR - [Path '/cars/0'] Instance type (array) does not match any allowed primitive type (allowed: [""object""]): []
"
b80ea767-441b-4f6c-8ae8-e856dfce9d7c,7d05fd2e-7de5-4573-bf3f-6d6dc82e1723,false,"[OAS] [OAS] validation failed:
 - ERROR - No response body is expected but one was found.: []
"
b80ea767-441b-4f6c-8ae8-e856dfce9d7c,c733629f-ff8a-4e9d-8e21-7a28bc0562ba,false,"[OAS] [OAS] validation failed:
 - ERROR - Object instance has properties which are not allowed by the schema: [""{\""firstName\"":\""Борис\"",\""age\"":0,\""address\"":{\""number\"":0,\""street\"":\""Baker Street\"",\""postcode\"":\""94107\"",\""city\"":null,\""country\"":\""Россия\""},\""cars\"":[{\""brand\"":\""Toyota\"",\""model\"":null,\""maxSpeedKmH\"":null}]}""]: []
"
b80ea767-441b-4f6c-8ae8-e856dfce9d7c,433b1621-4ade-4327-b5db-0c3a2cbd9a4f,false,"[OAS] [OAS] validation failed:
 - ERROR - [Path '/firstName'] Instance type (null) does not match any allowed primitive type (allowed: [""string""]): []
"
b80ea767-441b-4f6c-8ae8-e856dfce9d7c,3fe8c84b-b976-46b1-b835-ee7df87a1b86,false,"[OAS] [OAS] validation failed:
 - ERROR - [Path '/address/postcode'] Instance type (object) does not match any allowed primitive type (allowed: [""null"",""string""]): []
"
b80ea767-441b-4f6c-8ae8-e856dfce9d7c,41fd26bb-2f61-4092-af0a-5ea1c54c846a,false,"[OAS] [OAS] validation failed:
 - ERROR - [Path '/address/city'] Instance type (number) does not match any allowed primitive type (allowed: [""null"",""string""]): []
"
b80ea767-441b-4f6c-8ae8-e856dfce9d7c,e91c44b1-d0ea-4b1b-9260-4eb4cee92d12,false,"[OAS] [OAS] validation failed:
 - ERROR - [Path '/address/country'] Instance type (array) does not match any allowed primitive type (allowed: [""null"",""string""]): []
"
b80ea767-441b-4f6c-8ae8-e856dfce9d7c,d032a5e8-de29-419d-88cb-97dc7afeaeae,false,"[OAS] [OAS] validation failed:
 - ERROR - [Path '/cars'] Instance type (null) does not match any allowed primitive type (allowed: [""array""]): []
"
b80ea767-441b-4f6c-8ae8-e856dfce9d7c,fc313ef1-48e7-4994-bce1-fa670473ffd8,false,"[OAS] [OAS] validation failed:
 - ERROR - [Path '/cars/0'] Object instance has properties which are not allowed by the schema: [""randomArray3"",""randomLong2"",""randomObject1"",""randomObject4""]: []
"
b80ea767-441b-4f6c-8ae8-e856dfce9d7c,309deca5-264d-4b63-b450-2128a991a252,false,"[OAS] [OAS] validation failed:
 - ERROR - [Path '/cars/0/model'] Instance type (object) does not match any allowed primitive type (allowed: [""null"",""string""]): []
"
b80ea767-441b-4f6c-8ae8-e856dfce9d7c,7efe1b7b-d1ac-411b-bd67-dc5bc3af10e4,false,"[OAS] [OAS] validation failed:
 - ERROR - [Path '/cars/0/maxSpeedKmH'] Instance type (object) does not match any allowed primitive type (allowed: [""integer"",""null"",""number""]): []
"
82700b94-8c63-46d9-907c-ed3611925296,cdeb4a8d-1d84-428f-bc18-f394c8f57b17,false,"[OAS] [OAS] validation failed:
 - ERROR - No response body is expected but one was found.: []
"
82700b94-8c63-46d9-907c-ed3611925296,a3af209c-bad5-4566-b4a1-fafa472bbf74,false,"[OAS] [OAS] validation failed:
 - ERROR - [Path '/firstName'] Instance type (null) does not match any allowed primitive type (allowed: [""string""]): []
"
82700b94-8c63-46d9-907c-ed3611925296,0387506b-b3b1-4dc0-807c-043f9da8cea4,false,"[OAS] [OAS] validation failed:
 - ERROR - [Path '/age'] Instance type (number) does not match any allowed primitive type (allowed: [""integer""]): []
"
82700b94-8c63-46d9-907c-ed3611925296,53d92b9f-9050-4ca6-b82f-26690acf05a8,false,"[OAS] [OAS] validation failed:
 - ERROR - [Path '/address'] Instance type (null) does not match any allowed primitive type (allowed: [""object""]): []
"
82700b94-8c63-46d9-907c-ed3611925296,138529ed-26ee-48c1-8af0-b62b7b4ad76e,false,"[OAS] [OAS] validation failed:
 - ERROR - [Path '/address/city'] Instance type (number) does not match any allowed primitive type (allowed: [""null"",""string""]): []
"
82700b94-8c63-46d9-907c-ed3611925296,7169d9aa-5360-4415-89ef-e1c447fed1fc,false,"[OAS] [OAS] validation failed:
 - ERROR - [Path '/insurance'] Instance type (null) does not match any allowed primitive type (allowed: [""boolean""]): []
"
82700b94-8c63-46d9-907c-ed3611925296,fd1b90e7-9edc-43d9-bdd6-9450a85bec26,false,"[OAS] [OAS] validation failed:
 - ERROR - [Path '/cars/0/brand'] Instance type (object) does not match any allowed primitive type (allowed: [""null"",""string""]): []
"
344a13fd-8503-4007-9bf7-ab80bd7e7c17,c1104822-4bf7-4907-a9a6-7e65b8f428f8,false,[NO_5XX] Unexpected 5XX response: 501
344a13fd-8503-4007-9bf7-ab80bd7e7c17,3d59436c-9220-4262-9401-346a8a62cf49,false,"[OAS] [OAS] validation failed:
 - ERROR - [Path '/age'] Instance type (null) does not match any allowed primitive type (allowed: [""integer""]): []
"
344a13fd-8503-4007-9bf7-ab80bd7e7c17,1bf4700c-5d7d-47cc-b2fc-7b6e4ffe42de,false,"[OAS] [OAS] validation failed:
 - ERROR - [Path '/address'] Object instance has properties which are not allowed by the schema: [""randomBoolean1"",""randomObject2""]: []
"
344a13fd-8503-4007-9bf7-ab80bd7e7c17,fd75399a-2d1d-44e8-9d30-743c3c7e798f,false,"[OAS] [OAS] validation failed:
 - ERROR - [Path '/address/number'] Instance type (object) does not match any allowed primitive type (allowed: [""integer""]): []
"
344a13fd-8503-4007-9bf7-ab80bd7e7c17,6677ea8e-dcc6-4042-b061-3a813051ac31,false,"[OAS] [OAS] validation failed:
 - ERROR - [Path '/address/street'] Instance type (object) does not match any allowed primitive type (allowed: [""null"",""string""]): []
"
344a13fd-8503-4007-9bf7-ab80bd7e7c17,3f76c90e-d031-4452-b58f-d0992deba39e,false,"[OAS] [OAS] validation failed:
 - ERROR - [Path '/address/postcode'] Instance type (number) does not match any allowed primitive type (allowed: [""null"",""string""]): []
"
344a13fd-8503-4007-9bf7-ab80bd7e7c17,5f48620e-5d69-4425-b8d4-2d165b50b881,false,"[OAS] [OAS] validation failed:
 - ERROR - [Path '/address/country'] Instance type (object) does not match any allowed primitive type (allowed: [""null"",""string""]): []
"
344a13fd-8503-4007-9bf7-ab80bd7e7c17,e8e17fc5-0264-43a4-b39a-68f8044fa235,false,"[OAS] [OAS] validation failed:
 - ERROR - [Path '/insurance'] Instance type (null) does not match any allowed primitive type (allowed: [""boolean""]): []
"
344a13fd-8503-4007-9bf7-ab80bd7e7c17,e3b6bac4-1077-4501-bc88-458ebfb79583,false,"[OAS] [OAS] validation failed:
 - ERROR - [Path '/cars/1'] Instance type (boolean) does not match any allowed primitive type (allowed: [""object""]): []
"
344a13fd-8503-4007-9bf7-ab80bd7e7c17,19baa338-91a4-4851-bbcf-85bb9e4baefb,false,"[OAS] [OAS] validation failed:
 - ERROR - [Path '/cars/0'] Instance type (array) does not match any allowed primitive type (allowed: [""object""]): []
"
344a13fd-8503-4007-9bf7-ab80bd7e7c17,16ec8bd7-35c3-4f42-bb82-ccb7e6acafba,false,"[OAS] [OAS] validation failed:
 - ERROR - [Path '/cars/0/model'] Instance type (array) does not match any allowed primitive type (allowed: [""null"",""string""]): []
"
344a13fd-8503-4007-9bf7-ab80bd7e7c17,5ac0e227-3d86-4770-abdd-777b5b3eb8a5,false,"[OAS] [OAS] validation failed:
 - ERROR - [Path '/cars/0/maxSpeedKmH'] Instance type (object) does not match any allowed primitive type (allowed: [""integer"",""null"",""number""]): []
"
6d02bac6-9e2d-4992-9e80-229afe5870e3,7b8d5e66-6243-4759-bafe-1168c6031422,false,[NO_5XX] Unexpected 5XX response: 504
6d02bac6-9e2d-4992-9e80-229afe5870e3,bf10a57f-3e74-44ec-aa25-6d16ac08d4ee,false,"[OAS] [OAS] validation failed:
 - ERROR - [Path '/firstName'] Instance type (number) does not match any allowed primitive type (allowed: [""string""]): []
"
6d02bac6-9e2d-4992-9e80-229afe5870e3,6b41b183-3172-4341-bf66-87583e9cfc4f,false,"[OAS] [OAS] validation failed:
 - ERROR - [Path '/lastName'] Instance type (null) does not match any allowed primitive type (allowed: [""string""]): []
"
6d02bac6-9e2d-4992-9e80-229afe5870e3,3519d3ba-4fe0-442d-bdad-b754346ba2b3,false,"[OAS] [OAS] validation failed:
 - ERROR - [Path '/age'] Instance type (null) does not match any allowed primitive type (allowed: [""integer""]): []
"
6d02bac6-9e2d-4992-9e80-229afe5870e3,a034827c-e59a-462e-a539-05f3b0275bb3,false,"[OAS] [OAS] validation failed:
 - ERROR - [Path '/address/number'] Instance type (object) does not match any allowed primitive type (allowed: [""integer""]): []
"
6d02bac6-9e2d-4992-9e80-229afe5870e3,9d44b199-8fbb-45bd-aedf-0c7d3e8ce106,false,"[OAS] [OAS] validation failed:
 - ERROR - [Path '/insurance'] Instance type (number) does not match any allowed primitive type (allowed: [""boolean""]): []
"
6d02bac6-9e2d-4992-9e80-229afe5870e3,6d11df55-0432-4cb7-8023-eea2dcf8e31b,false,"[OAS] [OAS] validation failed:
 - ERROR - [Path '/cars/1'] Instance type (boolean) does not match any allowed primitive type (allowed: [""object""]): []
"
6d02bac6-9e2d-4992-9e80-229afe5870e3,cd2f081d-82f8-4b38-93d9-867fadd12e0a,false,"[OAS] [OAS] validation failed:
 - ERROR - [Path '/cars/0/brand'] Instance type (number) does not match any allowed primitive type (allowed: [""null"",""string""]): []
"
6d02bac6-9e2d-4992-9e80-229afe5870e3,717b3646-c87d-42de-9592-de5b2b4024f8,false,"[OAS] [OAS] validation failed:
 - ERROR - [Path '/cars/0/maxSpeedKmH'] Instance type (object) does not match any allowed primitive type (allowed: [""integer"",""null"",""number""]): []
"
3eec8cec-9d37-4983-ac45-01849207030c,663fd246-5bd5-4743-aef7-7bf384ded809,false,"[OAS] [OAS] validation failed:
 - ERROR - Response status 400 not defined for path '/api/person'.: []
"
3eec8cec-9d37-4983-ac45-01849207030c,d01b23e7-d17b-43cf-ab17-3b0d4a25798b,false,"[OAS] [OAS] validation failed:
 - ERROR - [Path '/lastName'] Instance type (null) does not match any allowed primitive type (allowed: [""string""]): []
"
3eec8cec-9d37-4983-ac45-01849207030c,f990bee9-fffc-4936-ae9b-41f2b53e92b2,false,"[OAS] [OAS] validation failed:
 - ERROR - [Path '/address'] Instance type (null) does not match any allowed primitive type (allowed: [""object""]): []
"
3eec8cec-9d37-4983-ac45-01849207030c,dcde3ab2-b223-4d28-a4b5-9daf549eb04d,false,"[OAS] [OAS] validation failed:
 - ERROR - [Path '/address/number'] Instance type (object) does not match any allowed primitive type (allowed: [""integer""]): []
"
3eec8cec-9d37-4983-ac45-01849207030c,4c221b9c-1a78-43c5-b9e2-22b2da9fb954,false,"[OAS] [OAS] validation failed:
 - ERROR - [Path '/address/street'] Instance type (object) does not match any allowed primitive type (allowed: [""null"",""string""]): []
"
3eec8cec-9d37-4983-ac45-01849207030c,77cc9eb7-d377-4fe1-8810-28675d704aeb,false,"[OAS] [OAS] validation failed:
 - ERROR - [Path '/address/postcode'] Instance type (array) does not match any allowed primitive type (allowed: [""null"",""string""]): []
"
3eec8cec-9d37-4983-ac45-01849207030c,b1c1796f-acf4-4f13-ac03-52d4154de7a3,false,"[OAS] [OAS] validation failed:
 - ERROR - [Path '/address/city'] Instance type (integer) does not match any allowed primitive type (allowed: [""null"",""string""]): []
"
3eec8cec-9d37-4983-ac45-01849207030c,dd06d957-7593-48f9-88bd-ec3c17dee636,false,"[OAS] [OAS] validation failed:
 - ERROR - [Path '/address/country'] Instance type (array) does not match any allowed primitive type (allowed: [""null"",""string""]): []
"
3eec8cec-9d37-4983-ac45-01849207030c,0d798c0c-2ab9-4eed-8aa4-8711c110ec6d,false,"[OAS] [OAS] validation failed:
 - ERROR - [Path '/insurance'] Instance type (null) does not match any allowed primitive type (allowed: [""boolean""]): []
"
d1fb5594-4d96-4410-be5d-8c789aca559c,8ec9a459-c5c9-4ae0-890b-ba911129a993,false,[NO_5XX] Unexpected 5XX response: 500
d1fb5594-4d96-4410-be5d-8c789aca559c,bb7d80a1-5d65-42d6-9fe6-a80d4a1cd7e4,false,"[OAS] [OAS] validation failed:
 - ERROR - [Path '/address/postcode'] Instance type (number) does not match any allowed primitive type (allowed: [""null"",""string""]): []
"
d1fb5594-4d96-4410-be5d-8c789aca559c,dad644a2-a720-4608-827c-eb688a52e9cc,false,"[OAS] [OAS] validation failed:
 - ERROR - [Path '/cars/1'] Instance type (boolean) does not match any allowed primitive type (allowed: [""object""]): []
"
d1fb5594-4d96-4410-be5d-8c789aca559c,c3b09507-1a1f-4cc9-8c90-10e5187e5bfd,false,"[OAS] [OAS] validation failed:
 - ERROR - [Path '/cars/0'] Object instance has properties which are not allowed by the schema: [""randomArray3"",""randomLong2"",""randomObject1"",""randomObject4""]: []
"
29feeacb-6398-4ee3-86fa-97f2d9f27086,12e3b705-9966-4b8f-82fe-da56500ca2c2,false,[NO_5XX] Unexpected 5XX response: 502
29feeacb-6398-4ee3-86fa-97f2d9f27086,fdeda907-693d-429c-a5f2-694a8abe1d50,false,"[OAS] [OAS] validation failed:
 - ERROR - Object instance has properties which are not allowed by the schema: [""randomBoolean1""]: []
"
29feeacb-6398-4ee3-86fa-97f2d9f27086,da27edad-8390-46f1-915b-53289204f3ae,false,"[OAS] [OAS] validation failed:
 - ERROR - [Path '/lastName'] Instance type (null) does not match any allowed primitive type (allowed: [""string""]): []
"
29feeacb-6398-4ee3-86fa-97f2d9f27086,53b72b5f-afe5-4bde-a5f9-be41f0b4fba8,false,"[OAS] [OAS] validation failed:
 - ERROR - [Path '/age'] Instance type (null) does not match any allowed primitive type (allowed: [""integer""]): []
"
29feeacb-6398-4ee3-86fa-97f2d9f27086,ffca6aa6-0a33-4f9b-b420-f4bbabb0f4c8,false,"[OAS] [OAS] validation failed:
 - ERROR - [Path '/address/number'] Instance type (object) does not match any allowed primitive type (allowed: [""integer""]): []
"
29feeacb-6398-4ee3-86fa-97f2d9f27086,aa7181ee-c967-485f-aba6-87cc1c6a11ec,false,"[OAS] [OAS] validation failed:
 - ERROR - [Path '/address/street'] Instance type (number) does not match any allowed primitive type (allowed: [""null"",""string""]): []
"
29feeacb-6398-4ee3-86fa-97f2d9f27086,c538d0d5-2f07-4f82-8935-bdfff05a0973,false,"[OAS] [OAS] validation failed:
 - ERROR - [Path '/address/country'] Instance type (object) does not match any allowed primitive type (allowed: [""null"",""string""]): []
"
29feeacb-6398-4ee3-86fa-97f2d9f27086,7573843b-a61a-4397-bf00-63ff1b9a73c1,false,"[OAS] [OAS] validation failed:
 - ERROR - [Path '/cars'] Instance type (number) does not match any allowed primitive type (allowed: [""array""]): []
"
29feeacb-6398-4ee3-86fa-97f2d9f27086,10afbb4a-f801-4ff9-b1b2-619e2c5657cf,false,"[OAS] [OAS] validation failed:
 - ERROR - [Path '/cars/0'] Instance type (null) does not match any allowed primitive type (allowed: [""object""]): []
"
29feeacb-6398-4ee3-86fa-97f2d9f27086,64ea0c3f-f02e-4767-8a7f-396aa37c852f,false,"[OAS] [OAS] validation failed:
 - ERROR - [Path '/cars/0/brand'] Instance type (integer) does not match any allowed primitive type (allowed: [""null"",""string""]): []
"
a1c21f7f-31b2-4d25-ab11-6c62046598d6,b6bfdb3b-6de0-4c69-95d2-23092fa46634,false,[NO_5XX] Unexpected 5XX response: 503
a1c21f7f-31b2-4d25-ab11-6c62046598d6,69450354-4633-41cb-8f2f-204e50d6dbc1,false,"[OAS] [OAS] validation failed:
 - ERROR - [Path '/age'] Instance type (number) does not match any allowed primitive type (allowed: [""integer""]): []
"
a1c21f7f-31b2-4d25-ab11-6c62046598d6,5506e179-b283-49c4-ac8f-d8c645db3dc3,false,"[OAS] [OAS] validation failed:
 - ERROR - [Path '/address/number'] Instance type (null) does not match any allowed primitive type (allowed: [""integer""]): []
"
a1c21f7f-31b2-4d25-ab11-6c62046598d6,f1a8a59b-05c2-411d-b19f-17dbcda2c0a2,false,"[OAS] [OAS] validation failed:
 - ERROR - [Path '/address/street'] Instance type (number) does not match any allowed primitive type (allowed: [""null"",""string""]): []
"
a1c21f7f-31b2-4d25-ab11-6c62046598d6,18e1c15f-e83b-4d58-b224-358c1076a5b6,false,"[OAS] [OAS] validation failed:
 - ERROR - [Path '/cars/1'] Instance type (boolean) does not match any allowed primitive type (allowed: [""object""]): []
"
a1c21f7f-31b2-4d25-ab11-6c62046598d6,800c20f7-4ad0-464c-a11d-75ac6e12d6b9,false,"[OAS] [OAS] validation failed:
 - ERROR - [Path '/cars/0'] Object instance has properties which are not allowed by the schema: [""randomArray3"",""randomLong2"",""randomObject1"",""randomObject4""]: []
"
a1c21f7f-31b2-4d25-ab11-6c62046598d6,c10213b9-96c1-442a-99b7-063302b781ec,false,"[OAS] [OAS] validation failed:
 - ERROR - [Path '/cars/0/model'] Instance type (object) does not match any allowed primitive type (allowed: [""null"",""string""]): []
"
6d02bac6-9e2d-4992-9e80-229afe5870e3,f833b978-b00d-45cf-be70-b9cdcfa5461c,true,
6d02bac6-9e2d-4992-9e80-229afe5870e3,b322ea18-7a8b-4415-9c3c-e0b991ddc438,true,
6d02bac6-9e2d-4992-9e80-229afe5870e3,4a65d4b1-da25-4416-a8cc-df506c2432f9,true,
6d02bac6-9e2d-4992-9e80-229afe5870e3,a414c059-0966-4085-b7c9-6c09d7b85a8a,true,
6d02bac6-9e2d-4992-9e80-229afe5870e3,fbb1b906-31d4-4e4a-8cb3-7d246cf12bd7,false,[INV] input.address.street == return.address.street :: expected 'Calle Mayor' to deeply equal 'pJ13h3%a1'
6d02bac6-9e2d-4992-9e80-229afe5870e3,5e4bbaae-afab-4392-b5e2-f1b07b7161ac,false,[INV] input.address.postcode == return.address.postcode :: expected '94107' to deeply equal 'iR<j7L_'
6d02bac6-9e2d-4992-9e80-229afe5870e3,686f36fe-0ff9-42e5-a6b3-1e13f561262e,false,[INV] input.address.city == return.address.city :: expected 'San Francisco' to deeply equal 'San Fran/*cisco'
6d02bac6-9e2d-4992-9e80-229afe5870e3,0557f81b-9b1c-436e-95b0-602b8f847e18,false,[INV] input.address.country == return.address.country :: expected 'Spain' to deeply equal 'EJEMPLO MAYUS'
6d02bac6-9e2d-4992-9e80-229afe5870e3,3863771f-77c8-433d-a369-5047143e7f58,true,
6d02bac6-9e2d-4992-9e80-229afe5870e3,3ea46858-1155-4dd4-ae1b-36aec3c4cd89,true,
ddb2e576-f58a-4afd-9f59-24567dce2d44,1613cfa4-abfc-4bab-a496-fcca2b8bfebe,true,
ddb2e576-f58a-4afd-9f59-24567dce2d44,6c7c685e-68a7-44c1-98ca-82bd7c994a84,true,
ddb2e576-f58a-4afd-9f59-24567dce2d44,c1f71ed6-d906-4439-a499-682d43f0e3c8,true,
ddb2e576-f58a-4afd-9f59-24567dce2d44,0af05837-75bd-44cb-afab-643551d8539a,false,[INV] input.lastName == return.lastName :: expected 'Smith' to deeply equal '`A&[9Z1r'
ddb2e576-f58a-4afd-9f59-24567dce2d44,5db85135-c43a-4084-ad06-defa6dbd7912,false,"[INV] input.address.street == return.address.street :: expected 'Calle Mayor' to deeply equal 'Calle May´,or'"
ddb2e576-f58a-4afd-9f59-24567dce2d44,747f5ac5-6035-4cca-9ed6-4f5ce8cc21a9,false,[INV] input.address.postcode == return.address.postcode :: expected '94107' to deeply equal '5x'
ddb2e576-f58a-4afd-9f59-24567dce2d44,5a1460d1-5f6a-42c8-9d80-9f1f440a4e6e,true,
ddb2e576-f58a-4afd-9f59-24567dce2d44,074a835e-bfc3-43f7-ae03-c904a8f08abf,true,
ddb2e576-f58a-4afd-9f59-24567dce2d44,9a62fbc6-3fcc-47ea-8b7d-3c6fb9a36ab5,true,
ddb2e576-f58a-4afd-9f59-24567dce2d44,fd91470c-5efe-498a-8758-17f04e6ae946,true,
12f6eb5d-f5b0-4b4a-a69b-97bf508a3967,eae7f344-8b72-4549-8305-b3c397a241de,true,
12f6eb5d-f5b0-4b4a-a69b-97bf508a3967,e33f7085-5f22-43c6-a65e-3ba98ad755d2,true,
12f6eb5d-f5b0-4b4a-a69b-97bf508a3967,74cef7b5-6704-4023-a88e-5489863cc0f3,false,"[INV] input.firstName == return.firstName :: expected 'Alice' to deeply equal 'Alic/,e'"
12f6eb5d-f5b0-4b4a-a69b-97bf508a3967,8233a632-5bb5-4da4-9962-464877e33aca,false,[INV] input.lastName == return.lastName :: expected 'Zhao' to deeply equal 'a8-'
12f6eb5d-f5b0-4b4a-a69b-97bf508a3967,5aa0bb8d-c2db-4609-9f50-ce0968bb19be,false,[INV] input.address.number == return.address.number :: expected 221 to deeply equal -618785
12f6eb5d-f5b0-4b4a-a69b-97bf508a3967,3e8f82c8-2197-40b2-ba51-e4a93e166657,false,[INV] input.address.postcode == return.address.postcode :: expected '630099' to deeply equal 'EJEMPLO MAYUS'
12f6eb5d-f5b0-4b4a-a69b-97bf508a3967,dae1708e-e2ca-418c-9eed-3f57c84b27b7,true,
12f6eb5d-f5b0-4b4a-a69b-97bf508a3967,500c5183-4536-48d0-b9bf-cfab5ff8c0e6,true,
12f6eb5d-f5b0-4b4a-a69b-97bf508a3967,b8ad5834-9ea6-4ed4-9192-0de159bf2630,true,
12f6eb5d-f5b0-4b4a-a69b-97bf508a3967,94acf6eb-4765-479c-aa16-989cee7d83aa,true,
12f6eb5d-f5b0-4b4a-a69b-97bf508a3967,79dd0aad-eadd-490f-abac-f846b26bb457,true,
625b4373-d0d1-4e5a-9a2d-ea0038982da0,f1b4e3a2-70c3-45ee-a217-d823aae96ccc,true,
625b4373-d0d1-4e5a-9a2d-ea0038982da0,cc4ca598-10bb-4516-b8a4-0aa8115a434b,true,
625b4373-d0d1-4e5a-9a2d-ea0038982da0,ad93e6c1-9edf-485e-9da9-ad6889440360,false,"[INV] input.firstName == return.firstName :: expected 'Lixin' to deeply equal 'Lixi/,n'"
625b4373-d0d1-4e5a-9a2d-ea0038982da0,1203c086-283e-425a-bb53-f72603096943,false,[INV] input.age == return.age :: expected 42 to deeply equal -241395
625b4373-d0d1-4e5a-9a2d-ea0038982da0,25327d8a-ebf0-4056-9815-cb121048f98e,false,[INV] input.address.number == return.address.number :: expected 10 to deeply equal -618785
625b4373-d0d1-4e5a-9a2d-ea0038982da0,1490fc60-3499-4c4e-82c9-dbb738b298c5,false,[INV] input.address.postcode == return.address.postcode :: expected '28013' to deeply equal '{g/Rm'
625b4373-d0d1-4e5a-9a2d-ea0038982da0,65d16958-6ffe-473d-a509-c221a14a20a8,true,
625b4373-d0d1-4e5a-9a2d-ea0038982da0,6d196a0c-d403-4108-993f-68b953b431ac,true,
398e2e46-528d-416c-b5f0-dde54c5ff06d,6e25279e-3e50-4b0d-bf9d-66610b35ef75,true,
398e2e46-528d-416c-b5f0-dde54c5ff06d,fe3f66f7-a5b9-4a81-b687-73c404dd0a0f,true,
398e2e46-528d-416c-b5f0-dde54c5ff06d,8ddd16ba-9d56-4480-9164-0a0417ca24bb,true,
398e2e46-528d-416c-b5f0-dde54c5ff06d,b3d9addf-9780-4c4d-afb6-6e3483e6dd91,false,"[INV] input.firstName == return.firstName :: expected 'Lixin' to deeply equal 'Lixi/,n'"
398e2e46-528d-416c-b5f0-dde54c5ff06d,93432019-3f48-4048-b465-f7ecd945833c,false,[INV] input.age == return.age :: expected 28 to deeply equal -241395
398e2e46-528d-416c-b5f0-dde54c5ff06d,0da5fc76-85ef-4d1d-8235-3c6a5d8415e2,true,
398e2e46-528d-416c-b5f0-dde54c5ff06d,6f271f55-478c-4043-9edb-ebe697d4623e,false,[INV] input.address.city == return.address.city :: expected 'Madrid' to deeply equal 'EJEMPLO MAYUS'
398e2e46-528d-416c-b5f0-dde54c5ff06d,f286cbee-6663-4a43-b143-035b9bbfe417,false,[INV] input.address.country == return.address.country :: expected 'Spain' to deeply equal 'EJEMPLO MAYUS'
398e2e46-528d-416c-b5f0-dde54c5ff06d,f03d5427-0b4e-43f2-9c2b-f9cc031d0d97,true,
398e2e46-528d-416c-b5f0-dde54c5ff06d,0b59c207-5197-4337-b5eb-71458cd061a1,true,
f7c7fb68-706c-4c1d-b2ba-6f1b14af3d6d,bf33e2e1-5c51-49eb-a282-83f28d5ed2cd,true,
f7c7fb68-706c-4c1d-b2ba-6f1b14af3d6d,49c76c8a-b43b-4b97-98e5-8c8f338bc983,true,
f7c7fb68-706c-4c1d-b2ba-6f1b14af3d6d,7eedacbf-8a57-4070-8283-e828bbcf3045,false,"[INV] input.firstName == return.firstName :: expected 'Alice' to deeply equal 'Alic/,e'"
f7c7fb68-706c-4c1d-b2ba-6f1b14af3d6d,0ca54994-0957-4b14-b628-43e4295cbe32,false,[INV] input.address.street == return.address.street :: expected 'Prospekt Lenina' to deeply equal '1'
f7c7fb68-706c-4c1d-b2ba-6f1b14af3d6d,56aa64c8-0e48-4afa-9db6-c79fe9111b4d,true,
f7c7fb68-706c-4c1d-b2ba-6f1b14af3d6d,5a40f53a-bb78-4add-abf7-2e69c6e4552a,true,
d63da80a-dc51-488f-8064-3c7a36ebb0a7,21d780d9-7ef8-46fb-9dee-5bb7bf9a94ed,true,
d63da80a-dc51-488f-8064-3c7a36ebb0a7,d5296bb2-1b0a-479b-b77f-6a115185bc7e,false,"[INV] input.lastName == return.lastName :: expected 'García' to deeply equal 'Garc/,ía'"
d63da80a-dc51-488f-8064-3c7a36ebb0a7,d0ddcd4e-61c8-4300-bd5d-5b15ad0af944,true,
d63da80a-dc51-488f-8064-3c7a36ebb0a7,6a9dd82e-adb8-481a-b173-0e58d6422438,false,[INV] input.address.number == return.address.number :: expected 5 to deeply equal -618785
d63da80a-dc51-488f-8064-3c7a36ebb0a7,baf45b5f-112f-4cee-8d8a-d54e2d3760af,true,
d63da80a-dc51-488f-8064-3c7a36ebb0a7,c75deb4a-506b-409a-9738-15fc8f6ae7ea,false,[INV] input.address.postcode == return.address.postcode :: expected '630099' to deeply equal 'p[}'
3eec8cec-9d37-4983-ac45-01849207030c,39102b41-029b-48f8-bc6b-494d78e04c99,true,
3eec8cec-9d37-4983-ac45-01849207030c,cc3b3f74-b6a0-4273-b3d4-d18cf74ef27d,true,
3eec8cec-9d37-4983-ac45-01849207030c,4dcd12b9-58ec-4d6e-9a4c-0472be60d9d8,true,
3eec8cec-9d37-4983-ac45-01849207030c,f732912f-3e36-4e0e-b418-61f852b189b4,false,"[INV] input.firstName == return.firstName :: expected 'Lixin' to deeply equal 'Lixi/,n'"
3eec8cec-9d37-4983-ac45-01849207030c,a769dad8-bb0f-4b4d-be56-38643216788b,false,[INV] input.age == return.age :: expected 65 to deeply equal -241395
e14c6932-d73b-4b6f-bc57-6fbf4851be1e,157fbe6c-87e1-444f-af9a-35743c496e2c,true,
e14c6932-d73b-4b6f-bc57-6fbf4851be1e,85acb986-7697-4a7d-91bd-de7da35c9a55,true,
e14c6932-d73b-4b6f-bc57-6fbf4851be1e,1d1aa8cc-0e96-49d5-82d0-8f3a31297127,true,
e14c6932-d73b-4b6f-bc57-6fbf4851be1e,e3bbafd6-9022-4bc9-8f6b-d2402eac24b2,false,[INV] input.address.street == return.address.street :: expected 'Prospekt Lenina' to deeply equal 'ejemplo minus'
e14c6932-d73b-4b6f-bc57-6fbf4851be1e,c18c44a7-9591-4059-95f7-949f932f22f4,false,[INV] input.address.postcode == return.address.postcode :: expected '94107' to deeply equal '94/*107'
e14c6932-d73b-4b6f-bc57-6fbf4851be1e,6b5f169e-f5d6-409e-a3bb-259a979afb71,true,
e14c6932-d73b-4b6f-bc57-6fbf4851be1e,f5b9f17d-8b93-4251-8110-3bfd3abf4476,true,
e14c6932-d73b-4b6f-bc57-6fbf4851be1e,a247adc3-9d32-47f9-9271-fd4e900da878,true,
a1c21f7f-31b2-4d25-ab11-6c62046598d6,4788d759-1bce-467c-851a-0578a0b4bfba,true,
a1c21f7f-31b2-4d25-ab11-6c62046598d6,bd95c65e-16f9-4771-9f1d-a9f978c89882,true,
a1c21f7f-31b2-4d25-ab11-6c62046598d6,8c7133e1-4d5a-4beb-9869-5ea34b60fd40,true,
a1c21f7f-31b2-4d25-ab11-6c62046598d6,3f14c3de-8392-4dec-92df-c25491ea4caf,false,"[INV] input.firstName == return.firstName :: expected 'Alice' to deeply equal 'Alic/,e'"
a1c21f7f-31b2-4d25-ab11-6c62046598d6,c5afd1b5-4d3c-4740-9b4c-527900405c0b,false,[INV] input.lastName == return.lastName :: expected 'Smith' to deeply equal 'cO0\6='
a1c21f7f-31b2-4d25-ab11-6c62046598d6,16d0f63e-4498-4301-8810-44bebf27556b,true,
a1c21f7f-31b2-4d25-ab11-6c62046598d6,01e99e70-50bb-4eb3-adbc-08cf4097b9c2,false,"[INV] input.address.postcode == return.address.postcode :: expected '28013' to deeply equal '280´,13'"
a1c21f7f-31b2-4d25-ab11-6c62046598d6,aff2753d-25f8-499b-a051-8f89199207ad,false,[INV] input.address.city == return.address.city :: expected 'Madrid' to deeply equal 'Mad/*rid'
a1c21f7f-31b2-4d25-ab11-6c62046598d6,3ff5b94e-d2b3-4089-b298-0e61e92ca7d0,false,[INV] input.address.country == return.address.country :: expected 'USA' to deeply equal 'USA/*'
a1c21f7f-31b2-4d25-ab11-6c62046598d6,87969abe-76f4-4207-8de7-bf1fd9dd65ef,true,
a1c21f7f-31b2-4d25-ab11-6c62046598d6,963bccef-8114-43ad-b249-5081682b1af3,true,
4bc37efc-b4d6-4b74-b4d6-d9924e720a02,de8d7811-cb67-49ce-b916-146e7fc33ae4,true,
4bc37efc-b4d6-4b74-b4d6-d9924e720a02,b18d32ef-a9a2-474c-83c5-6b71cfb5f192,true,
4bc37efc-b4d6-4b74-b4d6-d9924e720a02,e6babd13-1801-4719-ad0f-f5e82b456576,false,[INV] input.lastName == return.lastName :: expected 'Zhao' to deeply equal 'I$|tw$~'
4bc37efc-b4d6-4b74-b4d6-d9924e720a02,479a4a16-d218-47b1-a060-7761c2000a78,false,[INV] input.age == return.age :: expected 42 to deeply equal -241395
4bc37efc-b4d6-4b74-b4d6-d9924e720a02,230ee0c6-ce09-4ba4-b13c-739a79bb5c64,true,
4bc37efc-b4d6-4b74-b4d6-d9924e720a02,887b4849-e8d4-4d48-9bc6-aa2b0cf1b80d,true,
4bc37efc-b4d6-4b74-b4d6-d9924e720a02,45a1f85b-6cd9-4d97-b7c0-20a514e71000,true,
4bc37efc-b4d6-4b74-b4d6-d9924e720a02,8c81f5df-039b-410f-9584-f6640a3d7fab,true,
4bc37efc-b4d6-4b74-b4d6-d9924e720a02,f38a7270-bec2-4371-a903-df753a1c6d69,true,
4bc37efc-b4d6-4b74-b4d6-d9924e720a02,4ebed8d4-c188-49bb-9e45-6f12b94984df,true,
4bc37efc-b4d6-4b74-b4d6-d9924e720a02,c5da79eb-f819-413a-bf8c-4e1c1fc33939,true,
49e8fbdc-1c01-47e6-acb0-acd49ec215e6,8b5882c6-1a04-40b3-98ee-3d1894c8e5a7,true,
49e8fbdc-1c01-47e6-acb0-acd49ec215e6,71e917fd-8756-4722-bca3-c18372a4cea1,true,
49e8fbdc-1c01-47e6-acb0-acd49ec215e6,c7fda9e7-7b68-418c-9918-800b64febfca,true,
49e8fbdc-1c01-47e6-acb0-acd49ec215e6,3077949f-3acf-44f2-8f84-700a9d04e6ac,false,[INV] input.lastName == return.lastName :: expected 'García' to deeply equal ')rH8`L'
49e8fbdc-1c01-47e6-acb0-acd49ec215e6,4fb09463-32ae-45f1-9247-55601a900f4e,true,
49e8fbdc-1c01-47e6-acb0-acd49ec215e6,5e24b5c5-46e1-44d9-bc13-27dd234d576f,true,
49e8fbdc-1c01-47e6-acb0-acd49ec215e6,93f4c96f-716c-48de-a6c3-e20d76572c3f,false,[INV] input.address.postcode == return.address.postcode :: expected '630099' to deeply equal '-B'
49e8fbdc-1c01-47e6-acb0-acd49ec215e6,aba56fb1-02e4-40fc-824c-f4faaf5247d6,true,
49e8fbdc-1c01-47e6-acb0-acd49ec215e6,47e0029f-e675-481d-8763-71e173ca02ab,false,[INV] input.address.country == return.address.country :: expected 'USA' to deeply equal 'M%X'
49e8fbdc-1c01-47e6-acb0-acd49ec215e6,73a30a2a-1515-4800-886d-dadf2c47901b,true,
49e8fbdc-1c01-47e6-acb0-acd49ec215e6,3c8c35e2-07d0-406a-b564-7198e0a811e0,true,
091c7747-1f7b-42cf-8d24-e09fb0c57096,bc05bd22-61f9-499a-a76b-8065acafe642,true,
091c7747-1f7b-42cf-8d24-e09fb0c57096,c356efba-ba00-40c2-afce-a59d6c788f41,true,
091c7747-1f7b-42cf-8d24-e09fb0c57096,ec60dee3-97c3-42d7-b087-eb7caf0c9339,true,
091c7747-1f7b-42cf-8d24-e09fb0c57096,f1138948-47e7-4deb-bd14-346e87ba5a82,false,[INV] input.firstName == return.firstName :: expected 'Lixin' to deeply equal 'j'
091c7747-1f7b-42cf-8d24-e09fb0c57096,17320308-ccb7-4bac-bd34-3d0c858e3370,true,
091c7747-1f7b-42cf-8d24-e09fb0c57096,65f402e0-30cd-4801-85ab-914857689eff,false,"[INV] input.address.city == return.address.city :: expected 'Новосибирск' to deeply equal 'Новосибир´,ск'"
091c7747-1f7b-42cf-8d24-e09fb0c57096,09affc11-76d8-44c4-9ec0-2e77fc082ef0,true,
091c7747-1f7b-42cf-8d24-e09fb0c57096,f7504f4a-00fc-4184-adb2-3ae04aef73d0,true,
5c900192-f84d-4ba7-88de-1e8703eab6da,4444441b-3258-49e5-831e-a2a30f32dbd9,true,
5c900192-f84d-4ba7-88de-1e8703eab6da,ac504352-f1cc-4edb-8f6d-ac0a824dbdca,false,"[INV] input.lastName == return.lastName :: expected 'Smith' to deeply equal 'Smit/,h'"
5c900192-f84d-4ba7-88de-1e8703eab6da,edcedd9c-aa99-4b00-bf0d-fdd13728d426,false,[INV] input.address.street == return.address.street :: expected 'Prospekt Lenina' to deeply equal 'Prospekt Le´/nina'
5c900192-f84d-4ba7-88de-1e8703eab6da,9ddf6be1-4044-4b36-a284-08b97f84b85d,true,
5c900192-f84d-4ba7-88de-1e8703eab6da,bfc4b852-cb14-4bd7-a249-a1221fcaef8a,true,
5c900192-f84d-4ba7-88de-1e8703eab6da,71b0ab6c-cf9a-45ed-b67b-01fc46646fcf,true,
e6db2930-52e1-417b-9e30-47f435762d65,4873898d-6039-4fcf-b00f-79c48b2c0581,true,
e6db2930-52e1-417b-9e30-47f435762d65,f5daecd5-d7a7-4b89-babf-c8e22347499e,true,
e6db2930-52e1-417b-9e30-47f435762d65,39ca98f7-4246-48e9-906d-8e22e4fe52bb,true,
e6db2930-52e1-417b-9e30-47f435762d65,5d2659f9-29f4-430a-be01-127ce10c88ff,false,[INV] input.address.street == return.address.street :: expected 'Calle Mayor' to deeply equal 'y'
e6db2930-52e1-417b-9e30-47f435762d65,e7d66c97-be20-4989-8880-f96f6f21d410,false,[INV] input.address.postcode == return.address.postcode :: expected '94107' to deeply equal 'ZLtR2'
e6db2930-52e1-417b-9e30-47f435762d65,9f1361b4-50a5-41a4-a0a6-c0c94403ab5b,false,[INV] input.address.city == return.address.city :: expected 'Новосибирск' to deeply equal 'EJEMPLO MAYUS'
e6db2930-52e1-417b-9e30-47f435762d65,e1dea48b-3bda-43b3-8704-fdb5523bbd45,true,
e6db2930-52e1-417b-9e30-47f435762d65,df847c88-0fe4-4244-b22c-10e2feda5fc1,true,
e6db2930-52e1-417b-9e30-47f435762d65,152515b0-0911-4427-a1e1-89a53b196f7a,true,
e6db2930-52e1-417b-9e30-47f435762d65,1bb59289-c7c3-4625-867a-ac6ffbfaba90,true,
d76645dd-7e0a-4c3d-8eb7-6be2c961a34b,6657cc44-3f4c-4594-bd5f-05e50821cc8c,true,
d76645dd-7e0a-4c3d-8eb7-6be2c961a34b,7fcb23bd-4297-4617-9d2c-0f83d978ac76,true,
d76645dd-7e0a-4c3d-8eb7-6be2c961a34b,156ce9b5-adf3-43e7-b1f7-66673c5be6a2,true,
d76645dd-7e0a-4c3d-8eb7-6be2c961a34b,f0da64f7-34aa-4584-a2de-823bdd592253,false,[INV] input.firstName == return.firstName :: expected 'Lixin' to deeply equal '&'
d76645dd-7e0a-4c3d-8eb7-6be2c961a34b,7a8dc084-ef55-44e7-93a2-bf4020bc7642,false,[INV] input.address.number == return.address.number :: expected 10 to deeply equal -618785
d76645dd-7e0a-4c3d-8eb7-6be2c961a34b,231fafef-3464-41f9-8377-a4b8324a32d8,true,
d76645dd-7e0a-4c3d-8eb7-6be2c961a34b,02769de9-1d80-439d-8a12-32bb53eff28c,false,[INV] input.address.country == return.address.country :: expected 'Spain' to deeply equal 'EJEMPLO MAYUS'
d76645dd-7e0a-4c3d-8eb7-6be2c961a34b,ca9fb9de-4cb6-4fe3-89f7-51db48b7d6a2,true,
d76645dd-7e0a-4c3d-8eb7-6be2c961a34b,8c9a753c-3db2-4da6-906b-d042125294a4,true,
d76645dd-7e0a-4c3d-8eb7-6be2c961a34b,10ae4df2-6ee9-4acc-9608-80423700c8fa,true,
365ffad0-57fe-4991-aac2-9e2406496d5e,917b9d92-abfc-4450-86a3-b2c87936072c,true,
365ffad0-57fe-4991-aac2-9e2406496d5e,7be08bad-2e9f-48c1-aaef-68678be172de,true,
365ffad0-57fe-4991-aac2-9e2406496d5e,d182bce5-1e3c-4adb-a6fd-beaf704918f8,false,"[INV] input.firstName == return.firstName :: expected 'Alice' to deeply equal 'Alic/,e'"
365ffad0-57fe-4991-aac2-9e2406496d5e,62acded1-6b3f-4e87-a2c0-94c21c44b884,false,[INV] input.lastName == return.lastName :: expected 'García' to deeply equal 'y'
365ffad0-57fe-4991-aac2-9e2406496d5e,4ba5a077-2261-413e-b5e8-fd3f8cbc1aa3,false,[INV] input.address.street == return.address.street :: expected 'Calle Mayor' to deeply equal '(d9:5x<Ul'
365ffad0-57fe-4991-aac2-9e2406496d5e,be6d7445-9222-4590-8a1b-4f9a3b5a852a,false,[INV] input.address.postcode == return.address.postcode :: expected '28013' to deeply equal 'EJEMPLO MAYUS'
365ffad0-57fe-4991-aac2-9e2406496d5e,3021ca0c-b916-479f-b270-c9ec489096a8,true,
365ffad0-57fe-4991-aac2-9e2406496d5e,b21a48bd-de35-4127-b5cb-7d9c6068f02a,false,[INV] input.address.country == return.address.country :: expected 'Россия' to deeply equal '9#N'
365ffad0-57fe-4991-aac2-9e2406496d5e,eb44475f-77ef-4e78-ab52-951ac4f71463,true,
365ffad0-57fe-4991-aac2-9e2406496d5e,d81e5651-b506-4598-a31a-0b0ea78caf13,true,
365ffad0-57fe-4991-aac2-9e2406496d5e,8ccf9280-1c50-4cd3-b39e-45032b660a61,true,
82700b94-8c63-46d9-907c-ed3611925296,c3429c72-a888-43fe-87c2-213aaed42c13,true,
82700b94-8c63-46d9-907c-ed3611925296,4ceb5637-6bc5-4c47-bbe8-bfed6208ee89,true,
82700b94-8c63-46d9-907c-ed3611925296,04476a54-32ff-45c2-8900-c1ea03d2098e,true,
82700b94-8c63-46d9-907c-ed3611925296,06ae08c1-d59f-428c-ac2b-c85965c4da71,false,[INV] input.address.number == return.address.number :: expected 5 to deeply equal -618785
82700b94-8c63-46d9-907c-ed3611925296,8fab9d81-052c-481c-807d-5ae186e7aa00,false,[INV] input.address.street == return.address.street :: expected 'Prospekt Lenina' to deeply equal '.A_MJe'
82700b94-8c63-46d9-907c-ed3611925296,715ec35f-a320-4d79-9eff-c0f73caa0956,false,"[INV] input.address.postcode == return.address.postcode :: expected '28013' to deeply equal '280´,13'"
82700b94-8c63-46d9-907c-ed3611925296,16f6076c-9de0-4f74-9446-866079771b17,false,"[INV] input.address.country == return.address.country :: expected 'USA' to deeply equal '5,""d:%,x'"
82700b94-8c63-46d9-907c-ed3611925296,24bc12e5-454c-490b-9975-6e37ff113206,true,
82700b94-8c63-46d9-907c-ed3611925296,be4e4502-9780-4a2d-a4b3-a3390ce42082,true,
82700b94-8c63-46d9-907c-ed3611925296,43b93416-4ccd-4d95-85ec-785b15d38b35,true,
82700b94-8c63-46d9-907c-ed3611925296,72398ce3-9605-4b0a-88c8-c15d582134bc,true,
1ba1818e-9a56-4d71-a3f3-accee388cce9,ccf0139d-4eb0-45f9-8a88-eaa3d0b11c1f,true,
1ba1818e-9a56-4d71-a3f3-accee388cce9,777727c3-ffc0-4453-8ab1-58dc74b7923a,true,
1ba1818e-9a56-4d71-a3f3-accee388cce9,d54bea6d-f508-420b-a854-94aaa49332bb,true,
1ba1818e-9a56-4d71-a3f3-accee388cce9,60d729f2-c15b-4669-af0c-35ca50e783e7,false,[INV] input.lastName == return.lastName :: expected 'Smith' to deeply equal 'inbw)%'
1ba1818e-9a56-4d71-a3f3-accee388cce9,8ee5e732-d76f-48db-9848-136d2e8ca3c9,false,[INV] input.address.number == return.address.number :: expected 10 to deeply equal -618785
1ba1818e-9a56-4d71-a3f3-accee388cce9,1dd3d1e2-c1a0-40b4-a275-db0c02ff8ef9,false,[INV] input.address.street == return.address.street :: expected 'Prospekt Lenina' to deeply equal 'ejemplo minus'
1ba1818e-9a56-4d71-a3f3-accee388cce9,890cdfef-0f2c-45bb-a181-fe8735d84972,false,[INV] input.address.postcode == return.address.postcode :: expected '28013' to deeply equal 'EJEMPLO MAYUS'
1ba1818e-9a56-4d71-a3f3-accee388cce9,9b48b40d-df45-4853-ba2a-02e27c729ca9,true,
1ba1818e-9a56-4d71-a3f3-accee388cce9,aa6666f3-c182-4f1e-b8ce-4c1723f6fa17,false,[INV] input.address.country == return.address.country :: expected 'Россия' to deeply equal 'EJEMPLO MAYUS'
68596bca-f1db-4b8d-bc1e-e3c011daf2c4,82e35b48-c8aa-403f-a2b0-82aceb291099,true,
68596bca-f1db-4b8d-bc1e-e3c011daf2c4,18f735e6-cc94-44c8-9133-4bf02759ac82,true,
68596bca-f1db-4b8d-bc1e-e3c011daf2c4,7a979de3-b812-4bd6-b209-0f3c2f832713,true,
68596bca-f1db-4b8d-bc1e-e3c011daf2c4,2d3bb353-e285-474a-ad55-c0d542f0e9d0,false,[INV] input.address.number == return.address.number :: expected 5 to deeply equal -618785
68596bca-f1db-4b8d-bc1e-e3c011daf2c4,6f196e67-07e9-4b95-876a-45ddd46154e5,true,
68596bca-f1db-4b8d-bc1e-e3c011daf2c4,afddd2ab-652b-4370-894f-941abe98b033,true,
f45e504a-063e-4fa1-8c96-e317424b7a7f,52a74f1a-34ae-4e8c-8d32-9b2df82fe788,true,
f45e504a-063e-4fa1-8c96-e317424b7a7f,ad23be43-5366-4391-8d13-febd8ee9f8fd,true,
f45e504a-063e-4fa1-8c96-e317424b7a7f,feb78df5-4e32-42a1-bdb4-3f94025c9eff,false,[INV] input.lastName == return.lastName :: expected 'García' to deeply equal 'J'
f45e504a-063e-4fa1-8c96-e317424b7a7f,f9575ef5-ea40-4461-b078-200a16fd2a01,true,
f45e504a-063e-4fa1-8c96-e317424b7a7f,93ec4b90-dde9-4c1e-bb5c-9570d3bb4ae4,true,
f45e504a-063e-4fa1-8c96-e317424b7a7f,83e8e588-6e9b-4a44-b58f-c7119b1a4d07,true,
f45e504a-063e-4fa1-8c96-e317424b7a7f,f14d04c7-2908-4330-810f-64445fa20141,true,
b56c7070-76ab-4248-bc44-7bdcd0d18abf,51ad285b-a6d9-4e70-9797-54795a751254,true,
b56c7070-76ab-4248-bc44-7bdcd0d18abf,45eab277-7b9f-41a5-bb73-4193ccd5e28e,true,
b56c7070-76ab-4248-bc44-7bdcd0d18abf,bdcf0bfe-cd6b-47fa-a5df-5ce2706f78b2,true,
b56c7070-76ab-4248-bc44-7bdcd0d18abf,ad8b54cd-19b8-4ce3-89da-edb3c2574d55,false,[INV] input.lastName == return.lastName :: expected 'Zhao' to deeply equal 'M'
b56c7070-76ab-4248-bc44-7bdcd0d18abf,0183c59c-e903-48a7-bf6b-52148fbf2014,false,[INV] input.age == return.age :: expected 28 to deeply equal -241395
b56c7070-76ab-4248-bc44-7bdcd0d18abf,8e115cd0-f1ac-439d-931a-307881119de5,false,"[INV] input.address.street == return.address.street :: expected 'Baker Street' to deeply equal 'Baker Str´,eet'"
b56c7070-76ab-4248-bc44-7bdcd0d18abf,f9247c03-c6d4-49da-a693-c535e2ac839f,true,
b56c7070-76ab-4248-bc44-7bdcd0d18abf,5dd86df8-4699-416b-9e74-d0e85c208f6d,false,[INV] input.address.country == return.address.country :: expected 'USA' to deeply equal 'USA/*'
b56c7070-76ab-4248-bc44-7bdcd0d18abf,1d1f7b8f-960d-41cf-9d13-c84764f0ca17,true,
b56c7070-76ab-4248-bc44-7bdcd0d18abf,db6b98cc-958f-478a-9842-2d4daf1dbb1e,true,
98dd03c5-0016-40cf-a16d-b99ba8a4181a,75af1f8c-7178-4392-b3c6-c68bcebc2ee6,true,
98dd03c5-0016-40cf-a16d-b99ba8a4181a,17c4a300-8e46-4f14-b547-86b7c0434896,true,
98dd03c5-0016-40cf-a16d-b99ba8a4181a,91e330cb-3575-40f7-ba6b-c8b9242b2bef,true,
98dd03c5-0016-40cf-a16d-b99ba8a4181a,76a6be3b-c713-402b-b682-0f4af57a5165,false,[INV] input.firstName == return.firstName :: expected 'Борис' to deeply equal 'Q'
98dd03c5-0016-40cf-a16d-b99ba8a4181a,eea4a49e-630c-4103-9433-9048ff4c2478,false,[INV] input.lastName == return.lastName :: expected 'Zhao' to deeply equal 'L'
98dd03c5-0016-40cf-a16d-b99ba8a4181a,3a4f8fb6-9eb2-4072-924a-a98c859bd958,false,"[INV] input.address.street == return.address.street :: expected 'Baker Street' to deeply equal 'Baker Str´,eet'"
98dd03c5-0016-40cf-a16d-b99ba8a4181a,0ae91936-f457-468b-bb8c-a75cc91654c7,true,
98dd03c5-0016-40cf-a16d-b99ba8a4181a,475e68eb-7993-439f-a9cb-7dff905cba12,true,
98dd03c5-0016-40cf-a16d-b99ba8a4181a,94874e9b-4c56-4688-8724-2200f82767e9,true,
98dd03c5-0016-40cf-a16d-b99ba8a4181a,b90370e4-f903-45cb-934a-0647590e52a5,true,
344a13fd-8503-4007-9bf7-ab80bd7e7c17,6c5791da-be2f-4564-a84e-1df8c74997d7,true,
344a13fd-8503-4007-9bf7-ab80bd7e7c17,3f91b0e2-817d-40d8-8f8c-3af3ce622757,true,
344a13fd-8503-4007-9bf7-ab80bd7e7c17,4212c233-9187-4cbf-b783-63f24a740338,true,
344a13fd-8503-4007-9bf7-ab80bd7e7c17,75f0beec-7f79-426b-84a9-4d3ad7adcfbc,false,[INV] input.firstName == return.firstName :: expected 'Alice' to deeply equal 'dt_\'
344a13fd-8503-4007-9bf7-ab80bd7e7c17,e9e1a82c-a6b4-497b-a4e4-f09c805c8c75,false,[INV] input.lastName == return.lastName :: expected 'Smith' to deeply equal 'J'
344a13fd-8503-4007-9bf7-ab80bd7e7c17,858cf97f-de9a-48ab-9709-ca41c9e24b3a,true,
344a13fd-8503-4007-9bf7-ab80bd7e7c17,518c0bc4-6c8d-48ef-bea5-d33906ad49c6,true,
3d7d8209-d203-4c43-9d73-3c51e52f097b,02f183ba-398f-4f3c-b23a-7155a76d4c63,true,
3d7d8209-d203-4c43-9d73-3c51e52f097b,c25fad78-6632-4dad-9ed1-eae3d2a6edb4,true,
3d7d8209-d203-4c43-9d73-3c51e52f097b,b60f34ea-f2f4-49b6-b59e-7e3e4fb728f4,false,[INV] input.age == return.age :: expected 28 to deeply equal -241395
3d7d8209-d203-4c43-9d73-3c51e52f097b,5bf140d6-1649-4be8-8831-6f8b819494b0,false,[INV] input.address.number == return.address.number :: expected 10 to deeply equal -618785
3d7d8209-d203-4c43-9d73-3c51e52f097b,e12ceaa7-7f82-42d6-813a-b0f3106d4323,false,[INV] input.address.street == return.address.street :: expected 'Baker Street' to deeply equal 'B'
3d7d8209-d203-4c43-9d73-3c51e52f097b,682b394d-8a0b-48a7-a4e7-ca73cc12e3f0,false,[INV] input.address.postcode == return.address.postcode :: expected '94107' to deeply equal 'Mf@@fQG?'
3d7d8209-d203-4c43-9d73-3c51e52f097b,8694eb1d-d49f-430e-b2dd-1a23c6dae43d,false,[INV] input.address.country == return.address.country :: expected 'Spain' to deeply equal 'Sp/*ain'
3d7d8209-d203-4c43-9d73-3c51e52f097b,1e0a5f91-c8c8-44c5-b3e2-16b0255c90dc,true,
3d7d8209-d203-4c43-9d73-3c51e52f097b,00460f85-2c05-445f-94d5-bb684c9f3032,true,
3d7d8209-d203-4c43-9d73-3c51e52f097b,e7319d54-be92-4999-9951-1e7aaa85da45,true,
29feeacb-6398-4ee3-86fa-97f2d9f27086,fa63f665-a331-40fd-a9d9-40328cb28650,true,
29feeacb-6398-4ee3-86fa-97f2d9f27086,6af45fa7-c33f-4235-94b8-70c20600692c,true,
29feeacb-6398-4ee3-86fa-97f2d9f27086,851a4b7d-e2ff-47ae-a7fe-d30055385450,false,"[INV] input.firstName == return.firstName :: expected 'Борис' to deeply equal 'Бори/,с'"
29feeacb-6398-4ee3-86fa-97f2d9f27086,36dafad3-a4f9-442d-b2c7-8e90e1b82dca,true,
29feeacb-6398-4ee3-86fa-97f2d9f27086,97dd9868-a3b7-4991-9a1d-fe6d5d8a3659,true,
29feeacb-6398-4ee3-86fa-97f2d9f27086,c2eb3b96-791f-4280-96a5-ea6f6d5ab4e8,false,[INV] input.address.city == return.address.city :: expected 'Madrid' to deeply equal '^L%'
29feeacb-6398-4ee3-86fa-97f2d9f27086,a29dd0f4-250c-4455-9c7c-3b3afc6b8087,true,
29feeacb-6398-4ee3-86fa-97f2d9f27086,b9f29f58-3361-43ba-be7f-57d8c5a4d9df,true,
29feeacb-6398-4ee3-86fa-97f2d9f27086,c37f3a9b-05f9-4ad5-ada0-f968df4ed351,true,
0074c7f4-2b53-49b5-b789-dfaa3d645020,6c45b667-b808-4a0e-8a52-255c5da5d1f6,true,
0074c7f4-2b53-49b5-b789-dfaa3d645020,258b4821-f0d4-4fa3-80ac-2bb4b7b0140c,true,
0074c7f4-2b53-49b5-b789-dfaa3d645020,e807346a-00ed-4238-b19a-7ade571040ec,false,[INV] input.age == return.age :: expected 42 to deeply equal -241395
0074c7f4-2b53-49b5-b789-dfaa3d645020,2092b37b-4d3d-4df2-9652-699c42856f12,true,
0074c7f4-2b53-49b5-b789-dfaa3d645020,2e27f452-8e1a-43de-ae4b-879f274e8d5f,true,
0074c7f4-2b53-49b5-b789-dfaa3d645020,392b4956-918b-428e-bc21-c00543e40aca,true,
2598911f-103e-43d2-a383-519c439064dc,111740f7-596f-4246-83af-fc3468be81a8,true,
2598911f-103e-43d2-a383-519c439064dc,1a096acf-8e83-477f-a6cc-ed4c833bca8b,true,
2598911f-103e-43d2-a383-519c439064dc,2f6efa92-cfc9-456a-945e-f79cf0f68bed,true,
2598911f-103e-43d2-a383-519c439064dc,439e014e-b0a8-4c1c-a0f1-20f565b9384e,false,[INV] input.lastName == return.lastName :: expected 'García' to deeply equal '9'
2598911f-103e-43d2-a383-519c439064dc,c6a370fb-5237-4047-9900-6b57cee08c98,true,
2598911f-103e-43d2-a383-519c439064dc,8a15da9f-a03c-4f09-bce1-56ed76769a5c,false,[INV] input.address.street == return.address.street :: expected 'Calle Mayor' to deeply equal 'c'
2598911f-103e-43d2-a383-519c439064dc,c1eaef13-c6e1-47b3-8473-d2550145eca2,false,[INV] input.address.city == return.address.city :: expected 'San Francisco' to deeply equal 'ejemplo minus'
2598911f-103e-43d2-a383-519c439064dc,bd14e68f-3ea7-40cd-9b17-c0b885b753c2,true,
2598911f-103e-43d2-a383-519c439064dc,6e977a3e-280b-456d-bddd-a459bb1a59d5,true,
2598911f-103e-43d2-a383-519c439064dc,43ef3aa1-36cf-42db-9a60-daae6596302e,true,
2598911f-103e-43d2-a383-519c439064dc,2147071b-32c8-4b0b-b4d0-531d37ab9400,true,
c5bce928-73a1-46a6-9b93-a12609409f84,88a67fec-e6a2-47f8-b09e-3381d47f9a5e,true,
c5bce928-73a1-46a6-9b93-a12609409f84,ca439f3f-aa36-4003-b976-73e97a5c2b31,true,
c5bce928-73a1-46a6-9b93-a12609409f84,4c76bad5-73ea-4c4c-98bb-fe081c462ee3,true,
c5bce928-73a1-46a6-9b93-a12609409f84,1d0798d3-6fc1-4d0e-9f4e-d8d8c5e1e97b,false,[INV] input.address.postcode == return.address.postcode :: expected '28013' to deeply equal '28/*013'
c5bce928-73a1-46a6-9b93-a12609409f84,50e34795-6890-48f7-9eb0-dc6748f8a150,true,
c5bce928-73a1-46a6-9b93-a12609409f84,365a3db5-7e67-4666-8a78-510e0117d0bb,false,[INV] input.address.country == return.address.country :: expected 'Россия' to deeply equal 'EJEMPLO MAYUS'
c5bce928-73a1-46a6-9b93-a12609409f84,45dd4f9b-82b0-48bc-b8ec-6c0560a7ef5d,true,
d1fb5594-4d96-4410-be5d-8c789aca559c,47574861-800d-48ef-ad82-967e795a4e91,true,
d1fb5594-4d96-4410-be5d-8c789aca559c,88dbc400-1786-4049-9df4-9a55865d5c60,true,
d1fb5594-4d96-4410-be5d-8c789aca559c,d5257989-9430-4ce3-917a-22d2342540f5,true,
d1fb5594-4d96-4410-be5d-8c789aca559c,d94aae3f-54ae-4804-a8ff-a9a831202688,false,"[INV] input.firstName == return.firstName :: expected 'Alice' to deeply equal 'P""9Vx'"
d1fb5594-4d96-4410-be5d-8c789aca559c,8b6b4645-5e35-44bf-a1d6-89005b2dc8f5,false,[INV] input.lastName == return.lastName :: expected 'Smith' to deeply equal 'K'
d1fb5594-4d96-4410-be5d-8c789aca559c,08a76b24-ef07-4a66-8be7-0dba2f16be9c,false,[INV] input.age == return.age :: expected 28 to deeply equal -241395
d1fb5594-4d96-4410-be5d-8c789aca559c,d5f5459a-16e2-4b05-8852-cfceeb7ac862,true,
d1fb5594-4d96-4410-be5d-8c789aca559c,c6f2b0b1-b012-4192-9f88-025f880cd26c,false,[INV] input.address.number == return.address.number :: expected 10 to deeply equal -618785
d1fb5594-4d96-4410-be5d-8c789aca559c,0bdd2728-bec5-4a2e-a155-2e8efbdc5d78,true,
d1fb5594-4d96-4410-be5d-8c789aca559c,7909db60-baf9-4a44-a59b-09953481bd9b,false,[INV] input.address.city == return.address.city :: expected 'Madrid' to deeply equal 'uU\$||V?u'
d1fb5594-4d96-4410-be5d-8c789aca559c,c69c0b25-8b1c-4230-9441-77c18e22472a,false,[INV] input.address.country == return.address.country :: expected 'Россия' to deeply equal '3'
d1fb5594-4d96-4410-be5d-8c789aca559c,b3b49456-716a-4669-a977-7d423ee6e8d9,true,
d1fb5594-4d96-4410-be5d-8c789aca559c,4a5f36ce-50d9-44fb-aaa3-d0f490a6a85f,true,
d1fb5594-4d96-4410-be5d-8c789aca559c,9102e44c-8e33-4563-98a3-29e330324056,true,
d1fb5594-4d96-4410-be5d-8c789aca559c,29c7e4d3-3430-4c1b-8a98-98114ab52bf1,true,
b55d3e86-84c0-4f0e-9990-13019274c0ae,567f7c8a-6b72-49c8-83ea-548e6ac4eedc,true,
b55d3e86-84c0-4f0e-9990-13019274c0ae,d52656eb-154a-4b95-9d6f-2e2fa5b5430c,true,
b55d3e86-84c0-4f0e-9990-13019274c0ae,58b929f8-c0fb-46be-b6d3-e8873edb1d22,false,"[INV] input.firstName == return.firstName :: expected 'Борис' to deeply equal 'Бори/,с'"
b55d3e86-84c0-4f0e-9990-13019274c0ae,c4118afb-b53f-430c-af94-9ea76421c160,false,[INV] input.age == return.age :: expected 42 to deeply equal -241395
b55d3e86-84c0-4f0e-9990-13019274c0ae,8733d3d7-c059-4394-a9e0-2ceb39b4c9db,true,
b55d3e86-84c0-4f0e-9990-13019274c0ae,9390bf46-5a05-48c8-bc5b-0e6660da1bf1,true,
b55d3e86-84c0-4f0e-9990-13019274c0ae,c464760a-eb3e-4358-8448-2bd9ca10bbd1,false,[INV] input.address.street == return.address.street :: expected 'Baker Street' to deeply equal 'k'
b55d3e86-84c0-4f0e-9990-13019274c0ae,72beee86-3517-4ef7-b1e5-927857512717,true,
b55d3e86-84c0-4f0e-9990-13019274c0ae,5e2fa8cc-b558-446e-a601-ecbee4132991,true,
b55d3e86-84c0-4f0e-9990-13019274c0ae,3f1032a3-6813-430f-ba4c-7ad620547458,true,
b55d3e86-84c0-4f0e-9990-13019274c0ae,1b2f7529-ce67-4c37-8468-8a0c3e8225fc,true,
b55d3e86-84c0-4f0e-9990-13019274c0ae,bd13edd0-d100-4f17-8005-44dd8abee960,true,
b55d3e86-84c0-4f0e-9990-13019274c0ae,fd682e92-53fb-48d2-87ec-a86a02427d8c,true,
b80ea767-441b-4f6c-8ae8-e856dfce9d7c,6f647f6d-ba5e-4c49-b81d-89a8909d9a60,true,
b80ea767-441b-4f6c-8ae8-e856dfce9d7c,6906c2a5-5ab7-4673-917d-2b839f8310f4,true,
b80ea767-441b-4f6c-8ae8-e856dfce9d7c,e7eccbc9-6b6d-4a12-9450-6f4a8c640187,true,
b80ea767-441b-4f6c-8ae8-e856dfce9d7c,5fb6a066-95c6-47bc-ab53-f6680c1f55cd,true,
b80ea767-441b-4f6c-8ae8-e856dfce9d7c,1b925ab8-fbae-46a9-9c10-a76acb0567d1,true,
b80ea767-441b-4f6c-8ae8-e856dfce9d7c,10e19803-5b46-4771-ad63-23116898609b,false,[INV] input.address.street == return.address.street :: expected 'Baker Street' to deeply equal '7KRmL\'A3'
b80ea767-441b-4f6c-8ae8-e856dfce9d7c,b243b795-9c9f-4b18-92b8-d25af2059a64,true,
8755eef6-c482-4540-97d3-6e7631bfc34b,18e0dea8-69cb-4cc4-bc9e-6341c654b189,true,
8755eef6-c482-4540-97d3-6e7631bfc34b,6567b55f-4a8f-456b-bd9a-79a87440f77e,true,
8755eef6-c482-4540-97d3-6e7631bfc34b,495102f3-cfc6-4ff9-af9f-c2e0a53148f8,true,
8755eef6-c482-4540-97d3-6e7631bfc34b,6252ac3f-503d-43c4-9748-fd540e8290f4,false,[INV] input.firstName == return.firstName :: expected 'Alice' to deeply equal 'T'
8755eef6-c482-4540-97d3-6e7631bfc34b,ea61c1af-607d-4680-ab8f-ae783db76cae,false,[INV] input.lastName == return.lastName :: expected 'Smith' to deeply equal 'S'
8755eef6-c482-4540-97d3-6e7631bfc34b,acf474fe-12ee-4c47-b883-43ee7bc9ab77,false,[INV] input.address.number == return.address.number :: expected 5 to deeply equal -618785
8755eef6-c482-4540-97d3-6e7631bfc34b,f3ea8d60-7407-4722-a37b-6476fbb91f9c,true,
8755eef6-c482-4540-97d3-6e7631bfc34b,e0fe282c-6b3c-4c17-b3bc-b9fc0ed74973,true,
8755eef6-c482-4540-97d3-6e7631bfc34b,accb9b1e-549e-469b-ae44-1b48fcf0e5d5,false,[INV] input.address.country == return.address.country :: expected 'USA' to deeply equal 'USA/*'
8755eef6-c482-4540-97d3-6e7631bfc34b,7bd94496-d911-48fc-820a-53759eedf197,true,
8755eef6-c482-4540-97d3-6e7631bfc34b,faa356a7-aa20-4ca9-8b91-df72865389aa,true,
8755eef6-c482-4540-97d3-6e7631bfc34b,069bbc6a-d5c0-4a14-85a3-1c38d3234dfd,true,
592f5a34-ef47-400b-be30-9247d8932d27,73333adb-c505-4f17-b208-661a3d37fcc2,true,
592f5a34-ef47-400b-be30-9247d8932d27,8f11ec5e-58f7-4db5-9052-2c28a7725a51,true,
592f5a34-ef47-400b-be30-9247d8932d27,2cb378f2-6eed-4d79-83fc-66ba8496e0c3,true,
592f5a34-ef47-400b-be30-9247d8932d27,4e4aa12e-472e-45b5-8151-21cbb3fff650,false,[INV] input.address.country == return.address.country :: expected 'Spain' to deeply equal 'EJEMPLO MAYUS'
592f5a34-ef47-400b-be30-9247d8932d27,b1347eb5-49be-4f01-97c1-61c8f8017784,true,
592f5a34-ef47-400b-be30-9247d8932d27,4a416e59-0cfc-4415-98f1-a63ba38c0831,true,
592f5a34-ef47-400b-be30-9247d8932d27,01943f2a-5c2c-4740-96b0-201236833d3f,true,
4fdd1e9a-53b4-4ffc-a042-1bab2fb41da5,863184f4-67ea-40fc-a2e5-aa29016638ba,true,
4fdd1e9a-53b4-4ffc-a042-1bab2fb41da5,8c81e80b-9387-406c-a238-2ac3e8e61b86,true,
4fdd1e9a-53b4-4ffc-a042-1bab2fb41da5,feca672d-be3c-4051-8fbc-94c8a9de5737,true,
4fdd1e9a-53b4-4ffc-a042-1bab2fb41da5,16b13c17-af1d-4e5c-aedc-bca9718d59e1,false,"[INV] input.firstName == return.firstName :: expected 'Борис' to deeply equal 'Бори/,с'"
4fdd1e9a-53b4-4ffc-a042-1bab2fb41da5,1f6eff05-b4ff-448d-857d-89834e178294,false,"[INV] input.address.street == return.address.street :: expected 'Calle Mayor' to deeply equal '""</d*dX'"
4fdd1e9a-53b4-4ffc-a042-1bab2fb41da5,e53e303f-5d5d-4ced-a5ad-53cf06dbb174,false,[INV] input.address.city == return.address.city :: expected 'Новосибирск' to deeply equal 'EJEMPLO MAYUS'
4fdd1e9a-53b4-4ffc-a042-1bab2fb41da5,213f43a6-beca-4d13-a603-79ca816a75b6,false,[INV] input.address.country == return.address.country :: expected 'Spain' to deeply equal 'Spai/*n'
4fdd1e9a-53b4-4ffc-a042-1bab2fb41da5,6c6bf453-8f69-4a5e-823f-67ff3cd6ed86,true,

Summary,Total=622,Passed=212,KillRate=65.9%,TimeCost=10.14 s
