OriginalTestCaseId,TestCaseId,Success,FailureMessage
80cd0442-4c7a-4df1-b686-fe43a2d87457,45942d99-1c09-46dd-9953-29a061732747,true,
80cd0442-4c7a-4df1-b686-fe43a2d87457,192b38c6-4f57-4351-9786-c629b6edf592,true,
80cd0442-4c7a-4df1-b686-fe43a2d87457,549c5611-1195-4060-91c3-081e9f055fdf,false,[NO_5XX] Unexpected 5XX response: 504
80cd0442-4c7a-4df1-b686-fe43a2d87457,f4aa3079-dd93-4dc9-8ba3-78e2ffbe48af,true,
80cd0442-4c7a-4df1-b686-fe43a2d87457,31cf3739-2fed-4cee-9f55-d6ce3d0ec51f,true,
80cd0442-4c7a-4df1-b686-fe43a2d87457,0b035bb4-fb1b-40f8-b8c6-2a0b6a7fb3a3,true,
80cd0442-4c7a-4df1-b686-fe43a2d87457,67deee84-05e5-4105-bd0e-58dd646519a7,true,
80cd0442-4c7a-4df1-b686-fe43a2d87457,42aba123-a781-4603-be70-862f5b56aea3,true,
80cd0442-4c7a-4df1-b686-fe43a2d87457,402e52cc-c419-41d7-89ad-d5b11a0ab7d8,true,
80cd0442-4c7a-4df1-b686-fe43a2d87457,a3e41a56-4462-49e2-ab28-4ad521a60e97,true,
80cd0442-4c7a-4df1-b686-fe43a2d87457,9690138b-bf5a-41d0-b15e-6ca108c3c5fd,true,
80cd0442-4c7a-4df1-b686-fe43a2d87457,5de8b9e5-290c-4160-a6be-13d5cc8f32c9,true,
80cd0442-4c7a-4df1-b686-fe43a2d87457,c4bf393c-7ba4-4524-b78b-74645c090551,true,
80cd0442-4c7a-4df1-b686-fe43a2d87457,e3fad9f9-119b-48d1-bc6f-a1fa908e3489,true,
80cd0442-4c7a-4df1-b686-fe43a2d87457,397801da-0afa-4604-ad81-6b03d079ff7a,true,
80cd0442-4c7a-4df1-b686-fe43a2d87457,5de78e9c-f1c4-47de-a2ed-b413b76ac655,true,
80cd0442-4c7a-4df1-b686-fe43a2d87457,8a735104-2260-41bb-94e3-dd259619254b,true,
80cd0442-4c7a-4df1-b686-fe43a2d87457,157eb22e-17e9-4062-b291-ca47bc25c446,true,
80cd0442-4c7a-4df1-b686-fe43a2d87457,4e3ec64c-d1e7-4727-9a4a-623db1d24d43,true,
80cd0442-4c7a-4df1-b686-fe43a2d87457,f72b7234-c08d-4119-a476-c40bb11e125c,true,
80cd0442-4c7a-4df1-b686-fe43a2d87457,a3e49cf0-e0d9-42f8-94dc-9d494f196424,true,
80cd0442-4c7a-4df1-b686-fe43a2d87457,df5f5d16-0ac4-4973-9092-3630b72ac89d,true,
80cd0442-4c7a-4df1-b686-fe43a2d87457,9c19ac02-2df4-4078-8900-5fb320fbe93b,true,
80cd0442-4c7a-4df1-b686-fe43a2d87457,b328da62-3a78-45d1-95e5-8e884d4565b4,true,
80cd0442-4c7a-4df1-b686-fe43a2d87457,954ee9ab-7eb6-417a-9ec7-2644170112ba,true,
80cd0442-4c7a-4df1-b686-fe43a2d87457,ca60b846-203d-4628-823c-08be55f1e1ac,true,
80cd0442-4c7a-4df1-b686-fe43a2d87457,c66b0481-8ede-43b3-b5c8-bed84039c2a0,true,
80cd0442-4c7a-4df1-b686-fe43a2d87457,a56fcfeb-e421-48ef-9f67-410e0fec65e3,true,
80cd0442-4c7a-4df1-b686-fe43a2d87457,c554949e-7169-4b6e-b4be-c0316bd91644,true,
80cd0442-4c7a-4df1-b686-fe43a2d87457,7652646c-c04a-4ffb-8dff-4f1cfbad909d,true,
80cd0442-4c7a-4df1-b686-fe43a2d87457,4d62c7ff-0830-4c3d-9bf6-9fb6c0082d3f,true,
80cd0442-4c7a-4df1-b686-fe43a2d87457,92788abf-70f3-493f-b61b-bb60df3d1bfe,true,
80cd0442-4c7a-4df1-b686-fe43a2d87457,37e0d633-e106-4c80-9e4a-2023a92a7e85,true,
80cd0442-4c7a-4df1-b686-fe43a2d87457,6221fa41-0eb3-45df-83b2-0ed6153bbd9b,true,
80cd0442-4c7a-4df1-b686-fe43a2d87457,dd0a77b9-15ef-4731-a65c-22b89bf52d0a,true,
80cd0442-4c7a-4df1-b686-fe43a2d87457,2b8ac048-6680-46d3-a221-72d94865ac0a,true,
80cd0442-4c7a-4df1-b686-fe43a2d87457,42cde30f-4484-4400-acdc-858f886bbc44,true,
80cd0442-4c7a-4df1-b686-fe43a2d87457,54bd8509-d971-4702-98e0-993d32815408,true,
80cd0442-4c7a-4df1-b686-fe43a2d87457,2a199bdb-61d3-464d-be00-6eca6d36fb47,true,
80cd0442-4c7a-4df1-b686-fe43a2d87457,3df1f466-fb5e-4caf-881e-9dc0c5f07d38,true,
80cd0442-4c7a-4df1-b686-fe43a2d87457,33fff1ef-faa6-4151-8237-87eb57a4ebab,true,
1bed538c-c1dd-49e7-8f38-298050355460,79684b5c-a070-4cd4-b4a6-68a0d12e9efe,true,
1bed538c-c1dd-49e7-8f38-298050355460,32aae41b-3dd2-468c-b749-608ba9693396,true,
1bed538c-c1dd-49e7-8f38-298050355460,3f6d530c-03e3-4fac-bb3d-34bf9117c84a,false,[NO_5XX] Unexpected 5XX response: 501
1bed538c-c1dd-49e7-8f38-298050355460,ca9536ef-da98-413c-bb60-17353023db84,true,
1bed538c-c1dd-49e7-8f38-298050355460,ca7fbc85-e94e-41b6-b687-78e1cb945847,true,
1bed538c-c1dd-49e7-8f38-298050355460,712ef467-966f-43b6-a6eb-d471b5b62efc,true,
1bed538c-c1dd-49e7-8f38-298050355460,e001d110-19d4-4cbe-b8b4-c2226cf4e578,true,
1bed538c-c1dd-49e7-8f38-298050355460,1f878a8b-ba97-4dcc-8b29-e1e9650fc2cc,true,
1bed538c-c1dd-49e7-8f38-298050355460,f4213125-7da7-417f-86a3-dbb7aac1e30b,true,
1bed538c-c1dd-49e7-8f38-298050355460,9a5d2b1d-7829-468c-ba32-0bb2863bd3d8,true,
1bed538c-c1dd-49e7-8f38-298050355460,8ec28d6b-6f79-4fee-b4ce-e9dc7c6319a0,true,
1bed538c-c1dd-49e7-8f38-298050355460,411be9d3-ebf8-4825-b5dd-a815c3e03150,true,
1bed538c-c1dd-49e7-8f38-298050355460,8022db0d-3f1f-411f-bd97-f69b467fc0e1,true,
1bed538c-c1dd-49e7-8f38-298050355460,42834400-5083-41a7-a08a-cf636044be92,true,
1bed538c-c1dd-49e7-8f38-298050355460,7a4c7abe-0f65-467f-8f95-7b97c8dd020a,true,
1bed538c-c1dd-49e7-8f38-298050355460,b23747d6-8a26-42b1-a80b-eeac09d57515,true,
1bed538c-c1dd-49e7-8f38-298050355460,4f27f494-8970-45ff-9fe0-3747a72110f7,true,
1bed538c-c1dd-49e7-8f38-298050355460,5f93607c-8d18-49af-aa44-0cd23f1c3ab8,true,
1bed538c-c1dd-49e7-8f38-298050355460,e7a6e4cc-36f1-4dd0-ab1b-b702d8e6d169,true,
1bed538c-c1dd-49e7-8f38-298050355460,b19a7019-482d-415b-a885-4fe8aed786d6,true,
1bed538c-c1dd-49e7-8f38-298050355460,a6e47c6a-f5c8-45ce-8243-b26cadaf41a2,true,
1bed538c-c1dd-49e7-8f38-298050355460,3c71df28-33c7-4e52-b0e4-e8acf05083a3,true,
1bed538c-c1dd-49e7-8f38-298050355460,8a6f7569-7d4c-4b2a-941d-13104dc2c7ce,true,
1bed538c-c1dd-49e7-8f38-298050355460,95d7a1d3-1e26-445b-8e7c-2d4aef994d66,true,
1bed538c-c1dd-49e7-8f38-298050355460,7fa03eba-4e9a-4941-ada7-99220f43db68,true,
1bed538c-c1dd-49e7-8f38-298050355460,92a5dda6-bfb6-445a-bb12-59c88a66f5a7,true,
1bed538c-c1dd-49e7-8f38-298050355460,2d50233b-d6f2-4137-af92-10c204e19540,true,
1bed538c-c1dd-49e7-8f38-298050355460,f940da02-c673-497b-aea5-dbd568c59c12,true,
1bed538c-c1dd-49e7-8f38-298050355460,e695b258-a49d-40d6-8372-2860101db61d,true,
1bed538c-c1dd-49e7-8f38-298050355460,73174065-dd27-4b48-bf95-38d738a15379,true,
1bed538c-c1dd-49e7-8f38-298050355460,c0acd424-f956-453c-8e34-5c57c12f1937,true,
1bed538c-c1dd-49e7-8f38-298050355460,a2937401-c3c3-4197-80e7-1982c631d556,true,
1bed538c-c1dd-49e7-8f38-298050355460,97ea5e00-1b31-4f89-b09f-8f97b3be93b9,true,
1bed538c-c1dd-49e7-8f38-298050355460,6af5aac2-218e-4fd3-b0cb-b4d973e595b3,true,
1bed538c-c1dd-49e7-8f38-298050355460,555e64c3-632a-47dc-aae3-f18d8f548008,true,
1bed538c-c1dd-49e7-8f38-298050355460,18ce0177-967e-4936-83ee-95fb08e055a5,true,
1bed538c-c1dd-49e7-8f38-298050355460,6834310b-391c-44e2-ba32-479c15ba44bb,true,
1bed538c-c1dd-49e7-8f38-298050355460,bf7c74a5-33f6-49f8-8235-ac524e71b1b9,true,
1bed538c-c1dd-49e7-8f38-298050355460,01777a76-cbbf-4b76-9a8c-338ab223ee1a,true,
1bed538c-c1dd-49e7-8f38-298050355460,2b036689-940e-4454-b39d-cd7a1bdc08e2,true,
1bed538c-c1dd-49e7-8f38-298050355460,ab6d9b0c-343b-44c6-8202-a210c020e4c4,true,
6d3dac17-cfc5-4e01-a433-94632069a784,0ce60f12-5574-46fc-91ef-6b24d88f621f,true,
6d3dac17-cfc5-4e01-a433-94632069a784,e8a7dc46-0b10-43cb-ba37-c61386f7a398,true,
6d3dac17-cfc5-4e01-a433-94632069a784,a57c014a-29ef-4ec4-9759-ee7ba6756379,false,[NO_5XX] Unexpected 5XX response: 501
6d3dac17-cfc5-4e01-a433-94632069a784,bbfa3068-715c-48a8-869c-fe728cb21873,true,
6d3dac17-cfc5-4e01-a433-94632069a784,30a54723-f1ef-470b-a100-7efd54247311,true,
6d3dac17-cfc5-4e01-a433-94632069a784,6c62168c-db50-436e-9514-28c934272636,true,
6d3dac17-cfc5-4e01-a433-94632069a784,cbfbed63-c34a-4381-843e-56e7ef179d56,true,
6d3dac17-cfc5-4e01-a433-94632069a784,940a328b-b157-44d3-b9a7-89f6af389add,true,
6d3dac17-cfc5-4e01-a433-94632069a784,3c166ad1-4de1-4067-8011-1f531e90cd86,true,
6d3dac17-cfc5-4e01-a433-94632069a784,3f36da22-0995-4958-b150-bd6d36704abb,true,
6d3dac17-cfc5-4e01-a433-94632069a784,c17f6cdc-7a2a-461b-9d52-bb3eb7448bd3,true,
6d3dac17-cfc5-4e01-a433-94632069a784,a8553969-ff80-4abb-b4cc-eb19aa10c4f4,true,
6d3dac17-cfc5-4e01-a433-94632069a784,9c3fb99e-818f-4697-8d61-fafd0f507f1f,true,
6d3dac17-cfc5-4e01-a433-94632069a784,d0143d5b-2041-4943-9689-c00b3bf50876,true,
6d3dac17-cfc5-4e01-a433-94632069a784,fae2f6bb-5c13-48a9-9330-de28252b1918,true,
6d3dac17-cfc5-4e01-a433-94632069a784,09882538-b64e-4f3c-94d1-6ed9d99d96a0,true,
6d3dac17-cfc5-4e01-a433-94632069a784,a767d28f-746c-4e2b-aee2-4293e3d93d3c,true,
6d3dac17-cfc5-4e01-a433-94632069a784,c30d8430-f926-46d3-87fb-19bb643d5ab0,true,
6d3dac17-cfc5-4e01-a433-94632069a784,4de7aed6-ec65-42f0-a5c0-8ebd0049e437,true,
6d3dac17-cfc5-4e01-a433-94632069a784,d1c8c1ad-2839-4476-9952-c6f37cdb9540,true,
6d3dac17-cfc5-4e01-a433-94632069a784,8b47f761-bcbb-4893-a646-40f1b07dea40,true,
6d3dac17-cfc5-4e01-a433-94632069a784,de2cab19-9779-4bb5-88a5-1bcbef8cd8d2,true,
6d3dac17-cfc5-4e01-a433-94632069a784,f9313b12-16b3-4c8c-a32f-0b9745a215a6,true,
6d3dac17-cfc5-4e01-a433-94632069a784,99620034-c3db-474f-a445-f7a049f5c1da,true,
6d3dac17-cfc5-4e01-a433-94632069a784,9abe549f-c2bb-4bd1-841b-05ab1d34b632,true,
6d3dac17-cfc5-4e01-a433-94632069a784,4286327f-a4ec-4383-ac92-f43ca5ce89d1,true,
6d3dac17-cfc5-4e01-a433-94632069a784,690fe018-8026-488d-9fed-ecce3bb6af5d,true,
6d3dac17-cfc5-4e01-a433-94632069a784,054f21a6-e9b4-4cbc-b277-5b5ac521fe11,true,
6d3dac17-cfc5-4e01-a433-94632069a784,c0e88586-2736-4491-a1a3-d4c7ec7eeae9,true,
6d3dac17-cfc5-4e01-a433-94632069a784,6b512103-2734-409c-ae05-b68ceeb87dad,true,
6d3dac17-cfc5-4e01-a433-94632069a784,b962f27a-a297-4fe1-958a-70b9be7a1c3a,true,
6d3dac17-cfc5-4e01-a433-94632069a784,912b3ad5-2b62-4b08-a019-fbe7c7bdf16d,true,
6d3dac17-cfc5-4e01-a433-94632069a784,52518f66-5a26-41f8-8306-7ab0cd42d67d,true,
6d3dac17-cfc5-4e01-a433-94632069a784,48910f5c-3994-456d-8b3c-8b5301e32db4,true,
6d3dac17-cfc5-4e01-a433-94632069a784,4a331e7d-3b54-496d-adad-962b1a5ab6e4,true,
6d3dac17-cfc5-4e01-a433-94632069a784,d21a4d5b-a743-4b3d-847c-db420935aa69,true,
6d3dac17-cfc5-4e01-a433-94632069a784,c58b48bf-9d9a-4182-b28a-81f929b12c33,true,
6d3dac17-cfc5-4e01-a433-94632069a784,acaca9b1-70f7-4f6b-8b07-49f704e46126,true,
6d3dac17-cfc5-4e01-a433-94632069a784,d73362a1-391b-4399-8970-6aa5f22114eb,true,
6d3dac17-cfc5-4e01-a433-94632069a784,52a05f0a-464b-4010-a6f4-4a9adb7e54e6,true,
6d3dac17-cfc5-4e01-a433-94632069a784,a7068339-f615-451a-ab25-e2e5285e31fd,true,
6d3dac17-cfc5-4e01-a433-94632069a784,3b0ea228-b5d4-4cb3-84f7-0f4f1d5eb3f5,true,
6d3dac17-cfc5-4e01-a433-94632069a784,3ed350f0-ce7d-413a-b21f-2ad3a99b663f,true,
6d3dac17-cfc5-4e01-a433-94632069a784,c4f13d06-ca39-442e-9760-62afaadc141a,true,
6d3dac17-cfc5-4e01-a433-94632069a784,06c3ff1d-d6c9-4b8e-97f5-ad6a5343be1b,true,
6d3dac17-cfc5-4e01-a433-94632069a784,01caa193-c7e9-4a4d-a2c3-c8439132eae1,true,
6d3dac17-cfc5-4e01-a433-94632069a784,078a1f62-7fe5-4739-8b7c-68de11fae36a,true,
6d3dac17-cfc5-4e01-a433-94632069a784,3084800d-da91-4aaf-89de-2a703c806fc1,true,
6d3dac17-cfc5-4e01-a433-94632069a784,446cddbd-aa22-4ad4-93f5-7cda294b2432,true,
6d3dac17-cfc5-4e01-a433-94632069a784,967a5f46-8f63-454f-9440-2748a20ecba9,true,
6d3dac17-cfc5-4e01-a433-94632069a784,a5990898-f22c-44a1-bb4d-619997bb9237,true,
6d3dac17-cfc5-4e01-a433-94632069a784,408e349f-b882-4b10-b665-04aaebe85759,true,
6d3dac17-cfc5-4e01-a433-94632069a784,9a8909cf-9a7d-4aca-869b-7049da2f8bf0,true,
6d3dac17-cfc5-4e01-a433-94632069a784,96628b35-133b-4cf7-a0f7-3b283ebf6b11,true,
6d3dac17-cfc5-4e01-a433-94632069a784,7cfdde30-7606-4b7f-822d-1f1e0b046b02,true,
6d3dac17-cfc5-4e01-a433-94632069a784,c095fc21-2832-4785-a121-c852d7b031d1,true,
6d3dac17-cfc5-4e01-a433-94632069a784,c48c50c2-3e24-41f5-811a-175af0f20f1a,true,
6d3dac17-cfc5-4e01-a433-94632069a784,5ec567ab-2a96-4611-84f6-f4169578032e,true,
6d3dac17-cfc5-4e01-a433-94632069a784,93cc703f-134e-47c7-a201-600f4e27ba38,true,
6d3dac17-cfc5-4e01-a433-94632069a784,adccbb36-a4b7-46d3-9359-1ec8f2d2cdd3,true,
6d3dac17-cfc5-4e01-a433-94632069a784,1c3b9969-1ed0-4c66-8a71-982496c8d88a,true,
6d3dac17-cfc5-4e01-a433-94632069a784,cbf50ade-eee3-4051-9a5b-a7ba31fde863,true,
6d3dac17-cfc5-4e01-a433-94632069a784,c8521f93-e575-45ed-b951-eae4a9c45ea2,true,
6d3dac17-cfc5-4e01-a433-94632069a784,de49e4cc-7067-40af-83cb-1ae2ad1d07a1,true,
6d3dac17-cfc5-4e01-a433-94632069a784,2b03360e-841f-48f6-9c96-9def5882c9ef,true,
6d3dac17-cfc5-4e01-a433-94632069a784,a5676715-2eb5-4b35-bedd-06d9245d504f,true,
6d3dac17-cfc5-4e01-a433-94632069a784,a341d097-0912-418e-b796-c619cccd4cfe,true,
6d3dac17-cfc5-4e01-a433-94632069a784,37f5f577-0dc4-48a3-b751-311759ce9335,true,
6d3dac17-cfc5-4e01-a433-94632069a784,f37fe269-29b3-4339-9a9d-1903d6991cc7,true,
6d3dac17-cfc5-4e01-a433-94632069a784,2e238cb8-4847-43c6-b8b3-65e5f25e0690,true,
6d3dac17-cfc5-4e01-a433-94632069a784,2c1a29c4-af09-4e8f-9518-eb7c6bb1598c,true,
6d3dac17-cfc5-4e01-a433-94632069a784,6c06add8-efc4-4209-ae10-6640c1598d1b,true,
6d3dac17-cfc5-4e01-a433-94632069a784,3914c753-3788-4060-8765-9242aaa576ff,true,
6d3dac17-cfc5-4e01-a433-94632069a784,5b337922-e0c1-4ca4-b2ba-339de6dfa8cd,true,
6d3dac17-cfc5-4e01-a433-94632069a784,a57b0322-db74-4166-9a3c-15631a6f3936,true,
6d3dac17-cfc5-4e01-a433-94632069a784,9e02dd3b-07fb-4f00-8164-b6a24c7e45ff,true,
6d3dac17-cfc5-4e01-a433-94632069a784,a381d260-3565-444a-80b5-8588e47cea9e,true,
6d3dac17-cfc5-4e01-a433-94632069a784,650ca707-8eb7-4c02-b44c-224231d777d0,true,
6d3dac17-cfc5-4e01-a433-94632069a784,f569da00-f4eb-4c15-af0f-eab19f3ad7a0,true,
6d3dac17-cfc5-4e01-a433-94632069a784,900e25b9-eec1-4974-8cd0-b5a9c0a61b37,true,
6d3dac17-cfc5-4e01-a433-94632069a784,7f71d821-e3bf-4a5d-b82b-572efe8e5b24,true,
6d3dac17-cfc5-4e01-a433-94632069a784,c6429c64-6abd-43be-894f-0a91f0ab90af,true,
6d3dac17-cfc5-4e01-a433-94632069a784,15b2065e-f6a3-4365-9ed8-c433cf7bcfd0,true,
6d3dac17-cfc5-4e01-a433-94632069a784,57fa467f-4b45-4f58-91ae-d8ee47b9346c,true,
6d3dac17-cfc5-4e01-a433-94632069a784,dc0b30d1-1511-41cb-92f8-6dcbf92a4bf8,true,
6d3dac17-cfc5-4e01-a433-94632069a784,05bbfe3e-9ce0-4f0f-aea2-83d0262d5df2,true,
6d3dac17-cfc5-4e01-a433-94632069a784,fa7956c5-96cb-4c4e-b30b-ab0b19b45467,true,
6d3dac17-cfc5-4e01-a433-94632069a784,c7c270d0-510b-4496-aca8-d9b76cf4ca6c,true,
6d3dac17-cfc5-4e01-a433-94632069a784,8ae24a1c-2d19-4914-be5e-73fcf90b6a93,true,
6d3dac17-cfc5-4e01-a433-94632069a784,7078cdbc-5287-4407-82a9-1c86367e1900,true,
6d3dac17-cfc5-4e01-a433-94632069a784,a60498a0-4e51-457b-a5f0-28293e6c1a4e,true,
6d3dac17-cfc5-4e01-a433-94632069a784,75a617ef-210e-4f41-8aac-f269817aaea2,true,
6d3dac17-cfc5-4e01-a433-94632069a784,9850a941-5996-4528-af0e-60078967b4c7,true,
6d3dac17-cfc5-4e01-a433-94632069a784,e425e3ca-d2b3-4a73-9315-fd47c999f44d,true,
6d3dac17-cfc5-4e01-a433-94632069a784,7bf2ae75-33e4-4c3c-83a5-21460fe6bdba,true,
6d3dac17-cfc5-4e01-a433-94632069a784,8deee76b-cc24-471c-8ff0-cbabdc7d4589,true,
6d3dac17-cfc5-4e01-a433-94632069a784,8d5ef7bc-7d6f-40fe-98d2-ee9bc30f4c7f,true,
6d3dac17-cfc5-4e01-a433-94632069a784,02b9129c-a99d-423f-ab61-d3de617e7888,true,
6d3dac17-cfc5-4e01-a433-94632069a784,439620ce-c955-4fa7-9746-9b1ff3abdc73,true,
6d3dac17-cfc5-4e01-a433-94632069a784,5bb24d65-d5b6-4797-9304-c1ce10dab17c,true,
6d3dac17-cfc5-4e01-a433-94632069a784,101e9302-a965-4ece-98b7-c38c06a3439b,true,
6d3dac17-cfc5-4e01-a433-94632069a784,a97d721c-ec3e-4308-af05-31220b24e47b,true,
6d3dac17-cfc5-4e01-a433-94632069a784,07ba6f0f-3907-4c82-a5e3-abf0ef7f4f53,true,
6d3dac17-cfc5-4e01-a433-94632069a784,c463376f-a320-42c3-9ec2-021ea63ae90b,true,
6d3dac17-cfc5-4e01-a433-94632069a784,2c076889-fd1c-44dc-917a-b11af6f738ba,true,
6d3dac17-cfc5-4e01-a433-94632069a784,31cc6269-a89b-4324-8cff-1cbcab6ecebd,true,
6d3dac17-cfc5-4e01-a433-94632069a784,04746fc4-80a2-4dd2-99c1-1788fc0a81f1,true,
6d3dac17-cfc5-4e01-a433-94632069a784,07f1d6a6-4592-4e7e-bdc9-9a1fb15f68ce,true,
6d3dac17-cfc5-4e01-a433-94632069a784,c2351a85-8ce4-4405-b64d-42158f4bf07a,true,
6d3dac17-cfc5-4e01-a433-94632069a784,0f89fc01-914a-47fb-9e7a-7979131ba01f,true,
6d3dac17-cfc5-4e01-a433-94632069a784,a11ebdbe-caa4-4d92-a216-1dda9d95a635,true,
6d3dac17-cfc5-4e01-a433-94632069a784,b0b5b0c2-23b8-4a13-841c-0ee165c02e98,true,
6d3dac17-cfc5-4e01-a433-94632069a784,11f54fc6-6b37-46ff-a762-7f06727012f5,true,
6d3dac17-cfc5-4e01-a433-94632069a784,c8c29892-2558-4652-8d46-b595324d6c49,true,
6d3dac17-cfc5-4e01-a433-94632069a784,917960fe-4239-4e6e-b5ca-fd28e4efd81d,true,
6d3dac17-cfc5-4e01-a433-94632069a784,20d5c74f-2968-47a9-88c7-d43523fad763,true,
6d3dac17-cfc5-4e01-a433-94632069a784,ee00b895-7576-4c7e-89a4-9ed0e7cbe730,true,
6d3dac17-cfc5-4e01-a433-94632069a784,43421c7c-9dcf-4f49-9fcc-91131b9c8a1b,true,
6d3dac17-cfc5-4e01-a433-94632069a784,b33b858a-7090-4cfa-b3b3-0a610aa2f968,true,
6d3dac17-cfc5-4e01-a433-94632069a784,bc28f010-90a8-4091-8de5-77842ff86677,true,
6d3dac17-cfc5-4e01-a433-94632069a784,69287b65-cd5f-4364-b220-7d0e1d69aee0,true,
6d3dac17-cfc5-4e01-a433-94632069a784,f907ba0f-3d91-4f16-90f3-3a79c4381357,true,
6d3dac17-cfc5-4e01-a433-94632069a784,b5bd3f8c-7203-4c6c-bc53-67b8e288b863,true,
6d3dac17-cfc5-4e01-a433-94632069a784,3fabb55a-00d8-46c9-83af-38627b710097,true,
6d3dac17-cfc5-4e01-a433-94632069a784,59030ffe-0688-41a6-a410-da4260c25637,true,
6d3dac17-cfc5-4e01-a433-94632069a784,96c6a04b-2d34-403e-8779-e94a8b2eeef2,true,
6d3dac17-cfc5-4e01-a433-94632069a784,9f4c19df-e2e5-4d73-a764-d2837498c38e,true,
6d3dac17-cfc5-4e01-a433-94632069a784,e54b3b6c-9d05-4330-a628-1590d8e881e3,true,
6d3dac17-cfc5-4e01-a433-94632069a784,9be30f9d-3fa4-43d6-87ad-853f9aa29aa0,true,
6d3dac17-cfc5-4e01-a433-94632069a784,c8265857-26fe-4f2e-8742-61c51aa6dad9,true,
6d3dac17-cfc5-4e01-a433-94632069a784,7d82e281-35bd-4150-8e3f-b09418bc9f79,true,
6d3dac17-cfc5-4e01-a433-94632069a784,c9b13540-0879-4b48-af3e-705beb0c8fa6,true,
6d3dac17-cfc5-4e01-a433-94632069a784,095463c0-3f39-4a04-8705-a503f6f82ecd,true,
6d3dac17-cfc5-4e01-a433-94632069a784,d65aec7d-aa16-4d2d-8840-8f56cd7a9a37,true,
6d3dac17-cfc5-4e01-a433-94632069a784,c7c12331-7f6b-4b8b-aa16-e0939fed9745,true,
6d3dac17-cfc5-4e01-a433-94632069a784,07e6be7a-19be-488e-b286-9444b517adfb,true,
6d3dac17-cfc5-4e01-a433-94632069a784,6abfcd69-70ec-4cd5-97e8-60edfa138b7d,true,
6d3dac17-cfc5-4e01-a433-94632069a784,d74a5b4f-ad32-4aad-b8cc-42b98a3028e9,true,
6d3dac17-cfc5-4e01-a433-94632069a784,7fee1021-3437-4ca5-a0db-0a2977720142,true,
6d3dac17-cfc5-4e01-a433-94632069a784,5863b663-6211-468a-8c8c-1504eeabeb6c,true,
6d3dac17-cfc5-4e01-a433-94632069a784,929f64a3-387b-466a-ab79-cd043f0ad7cf,true,
6d3dac17-cfc5-4e01-a433-94632069a784,a45c1e0f-420e-4c38-846d-35e8d3d45a2f,true,
6d3dac17-cfc5-4e01-a433-94632069a784,3a148d1d-4487-4e51-b9f2-736de24e35a7,true,
6d3dac17-cfc5-4e01-a433-94632069a784,9f8a1bfa-125f-4c8d-a540-32f34b065d2b,true,
6d3dac17-cfc5-4e01-a433-94632069a784,64a9a831-af59-4b8a-a78f-bfed82d0f389,true,
6d3dac17-cfc5-4e01-a433-94632069a784,1a597bf1-9f2e-44b4-8ebe-549585a0e591,true,
6d3dac17-cfc5-4e01-a433-94632069a784,b7af2a2b-9d1e-46e4-b8c9-31924b540f68,true,
6d3dac17-cfc5-4e01-a433-94632069a784,f2dabb73-63ee-469a-ae44-4e7653e1cbd4,true,
6d3dac17-cfc5-4e01-a433-94632069a784,cd4b5dd0-bf1e-4f6e-b854-6c14e483b802,true,
6d3dac17-cfc5-4e01-a433-94632069a784,b0f42a50-3f4b-489a-b319-fbdaf1af9b7e,true,
6d3dac17-cfc5-4e01-a433-94632069a784,8a82428b-600c-4596-b637-35d86c5b121a,true,
6d3dac17-cfc5-4e01-a433-94632069a784,1453f89b-81be-4515-aec9-d31572e80ddd,true,
6d3dac17-cfc5-4e01-a433-94632069a784,81e31ec2-970b-430f-ae84-9d9d15c5bd22,true,
6d3dac17-cfc5-4e01-a433-94632069a784,bd0a4911-c444-4463-90fd-ddb4f6f44a4f,true,
6d3dac17-cfc5-4e01-a433-94632069a784,66a7ed37-fa85-46fc-80c3-f27fae9ed669,true,
6d3dac17-cfc5-4e01-a433-94632069a784,17c629e5-d81a-4088-8eec-96b26e37684b,true,
6d3dac17-cfc5-4e01-a433-94632069a784,fb5e7567-4102-4c6f-b23f-30d4f84afaa7,true,
6d3dac17-cfc5-4e01-a433-94632069a784,ef168123-64c8-46aa-b681-118870485b93,true,
6d3dac17-cfc5-4e01-a433-94632069a784,a19a2447-a46a-4e72-812b-a898f5b6b3b5,true,
6d3dac17-cfc5-4e01-a433-94632069a784,4b08fb11-c08a-4de1-9f71-0a7cdc09dc93,true,
6d3dac17-cfc5-4e01-a433-94632069a784,f96e0e53-a0c2-4b98-a351-673875d8f6ba,true,
6d3dac17-cfc5-4e01-a433-94632069a784,d771ef49-7a83-4361-98e3-7a6000f0bc12,true,
6d3dac17-cfc5-4e01-a433-94632069a784,a6256347-c3dd-43cc-a81a-805e81ef0e82,true,
6d3dac17-cfc5-4e01-a433-94632069a784,df6820cd-350c-49e2-a690-0eea631d7329,true,
6d3dac17-cfc5-4e01-a433-94632069a784,3da4d6f5-05f0-4392-ac1e-82d9a0c78d5b,true,
6d3dac17-cfc5-4e01-a433-94632069a784,0a2a1d52-07ff-4b5e-821e-8268da76dbb4,true,
6d3dac17-cfc5-4e01-a433-94632069a784,cd8ba89b-f6f2-4d36-86c5-4b8ba8339759,true,
6d3dac17-cfc5-4e01-a433-94632069a784,5812bd75-c2e9-4650-b356-3951703a496a,true,
6d3dac17-cfc5-4e01-a433-94632069a784,f1c4b641-16b1-43b9-a523-3fb1d945c33c,true,
6d3dac17-cfc5-4e01-a433-94632069a784,0e9b78df-36ea-4b1c-9344-0c5428d5ea16,true,
6d3dac17-cfc5-4e01-a433-94632069a784,2fdf4dd3-aa33-4cf7-90f9-0cd69caf67b5,true,
6d3dac17-cfc5-4e01-a433-94632069a784,4a15127e-0ae4-4c4e-ac0c-72efc6b22e02,true,
6d3dac17-cfc5-4e01-a433-94632069a784,e73b9a3f-d1dc-4d53-a28d-e018f3971800,true,
6d3dac17-cfc5-4e01-a433-94632069a784,a3984c7f-3d0f-4661-97b1-e7d146bc185c,true,
6d3dac17-cfc5-4e01-a433-94632069a784,08a6ae90-2b5d-44e3-9d55-b3fbfaa4c7b6,true,
6d3dac17-cfc5-4e01-a433-94632069a784,8794c810-532a-409e-8236-7cf1a9453a52,true,
6d3dac17-cfc5-4e01-a433-94632069a784,d58a9021-f892-4917-b786-d402a62a6d71,true,
6d3dac17-cfc5-4e01-a433-94632069a784,138eba24-82f0-4ee7-8375-f014d19b45eb,true,
6d3dac17-cfc5-4e01-a433-94632069a784,1035781b-4ce6-47ac-999b-7db9ccc6f695,true,
6d3dac17-cfc5-4e01-a433-94632069a784,4b9b1bb2-223d-497e-a9dd-c4d363897170,true,
6d3dac17-cfc5-4e01-a433-94632069a784,2b4075c0-9bbc-4597-920e-7ef8625f5a70,true,
6d3dac17-cfc5-4e01-a433-94632069a784,a9d1a4b1-6196-47e9-9ddb-ba9018f94edc,true,
6d3dac17-cfc5-4e01-a433-94632069a784,c9a9261c-65b0-45d9-a9f1-fca38963c8ac,true,
6d3dac17-cfc5-4e01-a433-94632069a784,4657867c-00a9-43fb-9da6-08f412791aa0,true,
6d3dac17-cfc5-4e01-a433-94632069a784,32fc768a-6fe9-4d09-9fe1-75748b60a895,true,
6d3dac17-cfc5-4e01-a433-94632069a784,05ed203e-c72a-4ddc-b085-da5600b970cf,true,
6d3dac17-cfc5-4e01-a433-94632069a784,f8552eab-d973-4622-b986-fb62088cc1fc,true,
6d3dac17-cfc5-4e01-a433-94632069a784,7b3a22c9-be07-43ab-8a9a-5f5f02b13b28,true,
6d3dac17-cfc5-4e01-a433-94632069a784,33a0a8d5-469e-4df2-a6c4-e404dc888515,true,
6d3dac17-cfc5-4e01-a433-94632069a784,64fcc024-c979-403f-9a8a-5bcb78f6b3e6,true,
6d3dac17-cfc5-4e01-a433-94632069a784,8be74b8b-0ff1-48e1-a541-85525942e637,true,
6d3dac17-cfc5-4e01-a433-94632069a784,84308e6c-4253-4452-bbc1-3bf10c5c2613,true,
6d3dac17-cfc5-4e01-a433-94632069a784,fddcdd17-4a46-4a11-be62-cc34e8b154bd,true,
6d3dac17-cfc5-4e01-a433-94632069a784,9f27be40-1985-46ec-8c8a-e0749dbe3e85,true,
6d3dac17-cfc5-4e01-a433-94632069a784,882ff672-3b43-408d-8407-0006514f9be0,true,
6d3dac17-cfc5-4e01-a433-94632069a784,e54aec50-15c4-405c-b5a3-d0599608d355,true,
6d3dac17-cfc5-4e01-a433-94632069a784,d792416d-41d5-4042-b923-cb0671266a7d,true,
6d3dac17-cfc5-4e01-a433-94632069a784,45b10d12-5f2a-4704-aecb-0ae9307b4bed,true,
6d3dac17-cfc5-4e01-a433-94632069a784,4c417643-5834-4302-9fde-9cb1ac01e73a,true,
6d3dac17-cfc5-4e01-a433-94632069a784,23b5f802-a34d-4aaf-bbbe-6cb2c6a5baae,true,
6d3dac17-cfc5-4e01-a433-94632069a784,8f22c3b4-f553-4c2e-87f2-7b24fc70592e,true,
6d3dac17-cfc5-4e01-a433-94632069a784,30fea2f3-a976-4d85-a602-ba3e786c0043,true,
6d3dac17-cfc5-4e01-a433-94632069a784,4f2871c6-2acc-44a6-8d84-60e4f90f7586,true,
6d3dac17-cfc5-4e01-a433-94632069a784,f418731f-14a8-45c8-a9ed-5fecc569cb22,true,
6d3dac17-cfc5-4e01-a433-94632069a784,11a0d50d-e57c-413e-8e59-4071982f047d,true,
6d3dac17-cfc5-4e01-a433-94632069a784,9b5440f6-0a73-4ade-a95c-577c6eb76cdd,true,
6d3dac17-cfc5-4e01-a433-94632069a784,c476879b-43f1-42ad-8176-e8a739acb65c,true,
6d3dac17-cfc5-4e01-a433-94632069a784,9dbcb87d-1aff-43e3-9df5-75359a448dde,true,
6d3dac17-cfc5-4e01-a433-94632069a784,18c4708c-4ed3-48f8-9813-56a8041fd58a,true,
6d3dac17-cfc5-4e01-a433-94632069a784,845f35b8-5e38-409e-98c7-bd388f0c7182,true,
6d3dac17-cfc5-4e01-a433-94632069a784,4632e73c-f868-4443-8ea5-a71cf2483394,true,
6d3dac17-cfc5-4e01-a433-94632069a784,4547a1e5-3fc1-43dd-aaa0-437b45ff71ee,true,
6d3dac17-cfc5-4e01-a433-94632069a784,8b7f8d48-2feb-47b8-8457-59685373c3ef,true,
6d3dac17-cfc5-4e01-a433-94632069a784,2878a1dc-20b7-41ee-a4c7-3399baead1a6,true,
6d3dac17-cfc5-4e01-a433-94632069a784,ab448fb1-8053-44c1-87ca-cb467ca7dc70,true,
6d3dac17-cfc5-4e01-a433-94632069a784,f0d99e6c-c7cf-4cda-8eec-ed67666e14e6,true,
6d3dac17-cfc5-4e01-a433-94632069a784,8cf01a82-0b4f-43ff-b094-5bb30f1640a6,true,
6d3dac17-cfc5-4e01-a433-94632069a784,c7e72e9c-02f3-44fb-8360-d066a683f8ad,true,
6d3dac17-cfc5-4e01-a433-94632069a784,68296e55-46d6-4932-a40f-783f826f5090,true,
6d3dac17-cfc5-4e01-a433-94632069a784,042a96f3-cc1a-46f6-802b-8e18db231940,true,
6d3dac17-cfc5-4e01-a433-94632069a784,86863490-90f8-4abc-99e6-5e1775258b24,true,
6d3dac17-cfc5-4e01-a433-94632069a784,70af9d8f-581a-42ce-884e-36ef45f65856,true,
6d3dac17-cfc5-4e01-a433-94632069a784,33604c57-f35e-41bf-9af9-d7371721f580,true,
6d3dac17-cfc5-4e01-a433-94632069a784,9aeea8ad-b1ed-4de2-88b2-21fd34fa03f7,true,
6d3dac17-cfc5-4e01-a433-94632069a784,c267e006-feb8-4baf-859b-34080638fba4,true,
6d3dac17-cfc5-4e01-a433-94632069a784,b75c32db-f0a9-44e2-91f7-65c6c77b4563,true,
6d3dac17-cfc5-4e01-a433-94632069a784,470812a3-904c-4fa2-aefe-96705a0ce7f4,true,
6d3dac17-cfc5-4e01-a433-94632069a784,15dbfc00-6378-43ca-aa23-be43fa3c2ccc,true,
6d3dac17-cfc5-4e01-a433-94632069a784,59595c40-fa23-48fd-b291-7349c825922f,true,
6d3dac17-cfc5-4e01-a433-94632069a784,fd24a66a-aec1-48e3-b5ac-0ff2bcf7e136,true,
6d3dac17-cfc5-4e01-a433-94632069a784,94fc6188-1b9e-4637-a651-edd8c37f833e,true,
6d3dac17-cfc5-4e01-a433-94632069a784,74dc9d1f-f2ae-4404-b2eb-608694d6cca1,true,
6d3dac17-cfc5-4e01-a433-94632069a784,91236dea-0e17-4ae3-9acd-ada472e9dac4,true,
6d3dac17-cfc5-4e01-a433-94632069a784,f8614400-67ca-4ad5-83cc-7b0e4677c502,true,
6d3dac17-cfc5-4e01-a433-94632069a784,5e9e8306-bb78-4981-bb4b-78160e6590a4,true,
6d3dac17-cfc5-4e01-a433-94632069a784,74cd0509-59ac-476a-9760-d303ec687586,true,
6d3dac17-cfc5-4e01-a433-94632069a784,9010c46e-7b86-4061-b107-58ebc86676bc,true,
6d3dac17-cfc5-4e01-a433-94632069a784,60002689-3155-4350-af03-534f468cfdee,true,
6d3dac17-cfc5-4e01-a433-94632069a784,6ed8985e-5d2f-48ce-b768-9d8e1333e9e3,true,
6d3dac17-cfc5-4e01-a433-94632069a784,25c5e8e5-8d6d-4143-83e5-85292eefc7db,true,
6d3dac17-cfc5-4e01-a433-94632069a784,c626a970-6174-44be-9c85-b862af935318,true,
6d3dac17-cfc5-4e01-a433-94632069a784,50d9efbc-f737-417e-a7a9-54a065b4b117,true,
6d3dac17-cfc5-4e01-a433-94632069a784,7caffde2-08cc-413d-ab6d-8e286faa38f0,true,
6d3dac17-cfc5-4e01-a433-94632069a784,6c9c4313-8acd-4027-bfac-06bd0d13f03e,true,
6d3dac17-cfc5-4e01-a433-94632069a784,0d9e469e-7f86-47a2-b702-0a8ca3a832f0,true,
6d3dac17-cfc5-4e01-a433-94632069a784,6ea2b8b6-ebfd-495d-8922-644f7120a1c6,true,
6d3dac17-cfc5-4e01-a433-94632069a784,9f0fc23f-410a-488d-9d81-7ddcc8e10038,true,
6d3dac17-cfc5-4e01-a433-94632069a784,ccb82f6b-8f87-435b-88d8-4a12da482e2f,true,
6d3dac17-cfc5-4e01-a433-94632069a784,c9b055a1-f5e3-449f-9012-c3dc45676c2c,true,
6d3dac17-cfc5-4e01-a433-94632069a784,411019e3-3015-411b-8df7-956f6201d756,true,
6d3dac17-cfc5-4e01-a433-94632069a784,b73f8e1e-2ddb-49eb-a7d7-987b8dd9e519,true,
6d3dac17-cfc5-4e01-a433-94632069a784,eabc9b3e-a893-4e2c-97e0-011c4c5e9fc9,true,
6d3dac17-cfc5-4e01-a433-94632069a784,7cd88e1c-37f8-48b2-860c-2306163c3c5b,true,
6d3dac17-cfc5-4e01-a433-94632069a784,b7e375b8-89fa-4752-bc7f-11f6fc62f90a,true,
6d3dac17-cfc5-4e01-a433-94632069a784,a6b8d129-a05d-48eb-b8ee-c82d08d2fd5e,true,
6d3dac17-cfc5-4e01-a433-94632069a784,bac1a750-9723-4841-bb95-973c63cba577,true,
6d3dac17-cfc5-4e01-a433-94632069a784,fa7117b8-e09e-4af4-ba49-53d843d6ce86,true,
6d3dac17-cfc5-4e01-a433-94632069a784,f52271ba-5dd3-49c3-a5e9-987fd49461d1,true,
6d3dac17-cfc5-4e01-a433-94632069a784,7a7c6342-2fcb-4bb2-9daf-13288c6fba26,true,
6d3dac17-cfc5-4e01-a433-94632069a784,fbe0aa09-3d93-4f4e-855e-1c8cab58fc83,true,
6d3dac17-cfc5-4e01-a433-94632069a784,496ef2e2-6c4a-4cb7-bd60-f4aa9443bc18,true,
6d3dac17-cfc5-4e01-a433-94632069a784,3c1ff54f-600c-4e40-b7d7-1c5c3958a4d4,true,
6d3dac17-cfc5-4e01-a433-94632069a784,c64ab763-c3ce-4e81-8940-f55a2463ab70,true,
6d3dac17-cfc5-4e01-a433-94632069a784,4b167884-e762-442a-8903-3354cc5d353c,true,
6d3dac17-cfc5-4e01-a433-94632069a784,2b1fa072-5863-48be-94af-a8d57495870b,true,
6d3dac17-cfc5-4e01-a433-94632069a784,7639f348-96de-44ef-bd78-06e235ac7710,true,
6d3dac17-cfc5-4e01-a433-94632069a784,c4cc1f47-6f8e-491d-8f0a-0dcddca610ed,true,
6d3dac17-cfc5-4e01-a433-94632069a784,09cb243d-154d-47d9-93b8-30c4c43919a3,true,
6d3dac17-cfc5-4e01-a433-94632069a784,4748a31a-3209-42a4-a365-d0038c7d0bbd,true,
6d3dac17-cfc5-4e01-a433-94632069a784,203ffa35-f423-4c8e-a8ac-3dcc77a7acbb,true,
6d3dac17-cfc5-4e01-a433-94632069a784,f83c5937-7532-4e58-b2c1-52959ad84b6a,true,
6d3dac17-cfc5-4e01-a433-94632069a784,f133f587-8a90-4221-8f6c-9729f0454ba2,true,
6d3dac17-cfc5-4e01-a433-94632069a784,908034ee-1d39-4c6a-9bbe-286e9167fe2b,true,
6d3dac17-cfc5-4e01-a433-94632069a784,d12d943a-eeb3-4ce3-a4ab-612480137149,true,
6d3dac17-cfc5-4e01-a433-94632069a784,ef2b8a1d-7ac5-4dd1-af8d-2e85409bfe22,true,
6d3dac17-cfc5-4e01-a433-94632069a784,9af749ca-ffa7-42c4-8d9b-8916ba837696,true,
6d3dac17-cfc5-4e01-a433-94632069a784,f9583374-3709-42af-be28-1960438083f7,true,
6d3dac17-cfc5-4e01-a433-94632069a784,dc9be3c4-be9a-4c93-bd00-a9a6dcdee34f,true,
6d3dac17-cfc5-4e01-a433-94632069a784,54c2f3a8-7e91-44cd-9de3-75385f916540,true,
6d3dac17-cfc5-4e01-a433-94632069a784,271a7c62-3a47-4c9c-abd5-7bd3ec12802a,true,
6d3dac17-cfc5-4e01-a433-94632069a784,e1fa081b-9166-40cc-b0c3-bebf05533d83,true,
6d3dac17-cfc5-4e01-a433-94632069a784,bea95ea1-17fb-4137-b8ba-5427a6d5e995,true,
6d3dac17-cfc5-4e01-a433-94632069a784,70fe2f12-923e-4eb8-b000-424b5294a53d,true,
6d3dac17-cfc5-4e01-a433-94632069a784,c7ec7ac0-1209-461f-aa52-f7e8a6aba29d,true,
6d3dac17-cfc5-4e01-a433-94632069a784,fafc75ff-7f91-43a4-a579-45b0d27b1cfa,true,
6d3dac17-cfc5-4e01-a433-94632069a784,4b5ef5f6-b8ea-472f-a02a-340df028ecc9,true,
6d3dac17-cfc5-4e01-a433-94632069a784,65af0111-a906-42e3-a908-6a2d195f3f76,true,
6d3dac17-cfc5-4e01-a433-94632069a784,eb5e6406-3ebd-425b-bf82-5468b59b48a7,true,
6d3dac17-cfc5-4e01-a433-94632069a784,63ebfe70-42e5-4855-9a4d-fa413690246d,true,
6d3dac17-cfc5-4e01-a433-94632069a784,4f434281-1465-479f-be73-4e9bf9a4158c,true,
6d3dac17-cfc5-4e01-a433-94632069a784,5f4d5698-bcbd-4a49-beb1-eb99cefde078,true,
6d3dac17-cfc5-4e01-a433-94632069a784,f2e87382-ef30-4356-a30d-b53a192cb020,true,
6d3dac17-cfc5-4e01-a433-94632069a784,935ae5cb-1ec0-4d9f-b7d1-076e1a3d2e8f,true,
6d3dac17-cfc5-4e01-a433-94632069a784,3755776f-ac68-4835-9ea2-a75d97e704dc,true,
6d3dac17-cfc5-4e01-a433-94632069a784,a7e69563-e535-4c36-bbcb-e1f01a06a5ce,true,
6d3dac17-cfc5-4e01-a433-94632069a784,3d0f3b2c-b7a8-4a92-8b18-b8154dbf4b9f,true,
6d3dac17-cfc5-4e01-a433-94632069a784,be37d48d-c6ef-44d6-9b58-9e53d12af78b,true,
6d3dac17-cfc5-4e01-a433-94632069a784,d77a6ab9-1d53-4642-8e66-f3cddc3094ff,true,
6d3dac17-cfc5-4e01-a433-94632069a784,ee2d3b9f-1bdf-4a24-84f8-98fce916cd1d,true,
6d3dac17-cfc5-4e01-a433-94632069a784,292645d4-9c71-4c3e-a649-1c634dbc51db,true,
6d3dac17-cfc5-4e01-a433-94632069a784,85f9cb73-f36e-428b-944c-115126eb007f,true,
6d3dac17-cfc5-4e01-a433-94632069a784,83421835-114a-43a9-b7e6-dd4a0c4327a7,true,
6d3dac17-cfc5-4e01-a433-94632069a784,9ffcaee3-99d8-4479-8021-63ea8049e493,true,
6d3dac17-cfc5-4e01-a433-94632069a784,1b87797a-170e-4ac1-8bd7-470f35a63538,true,
6d3dac17-cfc5-4e01-a433-94632069a784,6903ef10-1551-480b-b658-5bc9db7cd752,true,
6d3dac17-cfc5-4e01-a433-94632069a784,c544ed87-bfeb-46fd-b597-d5634f58cd8e,true,
6d3dac17-cfc5-4e01-a433-94632069a784,31ec71bd-5db6-44c1-8b75-0f7c691b470b,true,
6d3dac17-cfc5-4e01-a433-94632069a784,c3fb1806-5023-4ead-9037-6b951e28f92a,true,
6d3dac17-cfc5-4e01-a433-94632069a784,0f9c4958-c149-4ebc-81f7-a4bd87fe8315,true,
6d3dac17-cfc5-4e01-a433-94632069a784,bfb61920-6052-4f53-b7d2-0263ae1a5fca,true,
6d3dac17-cfc5-4e01-a433-94632069a784,3856ab2b-0f5d-482c-90ca-186206849dd4,true,
6d3dac17-cfc5-4e01-a433-94632069a784,94b7bb26-786b-4c11-ad94-8856f22e952c,true,
6d3dac17-cfc5-4e01-a433-94632069a784,53b80cd8-bb71-4ef8-bf1a-2374ada7e781,true,
6d3dac17-cfc5-4e01-a433-94632069a784,50f87697-599c-476f-ac31-665221221221,true,
6d3dac17-cfc5-4e01-a433-94632069a784,04bb80b9-0681-4ff2-a6cd-86da155f3937,true,
6d3dac17-cfc5-4e01-a433-94632069a784,38987615-afb4-4ede-8e2f-e1e9817681f0,true,
6d3dac17-cfc5-4e01-a433-94632069a784,fbec2990-9746-4d17-ac33-bdb749026349,true,
6d3dac17-cfc5-4e01-a433-94632069a784,c4309f82-fd40-49d1-897c-114e8af05733,true,
6d3dac17-cfc5-4e01-a433-94632069a784,b089438c-53a6-47a9-8eef-9ffae5008460,true,
6d3dac17-cfc5-4e01-a433-94632069a784,6559a89c-4d70-44e6-8f10-efe29a85375b,true,
6d3dac17-cfc5-4e01-a433-94632069a784,d7528a46-51fa-4122-8919-4d3de850bd50,true,
6d3dac17-cfc5-4e01-a433-94632069a784,8c7ac93f-2dee-4ec0-88bc-d2480ca1c340,true,
6d3dac17-cfc5-4e01-a433-94632069a784,de15d354-074b-423f-be72-ac48a65ea59e,true,
6d3dac17-cfc5-4e01-a433-94632069a784,8620a58c-b27f-4084-84ce-d71e71a44f86,true,
6d3dac17-cfc5-4e01-a433-94632069a784,53d6e503-4ad8-4e56-8b9c-e891cb35dcb0,true,
6d3dac17-cfc5-4e01-a433-94632069a784,345a5692-3152-42fb-9792-76f09cc5325f,true,
6d3dac17-cfc5-4e01-a433-94632069a784,edb348dc-f71d-4d74-8000-048bb83fcf50,true,
6d3dac17-cfc5-4e01-a433-94632069a784,102e3909-cb7c-403c-97cf-d68903cf7298,true,
6d3dac17-cfc5-4e01-a433-94632069a784,1d8ac684-6e7b-4a33-8bc5-226724e3c526,true,
6d3dac17-cfc5-4e01-a433-94632069a784,5a57f4a0-2c7d-4e96-84cb-2c8f3b974fff,true,
6d3dac17-cfc5-4e01-a433-94632069a784,cb013ef2-c825-4b3b-afb6-686d64a42ebd,true,
6d3dac17-cfc5-4e01-a433-94632069a784,eee7ff6a-aa1f-4bc2-b12f-e96a49fafe15,true,
6d3dac17-cfc5-4e01-a433-94632069a784,65e73aac-38e3-4b7d-9492-c469d238f063,true,
6d3dac17-cfc5-4e01-a433-94632069a784,b3382e0d-ea17-42d6-b760-9b39e5d27944,true,
6d3dac17-cfc5-4e01-a433-94632069a784,aba602fa-663e-4eb4-a0bc-9b78b1edaddc,true,
6d3dac17-cfc5-4e01-a433-94632069a784,d6fa94f5-c77e-45eb-81cc-0835055821b3,true,
6d3dac17-cfc5-4e01-a433-94632069a784,92f5e303-e4f6-4741-aedc-126d0f7d8407,true,
6d3dac17-cfc5-4e01-a433-94632069a784,ead967b4-37b2-4b6b-b12b-b519043868a1,true,
6d3dac17-cfc5-4e01-a433-94632069a784,640ba2b2-0da7-4128-bae5-4a7516eb9d94,true,
6d3dac17-cfc5-4e01-a433-94632069a784,aad56a66-628a-4315-8d0b-86c07cad976e,true,
6d3dac17-cfc5-4e01-a433-94632069a784,1a3bc3a2-1d81-43ca-9d47-d3c2036c4d89,true,
6d3dac17-cfc5-4e01-a433-94632069a784,cc5279a3-9ccd-4bbd-812e-ff30581491b2,true,
6d3dac17-cfc5-4e01-a433-94632069a784,4c5f4e09-34a0-4b15-9eec-17c47449a837,true,
6d3dac17-cfc5-4e01-a433-94632069a784,6a648e73-faa2-4511-8567-ecad0e6f8852,true,
6d3dac17-cfc5-4e01-a433-94632069a784,ebdfd8dd-071b-4615-a056-479c2c935bf7,true,
6d3dac17-cfc5-4e01-a433-94632069a784,9b2a1f5e-d00c-45d9-9b62-29a96bf0def5,true,
6d3dac17-cfc5-4e01-a433-94632069a784,7024379c-5776-44e9-bbaa-161918993624,true,
6d3dac17-cfc5-4e01-a433-94632069a784,21ce51f8-209f-44ca-b32a-f73948f50231,true,
6d3dac17-cfc5-4e01-a433-94632069a784,dfcdc223-c337-4ead-9d6e-88063642e0a8,true,
6d3dac17-cfc5-4e01-a433-94632069a784,f6b3b4eb-de9f-427b-8722-248ef772e7ae,true,
6d3dac17-cfc5-4e01-a433-94632069a784,1d0aab40-5dff-4d80-b1ae-e179c8ba028c,true,
6d3dac17-cfc5-4e01-a433-94632069a784,ad839453-4f21-4311-9a99-3e2c582fc25d,true,
6d3dac17-cfc5-4e01-a433-94632069a784,558d3ef9-7e14-4232-b2c7-8376c1eb5f2a,true,
6d3dac17-cfc5-4e01-a433-94632069a784,e775d9b0-7d9b-490a-a75f-2be8ed9e68fe,true,
6d3dac17-cfc5-4e01-a433-94632069a784,0d6fd7c1-b472-43bc-8707-02c0e7ea52c1,true,
6d3dac17-cfc5-4e01-a433-94632069a784,dbd8bb93-95c8-476c-8525-17d0feb51afd,true,
6d3dac17-cfc5-4e01-a433-94632069a784,f064f83a-9d20-4f73-9229-c95415324115,true,
6d3dac17-cfc5-4e01-a433-94632069a784,3f9cdde1-bc29-4904-90fc-5822ec72a831,true,
6d3dac17-cfc5-4e01-a433-94632069a784,08e27111-df00-4f0f-8278-283f49fd7027,true,
6d3dac17-cfc5-4e01-a433-94632069a784,dcd16dc6-33da-4a73-82a9-458875706877,true,
6d3dac17-cfc5-4e01-a433-94632069a784,fba39509-6191-47dc-8c3e-134178cf63cf,true,
6d3dac17-cfc5-4e01-a433-94632069a784,8f41f700-a501-4d04-a20f-b3b1a83ee3d6,true,
6d3dac17-cfc5-4e01-a433-94632069a784,ebb7c6ba-3428-425b-b8d4-631410acd2fb,true,
6d3dac17-cfc5-4e01-a433-94632069a784,03b840ed-ba22-4929-bb50-e7277dd15a32,true,
6d3dac17-cfc5-4e01-a433-94632069a784,2d53c55d-aeca-44d3-8514-7782fd902705,true,
6d3dac17-cfc5-4e01-a433-94632069a784,2d38d02f-03c5-48d5-88ad-fd9213b9988f,true,
6d3dac17-cfc5-4e01-a433-94632069a784,b391dff6-2afc-43ce-9121-c50397e905a5,true,
6d3dac17-cfc5-4e01-a433-94632069a784,0e0f7fab-f839-4f08-a209-29d5eb599113,true,
6d3dac17-cfc5-4e01-a433-94632069a784,8b0205c8-c088-45d9-8a75-be908442b15f,true,
6d3dac17-cfc5-4e01-a433-94632069a784,b8fb42d7-8064-491a-bd23-c17a6b230304,true,
6d3dac17-cfc5-4e01-a433-94632069a784,3bbaf5c3-107c-4918-9ebd-ce668533680e,true,
6d3dac17-cfc5-4e01-a433-94632069a784,c84a08ab-f78c-4e4a-927c-cf5334948230,true,
6d3dac17-cfc5-4e01-a433-94632069a784,c8efc20c-10f7-44fe-85ae-4f3e52ef4fa0,true,
6d3dac17-cfc5-4e01-a433-94632069a784,558fa830-f58b-41db-923a-87a8662d7ef1,true,
6d3dac17-cfc5-4e01-a433-94632069a784,c2058e6b-51ba-4a5f-aad8-ead7ae2561d6,true,
6d3dac17-cfc5-4e01-a433-94632069a784,699f273f-c57f-439d-97fe-b2512064c08f,true,
6d3dac17-cfc5-4e01-a433-94632069a784,2b514a2b-900d-4a28-83bd-ba895141fd18,true,
6d3dac17-cfc5-4e01-a433-94632069a784,60dd9ece-aab5-4a5e-8f56-54d079e1a6e3,true,
6d3dac17-cfc5-4e01-a433-94632069a784,57771fcb-12b8-4000-afcd-c7cc66642699,true,
6d3dac17-cfc5-4e01-a433-94632069a784,44a5c73e-e18b-4237-8c0e-6dda4754f8b3,true,
6d3dac17-cfc5-4e01-a433-94632069a784,d763b860-cc80-4a0d-b483-30ff3d65bfdd,true,
6d3dac17-cfc5-4e01-a433-94632069a784,f1858fd8-17b6-421b-af56-b08a8a1a9fc8,true,
6d3dac17-cfc5-4e01-a433-94632069a784,c1bc9bfe-6c88-43d8-a40b-ff1923a1f0da,true,
6d3dac17-cfc5-4e01-a433-94632069a784,1d0b11ae-957a-4ed4-8763-c536303c2af8,true,
6d3dac17-cfc5-4e01-a433-94632069a784,f4914523-ddcf-4a1d-a44c-ed2eeb7f8f7e,true,
6d3dac17-cfc5-4e01-a433-94632069a784,fc552973-57b0-470d-8dad-5e2ce6694da3,true,
6d3dac17-cfc5-4e01-a433-94632069a784,f48b6632-e7cc-4ba3-85c8-442dc485b41d,true,
6d3dac17-cfc5-4e01-a433-94632069a784,e5227422-4a93-4e66-9def-1b40f28d5b93,true,
6d3dac17-cfc5-4e01-a433-94632069a784,b7146666-dcc7-4395-be19-0616e14d4f43,true,
6d3dac17-cfc5-4e01-a433-94632069a784,5a5af9bd-74a5-44a0-82be-2ece2ffa369a,true,
6d3dac17-cfc5-4e01-a433-94632069a784,a153b9cb-7db8-410d-8727-b983d724ad4c,true,
6d3dac17-cfc5-4e01-a433-94632069a784,d0cbebca-2349-45f3-ae69-07797567e5c7,true,
6d3dac17-cfc5-4e01-a433-94632069a784,f94c71ef-9197-415a-9715-38dd85b2b84c,true,
6d3dac17-cfc5-4e01-a433-94632069a784,5be6dfcf-57cc-49c7-9c19-6fba2cf2ed24,true,
6d3dac17-cfc5-4e01-a433-94632069a784,a4a27f9b-b29b-4f83-a90e-e0b5cbad622f,true,
6d3dac17-cfc5-4e01-a433-94632069a784,058f3ab3-f5d7-4e6c-a29a-f386cc9e1cfa,true,
6d3dac17-cfc5-4e01-a433-94632069a784,d6231e23-26df-4258-9ebe-dfed97241769,true,
6d3dac17-cfc5-4e01-a433-94632069a784,26ce07b4-ea79-4d09-84a4-8da43fbec0e0,true,
6d3dac17-cfc5-4e01-a433-94632069a784,226c7658-cacf-46f0-917b-d1afb54aa69b,true,
6d3dac17-cfc5-4e01-a433-94632069a784,6b4435d0-4a48-415d-9bbd-f445f69c8c72,true,
6d3dac17-cfc5-4e01-a433-94632069a784,6e5b74db-b9e4-4977-9898-33fce5c62c76,true,
6d3dac17-cfc5-4e01-a433-94632069a784,945c5eb2-aa32-4fb7-854a-6242ecbec96f,true,
6d3dac17-cfc5-4e01-a433-94632069a784,a3d58446-9745-4f0c-9d49-ef2b8b3818cb,true,
6d3dac17-cfc5-4e01-a433-94632069a784,c66cde76-5f9e-454a-b6c0-4cafa3a5398e,true,
6d3dac17-cfc5-4e01-a433-94632069a784,6d1f58ea-97d2-4985-8e9e-fc726c983604,true,
6d3dac17-cfc5-4e01-a433-94632069a784,e09d7bc8-fe5d-40f6-81f5-a0375dccb1a8,true,
6d3dac17-cfc5-4e01-a433-94632069a784,f22b0369-0e9c-4f87-b901-7616ea4bcf76,true,
6d3dac17-cfc5-4e01-a433-94632069a784,5e89d86f-a4ed-4e7e-9155-bf8fb03dff27,true,
6d3dac17-cfc5-4e01-a433-94632069a784,9ef3b88a-483c-4750-be0e-bf4150663d2d,true,
6d3dac17-cfc5-4e01-a433-94632069a784,7e19e742-afe7-4c42-9c85-27ae4a245c39,true,
6d3dac17-cfc5-4e01-a433-94632069a784,2804deac-5517-4251-990a-50b636307f13,true,
6d3dac17-cfc5-4e01-a433-94632069a784,6aa3953d-557c-4b4e-b277-6a15ec138463,true,
6d3dac17-cfc5-4e01-a433-94632069a784,f8450c7e-5a45-4414-8106-bbcf4bead7fc,true,
6d3dac17-cfc5-4e01-a433-94632069a784,7201fb8f-3928-41b9-beaa-ad506a83421e,true,
6d3dac17-cfc5-4e01-a433-94632069a784,a388b541-de27-4bf6-88b9-0b67902fd689,true,
6d3dac17-cfc5-4e01-a433-94632069a784,83c3e6d5-696c-4143-8a6c-5d7ce9308eab,true,
6d3dac17-cfc5-4e01-a433-94632069a784,e24567e2-c9aa-4125-9baf-c392f0ab973b,true,
6d3dac17-cfc5-4e01-a433-94632069a784,0899d3e3-1fc6-4381-b700-c8a22ff3be72,true,
6d3dac17-cfc5-4e01-a433-94632069a784,fa828349-ea64-40e1-b61f-24618d3cd0c6,true,
6d3dac17-cfc5-4e01-a433-94632069a784,6ad48bc8-4602-4981-8f0f-eb53743bf880,true,
6d3dac17-cfc5-4e01-a433-94632069a784,0efb0e18-7e1d-4af6-9b87-aac97f4a7219,true,
6d3dac17-cfc5-4e01-a433-94632069a784,0da0da27-bd44-43ce-923f-351f0a95ee33,true,
6d3dac17-cfc5-4e01-a433-94632069a784,39ecc6ca-5e6f-4911-b638-acbe2480fa97,true,
6d3dac17-cfc5-4e01-a433-94632069a784,4ad9be0c-b485-4052-996f-c28a21af8642,true,
6d3dac17-cfc5-4e01-a433-94632069a784,166f371c-bebd-4c58-98ac-06c1cf34962e,true,
6d3dac17-cfc5-4e01-a433-94632069a784,36471608-acf0-42db-930e-8583acdf3248,true,
6d3dac17-cfc5-4e01-a433-94632069a784,b8ed2838-dd8d-4522-9879-af7efbb27761,true,
6d3dac17-cfc5-4e01-a433-94632069a784,baec9871-488c-4e45-be7f-9491090afd54,true,
6d3dac17-cfc5-4e01-a433-94632069a784,a8cc868b-de09-48f0-b0d4-96dbdec69e55,true,
6d3dac17-cfc5-4e01-a433-94632069a784,b68738e9-654b-40a3-8b94-a68469e50622,true,
6d3dac17-cfc5-4e01-a433-94632069a784,7f6c761a-0702-4de7-b317-611d8b583ddb,true,
6d3dac17-cfc5-4e01-a433-94632069a784,eb729213-6eba-4467-98b1-3de9dab44b63,true,
6d3dac17-cfc5-4e01-a433-94632069a784,0a64834a-638e-4ea8-9ed4-41176109e07a,true,
6d3dac17-cfc5-4e01-a433-94632069a784,aec55db2-8dd1-4ea3-b503-e2abbef0bbc0,true,
6d3dac17-cfc5-4e01-a433-94632069a784,c7920df1-3199-40a6-a1d7-3a9f54c167f8,true,
6d3dac17-cfc5-4e01-a433-94632069a784,1c037065-2718-4ccc-b8ce-7401524cbd87,true,
6d3dac17-cfc5-4e01-a433-94632069a784,65d5a127-eb3e-464c-8939-32117822b8b7,true,
6d3dac17-cfc5-4e01-a433-94632069a784,e3b16ce1-6f10-4ce2-8596-7c30f53d3193,true,
6d3dac17-cfc5-4e01-a433-94632069a784,eb4f3ab9-94e6-4838-83b8-35895cc53d30,true,
6d3dac17-cfc5-4e01-a433-94632069a784,ba193644-2d97-4d4f-9c1b-965ead1b9565,true,
6d3dac17-cfc5-4e01-a433-94632069a784,82af81ea-e3b0-4544-8a18-75d8d5fcdd8e,true,
6d3dac17-cfc5-4e01-a433-94632069a784,d26272cf-2d47-4412-9704-650b6b06f560,true,
6d3dac17-cfc5-4e01-a433-94632069a784,44041b8a-f7c2-427d-9614-3e2e1ce30c25,true,
6d3dac17-cfc5-4e01-a433-94632069a784,bc5f2066-2bc0-4d7d-9249-76126227836c,true,
6d3dac17-cfc5-4e01-a433-94632069a784,f5b5eb67-23b0-493a-8f35-46702d7a860a,true,
6d3dac17-cfc5-4e01-a433-94632069a784,40f2dfe2-4809-4d7a-8f23-1056e79cf847,true,
6d3dac17-cfc5-4e01-a433-94632069a784,31a1855b-2e25-49dd-a47c-4332c88e32b0,true,
6d3dac17-cfc5-4e01-a433-94632069a784,06363548-48fb-42af-a7b5-650991ae52f0,true,
6d3dac17-cfc5-4e01-a433-94632069a784,72434e1c-4494-4173-89fd-66b5f501df80,true,
6d3dac17-cfc5-4e01-a433-94632069a784,a9aa74c1-2159-46de-8fa1-ddaaf4a6faf7,true,
6d3dac17-cfc5-4e01-a433-94632069a784,1aac846b-2b3b-4253-a117-fd204c2295ac,true,
6d3dac17-cfc5-4e01-a433-94632069a784,56acbe5d-1e0e-4b46-88c0-f1dff8628759,true,
6d3dac17-cfc5-4e01-a433-94632069a784,4ebb5e89-89e1-4f8d-a09a-49ee2eee010f,true,
6d3dac17-cfc5-4e01-a433-94632069a784,f2e64245-7476-4b33-a343-03eea6bef349,true,
6d3dac17-cfc5-4e01-a433-94632069a784,4f824ac8-14c6-46a8-b3fa-367cb1ebc1d3,true,
6d3dac17-cfc5-4e01-a433-94632069a784,c06d1da7-6e8d-4cf7-895b-4f58b03f95a8,true,
6d3dac17-cfc5-4e01-a433-94632069a784,4e710af6-54f5-4699-ae0a-37ef74a785fd,true,
6d3dac17-cfc5-4e01-a433-94632069a784,2112ff3d-dc8a-4bd6-b1f6-b7e44f14b26d,true,
6d3dac17-cfc5-4e01-a433-94632069a784,fd2ef1cd-40e2-4725-a695-40b35910d195,true,
6d3dac17-cfc5-4e01-a433-94632069a784,b35bdaaf-7a3f-466a-9e5d-9ac9787fac5c,true,
6d3dac17-cfc5-4e01-a433-94632069a784,5e9588cc-75f3-40e1-961b-60f9466eddba,true,
6d3dac17-cfc5-4e01-a433-94632069a784,1db5feaf-4871-4f6e-ab80-b38516b81223,true,
6d3dac17-cfc5-4e01-a433-94632069a784,468e8f8e-d490-4c4d-b458-3e142a49772d,true,
6d3dac17-cfc5-4e01-a433-94632069a784,1ca3b6ac-bee8-4513-a68e-eeb9227738bb,true,
6d3dac17-cfc5-4e01-a433-94632069a784,a2f4e600-2e74-4218-842d-5d351e0d783a,true,
6d3dac17-cfc5-4e01-a433-94632069a784,7cdfe002-ea54-4b8c-a446-2245648393b4,true,
6d3dac17-cfc5-4e01-a433-94632069a784,f1b5d281-068d-41e1-8408-3ca968374ad1,true,
6d3dac17-cfc5-4e01-a433-94632069a784,0a341f39-cb82-4608-8062-c42b07c6e380,true,
6d3dac17-cfc5-4e01-a433-94632069a784,f9621e82-b3b3-4926-861e-aa662d5cc470,true,
6d3dac17-cfc5-4e01-a433-94632069a784,05f8deee-ae11-435d-9beb-0ae76193f1a3,true,
6d3dac17-cfc5-4e01-a433-94632069a784,10afc757-d894-4fd7-9948-97cff36c7c4d,true,
6d3dac17-cfc5-4e01-a433-94632069a784,a6f7a613-35bc-446d-9070-e2e2d187c251,true,
6d3dac17-cfc5-4e01-a433-94632069a784,b12799cd-d408-465f-8dd1-30a0628fb9f6,true,
6d3dac17-cfc5-4e01-a433-94632069a784,59491ff5-7d7b-421b-bd40-b4c4838d9dcb,true,
6d3dac17-cfc5-4e01-a433-94632069a784,7ad14f22-71c4-4ac4-8e7f-686137d7e184,true,
6d3dac17-cfc5-4e01-a433-94632069a784,8fc338b8-118f-46ce-bc8b-f6e8e4e5985d,true,
6d3dac17-cfc5-4e01-a433-94632069a784,3b7e88c1-ba9f-4a19-b13f-a5f69c0aa234,true,
6d3dac17-cfc5-4e01-a433-94632069a784,0564ee00-0d38-4d48-942a-5e239b2800b9,true,
6d3dac17-cfc5-4e01-a433-94632069a784,a35b6ef4-66bb-4473-9add-7266ce1e12ba,true,
6d3dac17-cfc5-4e01-a433-94632069a784,a94166d4-5897-45c7-9c8b-bcf1477e9c78,true,
6d3dac17-cfc5-4e01-a433-94632069a784,4d8bf0c6-e216-456d-a198-5cbf4b4e46a3,true,
6d3dac17-cfc5-4e01-a433-94632069a784,2062848a-ded2-421b-83a0-101ebff0cc29,true,
6d3dac17-cfc5-4e01-a433-94632069a784,6912c957-1ff7-40a0-8048-53e3771bcf15,true,
6d3dac17-cfc5-4e01-a433-94632069a784,4d6689fa-7184-42c2-bbf2-9be87615b8bd,true,
6d3dac17-cfc5-4e01-a433-94632069a784,df2f0294-16db-47d5-acf9-70cbe4cd897b,true,
6d3dac17-cfc5-4e01-a433-94632069a784,f902ee54-9405-45e5-8a5b-ef36dfbd91ff,true,
6d3dac17-cfc5-4e01-a433-94632069a784,dde1d5ee-1e2c-4e68-b01d-0ea56ebffbff,true,
6d3dac17-cfc5-4e01-a433-94632069a784,e1057593-4346-4ce0-bb7c-702ac4427d64,true,
6d3dac17-cfc5-4e01-a433-94632069a784,ac6dd71d-52c1-4f38-bad9-eadcb1078940,true,
6d3dac17-cfc5-4e01-a433-94632069a784,2719ba7b-fdbd-4937-afeb-28797a0e599b,true,
6d3dac17-cfc5-4e01-a433-94632069a784,4ffde8cb-33ca-4de9-a230-e94a66a3abe8,true,
6d3dac17-cfc5-4e01-a433-94632069a784,91297e5a-379d-4189-b2f7-bbcd75810f9e,true,
6d3dac17-cfc5-4e01-a433-94632069a784,355ebc04-9cdf-4728-97e0-e9004ec9d85f,true,
6d3dac17-cfc5-4e01-a433-94632069a784,d6022d87-682f-440f-8308-22dd8e512f71,true,
6d3dac17-cfc5-4e01-a433-94632069a784,e0c39ce5-44a3-44c0-b31f-3247ea4705a9,true,
6d3dac17-cfc5-4e01-a433-94632069a784,f8d3a57e-a8ea-4539-b94b-dbb57874902a,true,
6d3dac17-cfc5-4e01-a433-94632069a784,dc384b92-09dc-4d65-ac11-ca3b697323ce,true,
6d3dac17-cfc5-4e01-a433-94632069a784,358952f0-47e3-4b88-b6b1-ff9c3cf5d0ba,true,
6d3dac17-cfc5-4e01-a433-94632069a784,9b7d019f-a695-4c49-a84f-23215c01f56c,true,
6d3dac17-cfc5-4e01-a433-94632069a784,8a4314dc-2b21-43d2-8ccf-5c77407ec1e8,true,
6d3dac17-cfc5-4e01-a433-94632069a784,ba852923-dc95-49ce-ae4b-4ab93e9855b8,true,
6d3dac17-cfc5-4e01-a433-94632069a784,ae7d22ed-e218-4d26-9561-e39651d0a5b0,true,
6d3dac17-cfc5-4e01-a433-94632069a784,3ba09d78-404f-45be-9f5e-31d1984cc02e,true,
6d3dac17-cfc5-4e01-a433-94632069a784,4ba8423e-aedd-40a5-b036-80c01c22c3d3,true,
6d3dac17-cfc5-4e01-a433-94632069a784,6a9b305e-d12d-45bc-9dd4-273241fff16f,true,
6d3dac17-cfc5-4e01-a433-94632069a784,ffc88fb5-cf89-4a86-ae25-3d5d2b6dba14,true,
6d3dac17-cfc5-4e01-a433-94632069a784,39e79a71-68d6-4cf2-896b-329f51e5891f,true,
6d3dac17-cfc5-4e01-a433-94632069a784,2f311444-08d8-4751-bc8f-396ba5b6b486,true,
6d3dac17-cfc5-4e01-a433-94632069a784,c837b4a2-db59-4fc8-bce1-2f356dde253b,true,
6d3dac17-cfc5-4e01-a433-94632069a784,1537c06f-ff1a-4234-bbe0-170c72f75f2d,true,
6d3dac17-cfc5-4e01-a433-94632069a784,c4ae39fe-9d4a-450b-9331-7c8295cf6c89,true,
6d3dac17-cfc5-4e01-a433-94632069a784,d5b36afb-d2fd-4c15-80eb-44dbb0857877,true,
6d3dac17-cfc5-4e01-a433-94632069a784,53a1e712-a92c-4962-a4fb-e68b498ea7a0,true,
6d3dac17-cfc5-4e01-a433-94632069a784,f753912e-6b63-4fde-8709-30663a188768,true,
6d3dac17-cfc5-4e01-a433-94632069a784,1090a0f8-b636-48b9-b640-28652b9ab190,true,
6d3dac17-cfc5-4e01-a433-94632069a784,281e14b8-7789-4f07-8977-cef854f797a3,true,
6d3dac17-cfc5-4e01-a433-94632069a784,c4088e61-4b7b-4448-8437-a6a80a7ecc62,true,
6d3dac17-cfc5-4e01-a433-94632069a784,8052754a-71fb-4b0c-be45-eb66b3758ea9,true,
6d3dac17-cfc5-4e01-a433-94632069a784,fa73142a-fbb1-4646-8c52-11eb8fbc2c8e,true,
6d3dac17-cfc5-4e01-a433-94632069a784,d82caf11-cd32-4bb3-85b8-cc72dfc24d5c,true,
6d3dac17-cfc5-4e01-a433-94632069a784,2d89a852-45e5-4045-ad7b-f1433c0cd67b,true,
6d3dac17-cfc5-4e01-a433-94632069a784,8ccfb03b-728f-4072-9894-8b8988a2649e,true,
6d3dac17-cfc5-4e01-a433-94632069a784,9e5ff6d2-4370-4c34-b0ea-9a2784bb34f6,true,
6d3dac17-cfc5-4e01-a433-94632069a784,8180c9c5-5d56-4bc0-bb07-c526888c12df,true,
6d3dac17-cfc5-4e01-a433-94632069a784,1bae86cc-7b15-4e0e-a3a4-7da74328a17b,true,
6d3dac17-cfc5-4e01-a433-94632069a784,84e96b97-36d2-4028-ab24-3f65412d1338,true,
6d3dac17-cfc5-4e01-a433-94632069a784,3892f355-921a-440c-9fde-8ceb8db9c0a9,true,
6d3dac17-cfc5-4e01-a433-94632069a784,abd44e13-4af3-43c7-9acf-72a88a750f33,true,
6d3dac17-cfc5-4e01-a433-94632069a784,d3f889ca-edab-4e8f-92ff-9c96fb2fb85f,true,
6d3dac17-cfc5-4e01-a433-94632069a784,d278a3f5-2a0d-48b1-b637-ab18816093e7,true,
6d3dac17-cfc5-4e01-a433-94632069a784,6c56ad45-5b81-4f9c-8606-2fa0d1b25e97,true,
6d3dac17-cfc5-4e01-a433-94632069a784,2a2e897b-6669-4464-8b66-5f32e5452c59,true,
6d3dac17-cfc5-4e01-a433-94632069a784,dfc93413-d5c9-4cd5-8727-08961e619a13,true,
6d3dac17-cfc5-4e01-a433-94632069a784,34933548-24b8-4837-bfa0-b610b19b277e,true,
6d3dac17-cfc5-4e01-a433-94632069a784,d3ab0186-fa87-46ef-929b-e1c7cc0c5799,true,
6d3dac17-cfc5-4e01-a433-94632069a784,06d55bef-3f50-47d3-a101-6e1f0fa46181,true,
6d3dac17-cfc5-4e01-a433-94632069a784,43b99bdc-89d8-4b91-bf45-31f6cb974e5b,true,
6d3dac17-cfc5-4e01-a433-94632069a784,d1b23e10-cbe1-4356-96eb-0f1a0062312b,true,
6d3dac17-cfc5-4e01-a433-94632069a784,24e3a500-ece8-47d0-880f-e26e73819574,true,
6d3dac17-cfc5-4e01-a433-94632069a784,4aac7d4e-fa6a-450c-9689-8fb0229403a1,true,
6d3dac17-cfc5-4e01-a433-94632069a784,11f4b365-ccec-4bf4-a67f-897a57a91cad,true,
6d3dac17-cfc5-4e01-a433-94632069a784,eb010163-9621-4c69-8789-0bbf375afe2b,true,
6d3dac17-cfc5-4e01-a433-94632069a784,7bc35850-ed7a-4d06-8a0c-9a69930cc4c7,true,
6d3dac17-cfc5-4e01-a433-94632069a784,7e7e5712-fcb3-4a58-be8f-45e328e3cd44,true,
6d3dac17-cfc5-4e01-a433-94632069a784,70822c51-581f-40fc-a3c6-e0ba604c5b2e,true,
6d3dac17-cfc5-4e01-a433-94632069a784,45d75966-2110-44b1-ad64-b7edaff18539,true,
6d3dac17-cfc5-4e01-a433-94632069a784,8207cf7d-817f-43ff-85d1-3d63cff82a88,true,
6d3dac17-cfc5-4e01-a433-94632069a784,494ae4b2-eb95-41b3-bda9-927789f00731,true,
6d3dac17-cfc5-4e01-a433-94632069a784,5c00d032-c30d-4c4a-a205-f21b812472d1,true,
6d3dac17-cfc5-4e01-a433-94632069a784,733817f5-60be-4880-a2f4-01eaa1b32702,true,
6d3dac17-cfc5-4e01-a433-94632069a784,baa21bc4-986c-41b3-ac5c-f43f89432a57,true,
6d3dac17-cfc5-4e01-a433-94632069a784,b35b830b-67f1-47ac-b68c-2259ecd55cb5,true,
6d3dac17-cfc5-4e01-a433-94632069a784,a0f9c308-d1b3-47f2-8716-232f33fa477b,true,
6d3dac17-cfc5-4e01-a433-94632069a784,9a3c52a8-b848-4b33-a1bd-758169d988eb,true,
6d3dac17-cfc5-4e01-a433-94632069a784,72a28dbb-c86b-4a27-9465-d8f0e0ee5ebe,true,
6d3dac17-cfc5-4e01-a433-94632069a784,065e8ffe-121b-488f-9d1b-32ffd28d7e6b,true,
6d3dac17-cfc5-4e01-a433-94632069a784,ba72d3e0-3ccd-4f16-a54b-ad4b4875cffd,true,
6d3dac17-cfc5-4e01-a433-94632069a784,8f9317af-1466-4ec4-986b-d50320e25e37,true,
6d3dac17-cfc5-4e01-a433-94632069a784,3b0cad5f-7676-40a5-9dfa-d4533ee8577a,true,
6d3dac17-cfc5-4e01-a433-94632069a784,402fbe78-ebac-4940-bb3d-d68a9c7630d6,true,
6d3dac17-cfc5-4e01-a433-94632069a784,dbf360c1-a393-4086-b03d-28b6aa808486,true,
6d3dac17-cfc5-4e01-a433-94632069a784,0997fc61-628a-45f7-a6cb-7e7eb779b921,true,
6d3dac17-cfc5-4e01-a433-94632069a784,eba10f12-a1d4-4c02-89fa-deb821d28966,true,
6d3dac17-cfc5-4e01-a433-94632069a784,200c50bf-658c-4ebb-b24e-fe5148f05107,true,
6d3dac17-cfc5-4e01-a433-94632069a784,d5cbd1b4-3116-4917-b87c-da23e7c2430d,true,
6d3dac17-cfc5-4e01-a433-94632069a784,be41e28f-b495-4857-a8f3-335aa159f817,true,
6d3dac17-cfc5-4e01-a433-94632069a784,21f3dd98-82f2-4cde-a053-06f32bbdd9ae,true,
6d3dac17-cfc5-4e01-a433-94632069a784,e27a2662-164b-4ca7-afc3-edeb73d3dd66,true,
6d3dac17-cfc5-4e01-a433-94632069a784,ce0adbb7-6511-4fdb-825a-b66d0ab57aad,true,
6d3dac17-cfc5-4e01-a433-94632069a784,ae047057-c24e-4f9b-a9fc-afcdbe737fbb,true,
6d3dac17-cfc5-4e01-a433-94632069a784,bb160dad-32fa-45e5-a381-9f7a65a34f48,true,
6d3dac17-cfc5-4e01-a433-94632069a784,d6716643-8047-4ae0-8a58-4a7569bda34c,true,
6d3dac17-cfc5-4e01-a433-94632069a784,cccd9871-118f-4db2-9a83-e8408a924e64,true,
6d3dac17-cfc5-4e01-a433-94632069a784,819f220f-d687-4be1-8269-b44213d0bf27,true,
6d3dac17-cfc5-4e01-a433-94632069a784,f1490031-f624-491e-880f-2010404fbe65,true,
6d3dac17-cfc5-4e01-a433-94632069a784,35e5f457-42dd-4fed-8f86-45f495291b24,true,
6d3dac17-cfc5-4e01-a433-94632069a784,2d2ceaa1-ee93-40e0-812a-637bcda328dd,true,
6d3dac17-cfc5-4e01-a433-94632069a784,2d6c14ba-072f-4e80-9af9-8026306025fd,true,
6d3dac17-cfc5-4e01-a433-94632069a784,3db78fcc-9ca8-489a-83ad-49755c4d24ca,true,
6d3dac17-cfc5-4e01-a433-94632069a784,7469bd6e-fc21-4125-b720-648d40cb2cc1,true,
6d3dac17-cfc5-4e01-a433-94632069a784,d4b6944b-3597-49df-a7ef-289b765d6867,true,
6d3dac17-cfc5-4e01-a433-94632069a784,c40d99c3-2665-4ac6-ac10-febd86ea0799,true,
6d3dac17-cfc5-4e01-a433-94632069a784,1c825451-b967-45b1-821d-456f17358554,true,
6d3dac17-cfc5-4e01-a433-94632069a784,8a0cda4f-66e2-4be7-a523-22340987d0e8,true,
6d3dac17-cfc5-4e01-a433-94632069a784,930a6660-1e15-4565-8d4d-be463caaa710,true,
6d3dac17-cfc5-4e01-a433-94632069a784,1964d0eb-78c0-4020-af0c-659b17885ca1,true,
6d3dac17-cfc5-4e01-a433-94632069a784,326ab2f6-a0c4-4739-9b81-2d23ec5b8b5a,true,
6d3dac17-cfc5-4e01-a433-94632069a784,98cd1342-25e1-42a9-ae91-3464513adf0b,true,
6d3dac17-cfc5-4e01-a433-94632069a784,0e482559-05be-469d-ae9e-3248ce001401,true,
6d3dac17-cfc5-4e01-a433-94632069a784,ac2243b2-e11c-464c-9312-22e03aa9c476,true,
6d3dac17-cfc5-4e01-a433-94632069a784,5203540b-9876-4464-bffa-290e714d30af,true,
6d3dac17-cfc5-4e01-a433-94632069a784,448c8455-32ed-4613-9e71-385399ed42dc,true,
6d3dac17-cfc5-4e01-a433-94632069a784,cfbba868-dd7c-4ed1-b26e-c29e7417d49e,true,
6d3dac17-cfc5-4e01-a433-94632069a784,0b1931d9-48c8-460e-8e74-8a997267196f,true,
6d3dac17-cfc5-4e01-a433-94632069a784,4628aec2-fc90-4648-9bcf-a05d6dec5e67,true,
6d3dac17-cfc5-4e01-a433-94632069a784,228b772a-02d9-42ce-ae9f-8c4a857129a4,true,
6d3dac17-cfc5-4e01-a433-94632069a784,23ee4b78-54e1-4651-8349-30112d62b4a9,true,
6d3dac17-cfc5-4e01-a433-94632069a784,a24bec47-1c90-4114-af04-a82554bc43f2,true,
6d3dac17-cfc5-4e01-a433-94632069a784,3204e33e-9365-4b1d-96b4-3d403ac106d7,true,
6d3dac17-cfc5-4e01-a433-94632069a784,a78a04cb-85fe-4c83-8cde-5f118a53f4b3,true,
6d3dac17-cfc5-4e01-a433-94632069a784,f5250d70-90a8-437c-9f6f-9fec16352e98,true,
6d3dac17-cfc5-4e01-a433-94632069a784,d2c8c3d5-1cf9-4168-960e-3da5be2fb9a9,true,
6d3dac17-cfc5-4e01-a433-94632069a784,ba48fb04-e7d7-4317-a3d4-38b026efee2e,true,
6d3dac17-cfc5-4e01-a433-94632069a784,410b1967-d73c-4154-81ff-10c7d682873d,true,
6d3dac17-cfc5-4e01-a433-94632069a784,f50eb432-4fc2-4481-a7fb-0ada441a339a,true,
6d3dac17-cfc5-4e01-a433-94632069a784,933dc1e6-9ae5-4dd8-b193-e1566f205ac9,true,
6d3dac17-cfc5-4e01-a433-94632069a784,421b5575-d6d7-49f6-985b-a5ced8a1c542,true,
6d3dac17-cfc5-4e01-a433-94632069a784,60b0dae5-c67b-4d5b-b5e8-d1a71a3d0530,true,
6d3dac17-cfc5-4e01-a433-94632069a784,efad27c5-53e6-4e7f-bcba-458c713e614c,true,
6d3dac17-cfc5-4e01-a433-94632069a784,d8bd5b01-74f9-45b9-b748-b3b1cf6ac7fb,true,
6d3dac17-cfc5-4e01-a433-94632069a784,3e5da10a-8dc7-43c2-b7eb-476ca6564f0e,true,
6d3dac17-cfc5-4e01-a433-94632069a784,625d44e8-288f-4322-9a99-2ac29aceee89,true,
6d3dac17-cfc5-4e01-a433-94632069a784,fef21821-abfe-4782-9e8c-eb28d9643172,true,
6d3dac17-cfc5-4e01-a433-94632069a784,c8818737-c508-4c84-b205-7d86d847fb08,true,
6d3dac17-cfc5-4e01-a433-94632069a784,d093c882-343b-43d1-a507-5341197dc6e0,true,
6d3dac17-cfc5-4e01-a433-94632069a784,3f6e32fc-d5b8-486c-9f3f-4178b1d8dea2,true,
6d3dac17-cfc5-4e01-a433-94632069a784,88a1387d-5a25-494a-bfc6-f97127d4981d,true,
6d3dac17-cfc5-4e01-a433-94632069a784,ce8666e0-a347-44bf-bd6d-280ab34ec9db,true,
6d3dac17-cfc5-4e01-a433-94632069a784,043c80a7-a06c-494d-8064-fe72635a9991,true,
6d3dac17-cfc5-4e01-a433-94632069a784,29365442-a630-4d92-a219-8999f44ded0c,true,
6d3dac17-cfc5-4e01-a433-94632069a784,37cdcdfe-913e-4500-a93c-3d3d4cc1365b,true,
6d3dac17-cfc5-4e01-a433-94632069a784,0f9ccfbb-bf3a-4d50-ab82-f2e5f76640d7,true,
6d3dac17-cfc5-4e01-a433-94632069a784,e52c3c39-5571-4b79-8dcb-8413ac83352c,true,
6d3dac17-cfc5-4e01-a433-94632069a784,db71e7e5-d1ee-4340-9937-554c100e2c34,true,
6d3dac17-cfc5-4e01-a433-94632069a784,643be2fb-a1c0-4bd7-a155-866d80491878,true,
6d3dac17-cfc5-4e01-a433-94632069a784,fe2a5d7d-92ae-49af-9c2f-8abd154a1bbf,true,
6d3dac17-cfc5-4e01-a433-94632069a784,77469ff5-64ac-4eb7-afed-3d4733d56a30,true,
6d3dac17-cfc5-4e01-a433-94632069a784,240ec1e0-079e-455a-84c0-65786d598622,true,
6d3dac17-cfc5-4e01-a433-94632069a784,dd9b6b57-eeea-476d-9cd0-b9e4d59403ba,true,
6d3dac17-cfc5-4e01-a433-94632069a784,9eba717e-c699-4a3e-a06d-da42bbe9edeb,true,
6d3dac17-cfc5-4e01-a433-94632069a784,bc08a717-c7e5-4e65-ae6b-6ab34d7a8f2e,true,
6d3dac17-cfc5-4e01-a433-94632069a784,49559081-1e86-4f78-94fe-db9652c3e2ea,true,
6d3dac17-cfc5-4e01-a433-94632069a784,3f1f15cb-822d-474a-bcd7-7cc75486af89,true,
6d3dac17-cfc5-4e01-a433-94632069a784,030e62e2-7f46-4ba9-b61f-4e14ba6f4578,true,
6d3dac17-cfc5-4e01-a433-94632069a784,5734026b-c6b7-4b98-bbe5-4fd02d57a464,true,
6d3dac17-cfc5-4e01-a433-94632069a784,93d77e29-5fa4-458c-ad99-9226d255e439,true,
6d3dac17-cfc5-4e01-a433-94632069a784,1313453f-246b-4e3e-a4af-9a998c037d69,true,
6d3dac17-cfc5-4e01-a433-94632069a784,ff4b14e5-b84a-4807-946c-e9dbfee2aa80,true,
6d3dac17-cfc5-4e01-a433-94632069a784,c5ac316f-056d-4f90-b207-f29596346656,true,
6d3dac17-cfc5-4e01-a433-94632069a784,19141237-fc98-42dd-a461-d1faf3757441,true,
6d3dac17-cfc5-4e01-a433-94632069a784,a0285e83-d943-45f5-87b8-c5b6902f156d,true,
6d3dac17-cfc5-4e01-a433-94632069a784,6a4f6b65-62fc-4cca-b541-dfcd8fdf0c70,true,
6d3dac17-cfc5-4e01-a433-94632069a784,17000cf2-0591-42d9-bfbc-ecb51cb1d810,true,
6d3dac17-cfc5-4e01-a433-94632069a784,41687588-e467-4438-815c-3b6a4e4e9753,true,
6d3dac17-cfc5-4e01-a433-94632069a784,db577263-572b-4343-91e3-296af85703cc,true,
6d3dac17-cfc5-4e01-a433-94632069a784,eb2f4143-4bf0-4b59-aaf0-94ee49537e9a,true,
6d3dac17-cfc5-4e01-a433-94632069a784,4cc0827b-5628-4622-8c4f-7b315d6494ee,true,
6d3dac17-cfc5-4e01-a433-94632069a784,bcef95f7-21b7-45ea-8dbe-3bb100cacb84,true,
6d3dac17-cfc5-4e01-a433-94632069a784,4645001a-24ce-40f4-80c6-3b3de2dba49f,true,
6d3dac17-cfc5-4e01-a433-94632069a784,a342133a-8323-435e-96cd-04fcd83884e9,true,
6d3dac17-cfc5-4e01-a433-94632069a784,49d8e399-49ae-4fc5-9dc7-94bb3e137985,true,
6d3dac17-cfc5-4e01-a433-94632069a784,3c0d272a-0f1d-4ba0-b571-033611d69c99,true,
6d3dac17-cfc5-4e01-a433-94632069a784,93e2833b-5aab-4678-968a-9b52008844cb,true,
6d3dac17-cfc5-4e01-a433-94632069a784,bf11f459-0419-48f7-a81d-37fd97946367,true,
6d3dac17-cfc5-4e01-a433-94632069a784,28934a14-dfd0-44c8-a3ea-87f7ea909443,true,
6d3dac17-cfc5-4e01-a433-94632069a784,74e2f684-6848-4291-be71-6578f9db4bd7,true,
6d3dac17-cfc5-4e01-a433-94632069a784,0fbff3e2-9bde-41f7-8b88-9b3f6188d109,true,
6d3dac17-cfc5-4e01-a433-94632069a784,4f4d1de5-4069-4ff6-976a-0dda00e8b4cc,true,
6d3dac17-cfc5-4e01-a433-94632069a784,827b87da-d503-4259-8bd0-0ab0e9a755b8,true,
6d3dac17-cfc5-4e01-a433-94632069a784,4a9c61ee-fe8f-4dc7-84e8-b3b3ee836bcc,true,
6d3dac17-cfc5-4e01-a433-94632069a784,b452d17e-08e6-462f-8d1a-a3d573fb6a83,true,
6d3dac17-cfc5-4e01-a433-94632069a784,8211bc57-f8f5-46ef-a79f-2f938daa56e1,true,
6d3dac17-cfc5-4e01-a433-94632069a784,be195cde-3f3f-4036-841a-83526b5c889f,true,
6d3dac17-cfc5-4e01-a433-94632069a784,2baa1cfb-147c-4c9e-8b76-b596aa5e5028,true,
6d3dac17-cfc5-4e01-a433-94632069a784,78af9453-6c28-43cf-8c22-0f7abefd52c3,true,
6d3dac17-cfc5-4e01-a433-94632069a784,1d879ba9-b32e-4330-9ba9-ecf0a5aa8803,true,
6d3dac17-cfc5-4e01-a433-94632069a784,f54c2882-fe2c-4e04-92da-2bea364f632c,true,
6d3dac17-cfc5-4e01-a433-94632069a784,9ce3c06b-ab35-4d01-a0ff-b290bb1458ba,true,
6d3dac17-cfc5-4e01-a433-94632069a784,e9e77180-6305-4fd4-9642-53227c902038,true,
6d3dac17-cfc5-4e01-a433-94632069a784,5b579b82-0a09-4a61-8528-13acc481c111,true,
6d3dac17-cfc5-4e01-a433-94632069a784,646dde27-692f-4905-8fa2-fd5a6b281eb6,true,
6d3dac17-cfc5-4e01-a433-94632069a784,a0287790-5581-4a71-aec8-0abd54bbecb0,true,
6d3dac17-cfc5-4e01-a433-94632069a784,f6391956-86e3-44bb-bc9d-bfe9797467e9,true,
6d3dac17-cfc5-4e01-a433-94632069a784,e76f462d-562f-4e27-860d-1a0ae1bcf542,true,
6d3dac17-cfc5-4e01-a433-94632069a784,2a5bda9a-761f-4ccf-9c8d-af2f76d6d571,true,
6d3dac17-cfc5-4e01-a433-94632069a784,a8bae7cb-e16a-4f7d-a2c1-cd2b5e53e537,true,
6d3dac17-cfc5-4e01-a433-94632069a784,723ef1b4-35ef-4310-84b6-d21dc7aafce0,true,
6d3dac17-cfc5-4e01-a433-94632069a784,04a65fb8-5092-484f-a30d-a359238ee6b4,true,
6d3dac17-cfc5-4e01-a433-94632069a784,588b6888-a365-4bbd-bd90-64fa3259800f,true,
6d3dac17-cfc5-4e01-a433-94632069a784,1a565958-341a-4263-86b7-49ba2903f024,true,
6d3dac17-cfc5-4e01-a433-94632069a784,ac68a679-1e0a-4957-8c95-983d57d7d27d,true,
6d3dac17-cfc5-4e01-a433-94632069a784,127dad2f-1594-4792-bebb-e46e1eb6786c,true,
6d3dac17-cfc5-4e01-a433-94632069a784,82006fd8-033d-41f1-993f-7f4ab8ed014e,true,
6d3dac17-cfc5-4e01-a433-94632069a784,8c090229-678e-41bf-b4a3-502ab18b6dd7,true,
6d3dac17-cfc5-4e01-a433-94632069a784,53e375a0-61e6-4178-aa91-6dff6bb7aad5,true,
6d3dac17-cfc5-4e01-a433-94632069a784,c8687c07-c71b-436b-8200-0a0895c579d5,true,
6d3dac17-cfc5-4e01-a433-94632069a784,76801a39-d588-4f6c-9d18-9ece403ac714,true,
6d3dac17-cfc5-4e01-a433-94632069a784,bbe3687b-e834-4397-8a29-1d79ad62ed98,true,
6d3dac17-cfc5-4e01-a433-94632069a784,ef58da3b-acea-41b1-9471-5ad96550812f,true,
6d3dac17-cfc5-4e01-a433-94632069a784,2dfe5c80-0482-4392-a35e-d623bea14be2,true,
6d3dac17-cfc5-4e01-a433-94632069a784,939d742b-6d43-4447-9ff8-c4c957976a41,true,
6d3dac17-cfc5-4e01-a433-94632069a784,46b75ffc-ca59-4e4a-9340-dceb67cadf1e,true,
6d3dac17-cfc5-4e01-a433-94632069a784,f09306da-3c5f-49ee-9031-5c01c5b53d17,true,
6d3dac17-cfc5-4e01-a433-94632069a784,a738ebf7-9846-455c-87bb-c809b0ac709c,true,
6d3dac17-cfc5-4e01-a433-94632069a784,e91939ab-9d25-4b60-a6a8-b15c9cbe9bfb,true,
6d3dac17-cfc5-4e01-a433-94632069a784,3d83166f-b454-4659-a1fd-1a0e61e8f948,true,
6d3dac17-cfc5-4e01-a433-94632069a784,1628e385-d5c6-48d5-9b7f-0d995e5f3150,true,
6d3dac17-cfc5-4e01-a433-94632069a784,34eb9378-e9a5-4550-8685-b326a836cb8a,true,
6d3dac17-cfc5-4e01-a433-94632069a784,1e475164-f72b-4f79-8277-a78e8900cda3,true,
6d3dac17-cfc5-4e01-a433-94632069a784,d1f3972a-1ab9-47be-a1c2-506668422d5f,true,
6d3dac17-cfc5-4e01-a433-94632069a784,83346a8f-a2c7-4979-8233-1c7b090d7969,true,
6d3dac17-cfc5-4e01-a433-94632069a784,23df0d59-8324-4291-9b41-dd1329d05c03,true,
6d3dac17-cfc5-4e01-a433-94632069a784,2fe3da50-18c9-4317-85cf-4d1488480e2b,true,
6d3dac17-cfc5-4e01-a433-94632069a784,606ce661-ac35-4c55-a5e4-293f22f331a8,true,
6d3dac17-cfc5-4e01-a433-94632069a784,508988cb-0e50-43a3-8114-69294782ce76,true,
6d3dac17-cfc5-4e01-a433-94632069a784,51fb2edb-a7ec-4fd8-b9d2-b3b1856a078d,true,
6d3dac17-cfc5-4e01-a433-94632069a784,47b8f242-7117-424a-b816-b8ef3fb0531a,true,
6d3dac17-cfc5-4e01-a433-94632069a784,e4f76e2e-cffe-4cbf-8414-0821a9b21f4d,true,
6d3dac17-cfc5-4e01-a433-94632069a784,7f30f4fb-0b49-4ed9-81a2-ed6eb051c145,true,
6d3dac17-cfc5-4e01-a433-94632069a784,18e31aeb-98af-4e04-94ed-2dd993d3de96,true,
6d3dac17-cfc5-4e01-a433-94632069a784,32cc4948-ab3f-4050-9a1e-1bbdef6a4df7,true,
6d3dac17-cfc5-4e01-a433-94632069a784,cb3370b3-3463-4371-aedd-8b1cb23f9460,true,
6d3dac17-cfc5-4e01-a433-94632069a784,fda69559-ebc6-4487-9362-883457565e3d,true,
6d3dac17-cfc5-4e01-a433-94632069a784,58a883c2-274c-45bb-98b9-b8bb192f7423,true,
6d3dac17-cfc5-4e01-a433-94632069a784,0e3e87b3-e943-4a10-9333-027fad967274,true,
6d3dac17-cfc5-4e01-a433-94632069a784,ec93050e-8ab6-4f37-8471-00e8dd252d44,true,
6d3dac17-cfc5-4e01-a433-94632069a784,63961a7a-7b76-446b-af2b-a8f35ffdf333,true,
6d3dac17-cfc5-4e01-a433-94632069a784,d1a8089c-817c-4f84-9a1e-964f689aa5af,true,
6d3dac17-cfc5-4e01-a433-94632069a784,648d2405-f93f-438f-98a2-1ce3fd3f3c57,true,
6d3dac17-cfc5-4e01-a433-94632069a784,360a9152-f9c8-416f-8c5b-9fdc9924e933,true,
6d3dac17-cfc5-4e01-a433-94632069a784,683c28fa-bc49-4e9c-9b83-d949b5535647,true,
6d3dac17-cfc5-4e01-a433-94632069a784,a5d6fa81-fee1-4702-9e9f-145bd360ece9,true,
6d3dac17-cfc5-4e01-a433-94632069a784,807b636e-1da2-4f7a-b388-82bb556c91d9,true,
6d3dac17-cfc5-4e01-a433-94632069a784,c301f873-afe8-4cc7-b27f-c3168a7e0a3a,true,
6d3dac17-cfc5-4e01-a433-94632069a784,db43d7e6-d380-4bb6-9281-a945be687d54,true,
6d3dac17-cfc5-4e01-a433-94632069a784,8fdd4c88-a5d5-4e25-b965-37d3c19f5d9b,true,
6d3dac17-cfc5-4e01-a433-94632069a784,d79f3284-9fbc-41e7-8676-8b5f84e482df,true,
6d3dac17-cfc5-4e01-a433-94632069a784,5a427949-152f-4767-97ee-29f5aea865a9,true,
6d3dac17-cfc5-4e01-a433-94632069a784,7b6e7a54-f4ba-4eb0-bc46-46b2177941ba,true,
6d3dac17-cfc5-4e01-a433-94632069a784,980e533f-5db9-4088-9f01-1e309a9bbbc3,true,
6d3dac17-cfc5-4e01-a433-94632069a784,c17bcce3-39b7-4ae2-90df-64a92102590a,true,
6d3dac17-cfc5-4e01-a433-94632069a784,169ffda0-b7c5-4e49-9c63-4b852da70e3b,true,
6d3dac17-cfc5-4e01-a433-94632069a784,6bcd0f35-262c-4644-a421-518fe3a317ff,true,
6d3dac17-cfc5-4e01-a433-94632069a784,650f93a9-9d20-482a-b2e2-fd742536bf9c,true,
6d3dac17-cfc5-4e01-a433-94632069a784,eb2efe79-164b-4c99-8f6a-033535649f3b,true,
6d3dac17-cfc5-4e01-a433-94632069a784,2b81a674-22b0-46e3-92a6-11deb4c7fa17,true,
6d3dac17-cfc5-4e01-a433-94632069a784,ad3e0109-5574-4567-b24a-3143d78aeb79,true,
6d3dac17-cfc5-4e01-a433-94632069a784,408f4c3d-b909-4895-b681-957c1894222d,true,
6d3dac17-cfc5-4e01-a433-94632069a784,ca488d3d-04be-4def-869c-72a6302b141b,true,
6d3dac17-cfc5-4e01-a433-94632069a784,2d832315-62ea-4d95-9264-11eeec66c15e,true,
6d3dac17-cfc5-4e01-a433-94632069a784,b0b106e4-3a0b-4950-a185-57d4007ef3f7,true,
6d3dac17-cfc5-4e01-a433-94632069a784,a1edde01-bda4-4b38-a063-dd4759df584b,true,
6d3dac17-cfc5-4e01-a433-94632069a784,94853f71-64d9-4128-b832-b517a0f8e72b,true,
6d3dac17-cfc5-4e01-a433-94632069a784,67a8d2d1-b05a-4b92-9703-0bfcc88efa22,true,
6d3dac17-cfc5-4e01-a433-94632069a784,3758dd0b-4c80-45e9-bdb2-151297e07ba7,true,
6d3dac17-cfc5-4e01-a433-94632069a784,e3bd2d07-1569-4340-8b0f-c08ceafbedc3,true,
6d3dac17-cfc5-4e01-a433-94632069a784,a4609bd0-618b-45c9-978c-f23fa90809fb,true,
6d3dac17-cfc5-4e01-a433-94632069a784,4cdd91d0-4771-4c80-97d7-0e560243e971,true,
6d3dac17-cfc5-4e01-a433-94632069a784,79a41a5f-c35b-4f64-b4ee-ea08812e7f7b,true,
6d3dac17-cfc5-4e01-a433-94632069a784,e5fee93d-b19a-448d-a25e-59aedb3fa8e4,true,
6d3dac17-cfc5-4e01-a433-94632069a784,dfbfef84-cdd0-4c67-a61b-a957fecb7a75,true,
6d3dac17-cfc5-4e01-a433-94632069a784,4a96b680-11cb-4694-8ff8-df63551a174d,true,
6d3dac17-cfc5-4e01-a433-94632069a784,5f3aa44d-34e6-4c90-bbd3-5d9693e8c923,true,
6d3dac17-cfc5-4e01-a433-94632069a784,13b5b679-26b7-417e-9351-5c0a39b946bc,true,
6d3dac17-cfc5-4e01-a433-94632069a784,d1e135e5-28fb-4612-837d-2dcba8215b38,true,
6d3dac17-cfc5-4e01-a433-94632069a784,96580324-87c4-4502-aeb0-fd0a98028de3,true,
6d3dac17-cfc5-4e01-a433-94632069a784,d2ab8796-475c-4a79-b6d3-58979bff75e5,true,
6d3dac17-cfc5-4e01-a433-94632069a784,48bf9167-626a-408e-aac7-10f10004cead,true,
6d3dac17-cfc5-4e01-a433-94632069a784,5186f7a7-496b-407c-b988-9ba2bb502fba,true,
6d3dac17-cfc5-4e01-a433-94632069a784,36276ee3-4d93-44cd-b6b8-b6a95d6b96f1,true,
6d3dac17-cfc5-4e01-a433-94632069a784,d83909d3-efeb-4a30-8e10-ff4d88c57540,true,
6d3dac17-cfc5-4e01-a433-94632069a784,dff17379-d354-4a88-8931-3109b5a74fc3,true,
6d3dac17-cfc5-4e01-a433-94632069a784,71354cd9-a017-4349-bb58-26f8231cb9b2,true,
6d3dac17-cfc5-4e01-a433-94632069a784,4ae380a3-9a70-4d03-b657-6aa8d590caaf,true,
6d3dac17-cfc5-4e01-a433-94632069a784,ee72246e-df63-4c0a-89b5-439c29371544,true,
6d3dac17-cfc5-4e01-a433-94632069a784,92d2d140-4242-49b2-8974-65dc3766aefd,true,
6d3dac17-cfc5-4e01-a433-94632069a784,d869a395-44cb-4898-9897-8f5b0c3a4776,true,
6d3dac17-cfc5-4e01-a433-94632069a784,664174c0-87a4-4f7d-b215-24b2f8cff9da,true,
6d3dac17-cfc5-4e01-a433-94632069a784,e4df4cfe-f359-48cc-b4f2-ee72d02cb256,true,
6d3dac17-cfc5-4e01-a433-94632069a784,10036a53-3c89-44e0-a9dd-ed81b1297f83,true,
6d3dac17-cfc5-4e01-a433-94632069a784,49a29777-a1f3-4b4d-b9ca-91b01b638f29,true,
6d3dac17-cfc5-4e01-a433-94632069a784,834eaccd-4e9f-4edc-8d37-f26044802eaa,true,
6d3dac17-cfc5-4e01-a433-94632069a784,077e5f15-c13c-43c4-bdab-c2c67957c0c8,true,
6d3dac17-cfc5-4e01-a433-94632069a784,383311aa-bb39-426c-b6d6-07954cdad36a,true,
6d3dac17-cfc5-4e01-a433-94632069a784,1fe7cc42-3607-4ab8-97a2-6827c0960999,true,
6d3dac17-cfc5-4e01-a433-94632069a784,18819403-6167-4155-b7de-2d543c02461a,true,
6d3dac17-cfc5-4e01-a433-94632069a784,ea114bc6-325e-42d5-8362-d556e395d472,true,
6d3dac17-cfc5-4e01-a433-94632069a784,7d8924f8-adbe-479c-96cb-6ff1bccb0c4a,true,
6d3dac17-cfc5-4e01-a433-94632069a784,80b93615-e5cc-43af-984e-200f711d494c,true,
6d3dac17-cfc5-4e01-a433-94632069a784,99b216fc-2453-4481-b050-c0e2b0be289c,true,
6d3dac17-cfc5-4e01-a433-94632069a784,f6fc0720-5b58-4eeb-9681-7baf3ec793d1,true,
6d3dac17-cfc5-4e01-a433-94632069a784,c2169c1e-6efb-4d4a-9111-3d04f9335bf4,true,
6d3dac17-cfc5-4e01-a433-94632069a784,4fe98019-d4a9-4a58-a9bb-b7fd90aa37fc,true,
6d3dac17-cfc5-4e01-a433-94632069a784,2d122a52-ba21-4358-bed9-22f55ad381d6,true,
6d3dac17-cfc5-4e01-a433-94632069a784,8845b81f-053c-4b80-a0f2-1623e2e13130,true,
6d3dac17-cfc5-4e01-a433-94632069a784,ccca8e2b-9e9a-4200-8e6b-25b23b642ba2,true,
6d3dac17-cfc5-4e01-a433-94632069a784,b469beaa-b42c-4c5e-bebf-2278af671c15,true,
6d3dac17-cfc5-4e01-a433-94632069a784,7ca7573e-1067-46f6-9a1c-844c7f0d04e3,true,
6d3dac17-cfc5-4e01-a433-94632069a784,75e58cbe-2737-4a9c-8825-c41e6b9c1658,true,
6d3dac17-cfc5-4e01-a433-94632069a784,fc8e3f62-dec9-4837-ad47-a07cbba7b8f4,true,
6d3dac17-cfc5-4e01-a433-94632069a784,b7cb0761-3c3e-4317-adce-bca3a4da1812,true,
6d3dac17-cfc5-4e01-a433-94632069a784,9c54264c-b41f-413b-bd49-de9aa3e83612,true,
6d3dac17-cfc5-4e01-a433-94632069a784,b006add6-23e8-49ba-b966-1743b9e21c95,true,
6d3dac17-cfc5-4e01-a433-94632069a784,5a29b61c-cffe-4f37-b0b0-2076d6ae7d4c,true,
6d3dac17-cfc5-4e01-a433-94632069a784,16bf7b9c-16a7-4f1b-a965-70112d45707e,true,
6d3dac17-cfc5-4e01-a433-94632069a784,16101421-b54e-4ccf-8eb6-7a8f0ca3d364,true,
6d3dac17-cfc5-4e01-a433-94632069a784,7e8f2f75-a62d-4ca5-953d-5e65492c8c0f,true,
6d3dac17-cfc5-4e01-a433-94632069a784,72216a0d-f311-4952-8a07-ce72076c21e0,true,
6d3dac17-cfc5-4e01-a433-94632069a784,1c741cb3-c94f-4cb1-8d8d-d44fe9243ed8,true,
6d3dac17-cfc5-4e01-a433-94632069a784,2f363685-955e-43ab-aa6a-6a27fc552983,true,
6d3dac17-cfc5-4e01-a433-94632069a784,b3767a0c-d447-425e-94aa-0c7eedf79bdb,true,
6d3dac17-cfc5-4e01-a433-94632069a784,160e4e3c-3a00-4303-a5bd-ffd764ccb42d,true,
6d3dac17-cfc5-4e01-a433-94632069a784,9fc126c1-916a-4e48-98f6-d6d74602e727,true,
6d3dac17-cfc5-4e01-a433-94632069a784,f3f66056-550a-4ed3-b7c9-0638acbd3175,true,
6d3dac17-cfc5-4e01-a433-94632069a784,f2ea0acb-e349-4b13-9e54-140a0e5c682b,true,
6d3dac17-cfc5-4e01-a433-94632069a784,9bbba2f7-8d53-40df-9682-366935fa43a6,true,
6d3dac17-cfc5-4e01-a433-94632069a784,202252c8-7208-4b89-a7f1-81bcb5f2d4c0,true,
6d3dac17-cfc5-4e01-a433-94632069a784,90844c0a-032c-4ed2-ae09-001569c6c166,true,
6d3dac17-cfc5-4e01-a433-94632069a784,88def975-3447-4d45-8493-26988041f8f8,true,
6d3dac17-cfc5-4e01-a433-94632069a784,eb931ccd-9b71-4dfd-b41d-52eba57cc706,true,
6d3dac17-cfc5-4e01-a433-94632069a784,d2c2806c-a1e5-4983-b152-9e6f547139dc,true,
6d3dac17-cfc5-4e01-a433-94632069a784,f959e5a4-229b-41f6-8f6c-085550c0b170,true,
6d3dac17-cfc5-4e01-a433-94632069a784,53dd885c-760b-4502-b5b9-5a0084a365b1,true,
6d3dac17-cfc5-4e01-a433-94632069a784,acfeda93-09cf-4eb2-a1e1-9c729dceced5,true,
6d3dac17-cfc5-4e01-a433-94632069a784,09a98e0d-0d17-4b9f-b900-bacba9ec0159,true,
6d3dac17-cfc5-4e01-a433-94632069a784,61a16454-649e-4547-b83e-06717dcd6704,true,
6d3dac17-cfc5-4e01-a433-94632069a784,baedac48-4fa3-46be-99d7-b0e1b945baaa,true,
6d3dac17-cfc5-4e01-a433-94632069a784,70439dd2-345d-43e4-b12f-793e040c7be2,true,
6d3dac17-cfc5-4e01-a433-94632069a784,eb83814d-0965-499b-9d25-a7850f222984,true,
6d3dac17-cfc5-4e01-a433-94632069a784,6f7d3383-6cf5-4982-bc65-066aaafad7bb,true,
6d3dac17-cfc5-4e01-a433-94632069a784,3db7ec54-e252-4270-8bc9-e7c744663b64,true,
6d3dac17-cfc5-4e01-a433-94632069a784,0e9adcd9-a57f-4a10-96ba-ed057d4d57cc,true,
6d3dac17-cfc5-4e01-a433-94632069a784,8d5b7608-9d1a-4626-8cd7-8626947df85a,true,
6d3dac17-cfc5-4e01-a433-94632069a784,6db67367-663f-4237-b849-1d6057819cfb,true,
6d3dac17-cfc5-4e01-a433-94632069a784,56937a40-0a8f-4e77-b608-27fff469b43b,true,
6d3dac17-cfc5-4e01-a433-94632069a784,ec07df51-c1b3-4ed2-97dc-43a8d7946a8f,true,
6d3dac17-cfc5-4e01-a433-94632069a784,a8b72c15-74ef-4f94-a696-8ca1bdfc6cea,true,
6d3dac17-cfc5-4e01-a433-94632069a784,ab79f3b6-6e27-4914-9b90-2950e437789b,true,
6d3dac17-cfc5-4e01-a433-94632069a784,8b1944be-b4a4-4878-803a-fa6852009b23,true,
6d3dac17-cfc5-4e01-a433-94632069a784,21368076-5b96-415c-90d6-afbfe45f5aa1,true,
6d3dac17-cfc5-4e01-a433-94632069a784,8271f103-338f-4c68-aca6-b96fcdb8ef83,true,
6d3dac17-cfc5-4e01-a433-94632069a784,dd575216-fddf-43a2-92c6-10150da548df,true,
6d3dac17-cfc5-4e01-a433-94632069a784,4cf5dbd9-7164-4f93-b26a-2dc86c21e27e,true,
6d3dac17-cfc5-4e01-a433-94632069a784,e206d696-766a-438d-b9c4-86e1ee06586e,true,
6d3dac17-cfc5-4e01-a433-94632069a784,044d95cf-04a8-431d-9a5e-30d160e88b12,true,
6d3dac17-cfc5-4e01-a433-94632069a784,2a272109-fe0d-4551-bf4a-1e3682ccdeda,true,
6d3dac17-cfc5-4e01-a433-94632069a784,e61f106a-adcb-45b7-b1bb-4d32001442df,true,
6d3dac17-cfc5-4e01-a433-94632069a784,5749a0bb-a30e-4ffe-b562-44170a916cef,true,
6d3dac17-cfc5-4e01-a433-94632069a784,36e12cec-c24d-45f1-92e2-b9c1eb454e76,true,
6d3dac17-cfc5-4e01-a433-94632069a784,16116e77-72cd-4354-8ca5-2f9f55deacbf,true,
6d3dac17-cfc5-4e01-a433-94632069a784,1c8834e2-fe79-4cd0-8624-09a9e6243356,true,
6d3dac17-cfc5-4e01-a433-94632069a784,daf3f2e9-821e-4da5-be1e-59d0286ffe57,true,
6d3dac17-cfc5-4e01-a433-94632069a784,ade0ed88-2985-4a3b-8e91-c78e04e817d9,true,
6d3dac17-cfc5-4e01-a433-94632069a784,163246d3-fd6a-414d-9618-4fdaf495cc35,true,
6d3dac17-cfc5-4e01-a433-94632069a784,61b8f7ff-8f72-4108-8974-4b7cd8525bea,true,
6d3dac17-cfc5-4e01-a433-94632069a784,25d8f676-f3ec-49a3-9c1b-5887fc18714c,true,
6d3dac17-cfc5-4e01-a433-94632069a784,4ea1bf5a-e018-4041-ade5-19cd7982e83a,true,
6d3dac17-cfc5-4e01-a433-94632069a784,393dd9b6-c6cc-4c28-82c0-e3f283c12da7,true,
6d3dac17-cfc5-4e01-a433-94632069a784,708aa6d4-195d-4910-b169-706393999365,true,
6d3dac17-cfc5-4e01-a433-94632069a784,53f86895-14aa-4562-8c45-08946081c99f,true,
6d3dac17-cfc5-4e01-a433-94632069a784,54834826-93db-4b68-bb1a-139aaf6fbfc5,true,
6d3dac17-cfc5-4e01-a433-94632069a784,402967c0-163e-4c13-a86a-fe5f11500ad5,true,
6d3dac17-cfc5-4e01-a433-94632069a784,a26c8d0d-10e7-4357-92ca-9026202a3b96,true,
6d3dac17-cfc5-4e01-a433-94632069a784,dd395050-f0c2-4cb1-a76f-c9a9a4f3e970,true,
6d3dac17-cfc5-4e01-a433-94632069a784,54e8de0a-5edb-47d7-a0b9-e763a9223537,true,
6d3dac17-cfc5-4e01-a433-94632069a784,8df6b2da-80fd-4949-b4d5-5ac2d44f8739,true,
6d3dac17-cfc5-4e01-a433-94632069a784,68a64aef-1be8-46c2-a5d8-30b9edbc6b16,true,
6d3dac17-cfc5-4e01-a433-94632069a784,3a0f851c-f23f-4454-9a49-c14acf4a8238,true,
6d3dac17-cfc5-4e01-a433-94632069a784,261c911b-3a08-4251-878c-c43118a6a0a5,true,
6d3dac17-cfc5-4e01-a433-94632069a784,f21c7625-76c3-4426-b3fd-9df35d2f539b,true,
6d3dac17-cfc5-4e01-a433-94632069a784,c97b17ec-7817-4651-800c-8ea764862c76,true,
6d3dac17-cfc5-4e01-a433-94632069a784,162b2816-0ff7-4ce2-bbf4-0a09637d83e7,true,
6d3dac17-cfc5-4e01-a433-94632069a784,1a1fca0e-6775-447b-ad7a-0e4a0412752a,true,
6d3dac17-cfc5-4e01-a433-94632069a784,d6ca5f64-c19f-4a69-8e7a-455b2e84e0ec,true,
6d3dac17-cfc5-4e01-a433-94632069a784,035c6c8b-c862-4a75-a735-2f5d66ce9c06,true,
6d3dac17-cfc5-4e01-a433-94632069a784,864a332a-eed8-4d8b-8e94-2127a2f5d7cd,true,
6d3dac17-cfc5-4e01-a433-94632069a784,b0fb76d4-1e51-43a9-aea0-9c02875eeef8,true,
6d3dac17-cfc5-4e01-a433-94632069a784,b5bbac7e-d226-4608-a62f-d33bee3c4ddc,true,
6d3dac17-cfc5-4e01-a433-94632069a784,1bf5f018-22be-413c-8845-33705c0f6533,true,
6d3dac17-cfc5-4e01-a433-94632069a784,2ea77f25-2151-49cb-b443-edae77b8fc81,true,
6d3dac17-cfc5-4e01-a433-94632069a784,966f9a03-c6a8-4b3f-864b-536d708066af,true,
6d3dac17-cfc5-4e01-a433-94632069a784,37a0cb8c-2b09-47b5-91ef-c5bc103823b1,true,
6d3dac17-cfc5-4e01-a433-94632069a784,5537edfc-c9dd-48ba-a63c-1426378a9d1c,true,
6d3dac17-cfc5-4e01-a433-94632069a784,fd5b60d8-cc4b-4b18-ab70-2bba275f220d,true,
6d3dac17-cfc5-4e01-a433-94632069a784,7f0ce566-2597-4ebe-89a9-ce574f1049b7,true,
6d3dac17-cfc5-4e01-a433-94632069a784,9305597d-97af-4d46-88e0-0ca0c4141ec3,true,
6d3dac17-cfc5-4e01-a433-94632069a784,16501885-b53e-4127-b8f5-5ba72f66234d,true,
6d3dac17-cfc5-4e01-a433-94632069a784,2d7a0e73-fafd-4baf-b5af-c4a5cbe69fae,true,
6d3dac17-cfc5-4e01-a433-94632069a784,3733a52f-7e58-414d-a336-eed18c259d32,true,
6d3dac17-cfc5-4e01-a433-94632069a784,91d15513-ff8d-4775-af14-d76c504c2504,true,
6d3dac17-cfc5-4e01-a433-94632069a784,f4eb80d2-6eae-4ee2-8236-60ed7958a0f6,true,
6d3dac17-cfc5-4e01-a433-94632069a784,d3358702-20be-4500-8a7b-31b4f64095ef,true,
6d3dac17-cfc5-4e01-a433-94632069a784,2ef0dff2-941e-4445-bf81-fc1a44d8ecf7,true,
6d3dac17-cfc5-4e01-a433-94632069a784,48376d20-67ba-4d47-b36e-4a98e93988ce,true,
6d3dac17-cfc5-4e01-a433-94632069a784,3f61f38b-78f2-46c8-8d8c-728ac143a090,true,
6d3dac17-cfc5-4e01-a433-94632069a784,35dbd81c-1b06-4f00-bb98-dbbaa49def5d,true,
6d3dac17-cfc5-4e01-a433-94632069a784,94574203-d78b-42a4-b7cf-edd0dbe13760,true,
6d3dac17-cfc5-4e01-a433-94632069a784,a79ea937-176b-4ef7-87f6-813e700539ef,true,
6d3dac17-cfc5-4e01-a433-94632069a784,b59cc6ec-f272-4edb-bed6-8e37c198bfd8,true,
6d3dac17-cfc5-4e01-a433-94632069a784,94b2fa55-e632-43ed-93b5-8eb73fe73aa3,true,
6d3dac17-cfc5-4e01-a433-94632069a784,a7e8b1e8-62a2-4911-9fd5-05abd30c1d15,true,
6d3dac17-cfc5-4e01-a433-94632069a784,136a55de-a54c-420c-bab1-480fbc7af21f,true,
6d3dac17-cfc5-4e01-a433-94632069a784,1e6628f8-6065-42ab-8457-448e0d0d4384,true,
6d3dac17-cfc5-4e01-a433-94632069a784,60a55b78-8955-4931-b954-f6841993742e,true,
6d3dac17-cfc5-4e01-a433-94632069a784,3009ac1c-8ff7-4704-ad3d-f399c42b0f13,true,
6d3dac17-cfc5-4e01-a433-94632069a784,3a9ac772-eb0f-456a-9420-67a5cd4e36f3,true,
6d3dac17-cfc5-4e01-a433-94632069a784,924f957e-ffc0-44d7-9655-832a0348cbff,true,
6d3dac17-cfc5-4e01-a433-94632069a784,1df3ce53-f1ae-49a3-8333-ff00d67f450e,true,
6d3dac17-cfc5-4e01-a433-94632069a784,8511146a-2e8d-4bfe-9af7-bbeb7e878cee,true,
6d3dac17-cfc5-4e01-a433-94632069a784,6213cd5f-e965-455a-96d8-88655ae30dc1,true,
6d3dac17-cfc5-4e01-a433-94632069a784,3f767743-4913-4771-bff3-d2043164ea25,true,
6d3dac17-cfc5-4e01-a433-94632069a784,ee2a67f6-c8ce-4506-9543-b13c60fa80ee,true,
6d3dac17-cfc5-4e01-a433-94632069a784,35fa1885-da86-4da2-be26-b81670abd3c0,true,
6d3dac17-cfc5-4e01-a433-94632069a784,feeb4d2a-8ff4-42f2-aee1-2e13f29cac98,true,
6d3dac17-cfc5-4e01-a433-94632069a784,ddf9e24b-b9a2-4934-a540-8a8038071da9,true,
6d3dac17-cfc5-4e01-a433-94632069a784,eac19f6b-7fe5-450b-a151-28554bcf27ae,true,
6d3dac17-cfc5-4e01-a433-94632069a784,a6ef0ebe-dc7e-44e1-9d85-2d2d637e0e66,true,
6d3dac17-cfc5-4e01-a433-94632069a784,597a1552-a16b-4619-b96f-85fa95ce44b7,true,
6d3dac17-cfc5-4e01-a433-94632069a784,bba37e17-cf58-45c1-b20c-f5c22ac832d5,true,
6d3dac17-cfc5-4e01-a433-94632069a784,874e82bd-4136-4a62-96ec-7fd6ebc1bbb6,true,
6d3dac17-cfc5-4e01-a433-94632069a784,5c2c4371-3769-434f-b928-e5b7cc64b317,true,
6d3dac17-cfc5-4e01-a433-94632069a784,941aeea5-d9ca-4c73-9c16-c410340e2f71,true,
6d3dac17-cfc5-4e01-a433-94632069a784,b084d3c9-0c4b-4e1c-8a5e-9e4e29845aa5,true,
6d3dac17-cfc5-4e01-a433-94632069a784,64814df5-870f-4bef-85fc-dd69445f0454,true,
6d3dac17-cfc5-4e01-a433-94632069a784,6d1ae100-770a-43a7-80eb-0f948e77ee36,true,
6d3dac17-cfc5-4e01-a433-94632069a784,e20955ab-c53f-4ce1-882d-8042b44de454,true,
6d3dac17-cfc5-4e01-a433-94632069a784,054dbbb0-8a25-4bf1-868c-0dfa9934a241,true,
6d3dac17-cfc5-4e01-a433-94632069a784,d2a0ad3c-3979-4971-b348-5b3f07a15d22,true,
6d3dac17-cfc5-4e01-a433-94632069a784,222f5e2c-c132-4d7d-bb9b-1a1fe9785f88,true,
6d3dac17-cfc5-4e01-a433-94632069a784,5717946b-1bad-4ae5-ba6d-1eb4708d2381,true,
6d3dac17-cfc5-4e01-a433-94632069a784,dcec5311-1955-46bc-a0fe-b9d58b2b17f7,true,
6d3dac17-cfc5-4e01-a433-94632069a784,aafdaa31-f1e6-4d6b-ad37-b899ab76602a,true,
6d3dac17-cfc5-4e01-a433-94632069a784,935a0865-4b40-4f3a-ac3a-1d1729c95405,true,
6d3dac17-cfc5-4e01-a433-94632069a784,8c6510bc-d6ce-46f2-85b7-c11884c3568a,true,
6d3dac17-cfc5-4e01-a433-94632069a784,4a1e79ab-5865-448f-9746-3b25bc245457,true,
6d3dac17-cfc5-4e01-a433-94632069a784,77ffb971-054f-4abe-ace2-2c675e110f4c,true,
6d3dac17-cfc5-4e01-a433-94632069a784,a73b9bb0-faf6-45b3-9824-a735b0256033,true,
6d3dac17-cfc5-4e01-a433-94632069a784,f869e052-71c9-4622-9fd8-56bb467ba87f,true,
6d3dac17-cfc5-4e01-a433-94632069a784,6c53d728-7b1b-42ac-8293-5801705e3056,true,
6d3dac17-cfc5-4e01-a433-94632069a784,abd61129-fc17-49c5-aa30-eb7241c2c221,true,
6d3dac17-cfc5-4e01-a433-94632069a784,9bafc604-8c12-448a-81a6-bc74bb05bdfb,true,
6d3dac17-cfc5-4e01-a433-94632069a784,7f33f8e5-7188-4eb8-8f58-42efcfc180ba,true,
6d3dac17-cfc5-4e01-a433-94632069a784,b9919b30-0bf4-4e9e-bf24-9aa811b2e669,true,
6d3dac17-cfc5-4e01-a433-94632069a784,96e029c5-6d43-4471-a99a-161bde146619,true,
6d3dac17-cfc5-4e01-a433-94632069a784,de00ca4e-c77a-4df9-b471-167a05f154b9,true,
6d3dac17-cfc5-4e01-a433-94632069a784,44f74f50-b330-4704-9f04-f936703caa3c,true,
6d3dac17-cfc5-4e01-a433-94632069a784,0738b229-0866-47a3-813b-28949f32264c,true,
6d3dac17-cfc5-4e01-a433-94632069a784,3f56618b-8bdd-48f4-8478-53997abb497d,true,
6d3dac17-cfc5-4e01-a433-94632069a784,7dd64a55-893e-49ae-82ff-1baac06d3522,true,
6d3dac17-cfc5-4e01-a433-94632069a784,0d135385-bd4f-4328-89f9-83f43f5aaf15,true,
6d3dac17-cfc5-4e01-a433-94632069a784,89a620ac-ac3d-4f5e-a7bc-4a0a38d31844,true,
6d3dac17-cfc5-4e01-a433-94632069a784,7e3eb58c-d5f8-42ff-91c2-67060e1de978,true,
6d3dac17-cfc5-4e01-a433-94632069a784,f51305eb-4ec1-4612-a6f6-4de68e9e0d27,true,
6d3dac17-cfc5-4e01-a433-94632069a784,8561f291-9fb6-4c4a-98d7-2faa9d316b7f,true,
6d3dac17-cfc5-4e01-a433-94632069a784,6b4ec805-c89c-418b-adbb-4db4b24f5598,true,
6d3dac17-cfc5-4e01-a433-94632069a784,aed9b3f2-2272-40a0-9e4a-feaba89eebfe,true,
6d3dac17-cfc5-4e01-a433-94632069a784,a3584a68-2a9d-42d3-ad55-ec18b80790f2,true,
6d3dac17-cfc5-4e01-a433-94632069a784,fa1123b9-0dec-46f0-b2e4-eda8e4ab9fb0,true,
6d3dac17-cfc5-4e01-a433-94632069a784,7cf52f41-3a00-4165-a84a-0d00b5ebacbb,true,
6d3dac17-cfc5-4e01-a433-94632069a784,67ab2a4e-b3a2-4125-b30d-1c30b6f43428,true,
6d3dac17-cfc5-4e01-a433-94632069a784,2bab1b46-ee97-4cae-85c1-4650b0e143ed,true,
6d3dac17-cfc5-4e01-a433-94632069a784,52644bf5-6ab4-4aaf-963e-e683944b3b45,true,
6d3dac17-cfc5-4e01-a433-94632069a784,d7da240d-6f6e-42db-993f-8b8200cf2b42,true,
6d3dac17-cfc5-4e01-a433-94632069a784,c07b65f8-3c29-43a1-bb76-560ea08f4f42,true,
6d3dac17-cfc5-4e01-a433-94632069a784,b9304ad2-fa97-4edc-bd60-ff120ae4805c,true,
6d3dac17-cfc5-4e01-a433-94632069a784,7bb722dd-7666-456a-9c4f-ebdba46f5b8a,true,
6d3dac17-cfc5-4e01-a433-94632069a784,c802d2f1-ef02-4198-ae5e-926c86e9fd21,true,
6d3dac17-cfc5-4e01-a433-94632069a784,de16bba9-3666-48df-ad7e-1a817fee9dbb,true,
6d3dac17-cfc5-4e01-a433-94632069a784,edb433f0-6a25-4e2e-bddd-55ba8f508e59,true,
6d3dac17-cfc5-4e01-a433-94632069a784,3849458a-092a-4ca9-b14f-c5b080d482d6,true,
6d3dac17-cfc5-4e01-a433-94632069a784,102505b7-22a9-423e-8cb1-2927115012a4,true,
6d3dac17-cfc5-4e01-a433-94632069a784,815ab6cf-f5bc-4614-a060-4a9506e35f4f,true,
6d3dac17-cfc5-4e01-a433-94632069a784,b816180f-1114-4345-905b-86251758a436,true,
6d3dac17-cfc5-4e01-a433-94632069a784,8ae644d8-4c4a-4f02-9fc9-ca86a7f5deaa,true,
6d3dac17-cfc5-4e01-a433-94632069a784,18058fe6-5f8a-458b-b1f1-3cff97c8233d,true,
6d3dac17-cfc5-4e01-a433-94632069a784,fe1b6bc9-673e-440e-a547-c4243a5c43e0,true,
6d3dac17-cfc5-4e01-a433-94632069a784,b43ec525-2ee7-4c2e-9c04-311a3e078c47,true,
6d3dac17-cfc5-4e01-a433-94632069a784,0315d6bb-f1a2-4417-a7c7-4a4b23e8c46f,true,
6d3dac17-cfc5-4e01-a433-94632069a784,d0e20798-4ae8-4065-8789-be7b4a491882,true,
6d3dac17-cfc5-4e01-a433-94632069a784,b31c7f1f-85c2-4dfb-9ed8-70f9ebe77e8a,true,
6d3dac17-cfc5-4e01-a433-94632069a784,4ec0cf8a-dc7c-428b-9a07-14df046fb946,true,
6d3dac17-cfc5-4e01-a433-94632069a784,e9ef2549-c3c8-4fb6-bc6c-bc121d89b15d,true,
6d3dac17-cfc5-4e01-a433-94632069a784,060c734e-4ca1-47de-b1c2-be5ec06768f6,true,
6d3dac17-cfc5-4e01-a433-94632069a784,9cac0269-0702-4082-b2cf-520ad364960f,true,
6d3dac17-cfc5-4e01-a433-94632069a784,41d4b231-8925-4ffd-a3b4-0d8402cdc4fc,true,
6d3dac17-cfc5-4e01-a433-94632069a784,f53891cd-52ba-4ba4-a82c-390d124b036c,true,
6d3dac17-cfc5-4e01-a433-94632069a784,019d4d48-b067-42f1-9eae-4cf66ca763ff,true,
6d3dac17-cfc5-4e01-a433-94632069a784,57975f5b-00b5-4e2c-afce-5e55fae04f9f,true,
6d3dac17-cfc5-4e01-a433-94632069a784,998657e8-0903-4569-873c-e0265223f1ce,true,
6d3dac17-cfc5-4e01-a433-94632069a784,d27aad71-8cd2-4b3a-8321-ca6c34a1009d,true,
6d3dac17-cfc5-4e01-a433-94632069a784,28ee6e5a-2c04-4db0-aec9-d0d4963517eb,true,
6d3dac17-cfc5-4e01-a433-94632069a784,d4290728-1fac-445e-9b2b-ac1bf6a7733a,true,
6d3dac17-cfc5-4e01-a433-94632069a784,3af776c0-ad54-48ac-b218-2c985b0c345a,true,
6d3dac17-cfc5-4e01-a433-94632069a784,47ca6c74-d28b-4fa5-9341-82daf5462ce1,true,
6d3dac17-cfc5-4e01-a433-94632069a784,4a6b3dc5-7a61-41ca-8bb4-adc2931b0ed3,true,
6d3dac17-cfc5-4e01-a433-94632069a784,f92d22f5-d0c8-404d-9e1d-937105a5e63c,true,
6d3dac17-cfc5-4e01-a433-94632069a784,a9d281a9-9878-47d0-92f3-eb8c40b8e4b4,true,
6d3dac17-cfc5-4e01-a433-94632069a784,7ad794ee-2444-41a9-9874-8a39bd6c8b22,true,
6d3dac17-cfc5-4e01-a433-94632069a784,f71a5e66-3242-4954-87a0-98ebcdb6a6b1,true,
6d3dac17-cfc5-4e01-a433-94632069a784,a24abca9-ef49-4802-afa2-8a3d33f54bb3,true,
6d3dac17-cfc5-4e01-a433-94632069a784,1ca243bd-a55a-46b0-95f1-cd05edd0e60e,true,
6d3dac17-cfc5-4e01-a433-94632069a784,55e7f8a3-daf1-4a16-b000-54b3a2c32ce4,true,
6d3dac17-cfc5-4e01-a433-94632069a784,afe9f862-85cb-4c85-ac58-d371cd505a4c,true,
6d3dac17-cfc5-4e01-a433-94632069a784,2e4cec52-6054-4fd0-8ad7-eb6be59159f1,true,
6d3dac17-cfc5-4e01-a433-94632069a784,0a2750fa-ca6d-44c3-b3ab-271307a67143,true,
6d3dac17-cfc5-4e01-a433-94632069a784,c3b61fac-42b0-45ed-bf54-64802377787e,true,
6d3dac17-cfc5-4e01-a433-94632069a784,43188165-9c89-4d99-9252-aa5e55edf71a,true,
6d3dac17-cfc5-4e01-a433-94632069a784,e4cc3a3c-1598-46fa-85f3-78a1334113cc,true,
6d3dac17-cfc5-4e01-a433-94632069a784,4342e22e-955d-49b9-a016-32f7acfa59b2,true,
6d3dac17-cfc5-4e01-a433-94632069a784,c33f27d0-ff4d-48fc-a742-0f7e3006e1af,true,
6d3dac17-cfc5-4e01-a433-94632069a784,54fcd770-47c9-49d5-b7be-a7eae5ac1320,true,
6d3dac17-cfc5-4e01-a433-94632069a784,fb69fbc4-25fe-4f01-b84f-3852234b2763,true,
6d3dac17-cfc5-4e01-a433-94632069a784,a1c88739-5314-40d4-a998-ab7821d9a441,true,
6d3dac17-cfc5-4e01-a433-94632069a784,b824737d-af76-42cd-babb-d31fa1f7326b,true,
6d3dac17-cfc5-4e01-a433-94632069a784,5a943bdc-273e-452c-adc9-646030b2aaf1,true,
6d3dac17-cfc5-4e01-a433-94632069a784,51e6b02b-b150-4467-abc6-3401954b8bbe,true,
6d3dac17-cfc5-4e01-a433-94632069a784,4e18780f-f162-49d4-bece-03df5746dcc0,true,
6d3dac17-cfc5-4e01-a433-94632069a784,751b13c5-51c1-4046-9847-0422691d984f,true,
6d3dac17-cfc5-4e01-a433-94632069a784,08b752ef-ae41-4435-9597-0b05a7c9b5dd,true,
6d3dac17-cfc5-4e01-a433-94632069a784,9278bc4c-70dc-4953-ac17-de91ba78035e,true,
6d3dac17-cfc5-4e01-a433-94632069a784,042afb14-7aa2-4e49-9875-e79837e8b499,true,
6d3dac17-cfc5-4e01-a433-94632069a784,24153ff6-10b3-4076-b87c-d71a8492cc86,true,
6d3dac17-cfc5-4e01-a433-94632069a784,4eeb3b44-3838-49ad-9f6c-61ff3fe44c24,true,
6d3dac17-cfc5-4e01-a433-94632069a784,7f02abe2-4d4e-4a0c-8ad3-a69052a92c72,true,
6d3dac17-cfc5-4e01-a433-94632069a784,c9ccd5c7-8cc9-4b33-853f-13c811985c4e,true,
6d3dac17-cfc5-4e01-a433-94632069a784,86b38cad-cb67-486b-bec3-c9a2e2761040,true,
6d3dac17-cfc5-4e01-a433-94632069a784,131672cc-7294-4300-90df-0a436b650c3b,true,
6d3dac17-cfc5-4e01-a433-94632069a784,dceb4ac4-5303-4a2a-b3c7-1cb3b0e25c3c,true,
6d3dac17-cfc5-4e01-a433-94632069a784,fe6f1278-244a-4fa3-8a53-4316b597b5cf,true,
6d3dac17-cfc5-4e01-a433-94632069a784,15582810-8c06-450c-b721-f03bf0b2dd43,true,
6d3dac17-cfc5-4e01-a433-94632069a784,87801494-d203-4ff1-b3ac-1db9e027b636,true,
6d3dac17-cfc5-4e01-a433-94632069a784,9004e92d-896c-49a8-a015-6ab0fa6aaf6d,true,
6d3dac17-cfc5-4e01-a433-94632069a784,82de41cd-47df-44c2-a3a0-609804dbae8a,true,
6d3dac17-cfc5-4e01-a433-94632069a784,9f3d6766-3725-4834-b75d-cafdb6d9ae6a,true,
6d3dac17-cfc5-4e01-a433-94632069a784,178acfe3-e04e-4505-a9c9-565c4dbdcd3e,true,
6d3dac17-cfc5-4e01-a433-94632069a784,dd40c646-4978-463d-98fb-893dd8a5ba66,true,
6d3dac17-cfc5-4e01-a433-94632069a784,693e8813-8ac6-4647-8f73-eebf1e4d8544,true,
6d3dac17-cfc5-4e01-a433-94632069a784,4c52cbea-01a7-4771-b71f-430626df7151,true,
6d3dac17-cfc5-4e01-a433-94632069a784,ac6dca20-51cd-45b3-8fb3-b537a3346a9b,true,
6d3dac17-cfc5-4e01-a433-94632069a784,89911f52-bf5c-48c8-b05e-43a06aa2fd69,true,
6d3dac17-cfc5-4e01-a433-94632069a784,88e12bed-9ef6-40d5-bd6b-36b2e6b1354f,true,
6d3dac17-cfc5-4e01-a433-94632069a784,8c8ee91b-90cf-401b-9d2b-9bb6f70f1a4b,true,
6d3dac17-cfc5-4e01-a433-94632069a784,b116a5e5-c7bd-4272-aa14-f6b747fa8424,true,
6d3dac17-cfc5-4e01-a433-94632069a784,780cdc25-4905-4633-9345-afb1dbdd8327,true,
6d3dac17-cfc5-4e01-a433-94632069a784,831a134c-cc19-4c29-b980-7a89ac006422,true,
6d3dac17-cfc5-4e01-a433-94632069a784,809e5416-44a7-48d0-aa34-3a08fc42b3f6,true,
6d3dac17-cfc5-4e01-a433-94632069a784,3c828b63-f836-4acb-8637-f3b43dcc19e3,true,
6d3dac17-cfc5-4e01-a433-94632069a784,e9270404-e24a-47db-ada5-f11ec1a4719f,true,
6d3dac17-cfc5-4e01-a433-94632069a784,9f6a82ee-e721-43b8-8031-039a1c340ba7,true,
6d3dac17-cfc5-4e01-a433-94632069a784,f4849f9e-786a-438b-a631-19faa4809f41,true,
6d3dac17-cfc5-4e01-a433-94632069a784,3d035cf1-904d-4771-b5ab-12e0ca388989,true,
6d3dac17-cfc5-4e01-a433-94632069a784,7fd60aff-4ffa-4a17-8ef1-4cb7aa993ae4,true,
6d3dac17-cfc5-4e01-a433-94632069a784,50d65c20-8989-4418-948a-a4dbad208e81,true,
6d3dac17-cfc5-4e01-a433-94632069a784,92e18120-0093-437b-b47f-866aade4e0cc,true,
6d3dac17-cfc5-4e01-a433-94632069a784,9e05dd99-b162-4946-9ebb-9f5ee14200ab,true,
6d3dac17-cfc5-4e01-a433-94632069a784,8025243b-ec87-4c6c-94f5-d76e1e71eff6,true,
6d3dac17-cfc5-4e01-a433-94632069a784,d3b8b07b-83b9-473f-85af-afb0f0a337fc,true,
6d3dac17-cfc5-4e01-a433-94632069a784,d073a692-64a5-45c6-8a96-76175d450d23,true,
6d3dac17-cfc5-4e01-a433-94632069a784,785d2d02-6726-4ec6-af86-7c09a95d3592,true,
6d3dac17-cfc5-4e01-a433-94632069a784,7808bb4c-3c5e-4f6f-a5db-96471d9bb3eb,true,
6d3dac17-cfc5-4e01-a433-94632069a784,b3b87150-7008-43df-8c92-b6fff6e2e4a7,true,
6d3dac17-cfc5-4e01-a433-94632069a784,778320a6-dd39-44be-bb93-6e9c93304f75,true,
6d3dac17-cfc5-4e01-a433-94632069a784,30a842e9-5a1e-4863-afee-9ac874ee93cd,true,
6d3dac17-cfc5-4e01-a433-94632069a784,3b8664c3-ea36-4f1f-bd76-4755e1ea555b,true,
6d3dac17-cfc5-4e01-a433-94632069a784,d0cdb515-64a9-4332-a7fd-9cc01a3dbbb3,true,
6d3dac17-cfc5-4e01-a433-94632069a784,16b40ccf-c2ea-4774-92d1-af63f2d7488d,true,
6d3dac17-cfc5-4e01-a433-94632069a784,97ca9a17-e1c3-4e87-aa74-b10dffea5c60,true,
6d3dac17-cfc5-4e01-a433-94632069a784,9891369c-0ea9-4769-9928-9b321799f508,true,
6d3dac17-cfc5-4e01-a433-94632069a784,3ea0eb21-d4f4-4b95-806d-d6a1cda1ce4e,true,
6d3dac17-cfc5-4e01-a433-94632069a784,a0a80722-cef0-481d-9ff3-0fa8d01d740a,true,
6d3dac17-cfc5-4e01-a433-94632069a784,10194ab4-ef08-4264-bb47-0d6cb3467e0c,true,
6d3dac17-cfc5-4e01-a433-94632069a784,d27a2caa-d902-4306-b0be-403fdf645778,true,
6d3dac17-cfc5-4e01-a433-94632069a784,cb58f0cd-cbde-4b1e-ba4e-8d1080a59440,true,
6d3dac17-cfc5-4e01-a433-94632069a784,dd4ce2cd-a06e-4d6b-ad4c-f16e50ae984c,true,
6d3dac17-cfc5-4e01-a433-94632069a784,b08c82ea-c01d-418c-97cf-3dbb027cc567,true,
6d3dac17-cfc5-4e01-a433-94632069a784,8d5f2556-30ae-46c3-be22-dc7264daf4c2,true,
6d3dac17-cfc5-4e01-a433-94632069a784,4f9bf804-74f4-4a5e-a731-a4448822b018,true,
6d3dac17-cfc5-4e01-a433-94632069a784,4b5d78cc-10da-4f2d-99de-ecce5a1e86fb,true,
6d3dac17-cfc5-4e01-a433-94632069a784,32970744-329d-4ba8-afc1-434712b7e019,true,
6d3dac17-cfc5-4e01-a433-94632069a784,a55bb185-0422-4de0-b62c-a6d9d44331ef,true,
6d3dac17-cfc5-4e01-a433-94632069a784,5d280572-b541-4a83-89bd-d7239a46d3f7,true,
6d3dac17-cfc5-4e01-a433-94632069a784,858fcd13-793d-4dcf-987e-e0b4bd414bad,true,
6d3dac17-cfc5-4e01-a433-94632069a784,38cd5dfd-c8a3-4443-9414-93c5191ccc82,true,
6d3dac17-cfc5-4e01-a433-94632069a784,f0247d2a-3891-4e09-bb3d-78111f582391,true,
6d3dac17-cfc5-4e01-a433-94632069a784,c5daad56-a1be-4c1c-a179-0a22ab839c43,true,
6d3dac17-cfc5-4e01-a433-94632069a784,fb3891aa-35d0-46df-8dde-be999113c56a,true,
6d3dac17-cfc5-4e01-a433-94632069a784,de15dbb2-b4ef-4bdc-828d-7390cb87bbf6,true,
6d3dac17-cfc5-4e01-a433-94632069a784,5498f1fb-f9cf-486b-9aec-c7ce0492b8f2,true,
6d3dac17-cfc5-4e01-a433-94632069a784,6ecd69f9-71ba-4e34-a3ae-f365877a47c2,true,
6d3dac17-cfc5-4e01-a433-94632069a784,7f116a45-0718-4fde-b719-e8ed6f7786d9,true,
6d3dac17-cfc5-4e01-a433-94632069a784,88eb1bc8-bd32-4354-ae3a-48b99c998e33,true,
6d3dac17-cfc5-4e01-a433-94632069a784,3b0972f5-cb1e-454b-8b8b-6eac40097fda,true,
6d3dac17-cfc5-4e01-a433-94632069a784,a097457a-41c6-45f0-bad5-a00965ef4ae9,true,
6d3dac17-cfc5-4e01-a433-94632069a784,b3dfc7b3-a6e6-41d7-8999-485d118c1e09,true,
6d3dac17-cfc5-4e01-a433-94632069a784,9f985783-1108-4a01-8dc1-23930854a40d,true,
6d3dac17-cfc5-4e01-a433-94632069a784,37031847-47c4-4042-b229-96ca36299525,true,
6d3dac17-cfc5-4e01-a433-94632069a784,a78cb462-c70d-482c-948a-828e7aa91059,true,
6d3dac17-cfc5-4e01-a433-94632069a784,d52b032e-a13a-4566-aa79-ee366665e6f2,true,
6d3dac17-cfc5-4e01-a433-94632069a784,76541753-e153-4664-a952-a1101b93a51c,true,
6d3dac17-cfc5-4e01-a433-94632069a784,42760c85-19e0-40a9-8a7a-b096e02ca930,true,
6d3dac17-cfc5-4e01-a433-94632069a784,5e4e3373-a61b-4614-819a-ba6dc278a4b4,true,
6d3dac17-cfc5-4e01-a433-94632069a784,f7647cf5-7619-4fd2-a52e-3a9fb6a7df2d,true,
6d3dac17-cfc5-4e01-a433-94632069a784,8e2081fc-0ded-4144-a414-7652ee8466f9,true,
6d3dac17-cfc5-4e01-a433-94632069a784,b5c9653a-a3a5-4118-bd04-2edaf4154dbe,true,
6d3dac17-cfc5-4e01-a433-94632069a784,f594cb26-d589-4569-9408-f0a7ffb3c1b0,true,
6d3dac17-cfc5-4e01-a433-94632069a784,f01e3bf7-64c5-4343-ab5a-678cc71c0187,true,
6d3dac17-cfc5-4e01-a433-94632069a784,15975b9c-5588-48aa-8239-d92b59ee3b33,true,
6d3dac17-cfc5-4e01-a433-94632069a784,ffcfa41b-1a5a-4de6-a013-36a32359d5a1,true,
6d3dac17-cfc5-4e01-a433-94632069a784,91fa06dc-86f5-4ffa-a5ee-c08177f08680,true,
6d3dac17-cfc5-4e01-a433-94632069a784,384db6da-c9d0-4739-861d-1bdfe2825d86,true,
6d3dac17-cfc5-4e01-a433-94632069a784,1e5dcce9-60cd-4caf-bce9-ac0ed281e922,true,
6d3dac17-cfc5-4e01-a433-94632069a784,dd2154fe-313b-4483-a2b4-2ec12b999a2b,true,
6d3dac17-cfc5-4e01-a433-94632069a784,942d17fd-266b-49a5-a962-c3606e32f5c5,true,
6d3dac17-cfc5-4e01-a433-94632069a784,e9ad531e-fc36-4224-a81e-67f4462ecd37,true,
6d3dac17-cfc5-4e01-a433-94632069a784,bac95db1-7104-48af-b4f8-465be03c3ae9,true,
6d3dac17-cfc5-4e01-a433-94632069a784,aff5a5f8-523b-4fec-9d16-acb642e29a18,true,
6d3dac17-cfc5-4e01-a433-94632069a784,0d46c62b-c167-416d-a073-3752b3181bfa,true,
6d3dac17-cfc5-4e01-a433-94632069a784,4cdf7a67-925d-4710-9d75-383781caff41,true,
6d3dac17-cfc5-4e01-a433-94632069a784,d70172a7-3f1f-4d85-9956-9e774263b295,true,
6d3dac17-cfc5-4e01-a433-94632069a784,b8dc6f31-e5ff-4067-95c2-5f2ae0e957d8,true,
6d3dac17-cfc5-4e01-a433-94632069a784,d97677c3-4d29-4d34-aca6-c3ba5d1b3e11,true,
6d3dac17-cfc5-4e01-a433-94632069a784,077ef926-d897-45f9-a414-7cf42e6914f6,true,
6d3dac17-cfc5-4e01-a433-94632069a784,35ae8aa4-6b77-43e5-a038-58c785c4c286,true,
6d3dac17-cfc5-4e01-a433-94632069a784,5b526060-6320-4d66-867d-cb05a665eb7e,true,
6d3dac17-cfc5-4e01-a433-94632069a784,98f32d02-e5bf-44cc-8370-600a33a3ed39,true,
6d3dac17-cfc5-4e01-a433-94632069a784,79fbc05e-c0db-4774-a927-5a8dbbee8b63,true,
6d3dac17-cfc5-4e01-a433-94632069a784,29fa5fc8-9737-4e17-89e3-ea09e30c4a68,true,
6d3dac17-cfc5-4e01-a433-94632069a784,5b0f8bfd-537e-4e53-9e9b-17878a10cb5d,true,
6d3dac17-cfc5-4e01-a433-94632069a784,a63169b7-ca4d-477e-a68e-a5aa26a9f4ae,true,
6d3dac17-cfc5-4e01-a433-94632069a784,8d9c3ada-9929-4888-a262-446e244d1edb,true,
6d3dac17-cfc5-4e01-a433-94632069a784,2a1b8b7c-462d-41aa-8740-c19e973d8e58,true,
6d3dac17-cfc5-4e01-a433-94632069a784,0f2b5992-5cb2-472f-88c7-fca85fe97efb,true,
6d3dac17-cfc5-4e01-a433-94632069a784,894b9a57-f8af-4169-b12b-ac10322bff22,true,
6d3dac17-cfc5-4e01-a433-94632069a784,29810a91-8fd3-4102-b618-6043a847642a,true,
6d3dac17-cfc5-4e01-a433-94632069a784,f2ecea4a-e8c1-4bdf-b031-69b35019ab97,true,
6d3dac17-cfc5-4e01-a433-94632069a784,56910b57-c4cc-44b3-8acd-632612861acb,true,
6d3dac17-cfc5-4e01-a433-94632069a784,b9a03c6e-7a74-4c1d-9b4a-92200a0dbce4,true,
6d3dac17-cfc5-4e01-a433-94632069a784,45dc645b-5a5f-4b0e-acbe-0d195c2b81c5,true,
6d3dac17-cfc5-4e01-a433-94632069a784,2b7efa5d-ce92-43ae-80f2-ae29c311cd89,true,
6d3dac17-cfc5-4e01-a433-94632069a784,6934d8e8-cdf6-4af4-9e94-466611aed3b7,true,
6d3dac17-cfc5-4e01-a433-94632069a784,05fed0cc-46f3-47ca-b867-55075c68eb34,true,
6d3dac17-cfc5-4e01-a433-94632069a784,356eaa9d-d20f-4b84-8580-2968c3e51d4b,true,
6d3dac17-cfc5-4e01-a433-94632069a784,6461ea7e-1c0d-417b-9103-aa8f14d09a9b,true,
6d3dac17-cfc5-4e01-a433-94632069a784,5cea4dbb-9632-44f7-91f4-5530001746ba,true,
6d3dac17-cfc5-4e01-a433-94632069a784,a8f30443-d0a3-46d7-9084-4d8aebbe7672,true,
6d3dac17-cfc5-4e01-a433-94632069a784,b5ad092c-5e28-4f5d-87e5-d57b6999e388,true,
6d3dac17-cfc5-4e01-a433-94632069a784,e13455f7-f012-4771-96e3-ce872032c790,true,
6d3dac17-cfc5-4e01-a433-94632069a784,bebfd46a-f898-43e1-b816-3c114df1de47,true,
6d3dac17-cfc5-4e01-a433-94632069a784,bd38fec1-3858-4280-8da6-619c791efeaf,true,
6d3dac17-cfc5-4e01-a433-94632069a784,f54742c5-9119-404a-80e2-603948bc6ef9,true,
6d3dac17-cfc5-4e01-a433-94632069a784,a183e502-05e1-45eb-ac1f-20f9b22156fb,true,
6d3dac17-cfc5-4e01-a433-94632069a784,0220b200-a391-4d9c-9840-74e1d48c3a16,true,
6d3dac17-cfc5-4e01-a433-94632069a784,2d7c5b6d-8da1-47ca-ad1a-b6a174336d7f,true,
6d3dac17-cfc5-4e01-a433-94632069a784,d6687cb1-1185-4624-b9ca-6e27194ba626,true,
6d3dac17-cfc5-4e01-a433-94632069a784,5154d324-3a52-442d-b55e-7be80d25a747,true,
6d3dac17-cfc5-4e01-a433-94632069a784,57da6b0c-b221-4ecf-9893-1d4388f1092a,true,
6d3dac17-cfc5-4e01-a433-94632069a784,da750a77-fd59-458d-8a66-6116a8da8a93,true,
6d3dac17-cfc5-4e01-a433-94632069a784,adfec3a2-62f5-4871-b791-3ff810fd2391,true,
6d3dac17-cfc5-4e01-a433-94632069a784,99f436e9-6cfb-4dff-9b03-5408d6ea777b,true,
6d3dac17-cfc5-4e01-a433-94632069a784,062b529a-33e9-4535-9e89-178564ffcb3d,true,
6d3dac17-cfc5-4e01-a433-94632069a784,c3b78168-0f5a-4706-8bde-4e90ce60eb62,true,
6d3dac17-cfc5-4e01-a433-94632069a784,b86a362d-0b1f-4db9-aa87-65c07e6baaff,true,
6d3dac17-cfc5-4e01-a433-94632069a784,5071cbfb-ab4e-4867-a6d8-2711177eda2d,true,
6d3dac17-cfc5-4e01-a433-94632069a784,e0f23c26-42fc-449c-8bb5-6f959e5e0726,true,
6d3dac17-cfc5-4e01-a433-94632069a784,e29a2877-7507-42b9-a830-cc9af4193b4c,true,
6d3dac17-cfc5-4e01-a433-94632069a784,03954cec-7a4f-4cca-aecb-846f1c8d2658,true,
6d3dac17-cfc5-4e01-a433-94632069a784,5b44c646-2252-4478-9bd9-003da8b9af40,true,
6d3dac17-cfc5-4e01-a433-94632069a784,24311c55-eec8-49ec-b9ec-cc785f18a43b,true,
6d3dac17-cfc5-4e01-a433-94632069a784,c533f674-44af-490f-8c37-a075112bb9c8,true,
6d3dac17-cfc5-4e01-a433-94632069a784,777e903b-1342-4797-8552-affd974c618d,true,
6d3dac17-cfc5-4e01-a433-94632069a784,04d7a6cd-293a-4ea2-a8a0-25556fe33392,true,
6d3dac17-cfc5-4e01-a433-94632069a784,b78983ec-42ae-491f-8472-9acb7215d075,true,
6d3dac17-cfc5-4e01-a433-94632069a784,700c2d2b-8522-4638-ace9-a6eda5ea6434,true,
6d3dac17-cfc5-4e01-a433-94632069a784,b6acc870-ad5b-4f28-ad05-1573a4871057,true,
6d3dac17-cfc5-4e01-a433-94632069a784,8b60fa89-6d5f-49e0-b10f-7b257f780edd,true,
6d3dac17-cfc5-4e01-a433-94632069a784,70680f97-933d-405f-ac73-40094820c5b5,true,
6d3dac17-cfc5-4e01-a433-94632069a784,c24f8469-1333-4454-851a-9b6c70834f85,true,
6d3dac17-cfc5-4e01-a433-94632069a784,606106d3-e94d-46e8-ac98-f2c73645cc36,true,
6d3dac17-cfc5-4e01-a433-94632069a784,ac29ef73-a5db-4de5-9052-b841dba5237b,true,
6d3dac17-cfc5-4e01-a433-94632069a784,cb810ea4-a110-4f21-ba1a-5c47a5ec1b96,true,
6d3dac17-cfc5-4e01-a433-94632069a784,93114725-7973-47de-b4fd-607e3f80dfcf,true,
6d3dac17-cfc5-4e01-a433-94632069a784,6f533b05-4d8b-40e8-8773-0bf49e31b3c3,true,
6d3dac17-cfc5-4e01-a433-94632069a784,e4948754-a3bb-4fcb-8f5d-6a005d9c37f8,true,
6d3dac17-cfc5-4e01-a433-94632069a784,533fc3c3-cd4b-4a16-b90b-6c6e1f462a6a,true,
6d3dac17-cfc5-4e01-a433-94632069a784,e35c8655-0b5a-484c-832b-4435282bc1ab,true,
6d3dac17-cfc5-4e01-a433-94632069a784,434ddf3b-e3bf-45c0-83dc-02408f3eb2f4,true,
6d3dac17-cfc5-4e01-a433-94632069a784,bca311b5-c2a8-4cf1-b1e7-3108ab323b27,true,
6d3dac17-cfc5-4e01-a433-94632069a784,3cbb13ea-3202-4a8d-95ad-922cf3000bf5,true,
6d3dac17-cfc5-4e01-a433-94632069a784,52feae45-206c-4523-b8c3-3dadead4ca57,true,
6d3dac17-cfc5-4e01-a433-94632069a784,6b6ad3a1-34da-45c3-882a-3a86df15eb6b,true,
6d3dac17-cfc5-4e01-a433-94632069a784,979a6ebf-21a0-4610-9563-0ca07ca35154,true,
6d3dac17-cfc5-4e01-a433-94632069a784,7d318fd6-c609-423f-a82f-3b2c46a3f33a,true,
6d3dac17-cfc5-4e01-a433-94632069a784,ea337d56-c322-4608-a337-3665f3a5c830,true,
6d3dac17-cfc5-4e01-a433-94632069a784,d2e142d0-42cf-4ade-b812-0a2beb7e371c,true,
6d3dac17-cfc5-4e01-a433-94632069a784,0dd5d04f-de6b-49ca-a903-baeb1d88bc6c,true,
6d3dac17-cfc5-4e01-a433-94632069a784,c8688288-ce89-41af-80e7-928afd68f0f2,true,
6d3dac17-cfc5-4e01-a433-94632069a784,31722a01-b098-4124-a723-9643218c445f,true,
6d3dac17-cfc5-4e01-a433-94632069a784,0988bf04-ce44-4d7d-9233-b2b49b851aa1,true,
6d3dac17-cfc5-4e01-a433-94632069a784,eb573f34-887f-41a3-9c18-6a82ac4a1864,true,
6d3dac17-cfc5-4e01-a433-94632069a784,07aa3ffc-edfb-437f-b6b2-b3a2efe73ba6,true,
6d3dac17-cfc5-4e01-a433-94632069a784,78ffb558-609a-4ca6-a1e1-9f5de03b96b3,true,
6d3dac17-cfc5-4e01-a433-94632069a784,daa3b3cc-ac4c-4b49-94b1-69c09f21cd11,true,
6d3dac17-cfc5-4e01-a433-94632069a784,d1158768-34de-4a38-aa50-60489cd98926,true,
6d3dac17-cfc5-4e01-a433-94632069a784,caadb18b-3792-4b62-8c75-4d7b2a9e9731,true,
6d3dac17-cfc5-4e01-a433-94632069a784,d5b8a83b-fbcf-4a4d-b3dd-ccf9d15661c3,true,
6d3dac17-cfc5-4e01-a433-94632069a784,c04a7753-6e01-455d-89c9-3a9ed21fd0ff,true,
6d3dac17-cfc5-4e01-a433-94632069a784,d19a6c49-546a-4e6e-8697-b713b4c794ee,true,
6d3dac17-cfc5-4e01-a433-94632069a784,32793b26-f21f-4400-9a94-b159ee1f2490,true,
6d3dac17-cfc5-4e01-a433-94632069a784,391097d3-2481-4e48-8039-df055b9a8ad9,true,
6d3dac17-cfc5-4e01-a433-94632069a784,44b9c4ea-8fae-4817-b0b2-2538f9cd446f,true,
6d3dac17-cfc5-4e01-a433-94632069a784,fff2ebdf-b819-4698-8195-eeee7fc87c89,true,
6d3dac17-cfc5-4e01-a433-94632069a784,07c85068-e8a9-4051-9343-43db38e17913,true,
6d3dac17-cfc5-4e01-a433-94632069a784,e5e65956-39ff-4d14-a34d-70ff2ceb8082,true,
6d3dac17-cfc5-4e01-a433-94632069a784,ad69f964-8f31-4beb-89bd-b9076c22f8ad,true,
6d3dac17-cfc5-4e01-a433-94632069a784,b19180e0-7962-441b-b103-60b1428cc149,true,
6d3dac17-cfc5-4e01-a433-94632069a784,64809155-1d7f-4613-bf38-78aa58bea3af,true,
6d3dac17-cfc5-4e01-a433-94632069a784,8f0db504-7174-4bbe-b072-90191fe6aa46,true,
6d3dac17-cfc5-4e01-a433-94632069a784,f4232e52-9d05-4f53-a423-3ca055118288,true,
6d3dac17-cfc5-4e01-a433-94632069a784,83b8ead0-31a0-4d75-8715-159eeba0676f,true,
6d3dac17-cfc5-4e01-a433-94632069a784,f2f5d5c8-af6b-4540-b68d-1747dd415404,true,
6d3dac17-cfc5-4e01-a433-94632069a784,711c0541-c378-4e66-8e2f-ddc9da0d6d82,true,
6d3dac17-cfc5-4e01-a433-94632069a784,d0742efe-2db4-4c1d-afc6-f01c7a206f21,true,
6d3dac17-cfc5-4e01-a433-94632069a784,27f9b22f-b685-40d8-babe-7d2c994921eb,true,
6d3dac17-cfc5-4e01-a433-94632069a784,0b98f8c1-d4d6-405c-a86e-36fe98479b97,true,
6d3dac17-cfc5-4e01-a433-94632069a784,e0a92f7b-6f6c-4635-afb1-b00f75241414,true,
6d3dac17-cfc5-4e01-a433-94632069a784,8ecbce5b-0e66-42ce-81be-f1d8f1fb4a4f,true,
6d3dac17-cfc5-4e01-a433-94632069a784,c112c2a6-89a0-4d2f-9a2f-b4c83dc0d1fb,true,
6d3dac17-cfc5-4e01-a433-94632069a784,63a9ab9e-ca37-4a54-a2f7-6d499db725c6,true,
6d3dac17-cfc5-4e01-a433-94632069a784,30e2258c-bf19-4c08-b61a-159e7428b810,true,
6d3dac17-cfc5-4e01-a433-94632069a784,88e0d6c1-842b-4575-94b6-e10b6edc3a67,true,
6d3dac17-cfc5-4e01-a433-94632069a784,bd198fb4-eeb8-4fe1-ba93-bbc5656b2a26,true,
6d3dac17-cfc5-4e01-a433-94632069a784,83136cf5-92d4-4959-9197-76f6952ed23c,true,
6d3dac17-cfc5-4e01-a433-94632069a784,bd8cd1f7-4ae6-45aa-8cc3-1161635833b3,true,
6d3dac17-cfc5-4e01-a433-94632069a784,8cd15552-c4f9-406a-8329-b7ef14508a1b,true,
6d3dac17-cfc5-4e01-a433-94632069a784,d877e4f2-45eb-4ea1-8d4a-8560ff287294,true,
6d3dac17-cfc5-4e01-a433-94632069a784,2cd51f47-361a-4799-bec4-84637c6cc06f,true,
6d3dac17-cfc5-4e01-a433-94632069a784,e6dc9501-7346-4b0a-ae81-e068fd4bdf4b,true,
6d3dac17-cfc5-4e01-a433-94632069a784,c90d67b2-5003-4f9b-ac34-2cf62a1b9e85,true,
6d3dac17-cfc5-4e01-a433-94632069a784,9866fabf-0181-4cdd-b3ab-9cce3f5b1def,true,
6d3dac17-cfc5-4e01-a433-94632069a784,62caec72-fadb-4fce-94ba-b616168b24c7,true,
6d3dac17-cfc5-4e01-a433-94632069a784,d8e9993c-2dcc-4bd0-bd0f-7f3862fa1b39,true,
6d3dac17-cfc5-4e01-a433-94632069a784,29756e01-2fe6-4bd7-adb5-ae1a60feffef,true,
6d3dac17-cfc5-4e01-a433-94632069a784,0ae6ad5e-6f60-4fc8-a9b1-a728a3436327,true,
6d3dac17-cfc5-4e01-a433-94632069a784,7f00266b-dabf-47a4-abf8-e21de0adc980,true,
6d3dac17-cfc5-4e01-a433-94632069a784,b694ba14-f946-4c55-8ac6-8f08a846a540,true,
6d3dac17-cfc5-4e01-a433-94632069a784,e7340591-3419-4c75-9839-2aadf06f4dc3,true,
6d3dac17-cfc5-4e01-a433-94632069a784,5a245103-f107-40d9-9f72-48845088ac6c,true,
6d3dac17-cfc5-4e01-a433-94632069a784,ce483c08-ce27-4945-ba71-648e18db76fc,true,
6d3dac17-cfc5-4e01-a433-94632069a784,be7a394e-f3a2-4cdb-b35d-2f6574340af5,true,
6d3dac17-cfc5-4e01-a433-94632069a784,f8ea4afa-5105-4f41-884d-8f846682a0b9,true,
6d3dac17-cfc5-4e01-a433-94632069a784,8d1a0ff4-a71a-47c6-b11f-552170fd1bcd,true,
6d3dac17-cfc5-4e01-a433-94632069a784,180b2288-cedd-4405-b5d5-c54318c6cc96,true,
6d3dac17-cfc5-4e01-a433-94632069a784,c0772b01-e417-4e20-8c90-7bc55a918065,true,
6d3dac17-cfc5-4e01-a433-94632069a784,99c7eb6d-a024-4fa7-ab7e-ed791be3a814,true,
6d3dac17-cfc5-4e01-a433-94632069a784,e2e36809-6fc1-4f47-b861-2f42871dfff5,true,
6d3dac17-cfc5-4e01-a433-94632069a784,2f4462b3-1f00-4d47-82ba-cacfda1e3c68,true,
6d3dac17-cfc5-4e01-a433-94632069a784,7986d4b1-54d1-433b-ac8c-6584a22bd4b7,true,
6d3dac17-cfc5-4e01-a433-94632069a784,2a9e5ffe-a5b2-4878-a05f-2799e8c502af,true,
6d3dac17-cfc5-4e01-a433-94632069a784,135e6266-d61d-4399-9fa8-980d5ab7f280,true,
6d3dac17-cfc5-4e01-a433-94632069a784,78fd92c1-a799-4f3e-9210-c260082052a8,true,
6d3dac17-cfc5-4e01-a433-94632069a784,88898077-3f10-41c6-86b0-fc2b2092a789,true,
6d3dac17-cfc5-4e01-a433-94632069a784,65960896-3ed0-45aa-b2e0-67662bb705c2,true,
6d3dac17-cfc5-4e01-a433-94632069a784,c9a93b05-f11e-4e20-99e2-1cecfd25b7ba,true,
6d3dac17-cfc5-4e01-a433-94632069a784,f7b10ee5-dbe7-49fe-a6b7-60e19d4d707e,true,
6d3dac17-cfc5-4e01-a433-94632069a784,2a40a62c-baa0-4539-8855-dad0218f2584,true,
6d3dac17-cfc5-4e01-a433-94632069a784,8a331dec-3b43-437e-87cc-76524538042d,true,
6d3dac17-cfc5-4e01-a433-94632069a784,5ecfceea-9f1c-4cb9-b168-a0a6946fd04a,true,
6d3dac17-cfc5-4e01-a433-94632069a784,648300a7-c121-4700-bf7b-9dd7f0a6d5b9,true,
6d3dac17-cfc5-4e01-a433-94632069a784,c3e168a9-e480-4034-bd00-2fa746b6d5e5,true,
6d3dac17-cfc5-4e01-a433-94632069a784,317d365e-fb46-4dea-8683-3dcd578fe3a7,true,
6d3dac17-cfc5-4e01-a433-94632069a784,c9fa44ac-deee-4c82-9b47-2bce256094dd,true,
6d3dac17-cfc5-4e01-a433-94632069a784,3543a914-fba8-4ce0-b6b3-99aa35d91d0e,true,
6d3dac17-cfc5-4e01-a433-94632069a784,0176e756-0f70-44a0-9c18-14e0bc4b00d3,true,
6d3dac17-cfc5-4e01-a433-94632069a784,23f0c81c-0ef2-4526-a710-71120bc9611f,true,
6d3dac17-cfc5-4e01-a433-94632069a784,147e2732-71c6-4e4b-94db-0320b1c82083,true,
6d3dac17-cfc5-4e01-a433-94632069a784,44a9b5ce-0dc5-4fd5-b042-fd891dc864a9,true,
6d3dac17-cfc5-4e01-a433-94632069a784,8565ee4f-721d-4cc2-8a84-4f99b7b0a767,true,
6d3dac17-cfc5-4e01-a433-94632069a784,875ddef8-3302-41e3-9057-1cfa83db9288,true,
6d3dac17-cfc5-4e01-a433-94632069a784,1365392a-fc88-4487-bed3-461a6e8601e9,true,
6d3dac17-cfc5-4e01-a433-94632069a784,224a4d6e-6d14-4cbc-a947-d66c65c30c5f,true,
6d3dac17-cfc5-4e01-a433-94632069a784,d2e522e0-12ed-427b-8e0e-e6dd610e6544,true,
6d3dac17-cfc5-4e01-a433-94632069a784,42248b39-f586-47a9-a492-57cc572c7853,true,
6d3dac17-cfc5-4e01-a433-94632069a784,fd4667fc-ffc9-4814-ae66-137303e8a010,true,
6d3dac17-cfc5-4e01-a433-94632069a784,3d2fd5f2-6eda-4282-bff5-9e5d2a846aa0,true,
6d3dac17-cfc5-4e01-a433-94632069a784,cd4cd7b0-60fb-495e-b23c-1e7e49647bff,true,
6d3dac17-cfc5-4e01-a433-94632069a784,441c3889-5198-4808-b82a-c5558c1483a2,true,
6d3dac17-cfc5-4e01-a433-94632069a784,7a99c65b-47f7-4e4f-9452-09f507a4a37a,true,
6d3dac17-cfc5-4e01-a433-94632069a784,b38c2215-b414-41da-a844-f293c5f5276f,true,
6d3dac17-cfc5-4e01-a433-94632069a784,54ba6eb9-2340-47f4-9aff-f0546a7db514,true,
6d3dac17-cfc5-4e01-a433-94632069a784,4320eb95-e0cb-4044-bd5e-cf43bf5241a3,true,
6d3dac17-cfc5-4e01-a433-94632069a784,fcb5bebe-24fc-45d7-8b77-7cf12798cc7f,true,
6d3dac17-cfc5-4e01-a433-94632069a784,3c9e7f49-2156-4cfb-8d7e-8cb87336bd19,true,
6d3dac17-cfc5-4e01-a433-94632069a784,3f4eb7be-949a-4ecf-897f-50083b1b7c73,true,
6d3dac17-cfc5-4e01-a433-94632069a784,130b7899-c681-466b-8fd4-47b059467ed8,true,
6d3dac17-cfc5-4e01-a433-94632069a784,74616bc6-2220-4250-a6d1-fb6cb79dcd0e,true,
6d3dac17-cfc5-4e01-a433-94632069a784,4e14c736-3fa5-4474-bb44-d7d1f730a0c6,true,
6d3dac17-cfc5-4e01-a433-94632069a784,6d57214c-83bc-469e-8ccd-69d396fd0589,true,
6d3dac17-cfc5-4e01-a433-94632069a784,6634e8c3-3561-49b6-8c9f-0cba8f8f91d0,true,
6d3dac17-cfc5-4e01-a433-94632069a784,d5407086-9c50-4fe9-896f-eb18d4ffcc53,true,
6d3dac17-cfc5-4e01-a433-94632069a784,ef723fa0-0942-43fd-a43c-15ba0bd62f6b,true,
6d3dac17-cfc5-4e01-a433-94632069a784,d13fdad4-1725-4fee-9cfe-2f6745b27f3d,true,
6d3dac17-cfc5-4e01-a433-94632069a784,a8e533f1-ed19-40ab-9627-70e53ba71ed0,true,
6d3dac17-cfc5-4e01-a433-94632069a784,b2487ca4-733c-4c96-b172-ac16b7233ce3,true,
6d3dac17-cfc5-4e01-a433-94632069a784,f0112edf-a06d-439b-8643-0a5e66897781,true,
6d3dac17-cfc5-4e01-a433-94632069a784,f1d1c760-a504-4d6c-8d4f-120e6ea94018,true,
6d3dac17-cfc5-4e01-a433-94632069a784,471df9aa-eede-494c-b1b8-dcc3018e6fa3,true,
6d3dac17-cfc5-4e01-a433-94632069a784,cfac20f1-23f1-4ce8-a94a-b48d160acd62,true,
6d3dac17-cfc5-4e01-a433-94632069a784,761edd20-5ed3-4ffb-a489-49db0aabf555,true,
6d3dac17-cfc5-4e01-a433-94632069a784,3c13a1bc-2462-47cf-8996-3dccd2afdbfa,true,
6d3dac17-cfc5-4e01-a433-94632069a784,65af7a4d-60b8-48b3-9a06-65b24a9714ea,true,
6d3dac17-cfc5-4e01-a433-94632069a784,ec744027-3850-4e57-926d-f6b48db9d614,true,
6d3dac17-cfc5-4e01-a433-94632069a784,125e0c88-dd93-4797-9ddd-66f54cb73e84,true,
6d3dac17-cfc5-4e01-a433-94632069a784,00eb76aa-2063-477c-8150-26b77494ef68,true,
6d3dac17-cfc5-4e01-a433-94632069a784,64397ea6-6ab9-44a3-89b2-25f5d7f6b6e0,true,
6d3dac17-cfc5-4e01-a433-94632069a784,b44dc142-2104-4047-92d8-bc96a35cf997,true,
6d3dac17-cfc5-4e01-a433-94632069a784,85c7aa37-0766-40c4-995e-17a9a6953277,true,
6d3dac17-cfc5-4e01-a433-94632069a784,7c0cb85f-1ed8-4895-98bf-2d005836ac26,true,
6d3dac17-cfc5-4e01-a433-94632069a784,b3ff1d23-21df-43bb-a133-7b6ef2441e79,true,
6d3dac17-cfc5-4e01-a433-94632069a784,b8adc43d-149e-4613-8e17-78f9fdb6aae7,true,
6d3dac17-cfc5-4e01-a433-94632069a784,915f170b-6b6d-4e63-a128-997372d2e8cc,true,
6d3dac17-cfc5-4e01-a433-94632069a784,a58da396-388e-4476-b7ab-c82842295333,true,
6d3dac17-cfc5-4e01-a433-94632069a784,04c11466-2e36-480f-99d5-5300fdbd08d3,true,
6d3dac17-cfc5-4e01-a433-94632069a784,e14b572d-7fb5-44ab-89a5-b0b9ee507704,true,
6d3dac17-cfc5-4e01-a433-94632069a784,50b340a3-905b-4c46-9a7e-5486ddb559db,true,
6d3dac17-cfc5-4e01-a433-94632069a784,409d7c29-5880-4cb5-9ba6-eed41f83746b,true,
6d3dac17-cfc5-4e01-a433-94632069a784,c72c5466-5c1c-4dbe-9784-7ccc96ada2a6,true,
6d3dac17-cfc5-4e01-a433-94632069a784,9377c8d9-4131-44e7-a94d-ef1c54fdd64e,true,
6d3dac17-cfc5-4e01-a433-94632069a784,4bcb4dae-53e3-46be-a038-0833d27a6983,true,
ffc64d23-9ef4-497a-b17a-bde3192185e8,4a897784-85f7-4676-8a9d-3170c33dc07b,true,
ffc64d23-9ef4-497a-b17a-bde3192185e8,3b25482e-6341-4650-b0a5-72bbe7d7bede,true,
ffc64d23-9ef4-497a-b17a-bde3192185e8,a6111559-4580-4084-a582-0d4953de8936,false,[NO_5XX] Unexpected 5XX response: 503
ffc64d23-9ef4-497a-b17a-bde3192185e8,3b7ed4a8-e3b8-4efd-a4d7-750a59789ec1,true,
ffc64d23-9ef4-497a-b17a-bde3192185e8,ab9b11f0-10f1-4de2-937a-41e8c9e0a80b,true,
ffc64d23-9ef4-497a-b17a-bde3192185e8,ae77a45d-f5d6-4df8-9436-2b9ec0e643e7,true,
ffc64d23-9ef4-497a-b17a-bde3192185e8,d04fb4f8-63a4-4b13-9bb1-6e9ed01e27b3,true,
ffc64d23-9ef4-497a-b17a-bde3192185e8,0ed134e4-c334-4870-89ed-03158d7dae66,true,
ffc64d23-9ef4-497a-b17a-bde3192185e8,cbbd8624-5d82-4670-bb43-d7d2fe34f236,true,
ffc64d23-9ef4-497a-b17a-bde3192185e8,a14e7472-ca5a-461b-910e-ce8bc985b9a8,true,

Summary,Total=1410,Passed=1406,KillRate=0.3%,TimeCost=0.96 s
