OriginalTestCaseId,TestCaseId,Success,FailureMessage
c1c67714-0ee3-4b8a-a072-17684f0ceba9,f51f5ed0-fea6-4986-8eb9-581c795bbf9e,false,"[OAS] [OAS] validation failed:
 - ERROR - Response status 204 not defined for path '/register'.: []
"
c1c67714-0ee3-4b8a-a072-17684f0ceba9,fb665c63-2939-4cde-8fd7-4c1c1e75d9ce,false,"[OAS] [OAS] validation failed:
 - ERROR - Response status 409 not defined for path '/register'.: []
"
c1c67714-0ee3-4b8a-a072-17684f0ceba9,533b6101-5b66-4081-8e7d-1ba0a5017866,false,[NO_5XX] Unexpected 5XX response: 504
c1c67714-0ee3-4b8a-a072-17684f0ceba9,5375a246-12b5-442e-b5ce-5b85270ad601,true,
c1c67714-0ee3-4b8a-a072-17684f0ceba9,c6a90b05-3b5f-4203-af38-c3c8b6a916a3,true,
c1c67714-0ee3-4b8a-a072-17684f0ceba9,9a17cd6f-b4a3-49a0-b9cd-55b0c002d702,true,
c1c67714-0ee3-4b8a-a072-17684f0ceba9,ba54482e-2d15-4a0b-bb7c-7e881e8404c9,true,
c1c67714-0ee3-4b8a-a072-17684f0ceba9,a0a18490-bf0f-4941-9e1d-e7706a022079,true,
c1c67714-0ee3-4b8a-a072-17684f0ceba9,098231a1-ff5b-4284-9387-54d920e9e929,false,"[OAS] [OAS] validation failed:
 - ERROR - Object instance has properties which are not allowed by the schema: [""randomBoolean1""]: []
"
c1c67714-0ee3-4b8a-a072-17684f0ceba9,a5a5e74c-8761-49b7-b4f2-fa72830b2f69,false,"[OAS] [OAS] validation failed:
 - ERROR - [Path '/email'] ECMA 262 regex ""^[\w-]+(\.[\w-]+)*@([\w-]+\.)+[a-zA-Z]+$"" does not match input string ""M<x"": []
"
c1c67714-0ee3-4b8a-a072-17684f0ceba9,45486bb8-fdec-40e9-b2b6-ce614f433a58,false,"[OAS] [OAS] validation failed:
 - ERROR - [Path '/email'] ECMA 262 regex ""^[\w-]+(\.[\w-]+)*@([\w-]+\.)+[a-zA-Z]+$"" does not match input string ""sara/,-ivanova@mail.ru"": []
"
c1c67714-0ee3-4b8a-a072-17684f0ceba9,562902bb-bd50-48d3-b15f-3582680c67de,false,"[OAS] [OAS] validation failed:
 - ERROR - [Path '/email'] ECMA 262 regex ""^[\w-]+(\.[\w-]+)*@([\w-]+\.)+[a-zA-Z]+$"" does not match input string ""F"": []
"
c1c67714-0ee3-4b8a-a072-17684f0ceba9,8513cefd-b281-4895-a036-519e7d174dbf,false,"[OAS] [OAS] validation failed:
 - ERROR - [Path '/email'] Instance type (null) does not match any allowed primitive type (allowed: [""string""]): []
"
c1c67714-0ee3-4b8a-a072-17684f0ceba9,e3b92966-b8c8-47bc-97cb-215f0b98d8b3,false,"[OAS] [OAS] validation failed:
 - ERROR - [Path '/email'] Instance type (number) does not match any allowed primitive type (allowed: [""string""]): []
"
c1c67714-0ee3-4b8a-a072-17684f0ceba9,5a53de88-3e15-4c06-b1d4-a063d45c5616,false,"[OAS] [OAS] validation failed:
 - ERROR - [Path '/password'] String ""9"" is too short (length: 1, required minimum: 6): []
"
c1c67714-0ee3-4b8a-a072-17684f0ceba9,86910ad9-9622-4bf8-bffc-74fafa55495c,false,"[OAS] [OAS] validation failed:
 - ERROR - [Path '/password'] ECMA 262 regex ""^[a-zA-Z0-9]+$"" does not match input string ""hidden´/"": []
"
c1c67714-0ee3-4b8a-a072-17684f0ceba9,155f3471-d670-4ea0-9fa7-acc5974cd740,false,"[OAS] [OAS] validation failed:
 - ERROR - [Path '/password'] String ""n"" is too short (length: 1, required minimum: 6): []
"
c1c67714-0ee3-4b8a-a072-17684f0ceba9,f3698d1f-de0b-4762-b7b8-380dad028765,false,"[OAS] [OAS] validation failed:
 - ERROR - [Path '/password'] Instance type (null) does not match any allowed primitive type (allowed: [""string""]): []
"
c1c67714-0ee3-4b8a-a072-17684f0ceba9,f165098f-d1a7-4454-bfaf-f85613c18d8d,false,"[OAS] [OAS] validation failed:
 - ERROR - [Path '/password'] Instance type (object) does not match any allowed primitive type (allowed: [""string""]): []
"
c1c67714-0ee3-4b8a-a072-17684f0ceba9,918dbf48-c75f-40d6-8ee0-d74b87406bd2,false,"[OAS] [OAS] validation failed:
 - ERROR - [Path '/name'] ECMA 262 regex ""^(?:[A-Za-z]+(?:['-][A-Za-z]+)?)(?:\s+[A-Za-z]+(?:['-][A-Za-z]+)?)*$"" does not match input string ""<y}J"": []
"
c1c67714-0ee3-4b8a-a072-17684f0ceba9,7a65c50c-9cd0-4063-9ec8-a525ac568d66,false,"[OAS] [OAS] validation failed:
 - ERROR - [Path '/name'] ECMA 262 regex ""^(?:[A-Za-z]+(?:['-][A-Za-z]+)?)(?:\s+[A-Za-z]+(?:['-][A-Za-z]+)?)*$"" does not match input string ""Wei´, Ming"": []
"
c1c67714-0ee3-4b8a-a072-17684f0ceba9,19a28dc8-7d55-44ef-8dfa-e34d95988780,true,
c1c67714-0ee3-4b8a-a072-17684f0ceba9,fde7260d-4705-4da6-9c5f-7b38267509ee,false,"[OAS] [OAS] validation failed:
 - ERROR - [Path '/name'] Instance type (null) does not match any allowed primitive type (allowed: [""string""]): []
"
c1c67714-0ee3-4b8a-a072-17684f0ceba9,312103fb-b594-433e-ac43-a1944abb42f3,false,"[OAS] [OAS] validation failed:
 - ERROR - [Path '/name'] Instance type (object) does not match any allowed primitive type (allowed: [""string""]): []
"
c1c67714-0ee3-4b8a-a072-17684f0ceba9,86091bd3-1c49-496f-ade0-2fb7bcd2944a,false,"[OAS] [OAS] validation failed:
 - ERROR - [Path '/phone'] ECMA 262 regex ""^\+[1-9][0-9]?[\s]*\(?\d{3}\)?[-\s]?\d{3}[-\s]?\d{2}[-\s]?\d{2}$"" does not match input string ""T?h"": []
"
c1c67714-0ee3-4b8a-a072-17684f0ceba9,d699ae58-2345-42dd-895f-9a6a885ed7d0,false,"[OAS] [OAS] validation failed:
 - ERROR - [Path '/phone'] ECMA 262 regex ""^\+[1-9][0-9]?[\s]*\(?\d{3}\)?[-\s]?\d{3}[-\s]?\d{2}[-\s]?\d{2}$"" does not match input string ""+1 (41/*5) 555-12-34"": []
"
c1c67714-0ee3-4b8a-a072-17684f0ceba9,87ad3c21-e5b5-47f7-a0c4-1d19eed8f653,false,"[OAS] [OAS] validation failed:
 - ERROR - [Path '/phone'] ECMA 262 regex ""^\+[1-9][0-9]?[\s]*\(?\d{3}\)?[-\s]?\d{3}[-\s]?\d{2}[-\s]?\d{2}$"" does not match input string ""EJEMPLO MAYUS"": []
"
c1c67714-0ee3-4b8a-a072-17684f0ceba9,6f6b9710-ca00-4749-af4c-23ce0c94dd53,false,"[OAS] [OAS] validation failed:
 - ERROR - [Path '/phone'] Instance type (null) does not match any allowed primitive type (allowed: [""string""]): []
"
c1c67714-0ee3-4b8a-a072-17684f0ceba9,7dcb1e0a-587c-4914-8738-70dd0c5d474d,false,"[OAS] [OAS] validation failed:
 - ERROR - [Path '/phone'] Instance type (array) does not match any allowed primitive type (allowed: [""string""]): []
"
c1c67714-0ee3-4b8a-a072-17684f0ceba9,1eb8d90b-b2e3-4cb3-a969-106035f70bf5,true,
c1c67714-0ee3-4b8a-a072-17684f0ceba9,e4315b0b-ca8d-41cc-a5fd-4e997f7fe8a5,false,"[OAS] [OAS] validation failed:
 - ERROR - [Path '/address'] ECMA 262 regex ""^[^#$%^*()']*$"" does not match input string ""No 5 Zhongguancun East/* Road"": []
"
c1c67714-0ee3-4b8a-a072-17684f0ceba9,2707a78c-68e6-421d-b68f-00fd510956e7,true,
c1c67714-0ee3-4b8a-a072-17684f0ceba9,c2605617-6022-4843-adbd-20c139ccfdb5,false,"[OAS] [OAS] validation failed:
 - ERROR - [Path '/address'] Instance type (null) does not match any allowed primitive type (allowed: [""string""]): []
"
c1c67714-0ee3-4b8a-a072-17684f0ceba9,5300a4c8-4a2a-4ce2-9b37-2e08e7c52dc3,false,"[OAS] [OAS] validation failed:
 - ERROR - [Path '/address'] Instance type (integer) does not match any allowed primitive type (allowed: [""string""]): []
"
c1c67714-0ee3-4b8a-a072-17684f0ceba9,81f2c970-3f36-40a2-a049-e2539e792011,true,
c1c67714-0ee3-4b8a-a072-17684f0ceba9,d19367d0-de0b-426e-847e-8ecbca965448,true,
c1c67714-0ee3-4b8a-a072-17684f0ceba9,c353aea4-b261-4dc7-a9ff-1ca547f60478,false,"[OAS] [OAS] validation failed:
 - ERROR - [Path '/_links'] Object instance has properties which are not allowed by the schema: [""randomBoolean1"",""randomObject2""]: []
"
c1c67714-0ee3-4b8a-a072-17684f0ceba9,22ecf575-ef9b-4707-bab3-938eeada1d46,false,"[OAS] [OAS] validation failed:
 - ERROR - [Path '/_links'] Instance type (null) does not match any allowed primitive type (allowed: [""object""]): []
"
c1c67714-0ee3-4b8a-a072-17684f0ceba9,a439e681-3611-453a-b9fa-ecb1900fcb7f,false,"[OAS] [OAS] validation failed:
 - ERROR - [Path '/_links'] Instance type (number) does not match any allowed primitive type (allowed: [""object""]): []
"
c1c67714-0ee3-4b8a-a072-17684f0ceba9,fa8614d0-2bf7-4b24-a00d-2e59f530db24,false,"[OAS] [OAS] validation failed:
 - ERROR - [Path '/_links/Shopping cart'] Object instance has properties which are not allowed by the schema: [""randomArray3"",""randomLong2"",""randomObject1"",""randomObject4""]: []
"
c1c67714-0ee3-4b8a-a072-17684f0ceba9,5838176e-6fe4-43ea-8ce7-fd6f6a8eeec5,false,"[OAS] [OAS] validation failed:
 - ERROR - [Path '/_links/Shopping cart'] Instance type (null) does not match any allowed primitive type (allowed: [""object""]): []
"
c1c67714-0ee3-4b8a-a072-17684f0ceba9,00d20243-61f5-4aa1-b724-e4709d92f41f,false,"[OAS] [OAS] validation failed:
 - ERROR - [Path '/_links/Shopping cart'] Instance type (array) does not match any allowed primitive type (allowed: [""object""]): []
"
c1c67714-0ee3-4b8a-a072-17684f0ceba9,03a12c76-ae7b-49dd-891a-57e603836f58,false,"[OAS] [OAS] validation failed:
 - ERROR - [Path '/_links/Manage contacts'] Object instance has properties which are not allowed by the schema: [""randomArray4"",""randomLong1"",""randomObject2"",""randomString3""]: []
"
c1c67714-0ee3-4b8a-a072-17684f0ceba9,d446c20f-d242-475a-bd45-754f6f97a9e5,false,"[OAS] [OAS] validation failed:
 - ERROR - [Path '/_links/Manage contacts'] Instance type (null) does not match any allowed primitive type (allowed: [""object""]): []
"
c1c67714-0ee3-4b8a-a072-17684f0ceba9,14270aee-750b-4e2d-9f17-0705aa9e1b04,false,"[OAS] [OAS] validation failed:
 - ERROR - [Path '/_links/Manage contacts'] Instance type (integer) does not match any allowed primitive type (allowed: [""object""]): []
"
801082d1-89b2-4e21-a265-d2ee9650faf2,0683cf3e-623d-41e2-b3a8-1c828cede0b5,false,"[OAS] [OAS] validation failed:
 - ERROR - Response status 200 not defined for path '/register'.: []
"
801082d1-89b2-4e21-a265-d2ee9650faf2,ab476783-a035-4895-ada1-58413904f2d1,false,"[OAS] [OAS] validation failed:
 - ERROR - No response body is expected but one was found.: []
"
801082d1-89b2-4e21-a265-d2ee9650faf2,061cb329-aa0e-4905-83a0-972cc5fff4aa,false,[NO_5XX] Unexpected 5XX response: 501
801082d1-89b2-4e21-a265-d2ee9650faf2,a0166bd1-83f9-4f97-a397-ed1c7365e07b,true,
801082d1-89b2-4e21-a265-d2ee9650faf2,bfaf98a9-3287-4875-a715-aabd1e65f401,true,
801082d1-89b2-4e21-a265-d2ee9650faf2,deea87c0-0d45-4836-b51b-4e7e6fac9706,true,
801082d1-89b2-4e21-a265-d2ee9650faf2,55a74589-e81c-4c23-86be-cc8f5bbb717b,true,
801082d1-89b2-4e21-a265-d2ee9650faf2,303fb431-5b51-4657-8562-5c2fbcf6adcf,true,
801082d1-89b2-4e21-a265-d2ee9650faf2,61bfd0ee-5416-4d6d-9ccd-bb332a7b6042,false,"[OAS] [OAS] validation failed:
 - ERROR - Object instance has properties which are not allowed by the schema: [""randomBoolean1""]: []
"
801082d1-89b2-4e21-a265-d2ee9650faf2,3e1f29db-e3ef-4acb-9479-253686767f93,false,"[OAS] [OAS] validation failed:
 - ERROR - [Path '/email'] ECMA 262 regex ""^[\w-]+(\.[\w-]+)*@([\w-]+\.)+[a-zA-Z]+$"" does not match input string ""9_cI"": []
"
801082d1-89b2-4e21-a265-d2ee9650faf2,1eba8408-d6a3-4724-9ec1-cf4079771fa1,false,"[OAS] [OAS] validation failed:
 - ERROR - [Path '/email'] ECMA 262 regex ""^[\w-]+(\.[\w-]+)*@([\w-]+\.)+[a-zA-Z]+$"" does not match input string ""alex/,.chen@example.com"": []
"
801082d1-89b2-4e21-a265-d2ee9650faf2,00f71f66-bae4-42a4-bc13-8917c65352c9,false,"[OAS] [OAS] validation failed:
 - ERROR - [Path '/email'] ECMA 262 regex ""^[\w-]+(\.[\w-]+)*@([\w-]+\.)+[a-zA-Z]+$"" does not match input string ""L"": []
"
801082d1-89b2-4e21-a265-d2ee9650faf2,3e02fe35-6b19-4143-a315-be612cea06e8,false,"[OAS] [OAS] validation failed:
 - ERROR - [Path '/email'] Instance type (null) does not match any allowed primitive type (allowed: [""string""]): []
"
801082d1-89b2-4e21-a265-d2ee9650faf2,a9763440-3c1c-4dab-a75e-04cf1f7b7d83,false,"[OAS] [OAS] validation failed:
 - ERROR - [Path '/email'] Instance type (number) does not match any allowed primitive type (allowed: [""string""]): []
"
801082d1-89b2-4e21-a265-d2ee9650faf2,71453ffc-752f-49dc-8734-a25a7379762e,false,"[OAS] [OAS] validation failed:
 - ERROR - [Path '/password'] String ""zrE6"" is too short (length: 4, required minimum: 6): []
"
801082d1-89b2-4e21-a265-d2ee9650faf2,ad617877-10d7-4e80-85dd-fbcd53391673,false,"[OAS] [OAS] validation failed:
 - ERROR - [Path '/password'] ECMA 262 regex ""^[a-zA-Z0-9]+$"" does not match input string ""hidden´/"": []
"
801082d1-89b2-4e21-a265-d2ee9650faf2,d761e93f-2b75-43b7-8cee-b78a9622c21a,false,"[OAS] [OAS] validation failed:
 - ERROR - [Path '/password'] String ""y"" is too short (length: 1, required minimum: 6): []
"
801082d1-89b2-4e21-a265-d2ee9650faf2,e280c8b1-6751-41be-ab54-dd81f67d56ac,false,"[OAS] [OAS] validation failed:
 - ERROR - [Path '/password'] Instance type (null) does not match any allowed primitive type (allowed: [""string""]): []
"
801082d1-89b2-4e21-a265-d2ee9650faf2,c50cc22e-b351-4869-9d06-5dd58075e360,false,"[OAS] [OAS] validation failed:
 - ERROR - [Path '/password'] Instance type (object) does not match any allowed primitive type (allowed: [""string""]): []
"
801082d1-89b2-4e21-a265-d2ee9650faf2,891017d8-167a-4a1c-91ed-d9d11fc700dc,false,"[OAS] [OAS] validation failed:
 - ERROR - [Path '/name'] ECMA 262 regex ""^(?:[A-Za-z]+(?:['-][A-Za-z]+)?)(?:\s+[A-Za-z]+(?:['-][A-Za-z]+)?)*$"" does not match input string ""ZLtR2w"": []
"
801082d1-89b2-4e21-a265-d2ee9650faf2,285e0e12-14e3-4bc8-859e-78dde0e36bd8,false,"[OAS] [OAS] validation failed:
 - ERROR - [Path '/name'] ECMA 262 regex ""^(?:[A-Za-z]+(?:['-][A-Za-z]+)?)(?:\s+[A-Za-z]+(?:['-][A-Za-z]+)?)*$"" does not match input string ""Anna ´,Maria"": []
"
801082d1-89b2-4e21-a265-d2ee9650faf2,d5e68f2b-1a8e-49e2-93b3-60e65faa3118,true,
801082d1-89b2-4e21-a265-d2ee9650faf2,33fd0470-fa36-4c4f-a999-450d2429bc78,false,"[OAS] [OAS] validation failed:
 - ERROR - [Path '/name'] Instance type (null) does not match any allowed primitive type (allowed: [""string""]): []
"
801082d1-89b2-4e21-a265-d2ee9650faf2,56f1338a-7039-491a-81c1-ab05f7990b84,false,"[OAS] [OAS] validation failed:
 - ERROR - [Path '/name'] Instance type (object) does not match any allowed primitive type (allowed: [""string""]): []
"
801082d1-89b2-4e21-a265-d2ee9650faf2,5a7a545a-ffd1-449d-85f5-00a18ebe8917,false,"[OAS] [OAS] validation failed:
 - ERROR - [Path '/phone'] ECMA 262 regex ""^\+[1-9][0-9]?[\s]*\(?\d{3}\)?[-\s]?\d{3}[-\s]?\d{2}[-\s]?\d{2}$"" does not match input string ""R="": []
"
801082d1-89b2-4e21-a265-d2ee9650faf2,b5f14748-ed38-4b0e-8f75-09d6d55cbf5a,false,"[OAS] [OAS] validation failed:
 - ERROR - [Path '/phone'] ECMA 262 regex ""^\+[1-9][0-9]?[\s]*\(?\d{3}\)?[-\s]?\d{3}[-\s]?\d{2}[-\s]?\d{2}$"" does not match input string ""+34 911 123 45/* 67"": []
"
801082d1-89b2-4e21-a265-d2ee9650faf2,a492f77e-9258-42c6-a055-3eb86269eb5e,false,"[OAS] [OAS] validation failed:
 - ERROR - [Path '/phone'] ECMA 262 regex ""^\+[1-9][0-9]?[\s]*\(?\d{3}\)?[-\s]?\d{3}[-\s]?\d{2}[-\s]?\d{2}$"" does not match input string ""EJEMPLO MAYUS"": []
"
801082d1-89b2-4e21-a265-d2ee9650faf2,347c0757-1136-461f-a016-dc55ed0c07dd,false,"[OAS] [OAS] validation failed:
 - ERROR - [Path '/phone'] Instance type (null) does not match any allowed primitive type (allowed: [""string""]): []
"
801082d1-89b2-4e21-a265-d2ee9650faf2,f9f0138d-5d7b-447d-9b69-7c2566f0c374,false,"[OAS] [OAS] validation failed:
 - ERROR - [Path '/phone'] Instance type (array) does not match any allowed primitive type (allowed: [""string""]): []
"
801082d1-89b2-4e21-a265-d2ee9650faf2,59aa6831-09e5-47e7-ba27-30697de08b57,true,
801082d1-89b2-4e21-a265-d2ee9650faf2,45c384dc-c06e-4c3c-9743-6ac9eed70cbd,false,"[OAS] [OAS] validation failed:
 - ERROR - [Path '/address'] ECMA 262 regex ""^[^#$%^*()']*$"" does not match input string ""No 5 Zhongguancun East/* Road"": []
"
801082d1-89b2-4e21-a265-d2ee9650faf2,34fbd2f8-50d9-40a2-9646-9c18597bed67,true,
801082d1-89b2-4e21-a265-d2ee9650faf2,28bfb239-72ba-41f9-afff-1cdf372ade73,false,"[OAS] [OAS] validation failed:
 - ERROR - [Path '/address'] Instance type (null) does not match any allowed primitive type (allowed: [""string""]): []
"
801082d1-89b2-4e21-a265-d2ee9650faf2,107e3d86-9c1f-43d8-abc2-89f946df10aa,false,"[OAS] [OAS] validation failed:
 - ERROR - [Path '/address'] Instance type (integer) does not match any allowed primitive type (allowed: [""string""]): []
"
801082d1-89b2-4e21-a265-d2ee9650faf2,dd3b27a3-0ee7-4004-bc44-bda78fe19151,true,
801082d1-89b2-4e21-a265-d2ee9650faf2,3b187e1c-55d1-4e28-a0b7-32a3ecada7be,true,
801082d1-89b2-4e21-a265-d2ee9650faf2,b0ed2859-0516-44ca-8f98-af4bb544316d,false,"[OAS] [OAS] validation failed:
 - ERROR - [Path '/_links'] Object instance has properties which are not allowed by the schema: [""randomBoolean1"",""randomObject2""]: []
"
801082d1-89b2-4e21-a265-d2ee9650faf2,4ad2caaa-d814-4753-8c06-d9b6572242b1,false,"[OAS] [OAS] validation failed:
 - ERROR - [Path '/_links'] Instance type (null) does not match any allowed primitive type (allowed: [""object""]): []
"
801082d1-89b2-4e21-a265-d2ee9650faf2,23ca9f83-8842-430b-b4ce-43876d618eea,false,"[OAS] [OAS] validation failed:
 - ERROR - [Path '/_links'] Instance type (number) does not match any allowed primitive type (allowed: [""object""]): []
"
801082d1-89b2-4e21-a265-d2ee9650faf2,e206ccf7-eaaf-4afb-85fb-02e8abbf939c,false,"[OAS] [OAS] validation failed:
 - ERROR - [Path '/_links/Shopping cart'] Object instance has properties which are not allowed by the schema: [""randomArray3"",""randomLong2"",""randomObject1"",""randomObject4""]: []
"
801082d1-89b2-4e21-a265-d2ee9650faf2,164494ad-325c-42f2-acf7-6a1aad2f4769,false,"[OAS] [OAS] validation failed:
 - ERROR - [Path '/_links/Shopping cart'] Instance type (null) does not match any allowed primitive type (allowed: [""object""]): []
"
801082d1-89b2-4e21-a265-d2ee9650faf2,b59809a7-4367-4c57-a166-6c1059369c0a,false,"[OAS] [OAS] validation failed:
 - ERROR - [Path '/_links/Shopping cart'] Instance type (array) does not match any allowed primitive type (allowed: [""object""]): []
"
801082d1-89b2-4e21-a265-d2ee9650faf2,68d466c0-3b49-46d1-863e-9d7f0a72c81a,false,"[OAS] [OAS] validation failed:
 - ERROR - [Path '/_links/Manage contacts'] Object instance has properties which are not allowed by the schema: [""randomArray4"",""randomLong1"",""randomObject2"",""randomString3""]: []
"
801082d1-89b2-4e21-a265-d2ee9650faf2,6d237404-195d-4dd9-9a91-a3fa41cdddc9,false,"[OAS] [OAS] validation failed:
 - ERROR - [Path '/_links/Manage contacts'] Instance type (null) does not match any allowed primitive type (allowed: [""object""]): []
"
801082d1-89b2-4e21-a265-d2ee9650faf2,796fba56-c585-4ce4-9602-22138117e166,false,"[OAS] [OAS] validation failed:
 - ERROR - [Path '/_links/Manage contacts'] Instance type (integer) does not match any allowed primitive type (allowed: [""object""]): []
"
405c9553-a2f8-4548-b0f4-1d3d40794a9f,a2ed5717-071e-461e-b7da-410a5acf20dd,false,"[OAS] [OAS] validation failed:
 - ERROR - Response status 200 not defined for path '/register'.: []
"
405c9553-a2f8-4548-b0f4-1d3d40794a9f,a2be2afe-14f8-435a-8727-9796f9dfdc45,false,"[OAS] [OAS] validation failed:
 - ERROR - No response body is expected but one was found.: []
"
405c9553-a2f8-4548-b0f4-1d3d40794a9f,aaef33e6-3bbc-4a4a-b364-fc9267ed484b,false,[NO_5XX] Unexpected 5XX response: 501
405c9553-a2f8-4548-b0f4-1d3d40794a9f,9ead16ac-1cd9-4fe3-b74d-2a18b9610060,false,"[OAS] [OAS] validation failed:
 - ERROR - Object instance has properties which are not allowed by the schema: [""{\""email\"":\""sara-ivanova@mail.ru\"",\""password\"":\""hidden\"",\""name\"":\""Jean-Luc Wei\"",\""phone\"":\"" 86 110 888 66 55\"",\""address\"":\""Calle Mayor 10 3A Madrid\"",\""_links\"":{\""Shopping cart\"":{},\""Manage contacts\"":{}}}""]: []
"
405c9553-a2f8-4548-b0f4-1d3d40794a9f,e0d0c010-a683-4c59-be24-acd9127b9ead,true,
405c9553-a2f8-4548-b0f4-1d3d40794a9f,eb3d3449-3d7d-4779-8781-7f2347d01085,true,
405c9553-a2f8-4548-b0f4-1d3d40794a9f,bf9d19fc-ad6e-4a05-84e3-1e6f94d654eb,true,
405c9553-a2f8-4548-b0f4-1d3d40794a9f,996f7ce5-3c96-4ea2-a586-91b636cddd06,true,
405c9553-a2f8-4548-b0f4-1d3d40794a9f,f48c41c0-dfb9-4359-80f3-f87f9c075ab0,false,"[OAS] [OAS] validation failed:
 - ERROR - Object instance has properties which are not allowed by the schema: [""randomBoolean1""]: []
"
405c9553-a2f8-4548-b0f4-1d3d40794a9f,cbe5300e-c15f-4f9f-a384-26b2f6523866,false,"[OAS] [OAS] validation failed:
 - ERROR - [Path '/email'] ECMA 262 regex ""^[\w-]+(\.[\w-]+)*@([\w-]+\.)+[a-zA-Z]+$"" does not match input string ""Z"": []
"
405c9553-a2f8-4548-b0f4-1d3d40794a9f,13726e2c-068e-4c85-9e54-74c21c4f0f76,false,"[OAS] [OAS] validation failed:
 - ERROR - [Path '/email'] ECMA 262 regex ""^[\w-]+(\.[\w-]+)*@([\w-]+\.)+[a-zA-Z]+$"" does not match input string ""sara/,-ivanova@mail.ru"": []
"
405c9553-a2f8-4548-b0f4-1d3d40794a9f,99df0565-b122-4d57-a6da-93ffe52e4fe5,false,"[OAS] [OAS] validation failed:
 - ERROR - [Path '/email'] ECMA 262 regex ""^[\w-]+(\.[\w-]+)*@([\w-]+\.)+[a-zA-Z]+$"" does not match input string ""c"": []
"
405c9553-a2f8-4548-b0f4-1d3d40794a9f,b45a7efc-92fa-4b2d-b723-c4321b9fe482,false,"[OAS] [OAS] validation failed:
 - ERROR - [Path '/email'] Instance type (null) does not match any allowed primitive type (allowed: [""string""]): []
"
405c9553-a2f8-4548-b0f4-1d3d40794a9f,44a00e34-f2af-498c-bda1-6af300ebcf8f,false,"[OAS] [OAS] validation failed:
 - ERROR - [Path '/email'] Instance type (number) does not match any allowed primitive type (allowed: [""string""]): []
"
405c9553-a2f8-4548-b0f4-1d3d40794a9f,73ecf334-758d-434e-9e9b-725ab0231302,false,"[OAS] [OAS] validation failed:
 - ERROR - [Path '/password'] String ""/j/"" is too short (length: 3, required minimum: 6): []
 - ERROR - [Path '/password'] ECMA 262 regex ""^[a-zA-Z0-9]+$"" does not match input string ""/j/"": []
"
405c9553-a2f8-4548-b0f4-1d3d40794a9f,e7dfaf4e-3ae7-4415-9a4e-360b14dd026a,false,"[OAS] [OAS] validation failed:
 - ERROR - [Path '/password'] ECMA 262 regex ""^[a-zA-Z0-9]+$"" does not match input string ""hidden´/"": []
"
405c9553-a2f8-4548-b0f4-1d3d40794a9f,ea8694ce-5c60-48ee-a116-4aac18a8f95c,false,"[OAS] [OAS] validation failed:
 - ERROR - [Path '/password'] String ""G"" is too short (length: 1, required minimum: 6): []
"
405c9553-a2f8-4548-b0f4-1d3d40794a9f,d14bd1fc-4156-43c6-8d31-c91bb9f38da2,false,"[OAS] [OAS] validation failed:
 - ERROR - [Path '/password'] Instance type (null) does not match any allowed primitive type (allowed: [""string""]): []
"
405c9553-a2f8-4548-b0f4-1d3d40794a9f,45f71143-bbe7-4ef9-927b-abff490ee9e3,false,"[OAS] [OAS] validation failed:
 - ERROR - [Path '/password'] Instance type (object) does not match any allowed primitive type (allowed: [""string""]): []
"
405c9553-a2f8-4548-b0f4-1d3d40794a9f,f0c0ef80-1538-42ff-9d22-c31282505ff2,false,"[OAS] [OAS] validation failed:
 - ERROR - [Path '/name'] ECMA 262 regex ""^(?:[A-Za-z]+(?:['-][A-Za-z]+)?)(?:\s+[A-Za-z]+(?:['-][A-Za-z]+)?)*$"" does not match input string ""$F<Xz"": []
"
405c9553-a2f8-4548-b0f4-1d3d40794a9f,459123f0-3d27-4d21-87eb-a3445e484a8b,false,"[OAS] [OAS] validation failed:
 - ERROR - [Path '/name'] ECMA 262 regex ""^(?:[A-Za-z]+(?:['-][A-Za-z]+)?)(?:\s+[A-Za-z]+(?:['-][A-Za-z]+)?)*$"" does not match input string ""Jean-Luc ´,Wei"": []
"
405c9553-a2f8-4548-b0f4-1d3d40794a9f,bd67c6d2-cd22-4201-8ba3-4cd01c4a9d5e,true,
405c9553-a2f8-4548-b0f4-1d3d40794a9f,622a90e5-a4e6-4477-9302-9c6e8b2a2ae4,false,"[OAS] [OAS] validation failed:
 - ERROR - [Path '/name'] Instance type (null) does not match any allowed primitive type (allowed: [""string""]): []
"
405c9553-a2f8-4548-b0f4-1d3d40794a9f,c3ebfa48-e9f5-49ad-af13-fb5624bbafb2,false,"[OAS] [OAS] validation failed:
 - ERROR - [Path '/name'] Instance type (object) does not match any allowed primitive type (allowed: [""string""]): []
"
405c9553-a2f8-4548-b0f4-1d3d40794a9f,b7b22881-5010-4d43-b4b2-cfed40c00871,false,"[OAS] [OAS] validation failed:
 - ERROR - [Path '/phone'] ECMA 262 regex ""^\+[1-9][0-9]?[\s]*\(?\d{3}\)?[-\s]?\d{3}[-\s]?\d{2}[-\s]?\d{2}$"" does not match input string ""Mip[}"": []
"
405c9553-a2f8-4548-b0f4-1d3d40794a9f,caf0e57f-da77-4a3b-b5fc-2da4d0e96dd4,false,"[OAS] [OAS] validation failed:
 - ERROR - [Path '/phone'] ECMA 262 regex ""^\+[1-9][0-9]?[\s]*\(?\d{3}\)?[-\s]?\d{3}[-\s]?\d{2}[-\s]?\d{2}$"" does not match input string ""+86 110 888 66/* 55"": []
"
405c9553-a2f8-4548-b0f4-1d3d40794a9f,3556b8b0-be62-4f49-bfe3-f02ce87083fb,false,"[OAS] [OAS] validation failed:
 - ERROR - [Path '/phone'] ECMA 262 regex ""^\+[1-9][0-9]?[\s]*\(?\d{3}\)?[-\s]?\d{3}[-\s]?\d{2}[-\s]?\d{2}$"" does not match input string ""EJEMPLO MAYUS"": []
"
405c9553-a2f8-4548-b0f4-1d3d40794a9f,b4231d2e-d789-46e2-ae71-32b5352f6375,false,"[OAS] [OAS] validation failed:
 - ERROR - [Path '/phone'] Instance type (null) does not match any allowed primitive type (allowed: [""string""]): []
"
405c9553-a2f8-4548-b0f4-1d3d40794a9f,e5a76561-fb61-42b3-86a6-0fd7b7d8601c,false,"[OAS] [OAS] validation failed:
 - ERROR - [Path '/phone'] Instance type (array) does not match any allowed primitive type (allowed: [""string""]): []
"
405c9553-a2f8-4548-b0f4-1d3d40794a9f,8e493a42-6264-4b11-bc10-d52e082ebc49,true,
405c9553-a2f8-4548-b0f4-1d3d40794a9f,482e0928-59ea-4cd6-8de6-aa30fb758814,false,"[OAS] [OAS] validation failed:
 - ERROR - [Path '/address'] ECMA 262 regex ""^[^#$%^*()']*$"" does not match input string ""C/*alle Mayor 10 3A Madrid"": []
"
405c9553-a2f8-4548-b0f4-1d3d40794a9f,ce8271e1-7cfc-4509-8eba-0d975997f097,true,
405c9553-a2f8-4548-b0f4-1d3d40794a9f,c08ffddf-45ad-489d-af77-3ff6cf55eecd,false,"[OAS] [OAS] validation failed:
 - ERROR - [Path '/address'] Instance type (null) does not match any allowed primitive type (allowed: [""string""]): []
"
405c9553-a2f8-4548-b0f4-1d3d40794a9f,b1912f7c-2f8b-4822-8386-a2e42d8f9d21,false,"[OAS] [OAS] validation failed:
 - ERROR - [Path '/address'] Instance type (integer) does not match any allowed primitive type (allowed: [""string""]): []
"
405c9553-a2f8-4548-b0f4-1d3d40794a9f,b69914e9-9efd-4344-861e-d1a6d5fd49b8,true,
405c9553-a2f8-4548-b0f4-1d3d40794a9f,2ae1ffe7-ebd3-4bee-85cc-d86d5492987e,true,
405c9553-a2f8-4548-b0f4-1d3d40794a9f,ae9ef74e-45cf-4c3f-9699-84678e18d1df,false,"[OAS] [OAS] validation failed:
 - ERROR - [Path '/_links'] Object instance has properties which are not allowed by the schema: [""randomBoolean1"",""randomObject2""]: []
"
405c9553-a2f8-4548-b0f4-1d3d40794a9f,f3887c28-fe15-409e-b349-79fde6aab440,false,"[OAS] [OAS] validation failed:
 - ERROR - [Path '/_links'] Instance type (null) does not match any allowed primitive type (allowed: [""object""]): []
"
405c9553-a2f8-4548-b0f4-1d3d40794a9f,82d58f2d-bc24-460e-9586-c9686a61e3ac,false,"[OAS] [OAS] validation failed:
 - ERROR - [Path '/_links'] Instance type (number) does not match any allowed primitive type (allowed: [""object""]): []
"
405c9553-a2f8-4548-b0f4-1d3d40794a9f,3f48bb4b-fceb-4ec3-9229-cf6cc91b0abd,false,"[OAS] [OAS] validation failed:
 - ERROR - [Path '/_links/Shopping cart'] Object instance has properties which are not allowed by the schema: [""randomArray3"",""randomLong2"",""randomObject1"",""randomObject4""]: []
"
405c9553-a2f8-4548-b0f4-1d3d40794a9f,6e05c00e-fde8-48ec-903e-b8c272098532,false,"[OAS] [OAS] validation failed:
 - ERROR - [Path '/_links/Shopping cart'] Instance type (null) does not match any allowed primitive type (allowed: [""object""]): []
"
405c9553-a2f8-4548-b0f4-1d3d40794a9f,adbab07d-5b10-4b20-9cc1-d4c207baeb83,false,"[OAS] [OAS] validation failed:
 - ERROR - [Path '/_links/Shopping cart'] Instance type (array) does not match any allowed primitive type (allowed: [""object""]): []
"
405c9553-a2f8-4548-b0f4-1d3d40794a9f,c4db1340-97fa-477b-8f71-6a3a2e1fc55a,false,"[OAS] [OAS] validation failed:
 - ERROR - [Path '/_links/Manage contacts'] Object instance has properties which are not allowed by the schema: [""randomArray4"",""randomLong1"",""randomObject2"",""randomString3""]: []
"
405c9553-a2f8-4548-b0f4-1d3d40794a9f,e440ab44-2832-4c23-b7bf-ec2a7a4c0826,false,"[OAS] [OAS] validation failed:
 - ERROR - [Path '/_links/Manage contacts'] Instance type (null) does not match any allowed primitive type (allowed: [""object""]): []
"
405c9553-a2f8-4548-b0f4-1d3d40794a9f,ce20a8ad-89fa-4027-b29d-b60af3a29aec,false,"[OAS] [OAS] validation failed:
 - ERROR - [Path '/_links/Manage contacts'] Instance type (integer) does not match any allowed primitive type (allowed: [""object""]): []
"
2a9f3e8d-c883-4fab-aa4c-a050c6e0e7d5,3e4e5dac-8eba-4f49-a2dc-032733760505,false,"[OAS] [OAS] validation failed:
 - ERROR - Response status 200 not defined for path '/register'.: []
"
2a9f3e8d-c883-4fab-aa4c-a050c6e0e7d5,94747a8d-10a5-46b5-bf3f-468f4268a03f,false,"[OAS] [OAS] validation failed:
 - ERROR - No response body is expected but one was found.: []
"
2a9f3e8d-c883-4fab-aa4c-a050c6e0e7d5,57a7ee59-783e-4b47-bf4a-ea9f6d0ee680,false,[NO_5XX] Unexpected 5XX response: 503
2a9f3e8d-c883-4fab-aa4c-a050c6e0e7d5,6fdceece-cbf1-4d64-8e0a-b5adf66f5d25,true,
2a9f3e8d-c883-4fab-aa4c-a050c6e0e7d5,90f0c3e0-d885-43c9-9469-116c77d83da0,true,
2a9f3e8d-c883-4fab-aa4c-a050c6e0e7d5,a53b2ac7-16d8-4b58-9dba-a61685bfe258,true,
2a9f3e8d-c883-4fab-aa4c-a050c6e0e7d5,8533cd4a-542a-4a86-adaf-158f96b2bbbb,true,
2a9f3e8d-c883-4fab-aa4c-a050c6e0e7d5,074b824a-b0d9-41f3-bf8e-9ffe0fef8b54,true,
2a9f3e8d-c883-4fab-aa4c-a050c6e0e7d5,3fecb2b6-fdab-4d91-967e-83b0da82460a,false,"[OAS] [OAS] validation failed:
 - ERROR - Object instance has properties which are not allowed by the schema: [""randomBoolean1""]: []
"
2a9f3e8d-c883-4fab-aa4c-a050c6e0e7d5,38ccaf5b-41a5-46c5-8979-92c8d5f6a162,false,"[OAS] [OAS] validation failed:
 - ERROR - [Path '/email'] ECMA 262 regex ""^[\w-]+(\.[\w-]+)*@([\w-]+\.)+[a-zA-Z]+$"" does not match input string ""v&2"": []
"
2a9f3e8d-c883-4fab-aa4c-a050c6e0e7d5,4401d6c3-1d11-4689-bcad-4c1857b25725,false,"[OAS] [OAS] validation failed:
 - ERROR - [Path '/email'] ECMA 262 regex ""^[\w-]+(\.[\w-]+)*@([\w-]+\.)+[a-zA-Z]+$"" does not match input string ""martin.lopez@u/,ni.es"": []
"
2a9f3e8d-c883-4fab-aa4c-a050c6e0e7d5,f83d02f8-adc3-4d70-a6ef-9333462f7c07,false,"[OAS] [OAS] validation failed:
 - ERROR - [Path '/email'] ECMA 262 regex ""^[\w-]+(\.[\w-]+)*@([\w-]+\.)+[a-zA-Z]+$"" does not match input string ""0"": []
"
2a9f3e8d-c883-4fab-aa4c-a050c6e0e7d5,0c81911b-f134-424c-b62e-9e7fc011ade1,false,"[OAS] [OAS] validation failed:
 - ERROR - [Path '/email'] Instance type (null) does not match any allowed primitive type (allowed: [""string""]): []
"
2a9f3e8d-c883-4fab-aa4c-a050c6e0e7d5,bb2240ea-3830-4de9-8622-4378831f144a,false,"[OAS] [OAS] validation failed:
 - ERROR - [Path '/email'] Instance type (number) does not match any allowed primitive type (allowed: [""string""]): []
"
2a9f3e8d-c883-4fab-aa4c-a050c6e0e7d5,f4e38440-a0ec-42e9-8381-1a4c03d4d6ba,false,"[OAS] [OAS] validation failed:
 - ERROR - [Path '/password'] ECMA 262 regex ""^[a-zA-Z0-9]+$"" does not match input string ""R;B7bQ0"": []
"
2a9f3e8d-c883-4fab-aa4c-a050c6e0e7d5,5937f93d-d36a-4869-95e1-6536fbab64de,false,"[OAS] [OAS] validation failed:
 - ERROR - [Path '/password'] ECMA 262 regex ""^[a-zA-Z0-9]+$"" does not match input string ""hidden´/"": []
"
2a9f3e8d-c883-4fab-aa4c-a050c6e0e7d5,368ccd92-3209-4e74-be41-99bdb1484375,false,"[OAS] [OAS] validation failed:
 - ERROR - [Path '/password'] String ""O"" is too short (length: 1, required minimum: 6): []
"
2a9f3e8d-c883-4fab-aa4c-a050c6e0e7d5,43dbce7d-052c-4303-bbfa-9d62d2102a8d,false,"[OAS] [OAS] validation failed:
 - ERROR - [Path '/password'] Instance type (null) does not match any allowed primitive type (allowed: [""string""]): []
"
2a9f3e8d-c883-4fab-aa4c-a050c6e0e7d5,0406891b-4d7f-4159-aff8-c9c714c9c552,false,"[OAS] [OAS] validation failed:
 - ERROR - [Path '/password'] Instance type (object) does not match any allowed primitive type (allowed: [""string""]): []
"
2a9f3e8d-c883-4fab-aa4c-a050c6e0e7d5,8ec403f0-00ea-4433-9e14-0878a10eb957,true,
2a9f3e8d-c883-4fab-aa4c-a050c6e0e7d5,ee62ff33-f3fa-4bab-bb03-bd0ea4cf9eb5,false,"[OAS] [OAS] validation failed:
 - ERROR - [Path '/name'] ECMA 262 regex ""^(?:[A-Za-z]+(?:['-][A-Za-z]+)?)(?:\s+[A-Za-z]+(?:['-][A-Za-z]+)?)*$"" does not match input string ""Wei´, Ming"": []
"
2a9f3e8d-c883-4fab-aa4c-a050c6e0e7d5,54ad14df-c41a-4025-81c2-828dbae5c2e6,true,
2a9f3e8d-c883-4fab-aa4c-a050c6e0e7d5,066263bb-33c8-46b5-ad39-bbcace05f7a9,false,"[OAS] [OAS] validation failed:
 - ERROR - [Path '/name'] Instance type (null) does not match any allowed primitive type (allowed: [""string""]): []
"
2a9f3e8d-c883-4fab-aa4c-a050c6e0e7d5,5398a0c8-6ac4-420f-8f36-fffda3c619ad,false,"[OAS] [OAS] validation failed:
 - ERROR - [Path '/name'] Instance type (object) does not match any allowed primitive type (allowed: [""string""]): []
"
2a9f3e8d-c883-4fab-aa4c-a050c6e0e7d5,00a77ced-b2c4-4f1a-bc0a-6ed65c7e74a1,false,"[OAS] [OAS] validation failed:
 - ERROR - [Path '/phone'] ECMA 262 regex ""^\+[1-9][0-9]?[\s]*\(?\d{3}\)?[-\s]?\d{3}[-\s]?\d{2}[-\s]?\d{2}$"" does not match input string ""l8END%DfI"": []
"
2a9f3e8d-c883-4fab-aa4c-a050c6e0e7d5,18bce329-3cdc-48d6-ac99-38c48fed79c6,false,"[OAS] [OAS] validation failed:
 - ERROR - [Path '/phone'] ECMA 262 regex ""^\+[1-9][0-9]?[\s]*\(?\d{3}\)?[-\s]?\d{3}[-\s]?\d{2}[-\s]?\d{2}$"" does not match input string ""+34 911 123 45/* 67"": []
"
2a9f3e8d-c883-4fab-aa4c-a050c6e0e7d5,f68c6f78-0344-4646-ba81-25e8edf7617d,false,"[OAS] [OAS] validation failed:
 - ERROR - [Path '/phone'] ECMA 262 regex ""^\+[1-9][0-9]?[\s]*\(?\d{3}\)?[-\s]?\d{3}[-\s]?\d{2}[-\s]?\d{2}$"" does not match input string ""EJEMPLO MAYUS"": []
"
2a9f3e8d-c883-4fab-aa4c-a050c6e0e7d5,a72bc53b-21af-4a10-a097-69acfceefa56,false,"[OAS] [OAS] validation failed:
 - ERROR - [Path '/phone'] Instance type (null) does not match any allowed primitive type (allowed: [""string""]): []
"
2a9f3e8d-c883-4fab-aa4c-a050c6e0e7d5,5806590c-120b-461d-af72-55e0e8340813,false,"[OAS] [OAS] validation failed:
 - ERROR - [Path '/phone'] Instance type (array) does not match any allowed primitive type (allowed: [""string""]): []
"
2a9f3e8d-c883-4fab-aa4c-a050c6e0e7d5,73e13703-752c-4d42-b57e-78d977567241,true,
2a9f3e8d-c883-4fab-aa4c-a050c6e0e7d5,1271bf2d-3fec-49d5-93d6-a1c224ec88a3,false,"[OAS] [OAS] validation failed:
 - ERROR - [Path '/address'] ECMA 262 regex ""^[^#$%^*()']*$"" does not match input string ""221B/* Baker Street"": []
"
2a9f3e8d-c883-4fab-aa4c-a050c6e0e7d5,6f1d34ca-86fb-49b2-b6cc-cc9eff36824e,true,
2a9f3e8d-c883-4fab-aa4c-a050c6e0e7d5,2bf31afc-8bd4-470b-8461-233fda9c57fa,false,"[OAS] [OAS] validation failed:
 - ERROR - [Path '/address'] Instance type (null) does not match any allowed primitive type (allowed: [""string""]): []
"
2a9f3e8d-c883-4fab-aa4c-a050c6e0e7d5,7d65c473-0d82-4fd0-a701-715621608e90,false,"[OAS] [OAS] validation failed:
 - ERROR - [Path '/address'] Instance type (integer) does not match any allowed primitive type (allowed: [""string""]): []
"
2a9f3e8d-c883-4fab-aa4c-a050c6e0e7d5,071d2be1-81e9-440d-87c7-e26f6e890e80,true,
2a9f3e8d-c883-4fab-aa4c-a050c6e0e7d5,f312aabc-a05c-4c0c-aeec-a4091a36fe5c,true,
2a9f3e8d-c883-4fab-aa4c-a050c6e0e7d5,322928c0-b39c-4c25-b2b8-61ebc4e95a66,false,"[OAS] [OAS] validation failed:
 - ERROR - [Path '/_links'] Object instance has properties which are not allowed by the schema: [""randomBoolean1"",""randomObject2""]: []
"
2a9f3e8d-c883-4fab-aa4c-a050c6e0e7d5,a297d45b-1680-4da4-a5a3-461723f1ac50,false,"[OAS] [OAS] validation failed:
 - ERROR - [Path '/_links'] Instance type (null) does not match any allowed primitive type (allowed: [""object""]): []
"
2a9f3e8d-c883-4fab-aa4c-a050c6e0e7d5,ca880172-f258-408f-a15b-ad872c2acf60,false,"[OAS] [OAS] validation failed:
 - ERROR - [Path '/_links'] Instance type (number) does not match any allowed primitive type (allowed: [""object""]): []
"
2a9f3e8d-c883-4fab-aa4c-a050c6e0e7d5,7ccf103d-e96d-41e9-95b2-c5a5c7e4d1e7,false,"[OAS] [OAS] validation failed:
 - ERROR - [Path '/_links/Shopping cart'] Object instance has properties which are not allowed by the schema: [""randomArray3"",""randomLong2"",""randomObject1"",""randomObject4""]: []
"
2a9f3e8d-c883-4fab-aa4c-a050c6e0e7d5,1de488d5-67ab-4b09-ac8d-fb8b0f1b664c,false,"[OAS] [OAS] validation failed:
 - ERROR - [Path '/_links/Shopping cart'] Instance type (null) does not match any allowed primitive type (allowed: [""object""]): []
"
2a9f3e8d-c883-4fab-aa4c-a050c6e0e7d5,42b6b11f-b17c-431a-8fc4-5fc38b107c37,false,"[OAS] [OAS] validation failed:
 - ERROR - [Path '/_links/Shopping cart'] Instance type (array) does not match any allowed primitive type (allowed: [""object""]): []
"
2a9f3e8d-c883-4fab-aa4c-a050c6e0e7d5,a06a82b9-2c39-4859-88fd-db9ad44dabcd,false,"[OAS] [OAS] validation failed:
 - ERROR - [Path '/_links/Manage contacts'] Object instance has properties which are not allowed by the schema: [""randomArray4"",""randomLong1"",""randomObject2"",""randomString3""]: []
"
2a9f3e8d-c883-4fab-aa4c-a050c6e0e7d5,c45add16-bf03-4250-95cd-c05872d0fab6,false,"[OAS] [OAS] validation failed:
 - ERROR - [Path '/_links/Manage contacts'] Instance type (null) does not match any allowed primitive type (allowed: [""object""]): []
"
2a9f3e8d-c883-4fab-aa4c-a050c6e0e7d5,633e60ae-7576-49b4-9672-baccdcdc81d1,false,"[OAS] [OAS] validation failed:
 - ERROR - [Path '/_links/Manage contacts'] Instance type (integer) does not match any allowed primitive type (allowed: [""object""]): []
"
5b5cd551-b36e-44dd-a4b0-3713f2da5480,3e6fc7f8-c1dd-4204-afbd-a156d9b1b927,false,"[OAS] [OAS] validation failed:
 - ERROR - Response status 204 not defined for path '/register'.: []
"
5b5cd551-b36e-44dd-a4b0-3713f2da5480,6f8a3dc1-6554-49b1-aee2-5176c86d01c1,false,"[OAS] [OAS] validation failed:
 - ERROR - No response body is expected but one was found.: []
"
5b5cd551-b36e-44dd-a4b0-3713f2da5480,99eb9b8c-d9c7-4f03-b79e-5177e30f793c,false,[NO_5XX] Unexpected 5XX response: 503
5b5cd551-b36e-44dd-a4b0-3713f2da5480,086b319e-fa5a-4005-8519-0c539c6be9cc,true,
5b5cd551-b36e-44dd-a4b0-3713f2da5480,54aafb88-b232-47c1-8e8b-f9db746a5bae,true,
5b5cd551-b36e-44dd-a4b0-3713f2da5480,f8fb1a71-bfd9-4f16-a19c-daac2cf040c9,true,
5b5cd551-b36e-44dd-a4b0-3713f2da5480,3ec26462-bfb1-4e41-9736-673ec791e152,true,
5b5cd551-b36e-44dd-a4b0-3713f2da5480,0dfe4e30-cf17-40a7-8c7c-d20d5e502db9,true,
5b5cd551-b36e-44dd-a4b0-3713f2da5480,c9e8c33c-080c-4859-9e3c-bf8451c9d0af,false,"[OAS] [OAS] validation failed:
 - ERROR - Object instance has properties which are not allowed by the schema: [""randomBoolean1""]: []
"
5b5cd551-b36e-44dd-a4b0-3713f2da5480,bc40de33-c34f-41b1-977f-df4b5c598bf6,false,"[OAS] [OAS] validation failed:
 - ERROR - [Path '/email'] ECMA 262 regex ""^[\w-]+(\.[\w-]+)*@([\w-]+\.)+[a-zA-Z]+$"" does not match input string ""#C,hsdw0"": []
"
5b5cd551-b36e-44dd-a4b0-3713f2da5480,f71ad137-4cf3-4b66-980a-77f012022318,false,"[OAS] [OAS] validation failed:
 - ERROR - [Path '/email'] ECMA 262 regex ""^[\w-]+(\.[\w-]+)*@([\w-]+\.)+[a-zA-Z]+$"" does not match input string ""martin.lopez@u/,ni.es"": []
"
5b5cd551-b36e-44dd-a4b0-3713f2da5480,901bd207-823c-44f6-89ab-274f34824f7b,false,"[OAS] [OAS] validation failed:
 - ERROR - [Path '/email'] ECMA 262 regex ""^[\w-]+(\.[\w-]+)*@([\w-]+\.)+[a-zA-Z]+$"" does not match input string ""l"": []
"
5b5cd551-b36e-44dd-a4b0-3713f2da5480,adc5561f-aaa7-4599-9c98-a836c55ef814,false,"[OAS] [OAS] validation failed:
 - ERROR - [Path '/email'] Instance type (null) does not match any allowed primitive type (allowed: [""string""]): []
"
5b5cd551-b36e-44dd-a4b0-3713f2da5480,136f3464-84ca-405c-8010-0ed1e8826181,false,"[OAS] [OAS] validation failed:
 - ERROR - [Path '/email'] Instance type (number) does not match any allowed primitive type (allowed: [""string""]): []
"
5b5cd551-b36e-44dd-a4b0-3713f2da5480,6b0e8d05-8d73-4f58-91a3-cd3fc62a06a8,false,"[OAS] [OAS] validation failed:
 - ERROR - [Path '/password'] String ""oAP"" is too short (length: 3, required minimum: 6): []
"
5b5cd551-b36e-44dd-a4b0-3713f2da5480,96dfce18-8dad-4704-bcb1-38adecad6ac3,false,"[OAS] [OAS] validation failed:
 - ERROR - [Path '/password'] ECMA 262 regex ""^[a-zA-Z0-9]+$"" does not match input string ""hidden´/"": []
"
5b5cd551-b36e-44dd-a4b0-3713f2da5480,740f4451-01c8-48e2-8bb3-b40ffd7ce0e1,false,"[OAS] [OAS] validation failed:
 - ERROR - [Path '/password'] String ""X"" is too short (length: 1, required minimum: 6): []
"
5b5cd551-b36e-44dd-a4b0-3713f2da5480,0fed13e0-5b61-4f6c-9c44-c368b0dbb710,false,"[OAS] [OAS] validation failed:
 - ERROR - [Path '/password'] Instance type (null) does not match any allowed primitive type (allowed: [""string""]): []
"
5b5cd551-b36e-44dd-a4b0-3713f2da5480,65847074-c530-4137-9078-ad0eaabc1b37,false,"[OAS] [OAS] validation failed:
 - ERROR - [Path '/password'] Instance type (object) does not match any allowed primitive type (allowed: [""string""]): []
"
5b5cd551-b36e-44dd-a4b0-3713f2da5480,8ac43218-fb80-44e7-ac4a-703a3aea77a5,true,
5b5cd551-b36e-44dd-a4b0-3713f2da5480,da577b61-dde8-4b39-8e51-eb0cb668506e,false,"[OAS] [OAS] validation failed:
 - ERROR - [Path '/name'] ECMA 262 regex ""^(?:[A-Za-z]+(?:['-][A-Za-z]+)?)(?:\s+[A-Za-z]+(?:['-][A-Za-z]+)?)*$"" does not match input string ""Anna ´,Maria"": []
"
5b5cd551-b36e-44dd-a4b0-3713f2da5480,63c2434d-75f8-4dec-a358-dc190ceb3b7f,true,
5b5cd551-b36e-44dd-a4b0-3713f2da5480,221c0739-912e-4554-b95c-36f15b82fad0,false,"[OAS] [OAS] validation failed:
 - ERROR - [Path '/name'] Instance type (null) does not match any allowed primitive type (allowed: [""string""]): []
"
5b5cd551-b36e-44dd-a4b0-3713f2da5480,762f3862-8b1a-4413-b005-e4d5103bd3f3,false,"[OAS] [OAS] validation failed:
 - ERROR - [Path '/name'] Instance type (object) does not match any allowed primitive type (allowed: [""string""]): []
"
5b5cd551-b36e-44dd-a4b0-3713f2da5480,f0837446-a7a5-4d7c-92b1-021d01405c50,false,"[OAS] [OAS] validation failed:
 - ERROR - [Path '/phone'] ECMA 262 regex ""^\+[1-9][0-9]?[\s]*\(?\d{3}\)?[-\s]?\d{3}[-\s]?\d{2}[-\s]?\d{2}$"" does not match input string "":zzIC{~\"": []
"
5b5cd551-b36e-44dd-a4b0-3713f2da5480,877a23df-0454-442d-8f4c-8802c0c6112f,false,"[OAS] [OAS] validation failed:
 - ERROR - [Path '/phone'] ECMA 262 regex ""^\+[1-9][0-9]?[\s]*\(?\d{3}\)?[-\s]?\d{3}[-\s]?\d{2}[-\s]?\d{2}$"" does not match input string ""+1 (41/*5) 555-12-34"": []
"
5b5cd551-b36e-44dd-a4b0-3713f2da5480,05909962-bf4f-46ac-b393-63eec00063da,false,"[OAS] [OAS] validation failed:
 - ERROR - [Path '/phone'] ECMA 262 regex ""^\+[1-9][0-9]?[\s]*\(?\d{3}\)?[-\s]?\d{3}[-\s]?\d{2}[-\s]?\d{2}$"" does not match input string ""EJEMPLO MAYUS"": []
"
5b5cd551-b36e-44dd-a4b0-3713f2da5480,639c25b3-7c11-4aca-8060-a7d97f45c84e,false,"[OAS] [OAS] validation failed:
 - ERROR - [Path '/phone'] Instance type (null) does not match any allowed primitive type (allowed: [""string""]): []
"
5b5cd551-b36e-44dd-a4b0-3713f2da5480,c0e08275-1834-4c19-85d5-5b2f1e54ad7c,false,"[OAS] [OAS] validation failed:
 - ERROR - [Path '/phone'] Instance type (array) does not match any allowed primitive type (allowed: [""string""]): []
"
5b5cd551-b36e-44dd-a4b0-3713f2da5480,7a9a2c9c-6528-4319-802c-2d6064eafcae,true,
5b5cd551-b36e-44dd-a4b0-3713f2da5480,97817d34-66c3-4535-a1ff-af669e2f8b19,false,"[OAS] [OAS] validation failed:
 - ERROR - [Path '/address'] ECMA 262 regex ""^[^#$%^*()']*$"" does not match input string ""C/*alle Mayor 10 3A Madrid"": []
"
5b5cd551-b36e-44dd-a4b0-3713f2da5480,0a9a675c-851f-4cf9-a678-3d9b09209369,true,
5b5cd551-b36e-44dd-a4b0-3713f2da5480,64024fb6-71f4-4aaa-94aa-942b00d6b6dd,false,"[OAS] [OAS] validation failed:
 - ERROR - [Path '/address'] Instance type (null) does not match any allowed primitive type (allowed: [""string""]): []
"
5b5cd551-b36e-44dd-a4b0-3713f2da5480,17df8496-931f-437d-baa9-2238f4c0877c,false,"[OAS] [OAS] validation failed:
 - ERROR - [Path '/address'] Instance type (integer) does not match any allowed primitive type (allowed: [""string""]): []
"
5b5cd551-b36e-44dd-a4b0-3713f2da5480,e6b781a9-8cea-4714-920f-346c52279bdb,true,
5b5cd551-b36e-44dd-a4b0-3713f2da5480,6c1f134e-b4b0-4e10-9ec8-1e1071578675,true,
5b5cd551-b36e-44dd-a4b0-3713f2da5480,22fd5ead-959c-4d3f-a885-90a15eb4d3c7,false,"[OAS] [OAS] validation failed:
 - ERROR - [Path '/_links'] Object instance has properties which are not allowed by the schema: [""randomBoolean1"",""randomObject2""]: []
"
5b5cd551-b36e-44dd-a4b0-3713f2da5480,c6856073-0951-43cb-87f8-d6a0400345f7,false,"[OAS] [OAS] validation failed:
 - ERROR - [Path '/_links'] Instance type (null) does not match any allowed primitive type (allowed: [""object""]): []
"
5b5cd551-b36e-44dd-a4b0-3713f2da5480,25c1ff76-8151-4b5d-a05e-83fe8f9ccf99,false,"[OAS] [OAS] validation failed:
 - ERROR - [Path '/_links'] Instance type (number) does not match any allowed primitive type (allowed: [""object""]): []
"
5b5cd551-b36e-44dd-a4b0-3713f2da5480,1678e8c2-eb39-4bdd-9145-99025098e8b3,false,"[OAS] [OAS] validation failed:
 - ERROR - [Path '/_links/Shopping cart'] Object instance has properties which are not allowed by the schema: [""randomArray3"",""randomLong2"",""randomObject1"",""randomObject4""]: []
"
5b5cd551-b36e-44dd-a4b0-3713f2da5480,536c38c3-6f90-423c-a7b1-e9d294faf912,false,"[OAS] [OAS] validation failed:
 - ERROR - [Path '/_links/Shopping cart'] Instance type (null) does not match any allowed primitive type (allowed: [""object""]): []
"
5b5cd551-b36e-44dd-a4b0-3713f2da5480,d89f8ea8-5c2d-487d-bcc7-430dbdc452e9,false,"[OAS] [OAS] validation failed:
 - ERROR - [Path '/_links/Shopping cart'] Instance type (array) does not match any allowed primitive type (allowed: [""object""]): []
"
5b5cd551-b36e-44dd-a4b0-3713f2da5480,cb005b40-d24b-4190-899e-c2059e12ad3a,false,"[OAS] [OAS] validation failed:
 - ERROR - [Path '/_links/Manage contacts'] Object instance has properties which are not allowed by the schema: [""randomArray4"",""randomLong1"",""randomObject2"",""randomString3""]: []
"
5b5cd551-b36e-44dd-a4b0-3713f2da5480,21057e68-57b0-4c45-82c4-be4dc5e7c0ca,false,"[OAS] [OAS] validation failed:
 - ERROR - [Path '/_links/Manage contacts'] Instance type (null) does not match any allowed primitive type (allowed: [""object""]): []
"
5b5cd551-b36e-44dd-a4b0-3713f2da5480,d2345207-0462-457b-bca4-3395f5bd5911,false,"[OAS] [OAS] validation failed:
 - ERROR - [Path '/_links/Manage contacts'] Instance type (integer) does not match any allowed primitive type (allowed: [""object""]): []
"
d2521b53-3631-46aa-bcb7-5777a0e87942,ca49f045-0651-4c9b-bc55-61c89d33b402,false,"[OAS] [OAS] validation failed:
 - ERROR - Response status 200 not defined for path '/register'.: []
"
d2521b53-3631-46aa-bcb7-5777a0e87942,0fb6c5aa-d539-4bab-9463-ff4ab858969a,false,"[OAS] [OAS] validation failed:
 - ERROR - Response status 409 not defined for path '/register'.: []
"
d2521b53-3631-46aa-bcb7-5777a0e87942,52b87f93-d26d-411d-b3af-ce3848c35bc2,false,[NO_5XX] Unexpected 5XX response: 504
d2521b53-3631-46aa-bcb7-5777a0e87942,946735b4-722c-4d48-a516-1302c60d40e9,true,
d2521b53-3631-46aa-bcb7-5777a0e87942,1447bce6-1155-47fb-afa5-2c018a876aaf,true,
d2521b53-3631-46aa-bcb7-5777a0e87942,db70a616-21a9-452d-9ea3-eb34c4bdcd4a,true,
d2521b53-3631-46aa-bcb7-5777a0e87942,5245c9da-16cd-44a1-9ade-90c76b4039ab,true,
d2521b53-3631-46aa-bcb7-5777a0e87942,f7ee957e-0ec7-431e-9cb7-90ece504380e,true,
d2521b53-3631-46aa-bcb7-5777a0e87942,e3bcf035-64b7-446f-8f4c-ffa2cdd1e498,false,"[OAS] [OAS] validation failed:
 - ERROR - Object instance has properties which are not allowed by the schema: [""randomBoolean1""]: []
"
d2521b53-3631-46aa-bcb7-5777a0e87942,1d69ce2e-9da4-4252-937c-5335ac827b4b,false,"[OAS] [OAS] validation failed:
 - ERROR - [Path '/email'] ECMA 262 regex ""^[\w-]+(\.[\w-]+)*@([\w-]+\.)+[a-zA-Z]+$"" does not match input string ""L?"": []
"
d2521b53-3631-46aa-bcb7-5777a0e87942,bb70ccfd-69ca-4680-bb4c-8e05d7c6e37c,false,"[OAS] [OAS] validation failed:
 - ERROR - [Path '/email'] ECMA 262 regex ""^[\w-]+(\.[\w-]+)*@([\w-]+\.)+[a-zA-Z]+$"" does not match input string ""alex/,.chen@example.com"": []
"
d2521b53-3631-46aa-bcb7-5777a0e87942,ec578f68-8cde-4642-86ce-33a844df2199,false,"[OAS] [OAS] validation failed:
 - ERROR - [Path '/email'] ECMA 262 regex ""^[\w-]+(\.[\w-]+)*@([\w-]+\.)+[a-zA-Z]+$"" does not match input string ""K"": []
"
d2521b53-3631-46aa-bcb7-5777a0e87942,5e44e960-614f-4ad2-9621-a7de2f92f396,false,"[OAS] [OAS] validation failed:
 - ERROR - [Path '/email'] Instance type (null) does not match any allowed primitive type (allowed: [""string""]): []
"
d2521b53-3631-46aa-bcb7-5777a0e87942,5df987af-e574-4ea6-8337-70e040128643,false,"[OAS] [OAS] validation failed:
 - ERROR - [Path '/email'] Instance type (number) does not match any allowed primitive type (allowed: [""string""]): []
"
d2521b53-3631-46aa-bcb7-5777a0e87942,8933331e-6099-4478-8ae5-374c2cf90518,false,"[OAS] [OAS] validation failed:
 - ERROR - [Path '/password'] String ""&Xc{="" is too short (length: 5, required minimum: 6): []
 - ERROR - [Path '/password'] ECMA 262 regex ""^[a-zA-Z0-9]+$"" does not match input string ""&Xc{="": []
"
d2521b53-3631-46aa-bcb7-5777a0e87942,7b9e455c-b03e-434c-803b-0466c9ea94e5,false,"[OAS] [OAS] validation failed:
 - ERROR - [Path '/password'] ECMA 262 regex ""^[a-zA-Z0-9]+$"" does not match input string ""hidden´/"": []
"
d2521b53-3631-46aa-bcb7-5777a0e87942,d94d312a-265f-4899-b262-ac51c9f07d0a,false,"[OAS] [OAS] validation failed:
 - ERROR - [Path '/password'] String ""G"" is too short (length: 1, required minimum: 6): []
"
d2521b53-3631-46aa-bcb7-5777a0e87942,54e2d55f-e482-4daf-921e-288c6b68eb17,false,"[OAS] [OAS] validation failed:
 - ERROR - [Path '/password'] Instance type (null) does not match any allowed primitive type (allowed: [""string""]): []
"
d2521b53-3631-46aa-bcb7-5777a0e87942,829b3946-b2e6-4fd4-9f5b-1796be15d325,false,"[OAS] [OAS] validation failed:
 - ERROR - [Path '/password'] Instance type (object) does not match any allowed primitive type (allowed: [""string""]): []
"
d2521b53-3631-46aa-bcb7-5777a0e87942,1d33f9f3-1c10-468a-b6f8-d525ab9f75fc,false,"[OAS] [OAS] validation failed:
 - ERROR - [Path '/name'] ECMA 262 regex ""^(?:[A-Za-z]+(?:['-][A-Za-z]+)?)(?:\s+[A-Za-z]+(?:['-][A-Za-z]+)?)*$"" does not match input string ""$Hoo"": []
"
d2521b53-3631-46aa-bcb7-5777a0e87942,9f5e4feb-6ead-4433-a714-031d7fc13d81,false,"[OAS] [OAS] validation failed:
 - ERROR - [Path '/name'] ECMA 262 regex ""^(?:[A-Za-z]+(?:['-][A-Za-z]+)?)(?:\s+[A-Za-z]+(?:['-][A-Za-z]+)?)*$"" does not match input string ""Jean-Luc ´,Wei"": []
"
d2521b53-3631-46aa-bcb7-5777a0e87942,31a94a4c-2e75-4004-a362-e73d5103b261,true,
d2521b53-3631-46aa-bcb7-5777a0e87942,99398239-9f95-4741-b65a-93905076c926,false,"[OAS] [OAS] validation failed:
 - ERROR - [Path '/name'] Instance type (null) does not match any allowed primitive type (allowed: [""string""]): []
"
d2521b53-3631-46aa-bcb7-5777a0e87942,df381899-5675-4c77-9a40-e931b6020bed,false,"[OAS] [OAS] validation failed:
 - ERROR - [Path '/name'] Instance type (object) does not match any allowed primitive type (allowed: [""string""]): []
"
d2521b53-3631-46aa-bcb7-5777a0e87942,7476f6ee-7dd9-457b-a34f-d42e0e6d4aa0,false,"[OAS] [OAS] validation failed:
 - ERROR - [Path '/phone'] ECMA 262 regex ""^\+[1-9][0-9]?[\s]*\(?\d{3}\)?[-\s]?\d{3}[-\s]?\d{2}[-\s]?\d{2}$"" does not match input string ""9"": []
"
d2521b53-3631-46aa-bcb7-5777a0e87942,f9f7a322-53cc-4d67-be3d-fd3d5dd32e5c,false,"[OAS] [OAS] validation failed:
 - ERROR - [Path '/phone'] ECMA 262 regex ""^\+[1-9][0-9]?[\s]*\(?\d{3}\)?[-\s]?\d{3}[-\s]?\d{2}[-\s]?\d{2}$"" does not match input string ""+86 110 888 66/* 55"": []
"
d2521b53-3631-46aa-bcb7-5777a0e87942,6e96ac8b-41dc-4366-903e-0d6039c253d2,false,"[OAS] [OAS] validation failed:
 - ERROR - [Path '/phone'] ECMA 262 regex ""^\+[1-9][0-9]?[\s]*\(?\d{3}\)?[-\s]?\d{3}[-\s]?\d{2}[-\s]?\d{2}$"" does not match input string ""EJEMPLO MAYUS"": []
"
d2521b53-3631-46aa-bcb7-5777a0e87942,135e3cc4-ea36-4cc3-80b8-6e4361ea8b85,false,"[OAS] [OAS] validation failed:
 - ERROR - [Path '/phone'] Instance type (null) does not match any allowed primitive type (allowed: [""string""]): []
"
d2521b53-3631-46aa-bcb7-5777a0e87942,42b298d4-0f31-4e35-a220-1456768bdd76,false,"[OAS] [OAS] validation failed:
 - ERROR - [Path '/phone'] Instance type (array) does not match any allowed primitive type (allowed: [""string""]): []
"
d2521b53-3631-46aa-bcb7-5777a0e87942,d82e8b54-ae1e-4189-909d-4923565b0fc7,true,
d2521b53-3631-46aa-bcb7-5777a0e87942,5309e699-23f2-4fef-b070-f1c8706e1413,false,"[OAS] [OAS] validation failed:
 - ERROR - [Path '/address'] ECMA 262 regex ""^[^#$%^*()']*$"" does not match input string ""221B/* Baker Street"": []
"
d2521b53-3631-46aa-bcb7-5777a0e87942,a96e2ffe-7ccf-4afa-adc1-926e4e681195,true,
d2521b53-3631-46aa-bcb7-5777a0e87942,d02585ba-6da9-4216-a3e3-48afaaec9bf8,false,"[OAS] [OAS] validation failed:
 - ERROR - [Path '/address'] Instance type (null) does not match any allowed primitive type (allowed: [""string""]): []
"
d2521b53-3631-46aa-bcb7-5777a0e87942,839627e5-e20a-4552-a83a-e8a24afea1a6,false,"[OAS] [OAS] validation failed:
 - ERROR - [Path '/address'] Instance type (integer) does not match any allowed primitive type (allowed: [""string""]): []
"
d2521b53-3631-46aa-bcb7-5777a0e87942,5c9a1d6f-0275-4d91-9450-d0eaf0ccf36f,true,
d2521b53-3631-46aa-bcb7-5777a0e87942,898f52ae-8c0d-412a-869b-5d21cc4590c8,true,
d2521b53-3631-46aa-bcb7-5777a0e87942,9ea5d6b1-9002-411f-9533-22e4073d8ad9,false,"[OAS] [OAS] validation failed:
 - ERROR - [Path '/_links'] Object instance has properties which are not allowed by the schema: [""randomBoolean1"",""randomObject2""]: []
"
d2521b53-3631-46aa-bcb7-5777a0e87942,12cefca9-5160-48d4-ac4d-f431842cad4e,false,"[OAS] [OAS] validation failed:
 - ERROR - [Path '/_links'] Instance type (null) does not match any allowed primitive type (allowed: [""object""]): []
"
d2521b53-3631-46aa-bcb7-5777a0e87942,26dfbf69-9766-40c9-9932-5e185f727e53,false,"[OAS] [OAS] validation failed:
 - ERROR - [Path '/_links'] Instance type (number) does not match any allowed primitive type (allowed: [""object""]): []
"
d2521b53-3631-46aa-bcb7-5777a0e87942,98817352-a915-4bf3-88d9-17092814a2f7,false,"[OAS] [OAS] validation failed:
 - ERROR - [Path '/_links/Shopping cart'] Object instance has properties which are not allowed by the schema: [""randomArray3"",""randomLong2"",""randomObject1"",""randomObject4""]: []
"
d2521b53-3631-46aa-bcb7-5777a0e87942,40b4210a-06bc-4780-9ac6-f30820f320d5,false,"[OAS] [OAS] validation failed:
 - ERROR - [Path '/_links/Shopping cart'] Instance type (null) does not match any allowed primitive type (allowed: [""object""]): []
"
d2521b53-3631-46aa-bcb7-5777a0e87942,d52eb0fb-80b0-443b-9075-a3f2aa2f526f,false,"[OAS] [OAS] validation failed:
 - ERROR - [Path '/_links/Shopping cart'] Instance type (array) does not match any allowed primitive type (allowed: [""object""]): []
"
d2521b53-3631-46aa-bcb7-5777a0e87942,8add75b9-80aa-4b5c-8e7c-09fd5d9015a8,false,"[OAS] [OAS] validation failed:
 - ERROR - [Path '/_links/Manage contacts'] Object instance has properties which are not allowed by the schema: [""randomArray4"",""randomLong1"",""randomObject2"",""randomString3""]: []
"
d2521b53-3631-46aa-bcb7-5777a0e87942,9cef8094-d7e7-49d0-9f6f-b3f01a422ffb,false,"[OAS] [OAS] validation failed:
 - ERROR - [Path '/_links/Manage contacts'] Instance type (null) does not match any allowed primitive type (allowed: [""object""]): []
"
d2521b53-3631-46aa-bcb7-5777a0e87942,e4c82b22-b527-4032-80fe-5234451ddf14,false,"[OAS] [OAS] validation failed:
 - ERROR - [Path '/_links/Manage contacts'] Instance type (integer) does not match any allowed primitive type (allowed: [""object""]): []
"
aa00e520-fe34-4b9a-b8eb-44adf5042bd2,8a2260d9-1744-4b66-ae1b-2d1c4f9db8c5,false,"[OAS] [OAS] validation failed:
 - ERROR - Response status 204 not defined for path '/register'.: []
"
aa00e520-fe34-4b9a-b8eb-44adf5042bd2,e6f64342-daf6-4cd0-8e66-006b02d9c467,false,"[OAS] [OAS] validation failed:
 - ERROR - No response body is expected but one was found.: []
"
aa00e520-fe34-4b9a-b8eb-44adf5042bd2,1bc67a37-3c15-4503-b688-42c816f009e8,false,[NO_5XX] Unexpected 5XX response: 501
aa00e520-fe34-4b9a-b8eb-44adf5042bd2,7d037b47-e5c9-4f1d-99fb-2a4852596f26,true,
aa00e520-fe34-4b9a-b8eb-44adf5042bd2,3a661b08-4ade-4cf0-83ef-085313080d8c,true,
aa00e520-fe34-4b9a-b8eb-44adf5042bd2,43df7342-69b1-4f32-a28e-ea16f5d7148a,true,
aa00e520-fe34-4b9a-b8eb-44adf5042bd2,6ebcfff4-9d46-4bca-bfd2-80d4123e04d3,true,
aa00e520-fe34-4b9a-b8eb-44adf5042bd2,a78b7937-1aaf-4c93-81b3-0331ae0f2f15,true,
aa00e520-fe34-4b9a-b8eb-44adf5042bd2,95fa8903-e69f-4e48-8452-85bd3f8972ec,false,"[OAS] [OAS] validation failed:
 - ERROR - Object instance has properties which are not allowed by the schema: [""randomBoolean1""]: []
"
aa00e520-fe34-4b9a-b8eb-44adf5042bd2,f027a767-5e57-410e-b7f1-1d544e8825d2,false,"[OAS] [OAS] validation failed:
 - ERROR - [Path '/email'] ECMA 262 regex ""^[\w-]+(\.[\w-]+)*@([\w-]+\.)+[a-zA-Z]+$"" does not match input string ""TE"": []
"
aa00e520-fe34-4b9a-b8eb-44adf5042bd2,7f3ce075-fa5a-4ec2-a58e-ac03b7fc6bbf,false,"[OAS] [OAS] validation failed:
 - ERROR - [Path '/email'] ECMA 262 regex ""^[\w-]+(\.[\w-]+)*@([\w-]+\.)+[a-zA-Z]+$"" does not match input string ""martin.lopez@u/,ni.es"": []
"
aa00e520-fe34-4b9a-b8eb-44adf5042bd2,43734725-0241-4402-bb4c-622bb7f3a4f6,false,"[OAS] [OAS] validation failed:
 - ERROR - [Path '/email'] ECMA 262 regex ""^[\w-]+(\.[\w-]+)*@([\w-]+\.)+[a-zA-Z]+$"" does not match input string ""M"": []
"
aa00e520-fe34-4b9a-b8eb-44adf5042bd2,3dce522b-adb6-417a-8f75-ebf61df85fc4,false,"[OAS] [OAS] validation failed:
 - ERROR - [Path '/email'] Instance type (null) does not match any allowed primitive type (allowed: [""string""]): []
"
aa00e520-fe34-4b9a-b8eb-44adf5042bd2,be3e376c-a248-4354-9505-92f41b4bf951,false,"[OAS] [OAS] validation failed:
 - ERROR - [Path '/email'] Instance type (number) does not match any allowed primitive type (allowed: [""string""]): []
"
aa00e520-fe34-4b9a-b8eb-44adf5042bd2,4dd6d451-e8f6-4be7-98e1-c10f666be10c,false,"[OAS] [OAS] validation failed:
 - ERROR - [Path '/password'] ECMA 262 regex ""^[a-zA-Z0-9]+$"" does not match input string ""/zs2x="": []
"
aa00e520-fe34-4b9a-b8eb-44adf5042bd2,f69e5097-9537-4ed0-8353-fa46b9ad875d,false,"[OAS] [OAS] validation failed:
 - ERROR - [Path '/password'] ECMA 262 regex ""^[a-zA-Z0-9]+$"" does not match input string ""hidden´/"": []
"
aa00e520-fe34-4b9a-b8eb-44adf5042bd2,bbd5079b-db35-486c-9d87-3591f2ba8ff3,false,"[OAS] [OAS] validation failed:
 - ERROR - [Path '/password'] String ""J"" is too short (length: 1, required minimum: 6): []
"
aa00e520-fe34-4b9a-b8eb-44adf5042bd2,1c429eb7-32fa-4ad9-8bbc-becf5aad6a69,false,"[OAS] [OAS] validation failed:
 - ERROR - [Path '/password'] Instance type (null) does not match any allowed primitive type (allowed: [""string""]): []
"
aa00e520-fe34-4b9a-b8eb-44adf5042bd2,8793e942-707a-4312-be6e-d653c00bd15f,false,"[OAS] [OAS] validation failed:
 - ERROR - [Path '/password'] Instance type (object) does not match any allowed primitive type (allowed: [""string""]): []
"
aa00e520-fe34-4b9a-b8eb-44adf5042bd2,9406ba3e-41a6-4410-9721-5ab1a18c96b9,true,
aa00e520-fe34-4b9a-b8eb-44adf5042bd2,40ad4953-6031-4118-b549-162c03027c0d,false,"[OAS] [OAS] validation failed:
 - ERROR - [Path '/name'] ECMA 262 regex ""^(?:[A-Za-z]+(?:['-][A-Za-z]+)?)(?:\s+[A-Za-z]+(?:['-][A-Za-z]+)?)*$"" does not match input string ""Jean-Luc ´,Wei"": []
"
aa00e520-fe34-4b9a-b8eb-44adf5042bd2,49bb6e33-0f4c-4d12-8574-549d446f2a94,true,
aa00e520-fe34-4b9a-b8eb-44adf5042bd2,eecac0d0-bf23-41a4-856b-f6d7f7708a59,false,"[OAS] [OAS] validation failed:
 - ERROR - [Path '/name'] Instance type (null) does not match any allowed primitive type (allowed: [""string""]): []
"
aa00e520-fe34-4b9a-b8eb-44adf5042bd2,82d02656-fd20-4ea4-8550-dfc9c2178f88,false,"[OAS] [OAS] validation failed:
 - ERROR - [Path '/name'] Instance type (object) does not match any allowed primitive type (allowed: [""string""]): []
"
aa00e520-fe34-4b9a-b8eb-44adf5042bd2,4dc49dd8-374b-4ab1-8483-3cfeffb36585,false,"[OAS] [OAS] validation failed:
 - ERROR - [Path '/phone'] ECMA 262 regex ""^\+[1-9][0-9]?[\s]*\(?\d{3}\)?[-\s]?\d{3}[-\s]?\d{2}[-\s]?\d{2}$"" does not match input string ""l(d9:5x<U"": []
"
aa00e520-fe34-4b9a-b8eb-44adf5042bd2,5b38b4b4-cdd2-47de-91bf-789f2b49601f,false,"[OAS] [OAS] validation failed:
 - ERROR - [Path '/phone'] ECMA 262 regex ""^\+[1-9][0-9]?[\s]*\(?\d{3}\)?[-\s]?\d{3}[-\s]?\d{2}[-\s]?\d{2}$"" does not match input string ""+34 911 123 45/* 67"": []
"
aa00e520-fe34-4b9a-b8eb-44adf5042bd2,5f37774e-e531-46a2-8e70-99c250cca762,false,"[OAS] [OAS] validation failed:
 - ERROR - [Path '/phone'] ECMA 262 regex ""^\+[1-9][0-9]?[\s]*\(?\d{3}\)?[-\s]?\d{3}[-\s]?\d{2}[-\s]?\d{2}$"" does not match input string ""EJEMPLO MAYUS"": []
"
aa00e520-fe34-4b9a-b8eb-44adf5042bd2,8619dc90-0c12-492e-be56-ebe5f7edda4c,false,"[OAS] [OAS] validation failed:
 - ERROR - [Path '/phone'] Instance type (null) does not match any allowed primitive type (allowed: [""string""]): []
"
aa00e520-fe34-4b9a-b8eb-44adf5042bd2,e835cc0f-8d9c-4a7c-933a-3bc56b4ad3f1,false,"[OAS] [OAS] validation failed:
 - ERROR - [Path '/phone'] Instance type (array) does not match any allowed primitive type (allowed: [""string""]): []
"
aa00e520-fe34-4b9a-b8eb-44adf5042bd2,e7a3312d-9fe6-4433-bc2d-e78d0798c2e0,false,"[OAS] [OAS] validation failed:
 - ERROR - [Path '/address'] ECMA 262 regex ""^[^#$%^*()']*$"" does not match input string ""ld.^"": []
"
aa00e520-fe34-4b9a-b8eb-44adf5042bd2,0ee2bdf1-47dc-4317-b836-ade374dddc33,false,"[OAS] [OAS] validation failed:
 - ERROR - [Path '/address'] ECMA 262 regex ""^[^#$%^*()']*$"" does not match input string ""No 5 Zhongguancun East/* Road"": []
"
aa00e520-fe34-4b9a-b8eb-44adf5042bd2,1a29d5fb-ea51-4174-bebb-e881e944992a,true,
aa00e520-fe34-4b9a-b8eb-44adf5042bd2,efecef65-2cc3-479c-95a5-2d1915b29a08,false,"[OAS] [OAS] validation failed:
 - ERROR - [Path '/address'] Instance type (null) does not match any allowed primitive type (allowed: [""string""]): []
"
aa00e520-fe34-4b9a-b8eb-44adf5042bd2,8d0f499c-3352-434e-a477-f610fd928b61,false,"[OAS] [OAS] validation failed:
 - ERROR - [Path '/address'] Instance type (integer) does not match any allowed primitive type (allowed: [""string""]): []
"
aa00e520-fe34-4b9a-b8eb-44adf5042bd2,0ff68285-b2ad-4f11-af62-d51b743cc51a,true,
aa00e520-fe34-4b9a-b8eb-44adf5042bd2,8857bd78-da34-4da9-99fe-d9c17ed2c18b,true,
aa00e520-fe34-4b9a-b8eb-44adf5042bd2,4f499974-df45-4396-93ca-992f2e635a1d,false,"[OAS] [OAS] validation failed:
 - ERROR - [Path '/_links'] Object instance has properties which are not allowed by the schema: [""randomBoolean1"",""randomObject2""]: []
"
aa00e520-fe34-4b9a-b8eb-44adf5042bd2,f4db5867-a3a2-4f8d-9f82-37fad40bbf20,false,"[OAS] [OAS] validation failed:
 - ERROR - [Path '/_links'] Instance type (null) does not match any allowed primitive type (allowed: [""object""]): []
"
aa00e520-fe34-4b9a-b8eb-44adf5042bd2,98b4006d-d8cd-45a3-862b-03e9a199b94a,false,"[OAS] [OAS] validation failed:
 - ERROR - [Path '/_links'] Instance type (number) does not match any allowed primitive type (allowed: [""object""]): []
"
aa00e520-fe34-4b9a-b8eb-44adf5042bd2,5a8f4b78-d46a-4044-9558-b829c8da3a56,false,"[OAS] [OAS] validation failed:
 - ERROR - [Path '/_links/Shopping cart'] Object instance has properties which are not allowed by the schema: [""randomArray3"",""randomLong2"",""randomObject1"",""randomObject4""]: []
"
aa00e520-fe34-4b9a-b8eb-44adf5042bd2,d6344ec2-5973-43b2-a7fe-cb273acae043,false,"[OAS] [OAS] validation failed:
 - ERROR - [Path '/_links/Shopping cart'] Instance type (null) does not match any allowed primitive type (allowed: [""object""]): []
"
aa00e520-fe34-4b9a-b8eb-44adf5042bd2,f51f9aac-43b9-4e54-ae7a-68cd71b0e0c3,false,"[OAS] [OAS] validation failed:
 - ERROR - [Path '/_links/Shopping cart'] Instance type (array) does not match any allowed primitive type (allowed: [""object""]): []
"
aa00e520-fe34-4b9a-b8eb-44adf5042bd2,9478e3d7-7267-432c-aebc-e8f8eb2d0ab0,false,"[OAS] [OAS] validation failed:
 - ERROR - [Path '/_links/Manage contacts'] Object instance has properties which are not allowed by the schema: [""randomArray4"",""randomLong1"",""randomObject2"",""randomString3""]: []
"
aa00e520-fe34-4b9a-b8eb-44adf5042bd2,1ccb5d40-785f-4ba2-b0f2-9e48450802b5,false,"[OAS] [OAS] validation failed:
 - ERROR - [Path '/_links/Manage contacts'] Instance type (null) does not match any allowed primitive type (allowed: [""object""]): []
"
aa00e520-fe34-4b9a-b8eb-44adf5042bd2,2ebd2757-d88a-4795-85cc-ad3a3f6f75c1,false,"[OAS] [OAS] validation failed:
 - ERROR - [Path '/_links/Manage contacts'] Instance type (integer) does not match any allowed primitive type (allowed: [""object""]): []
"
757c6751-de51-4c22-8ab6-6f29ddf77ca3,e1906a33-d31f-4257-871c-7efd20af4c73,false,"[OAS] [OAS] validation failed:
 - ERROR - Response status 200 not defined for path '/register'.: []
"
757c6751-de51-4c22-8ab6-6f29ddf77ca3,7ca3598a-43c6-4478-ae77-d63748a23277,false,"[OAS] [OAS] validation failed:
 - ERROR - Response status 400 not defined for path '/register'.: []
"
757c6751-de51-4c22-8ab6-6f29ddf77ca3,3f207ce2-2c02-401f-bd3b-59caca60fcef,false,[NO_5XX] Unexpected 5XX response: 500
757c6751-de51-4c22-8ab6-6f29ddf77ca3,d82ee99c-5550-43ef-8722-28d8101eec40,true,
757c6751-de51-4c22-8ab6-6f29ddf77ca3,d75dd51a-47e6-4833-9f89-72e1d1c2935a,true,
757c6751-de51-4c22-8ab6-6f29ddf77ca3,642c8df6-3be4-43d4-93e4-699bd9ce6360,true,
757c6751-de51-4c22-8ab6-6f29ddf77ca3,ee4b3a5b-81e1-428a-9939-cad51bce02f7,true,
757c6751-de51-4c22-8ab6-6f29ddf77ca3,59f3c4c3-f3e6-4b41-8c7a-ebd364cf2f1d,true,
757c6751-de51-4c22-8ab6-6f29ddf77ca3,efe18208-49cb-427e-a30e-62322dab507c,false,"[OAS] [OAS] validation failed:
 - ERROR - Object instance has properties which are not allowed by the schema: [""randomBoolean1""]: []
"
757c6751-de51-4c22-8ab6-6f29ddf77ca3,de5bf7c5-cd99-4750-a45e-3ef0fe3e5931,false,"[OAS] [OAS] validation failed:
 - ERROR - [Path '/email'] ECMA 262 regex ""^[\w-]+(\.[\w-]+)*@([\w-]+\.)+[a-zA-Z]+$"" does not match input string ""v5S9#N&"": []
"
757c6751-de51-4c22-8ab6-6f29ddf77ca3,20172804-13ff-4103-9678-16c5ec8cea33,false,"[OAS] [OAS] validation failed:
 - ERROR - [Path '/email'] ECMA 262 regex ""^[\w-]+(\.[\w-]+)*@([\w-]+\.)+[a-zA-Z]+$"" does not match input string ""sara/,-ivanova@mail.ru"": []
"
757c6751-de51-4c22-8ab6-6f29ddf77ca3,f18bdddb-cc1d-49d1-89ec-963f0ed0db62,false,"[OAS] [OAS] validation failed:
 - ERROR - [Path '/email'] ECMA 262 regex ""^[\w-]+(\.[\w-]+)*@([\w-]+\.)+[a-zA-Z]+$"" does not match input string ""m"": []
"
757c6751-de51-4c22-8ab6-6f29ddf77ca3,c57df770-a913-49c8-865f-ba5034fc410c,false,"[OAS] [OAS] validation failed:
 - ERROR - [Path '/email'] Instance type (null) does not match any allowed primitive type (allowed: [""string""]): []
"
757c6751-de51-4c22-8ab6-6f29ddf77ca3,0bedc9fc-f8ef-4eb4-add3-f3552b32b58a,false,"[OAS] [OAS] validation failed:
 - ERROR - [Path '/email'] Instance type (number) does not match any allowed primitive type (allowed: [""string""]): []
"
757c6751-de51-4c22-8ab6-6f29ddf77ca3,6fac3a2c-e044-4b61-b039-7c0128823cb1,false,"[OAS] [OAS] validation failed:
 - ERROR - [Path '/password'] ECMA 262 regex ""^[a-zA-Z0-9]+$"" does not match input string ""Hks +9"": []
"
757c6751-de51-4c22-8ab6-6f29ddf77ca3,fec52a72-4cfd-4ef5-bea4-6b70b85d3b3f,false,"[OAS] [OAS] validation failed:
 - ERROR - [Path '/password'] ECMA 262 regex ""^[a-zA-Z0-9]+$"" does not match input string ""hidden´/"": []
"
757c6751-de51-4c22-8ab6-6f29ddf77ca3,2dd279be-1b60-44b4-9ec0-7a7d19366063,false,"[OAS] [OAS] validation failed:
 - ERROR - [Path '/password'] String ""Q"" is too short (length: 1, required minimum: 6): []
"
757c6751-de51-4c22-8ab6-6f29ddf77ca3,dabe58ed-17c4-4da4-98fb-78e7744771d9,false,"[OAS] [OAS] validation failed:
 - ERROR - [Path '/password'] Instance type (null) does not match any allowed primitive type (allowed: [""string""]): []
"
757c6751-de51-4c22-8ab6-6f29ddf77ca3,3d90dc3c-ec77-4cb1-bb39-ec929be39e2e,false,"[OAS] [OAS] validation failed:
 - ERROR - [Path '/password'] Instance type (object) does not match any allowed primitive type (allowed: [""string""]): []
"
757c6751-de51-4c22-8ab6-6f29ddf77ca3,d25162bd-55c1-44a3-b26c-1c1771f02439,false,"[OAS] [OAS] validation failed:
 - ERROR - [Path '/name'] ECMA 262 regex ""^(?:[A-Za-z]+(?:['-][A-Za-z]+)?)(?:\s+[A-Za-z]+(?:['-][A-Za-z]+)?)*$"" does not match input string ""4`$Cb<"": []
"
757c6751-de51-4c22-8ab6-6f29ddf77ca3,b6eac8cf-759d-40e2-971c-69e5a37e4077,false,"[OAS] [OAS] validation failed:
 - ERROR - [Path '/name'] ECMA 262 regex ""^(?:[A-Za-z]+(?:['-][A-Za-z]+)?)(?:\s+[A-Za-z]+(?:['-][A-Za-z]+)?)*$"" does not match input string ""Anna ´,Maria"": []
"
757c6751-de51-4c22-8ab6-6f29ddf77ca3,d9d3c02f-cfe9-4ee9-9544-76506290fcd2,true,
757c6751-de51-4c22-8ab6-6f29ddf77ca3,9fb6be14-8e9d-4d0b-8d45-2fee38ed973c,false,"[OAS] [OAS] validation failed:
 - ERROR - [Path '/name'] Instance type (null) does not match any allowed primitive type (allowed: [""string""]): []
"
757c6751-de51-4c22-8ab6-6f29ddf77ca3,77c4a2bb-649c-4b1e-8ff5-ac6fba5da751,false,"[OAS] [OAS] validation failed:
 - ERROR - [Path '/name'] Instance type (object) does not match any allowed primitive type (allowed: [""string""]): []
"
757c6751-de51-4c22-8ab6-6f29ddf77ca3,a18ef9b7-167d-4d78-87d5-ec783914d500,false,"[OAS] [OAS] validation failed:
 - ERROR - [Path '/phone'] ECMA 262 regex ""^\+[1-9][0-9]?[\s]*\(?\d{3}\)?[-\s]?\d{3}[-\s]?\d{2}[-\s]?\d{2}$"" does not match input string ""o>qo,H,"": []
"
757c6751-de51-4c22-8ab6-6f29ddf77ca3,73d09fed-5daf-4573-9121-7f46f72f7fad,false,"[OAS] [OAS] validation failed:
 - ERROR - [Path '/phone'] ECMA 262 regex ""^\+[1-9][0-9]?[\s]*\(?\d{3}\)?[-\s]?\d{3}[-\s]?\d{2}[-\s]?\d{2}$"" does not match input string ""+86 110 888 66/* 55"": []
"
757c6751-de51-4c22-8ab6-6f29ddf77ca3,6c5af94f-68e2-461e-82da-3858ce3a67bd,false,"[OAS] [OAS] validation failed:
 - ERROR - [Path '/phone'] ECMA 262 regex ""^\+[1-9][0-9]?[\s]*\(?\d{3}\)?[-\s]?\d{3}[-\s]?\d{2}[-\s]?\d{2}$"" does not match input string ""EJEMPLO MAYUS"": []
"
757c6751-de51-4c22-8ab6-6f29ddf77ca3,a2a8c393-50ea-415b-a4da-fdcb19b27172,false,"[OAS] [OAS] validation failed:
 - ERROR - [Path '/phone'] Instance type (null) does not match any allowed primitive type (allowed: [""string""]): []
"
757c6751-de51-4c22-8ab6-6f29ddf77ca3,89968b63-d458-45ac-8825-0b3cb971bf87,false,"[OAS] [OAS] validation failed:
 - ERROR - [Path '/phone'] Instance type (array) does not match any allowed primitive type (allowed: [""string""]): []
"
757c6751-de51-4c22-8ab6-6f29ddf77ca3,7dce4cd8-0510-4c1c-8cc1-2a51fe710c9b,true,
757c6751-de51-4c22-8ab6-6f29ddf77ca3,4aa6dc77-16a4-42f3-a518-2bbb82c0f0a6,false,"[OAS] [OAS] validation failed:
 - ERROR - [Path '/address'] ECMA 262 regex ""^[^#$%^*()']*$"" does not match input string ""221B/* Baker Street"": []
"
757c6751-de51-4c22-8ab6-6f29ddf77ca3,d92cd21d-3f9a-40c2-bdaf-b26ce2108444,true,
757c6751-de51-4c22-8ab6-6f29ddf77ca3,85f46671-6ca7-49e0-af32-a8eeb63beb00,false,"[OAS] [OAS] validation failed:
 - ERROR - [Path '/address'] Instance type (null) does not match any allowed primitive type (allowed: [""string""]): []
"
757c6751-de51-4c22-8ab6-6f29ddf77ca3,7c5d05f4-4031-4dd5-8333-836f061c5fee,false,"[OAS] [OAS] validation failed:
 - ERROR - [Path '/address'] Instance type (integer) does not match any allowed primitive type (allowed: [""string""]): []
"
757c6751-de51-4c22-8ab6-6f29ddf77ca3,cdaa7ed7-8be5-4deb-819e-16d096c35f34,true,
757c6751-de51-4c22-8ab6-6f29ddf77ca3,007da236-89d6-4b17-a245-6314aa544ac0,true,
757c6751-de51-4c22-8ab6-6f29ddf77ca3,f4faa781-38cb-4511-9c50-b90158836a6d,false,"[OAS] [OAS] validation failed:
 - ERROR - [Path '/_links'] Object instance has properties which are not allowed by the schema: [""randomBoolean1"",""randomObject2""]: []
"
757c6751-de51-4c22-8ab6-6f29ddf77ca3,69d5a0b5-8afc-49ff-b091-9cab019372cc,false,"[OAS] [OAS] validation failed:
 - ERROR - [Path '/_links'] Instance type (null) does not match any allowed primitive type (allowed: [""object""]): []
"
757c6751-de51-4c22-8ab6-6f29ddf77ca3,6acbc7bb-fcf7-4b25-91d8-b5b7d055bb44,false,"[OAS] [OAS] validation failed:
 - ERROR - [Path '/_links'] Instance type (number) does not match any allowed primitive type (allowed: [""object""]): []
"
757c6751-de51-4c22-8ab6-6f29ddf77ca3,33d6cc9b-7bc3-4708-a7d0-1cda2352cf1b,false,"[OAS] [OAS] validation failed:
 - ERROR - [Path '/_links/Shopping cart'] Object instance has properties which are not allowed by the schema: [""randomArray3"",""randomLong2"",""randomObject1"",""randomObject4""]: []
"
757c6751-de51-4c22-8ab6-6f29ddf77ca3,31a53adc-e557-4824-95ed-575f5749a871,false,"[OAS] [OAS] validation failed:
 - ERROR - [Path '/_links/Shopping cart'] Instance type (null) does not match any allowed primitive type (allowed: [""object""]): []
"
757c6751-de51-4c22-8ab6-6f29ddf77ca3,c3249b08-7b83-4bc5-a7a4-56c97a631d17,false,"[OAS] [OAS] validation failed:
 - ERROR - [Path '/_links/Shopping cart'] Instance type (array) does not match any allowed primitive type (allowed: [""object""]): []
"
757c6751-de51-4c22-8ab6-6f29ddf77ca3,cf618f4e-7dee-420f-a77f-173b0e07d7e3,false,"[OAS] [OAS] validation failed:
 - ERROR - [Path '/_links/Manage contacts'] Object instance has properties which are not allowed by the schema: [""randomArray4"",""randomLong1"",""randomObject2"",""randomString3""]: []
"
757c6751-de51-4c22-8ab6-6f29ddf77ca3,0a79c49b-c3d8-4d26-af4f-7a30a2b50a28,false,"[OAS] [OAS] validation failed:
 - ERROR - [Path '/_links/Manage contacts'] Instance type (null) does not match any allowed primitive type (allowed: [""object""]): []
"
757c6751-de51-4c22-8ab6-6f29ddf77ca3,25f3bc6e-ea83-4cb0-a348-a6e657db95ce,false,"[OAS] [OAS] validation failed:
 - ERROR - [Path '/_links/Manage contacts'] Instance type (integer) does not match any allowed primitive type (allowed: [""object""]): []
"
f64d596a-995c-4c04-8ea3-f90112e6052f,30f90d46-a8cd-434d-83e4-75a70bdafbe2,false,"[OAS] [OAS] validation failed:
 - ERROR - Response status 204 not defined for path '/register'.: []
"
f64d596a-995c-4c04-8ea3-f90112e6052f,28b5ab44-d510-4b17-ad8d-daff4f08e297,false,"[OAS] [OAS] validation failed:
 - ERROR - No response body is expected but one was found.: []
"
f64d596a-995c-4c04-8ea3-f90112e6052f,6d8a86fa-a61a-4d32-977c-d0ed1e9b1c04,false,[NO_5XX] Unexpected 5XX response: 501
f64d596a-995c-4c04-8ea3-f90112e6052f,8df97faf-eb6a-419a-9c8c-2524b6f9c4e7,true,
f64d596a-995c-4c04-8ea3-f90112e6052f,f68bf8eb-4552-469e-b545-9e9224d698d7,true,
f64d596a-995c-4c04-8ea3-f90112e6052f,8eeb7c30-21cb-409f-8f52-2087cf1a2f6e,true,
f64d596a-995c-4c04-8ea3-f90112e6052f,87f420c9-9eab-4279-a8c4-7dd42e1aadaf,true,
f64d596a-995c-4c04-8ea3-f90112e6052f,09da905e-c154-49b6-81f8-e69f99c80346,true,
f64d596a-995c-4c04-8ea3-f90112e6052f,16f492bd-9982-4082-b402-9857dd683829,false,"[OAS] [OAS] validation failed:
 - ERROR - Object instance has properties which are not allowed by the schema: [""randomBoolean1""]: []
"
f64d596a-995c-4c04-8ea3-f90112e6052f,e2551055-4694-4470-8313-acb5792be0f7,false,"[OAS] [OAS] validation failed:
 - ERROR - [Path '/email'] ECMA 262 regex ""^[\w-]+(\.[\w-]+)*@([\w-]+\.)+[a-zA-Z]+$"" does not match input string ""(M/H7`O"": []
"
f64d596a-995c-4c04-8ea3-f90112e6052f,50d77f52-c769-4c1a-b734-677b1a14ad31,false,"[OAS] [OAS] validation failed:
 - ERROR - [Path '/email'] ECMA 262 regex ""^[\w-]+(\.[\w-]+)*@([\w-]+\.)+[a-zA-Z]+$"" does not match input string ""alex/,.chen@example.com"": []
"
f64d596a-995c-4c04-8ea3-f90112e6052f,eacb5f46-1bfc-4455-8c51-33e1dd06c3a5,false,"[OAS] [OAS] validation failed:
 - ERROR - [Path '/email'] ECMA 262 regex ""^[\w-]+(\.[\w-]+)*@([\w-]+\.)+[a-zA-Z]+$"" does not match input string ""G"": []
"
f64d596a-995c-4c04-8ea3-f90112e6052f,e3ee1cf8-454f-47c4-bc87-e9f2bb3fb4fe,false,"[OAS] [OAS] validation failed:
 - ERROR - [Path '/email'] Instance type (null) does not match any allowed primitive type (allowed: [""string""]): []
"
f64d596a-995c-4c04-8ea3-f90112e6052f,0ec22a56-d6c0-450c-944f-c30a13e01d0d,false,"[OAS] [OAS] validation failed:
 - ERROR - [Path '/email'] Instance type (number) does not match any allowed primitive type (allowed: [""string""]): []
"
f64d596a-995c-4c04-8ea3-f90112e6052f,69c95f19-0625-4580-973e-89b5a0a2b7c4,false,"[OAS] [OAS] validation failed:
 - ERROR - [Path '/password'] ECMA 262 regex ""^[a-zA-Z0-9]+$"" does not match input string "";iRDA,$"": []
"
f64d596a-995c-4c04-8ea3-f90112e6052f,e9304777-ec16-44e9-92b7-73e8791b9f04,false,"[OAS] [OAS] validation failed:
 - ERROR - [Path '/password'] ECMA 262 regex ""^[a-zA-Z0-9]+$"" does not match input string ""hidden´/"": []
"
f64d596a-995c-4c04-8ea3-f90112e6052f,e1bcb5c8-a258-4914-aef3-290939760fc3,false,"[OAS] [OAS] validation failed:
 - ERROR - [Path '/password'] String ""p"" is too short (length: 1, required minimum: 6): []
"
f64d596a-995c-4c04-8ea3-f90112e6052f,1b0cc810-70e0-45c9-9f84-97d95aabd458,false,"[OAS] [OAS] validation failed:
 - ERROR - [Path '/password'] Instance type (null) does not match any allowed primitive type (allowed: [""string""]): []
"
f64d596a-995c-4c04-8ea3-f90112e6052f,0004d8d9-08c0-4dca-bb31-535d04c9543b,false,"[OAS] [OAS] validation failed:
 - ERROR - [Path '/password'] Instance type (object) does not match any allowed primitive type (allowed: [""string""]): []
"
f64d596a-995c-4c04-8ea3-f90112e6052f,feafcb29-5254-4e99-a20a-fa03496050e0,false,"[OAS] [OAS] validation failed:
 - ERROR - [Path '/name'] ECMA 262 regex ""^(?:[A-Za-z]+(?:['-][A-Za-z]+)?)(?:\s+[A-Za-z]+(?:['-][A-Za-z]+)?)*$"" does not match input string ""!kjPs5, 7"": []
"
f64d596a-995c-4c04-8ea3-f90112e6052f,0eeca731-c2d4-4305-8120-c1ef61ea0de6,false,"[OAS] [OAS] validation failed:
 - ERROR - [Path '/name'] ECMA 262 regex ""^(?:[A-Za-z]+(?:['-][A-Za-z]+)?)(?:\s+[A-Za-z]+(?:['-][A-Za-z]+)?)*$"" does not match input string ""Wei´, Ming"": []
"
f64d596a-995c-4c04-8ea3-f90112e6052f,ab7ab05e-784b-40a4-99ea-da241dcca88a,true,
f64d596a-995c-4c04-8ea3-f90112e6052f,c670887a-1cfc-4ccf-a24d-c5c4529d3502,false,"[OAS] [OAS] validation failed:
 - ERROR - [Path '/name'] Instance type (null) does not match any allowed primitive type (allowed: [""string""]): []
"
f64d596a-995c-4c04-8ea3-f90112e6052f,48f341d6-f401-45c3-be98-06567c4e5a78,false,"[OAS] [OAS] validation failed:
 - ERROR - [Path '/name'] Instance type (object) does not match any allowed primitive type (allowed: [""string""]): []
"
f64d596a-995c-4c04-8ea3-f90112e6052f,2f5ee034-eadb-40ba-bd54-2cb9593ed6b4,false,"[OAS] [OAS] validation failed:
 - ERROR - [Path '/phone'] ECMA 262 regex ""^\+[1-9][0-9]?[\s]*\(?\d{3}\)?[-\s]?\d{3}[-\s]?\d{2}[-\s]?\d{2}$"" does not match input string ""VjP"": []
"
f64d596a-995c-4c04-8ea3-f90112e6052f,50026728-d610-4923-abca-f2f85dba46ed,false,"[OAS] [OAS] validation failed:
 - ERROR - [Path '/phone'] ECMA 262 regex ""^\+[1-9][0-9]?[\s]*\(?\d{3}\)?[-\s]?\d{3}[-\s]?\d{2}[-\s]?\d{2}$"" does not match input string ""+1 (41/*5) 555-12-34"": []
"
f64d596a-995c-4c04-8ea3-f90112e6052f,2c92f879-c662-4677-a8b6-30f2e14d51f4,false,"[OAS] [OAS] validation failed:
 - ERROR - [Path '/phone'] ECMA 262 regex ""^\+[1-9][0-9]?[\s]*\(?\d{3}\)?[-\s]?\d{3}[-\s]?\d{2}[-\s]?\d{2}$"" does not match input string ""EJEMPLO MAYUS"": []
"
f64d596a-995c-4c04-8ea3-f90112e6052f,b3a97143-b878-4abf-a690-f8fd77642e4d,false,"[OAS] [OAS] validation failed:
 - ERROR - [Path '/phone'] Instance type (null) does not match any allowed primitive type (allowed: [""string""]): []
"
f64d596a-995c-4c04-8ea3-f90112e6052f,737238c0-ebb5-4ada-9fea-7fea0003dca8,false,"[OAS] [OAS] validation failed:
 - ERROR - [Path '/phone'] Instance type (array) does not match any allowed primitive type (allowed: [""string""]): []
"
f64d596a-995c-4c04-8ea3-f90112e6052f,1cc9e7ec-6244-41d6-be73-7d6b934c82c6,false,"[OAS] [OAS] validation failed:
 - ERROR - [Path '/address'] ECMA 262 regex ""^[^#$%^*()']*$"" does not match input string ""B9Za%"": []
"
f64d596a-995c-4c04-8ea3-f90112e6052f,d1506940-be4f-451e-818b-8b8fa93c0f8e,false,"[OAS] [OAS] validation failed:
 - ERROR - [Path '/address'] ECMA 262 regex ""^[^#$%^*()']*$"" does not match input string ""C/*alle Mayor 10 3A Madrid"": []
"
f64d596a-995c-4c04-8ea3-f90112e6052f,832a119b-fdaf-4f56-afe0-66215f4eb95d,true,
f64d596a-995c-4c04-8ea3-f90112e6052f,b03ea1a9-c826-4324-a1ed-9bcb30a3d3b3,false,"[OAS] [OAS] validation failed:
 - ERROR - [Path '/address'] Instance type (null) does not match any allowed primitive type (allowed: [""string""]): []
"
f64d596a-995c-4c04-8ea3-f90112e6052f,bf78151b-0658-4422-9932-b2dd782afa1d,false,"[OAS] [OAS] validation failed:
 - ERROR - [Path '/address'] Instance type (integer) does not match any allowed primitive type (allowed: [""string""]): []
"
f64d596a-995c-4c04-8ea3-f90112e6052f,2726a8ed-3a9e-4912-9dd7-d17946f5a522,true,
f64d596a-995c-4c04-8ea3-f90112e6052f,41f3e30b-2a4b-40c0-a875-e369e568d9e6,true,
f64d596a-995c-4c04-8ea3-f90112e6052f,dc0c54ab-d405-46f1-8c07-1eb80f9b8b63,false,"[OAS] [OAS] validation failed:
 - ERROR - [Path '/_links'] Object instance has properties which are not allowed by the schema: [""randomBoolean1"",""randomObject2""]: []
"
f64d596a-995c-4c04-8ea3-f90112e6052f,d2ccb141-d3d2-4c90-9d77-97d89df0274d,false,"[OAS] [OAS] validation failed:
 - ERROR - [Path '/_links'] Instance type (null) does not match any allowed primitive type (allowed: [""object""]): []
"
f64d596a-995c-4c04-8ea3-f90112e6052f,190a3566-abe2-4d61-97f5-7da4b69207a6,false,"[OAS] [OAS] validation failed:
 - ERROR - [Path '/_links'] Instance type (number) does not match any allowed primitive type (allowed: [""object""]): []
"
f64d596a-995c-4c04-8ea3-f90112e6052f,fef8c7fb-720d-4896-809c-b4311529dae2,false,"[OAS] [OAS] validation failed:
 - ERROR - [Path '/_links/Shopping cart'] Object instance has properties which are not allowed by the schema: [""randomArray3"",""randomLong2"",""randomObject1"",""randomObject4""]: []
"
f64d596a-995c-4c04-8ea3-f90112e6052f,7848f50d-87a0-4e0f-a76e-e0a159a52a90,false,"[OAS] [OAS] validation failed:
 - ERROR - [Path '/_links/Shopping cart'] Instance type (null) does not match any allowed primitive type (allowed: [""object""]): []
"
f64d596a-995c-4c04-8ea3-f90112e6052f,7100b98a-47cc-45eb-bf72-0a558371b358,false,"[OAS] [OAS] validation failed:
 - ERROR - [Path '/_links/Shopping cart'] Instance type (array) does not match any allowed primitive type (allowed: [""object""]): []
"
f64d596a-995c-4c04-8ea3-f90112e6052f,682141d6-c84a-49ce-9952-b2f740ebc2ac,false,"[OAS] [OAS] validation failed:
 - ERROR - [Path '/_links/Manage contacts'] Object instance has properties which are not allowed by the schema: [""randomArray4"",""randomLong1"",""randomObject2"",""randomString3""]: []
"
f64d596a-995c-4c04-8ea3-f90112e6052f,75f58aa5-5279-426a-90e3-f166256cd515,false,"[OAS] [OAS] validation failed:
 - ERROR - [Path '/_links/Manage contacts'] Instance type (null) does not match any allowed primitive type (allowed: [""object""]): []
"
f64d596a-995c-4c04-8ea3-f90112e6052f,2672beb0-bb47-4802-b726-358de85d63c9,false,"[OAS] [OAS] validation failed:
 - ERROR - [Path '/_links/Manage contacts'] Instance type (integer) does not match any allowed primitive type (allowed: [""object""]): []
"
aeabd7c6-3606-4359-838a-be61e8b7c3c6,9d37cc63-865b-42c0-9c62-c3c1dc5f21f6,false,"[OAS] [OAS] validation failed:
 - ERROR - Response status 204 not defined for path '/register'.: []
"
aeabd7c6-3606-4359-838a-be61e8b7c3c6,ee127337-495e-4370-834b-66ec888348ff,false,"[OAS] [OAS] validation failed:
 - ERROR - Response status 400 not defined for path '/register'.: []
"
aeabd7c6-3606-4359-838a-be61e8b7c3c6,5578ac03-f03f-4109-98ea-e6e264f25d70,false,[NO_5XX] Unexpected 5XX response: 500
aeabd7c6-3606-4359-838a-be61e8b7c3c6,477c7300-8863-4f37-8d42-7c18e2f87063,true,
aeabd7c6-3606-4359-838a-be61e8b7c3c6,4fe9808a-5481-4416-9538-b678af026f17,true,
aeabd7c6-3606-4359-838a-be61e8b7c3c6,920cb1c0-ecae-49fd-8496-268a07798900,true,
aeabd7c6-3606-4359-838a-be61e8b7c3c6,3e3ac72e-34f5-4f17-8951-969a217a68fb,true,
aeabd7c6-3606-4359-838a-be61e8b7c3c6,661fd5d2-ef1d-46ce-a40f-70dffdc10b46,true,
aeabd7c6-3606-4359-838a-be61e8b7c3c6,507ef54c-1e67-4352-a88c-b520e99e3e28,false,"[OAS] [OAS] validation failed:
 - ERROR - Object instance has properties which are not allowed by the schema: [""randomBoolean1""]: []
"
aeabd7c6-3606-4359-838a-be61e8b7c3c6,27e0d91b-64a0-4abd-b5a5-6af230b4ff2d,false,"[OAS] [OAS] validation failed:
 - ERROR - [Path '/email'] ECMA 262 regex ""^[\w-]+(\.[\w-]+)*@([\w-]+\.)+[a-zA-Z]+$"" does not match input string ""}!;]&T"": []
"
aeabd7c6-3606-4359-838a-be61e8b7c3c6,211cc40a-d106-4580-b5f9-157f35700c6d,false,"[OAS] [OAS] validation failed:
 - ERROR - [Path '/email'] ECMA 262 regex ""^[\w-]+(\.[\w-]+)*@([\w-]+\.)+[a-zA-Z]+$"" does not match input string ""martin.lopez@u/,ni.es"": []
"
aeabd7c6-3606-4359-838a-be61e8b7c3c6,f91a40e5-4476-4e6c-bf41-ee3473338228,false,"[OAS] [OAS] validation failed:
 - ERROR - [Path '/email'] ECMA 262 regex ""^[\w-]+(\.[\w-]+)*@([\w-]+\.)+[a-zA-Z]+$"" does not match input string ""p"": []
"
aeabd7c6-3606-4359-838a-be61e8b7c3c6,2a800c26-64ee-4971-a5ce-48f9949b83fc,false,"[OAS] [OAS] validation failed:
 - ERROR - [Path '/email'] Instance type (null) does not match any allowed primitive type (allowed: [""string""]): []
"
aeabd7c6-3606-4359-838a-be61e8b7c3c6,59711f3d-ba3c-442b-9218-b4236c4fc8f6,false,"[OAS] [OAS] validation failed:
 - ERROR - [Path '/email'] Instance type (number) does not match any allowed primitive type (allowed: [""string""]): []
"
aeabd7c6-3606-4359-838a-be61e8b7c3c6,a832986f-f541-41ca-8e1b-89cc778f22cd,false,"[OAS] [OAS] validation failed:
 - ERROR - [Path '/password'] ECMA 262 regex ""^[a-zA-Z0-9]+$"" does not match input string ""+5B[^!qA"": []
"
aeabd7c6-3606-4359-838a-be61e8b7c3c6,7788b398-67ad-4a26-a00c-0d4d3f07676e,false,"[OAS] [OAS] validation failed:
 - ERROR - [Path '/password'] ECMA 262 regex ""^[a-zA-Z0-9]+$"" does not match input string ""hidden´/"": []
"
aeabd7c6-3606-4359-838a-be61e8b7c3c6,56b8377d-33ee-423d-8ae1-26859ee680dc,false,"[OAS] [OAS] validation failed:
 - ERROR - [Path '/password'] String ""0"" is too short (length: 1, required minimum: 6): []
"
aeabd7c6-3606-4359-838a-be61e8b7c3c6,ed0ebb95-88bf-4729-94cc-3be5e1872fb6,false,"[OAS] [OAS] validation failed:
 - ERROR - [Path '/password'] Instance type (null) does not match any allowed primitive type (allowed: [""string""]): []
"
aeabd7c6-3606-4359-838a-be61e8b7c3c6,5a457ae6-14be-45ed-a7f5-593257a8d187,false,"[OAS] [OAS] validation failed:
 - ERROR - [Path '/password'] Instance type (object) does not match any allowed primitive type (allowed: [""string""]): []
"
aeabd7c6-3606-4359-838a-be61e8b7c3c6,d88ee14e-5c20-48d9-bd06-691e317a616d,false,"[OAS] [OAS] validation failed:
 - ERROR - [Path '/name'] ECMA 262 regex ""^(?:[A-Za-z]+(?:['-][A-Za-z]+)?)(?:\s+[A-Za-z]+(?:['-][A-Za-z]+)?)*$"" does not match input string ""x8ie|"": []
"
aeabd7c6-3606-4359-838a-be61e8b7c3c6,ff208ae9-b472-4308-8641-4c8a7e32d8cd,false,"[OAS] [OAS] validation failed:
 - ERROR - [Path '/name'] ECMA 262 regex ""^(?:[A-Za-z]+(?:['-][A-Za-z]+)?)(?:\s+[A-Za-z]+(?:['-][A-Za-z]+)?)*$"" does not match input string ""Wei´, Ming"": []
"
aeabd7c6-3606-4359-838a-be61e8b7c3c6,d888c021-dcc6-405e-bbdd-bebfb5a0f18a,true,
aeabd7c6-3606-4359-838a-be61e8b7c3c6,4e80ce59-81c5-4012-9d9c-b19db038d2ef,false,"[OAS] [OAS] validation failed:
 - ERROR - [Path '/name'] Instance type (null) does not match any allowed primitive type (allowed: [""string""]): []
"
aeabd7c6-3606-4359-838a-be61e8b7c3c6,4e7edf5b-8a1a-49c1-86ed-6baf9fc3f3ba,false,"[OAS] [OAS] validation failed:
 - ERROR - [Path '/name'] Instance type (object) does not match any allowed primitive type (allowed: [""string""]): []
"
aeabd7c6-3606-4359-838a-be61e8b7c3c6,505db66f-b677-4cd2-9f39-ef573ec24f39,false,"[OAS] [OAS] validation failed:
 - ERROR - [Path '/phone'] ECMA 262 regex ""^\+[1-9][0-9]?[\s]*\(?\d{3}\)?[-\s]?\d{3}[-\s]?\d{2}[-\s]?\d{2}$"" does not match input string ""S5C35cc"": []
"
aeabd7c6-3606-4359-838a-be61e8b7c3c6,6ee95d52-1777-48de-b0f2-91738f0bb966,false,"[OAS] [OAS] validation failed:
 - ERROR - [Path '/phone'] ECMA 262 regex ""^\+[1-9][0-9]?[\s]*\(?\d{3}\)?[-\s]?\d{3}[-\s]?\d{2}[-\s]?\d{2}$"" does not match input string ""+34 911 123 45/* 67"": []
"
aeabd7c6-3606-4359-838a-be61e8b7c3c6,23d6a563-4b56-41a8-801d-a9559e9e5493,false,"[OAS] [OAS] validation failed:
 - ERROR - [Path '/phone'] ECMA 262 regex ""^\+[1-9][0-9]?[\s]*\(?\d{3}\)?[-\s]?\d{3}[-\s]?\d{2}[-\s]?\d{2}$"" does not match input string ""EJEMPLO MAYUS"": []
"
aeabd7c6-3606-4359-838a-be61e8b7c3c6,5d24ac3f-8b45-4c8c-bc88-6a54af51f3ad,false,"[OAS] [OAS] validation failed:
 - ERROR - [Path '/phone'] Instance type (null) does not match any allowed primitive type (allowed: [""string""]): []
"
aeabd7c6-3606-4359-838a-be61e8b7c3c6,640babe1-202a-48a2-b563-3e3a471b46bc,false,"[OAS] [OAS] validation failed:
 - ERROR - [Path '/phone'] Instance type (array) does not match any allowed primitive type (allowed: [""string""]): []
"
aeabd7c6-3606-4359-838a-be61e8b7c3c6,ca25169f-c992-4c21-b904-bfca0baa61ff,true,
aeabd7c6-3606-4359-838a-be61e8b7c3c6,df8a3623-0f99-43ee-954a-580097577a57,false,"[OAS] [OAS] validation failed:
 - ERROR - [Path '/address'] ECMA 262 regex ""^[^#$%^*()']*$"" does not match input string ""C/*alle Mayor 10 3A Madrid"": []
"
aeabd7c6-3606-4359-838a-be61e8b7c3c6,e1fb79f7-d41f-45ac-97df-3fabd9959817,true,
aeabd7c6-3606-4359-838a-be61e8b7c3c6,59c62525-a7af-4ca0-b129-3c3f90a1d4fb,false,"[OAS] [OAS] validation failed:
 - ERROR - [Path '/address'] Instance type (null) does not match any allowed primitive type (allowed: [""string""]): []
"
aeabd7c6-3606-4359-838a-be61e8b7c3c6,c5c407a7-1bb3-426c-8180-3013b683285c,false,"[OAS] [OAS] validation failed:
 - ERROR - [Path '/address'] Instance type (integer) does not match any allowed primitive type (allowed: [""string""]): []
"
aeabd7c6-3606-4359-838a-be61e8b7c3c6,d5bda51f-6b17-4459-90a7-2b6b57de757c,true,
aeabd7c6-3606-4359-838a-be61e8b7c3c6,d70c5607-d700-4d3d-885b-71d16c538842,true,
aeabd7c6-3606-4359-838a-be61e8b7c3c6,b1cc726b-53d4-4383-a359-795b6609547f,false,"[OAS] [OAS] validation failed:
 - ERROR - [Path '/_links'] Object instance has properties which are not allowed by the schema: [""randomBoolean1"",""randomObject2""]: []
"
aeabd7c6-3606-4359-838a-be61e8b7c3c6,418bd1f6-0e02-4b2b-b697-552430e0cc88,false,"[OAS] [OAS] validation failed:
 - ERROR - [Path '/_links'] Instance type (null) does not match any allowed primitive type (allowed: [""object""]): []
"
aeabd7c6-3606-4359-838a-be61e8b7c3c6,7342bf4c-9feb-4dd3-b434-f32d847b40a7,false,"[OAS] [OAS] validation failed:
 - ERROR - [Path '/_links'] Instance type (number) does not match any allowed primitive type (allowed: [""object""]): []
"
aeabd7c6-3606-4359-838a-be61e8b7c3c6,76ffb97d-52af-4b9e-bd72-9403e33cc899,false,"[OAS] [OAS] validation failed:
 - ERROR - [Path '/_links/Shopping cart'] Object instance has properties which are not allowed by the schema: [""randomArray3"",""randomLong2"",""randomObject1"",""randomObject4""]: []
"
aeabd7c6-3606-4359-838a-be61e8b7c3c6,e29a6b98-3ae2-4873-bc08-386b2b1bc099,false,"[OAS] [OAS] validation failed:
 - ERROR - [Path '/_links/Shopping cart'] Instance type (null) does not match any allowed primitive type (allowed: [""object""]): []
"
aeabd7c6-3606-4359-838a-be61e8b7c3c6,ee8331f3-eb60-40af-80ee-7d67250d14ae,false,"[OAS] [OAS] validation failed:
 - ERROR - [Path '/_links/Shopping cart'] Instance type (array) does not match any allowed primitive type (allowed: [""object""]): []
"
aeabd7c6-3606-4359-838a-be61e8b7c3c6,c64eaadb-6cde-4c86-916c-96c62f1020ca,false,"[OAS] [OAS] validation failed:
 - ERROR - [Path '/_links/Manage contacts'] Object instance has properties which are not allowed by the schema: [""randomArray4"",""randomLong1"",""randomObject2"",""randomString3""]: []
"
aeabd7c6-3606-4359-838a-be61e8b7c3c6,40932d77-2ca4-42be-9afd-e3bfcc94d808,false,"[OAS] [OAS] validation failed:
 - ERROR - [Path '/_links/Manage contacts'] Instance type (null) does not match any allowed primitive type (allowed: [""object""]): []
"
aeabd7c6-3606-4359-838a-be61e8b7c3c6,d44f04c4-b3c6-41ed-94e4-d1c0344628e8,false,"[OAS] [OAS] validation failed:
 - ERROR - [Path '/_links/Manage contacts'] Instance type (integer) does not match any allowed primitive type (allowed: [""object""]): []
"
4a083676-fde7-4f2c-984e-b29e0c12daa2,9d03e7ce-ef27-4ea6-bd18-abd5ce38a423,false,"[OAS] [OAS] validation failed:
 - ERROR - Response status 200 not defined for path '/register'.: []
"
4a083676-fde7-4f2c-984e-b29e0c12daa2,765c95e1-ae58-4519-b292-89d98e55edfa,false,"[OAS] [OAS] validation failed:
 - ERROR - Response status 409 not defined for path '/register'.: []
"
4a083676-fde7-4f2c-984e-b29e0c12daa2,6566a8b5-6704-48cb-8dd8-d16ce3196066,false,[NO_5XX] Unexpected 5XX response: 504
4a083676-fde7-4f2c-984e-b29e0c12daa2,7e041c0e-5e58-4e52-8bbb-85ee8f2a6f95,true,
4a083676-fde7-4f2c-984e-b29e0c12daa2,322580f7-0b27-4d9a-b4ee-4ffb349c1dc6,true,
4a083676-fde7-4f2c-984e-b29e0c12daa2,8dbaf8e3-e21c-4932-86c6-15a658ebb802,true,
4a083676-fde7-4f2c-984e-b29e0c12daa2,2dd9fc3d-c44c-42b6-96fd-f43446ad4cdd,true,
4a083676-fde7-4f2c-984e-b29e0c12daa2,d39b87ac-b5ba-4766-8704-f084702a63b0,true,
4a083676-fde7-4f2c-984e-b29e0c12daa2,97b018d3-7198-4f8e-929f-ddf25843d130,false,"[OAS] [OAS] validation failed:
 - ERROR - Object instance has properties which are not allowed by the schema: [""randomBoolean1""]: []
"
4a083676-fde7-4f2c-984e-b29e0c12daa2,19512266-4ef7-4bec-82e4-7d06ab8fddd1,false,"[OAS] [OAS] validation failed:
 - ERROR - [Path '/email'] ECMA 262 regex ""^[\w-]+(\.[\w-]+)*@([\w-]+\.)+[a-zA-Z]+$"" does not match input string ""Fq@+3QW"": []
"
4a083676-fde7-4f2c-984e-b29e0c12daa2,e37594a7-6d6c-4de6-8e87-0f633d3ce0e3,false,"[OAS] [OAS] validation failed:
 - ERROR - [Path '/email'] ECMA 262 regex ""^[\w-]+(\.[\w-]+)*@([\w-]+\.)+[a-zA-Z]+$"" does not match input string ""sara/,-ivanova@mail.ru"": []
"
4a083676-fde7-4f2c-984e-b29e0c12daa2,f2744344-7d58-4415-8625-45f7662529e8,false,"[OAS] [OAS] validation failed:
 - ERROR - [Path '/email'] ECMA 262 regex ""^[\w-]+(\.[\w-]+)*@([\w-]+\.)+[a-zA-Z]+$"" does not match input string ""m"": []
"
4a083676-fde7-4f2c-984e-b29e0c12daa2,1a25e19d-a49f-4763-b929-480b1201a667,false,"[OAS] [OAS] validation failed:
 - ERROR - [Path '/email'] Instance type (null) does not match any allowed primitive type (allowed: [""string""]): []
"
4a083676-fde7-4f2c-984e-b29e0c12daa2,6d448a78-1ee9-4677-a09b-90212bd4f578,false,"[OAS] [OAS] validation failed:
 - ERROR - [Path '/email'] Instance type (number) does not match any allowed primitive type (allowed: [""string""]): []
"
4a083676-fde7-4f2c-984e-b29e0c12daa2,d7398b10-0dfe-4034-b024-2d1b52510e22,false,"[OAS] [OAS] validation failed:
 - ERROR - [Path '/password'] ECMA 262 regex ""^[a-zA-Z0-9]+$"" does not match input string ""^1EWY,^"": []
"
4a083676-fde7-4f2c-984e-b29e0c12daa2,1e87ce8e-0daa-4f49-a74f-fee40fda9de1,false,"[OAS] [OAS] validation failed:
 - ERROR - [Path '/password'] ECMA 262 regex ""^[a-zA-Z0-9]+$"" does not match input string ""hidden´/"": []
"
4a083676-fde7-4f2c-984e-b29e0c12daa2,c0728ec4-7295-4311-a66c-9aa90b1eea9e,false,"[OAS] [OAS] validation failed:
 - ERROR - [Path '/password'] String ""k"" is too short (length: 1, required minimum: 6): []
"
4a083676-fde7-4f2c-984e-b29e0c12daa2,d369e0d2-80df-4375-8173-96d5f363da0f,false,"[OAS] [OAS] validation failed:
 - ERROR - [Path '/password'] Instance type (null) does not match any allowed primitive type (allowed: [""string""]): []
"
4a083676-fde7-4f2c-984e-b29e0c12daa2,1d979a46-8a15-4e2f-a764-45ab14d77b68,false,"[OAS] [OAS] validation failed:
 - ERROR - [Path '/password'] Instance type (object) does not match any allowed primitive type (allowed: [""string""]): []
"
4a083676-fde7-4f2c-984e-b29e0c12daa2,d96124af-808c-4b8c-abf1-b9027694b064,false,"[OAS] [OAS] validation failed:
 - ERROR - [Path '/name'] ECMA 262 regex ""^(?:[A-Za-z]+(?:['-][A-Za-z]+)?)(?:\s+[A-Za-z]+(?:['-][A-Za-z]+)?)*$"" does not match input string ""{T9d8z]"": []
"
4a083676-fde7-4f2c-984e-b29e0c12daa2,8f439e7a-6a8a-4079-966d-d466da389b08,false,"[OAS] [OAS] validation failed:
 - ERROR - [Path '/name'] ECMA 262 regex ""^(?:[A-Za-z]+(?:['-][A-Za-z]+)?)(?:\s+[A-Za-z]+(?:['-][A-Za-z]+)?)*$"" does not match input string ""Wei´, Ming"": []
"
4a083676-fde7-4f2c-984e-b29e0c12daa2,d6678069-90d0-4744-b18e-793c9865ef7e,true,
4a083676-fde7-4f2c-984e-b29e0c12daa2,1ddb2214-6909-418a-8703-37c2958429cf,false,"[OAS] [OAS] validation failed:
 - ERROR - [Path '/name'] Instance type (null) does not match any allowed primitive type (allowed: [""string""]): []
"
4a083676-fde7-4f2c-984e-b29e0c12daa2,4ce4f0c1-ba4a-4ce5-87ff-20b793ce1ec2,false,"[OAS] [OAS] validation failed:
 - ERROR - [Path '/name'] Instance type (object) does not match any allowed primitive type (allowed: [""string""]): []
"
4a083676-fde7-4f2c-984e-b29e0c12daa2,b0911744-ae96-47d7-a7e1-091d3e48d1a8,false,"[OAS] [OAS] validation failed:
 - ERROR - [Path '/phone'] ECMA 262 regex ""^\+[1-9][0-9]?[\s]*\(?\d{3}\)?[-\s]?\d{3}[-\s]?\d{2}[-\s]?\d{2}$"" does not match input string ""cqhfUJ^nF"": []
"
4a083676-fde7-4f2c-984e-b29e0c12daa2,3a1b1ce7-b6c0-4a55-82f6-6f438c7ed912,false,"[OAS] [OAS] validation failed:
 - ERROR - [Path '/phone'] ECMA 262 regex ""^\+[1-9][0-9]?[\s]*\(?\d{3}\)?[-\s]?\d{3}[-\s]?\d{2}[-\s]?\d{2}$"" does not match input string ""+34 911 123 45/* 67"": []
"
4a083676-fde7-4f2c-984e-b29e0c12daa2,d0bae3ad-e2a7-4136-9d14-2b5379e308b9,false,"[OAS] [OAS] validation failed:
 - ERROR - [Path '/phone'] ECMA 262 regex ""^\+[1-9][0-9]?[\s]*\(?\d{3}\)?[-\s]?\d{3}[-\s]?\d{2}[-\s]?\d{2}$"" does not match input string ""EJEMPLO MAYUS"": []
"
4a083676-fde7-4f2c-984e-b29e0c12daa2,68ce2685-b83c-41e1-a35c-c88adbd6fa41,false,"[OAS] [OAS] validation failed:
 - ERROR - [Path '/phone'] Instance type (null) does not match any allowed primitive type (allowed: [""string""]): []
"
4a083676-fde7-4f2c-984e-b29e0c12daa2,f82af165-5573-47ea-8ced-e4d1c674aacc,false,"[OAS] [OAS] validation failed:
 - ERROR - [Path '/phone'] Instance type (array) does not match any allowed primitive type (allowed: [""string""]): []
"
4a083676-fde7-4f2c-984e-b29e0c12daa2,d18c5a36-4231-42ea-a6d0-8a724fcf5be0,false,"[OAS] [OAS] validation failed:
 - ERROR - [Path '/address'] ECMA 262 regex ""^[^#$%^*()']*$"" does not match input string ""U(lphR0"": []
"
4a083676-fde7-4f2c-984e-b29e0c12daa2,017f314d-6a33-4f2e-880f-f0624811b5a2,false,"[OAS] [OAS] validation failed:
 - ERROR - [Path '/address'] ECMA 262 regex ""^[^#$%^*()']*$"" does not match input string ""221B/* Baker Street"": []
"
4a083676-fde7-4f2c-984e-b29e0c12daa2,32c56cb9-c83d-47a3-aa59-e826dbbd3523,true,
4a083676-fde7-4f2c-984e-b29e0c12daa2,19cbf8b8-73f2-4990-af62-2bafad32e297,false,"[OAS] [OAS] validation failed:
 - ERROR - [Path '/address'] Instance type (null) does not match any allowed primitive type (allowed: [""string""]): []
"
4a083676-fde7-4f2c-984e-b29e0c12daa2,963218a0-3643-4256-beaa-985cefbc785d,false,"[OAS] [OAS] validation failed:
 - ERROR - [Path '/address'] Instance type (integer) does not match any allowed primitive type (allowed: [""string""]): []
"
4a083676-fde7-4f2c-984e-b29e0c12daa2,01a552b9-c66d-47b3-bbc9-bd6d8a52ceb0,true,
4a083676-fde7-4f2c-984e-b29e0c12daa2,2320858a-8b02-4e13-90fb-91e52b94f634,true,
4a083676-fde7-4f2c-984e-b29e0c12daa2,24825f72-f418-4cdb-9dac-f0567c8d0c73,false,"[OAS] [OAS] validation failed:
 - ERROR - [Path '/_links'] Object instance has properties which are not allowed by the schema: [""randomBoolean1"",""randomObject2""]: []
"
4a083676-fde7-4f2c-984e-b29e0c12daa2,2c270983-d4f2-4cee-8b71-b2e6efb682c1,false,"[OAS] [OAS] validation failed:
 - ERROR - [Path '/_links'] Instance type (null) does not match any allowed primitive type (allowed: [""object""]): []
"
4a083676-fde7-4f2c-984e-b29e0c12daa2,c16991c1-c56f-420f-8cb0-4fe43a4f3540,false,"[OAS] [OAS] validation failed:
 - ERROR - [Path '/_links'] Instance type (number) does not match any allowed primitive type (allowed: [""object""]): []
"
4a083676-fde7-4f2c-984e-b29e0c12daa2,fd74133f-8ce7-4afd-ae26-afb7b6766ece,false,"[OAS] [OAS] validation failed:
 - ERROR - [Path '/_links/Shopping cart'] Object instance has properties which are not allowed by the schema: [""randomArray3"",""randomLong2"",""randomObject1"",""randomObject4""]: []
"
4a083676-fde7-4f2c-984e-b29e0c12daa2,0e25cb43-aa70-4cc4-a7eb-f2778d8cec45,false,"[OAS] [OAS] validation failed:
 - ERROR - [Path '/_links/Shopping cart'] Instance type (null) does not match any allowed primitive type (allowed: [""object""]): []
"
4a083676-fde7-4f2c-984e-b29e0c12daa2,30bd0786-4c9e-4ec4-aaf5-165bdb329deb,false,"[OAS] [OAS] validation failed:
 - ERROR - [Path '/_links/Shopping cart'] Instance type (array) does not match any allowed primitive type (allowed: [""object""]): []
"
4a083676-fde7-4f2c-984e-b29e0c12daa2,6b96879b-aecf-4295-a396-b707ae13e9c6,false,"[OAS] [OAS] validation failed:
 - ERROR - [Path '/_links/Manage contacts'] Object instance has properties which are not allowed by the schema: [""randomArray4"",""randomLong1"",""randomObject2"",""randomString3""]: []
"
4a083676-fde7-4f2c-984e-b29e0c12daa2,423df5e0-198f-47a1-8da5-f561391dfab4,false,"[OAS] [OAS] validation failed:
 - ERROR - [Path '/_links/Manage contacts'] Instance type (null) does not match any allowed primitive type (allowed: [""object""]): []
"
4a083676-fde7-4f2c-984e-b29e0c12daa2,7c885f6a-eab0-4983-883f-480455460d6b,false,"[OAS] [OAS] validation failed:
 - ERROR - [Path '/_links/Manage contacts'] Instance type (integer) does not match any allowed primitive type (allowed: [""object""]): []
"
91e1ad07-f9fc-4790-aa8f-0075323a4ff9,4e381a5c-d7d2-4201-972d-d09bcc01f3ca,false,"[OAS] [OAS] validation failed:
 - ERROR - Response status 204 not defined for path '/register'.: []
"
91e1ad07-f9fc-4790-aa8f-0075323a4ff9,3de3ef79-b873-4e93-b0e2-90f774c87050,false,"[OAS] [OAS] validation failed:
 - ERROR - No response body is expected but one was found.: []
"
91e1ad07-f9fc-4790-aa8f-0075323a4ff9,9d23afb1-892f-431e-a4c4-0de93d79cd60,false,[NO_5XX] Unexpected 5XX response: 501
91e1ad07-f9fc-4790-aa8f-0075323a4ff9,da865f4d-01c6-472d-ac06-4ae5856c0598,true,
91e1ad07-f9fc-4790-aa8f-0075323a4ff9,b13c56cf-664f-4587-a2c1-f0f4f1e237d7,true,
91e1ad07-f9fc-4790-aa8f-0075323a4ff9,644f8ad3-bcc1-4348-8eda-561952fff509,true,
91e1ad07-f9fc-4790-aa8f-0075323a4ff9,d4ce35d3-263a-4e8d-8de9-fb35a08e588a,true,
91e1ad07-f9fc-4790-aa8f-0075323a4ff9,c7c4ed73-78c9-4800-bbcb-ca608b48b026,true,
91e1ad07-f9fc-4790-aa8f-0075323a4ff9,c69618a7-d666-47eb-bc20-ec5c91e71e3a,false,"[OAS] [OAS] validation failed:
 - ERROR - Object instance has properties which are not allowed by the schema: [""randomBoolean1""]: []
"
91e1ad07-f9fc-4790-aa8f-0075323a4ff9,7854e3fd-8778-4013-97f8-f2b40d152e0f,false,"[OAS] [OAS] validation failed:
 - ERROR - [Path '/email'] ECMA 262 regex ""^[\w-]+(\.[\w-]+)*@([\w-]+\.)+[a-zA-Z]+$"" does not match input string ""dfj9"": []
"
91e1ad07-f9fc-4790-aa8f-0075323a4ff9,fa26b054-e9c5-43bc-9c93-7218a99c97a9,false,"[OAS] [OAS] validation failed:
 - ERROR - [Path '/email'] ECMA 262 regex ""^[\w-]+(\.[\w-]+)*@([\w-]+\.)+[a-zA-Z]+$"" does not match input string ""sara/,-ivanova@mail.ru"": []
"
91e1ad07-f9fc-4790-aa8f-0075323a4ff9,a3e6856a-8117-4462-a371-4bc386b4527c,false,"[OAS] [OAS] validation failed:
 - ERROR - [Path '/email'] ECMA 262 regex ""^[\w-]+(\.[\w-]+)*@([\w-]+\.)+[a-zA-Z]+$"" does not match input string ""l"": []
"
91e1ad07-f9fc-4790-aa8f-0075323a4ff9,d9c118a5-0e14-477d-a842-ad2e0fa532b5,false,"[OAS] [OAS] validation failed:
 - ERROR - [Path '/email'] Instance type (null) does not match any allowed primitive type (allowed: [""string""]): []
"
91e1ad07-f9fc-4790-aa8f-0075323a4ff9,e0a7ec50-0451-4ee9-b8e6-e481fc8052eb,false,"[OAS] [OAS] validation failed:
 - ERROR - [Path '/email'] Instance type (number) does not match any allowed primitive type (allowed: [""string""]): []
"
91e1ad07-f9fc-4790-aa8f-0075323a4ff9,1b5d31ec-9505-44c4-9cd8-b49391bddaea,false,"[OAS] [OAS] validation failed:
 - ERROR - [Path '/password'] String ""<"" is too short (length: 1, required minimum: 6): []
 - ERROR - [Path '/password'] ECMA 262 regex ""^[a-zA-Z0-9]+$"" does not match input string ""<"": []
"
91e1ad07-f9fc-4790-aa8f-0075323a4ff9,1dfd5e7f-a052-4a23-8def-613f1bd507ff,false,"[OAS] [OAS] validation failed:
 - ERROR - [Path '/password'] ECMA 262 regex ""^[a-zA-Z0-9]+$"" does not match input string ""hidden´/"": []
"
91e1ad07-f9fc-4790-aa8f-0075323a4ff9,962bf149-9591-43a6-939f-c16f36c8882b,false,"[OAS] [OAS] validation failed:
 - ERROR - [Path '/password'] String ""O"" is too short (length: 1, required minimum: 6): []
"
91e1ad07-f9fc-4790-aa8f-0075323a4ff9,be763a35-9c40-4cd3-abb5-cfc975e2bbde,false,"[OAS] [OAS] validation failed:
 - ERROR - [Path '/password'] Instance type (null) does not match any allowed primitive type (allowed: [""string""]): []
"
91e1ad07-f9fc-4790-aa8f-0075323a4ff9,8c780087-99d7-43d3-8127-8764185d4f80,false,"[OAS] [OAS] validation failed:
 - ERROR - [Path '/password'] Instance type (object) does not match any allowed primitive type (allowed: [""string""]): []
"
91e1ad07-f9fc-4790-aa8f-0075323a4ff9,b80dfe95-9b01-4566-b5f1-8618bd445a26,false,"[OAS] [OAS] validation failed:
 - ERROR - [Path '/name'] ECMA 262 regex ""^(?:[A-Za-z]+(?:['-][A-Za-z]+)?)(?:\s+[A-Za-z]+(?:['-][A-Za-z]+)?)*$"" does not match input string ""~Q0"": []
"
91e1ad07-f9fc-4790-aa8f-0075323a4ff9,390b6c53-605f-43c5-b522-643714177663,false,"[OAS] [OAS] validation failed:
 - ERROR - [Path '/name'] ECMA 262 regex ""^(?:[A-Za-z]+(?:['-][A-Za-z]+)?)(?:\s+[A-Za-z]+(?:['-][A-Za-z]+)?)*$"" does not match input string ""Jean-Luc ´,Wei"": []
"
91e1ad07-f9fc-4790-aa8f-0075323a4ff9,c865a965-1fcc-439f-93a5-cbcbc3094358,true,
91e1ad07-f9fc-4790-aa8f-0075323a4ff9,6d2e0009-c2e4-4c2e-908d-94832592f401,false,"[OAS] [OAS] validation failed:
 - ERROR - [Path '/name'] Instance type (null) does not match any allowed primitive type (allowed: [""string""]): []
"
91e1ad07-f9fc-4790-aa8f-0075323a4ff9,0782e755-7659-4769-a427-5dd7a4a80ce4,false,"[OAS] [OAS] validation failed:
 - ERROR - [Path '/name'] Instance type (object) does not match any allowed primitive type (allowed: [""string""]): []
"
91e1ad07-f9fc-4790-aa8f-0075323a4ff9,8738ef1e-e90d-4c25-8099-452589dbbd00,false,"[OAS] [OAS] validation failed:
 - ERROR - [Path '/phone'] ECMA 262 regex ""^\+[1-9][0-9]?[\s]*\(?\d{3}\)?[-\s]?\d{3}[-\s]?\d{2}[-\s]?\d{2}$"" does not match input string ""F"": []
"
91e1ad07-f9fc-4790-aa8f-0075323a4ff9,9c5afca3-e72a-4eba-a394-c7db83a2d895,false,"[OAS] [OAS] validation failed:
 - ERROR - [Path '/phone'] ECMA 262 regex ""^\+[1-9][0-9]?[\s]*\(?\d{3}\)?[-\s]?\d{3}[-\s]?\d{2}[-\s]?\d{2}$"" does not match input string ""+1 (41/*5) 555-12-34"": []
"
91e1ad07-f9fc-4790-aa8f-0075323a4ff9,2bc8bc9c-8c64-4c25-8c2e-7085067fe6f2,false,"[OAS] [OAS] validation failed:
 - ERROR - [Path '/phone'] ECMA 262 regex ""^\+[1-9][0-9]?[\s]*\(?\d{3}\)?[-\s]?\d{3}[-\s]?\d{2}[-\s]?\d{2}$"" does not match input string ""EJEMPLO MAYUS"": []
"
91e1ad07-f9fc-4790-aa8f-0075323a4ff9,5e8ee624-b990-436a-ab0e-497da1e058f9,false,"[OAS] [OAS] validation failed:
 - ERROR - [Path '/phone'] Instance type (null) does not match any allowed primitive type (allowed: [""string""]): []
"
91e1ad07-f9fc-4790-aa8f-0075323a4ff9,a43e3f77-334e-4fc1-9003-4387c361acc1,false,"[OAS] [OAS] validation failed:
 - ERROR - [Path '/phone'] Instance type (array) does not match any allowed primitive type (allowed: [""string""]): []
"
91e1ad07-f9fc-4790-aa8f-0075323a4ff9,fa05e67f-266f-439a-bbca-f7e115923ff5,true,
91e1ad07-f9fc-4790-aa8f-0075323a4ff9,e661cfc7-161b-49d3-8271-b9387defe7f7,false,"[OAS] [OAS] validation failed:
 - ERROR - [Path '/address'] ECMA 262 regex ""^[^#$%^*()']*$"" does not match input string ""221B/* Baker Street"": []
"
91e1ad07-f9fc-4790-aa8f-0075323a4ff9,1dc61b71-7647-4569-927e-5619ce970b99,true,
91e1ad07-f9fc-4790-aa8f-0075323a4ff9,e47dc0bb-ec61-430a-910f-284d92c2cb99,false,"[OAS] [OAS] validation failed:
 - ERROR - [Path '/address'] Instance type (null) does not match any allowed primitive type (allowed: [""string""]): []
"
91e1ad07-f9fc-4790-aa8f-0075323a4ff9,5c55c279-cdbc-4675-9e63-58d862fddd01,false,"[OAS] [OAS] validation failed:
 - ERROR - [Path '/address'] Instance type (integer) does not match any allowed primitive type (allowed: [""string""]): []
"
91e1ad07-f9fc-4790-aa8f-0075323a4ff9,90971ab6-3a3d-44c5-8d99-d2403c624c8b,true,
91e1ad07-f9fc-4790-aa8f-0075323a4ff9,82db64ba-ceb8-4a7a-ae41-eeaa8434cc32,true,
91e1ad07-f9fc-4790-aa8f-0075323a4ff9,659d2db0-fa9b-4fbe-8bde-acc5e1f9e25e,false,"[OAS] [OAS] validation failed:
 - ERROR - [Path '/_links'] Object instance has properties which are not allowed by the schema: [""randomBoolean1"",""randomObject2""]: []
"
91e1ad07-f9fc-4790-aa8f-0075323a4ff9,7d364e1a-c7db-40be-abf7-bb2de9145bff,false,"[OAS] [OAS] validation failed:
 - ERROR - [Path '/_links'] Instance type (null) does not match any allowed primitive type (allowed: [""object""]): []
"
91e1ad07-f9fc-4790-aa8f-0075323a4ff9,482f4469-4089-4aca-9ac5-4d500dc24919,false,"[OAS] [OAS] validation failed:
 - ERROR - [Path '/_links'] Instance type (number) does not match any allowed primitive type (allowed: [""object""]): []
"
91e1ad07-f9fc-4790-aa8f-0075323a4ff9,f5d926d8-3850-4d42-a81c-a4be98c72954,false,"[OAS] [OAS] validation failed:
 - ERROR - [Path '/_links/Shopping cart'] Object instance has properties which are not allowed by the schema: [""randomArray3"",""randomLong2"",""randomObject1"",""randomObject4""]: []
"
91e1ad07-f9fc-4790-aa8f-0075323a4ff9,649bd07b-9ffb-4cbd-aa7b-b1a87abfde70,false,"[OAS] [OAS] validation failed:
 - ERROR - [Path '/_links/Shopping cart'] Instance type (null) does not match any allowed primitive type (allowed: [""object""]): []
"
91e1ad07-f9fc-4790-aa8f-0075323a4ff9,62202bcd-760a-4d79-8bbb-d88e977d14f8,false,"[OAS] [OAS] validation failed:
 - ERROR - [Path '/_links/Shopping cart'] Instance type (array) does not match any allowed primitive type (allowed: [""object""]): []
"
91e1ad07-f9fc-4790-aa8f-0075323a4ff9,72e41ffc-326a-4ba0-a161-64fb3b437d51,false,"[OAS] [OAS] validation failed:
 - ERROR - [Path '/_links/Manage contacts'] Object instance has properties which are not allowed by the schema: [""randomArray4"",""randomLong1"",""randomObject2"",""randomString3""]: []
"
91e1ad07-f9fc-4790-aa8f-0075323a4ff9,6cef58e7-3956-45a2-9a05-990bbd07abf9,false,"[OAS] [OAS] validation failed:
 - ERROR - [Path '/_links/Manage contacts'] Instance type (null) does not match any allowed primitive type (allowed: [""object""]): []
"
91e1ad07-f9fc-4790-aa8f-0075323a4ff9,191e1081-a060-4080-8d63-ed2febb4ac55,false,"[OAS] [OAS] validation failed:
 - ERROR - [Path '/_links/Manage contacts'] Instance type (integer) does not match any allowed primitive type (allowed: [""object""]): []
"
ef8c7efe-c24b-4f6a-b8ea-0657fd46c84c,5ffc9c54-574e-4601-a9fe-2cded1615456,false,"[OAS] [OAS] validation failed:
 - ERROR - Response status 204 not defined for path '/register'.: []
"
ef8c7efe-c24b-4f6a-b8ea-0657fd46c84c,37e8ccbe-c384-4060-a432-db3e291a2c43,false,"[OAS] [OAS] validation failed:
 - ERROR - Response status 409 not defined for path '/register'.: []
"
ef8c7efe-c24b-4f6a-b8ea-0657fd46c84c,ee93b6d4-b789-4034-a714-b4dbe73df32f,false,[NO_5XX] Unexpected 5XX response: 504
ef8c7efe-c24b-4f6a-b8ea-0657fd46c84c,eeef99a6-4384-4ab2-962b-86ebadb353df,true,
ef8c7efe-c24b-4f6a-b8ea-0657fd46c84c,407f371a-0aad-4e8a-b9c4-a2c531d77e36,true,
ef8c7efe-c24b-4f6a-b8ea-0657fd46c84c,0eec2d43-7260-4d4b-a326-3e91f53b380b,true,
ef8c7efe-c24b-4f6a-b8ea-0657fd46c84c,76c75dcb-e63d-421e-971b-e6c82ad6a655,true,
ef8c7efe-c24b-4f6a-b8ea-0657fd46c84c,19f438a0-2f74-4f2a-a0a1-230595296f10,true,
ef8c7efe-c24b-4f6a-b8ea-0657fd46c84c,34b5c873-ef2d-469c-835a-ae94dcde21b9,false,"[OAS] [OAS] validation failed:
 - ERROR - Object instance has properties which are not allowed by the schema: [""randomBoolean1""]: []
"
ef8c7efe-c24b-4f6a-b8ea-0657fd46c84c,41973086-b770-466b-b844-8c8b4d6cef4e,false,"[OAS] [OAS] validation failed:
 - ERROR - [Path '/email'] ECMA 262 regex ""^[\w-]+(\.[\w-]+)*@([\w-]+\.)+[a-zA-Z]+$"" does not match input string ""r"": []
"
ef8c7efe-c24b-4f6a-b8ea-0657fd46c84c,b130e5f4-6905-4c2a-ba28-e22f77ecfc8f,false,"[OAS] [OAS] validation failed:
 - ERROR - [Path '/email'] ECMA 262 regex ""^[\w-]+(\.[\w-]+)*@([\w-]+\.)+[a-zA-Z]+$"" does not match input string ""martin.lopez@u/,ni.es"": []
"
ef8c7efe-c24b-4f6a-b8ea-0657fd46c84c,4cb4afe1-79a4-43e0-a292-c6e9a7bcb28f,false,"[OAS] [OAS] validation failed:
 - ERROR - [Path '/email'] ECMA 262 regex ""^[\w-]+(\.[\w-]+)*@([\w-]+\.)+[a-zA-Z]+$"" does not match input string ""d"": []
"
ef8c7efe-c24b-4f6a-b8ea-0657fd46c84c,9b92a8a8-78c4-4b57-943b-38844674463d,false,"[OAS] [OAS] validation failed:
 - ERROR - [Path '/email'] Instance type (null) does not match any allowed primitive type (allowed: [""string""]): []
"
ef8c7efe-c24b-4f6a-b8ea-0657fd46c84c,563b46a8-eafb-4bfc-a226-f64ce95b11e9,false,"[OAS] [OAS] validation failed:
 - ERROR - [Path '/email'] Instance type (number) does not match any allowed primitive type (allowed: [""string""]): []
"
ef8c7efe-c24b-4f6a-b8ea-0657fd46c84c,66399417-4368-42b4-80ce-24a97c487a71,false,"[OAS] [OAS] validation failed:
 - ERROR - [Path '/password'] String "":"" is too short (length: 1, required minimum: 6): []
 - ERROR - [Path '/password'] ECMA 262 regex ""^[a-zA-Z0-9]+$"" does not match input string "":"": []
"
ef8c7efe-c24b-4f6a-b8ea-0657fd46c84c,d73cdb32-67a4-4e5e-8a66-88fabd2d798f,false,"[OAS] [OAS] validation failed:
 - ERROR - [Path '/password'] ECMA 262 regex ""^[a-zA-Z0-9]+$"" does not match input string ""hidden´/"": []
"
ef8c7efe-c24b-4f6a-b8ea-0657fd46c84c,d9445163-0edc-4c44-ba1e-6f905656dcf7,false,"[OAS] [OAS] validation failed:
 - ERROR - [Path '/password'] String ""L"" is too short (length: 1, required minimum: 6): []
"
ef8c7efe-c24b-4f6a-b8ea-0657fd46c84c,d4d6d9f4-5cb0-4c7b-92e0-b1a59e145577,false,"[OAS] [OAS] validation failed:
 - ERROR - [Path '/password'] Instance type (null) does not match any allowed primitive type (allowed: [""string""]): []
"
ef8c7efe-c24b-4f6a-b8ea-0657fd46c84c,6aac5942-4006-4a51-8eef-e753fcb9baf6,false,"[OAS] [OAS] validation failed:
 - ERROR - [Path '/password'] Instance type (object) does not match any allowed primitive type (allowed: [""string""]): []
"
ef8c7efe-c24b-4f6a-b8ea-0657fd46c84c,57be55e5-9cf0-4af6-8cfd-d3825cef7bc1,false,"[OAS] [OAS] validation failed:
 - ERROR - [Path '/name'] ECMA 262 regex ""^(?:[A-Za-z]+(?:['-][A-Za-z]+)?)(?:\s+[A-Za-z]+(?:['-][A-Za-z]+)?)*$"" does not match input string ""*SJ[$"": []
"
ef8c7efe-c24b-4f6a-b8ea-0657fd46c84c,92184fb5-cb88-4e0a-a679-71e427f7bd42,false,"[OAS] [OAS] validation failed:
 - ERROR - [Path '/name'] ECMA 262 regex ""^(?:[A-Za-z]+(?:['-][A-Za-z]+)?)(?:\s+[A-Za-z]+(?:['-][A-Za-z]+)?)*$"" does not match input string ""Wei´, Ming"": []
"
ef8c7efe-c24b-4f6a-b8ea-0657fd46c84c,eb88cbf1-2f8c-4ed8-8843-3960533de3e0,true,
ef8c7efe-c24b-4f6a-b8ea-0657fd46c84c,72c0ce48-0450-45a5-bd2c-3b8b5cef8150,false,"[OAS] [OAS] validation failed:
 - ERROR - [Path '/name'] Instance type (null) does not match any allowed primitive type (allowed: [""string""]): []
"
ef8c7efe-c24b-4f6a-b8ea-0657fd46c84c,11f590a2-ccd6-4bd8-9c45-80e4b35ab48f,false,"[OAS] [OAS] validation failed:
 - ERROR - [Path '/name'] Instance type (object) does not match any allowed primitive type (allowed: [""string""]): []
"
ef8c7efe-c24b-4f6a-b8ea-0657fd46c84c,ddcad5e4-2e41-4976-a115-3d9b549f63fb,false,"[OAS] [OAS] validation failed:
 - ERROR - [Path '/phone'] ECMA 262 regex ""^\+[1-9][0-9]?[\s]*\(?\d{3}\)?[-\s]?\d{3}[-\s]?\d{2}[-\s]?\d{2}$"" does not match input string ""#w("": []
"
ef8c7efe-c24b-4f6a-b8ea-0657fd46c84c,feb148b1-97d8-4740-8b26-a8e8f0577ef1,false,"[OAS] [OAS] validation failed:
 - ERROR - [Path '/phone'] ECMA 262 regex ""^\+[1-9][0-9]?[\s]*\(?\d{3}\)?[-\s]?\d{3}[-\s]?\d{2}[-\s]?\d{2}$"" does not match input string ""+86 110 888 66/* 55"": []
"
ef8c7efe-c24b-4f6a-b8ea-0657fd46c84c,be82bfd1-cb8d-4e34-87e4-45f47092d8ab,false,"[OAS] [OAS] validation failed:
 - ERROR - [Path '/phone'] ECMA 262 regex ""^\+[1-9][0-9]?[\s]*\(?\d{3}\)?[-\s]?\d{3}[-\s]?\d{2}[-\s]?\d{2}$"" does not match input string ""EJEMPLO MAYUS"": []
"
ef8c7efe-c24b-4f6a-b8ea-0657fd46c84c,02dcd1c2-2ab8-42c3-9623-bebb1edf8ed7,false,"[OAS] [OAS] validation failed:
 - ERROR - [Path '/phone'] Instance type (null) does not match any allowed primitive type (allowed: [""string""]): []
"
ef8c7efe-c24b-4f6a-b8ea-0657fd46c84c,32f93452-7b45-489a-8556-8f4e2224c1c0,false,"[OAS] [OAS] validation failed:
 - ERROR - [Path '/phone'] Instance type (array) does not match any allowed primitive type (allowed: [""string""]): []
"
ef8c7efe-c24b-4f6a-b8ea-0657fd46c84c,8fc7ee80-8b57-48d9-8735-484d32bbb118,true,
ef8c7efe-c24b-4f6a-b8ea-0657fd46c84c,0e4fa6d2-809d-4271-9e7d-df9a984d6a9d,false,"[OAS] [OAS] validation failed:
 - ERROR - [Path '/address'] ECMA 262 regex ""^[^#$%^*()']*$"" does not match input string ""No 5 Zhongguancun East/* Road"": []
"
ef8c7efe-c24b-4f6a-b8ea-0657fd46c84c,a33d02f9-8892-44dd-b3b5-646e8ae47476,true,
ef8c7efe-c24b-4f6a-b8ea-0657fd46c84c,f8facdc8-3a5c-46c4-9cc9-4b200c8a77ba,false,"[OAS] [OAS] validation failed:
 - ERROR - [Path '/address'] Instance type (null) does not match any allowed primitive type (allowed: [""string""]): []
"
ef8c7efe-c24b-4f6a-b8ea-0657fd46c84c,65ffd7eb-1ddd-4597-bd6d-e8336ded5807,false,"[OAS] [OAS] validation failed:
 - ERROR - [Path '/address'] Instance type (integer) does not match any allowed primitive type (allowed: [""string""]): []
"
ef8c7efe-c24b-4f6a-b8ea-0657fd46c84c,ec3b2f0c-3391-4b91-822f-852d0527d421,true,
ef8c7efe-c24b-4f6a-b8ea-0657fd46c84c,7e35fc63-de58-4cd4-a7f5-22ac8acc0b0d,true,
ef8c7efe-c24b-4f6a-b8ea-0657fd46c84c,c9b8ebe4-1b2f-472b-a9f4-d4647d9d805e,false,"[OAS] [OAS] validation failed:
 - ERROR - [Path '/_links'] Object instance has properties which are not allowed by the schema: [""randomBoolean1"",""randomObject2""]: []
"
ef8c7efe-c24b-4f6a-b8ea-0657fd46c84c,7fdbcdb1-e41c-4f35-875a-501abe3ec9b4,false,"[OAS] [OAS] validation failed:
 - ERROR - [Path '/_links'] Instance type (null) does not match any allowed primitive type (allowed: [""object""]): []
"
ef8c7efe-c24b-4f6a-b8ea-0657fd46c84c,79bbe271-5cf8-4342-b352-5be815787f78,false,"[OAS] [OAS] validation failed:
 - ERROR - [Path '/_links'] Instance type (number) does not match any allowed primitive type (allowed: [""object""]): []
"
ef8c7efe-c24b-4f6a-b8ea-0657fd46c84c,d9167bdb-63c6-49d3-a32d-99c90ae2562f,false,"[OAS] [OAS] validation failed:
 - ERROR - [Path '/_links/Shopping cart'] Object instance has properties which are not allowed by the schema: [""randomArray3"",""randomLong2"",""randomObject1"",""randomObject4""]: []
"
ef8c7efe-c24b-4f6a-b8ea-0657fd46c84c,b90c4b95-a197-4a2b-be01-b1f5ebab28bb,false,"[OAS] [OAS] validation failed:
 - ERROR - [Path '/_links/Shopping cart'] Instance type (null) does not match any allowed primitive type (allowed: [""object""]): []
"
ef8c7efe-c24b-4f6a-b8ea-0657fd46c84c,aa20e9bc-0810-4a64-a171-0bf7d1fbf8ac,false,"[OAS] [OAS] validation failed:
 - ERROR - [Path '/_links/Shopping cart'] Instance type (array) does not match any allowed primitive type (allowed: [""object""]): []
"
ef8c7efe-c24b-4f6a-b8ea-0657fd46c84c,71b86e54-351e-4d17-991d-8b30a6ecf8c3,false,"[OAS] [OAS] validation failed:
 - ERROR - [Path '/_links/Manage contacts'] Object instance has properties which are not allowed by the schema: [""randomArray4"",""randomLong1"",""randomObject2"",""randomString3""]: []
"
ef8c7efe-c24b-4f6a-b8ea-0657fd46c84c,db716d58-b053-4d01-adb3-9d7a512a8255,false,"[OAS] [OAS] validation failed:
 - ERROR - [Path '/_links/Manage contacts'] Instance type (null) does not match any allowed primitive type (allowed: [""object""]): []
"
ef8c7efe-c24b-4f6a-b8ea-0657fd46c84c,2c972eb0-34ba-4dfa-93aa-e9823af5404d,false,"[OAS] [OAS] validation failed:
 - ERROR - [Path '/_links/Manage contacts'] Instance type (integer) does not match any allowed primitive type (allowed: [""object""]): []
"
28d57d6a-c274-436e-9f9f-02df7fde1199,308f7032-ceca-4cfc-98b2-d8903dcccb8b,false,"[OAS] [OAS] validation failed:
 - ERROR - Response status 200 not defined for path '/register'.: []
"
28d57d6a-c274-436e-9f9f-02df7fde1199,982f6337-c16f-4708-9796-fa6aa9224fb5,false,"[OAS] [OAS] validation failed:
 - ERROR - No response body is expected but one was found.: []
"
28d57d6a-c274-436e-9f9f-02df7fde1199,5f25f328-8c14-4584-8147-7581779b892e,false,[NO_5XX] Unexpected 5XX response: 501
28d57d6a-c274-436e-9f9f-02df7fde1199,76e0b205-35af-4c4f-9d04-a7ede3014903,true,
28d57d6a-c274-436e-9f9f-02df7fde1199,bb7a5639-8ec4-4e8e-826f-dfd7902d7558,true,
28d57d6a-c274-436e-9f9f-02df7fde1199,f1df1653-6c1e-45d2-b3f6-ee7f40d2922f,true,
28d57d6a-c274-436e-9f9f-02df7fde1199,42f766ef-d6a6-4163-8b57-375ed2e33743,true,
28d57d6a-c274-436e-9f9f-02df7fde1199,1cb72d87-f2b7-40e2-b798-0f0ce92b7146,true,
28d57d6a-c274-436e-9f9f-02df7fde1199,ccd024d7-da6c-4cc2-a130-c5ef8f4cb1b8,false,"[OAS] [OAS] validation failed:
 - ERROR - Object instance has properties which are not allowed by the schema: [""randomBoolean1""]: []
"
28d57d6a-c274-436e-9f9f-02df7fde1199,1074525e-d9d0-41e8-832b-c2d7742cc259,false,"[OAS] [OAS] validation failed:
 - ERROR - [Path '/email'] ECMA 262 regex ""^[\w-]+(\.[\w-]+)*@([\w-]+\.)+[a-zA-Z]+$"" does not match input string ""IB+S"": []
"
28d57d6a-c274-436e-9f9f-02df7fde1199,2da787fd-b4ee-4856-b330-c1b9b79e6166,false,"[OAS] [OAS] validation failed:
 - ERROR - [Path '/email'] ECMA 262 regex ""^[\w-]+(\.[\w-]+)*@([\w-]+\.)+[a-zA-Z]+$"" does not match input string ""sara/,-ivanova@mail.ru"": []
"
28d57d6a-c274-436e-9f9f-02df7fde1199,366a33d5-271c-4e24-9c25-7f9db9584643,false,"[OAS] [OAS] validation failed:
 - ERROR - [Path '/email'] ECMA 262 regex ""^[\w-]+(\.[\w-]+)*@([\w-]+\.)+[a-zA-Z]+$"" does not match input string ""a"": []
"
28d57d6a-c274-436e-9f9f-02df7fde1199,63e7eb8c-0cfb-4592-9045-f97dbf092a2c,false,"[OAS] [OAS] validation failed:
 - ERROR - [Path '/email'] Instance type (null) does not match any allowed primitive type (allowed: [""string""]): []
"
28d57d6a-c274-436e-9f9f-02df7fde1199,11c668f2-4df1-4305-a48c-a573094f9a9d,false,"[OAS] [OAS] validation failed:
 - ERROR - [Path '/email'] Instance type (number) does not match any allowed primitive type (allowed: [""string""]): []
"
28d57d6a-c274-436e-9f9f-02df7fde1199,9ea020e5-c580-49ed-9903-b484dd01f873,false,"[OAS] [OAS] validation failed:
 - ERROR - [Path '/password'] ECMA 262 regex ""^[a-zA-Z0-9]+$"" does not match input string "";o[Zg~["": []
"
28d57d6a-c274-436e-9f9f-02df7fde1199,68a6736e-cead-44f2-b4bd-e72ebee78762,false,"[OAS] [OAS] validation failed:
 - ERROR - [Path '/password'] ECMA 262 regex ""^[a-zA-Z0-9]+$"" does not match input string ""hidden´/"": []
"
28d57d6a-c274-436e-9f9f-02df7fde1199,590b5aa0-dfad-4bc8-9c64-32e66d13c625,false,"[OAS] [OAS] validation failed:
 - ERROR - [Path '/password'] String ""U"" is too short (length: 1, required minimum: 6): []
"
28d57d6a-c274-436e-9f9f-02df7fde1199,4fd207b5-7759-46f3-8027-692e4c47d76b,false,"[OAS] [OAS] validation failed:
 - ERROR - [Path '/password'] Instance type (null) does not match any allowed primitive type (allowed: [""string""]): []
"
28d57d6a-c274-436e-9f9f-02df7fde1199,d7022473-15c8-4286-8cba-ec8e22a46476,false,"[OAS] [OAS] validation failed:
 - ERROR - [Path '/password'] Instance type (object) does not match any allowed primitive type (allowed: [""string""]): []
"
28d57d6a-c274-436e-9f9f-02df7fde1199,1b040901-fa06-4fe7-ac27-4fd792f1daa1,false,"[OAS] [OAS] validation failed:
 - ERROR - [Path '/name'] ECMA 262 regex ""^(?:[A-Za-z]+(?:['-][A-Za-z]+)?)(?:\s+[A-Za-z]+(?:['-][A-Za-z]+)?)*$"" does not match input string ""P_l{_fps"": []
"
28d57d6a-c274-436e-9f9f-02df7fde1199,6a24a75f-c415-4245-a905-a5d5b70b7de3,false,"[OAS] [OAS] validation failed:
 - ERROR - [Path '/name'] ECMA 262 regex ""^(?:[A-Za-z]+(?:['-][A-Za-z]+)?)(?:\s+[A-Za-z]+(?:['-][A-Za-z]+)?)*$"" does not match input string ""Wei´, Ming"": []
"
28d57d6a-c274-436e-9f9f-02df7fde1199,a3e33bec-fed9-4080-9195-27200da4b641,true,
28d57d6a-c274-436e-9f9f-02df7fde1199,c660c05d-05f6-4607-b516-5c3d2e806996,false,"[OAS] [OAS] validation failed:
 - ERROR - [Path '/name'] Instance type (null) does not match any allowed primitive type (allowed: [""string""]): []
"
28d57d6a-c274-436e-9f9f-02df7fde1199,84574f76-a815-4afc-890c-ffe8cc0bf8f3,false,"[OAS] [OAS] validation failed:
 - ERROR - [Path '/name'] Instance type (object) does not match any allowed primitive type (allowed: [""string""]): []
"
28d57d6a-c274-436e-9f9f-02df7fde1199,362d1506-6f0e-4cb1-ab3f-d85a6fa33a30,false,"[OAS] [OAS] validation failed:
 - ERROR - [Path '/phone'] ECMA 262 regex ""^\+[1-9][0-9]?[\s]*\(?\d{3}\)?[-\s]?\d{3}[-\s]?\d{2}[-\s]?\d{2}$"" does not match input string ""H=~eZ[[I"": []
"
28d57d6a-c274-436e-9f9f-02df7fde1199,eebb6455-3feb-4d5e-aeb6-f6295f5698c8,false,"[OAS] [OAS] validation failed:
 - ERROR - [Path '/phone'] ECMA 262 regex ""^\+[1-9][0-9]?[\s]*\(?\d{3}\)?[-\s]?\d{3}[-\s]?\d{2}[-\s]?\d{2}$"" does not match input string ""+86 110 888 66/* 55"": []
"
28d57d6a-c274-436e-9f9f-02df7fde1199,425666c0-98a8-4305-9383-0c9171f38a52,false,"[OAS] [OAS] validation failed:
 - ERROR - [Path '/phone'] ECMA 262 regex ""^\+[1-9][0-9]?[\s]*\(?\d{3}\)?[-\s]?\d{3}[-\s]?\d{2}[-\s]?\d{2}$"" does not match input string ""EJEMPLO MAYUS"": []
"
28d57d6a-c274-436e-9f9f-02df7fde1199,8503d9ca-48ad-4260-b82d-be0b1b9fd025,false,"[OAS] [OAS] validation failed:
 - ERROR - [Path '/phone'] Instance type (null) does not match any allowed primitive type (allowed: [""string""]): []
"
28d57d6a-c274-436e-9f9f-02df7fde1199,93b8eaa2-2ac7-4d76-904a-39f1ce00d2ec,false,"[OAS] [OAS] validation failed:
 - ERROR - [Path '/phone'] Instance type (array) does not match any allowed primitive type (allowed: [""string""]): []
"
28d57d6a-c274-436e-9f9f-02df7fde1199,e334026d-31ad-442e-acee-f4ffbaa01768,false,"[OAS] [OAS] validation failed:
 - ERROR - [Path '/address'] ECMA 262 regex ""^[^#$%^*()']*$"" does not match input string ""1%XKM#"": []
"
28d57d6a-c274-436e-9f9f-02df7fde1199,311d2cbe-2b0a-4ff4-94e2-5d309994d477,false,"[OAS] [OAS] validation failed:
 - ERROR - [Path '/address'] ECMA 262 regex ""^[^#$%^*()']*$"" does not match input string ""221B/* Baker Street"": []
"
28d57d6a-c274-436e-9f9f-02df7fde1199,8b88dc4f-f582-454b-b041-4669e2e3489f,true,
28d57d6a-c274-436e-9f9f-02df7fde1199,504df158-4800-4d52-948d-954ed1041804,false,"[OAS] [OAS] validation failed:
 - ERROR - [Path '/address'] Instance type (null) does not match any allowed primitive type (allowed: [""string""]): []
"
28d57d6a-c274-436e-9f9f-02df7fde1199,1af12809-780c-4af6-bad0-3b1ffe81215c,false,"[OAS] [OAS] validation failed:
 - ERROR - [Path '/address'] Instance type (integer) does not match any allowed primitive type (allowed: [""string""]): []
"
28d57d6a-c274-436e-9f9f-02df7fde1199,b8386c26-75bc-4706-8e87-5988a9b9f32f,true,
28d57d6a-c274-436e-9f9f-02df7fde1199,8ab304df-190f-4049-aad4-6abe85f943b3,true,
28d57d6a-c274-436e-9f9f-02df7fde1199,f0a5a8e1-f378-478a-8d87-ccfdccef8d48,false,"[OAS] [OAS] validation failed:
 - ERROR - [Path '/_links'] Object instance has properties which are not allowed by the schema: [""randomBoolean1"",""randomObject2""]: []
"
28d57d6a-c274-436e-9f9f-02df7fde1199,f3efa805-908e-45a3-8c28-8b6bf65732bd,false,"[OAS] [OAS] validation failed:
 - ERROR - [Path '/_links'] Instance type (null) does not match any allowed primitive type (allowed: [""object""]): []
"
28d57d6a-c274-436e-9f9f-02df7fde1199,732cf49f-b34b-4c23-9788-ff72af7e51ef,false,"[OAS] [OAS] validation failed:
 - ERROR - [Path '/_links'] Instance type (number) does not match any allowed primitive type (allowed: [""object""]): []
"
28d57d6a-c274-436e-9f9f-02df7fde1199,4424ee70-e695-466f-aff4-6d7593bce019,false,"[OAS] [OAS] validation failed:
 - ERROR - [Path '/_links/Shopping cart'] Object instance has properties which are not allowed by the schema: [""randomArray3"",""randomLong2"",""randomObject1"",""randomObject4""]: []
"
28d57d6a-c274-436e-9f9f-02df7fde1199,6852eb60-3dbd-44d5-bd90-931316a7ff08,false,"[OAS] [OAS] validation failed:
 - ERROR - [Path '/_links/Shopping cart'] Instance type (null) does not match any allowed primitive type (allowed: [""object""]): []
"
28d57d6a-c274-436e-9f9f-02df7fde1199,3ec828df-9c1f-477f-92be-999c4a3fecff,false,"[OAS] [OAS] validation failed:
 - ERROR - [Path '/_links/Shopping cart'] Instance type (array) does not match any allowed primitive type (allowed: [""object""]): []
"
28d57d6a-c274-436e-9f9f-02df7fde1199,23bfab15-2fa7-4349-90c3-3d98321cec9e,false,"[OAS] [OAS] validation failed:
 - ERROR - [Path '/_links/Manage contacts'] Object instance has properties which are not allowed by the schema: [""randomArray4"",""randomLong1"",""randomObject2"",""randomString3""]: []
"
28d57d6a-c274-436e-9f9f-02df7fde1199,3811f91d-1486-4ea5-a78e-b6ab48c0a80e,false,"[OAS] [OAS] validation failed:
 - ERROR - [Path '/_links/Manage contacts'] Instance type (null) does not match any allowed primitive type (allowed: [""object""]): []
"
28d57d6a-c274-436e-9f9f-02df7fde1199,17c3d6f2-a4b9-4a3b-a899-c08c0f5a0202,false,"[OAS] [OAS] validation failed:
 - ERROR - [Path '/_links/Manage contacts'] Instance type (integer) does not match any allowed primitive type (allowed: [""object""]): []
"
f8d1a623-a2c3-4372-9bf4-345681700e09,e2a04075-eec9-44e8-a13a-9bbecd1ad409,false,"[OAS] [OAS] validation failed:
 - ERROR - Object instance has properties which are not allowed by the schema: [""description"",""entityName"",""fieldErrors"",""message""]: []
"
f8d1a623-a2c3-4372-9bf4-345681700e09,7fc66083-2ca2-4fba-8fb7-bd49be578672,false,"[OAS] [OAS] validation failed:
 - ERROR - Response status 409 not defined for path '/register'.: []
"
f8d1a623-a2c3-4372-9bf4-345681700e09,2e40b078-c7ff-46d0-86db-147c6695fff9,false,[NO_5XX] Unexpected 5XX response: 504
f8d1a623-a2c3-4372-9bf4-345681700e09,36234b4f-f067-4b8f-95ff-a2404149cc1f,true,
f8d1a623-a2c3-4372-9bf4-345681700e09,39ddf1e4-9826-4f83-8171-58d98e1ed1b5,true,
f8d1a623-a2c3-4372-9bf4-345681700e09,7f3a3685-2647-4b92-8dd1-c1faa1e218ce,true,
f8d1a623-a2c3-4372-9bf4-345681700e09,5e7c5fd3-c057-489f-89ad-49cc51b7d130,false,"[OAS] [OAS] validation failed:
 - ERROR - Object has missing required properties ([""description""]): []
"
f8d1a623-a2c3-4372-9bf4-345681700e09,58b221fd-72e5-4c27-9f00-0f2ff7f356bd,false,"[OAS] [OAS] validation failed:
 - ERROR - Object instance has properties which are not allowed by the schema: [""randomBoolean1""]: []
"
f8d1a623-a2c3-4372-9bf4-345681700e09,4855075d-7f7d-45c4-b332-5c9751279eba,true,
f8d1a623-a2c3-4372-9bf4-345681700e09,080a053a-5472-4412-b29c-1e025d2998b8,true,
f8d1a623-a2c3-4372-9bf4-345681700e09,6efd431a-0da5-496e-a3e1-a9374f2ddf13,true,
f8d1a623-a2c3-4372-9bf4-345681700e09,5184e05b-12d3-4493-9d8f-032795c58695,false,"[OAS] [OAS] validation failed:
 - ERROR - [Path '/message'] Instance type (null) does not match any allowed primitive type (allowed: [""string""]): []
"
f8d1a623-a2c3-4372-9bf4-345681700e09,30f93037-5e9a-4ca1-81fa-24e4c63aa27a,false,"[OAS] [OAS] validation failed:
 - ERROR - [Path '/message'] Instance type (number) does not match any allowed primitive type (allowed: [""string""]): []
"
f8d1a623-a2c3-4372-9bf4-345681700e09,2b7709e5-7027-4b5b-b477-f7ce5416ec34,true,
f8d1a623-a2c3-4372-9bf4-345681700e09,790f2bb9-1656-4b93-97a8-d8e24835e7aa,true,
f8d1a623-a2c3-4372-9bf4-345681700e09,5bf27c68-8679-400b-90b4-8383b5cd1f8d,true,
f8d1a623-a2c3-4372-9bf4-345681700e09,ff54d347-b919-463a-aadd-80ac9f382848,false,"[OAS] [OAS] validation failed:
 - ERROR - [Path '/description'] Instance type (null) does not match any allowed primitive type (allowed: [""string""]): []
"
f8d1a623-a2c3-4372-9bf4-345681700e09,6e873093-c29f-4351-aeab-f04e3f659114,false,"[OAS] [OAS] validation failed:
 - ERROR - [Path '/description'] Instance type (object) does not match any allowed primitive type (allowed: [""string""]): []
"
f8d1a623-a2c3-4372-9bf4-345681700e09,58809828-5621-4901-842e-2125654c355e,true,
f8d1a623-a2c3-4372-9bf4-345681700e09,3cab069c-1cca-4315-b8fb-ce954c066191,true,
f8d1a623-a2c3-4372-9bf4-345681700e09,454f92ff-0fb6-41e4-b9eb-8ce9bc9ec39c,true,
f8d1a623-a2c3-4372-9bf4-345681700e09,b9f69c41-40e2-4640-b454-9fc40daabc5b,false,"[OAS] [OAS] validation failed:
 - ERROR - [Path '/entityName'] Instance type (null) does not match any allowed primitive type (allowed: [""string""]): []
"
f8d1a623-a2c3-4372-9bf4-345681700e09,c91676f3-df2d-49c2-809c-3e9c78960c4c,false,"[OAS] [OAS] validation failed:
 - ERROR - [Path '/entityName'] Instance type (object) does not match any allowed primitive type (allowed: [""string""]): []
"
f8d1a623-a2c3-4372-9bf4-345681700e09,d4383975-26e3-4c75-af4e-74236b80fea6,true,
f8d1a623-a2c3-4372-9bf4-345681700e09,1b174863-61ab-4a60-8620-255f3c14c3d4,false,"[OAS] [OAS] validation failed:
 - ERROR - [Path '/fieldErrors/1'] Instance type (boolean) does not match any allowed primitive type (allowed: [""object""]): []
"
f8d1a623-a2c3-4372-9bf4-345681700e09,7c7f6844-9bc9-41e5-a2b1-2c45e4844dfd,false,"[OAS] [OAS] validation failed:
 - ERROR - [Path '/fieldErrors'] Instance type (null) does not match any allowed primitive type (allowed: [""array""]): []
"
f8d1a623-a2c3-4372-9bf4-345681700e09,7d01e118-cf38-41e3-9811-e64eb1b6fe72,false,"[OAS] [OAS] validation failed:
 - ERROR - [Path '/fieldErrors'] Instance type (number) does not match any allowed primitive type (allowed: [""array""]): []
"
f8d1a623-a2c3-4372-9bf4-345681700e09,ecf57ace-d06e-4efc-8068-2b1b06e82885,false,"[OAS] [OAS] validation failed:
 - ERROR - [Path '/fieldErrors/0'] Object has missing required properties ([""field"",""message""]): []
"
f8d1a623-a2c3-4372-9bf4-345681700e09,e4a608dd-5a6a-432e-b3b8-03ea2986e665,false,"[OAS] [OAS] validation failed:
 - ERROR - [Path '/fieldErrors/0'] Object instance has properties which are not allowed by the schema: [""randomBoolean1"",""randomObject2""]: []
"
f8d1a623-a2c3-4372-9bf4-345681700e09,bff81475-90ae-4261-85c3-a8dc01c81e4d,false,"[OAS] [OAS] validation failed:
 - ERROR - [Path '/fieldErrors/0'] Instance type (null) does not match any allowed primitive type (allowed: [""object""]): []
"
f8d1a623-a2c3-4372-9bf4-345681700e09,9f29e19e-03fe-4e04-9fd1-123863b2f740,false,"[OAS] [OAS] validation failed:
 - ERROR - [Path '/fieldErrors/0'] Instance type (number) does not match any allowed primitive type (allowed: [""object""]): []
"
f8d1a623-a2c3-4372-9bf4-345681700e09,f18abf45-e2dd-4639-9274-b0e9c8ec628b,true,
f8d1a623-a2c3-4372-9bf4-345681700e09,c5a6997f-5147-4d7f-85c9-7d6800dbb9e9,true,
f8d1a623-a2c3-4372-9bf4-345681700e09,f3fab813-1c64-4946-9f4c-af101eedbd12,true,
f8d1a623-a2c3-4372-9bf4-345681700e09,3c1c87eb-8047-49e9-a129-8b57630b6399,false,"[OAS] [OAS] validation failed:
 - ERROR - [Path '/fieldErrors/0/field'] Instance type (null) does not match any allowed primitive type (allowed: [""string""]): []
"
f8d1a623-a2c3-4372-9bf4-345681700e09,0c379e90-d5ba-4eee-a4d4-a8757128bfd8,false,"[OAS] [OAS] validation failed:
 - ERROR - [Path '/fieldErrors/0/field'] Instance type (array) does not match any allowed primitive type (allowed: [""string""]): []
"
f8d1a623-a2c3-4372-9bf4-345681700e09,f5e5a06d-e7b0-44d9-a756-826eb9a5182f,true,
f8d1a623-a2c3-4372-9bf4-345681700e09,91736da4-d3e2-4780-b1b9-7462723a64ef,true,
f8d1a623-a2c3-4372-9bf4-345681700e09,a0b47819-0011-4c40-89f1-0513aec970a0,true,
f8d1a623-a2c3-4372-9bf4-345681700e09,90e35d3e-7df4-422e-9d10-439815fdbdd7,false,"[OAS] [OAS] validation failed:
 - ERROR - [Path '/fieldErrors/0/message'] Instance type (null) does not match any allowed primitive type (allowed: [""string""]): []
"
f8d1a623-a2c3-4372-9bf4-345681700e09,8a123385-cb87-406e-9e88-d4f89138529c,false,"[OAS] [OAS] validation failed:
 - ERROR - [Path '/fieldErrors/0/message'] Instance type (integer) does not match any allowed primitive type (allowed: [""string""]): []
"

Summary,Total=671,Passed=157,KillRate=76.6%,TimeCost=1.77 s
