OriginalTestCaseId,TestCaseId,Success,FailureMessage
639abae3-3e45-4fe0-8dc7-17102e8c0f78,0b15e1b9-2453-4f13-a8c9-90fe5daf8605,false,[NO_5XX] Unexpected 5XX response: 504
639abae3-3e45-4fe0-8dc7-17102e8c0f78,46a2a39e-2c03-4c55-8591-b6af412c6021,false,"[OAS] [OAS] validation failed:
 - ERROR - Object instance has properties which are not allowed by the schema: [""randomBoolean1""]: []
"
639abae3-3e45-4fe0-8dc7-17102e8c0f78,55fb517d-6304-47c2-b67b-53c5c6c3befe,false,"[OAS] [OAS] validation failed:
 - ERROR - [Path '/username'] Instance type (number) does not match any allowed primitive type (allowed: [""string""]): []
"
639abae3-3e45-4fe0-8dc7-17102e8c0f78,56704327-a65b-4299-9a7d-d9a12fc2382d,false,"[OAS] [OAS] validation failed:
 - ERROR - [Path '/surname'] Instance type (number) does not match any allowed primitive type (allowed: [""null"",""string""]): []
"
639abae3-3e45-4fe0-8dc7-17102e8c0f78,e2beb07b-680d-44ff-8f0c-eaea9cb358ab,false,"[OAS] [OAS] validation failed:
 - ERROR - [Path '/birthDate'] Instance type (object) does not match any allowed primitive type (allowed: [""null"",""string""]): []
"
639abae3-3e45-4fe0-8dc7-17102e8c0f78,8909273b-baf8-4240-b6d7-e3e661835b7e,false,"[OAS] [OAS] validation failed:
 - ERROR - [Path '/loginDt'] Instance type (object) does not match any allowed primitive type (allowed: [""null"",""string""]): []
"
639abae3-3e45-4fe0-8dc7-17102e8c0f78,a9fbed39-2b1a-4c0a-b565-83e88791c0fb,false,"[OAS] [OAS] validation failed:
 - ERROR - [Path '/contactDTO'] Instance type (null) does not match any allowed primitive type (allowed: [""object""]): []
"
639abae3-3e45-4fe0-8dc7-17102e8c0f78,3aa687ad-4583-4403-afec-6785b92dd13c,false,"[OAS] [OAS] validation failed:
 - ERROR - [Path '/contactDTO/linkedin'] Instance type (array) does not match any allowed primitive type (allowed: [""null"",""string""]): []
"
639abae3-3e45-4fe0-8dc7-17102e8c0f78,c602823e-2ce7-4008-8167-a63ac66b96c8,false,"[OAS] [OAS] validation failed:
 - ERROR - [Path '/contactDTO/website'] Instance type (integer) does not match any allowed primitive type (allowed: [""null"",""string""]): []
"
639abae3-3e45-4fe0-8dc7-17102e8c0f78,cc4c17e3-67ce-44b2-9d60-1d5feb92741a,false,"[OAS] [OAS] validation failed:
 - ERROR - [Path '/addressDTO'] Instance type (array) does not match any allowed primitive type (allowed: [""object""]): []
"
639abae3-3e45-4fe0-8dc7-17102e8c0f78,ece1bc71-076b-4d10-b636-4418f629c6ea,false,"[OAS] [OAS] validation failed:
 - ERROR - [Path '/addressDTO/address'] Instance type (integer) does not match any allowed primitive type (allowed: [""null"",""string""]): []
"
639abae3-3e45-4fe0-8dc7-17102e8c0f78,04b90fbf-7c66-4c92-b412-8152528c36a0,false,"[OAS] [OAS] validation failed:
 - ERROR - [Path '/addressDTO/country'] Instance type (array) does not match any allowed primitive type (allowed: [""null"",""string""]): []
"
639abae3-3e45-4fe0-8dc7-17102e8c0f78,fc16eda2-dbca-4b4d-bc02-3c6ebe372176,false,"[OAS] [OAS] validation failed:
 - ERROR - [Path '/addressDTO/zipCode'] Instance type (object) does not match any allowed primitive type (allowed: [""null"",""string""]): []
"
639abae3-3e45-4fe0-8dc7-17102e8c0f78,2a11df11-55da-424d-9feb-95b6bd0b0421,false,"[OAS] [OAS] validation failed:
 - ERROR - [Path '/roles/0'] Instance type (null) does not match any allowed primitive type (allowed: [""string""]): []
"
639abae3-3e45-4fe0-8dc7-17102e8c0f78,b568b38a-3440-423a-b087-2a211dce813c,false,"[OAS] [OAS] validation failed:
 - ERROR - [Path '/permissions/2'] Instance type (object) does not match any allowed primitive type (allowed: [""string""]): []
"
639abae3-3e45-4fe0-8dc7-17102e8c0f78,cc56470b-3869-4c2b-9206-13906426b603,false,"[OAS] [OAS] validation failed:
 - ERROR - [Path '/permissions/0'] Instance type (integer) does not match any allowed primitive type (allowed: [""string""]): []
"
1b9170bb-5328-471a-a017-de9c463749fe,98cb1e88-c4a9-48b3-bfbf-0687852b1b01,false,[NO_5XX] Unexpected 5XX response: 501
1b9170bb-5328-471a-a017-de9c463749fe,05af52c2-b171-46d3-9e8d-6af640af9677,false,"[OAS] [OAS] validation failed:
 - ERROR - [Path '/id'] Instance type (null) does not match any allowed primitive type (allowed: [""integer""]): []
"
1b9170bb-5328-471a-a017-de9c463749fe,397cde14-3e0a-4c2a-b723-8c254b18f408,false,"[OAS] [OAS] validation failed:
 - ERROR - [Path '/birthDate'] String ""EJEMPLO MAYUS"" is invalid against requested date format(s) yyyy-MM-dd: []
"
1b9170bb-5328-471a-a017-de9c463749fe,6ddc9957-024a-4ff1-8462-0c734d8ffcdd,false,"[OAS] [OAS] validation failed:
 - ERROR - [Path '/loginDt'] Instance type (number) does not match any allowed primitive type (allowed: [""null"",""string""]): []
"
1b9170bb-5328-471a-a017-de9c463749fe,f7a37aa3-3807-4ce3-95d5-caecbe9b0521,false,"[OAS] [OAS] validation failed:
 - ERROR - [Path '/contactDTO'] Object instance has properties which are not allowed by the schema: [""randomBoolean1"",""randomObject2""]: []
"
1b9170bb-5328-471a-a017-de9c463749fe,2f4b902e-9e61-459b-a549-4c273e6deea6,false,"[OAS] [OAS] validation failed:
 - ERROR - [Path '/contactDTO/skype'] Instance type (integer) does not match any allowed primitive type (allowed: [""null"",""string""]): []
"
1b9170bb-5328-471a-a017-de9c463749fe,1be38921-56b2-455c-a0cc-972abcf8c387,false,"[OAS] [OAS] validation failed:
 - ERROR - [Path '/contactDTO/facebook'] Instance type (object) does not match any allowed primitive type (allowed: [""null"",""string""]): []
"
1b9170bb-5328-471a-a017-de9c463749fe,c44e2464-944f-4ec0-85f1-289d6771ff3c,false,"[OAS] [OAS] validation failed:
 - ERROR - [Path '/contactDTO/linkedin'] Instance type (boolean) does not match any allowed primitive type (allowed: [""null"",""string""]): []
"
1b9170bb-5328-471a-a017-de9c463749fe,557feec6-9f9d-475b-a9a2-c9d9a6a07a3a,false,"[OAS] [OAS] validation failed:
 - ERROR - [Path '/addressDTO/address'] Instance type (integer) does not match any allowed primitive type (allowed: [""null"",""string""]): []
"
1b9170bb-5328-471a-a017-de9c463749fe,974b111e-db91-421c-8112-82f174144a47,false,"[OAS] [OAS] validation failed:
 - ERROR - [Path '/addressDTO/city'] Instance type (object) does not match any allowed primitive type (allowed: [""null"",""string""]): []
"
1b9170bb-5328-471a-a017-de9c463749fe,4dd01d96-bfd4-431d-9cea-0223346e78c7,false,"[OAS] [OAS] validation failed:
 - ERROR - [Path '/roles'] Instance type (null) does not match any allowed primitive type (allowed: [""array""]): []
"
1b9170bb-5328-471a-a017-de9c463749fe,6744cca7-8b09-4ef2-b534-6831fe473c1b,false,"[OAS] [OAS] validation failed:
 - ERROR - [Path '/roles/1'] Instance type (null) does not match any allowed primitive type (allowed: [""string""]): []
"
1b9170bb-5328-471a-a017-de9c463749fe,97d031e8-7522-49f1-98ac-6282d1804bfe,false,"[OAS] [OAS] validation failed:
 - ERROR - [Path '/permissions'] Instance type (null) does not match any allowed primitive type (allowed: [""array""]): []
"
1b9170bb-5328-471a-a017-de9c463749fe,347c9b72-885e-47ed-9f45-5e2fa4a8c0b2,false,"[OAS] [OAS] validation failed:
 - ERROR - [Path '/permissions/1'] Instance type (null) does not match any allowed primitive type (allowed: [""string""]): []
"
55f71479-841d-4686-8605-0734e43112c4,2c60628e-5f72-47a5-b167-258d7b732e83,false,"[OAS] [OAS] validation failed:
 - ERROR - Response status 401 not defined for path '/users/{id}'.: []
"
55f71479-841d-4686-8605-0734e43112c4,1b4e3520-0494-4803-bc0b-9dc420c9746c,false,"[OAS] [OAS] validation failed:
 - ERROR - [Path '/id'] Instance type (number) does not match any allowed primitive type (allowed: [""integer""]): []
"
55f71479-841d-4686-8605-0734e43112c4,8b71a9a8-0f41-4f37-86fd-c38ff404c8db,false,"[OAS] [OAS] validation failed:
 - ERROR - [Path '/username'] Instance type (number) does not match any allowed primitive type (allowed: [""string""]): []
"
55f71479-841d-4686-8605-0734e43112c4,2f754e60-782f-4e87-b0f5-b408fb7c6416,false,"[OAS] [OAS] validation failed:
 - ERROR - [Path '/gender'] Instance type (array) does not match any allowed primitive type (allowed: [""string""]): []
"
55f71479-841d-4686-8605-0734e43112c4,afe29abe-e34d-4023-bb4f-9120aa84417a,false,"[OAS] [OAS] validation failed:
 - ERROR - [Path '/birthDate'] String ""EJEMPLO MAYUS"" is invalid against requested date format(s) yyyy-MM-dd: []
"
55f71479-841d-4686-8605-0734e43112c4,e7e3babd-4b99-48d6-b919-03c77b7688c4,false,"[OAS] [OAS] validation failed:
 - ERROR - [Path '/loginDt'] Instance type (number) does not match any allowed primitive type (allowed: [""null"",""string""]): []
"
55f71479-841d-4686-8605-0734e43112c4,db9c6861-4cb8-4000-b05f-f0088a66acc0,false,"[OAS] [OAS] validation failed:
 - ERROR - [Path '/contactDTO'] Instance type (number) does not match any allowed primitive type (allowed: [""object""]): []
"
55f71479-841d-4686-8605-0734e43112c4,199f23d3-2556-49c3-bc73-737281121740,false,"[OAS] [OAS] validation failed:
 - ERROR - [Path '/contactDTO/email'] Instance type (object) does not match any allowed primitive type (allowed: [""string""]): []
"
55f71479-841d-4686-8605-0734e43112c4,e9450b9d-3e37-4e22-8061-9d22ccd877c2,false,"[OAS] [OAS] validation failed:
 - ERROR - [Path '/contactDTO/phone'] Instance type (object) does not match any allowed primitive type (allowed: [""null"",""string""]): []
"
55f71479-841d-4686-8605-0734e43112c4,bb772b8b-2eb2-40c6-9064-2970dd6647a4,false,"[OAS] [OAS] validation failed:
 - ERROR - [Path '/contactDTO/skype'] Instance type (object) does not match any allowed primitive type (allowed: [""null"",""string""]): []
"
55f71479-841d-4686-8605-0734e43112c4,435e6f5d-c01e-467a-81cf-e9edc3a0f853,false,"[OAS] [OAS] validation failed:
 - ERROR - [Path '/contactDTO/facebook'] Instance type (array) does not match any allowed primitive type (allowed: [""null"",""string""]): []
"
55f71479-841d-4686-8605-0734e43112c4,0a432a4a-d0cc-44bb-951f-f326faa9e46e,false,"[OAS] [OAS] validation failed:
 - ERROR - [Path '/contactDTO/website'] Instance type (integer) does not match any allowed primitive type (allowed: [""null"",""string""]): []
"
55f71479-841d-4686-8605-0734e43112c4,77764a35-f2e4-4c2e-9ce7-5c8e7231a201,false,"[OAS] [OAS] validation failed:
 - ERROR - [Path '/contactDTO/contactNote'] Instance type (integer) does not match any allowed primitive type (allowed: [""null"",""string""]): []
"
55f71479-841d-4686-8605-0734e43112c4,436af63f-7b91-4884-8644-3c80d114837a,false,"[OAS] [OAS] validation failed:
 - ERROR - [Path '/addressDTO'] Instance type (null) does not match any allowed primitive type (allowed: [""object""]): []
"
55f71479-841d-4686-8605-0734e43112c4,6c72483c-574a-47c2-956c-70a06b759adb,false,"[OAS] [OAS] validation failed:
 - ERROR - [Path '/roles'] Instance type (null) does not match any allowed primitive type (allowed: [""array""]): []
"
55f71479-841d-4686-8605-0734e43112c4,878a6370-fa63-433b-9eae-40563c24caab,false,"[OAS] [OAS] validation failed:
 - ERROR - [Path '/permissions/2'] Instance type (object) does not match any allowed primitive type (allowed: [""string""]): []
"
55f71479-841d-4686-8605-0734e43112c4,e595f2d3-9d2a-4631-bcc0-0d0579cc34c9,false,"[OAS] [OAS] validation failed:
 - ERROR - [Path '/permissions/0'] Instance type (array) does not match any allowed primitive type (allowed: [""string""]): []
"
0cf7ac2e-f4ed-4099-ade5-026eb51eab5f,1b3645e0-31b8-4d66-a50b-086fbffda24f,false,[NO_5XX] Unexpected 5XX response: 503
0cf7ac2e-f4ed-4099-ade5-026eb51eab5f,39cb8d4a-aadc-442c-bdea-9dfd9a10b6cd,false,"[OAS] [OAS] validation failed:
 - ERROR - [Path '/birthDate'] String ""200/*0-07-15"" is invalid against requested date format(s) yyyy-MM-dd: []
"
0cf7ac2e-f4ed-4099-ade5-026eb51eab5f,dc00431b-81b5-43bd-85ac-867d4d7ba62c,false,"[OAS] [OAS] validation failed:
 - ERROR - [Path '/enabled'] Instance type (null) does not match any allowed primitive type (allowed: [""boolean""]): []
"
0cf7ac2e-f4ed-4099-ade5-026eb51eab5f,ba4da523-c169-4df3-997e-f459dac0f940,false,"[OAS] [OAS] validation failed:
 - ERROR - [Path '/note'] Instance type (number) does not match any allowed primitive type (allowed: [""null"",""string""]): []
"
0cf7ac2e-f4ed-4099-ade5-026eb51eab5f,316db373-a1fb-4161-bc5e-41bcce83f1d7,false,"[OAS] [OAS] validation failed:
 - ERROR - [Path '/loginDt'] Instance type (object) does not match any allowed primitive type (allowed: [""null"",""string""]): []
"
0cf7ac2e-f4ed-4099-ade5-026eb51eab5f,89ade51c-5007-477e-9d8e-336df06326c1,false,"[OAS] [OAS] validation failed:
 - ERROR - [Path '/secured'] Instance type (object) does not match any allowed primitive type (allowed: [""boolean""]): []
"
0cf7ac2e-f4ed-4099-ade5-026eb51eab5f,044e28d5-acfb-4c75-b3d4-9dacb550d584,false,"[OAS] [OAS] validation failed:
 - ERROR - [Path '/contactDTO/email'] Instance type (null) does not match any allowed primitive type (allowed: [""string""]): []
"
0cf7ac2e-f4ed-4099-ade5-026eb51eab5f,71e53fec-c9db-4385-862d-8593d91f0e38,false,"[OAS] [OAS] validation failed:
 - ERROR - [Path '/contactDTO/phone'] Instance type (object) does not match any allowed primitive type (allowed: [""null"",""string""]): []
"
0cf7ac2e-f4ed-4099-ade5-026eb51eab5f,39a0a0cd-c3b9-49ff-997d-b0f53f72a309,false,"[OAS] [OAS] validation failed:
 - ERROR - [Path '/contactDTO/facebook'] Instance type (integer) does not match any allowed primitive type (allowed: [""null"",""string""]): []
"
0cf7ac2e-f4ed-4099-ade5-026eb51eab5f,69344f61-68fe-4fb1-990e-88be67305dce,false,"[OAS] [OAS] validation failed:
 - ERROR - [Path '/contactDTO/website'] Instance type (boolean) does not match any allowed primitive type (allowed: [""null"",""string""]): []
"
0cf7ac2e-f4ed-4099-ade5-026eb51eab5f,728920a7-ba8b-4c0c-8c3d-2408852ebbdc,false,"[OAS] [OAS] validation failed:
 - ERROR - [Path '/contactDTO/contactNote'] Instance type (object) does not match any allowed primitive type (allowed: [""null"",""string""]): []
"
0cf7ac2e-f4ed-4099-ade5-026eb51eab5f,36436d74-0386-49fc-b52f-5ead8601712c,false,"[OAS] [OAS] validation failed:
 - ERROR - [Path '/addressDTO'] Instance type (null) does not match any allowed primitive type (allowed: [""object""]): []
"
0cf7ac2e-f4ed-4099-ade5-026eb51eab5f,995b05bd-aca5-4b2f-96e2-22d179994c93,false,"[OAS] [OAS] validation failed:
 - ERROR - [Path '/addressDTO/address2'] Instance type (array) does not match any allowed primitive type (allowed: [""null"",""string""]): []
"
0cf7ac2e-f4ed-4099-ade5-026eb51eab5f,eb940664-1478-4a67-a42e-7798bc194077,false,"[OAS] [OAS] validation failed:
 - ERROR - [Path '/addressDTO/zipCode'] Instance type (integer) does not match any allowed primitive type (allowed: [""null"",""string""]): []
"
0cf7ac2e-f4ed-4099-ade5-026eb51eab5f,6de39565-41ed-4785-81e8-4439c2764f70,false,"[OAS] [OAS] validation failed:
 - ERROR - [Path '/roles'] Instance type (number) does not match any allowed primitive type (allowed: [""array""]): []
"
0cf7ac2e-f4ed-4099-ade5-026eb51eab5f,0ecc69ba-79ba-4492-8178-ee1523bfb542,false,"[OAS] [OAS] validation failed:
 - ERROR - [Path '/roles/0'] Instance type (null) does not match any allowed primitive type (allowed: [""string""]): []
"
0cf7ac2e-f4ed-4099-ade5-026eb51eab5f,7276d6a4-9239-40b1-82e0-764b5396a8fc,false,"[OAS] [OAS] validation failed:
 - ERROR - [Path '/permissions/0'] Instance type (array) does not match any allowed primitive type (allowed: [""string""]): []
"
b86d6522-2f7b-44fa-bad8-70629643c6db,90dfaa1d-cf7c-4e00-8530-cec9c10b5e88,false,[NO_5XX] Unexpected 5XX response: 503
b86d6522-2f7b-44fa-bad8-70629643c6db,86f95976-4dbf-41ad-aa17-16c94e923bc3,false,"[OAS] [OAS] validation failed:
 - ERROR - Object instance has properties which are not allowed by the schema: [""randomBoolean1""]: []
"
b86d6522-2f7b-44fa-bad8-70629643c6db,fe5be7b1-c999-4033-9284-df6f4b436668,false,"[OAS] [OAS] validation failed:
 - ERROR - [Path '/id'] Instance type (null) does not match any allowed primitive type (allowed: [""integer""]): []
"
b86d6522-2f7b-44fa-bad8-70629643c6db,0e76a138-d30c-44d3-b442-0f268d2005e3,false,"[OAS] [OAS] validation failed:
 - ERROR - [Path '/username'] Instance type (null) does not match any allowed primitive type (allowed: [""string""]): []
"
b86d6522-2f7b-44fa-bad8-70629643c6db,89599b64-07dd-4943-9c4f-06e04c7fb4bd,false,"[OAS] [OAS] validation failed:
 - ERROR - [Path '/surname'] Instance type (number) does not match any allowed primitive type (allowed: [""null"",""string""]): []
"
b86d6522-2f7b-44fa-bad8-70629643c6db,1721152c-57c9-4337-9053-558bd3ddc372,false,"[OAS] [OAS] validation failed:
 - ERROR - [Path '/gender'] Instance type (null) does not match any allowed primitive type (allowed: [""string""]): []
"
b86d6522-2f7b-44fa-bad8-70629643c6db,8f705dc5-9d79-4823-af11-11d42151c141,false,"[OAS] [OAS] validation failed:
 - ERROR - [Path '/enabled'] Instance type (number) does not match any allowed primitive type (allowed: [""boolean""]): []
"
b86d6522-2f7b-44fa-bad8-70629643c6db,394ab2f0-d3a4-4b34-ad14-7847018a2fe6,false,"[OAS] [OAS] validation failed:
 - ERROR - [Path '/note'] Instance type (integer) does not match any allowed primitive type (allowed: [""null"",""string""]): []
"
b86d6522-2f7b-44fa-bad8-70629643c6db,1b87a5b2-c880-487f-8bbc-60759ee16ec0,false,"[OAS] [OAS] validation failed:
 - ERROR - [Path '/loginDt'] Instance type (object) does not match any allowed primitive type (allowed: [""null"",""string""]): []
"
b86d6522-2f7b-44fa-bad8-70629643c6db,8264dff8-b954-4db5-808a-c98b09c1df14,false,"[OAS] [OAS] validation failed:
 - ERROR - [Path '/contactDTO'] Instance type (number) does not match any allowed primitive type (allowed: [""object""]): []
"
b86d6522-2f7b-44fa-bad8-70629643c6db,7fb21de4-5aaa-4966-99c2-e3522f5b2925,false,"[OAS] [OAS] validation failed:
 - ERROR - [Path '/contactDTO/email'] Instance type (array) does not match any allowed primitive type (allowed: [""string""]): []
"
b86d6522-2f7b-44fa-bad8-70629643c6db,3068824f-42df-49b8-b7ab-cbe897ab2b6a,false,"[OAS] [OAS] validation failed:
 - ERROR - [Path '/contactDTO/phone'] Instance type (object) does not match any allowed primitive type (allowed: [""null"",""string""]): []
"
b86d6522-2f7b-44fa-bad8-70629643c6db,1111a3d7-3a4e-471e-b941-e60741d28bb2,false,"[OAS] [OAS] validation failed:
 - ERROR - [Path '/addressDTO'] Instance type (array) does not match any allowed primitive type (allowed: [""object""]): []
"
b86d6522-2f7b-44fa-bad8-70629643c6db,3ab643f8-4ccf-4fc6-8d5d-fcef1cb31605,false,"[OAS] [OAS] validation failed:
 - ERROR - [Path '/permissions'] Instance type (object) does not match any allowed primitive type (allowed: [""array""]): []
"
b86d6522-2f7b-44fa-bad8-70629643c6db,e6cb7565-4207-4bdb-907c-fce1359dcab8,false,"[OAS] [OAS] validation failed:
 - ERROR - [Path '/permissions/0'] Instance type (object) does not match any allowed primitive type (allowed: [""string""]): []
"
e19e8829-9d6b-45fd-b7eb-5ba7bb2e7f5d,da948800-c34b-47ed-88d4-fe573b6931b0,false,"[OAS] [OAS] validation failed:
 - ERROR - Response status 409 not defined for path '/users/{id}'.: []
"
e19e8829-9d6b-45fd-b7eb-5ba7bb2e7f5d,8830ecf2-d4ed-4268-8ac8-d19e41f69a94,false,"[OAS] [OAS] validation failed:
 - ERROR - [Path '/id'] Instance type (null) does not match any allowed primitive type (allowed: [""integer""]): []
"
e19e8829-9d6b-45fd-b7eb-5ba7bb2e7f5d,c1d50e51-0317-4a10-ad69-b4628947999d,false,"[OAS] [OAS] validation failed:
 - ERROR - [Path '/username'] Instance type (null) does not match any allowed primitive type (allowed: [""string""]): []
"
e19e8829-9d6b-45fd-b7eb-5ba7bb2e7f5d,622fde97-299c-4f6b-b063-540b686f08e0,false,"[OAS] [OAS] validation failed:
 - ERROR - [Path '/enabled'] Instance type (null) does not match any allowed primitive type (allowed: [""boolean""]): []
"
e19e8829-9d6b-45fd-b7eb-5ba7bb2e7f5d,cb53cfb3-f909-4053-b412-ed2942b03908,false,"[OAS] [OAS] validation failed:
 - ERROR - [Path '/note'] Instance type (number) does not match any allowed primitive type (allowed: [""null"",""string""]): []
"
e19e8829-9d6b-45fd-b7eb-5ba7bb2e7f5d,3022c587-6d6f-40fe-ad46-b6b3a202b774,false,"[OAS] [OAS] validation failed:
 - ERROR - [Path '/loginDt'] Instance type (object) does not match any allowed primitive type (allowed: [""null"",""string""]): []
"
e19e8829-9d6b-45fd-b7eb-5ba7bb2e7f5d,4e72a37a-f27e-49d3-b550-69a99c39dcef,false,"[OAS] [OAS] validation failed:
 - ERROR - [Path '/secured'] Instance type (object) does not match any allowed primitive type (allowed: [""boolean""]): []
"
e19e8829-9d6b-45fd-b7eb-5ba7bb2e7f5d,c1d10903-1885-4104-852a-90ba53cddd55,false,"[OAS] [OAS] validation failed:
 - ERROR - [Path '/contactDTO/phone'] Instance type (object) does not match any allowed primitive type (allowed: [""null"",""string""]): []
"
e19e8829-9d6b-45fd-b7eb-5ba7bb2e7f5d,eda768c7-07e6-4fc4-bd45-2893c7102565,false,"[OAS] [OAS] validation failed:
 - ERROR - [Path '/contactDTO/facebook'] Instance type (object) does not match any allowed primitive type (allowed: [""null"",""string""]): []
"
e19e8829-9d6b-45fd-b7eb-5ba7bb2e7f5d,ae6bea06-b9de-48d5-b504-50d02fe1c925,false,"[OAS] [OAS] validation failed:
 - ERROR - [Path '/contactDTO/contactNote'] Instance type (array) does not match any allowed primitive type (allowed: [""null"",""string""]): []
"
e19e8829-9d6b-45fd-b7eb-5ba7bb2e7f5d,9a377480-0aad-4cd3-8038-645027c78b7e,false,"[OAS] [OAS] validation failed:
 - ERROR - [Path '/addressDTO'] Instance type (array) does not match any allowed primitive type (allowed: [""object""]): []
"
e19e8829-9d6b-45fd-b7eb-5ba7bb2e7f5d,dad7ddfa-929c-4a7e-8ebf-330d03d48fa9,false,"[OAS] [OAS] validation failed:
 - ERROR - [Path '/addressDTO/address'] Instance type (integer) does not match any allowed primitive type (allowed: [""null"",""string""]): []
"
e19e8829-9d6b-45fd-b7eb-5ba7bb2e7f5d,c8020118-b590-4585-9747-369588e9f875,false,"[OAS] [OAS] validation failed:
 - ERROR - [Path '/addressDTO/address2'] Instance type (array) does not match any allowed primitive type (allowed: [""null"",""string""]): []
"
e19e8829-9d6b-45fd-b7eb-5ba7bb2e7f5d,b6e3e126-960e-4902-b126-29d1f4be47d3,false,"[OAS] [OAS] validation failed:
 - ERROR - [Path '/addressDTO/city'] Instance type (object) does not match any allowed primitive type (allowed: [""null"",""string""]): []
"
e19e8829-9d6b-45fd-b7eb-5ba7bb2e7f5d,59053c77-e4bb-43c1-8331-0e1ca129aa0c,false,"[OAS] [OAS] validation failed:
 - ERROR - [Path '/roles'] Instance type (number) does not match any allowed primitive type (allowed: [""array""]): []
"
e19e8829-9d6b-45fd-b7eb-5ba7bb2e7f5d,99bea983-1d61-4510-ae16-802411ff2fa0,false,"[OAS] [OAS] validation failed:
 - ERROR - [Path '/roles/0'] Instance type (integer) does not match any allowed primitive type (allowed: [""string""]): []
"
85a601ee-1d8d-4cb0-a6e9-91a813f01ee1,e7156535-6c19-4ba2-bbed-2ea38a9ae6ce,false,"[OAS] [OAS] validation failed:
 - ERROR - Response status 204 not defined for path '/users/{id}'.: []
"
85a601ee-1d8d-4cb0-a6e9-91a813f01ee1,aec5e6ed-40b0-420c-9171-9a3e47966889,false,"[OAS] [OAS] validation failed:
 - ERROR - [Path '/birthDate'] Instance type (number) does not match any allowed primitive type (allowed: [""null"",""string""]): []
"
85a601ee-1d8d-4cb0-a6e9-91a813f01ee1,de3533aa-4094-4ed1-8677-bf429a4b8159,false,"[OAS] [OAS] validation failed:
 - ERROR - [Path '/enabled'] Instance type (null) does not match any allowed primitive type (allowed: [""boolean""]): []
"
85a601ee-1d8d-4cb0-a6e9-91a813f01ee1,cf977a44-d077-46bc-950c-78428c2e5c22,false,"[OAS] [OAS] validation failed:
 - ERROR - [Path '/loginDt'] Instance type (object) does not match any allowed primitive type (allowed: [""null"",""string""]): []
"
85a601ee-1d8d-4cb0-a6e9-91a813f01ee1,29caf514-b351-4b91-95e9-e5c0f428201b,false,"[OAS] [OAS] validation failed:
 - ERROR - [Path '/secured'] Instance type (object) does not match any allowed primitive type (allowed: [""boolean""]): []
"
85a601ee-1d8d-4cb0-a6e9-91a813f01ee1,52c9c23d-6517-4144-81a6-732f7f3f6136,false,"[OAS] [OAS] validation failed:
 - ERROR - [Path '/contactDTO'] Instance type (null) does not match any allowed primitive type (allowed: [""object""]): []
"
85a601ee-1d8d-4cb0-a6e9-91a813f01ee1,e81314ae-d1d1-4e62-bed9-53179a7b17a4,false,"[OAS] [OAS] validation failed:
 - ERROR - [Path '/contactDTO/email'] Instance type (array) does not match any allowed primitive type (allowed: [""string""]): []
"
85a601ee-1d8d-4cb0-a6e9-91a813f01ee1,7a0ae0b1-5f65-4fb1-b938-93a7fc05b42e,false,"[OAS] [OAS] validation failed:
 - ERROR - [Path '/contactDTO/skype'] Instance type (object) does not match any allowed primitive type (allowed: [""null"",""string""]): []
"
85a601ee-1d8d-4cb0-a6e9-91a813f01ee1,7aa9cabd-3a75-4680-9447-db521e36a1ed,false,"[OAS] [OAS] validation failed:
 - ERROR - [Path '/contactDTO/linkedin'] Instance type (array) does not match any allowed primitive type (allowed: [""null"",""string""]): []
"
85a601ee-1d8d-4cb0-a6e9-91a813f01ee1,ea0d812d-e660-4ed2-816a-6dafc55033e5,false,"[OAS] [OAS] validation failed:
 - ERROR - [Path '/contactDTO/website'] Instance type (integer) does not match any allowed primitive type (allowed: [""null"",""string""]): []
"
85a601ee-1d8d-4cb0-a6e9-91a813f01ee1,5a661fc5-551e-42fe-aaa4-1dc0ae220652,false,"[OAS] [OAS] validation failed:
 - ERROR - [Path '/addressDTO'] Object instance has properties which are not allowed by the schema: [""randomArray3"",""randomLong2"",""randomObject1"",""randomObject4""]: []
"
85a601ee-1d8d-4cb0-a6e9-91a813f01ee1,bad141e7-65e7-42ca-9e3e-94b73819d239,false,"[OAS] [OAS] validation failed:
 - ERROR - [Path '/addressDTO/address'] Instance type (object) does not match any allowed primitive type (allowed: [""null"",""string""]): []
"
85a601ee-1d8d-4cb0-a6e9-91a813f01ee1,a608e631-a351-4430-825d-7b5e5c8c0af6,false,"[OAS] [OAS] validation failed:
 - ERROR - [Path '/addressDTO/address2'] Instance type (boolean) does not match any allowed primitive type (allowed: [""null"",""string""]): []
"
85a601ee-1d8d-4cb0-a6e9-91a813f01ee1,2bf4f288-1c0d-46d6-99f3-65e7ad131f6a,false,"[OAS] [OAS] validation failed:
 - ERROR - [Path '/addressDTO/country'] Instance type (integer) does not match any allowed primitive type (allowed: [""null"",""string""]): []
"
85a601ee-1d8d-4cb0-a6e9-91a813f01ee1,76cf2bc9-a745-44b6-b556-568d9a3e9488,false,"[OAS] [OAS] validation failed:
 - ERROR - [Path '/addressDTO/zipCode'] Instance type (integer) does not match any allowed primitive type (allowed: [""null"",""string""]): []
"
85a601ee-1d8d-4cb0-a6e9-91a813f01ee1,f842a8a5-a259-4355-b6b8-2429b8289481,false,"[OAS] [OAS] validation failed:
 - ERROR - [Path '/roles'] Instance type (null) does not match any allowed primitive type (allowed: [""array""]): []
"
85a601ee-1d8d-4cb0-a6e9-91a813f01ee1,e7420335-5ffe-427f-abf7-fc9f8950690b,false,"[OAS] [OAS] validation failed:
 - ERROR - [Path '/permissions/2'] Instance type (object) does not match any allowed primitive type (allowed: [""string""]): []
"
85a601ee-1d8d-4cb0-a6e9-91a813f01ee1,4f93ef98-f9a8-4c52-85e6-3e5e36d65f72,false,"[OAS] [OAS] validation failed:
 - ERROR - [Path '/permissions/0'] Instance type (array) does not match any allowed primitive type (allowed: [""string""]): []
"
46d70dbe-351b-474c-9de8-89eca04872f7,a01182cc-6f55-4322-a802-cd79f03bbf28,false,[NO_5XX] Unexpected 5XX response: 500
46d70dbe-351b-474c-9de8-89eca04872f7,1dd50079-6f1f-4dcf-a6e1-54320c9b8f14,false,"[OAS] [OAS] validation failed:
 - ERROR - Object instance has properties which are not allowed by the schema: [""randomBoolean1""]: []
"
46d70dbe-351b-474c-9de8-89eca04872f7,40b83a9f-7f93-47dc-91ce-33bd8030c539,false,"[OAS] [OAS] validation failed:
 - ERROR - [Path '/id'] Instance type (number) does not match any allowed primitive type (allowed: [""integer""]): []
"
46d70dbe-351b-474c-9de8-89eca04872f7,90ff19f6-62ff-47df-b142-5372f8131d18,false,"[OAS] [OAS] validation failed:
 - ERROR - [Path '/username'] Instance type (null) does not match any allowed primitive type (allowed: [""string""]): []
"
46d70dbe-351b-474c-9de8-89eca04872f7,f7c4e81d-c0a5-4481-9fee-a1a0e191f174,false,"[OAS] [OAS] validation failed:
 - ERROR - [Path '/gender'] Instance type (array) does not match any allowed primitive type (allowed: [""string""]): []
"
46d70dbe-351b-474c-9de8-89eca04872f7,9e25955a-c4af-401a-a927-ef0563d69cde,false,"[OAS] [OAS] validation failed:
 - ERROR - [Path '/birthDate'] String "")73"" is invalid against requested date format(s) yyyy-MM-dd: []
"
46d70dbe-351b-474c-9de8-89eca04872f7,c795f88f-dc52-4fb5-9cd5-f39ccb2403db,false,"[OAS] [OAS] validation failed:
 - ERROR - [Path '/enabled'] Instance type (number) does not match any allowed primitive type (allowed: [""boolean""]): []
"
46d70dbe-351b-474c-9de8-89eca04872f7,37e95d71-1977-4e7b-9d28-9111cc8a8ab2,false,"[OAS] [OAS] validation failed:
 - ERROR - [Path '/loginDt'] Instance type (number) does not match any allowed primitive type (allowed: [""null"",""string""]): []
"
46d70dbe-351b-474c-9de8-89eca04872f7,47776355-a565-4af0-8ad3-2b5c2afff0ac,false,"[OAS] [OAS] validation failed:
 - ERROR - [Path '/contactDTO/skype'] Instance type (integer) does not match any allowed primitive type (allowed: [""null"",""string""]): []
"
46d70dbe-351b-474c-9de8-89eca04872f7,6c844308-47fa-424d-8342-bc79e32bf97a,false,"[OAS] [OAS] validation failed:
 - ERROR - [Path '/contactDTO/linkedin'] Instance type (boolean) does not match any allowed primitive type (allowed: [""null"",""string""]): []
"
46d70dbe-351b-474c-9de8-89eca04872f7,8b2a8547-8cea-4566-bf29-8b4905ae74e9,false,"[OAS] [OAS] validation failed:
 - ERROR - [Path '/contactDTO/contactNote'] Instance type (integer) does not match any allowed primitive type (allowed: [""null"",""string""]): []
"
46d70dbe-351b-474c-9de8-89eca04872f7,a6ab7679-1111-4f8a-ae59-02baa6086736,false,"[OAS] [OAS] validation failed:
 - ERROR - [Path '/addressDTO/country'] Instance type (boolean) does not match any allowed primitive type (allowed: [""null"",""string""]): []
"
46d70dbe-351b-474c-9de8-89eca04872f7,2e115339-9516-4adf-8373-5343ff15ed02,false,"[OAS] [OAS] validation failed:
 - ERROR - [Path '/roles/1'] Instance type (boolean) does not match any allowed primitive type (allowed: [""string""]): []
"
fc02cb37-1e92-45d0-81e4-507a7f9a8ca8,e24b75ef-d9ab-448c-9abd-4ec02fb6afb1,false,[NO_5XX] Unexpected 5XX response: 501
fc02cb37-1e92-45d0-81e4-507a7f9a8ca8,37256762-46ca-40a2-a2ce-d95c4e149110,false,"[OAS] [OAS] validation failed:
 - ERROR - Object instance has properties which are not allowed by the schema: [""randomBoolean1""]: []
"
fc02cb37-1e92-45d0-81e4-507a7f9a8ca8,bf06e8e2-4475-4fbb-8fae-4fc26399e35e,false,"[OAS] [OAS] validation failed:
 - ERROR - [Path '/id'] Instance type (null) does not match any allowed primitive type (allowed: [""integer""]): []
"
fc02cb37-1e92-45d0-81e4-507a7f9a8ca8,1d470a95-8e54-4dfb-b552-f8f43dfd77f3,false,"[OAS] [OAS] validation failed:
 - ERROR - [Path '/name'] Instance type (object) does not match any allowed primitive type (allowed: [""string""]): []
"
fc02cb37-1e92-45d0-81e4-507a7f9a8ca8,1a3df63e-a38d-4f1b-8337-2376bc122dad,false,"[OAS] [OAS] validation failed:
 - ERROR - [Path '/surname'] Instance type (object) does not match any allowed primitive type (allowed: [""null"",""string""]): []
"
fc02cb37-1e92-45d0-81e4-507a7f9a8ca8,885c69ce-9c87-4456-8835-ddb0bd43668d,false,"[OAS] [OAS] validation failed:
 - ERROR - [Path '/gender'] Instance type (null) does not match any allowed primitive type (allowed: [""string""]): []
"
fc02cb37-1e92-45d0-81e4-507a7f9a8ca8,6c347ec9-ea43-4e82-b32b-9b4a2701410b,false,"[OAS] [OAS] validation failed:
 - ERROR - [Path '/birthDate'] String ""198/*5-12-01"" is invalid against requested date format(s) yyyy-MM-dd: []
"
fc02cb37-1e92-45d0-81e4-507a7f9a8ca8,f39fd2e7-8ee2-4ac5-bf06-df278f995d45,false,"[OAS] [OAS] validation failed:
 - ERROR - [Path '/enabled'] Instance type (null) does not match any allowed primitive type (allowed: [""boolean""]): []
"
fc02cb37-1e92-45d0-81e4-507a7f9a8ca8,1597cabf-c640-432d-81f1-d04d39130c24,false,"[OAS] [OAS] validation failed:
 - ERROR - [Path '/loginDt'] Instance type (number) does not match any allowed primitive type (allowed: [""null"",""string""]): []
"
fc02cb37-1e92-45d0-81e4-507a7f9a8ca8,68d2ae0a-94a3-4539-80b1-b44b9183f3d5,false,"[OAS] [OAS] validation failed:
 - ERROR - [Path '/secured'] Instance type (object) does not match any allowed primitive type (allowed: [""boolean""]): []
"
fc02cb37-1e92-45d0-81e4-507a7f9a8ca8,f7f28c54-14b5-4426-8e0b-eb1f80a55bbc,false,"[OAS] [OAS] validation failed:
 - ERROR - [Path '/contactDTO'] Instance type (null) does not match any allowed primitive type (allowed: [""object""]): []
"
fc02cb37-1e92-45d0-81e4-507a7f9a8ca8,ec239f3f-9aa2-4809-b66a-a5f2c0789231,false,"[OAS] [OAS] validation failed:
 - ERROR - [Path '/contactDTO/website'] Instance type (object) does not match any allowed primitive type (allowed: [""null"",""string""]): []
"
fc02cb37-1e92-45d0-81e4-507a7f9a8ca8,c037b929-1ebd-4ed2-897b-d6b6a9d51145,false,"[OAS] [OAS] validation failed:
 - ERROR - [Path '/contactDTO/contactNote'] Instance type (object) does not match any allowed primitive type (allowed: [""null"",""string""]): []
"
fc02cb37-1e92-45d0-81e4-507a7f9a8ca8,83cbe92c-fe80-4ca7-9705-31ba78f469a6,false,"[OAS] [OAS] validation failed:
 - ERROR - [Path '/addressDTO'] Instance type (null) does not match any allowed primitive type (allowed: [""object""]): []
"
fc02cb37-1e92-45d0-81e4-507a7f9a8ca8,4b9a5590-ae5c-4806-9685-84e5bd092fc8,false,"[OAS] [OAS] validation failed:
 - ERROR - [Path '/addressDTO/address'] Instance type (array) does not match any allowed primitive type (allowed: [""null"",""string""]): []
"
fc02cb37-1e92-45d0-81e4-507a7f9a8ca8,d7e16305-dd84-4204-a68f-f6b6222178ce,false,"[OAS] [OAS] validation failed:
 - ERROR - [Path '/addressDTO/city'] Instance type (integer) does not match any allowed primitive type (allowed: [""null"",""string""]): []
"
fc02cb37-1e92-45d0-81e4-507a7f9a8ca8,2e659f2a-9ea4-4af2-bdcf-aa5bcc1cfc30,false,"[OAS] [OAS] validation failed:
 - ERROR - [Path '/addressDTO/country'] Instance type (integer) does not match any allowed primitive type (allowed: [""null"",""string""]): []
"
fc02cb37-1e92-45d0-81e4-507a7f9a8ca8,4bdf4d60-4f9d-4573-9c33-b29dd937dcef,false,"[OAS] [OAS] validation failed:
 - ERROR - [Path '/roles/1'] Instance type (boolean) does not match any allowed primitive type (allowed: [""string""]): []
"
fc02cb37-1e92-45d0-81e4-507a7f9a8ca8,84a40ef1-1cb8-4078-8430-b500c712b5e7,false,"[OAS] [OAS] validation failed:
 - ERROR - [Path '/permissions/0'] Instance type (null) does not match any allowed primitive type (allowed: [""string""]): []
"
fc02cb37-1e92-45d0-81e4-507a7f9a8ca8,69926df3-025c-4f38-89d8-dd0a64ab3cc4,false,"[OAS] [OAS] validation failed:
 - ERROR - [Path '/permissions/1'] Instance type (boolean) does not match any allowed primitive type (allowed: [""string""]): []
"
01c80bc1-0090-45c3-9607-bf763cee135a,15890be1-6499-498e-ac8d-18103d2cb67c,false,"[OAS] [OAS] validation failed:
 - ERROR - Object instance has properties which are not allowed by the schema: [""addressDTO"",""birthDate"",""contactDTO"",""enabled"",""gender"",""id"",""loginDt"",""name"",""note"",""permissions"",""roles"",""secured"",""surname"",""username""]: []
"
01c80bc1-0090-45c3-9607-bf763cee135a,452e120a-fcab-4023-8da9-65f1ef8a5592,false,"[OAS] [OAS] validation failed:
 - ERROR - Object instance has properties which are not allowed by the schema: [""randomBoolean1""]: []
"
01c80bc1-0090-45c3-9607-bf763cee135a,98689434-d221-4408-9993-a7724f6a46b6,false,"[OAS] [OAS] validation failed:
 - ERROR - [Path '/username'] Instance type (number) does not match any allowed primitive type (allowed: [""string""]): []
"
01c80bc1-0090-45c3-9607-bf763cee135a,f215b589-fc6a-4697-8c84-41fe9e300c93,false,"[OAS] [OAS] validation failed:
 - ERROR - [Path '/name'] Instance type (object) does not match any allowed primitive type (allowed: [""string""]): []
"
01c80bc1-0090-45c3-9607-bf763cee135a,3a56b4fc-5b0e-4115-b6b5-1719c1d18546,false,"[OAS] [OAS] validation failed:
 - ERROR - [Path '/surname'] Instance type (object) does not match any allowed primitive type (allowed: [""null"",""string""]): []
"
01c80bc1-0090-45c3-9607-bf763cee135a,a7416cc5-7809-42e3-8c8d-47dabc34902c,false,"[OAS] [OAS] validation failed:
 - ERROR - [Path '/birthDate'] String ""EJEMPLO MAYUS"" is invalid against requested date format(s) yyyy-MM-dd: []
"
01c80bc1-0090-45c3-9607-bf763cee135a,8de9f338-bbb4-41b2-9c6a-7357f0d61b38,false,"[OAS] [OAS] validation failed:
 - ERROR - [Path '/enabled'] Instance type (null) does not match any allowed primitive type (allowed: [""boolean""]): []
"
01c80bc1-0090-45c3-9607-bf763cee135a,519296e6-330e-466d-b9ff-fa6f9e958264,false,"[OAS] [OAS] validation failed:
 - ERROR - [Path '/loginDt'] Instance type (number) does not match any allowed primitive type (allowed: [""null"",""string""]): []
"
01c80bc1-0090-45c3-9607-bf763cee135a,83ae1796-67c3-467b-87da-14b55f1b9961,false,"[OAS] [OAS] validation failed:
 - ERROR - [Path '/secured'] Instance type (null) does not match any allowed primitive type (allowed: [""boolean""]): []
"
01c80bc1-0090-45c3-9607-bf763cee135a,999cac54-c5c0-473f-aca5-b46544d6d6ac,false,"[OAS] [OAS] validation failed:
 - ERROR - [Path '/contactDTO/facebook'] Instance type (object) does not match any allowed primitive type (allowed: [""null"",""string""]): []
"
01c80bc1-0090-45c3-9607-bf763cee135a,e78780a5-120b-4a7f-8e12-059068373627,false,"[OAS] [OAS] validation failed:
 - ERROR - [Path '/contactDTO/linkedin'] Instance type (object) does not match any allowed primitive type (allowed: [""null"",""string""]): []
"
01c80bc1-0090-45c3-9607-bf763cee135a,75c40425-d9d2-4835-8747-354f8fa3cbc8,false,"[OAS] [OAS] validation failed:
 - ERROR - [Path '/contactDTO/contactNote'] Instance type (array) does not match any allowed primitive type (allowed: [""null"",""string""]): []
"
01c80bc1-0090-45c3-9607-bf763cee135a,16ad4697-1b1d-4bf6-a95b-02e8fa527f56,false,"[OAS] [OAS] validation failed:
 - ERROR - [Path '/addressDTO'] Object instance has properties which are not allowed by the schema: [""randomArray3"",""randomLong2"",""randomObject1"",""randomObject4""]: []
"
01c80bc1-0090-45c3-9607-bf763cee135a,ed4a4791-503f-4225-ac3f-388816dbfbf2,false,"[OAS] [OAS] validation failed:
 - ERROR - [Path '/addressDTO/address2'] Instance type (object) does not match any allowed primitive type (allowed: [""null"",""string""]): []
"
01c80bc1-0090-45c3-9607-bf763cee135a,63362814-6983-44e5-b05d-240665882b91,false,"[OAS] [OAS] validation failed:
 - ERROR - [Path '/addressDTO/city'] Instance type (array) does not match any allowed primitive type (allowed: [""null"",""string""]): []
"
01c80bc1-0090-45c3-9607-bf763cee135a,701a8bc3-1e3d-46e9-9d21-2f4862469a3f,false,"[OAS] [OAS] validation failed:
 - ERROR - [Path '/addressDTO/country'] Instance type (integer) does not match any allowed primitive type (allowed: [""null"",""string""]): []
"
01c80bc1-0090-45c3-9607-bf763cee135a,ab1e5816-ca04-4a6a-b24f-e28de5c149bd,false,"[OAS] [OAS] validation failed:
 - ERROR - [Path '/roles'] Instance type (null) does not match any allowed primitive type (allowed: [""array""]): []
"
01c80bc1-0090-45c3-9607-bf763cee135a,aa1a4654-7d9a-4ba4-b93c-a4750982aca8,false,"[OAS] [OAS] validation failed:
 - ERROR - [Path '/roles/0'] Instance type (array) does not match any allowed primitive type (allowed: [""string""]): []
"
01c80bc1-0090-45c3-9607-bf763cee135a,c62abb29-d015-47c5-a120-0952e4a9c51a,false,"[OAS] [OAS] validation failed:
 - ERROR - [Path '/permissions/1'] Instance type (null) does not match any allowed primitive type (allowed: [""string""]): []
"
fd0bda81-931c-4e6a-852e-b5855670c3e9,ab8af4b0-2feb-4a22-ba7b-eb26d0d7cef9,false,"[OAS] [OAS] validation failed:
 - ERROR - Response status 200 not defined for path '/users/{id}'.: []
"
fd0bda81-931c-4e6a-852e-b5855670c3e9,5eda00c8-d4e6-46f9-a11b-c18fc31c8f81,false,"[OAS] [OAS] validation failed:
 - ERROR - [Path '/id'] Instance type (number) does not match any allowed primitive type (allowed: [""integer""]): []
"
fd0bda81-931c-4e6a-852e-b5855670c3e9,1768ed86-246d-4631-a954-01d8a93c0eb8,false,"[OAS] [OAS] validation failed:
 - ERROR - [Path '/username'] Instance type (null) does not match any allowed primitive type (allowed: [""string""]): []
"
fd0bda81-931c-4e6a-852e-b5855670c3e9,a2771062-5fa2-4e4a-83a2-64b8a5618aca,false,"[OAS] [OAS] validation failed:
 - ERROR - [Path '/name'] Instance type (object) does not match any allowed primitive type (allowed: [""string""]): []
"
fd0bda81-931c-4e6a-852e-b5855670c3e9,f9c9cfca-62e5-4be3-b6bb-fa149b93dcea,false,"[OAS] [OAS] validation failed:
 - ERROR - [Path '/surname'] Instance type (number) does not match any allowed primitive type (allowed: [""null"",""string""]): []
"
fd0bda81-931c-4e6a-852e-b5855670c3e9,307f96be-137b-4ccd-bb5d-7a176969b21f,false,"[OAS] [OAS] validation failed:
 - ERROR - [Path '/gender'] Instance type (null) does not match any allowed primitive type (allowed: [""string""]): []
"
fd0bda81-931c-4e6a-852e-b5855670c3e9,a63d4892-3cb7-4ce5-9b3f-daf37417cf68,false,"[OAS] [OAS] validation failed:
 - ERROR - [Path '/birthDate'] String ""EJEMPLO MAYUS"" is invalid against requested date format(s) yyyy-MM-dd: []
"
fd0bda81-931c-4e6a-852e-b5855670c3e9,036909c6-fd60-4478-9948-b838cee29bca,false,"[OAS] [OAS] validation failed:
 - ERROR - [Path '/loginDt'] Instance type (object) does not match any allowed primitive type (allowed: [""null"",""string""]): []
"
fd0bda81-931c-4e6a-852e-b5855670c3e9,f7a846fb-ea0d-4244-9df1-5aee68192f39,false,"[OAS] [OAS] validation failed:
 - ERROR - [Path '/secured'] Instance type (null) does not match any allowed primitive type (allowed: [""boolean""]): []
"
fd0bda81-931c-4e6a-852e-b5855670c3e9,1402bbcb-1921-448c-bd1a-a9720ae28ac4,false,"[OAS] [OAS] validation failed:
 - ERROR - [Path '/contactDTO'] Object instance has properties which are not allowed by the schema: [""randomBoolean1"",""randomObject2""]: []
"
fd0bda81-931c-4e6a-852e-b5855670c3e9,22b4f7d3-d2bd-43c2-b48e-d54d1dc6120a,false,"[OAS] [OAS] validation failed:
 - ERROR - [Path '/contactDTO/email'] Instance type (array) does not match any allowed primitive type (allowed: [""string""]): []
"
fd0bda81-931c-4e6a-852e-b5855670c3e9,99d17fee-2050-40a3-b906-4c64d0e13bee,false,"[OAS] [OAS] validation failed:
 - ERROR - [Path '/contactDTO/skype'] Instance type (object) does not match any allowed primitive type (allowed: [""null"",""string""]): []
"
fd0bda81-931c-4e6a-852e-b5855670c3e9,a78bf338-d04b-4066-82fa-255a71277c97,false,"[OAS] [OAS] validation failed:
 - ERROR - [Path '/contactDTO/facebook'] Instance type (array) does not match any allowed primitive type (allowed: [""null"",""string""]): []
"
fd0bda81-931c-4e6a-852e-b5855670c3e9,20cb814b-92c7-4546-b1f0-5d16b08e515f,false,"[OAS] [OAS] validation failed:
 - ERROR - [Path '/addressDTO'] Object instance has properties which are not allowed by the schema: [""randomArray3"",""randomLong2"",""randomObject1"",""randomObject4""]: []
"
fd0bda81-931c-4e6a-852e-b5855670c3e9,3314fd7b-89d9-42f3-b176-d604b0bfd024,false,"[OAS] [OAS] validation failed:
 - ERROR - [Path '/addressDTO/address'] Instance type (integer) does not match any allowed primitive type (allowed: [""null"",""string""]): []
"
fd0bda81-931c-4e6a-852e-b5855670c3e9,f1201f4e-f8ea-4a6e-a387-b861f6b0122a,false,"[OAS] [OAS] validation failed:
 - ERROR - [Path '/addressDTO/zipCode'] Instance type (array) does not match any allowed primitive type (allowed: [""null"",""string""]): []
"
fd0bda81-931c-4e6a-852e-b5855670c3e9,3abfec28-2ca1-4d55-ac78-0d284d76b4cd,false,"[OAS] [OAS] validation failed:
 - ERROR - [Path '/permissions'] Instance type (object) does not match any allowed primitive type (allowed: [""array""]): []
"
79073d0c-a296-4d45-8e49-0e4f93ddef40,b3d340fd-7bac-446a-9064-b6d6431b8000,false,[NO_5XX] Unexpected 5XX response: 501
79073d0c-a296-4d45-8e49-0e4f93ddef40,be2e3568-f915-4b46-8997-3eea4e679ab2,false,"[OAS] [OAS] validation failed:
 - ERROR - [Path '/id'] Instance type (null) does not match any allowed primitive type (allowed: [""integer""]): []
"
79073d0c-a296-4d45-8e49-0e4f93ddef40,c6b3b9b4-968e-45e4-af94-675d5e24337f,false,"[OAS] [OAS] validation failed:
 - ERROR - [Path '/name'] Instance type (object) does not match any allowed primitive type (allowed: [""string""]): []
"
79073d0c-a296-4d45-8e49-0e4f93ddef40,bc51ac94-c572-4a01-80bc-74f2f375ba42,false,"[OAS] [OAS] validation failed:
 - ERROR - [Path '/birthDate'] String ""EJEMPLO MAYUS"" is invalid against requested date format(s) yyyy-MM-dd: []
"
79073d0c-a296-4d45-8e49-0e4f93ddef40,53b53328-5c6f-409a-94ad-1e14427fcce1,false,"[OAS] [OAS] validation failed:
 - ERROR - [Path '/enabled'] Instance type (number) does not match any allowed primitive type (allowed: [""boolean""]): []
"
79073d0c-a296-4d45-8e49-0e4f93ddef40,346c3125-9076-4990-94eb-c563c2eea8e2,false,"[OAS] [OAS] validation failed:
 - ERROR - [Path '/loginDt'] Instance type (number) does not match any allowed primitive type (allowed: [""null"",""string""]): []
"
79073d0c-a296-4d45-8e49-0e4f93ddef40,db99914f-0f1f-4146-be01-cba124ee32e3,false,"[OAS] [OAS] validation failed:
 - ERROR - [Path '/contactDTO/phone'] Instance type (object) does not match any allowed primitive type (allowed: [""null"",""string""]): []
"
79073d0c-a296-4d45-8e49-0e4f93ddef40,4725377e-5016-41b0-bf50-bb3edb889bd4,false,"[OAS] [OAS] validation failed:
 - ERROR - [Path '/addressDTO/city'] Instance type (array) does not match any allowed primitive type (allowed: [""null"",""string""]): []
"
79073d0c-a296-4d45-8e49-0e4f93ddef40,f60b19fa-0bdc-4119-a2cc-0a85151b8c81,false,"[OAS] [OAS] validation failed:
 - ERROR - [Path '/roles/1'] Instance type (boolean) does not match any allowed primitive type (allowed: [""string""]): []
"
79073d0c-a296-4d45-8e49-0e4f93ddef40,0ae45bcc-5e79-4130-b93f-5ddd47d1e8e9,false,"[OAS] [OAS] validation failed:
 - ERROR - [Path '/permissions/2'] Instance type (object) does not match any allowed primitive type (allowed: [""string""]): []
"
79073d0c-a296-4d45-8e49-0e4f93ddef40,4a7c3ca5-eaa5-4b56-aab7-08782ecb1631,false,"[OAS] [OAS] validation failed:
 - ERROR - [Path '/permissions/0'] Instance type (null) does not match any allowed primitive type (allowed: [""string""]): []
"
1ff5a2ad-4916-4093-9fd0-032e560b4eb0,902950ac-95f4-42e2-98fd-a49d84b7290b,false,[NO_5XX] Unexpected 5XX response: 504
1ff5a2ad-4916-4093-9fd0-032e560b4eb0,d014b2d0-7790-4c72-b734-babffee15e53,false,"[OAS] [OAS] validation failed:
 - ERROR - [Path '/name'] Instance type (null) does not match any allowed primitive type (allowed: [""string""]): []
"
1ff5a2ad-4916-4093-9fd0-032e560b4eb0,87244bf9-8912-4931-8a62-6fdb83608f11,false,"[OAS] [OAS] validation failed:
 - ERROR - [Path '/gender'] Instance type (null) does not match any allowed primitive type (allowed: [""string""]): []
"
1ff5a2ad-4916-4093-9fd0-032e560b4eb0,e646f6af-141f-4ee3-8ea3-8eab58ca1fd7,false,"[OAS] [OAS] validation failed:
 - ERROR - [Path '/birthDate'] Instance type (number) does not match any allowed primitive type (allowed: [""null"",""string""]): []
"
1ff5a2ad-4916-4093-9fd0-032e560b4eb0,13e41c36-b43b-400e-a700-23ae13742eee,false,"[OAS] [OAS] validation failed:
 - ERROR - [Path '/enabled'] Instance type (number) does not match any allowed primitive type (allowed: [""boolean""]): []
"
1ff5a2ad-4916-4093-9fd0-032e560b4eb0,b14d3483-416f-4b0a-9fc5-085e216038d0,false,"[OAS] [OAS] validation failed:
 - ERROR - [Path '/note'] Instance type (object) does not match any allowed primitive type (allowed: [""null"",""string""]): []
"
1ff5a2ad-4916-4093-9fd0-032e560b4eb0,8357afd1-f260-4c1a-8691-c26390a4e645,false,"[OAS] [OAS] validation failed:
 - ERROR - [Path '/loginDt'] Instance type (object) does not match any allowed primitive type (allowed: [""null"",""string""]): []
"
1ff5a2ad-4916-4093-9fd0-032e560b4eb0,01650a3c-01dd-4f7f-a795-bcfaf68fef3d,false,"[OAS] [OAS] validation failed:
 - ERROR - [Path '/addressDTO/address2'] Instance type (array) does not match any allowed primitive type (allowed: [""null"",""string""]): []
"
1ff5a2ad-4916-4093-9fd0-032e560b4eb0,844efbd9-244b-4131-8440-a8311e1a4cae,false,"[OAS] [OAS] validation failed:
 - ERROR - [Path '/addressDTO/country'] Instance type (integer) does not match any allowed primitive type (allowed: [""null"",""string""]): []
"
1ff5a2ad-4916-4093-9fd0-032e560b4eb0,658a41b3-f369-4d1a-84db-7e40a1f0e605,false,"[OAS] [OAS] validation failed:
 - ERROR - [Path '/addressDTO/zipCode'] Instance type (integer) does not match any allowed primitive type (allowed: [""null"",""string""]): []
"
1ff5a2ad-4916-4093-9fd0-032e560b4eb0,bc9b303f-b730-4271-beda-473c870da562,false,"[OAS] [OAS] validation failed:
 - ERROR - [Path '/permissions'] Instance type (null) does not match any allowed primitive type (allowed: [""array""]): []
"
d32877fb-a75d-4dfa-931f-f5978ecd24e6,fe447df4-930e-4b57-b94a-9fc801ad0460,false,"[OAS] [OAS] validation failed:
 - ERROR - Response status 200 not defined for path '/users/{id}'.: []
"
d32877fb-a75d-4dfa-931f-f5978ecd24e6,e723abcf-1102-4fb0-ae15-4c603323b144,false,"[OAS] [OAS] validation failed:
 - ERROR - [Path '/birthDate'] Instance type (number) does not match any allowed primitive type (allowed: [""null"",""string""]): []
"
d32877fb-a75d-4dfa-931f-f5978ecd24e6,4339a6ef-e78e-455c-934b-dab9cadf3a66,false,"[OAS] [OAS] validation failed:
 - ERROR - [Path '/enabled'] Instance type (number) does not match any allowed primitive type (allowed: [""boolean""]): []
"
d32877fb-a75d-4dfa-931f-f5978ecd24e6,87606f0a-0af9-4bba-94ef-93bfdc80a457,false,"[OAS] [OAS] validation failed:
 - ERROR - [Path '/note'] Instance type (object) does not match any allowed primitive type (allowed: [""null"",""string""]): []
"
d32877fb-a75d-4dfa-931f-f5978ecd24e6,69d85307-6c6f-4096-b4f3-109ba5d69494,false,"[OAS] [OAS] validation failed:
 - ERROR - [Path '/loginDt'] Instance type (object) does not match any allowed primitive type (allowed: [""null"",""string""]): []
"
d32877fb-a75d-4dfa-931f-f5978ecd24e6,351fe150-26f6-4e1f-818f-93b5cfe51f19,false,"[OAS] [OAS] validation failed:
 - ERROR - [Path '/contactDTO'] Object instance has properties which are not allowed by the schema: [""randomBoolean1"",""randomObject2""]: []
"
d32877fb-a75d-4dfa-931f-f5978ecd24e6,3b2bccfe-7a8c-41c2-968d-97161dbcea06,false,"[OAS] [OAS] validation failed:
 - ERROR - [Path '/contactDTO/phone'] Instance type (array) does not match any allowed primitive type (allowed: [""null"",""string""]): []
"
d32877fb-a75d-4dfa-931f-f5978ecd24e6,37cd5e4c-e9b6-4dac-a3f9-68784899424c,false,"[OAS] [OAS] validation failed:
 - ERROR - [Path '/addressDTO/address'] Instance type (integer) does not match any allowed primitive type (allowed: [""null"",""string""]): []
"
d32877fb-a75d-4dfa-931f-f5978ecd24e6,ff903867-5a24-4425-b08b-8b3fad82dac0,false,"[OAS] [OAS] validation failed:
 - ERROR - [Path '/addressDTO/address2'] Instance type (boolean) does not match any allowed primitive type (allowed: [""null"",""string""]): []
"
d32877fb-a75d-4dfa-931f-f5978ecd24e6,c8441fa8-7a86-4321-8152-e3dbca502a52,false,"[OAS] [OAS] validation failed:
 - ERROR - [Path '/addressDTO/city'] Instance type (array) does not match any allowed primitive type (allowed: [""null"",""string""]): []
"
d32877fb-a75d-4dfa-931f-f5978ecd24e6,bfa60c56-a518-4bbc-8473-e24aa1763ad2,false,"[OAS] [OAS] validation failed:
 - ERROR - [Path '/addressDTO/zipCode'] Instance type (integer) does not match any allowed primitive type (allowed: [""null"",""string""]): []
"
d32877fb-a75d-4dfa-931f-f5978ecd24e6,65065d82-10ec-4656-844b-710a18a0e119,false,"[OAS] [OAS] validation failed:
 - ERROR - [Path '/roles'] Instance type (number) does not match any allowed primitive type (allowed: [""array""]): []
"
d32877fb-a75d-4dfa-931f-f5978ecd24e6,25d34a62-e280-4007-b036-cbe169dcca64,false,"[OAS] [OAS] validation failed:
 - ERROR - [Path '/permissions/0'] Instance type (array) does not match any allowed primitive type (allowed: [""string""]): []
"
d32877fb-a75d-4dfa-931f-f5978ecd24e6,5c25316c-c5be-438f-a379-452b3f585272,false,"[OAS] [OAS] validation failed:
 - ERROR - [Path '/permissions/1'] Instance type (boolean) does not match any allowed primitive type (allowed: [""string""]): []
"
8bedb688-8bce-4428-8534-185831e44b33,f67bf3ea-dbf2-4335-b008-63e88ae81f61,false,"[OAS] [OAS] validation failed:
 - ERROR - Response status 200 not defined for path '/users/{id}'.: []
"
8bedb688-8bce-4428-8534-185831e44b33,13b57232-50c5-4eae-8741-9758d61c00a9,false,"[OAS] [OAS] validation failed:
 - ERROR - [Path '/surname'] Instance type (number) does not match any allowed primitive type (allowed: [""null"",""string""]): []
"
8bedb688-8bce-4428-8534-185831e44b33,b2ba0625-8cdd-47b9-a59c-bf74661e8d5e,false,"[OAS] [OAS] validation failed:
 - ERROR - [Path '/birthDate'] String "" ""K32s3"" is invalid against requested date format(s) yyyy-MM-dd: []
"
8bedb688-8bce-4428-8534-185831e44b33,c6a4e46a-4d66-41e4-b89e-89da574d6be7,false,"[OAS] [OAS] validation failed:
 - ERROR - [Path '/enabled'] Instance type (null) does not match any allowed primitive type (allowed: [""boolean""]): []
"
8bedb688-8bce-4428-8534-185831e44b33,0419d84e-c145-4a0d-bf9e-ab2a77c910fa,false,"[OAS] [OAS] validation failed:
 - ERROR - [Path '/loginDt'] Instance type (object) does not match any allowed primitive type (allowed: [""null"",""string""]): []
"
8bedb688-8bce-4428-8534-185831e44b33,8cc1de27-a090-47dd-bb10-db66ce8be549,false,"[OAS] [OAS] validation failed:
 - ERROR - [Path '/secured'] Instance type (object) does not match any allowed primitive type (allowed: [""boolean""]): []
"
8bedb688-8bce-4428-8534-185831e44b33,9af99bbc-fb5b-4696-8b3f-bcf2ceca92f9,false,"[OAS] [OAS] validation failed:
 - ERROR - [Path '/contactDTO'] Instance type (number) does not match any allowed primitive type (allowed: [""object""]): []
"
8bedb688-8bce-4428-8534-185831e44b33,63af4d98-930e-45a2-ad82-dfddd7776670,false,"[OAS] [OAS] validation failed:
 - ERROR - [Path '/contactDTO/email'] Instance type (array) does not match any allowed primitive type (allowed: [""string""]): []
"
8bedb688-8bce-4428-8534-185831e44b33,c8be1238-e997-4276-ae8a-cfe4c76c7028,false,"[OAS] [OAS] validation failed:
 - ERROR - [Path '/contactDTO/skype'] Instance type (object) does not match any allowed primitive type (allowed: [""null"",""string""]): []
"
8bedb688-8bce-4428-8534-185831e44b33,950a2a19-e896-4793-8dc5-da4e2759ac2f,false,"[OAS] [OAS] validation failed:
 - ERROR - [Path '/contactDTO/contactNote'] Instance type (array) does not match any allowed primitive type (allowed: [""null"",""string""]): []
"
8bedb688-8bce-4428-8534-185831e44b33,83042e0b-52bc-4db7-be17-b82d720c1290,false,"[OAS] [OAS] validation failed:
 - ERROR - [Path '/addressDTO'] Object instance has properties which are not allowed by the schema: [""randomArray3"",""randomLong2"",""randomObject1"",""randomObject4""]: []
"
8bedb688-8bce-4428-8534-185831e44b33,edbe99fd-d1ba-4af2-bbb6-cacca5c2c84a,false,"[OAS] [OAS] validation failed:
 - ERROR - [Path '/addressDTO/address2'] Instance type (integer) does not match any allowed primitive type (allowed: [""null"",""string""]): []
"
8bedb688-8bce-4428-8534-185831e44b33,4462d0a5-914a-46f8-ac35-c2812f8b57df,false,"[OAS] [OAS] validation failed:
 - ERROR - [Path '/roles'] Instance type (number) does not match any allowed primitive type (allowed: [""array""]): []
"
8bedb688-8bce-4428-8534-185831e44b33,fe862a36-65ce-47ce-8b12-09ec3bf353d1,false,"[OAS] [OAS] validation failed:
 - ERROR - [Path '/roles/0'] Instance type (null) does not match any allowed primitive type (allowed: [""string""]): []
"
8bedb688-8bce-4428-8534-185831e44b33,ae59e92c-28b9-4dbf-89d7-7fa4ccc6a2aa,false,"[OAS] [OAS] validation failed:
 - ERROR - [Path '/permissions/0'] Instance type (null) does not match any allowed primitive type (allowed: [""string""]): []
"
eb3da779-945a-46bf-9d33-8bd36877f6ee,8c1454f2-e197-419a-b021-9ce5476a01e7,false,"[OAS] [OAS] validation failed:
 - ERROR - Response status 403 not defined for path '/users/{id}'.: []
"
eb3da779-945a-46bf-9d33-8bd36877f6ee,ff0c6978-6aad-4a5b-9f29-f9d086835381,false,"[OAS] [OAS] validation failed:
 - ERROR - [Path '/gender'] Instance type (array) does not match any allowed primitive type (allowed: [""string""]): []
"
eb3da779-945a-46bf-9d33-8bd36877f6ee,2350e6e1-0c0e-40b1-ad92-d1473d50ff09,false,"[OAS] [OAS] validation failed:
 - ERROR - [Path '/enabled'] Instance type (number) does not match any allowed primitive type (allowed: [""boolean""]): []
"
eb3da779-945a-46bf-9d33-8bd36877f6ee,1d060520-9a0a-4619-baa2-c02e29e3358b,false,"[OAS] [OAS] validation failed:
 - ERROR - [Path '/loginDt'] Instance type (number) does not match any allowed primitive type (allowed: [""null"",""string""]): []
"
eb3da779-945a-46bf-9d33-8bd36877f6ee,b21d759b-b7c4-460a-9535-17d66b13d729,false,"[OAS] [OAS] validation failed:
 - ERROR - [Path '/secured'] Instance type (null) does not match any allowed primitive type (allowed: [""boolean""]): []
"
eb3da779-945a-46bf-9d33-8bd36877f6ee,c7b52b94-6665-47cc-acb4-47f2742eae29,false,"[OAS] [OAS] validation failed:
 - ERROR - [Path '/contactDTO'] Instance type (number) does not match any allowed primitive type (allowed: [""object""]): []
"
eb3da779-945a-46bf-9d33-8bd36877f6ee,b42f3d8d-fc4f-462c-bf5c-e91ac1c0faf7,false,"[OAS] [OAS] validation failed:
 - ERROR - [Path '/contactDTO/phone'] Instance type (array) does not match any allowed primitive type (allowed: [""null"",""string""]): []
"
eb3da779-945a-46bf-9d33-8bd36877f6ee,a127c928-fe51-460f-8267-c3676f1928ad,false,"[OAS] [OAS] validation failed:
 - ERROR - [Path '/contactDTO/facebook'] Instance type (object) does not match any allowed primitive type (allowed: [""null"",""string""]): []
"
eb3da779-945a-46bf-9d33-8bd36877f6ee,ee648ae1-d503-44ce-9eef-cd0d058196ff,false,"[OAS] [OAS] validation failed:
 - ERROR - [Path '/contactDTO/linkedin'] Instance type (object) does not match any allowed primitive type (allowed: [""null"",""string""]): []
"
eb3da779-945a-46bf-9d33-8bd36877f6ee,4eaf19c7-beca-435b-ac28-274216ef1587,false,"[OAS] [OAS] validation failed:
 - ERROR - [Path '/contactDTO/website'] Instance type (array) does not match any allowed primitive type (allowed: [""null"",""string""]): []
"
eb3da779-945a-46bf-9d33-8bd36877f6ee,7fa11662-2f5d-406c-9de4-c2026c976656,false,"[OAS] [OAS] validation failed:
 - ERROR - [Path '/addressDTO/city'] Instance type (integer) does not match any allowed primitive type (allowed: [""null"",""string""]): []
"
eb3da779-945a-46bf-9d33-8bd36877f6ee,440c5ab3-4e30-4f0e-b817-826e366abe31,false,"[OAS] [OAS] validation failed:
 - ERROR - [Path '/addressDTO/country'] Instance type (integer) does not match any allowed primitive type (allowed: [""null"",""string""]): []
"
eb3da779-945a-46bf-9d33-8bd36877f6ee,f72573dc-e1b1-451e-8fd4-8b8fcd385589,false,"[OAS] [OAS] validation failed:
 - ERROR - [Path '/addressDTO/zipCode'] Instance type (integer) does not match any allowed primitive type (allowed: [""null"",""string""]): []
"
eb3da779-945a-46bf-9d33-8bd36877f6ee,7eca2409-aeea-4327-853d-034965782263,false,"[OAS] [OAS] validation failed:
 - ERROR - [Path '/roles/1'] Instance type (boolean) does not match any allowed primitive type (allowed: [""string""]): []
"
eb3da779-945a-46bf-9d33-8bd36877f6ee,d18ca42c-f781-4701-848d-ed083157d40f,false,"[OAS] [OAS] validation failed:
 - ERROR - [Path '/roles/0'] Instance type (null) does not match any allowed primitive type (allowed: [""string""]): []
"
eb3da779-945a-46bf-9d33-8bd36877f6ee,8798a752-4e9b-4bbd-a22b-81ee04079542,false,"[OAS] [OAS] validation failed:
 - ERROR - [Path '/permissions/2'] Instance type (object) does not match any allowed primitive type (allowed: [""string""]): []
"
eb3da779-945a-46bf-9d33-8bd36877f6ee,6c31cb1e-4fd7-4abd-95dd-01064f4a9475,false,"[OAS] [OAS] validation failed:
 - ERROR - [Path '/permissions/1'] Instance type (boolean) does not match any allowed primitive type (allowed: [""string""]): []
"
aa6a892b-9e54-4065-b2b3-4f2326cea595,d95cd222-04f1-4e27-a8b5-c81004d6a8f9,false,[NO_5XX] Unexpected 5XX response: 504
aa6a892b-9e54-4065-b2b3-4f2326cea595,065a29ef-4cfe-4db4-8bc6-83a888723f78,false,"[OAS] [OAS] validation failed:
 - ERROR - [Path '/id'] Instance type (null) does not match any allowed primitive type (allowed: [""integer""]): []
"
aa6a892b-9e54-4065-b2b3-4f2326cea595,8f9ceb02-3921-48da-8b40-77a5372b6832,false,"[OAS] [OAS] validation failed:
 - ERROR - [Path '/name'] Instance type (object) does not match any allowed primitive type (allowed: [""string""]): []
"
aa6a892b-9e54-4065-b2b3-4f2326cea595,f3314f7b-712f-4fe5-8e69-8bfc17d012f7,false,"[OAS] [OAS] validation failed:
 - ERROR - [Path '/birthDate'] String ""199/*0-05-20"" is invalid against requested date format(s) yyyy-MM-dd: []
"
aa6a892b-9e54-4065-b2b3-4f2326cea595,8ac214a8-47cb-47e8-9a1a-9385aaf33e93,false,"[OAS] [OAS] validation failed:
 - ERROR - [Path '/note'] Instance type (number) does not match any allowed primitive type (allowed: [""null"",""string""]): []
"
aa6a892b-9e54-4065-b2b3-4f2326cea595,5f2954f6-db6e-4a7f-86c8-d255bf6ae82d,false,"[OAS] [OAS] validation failed:
 - ERROR - [Path '/loginDt'] Instance type (object) does not match any allowed primitive type (allowed: [""null"",""string""]): []
"
aa6a892b-9e54-4065-b2b3-4f2326cea595,2a4a1d84-cbf0-4634-811e-f7de8f02557f,false,"[OAS] [OAS] validation failed:
 - ERROR - [Path '/secured'] Instance type (null) does not match any allowed primitive type (allowed: [""boolean""]): []
"
aa6a892b-9e54-4065-b2b3-4f2326cea595,ce1e0d15-144e-4aef-b915-3bdd3e1c6c19,false,"[OAS] [OAS] validation failed:
 - ERROR - [Path '/contactDTO/skype'] Instance type (object) does not match any allowed primitive type (allowed: [""null"",""string""]): []
"
aa6a892b-9e54-4065-b2b3-4f2326cea595,2bd4b457-d8b7-4145-9f85-30780eee203a,false,"[OAS] [OAS] validation failed:
 - ERROR - [Path '/contactDTO/linkedin'] Instance type (integer) does not match any allowed primitive type (allowed: [""null"",""string""]): []
"
aa6a892b-9e54-4065-b2b3-4f2326cea595,c5d97cdf-8b4a-451b-828d-663b8833cc8f,false,"[OAS] [OAS] validation failed:
 - ERROR - [Path '/contactDTO/website'] Instance type (array) does not match any allowed primitive type (allowed: [""null"",""string""]): []
"
aa6a892b-9e54-4065-b2b3-4f2326cea595,3c700240-de25-4e7c-b744-1f37757aea79,false,"[OAS] [OAS] validation failed:
 - ERROR - [Path '/addressDTO'] Instance type (array) does not match any allowed primitive type (allowed: [""object""]): []
"
aa6a892b-9e54-4065-b2b3-4f2326cea595,33309a6a-c660-4d90-9009-8efbfc6560a3,false,"[OAS] [OAS] validation failed:
 - ERROR - [Path '/addressDTO/city'] Instance type (integer) does not match any allowed primitive type (allowed: [""null"",""string""]): []
"
aa6a892b-9e54-4065-b2b3-4f2326cea595,427454c7-c544-4b95-88ef-0f48f33dbb64,false,"[OAS] [OAS] validation failed:
 - ERROR - [Path '/addressDTO/country'] Instance type (array) does not match any allowed primitive type (allowed: [""null"",""string""]): []
"
aa6a892b-9e54-4065-b2b3-4f2326cea595,f94b07fb-bf58-4ba3-93cd-9aef71665101,false,"[OAS] [OAS] validation failed:
 - ERROR - [Path '/addressDTO/zipCode'] Instance type (integer) does not match any allowed primitive type (allowed: [""null"",""string""]): []
"
aa6a892b-9e54-4065-b2b3-4f2326cea595,2ccfbbb3-3b9a-4362-856d-c558d7815b09,false,"[OAS] [OAS] validation failed:
 - ERROR - [Path '/roles'] Instance type (null) does not match any allowed primitive type (allowed: [""array""]): []
"
aa6a892b-9e54-4065-b2b3-4f2326cea595,24d89fba-6c92-4ec6-8240-0e704450fef5,false,"[OAS] [OAS] validation failed:
 - ERROR - [Path '/permissions/0'] Instance type (array) does not match any allowed primitive type (allowed: [""string""]): []
"
d474634f-6919-4410-9c9f-dc0e0e82b114,e8919fca-c847-40cc-8e5a-ff84b44cee95,false,"[OAS] [OAS] validation failed:
 - ERROR - Response status 409 not defined for path '/users/{id}'.: []
"
d474634f-6919-4410-9c9f-dc0e0e82b114,3237013a-0fa3-4ea6-af75-26afc37ffadd,false,"[OAS] [OAS] validation failed:
 - ERROR - Object instance has properties which are not allowed by the schema: [""{\""id\"":2,\""username\"":\""johndoe90\"",\""name\"":\""John\"",\""surname\"":\""Doe\"",\""gender\"":\""MALE\"",\""birthDate\"":\""1985-12-01\"",\""enabled\"":true,\""note\"":\""Frequent buyer\"",\""loginDt\"":null,\""secured\"":false,\""contactDTO\"":{\""email\"":\""alice.smith@test.org\"",\""phone\"":null,\""skype\"":\""alice.smith.skype\"",\""facebook\"":\""https://facebook.com/john.doe\"",\""linkedin\"":\""https://linkedin.com/in/johndoe\"",\""website\"":\""https://example.org\"",\""contactNote\"":\""Preferred contact time: afternoon\""},\""addressDTO\"":{\""address\"":\""456 High Road\"",\""address2\"":\""Apt. 4B\"",\""city\"":\""Beijing\"",\""country\"":\""China\"",\""zipCode\"":\""10001\""},\""roles\"":[\""USER\""],\""permissions\"":[\""LOGIN\"",\""VIEW_PROFILE\""]}""]: []
"
d474634f-6919-4410-9c9f-dc0e0e82b114,2d7de95d-d888-4c64-9457-77e74fab5b66,false,"[OAS] [OAS] validation failed:
 - ERROR - [Path '/birthDate'] Instance type (integer) does not match any allowed primitive type (allowed: [""null"",""string""]): []
"
d474634f-6919-4410-9c9f-dc0e0e82b114,fc0d0c46-0601-49e8-b251-e7df272da1b2,false,"[OAS] [OAS] validation failed:
 - ERROR - [Path '/loginDt'] Instance type (number) does not match any allowed primitive type (allowed: [""null"",""string""]): []
"
d474634f-6919-4410-9c9f-dc0e0e82b114,802a360f-2659-4157-9018-390a52247e73,false,"[OAS] [OAS] validation failed:
 - ERROR - [Path '/secured'] Instance type (object) does not match any allowed primitive type (allowed: [""boolean""]): []
"
d474634f-6919-4410-9c9f-dc0e0e82b114,3087209b-2d70-4a9e-af11-d138fa630d0b,false,"[OAS] [OAS] validation failed:
 - ERROR - [Path '/contactDTO'] Instance type (null) does not match any allowed primitive type (allowed: [""object""]): []
"
d474634f-6919-4410-9c9f-dc0e0e82b114,ac0252c6-aa0b-4a76-a7e6-2dbf3a7bf717,false,"[OAS] [OAS] validation failed:
 - ERROR - [Path '/contactDTO/phone'] Instance type (object) does not match any allowed primitive type (allowed: [""null"",""string""]): []
"
d474634f-6919-4410-9c9f-dc0e0e82b114,32be0bd2-2bdf-4dec-a21a-36d8d747d1ce,false,"[OAS] [OAS] validation failed:
 - ERROR - [Path '/addressDTO'] Instance type (array) does not match any allowed primitive type (allowed: [""object""]): []
"
d474634f-6919-4410-9c9f-dc0e0e82b114,c9422792-107a-428d-9461-fa60c4a530f2,false,"[OAS] [OAS] validation failed:
 - ERROR - [Path '/addressDTO/zipCode'] Instance type (boolean) does not match any allowed primitive type (allowed: [""null"",""string""]): []
"
d474634f-6919-4410-9c9f-dc0e0e82b114,fab511e2-0f11-42c3-a13c-8e2ffd6757df,false,"[OAS] [OAS] validation failed:
 - ERROR - [Path '/roles/1'] Instance type (boolean) does not match any allowed primitive type (allowed: [""string""]): []
"
d474634f-6919-4410-9c9f-dc0e0e82b114,ad945f2b-0520-4950-8797-04aff1b3c668,false,"[OAS] [OAS] validation failed:
 - ERROR - [Path '/permissions/2'] Instance type (object) does not match any allowed primitive type (allowed: [""string""]): []
"
d474634f-6919-4410-9c9f-dc0e0e82b114,e05b6bb0-1f11-4c8d-b025-b952bf54893d,false,"[OAS] [OAS] validation failed:
 - ERROR - [Path '/permissions/0'] Instance type (object) does not match any allowed primitive type (allowed: [""string""]): []
"
4c184f06-ec21-4fa0-bf1d-aaa396b7de68,d1f30028-58cc-4698-8e3a-64788a83e821,false,"[OAS] [OAS] validation failed:
 - ERROR - Response status 403 not defined for path '/users/{id}'.: []
"
4c184f06-ec21-4fa0-bf1d-aaa396b7de68,1aff1dfa-c885-45f0-9e84-d2fa060814c5,false,"[OAS] [OAS] validation failed:
 - ERROR - Object instance has properties which are not allowed by the schema: [""{\""id\"":3,\""username\"":\""alice1985\"",\""name\"":\""Bob\"",\""surname\"":\""Zhang\"",\""gender\"":\""MALE\"",\""birthDate\"":null,\""enabled\"":false,\""note\"":\""VIP customer\"",\""loginDt\"":null,\""secured\"":false,\""contactDTO\"":{\""email\"":\""user123@demo.net\"",\""phone\"":null,\""skype\"":\""alice.smith.skype\"",\""facebook\"":\""https://facebook.com/test.user\"",\""linkedin\"":null,\""website\"":\""https://johndoe.dev\"",\""contactNote\"":null},\""addressDTO\"":{\""address\"":\""123 Main Street\"",\""address2\"":\""Building 5\"",\""city\"":null,\""country\"":\""UK\"",\""zipCode\"":\""100000\""},\""roles\"":[\""USER\""],\""permissions\"":[\""LOGIN\"",\""VIEW_PROFILE\""]}""]: []
"
4c184f06-ec21-4fa0-bf1d-aaa396b7de68,d2bcb768-5b71-4eab-9919-7d2d1e1d5f97,false,"[OAS] [OAS] validation failed:
 - ERROR - [Path '/id'] Instance type (null) does not match any allowed primitive type (allowed: [""integer""]): []
"
4c184f06-ec21-4fa0-bf1d-aaa396b7de68,0dbef0af-9ac2-4786-a889-084d1361568f,false,"[OAS] [OAS] validation failed:
 - ERROR - [Path '/username'] Instance type (number) does not match any allowed primitive type (allowed: [""string""]): []
"
4c184f06-ec21-4fa0-bf1d-aaa396b7de68,125fc92b-76de-44eb-b3e8-cc61b6156f5c,false,"[OAS] [OAS] validation failed:
 - ERROR - [Path '/gender'] Instance type (null) does not match any allowed primitive type (allowed: [""string""]): []
"
4c184f06-ec21-4fa0-bf1d-aaa396b7de68,89e38f40-ba8f-4d99-9c9a-0472e9b96327,false,"[OAS] [OAS] validation failed:
 - ERROR - [Path '/birthDate'] Instance type (number) does not match any allowed primitive type (allowed: [""null"",""string""]): []
"
4c184f06-ec21-4fa0-bf1d-aaa396b7de68,4e8add52-b768-4706-b9a1-7f8a1b103eb4,false,"[OAS] [OAS] validation failed:
 - ERROR - [Path '/enabled'] Instance type (null) does not match any allowed primitive type (allowed: [""boolean""]): []
"
4c184f06-ec21-4fa0-bf1d-aaa396b7de68,88aed5c2-45b6-40d8-b9ff-6521e67c2d0d,false,"[OAS] [OAS] validation failed:
 - ERROR - [Path '/loginDt'] Instance type (object) does not match any allowed primitive type (allowed: [""null"",""string""]): []
"
4c184f06-ec21-4fa0-bf1d-aaa396b7de68,99ae43a3-bc16-43b5-b239-af8852fb0dd9,false,"[OAS] [OAS] validation failed:
 - ERROR - [Path '/contactDTO'] Instance type (number) does not match any allowed primitive type (allowed: [""object""]): []
"
4c184f06-ec21-4fa0-bf1d-aaa396b7de68,0832270a-eb90-496a-a2f1-f4dee37d2560,false,"[OAS] [OAS] validation failed:
 - ERROR - [Path '/contactDTO/email'] Instance type (array) does not match any allowed primitive type (allowed: [""string""]): []
"
4c184f06-ec21-4fa0-bf1d-aaa396b7de68,351fa209-69f8-43ca-b53f-f54e89131d98,false,"[OAS] [OAS] validation failed:
 - ERROR - [Path '/contactDTO/phone'] Instance type (object) does not match any allowed primitive type (allowed: [""null"",""string""]): []
"
4c184f06-ec21-4fa0-bf1d-aaa396b7de68,e8c8bb8a-24b2-4855-8527-bcade06ede9b,false,"[OAS] [OAS] validation failed:
 - ERROR - [Path '/contactDTO/linkedin'] Instance type (array) does not match any allowed primitive type (allowed: [""null"",""string""]): []
"
4c184f06-ec21-4fa0-bf1d-aaa396b7de68,4abc1c93-18a3-4ca4-9689-d88312184d28,false,"[OAS] [OAS] validation failed:
 - ERROR - [Path '/contactDTO/contactNote'] Instance type (integer) does not match any allowed primitive type (allowed: [""null"",""string""]): []
"
4c184f06-ec21-4fa0-bf1d-aaa396b7de68,76a76644-0d9b-468c-bd0f-6a89b6aa314a,false,"[OAS] [OAS] validation failed:
 - ERROR - [Path '/addressDTO'] Object instance has properties which are not allowed by the schema: [""randomArray3"",""randomLong2"",""randomObject1"",""randomObject4""]: []
"
4c184f06-ec21-4fa0-bf1d-aaa396b7de68,e1552998-48dd-42e8-a788-376c33313a49,false,"[OAS] [OAS] validation failed:
 - ERROR - [Path '/addressDTO/address'] Instance type (object) does not match any allowed primitive type (allowed: [""null"",""string""]): []
"
4c184f06-ec21-4fa0-bf1d-aaa396b7de68,1d6916c9-3246-430f-869f-4750b3246395,false,"[OAS] [OAS] validation failed:
 - ERROR - [Path '/addressDTO/city'] Instance type (array) does not match any allowed primitive type (allowed: [""null"",""string""]): []
"
4c184f06-ec21-4fa0-bf1d-aaa396b7de68,9cf8906c-048d-48d5-8b7d-b35fcd7165fc,false,"[OAS] [OAS] validation failed:
 - ERROR - [Path '/roles'] Instance type (null) does not match any allowed primitive type (allowed: [""array""]): []
"
4c184f06-ec21-4fa0-bf1d-aaa396b7de68,1bf400c7-05ee-44fb-a37f-9a120ffeec18,false,"[OAS] [OAS] validation failed:
 - ERROR - [Path '/roles/0'] Instance type (integer) does not match any allowed primitive type (allowed: [""string""]): []
"
4c184f06-ec21-4fa0-bf1d-aaa396b7de68,424eb04e-94ae-4745-b2e8-4b6b906ba2af,false,"[OAS] [OAS] validation failed:
 - ERROR - [Path '/permissions/1'] Instance type (array) does not match any allowed primitive type (allowed: [""string""]): []
"
efdc472e-aa4a-4d0a-b607-1e8246f8e8b6,61b8c149-a174-4d1b-8ce7-7ebacc5a772a,false,[NO_5XX] Unexpected 5XX response: 502
efdc472e-aa4a-4d0a-b607-1e8246f8e8b6,be48d9b9-528d-4a9b-8656-d877a9edeaa1,false,"[OAS] [OAS] validation failed:
 - ERROR - Object instance has properties which are not allowed by the schema: [""randomBoolean1""]: []
"
efdc472e-aa4a-4d0a-b607-1e8246f8e8b6,0a72ae8e-6e64-49d2-997b-71f2e62f991e,false,"[OAS] [OAS] validation failed:
 - ERROR - [Path '/surname'] Instance type (number) does not match any allowed primitive type (allowed: [""null"",""string""]): []
"
efdc472e-aa4a-4d0a-b607-1e8246f8e8b6,f97dcb7b-19d1-411a-a011-38bae2081645,false,"[OAS] [OAS] validation failed:
 - ERROR - [Path '/birthDate'] String ""EJEMPLO MAYUS"" is invalid against requested date format(s) yyyy-MM-dd: []
"
efdc472e-aa4a-4d0a-b607-1e8246f8e8b6,a0fc5856-da59-4f9f-b05c-192473ead642,false,"[OAS] [OAS] validation failed:
 - ERROR - [Path '/note'] Instance type (object) does not match any allowed primitive type (allowed: [""null"",""string""]): []
"
efdc472e-aa4a-4d0a-b607-1e8246f8e8b6,d7a41c16-cdcd-4c0f-b558-b1a505d0f091,false,"[OAS] [OAS] validation failed:
 - ERROR - [Path '/loginDt'] Instance type (object) does not match any allowed primitive type (allowed: [""null"",""string""]): []
"
efdc472e-aa4a-4d0a-b607-1e8246f8e8b6,72642423-a1c0-425d-a09b-dc67b090575e,false,"[OAS] [OAS] validation failed:
 - ERROR - [Path '/secured'] Instance type (object) does not match any allowed primitive type (allowed: [""boolean""]): []
"
efdc472e-aa4a-4d0a-b607-1e8246f8e8b6,11a9de8b-5e71-45d5-beeb-deeebf7dbd89,false,"[OAS] [OAS] validation failed:
 - ERROR - [Path '/contactDTO'] Instance type (null) does not match any allowed primitive type (allowed: [""object""]): []
"
efdc472e-aa4a-4d0a-b607-1e8246f8e8b6,5594b644-147e-4b7e-8877-5c0f1a02ce9d,false,"[OAS] [OAS] validation failed:
 - ERROR - [Path '/contactDTO/email'] Instance type (null) does not match any allowed primitive type (allowed: [""string""]): []
"
efdc472e-aa4a-4d0a-b607-1e8246f8e8b6,07de2007-7683-4268-9de7-0abea6cb6f85,false,"[OAS] [OAS] validation failed:
 - ERROR - [Path '/contactDTO/phone'] Instance type (array) does not match any allowed primitive type (allowed: [""null"",""string""]): []
"
efdc472e-aa4a-4d0a-b607-1e8246f8e8b6,b714089f-24f1-485c-a9c9-9b309707ef20,false,"[OAS] [OAS] validation failed:
 - ERROR - [Path '/contactDTO/facebook'] Instance type (integer) does not match any allowed primitive type (allowed: [""null"",""string""]): []
"
efdc472e-aa4a-4d0a-b607-1e8246f8e8b6,1c4e83f9-1f27-436e-aa98-7557196b25f0,false,"[OAS] [OAS] validation failed:
 - ERROR - [Path '/contactDTO/linkedin'] Instance type (object) does not match any allowed primitive type (allowed: [""null"",""string""]): []
"
efdc472e-aa4a-4d0a-b607-1e8246f8e8b6,b86ee2c4-ec10-4bed-b49b-86aa46e9a1a7,false,"[OAS] [OAS] validation failed:
 - ERROR - [Path '/contactDTO/website'] Instance type (array) does not match any allowed primitive type (allowed: [""null"",""string""]): []
"
efdc472e-aa4a-4d0a-b607-1e8246f8e8b6,0f6b8e47-7141-4cc6-858f-b1418c8e70a8,false,"[OAS] [OAS] validation failed:
 - ERROR - [Path '/contactDTO/contactNote'] Instance type (array) does not match any allowed primitive type (allowed: [""null"",""string""]): []
"
efdc472e-aa4a-4d0a-b607-1e8246f8e8b6,73f65bc8-357a-4c20-a005-45068fc1e823,false,"[OAS] [OAS] validation failed:
 - ERROR - [Path '/addressDTO'] Object instance has properties which are not allowed by the schema: [""randomArray3"",""randomLong2"",""randomObject1"",""randomObject4""]: []
"
efdc472e-aa4a-4d0a-b607-1e8246f8e8b6,281f1b20-e075-4838-9940-d557e45db5a1,false,"[OAS] [OAS] validation failed:
 - ERROR - [Path '/addressDTO/address2'] Instance type (object) does not match any allowed primitive type (allowed: [""null"",""string""]): []
"
efdc472e-aa4a-4d0a-b607-1e8246f8e8b6,21911082-3c29-46ce-9b4d-774e2267b554,false,"[OAS] [OAS] validation failed:
 - ERROR - [Path '/addressDTO/country'] Instance type (array) does not match any allowed primitive type (allowed: [""null"",""string""]): []
"
efdc472e-aa4a-4d0a-b607-1e8246f8e8b6,99c20654-d94e-4cdc-be82-8b779719f533,false,"[OAS] [OAS] validation failed:
 - ERROR - [Path '/roles'] Instance type (number) does not match any allowed primitive type (allowed: [""array""]): []
"
efdc472e-aa4a-4d0a-b607-1e8246f8e8b6,c90f6173-f7f5-4503-b06b-24a30aabb8a4,false,"[OAS] [OAS] validation failed:
 - ERROR - [Path '/permissions'] Instance type (object) does not match any allowed primitive type (allowed: [""array""]): []
"
0d4dc9a3-c00f-49b0-ab19-0851e2f1c9ef,3cee7c74-a1bd-475e-a7f3-ade4f4870ea1,false,"[OAS] [OAS] validation failed:
 - ERROR - Response status 200 not defined for path '/users/{id}'.: []
"
0d4dc9a3-c00f-49b0-ab19-0851e2f1c9ef,3741cc02-ec5d-420c-9505-624d95b2cbb2,false,"[OAS] [OAS] validation failed:
 - ERROR - Object instance has properties which are not allowed by the schema: [""{\""id\"":4,\""username\"":\""johndoe90\"",\""name\"":\""Bob\"",\""surname\"":\""Smith\"",\""gender\"":\""FEMALE\"",\""birthDate\"":\""2000-07-15\"",\""enabled\"":false,\""note\"":\""VIP customer\"",\""loginDt\"":null,\""secured\"":false,\""contactDTO\"":{\""email\"":\""alice.smith@test.org\"",\""phone\"":null,\""skype\"":\""alice.smith.skype\"",\""facebook\"":\""https://facebook.com/john.doe\"",\""linkedin\"":\""https://linkedin.com/in/johndoe\"",\""website\"":null,\""contactNote\"":\""Urgent contact only\""},\""addressDTO\"":{\""address\"":null,\""address2\"":\""Suite 210\"",\""city\"":\""New York\"",\""country\"":null,\""zipCode\"":null},\""roles\"":[\""USER\""],\""permissions\"":[\""LOGIN\"",\""VIEW_PROFILE\""]}""]: []
"
0d4dc9a3-c00f-49b0-ab19-0851e2f1c9ef,84411165-a150-47f5-9d6c-ace159dd54d6,false,"[OAS] [OAS] validation failed:
 - ERROR - [Path '/username'] Instance type (number) does not match any allowed primitive type (allowed: [""string""]): []
"
0d4dc9a3-c00f-49b0-ab19-0851e2f1c9ef,89ef06fd-70c1-4624-b510-069f24c61b01,false,"[OAS] [OAS] validation failed:
 - ERROR - [Path '/birthDate'] String ""200/*0-07-15"" is invalid against requested date format(s) yyyy-MM-dd: []
"
0d4dc9a3-c00f-49b0-ab19-0851e2f1c9ef,cd7cd47d-86a5-4b39-97f6-58edbb142d9a,false,"[OAS] [OAS] validation failed:
 - ERROR - [Path '/loginDt'] Instance type (number) does not match any allowed primitive type (allowed: [""null"",""string""]): []
"
0d4dc9a3-c00f-49b0-ab19-0851e2f1c9ef,52811bbf-5b74-454e-ae64-d2ed72deeed0,false,"[OAS] [OAS] validation failed:
 - ERROR - [Path '/contactDTO'] Instance type (number) does not match any allowed primitive type (allowed: [""object""]): []
"
0d4dc9a3-c00f-49b0-ab19-0851e2f1c9ef,12936453-585d-4ffa-a97a-2a97364c1a81,false,"[OAS] [OAS] validation failed:
 - ERROR - [Path '/contactDTO/phone'] Instance type (object) does not match any allowed primitive type (allowed: [""null"",""string""]): []
"
0d4dc9a3-c00f-49b0-ab19-0851e2f1c9ef,8e7ea693-d684-4c2c-9077-5f8d0b3836db,false,"[OAS] [OAS] validation failed:
 - ERROR - [Path '/contactDTO/website'] Instance type (object) does not match any allowed primitive type (allowed: [""null"",""string""]): []
"
0d4dc9a3-c00f-49b0-ab19-0851e2f1c9ef,28e9352e-0416-4535-a298-da4c3d18490a,false,"[OAS] [OAS] validation failed:
 - ERROR - [Path '/addressDTO'] Instance type (array) does not match any allowed primitive type (allowed: [""object""]): []
"
0d4dc9a3-c00f-49b0-ab19-0851e2f1c9ef,90cb2072-45b4-4f4b-9635-607dddca4ae3,false,"[OAS] [OAS] validation failed:
 - ERROR - [Path '/addressDTO/address'] Instance type (array) does not match any allowed primitive type (allowed: [""null"",""string""]): []
"
0d4dc9a3-c00f-49b0-ab19-0851e2f1c9ef,485eca30-016e-4985-9b5a-bb2218ab52b4,false,"[OAS] [OAS] validation failed:
 - ERROR - [Path '/addressDTO/country'] Instance type (integer) does not match any allowed primitive type (allowed: [""null"",""string""]): []
"
0d4dc9a3-c00f-49b0-ab19-0851e2f1c9ef,e84698d3-f2b4-4384-89dc-91cdeee107ca,false,"[OAS] [OAS] validation failed:
 - ERROR - [Path '/addressDTO/zipCode'] Instance type (array) does not match any allowed primitive type (allowed: [""null"",""string""]): []
"
0d4dc9a3-c00f-49b0-ab19-0851e2f1c9ef,05eb7b19-bca1-4463-95fa-60c41fd44e94,false,"[OAS] [OAS] validation failed:
 - ERROR - [Path '/roles/1'] Instance type (boolean) does not match any allowed primitive type (allowed: [""string""]): []
"
0d4dc9a3-c00f-49b0-ab19-0851e2f1c9ef,1255e4ff-dafe-418f-80e3-2d643e23e3e6,false,"[OAS] [OAS] validation failed:
 - ERROR - [Path '/roles/0'] Instance type (integer) does not match any allowed primitive type (allowed: [""string""]): []
"
0d4dc9a3-c00f-49b0-ab19-0851e2f1c9ef,90bed419-5fa8-4fe7-b8dd-4c3eeccab9e5,false,"[OAS] [OAS] validation failed:
 - ERROR - [Path '/permissions/0'] Instance type (null) does not match any allowed primitive type (allowed: [""string""]): []
"
c819625f-281e-41ed-a49d-b7d67eff6ee7,3ff6a11c-bdfb-448a-9c18-cb82db823562,false,"[OAS] [OAS] validation failed:
 - ERROR - Object instance has properties which are not allowed by the schema: [""addressDTO"",""birthDate"",""contactDTO"",""enabled"",""gender"",""id"",""loginDt"",""name"",""note"",""permissions"",""roles"",""secured"",""surname"",""username""]: []
"
c819625f-281e-41ed-a49d-b7d67eff6ee7,c5e766c1-7f0e-4b73-959a-58a4229ce84e,false,"[OAS] [OAS] validation failed:
 - ERROR - [Path '/id'] Instance type (number) does not match any allowed primitive type (allowed: [""integer""]): []
"
c819625f-281e-41ed-a49d-b7d67eff6ee7,d04ce95c-cc09-489a-8e59-395e2923170b,false,"[OAS] [OAS] validation failed:
 - ERROR - [Path '/username'] Instance type (number) does not match any allowed primitive type (allowed: [""string""]): []
"
c819625f-281e-41ed-a49d-b7d67eff6ee7,fcb60c98-a61a-4d1a-86df-0df9b3d93dfd,false,"[OAS] [OAS] validation failed:
 - ERROR - [Path '/gender'] Instance type (array) does not match any allowed primitive type (allowed: [""string""]): []
"
c819625f-281e-41ed-a49d-b7d67eff6ee7,e3ffe509-c407-43af-8563-00ac8971d8e3,false,"[OAS] [OAS] validation failed:
 - ERROR - [Path '/birthDate'] String ""EJEMPLO MAYUS"" is invalid against requested date format(s) yyyy-MM-dd: []
"
c819625f-281e-41ed-a49d-b7d67eff6ee7,b32a8fda-d6a6-43d7-a6b5-0bf40acb138b,false,"[OAS] [OAS] validation failed:
 - ERROR - [Path '/enabled'] Instance type (null) does not match any allowed primitive type (allowed: [""boolean""]): []
"
c819625f-281e-41ed-a49d-b7d67eff6ee7,9ac4bdf7-4cce-4e2f-bfe1-72adc74bf54f,false,"[OAS] [OAS] validation failed:
 - ERROR - [Path '/note'] Instance type (number) does not match any allowed primitive type (allowed: [""null"",""string""]): []
"
c819625f-281e-41ed-a49d-b7d67eff6ee7,c8ba49cb-4444-44eb-8e2d-f0c292a55e97,false,"[OAS] [OAS] validation failed:
 - ERROR - [Path '/loginDt'] Instance type (object) does not match any allowed primitive type (allowed: [""null"",""string""]): []
"
c819625f-281e-41ed-a49d-b7d67eff6ee7,9c163215-c3d9-4e51-a14f-1a6319b4faa7,false,"[OAS] [OAS] validation failed:
 - ERROR - [Path '/secured'] Instance type (object) does not match any allowed primitive type (allowed: [""boolean""]): []
"
c819625f-281e-41ed-a49d-b7d67eff6ee7,45b5f0e9-15f2-4bf6-bfc8-bc17601519d2,false,"[OAS] [OAS] validation failed:
 - ERROR - [Path '/contactDTO'] Object instance has properties which are not allowed by the schema: [""randomBoolean1"",""randomObject2""]: []
"
c819625f-281e-41ed-a49d-b7d67eff6ee7,15756341-cc36-4bd5-b380-deae750717bc,false,"[OAS] [OAS] validation failed:
 - ERROR - [Path '/contactDTO/facebook'] Instance type (object) does not match any allowed primitive type (allowed: [""null"",""string""]): []
"
c819625f-281e-41ed-a49d-b7d67eff6ee7,32ff2ef2-8f46-4ef8-842b-3a1725dacd8b,false,"[OAS] [OAS] validation failed:
 - ERROR - [Path '/contactDTO/website'] Instance type (object) does not match any allowed primitive type (allowed: [""null"",""string""]): []
"
c819625f-281e-41ed-a49d-b7d67eff6ee7,66c52420-5ef7-419d-8e31-aa272ca63299,false,"[OAS] [OAS] validation failed:
 - ERROR - [Path '/contactDTO/contactNote'] Instance type (boolean) does not match any allowed primitive type (allowed: [""null"",""string""]): []
"
d7159211-5820-450b-8ae0-7fc0145b2d34,bdbc28f3-4d9e-43c4-842c-654cfd2236c6,false,"[OAS] [OAS] validation failed:
 - ERROR - Response status 200 not defined for path '/users/{id}'.: []
"
d7159211-5820-450b-8ae0-7fc0145b2d34,289d9881-00b5-4c46-b5a0-48a710cf2fd7,false,"[OAS] [OAS] validation failed:
 - ERROR - Object instance has properties which are not allowed by the schema: [""randomBoolean1""]: []
"
d7159211-5820-450b-8ae0-7fc0145b2d34,c2588cc5-532a-4dfc-8e32-6728db39d2fa,false,"[OAS] [OAS] validation failed:
 - ERROR - [Path '/surname'] Instance type (number) does not match any allowed primitive type (allowed: [""null"",""string""]): []
"
d7159211-5820-450b-8ae0-7fc0145b2d34,9835fb72-0a34-4b20-a3ba-a65fe49b0c0d,false,"[OAS] [OAS] validation failed:
 - ERROR - [Path '/enabled'] Instance type (number) does not match any allowed primitive type (allowed: [""boolean""]): []
"
d7159211-5820-450b-8ae0-7fc0145b2d34,4fc1a6c8-bdde-4c40-8a6f-f7920d77f6d7,false,"[OAS] [OAS] validation failed:
 - ERROR - [Path '/loginDt'] Instance type (object) does not match any allowed primitive type (allowed: [""null"",""string""]): []
"
d7159211-5820-450b-8ae0-7fc0145b2d34,232269ff-6322-4046-9dd7-566c33f99ada,false,"[OAS] [OAS] validation failed:
 - ERROR - [Path '/contactDTO'] Instance type (number) does not match any allowed primitive type (allowed: [""object""]): []
"
d7159211-5820-450b-8ae0-7fc0145b2d34,35af899b-8246-4060-97ec-346286d14ded,false,"[OAS] [OAS] validation failed:
 - ERROR - [Path '/contactDTO/skype'] Instance type (object) does not match any allowed primitive type (allowed: [""null"",""string""]): []
"
d7159211-5820-450b-8ae0-7fc0145b2d34,fe1f80bd-8101-4262-8de5-5fb0c84dd63c,false,"[OAS] [OAS] validation failed:
 - ERROR - [Path '/contactDTO/contactNote'] Instance type (boolean) does not match any allowed primitive type (allowed: [""null"",""string""]): []
"
d7159211-5820-450b-8ae0-7fc0145b2d34,5904073d-6756-44bf-90e0-9fb28b616286,false,"[OAS] [OAS] validation failed:
 - ERROR - [Path '/addressDTO'] Instance type (array) does not match any allowed primitive type (allowed: [""object""]): []
"
d7159211-5820-450b-8ae0-7fc0145b2d34,a738a487-d01b-46c1-b590-2880512361e3,false,"[OAS] [OAS] validation failed:
 - ERROR - [Path '/addressDTO/city'] Instance type (array) does not match any allowed primitive type (allowed: [""null"",""string""]): []
"
d7159211-5820-450b-8ae0-7fc0145b2d34,591c520d-59e6-4349-9d05-484bede6ab8a,false,"[OAS] [OAS] validation failed:
 - ERROR - [Path '/addressDTO/zipCode'] Instance type (integer) does not match any allowed primitive type (allowed: [""null"",""string""]): []
"
d7159211-5820-450b-8ae0-7fc0145b2d34,b52e684a-f6d6-4b16-b23f-933ad91ecc9c,false,"[OAS] [OAS] validation failed:
 - ERROR - [Path '/roles'] Instance type (number) does not match any allowed primitive type (allowed: [""array""]): []
"
418c9a7a-88ed-42f1-ba4a-5b7e3933abd2,70f19940-c513-40d7-b068-bbe95a58d33b,false,"[OAS] [OAS] validation failed:
 - ERROR - Response status 403 not defined for path '/users/{id}'.: []
"
418c9a7a-88ed-42f1-ba4a-5b7e3933abd2,1aa41aad-e9a4-475a-98c7-95112d089e34,false,"[OAS] [OAS] validation failed:
 - ERROR - [Path '/id'] Instance type (number) does not match any allowed primitive type (allowed: [""integer""]): []
"
418c9a7a-88ed-42f1-ba4a-5b7e3933abd2,14dfe23d-b4de-4998-b836-277a6360998a,false,"[OAS] [OAS] validation failed:
 - ERROR - [Path '/surname'] Instance type (object) does not match any allowed primitive type (allowed: [""null"",""string""]): []
"
418c9a7a-88ed-42f1-ba4a-5b7e3933abd2,5d5f93bd-45a9-4c1f-ba1d-0004104ccca3,false,"[OAS] [OAS] validation failed:
 - ERROR - [Path '/gender'] Instance type (null) does not match any allowed primitive type (allowed: [""string""]): []
"
418c9a7a-88ed-42f1-ba4a-5b7e3933abd2,f7809a2d-7f40-4d71-a3b8-042525e0b5c3,false,"[OAS] [OAS] validation failed:
 - ERROR - [Path '/loginDt'] Instance type (number) does not match any allowed primitive type (allowed: [""null"",""string""]): []
"
418c9a7a-88ed-42f1-ba4a-5b7e3933abd2,d2f7b332-6e79-45d6-9ad9-b92ff0d875f2,false,"[OAS] [OAS] validation failed:
 - ERROR - [Path '/contactDTO'] Instance type (null) does not match any allowed primitive type (allowed: [""object""]): []
"
418c9a7a-88ed-42f1-ba4a-5b7e3933abd2,dc950263-9a05-46e9-ab38-2fbe7c99bc5d,false,"[OAS] [OAS] validation failed:
 - ERROR - [Path '/contactDTO/facebook'] Instance type (object) does not match any allowed primitive type (allowed: [""null"",""string""]): []
"
418c9a7a-88ed-42f1-ba4a-5b7e3933abd2,1fa7eecd-1ea7-44df-8a6d-459e8d465917,false,"[OAS] [OAS] validation failed:
 - ERROR - [Path '/contactDTO/website'] Instance type (boolean) does not match any allowed primitive type (allowed: [""null"",""string""]): []
"
418c9a7a-88ed-42f1-ba4a-5b7e3933abd2,955fc00f-bb12-4e37-bd32-0ed172adccda,false,"[OAS] [OAS] validation failed:
 - ERROR - [Path '/addressDTO'] Instance type (null) does not match any allowed primitive type (allowed: [""object""]): []
"
418c9a7a-88ed-42f1-ba4a-5b7e3933abd2,6a20c962-2d15-4c4d-8c93-d6da481f9cd2,false,"[OAS] [OAS] validation failed:
 - ERROR - [Path '/roles/1'] Instance type (boolean) does not match any allowed primitive type (allowed: [""string""]): []
"
418c9a7a-88ed-42f1-ba4a-5b7e3933abd2,181f548f-180f-4f0a-8c8d-16f86e40b347,false,"[OAS] [OAS] validation failed:
 - ERROR - [Path '/permissions/0'] Instance type (object) does not match any allowed primitive type (allowed: [""string""]): []
"
88536762-9d5f-4380-a129-9587d02f0fcb,b472518e-fedf-4ff7-9c50-868431304dd7,false,"[OAS] [OAS] validation failed:
 - ERROR - Response status 200 not defined for path '/users/{id}'.: []
"
88536762-9d5f-4380-a129-9587d02f0fcb,ce3d9394-8391-48d2-9411-b31127db2224,false,"[OAS] [OAS] validation failed:
 - ERROR - [Path '/id'] Instance type (null) does not match any allowed primitive type (allowed: [""integer""]): []
"
88536762-9d5f-4380-a129-9587d02f0fcb,11c6d161-ff2d-4e6c-8a17-00d5b09f246e,false,"[OAS] [OAS] validation failed:
 - ERROR - [Path '/surname'] Instance type (object) does not match any allowed primitive type (allowed: [""null"",""string""]): []
"
88536762-9d5f-4380-a129-9587d02f0fcb,22bb2e48-addf-4d70-8eb9-7395ad6e88aa,false,"[OAS] [OAS] validation failed:
 - ERROR - [Path '/birthDate'] Instance type (number) does not match any allowed primitive type (allowed: [""null"",""string""]): []
"
88536762-9d5f-4380-a129-9587d02f0fcb,f0c7dfbd-7dc5-45c1-ada5-3873f7ed88b1,false,"[OAS] [OAS] validation failed:
 - ERROR - [Path '/enabled'] Instance type (number) does not match any allowed primitive type (allowed: [""boolean""]): []
"
88536762-9d5f-4380-a129-9587d02f0fcb,993f062c-63d9-43b8-9ab1-3f2c6ee69ded,false,"[OAS] [OAS] validation failed:
 - ERROR - [Path '/loginDt'] Instance type (object) does not match any allowed primitive type (allowed: [""null"",""string""]): []
"
88536762-9d5f-4380-a129-9587d02f0fcb,8dd44841-88e0-416d-a1dd-08900f2e83c0,false,"[OAS] [OAS] validation failed:
 - ERROR - [Path '/secured'] Instance type (object) does not match any allowed primitive type (allowed: [""boolean""]): []
"
88536762-9d5f-4380-a129-9587d02f0fcb,b915bee0-80a3-4583-bf1c-eb734ee9ff1b,false,"[OAS] [OAS] validation failed:
 - ERROR - [Path '/contactDTO'] Instance type (number) does not match any allowed primitive type (allowed: [""object""]): []
"
88536762-9d5f-4380-a129-9587d02f0fcb,d55d4ade-28dc-442a-ac15-c8a1e998fb8d,false,"[OAS] [OAS] validation failed:
 - ERROR - [Path '/contactDTO/email'] Instance type (null) does not match any allowed primitive type (allowed: [""string""]): []
"
88536762-9d5f-4380-a129-9587d02f0fcb,21d379bb-3c81-4e91-8256-6e396bc55908,false,"[OAS] [OAS] validation failed:
 - ERROR - [Path '/contactDTO/phone'] Instance type (object) does not match any allowed primitive type (allowed: [""null"",""string""]): []
"
88536762-9d5f-4380-a129-9587d02f0fcb,aeed7a88-b69f-4017-98ac-875d258cc1b4,false,"[OAS] [OAS] validation failed:
 - ERROR - [Path '/contactDTO/skype'] Instance type (array) does not match any allowed primitive type (allowed: [""null"",""string""]): []
"
88536762-9d5f-4380-a129-9587d02f0fcb,6da70972-7ebb-4766-af1a-3c5c0d3d2562,false,"[OAS] [OAS] validation failed:
 - ERROR - [Path '/contactDTO/website'] Instance type (boolean) does not match any allowed primitive type (allowed: [""null"",""string""]): []
"
88536762-9d5f-4380-a129-9587d02f0fcb,3bda3178-259f-4e65-9457-950c55f34764,false,"[OAS] [OAS] validation failed:
 - ERROR - [Path '/addressDTO'] Instance type (null) does not match any allowed primitive type (allowed: [""object""]): []
"
88536762-9d5f-4380-a129-9587d02f0fcb,185adfe8-1669-421c-b98e-e7dec322a7cc,false,"[OAS] [OAS] validation failed:
 - ERROR - [Path '/addressDTO/address2'] Instance type (object) does not match any allowed primitive type (allowed: [""null"",""string""]): []
"
88536762-9d5f-4380-a129-9587d02f0fcb,865b95f2-4e71-466a-9fcb-ef6141542b24,false,"[OAS] [OAS] validation failed:
 - ERROR - [Path '/addressDTO/country'] Instance type (array) does not match any allowed primitive type (allowed: [""null"",""string""]): []
"
88536762-9d5f-4380-a129-9587d02f0fcb,50a9baa5-0148-4a7b-907a-221dd8b36407,false,"[OAS] [OAS] validation failed:
 - ERROR - [Path '/roles'] Instance type (number) does not match any allowed primitive type (allowed: [""array""]): []
"
410b01d4-6256-4305-bfd8-211861079608,dd24132c-55d7-4a4e-aee8-7764e01f13f1,false,[NO_5XX] Unexpected 5XX response: 501
410b01d4-6256-4305-bfd8-211861079608,40f80078-6a62-4c8b-89d3-1eba7b615910,false,"[OAS] [OAS] validation failed:
 - ERROR - [Path '/id'] Instance type (null) does not match any allowed primitive type (allowed: [""integer""]): []
"
410b01d4-6256-4305-bfd8-211861079608,bae42cae-647a-4cbd-8dd2-423680b00434,false,"[OAS] [OAS] validation failed:
 - ERROR - [Path '/username'] Instance type (null) does not match any allowed primitive type (allowed: [""string""]): []
"
410b01d4-6256-4305-bfd8-211861079608,dec6decf-8e87-41c3-b1b5-51813bbff67a,false,"[OAS] [OAS] validation failed:
 - ERROR - [Path '/surname'] Instance type (number) does not match any allowed primitive type (allowed: [""null"",""string""]): []
"
410b01d4-6256-4305-bfd8-211861079608,d5c3ebfe-dcfc-4a73-bb49-11e8870629f5,false,"[OAS] [OAS] validation failed:
 - ERROR - [Path '/gender'] Instance type (null) does not match any allowed primitive type (allowed: [""string""]): []
"
410b01d4-6256-4305-bfd8-211861079608,79bdf9a5-5a47-41b8-af8a-3526bade1491,false,"[OAS] [OAS] validation failed:
 - ERROR - [Path '/note'] Instance type (object) does not match any allowed primitive type (allowed: [""null"",""string""]): []
"
410b01d4-6256-4305-bfd8-211861079608,7887ea7d-5a1a-4f0b-8206-8ab5469c8686,false,"[OAS] [OAS] validation failed:
 - ERROR - [Path '/loginDt'] Instance type (object) does not match any allowed primitive type (allowed: [""null"",""string""]): []
"
410b01d4-6256-4305-bfd8-211861079608,8bc9be3a-1511-4a37-8a79-ad547515ef78,false,"[OAS] [OAS] validation failed:
 - ERROR - [Path '/secured'] Instance type (object) does not match any allowed primitive type (allowed: [""boolean""]): []
"
410b01d4-6256-4305-bfd8-211861079608,a3640b41-dea3-44dc-95b3-d95024641ebb,false,"[OAS] [OAS] validation failed:
 - ERROR - [Path '/contactDTO'] Instance type (number) does not match any allowed primitive type (allowed: [""object""]): []
"
410b01d4-6256-4305-bfd8-211861079608,d5d6f19c-4069-4756-be1d-5b0ab5ea245d,false,"[OAS] [OAS] validation failed:
 - ERROR - [Path '/addressDTO'] Instance type (array) does not match any allowed primitive type (allowed: [""object""]): []
"
410b01d4-6256-4305-bfd8-211861079608,b2216f52-0252-425c-ac25-ccd773fd0c31,false,"[OAS] [OAS] validation failed:
 - ERROR - [Path '/addressDTO/zipCode'] Instance type (array) does not match any allowed primitive type (allowed: [""null"",""string""]): []
"
410b01d4-6256-4305-bfd8-211861079608,793b297a-c2fc-49f6-b9c1-40fc265ff63f,false,"[OAS] [OAS] validation failed:
 - ERROR - [Path '/permissions'] Instance type (object) does not match any allowed primitive type (allowed: [""array""]): []
"
410b01d4-6256-4305-bfd8-211861079608,85e960e0-6613-40b8-a491-cf4b4944358e,false,"[OAS] [OAS] validation failed:
 - ERROR - [Path '/permissions/2'] Instance type (object) does not match any allowed primitive type (allowed: [""string""]): []
"
848db946-0b0e-435f-adaf-24972bd4a89a,181a5236-843c-47f8-9889-6dba9e3f326a,false,"[OAS] [OAS] validation failed:
 - ERROR - Response status 200 not defined for path '/users/{id}'.: []
"
848db946-0b0e-435f-adaf-24972bd4a89a,dc9c3c73-5102-4b65-9e01-5eed6c2a61fa,false,"[OAS] [OAS] validation failed:
 - ERROR - [Path '/id'] Instance type (null) does not match any allowed primitive type (allowed: [""integer""]): []
"
848db946-0b0e-435f-adaf-24972bd4a89a,c178d34f-ff18-4dad-9413-7ee894080d42,false,"[OAS] [OAS] validation failed:
 - ERROR - [Path '/username'] Instance type (number) does not match any allowed primitive type (allowed: [""string""]): []
"
848db946-0b0e-435f-adaf-24972bd4a89a,80f9f7fc-6dd4-48ca-a860-d42505c4cbfe,false,"[OAS] [OAS] validation failed:
 - ERROR - [Path '/surname'] Instance type (object) does not match any allowed primitive type (allowed: [""null"",""string""]): []
"
848db946-0b0e-435f-adaf-24972bd4a89a,4ab6e520-bf89-41a5-8904-5a8123d8795e,false,"[OAS] [OAS] validation failed:
 - ERROR - [Path '/birthDate'] Instance type (integer) does not match any allowed primitive type (allowed: [""null"",""string""]): []
"
848db946-0b0e-435f-adaf-24972bd4a89a,2251f0a3-275a-4d63-8d89-853b07e02056,false,"[OAS] [OAS] validation failed:
 - ERROR - [Path '/loginDt'] Instance type (number) does not match any allowed primitive type (allowed: [""null"",""string""]): []
"
848db946-0b0e-435f-adaf-24972bd4a89a,4f4c4e26-87c7-4901-9878-03f5404eb91e,false,"[OAS] [OAS] validation failed:
 - ERROR - [Path '/contactDTO'] Instance type (number) does not match any allowed primitive type (allowed: [""object""]): []
"
848db946-0b0e-435f-adaf-24972bd4a89a,196d0368-af93-4bba-9706-6fc538d81047,false,"[OAS] [OAS] validation failed:
 - ERROR - [Path '/contactDTO/email'] Instance type (null) does not match any allowed primitive type (allowed: [""string""]): []
"
848db946-0b0e-435f-adaf-24972bd4a89a,2895bc1d-8523-4e3d-9618-850411eb2082,false,"[OAS] [OAS] validation failed:
 - ERROR - [Path '/contactDTO/skype'] Instance type (integer) does not match any allowed primitive type (allowed: [""null"",""string""]): []
"
848db946-0b0e-435f-adaf-24972bd4a89a,39b92e87-e619-41e9-856e-f1a0a0bb1332,false,"[OAS] [OAS] validation failed:
 - ERROR - [Path '/addressDTO'] Instance type (null) does not match any allowed primitive type (allowed: [""object""]): []
"
848db946-0b0e-435f-adaf-24972bd4a89a,f9185bee-c49f-4a5a-af23-5eabf7ec2459,false,"[OAS] [OAS] validation failed:
 - ERROR - [Path '/addressDTO/zipCode'] Instance type (object) does not match any allowed primitive type (allowed: [""null"",""string""]): []
"
848db946-0b0e-435f-adaf-24972bd4a89a,a6c3b8bd-7b21-41fe-b0e5-a72bd1d92371,false,"[OAS] [OAS] validation failed:
 - ERROR - [Path '/roles/1'] Instance type (boolean) does not match any allowed primitive type (allowed: [""string""]): []
"
848db946-0b0e-435f-adaf-24972bd4a89a,7747861d-b872-48da-b73d-9f92d3e326e8,false,"[OAS] [OAS] validation failed:
 - ERROR - [Path '/permissions/0'] Instance type (null) does not match any allowed primitive type (allowed: [""string""]): []
"
848db946-0b0e-435f-adaf-24972bd4a89a,5f1704b8-6f5b-46de-a354-e82f8a4e6996,false,"[OAS] [OAS] validation failed:
 - ERROR - [Path '/permissions/1'] Instance type (object) does not match any allowed primitive type (allowed: [""string""]): []
"
b1d9579a-3e32-466c-8d9e-ee9a51235b8c,e1eed8cf-100d-40b4-aacc-aec8aaa63a3d,false,[NO_5XX] Unexpected 5XX response: 502
b1d9579a-3e32-466c-8d9e-ee9a51235b8c,76646eb8-1f8d-41ba-8117-c1bee7aea8aa,false,"[OAS] [OAS] validation failed:
 - ERROR - Object instance has properties which are not allowed by the schema: [""{\""id\"":5,\""username\"":\""testuser123\"",\""name\"":\""John\"",\""surname\"":\""Doe\"",\""gender\"":\""FEMALE\"",\""birthDate\"":\""1990-05-20\"",\""enabled\"":false,\""note\"":\""VIP customer\"",\""loginDt\"":null,\""secured\"":false,\""contactDTO\"":{\""email\"":\""user123@demo.net\"",\""phone\"":\"" 44-7700-900123\"",\""skype\"":\""alice.smith.skype\"",\""facebook\"":\""https://facebook.com/john.doe\"",\""linkedin\"":null,\""website\"":null,\""contactNote\"":\""Call after 6pm\""},\""addressDTO\"":{\""address\"":\""456 High Road\"",\""address2\"":null,\""city\"":\""Beijing\"",\""country\"":null,\""zipCode\"":\""SW1A 1AA\""},\""roles\"":[\""USER\""],\""permissions\"":[\""LOGIN\"",\""VIEW_PROFILE\""]}""]: []
"
b1d9579a-3e32-466c-8d9e-ee9a51235b8c,b69335aa-94f1-48af-90ce-e71e2a6539da,false,"[OAS] [OAS] validation failed:
 - ERROR - [Path '/username'] Instance type (number) does not match any allowed primitive type (allowed: [""string""]): []
"
b1d9579a-3e32-466c-8d9e-ee9a51235b8c,484329f0-8a1a-464b-a337-acc2812faa55,false,"[OAS] [OAS] validation failed:
 - ERROR - [Path '/name'] Instance type (object) does not match any allowed primitive type (allowed: [""string""]): []
"
b1d9579a-3e32-466c-8d9e-ee9a51235b8c,f0c5dc24-ffa0-44ce-b3db-84db6b28cf31,false,"[OAS] [OAS] validation failed:
 - ERROR - [Path '/gender'] Instance type (null) does not match any allowed primitive type (allowed: [""string""]): []
"
b1d9579a-3e32-466c-8d9e-ee9a51235b8c,680d5daa-2061-40a6-be0f-cd8b3c7b666a,false,"[OAS] [OAS] validation failed:
 - ERROR - [Path '/birthDate'] String ""EJEMPLO MAYUS"" is invalid against requested date format(s) yyyy-MM-dd: []
"
b1d9579a-3e32-466c-8d9e-ee9a51235b8c,395ee77a-1b59-4d81-94b6-db5aa56dcd23,false,"[OAS] [OAS] validation failed:
 - ERROR - [Path '/loginDt'] Instance type (number) does not match any allowed primitive type (allowed: [""null"",""string""]): []
"
b1d9579a-3e32-466c-8d9e-ee9a51235b8c,967550d1-865e-42fe-838d-878c4fcfbb3d,false,"[OAS] [OAS] validation failed:
 - ERROR - [Path '/secured'] Instance type (null) does not match any allowed primitive type (allowed: [""boolean""]): []
"
b1d9579a-3e32-466c-8d9e-ee9a51235b8c,e194a3ba-7dee-47ec-9192-53bd600f6043,false,"[OAS] [OAS] validation failed:
 - ERROR - [Path '/contactDTO'] Object instance has properties which are not allowed by the schema: [""randomBoolean1"",""randomObject2""]: []
"
b1d9579a-3e32-466c-8d9e-ee9a51235b8c,1d09b28f-6398-4596-81af-e028c0ccf527,false,"[OAS] [OAS] validation failed:
 - ERROR - [Path '/contactDTO/skype'] Instance type (integer) does not match any allowed primitive type (allowed: [""null"",""string""]): []
"
b1d9579a-3e32-466c-8d9e-ee9a51235b8c,67541f46-0498-494c-99d3-06237f29d937,false,"[OAS] [OAS] validation failed:
 - ERROR - [Path '/contactDTO/linkedin'] Instance type (object) does not match any allowed primitive type (allowed: [""null"",""string""]): []
"
b1d9579a-3e32-466c-8d9e-ee9a51235b8c,9e5d3a3d-8fa5-492e-8b77-8f1dbbeb4719,false,"[OAS] [OAS] validation failed:
 - ERROR - [Path '/contactDTO/website'] Instance type (object) does not match any allowed primitive type (allowed: [""null"",""string""]): []
"
b1d9579a-3e32-466c-8d9e-ee9a51235b8c,3631b97d-c6e7-424d-9b52-d63cba1f3056,false,"[OAS] [OAS] validation failed:
 - ERROR - [Path '/contactDTO/contactNote'] Instance type (boolean) does not match any allowed primitive type (allowed: [""null"",""string""]): []
"
b1d9579a-3e32-466c-8d9e-ee9a51235b8c,50dbd8af-e77b-4f17-9478-142438d06fb9,false,"[OAS] [OAS] validation failed:
 - ERROR - [Path '/addressDTO'] Instance type (array) does not match any allowed primitive type (allowed: [""object""]): []
"
b1d9579a-3e32-466c-8d9e-ee9a51235b8c,7ebef4c8-b660-4cc2-a71b-16e645d9e07f,false,"[OAS] [OAS] validation failed:
 - ERROR - [Path '/addressDTO/address'] Instance type (array) does not match any allowed primitive type (allowed: [""null"",""string""]): []
"
b1d9579a-3e32-466c-8d9e-ee9a51235b8c,2614aaad-76ed-4d3e-9bd5-f022b7c9403e,false,"[OAS] [OAS] validation failed:
 - ERROR - [Path '/addressDTO/address2'] Instance type (array) does not match any allowed primitive type (allowed: [""null"",""string""]): []
"
b1d9579a-3e32-466c-8d9e-ee9a51235b8c,a950ef13-9789-480f-aa30-b4fa66968c96,false,"[OAS] [OAS] validation failed:
 - ERROR - [Path '/addressDTO/country'] Instance type (integer) does not match any allowed primitive type (allowed: [""null"",""string""]): []
"
b1d9579a-3e32-466c-8d9e-ee9a51235b8c,fe1c598d-6a99-440d-b36a-d5845a027364,false,"[OAS] [OAS] validation failed:
 - ERROR - [Path '/roles'] Instance type (null) does not match any allowed primitive type (allowed: [""array""]): []
"
b1d9579a-3e32-466c-8d9e-ee9a51235b8c,45b03dce-88a5-4e5b-b678-4a59d0c0a3da,false,"[OAS] [OAS] validation failed:
 - ERROR - [Path '/permissions'] Instance type (object) does not match any allowed primitive type (allowed: [""array""]): []
"
b1d9579a-3e32-466c-8d9e-ee9a51235b8c,d47bf691-9a11-4120-b07b-29a1735b61f0,false,"[OAS] [OAS] validation failed:
 - ERROR - [Path '/permissions/1'] Instance type (null) does not match any allowed primitive type (allowed: [""string""]): []
"
19d90c2a-3d8d-41f2-85c8-a2f1284390bf,cad28268-dc92-4ea0-a6e9-520784f3ec8d,false,"[OAS] [OAS] validation failed:
 - ERROR - Response status 200 not defined for path '/users/{id}'.: []
"
19d90c2a-3d8d-41f2-85c8-a2f1284390bf,58f5ba9c-b668-4416-95bd-7bf685e1b45b,false,"[OAS] [OAS] validation failed:
 - ERROR - [Path '/id'] Instance type (number) does not match any allowed primitive type (allowed: [""integer""]): []
"
19d90c2a-3d8d-41f2-85c8-a2f1284390bf,845ba07f-fbf2-4fdf-b037-8d2a557ba1d3,false,"[OAS] [OAS] validation failed:
 - ERROR - [Path '/username'] Instance type (null) does not match any allowed primitive type (allowed: [""string""]): []
"
19d90c2a-3d8d-41f2-85c8-a2f1284390bf,4516a890-dfdd-4356-94bb-06dad8bb8082,false,"[OAS] [OAS] validation failed:
 - ERROR - [Path '/name'] Instance type (null) does not match any allowed primitive type (allowed: [""string""]): []
"
19d90c2a-3d8d-41f2-85c8-a2f1284390bf,de74e515-59af-4348-968e-0075fadd2b66,false,"[OAS] [OAS] validation failed:
 - ERROR - [Path '/surname'] Instance type (number) does not match any allowed primitive type (allowed: [""null"",""string""]): []
"
19d90c2a-3d8d-41f2-85c8-a2f1284390bf,c0ec086c-c4f4-4475-a8fe-d46e0cde6fdc,false,"[OAS] [OAS] validation failed:
 - ERROR - [Path '/gender'] Instance type (null) does not match any allowed primitive type (allowed: [""string""]): []
"
19d90c2a-3d8d-41f2-85c8-a2f1284390bf,855d7ef1-76ee-4da5-a5c1-da9a384cfe4d,false,"[OAS] [OAS] validation failed:
 - ERROR - [Path '/birthDate'] String ""1985-1/*2-01"" is invalid against requested date format(s) yyyy-MM-dd: []
"
19d90c2a-3d8d-41f2-85c8-a2f1284390bf,182e2c1e-2442-4382-b750-66cbd38e00f7,false,"[OAS] [OAS] validation failed:
 - ERROR - [Path '/enabled'] Instance type (null) does not match any allowed primitive type (allowed: [""boolean""]): []
"
19d90c2a-3d8d-41f2-85c8-a2f1284390bf,b8d81812-fa1a-49c2-b18a-7af1c5d4ab30,false,"[OAS] [OAS] validation failed:
 - ERROR - [Path '/loginDt'] Instance type (object) does not match any allowed primitive type (allowed: [""null"",""string""]): []
"
19d90c2a-3d8d-41f2-85c8-a2f1284390bf,668decc9-7a77-4cfe-8546-a586f1b24ec4,false,"[OAS] [OAS] validation failed:
 - ERROR - [Path '/secured'] Instance type (null) does not match any allowed primitive type (allowed: [""boolean""]): []
"
19d90c2a-3d8d-41f2-85c8-a2f1284390bf,fdb8d251-e09a-410d-8528-6c812ed61cba,false,"[OAS] [OAS] validation failed:
 - ERROR - [Path '/contactDTO'] Instance type (null) does not match any allowed primitive type (allowed: [""object""]): []
"
19d90c2a-3d8d-41f2-85c8-a2f1284390bf,1d76f36e-7f6b-4078-8684-9a1d9ad640df,false,"[OAS] [OAS] validation failed:
 - ERROR - [Path '/contactDTO/email'] Instance type (null) does not match any allowed primitive type (allowed: [""string""]): []
"
19d90c2a-3d8d-41f2-85c8-a2f1284390bf,0e55015b-2211-4563-9f6d-e83fb4ff12cd,false,"[OAS] [OAS] validation failed:
 - ERROR - [Path '/contactDTO/skype'] Instance type (object) does not match any allowed primitive type (allowed: [""null"",""string""]): []
"
19d90c2a-3d8d-41f2-85c8-a2f1284390bf,46766d7c-4306-4dfa-bb80-0adca3c2bf98,false,"[OAS] [OAS] validation failed:
 - ERROR - [Path '/contactDTO/website'] Instance type (array) does not match any allowed primitive type (allowed: [""null"",""string""]): []
"
19d90c2a-3d8d-41f2-85c8-a2f1284390bf,ad60a005-6984-4058-b67f-54a8a0fa1766,false,"[OAS] [OAS] validation failed:
 - ERROR - [Path '/contactDTO/contactNote'] Instance type (integer) does not match any allowed primitive type (allowed: [""null"",""string""]): []
"
19d90c2a-3d8d-41f2-85c8-a2f1284390bf,7e3dce85-f6c8-45ff-87de-4810d0d7578e,false,"[OAS] [OAS] validation failed:
 - ERROR - [Path '/addressDTO/address2'] Instance type (boolean) does not match any allowed primitive type (allowed: [""null"",""string""]): []
"
19d90c2a-3d8d-41f2-85c8-a2f1284390bf,5302c08b-9c08-4a76-8533-b91b0cc610eb,false,"[OAS] [OAS] validation failed:
 - ERROR - [Path '/addressDTO/city'] Instance type (array) does not match any allowed primitive type (allowed: [""null"",""string""]): []
"
19d90c2a-3d8d-41f2-85c8-a2f1284390bf,a7b2d625-7c9a-48f5-b39e-460555d7acc9,false,"[OAS] [OAS] validation failed:
 - ERROR - [Path '/roles'] Instance type (null) does not match any allowed primitive type (allowed: [""array""]): []
"
87b5351b-aa4a-4d74-8a80-061b59a91a39,b202f931-e0fe-4924-bc79-6c4b99dac38c,false,"[OAS] [OAS] validation failed:
 - ERROR - Response status 200 not defined for path '/users/{id}'.: []
"
87b5351b-aa4a-4d74-8a80-061b59a91a39,3fd0f7e9-8f2c-4496-80ff-aa43b3f4d7a7,false,"[OAS] [OAS] validation failed:
 - ERROR - Object instance has properties which are not allowed by the schema: [""randomBoolean1""]: []
"
87b5351b-aa4a-4d74-8a80-061b59a91a39,f11a94cb-7986-49b6-baea-86fae9fd4202,false,"[OAS] [OAS] validation failed:
 - ERROR - [Path '/surname'] Instance type (object) does not match any allowed primitive type (allowed: [""null"",""string""]): []
"
87b5351b-aa4a-4d74-8a80-061b59a91a39,1f015bef-5d12-4e87-b086-8ae8a59d4735,false,"[OAS] [OAS] validation failed:
 - ERROR - [Path '/birthDate'] Instance type (number) does not match any allowed primitive type (allowed: [""null"",""string""]): []
"
87b5351b-aa4a-4d74-8a80-061b59a91a39,2223ac35-939a-47d0-ac20-2d649f902a07,false,"[OAS] [OAS] validation failed:
 - ERROR - [Path '/enabled'] Instance type (number) does not match any allowed primitive type (allowed: [""boolean""]): []
"
87b5351b-aa4a-4d74-8a80-061b59a91a39,e62a1a7a-d768-4791-a348-42edd2a5ad3e,false,"[OAS] [OAS] validation failed:
 - ERROR - [Path '/loginDt'] Instance type (object) does not match any allowed primitive type (allowed: [""null"",""string""]): []
"
87b5351b-aa4a-4d74-8a80-061b59a91a39,9628c9a2-8000-4aa6-84ed-6ae4b4c93727,false,"[OAS] [OAS] validation failed:
 - ERROR - [Path '/secured'] Instance type (null) does not match any allowed primitive type (allowed: [""boolean""]): []
"
87b5351b-aa4a-4d74-8a80-061b59a91a39,d983df0d-263e-4bbb-ae45-2d8eacd89446,false,"[OAS] [OAS] validation failed:
 - ERROR - [Path '/contactDTO'] Instance type (number) does not match any allowed primitive type (allowed: [""object""]): []
"
87b5351b-aa4a-4d74-8a80-061b59a91a39,342c4aa6-f684-47ed-ba05-e71fca262228,false,"[OAS] [OAS] validation failed:
 - ERROR - [Path '/contactDTO/skype'] Instance type (object) does not match any allowed primitive type (allowed: [""null"",""string""]): []
"
87b5351b-aa4a-4d74-8a80-061b59a91a39,40f0162f-2bc4-4cd5-9600-5359bdfbcf43,false,"[OAS] [OAS] validation failed:
 - ERROR - [Path '/contactDTO/facebook'] Instance type (array) does not match any allowed primitive type (allowed: [""null"",""string""]): []
"
87b5351b-aa4a-4d74-8a80-061b59a91a39,61c494c0-f7eb-4a68-a0fa-da662fd41653,false,"[OAS] [OAS] validation failed:
 - ERROR - [Path '/addressDTO'] Instance type (null) does not match any allowed primitive type (allowed: [""object""]): []
"
87b5351b-aa4a-4d74-8a80-061b59a91a39,074a3fc0-61ca-489f-9e5d-debc3073bfe1,false,"[OAS] [OAS] validation failed:
 - ERROR - [Path '/addressDTO/address'] Instance type (integer) does not match any allowed primitive type (allowed: [""null"",""string""]): []
"
87b5351b-aa4a-4d74-8a80-061b59a91a39,1434586e-f81d-4110-9053-2f2fa7666df7,false,"[OAS] [OAS] validation failed:
 - ERROR - [Path '/addressDTO/address2'] Instance type (array) does not match any allowed primitive type (allowed: [""null"",""string""]): []
"
87b5351b-aa4a-4d74-8a80-061b59a91a39,8ec70961-7521-441b-adb1-64780724404b,false,"[OAS] [OAS] validation failed:
 - ERROR - [Path '/roles/0'] Instance type (null) does not match any allowed primitive type (allowed: [""string""]): []
"
87b5351b-aa4a-4d74-8a80-061b59a91a39,79ea40ec-e747-4807-b3d2-a1aac23bc856,false,"[OAS] [OAS] validation failed:
 - ERROR - [Path '/roles/1'] Instance type (array) does not match any allowed primitive type (allowed: [""string""]): []
"
87b5351b-aa4a-4d74-8a80-061b59a91a39,9a2adf47-ac15-494e-af27-eae2c57c1b83,false,"[OAS] [OAS] validation failed:
 - ERROR - [Path '/permissions'] Instance type (null) does not match any allowed primitive type (allowed: [""array""]): []
"
5f10ca28-33b8-402c-9f58-d5c77a0614c4,2a7e75c9-ce9b-4d01-9efd-306360387f6e,false,"[OAS] [OAS] validation failed:
 - ERROR - Response status 204 not defined for path '/users/{id}'.: []
"
5f10ca28-33b8-402c-9f58-d5c77a0614c4,7f01bc13-51b1-4a70-98b0-6be10b35f313,false,"[OAS] [OAS] validation failed:
 - ERROR - Object instance has properties which are not allowed by the schema: [""randomBoolean1""]: []
"
5f10ca28-33b8-402c-9f58-d5c77a0614c4,9e0c8a9e-7114-4b2a-b149-cf66d1fc973b,false,"[OAS] [OAS] validation failed:
 - ERROR - [Path '/id'] Instance type (null) does not match any allowed primitive type (allowed: [""integer""]): []
"
5f10ca28-33b8-402c-9f58-d5c77a0614c4,356ffbf1-71ea-4b3e-911e-0652ca7f8ba0,false,"[OAS] [OAS] validation failed:
 - ERROR - [Path '/surname'] Instance type (number) does not match any allowed primitive type (allowed: [""null"",""string""]): []
"
5f10ca28-33b8-402c-9f58-d5c77a0614c4,835a4740-4334-4608-8516-fad25853333f,false,"[OAS] [OAS] validation failed:
 - ERROR - [Path '/gender'] Instance type (null) does not match any allowed primitive type (allowed: [""string""]): []
"
5f10ca28-33b8-402c-9f58-d5c77a0614c4,801914e1-001a-4666-9757-eac1315024cf,false,"[OAS] [OAS] validation failed:
 - ERROR - [Path '/enabled'] Instance type (null) does not match any allowed primitive type (allowed: [""boolean""]): []
"
5f10ca28-33b8-402c-9f58-d5c77a0614c4,446705c6-8695-471e-a32c-b5be367e23c0,false,"[OAS] [OAS] validation failed:
 - ERROR - [Path '/note'] Instance type (object) does not match any allowed primitive type (allowed: [""null"",""string""]): []
"
5f10ca28-33b8-402c-9f58-d5c77a0614c4,e14be421-ba89-4ad6-a668-991d89d8519d,false,"[OAS] [OAS] validation failed:
 - ERROR - [Path '/loginDt'] Instance type (object) does not match any allowed primitive type (allowed: [""null"",""string""]): []
"
5f10ca28-33b8-402c-9f58-d5c77a0614c4,ac0d17cd-728e-4c18-b97a-a30c3e27ce45,false,"[OAS] [OAS] validation failed:
 - ERROR - [Path '/secured'] Instance type (null) does not match any allowed primitive type (allowed: [""boolean""]): []
"
5f10ca28-33b8-402c-9f58-d5c77a0614c4,70d709d0-280c-40be-bd0a-89b4eb4ef117,false,"[OAS] [OAS] validation failed:
 - ERROR - [Path '/contactDTO/email'] Instance type (null) does not match any allowed primitive type (allowed: [""string""]): []
"
5f10ca28-33b8-402c-9f58-d5c77a0614c4,1013747d-1f89-4aec-b70c-f7033c626b5c,false,"[OAS] [OAS] validation failed:
 - ERROR - [Path '/contactDTO/phone'] Instance type (array) does not match any allowed primitive type (allowed: [""null"",""string""]): []
"
5f10ca28-33b8-402c-9f58-d5c77a0614c4,6c35c6f2-bee4-475b-81e3-6119461f3738,false,"[OAS] [OAS] validation failed:
 - ERROR - [Path '/contactDTO/linkedin'] Instance type (array) does not match any allowed primitive type (allowed: [""null"",""string""]): []
"
5f10ca28-33b8-402c-9f58-d5c77a0614c4,41fd8957-e13c-4cc9-b39c-55a213663ef1,false,"[OAS] [OAS] validation failed:
 - ERROR - [Path '/contactDTO/website'] Instance type (integer) does not match any allowed primitive type (allowed: [""null"",""string""]): []
"
5f10ca28-33b8-402c-9f58-d5c77a0614c4,deca0abb-423c-4a04-b41b-e6790afafc3e,false,"[OAS] [OAS] validation failed:
 - ERROR - [Path '/addressDTO'] Instance type (array) does not match any allowed primitive type (allowed: [""object""]): []
"
5f10ca28-33b8-402c-9f58-d5c77a0614c4,57eb05d1-9275-4996-945f-cce861b2490c,false,"[OAS] [OAS] validation failed:
 - ERROR - [Path '/addressDTO/address'] Instance type (array) does not match any allowed primitive type (allowed: [""null"",""string""]): []
"
5f10ca28-33b8-402c-9f58-d5c77a0614c4,4ca6414b-c584-4833-8b67-5e91adc902a1,false,"[OAS] [OAS] validation failed:
 - ERROR - [Path '/addressDTO/city'] Instance type (boolean) does not match any allowed primitive type (allowed: [""null"",""string""]): []
"
5f10ca28-33b8-402c-9f58-d5c77a0614c4,56507097-6cbf-4d8a-8a54-5e0613dacf46,false,"[OAS] [OAS] validation failed:
 - ERROR - [Path '/roles'] Instance type (null) does not match any allowed primitive type (allowed: [""array""]): []
"
6e982812-2a43-42f3-8490-19b663f3b8a4,bec60e16-7eb7-4f73-a254-d149a3570be2,false,"[OAS] [OAS] validation failed:
 - ERROR - Response status 204 not defined for path '/users/{id}'.: []
"
6e982812-2a43-42f3-8490-19b663f3b8a4,257435dd-c02a-492f-8e75-f35a0f3b3282,false,"[OAS] [OAS] validation failed:
 - ERROR - Object instance has properties which are not allowed by the schema: [""randomBoolean1""]: []
"
6e982812-2a43-42f3-8490-19b663f3b8a4,9acdff2c-2d5d-4b9d-84a4-bee87d05c04b,false,"[OAS] [OAS] validation failed:
 - ERROR - [Path '/id'] Instance type (number) does not match any allowed primitive type (allowed: [""integer""]): []
"
6e982812-2a43-42f3-8490-19b663f3b8a4,bd1c2f9d-30c0-41b0-90e5-0bc55bfa3343,false,"[OAS] [OAS] validation failed:
 - ERROR - [Path '/username'] Instance type (number) does not match any allowed primitive type (allowed: [""string""]): []
"
6e982812-2a43-42f3-8490-19b663f3b8a4,1bb3aef8-2fc3-49e6-9ded-2f1248621c2e,false,"[OAS] [OAS] validation failed:
 - ERROR - [Path '/birthDate'] Instance type (number) does not match any allowed primitive type (allowed: [""null"",""string""]): []
"
6e982812-2a43-42f3-8490-19b663f3b8a4,d2dd593c-61e2-4b28-b302-8cbc9b299075,false,"[OAS] [OAS] validation failed:
 - ERROR - [Path '/note'] Instance type (object) does not match any allowed primitive type (allowed: [""null"",""string""]): []
"
6e982812-2a43-42f3-8490-19b663f3b8a4,b7f88aa1-b994-438d-acfc-398ea96dc98b,false,"[OAS] [OAS] validation failed:
 - ERROR - [Path '/loginDt'] Instance type (object) does not match any allowed primitive type (allowed: [""null"",""string""]): []
"
6e982812-2a43-42f3-8490-19b663f3b8a4,19618f8a-84ba-438f-8cf1-bd70ab025683,false,"[OAS] [OAS] validation failed:
 - ERROR - [Path '/secured'] Instance type (object) does not match any allowed primitive type (allowed: [""boolean""]): []
"
6e982812-2a43-42f3-8490-19b663f3b8a4,cd216cb8-a363-481d-9132-a0c46f75956d,false,"[OAS] [OAS] validation failed:
 - ERROR - [Path '/contactDTO'] Instance type (null) does not match any allowed primitive type (allowed: [""object""]): []
"
6e982812-2a43-42f3-8490-19b663f3b8a4,1fc473dc-6a85-4ec8-b278-ac51167a4e37,false,"[OAS] [OAS] validation failed:
 - ERROR - [Path '/contactDTO/contactNote'] Instance type (boolean) does not match any allowed primitive type (allowed: [""null"",""string""]): []
"
6e982812-2a43-42f3-8490-19b663f3b8a4,45f2d263-59a2-4add-8491-64ba5a26d353,false,"[OAS] [OAS] validation failed:
 - ERROR - [Path '/addressDTO'] Instance type (array) does not match any allowed primitive type (allowed: [""object""]): []
"
6e982812-2a43-42f3-8490-19b663f3b8a4,0f9ebb55-2fcd-4b4a-8798-41fdc8eba0f2,false,"[OAS] [OAS] validation failed:
 - ERROR - [Path '/addressDTO/country'] Instance type (array) does not match any allowed primitive type (allowed: [""null"",""string""]): []
"
6e982812-2a43-42f3-8490-19b663f3b8a4,131db09b-8efa-4a39-b9f1-1f9f25aab846,false,"[OAS] [OAS] validation failed:
 - ERROR - [Path '/roles/1'] Instance type (boolean) does not match any allowed primitive type (allowed: [""string""]): []
"
6e982812-2a43-42f3-8490-19b663f3b8a4,c6ea7e71-9a2a-4a93-804a-9f4212b32e9e,false,"[OAS] [OAS] validation failed:
 - ERROR - [Path '/permissions'] Instance type (null) does not match any allowed primitive type (allowed: [""array""]): []
"
6e982812-2a43-42f3-8490-19b663f3b8a4,96f7cdf8-95a1-4c90-89ac-db2a3d027313,false,"[OAS] [OAS] validation failed:
 - ERROR - [Path '/permissions/0'] Instance type (null) does not match any allowed primitive type (allowed: [""string""]): []
"
6e982812-2a43-42f3-8490-19b663f3b8a4,b9ef6504-ad62-4796-af34-90b3f8a91216,false,"[OAS] [OAS] validation failed:
 - ERROR - [Path '/permissions/1'] Instance type (object) does not match any allowed primitive type (allowed: [""string""]): []
"
211f7921-f09c-4699-8c7f-b1f34be0b036,3cd45004-ced3-4a15-8eee-f29823105285,false,"[OAS] [OAS] validation failed:
 - ERROR - Object instance has properties which are not allowed by the schema: [""addressDTO"",""birthDate"",""contactDTO"",""enabled"",""gender"",""id"",""loginDt"",""name"",""note"",""permissions"",""roles"",""secured"",""surname"",""username""]: []
"
211f7921-f09c-4699-8c7f-b1f34be0b036,ac4c7edd-e09a-422a-acaf-dd8691ca3283,false,"[OAS] [OAS] validation failed:
 - ERROR - [Path '/id'] Instance type (number) does not match any allowed primitive type (allowed: [""integer""]): []
"
211f7921-f09c-4699-8c7f-b1f34be0b036,bc3b1632-6d13-4bfc-8279-0b035b231930,false,"[OAS] [OAS] validation failed:
 - ERROR - [Path '/name'] Instance type (object) does not match any allowed primitive type (allowed: [""string""]): []
"
211f7921-f09c-4699-8c7f-b1f34be0b036,0ab1fced-0d71-461d-9ce7-cb96647bee74,false,"[OAS] [OAS] validation failed:
 - ERROR - [Path '/birthDate'] Instance type (number) does not match any allowed primitive type (allowed: [""null"",""string""]): []
"
211f7921-f09c-4699-8c7f-b1f34be0b036,40519b25-55b5-405b-a197-5d4fd1925cb6,false,"[OAS] [OAS] validation failed:
 - ERROR - [Path '/enabled'] Instance type (null) does not match any allowed primitive type (allowed: [""boolean""]): []
"
211f7921-f09c-4699-8c7f-b1f34be0b036,f73a03b9-f2c3-42fc-bba9-841c72ea5780,false,"[OAS] [OAS] validation failed:
 - ERROR - [Path '/loginDt'] Instance type (object) does not match any allowed primitive type (allowed: [""null"",""string""]): []
"
211f7921-f09c-4699-8c7f-b1f34be0b036,f9e6374c-a3a4-4af8-aca1-da7b0bb9f186,false,"[OAS] [OAS] validation failed:
 - ERROR - [Path '/secured'] Instance type (object) does not match any allowed primitive type (allowed: [""boolean""]): []
"
211f7921-f09c-4699-8c7f-b1f34be0b036,29e29d24-8064-4f39-9a58-11436a185d4d,false,"[OAS] [OAS] validation failed:
 - ERROR - [Path '/contactDTO'] Object instance has properties which are not allowed by the schema: [""randomBoolean1"",""randomObject2""]: []
"
211f7921-f09c-4699-8c7f-b1f34be0b036,9ba875e2-dc85-4edc-b4b0-52c6fb4e1141,false,"[OAS] [OAS] validation failed:
 - ERROR - [Path '/contactDTO/skype'] Instance type (object) does not match any allowed primitive type (allowed: [""null"",""string""]): []
"
211f7921-f09c-4699-8c7f-b1f34be0b036,a609290e-eb9d-45c5-aa36-ce414284de15,false,"[OAS] [OAS] validation failed:
 - ERROR - [Path '/addressDTO'] Instance type (array) does not match any allowed primitive type (allowed: [""object""]): []
"
211f7921-f09c-4699-8c7f-b1f34be0b036,4bddc7e9-447b-404a-8f32-40e18dd143cf,false,"[OAS] [OAS] validation failed:
 - ERROR - [Path '/addressDTO/address'] Instance type (array) does not match any allowed primitive type (allowed: [""null"",""string""]): []
"
211f7921-f09c-4699-8c7f-b1f34be0b036,f44dcc9b-0b1e-48f6-82f3-0d5c035bd517,false,"[OAS] [OAS] validation failed:
 - ERROR - [Path '/addressDTO/city'] Instance type (array) does not match any allowed primitive type (allowed: [""null"",""string""]): []
"
211f7921-f09c-4699-8c7f-b1f34be0b036,491b6f2b-513b-49a4-90ba-a18f054bb3dd,false,"[OAS] [OAS] validation failed:
 - ERROR - [Path '/roles'] Instance type (number) does not match any allowed primitive type (allowed: [""array""]): []
"
211f7921-f09c-4699-8c7f-b1f34be0b036,be1b43bc-d7e3-4814-ab53-024c71dac867,false,"[OAS] [OAS] validation failed:
 - ERROR - [Path '/roles/0'] Instance type (array) does not match any allowed primitive type (allowed: [""string""]): []
"
211f7921-f09c-4699-8c7f-b1f34be0b036,9e97b2d4-b311-4507-a383-691caa4bb36b,false,"[OAS] [OAS] validation failed:
 - ERROR - [Path '/permissions/0'] Instance type (boolean) does not match any allowed primitive type (allowed: [""string""]): []
"
147eef42-f6ed-4136-8f9b-d064a9da083c,6a98695c-2178-47b5-bcfb-8efada14d56c,false,[NO_5XX] Unexpected 5XX response: 502
147eef42-f6ed-4136-8f9b-d064a9da083c,54d88721-6f75-4886-93f1-cc69e3fde568,false,"[OAS] [OAS] validation failed:
 - ERROR - Object instance has properties which are not allowed by the schema: [""randomBoolean1""]: []
"
147eef42-f6ed-4136-8f9b-d064a9da083c,762b168b-7e2d-47fd-800e-4eb93806747b,false,"[OAS] [OAS] validation failed:
 - ERROR - [Path '/id'] Instance type (number) does not match any allowed primitive type (allowed: [""integer""]): []
"
147eef42-f6ed-4136-8f9b-d064a9da083c,ea72cf4d-1cbc-472f-ac52-caf6007863aa,false,"[OAS] [OAS] validation failed:
 - ERROR - [Path '/username'] Instance type (null) does not match any allowed primitive type (allowed: [""string""]): []
"
147eef42-f6ed-4136-8f9b-d064a9da083c,211f2498-6975-4cae-8db6-215964312a12,false,"[OAS] [OAS] validation failed:
 - ERROR - [Path '/gender'] Instance type (array) does not match any allowed primitive type (allowed: [""string""]): []
"
147eef42-f6ed-4136-8f9b-d064a9da083c,3eeae90e-9992-4ace-a8b4-fa4e6703ef95,false,"[OAS] [OAS] validation failed:
 - ERROR - [Path '/birthDate'] String ""EJEMPLO MAYUS"" is invalid against requested date format(s) yyyy-MM-dd: []
"
147eef42-f6ed-4136-8f9b-d064a9da083c,8a3c8db9-c736-4b44-8b9e-d871174d3419,false,"[OAS] [OAS] validation failed:
 - ERROR - [Path '/note'] Instance type (array) does not match any allowed primitive type (allowed: [""null"",""string""]): []
"
147eef42-f6ed-4136-8f9b-d064a9da083c,79749401-24c2-4133-8967-9a5ae0b6719a,false,"[OAS] [OAS] validation failed:
 - ERROR - [Path '/loginDt'] Instance type (number) does not match any allowed primitive type (allowed: [""null"",""string""]): []
"
147eef42-f6ed-4136-8f9b-d064a9da083c,227c07d4-2885-4c1c-bcd5-d0d13d29ec9a,false,"[OAS] [OAS] validation failed:
 - ERROR - [Path '/secured'] Instance type (null) does not match any allowed primitive type (allowed: [""boolean""]): []
"
147eef42-f6ed-4136-8f9b-d064a9da083c,c5257a9c-8384-489b-8148-1ca79544fbdf,false,"[OAS] [OAS] validation failed:
 - ERROR - [Path '/contactDTO'] Instance type (null) does not match any allowed primitive type (allowed: [""object""]): []
"
147eef42-f6ed-4136-8f9b-d064a9da083c,4d38560b-2006-480f-86b9-ade836921841,false,"[OAS] [OAS] validation failed:
 - ERROR - [Path '/contactDTO/phone'] Instance type (object) does not match any allowed primitive type (allowed: [""null"",""string""]): []
"
147eef42-f6ed-4136-8f9b-d064a9da083c,faeea474-5298-44eb-be7c-ccb3c5f49fa4,false,"[OAS] [OAS] validation failed:
 - ERROR - [Path '/contactDTO/facebook'] Instance type (integer) does not match any allowed primitive type (allowed: [""null"",""string""]): []
"
147eef42-f6ed-4136-8f9b-d064a9da083c,2243b413-16b2-44ff-8bc3-a7a297e4570e,false,"[OAS] [OAS] validation failed:
 - ERROR - [Path '/contactDTO/linkedin'] Instance type (object) does not match any allowed primitive type (allowed: [""null"",""string""]): []
"
147eef42-f6ed-4136-8f9b-d064a9da083c,46f33755-2740-47f2-85ba-e1d1f0f78a67,false,"[OAS] [OAS] validation failed:
 - ERROR - [Path '/contactDTO/contactNote'] Instance type (array) does not match any allowed primitive type (allowed: [""null"",""string""]): []
"
147eef42-f6ed-4136-8f9b-d064a9da083c,a88467e1-0ffc-4f9e-8eb9-cf75cbbe8786,false,"[OAS] [OAS] validation failed:
 - ERROR - [Path '/addressDTO'] Object instance has properties which are not allowed by the schema: [""randomArray3"",""randomLong2"",""randomObject1"",""randomObject4""]: []
"
147eef42-f6ed-4136-8f9b-d064a9da083c,fcab797c-a764-4bbb-b09c-eda85726882b,false,"[OAS] [OAS] validation failed:
 - ERROR - [Path '/addressDTO/address'] Instance type (integer) does not match any allowed primitive type (allowed: [""null"",""string""]): []
"
147eef42-f6ed-4136-8f9b-d064a9da083c,3034ee71-a68b-451b-a1be-fea5d7a2b56d,false,"[OAS] [OAS] validation failed:
 - ERROR - [Path '/addressDTO/address2'] Instance type (boolean) does not match any allowed primitive type (allowed: [""null"",""string""]): []
"
147eef42-f6ed-4136-8f9b-d064a9da083c,6a749fdf-bb18-45ec-bfff-197a9249e297,false,"[OAS] [OAS] validation failed:
 - ERROR - [Path '/addressDTO/city'] Instance type (array) does not match any allowed primitive type (allowed: [""null"",""string""]): []
"
147eef42-f6ed-4136-8f9b-d064a9da083c,b937e695-fa14-4da3-8179-3020ce6226e2,false,"[OAS] [OAS] validation failed:
 - ERROR - [Path '/roles'] Instance type (number) does not match any allowed primitive type (allowed: [""array""]): []
"
147eef42-f6ed-4136-8f9b-d064a9da083c,0088034f-76af-41f7-820f-8b441f62acdd,false,"[OAS] [OAS] validation failed:
 - ERROR - [Path '/roles/0'] Instance type (array) does not match any allowed primitive type (allowed: [""string""]): []
"
f3e30e6c-d7b9-47d7-b20b-dbb49b453336,564927a3-d7b7-4a59-812d-a0513fc7f154,false,[NO_5XX] Unexpected 5XX response: 503
f3e30e6c-d7b9-47d7-b20b-dbb49b453336,edbb946b-96cd-4719-b56b-da5ef07ff384,false,"[OAS] [OAS] validation failed:
 - ERROR - [Path '/id'] Instance type (number) does not match any allowed primitive type (allowed: [""integer""]): []
"
f3e30e6c-d7b9-47d7-b20b-dbb49b453336,b9202e13-e986-4ee2-bc82-691bb2557c38,false,"[OAS] [OAS] validation failed:
 - ERROR - [Path '/username'] Instance type (null) does not match any allowed primitive type (allowed: [""string""]): []
"
f3e30e6c-d7b9-47d7-b20b-dbb49b453336,9c1fbfc5-17d9-4c05-ad5a-cf4af1e303cf,false,"[OAS] [OAS] validation failed:
 - ERROR - [Path '/name'] Instance type (null) does not match any allowed primitive type (allowed: [""string""]): []
"
f3e30e6c-d7b9-47d7-b20b-dbb49b453336,32b3a303-5323-48a6-b73b-3930b81e2052,false,"[OAS] [OAS] validation failed:
 - ERROR - [Path '/gender'] Instance type (null) does not match any allowed primitive type (allowed: [""string""]): []
"
f3e30e6c-d7b9-47d7-b20b-dbb49b453336,7492b319-620d-4cce-80bd-896d15bd2538,false,"[OAS] [OAS] validation failed:
 - ERROR - [Path '/enabled'] Instance type (number) does not match any allowed primitive type (allowed: [""boolean""]): []
"
f3e30e6c-d7b9-47d7-b20b-dbb49b453336,2863db56-d114-45fe-8897-8c36cbbe1267,false,"[OAS] [OAS] validation failed:
 - ERROR - [Path '/loginDt'] Instance type (number) does not match any allowed primitive type (allowed: [""null"",""string""]): []
"
f3e30e6c-d7b9-47d7-b20b-dbb49b453336,2ca48e90-5962-4473-b218-989350b41268,false,"[OAS] [OAS] validation failed:
 - ERROR - [Path '/contactDTO'] Instance type (number) does not match any allowed primitive type (allowed: [""object""]): []
"
f3e30e6c-d7b9-47d7-b20b-dbb49b453336,58544e9e-6746-438f-a19d-afff9707efcb,false,"[OAS] [OAS] validation failed:
 - ERROR - [Path '/contactDTO/skype'] Instance type (object) does not match any allowed primitive type (allowed: [""null"",""string""]): []
"
f3e30e6c-d7b9-47d7-b20b-dbb49b453336,519d6fbd-0601-465f-8a3d-ca83c07bcc53,false,"[OAS] [OAS] validation failed:
 - ERROR - [Path '/contactDTO/facebook'] Instance type (object) does not match any allowed primitive type (allowed: [""null"",""string""]): []
"
f3e30e6c-d7b9-47d7-b20b-dbb49b453336,4a95c9ed-632e-4945-ab94-0b5577e4fdeb,false,"[OAS] [OAS] validation failed:
 - ERROR - [Path '/contactDTO/contactNote'] Instance type (boolean) does not match any allowed primitive type (allowed: [""null"",""string""]): []
"
f3e30e6c-d7b9-47d7-b20b-dbb49b453336,3e027473-a265-4598-ac78-2b87503d4757,false,"[OAS] [OAS] validation failed:
 - ERROR - [Path '/addressDTO'] Instance type (array) does not match any allowed primitive type (allowed: [""object""]): []
"
f3e30e6c-d7b9-47d7-b20b-dbb49b453336,d0bfd4f3-feb2-48cc-a2f3-d2abe8f44b5c,false,"[OAS] [OAS] validation failed:
 - ERROR - [Path '/addressDTO/country'] Instance type (array) does not match any allowed primitive type (allowed: [""null"",""string""]): []
"
f3e30e6c-d7b9-47d7-b20b-dbb49b453336,f94cd4b9-b044-436f-b964-694994c04408,false,"[OAS] [OAS] validation failed:
 - ERROR - [Path '/addressDTO/zipCode'] Instance type (array) does not match any allowed primitive type (allowed: [""null"",""string""]): []
"
f3e30e6c-d7b9-47d7-b20b-dbb49b453336,136bb9ee-dc30-41f0-b413-9f8ebf77f29b,false,"[OAS] [OAS] validation failed:
 - ERROR - [Path '/roles'] Instance type (null) does not match any allowed primitive type (allowed: [""array""]): []
"
f3e30e6c-d7b9-47d7-b20b-dbb49b453336,a8ff5af4-f141-4eda-84f1-3719b06e2b56,false,"[OAS] [OAS] validation failed:
 - ERROR - [Path '/permissions/0'] Instance type (boolean) does not match any allowed primitive type (allowed: [""string""]): []
"
1a32b2ee-62e2-4388-a6fc-10d59fd4d54b,feb16ef6-3ed6-42ce-8e9b-62caabde1203,false,[NO_5XX] Unexpected 5XX response: 500
1a32b2ee-62e2-4388-a6fc-10d59fd4d54b,b545af55-7ff1-4715-98a3-622a79beff40,false,"[OAS] [OAS] validation failed:
 - ERROR - Object instance has properties which are not allowed by the schema: [""randomBoolean1""]: []
"
1a32b2ee-62e2-4388-a6fc-10d59fd4d54b,ab75a0a0-09d6-4c20-aa2f-912e2fef5e3d,false,"[OAS] [OAS] validation failed:
 - ERROR - [Path '/id'] Instance type (null) does not match any allowed primitive type (allowed: [""integer""]): []
"
1a32b2ee-62e2-4388-a6fc-10d59fd4d54b,51043e8e-546d-4125-a829-11ff1a7382cd,false,"[OAS] [OAS] validation failed:
 - ERROR - [Path '/name'] Instance type (null) does not match any allowed primitive type (allowed: [""string""]): []
"
1a32b2ee-62e2-4388-a6fc-10d59fd4d54b,efe1f934-5f2f-446f-a1fd-6f244c8274aa,false,"[OAS] [OAS] validation failed:
 - ERROR - [Path '/surname'] Instance type (object) does not match any allowed primitive type (allowed: [""null"",""string""]): []
"
1a32b2ee-62e2-4388-a6fc-10d59fd4d54b,0b9da080-fc98-4602-a137-fb80fd2a0590,false,"[OAS] [OAS] validation failed:
 - ERROR - [Path '/gender'] Instance type (array) does not match any allowed primitive type (allowed: [""string""]): []
"
1a32b2ee-62e2-4388-a6fc-10d59fd4d54b,71e3e1de-7412-42b2-ade2-fa1e6a45623a,false,"[OAS] [OAS] validation failed:
 - ERROR - [Path '/birthDate'] String ""200/*0-07-15"" is invalid against requested date format(s) yyyy-MM-dd: []
"
1a32b2ee-62e2-4388-a6fc-10d59fd4d54b,613db36a-fad0-416a-9329-870db90f8ba7,false,"[OAS] [OAS] validation failed:
 - ERROR - [Path '/enabled'] Instance type (null) does not match any allowed primitive type (allowed: [""boolean""]): []
"
1a32b2ee-62e2-4388-a6fc-10d59fd4d54b,88aa847a-544b-4d45-bc9a-02f53c6d27aa,false,"[OAS] [OAS] validation failed:
 - ERROR - [Path '/loginDt'] Instance type (number) does not match any allowed primitive type (allowed: [""null"",""string""]): []
"
1a32b2ee-62e2-4388-a6fc-10d59fd4d54b,19943914-2a53-42c6-acc2-87877fe62411,false,"[OAS] [OAS] validation failed:
 - ERROR - [Path '/secured'] Instance type (object) does not match any allowed primitive type (allowed: [""boolean""]): []
"
1a32b2ee-62e2-4388-a6fc-10d59fd4d54b,ae7b666a-ccfe-42aa-a4e7-b681a419f0f9,false,"[OAS] [OAS] validation failed:
 - ERROR - [Path '/contactDTO'] Instance type (number) does not match any allowed primitive type (allowed: [""object""]): []
"
1a32b2ee-62e2-4388-a6fc-10d59fd4d54b,f3da962b-fae1-4015-8d87-680eb81c6755,false,"[OAS] [OAS] validation failed:
 - ERROR - [Path '/contactDTO/linkedin'] Instance type (object) does not match any allowed primitive type (allowed: [""null"",""string""]): []
"
1a32b2ee-62e2-4388-a6fc-10d59fd4d54b,0132f3b4-38b5-49ff-ab83-2adcc963261c,false,"[OAS] [OAS] validation failed:
 - ERROR - [Path '/addressDTO'] Object instance has properties which are not allowed by the schema: [""randomArray3"",""randomLong2"",""randomObject1"",""randomObject4""]: []
"
1a32b2ee-62e2-4388-a6fc-10d59fd4d54b,d48663ef-cd28-4b0c-8b72-62878261b224,false,"[OAS] [OAS] validation failed:
 - ERROR - [Path '/addressDTO/address2'] Instance type (integer) does not match any allowed primitive type (allowed: [""null"",""string""]): []
"
1a32b2ee-62e2-4388-a6fc-10d59fd4d54b,d185586d-b2c1-4b66-9c62-42a56c42ed89,false,"[OAS] [OAS] validation failed:
 - ERROR - [Path '/addressDTO/city'] Instance type (object) does not match any allowed primitive type (allowed: [""null"",""string""]): []
"
1a32b2ee-62e2-4388-a6fc-10d59fd4d54b,1e915122-01af-46ee-bcc5-a222e416a297,false,"[OAS] [OAS] validation failed:
 - ERROR - [Path '/addressDTO/zipCode'] Instance type (array) does not match any allowed primitive type (allowed: [""null"",""string""]): []
"
1a32b2ee-62e2-4388-a6fc-10d59fd4d54b,6adaabbf-8d64-4ef7-9e9d-86df8972a7b9,false,"[OAS] [OAS] validation failed:
 - ERROR - [Path '/roles'] Instance type (null) does not match any allowed primitive type (allowed: [""array""]): []
"
1a32b2ee-62e2-4388-a6fc-10d59fd4d54b,43b2a8ad-5a78-4c25-ae0a-3da9bebce7e6,false,"[OAS] [OAS] validation failed:
 - ERROR - [Path '/roles/0'] Instance type (array) does not match any allowed primitive type (allowed: [""string""]): []
"
d5e70740-d063-4446-a5f1-163682903411,75f8790d-9e62-48d4-9136-bf31f46de270,false,"[OAS] [OAS] validation failed:
 - ERROR - Response status 409 not defined for path '/users/{id}'.: []
"
d5e70740-d063-4446-a5f1-163682903411,6adf4b30-8653-4961-ab77-1f0d43eefeef,false,"[OAS] [OAS] validation failed:
 - ERROR - [Path '/username'] Instance type (null) does not match any allowed primitive type (allowed: [""string""]): []
"
d5e70740-d063-4446-a5f1-163682903411,b3277fa2-46c2-4333-93bc-a08521c13b36,false,"[OAS] [OAS] validation failed:
 - ERROR - [Path '/name'] Instance type (null) does not match any allowed primitive type (allowed: [""string""]): []
"
d5e70740-d063-4446-a5f1-163682903411,eacd352f-9d66-440f-acb6-063dbfdc0999,false,"[OAS] [OAS] validation failed:
 - ERROR - [Path '/gender'] Instance type (array) does not match any allowed primitive type (allowed: [""string""]): []
"
d5e70740-d063-4446-a5f1-163682903411,ffb79482-1c23-413f-b560-6f2ba9218ce3,false,"[OAS] [OAS] validation failed:
 - ERROR - [Path '/enabled'] Instance type (null) does not match any allowed primitive type (allowed: [""boolean""]): []
"
d5e70740-d063-4446-a5f1-163682903411,497b1f93-ce48-4fd0-971a-515025b24350,false,"[OAS] [OAS] validation failed:
 - ERROR - [Path '/loginDt'] Instance type (number) does not match any allowed primitive type (allowed: [""null"",""string""]): []
"
d5e70740-d063-4446-a5f1-163682903411,9dee92ad-19a7-4ec0-a0b9-eb27b6d14be6,false,"[OAS] [OAS] validation failed:
 - ERROR - [Path '/secured'] Instance type (object) does not match any allowed primitive type (allowed: [""boolean""]): []
"
d5e70740-d063-4446-a5f1-163682903411,476dcbc9-407d-4a90-b9e3-1ff33ae922ef,false,"[OAS] [OAS] validation failed:
 - ERROR - [Path '/contactDTO/email'] Instance type (object) does not match any allowed primitive type (allowed: [""string""]): []
"
d5e70740-d063-4446-a5f1-163682903411,c55a1516-3986-44d2-85bd-62b93f536b10,false,"[OAS] [OAS] validation failed:
 - ERROR - [Path '/contactDTO/contactNote'] Instance type (object) does not match any allowed primitive type (allowed: [""null"",""string""]): []
"
d5e70740-d063-4446-a5f1-163682903411,977e9a62-8ee2-4562-a67e-4d467d2c3f13,false,"[OAS] [OAS] validation failed:
 - ERROR - [Path '/addressDTO'] Instance type (null) does not match any allowed primitive type (allowed: [""object""]): []
"
d5e70740-d063-4446-a5f1-163682903411,84245adf-93cb-479e-956a-eff151469f03,false,"[OAS] [OAS] validation failed:
 - ERROR - [Path '/addressDTO/country'] Instance type (object) does not match any allowed primitive type (allowed: [""null"",""string""]): []
"
d5e70740-d063-4446-a5f1-163682903411,8ca0a2c1-1181-4644-8e99-cf33ee9cdba9,false,"[OAS] [OAS] validation failed:
 - ERROR - [Path '/addressDTO/zipCode'] Instance type (array) does not match any allowed primitive type (allowed: [""null"",""string""]): []
"
d5e70740-d063-4446-a5f1-163682903411,16f7a727-04e5-4983-a982-d5b10c7d1dc9,false,"[OAS] [OAS] validation failed:
 - ERROR - [Path '/roles/0'] Instance type (null) does not match any allowed primitive type (allowed: [""string""]): []
"
d5e70740-d063-4446-a5f1-163682903411,1a57f5e0-5635-4b11-943d-096ce4e7eb78,false,"[OAS] [OAS] validation failed:
 - ERROR - [Path '/permissions/1'] Instance type (object) does not match any allowed primitive type (allowed: [""string""]): []
"
d5e70740-d063-4446-a5f1-163682903411,5b3274bb-3a2c-42b4-b547-721dcf20ee6a,false,"[OAS] [OAS] validation failed:
 - ERROR - [Path '/permissions/2'] Instance type (null) does not match any allowed primitive type (allowed: [""string""]): []
"
fabfcf15-2853-4df4-a0f3-f5f79e8e0229,81a162ee-6c60-44bc-9b27-56ce6fcb9ad6,false,[NO_5XX] Unexpected 5XX response: 502
fabfcf15-2853-4df4-a0f3-f5f79e8e0229,9364dc77-a8d7-4808-92c4-cc020d1985df,false,"[OAS] [OAS] validation failed:
 - ERROR - Object instance has properties which are not allowed by the schema: [""randomBoolean1""]: []
"
fabfcf15-2853-4df4-a0f3-f5f79e8e0229,78c82042-17db-431b-a065-85c204f98549,false,"[OAS] [OAS] validation failed:
 - ERROR - [Path '/surname'] Instance type (number) does not match any allowed primitive type (allowed: [""null"",""string""]): []
"
fabfcf15-2853-4df4-a0f3-f5f79e8e0229,26186a98-57bd-41ff-a4c1-7a4557f5bbaa,false,"[OAS] [OAS] validation failed:
 - ERROR - [Path '/gender'] Instance type (null) does not match any allowed primitive type (allowed: [""string""]): []
"
fabfcf15-2853-4df4-a0f3-f5f79e8e0229,35db2737-da51-47f7-9da3-d6e3bc46b155,false,"[OAS] [OAS] validation failed:
 - ERROR - [Path '/birthDate'] Instance type (object) does not match any allowed primitive type (allowed: [""null"",""string""]): []
"
fabfcf15-2853-4df4-a0f3-f5f79e8e0229,1fcc22b4-530e-4d02-aa81-ec105e5d0985,false,"[OAS] [OAS] validation failed:
 - ERROR - [Path '/loginDt'] Instance type (object) does not match any allowed primitive type (allowed: [""null"",""string""]): []
"
fabfcf15-2853-4df4-a0f3-f5f79e8e0229,9001220c-6679-41e4-b605-8afa3adfbdb7,false,"[OAS] [OAS] validation failed:
 - ERROR - [Path '/contactDTO'] Instance type (number) does not match any allowed primitive type (allowed: [""object""]): []
"
fabfcf15-2853-4df4-a0f3-f5f79e8e0229,67197303-d6cc-48aa-97ba-7bc8fadef4fe,false,"[OAS] [OAS] validation failed:
 - ERROR - [Path '/contactDTO/phone'] Instance type (array) does not match any allowed primitive type (allowed: [""null"",""string""]): []
"
fabfcf15-2853-4df4-a0f3-f5f79e8e0229,62e02b89-a30b-4535-9fc2-f664866ce3ab,false,"[OAS] [OAS] validation failed:
 - ERROR - [Path '/contactDTO/facebook'] Instance type (array) does not match any allowed primitive type (allowed: [""null"",""string""]): []
"
fabfcf15-2853-4df4-a0f3-f5f79e8e0229,6060dfaa-f185-4d77-a28e-cc8e9d970372,false,"[OAS] [OAS] validation failed:
 - ERROR - [Path '/contactDTO/linkedin'] Instance type (integer) does not match any allowed primitive type (allowed: [""null"",""string""]): []
"
fabfcf15-2853-4df4-a0f3-f5f79e8e0229,43ec3884-b185-43e1-97ba-ba52cfce3460,false,"[OAS] [OAS] validation failed:
 - ERROR - [Path '/addressDTO/address2'] Instance type (array) does not match any allowed primitive type (allowed: [""null"",""string""]): []
"
fabfcf15-2853-4df4-a0f3-f5f79e8e0229,0d10ffce-11f4-447c-b780-475208376c44,false,"[OAS] [OAS] validation failed:
 - ERROR - [Path '/addressDTO/zipCode'] Instance type (integer) does not match any allowed primitive type (allowed: [""null"",""string""]): []
"
fabfcf15-2853-4df4-a0f3-f5f79e8e0229,3bfbdc0f-e129-4327-9b86-6c300ebf271d,false,"[OAS] [OAS] validation failed:
 - ERROR - [Path '/roles/1'] Instance type (boolean) does not match any allowed primitive type (allowed: [""string""]): []
"
fabfcf15-2853-4df4-a0f3-f5f79e8e0229,11597433-8f1e-43cc-b5fc-8bb22a9ecd17,false,"[OAS] [OAS] validation failed:
 - ERROR - [Path '/permissions/0'] Instance type (array) does not match any allowed primitive type (allowed: [""string""]): []
"
fabfcf15-2853-4df4-a0f3-f5f79e8e0229,6be39126-498a-4c3e-b762-e04e7194086a,false,"[OAS] [OAS] validation failed:
 - ERROR - [Path '/permissions/1'] Instance type (array) does not match any allowed primitive type (allowed: [""string""]): []
"
9e6eee91-b9b9-45dd-ac0e-2321542b5348,bc98322f-e08d-440c-bea3-772d7956c9c3,false,[NO_5XX] Unexpected 5XX response: 503
9e6eee91-b9b9-45dd-ac0e-2321542b5348,fd449fa7-7369-478d-a668-231ca820f802,false,"[OAS] [OAS] validation failed:
 - ERROR - [Path '/name'] Instance type (object) does not match any allowed primitive type (allowed: [""string""]): []
"
9e6eee91-b9b9-45dd-ac0e-2321542b5348,8b189d5a-596f-49ae-ac8f-aa72c16c4a0d,false,"[OAS] [OAS] validation failed:
 - ERROR - [Path '/surname'] Instance type (number) does not match any allowed primitive type (allowed: [""null"",""string""]): []
"
9e6eee91-b9b9-45dd-ac0e-2321542b5348,66a68d1d-b234-412b-922d-d61ed8800b41,false,"[OAS] [OAS] validation failed:
 - ERROR - [Path '/gender'] Instance type (null) does not match any allowed primitive type (allowed: [""string""]): []
"
9e6eee91-b9b9-45dd-ac0e-2321542b5348,295f0736-9297-405a-bb53-b9513be3fae3,false,"[OAS] [OAS] validation failed:
 - ERROR - [Path '/birthDate'] String ""EJEMPLO MAYUS"" is invalid against requested date format(s) yyyy-MM-dd: []
"
9e6eee91-b9b9-45dd-ac0e-2321542b5348,d15b6fb1-5194-4ec8-b532-ee328019e09a,false,"[OAS] [OAS] validation failed:
 - ERROR - [Path '/enabled'] Instance type (number) does not match any allowed primitive type (allowed: [""boolean""]): []
"
9e6eee91-b9b9-45dd-ac0e-2321542b5348,4c581c85-c949-450f-850b-8caaa945bc79,false,"[OAS] [OAS] validation failed:
 - ERROR - [Path '/loginDt'] Instance type (object) does not match any allowed primitive type (allowed: [""null"",""string""]): []
"
9e6eee91-b9b9-45dd-ac0e-2321542b5348,37fc3d8f-2dd7-475e-8adc-ffe9c396fa59,false,"[OAS] [OAS] validation failed:
 - ERROR - [Path '/secured'] Instance type (null) does not match any allowed primitive type (allowed: [""boolean""]): []
"
9e6eee91-b9b9-45dd-ac0e-2321542b5348,ca96b7eb-8546-4825-b026-ae56cf431226,false,"[OAS] [OAS] validation failed:
 - ERROR - [Path '/contactDTO'] Object instance has properties which are not allowed by the schema: [""randomBoolean1"",""randomObject2""]: []
"
9e6eee91-b9b9-45dd-ac0e-2321542b5348,2ee64988-d667-4443-88b3-601f437a292f,false,"[OAS] [OAS] validation failed:
 - ERROR - [Path '/contactDTO/website'] Instance type (object) does not match any allowed primitive type (allowed: [""null"",""string""]): []
"
9e6eee91-b9b9-45dd-ac0e-2321542b5348,43f58c7e-b68f-46c3-b3bd-c1ef135a3af7,false,"[OAS] [OAS] validation failed:
 - ERROR - [Path '/addressDTO'] Instance type (array) does not match any allowed primitive type (allowed: [""object""]): []
"
9e6eee91-b9b9-45dd-ac0e-2321542b5348,b6d2a10a-ac1b-4671-af2f-5f485c45a7a8,false,"[OAS] [OAS] validation failed:
 - ERROR - [Path '/roles/1'] Instance type (boolean) does not match any allowed primitive type (allowed: [""string""]): []
"
0ad9a1fe-3bff-4db5-96fc-36be223b8232,f69178e9-44f6-49b8-b802-b1546bf9f1cb,false,"[OAS] [OAS] validation failed:
 - ERROR - Response status 204 not defined for path '/users/{id}'.: []
"
0ad9a1fe-3bff-4db5-96fc-36be223b8232,a410acf6-e51f-4990-a96f-1a493cf133a3,false,"[OAS] [OAS] validation failed:
 - ERROR - [Path '/id'] Instance type (number) does not match any allowed primitive type (allowed: [""integer""]): []
"
0ad9a1fe-3bff-4db5-96fc-36be223b8232,4fb3963d-1ed8-46bd-bc9c-53dd2e9d1425,false,"[OAS] [OAS] validation failed:
 - ERROR - [Path '/username'] Instance type (null) does not match any allowed primitive type (allowed: [""string""]): []
"
0ad9a1fe-3bff-4db5-96fc-36be223b8232,939a0ebd-2a1c-408c-828e-5222e371b141,false,"[OAS] [OAS] validation failed:
 - ERROR - [Path '/gender'] Instance type (null) does not match any allowed primitive type (allowed: [""string""]): []
"
0ad9a1fe-3bff-4db5-96fc-36be223b8232,9196fe52-79a0-48c5-a3fa-bdc679abdacd,false,"[OAS] [OAS] validation failed:
 - ERROR - [Path '/birthDate'] Instance type (number) does not match any allowed primitive type (allowed: [""null"",""string""]): []
"
0ad9a1fe-3bff-4db5-96fc-36be223b8232,ee8b705d-1697-4f9e-bef9-43069af795ad,false,"[OAS] [OAS] validation failed:
 - ERROR - [Path '/enabled'] Instance type (number) does not match any allowed primitive type (allowed: [""boolean""]): []
"
0ad9a1fe-3bff-4db5-96fc-36be223b8232,14739c84-5fb9-4818-9dc1-54479900db36,false,"[OAS] [OAS] validation failed:
 - ERROR - [Path '/loginDt'] Instance type (object) does not match any allowed primitive type (allowed: [""null"",""string""]): []
"
0ad9a1fe-3bff-4db5-96fc-36be223b8232,f92bf0c9-c2e6-4ad0-a2f2-11135cba144e,false,"[OAS] [OAS] validation failed:
 - ERROR - [Path '/contactDTO/skype'] Instance type (object) does not match any allowed primitive type (allowed: [""null"",""string""]): []
"
0ad9a1fe-3bff-4db5-96fc-36be223b8232,44cb7f1e-5bcf-464f-a2a8-8828b08c699a,false,"[OAS] [OAS] validation failed:
 - ERROR - [Path '/contactDTO/linkedin'] Instance type (array) does not match any allowed primitive type (allowed: [""null"",""string""]): []
"
0ad9a1fe-3bff-4db5-96fc-36be223b8232,4af82cc0-1450-4682-a8f8-14b48cb3094a,false,"[OAS] [OAS] validation failed:
 - ERROR - [Path '/contactDTO/website'] Instance type (integer) does not match any allowed primitive type (allowed: [""null"",""string""]): []
"
0ad9a1fe-3bff-4db5-96fc-36be223b8232,e56b075a-6909-4e3a-9047-4f7db02ef00b,false,"[OAS] [OAS] validation failed:
 - ERROR - [Path '/contactDTO/contactNote'] Instance type (integer) does not match any allowed primitive type (allowed: [""null"",""string""]): []
"
0ad9a1fe-3bff-4db5-96fc-36be223b8232,f4577fca-f563-42a6-9f22-63ce5b140baa,false,"[OAS] [OAS] validation failed:
 - ERROR - [Path '/addressDTO'] Object instance has properties which are not allowed by the schema: [""randomArray3"",""randomLong2"",""randomObject1"",""randomObject4""]: []
"
0ad9a1fe-3bff-4db5-96fc-36be223b8232,be9e1aca-478a-486e-9ec0-042b73ede286,false,"[OAS] [OAS] validation failed:
 - ERROR - [Path '/addressDTO/country'] Instance type (array) does not match any allowed primitive type (allowed: [""null"",""string""]): []
"
0ad9a1fe-3bff-4db5-96fc-36be223b8232,0f0c57c6-a220-4cff-b82d-1fadf99cd902,false,"[OAS] [OAS] validation failed:
 - ERROR - [Path '/roles'] Instance type (null) does not match any allowed primitive type (allowed: [""array""]): []
"
0ad9a1fe-3bff-4db5-96fc-36be223b8232,31d75534-0c8f-436e-bbf1-edea65d6f0f5,false,"[OAS] [OAS] validation failed:
 - ERROR - [Path '/permissions/1'] Instance type (null) does not match any allowed primitive type (allowed: [""string""]): []
"
2fce557f-ea9c-499b-94af-e5cdb36f768f,5d074472-c320-4c1f-b9e1-54f466859355,false,[NO_5XX] Unexpected 5XX response: 504
2fce557f-ea9c-499b-94af-e5cdb36f768f,6eb4cc6b-dd70-413a-ac84-888e61cc7b0d,false,"[OAS] [OAS] validation failed:
 - ERROR - [Path '/id'] Instance type (number) does not match any allowed primitive type (allowed: [""integer""]): []
"
2fce557f-ea9c-499b-94af-e5cdb36f768f,99d7c75b-fd94-4a15-a6a5-58b79378670f,false,"[OAS] [OAS] validation failed:
 - ERROR - [Path '/name'] Instance type (null) does not match any allowed primitive type (allowed: [""string""]): []
"
2fce557f-ea9c-499b-94af-e5cdb36f768f,3089c4af-27c4-40c7-a7a5-e8191c7b64b3,false,"[OAS] [OAS] validation failed:
 - ERROR - [Path '/surname'] Instance type (number) does not match any allowed primitive type (allowed: [""null"",""string""]): []
"
2fce557f-ea9c-499b-94af-e5cdb36f768f,ca521bc0-f1ad-4326-87a7-95872ace973d,false,"[OAS] [OAS] validation failed:
 - ERROR - [Path '/gender'] Instance type (null) does not match any allowed primitive type (allowed: [""string""]): []
"
2fce557f-ea9c-499b-94af-e5cdb36f768f,34350e09-9a3a-4605-9529-399e35caeaa4,false,"[OAS] [OAS] validation failed:
 - ERROR - [Path '/birthDate'] String ""M+ph6MCeH"" is invalid against requested date format(s) yyyy-MM-dd: []
"
2fce557f-ea9c-499b-94af-e5cdb36f768f,9f74a72f-0230-4a4c-9894-12c293f0e50c,false,"[OAS] [OAS] validation failed:
 - ERROR - [Path '/enabled'] Instance type (null) does not match any allowed primitive type (allowed: [""boolean""]): []
"
2fce557f-ea9c-499b-94af-e5cdb36f768f,79f27cf8-7bf1-4342-97ec-2d5005138bee,false,"[OAS] [OAS] validation failed:
 - ERROR - [Path '/note'] Instance type (object) does not match any allowed primitive type (allowed: [""null"",""string""]): []
"
2fce557f-ea9c-499b-94af-e5cdb36f768f,8bb1561e-9648-40c9-9369-2e5530e25bd6,false,"[OAS] [OAS] validation failed:
 - ERROR - [Path '/loginDt'] Instance type (object) does not match any allowed primitive type (allowed: [""null"",""string""]): []
"
2fce557f-ea9c-499b-94af-e5cdb36f768f,b89b224d-abe2-4429-b00b-0b3892be5b0b,false,"[OAS] [OAS] validation failed:
 - ERROR - [Path '/secured'] Instance type (object) does not match any allowed primitive type (allowed: [""boolean""]): []
"
2fce557f-ea9c-499b-94af-e5cdb36f768f,cfe95d8d-027f-4d53-a29f-a124040b5c4c,false,"[OAS] [OAS] validation failed:
 - ERROR - [Path '/contactDTO/website'] Instance type (object) does not match any allowed primitive type (allowed: [""null"",""string""]): []
"
2fce557f-ea9c-499b-94af-e5cdb36f768f,a4191141-1d21-48be-91ed-923a79a4e157,false,"[OAS] [OAS] validation failed:
 - ERROR - [Path '/contactDTO/contactNote'] Instance type (array) does not match any allowed primitive type (allowed: [""null"",""string""]): []
"
2fce557f-ea9c-499b-94af-e5cdb36f768f,264a4a81-8b62-41e5-88a9-3b3ddc827671,false,"[OAS] [OAS] validation failed:
 - ERROR - [Path '/roles'] Instance type (null) does not match any allowed primitive type (allowed: [""array""]): []
"
2fce557f-ea9c-499b-94af-e5cdb36f768f,e4c240c0-6cf7-49f6-8139-364f50a9c36c,false,"[OAS] [OAS] validation failed:
 - ERROR - [Path '/roles/0'] Instance type (array) does not match any allowed primitive type (allowed: [""string""]): []
"
2fce557f-ea9c-499b-94af-e5cdb36f768f,5dbc391c-d00a-4d36-9331-f727e98cb9e5,false,"[OAS] [OAS] validation failed:
 - ERROR - [Path '/permissions'] Instance type (object) does not match any allowed primitive type (allowed: [""array""]): []
"
2fce557f-ea9c-499b-94af-e5cdb36f768f,bcda5c37-5366-40ed-a9c8-fc8e8ae8a9cc,false,"[OAS] [OAS] validation failed:
 - ERROR - [Path '/permissions/0'] Instance type (null) does not match any allowed primitive type (allowed: [""string""]): []
"
2fce557f-ea9c-499b-94af-e5cdb36f768f,9dc5c426-fe7e-4c8f-a6b1-029432930cf9,false,"[OAS] [OAS] validation failed:
 - ERROR - [Path '/permissions/1'] Instance type (null) does not match any allowed primitive type (allowed: [""string""]): []
"
b047cc3e-e2f6-4925-8019-b6d8be62f21a,b631ded0-98c6-47ca-ac13-123c038510ba,false,"[OAS] [OAS] validation failed:
 - ERROR - Response status 200 not defined for path '/users/{id}'.: []
"
b047cc3e-e2f6-4925-8019-b6d8be62f21a,baa4b3a8-8b0b-4e84-aaa3-3508cfc60b1f,false,"[OAS] [OAS] validation failed:
 - ERROR - Object instance has properties which are not allowed by the schema: [""randomBoolean1""]: []
"
b047cc3e-e2f6-4925-8019-b6d8be62f21a,46976cd4-a09b-4e5d-b1f0-4fb64c2a0e5b,false,"[OAS] [OAS] validation failed:
 - ERROR - [Path '/id'] Instance type (number) does not match any allowed primitive type (allowed: [""integer""]): []
"
b047cc3e-e2f6-4925-8019-b6d8be62f21a,9c0e2194-cc6c-4687-ae63-23b98c2a558c,false,"[OAS] [OAS] validation failed:
 - ERROR - [Path '/username'] Instance type (number) does not match any allowed primitive type (allowed: [""string""]): []
"
b047cc3e-e2f6-4925-8019-b6d8be62f21a,5fd92850-2fd9-44c9-bd14-63d1bd9db51f,false,"[OAS] [OAS] validation failed:
 - ERROR - [Path '/name'] Instance type (object) does not match any allowed primitive type (allowed: [""string""]): []
"
b047cc3e-e2f6-4925-8019-b6d8be62f21a,7910ab57-a811-4e49-85e8-e5a40649de02,false,"[OAS] [OAS] validation failed:
 - ERROR - [Path '/surname'] Instance type (object) does not match any allowed primitive type (allowed: [""null"",""string""]): []
"
b047cc3e-e2f6-4925-8019-b6d8be62f21a,95b18e62-0a7b-481e-8996-3a642668be64,false,"[OAS] [OAS] validation failed:
 - ERROR - [Path '/birthDate'] String ""199/*0-05-20"" is invalid against requested date format(s) yyyy-MM-dd: []
"
b047cc3e-e2f6-4925-8019-b6d8be62f21a,1002ee1f-297c-4833-81a0-61a77dd02b3c,false,"[OAS] [OAS] validation failed:
 - ERROR - [Path '/enabled'] Instance type (null) does not match any allowed primitive type (allowed: [""boolean""]): []
"
b047cc3e-e2f6-4925-8019-b6d8be62f21a,5596dc99-1cc5-46a2-ad68-4da7848dead2,false,"[OAS] [OAS] validation failed:
 - ERROR - [Path '/loginDt'] Instance type (number) does not match any allowed primitive type (allowed: [""null"",""string""]): []
"
b047cc3e-e2f6-4925-8019-b6d8be62f21a,20426000-6bde-4484-bed1-25e8923f649d,false,"[OAS] [OAS] validation failed:
 - ERROR - [Path '/secured'] Instance type (null) does not match any allowed primitive type (allowed: [""boolean""]): []
"
b047cc3e-e2f6-4925-8019-b6d8be62f21a,38a2b054-2abf-4948-b33f-ea8f2dcb08bc,false,"[OAS] [OAS] validation failed:
 - ERROR - [Path '/contactDTO/skype'] Instance type (integer) does not match any allowed primitive type (allowed: [""null"",""string""]): []
"
b047cc3e-e2f6-4925-8019-b6d8be62f21a,d928b718-3ea9-4ca3-9f8d-b038f2c6716f,false,"[OAS] [OAS] validation failed:
 - ERROR - [Path '/contactDTO/facebook'] Instance type (object) does not match any allowed primitive type (allowed: [""null"",""string""]): []
"
b047cc3e-e2f6-4925-8019-b6d8be62f21a,7aaa9bb6-9c63-4cf6-9e0b-960f653887dd,false,"[OAS] [OAS] validation failed:
 - ERROR - [Path '/contactDTO/website'] Instance type (boolean) does not match any allowed primitive type (allowed: [""null"",""string""]): []
"
b047cc3e-e2f6-4925-8019-b6d8be62f21a,3f831fba-1022-46fc-b982-c6be826ed413,false,"[OAS] [OAS] validation failed:
 - ERROR - [Path '/addressDTO'] Object instance has properties which are not allowed by the schema: [""randomArray3"",""randomLong2"",""randomObject1"",""randomObject4""]: []
"
b047cc3e-e2f6-4925-8019-b6d8be62f21a,c99961d7-e70e-4342-a438-1e2e2600ac28,false,"[OAS] [OAS] validation failed:
 - ERROR - [Path '/addressDTO/city'] Instance type (object) does not match any allowed primitive type (allowed: [""null"",""string""]): []
"
b047cc3e-e2f6-4925-8019-b6d8be62f21a,d934e7ae-15d8-440d-a2ac-00064161eef8,false,"[OAS] [OAS] validation failed:
 - ERROR - [Path '/addressDTO/country'] Instance type (array) does not match any allowed primitive type (allowed: [""null"",""string""]): []
"
b047cc3e-e2f6-4925-8019-b6d8be62f21a,1bb10d08-b35e-48c2-ab01-f13dea0e7054,false,"[OAS] [OAS] validation failed:
 - ERROR - [Path '/permissions/0'] Instance type (array) does not match any allowed primitive type (allowed: [""string""]): []
"
b82fdc19-fa16-4d7a-893c-3735d313ac65,f5d8be17-6d64-4a35-bb1f-30b1d3411edc,false,"[OAS] [OAS] validation failed:
 - ERROR - Response status 200 not defined for path '/users/{id}'.: []
"
b82fdc19-fa16-4d7a-893c-3735d313ac65,a19a45ba-4545-497b-a2f3-a9fdaf1753a0,false,"[OAS] [OAS] validation failed:
 - ERROR - [Path '/username'] Instance type (number) does not match any allowed primitive type (allowed: [""string""]): []
"
b82fdc19-fa16-4d7a-893c-3735d313ac65,fb1bd24c-a212-4078-9564-aa1cc67e881e,false,"[OAS] [OAS] validation failed:
 - ERROR - [Path '/name'] Instance type (null) does not match any allowed primitive type (allowed: [""string""]): []
"
b82fdc19-fa16-4d7a-893c-3735d313ac65,9b818010-5122-48a7-b61d-e7dbcd4e89d5,false,"[OAS] [OAS] validation failed:
 - ERROR - [Path '/surname'] Instance type (number) does not match any allowed primitive type (allowed: [""null"",""string""]): []
"
b82fdc19-fa16-4d7a-893c-3735d313ac65,72da9e14-74f4-418e-80f2-70ac8a07f6f5,false,"[OAS] [OAS] validation failed:
 - ERROR - [Path '/birthDate'] Instance type (object) does not match any allowed primitive type (allowed: [""null"",""string""]): []
"
b82fdc19-fa16-4d7a-893c-3735d313ac65,36535f99-e95b-4c9d-9852-97cf6ca91193,false,"[OAS] [OAS] validation failed:
 - ERROR - [Path '/loginDt'] Instance type (object) does not match any allowed primitive type (allowed: [""null"",""string""]): []
"
b82fdc19-fa16-4d7a-893c-3735d313ac65,f5d629d7-ac22-4473-b0c4-45bc005a50d5,false,"[OAS] [OAS] validation failed:
 - ERROR - [Path '/secured'] Instance type (null) does not match any allowed primitive type (allowed: [""boolean""]): []
"
b82fdc19-fa16-4d7a-893c-3735d313ac65,273e0603-d582-4c66-b39e-448eaae1d63b,false,"[OAS] [OAS] validation failed:
 - ERROR - [Path '/contactDTO'] Instance type (null) does not match any allowed primitive type (allowed: [""object""]): []
"
b82fdc19-fa16-4d7a-893c-3735d313ac65,80b001e5-b343-4d02-820e-5c2899b34a95,false,"[OAS] [OAS] validation failed:
 - ERROR - [Path '/contactDTO/email'] Instance type (integer) does not match any allowed primitive type (allowed: [""string""]): []
"
b82fdc19-fa16-4d7a-893c-3735d313ac65,2eca33a3-e000-4576-978e-fc0b34c7bf64,false,"[OAS] [OAS] validation failed:
 - ERROR - [Path '/contactDTO/linkedin'] Instance type (array) does not match any allowed primitive type (allowed: [""null"",""string""]): []
"
b82fdc19-fa16-4d7a-893c-3735d313ac65,e5bcf218-0df5-4996-874d-61a00991f43f,false,"[OAS] [OAS] validation failed:
 - ERROR - [Path '/contactDTO/contactNote'] Instance type (integer) does not match any allowed primitive type (allowed: [""null"",""string""]): []
"
b82fdc19-fa16-4d7a-893c-3735d313ac65,477d0722-8889-4dc4-bf7f-5aef525261c9,false,"[OAS] [OAS] validation failed:
 - ERROR - [Path '/addressDTO'] Instance type (null) does not match any allowed primitive type (allowed: [""object""]): []
"
b82fdc19-fa16-4d7a-893c-3735d313ac65,27b4dcb6-9ce9-4489-9583-208ffacb5c16,false,"[OAS] [OAS] validation failed:
 - ERROR - [Path '/addressDTO/city'] Instance type (array) does not match any allowed primitive type (allowed: [""null"",""string""]): []
"
b82fdc19-fa16-4d7a-893c-3735d313ac65,94f96d02-c6b7-4a02-9d22-43445afed686,false,"[OAS] [OAS] validation failed:
 - ERROR - [Path '/addressDTO/country'] Instance type (object) does not match any allowed primitive type (allowed: [""null"",""string""]): []
"
b82fdc19-fa16-4d7a-893c-3735d313ac65,95ff2d65-5d6d-4842-a425-1344d46923dd,false,"[OAS] [OAS] validation failed:
 - ERROR - [Path '/roles'] Instance type (number) does not match any allowed primitive type (allowed: [""array""]): []
"
b82fdc19-fa16-4d7a-893c-3735d313ac65,52c3fcbe-0b5b-4506-a4e3-492428e9ece9,false,"[OAS] [OAS] validation failed:
 - ERROR - [Path '/permissions'] Instance type (object) does not match any allowed primitive type (allowed: [""array""]): []
"
6f97a8b7-b893-4cd9-b087-65e939f9fca1,97c2a2b0-71ae-4365-9c3e-681d5e920ee8,false,"[OAS] [OAS] validation failed:
 - ERROR - Response status 200 not defined for path '/users/{id}'.: []
"
6f97a8b7-b893-4cd9-b087-65e939f9fca1,6cb4250e-92e8-4a86-b073-57a1abbfd7f8,false,"[OAS] [OAS] validation failed:
 - ERROR - Object instance has properties which are not allowed by the schema: [""{\""id\"":1,\""username\"":\""johndoe90\"",\""name\"":\""Bob\"",\""surname\"":\""Smith\"",\""gender\"":\""MALE\"",\""birthDate\"":\""1990-05-20\"",\""enabled\"":false,\""note\"":\""VIP customer\"",\""loginDt\"":null,\""secured\"":true,\""contactDTO\"":{\""email\"":\""john.doe@example.com\"",\""phone\"":\"" 86-13800138000\"",\""skype\"":null,\""facebook\"":null,\""linkedin\"":\""https://linkedin.com/in/alicesmith\"",\""website\"":null,\""contactNote\"":\""Urgent contact only\""},\""addressDTO\"":{\""address\"":\""456 High Road\"",\""address2\"":\""Suite 210\"",\""city\"":\""London\"",\""country\"":null,\""zipCode\"":\""100000\""},\""roles\"":[\""USER\"",\""ADMINISTRATOR\""],\""permissions\"":[\""LOGIN\"",\""VIEW_PROFILE\"",\""ADMIN_USER_DATA\""]}""]: []
"
6f97a8b7-b893-4cd9-b087-65e939f9fca1,da536803-f68e-401a-a59c-390129da7836,false,"[OAS] [OAS] validation failed:
 - ERROR - Object instance has properties which are not allowed by the schema: [""randomBoolean1""]: []
"
6f97a8b7-b893-4cd9-b087-65e939f9fca1,ccf0f72b-85ba-49fd-a922-c0e81c075db1,false,"[OAS] [OAS] validation failed:
 - ERROR - [Path '/id'] Instance type (number) does not match any allowed primitive type (allowed: [""integer""]): []
"
6f97a8b7-b893-4cd9-b087-65e939f9fca1,3c1a24b2-9fc4-4d1f-8467-2c8df3fff10b,false,"[OAS] [OAS] validation failed:
 - ERROR - [Path '/name'] Instance type (null) does not match any allowed primitive type (allowed: [""string""]): []
"
6f97a8b7-b893-4cd9-b087-65e939f9fca1,b99ce947-c10b-42eb-af05-76530dd8b82a,false,"[OAS] [OAS] validation failed:
 - ERROR - [Path '/birthDate'] String ""\"" is invalid against requested date format(s) yyyy-MM-dd: []
"
6f97a8b7-b893-4cd9-b087-65e939f9fca1,3b4173cf-8748-4bbc-99cb-7e5192599f83,false,"[OAS] [OAS] validation failed:
 - ERROR - [Path '/enabled'] Instance type (null) does not match any allowed primitive type (allowed: [""boolean""]): []
"
6f97a8b7-b893-4cd9-b087-65e939f9fca1,ef8b31b2-a1b3-4020-a563-a960108ed559,false,"[OAS] [OAS] validation failed:
 - ERROR - [Path '/loginDt'] Instance type (number) does not match any allowed primitive type (allowed: [""null"",""string""]): []
"
6f97a8b7-b893-4cd9-b087-65e939f9fca1,b109ed3c-3632-4fd4-ab38-107e8c759f95,false,"[OAS] [OAS] validation failed:
 - ERROR - [Path '/secured'] Instance type (object) does not match any allowed primitive type (allowed: [""boolean""]): []
"
6f97a8b7-b893-4cd9-b087-65e939f9fca1,637f16f7-a284-4108-9385-fdee946e671d,false,"[OAS] [OAS] validation failed:
 - ERROR - [Path '/contactDTO'] Instance type (null) does not match any allowed primitive type (allowed: [""object""]): []
"
6f97a8b7-b893-4cd9-b087-65e939f9fca1,e9a747c3-be51-4055-85b5-45f386c392de,false,"[OAS] [OAS] validation failed:
 - ERROR - [Path '/contactDTO/phone'] Instance type (array) does not match any allowed primitive type (allowed: [""null"",""string""]): []
"
6f97a8b7-b893-4cd9-b087-65e939f9fca1,584ca7c7-05d2-44d2-a76d-0244bd466cc0,false,"[OAS] [OAS] validation failed:
 - ERROR - [Path '/contactDTO/skype'] Instance type (object) does not match any allowed primitive type (allowed: [""null"",""string""]): []
"
6f97a8b7-b893-4cd9-b087-65e939f9fca1,f4d1554f-758a-48f1-87a6-444e3ecec1fc,false,"[OAS] [OAS] validation failed:
 - ERROR - [Path '/contactDTO/facebook'] Instance type (object) does not match any allowed primitive type (allowed: [""null"",""string""]): []
"
6f97a8b7-b893-4cd9-b087-65e939f9fca1,faa1f55d-aca4-4407-a1fc-ef73d5f880bf,false,"[OAS] [OAS] validation failed:
 - ERROR - [Path '/contactDTO/website'] Instance type (array) does not match any allowed primitive type (allowed: [""null"",""string""]): []
"
6f97a8b7-b893-4cd9-b087-65e939f9fca1,efcc0120-8bf3-440e-ac5a-e9cae114c137,false,"[OAS] [OAS] validation failed:
 - ERROR - [Path '/addressDTO/address2'] Instance type (array) does not match any allowed primitive type (allowed: [""null"",""string""]): []
"
6f97a8b7-b893-4cd9-b087-65e939f9fca1,87361a20-462a-46bb-b78e-e190d6bad982,false,"[OAS] [OAS] validation failed:
 - ERROR - [Path '/addressDTO/country'] Instance type (integer) does not match any allowed primitive type (allowed: [""null"",""string""]): []
"
6f97a8b7-b893-4cd9-b087-65e939f9fca1,58b781e9-71ad-4cd1-bc58-50021404606c,false,"[OAS] [OAS] validation failed:
 - ERROR - [Path '/roles/1'] Instance type (null) does not match any allowed primitive type (allowed: [""string""]): []
"
6f97a8b7-b893-4cd9-b087-65e939f9fca1,d13a1b47-4593-4666-871e-30e9e8fd45b8,false,"[OAS] [OAS] validation failed:
 - ERROR - [Path '/permissions/1'] Instance type (null) does not match any allowed primitive type (allowed: [""string""]): []
"
049b2516-dcbf-4cc7-870c-8674fd6bba18,2c14d5ad-8588-4e69-8981-96c8c6f74b08,false,"[OAS] [OAS] validation failed:
 - ERROR - Response status 401 not defined for path '/users/{id}'.: []
"
049b2516-dcbf-4cc7-870c-8674fd6bba18,8672c0c9-4682-4d77-82a1-853f5f9c11df,false,"[OAS] [OAS] validation failed:
 - ERROR - [Path '/username'] Instance type (null) does not match any allowed primitive type (allowed: [""string""]): []
"
049b2516-dcbf-4cc7-870c-8674fd6bba18,dc2002a2-2c71-4355-880c-fdde4cc47fbd,false,"[OAS] [OAS] validation failed:
 - ERROR - [Path '/birthDate'] String ""=fqAgn@$@"" is invalid against requested date format(s) yyyy-MM-dd: []
"
049b2516-dcbf-4cc7-870c-8674fd6bba18,3ccba21a-8a58-44e0-bf06-ef8154ff5811,false,"[OAS] [OAS] validation failed:
 - ERROR - [Path '/loginDt'] Instance type (number) does not match any allowed primitive type (allowed: [""null"",""string""]): []
"
049b2516-dcbf-4cc7-870c-8674fd6bba18,16d038c5-1952-42c3-ba72-29f22c48d2ee,false,"[OAS] [OAS] validation failed:
 - ERROR - [Path '/secured'] Instance type (null) does not match any allowed primitive type (allowed: [""boolean""]): []
"
049b2516-dcbf-4cc7-870c-8674fd6bba18,9d2211f1-fe8a-4ee4-9e52-123478a30041,false,"[OAS] [OAS] validation failed:
 - ERROR - [Path '/contactDTO'] Instance type (null) does not match any allowed primitive type (allowed: [""object""]): []
"
049b2516-dcbf-4cc7-870c-8674fd6bba18,ca352552-fb42-4210-bb5b-1372e5cb792d,false,"[OAS] [OAS] validation failed:
 - ERROR - [Path '/contactDTO/phone'] Instance type (object) does not match any allowed primitive type (allowed: [""null"",""string""]): []
"
049b2516-dcbf-4cc7-870c-8674fd6bba18,6cd3faf4-d6ab-4598-aecf-d4e3e3c5dafa,false,"[OAS] [OAS] validation failed:
 - ERROR - [Path '/contactDTO/facebook'] Instance type (integer) does not match any allowed primitive type (allowed: [""null"",""string""]): []
"
049b2516-dcbf-4cc7-870c-8674fd6bba18,d7779418-2510-4218-a436-865c3d65fc24,false,"[OAS] [OAS] validation failed:
 - ERROR - [Path '/roles/0'] Instance type (array) does not match any allowed primitive type (allowed: [""string""]): []
"
049b2516-dcbf-4cc7-870c-8674fd6bba18,33c85e6f-1e3f-43bb-b6a1-43ffbb876d14,false,"[OAS] [OAS] validation failed:
 - ERROR - [Path '/permissions/1'] Instance type (null) does not match any allowed primitive type (allowed: [""string""]): []
"
a1a318ba-30cf-44a5-8705-f71a8898f1c2,9ca4f280-aa07-4a18-ae2b-e1fd897e4e1c,false,[NO_5XX] Unexpected 5XX response: 501
a1a318ba-30cf-44a5-8705-f71a8898f1c2,a0d3431c-db96-471d-a957-8cb74c3dd2bc,false,"[OAS] [OAS] validation failed:
 - ERROR - [Path '/id'] Instance type (number) does not match any allowed primitive type (allowed: [""integer""]): []
"
a1a318ba-30cf-44a5-8705-f71a8898f1c2,f9aba021-9ec9-4640-9601-70816b32896a,false,"[OAS] [OAS] validation failed:
 - ERROR - [Path '/name'] Instance type (object) does not match any allowed primitive type (allowed: [""string""]): []
"
a1a318ba-30cf-44a5-8705-f71a8898f1c2,d08acead-bb09-4c7f-a7a4-9e3256855c5a,false,"[OAS] [OAS] validation failed:
 - ERROR - [Path '/birthDate'] String ""EJEMPLO MAYUS"" is invalid against requested date format(s) yyyy-MM-dd: []
"
a1a318ba-30cf-44a5-8705-f71a8898f1c2,7994ac3d-a0a6-4d06-b37f-8e0df93f61bf,false,"[OAS] [OAS] validation failed:
 - ERROR - [Path '/enabled'] Instance type (number) does not match any allowed primitive type (allowed: [""boolean""]): []
"
a1a318ba-30cf-44a5-8705-f71a8898f1c2,92f37cf6-f5b5-4434-ba9d-61e3a44c50e4,false,"[OAS] [OAS] validation failed:
 - ERROR - [Path '/note'] Instance type (number) does not match any allowed primitive type (allowed: [""null"",""string""]): []
"
a1a318ba-30cf-44a5-8705-f71a8898f1c2,96f99402-188f-4e68-b7da-aadc65bd9bad,false,"[OAS] [OAS] validation failed:
 - ERROR - [Path '/loginDt'] Instance type (object) does not match any allowed primitive type (allowed: [""null"",""string""]): []
"
a1a318ba-30cf-44a5-8705-f71a8898f1c2,802e8789-199b-424d-b596-6cfce468f408,false,"[OAS] [OAS] validation failed:
 - ERROR - [Path '/contactDTO'] Instance type (null) does not match any allowed primitive type (allowed: [""object""]): []
"
a1a318ba-30cf-44a5-8705-f71a8898f1c2,40ef07d6-7869-4386-9d57-b6d049e77521,false,"[OAS] [OAS] validation failed:
 - ERROR - [Path '/addressDTO/city'] Instance type (object) does not match any allowed primitive type (allowed: [""null"",""string""]): []
"
a1a318ba-30cf-44a5-8705-f71a8898f1c2,67f94c90-e568-4ef3-8621-a48ce351b353,false,"[OAS] [OAS] validation failed:
 - ERROR - [Path '/addressDTO/country'] Instance type (array) does not match any allowed primitive type (allowed: [""null"",""string""]): []
"
a1a318ba-30cf-44a5-8705-f71a8898f1c2,e78680f1-8ed3-40a2-a131-7922dead8890,false,"[OAS] [OAS] validation failed:
 - ERROR - [Path '/roles'] Instance type (number) does not match any allowed primitive type (allowed: [""array""]): []
"
a1a318ba-30cf-44a5-8705-f71a8898f1c2,954118fb-a2b7-4907-91d3-35b94154f741,false,"[OAS] [OAS] validation failed:
 - ERROR - [Path '/permissions/0'] Instance type (array) does not match any allowed primitive type (allowed: [""string""]): []
"
7924c915-e365-4ba8-a0a2-1677ddefa2fc,d799220c-49c7-40ca-aec8-6778d8e633eb,false,"[OAS] [OAS] validation failed:
 - ERROR - Response status 200 not defined for path '/users/{id}'.: []
"
7924c915-e365-4ba8-a0a2-1677ddefa2fc,e3846ad8-4883-4f38-9f81-23876bfe3766,false,"[OAS] [OAS] validation failed:
 - ERROR - [Path '/id'] Instance type (number) does not match any allowed primitive type (allowed: [""integer""]): []
"
7924c915-e365-4ba8-a0a2-1677ddefa2fc,bd40af03-a2bc-4398-b548-0ee8cd2289aa,false,"[OAS] [OAS] validation failed:
 - ERROR - [Path '/username'] Instance type (null) does not match any allowed primitive type (allowed: [""string""]): []
"
7924c915-e365-4ba8-a0a2-1677ddefa2fc,92c5e73a-d74b-4a33-89f8-222b5ba8c144,false,"[OAS] [OAS] validation failed:
 - ERROR - [Path '/name'] Instance type (null) does not match any allowed primitive type (allowed: [""string""]): []
"
7924c915-e365-4ba8-a0a2-1677ddefa2fc,8d41bc3a-cc96-4798-a2c3-5e1eaf842162,false,"[OAS] [OAS] validation failed:
 - ERROR - [Path '/gender'] Instance type (array) does not match any allowed primitive type (allowed: [""string""]): []
"
7924c915-e365-4ba8-a0a2-1677ddefa2fc,766d92b3-5ef3-460f-aef4-4b28d25567f9,false,"[OAS] [OAS] validation failed:
 - ERROR - [Path '/birthDate'] String ""EJEMPLO MAYUS"" is invalid against requested date format(s) yyyy-MM-dd: []
"
7924c915-e365-4ba8-a0a2-1677ddefa2fc,9b02a7ff-f665-47b9-8a4f-7bb2924833b1,false,"[OAS] [OAS] validation failed:
 - ERROR - [Path '/loginDt'] Instance type (number) does not match any allowed primitive type (allowed: [""null"",""string""]): []
"
7924c915-e365-4ba8-a0a2-1677ddefa2fc,6d8b91bb-26b6-4384-bce4-a272e4b08d53,false,"[OAS] [OAS] validation failed:
 - ERROR - [Path '/contactDTO/phone'] Instance type (object) does not match any allowed primitive type (allowed: [""null"",""string""]): []
"
7924c915-e365-4ba8-a0a2-1677ddefa2fc,fb98a4f6-3914-4487-9008-732c8b665ea6,false,"[OAS] [OAS] validation failed:
 - ERROR - [Path '/contactDTO/skype'] Instance type (object) does not match any allowed primitive type (allowed: [""null"",""string""]): []
"
7924c915-e365-4ba8-a0a2-1677ddefa2fc,b7a432c6-93c2-4cd3-a132-d9850a21e509,false,"[OAS] [OAS] validation failed:
 - ERROR - [Path '/contactDTO/facebook'] Instance type (array) does not match any allowed primitive type (allowed: [""null"",""string""]): []
"
7924c915-e365-4ba8-a0a2-1677ddefa2fc,df628815-0d89-45f6-be18-6000839f9d7d,false,"[OAS] [OAS] validation failed:
 - ERROR - [Path '/contactDTO/linkedin'] Instance type (array) does not match any allowed primitive type (allowed: [""null"",""string""]): []
"
7924c915-e365-4ba8-a0a2-1677ddefa2fc,eec40ba4-0d89-46ba-bf82-552c4c8c3ff5,false,"[OAS] [OAS] validation failed:
 - ERROR - [Path '/contactDTO/website'] Instance type (integer) does not match any allowed primitive type (allowed: [""null"",""string""]): []
"
7924c915-e365-4ba8-a0a2-1677ddefa2fc,37e51681-37b2-4abb-8168-7bef1b26ec0c,false,"[OAS] [OAS] validation failed:
 - ERROR - [Path '/addressDTO'] Instance type (null) does not match any allowed primitive type (allowed: [""object""]): []
"
7924c915-e365-4ba8-a0a2-1677ddefa2fc,ee0f31b1-e8d1-435f-9084-1455345c8fc7,false,"[OAS] [OAS] validation failed:
 - ERROR - [Path '/addressDTO/country'] Instance type (array) does not match any allowed primitive type (allowed: [""null"",""string""]): []
"
7924c915-e365-4ba8-a0a2-1677ddefa2fc,1a133d0d-c051-44b9-b0de-3c3b3d2d43be,false,"[OAS] [OAS] validation failed:
 - ERROR - [Path '/addressDTO/zipCode'] Instance type (integer) does not match any allowed primitive type (allowed: [""null"",""string""]): []
"
7924c915-e365-4ba8-a0a2-1677ddefa2fc,0700da30-eafe-45a1-ad51-31bf7763bd30,false,"[OAS] [OAS] validation failed:
 - ERROR - [Path '/roles'] Instance type (null) does not match any allowed primitive type (allowed: [""array""]): []
"
7924c915-e365-4ba8-a0a2-1677ddefa2fc,408e353f-5183-4537-bd18-25fc09f6c3d1,false,"[OAS] [OAS] validation failed:
 - ERROR - [Path '/roles/0'] Instance type (null) does not match any allowed primitive type (allowed: [""string""]): []
"
7924c915-e365-4ba8-a0a2-1677ddefa2fc,e6a6fd35-32dc-4228-beea-42bb6e1a1b8d,false,"[OAS] [OAS] validation failed:
 - ERROR - [Path '/roles/1'] Instance type (array) does not match any allowed primitive type (allowed: [""string""]): []
"
7924c915-e365-4ba8-a0a2-1677ddefa2fc,325797c1-e0fa-4bfd-84c2-f6e054e00ed5,false,"[OAS] [OAS] validation failed:
 - ERROR - [Path '/permissions/0'] Instance type (array) does not match any allowed primitive type (allowed: [""string""]): []
"
7924c915-e365-4ba8-a0a2-1677ddefa2fc,3dcc68ee-ce1b-4520-8368-bab4214c82d7,false,"[OAS] [OAS] validation failed:
 - ERROR - [Path '/permissions/1'] Instance type (null) does not match any allowed primitive type (allowed: [""string""]): []
"
099c6c6a-0c74-402b-bc6e-eb1a75a3bbcb,d2708f8c-ef18-4521-895e-4d20c8142e64,false,[NO_5XX] Unexpected 5XX response: 500
099c6c6a-0c74-402b-bc6e-eb1a75a3bbcb,71f561a0-8556-4a1e-9a85-48c96a731201,false,"[OAS] [OAS] validation failed:
 - ERROR - [Path '/name'] Instance type (object) does not match any allowed primitive type (allowed: [""string""]): []
"
099c6c6a-0c74-402b-bc6e-eb1a75a3bbcb,24326307-14b4-46a3-aac3-220b7fc673e3,false,"[OAS] [OAS] validation failed:
 - ERROR - [Path '/gender'] Instance type (array) does not match any allowed primitive type (allowed: [""string""]): []
"
099c6c6a-0c74-402b-bc6e-eb1a75a3bbcb,6cbc0d69-1dc0-46a6-a6ee-16522bf83ed9,false,"[OAS] [OAS] validation failed:
 - ERROR - [Path '/birthDate'] Instance type (number) does not match any allowed primitive type (allowed: [""null"",""string""]): []
"
099c6c6a-0c74-402b-bc6e-eb1a75a3bbcb,7ad18c9b-732d-4a16-934b-c4877aa58046,false,"[OAS] [OAS] validation failed:
 - ERROR - [Path '/enabled'] Instance type (null) does not match any allowed primitive type (allowed: [""boolean""]): []
"
099c6c6a-0c74-402b-bc6e-eb1a75a3bbcb,116bfa95-a44f-4eb5-bf14-40cf05c868db,false,"[OAS] [OAS] validation failed:
 - ERROR - [Path '/loginDt'] Instance type (object) does not match any allowed primitive type (allowed: [""null"",""string""]): []
"
099c6c6a-0c74-402b-bc6e-eb1a75a3bbcb,1b5b86c4-8d85-4e47-a89b-a4b06c66c407,false,"[OAS] [OAS] validation failed:
 - ERROR - [Path '/secured'] Instance type (null) does not match any allowed primitive type (allowed: [""boolean""]): []
"
099c6c6a-0c74-402b-bc6e-eb1a75a3bbcb,5ec8aa1c-8c71-46b8-8b9b-ef70f81d2a56,false,"[OAS] [OAS] validation failed:
 - ERROR - [Path '/contactDTO'] Instance type (number) does not match any allowed primitive type (allowed: [""object""]): []
"
099c6c6a-0c74-402b-bc6e-eb1a75a3bbcb,f055e79a-0259-4247-95fd-61305aadcede,false,"[OAS] [OAS] validation failed:
 - ERROR - [Path '/contactDTO/phone'] Instance type (object) does not match any allowed primitive type (allowed: [""null"",""string""]): []
"
099c6c6a-0c74-402b-bc6e-eb1a75a3bbcb,2095d695-1205-4e04-8a2a-1c4e2742d7c2,false,"[OAS] [OAS] validation failed:
 - ERROR - [Path '/addressDTO'] Object instance has properties which are not allowed by the schema: [""randomArray3"",""randomLong2"",""randomObject1"",""randomObject4""]: []
"
099c6c6a-0c74-402b-bc6e-eb1a75a3bbcb,3088d670-2216-4f0f-9e19-b75e39f79bca,false,"[OAS] [OAS] validation failed:
 - ERROR - [Path '/addressDTO/address2'] Instance type (array) does not match any allowed primitive type (allowed: [""null"",""string""]): []
"
099c6c6a-0c74-402b-bc6e-eb1a75a3bbcb,aec36b33-5b36-48e0-8fce-fc6b0d18ea3c,false,"[OAS] [OAS] validation failed:
 - ERROR - [Path '/roles/1'] Instance type (boolean) does not match any allowed primitive type (allowed: [""string""]): []
"
e26e269d-5a45-4ad8-8f35-3cdc7c51354e,1367f728-6b36-41a3-b2a4-7cd82e90f5ac,false,[NO_5XX] Unexpected 5XX response: 502
e26e269d-5a45-4ad8-8f35-3cdc7c51354e,c4ea2208-e933-4648-acbf-627be1dd6803,false,"[OAS] [OAS] validation failed:
 - ERROR - [Path '/id'] Instance type (null) does not match any allowed primitive type (allowed: [""integer""]): []
"
e26e269d-5a45-4ad8-8f35-3cdc7c51354e,35682a02-4768-4259-9cc2-bd6c8f5732f5,false,"[OAS] [OAS] validation failed:
 - ERROR - [Path '/name'] Instance type (null) does not match any allowed primitive type (allowed: [""string""]): []
"
e26e269d-5a45-4ad8-8f35-3cdc7c51354e,9678a6ff-f4e6-415b-a60d-0105e3937e88,false,"[OAS] [OAS] validation failed:
 - ERROR - [Path '/surname'] Instance type (object) does not match any allowed primitive type (allowed: [""null"",""string""]): []
"
e26e269d-5a45-4ad8-8f35-3cdc7c51354e,89a10967-5cf6-4c07-8804-58b70c42a14e,false,"[OAS] [OAS] validation failed:
 - ERROR - [Path '/enabled'] Instance type (null) does not match any allowed primitive type (allowed: [""boolean""]): []
"
e26e269d-5a45-4ad8-8f35-3cdc7c51354e,987386cb-9d3b-4e53-87b5-de159d1efd7a,false,"[OAS] [OAS] validation failed:
 - ERROR - [Path '/loginDt'] Instance type (number) does not match any allowed primitive type (allowed: [""null"",""string""]): []
"
e26e269d-5a45-4ad8-8f35-3cdc7c51354e,ea3f662d-d4b5-4c98-9f25-ec720b5298ca,false,"[OAS] [OAS] validation failed:
 - ERROR - [Path '/contactDTO/email'] Instance type (null) does not match any allowed primitive type (allowed: [""string""]): []
"
e26e269d-5a45-4ad8-8f35-3cdc7c51354e,bbbb09f8-a4ce-4373-bcf4-0cc1073e0017,false,"[OAS] [OAS] validation failed:
 - ERROR - [Path '/contactDTO/phone'] Instance type (array) does not match any allowed primitive type (allowed: [""null"",""string""]): []
"
e26e269d-5a45-4ad8-8f35-3cdc7c51354e,af42c1bc-cd7c-4c6e-bc58-a2486a99a8a8,false,"[OAS] [OAS] validation failed:
 - ERROR - [Path '/contactDTO/website'] Instance type (array) does not match any allowed primitive type (allowed: [""null"",""string""]): []
"
e26e269d-5a45-4ad8-8f35-3cdc7c51354e,a36e3535-f69b-44ff-b3db-5ef5115d2488,false,"[OAS] [OAS] validation failed:
 - ERROR - [Path '/addressDTO'] Object instance has properties which are not allowed by the schema: [""randomArray3"",""randomLong2"",""randomObject1"",""randomObject4""]: []
"
e26e269d-5a45-4ad8-8f35-3cdc7c51354e,0536fff2-45b5-4799-b345-d8bdc4ddbc75,false,"[OAS] [OAS] validation failed:
 - ERROR - [Path '/addressDTO/city'] Instance type (array) does not match any allowed primitive type (allowed: [""null"",""string""]): []
"
e26e269d-5a45-4ad8-8f35-3cdc7c51354e,ed457f4b-e3d5-482c-abca-47ae03727211,false,"[OAS] [OAS] validation failed:
 - ERROR - [Path '/addressDTO/country'] Instance type (boolean) does not match any allowed primitive type (allowed: [""null"",""string""]): []
"
e26e269d-5a45-4ad8-8f35-3cdc7c51354e,20ad1b11-a215-4cff-8d64-ae34d459e2b6,false,"[OAS] [OAS] validation failed:
 - ERROR - [Path '/roles/1'] Instance type (boolean) does not match any allowed primitive type (allowed: [""string""]): []
"
e26e269d-5a45-4ad8-8f35-3cdc7c51354e,424afe19-1c3e-4ca7-a384-cd84bda944e7,false,"[OAS] [OAS] validation failed:
 - ERROR - [Path '/permissions'] Instance type (object) does not match any allowed primitive type (allowed: [""array""]): []
"
e26e269d-5a45-4ad8-8f35-3cdc7c51354e,cec8564d-72ca-4ebb-8f01-06f8d959d30e,false,"[OAS] [OAS] validation failed:
 - ERROR - [Path '/permissions/1'] Instance type (null) does not match any allowed primitive type (allowed: [""string""]): []
"
59d85246-b3b3-4f07-bfd2-6622ac53be53,07de8eeb-4f3b-4f32-91af-c38fbad5104e,false,"[OAS] [OAS] validation failed:
 - ERROR - Response status 204 not defined for path '/users/{id}'.: []
"
59d85246-b3b3-4f07-bfd2-6622ac53be53,e2544eea-aba1-4ff7-ab7e-f8a91a5c311b,false,"[OAS] [OAS] validation failed:
 - ERROR - [Path '/id'] Instance type (number) does not match any allowed primitive type (allowed: [""integer""]): []
"
59d85246-b3b3-4f07-bfd2-6622ac53be53,525d51c7-0b7b-46f3-ad76-64f56568499b,false,"[OAS] [OAS] validation failed:
 - ERROR - [Path '/username'] Instance type (null) does not match any allowed primitive type (allowed: [""string""]): []
"
59d85246-b3b3-4f07-bfd2-6622ac53be53,f530a495-bf02-48d9-ad12-1c0ed47ab7fd,false,"[OAS] [OAS] validation failed:
 - ERROR - [Path '/gender'] Instance type (array) does not match any allowed primitive type (allowed: [""string""]): []
"
59d85246-b3b3-4f07-bfd2-6622ac53be53,dd54c311-efa8-4613-8fc3-9cfce1b2bcbc,false,"[OAS] [OAS] validation failed:
 - ERROR - [Path '/birthDate'] Instance type (integer) does not match any allowed primitive type (allowed: [""null"",""string""]): []
"
59d85246-b3b3-4f07-bfd2-6622ac53be53,8d8f8a02-927c-43ae-8308-b637ec5d3b26,false,"[OAS] [OAS] validation failed:
 - ERROR - [Path '/note'] Instance type (number) does not match any allowed primitive type (allowed: [""null"",""string""]): []
"
59d85246-b3b3-4f07-bfd2-6622ac53be53,ec2fda6e-9e08-4d45-b018-33c3d12c9f95,false,"[OAS] [OAS] validation failed:
 - ERROR - [Path '/loginDt'] Instance type (object) does not match any allowed primitive type (allowed: [""null"",""string""]): []
"
59d85246-b3b3-4f07-bfd2-6622ac53be53,13f59c55-15ee-42f8-8767-8bc1908e60ad,false,"[OAS] [OAS] validation failed:
 - ERROR - [Path '/contactDTO'] Instance type (number) does not match any allowed primitive type (allowed: [""object""]): []
"
59d85246-b3b3-4f07-bfd2-6622ac53be53,5934d31e-0908-42aa-96b4-c91f65de4f16,false,"[OAS] [OAS] validation failed:
 - ERROR - [Path '/contactDTO/phone'] Instance type (object) does not match any allowed primitive type (allowed: [""null"",""string""]): []
"
59d85246-b3b3-4f07-bfd2-6622ac53be53,b9e925dc-3723-4983-a906-bd70079dd4aa,false,"[OAS] [OAS] validation failed:
 - ERROR - [Path '/contactDTO/facebook'] Instance type (object) does not match any allowed primitive type (allowed: [""null"",""string""]): []
"
59d85246-b3b3-4f07-bfd2-6622ac53be53,4d1bbd9d-c550-4bca-abf1-98cee900f44f,false,"[OAS] [OAS] validation failed:
 - ERROR - [Path '/contactDTO/linkedin'] Instance type (integer) does not match any allowed primitive type (allowed: [""null"",""string""]): []
"
59d85246-b3b3-4f07-bfd2-6622ac53be53,5e33ecf6-eb5a-47a4-b1d0-cff0f008d00a,false,"[OAS] [OAS] validation failed:
 - ERROR - [Path '/contactDTO/website'] Instance type (array) does not match any allowed primitive type (allowed: [""null"",""string""]): []
"
59d85246-b3b3-4f07-bfd2-6622ac53be53,5130e6b6-bd11-41d8-b11b-ffc3e1687ae8,false,"[OAS] [OAS] validation failed:
 - ERROR - [Path '/addressDTO/address'] Instance type (boolean) does not match any allowed primitive type (allowed: [""null"",""string""]): []
"
59d85246-b3b3-4f07-bfd2-6622ac53be53,40d45f17-80b5-45e7-9be4-b05fcbeb19aa,false,"[OAS] [OAS] validation failed:
 - ERROR - [Path '/addressDTO/address2'] Instance type (array) does not match any allowed primitive type (allowed: [""null"",""string""]): []
"
59d85246-b3b3-4f07-bfd2-6622ac53be53,194e1b1d-5ce3-4ca5-b644-ad32b717f64c,false,"[OAS] [OAS] validation failed:
 - ERROR - [Path '/addressDTO/city'] Instance type (integer) does not match any allowed primitive type (allowed: [""null"",""string""]): []
"
59d85246-b3b3-4f07-bfd2-6622ac53be53,587b2311-66d3-4965-8223-930fc0831deb,false,"[OAS] [OAS] validation failed:
 - ERROR - [Path '/roles/1'] Instance type (boolean) does not match any allowed primitive type (allowed: [""string""]): []
"
59d85246-b3b3-4f07-bfd2-6622ac53be53,d0112c7e-43f5-496e-99ae-75854e42ee6c,false,"[OAS] [OAS] validation failed:
 - ERROR - [Path '/roles/0'] Instance type (array) does not match any allowed primitive type (allowed: [""string""]): []
"
59d85246-b3b3-4f07-bfd2-6622ac53be53,456cb026-159d-40b2-8307-c30b4e67ecb7,false,"[OAS] [OAS] validation failed:
 - ERROR - [Path '/permissions'] Instance type (object) does not match any allowed primitive type (allowed: [""array""]): []
"
48e37d9e-5858-4d15-86cf-7d221cd303f0,5cf9e2cd-aa1a-4aef-a91e-e34b44b76745,false,[NO_5XX] Unexpected 5XX response: 500
48e37d9e-5858-4d15-86cf-7d221cd303f0,c9f65e34-ecb8-4854-a38c-6aac6dbf5454,true,
48e37d9e-5858-4d15-86cf-7d221cd303f0,a7244c20-d31f-4c98-a17c-34e329955eb5,true,
48e37d9e-5858-4d15-86cf-7d221cd303f0,5cd3f531-4f3b-42d1-a6e7-1fb09e08803f,false,"[OAS] [OAS] validation failed:
 - ERROR - Object instance has properties which are not allowed by the schema: [""randomBoolean1""]: []
"
48e37d9e-5858-4d15-86cf-7d221cd303f0,8bbf928e-3644-4d95-a370-f732671dc05f,true,
d2d6e3ca-5800-4257-9fca-b4a8fb639931,65620101-c944-40b9-a836-bdb1189221b2,false,"[OAS] [OAS] validation failed:
 - ERROR - Object instance has properties which are not allowed by the schema: [""message""]: []
"
d2d6e3ca-5800-4257-9fca-b4a8fb639931,98193308-61cd-4363-a439-659910da5b5c,false,"[OAS] [OAS] validation failed:
 - ERROR - Response Content-Type header 'text/javascript' does not match any allowed types. Must be one of: [application/json].: []
"
d2d6e3ca-5800-4257-9fca-b4a8fb639931,0b49be81-b316-43e4-8418-af4ca1d3bc74,true,
d2d6e3ca-5800-4257-9fca-b4a8fb639931,cb1c3f85-7c6f-4391-b799-8ec60d8a862a,false,"[OAS] [OAS] validation failed:
 - ERROR - Object instance has properties which are not allowed by the schema: [""randomBoolean1""]: []
"
d2d6e3ca-5800-4257-9fca-b4a8fb639931,c3e23189-6285-41ec-af64-50b634058738,true,
b82fdc19-fa16-4d7a-893c-3735d313ac65,7730917b-0565-40f7-9da7-f6c792e8b113,true,
b82fdc19-fa16-4d7a-893c-3735d313ac65,ac04c8eb-4fa0-42e1-b59a-14405c85db92,true,
b82fdc19-fa16-4d7a-893c-3735d313ac65,dcab892e-7982-467b-b0b8-4ede001a5a58,true,
b82fdc19-fa16-4d7a-893c-3735d313ac65,61f38e70-5822-4132-a49e-8675c8f66de1,false,[INV] input.id == return.id :: expected 8 to deeply equal -241395
b82fdc19-fa16-4d7a-893c-3735d313ac65,eaf5134d-a2f0-44a4-9304-47a606ec3908,false,[INV] input.gender == return.gender :: expected 'MALE' to deeply equal '?$gf\''
b82fdc19-fa16-4d7a-893c-3735d313ac65,97d73e6a-623d-4924-8560-01f8647c5972,false,[INV] input.enabled == return.enabled :: expected true to deeply equal false
b82fdc19-fa16-4d7a-893c-3735d313ac65,0ad56b84-53c4-4619-9b7b-a981b245db42,false,[INV] input.note == return.note :: expected 'Handle with care' to deeply equal 'jud</E[:'
b82fdc19-fa16-4d7a-893c-3735d313ac65,cf20b1a8-bf34-43f8-8079-a5d25668ce5b,true,
b82fdc19-fa16-4d7a-893c-3735d313ac65,42f95be5-b0d2-4d64-b2f7-e514fcd980f0,false,"[INV] input.skype == return.contactDTO.skype :: expected 'john.doe.skype' to deeply equal ','"
b82fdc19-fa16-4d7a-893c-3735d313ac65,922fed09-7b16-46e5-9440-1d0757f12889,false,"[INV] input.facebook == return.contactDTO.facebook :: expected 'https://facebook.com/test.user' to deeply equal 'https://facebook.com/test.*,user'"
b82fdc19-fa16-4d7a-893c-3735d313ac65,b33b8ce5-b894-4155-a244-d71d21d3c9f1,false,"[INV] input.website == return.contactDTO.website :: expected 'https://example.org' to deeply equal 'http´,s://example.org'"
b82fdc19-fa16-4d7a-893c-3735d313ac65,4fa7e4e6-f051-430a-b7cf-c8590a0b2e07,true,
b82fdc19-fa16-4d7a-893c-3735d313ac65,66128c73-feb5-4f17-90a0-a1aa0a427e37,false,[INV] input.address2 == return.addressDTO.address2 :: expected 'Apt. 4B' to deeply equal '´Apt. 4B'
b82fdc19-fa16-4d7a-893c-3735d313ac65,d1db2474-2111-4cb2-937b-cf04c1048fcf,false,"[INV] input.zipCode == return.addressDTO.zipCode :: expected '100000' to deeply equal '1,00000'"
b82fdc19-fa16-4d7a-893c-3735d313ac65,8245a27b-7d6a-4bdd-9b1d-079a4693c3ef,false,"[INV] return.roles[] elements one of { ADMINISTRATOR, USER } :: expected false to be true"
b82fdc19-fa16-4d7a-893c-3735d313ac65,f5cdd1c5-abd8-42ce-93e6-18bc19dbc997,false,"[INV] return.permissions[] elements one of { ADMIN_USER_DATA, LOGIN, VIEW_PROFILE } :: expected false to be true"
b82fdc19-fa16-4d7a-893c-3735d313ac65,fd00dca5-5839-4b68-8412-c3468127d36f,false,"[INV] return.permissions[] elements one of { ADMIN_USER_DATA, LOGIN, VIEW_PROFILE } :: expected false to be true"
1b9170bb-5328-471a-a017-de9c463749fe,f9faa577-fd27-4417-8a37-02d372d69ae1,true,
1b9170bb-5328-471a-a017-de9c463749fe,3baaf984-11ca-41fe-9326-272cd976890e,true,
1b9170bb-5328-471a-a017-de9c463749fe,209b5b5e-da6a-43d5-bb7b-a87148c3634b,true,
1b9170bb-5328-471a-a017-de9c463749fe,665610b4-5a2e-41ca-9fe6-66e8f702cd6f,false,"[INV] input.username == return.username :: expected 'alice1985' to deeply equal 'alic/,e1985'"
1b9170bb-5328-471a-a017-de9c463749fe,ea0a6922-f922-4b82-adda-c29f884f01d6,false,[INV] input.name == return.name :: expected 'Alice' to deeply equal 'END%D'
1b9170bb-5328-471a-a017-de9c463749fe,7b36c50e-89fb-45ed-9dc6-1d9a2fd33661,true,
1b9170bb-5328-471a-a017-de9c463749fe,693f4a2e-00f9-477e-9f90-d137b1e0d200,false,[INV] input.gender == return.gender :: expected 'FEMALE' to deeply equal 'FEM/*ALE'
1b9170bb-5328-471a-a017-de9c463749fe,874be5c5-74f4-4129-b1ff-b22db116ddb5,false,[INV] input.enabled == return.enabled :: expected true to deeply equal false
1b9170bb-5328-471a-a017-de9c463749fe,dbc8b746-4b23-4048-9f92-61b59d936169,false,[INV] input.note == return.note :: expected 'VIP customer' to deeply equal '0'
1b9170bb-5328-471a-a017-de9c463749fe,a5ce6f61-356c-4ad3-81c2-b7ff3b892976,true,
1b9170bb-5328-471a-a017-de9c463749fe,0d8bacf6-833b-4b5e-8ac4-e57a7b51046a,true,
1b9170bb-5328-471a-a017-de9c463749fe,2480c062-b47f-4f1d-963b-ddd74f61d7c0,true,
1b9170bb-5328-471a-a017-de9c463749fe,3092f6b8-e9b2-4d12-87f8-1cf74cef66a2,true,
1b9170bb-5328-471a-a017-de9c463749fe,e019fca7-28e1-4a2b-bf49-404ece07baba,true,
1b9170bb-5328-471a-a017-de9c463749fe,2473ad9b-97a7-497a-bc75-9ea69fedf62f,true,
1b9170bb-5328-471a-a017-de9c463749fe,1e190b6f-8f10-40f4-8efa-a61dca4ee99d,false,[INV] input.address2 == return.addressDTO.address2 :: expected 'Suite 210' to deeply equal 'qdM8Xfp5Jy'
1b9170bb-5328-471a-a017-de9c463749fe,cc18fe75-3563-4aee-8718-3bdf7edfcf7a,true,
1b9170bb-5328-471a-a017-de9c463749fe,48861503-f7df-46d1-a9ac-c2ac1814f6c5,true,
1b9170bb-5328-471a-a017-de9c463749fe,e5c3738e-159e-451b-80d3-40687ef10f6a,false,"[INV] return.roles[] elements one of { ADMINISTRATOR, USER } :: expected false to be true"
1b9170bb-5328-471a-a017-de9c463749fe,cb1a2c5d-6459-45c6-ac41-1a584e190a65,false,"[INV] return.permissions[] elements one of { ADMIN_USER_DATA, LOGIN, VIEW_PROFILE } :: expected false to be true"
1b9170bb-5328-471a-a017-de9c463749fe,e4a9751b-1194-4e69-b8dd-0125bd09d2f9,false,"[INV] return.permissions[] elements one of { ADMIN_USER_DATA, LOGIN, VIEW_PROFILE } :: expected false to be true"
d7159211-5820-450b-8ae0-7fc0145b2d34,4dcecbbf-a9c3-444e-b78e-1c2f186a5568,true,
d7159211-5820-450b-8ae0-7fc0145b2d34,20b03ae8-1ff9-42ed-8df5-28117d01dafd,true,
d7159211-5820-450b-8ae0-7fc0145b2d34,db65be47-7f70-435a-a752-78b0f05738d5,false,[INV] input.id == return.id :: expected 5 to deeply equal -241395
d7159211-5820-450b-8ae0-7fc0145b2d34,d5c7f302-6a54-4334-bc86-d310a988a22c,false,[INV] input.username == return.username :: expected 'johndoe90' to deeply equal 'sG^HP7A'
d7159211-5820-450b-8ae0-7fc0145b2d34,6227585f-6eab-4543-9110-eb0ebbc92bcd,false,[INV] input.name == return.name :: expected 'Alice' to deeply equal 't'
d7159211-5820-450b-8ae0-7fc0145b2d34,394a1064-b1ae-4d4b-be92-e92b2f29f9fb,false,[INV] input.gender == return.gender :: expected 'MALE' to deeply equal '4@.1:N\'
d7159211-5820-450b-8ae0-7fc0145b2d34,4df89334-acc5-4ae2-aff1-d848f9217482,true,
d7159211-5820-450b-8ae0-7fc0145b2d34,aada23c3-9721-4c61-a1a0-3312faf97336,false,[INV] input.note == return.note :: expected 'Handle with care' to deeply equal '/*Handle with care'
d7159211-5820-450b-8ae0-7fc0145b2d34,0067b72a-d405-4af5-8adc-5ad6dad1a45a,true,
d7159211-5820-450b-8ae0-7fc0145b2d34,7df09fa9-ab87-4d2c-9a59-66050489f5cf,true,
d7159211-5820-450b-8ae0-7fc0145b2d34,9ed70011-a4c2-46a4-afb3-61b9ebb0025a,true,
d7159211-5820-450b-8ae0-7fc0145b2d34,dbb13b23-e6eb-416c-b29b-255ccdf6de43,false,"[INV] input.facebook == return.contactDTO.facebook :: expected 'https://facebook.com/test.user' to deeply equal 'https://facebook.com/test.*,user'"
d7159211-5820-450b-8ae0-7fc0145b2d34,8b64f463-3a42-4df7-8846-c26c2dc0dc63,false,"[INV] input.linkedin == return.contactDTO.linkedin :: expected 'https://linkedin.com/in/alicesmith' to deeply equal 'https://linkedin.co´,m/in/alicesmith'"
d7159211-5820-450b-8ae0-7fc0145b2d34,2a819918-97ad-4505-ae31-37c49732f743,false,[INV] input.website == return.contactDTO.website :: expected 'https://johndoe.dev' to deeply equal '<[dJ$r!'
d7159211-5820-450b-8ae0-7fc0145b2d34,aa1231d9-5d01-42e0-a732-aab68052cd9e,true,
d7159211-5820-450b-8ae0-7fc0145b2d34,020c976b-6e0f-4989-a8c9-ff548f1abfcf,false,[INV] input.address2 == return.addressDTO.address2 :: expected 'Apt. 4B' to deeply equal 'ejemplo minus'
d7159211-5820-450b-8ae0-7fc0145b2d34,b4181a9d-7ed3-4b63-b33d-34b5ee859d40,false,"[INV] input.country == return.addressDTO.country :: expected 'USA' to deeply equal 'USA*,'"
d7159211-5820-450b-8ae0-7fc0145b2d34,1cde91d5-2aad-4e11-822e-3086fe3e9dfb,false,"[INV] return.roles[] elements one of { ADMINISTRATOR, USER } :: expected false to be true"
d7159211-5820-450b-8ae0-7fc0145b2d34,c11e6aa4-b4d7-4244-9388-a0cc632f1abc,true,
d7159211-5820-450b-8ae0-7fc0145b2d34,d49930e3-b6d0-4914-987c-451f74552001,false,"[INV] return.permissions[] elements one of { ADMIN_USER_DATA, LOGIN, VIEW_PROFILE } :: expected false to be true"
d7159211-5820-450b-8ae0-7fc0145b2d34,d08c0ead-fad5-4178-9a7e-eee615661038,false,"[INV] return.permissions[] elements one of { ADMIN_USER_DATA, LOGIN, VIEW_PROFILE } :: expected false to be true"
efdc472e-aa4a-4d0a-b607-1e8246f8e8b6,92836624-7795-4b13-9ebd-9880ae110429,true,
efdc472e-aa4a-4d0a-b607-1e8246f8e8b6,7ff78491-23c5-436a-a372-58e991712879,true,
efdc472e-aa4a-4d0a-b607-1e8246f8e8b6,d7c82b9e-cc9e-4c89-8a09-b5f061aad4bc,false,[INV] input.id == return.id :: expected 7 to deeply equal -241395
efdc472e-aa4a-4d0a-b607-1e8246f8e8b6,f3f3df98-6b1b-4371-8171-9dfc7d5c07d5,false,[INV] input.username == return.username :: expected 'testuser123' to deeply equal 'H'
efdc472e-aa4a-4d0a-b607-1e8246f8e8b6,96696197-9bad-4b4d-bd5b-ba8e6e1d7725,false,[INV] input.name == return.name :: expected 'Alice' to deeply equal '7'
efdc472e-aa4a-4d0a-b607-1e8246f8e8b6,bb4e7cc0-67d0-4130-9fa3-eac40519123b,false,[INV] input.gender == return.gender :: expected 'FEMALE' to deeply equal '4_wFhO9<r'
efdc472e-aa4a-4d0a-b607-1e8246f8e8b6,0b672421-4745-44d3-9344-df8aa5550604,true,
efdc472e-aa4a-4d0a-b607-1e8246f8e8b6,d94e336f-cd11-4dc3-8e77-2ef603f2c7f5,false,[INV] input.skype == return.contactDTO.skype :: expected 'user123.skype' to deeply equal '+.f(f*Fzf'
efdc472e-aa4a-4d0a-b607-1e8246f8e8b6,bdc46624-7781-49ed-a27b-5683535ee592,false,"[INV] input.address == return.addressDTO.address :: expected '456 High Road' to deeply equal '456 High Roa´,d'"
efdc472e-aa4a-4d0a-b607-1e8246f8e8b6,e6c90ab0-90ba-4ecc-909b-6e3985da0dc6,true,
efdc472e-aa4a-4d0a-b607-1e8246f8e8b6,8a63d6a0-2692-460c-8f21-1e67ef8a9dae,false,[INV] input.zipCode == return.addressDTO.zipCode :: expected 'SW1A 1AA' to deeply equal 'EJEMPLO MAYUS'
efdc472e-aa4a-4d0a-b607-1e8246f8e8b6,2c97ac7b-a906-47f5-90f5-795c5e88b8ba,false,"[INV] return.roles[] elements one of { ADMINISTRATOR, USER } :: expected false to be true"
efdc472e-aa4a-4d0a-b607-1e8246f8e8b6,a562ccab-ce68-4aa3-93dc-68d7d110c316,false,"[INV] return.permissions[] elements one of { ADMIN_USER_DATA, LOGIN, VIEW_PROFILE } :: expected false to be true"
efdc472e-aa4a-4d0a-b607-1e8246f8e8b6,5fa52cd8-768d-44d5-96fd-a55669a08252,false,"[INV] return.permissions[] elements one of { ADMIN_USER_DATA, LOGIN, VIEW_PROFILE } :: expected false to be true"
aa6a892b-9e54-4065-b2b3-4f2326cea595,68f38555-32ef-4d50-a0b7-b1e68c13abe1,true,
aa6a892b-9e54-4065-b2b3-4f2326cea595,5744a906-8d4b-4e87-9742-f739c54ed14b,true,
aa6a892b-9e54-4065-b2b3-4f2326cea595,ef6f6cfa-9697-4976-bf63-be5a11be9e48,true,
aa6a892b-9e54-4065-b2b3-4f2326cea595,b73c3fb8-bdbd-40e5-a398-8dbf41c56c4c,false,"[INV] input.username == return.username :: expected 'testuser123' to deeply equal 'testuser12/,3'"
aa6a892b-9e54-4065-b2b3-4f2326cea595,d8124ab2-b5d3-476c-90f0-724d1e63e3f2,true,
aa6a892b-9e54-4065-b2b3-4f2326cea595,3ba3e41f-c3b3-4600-9527-5f312d0ef929,false,[INV] input.gender == return.gender :: expected 'FEMALE' to deeply equal 'FEM/*ALE'
aa6a892b-9e54-4065-b2b3-4f2326cea595,74d04a80-0acb-4b41-8c60-7d92a0dda0a9,false,[INV] input.enabled == return.enabled :: expected true to deeply equal false
aa6a892b-9e54-4065-b2b3-4f2326cea595,7a966ca7-c1c5-4982-bf53-d23ec80afef6,true,
aa6a892b-9e54-4065-b2b3-4f2326cea595,3ac8d1f5-f2b6-4d22-a52e-d3ee0a9b3b48,true,
aa6a892b-9e54-4065-b2b3-4f2326cea595,56c49d8a-1fc4-45c5-857b-3dbe777664aa,true,
aa6a892b-9e54-4065-b2b3-4f2326cea595,70746315-e857-4193-935f-080fbfd9a2a5,false,"[INV] input.facebook == return.contactDTO.facebook :: expected 'https://facebook.com/alice.smith' to deeply equal 'https://facebook*,.com/alice.smith'"
aa6a892b-9e54-4065-b2b3-4f2326cea595,12406399-4479-4aa6-9a94-a2b91cd317a4,false,[INV] input.contactNote == return.contactDTO.contactNote :: expected 'Call after 6pm' to deeply equal 'ejemplo minus'
aa6a892b-9e54-4065-b2b3-4f2326cea595,20e2f8f9-1a3c-4a23-9d5b-4448ed89418a,false,[INV] input.address == return.addressDTO.address :: expected '789 Broadway' to deeply equal 'DWE;*cQ'
aa6a892b-9e54-4065-b2b3-4f2326cea595,b5dcf68c-9698-4a8c-8ae4-e12c66f89c2b,false,[INV] input.address2 == return.addressDTO.address2 :: expected 'Building 5' to deeply equal 'G=V;'
aa6a892b-9e54-4065-b2b3-4f2326cea595,197a76b1-48c6-4663-a5d8-a35472d5a5bb,false,"[INV] return.roles[] elements one of { ADMINISTRATOR, USER } :: expected false to be true"
aa6a892b-9e54-4065-b2b3-4f2326cea595,9c5073b6-7fa6-4106-87cf-b80b01032156,true,
aa6a892b-9e54-4065-b2b3-4f2326cea595,6b18d413-94cf-459a-8021-d5cfcb707b40,false,"[INV] return.permissions[] elements one of { ADMIN_USER_DATA, LOGIN, VIEW_PROFILE } :: expected false to be true"
639abae3-3e45-4fe0-8dc7-17102e8c0f78,f3e56fb1-323b-4dee-892a-b6045473860b,true,
639abae3-3e45-4fe0-8dc7-17102e8c0f78,f1d29bf5-6a03-45c8-bcbb-d220b94280c5,true,
639abae3-3e45-4fe0-8dc7-17102e8c0f78,d1615d33-eafe-488f-9897-47143f370d94,false,[INV] input.id == return.id :: expected 7 to deeply equal -241395
639abae3-3e45-4fe0-8dc7-17102e8c0f78,a89b7c8e-cb1e-4f19-b03b-b9955de035b8,false,[INV] input.name == return.name :: expected 'Bob' to deeply equal 'S'
639abae3-3e45-4fe0-8dc7-17102e8c0f78,cf47cf42-d3b8-4282-8540-bd06784630f1,false,[INV] input.gender == return.gender :: expected 'MALE' to deeply equal 'ejemplo minus'
639abae3-3e45-4fe0-8dc7-17102e8c0f78,3b21313a-0342-4850-9892-548acff70593,false,[INV] input.enabled == return.enabled :: expected false to deeply equal true
639abae3-3e45-4fe0-8dc7-17102e8c0f78,c6acf070-3bb0-49a3-8ab6-505a6571120f,false,[INV] input.note == return.note :: expected 'Frequent buyer' to deeply equal 'Frequent bu/*yer'
639abae3-3e45-4fe0-8dc7-17102e8c0f78,7904e670-d857-4437-a404-24436314f856,true,
639abae3-3e45-4fe0-8dc7-17102e8c0f78,d8d1ebe5-45ee-475b-87a5-0adaac0078cb,true,
639abae3-3e45-4fe0-8dc7-17102e8c0f78,d36b4803-05c1-4a14-bd95-08d68e265d25,true,
639abae3-3e45-4fe0-8dc7-17102e8c0f78,e5ac7251-e34e-4a8a-b224-1b991c6d1ad0,false,[INV] input.skype == return.contactDTO.skype :: expected 'alice.smith.skype' to deeply equal 'I ]%'
639abae3-3e45-4fe0-8dc7-17102e8c0f78,23f8c54a-352b-466a-aa98-8c4ce9380978,true,
639abae3-3e45-4fe0-8dc7-17102e8c0f78,5dc8f593-d5c0-4c93-8234-123cea6085da,false,"[INV] input.contactNote == return.contactDTO.contactNote :: expected 'Preferred contact time: afternoon' to deeply equal 'Preferred contact ti,me: afternoon'"
639abae3-3e45-4fe0-8dc7-17102e8c0f78,bb20b414-3b58-402c-977a-b45e332e9a61,false,[INV] input.address2 == return.addressDTO.address2 :: expected 'Building 5' to deeply equal 'Z[/j/'
639abae3-3e45-4fe0-8dc7-17102e8c0f78,c766f9e1-a4ac-461c-906c-fec4d14ac26e,true,
639abae3-3e45-4fe0-8dc7-17102e8c0f78,27b2ff0a-c259-4d69-9c84-60b667787a00,true,
639abae3-3e45-4fe0-8dc7-17102e8c0f78,cd83ac00-8376-424a-8392-363a571f32f8,false,"[INV] return.permissions[] elements one of { ADMIN_USER_DATA, LOGIN, VIEW_PROFILE } :: expected false to be true"
85a601ee-1d8d-4cb0-a6e9-91a813f01ee1,f9444156-481d-4673-afd8-21423ad3a888,true,
85a601ee-1d8d-4cb0-a6e9-91a813f01ee1,3d159a4c-e2b1-4098-a6ba-feda11ec6bf3,true,
85a601ee-1d8d-4cb0-a6e9-91a813f01ee1,63c6fc55-804a-4436-95bf-c74bdcaae77b,true,
85a601ee-1d8d-4cb0-a6e9-91a813f01ee1,194a0213-cb56-45b1-87b4-a3e37c4e4788,false,[INV] input.id == return.id :: expected 7 to deeply equal -241395
85a601ee-1d8d-4cb0-a6e9-91a813f01ee1,b85c14e3-c524-40ef-94ad-7f4e64af03cd,false,"[INV] input.username == return.username :: expected 'johndoe90' to deeply equal 'john/,doe90'"
85a601ee-1d8d-4cb0-a6e9-91a813f01ee1,1dd04678-51c9-4a23-8627-1161576491cb,false,[INV] input.name == return.name :: expected 'John' to deeply equal 'J´/ohn'
85a601ee-1d8d-4cb0-a6e9-91a813f01ee1,569a97e8-fd88-45a2-9193-c801ed82506e,true,
85a601ee-1d8d-4cb0-a6e9-91a813f01ee1,74d68603-3837-4bc9-8fed-94267a6abcae,false,[INV] input.gender == return.gender :: expected 'FEMALE' to deeply equal 'w$~@<Z'
85a601ee-1d8d-4cb0-a6e9-91a813f01ee1,2c6f9df4-2188-4178-aa61-d3b00fe0355f,true,
85a601ee-1d8d-4cb0-a6e9-91a813f01ee1,d5388c71-8ef8-4bdb-b9dc-a8d50ed8b052,true,
85a601ee-1d8d-4cb0-a6e9-91a813f01ee1,26b64b0b-547d-4537-a1ea-ef252387a13c,false,"[INV] input.facebook == return.contactDTO.facebook :: expected 'https://facebook.com/alice.smith' to deeply equal 'https://facebook*,.com/alice.smith'"
85a601ee-1d8d-4cb0-a6e9-91a813f01ee1,31dc9eb6-0a54-4762-a2c3-fe0bb60c2ae4,false,[INV] input.contactNote == return.contactDTO.contactNote :: expected 'Urgent contact only' to deeply equal '@4S9b`qNu'
85a601ee-1d8d-4cb0-a6e9-91a813f01ee1,169a79a4-2805-4afb-9b93-1c3b37ebfa5d,false,"[INV] input.city == return.addressDTO.city :: expected 'London' to deeply equal 'L,ondon'"
85a601ee-1d8d-4cb0-a6e9-91a813f01ee1,378a6e8b-e83d-4de5-813f-1dc5cca090a2,false,"[INV] return.roles[] elements one of { ADMINISTRATOR, USER } :: expected false to be true"
85a601ee-1d8d-4cb0-a6e9-91a813f01ee1,e0f75053-cb7d-463f-ad64-415f912277c4,false,"[INV] return.permissions[] elements one of { ADMIN_USER_DATA, LOGIN, VIEW_PROFILE } :: expected false to be true"
01c80bc1-0090-45c3-9607-bf763cee135a,2474c1b6-1c77-4fad-9f4c-518b76d53b2e,true,
01c80bc1-0090-45c3-9607-bf763cee135a,f0258359-d097-4266-8d06-c9d34c0e8065,true,
01c80bc1-0090-45c3-9607-bf763cee135a,1ade9cba-5bc2-4b10-9d33-520ef6e7b217,false,[INV] input.id == return.id :: expected 2 to deeply equal -241395
01c80bc1-0090-45c3-9607-bf763cee135a,29efadab-b0b7-4d31-93d5-cb1ae0aa4307,false,[INV] input.gender == return.gender :: expected 'MALE' to deeply equal 'EJEMPLO MAYUS'
01c80bc1-0090-45c3-9607-bf763cee135a,6ddc6950-7e7d-4259-893b-982949f6b10a,false,[INV] input.note == return.note :: expected 'Handle with care' to deeply equal 'Handle with care*'
01c80bc1-0090-45c3-9607-bf763cee135a,027650ac-9816-495c-baa7-35621b56f5f3,true,
01c80bc1-0090-45c3-9607-bf763cee135a,d355beb3-7c8a-458a-aebb-9bf1dc3d80c6,true,
01c80bc1-0090-45c3-9607-bf763cee135a,df4a39c9-0015-4207-bea7-9497d37c83ad,true,
01c80bc1-0090-45c3-9607-bf763cee135a,cac02b64-51ac-4bc8-8c8d-2b0f9c42b839,false,[INV] input.skype == return.contactDTO.skype :: expected 'user123.skype' to deeply equal '6=2{Dl/'
01c80bc1-0090-45c3-9607-bf763cee135a,77ac2605-596d-40d7-ba8c-31065c59d710,false,[INV] input.website == return.contactDTO.website :: expected 'https://alicesmith.me' to deeply equal 'EJEMPLO MAYUS'
01c80bc1-0090-45c3-9607-bf763cee135a,3e65e8be-c87e-4d77-abc7-5b03d7d136bc,false,"[INV] input.address == return.addressDTO.address :: expected '456 High Road' to deeply equal '45/,6 High Road'"
01c80bc1-0090-45c3-9607-bf763cee135a,115715b8-e16d-4251-bd61-b9f295dc8f48,false,"[INV] input.zipCode == return.addressDTO.zipCode :: expected '100000' to deeply equal '1000*,00'"
01c80bc1-0090-45c3-9607-bf763cee135a,5d03c1bc-c6cc-467a-8da9-ad45843fceec,false,"[INV] size(return.permissions[]) one of { 2, 3 } :: expected false to be true"
01c80bc1-0090-45c3-9607-bf763cee135a,2f6f83f1-be09-45ac-8c69-0bcf443fe635,false,"[INV] return.permissions[] elements one of { ADMIN_USER_DATA, LOGIN, VIEW_PROFILE } :: expected false to be true"
87b5351b-aa4a-4d74-8a80-061b59a91a39,12563fa6-e509-4b65-a683-665fa3643dfc,true,
87b5351b-aa4a-4d74-8a80-061b59a91a39,ba2e06bb-a126-46f9-91c1-1d38f1d4e328,true,
87b5351b-aa4a-4d74-8a80-061b59a91a39,3df41e4e-3fa0-43aa-84f7-89fdbd4a6a83,false,[INV] input.id == return.id :: expected 1 to deeply equal -241395
87b5351b-aa4a-4d74-8a80-061b59a91a39,680a5662-a949-4c51-89c9-32a6608ed9bd,false,[INV] input.username == return.username :: expected 'testuser123' to deeply equal 'r'
87b5351b-aa4a-4d74-8a80-061b59a91a39,ef00ed9c-8531-49bd-9b50-42c0f07bedaf,false,[INV] input.name == return.name :: expected 'Alice' to deeply equal 'J'
87b5351b-aa4a-4d74-8a80-061b59a91a39,a87e3ba5-027b-42a2-afe4-11fe9d08b778,false,[INV] input.gender == return.gender :: expected 'MALE' to deeply equal '$4ap'
87b5351b-aa4a-4d74-8a80-061b59a91a39,c7dca076-e773-4390-a947-f84fb9c631dc,false,[INV] input.note == return.note :: expected 'Handle with care' to deeply equal 'EJEMPLO MAYUS'
87b5351b-aa4a-4d74-8a80-061b59a91a39,e2f8d3f6-49be-470b-afe9-6932977e3ff4,true,
87b5351b-aa4a-4d74-8a80-061b59a91a39,1d5830bb-6df5-463f-99c7-1db748c709d6,true,
87b5351b-aa4a-4d74-8a80-061b59a91a39,f4d31ba1-f07c-4af3-b9e3-066f709b830c,true,
87b5351b-aa4a-4d74-8a80-061b59a91a39,a0be7695-88e8-4aff-9593-e8f222e0c7bf,false,[INV] input.website == return.contactDTO.website :: expected 'https://alicesmith.me' to deeply equal 'EJEMPLO MAYUS'
87b5351b-aa4a-4d74-8a80-061b59a91a39,cc023364-32dc-46dc-b993-547a754f1e5f,false,"[INV] input.contactNote == return.contactDTO.contactNote :: expected 'Preferred contact time: afternoon' to deeply equal 'Preferred contact ti,me: afternoon'"
87b5351b-aa4a-4d74-8a80-061b59a91a39,f67fc45a-373f-44ca-b057-fd19fddcf22b,false,"[INV] input.city == return.addressDTO.city :: expected 'London' to deeply equal 'p?b7""(7,-'"
87b5351b-aa4a-4d74-8a80-061b59a91a39,07d3ef8f-8d1a-4ee8-bff5-f9c2135c8ce3,true,
87b5351b-aa4a-4d74-8a80-061b59a91a39,29ed7c44-f89a-4b92-bc8f-d4cd8c9b1564,false,[INV] input.zipCode == return.addressDTO.zipCode :: expected 'SW1A 1AA' to deeply equal '^*v6??'
87b5351b-aa4a-4d74-8a80-061b59a91a39,e1caf1bc-b97f-4a55-8aa2-fed586cb458f,true,
87b5351b-aa4a-4d74-8a80-061b59a91a39,3cc12d7a-3422-43a3-93d2-ca56314349a9,false,"[INV] return.permissions[] elements one of { ADMIN_USER_DATA, LOGIN, VIEW_PROFILE } :: expected false to be true"
87b5351b-aa4a-4d74-8a80-061b59a91a39,4b01d5cf-92fc-4b3c-9d75-7222ea57a2e4,false,"[INV] return.permissions[] elements one of { ADMIN_USER_DATA, LOGIN, VIEW_PROFILE } :: expected false to be true"
87b5351b-aa4a-4d74-8a80-061b59a91a39,650b5451-6fa8-4481-8bea-d0228ac070ca,false,"[INV] return.permissions[] elements one of { ADMIN_USER_DATA, LOGIN, VIEW_PROFILE } :: expected false to be true"
19d90c2a-3d8d-41f2-85c8-a2f1284390bf,47774e9d-5b9c-484e-baa2-c0d90ebbf7ab,true,
19d90c2a-3d8d-41f2-85c8-a2f1284390bf,06030644-51e9-4bf5-8cd9-90dc31c68f51,true,
19d90c2a-3d8d-41f2-85c8-a2f1284390bf,fc0873a3-b722-4719-9de1-8a459f3a882f,true,
19d90c2a-3d8d-41f2-85c8-a2f1284390bf,88e74499-2bc9-4318-8275-c44288138c17,true,
19d90c2a-3d8d-41f2-85c8-a2f1284390bf,1031337e-1af6-4ed6-ba18-486271835c2c,true,
19d90c2a-3d8d-41f2-85c8-a2f1284390bf,fa32f5a1-c32b-4d59-abc4-cf22c3bec653,false,[INV] input.facebook == return.contactDTO.facebook :: expected 'https://facebook.com/alice.smith' to deeply equal '6Gw\Z}m:'
19d90c2a-3d8d-41f2-85c8-a2f1284390bf,6935c4b6-f9b3-4cbf-9ff2-fdaaf92898a6,false,"[INV] input.linkedin == return.contactDTO.linkedin :: expected 'https://linkedin.com/in/alicesmith' to deeply equal 'https://linkedin.co´,m/in/alicesmith'"
19d90c2a-3d8d-41f2-85c8-a2f1284390bf,291f6c55-9bee-446f-a24f-1d3ce64e2d09,true,
19d90c2a-3d8d-41f2-85c8-a2f1284390bf,3fb2432c-ee9d-488d-b4d5-14fa2ef6d89d,false,"[INV] input.address == return.addressDTO.address :: expected '456 High Road' to deeply equal '456 Hi,gh Road'"
19d90c2a-3d8d-41f2-85c8-a2f1284390bf,96823c69-4cb7-49ff-9bc6-756ce404fd0d,false,[INV] input.country == return.addressDTO.country :: expected 'China' to deeply equal ';.li'
19d90c2a-3d8d-41f2-85c8-a2f1284390bf,319c5c8e-b22c-4ae0-8e16-5af3caf25b80,false,[INV] input.zipCode == return.addressDTO.zipCode :: expected '100000' to deeply equal 'ejemplo minus'
19d90c2a-3d8d-41f2-85c8-a2f1284390bf,76654fd9-5fdb-4485-b586-5f064cdc594e,false,"[INV] return.roles[] elements one of { ADMINISTRATOR, USER } :: expected false to be true"
19d90c2a-3d8d-41f2-85c8-a2f1284390bf,75a34256-31c7-4346-a8a7-b559726fb91c,false,"[INV] size(return.permissions[]) one of { 2, 3 } :: expected false to be true"
19d90c2a-3d8d-41f2-85c8-a2f1284390bf,c52ff8cb-69bb-45fc-8efe-663c1684a49a,false,"[INV] return.permissions[] elements one of { ADMIN_USER_DATA, LOGIN, VIEW_PROFILE } :: expected false to be true"
19d90c2a-3d8d-41f2-85c8-a2f1284390bf,2d4062fd-abf0-43b9-aaed-157fe6b3b141,false,"[INV] return.permissions[] elements one of { ADMIN_USER_DATA, LOGIN, VIEW_PROFILE } :: expected false to be true"
e19e8829-9d6b-45fd-b7eb-5ba7bb2e7f5d,dbea6b32-151f-4bda-8fab-916b80272634,true,
e19e8829-9d6b-45fd-b7eb-5ba7bb2e7f5d,c7e4f3a2-2a50-48e9-b63e-771cfdaac8dd,true,
e19e8829-9d6b-45fd-b7eb-5ba7bb2e7f5d,aabb328b-5b6e-486e-89c7-660e961d45b4,true,
e19e8829-9d6b-45fd-b7eb-5ba7bb2e7f5d,6513f257-0ef5-4380-a6f3-75fe6909f340,false,[INV] input.name == return.name :: expected 'Alice' to deeply equal 'A´/lice'
e19e8829-9d6b-45fd-b7eb-5ba7bb2e7f5d,15db4ef9-599d-4fc8-a856-93494e9e35c0,false,"[INV] input.surname == return.surname :: expected 'Zhang' to deeply equal 'xf+""'"
e19e8829-9d6b-45fd-b7eb-5ba7bb2e7f5d,449e35b2-5ef5-41ed-b7cf-9ed8bf036751,false,[INV] input.gender == return.gender :: expected 'MALE' to deeply equal 'M/*ALE'
e19e8829-9d6b-45fd-b7eb-5ba7bb2e7f5d,7e64e3d7-7a2a-4239-a88d-3a017d14f268,true,
e19e8829-9d6b-45fd-b7eb-5ba7bb2e7f5d,ccc50370-c1d6-484c-9756-a19a22d28e58,true,
e19e8829-9d6b-45fd-b7eb-5ba7bb2e7f5d,42b6487e-eda4-48fd-af16-bd6eed3e7911,true,
e19e8829-9d6b-45fd-b7eb-5ba7bb2e7f5d,bce0f98e-13c7-4478-876a-9022f73e3f72,true,
e19e8829-9d6b-45fd-b7eb-5ba7bb2e7f5d,e7e33845-9b2d-45a8-937d-0cc32f682f98,true,
e19e8829-9d6b-45fd-b7eb-5ba7bb2e7f5d,0714e4e9-411f-4b81-9459-f4bd6596b6b3,false,[INV] input.website == return.contactDTO.website :: expected 'https://johndoe.dev' to deeply equal '-]wcyLl}'
e19e8829-9d6b-45fd-b7eb-5ba7bb2e7f5d,deb5765c-4777-4d2b-84c4-ad8b4e73fb67,true,
e19e8829-9d6b-45fd-b7eb-5ba7bb2e7f5d,3701619e-affd-49a5-88cc-e59cb16dfc82,false,[INV] input.zipCode == return.addressDTO.zipCode :: expected '10001' to deeply equal ';O'
e19e8829-9d6b-45fd-b7eb-5ba7bb2e7f5d,87e0199a-7014-426d-b835-09f3992428ff,true,
e19e8829-9d6b-45fd-b7eb-5ba7bb2e7f5d,76519cdd-ff45-4c10-8882-bbc1d7267ce8,false,"[INV] return.permissions[] elements one of { ADMIN_USER_DATA, LOGIN, VIEW_PROFILE } :: expected false to be true"
e19e8829-9d6b-45fd-b7eb-5ba7bb2e7f5d,93b545cb-3188-48f8-9431-a658adddb5f6,false,"[INV] return.permissions[] elements one of { ADMIN_USER_DATA, LOGIN, VIEW_PROFILE } :: expected false to be true"
9e6eee91-b9b9-45dd-ac0e-2321542b5348,2de6a746-9f03-4239-9efb-aa02427bf8e9,true,
9e6eee91-b9b9-45dd-ac0e-2321542b5348,732d1d2d-cdb2-4428-ad72-739284f41859,true,
9e6eee91-b9b9-45dd-ac0e-2321542b5348,fbd6bc74-8230-4c59-923d-ae842639f77a,true,
9e6eee91-b9b9-45dd-ac0e-2321542b5348,ebf0dc83-e7fd-44e5-812a-4c6ca17a20d8,false,[INV] input.id == return.id :: expected 7 to deeply equal -241395
9e6eee91-b9b9-45dd-ac0e-2321542b5348,e1435d1c-71cb-4f7b-876d-a3cd6ddfd323,false,[INV] input.username == return.username :: expected 'alice1985' to deeply equal 'Y'
9e6eee91-b9b9-45dd-ac0e-2321542b5348,063644bf-951a-47d1-a0a3-802da2fac0d3,true,
9e6eee91-b9b9-45dd-ac0e-2321542b5348,4a43e154-ef87-4989-94dd-49bf9a9f4022,true,
9e6eee91-b9b9-45dd-ac0e-2321542b5348,19b7ccc7-6256-429a-96c9-3628bde1e899,true,
9e6eee91-b9b9-45dd-ac0e-2321542b5348,d122147c-0232-4b4f-b768-be5a18d9f793,false,[INV] input.skype == return.contactDTO.skype :: expected 'user123.skype' to deeply equal 'sRxNlr133M'
9e6eee91-b9b9-45dd-ac0e-2321542b5348,05fc8481-0070-4bd9-a038-2208294cb682,true,
9e6eee91-b9b9-45dd-ac0e-2321542b5348,331bcae1-7172-4871-ae1c-ec8775dccc08,false,"[INV] input.linkedin == return.contactDTO.linkedin :: expected 'https://linkedin.com/in/johndoe' to deeply equal 'https://linkedin.com/,in/johndoe'"
9e6eee91-b9b9-45dd-ac0e-2321542b5348,b014e038-4a24-4529-9790-72392ef34c96,true,
9e6eee91-b9b9-45dd-ac0e-2321542b5348,19c921f0-8f00-40f8-afce-a79beafc7e36,false,[INV] input.address == return.addressDTO.address :: expected '789 Broadway' to deeply equal '5^+&= e'
9e6eee91-b9b9-45dd-ac0e-2321542b5348,69f543e9-e79f-4764-a0fa-12f8da354be0,false,[INV] input.address2 == return.addressDTO.address2 :: expected 'Apt. 4B' to deeply equal 'OG$:@'
9e6eee91-b9b9-45dd-ac0e-2321542b5348,f5719aa6-70f5-4876-883b-d61560e82cfe,true,
9e6eee91-b9b9-45dd-ac0e-2321542b5348,c9595dbc-c48a-47ce-a359-11adf35372a1,false,[INV] input.country == return.addressDTO.country :: expected 'USA' to deeply equal 'US*A'
9e6eee91-b9b9-45dd-ac0e-2321542b5348,fff50754-d301-40a8-a140-6a1a4efc4194,true,
9e6eee91-b9b9-45dd-ac0e-2321542b5348,1130fe3c-6efa-4a22-8c59-7427c7424ebe,false,"[INV] return.roles[] elements one of { ADMINISTRATOR, USER } :: expected false to be true"
9e6eee91-b9b9-45dd-ac0e-2321542b5348,809912df-1771-4f2b-a0bb-17d93d133958,true,
9e6eee91-b9b9-45dd-ac0e-2321542b5348,fe25a601-e311-4c10-be5d-6de60410cce2,false,"[INV] return.permissions[] elements one of { ADMIN_USER_DATA, LOGIN, VIEW_PROFILE } :: expected false to be true"
9e6eee91-b9b9-45dd-ac0e-2321542b5348,2da28494-8f41-4705-96b8-9178fa793dd2,false,"[INV] return.permissions[] elements one of { ADMIN_USER_DATA, LOGIN, VIEW_PROFILE } :: expected false to be true"
7924c915-e365-4ba8-a0a2-1677ddefa2fc,6b2fc4a6-f938-4689-910d-e3d7ebc013dc,true,
7924c915-e365-4ba8-a0a2-1677ddefa2fc,1621c682-37cb-466d-bec4-4bc24115b200,true,
7924c915-e365-4ba8-a0a2-1677ddefa2fc,13f4bc53-be2d-4aa2-b69e-3eeddf1316cd,true,
7924c915-e365-4ba8-a0a2-1677ddefa2fc,cdbae790-54f9-44aa-80bd-323bd3d91ab8,false,[INV] input.surname == return.surname :: expected 'Doe' to deeply equal 'C73VPd'
7924c915-e365-4ba8-a0a2-1677ddefa2fc,ebf24d0f-450e-4ade-9384-0d182bd251fa,false,[INV] input.enabled == return.enabled :: expected true to deeply equal false
7924c915-e365-4ba8-a0a2-1677ddefa2fc,823cea8f-c2a0-47e0-a93a-4bc2bd4ea98e,true,
7924c915-e365-4ba8-a0a2-1677ddefa2fc,55afa4a9-287a-4453-9fe8-c23300e0fd4b,true,
7924c915-e365-4ba8-a0a2-1677ddefa2fc,3bfca981-21b9-4ad8-8504-4a43d672212f,true,
7924c915-e365-4ba8-a0a2-1677ddefa2fc,b71058fc-647c-414f-80ef-c292537b5195,true,
7924c915-e365-4ba8-a0a2-1677ddefa2fc,49a0ebbb-366b-41a0-a4d0-2607096b1f81,false,[INV] input.contactNote == return.contactDTO.contactNote :: expected 'Urgent contact only' to deeply equal 'EJEMPLO MAYUS'
7924c915-e365-4ba8-a0a2-1677ddefa2fc,aca9b315-0071-4a8b-9a56-5f4c417ada1a,false,"[INV] input.address == return.addressDTO.address :: expected '789 Broadway' to deeply equal '789 Broadway,'"
7924c915-e365-4ba8-a0a2-1677ddefa2fc,9ed1c70c-43fb-461c-b01a-c67a3198c7fd,false,[INV] input.address2 == return.addressDTO.address2 :: expected 'Suite 210' to deeply equal 'EJEMPLO MAYUS'
7924c915-e365-4ba8-a0a2-1677ddefa2fc,9d8ab7be-3516-48c9-b565-b3cc381a7c99,false,[INV] input.city == return.addressDTO.city :: expected 'London' to deeply equal 'j z?yA'
7924c915-e365-4ba8-a0a2-1677ddefa2fc,32bc6a09-a9d9-4943-aa72-6adf98c9cb12,true,
7924c915-e365-4ba8-a0a2-1677ddefa2fc,434abbdf-eacc-44fd-8112-b0cc944b3dca,false,"[INV] return.permissions[] elements one of { ADMIN_USER_DATA, LOGIN, VIEW_PROFILE } :: expected false to be true"
4c184f06-ec21-4fa0-bf1d-aaa396b7de68,988291f0-0f2d-4154-aec1-0e41cd32f0f0,true,
4c184f06-ec21-4fa0-bf1d-aaa396b7de68,22f2b429-aa0a-438e-9000-07fd7cea55a0,true,
4c184f06-ec21-4fa0-bf1d-aaa396b7de68,01abf14a-e496-456e-be7d-e85a07219061,false,[INV] input.name == return.name :: expected 'Bob' to deeply equal 'N2YKv'
4c184f06-ec21-4fa0-bf1d-aaa396b7de68,b5935cab-c8d6-4cd0-a816-921c212d27c1,false,[INV] input.surname == return.surname :: expected 'Zhang' to deeply equal 'ejemplo minus'
4c184f06-ec21-4fa0-bf1d-aaa396b7de68,f1dc752f-dd14-414b-808a-8c16740f23a3,false,[INV] input.note == return.note :: expected 'VIP customer' to deeply equal 'EJEMPLO MAYUS'
4c184f06-ec21-4fa0-bf1d-aaa396b7de68,8a867974-b90b-4e7a-9284-fbe86484176c,true,
4c184f06-ec21-4fa0-bf1d-aaa396b7de68,785db57d-59f0-453c-933f-90d58a5a5b1a,false,[INV] input.skype == return.contactDTO.skype :: expected 'alice.smith.skype' to deeply equal '@>*Q'
4c184f06-ec21-4fa0-bf1d-aaa396b7de68,3275be2d-1cb5-408f-ae7b-afe814a17322,false,[INV] input.facebook == return.contactDTO.facebook :: expected 'https://facebook.com/test.user' to deeply equal '>&oSG('
4c184f06-ec21-4fa0-bf1d-aaa396b7de68,eaa9c421-7ba0-49ab-a2df-329bd3261894,false,"[INV] input.website == return.contactDTO.website :: expected 'https://johndoe.dev' to deeply equal 'http´,s://johndoe.dev'"
4c184f06-ec21-4fa0-bf1d-aaa396b7de68,6dce5823-7ee0-46b9-9ace-d8b2930c6525,true,
4c184f06-ec21-4fa0-bf1d-aaa396b7de68,d99d7264-582f-42ba-91cf-4a2088d16d05,true,
4c184f06-ec21-4fa0-bf1d-aaa396b7de68,d44c2ec1-4a24-4597-a027-a50dd9e360ad,false,[INV] input.zipCode == return.addressDTO.zipCode :: expected '100000' to deeply equal 'ejemplo minus'
4c184f06-ec21-4fa0-bf1d-aaa396b7de68,a8528196-64a3-4569-b277-d1513f2d8b9f,true,
4c184f06-ec21-4fa0-bf1d-aaa396b7de68,b0af2d2c-6d2e-411e-9b43-d1b0b2602882,false,"[INV] return.permissions[] elements one of { ADMIN_USER_DATA, LOGIN, VIEW_PROFILE } :: expected false to be true"
410b01d4-6256-4305-bfd8-211861079608,13f4bd86-892d-4529-b132-fecca94d114f,true,
410b01d4-6256-4305-bfd8-211861079608,5d512a00-b5bc-47e8-96c9-4694463b70a8,true,
410b01d4-6256-4305-bfd8-211861079608,fc4b34f2-5070-4dd5-a395-9de8e05ff897,true,
410b01d4-6256-4305-bfd8-211861079608,8a1d2ae0-094d-4b40-9d5b-dbf9c8c3a89a,false,[INV] input.name == return.name :: expected 'John' to deeply equal 'J´/ohn'
410b01d4-6256-4305-bfd8-211861079608,6d6a652b-0878-41b0-94ad-f88c39a3dfc4,true,
410b01d4-6256-4305-bfd8-211861079608,e4d59eb6-39c1-4b1a-8e29-aa33d25cfc28,false,[INV] input.enabled == return.enabled :: expected false to deeply equal true
410b01d4-6256-4305-bfd8-211861079608,d1161f83-10d6-4595-88e4-76ba5284a641,true,
410b01d4-6256-4305-bfd8-211861079608,733edb6d-898e-44f5-a3e8-2ab389e642f7,true,
410b01d4-6256-4305-bfd8-211861079608,65353683-80fb-4b25-91a7-6717ac8e7178,true,
410b01d4-6256-4305-bfd8-211861079608,49c85f70-a723-4b7e-b125-88bde9814fcf,false,[INV] input.facebook == return.contactDTO.facebook :: expected 'https://facebook.com/test.user' to deeply equal 'PHzlJTnxpv'
410b01d4-6256-4305-bfd8-211861079608,e3f67721-c8b8-4cd3-9db0-7f301ce066fd,false,[INV] input.linkedin == return.contactDTO.linkedin :: expected 'https://linkedin.com/in/testuser' to deeply equal 'EJEMPLO MAYUS'
410b01d4-6256-4305-bfd8-211861079608,b8c64b0d-5aec-49d1-813b-4cf7c43ba7d9,false,[INV] input.website == return.contactDTO.website :: expected 'https://alicesmith.me' to deeply equal '%}KJS(&'
410b01d4-6256-4305-bfd8-211861079608,8a053b25-fe0e-4b7a-8340-583ab34e2b9a,false,[INV] input.contactNote == return.contactDTO.contactNote :: expected 'Call after 6pm' to deeply equal 'EJEMPLO MAYUS'
410b01d4-6256-4305-bfd8-211861079608,184e377f-2f4f-46bb-b07a-9192737e55bd,true,
410b01d4-6256-4305-bfd8-211861079608,ac2d31da-79ab-4da6-929f-ce1d546a34e8,false,[INV] input.address2 == return.addressDTO.address2 :: expected 'Apt. 4B' to deeply equal 'j'
410b01d4-6256-4305-bfd8-211861079608,a79c2343-01c8-499d-a83c-5e4ac0a64e51,false,[INV] input.city == return.addressDTO.city :: expected 'New York' to deeply equal '3;=pq'
410b01d4-6256-4305-bfd8-211861079608,75ec1842-07ff-4ccd-b277-7ad3c6a7cd0c,false,[INV] input.country == return.addressDTO.country :: expected 'China' to deeply equal '5l'
410b01d4-6256-4305-bfd8-211861079608,14f8addf-f825-48d6-bd7c-580132c0a785,true,
410b01d4-6256-4305-bfd8-211861079608,4d7eddba-2e2d-425b-955f-0ad161ff17e0,false,"[INV] return.roles[] elements one of { ADMINISTRATOR, USER } :: expected false to be true"
410b01d4-6256-4305-bfd8-211861079608,816e2675-74d7-4375-ae78-051220b14267,false,"[INV] return.roles[] elements one of { ADMINISTRATOR, USER } :: expected false to be true"
410b01d4-6256-4305-bfd8-211861079608,f0556b2b-3971-46c4-8874-815e5e2a32a2,false,"[INV] return.permissions[] elements one of { ADMIN_USER_DATA, LOGIN, VIEW_PROFILE } :: expected false to be true"
410b01d4-6256-4305-bfd8-211861079608,b3713eb3-3830-4523-960e-81724cc54821,false,"[INV] return.permissions[] elements one of { ADMIN_USER_DATA, LOGIN, VIEW_PROFILE } :: expected false to be true"
099c6c6a-0c74-402b-bc6e-eb1a75a3bbcb,942080ae-9b71-4d9f-a3ca-d8e5c1e82672,true,
099c6c6a-0c74-402b-bc6e-eb1a75a3bbcb,f4297236-1850-4da4-92ab-a596661302f7,true,
099c6c6a-0c74-402b-bc6e-eb1a75a3bbcb,e1f6f934-6dce-4bd8-b02d-c0e6aa7c673d,true,
099c6c6a-0c74-402b-bc6e-eb1a75a3bbcb,6d206513-81a2-41f8-9562-3725ad606728,false,[INV] input.id == return.id :: expected 8 to deeply equal -241395
099c6c6a-0c74-402b-bc6e-eb1a75a3bbcb,1142273d-73a7-496d-8818-22bcd487608e,false,[INV] input.username == return.username :: expected 'alice1985' to deeply equal 'J'
099c6c6a-0c74-402b-bc6e-eb1a75a3bbcb,fbf3695e-5270-4bdc-b45b-adadbe6597ed,false,"[INV] input.surname == return.surname :: expected 'Smith' to deeply equal 'Smi´,th'"
099c6c6a-0c74-402b-bc6e-eb1a75a3bbcb,27039147-445f-443d-a4ac-b91d11ea0f85,true,
099c6c6a-0c74-402b-bc6e-eb1a75a3bbcb,f99f895b-7a4f-4bd8-ab9f-0cd1c2e90b97,true,
099c6c6a-0c74-402b-bc6e-eb1a75a3bbcb,6683ae6f-b5dc-406c-8d85-b3ad2138c77d,false,"[INV] input.skype == return.contactDTO.skype :: expected 'john.doe.skype' to deeply equal 'john.doe.skype/,'"
099c6c6a-0c74-402b-bc6e-eb1a75a3bbcb,60788c7b-2156-4ad2-af53-3de7fd81c492,false,"[INV] input.facebook == return.contactDTO.facebook :: expected 'https://facebook.com/alice.smith' to deeply equal 'https://facebook*,.com/alice.smith'"
099c6c6a-0c74-402b-bc6e-eb1a75a3bbcb,9d4e60bc-ebed-480a-a3ec-489f6ce55a2d,false,"[INV] input.linkedin == return.contactDTO.linkedin :: expected 'https://linkedin.com/in/johndoe' to deeply equal 'https://linkedin.com/in/johndoe´,'"
099c6c6a-0c74-402b-bc6e-eb1a75a3bbcb,186b8851-c2a9-4527-92c8-98662fb7d623,true,
099c6c6a-0c74-402b-bc6e-eb1a75a3bbcb,7bb7a072-323c-44e9-beab-a85dd9023acc,false,[INV] input.contactNote == return.contactDTO.contactNote :: expected 'Call after 6pm' to deeply equal 'Ca´ll after 6pm'
099c6c6a-0c74-402b-bc6e-eb1a75a3bbcb,b971b4e5-1201-4ac4-bf7c-c314990e4b80,false,[INV] input.address == return.addressDTO.address :: expected '123 Main Street' to deeply equal '%{'
099c6c6a-0c74-402b-bc6e-eb1a75a3bbcb,51b30cc3-40e8-4f62-885b-7018a99038b1,false,[INV] input.city == return.addressDTO.city :: expected 'Beijing' to deeply equal 'ejemplo minus'
099c6c6a-0c74-402b-bc6e-eb1a75a3bbcb,e75d3616-da3b-421a-ab69-64c98b78038f,false,[INV] input.country == return.addressDTO.country :: expected 'UK' to deeply equal 'p'
099c6c6a-0c74-402b-bc6e-eb1a75a3bbcb,f48e57e3-53c9-4a0a-a4c5-99c3b85548f5,true,
099c6c6a-0c74-402b-bc6e-eb1a75a3bbcb,162885f3-110f-4f19-aa50-a98069e5f2da,false,"[INV] return.roles[] elements one of { ADMINISTRATOR, USER } :: expected false to be true"
099c6c6a-0c74-402b-bc6e-eb1a75a3bbcb,5cf053ad-e705-4693-b827-e8df928a792e,true,
099c6c6a-0c74-402b-bc6e-eb1a75a3bbcb,b28ba098-2e4b-477b-9004-7b41171879b1,false,"[INV] return.permissions[] elements one of { ADMIN_USER_DATA, LOGIN, VIEW_PROFILE } :: expected false to be true"
099c6c6a-0c74-402b-bc6e-eb1a75a3bbcb,d854c818-5427-4398-a66d-f5974bade31c,false,"[INV] return.permissions[] elements one of { ADMIN_USER_DATA, LOGIN, VIEW_PROFILE } :: expected false to be true"
1ff5a2ad-4916-4093-9fd0-032e560b4eb0,0e43a1d5-c025-4fae-8fb2-8fdfa775b9e1,true,
1ff5a2ad-4916-4093-9fd0-032e560b4eb0,045588c3-262d-46ae-ac91-0cff37fe8e28,true,
1ff5a2ad-4916-4093-9fd0-032e560b4eb0,858b5b60-c394-4a20-9442-bc56fa105770,true,
1ff5a2ad-4916-4093-9fd0-032e560b4eb0,00ed2fc3-0ce9-4c87-874c-84c09385f8f8,false,[INV] input.id == return.id :: expected 4 to deeply equal -241395
1ff5a2ad-4916-4093-9fd0-032e560b4eb0,bdff439f-ed13-43b4-a097-e160ef4c9188,false,[INV] input.username == return.username :: expected 'testuser123' to deeply equal '0'
1ff5a2ad-4916-4093-9fd0-032e560b4eb0,805a2510-db42-43ca-8891-f36880384ac4,false,[INV] input.surname == return.surname :: expected 'Zhang' to deeply equal 'ejemplo minus'
1ff5a2ad-4916-4093-9fd0-032e560b4eb0,9cf5e98f-73c1-476f-a15c-6730a1b60b46,true,
1ff5a2ad-4916-4093-9fd0-032e560b4eb0,b1099d5d-5eba-4c20-a92c-a7d296a6d4f8,true,
1ff5a2ad-4916-4093-9fd0-032e560b4eb0,961fa8c5-10a7-422d-ae2e-d22b365651aa,true,
1ff5a2ad-4916-4093-9fd0-032e560b4eb0,4ab9871d-a508-4e86-9269-a2c0febd9911,true,
1ff5a2ad-4916-4093-9fd0-032e560b4eb0,c5c7f9a5-7287-4f66-8708-f83accf34125,false,"[INV] input.skype == return.contactDTO.skype :: expected 'john.doe.skype' to deeply equal 'john.doe.skype/,'"
1ff5a2ad-4916-4093-9fd0-032e560b4eb0,622adf0c-66ac-447c-aad7-a3a27c77b7c9,true,
1ff5a2ad-4916-4093-9fd0-032e560b4eb0,001f9509-121e-4250-b264-e7ba9ec79bae,false,"[INV] input.linkedin == return.contactDTO.linkedin :: expected 'https://linkedin.com/in/alicesmith' to deeply equal 'https://linkedin.co´,m/in/alicesmith'"
1ff5a2ad-4916-4093-9fd0-032e560b4eb0,1173886d-755f-4e43-9e17-efb498b34ed8,false,"[INV] input.website == return.contactDTO.website :: expected 'https://johndoe.dev' to deeply equal 'https://john,doe.dev'"
1ff5a2ad-4916-4093-9fd0-032e560b4eb0,d59df361-08fa-4e94-8369-96e491c49380,false,[INV] input.contactNote == return.contactDTO.contactNote :: expected 'Preferred contact time: afternoon' to deeply equal 'EJEMPLO MAYUS'
1ff5a2ad-4916-4093-9fd0-032e560b4eb0,38a27937-6112-4b69-a46c-6fe9f76396dd,true,
1ff5a2ad-4916-4093-9fd0-032e560b4eb0,7d71a793-5330-4ade-beed-cabfff9e280a,false,"[INV] input.address == return.addressDTO.address :: expected '456 High Road' to deeply equal '4,56 High Road'"
1ff5a2ad-4916-4093-9fd0-032e560b4eb0,92cb7c51-6698-40e4-8dd2-3885affb7479,true,
1ff5a2ad-4916-4093-9fd0-032e560b4eb0,46727a05-5e1b-487b-82f0-5a9e98d423d7,true,
1ff5a2ad-4916-4093-9fd0-032e560b4eb0,3584f097-1a24-4acb-a88a-04e685cfb09a,false,"[INV] return.roles[] elements one of { ADMINISTRATOR, USER } :: expected false to be true"
1ff5a2ad-4916-4093-9fd0-032e560b4eb0,8ae7b373-ee1b-4c3f-a0b2-31c870e11239,false,"[INV] return.permissions[] elements one of { ADMIN_USER_DATA, LOGIN, VIEW_PROFILE } :: expected false to be true"
1ff5a2ad-4916-4093-9fd0-032e560b4eb0,c7280711-fab0-4d4a-8edb-7d951b00f7b4,false,"[INV] return.permissions[] elements one of { ADMIN_USER_DATA, LOGIN, VIEW_PROFILE } :: expected false to be true"
8bedb688-8bce-4428-8534-185831e44b33,3337d724-e55b-4e88-ad71-a1d9f90ffcab,true,
8bedb688-8bce-4428-8534-185831e44b33,ba484551-d2aa-4a02-adf6-4e0d81d638e7,true,
8bedb688-8bce-4428-8534-185831e44b33,0ef57e5d-d67d-45a2-9df4-a2d626ff66f0,true,
8bedb688-8bce-4428-8534-185831e44b33,a9b7c5f2-1578-45ad-8835-f72bdce8a67c,false,[INV] input.id == return.id :: expected 2 to deeply equal -241395
8bedb688-8bce-4428-8534-185831e44b33,b1a18f83-d0ed-49a2-aecb-b36c5610bf6d,false,"[INV] input.username == return.username :: expected 'johndoe90' to deeply equal 'T\N4=e,n0'"
8bedb688-8bce-4428-8534-185831e44b33,230982d9-fafe-4eb5-9338-c3bb4c66de78,false,[INV] input.name == return.name :: expected 'John' to deeply equal 'J´/ohn'
8bedb688-8bce-4428-8534-185831e44b33,842472bd-cabe-4a60-be22-ee6c5d0b1a03,false,[INV] input.gender == return.gender :: expected 'FEMALE' to deeply equal 'ejemplo minus'
8bedb688-8bce-4428-8534-185831e44b33,506aa3fb-2ca5-4398-9d09-8de78b05e378,false,[INV] input.note == return.note :: expected 'Frequent buyer' to deeply equal '`w_'
8bedb688-8bce-4428-8534-185831e44b33,776d5aef-6410-4a38-8b54-0ae18df51676,true,
8bedb688-8bce-4428-8534-185831e44b33,ce87e4ec-1a6f-4ec1-9324-720ec76564ee,false,"[INV] input.facebook == return.contactDTO.facebook :: expected 'https://facebook.com/alice.smith' to deeply equal 'https://facebook*,.com/alice.smith'"
8bedb688-8bce-4428-8534-185831e44b33,a16e6de4-dd7e-4558-8f18-8a0a4dd37717,false,[INV] input.linkedin == return.contactDTO.linkedin :: expected 'https://linkedin.com/in/testuser' to deeply equal 'EJEMPLO MAYUS'
8bedb688-8bce-4428-8534-185831e44b33,56b9243d-b0be-4de1-b9d7-7c405607dad2,true,
8bedb688-8bce-4428-8534-185831e44b33,c7605a3a-f3df-4fc9-8f1a-633ab9f2707f,false,[INV] input.address == return.addressDTO.address :: expected '123 Main Street' to deeply equal 'EJEMPLO MAYUS'
8bedb688-8bce-4428-8534-185831e44b33,6392eaeb-3751-429e-834c-a3b8917535db,true,
8bedb688-8bce-4428-8534-185831e44b33,1c4687ab-5105-4dde-aebb-352cb27f1f69,false,[INV] input.country == return.addressDTO.country :: expected 'USA' to deeply equal 'ejemplo minus'
8bedb688-8bce-4428-8534-185831e44b33,f3b6b409-08e1-4f0c-b11e-5f4eeb757593,false,"[INV] input.zipCode == return.addressDTO.zipCode :: expected '100000' to deeply equal '1000*,00'"
8bedb688-8bce-4428-8534-185831e44b33,0e65f1b2-ddc5-451b-8731-4306a8ff6bec,true,
8bedb688-8bce-4428-8534-185831e44b33,ab6c15e0-b779-4463-8538-34d6c17097ad,false,"[INV] return.permissions[] elements one of { ADMIN_USER_DATA, LOGIN, VIEW_PROFILE } :: expected false to be true"
f3e30e6c-d7b9-47d7-b20b-dbb49b453336,e870ef03-5d67-4935-9dc9-65a540de0f93,true,
f3e30e6c-d7b9-47d7-b20b-dbb49b453336,aeb78067-44e9-4f88-9843-dce3ea4daffa,true,
f3e30e6c-d7b9-47d7-b20b-dbb49b453336,e285487b-f91c-4452-b9f2-3dc75086e6e6,true,
f3e30e6c-d7b9-47d7-b20b-dbb49b453336,621df7ef-b176-422b-9eda-8acc1eaae7cc,false,[INV] input.surname == return.surname :: expected 'Doe' to deeply equal 'ejemplo minus'
f3e30e6c-d7b9-47d7-b20b-dbb49b453336,cd0c3759-befb-4928-b737-7c90bf0f7e08,true,
f3e30e6c-d7b9-47d7-b20b-dbb49b453336,cf80e186-1f5d-45cd-8828-ec20f547dbec,true,
f3e30e6c-d7b9-47d7-b20b-dbb49b453336,3c28f51f-205f-4331-8584-38d060c865ba,true,
f3e30e6c-d7b9-47d7-b20b-dbb49b453336,f51d0bd3-38b2-4433-8e48-db9d5774b666,true,
f3e30e6c-d7b9-47d7-b20b-dbb49b453336,1815b6ff-4656-48ab-8d4c-6ef2901c5ac1,true,
f3e30e6c-d7b9-47d7-b20b-dbb49b453336,20c59372-d8bb-4445-80b6-f44982dbf080,true,
f3e30e6c-d7b9-47d7-b20b-dbb49b453336,1c745480-49a2-4e14-8f8e-6a35cd994fda,true,
f3e30e6c-d7b9-47d7-b20b-dbb49b453336,2fd4d19a-81fc-4768-a770-b1af37ad0add,false,[INV] input.address == return.addressDTO.address :: expected '456 High Road' to deeply equal 'BQnP:xX '
f3e30e6c-d7b9-47d7-b20b-dbb49b453336,a9566582-0486-4e5e-acd1-2c09cfa7cfee,false,"[INV] input.address2 == return.addressDTO.address2 :: expected 'Apt. 4B' to deeply equal 'Ap/,t. 4B'"
f3e30e6c-d7b9-47d7-b20b-dbb49b453336,72c6daaf-ef62-49de-9f04-114aab1e7248,true,
f3e30e6c-d7b9-47d7-b20b-dbb49b453336,4a701c60-23b9-404e-8697-920b2e248059,false,"[INV] return.roles[] elements one of { ADMINISTRATOR, USER } :: expected false to be true"
f3e30e6c-d7b9-47d7-b20b-dbb49b453336,012bfb1e-c91d-4f0f-ade4-ed91af26fcf6,true,
f3e30e6c-d7b9-47d7-b20b-dbb49b453336,bec6da49-cd1a-4c8b-9370-0f6de9095e59,false,"[INV] return.permissions[] elements one of { ADMIN_USER_DATA, LOGIN, VIEW_PROFILE } :: expected false to be true"
0cf7ac2e-f4ed-4099-ade5-026eb51eab5f,1fa1513a-49b1-40eb-9fcb-79da68edc6c1,true,
0cf7ac2e-f4ed-4099-ade5-026eb51eab5f,f2c00637-b27b-4910-89af-4a4a8cfc0f71,true,
0cf7ac2e-f4ed-4099-ade5-026eb51eab5f,be92b254-487d-48d0-858b-e11243ab0d52,true,
0cf7ac2e-f4ed-4099-ade5-026eb51eab5f,358394f5-c990-4cfb-a074-4134ea08647f,false,[INV] input.id == return.id :: expected 3 to deeply equal -241395
0cf7ac2e-f4ed-4099-ade5-026eb51eab5f,96c9caa4-9619-40fe-9346-9308a761e3f5,false,[INV] input.username == return.username :: expected 'alice1985' to deeply equal 'R'
0cf7ac2e-f4ed-4099-ade5-026eb51eab5f,ab0edde6-665d-46e0-9f62-cd68299006eb,false,[INV] input.name == return.name :: expected 'John' to deeply equal 'J´/ohn'
0cf7ac2e-f4ed-4099-ade5-026eb51eab5f,ef8816a9-65ed-43ef-8c69-684560aae165,false,[INV] input.surname == return.surname :: expected 'Smith' to deeply equal 'Z^1E'
0cf7ac2e-f4ed-4099-ade5-026eb51eab5f,40c2d5e8-d8a9-49b8-b7c2-643b87648bff,false,[INV] input.gender == return.gender :: expected 'FEMALE' to deeply equal 'FEM/*ALE'
0cf7ac2e-f4ed-4099-ade5-026eb51eab5f,490aa809-aa8d-4688-9267-e4a4ecbe4631,true,
0cf7ac2e-f4ed-4099-ade5-026eb51eab5f,f46692d5-4247-42f3-baf5-0700339c6baf,false,[INV] input.skype == return.contactDTO.skype :: expected 'user123.skype' to deeply equal 'FU(l'
0cf7ac2e-f4ed-4099-ade5-026eb51eab5f,763e056e-67e9-4e93-88ad-1636974ee48a,false,[INV] input.linkedin == return.contactDTO.linkedin :: expected 'https://linkedin.com/in/johndoe' to deeply equal 'E<e_~Q0'
0cf7ac2e-f4ed-4099-ade5-026eb51eab5f,74969eb3-e5db-4ad8-a97b-45f88d2fcbc2,false,"[INV] input.address == return.addressDTO.address :: expected '789 Broadway' to deeply equal '7,89 Broadway'"
0cf7ac2e-f4ed-4099-ade5-026eb51eab5f,5d81f5c0-d008-4e5b-a83a-9142b0e17dc4,true,
0cf7ac2e-f4ed-4099-ade5-026eb51eab5f,7f8f5c3d-2dfb-4bd8-b51a-5ba521a76442,true,
0cf7ac2e-f4ed-4099-ade5-026eb51eab5f,62453b1a-01b5-4bef-b3f0-3b2a4f8cadf0,false,"[INV] size(return.permissions[]) one of { 2, 3 } :: expected false to be true"
0cf7ac2e-f4ed-4099-ade5-026eb51eab5f,bd2ab2c2-ee96-4dfc-ab8e-170100761d20,false,"[INV] return.permissions[] elements one of { ADMIN_USER_DATA, LOGIN, VIEW_PROFILE } :: expected false to be true"
b047cc3e-e2f6-4925-8019-b6d8be62f21a,2bd4ba3d-3656-4adf-b08b-9234365c7e16,true,
b047cc3e-e2f6-4925-8019-b6d8be62f21a,b86dd8ba-f48c-440b-b1f3-8c7d34868df6,true,
b047cc3e-e2f6-4925-8019-b6d8be62f21a,a24102fa-eca9-4be3-9d0b-d45f015f0bac,false,[INV] input.gender == return.gender :: expected 'MALE' to deeply equal 'M/*ALE'
b047cc3e-e2f6-4925-8019-b6d8be62f21a,18975475-589d-49f1-890c-e80cb6c006f4,false,[INV] input.note == return.note :: expected 'Frequent buyer' to deeply equal 'EJEMPLO MAYUS'
b047cc3e-e2f6-4925-8019-b6d8be62f21a,c597ce7f-bb8b-46c4-9a77-387f2822cffa,true,
b047cc3e-e2f6-4925-8019-b6d8be62f21a,5ab459dc-f813-4726-ba2e-290a2bf56cec,true,
b047cc3e-e2f6-4925-8019-b6d8be62f21a,cb1f7238-c553-4794-83cf-199e002d5452,true,
b047cc3e-e2f6-4925-8019-b6d8be62f21a,ee7c4486-b10e-493d-a7fb-dbfefc91fa4b,false,"[INV] input.linkedin == return.contactDTO.linkedin :: expected 'https://linkedin.com/in/johndoe' to deeply equal 'https://linkedin.com/,in/johndoe'"
b047cc3e-e2f6-4925-8019-b6d8be62f21a,b69ab96f-ad17-43ff-a7b4-26097a91f5fc,true,
b047cc3e-e2f6-4925-8019-b6d8be62f21a,1622eff1-861c-4ff2-90bc-1538c23daf2d,false,[INV] input.address == return.addressDTO.address :: expected '456 High Road' to deeply equal '4_%rd&'
b047cc3e-e2f6-4925-8019-b6d8be62f21a,6eefe164-58a4-427e-8e97-c20ffa17cd24,false,[INV] input.address2 == return.addressDTO.address2 :: expected 'Building 5' to deeply equal '$LjC'
b047cc3e-e2f6-4925-8019-b6d8be62f21a,159ac09d-3883-4564-8011-01f13356b9ab,true,
b047cc3e-e2f6-4925-8019-b6d8be62f21a,051f4ae6-5368-4424-8fce-9f6c5fef2fa4,true,
b047cc3e-e2f6-4925-8019-b6d8be62f21a,2ae09b1c-27de-416f-ad58-c9a23f0260f7,false,"[INV] return.roles[] elements one of { ADMINISTRATOR, USER } :: expected false to be true"
b047cc3e-e2f6-4925-8019-b6d8be62f21a,6d6bdab4-53cd-4919-8473-dac25edfe9a5,true,
b047cc3e-e2f6-4925-8019-b6d8be62f21a,4f2f1a6b-2138-4a9e-a7c2-072b37a2796f,false,"[INV] return.permissions[] elements one of { ADMIN_USER_DATA, LOGIN, VIEW_PROFILE } :: expected false to be true"
0d4dc9a3-c00f-49b0-ab19-0851e2f1c9ef,a723ec79-587b-422c-a4a9-da8a9c0c5bb6,true,
0d4dc9a3-c00f-49b0-ab19-0851e2f1c9ef,3bb58c1f-b748-41be-97e2-2998a704a3c1,true,
0d4dc9a3-c00f-49b0-ab19-0851e2f1c9ef,7caef501-5f13-4093-8c46-277f5409540c,false,[INV] input.id == return.id :: expected 4 to deeply equal -241395
0d4dc9a3-c00f-49b0-ab19-0851e2f1c9ef,d90baccf-37db-46af-b5ed-7f47ca88f391,false,[INV] input.name == return.name :: expected 'Bob' to deeply equal 'b'
0d4dc9a3-c00f-49b0-ab19-0851e2f1c9ef,3dcdcebd-48f7-4742-92c0-5e1477467fb4,false,"[INV] input.surname == return.surname :: expected 'Smith' to deeply equal 'Smi´,th'"
0d4dc9a3-c00f-49b0-ab19-0851e2f1c9ef,40da6811-cf49-44a7-b582-85ff701867f5,false,[INV] input.gender == return.gender :: expected 'FEMALE' to deeply equal 'EJEMPLO MAYUS'
0d4dc9a3-c00f-49b0-ab19-0851e2f1c9ef,35418792-3b17-40f9-b1af-462c6763089c,true,
0d4dc9a3-c00f-49b0-ab19-0851e2f1c9ef,add94758-e6e2-4c5c-88da-a253bebf0cf6,false,[INV] input.note == return.note :: expected 'VIP customer' to deeply equal 'VIP cust*omer'
0d4dc9a3-c00f-49b0-ab19-0851e2f1c9ef,249a49d7-4bd1-4341-b359-3b87dc4b6038,true,
0d4dc9a3-c00f-49b0-ab19-0851e2f1c9ef,cd795a32-1362-4aa6-ae46-0419c0d60064,true,
0d4dc9a3-c00f-49b0-ab19-0851e2f1c9ef,48916284-3f43-4fc9-b417-f673db05211a,false,[INV] input.skype == return.contactDTO.skype :: expected 'alice.smith.skype' to deeply equal '&]U?|^]E!'
0d4dc9a3-c00f-49b0-ab19-0851e2f1c9ef,1ff90eb4-6ad5-4a0d-bbab-2af4ff3b5903,false,[INV] input.facebook == return.contactDTO.facebook :: expected 'https://facebook.com/john.doe' to deeply equal '&063W~M'
0d4dc9a3-c00f-49b0-ab19-0851e2f1c9ef,6b384081-9c5b-4c77-9115-8267b45dc0b5,false,[INV] input.linkedin == return.contactDTO.linkedin :: expected 'https://linkedin.com/in/johndoe' to deeply equal '?a'
0d4dc9a3-c00f-49b0-ab19-0851e2f1c9ef,b1a99e3e-1d33-4b9f-8b2b-d1cd9f4bece8,false,[INV] input.contactNote == return.contactDTO.contactNote :: expected 'Urgent contact only' to deeply equal '91z'
0d4dc9a3-c00f-49b0-ab19-0851e2f1c9ef,755ef582-4273-421d-aa1b-ac09189a45bd,true,
0d4dc9a3-c00f-49b0-ab19-0851e2f1c9ef,3b28d54b-f898-4b22-be79-477e058b527c,false,[INV] input.city == return.addressDTO.city :: expected 'New York' to deeply equal 'mH)'
0d4dc9a3-c00f-49b0-ab19-0851e2f1c9ef,c10f8c3d-8c7f-4a28-b40f-9991bb3429b0,true,
0d4dc9a3-c00f-49b0-ab19-0851e2f1c9ef,1310d899-e824-47a7-b49b-1cf799e45f2d,false,"[INV] return.permissions[] elements one of { ADMIN_USER_DATA, LOGIN, VIEW_PROFILE } :: expected false to be true"
b1d9579a-3e32-466c-8d9e-ee9a51235b8c,4ffc9a3d-7355-4e9d-8dc4-4e6cdc05d5d3,true,
b1d9579a-3e32-466c-8d9e-ee9a51235b8c,5a13c1ce-daa5-4e4a-aa6e-6688407d5703,true,
b1d9579a-3e32-466c-8d9e-ee9a51235b8c,b6e86bca-bf72-4a5c-a081-ada3ba33f1e0,false,[INV] input.id == return.id :: expected 5 to deeply equal -241395
b1d9579a-3e32-466c-8d9e-ee9a51235b8c,36d30c85-579d-485d-809e-234e1d5042a0,false,"[INV] input.surname == return.surname :: expected 'Doe' to deeply equal 'Doe´,'"
b1d9579a-3e32-466c-8d9e-ee9a51235b8c,e3876754-9d90-49e6-9c9b-8ea9182f6eea,true,
b1d9579a-3e32-466c-8d9e-ee9a51235b8c,9ffa3195-8322-4b3d-ba59-247b6da8fa9d,false,[INV] input.note == return.note :: expected 'VIP customer' to deeply equal 'C[FV0`yA'
b1d9579a-3e32-466c-8d9e-ee9a51235b8c,c5adbb01-805c-46f2-9015-75a951986acb,true,
b1d9579a-3e32-466c-8d9e-ee9a51235b8c,137e3d2b-c130-4e02-b0c0-2124ee2a166e,true,
b1d9579a-3e32-466c-8d9e-ee9a51235b8c,930818df-d763-447f-8e39-8d407a283476,false,[INV] input.facebook == return.contactDTO.facebook :: expected 'https://facebook.com/john.doe' to deeply equal '<w'
b1d9579a-3e32-466c-8d9e-ee9a51235b8c,3ae288ad-b03c-4a9b-95dd-fc6b5fac7b43,true,
b1d9579a-3e32-466c-8d9e-ee9a51235b8c,b303ba86-f764-42bc-a017-f1c1e87f363b,true,
b1d9579a-3e32-466c-8d9e-ee9a51235b8c,7b50753c-e243-48ed-a5fd-1efdca358f4c,false,"[INV] return.roles[] elements one of { ADMINISTRATOR, USER } :: expected false to be true"
b1d9579a-3e32-466c-8d9e-ee9a51235b8c,3151a4f4-f2b6-4342-825f-928dfcbd9392,false,"[INV] return.permissions[] elements one of { ADMIN_USER_DATA, LOGIN, VIEW_PROFILE } :: expected false to be true"
eb3da779-945a-46bf-9d33-8bd36877f6ee,1b96a73e-2075-48dd-b04e-03731d7e9049,true,
eb3da779-945a-46bf-9d33-8bd36877f6ee,17007521-ba98-4baa-886f-1fab3f12072f,true,
eb3da779-945a-46bf-9d33-8bd36877f6ee,ff036edd-2b4f-400b-8909-36f3743affb0,true,
eb3da779-945a-46bf-9d33-8bd36877f6ee,849200ab-b005-4cae-9241-33876502884f,false,[INV] input.id == return.id :: expected 7 to deeply equal -241395
eb3da779-945a-46bf-9d33-8bd36877f6ee,6bef7690-982b-46b0-8058-fb3636b79663,false,[INV] input.username == return.username :: expected 'alice1985' to deeply equal 'IVg4->'
eb3da779-945a-46bf-9d33-8bd36877f6ee,44b8fb02-1135-4243-85e6-eae56bc61e3e,false,[INV] input.name == return.name :: expected 'Alice' to deeply equal 'A´/lice'
eb3da779-945a-46bf-9d33-8bd36877f6ee,778ce8ca-dbc9-4d77-a099-e0a9c691310b,false,[INV] input.surname == return.surname :: expected 'Smith' to deeply equal 'ejemplo minus'
eb3da779-945a-46bf-9d33-8bd36877f6ee,606bfffc-e9aa-417b-82dc-7c899d3cb25d,true,
eb3da779-945a-46bf-9d33-8bd36877f6ee,df03b45a-9f83-46b7-b185-e2ac23eea4c9,false,[INV] input.note == return.note :: expected 'Handle with care' to deeply equal 'zQ;'
eb3da779-945a-46bf-9d33-8bd36877f6ee,40c954c4-3ab1-4f9c-82ca-99248fad3600,true,
eb3da779-945a-46bf-9d33-8bd36877f6ee,f9dd55b6-98f3-454d-8673-1e933d1a39a1,false,"[INV] input.skype == return.contactDTO.skype :: expected 'john.doe.skype' to deeply equal 'john.doe.skype´,'"
eb3da779-945a-46bf-9d33-8bd36877f6ee,77554a20-bc8d-4d3e-bfc4-0524c8d620a5,false,"[INV] input.contactNote == return.contactDTO.contactNote :: expected 'Preferred contact time: afternoon' to deeply equal 'Preferred contact ti,me: afternoon'"
eb3da779-945a-46bf-9d33-8bd36877f6ee,a1172898-0e05-47eb-9c5d-8dfccc817b21,true,
eb3da779-945a-46bf-9d33-8bd36877f6ee,d0fad7bc-29ca-43a0-b80e-e3e2c1ee22b8,false,[INV] input.address == return.addressDTO.address :: expected '123 Main Street' to deeply equal 'u!k'
eb3da779-945a-46bf-9d33-8bd36877f6ee,4c2120aa-958e-4724-8329-d8af710496ad,true,
eb3da779-945a-46bf-9d33-8bd36877f6ee,3d7f3e1c-954f-4681-9fad-ed2e10fdc7bf,false,"[INV] return.permissions[] elements one of { ADMIN_USER_DATA, LOGIN, VIEW_PROFILE } :: expected false to be true"
049b2516-dcbf-4cc7-870c-8674fd6bba18,2a8aa75c-65ab-4aa3-ab6d-54d01d392402,true,
049b2516-dcbf-4cc7-870c-8674fd6bba18,0ea8ef4b-ec58-4c97-91b8-bd77d4d406d7,true,
049b2516-dcbf-4cc7-870c-8674fd6bba18,4b3f5ad2-1d72-4d5f-9e12-d89907296da7,true,
049b2516-dcbf-4cc7-870c-8674fd6bba18,e1df13b7-3b0a-482c-a9a7-d15a3b1ca843,false,[INV] input.id == return.id :: expected 3 to deeply equal -241395
049b2516-dcbf-4cc7-870c-8674fd6bba18,1121092f-9296-4db8-aeab-9ff6d56679ce,false,[INV] input.name == return.name :: expected 'John' to deeply equal 'J´/ohn'
049b2516-dcbf-4cc7-870c-8674fd6bba18,abd4b980-3680-41c0-86ca-f4fe665379d4,false,"[INV] input.surname == return.surname :: expected 'Doe' to deeply equal 'Doe´,'"
049b2516-dcbf-4cc7-870c-8674fd6bba18,a72a5bf9-dce7-4008-bba9-3ab2399ba543,false,[INV] input.gender == return.gender :: expected 'MALE' to deeply equal 'EJEMPLO MAYUS'
049b2516-dcbf-4cc7-870c-8674fd6bba18,937ce6fe-0c62-4c21-946b-66b79609b225,false,[INV] input.enabled == return.enabled :: expected true to deeply equal false
049b2516-dcbf-4cc7-870c-8674fd6bba18,bf8d53e4-30f4-4838-ac8a-e7ece0b081d0,false,[INV] input.note == return.note :: expected 'Handle with care' to deeply equal 'EJEMPLO MAYUS'
049b2516-dcbf-4cc7-870c-8674fd6bba18,b07c4551-cd66-4b6c-a281-be6acb58fcdf,true,
049b2516-dcbf-4cc7-870c-8674fd6bba18,523812c4-73b5-47b2-a34c-61499ce966d8,false,[INV] input.skype == return.contactDTO.skype :: expected 'john.doe.skype' to deeply equal 'sqw2TMKJfB'
049b2516-dcbf-4cc7-870c-8674fd6bba18,e3014638-e6cf-4235-a7ef-a6a7c8af7dc7,false,[INV] input.linkedin == return.contactDTO.linkedin :: expected 'https://linkedin.com/in/alicesmith' to deeply equal 'ejemplo minus'
049b2516-dcbf-4cc7-870c-8674fd6bba18,78a70282-1d37-4472-a3bd-1cb2916a2174,false,"[INV] input.website == return.contactDTO.website :: expected 'https://example.org' to deeply equal 'os\""'"
049b2516-dcbf-4cc7-870c-8674fd6bba18,bae9b749-091f-4734-ad58-487b5bb0f24a,false,"[INV] input.contactNote == return.contactDTO.contactNote :: expected 'Preferred contact time: afternoon' to deeply equal 'Preferred conta,ct time: afternoon'"
049b2516-dcbf-4cc7-870c-8674fd6bba18,04101204-fab3-4107-8765-1973f2a86c5f,true,
049b2516-dcbf-4cc7-870c-8674fd6bba18,bb6a4a4e-da1a-474f-bdbb-8b9beb030d2d,false,[INV] input.address == return.addressDTO.address :: expected '123 Main Street' to deeply equal 'ejemplo minus'
049b2516-dcbf-4cc7-870c-8674fd6bba18,68757e31-2675-4023-b079-32d4ea121b0c,false,[INV] input.address2 == return.addressDTO.address2 :: expected 'Apt. 4B' to deeply equal 'ejemplo minus'
049b2516-dcbf-4cc7-870c-8674fd6bba18,7a464da7-aad9-4565-8135-fd5336cc4430,false,[INV] input.city == return.addressDTO.city :: expected 'London' to deeply equal 'V9bTYC)'
049b2516-dcbf-4cc7-870c-8674fd6bba18,4e190b53-3f72-4716-b2ce-43623b8f917f,false,[INV] input.country == return.addressDTO.country :: expected 'China' to deeply equal '/China'
049b2516-dcbf-4cc7-870c-8674fd6bba18,d3904a92-6f3f-4dd2-a7ba-def9bc913848,false,"[INV] input.zipCode == return.addressDTO.zipCode :: expected 'SW1A 1AA' to deeply equal 'SW1*,A 1AA'"
049b2516-dcbf-4cc7-870c-8674fd6bba18,b1fb3544-d4d3-4313-bbf9-f618a427378c,true,
049b2516-dcbf-4cc7-870c-8674fd6bba18,edfa35ef-882f-48b6-90eb-3ee017ff87b8,true,
049b2516-dcbf-4cc7-870c-8674fd6bba18,290553ea-3d81-4fc9-b11e-e6a54f444f32,false,"[INV] return.permissions[] elements one of { ADMIN_USER_DATA, LOGIN, VIEW_PROFILE } :: expected false to be true"
46d70dbe-351b-474c-9de8-89eca04872f7,1fe6fe08-d9df-49d2-90c0-632c2c07dc1a,true,
46d70dbe-351b-474c-9de8-89eca04872f7,71d85065-1008-4a58-a96f-21b1141ec987,true,
46d70dbe-351b-474c-9de8-89eca04872f7,0a4c5902-be65-4561-9797-a7ff30c6d2ba,false,[INV] input.name == return.name :: expected 'Alice' to deeply equal 'A´/lice'
46d70dbe-351b-474c-9de8-89eca04872f7,2e166c67-4b9b-4b3b-a914-63c19dd42c8f,true,
46d70dbe-351b-474c-9de8-89eca04872f7,663d2e02-606c-449b-b421-b90bb3d4faad,false,[INV] input.note == return.note :: expected 'Handle with care' to deeply equal 'EJEMPLO MAYUS'
46d70dbe-351b-474c-9de8-89eca04872f7,56e65792-2fef-4f9e-9520-e7ef89c3674e,true,
46d70dbe-351b-474c-9de8-89eca04872f7,9109d289-bd83-448c-8c6d-6fa0ad4ae6ae,true,
46d70dbe-351b-474c-9de8-89eca04872f7,2df00230-a4e9-49df-a08f-4419e5b94401,true,
46d70dbe-351b-474c-9de8-89eca04872f7,e5c5bc3c-0378-41dd-9e6e-15c53d64ca8c,true,
46d70dbe-351b-474c-9de8-89eca04872f7,b46ebae4-4932-47ab-a98a-2cfcd14aa2f1,false,"[INV] input.facebook == return.contactDTO.facebook :: expected 'https://facebook.com/test.user' to deeply equal 'https://facebook.co,m/test.user'"
46d70dbe-351b-474c-9de8-89eca04872f7,168f0e98-f678-4ec8-8ec5-0bf943b39a73,false,[INV] input.website == return.contactDTO.website :: expected 'https://example.org' to deeply equal '>pIF'
46d70dbe-351b-474c-9de8-89eca04872f7,cd2b3e97-2ef5-4a4a-aa2c-9df51fd928ee,true,
46d70dbe-351b-474c-9de8-89eca04872f7,e0354ab3-75ef-4b0b-8dd0-ee11220f0337,false,[INV] input.address == return.addressDTO.address :: expected '456 High Road' to deeply equal 'ejemplo minus'
46d70dbe-351b-474c-9de8-89eca04872f7,6275b740-e9c5-454b-a228-ecf228de9a7b,false,[INV] input.address2 == return.addressDTO.address2 :: expected 'Building 5' to deeply equal 'mMW\'7po\'
46d70dbe-351b-474c-9de8-89eca04872f7,24da0537-cbf8-4232-b6e0-c47a7226d3d9,true,
46d70dbe-351b-474c-9de8-89eca04872f7,b51be3b9-dda3-4cfe-8a04-551ebc9d98f3,true,
46d70dbe-351b-474c-9de8-89eca04872f7,092d301e-69ae-4947-8577-48174319cac7,false,"[INV] return.roles[] elements one of { ADMINISTRATOR, USER } :: expected false to be true"
46d70dbe-351b-474c-9de8-89eca04872f7,d401aa5a-2d28-4b7a-85c7-879d38b55211,false,"[INV] size(return.permissions[]) one of { 2, 3 } :: expected false to be true"
46d70dbe-351b-474c-9de8-89eca04872f7,3a06d9b8-c288-42a7-8bac-b233cbc6dd3a,false,"[INV] return.permissions[] elements one of { ADMIN_USER_DATA, LOGIN, VIEW_PROFILE } :: expected false to be true"
46d70dbe-351b-474c-9de8-89eca04872f7,5f852137-5020-4cd0-9868-1fd7a8aee1b1,false,"[INV] return.permissions[] elements one of { ADMIN_USER_DATA, LOGIN, VIEW_PROFILE } :: expected false to be true"
b86d6522-2f7b-44fa-bad8-70629643c6db,98fe4fec-df9e-445d-8184-53a69bc44c44,true,
b86d6522-2f7b-44fa-bad8-70629643c6db,a51bf1c8-729d-493c-819d-f3d08a7a42a9,true,
b86d6522-2f7b-44fa-bad8-70629643c6db,917ef05d-5779-4752-9ecc-674b69d87112,false,[INV] input.name == return.name :: expected 'Bob' to deeply equal 'a'
b86d6522-2f7b-44fa-bad8-70629643c6db,f2e498c5-505b-4ccb-b955-c0b350e09396,true,
b86d6522-2f7b-44fa-bad8-70629643c6db,2a84411a-fdd9-4488-ac68-902a2fc1e4d1,true,
b86d6522-2f7b-44fa-bad8-70629643c6db,2ebf649b-174d-46eb-a568-56c92b3c647d,false,[INV] input.skype == return.contactDTO.skype :: expected 'user123.skype' to deeply equal '1%XKM'
b86d6522-2f7b-44fa-bad8-70629643c6db,90414123-f1b8-4a76-9d82-8e573ef339a6,true,
b86d6522-2f7b-44fa-bad8-70629643c6db,d094f418-21aa-480f-99a7-22067bda539e,true,
b86d6522-2f7b-44fa-bad8-70629643c6db,55e3fbc2-7101-49fc-959b-4658760919d1,false,"[INV] input.website == return.contactDTO.website :: expected 'https://alicesmith.me' to deeply equal 'http,s://alicesmith.me'"
b86d6522-2f7b-44fa-bad8-70629643c6db,8e97e4cd-ef4f-4417-b526-08dd08d2e07e,false,"[INV] input.contactNote == return.contactDTO.contactNote :: expected 'Preferred contact time: afternoon' to deeply equal '3\gj""</'"
b86d6522-2f7b-44fa-bad8-70629643c6db,1af55dcc-2c41-41f6-a283-c02c7341bcaf,true,
b86d6522-2f7b-44fa-bad8-70629643c6db,6e3d2755-164f-435d-bb79-b98388b683c3,true,
b86d6522-2f7b-44fa-bad8-70629643c6db,573a165a-4134-4291-a5ab-89dde4e9c7e4,false,[INV] input.city == return.addressDTO.city :: expected 'Beijing' to deeply equal 'ejemplo minus'
b86d6522-2f7b-44fa-bad8-70629643c6db,63a5c1f8-86da-49ac-b12d-9fe1cbb4683a,true,
b86d6522-2f7b-44fa-bad8-70629643c6db,ac7565d8-21ce-418e-a048-7ac258535971,true,
b86d6522-2f7b-44fa-bad8-70629643c6db,36e5b454-c6c5-4605-afa6-9ebb0d9e0836,true,
b86d6522-2f7b-44fa-bad8-70629643c6db,bf3590eb-1830-423c-a2f1-06a640d97c77,false,"[INV] return.roles[] elements one of { ADMINISTRATOR, USER } :: expected false to be true"
b86d6522-2f7b-44fa-bad8-70629643c6db,0d98d107-cbec-4047-91a5-24f861cb6dba,false,"[INV] return.roles[] elements one of { ADMINISTRATOR, USER } :: expected false to be true"
b86d6522-2f7b-44fa-bad8-70629643c6db,3119ae06-860c-4552-b46d-bb89cf924187,false,"[INV] return.permissions[] elements one of { ADMIN_USER_DATA, LOGIN, VIEW_PROFILE } :: expected false to be true"
b86d6522-2f7b-44fa-bad8-70629643c6db,5faf802a-1c77-4fdc-8efe-b01e3a4984b4,false,"[INV] return.permissions[] elements one of { ADMIN_USER_DATA, LOGIN, VIEW_PROFILE } :: expected false to be true"
848db946-0b0e-435f-adaf-24972bd4a89a,a694cc7b-29d7-4f14-bb38-de05b76af70c,true,
848db946-0b0e-435f-adaf-24972bd4a89a,a297333f-745d-4204-853c-38a2c3fd8b49,true,
848db946-0b0e-435f-adaf-24972bd4a89a,478d60bc-099e-4d9f-bdc1-d1fb726bfe79,true,
848db946-0b0e-435f-adaf-24972bd4a89a,43a954da-840d-442b-8295-0bd3a8e25b87,false,[INV] input.name == return.name :: expected 'Bob' to deeply equal 'N'
848db946-0b0e-435f-adaf-24972bd4a89a,616aecac-cb03-4cd0-82c5-3a8a57bfa621,false,[INV] input.gender == return.gender :: expected 'FEMALE' to deeply equal 'EJEMPLO MAYUS'
848db946-0b0e-435f-adaf-24972bd4a89a,947bd324-3c79-4dde-809d-91944de07088,false,[INV] input.enabled == return.enabled :: expected true to deeply equal false
848db946-0b0e-435f-adaf-24972bd4a89a,4c33abb8-87e7-4fe3-912e-7c0110f09491,false,[INV] input.note == return.note :: expected 'Handle with care' to deeply equal 'Handle with care*'
848db946-0b0e-435f-adaf-24972bd4a89a,c648c655-88ec-4eba-a7b7-4c6db673ad28,true,
848db946-0b0e-435f-adaf-24972bd4a89a,a56c0fff-b9d6-4b93-a673-51e24616d15b,true,
848db946-0b0e-435f-adaf-24972bd4a89a,74c447b0-bc58-40c6-9a94-1168975923f4,false,"[INV] input.facebook == return.contactDTO.facebook :: expected 'https://facebook.com/alice.smith' to deeply equal 'https://facebook.com/alice,.smith'"
848db946-0b0e-435f-adaf-24972bd4a89a,a55b2d7a-0ffa-4e89-86f7-ed546516a7b3,false,[INV] input.linkedin == return.contactDTO.linkedin :: expected 'https://linkedin.com/in/testuser' to deeply equal 'I> 2I=D'
848db946-0b0e-435f-adaf-24972bd4a89a,9e05c210-437f-4231-8afc-ea776dd057ab,true,
848db946-0b0e-435f-adaf-24972bd4a89a,a5c0e997-ee70-42d2-8be3-ae47a0fb9f94,false,[INV] input.contactNote == return.contactDTO.contactNote :: expected 'Preferred contact time: afternoon' to deeply equal '+x'
848db946-0b0e-435f-adaf-24972bd4a89a,c8465fb6-37f7-4a41-9078-b0cd36a52a3c,false,[INV] input.address == return.addressDTO.address :: expected '456 High Road' to deeply equal 'HeSiC#H0p'
848db946-0b0e-435f-adaf-24972bd4a89a,e118d6b5-340d-4719-a4cb-093e6ac8f31f,true,
848db946-0b0e-435f-adaf-24972bd4a89a,dbc8dacd-6895-4eda-b40f-2bc229ebe402,false,[INV] input.city == return.addressDTO.city :: expected 'London' to deeply equal '/London'
848db946-0b0e-435f-adaf-24972bd4a89a,9eba0791-cc12-4009-a525-005b48ba3699,false,[INV] input.country == return.addressDTO.country :: expected 'China' to deeply equal 'EJEMPLO MAYUS'
848db946-0b0e-435f-adaf-24972bd4a89a,fd9198cb-cfda-454c-9067-85a413cee419,false,"[INV] return.roles[] elements one of { ADMINISTRATOR, USER } :: expected false to be true"
848db946-0b0e-435f-adaf-24972bd4a89a,d2468121-6fee-4fc4-bac2-ad6be30076f7,false,"[INV] size(return.permissions[]) one of { 2, 3 } :: expected false to be true"
d474634f-6919-4410-9c9f-dc0e0e82b114,5f59041d-05ca-455b-bce4-ae41e9294b26,true,
d474634f-6919-4410-9c9f-dc0e0e82b114,dd4f44a6-50d7-4b77-bf1d-4c9327d8be1e,true,
d474634f-6919-4410-9c9f-dc0e0e82b114,78d5f658-35d4-4bdb-a1c9-ff59f9abb6f3,false,[INV] input.id == return.id :: expected 2 to deeply equal -241395
d474634f-6919-4410-9c9f-dc0e0e82b114,829ae5bd-38a9-4acb-9f8b-cc52cf63e267,false,"[INV] input.username == return.username :: expected 'johndoe90' to deeply equal 'john/,doe90'"
d474634f-6919-4410-9c9f-dc0e0e82b114,74a2f5eb-3194-404b-aa70-e9eb72e5bc90,false,[INV] input.name == return.name :: expected 'John' to deeply equal '2'
d474634f-6919-4410-9c9f-dc0e0e82b114,c452c848-befd-4c75-b770-ad1703bf42d0,false,"[INV] input.surname == return.surname :: expected 'Doe' to deeply equal 'Doe´,'"
d474634f-6919-4410-9c9f-dc0e0e82b114,c331218e-ddc6-4858-bdd1-5572ae7fdf8f,false,[INV] input.gender == return.gender :: expected 'MALE' to deeply equal 'M/*ALE'
d474634f-6919-4410-9c9f-dc0e0e82b114,751cb815-5126-4b4f-b602-e0cbc56f8dfe,false,[INV] input.enabled == return.enabled :: expected true to deeply equal false
d474634f-6919-4410-9c9f-dc0e0e82b114,f5d60f04-7526-4928-b14e-f2306569e923,false,[INV] input.note == return.note :: expected 'Frequent buyer' to deeply equal 'Frequent buyer*'
d474634f-6919-4410-9c9f-dc0e0e82b114,f19f4445-add4-4f00-b5e9-ea409c6794b4,true,
d474634f-6919-4410-9c9f-dc0e0e82b114,6031d39f-f5ea-46c4-8383-703f4e87dc5a,false,[INV] input.skype == return.contactDTO.skype :: expected 'alice.smith.skype' to deeply equal 'B6e0DhQV6J'
d474634f-6919-4410-9c9f-dc0e0e82b114,1d63ec96-0590-4ccf-92d2-e19e0bd7d64c,true,
d474634f-6919-4410-9c9f-dc0e0e82b114,1fc79136-f09a-4482-9362-2f92d8548120,false,[INV] input.linkedin == return.contactDTO.linkedin :: expected 'https://linkedin.com/in/johndoe' to deeply equal 'ejemplo minus'
d474634f-6919-4410-9c9f-dc0e0e82b114,eaa5fd4f-e9a8-4074-b392-90335ae32d05,false,[INV] input.website == return.contactDTO.website :: expected 'https://example.org' to deeply equal '7'
d474634f-6919-4410-9c9f-dc0e0e82b114,5ecff563-505c-4cca-9543-76ead1deb5aa,true,
d474634f-6919-4410-9c9f-dc0e0e82b114,63ef68f0-2d57-471c-bd21-2482ea3240a6,false,[INV] input.address == return.addressDTO.address :: expected '456 High Road' to deeply equal 'Sj'
d474634f-6919-4410-9c9f-dc0e0e82b114,d7e417ca-6968-4764-8bfa-9153500e4e4c,true,
d474634f-6919-4410-9c9f-dc0e0e82b114,94261dd1-92fb-49ff-b4c2-c91a375354c8,false,[INV] input.city == return.addressDTO.city :: expected 'Beijing' to deeply equal 'Beij*ing'
d474634f-6919-4410-9c9f-dc0e0e82b114,a74836c8-f181-4962-a240-d7e0212bc004,false,[INV] input.country == return.addressDTO.country :: expected 'China' to deeply equal 'gRG*=-'
d474634f-6919-4410-9c9f-dc0e0e82b114,c60be4b2-2178-4c2a-9212-28ff0137ba95,false,"[INV] return.roles[] elements one of { ADMINISTRATOR, USER } :: expected false to be true"
d474634f-6919-4410-9c9f-dc0e0e82b114,4a97cbb9-059a-482d-8916-7007b83fcb3d,false,"[INV] return.permissions[] elements one of { ADMIN_USER_DATA, LOGIN, VIEW_PROFILE } :: expected false to be true"
88536762-9d5f-4380-a129-9587d02f0fcb,f72dcb81-16c8-499a-b989-32e35a39bf8e,true,
88536762-9d5f-4380-a129-9587d02f0fcb,fc1fa6bd-4b8d-420d-b9b4-c41c0f304a06,true,
88536762-9d5f-4380-a129-9587d02f0fcb,89ad3661-d7aa-46f7-a325-860f60894567,true,
88536762-9d5f-4380-a129-9587d02f0fcb,b6bde166-5bd0-45e6-85e8-0f16b9b8dcd3,false,[INV] input.username == return.username :: expected 'johndoe90' to deeply equal '6'
88536762-9d5f-4380-a129-9587d02f0fcb,841253d0-c087-469f-a47b-415218e28e93,false,[INV] input.name == return.name :: expected 'Bob' to deeply equal 'x:'
88536762-9d5f-4380-a129-9587d02f0fcb,b6087c9d-3a28-4a7d-a206-a45c2973aace,false,[INV] input.gender == return.gender :: expected 'FEMALE' to deeply equal 'FEM/*ALE'
88536762-9d5f-4380-a129-9587d02f0fcb,aaff0068-0da2-4e67-8ac2-55ff674a2ad0,false,[INV] input.note == return.note :: expected 'Handle with care' to deeply equal '/*Handle with care'
88536762-9d5f-4380-a129-9587d02f0fcb,609fc3b0-371e-45df-90da-ead7c12ed299,false,[INV] input.facebook == return.contactDTO.facebook :: expected 'https://facebook.com/test.user' to deeply equal 'EJEMPLO MAYUS'
88536762-9d5f-4380-a129-9587d02f0fcb,5add8c35-d7e6-439b-b3f3-2c294c63a281,false,"[INV] input.linkedin == return.contactDTO.linkedin :: expected 'https://linkedin.com/in/johndoe' to deeply equal 'https://linkedin.com/,in/johndoe'"
88536762-9d5f-4380-a129-9587d02f0fcb,3949ce15-7b1d-4d78-bd2b-183adc485c3b,true,
88536762-9d5f-4380-a129-9587d02f0fcb,8216798c-b4bc-4a1c-9bb4-c4bdb5aa3fc9,false,"[INV] input.address == return.addressDTO.address :: expected '123 Main Street' to deeply equal '123 M/,ain Street'"
88536762-9d5f-4380-a129-9587d02f0fcb,d715ac30-2d02-4a37-a30d-df1f389c434b,true,
88536762-9d5f-4380-a129-9587d02f0fcb,8a678a3e-5725-4d0c-8529-4e632b7a3ee4,true,
88536762-9d5f-4380-a129-9587d02f0fcb,eec0e4ef-d62e-4ce5-808f-b7f643c92f38,false,"[INV] return.roles[] elements one of { ADMINISTRATOR, USER } :: expected false to be true"
88536762-9d5f-4380-a129-9587d02f0fcb,2642484b-bf31-4d72-9ead-853f43542a45,false,"[INV] size(return.permissions[]) one of { 2, 3 } :: expected false to be true"
88536762-9d5f-4380-a129-9587d02f0fcb,38563817-f730-465b-930e-6d66247a2983,false,"[INV] return.permissions[] elements one of { ADMIN_USER_DATA, LOGIN, VIEW_PROFILE } :: expected false to be true"
88536762-9d5f-4380-a129-9587d02f0fcb,2d69a83a-4fd4-4b4e-b081-474b7f5075d4,false,"[INV] return.permissions[] elements one of { ADMIN_USER_DATA, LOGIN, VIEW_PROFILE } :: expected false to be true"
55f71479-841d-4686-8605-0734e43112c4,483ab0a6-3c0e-428f-921f-733a0b8a4b65,true,
55f71479-841d-4686-8605-0734e43112c4,1f2920af-6979-43f8-9c1e-18b894b19f18,true,
55f71479-841d-4686-8605-0734e43112c4,abb0565e-b3f8-4016-b9ad-9f2580c9112b,true,
55f71479-841d-4686-8605-0734e43112c4,956688ea-8eac-4646-9291-8b035631dbeb,false,[INV] input.name == return.name :: expected 'John' to deeply equal 'J´/ohn'
55f71479-841d-4686-8605-0734e43112c4,e5f336c8-1a61-4266-a4cd-e66a2fb2a729,true,
55f71479-841d-4686-8605-0734e43112c4,2a5f5c3d-3a74-4daf-a5db-6ebcbd3e88b3,true,
55f71479-841d-4686-8605-0734e43112c4,efdd61b8-7353-4058-a016-edb567da6e13,false,[INV] input.note == return.note :: expected 'Handle with care' to deeply equal 'EJEMPLO MAYUS'
55f71479-841d-4686-8605-0734e43112c4,59abd684-15e8-4d1a-8ab9-fab128116773,true,
55f71479-841d-4686-8605-0734e43112c4,e6975c28-746b-4100-ab68-c15b5e32ce00,false,[INV] input.linkedin == return.contactDTO.linkedin :: expected 'https://linkedin.com/in/alicesmith' to deeply equal 'wDGhrxppQR'
55f71479-841d-4686-8605-0734e43112c4,647a07f3-cf17-45d1-b29d-20afc2400951,false,[INV] input.address == return.addressDTO.address :: expected '123 Main Street' to deeply equal 'ejemplo minus'
55f71479-841d-4686-8605-0734e43112c4,9f7bd57e-de52-4658-b211-b4bb6523205c,false,[INV] input.address2 == return.addressDTO.address2 :: expected 'Apt. 4B' to deeply equal '´Apt. 4B'
55f71479-841d-4686-8605-0734e43112c4,81c4e8d6-41a5-4db8-8500-bad566a6f632,false,[INV] input.city == return.addressDTO.city :: expected 'London' to deeply equal 'Px8N'
55f71479-841d-4686-8605-0734e43112c4,16742596-f72c-442b-9913-889381b1c38f,false,[INV] input.country == return.addressDTO.country :: expected 'UK' to deeply equal '&1'
55f71479-841d-4686-8605-0734e43112c4,602d2c4e-ba64-4c98-b799-7a64aadcc152,true,
55f71479-841d-4686-8605-0734e43112c4,0819c8b3-feaa-4608-be3f-2d72f77b4f3e,false,"[INV] return.roles[] elements one of { ADMINISTRATOR, USER } :: expected false to be true"
55f71479-841d-4686-8605-0734e43112c4,03ce1d2a-0095-4707-a1b6-f79bf50d753b,false,"[INV] return.permissions[] elements one of { ADMIN_USER_DATA, LOGIN, VIEW_PROFILE } :: expected false to be true"
1a32b2ee-62e2-4388-a6fc-10d59fd4d54b,261212fb-dcdf-4905-b0bd-694712f249df,true,
1a32b2ee-62e2-4388-a6fc-10d59fd4d54b,bae0dc23-4c56-4fe2-b03f-a0921830bf73,true,
1a32b2ee-62e2-4388-a6fc-10d59fd4d54b,d829c1f7-c663-4bd1-8fed-e821ac003f43,false,[INV] input.username == return.username :: expected 'testuser123' to deeply equal 'K+nf_4|Re'
1a32b2ee-62e2-4388-a6fc-10d59fd4d54b,6617d94d-86bd-4206-ac73-c2fa750ea9b2,false,[INV] input.note == return.note :: expected 'VIP customer' to deeply equal 'EJEMPLO MAYUS'
1a32b2ee-62e2-4388-a6fc-10d59fd4d54b,7eaf1c03-700a-4469-bd76-f2885fa9fa77,true,
1a32b2ee-62e2-4388-a6fc-10d59fd4d54b,2834ea6d-0b92-42bd-a109-fad13127ec0a,true,
1a32b2ee-62e2-4388-a6fc-10d59fd4d54b,3fd01d77-b985-4de4-9f08-189ffe2cb008,false,[INV] input.skype == return.contactDTO.skype :: expected 'john.doe.skype' to deeply equal 'bOLL'
1a32b2ee-62e2-4388-a6fc-10d59fd4d54b,47df78f1-4d4c-4f48-abc8-38dcf5ff7037,false,[INV] input.facebook == return.contactDTO.facebook :: expected 'https://facebook.com/john.doe' to deeply equal '73`LERX@t'
1a32b2ee-62e2-4388-a6fc-10d59fd4d54b,ec57d35f-a237-42ef-843b-c7dc2b5a4c19,false,[INV] input.website == return.contactDTO.website :: expected 'https://example.org' to deeply equal '#uK:/9'
1a32b2ee-62e2-4388-a6fc-10d59fd4d54b,688d000e-36b3-4fd2-95fe-dc71c29fd061,false,"[INV] input.contactNote == return.contactDTO.contactNote :: expected 'Preferred contact time: afternoon' to deeply equal 'Preferred conta,ct time: afternoon'"
1a32b2ee-62e2-4388-a6fc-10d59fd4d54b,d5e23739-b4e1-4ddb-b5d6-b4ede4e94a25,false,[INV] input.address == return.addressDTO.address :: expected '123 Main Street' to deeply equal '-==s E'
1a32b2ee-62e2-4388-a6fc-10d59fd4d54b,518fe6b0-c5ad-456a-8076-08baac0e4005,true,
1a32b2ee-62e2-4388-a6fc-10d59fd4d54b,b527e0fb-0196-4847-8027-09827590bb8d,true,
1a32b2ee-62e2-4388-a6fc-10d59fd4d54b,fd53dc34-7bc9-4251-924c-64ca79d47c00,false,"[INV] return.permissions[] elements one of { ADMIN_USER_DATA, LOGIN, VIEW_PROFILE } :: expected false to be true"
1a32b2ee-62e2-4388-a6fc-10d59fd4d54b,61215c4f-144e-442e-9c96-5dabc652b5ca,false,"[INV] return.permissions[] elements one of { ADMIN_USER_DATA, LOGIN, VIEW_PROFILE } :: expected false to be true"
147eef42-f6ed-4136-8f9b-d064a9da083c,bd2774cc-bd97-4e79-bbe4-9f7a5227c40f,true,
147eef42-f6ed-4136-8f9b-d064a9da083c,1d8087ac-778d-49cc-ae68-52c975fa92fb,true,
147eef42-f6ed-4136-8f9b-d064a9da083c,79039ab2-c20c-4fa2-93be-8c81547b68db,false,[INV] input.name == return.name :: expected 'Bob' to deeply equal 'b467'
147eef42-f6ed-4136-8f9b-d064a9da083c,e8668c2f-9a53-4edd-ab90-d9c34ed05eb5,false,[INV] input.surname == return.surname :: expected 'Zhang' to deeply equal 'ejemplo minus'
147eef42-f6ed-4136-8f9b-d064a9da083c,e6348cae-709b-4a71-b5b8-013a1dad1e82,true,
147eef42-f6ed-4136-8f9b-d064a9da083c,5eb79cd1-e435-4a5b-a005-30b644304416,true,
147eef42-f6ed-4136-8f9b-d064a9da083c,4597e971-32a9-4d50-9b9b-8a35bee0aebf,false,[INV] input.skype == return.contactDTO.skype :: expected 'john.doe.skype' to deeply equal '#)b!l!Elg'
147eef42-f6ed-4136-8f9b-d064a9da083c,b90c51f2-1668-4ab1-a390-a857a387c343,true,
147eef42-f6ed-4136-8f9b-d064a9da083c,bb6e04fc-1eff-4673-a452-643d58b450ba,false,"[INV] input.country == return.addressDTO.country :: expected 'China' to deeply equal '/,China'"
147eef42-f6ed-4136-8f9b-d064a9da083c,fc4f52ba-1636-42f9-b709-6f9258768bc4,false,"[INV] input.zipCode == return.addressDTO.zipCode :: expected '100000' to deeply equal '1000*,00'"
147eef42-f6ed-4136-8f9b-d064a9da083c,dee9c15f-8700-439b-80b6-efc1dac247dd,true,
147eef42-f6ed-4136-8f9b-d064a9da083c,424f777c-175e-468a-9a03-0b2bbb941f82,false,"[INV] return.permissions[] elements one of { ADMIN_USER_DATA, LOGIN, VIEW_PROFILE } :: expected false to be true"
147eef42-f6ed-4136-8f9b-d064a9da083c,ae75161e-96ae-46d9-938d-24e6f1cc1bfd,false,"[INV] return.permissions[] elements one of { ADMIN_USER_DATA, LOGIN, VIEW_PROFILE } :: expected false to be true"
5f10ca28-33b8-402c-9f58-d5c77a0614c4,31f2ef3a-5a6e-44b6-9fee-93f8659a3a61,true,
5f10ca28-33b8-402c-9f58-d5c77a0614c4,e74442f3-94f1-4ae0-86a6-ff05b6098a8c,true,
5f10ca28-33b8-402c-9f58-d5c77a0614c4,4ba89e4f-72cd-447c-99e0-21fb45f8ac06,false,"[INV] input.username == return.username :: expected 'testuser123' to deeply equal 'testuser12/,3'"
5f10ca28-33b8-402c-9f58-d5c77a0614c4,5e37d0ae-4e06-4f52-b5ea-09066406fb9c,false,[INV] input.name == return.name :: expected 'Alice' to deeply equal 'A´/lice'
5f10ca28-33b8-402c-9f58-d5c77a0614c4,cfad7971-ce12-41d8-9f65-c297f16a96a9,true,
5f10ca28-33b8-402c-9f58-d5c77a0614c4,282d7730-875b-4d65-883e-f4c169b1418e,true,
5f10ca28-33b8-402c-9f58-d5c77a0614c4,e3dfc283-42a9-47eb-b3fd-a84042c4d920,false,[INV] input.skype == return.contactDTO.skype :: expected 'alice.smith.skype' to deeply equal 'Gzewx%'
5f10ca28-33b8-402c-9f58-d5c77a0614c4,218406cb-b38d-489a-b2cf-eed6c7b5ab01,false,[INV] input.facebook == return.contactDTO.facebook :: expected 'https://facebook.com/alice.smith' to deeply equal 'SN>2z'
5f10ca28-33b8-402c-9f58-d5c77a0614c4,efb247fc-2470-419b-9141-cce385ea9c05,false,"[INV] input.contactNote == return.contactDTO.contactNote :: expected 'Urgent contact only' to deeply equal 'Urge´,nt contact only'"
5f10ca28-33b8-402c-9f58-d5c77a0614c4,044955e5-2062-480a-964d-ae058eac5255,false,[INV] input.address2 == return.addressDTO.address2 :: expected 'Suite 210' to deeply equal 'ejemplo minus'
5f10ca28-33b8-402c-9f58-d5c77a0614c4,56d39285-9e45-44cb-b387-26c65c56b3df,true,
5f10ca28-33b8-402c-9f58-d5c77a0614c4,0833aa68-62b9-47d8-9efd-af3fb414f71d,false,"[INV] input.zipCode == return.addressDTO.zipCode :: expected '10001' to deeply equal '/,10001'"
5f10ca28-33b8-402c-9f58-d5c77a0614c4,fd49f917-21cd-4cfd-b373-7749a340a5e1,false,"[INV] return.roles[] elements one of { ADMINISTRATOR, USER } :: expected false to be true"
5f10ca28-33b8-402c-9f58-d5c77a0614c4,5c775b0a-529c-4b2f-9ec7-6e7514303289,true,
5f10ca28-33b8-402c-9f58-d5c77a0614c4,957106bd-e25e-43cb-a4ae-6096d85a4601,false,"[INV] return.permissions[] elements one of { ADMIN_USER_DATA, LOGIN, VIEW_PROFILE } :: expected false to be true"
5f10ca28-33b8-402c-9f58-d5c77a0614c4,b738e94b-454b-490b-9e10-cd852d51f14e,false,"[INV] return.permissions[] elements one of { ADMIN_USER_DATA, LOGIN, VIEW_PROFILE } :: expected false to be true"
fabfcf15-2853-4df4-a0f3-f5f79e8e0229,283a176a-2970-4b0a-b894-32bb1a3eddec,true,
fabfcf15-2853-4df4-a0f3-f5f79e8e0229,4bedef43-5746-44b0-977b-82ad02790d57,true,
fabfcf15-2853-4df4-a0f3-f5f79e8e0229,d0d0bf68-9905-4152-adf3-4a59f82e4233,false,[INV] input.id == return.id :: expected 4 to deeply equal -241395
fabfcf15-2853-4df4-a0f3-f5f79e8e0229,d9352fec-c088-4071-9d5f-a9bf6a27251d,false,[INV] input.username == return.username :: expected 'johndoe90' to deeply equal 'wvAHu+Y'
fabfcf15-2853-4df4-a0f3-f5f79e8e0229,c11dfc24-ff72-4832-b0ce-bc3d66c21f37,false,[INV] input.name == return.name :: expected 'John' to deeply equal 't'
fabfcf15-2853-4df4-a0f3-f5f79e8e0229,2a5cd48a-9d01-4066-bd69-233216f8ccf0,true,
fabfcf15-2853-4df4-a0f3-f5f79e8e0229,39d32173-7bff-429d-9217-278a6b15b32f,false,[INV] input.note == return.note :: expected 'Handle with care' to deeply equal 'EJEMPLO MAYUS'
fabfcf15-2853-4df4-a0f3-f5f79e8e0229,6ef4b69e-03ab-455e-b828-74c4bc3fad06,true,
fabfcf15-2853-4df4-a0f3-f5f79e8e0229,7eaefb3f-e5d6-44a6-94cc-22d134bf4a73,true,
fabfcf15-2853-4df4-a0f3-f5f79e8e0229,efd14e18-75e0-4377-bb4d-df58bf80c75c,true,
fabfcf15-2853-4df4-a0f3-f5f79e8e0229,0da48668-eb15-496c-80a5-61a73d17c0f0,false,"[INV] input.website == return.contactDTO.website :: expected 'https://example.org' to deeply equal 'http*,s://example.org'"
fabfcf15-2853-4df4-a0f3-f5f79e8e0229,73df0053-f052-43aa-9296-55379fde37e0,false,[INV] input.contactNote == return.contactDTO.contactNote :: expected 'Urgent contact only' to deeply equal 'EJEMPLO MAYUS'
fabfcf15-2853-4df4-a0f3-f5f79e8e0229,ba9ec01f-08da-48e0-9e71-470b9047ced0,true,
fabfcf15-2853-4df4-a0f3-f5f79e8e0229,9ce5b045-88a2-4388-a328-a753b23e4366,false,[INV] input.address == return.addressDTO.address :: expected '123 Main Street' to deeply equal 'ejemplo minus'
fabfcf15-2853-4df4-a0f3-f5f79e8e0229,2a3b390f-ad08-48b1-9e29-36910eeac0ec,true,
fabfcf15-2853-4df4-a0f3-f5f79e8e0229,86a6498c-1eb5-46da-8672-63c554b0ca4b,true,
fabfcf15-2853-4df4-a0f3-f5f79e8e0229,d62ed98e-0ca8-447b-ac22-6434fbf183c8,false,"[INV] return.roles[] elements one of { ADMINISTRATOR, USER } :: expected false to be true"
fabfcf15-2853-4df4-a0f3-f5f79e8e0229,c10f0615-c422-4c7a-94a2-bb1212bb4f92,true,
c819625f-281e-41ed-a49d-b7d67eff6ee7,7a490680-6ae8-4bc1-860f-1a227c06aaa7,true,
c819625f-281e-41ed-a49d-b7d67eff6ee7,2fa8b853-d609-4709-97e6-f30b88fb4a68,true,
c819625f-281e-41ed-a49d-b7d67eff6ee7,6741d93f-6b86-4e17-87cb-4b3e7d7dcc81,true,
c819625f-281e-41ed-a49d-b7d67eff6ee7,a28aeb61-b878-47b4-98c0-28906ab8abce,false,[INV] input.name == return.name :: expected 'Bob' to deeply equal 'Bo´/b'
c819625f-281e-41ed-a49d-b7d67eff6ee7,3773f4a4-314c-4937-8afc-d6ec300c4219,false,"[INV] input.surname == return.surname :: expected 'Zhang' to deeply equal 'Zha´,ng'"
c819625f-281e-41ed-a49d-b7d67eff6ee7,e6a551cd-f22d-48ce-bac9-2a539055d4ff,true,
c819625f-281e-41ed-a49d-b7d67eff6ee7,6e63c6c1-31cc-40e1-b7bb-c33aa4cabd69,true,
c819625f-281e-41ed-a49d-b7d67eff6ee7,4f608db1-11d6-49af-9909-c7a7d01a5f29,false,[INV] input.skype == return.contactDTO.skype :: expected 'user123.skype' to deeply equal 'p>R-$Q5:@'
c819625f-281e-41ed-a49d-b7d67eff6ee7,ed5d0027-8ec4-43bf-ae06-7065eea33a0e,true,
c819625f-281e-41ed-a49d-b7d67eff6ee7,ca6519af-ce57-4e7e-89ba-60f623260447,true,
c819625f-281e-41ed-a49d-b7d67eff6ee7,997e2981-c3aa-438f-b120-019501fd1ffd,true,
c819625f-281e-41ed-a49d-b7d67eff6ee7,620c6bd9-4198-40a4-8ad3-734525d5bd6a,false,"[INV] input.address2 == return.addressDTO.address2 :: expected 'Apt. 4B' to deeply equal 'Ap/,t. 4B'"
c819625f-281e-41ed-a49d-b7d67eff6ee7,35940d09-de22-4048-9601-1c7012fe5fa2,false,[INV] input.city == return.addressDTO.city :: expected 'Beijing' to deeply equal 'ejemplo minus'
c819625f-281e-41ed-a49d-b7d67eff6ee7,08c5339f-ee98-4f4e-baa3-d4f004437d50,false,[INV] input.country == return.addressDTO.country :: expected 'UK' to deeply equal 'HSDKxAlkjv'
c819625f-281e-41ed-a49d-b7d67eff6ee7,df022be2-e337-40ed-beb2-e6321d0c3152,false,[INV] input.zipCode == return.addressDTO.zipCode :: expected 'SW1A 1AA' to deeply equal 'SW1A 1/AA'
c819625f-281e-41ed-a49d-b7d67eff6ee7,e3253a63-9dce-4699-b021-a89d4b3ba11c,true,
c819625f-281e-41ed-a49d-b7d67eff6ee7,c2fb15fd-ab8c-4cb4-acd1-2a63f456e1f5,false,"[INV] return.roles[] elements one of { ADMINISTRATOR, USER } :: expected false to be true"
c819625f-281e-41ed-a49d-b7d67eff6ee7,390d4903-8a00-4a3f-85e6-7c6840812efa,false,"[INV] size(return.permissions[]) one of { 2, 3 } :: expected false to be true"
c819625f-281e-41ed-a49d-b7d67eff6ee7,f28ea51b-e75f-4c8f-9fb3-ef0e7db1d804,false,"[INV] return.permissions[] elements one of { ADMIN_USER_DATA, LOGIN, VIEW_PROFILE } :: expected false to be true"
c819625f-281e-41ed-a49d-b7d67eff6ee7,2ba70037-fe2f-4220-9bf0-56cb5c132b27,false,"[INV] return.permissions[] elements one of { ADMIN_USER_DATA, LOGIN, VIEW_PROFILE } :: expected false to be true"
fd0bda81-931c-4e6a-852e-b5855670c3e9,c8057121-f0ed-4254-b6d2-5c5455fb9e84,true,
fd0bda81-931c-4e6a-852e-b5855670c3e9,b89e4971-d86c-4f68-bb2e-8a491bd49ab0,true,
fd0bda81-931c-4e6a-852e-b5855670c3e9,4cf13e9b-939e-450b-9f4e-4072f785d94e,true,
fd0bda81-931c-4e6a-852e-b5855670c3e9,3f691cb6-30db-4ad4-9465-b97a61fdd8e4,false,[INV] input.enabled == return.enabled :: expected true to deeply equal false
fd0bda81-931c-4e6a-852e-b5855670c3e9,0696787a-85eb-4460-942a-a8b288f9a294,false,"[INV] input.note == return.note :: expected 'VIP customer' to deeply equal '@P1Y<""-f0'"
fd0bda81-931c-4e6a-852e-b5855670c3e9,d9202ad8-5ef4-4f37-99b2-a055263f47ff,true,
fd0bda81-931c-4e6a-852e-b5855670c3e9,b4f60d58-f22e-4d0b-b2a5-267bcc66e025,false,[INV] input.linkedin == return.contactDTO.linkedin :: expected 'https://linkedin.com/in/alicesmith' to deeply equal 'cgqB0914xd'
fd0bda81-931c-4e6a-852e-b5855670c3e9,ae65937b-6ce9-4249-bd87-ab9db801f583,false,"[INV] input.website == return.contactDTO.website :: expected 'https://example.org' to deeply equal 'http´,s://example.org'"
fd0bda81-931c-4e6a-852e-b5855670c3e9,7a1bfb24-83a2-4df8-8618-befbdea8adc3,true,
fd0bda81-931c-4e6a-852e-b5855670c3e9,ea604075-520f-4e79-b8e7-e0cdf4fabcb2,false,[INV] input.address2 == return.addressDTO.address2 :: expected 'Suite 210' to deeply equal 'EJEMPLO MAYUS'
fd0bda81-931c-4e6a-852e-b5855670c3e9,edaef37d-88d5-40c3-988f-ff533ebc40b2,false,[INV] input.city == return.addressDTO.city :: expected 'Beijing' to deeply equal '!)<+Q'
fd0bda81-931c-4e6a-852e-b5855670c3e9,f2f89913-1f48-49e7-ad42-fbfd6535af0d,false,"[INV] input.country == return.addressDTO.country :: expected 'UK' to deeply equal '/,UK'"
fd0bda81-931c-4e6a-852e-b5855670c3e9,c895862c-ca1c-4b4f-b3dd-3aa63a828a7c,true,
fd0bda81-931c-4e6a-852e-b5855670c3e9,1f919fa2-f990-4416-bafe-e4068c70b0e7,false,"[INV] return.roles[] elements one of { ADMINISTRATOR, USER } :: expected false to be true"
fd0bda81-931c-4e6a-852e-b5855670c3e9,0778e1a8-d0cb-4fbe-88ba-7d4986921a3b,false,"[INV] return.permissions[] elements one of { ADMIN_USER_DATA, LOGIN, VIEW_PROFILE } :: expected false to be true"
fd0bda81-931c-4e6a-852e-b5855670c3e9,dd3b6952-0c75-4a07-89da-e7b0117b1631,false,"[INV] return.permissions[] elements one of { ADMIN_USER_DATA, LOGIN, VIEW_PROFILE } :: expected false to be true"
79073d0c-a296-4d45-8e49-0e4f93ddef40,704dd43c-21c7-461c-bff6-35007692b2b6,true,
79073d0c-a296-4d45-8e49-0e4f93ddef40,1b77fe82-0a36-4931-b55a-cc680da0a120,true,
79073d0c-a296-4d45-8e49-0e4f93ddef40,1d21e842-49dc-495b-8d4a-b902ef3414ef,true,
79073d0c-a296-4d45-8e49-0e4f93ddef40,834fb8c5-b358-4c3b-9087-e8e6a66250a7,false,[INV] input.username == return.username :: expected 'testuser123' to deeply equal '8CP{!'
79073d0c-a296-4d45-8e49-0e4f93ddef40,5d6ceebc-9249-4fff-b213-9ef4e3eb4b5f,true,
79073d0c-a296-4d45-8e49-0e4f93ddef40,b9f1653d-972b-4b13-a131-28141cac88af,false,[INV] input.gender == return.gender :: expected 'MALE' to deeply equal 'EJEMPLO MAYUS'
79073d0c-a296-4d45-8e49-0e4f93ddef40,03ac1eb0-6912-47c5-84f4-1534b4fb9c8e,false,[INV] input.note == return.note :: expected 'Frequent buyer' to deeply equal 'Frequent buyer*'
79073d0c-a296-4d45-8e49-0e4f93ddef40,f0bb2e56-2abd-45f1-86f5-24ffb3b2101d,true,
79073d0c-a296-4d45-8e49-0e4f93ddef40,ba3ee546-2aa2-440f-9545-5eca819e37aa,true,
79073d0c-a296-4d45-8e49-0e4f93ddef40,03e0703c-450a-46db-957f-4ebc412ca840,true,
79073d0c-a296-4d45-8e49-0e4f93ddef40,0a0e84b0-1646-4fb4-bf3a-0f0e30d1899c,false,[INV] input.skype == return.contactDTO.skype :: expected 'alice.smith.skype' to deeply equal '897UkRFK4q'
79073d0c-a296-4d45-8e49-0e4f93ddef40,067b6826-27ac-45c3-93b7-096b334ce23c,false,"[INV] input.facebook == return.contactDTO.facebook :: expected 'https://facebook.com/alice.smith' to deeply equal 'https://fac´,ebook.com/alice.smith'"
79073d0c-a296-4d45-8e49-0e4f93ddef40,5e707536-297b-40b4-a867-784077faa9d5,false,"[INV] input.linkedin == return.contactDTO.linkedin :: expected 'https://linkedin.com/in/alicesmith' to deeply equal 'https://linkedin.com/in/ali,cesmith'"
79073d0c-a296-4d45-8e49-0e4f93ddef40,f982a64c-0542-4c38-9e37-01c0bfc6ba50,false,[INV] input.website == return.contactDTO.website :: expected 'https://alicesmith.me' to deeply equal 'EJEMPLO MAYUS'
79073d0c-a296-4d45-8e49-0e4f93ddef40,3dfce8d1-e040-4d5c-a24b-ba4579fb68e1,false,"[INV] input.contactNote == return.contactDTO.contactNote :: expected 'Urgent contact only' to deeply equal '8Tph,6Lp'"
79073d0c-a296-4d45-8e49-0e4f93ddef40,554618bd-7791-42de-be2a-11dbfad781ce,true,
79073d0c-a296-4d45-8e49-0e4f93ddef40,6584c0a4-3fe6-42b2-9ed0-584569999c7b,false,[INV] input.address == return.addressDTO.address :: expected '789 Broadway' to deeply equal 'ejemplo minus'
79073d0c-a296-4d45-8e49-0e4f93ddef40,db3a2f8d-e59c-4e73-9347-aaf83e00bb33,false,[INV] input.address2 == return.addressDTO.address2 :: expected 'Suite 210' to deeply equal 'ejemplo minus'
79073d0c-a296-4d45-8e49-0e4f93ddef40,479dc855-663c-446f-8fb2-fe6769d9b882,true,
79073d0c-a296-4d45-8e49-0e4f93ddef40,3a16f4b8-d5e9-4a94-9e2e-f37860909be8,false,"[INV] input.zipCode == return.addressDTO.zipCode :: expected '10001' to deeply equal 'HyJ@""4x\'B'"
79073d0c-a296-4d45-8e49-0e4f93ddef40,e81c7e31-1daf-4ff0-86dc-83d103200d00,false,"[INV] return.roles[] elements one of { ADMINISTRATOR, USER } :: expected false to be true"
79073d0c-a296-4d45-8e49-0e4f93ddef40,effe1852-f0af-4c87-a0ca-7c1c71e97532,false,"[INV] return.permissions[] elements one of { ADMIN_USER_DATA, LOGIN, VIEW_PROFILE } :: expected false to be true"
d32877fb-a75d-4dfa-931f-f5978ecd24e6,e43e6315-ddb4-47da-a391-6ccc11da182d,true,
d32877fb-a75d-4dfa-931f-f5978ecd24e6,8a551260-ed7d-49a0-a8e4-5a0d99b6fb77,true,
d32877fb-a75d-4dfa-931f-f5978ecd24e6,4c43f175-0f14-474d-92d6-bc75390e0ad1,true,
d32877fb-a75d-4dfa-931f-f5978ecd24e6,9819ab8b-75a9-4020-9555-589cc3c083e8,false,[INV] input.id == return.id :: expected 6 to deeply equal -241395
d32877fb-a75d-4dfa-931f-f5978ecd24e6,f59eaca3-0106-4aa0-9ded-e01aad028ab6,false,[INV] input.username == return.username :: expected 'alice1985' to deeply equal '|Cmi'
d32877fb-a75d-4dfa-931f-f5978ecd24e6,c556f9cf-f01b-4a3b-aeb0-3ed36e133f01,false,[INV] input.name == return.name :: expected 'John' to deeply equal 'J´/ohn'
d32877fb-a75d-4dfa-931f-f5978ecd24e6,2ba3a1e5-7da6-4e2e-aa82-6cb2d0a18d49,false,[INV] input.surname == return.surname :: expected 'Doe' to deeply equal 'm6!PF0{gP'
d32877fb-a75d-4dfa-931f-f5978ecd24e6,76a12292-2af0-45f0-b6b6-904a10e00610,false,[INV] input.gender == return.gender :: expected 'MALE' to deeply equal 'w3)bO7>o'
d32877fb-a75d-4dfa-931f-f5978ecd24e6,12827cb8-d989-4ab1-a7f8-455c3a59245b,true,
d32877fb-a75d-4dfa-931f-f5978ecd24e6,389f5779-6835-4a53-abb6-105f080927c6,true,
d32877fb-a75d-4dfa-931f-f5978ecd24e6,5e5f0d28-e28f-48d5-81f2-433386a591c7,false,[INV] input.skype == return.contactDTO.skype :: expected 'user123.skype' to deeply equal 'user123.sky*pe'
d32877fb-a75d-4dfa-931f-f5978ecd24e6,340ee41f-096c-43b1-bf93-10f614a5957c,false,"[INV] input.facebook == return.contactDTO.facebook :: expected 'https://facebook.com/test.user' to deeply equal 'https://facebook.com/test.u/,ser'"
d32877fb-a75d-4dfa-931f-f5978ecd24e6,fc1bfed9-147c-430b-8cf3-07816db2809d,true,
d32877fb-a75d-4dfa-931f-f5978ecd24e6,948f726d-f4e1-48a0-b672-af4708f4ff14,false,"[INV] input.website == return.contactDTO.website :: expected 'https://johndoe.dev' to deeply equal 'http´,s://johndoe.dev'"
d32877fb-a75d-4dfa-931f-f5978ecd24e6,2f82d02d-fb7c-4705-b088-0dda57c34f54,false,"[INV] input.contactNote == return.contactDTO.contactNote :: expected 'Call after 6pm' to deeply equal 'Ca,ll after 6pm'"
d32877fb-a75d-4dfa-931f-f5978ecd24e6,09674937-6c9c-47b4-a6e5-db5bba59d076,true,
d32877fb-a75d-4dfa-931f-f5978ecd24e6,202985ef-71bb-4713-9a1c-bb940f379832,false,[INV] input.country == return.addressDTO.country :: expected 'USA' to deeply equal 'JX`L'
d32877fb-a75d-4dfa-931f-f5978ecd24e6,2e603ee8-8a91-450c-aa9f-8542d4590137,false,"[INV] return.roles[] elements one of { ADMINISTRATOR, USER } :: expected false to be true"
d32877fb-a75d-4dfa-931f-f5978ecd24e6,f550fea7-0bbe-44a6-bfc1-ebb4adc77248,false,"[INV] size(return.permissions[]) one of { 2, 3 } :: expected false to be true"
e26e269d-5a45-4ad8-8f35-3cdc7c51354e,191346a1-97fb-40fe-aa89-e5a900c6bbd8,true,
e26e269d-5a45-4ad8-8f35-3cdc7c51354e,590c83b1-0548-463f-844c-6d6dbbf820f8,true,
e26e269d-5a45-4ad8-8f35-3cdc7c51354e,05b16be6-2c38-400a-aa03-3412bc09846f,true,
e26e269d-5a45-4ad8-8f35-3cdc7c51354e,c8f3ab88-d25d-4c2c-98eb-1a488d94e932,false,[INV] input.username == return.username :: expected 'testuser123' to deeply equal '7'
e26e269d-5a45-4ad8-8f35-3cdc7c51354e,9fb23221-3ae1-4d6d-a36e-7b64f0994899,false,[INV] input.gender == return.gender :: expected 'FEMALE' to deeply equal 'EJEMPLO MAYUS'
e26e269d-5a45-4ad8-8f35-3cdc7c51354e,3c01dd02-dd23-48ae-ab9b-391d7f1a6608,true,
e26e269d-5a45-4ad8-8f35-3cdc7c51354e,f8bc052d-338b-4dfe-b29d-44e85b484777,true,
e26e269d-5a45-4ad8-8f35-3cdc7c51354e,67b66e47-9134-42a0-bc20-20e112a3195d,true,
e26e269d-5a45-4ad8-8f35-3cdc7c51354e,a986de32-6594-4a24-85f1-397aece8f34b,true,
e26e269d-5a45-4ad8-8f35-3cdc7c51354e,8ef13b57-eac8-46e1-adcb-69bb18516510,false,[INV] input.skype == return.contactDTO.skype :: expected 'john.doe.skype' to deeply equal 'EJEMPLO MAYUS'
e26e269d-5a45-4ad8-8f35-3cdc7c51354e,62f9cfec-51e9-462e-89f7-62f8ac5811e7,false,[INV] input.facebook == return.contactDTO.facebook :: expected 'https://facebook.com/alice.smith' to deeply equal '\*[8'
e26e269d-5a45-4ad8-8f35-3cdc7c51354e,a5a520c1-843b-493c-ba18-1bb78e8dfc5d,false,[INV] input.linkedin == return.contactDTO.linkedin :: expected 'https://linkedin.com/in/johndoe' to deeply equal '!GW{x2'
e26e269d-5a45-4ad8-8f35-3cdc7c51354e,7645051b-a6d7-40d7-9a05-b3236119a872,true,
e26e269d-5a45-4ad8-8f35-3cdc7c51354e,de2353fb-9618-4bb9-8f38-fad686ad6091,true,
e26e269d-5a45-4ad8-8f35-3cdc7c51354e,f9d46c13-3c1f-4757-88d4-0a4e3121145d,false,[INV] input.address2 == return.addressDTO.address2 :: expected 'Building 5' to deeply equal 'z'
e26e269d-5a45-4ad8-8f35-3cdc7c51354e,42700a67-6977-486d-bc83-da65fad3a984,false,[INV] input.zipCode == return.addressDTO.zipCode :: expected '100000' to deeply equal '10/*0000'
e26e269d-5a45-4ad8-8f35-3cdc7c51354e,ec339a33-6f6f-48bc-8599-b528fe6382aa,false,"[INV] return.roles[] elements one of { ADMINISTRATOR, USER } :: expected false to be true"
e26e269d-5a45-4ad8-8f35-3cdc7c51354e,42065702-00d1-490c-adf4-b066bd6fdfd8,false,"[INV] return.permissions[] elements one of { ADMIN_USER_DATA, LOGIN, VIEW_PROFILE } :: expected false to be true"
0ad9a1fe-3bff-4db5-96fc-36be223b8232,5de0593f-cb3c-4dbf-88c7-7a8850ec182e,true,
0ad9a1fe-3bff-4db5-96fc-36be223b8232,45060967-6933-4222-b1fd-4501dc58d9cb,true,
0ad9a1fe-3bff-4db5-96fc-36be223b8232,8330ecc7-a563-43c9-a387-379796db9fe8,true,
0ad9a1fe-3bff-4db5-96fc-36be223b8232,2a0a9750-4a5c-4c3d-ae32-b886ea1aeb05,false,[INV] input.name == return.name :: expected 'John' to deeply equal 'J´/ohn'
0ad9a1fe-3bff-4db5-96fc-36be223b8232,36ff8aa4-ee6f-455d-ad9e-abb8c4d0daf5,false,[INV] input.surname == return.surname :: expected 'Doe' to deeply equal 'ejemplo minus'
0ad9a1fe-3bff-4db5-96fc-36be223b8232,daa10e2c-e501-40da-a8b7-af5f4e9d6e10,true,
0ad9a1fe-3bff-4db5-96fc-36be223b8232,136db691-1c5b-4597-894d-0797c262ab24,true,
0ad9a1fe-3bff-4db5-96fc-36be223b8232,d76d94d8-1071-46af-a581-009de919a7d0,true,
0ad9a1fe-3bff-4db5-96fc-36be223b8232,e165d31a-5628-49c2-9066-ec3f687b68d9,true,
0ad9a1fe-3bff-4db5-96fc-36be223b8232,97ee1445-f005-4c31-ad47-21a39d670d17,true,
0ad9a1fe-3bff-4db5-96fc-36be223b8232,cb252a8a-adc8-4a1f-9572-af34822d6493,true,
0ad9a1fe-3bff-4db5-96fc-36be223b8232,304fe3f9-e6d0-4b0a-8dd9-a7f86ff6029d,true,
0ad9a1fe-3bff-4db5-96fc-36be223b8232,2b4502b4-570e-497e-98b4-d15e28a8832b,false,[INV] input.address2 == return.addressDTO.address2 :: expected 'Apt. 4B' to deeply equal '[*Kc]'
0ad9a1fe-3bff-4db5-96fc-36be223b8232,e526bda0-a350-45fa-aee1-d2612f92892c,true,
0ad9a1fe-3bff-4db5-96fc-36be223b8232,b48a2b59-f69e-4613-9d65-20eb71be861d,false,[INV] input.zipCode == return.addressDTO.zipCode :: expected 'SW1A 1AA' to deeply equal 'ejemplo minus'
0ad9a1fe-3bff-4db5-96fc-36be223b8232,11875aca-ad7a-4253-b45b-7dca894dc681,false,"[INV] return.roles[] elements one of { ADMINISTRATOR, USER } :: expected false to be true"
0ad9a1fe-3bff-4db5-96fc-36be223b8232,1e926cf0-c434-48e3-aa72-313aaf7a3d2d,false,"[INV] size(return.permissions[]) one of { 2, 3 } :: expected false to be true"
0ad9a1fe-3bff-4db5-96fc-36be223b8232,a144f0f9-6372-4b7f-b8c7-453a08c715a1,false,"[INV] return.permissions[] elements one of { ADMIN_USER_DATA, LOGIN, VIEW_PROFILE } :: expected false to be true"
a1a318ba-30cf-44a5-8705-f71a8898f1c2,879f2c2d-47f8-44b3-a6fd-891bede45c77,true,
a1a318ba-30cf-44a5-8705-f71a8898f1c2,1cbc8f6a-939a-466b-a853-fe359bfaa61c,true,
a1a318ba-30cf-44a5-8705-f71a8898f1c2,16102872-2917-4d92-9506-eb6370c04da0,true,
a1a318ba-30cf-44a5-8705-f71a8898f1c2,5b9fb49d-311d-4515-b51a-d0b30db2894c,false,"[INV] input.username == return.username :: expected 'johndoe90' to deeply equal '""'"
a1a318ba-30cf-44a5-8705-f71a8898f1c2,dcce958d-af37-4d1f-9ca3-7ed2c2c64a43,false,[INV] input.surname == return.surname :: expected 'Doe' to deeply equal 'z:%u/Qi6'
a1a318ba-30cf-44a5-8705-f71a8898f1c2,13d073fa-4480-4968-b86b-15442fde29d9,false,[INV] input.gender == return.gender :: expected 'MALE' to deeply equal 'M/*ALE'
a1a318ba-30cf-44a5-8705-f71a8898f1c2,e62422c1-f01d-42b3-a043-3c09409aac76,true,
a1a318ba-30cf-44a5-8705-f71a8898f1c2,481c284c-fa64-4954-8790-aea3c2f9ce85,true,
a1a318ba-30cf-44a5-8705-f71a8898f1c2,d64c019b-21f2-4bb5-b522-396ea3b2528e,true,
a1a318ba-30cf-44a5-8705-f71a8898f1c2,73e34845-0dd5-47bc-aa04-e8b50d866956,false,[INV] input.skype == return.contactDTO.skype :: expected 'user123.skype' to deeply equal '\0}FCb1'
a1a318ba-30cf-44a5-8705-f71a8898f1c2,0634f473-1587-4162-bcf3-eaaae2cf5b0e,false,"[INV] input.facebook == return.contactDTO.facebook :: expected 'https://facebook.com/alice.smith' to deeply equal 'https://fac´,ebook.com/alice.smith'"
a1a318ba-30cf-44a5-8705-f71a8898f1c2,da6f4766-25b5-4863-b4c7-33a2418b58b5,false,[INV] input.linkedin == return.contactDTO.linkedin :: expected 'https://linkedin.com/in/testuser' to deeply equal 'ejemplo minus'
a1a318ba-30cf-44a5-8705-f71a8898f1c2,dcdc0c5c-a397-4d63-bde1-6b699abcff0b,false,[INV] input.website == return.contactDTO.website :: expected 'https://alicesmith.me' to deeply equal 'EJEMPLO MAYUS'
a1a318ba-30cf-44a5-8705-f71a8898f1c2,76f9bdf8-f588-4283-9e81-c420e72fd07f,true,
a1a318ba-30cf-44a5-8705-f71a8898f1c2,fae7f747-017b-4581-a31c-6ac68434f830,true,
a1a318ba-30cf-44a5-8705-f71a8898f1c2,5b74ae4b-bc74-4614-870b-517d5fdd09d4,false,"[INV] input.address == return.addressDTO.address :: expected '789 Broadway' to deeply equal '789 Broa/,dway'"
a1a318ba-30cf-44a5-8705-f71a8898f1c2,ed4ee87a-2faf-4e5b-9ebc-202c90708f11,false,[INV] input.address2 == return.addressDTO.address2 :: expected 'Suite 210' to deeply equal '(M*I'
a1a318ba-30cf-44a5-8705-f71a8898f1c2,7ae52e81-0968-4fa1-b101-47b13014b712,false,[INV] input.zipCode == return.addressDTO.zipCode :: expected 'SW1A 1AA' to deeply equal 'SW1A 1/AA'
a1a318ba-30cf-44a5-8705-f71a8898f1c2,2024a8fa-4335-4600-9494-77dafeaa58ff,false,"[INV] return.roles[] elements one of { ADMINISTRATOR, USER } :: expected false to be true"
a1a318ba-30cf-44a5-8705-f71a8898f1c2,853d2791-d4c8-4e34-8f75-6d0ea1770bf4,true,
a1a318ba-30cf-44a5-8705-f71a8898f1c2,afe6a98a-c955-4a73-9f5c-9df08469052c,false,"[INV] return.permissions[] elements one of { ADMIN_USER_DATA, LOGIN, VIEW_PROFILE } :: expected false to be true"
6e982812-2a43-42f3-8490-19b663f3b8a4,22375c43-2ecb-4552-a597-a66b3a7561e6,true,
6e982812-2a43-42f3-8490-19b663f3b8a4,2dbdc1d7-9aac-4c56-b557-54614b9b3039,true,
6e982812-2a43-42f3-8490-19b663f3b8a4,0ae42120-f1f4-4d8d-8f6e-57e7d0accf11,false,[INV] input.name == return.name :: expected 'Bob' to deeply equal 'T'
6e982812-2a43-42f3-8490-19b663f3b8a4,52aca301-dc69-4fcc-99d8-a36ea0ce355e,true,
6e982812-2a43-42f3-8490-19b663f3b8a4,ffae8e87-1417-4fa7-b97f-ea1ce37f75f2,false,[INV] input.gender == return.gender :: expected 'MALE' to deeply equal 'EJEMPLO MAYUS'
6e982812-2a43-42f3-8490-19b663f3b8a4,f94adedf-a678-4369-a9cc-42f08279cbdb,false,[INV] input.enabled == return.enabled :: expected true to deeply equal false
6e982812-2a43-42f3-8490-19b663f3b8a4,6a8de246-4c48-4993-b07f-e0d94a61396b,true,
6e982812-2a43-42f3-8490-19b663f3b8a4,02510cff-7a77-4b09-bde7-e9f48e13138a,true,
6e982812-2a43-42f3-8490-19b663f3b8a4,8f8818b0-fb87-4053-af4d-5abed2d1e549,false,[INV] input.skype == return.contactDTO.skype :: expected 'user123.skype' to deeply equal 'CKS~<v'
6e982812-2a43-42f3-8490-19b663f3b8a4,ae6ad747-4091-42d2-8d08-9c705e8e9d3e,false,[INV] input.facebook == return.contactDTO.facebook :: expected 'https://facebook.com/alice.smith' to deeply equal '0PFI6tZVHl'
6e982812-2a43-42f3-8490-19b663f3b8a4,99b04274-7188-40c1-8a39-88c90be59d5f,false,[INV] input.linkedin == return.contactDTO.linkedin :: expected 'https://linkedin.com/in/testuser' to deeply equal 'EJEMPLO MAYUS'
6e982812-2a43-42f3-8490-19b663f3b8a4,d4e5a1c8-f06e-47c5-a537-d4ef316677cc,false,"[INV] input.website == return.contactDTO.website :: expected 'https://johndoe.dev' to deeply equal 'https://john,doe.dev'"
6e982812-2a43-42f3-8490-19b663f3b8a4,bb291ec0-25ba-4f3b-879b-3609571f4f9d,true,
6e982812-2a43-42f3-8490-19b663f3b8a4,7b7cd0ac-0bcb-4201-82d3-e52ac096b041,false,"[INV] input.address2 == return.addressDTO.address2 :: expected 'Building 5' to deeply equal 'Buildin/,g 5'"
6e982812-2a43-42f3-8490-19b663f3b8a4,c1c8820b-a0e4-4a7c-81d9-27b75d3fea42,true,
6e982812-2a43-42f3-8490-19b663f3b8a4,70ed13ce-7bcd-4a13-a0a7-609e1c344bc2,false,[INV] input.zipCode == return.addressDTO.zipCode :: expected '10001' to deeply equal '/10001'
6e982812-2a43-42f3-8490-19b663f3b8a4,b45a3adc-7385-438b-901f-ca7b7105d052,false,"[INV] return.roles[] elements one of { ADMINISTRATOR, USER } :: expected false to be true"
59d85246-b3b3-4f07-bfd2-6622ac53be53,e9830c3a-66c4-4cc3-a7cf-530c236c154a,true,
59d85246-b3b3-4f07-bfd2-6622ac53be53,7f6541e4-a512-4ec1-807c-0c2c35b53c34,true,
59d85246-b3b3-4f07-bfd2-6622ac53be53,c1f07e2b-a20a-44c5-933b-252fc8f17f72,true,
59d85246-b3b3-4f07-bfd2-6622ac53be53,dc4251ee-0105-4635-8f8c-e5436eb441f6,false,[INV] input.name == return.name :: expected 'Bob' to deeply equal 'T{xL|JmP'
59d85246-b3b3-4f07-bfd2-6622ac53be53,12b63c61-8aac-497b-b9f9-bfdaf9a37f22,false,[INV] input.surname == return.surname :: expected 'Doe' to deeply equal 'q!M'
59d85246-b3b3-4f07-bfd2-6622ac53be53,23399e5e-35c4-4078-bf91-63d29055bc75,true,
59d85246-b3b3-4f07-bfd2-6622ac53be53,0b6db701-f781-4b5a-9a39-c7693536cc14,true,
59d85246-b3b3-4f07-bfd2-6622ac53be53,0ff3f963-5fc3-45f6-8748-492780881c1a,true,
59d85246-b3b3-4f07-bfd2-6622ac53be53,2e68bc84-9e62-48ae-9d05-2a809d8dff01,false,[INV] input.skype == return.contactDTO.skype :: expected 'user123.skype' to deeply equal '0PGnKwsgCk'
59d85246-b3b3-4f07-bfd2-6622ac53be53,13dd4a05-ac13-4486-9a3a-7f385471351a,false,[INV] input.contactNote == return.contactDTO.contactNote :: expected 'Preferred contact time: afternoon' to deeply equal 'ejemplo minus'
59d85246-b3b3-4f07-bfd2-6622ac53be53,79735a2c-1080-4dc5-a3a0-5014cb6b3b05,true,
59d85246-b3b3-4f07-bfd2-6622ac53be53,792d8fa7-3429-4488-b3ce-6ca83853f94a,false,"[INV] input.country == return.addressDTO.country :: expected 'USA' to deeply equal 'USA*,'"
59d85246-b3b3-4f07-bfd2-6622ac53be53,0a06689f-d01d-4f91-bd77-550539e07998,false,[INV] input.zipCode == return.addressDTO.zipCode :: expected '10001' to deeply equal '*10001'
59d85246-b3b3-4f07-bfd2-6622ac53be53,4e36da97-8e76-461c-a6d3-3bd40d9acac8,false,"[INV] return.permissions[] elements one of { ADMIN_USER_DATA, LOGIN, VIEW_PROFILE } :: expected false to be true"
59d85246-b3b3-4f07-bfd2-6622ac53be53,038954ef-b378-4e3f-bdee-35b22902e4f4,false,"[INV] return.permissions[] elements one of { ADMIN_USER_DATA, LOGIN, VIEW_PROFILE } :: expected false to be true"
2fce557f-ea9c-499b-94af-e5cdb36f768f,26d38637-08f8-4cb7-8f49-18daed0f8c91,true,
2fce557f-ea9c-499b-94af-e5cdb36f768f,3dc2d121-b62a-4ec4-b8f2-22df2c964869,true,
2fce557f-ea9c-499b-94af-e5cdb36f768f,8ee70a0c-465a-43c0-a924-326c04a4257d,true,
2fce557f-ea9c-499b-94af-e5cdb36f768f,67c879f5-c181-4c7b-a2a7-1e05596e771c,false,"[INV] input.username == return.username :: expected 'testuser123' to deeply equal 'testuser12/,3'"
2fce557f-ea9c-499b-94af-e5cdb36f768f,57ba2ddc-29ee-4a14-b297-561d58f950da,true,
2fce557f-ea9c-499b-94af-e5cdb36f768f,fa711025-4cf6-468a-9753-830ce11ef5aa,true,
2fce557f-ea9c-499b-94af-e5cdb36f768f,1694007c-a401-424d-a4e6-088af76bcd8c,true,
2fce557f-ea9c-499b-94af-e5cdb36f768f,6dd9e7cd-5394-4ec7-8636-ff4811cda326,true,
2fce557f-ea9c-499b-94af-e5cdb36f768f,1def1c5c-f2d2-4b99-8465-32b470ace9d9,false,[INV] input.facebook == return.contactDTO.facebook :: expected 'https://facebook.com/alice.smith' to deeply equal 'VmVlxiJIm3'
2fce557f-ea9c-499b-94af-e5cdb36f768f,6b1c2f2d-479f-41af-829e-960f249a9976,false,[INV] input.linkedin == return.contactDTO.linkedin :: expected 'https://linkedin.com/in/johndoe' to deeply equal 'f'
2fce557f-ea9c-499b-94af-e5cdb36f768f,9cb24921-ea84-41bc-b3f7-842e4619faec,true,
2fce557f-ea9c-499b-94af-e5cdb36f768f,d297c7dc-aa57-417d-b38d-d4befe4792c3,false,[INV] input.address == return.addressDTO.address :: expected '123 Main Street' to deeply equal 'EJEMPLO MAYUS'
2fce557f-ea9c-499b-94af-e5cdb36f768f,8939f760-c43c-4c63-a4ad-f000f3d852cc,true,
2fce557f-ea9c-499b-94af-e5cdb36f768f,f928fad3-8ee2-4505-be7e-634ae8157d65,false,[INV] input.city == return.addressDTO.city :: expected 'New York' to deeply equal 'ejemplo minus'
2fce557f-ea9c-499b-94af-e5cdb36f768f,2488d193-b5a9-4e1f-81d4-5b0513c812bb,false,[INV] input.country == return.addressDTO.country :: expected 'USA' to deeply equal 'jt4z'
2fce557f-ea9c-499b-94af-e5cdb36f768f,1260db88-1738-4ec4-9feb-3d29c0d5fbc2,false,[INV] input.zipCode == return.addressDTO.zipCode :: expected 'SW1A 1AA' to deeply equal 'wOpJL)^'
418c9a7a-88ed-42f1-ba4a-5b7e3933abd2,22684ca3-b06f-45c8-8dde-4478a27fa76f,true,
418c9a7a-88ed-42f1-ba4a-5b7e3933abd2,eac4cdff-6501-4889-be67-d172ef738b80,true,
418c9a7a-88ed-42f1-ba4a-5b7e3933abd2,4e90173d-fdfd-4926-a779-32de5c7e08c7,true,
418c9a7a-88ed-42f1-ba4a-5b7e3933abd2,a9c79963-fd1d-42c8-b11c-919ceb1ca2dd,false,[INV] input.username == return.username :: expected 'testuser123' to deeply equal 's'
418c9a7a-88ed-42f1-ba4a-5b7e3933abd2,2684a156-4729-4ff3-a7dc-39e4f0bba05f,false,[INV] input.name == return.name :: expected 'Alice' to deeply equal '1brz'
418c9a7a-88ed-42f1-ba4a-5b7e3933abd2,df44e5af-2b76-4534-8edf-9e0d580e5479,true,
418c9a7a-88ed-42f1-ba4a-5b7e3933abd2,9a238b69-2a10-4dd4-bd94-596f6937c577,false,[INV] input.enabled == return.enabled :: expected true to deeply equal false
418c9a7a-88ed-42f1-ba4a-5b7e3933abd2,fd2b3f9d-1342-42c2-b28c-88121f8195db,false,[INV] input.note == return.note :: expected 'Frequent buyer' to deeply equal 'EJEMPLO MAYUS'
418c9a7a-88ed-42f1-ba4a-5b7e3933abd2,b039d7b1-0d02-44f2-9ada-ce13c40198d2,true,
418c9a7a-88ed-42f1-ba4a-5b7e3933abd2,6086df16-c1a7-4d3c-9226-1081944c80fa,true,
418c9a7a-88ed-42f1-ba4a-5b7e3933abd2,fc56a27f-aa61-494e-9780-75801e696791,true,
418c9a7a-88ed-42f1-ba4a-5b7e3933abd2,8ce0878c-f018-49f2-9283-5c4348862f2f,true,
418c9a7a-88ed-42f1-ba4a-5b7e3933abd2,a6704c1b-6591-4ea5-b003-9473f9db9ac1,true,
418c9a7a-88ed-42f1-ba4a-5b7e3933abd2,5e86239a-2d60-4e23-8c81-3d365a8c69ba,false,[INV] input.contactNote == return.contactDTO.contactNote :: expected 'Preferred contact time: afternoon' to deeply equal 'Iw='
418c9a7a-88ed-42f1-ba4a-5b7e3933abd2,3033f0b1-ecb6-4409-b69a-c3c5166d120a,true,
418c9a7a-88ed-42f1-ba4a-5b7e3933abd2,60a7b22d-6b52-44e8-ba32-e68d2977bac9,false,[INV] input.address2 == return.addressDTO.address2 :: expected 'Building 5' to deeply equal 'ejemplo minus'
418c9a7a-88ed-42f1-ba4a-5b7e3933abd2,1381ee82-724f-493f-b7d0-b473e323348d,true,
418c9a7a-88ed-42f1-ba4a-5b7e3933abd2,ed7cfd05-2130-4373-9497-07a816006084,false,[INV] input.country == return.addressDTO.country :: expected 'UK' to deeply equal '/UK'
418c9a7a-88ed-42f1-ba4a-5b7e3933abd2,a4f3cecf-9f74-4598-819e-5551666320ce,true,
418c9a7a-88ed-42f1-ba4a-5b7e3933abd2,7e4e5f93-ceb0-45b4-8b4b-5d01c55db48e,false,"[INV] return.roles[] elements one of { ADMINISTRATOR, USER } :: expected false to be true"
418c9a7a-88ed-42f1-ba4a-5b7e3933abd2,58ee4a4d-f28c-42ff-b41a-4d90349d341f,true,
418c9a7a-88ed-42f1-ba4a-5b7e3933abd2,b664d328-4314-484e-8954-e14265a19dab,false,"[INV] return.permissions[] elements one of { ADMIN_USER_DATA, LOGIN, VIEW_PROFILE } :: expected false to be true"
d5e70740-d063-4446-a5f1-163682903411,2e36e9fe-c7bb-45b6-a0f2-fcd338d2e36b,true,
d5e70740-d063-4446-a5f1-163682903411,661e16eb-0146-4363-8169-b3f4326681b4,true,
d5e70740-d063-4446-a5f1-163682903411,34f20e38-1a33-4b92-805f-e33f8ff1b0c9,true,
d5e70740-d063-4446-a5f1-163682903411,d042333b-6711-4320-a590-932fc6376ea0,false,[INV] input.id == return.id :: expected 1 to deeply equal -241395
d5e70740-d063-4446-a5f1-163682903411,18947836-e387-4e20-b483-f6d1e3558c1a,false,"[INV] input.surname == return.surname :: expected 'Zhang' to deeply equal 'Zha´,ng'"
d5e70740-d063-4446-a5f1-163682903411,f56f8697-abe1-421a-9163-849a2120e223,true,
d5e70740-d063-4446-a5f1-163682903411,58cf6274-3bee-47cb-b6dd-b73e3db78686,false,[INV] input.note == return.note :: expected 'Frequent buyer' to deeply equal 'EJEMPLO MAYUS'
d5e70740-d063-4446-a5f1-163682903411,7400fe7e-2f3b-4887-8573-bfb2eb20f4fa,true,
d5e70740-d063-4446-a5f1-163682903411,4cd67144-cd14-4396-8c5a-1f7404fa359d,true,
d5e70740-d063-4446-a5f1-163682903411,d85bc2bb-310b-4368-a70c-d5238d9455bf,false,[INV] input.skype == return.contactDTO.skype :: expected 'alice.smith.skype' to deeply equal 'EJEMPLO MAYUS'
d5e70740-d063-4446-a5f1-163682903411,80dc66a7-1a0b-47d9-aaf6-473bee382061,false,[INV] input.facebook == return.contactDTO.facebook :: expected 'https://facebook.com/test.user' to deeply equal '$P'
d5e70740-d063-4446-a5f1-163682903411,c6a5eafd-228d-4c43-8791-8bb75899880c,false,[INV] input.linkedin == return.contactDTO.linkedin :: expected 'https://linkedin.com/in/testuser' to deeply equal 'https://linkedin.com´/in/testuser'
d5e70740-d063-4446-a5f1-163682903411,ee1f304d-2510-4532-bced-6349402f9ecd,false,[INV] input.website == return.contactDTO.website :: expected 'https://johndoe.dev' to deeply equal 'JI=aFdAkR'
d5e70740-d063-4446-a5f1-163682903411,d4e2a21d-b8b0-4390-906e-c762884d7a31,false,"[INV] input.address == return.addressDTO.address :: expected '123 Main Street' to deeply equal 'PZ%,wH#&'"
d5e70740-d063-4446-a5f1-163682903411,c9074109-2564-4974-9909-a8fa41e49716,false,[INV] input.address2 == return.addressDTO.address2 :: expected 'Apt. 4B' to deeply equal 'ejemplo minus'
d5e70740-d063-4446-a5f1-163682903411,94272c74-c010-4e10-bee8-5d855209612c,false,[INV] input.city == return.addressDTO.city :: expected 'Beijing' to deeply equal 'Beij*ing'
d5e70740-d063-4446-a5f1-163682903411,8d89d677-64a1-49ae-a5ea-4a9c4d856f31,true,
d5e70740-d063-4446-a5f1-163682903411,9e62f95f-7664-4380-85a5-17d6faae4839,false,"[INV] return.roles[] elements one of { ADMINISTRATOR, USER } :: expected false to be true"
d5e70740-d063-4446-a5f1-163682903411,d68fcd46-6049-4c07-82d1-b298862eaf8d,true,
d5e70740-d063-4446-a5f1-163682903411,0328eeef-12c4-4196-b9f1-10a0b1ea65f9,false,"[INV] return.permissions[] elements one of { ADMIN_USER_DATA, LOGIN, VIEW_PROFILE } :: expected false to be true"
6f97a8b7-b893-4cd9-b087-65e939f9fca1,ba9ec52e-c1a0-4af6-9e94-2415928bbdb5,true,
6f97a8b7-b893-4cd9-b087-65e939f9fca1,e8c6a330-71cb-4efc-aedb-56cf96c28a6e,false,[INV] input.username == return.username :: expected 'johndoe90' to deeply equal '((19IR'
6f97a8b7-b893-4cd9-b087-65e939f9fca1,3409d457-0999-4ec2-823d-169972cbb615,false,[INV] input.surname == return.surname :: expected 'Smith' to deeply equal 'ejemplo minus'
6f97a8b7-b893-4cd9-b087-65e939f9fca1,42274b64-f289-484c-ae88-c370cfc37ef8,false,[INV] input.gender == return.gender :: expected 'MALE' to deeply equal 'M/*ALE'
6f97a8b7-b893-4cd9-b087-65e939f9fca1,efa3d011-4af5-4414-986d-7972d8f30d9e,false,[INV] input.note == return.note :: expected 'VIP customer' to deeply equal 'VIP cust*omer'
6f97a8b7-b893-4cd9-b087-65e939f9fca1,a1974a5c-fada-49ae-ade8-65484d1294d4,true,
6f97a8b7-b893-4cd9-b087-65e939f9fca1,119ad6d0-29cf-4824-b9db-df285b94e8ec,false,[INV] input.linkedin == return.contactDTO.linkedin :: expected 'https://linkedin.com/in/alicesmith' to deeply equal 'V0xrt'
6f97a8b7-b893-4cd9-b087-65e939f9fca1,9f54c959-0b83-45c1-9e35-9f7b73a99012,false,"[INV] input.contactNote == return.contactDTO.contactNote :: expected 'Urgent contact only' to deeply equal 'Urgent conta,ct only'"
6f97a8b7-b893-4cd9-b087-65e939f9fca1,cf173663-0a30-4d20-babe-777227351dcb,true,
6f97a8b7-b893-4cd9-b087-65e939f9fca1,ea5a02cb-2ee2-412e-9dfe-3351766bff42,false,[INV] input.address == return.addressDTO.address :: expected '456 High Road' to deeply equal '456 High R´oad'
6f97a8b7-b893-4cd9-b087-65e939f9fca1,ccaa1bbf-d93c-4970-89bc-fed39fc25c06,false,[INV] input.city == return.addressDTO.city :: expected 'London' to deeply equal 'ejemplo minus'
6f97a8b7-b893-4cd9-b087-65e939f9fca1,d5a089a3-5966-4103-b327-bd5e29650267,false,"[INV] input.zipCode == return.addressDTO.zipCode :: expected '100000' to deeply equal '1000*,00'"
6f97a8b7-b893-4cd9-b087-65e939f9fca1,a5467b57-883d-4086-bd19-958a7593ec23,true,
6f97a8b7-b893-4cd9-b087-65e939f9fca1,2a3d5c21-0de6-457d-abc5-727df0564032,false,"[INV] return.roles[] elements one of { ADMINISTRATOR, USER } :: expected false to be true"
6f97a8b7-b893-4cd9-b087-65e939f9fca1,fae8d94d-bc98-4a99-b427-05cef47c9db7,true,
6f97a8b7-b893-4cd9-b087-65e939f9fca1,0d890607-995b-4f90-ad4d-cb487e00cc6b,false,"[INV] return.permissions[] elements one of { ADMIN_USER_DATA, LOGIN, VIEW_PROFILE } :: expected false to be true"
6f97a8b7-b893-4cd9-b087-65e939f9fca1,3301d69e-5bc2-4c9b-88f6-46462dd33c98,false,"[INV] return.permissions[] elements one of { ADMIN_USER_DATA, LOGIN, VIEW_PROFILE } :: expected false to be true"
fc02cb37-1e92-45d0-81e4-507a7f9a8ca8,dd1bfb9a-d4ee-45fb-83f7-aaf0b2c0fb49,true,
fc02cb37-1e92-45d0-81e4-507a7f9a8ca8,09f19528-0d05-41bf-909b-d3471b87428e,true,
fc02cb37-1e92-45d0-81e4-507a7f9a8ca8,783c9dbe-9cab-4969-9e94-960c90853304,false,[INV] input.username == return.username :: expected 'alice1985' to deeply equal 't'
fc02cb37-1e92-45d0-81e4-507a7f9a8ca8,8ea2a05c-e0fd-4539-baf1-de07943bcd5b,false,[INV] input.note == return.note :: expected 'Frequent buyer' to deeply equal 'Frequent buyer*'
fc02cb37-1e92-45d0-81e4-507a7f9a8ca8,6e576e30-b56c-418d-844d-4a099b20782e,true,
fc02cb37-1e92-45d0-81e4-507a7f9a8ca8,9da135d2-7e5d-4dd3-9f94-a373e887eccd,true,
fc02cb37-1e92-45d0-81e4-507a7f9a8ca8,b90dfaab-3409-4347-9660-8504ed3da4a7,false,"[INV] input.skype == return.contactDTO.skype :: expected 'john.doe.skype' to deeply equal 'john.doe.skype´,'"
fc02cb37-1e92-45d0-81e4-507a7f9a8ca8,d6c0be8d-476f-49d1-812d-ffbb872ee37a,false,"[INV] input.facebook == return.contactDTO.facebook :: expected 'https://facebook.com/test.user' to deeply equal 'https://facebook.co,m/test.user'"
fc02cb37-1e92-45d0-81e4-507a7f9a8ca8,3d45137f-a7e1-4f3f-9b92-e57e130bcd89,false,[INV] input.linkedin == return.contactDTO.linkedin :: expected 'https://linkedin.com/in/testuser' to deeply equal 'EJEMPLO MAYUS'
fc02cb37-1e92-45d0-81e4-507a7f9a8ca8,1801aa40-74c0-4e46-8233-f89af21bf758,false,[INV] input.address2 == return.addressDTO.address2 :: expected 'Apt. 4B' to deeply equal 'n'
fc02cb37-1e92-45d0-81e4-507a7f9a8ca8,4bd3d256-0a90-482f-b193-737164c0d2e7,false,[INV] input.zipCode == return.addressDTO.zipCode :: expected '100000' to deeply equal 'ejemplo minus'
fc02cb37-1e92-45d0-81e4-507a7f9a8ca8,7bbdbb8a-527d-4bca-b74b-3cf5fa827254,false,"[INV] return.roles[] elements one of { ADMINISTRATOR, USER } :: expected false to be true"
fc02cb37-1e92-45d0-81e4-507a7f9a8ca8,02f4171e-fea7-4b2f-be60-c39c7ee1f877,false,"[INV] size(return.permissions[]) one of { 2, 3 } :: expected false to be true"
211f7921-f09c-4699-8c7f-b1f34be0b036,35d5c086-b3d6-45ae-9721-32a794dd788b,true,
211f7921-f09c-4699-8c7f-b1f34be0b036,ea9c5e3c-935d-45b5-bf23-0451438c39e9,true,
211f7921-f09c-4699-8c7f-b1f34be0b036,e6e5fbfe-5587-4235-ba7e-3a017e7b3063,true,
211f7921-f09c-4699-8c7f-b1f34be0b036,7b1da2fc-bf36-41f5-9842-40def81a104c,false,[INV] input.username == return.username :: expected 'johndoe90' to deeply equal 'M'
211f7921-f09c-4699-8c7f-b1f34be0b036,91d88496-1504-4982-ab06-4c07c4d5dce2,false,[INV] input.surname == return.surname :: expected 'Doe' to deeply equal 'ejemplo minus'
211f7921-f09c-4699-8c7f-b1f34be0b036,2918ba63-0420-4c1a-b68c-615f525baba5,false,[INV] input.gender == return.gender :: expected 'MALE' to deeply equal '%jz('
211f7921-f09c-4699-8c7f-b1f34be0b036,d2a76750-e5a1-4306-b91b-e2655cda0e55,true,
211f7921-f09c-4699-8c7f-b1f34be0b036,f3045028-50ba-44bc-a005-13e5376652f7,true,
211f7921-f09c-4699-8c7f-b1f34be0b036,5888674a-7b05-4ae4-beca-6ba961947645,true,
211f7921-f09c-4699-8c7f-b1f34be0b036,409c7b18-d63e-45e9-b55b-a1b053191768,false,[INV] input.facebook == return.contactDTO.facebook :: expected 'https://facebook.com/john.doe' to deeply equal 'KcKr4ueW4w'
211f7921-f09c-4699-8c7f-b1f34be0b036,5f0e1774-66c6-46c4-b7b3-03bf0f49a9f8,true,
211f7921-f09c-4699-8c7f-b1f34be0b036,e6f6e4f1-a588-41df-80f3-eeaa5e71bf82,true,
211f7921-f09c-4699-8c7f-b1f34be0b036,c053ff07-e336-49ec-8e8f-c365831318ff,true,
211f7921-f09c-4699-8c7f-b1f34be0b036,66a94d7c-3bb5-42a1-9e3b-6fe2abb56729,false,"[INV] input.address2 == return.addressDTO.address2 :: expected 'Building 5' to deeply equal 'Buildin/,g 5'"
211f7921-f09c-4699-8c7f-b1f34be0b036,cace2de8-8ed5-4905-b2a7-52cc8b2694dc,false,[INV] input.country == return.addressDTO.country :: expected 'UK' to deeply equal ';3*{'
211f7921-f09c-4699-8c7f-b1f34be0b036,f60321ce-d72e-4dc4-a2d1-9a3f56dee86d,false,[INV] input.zipCode == return.addressDTO.zipCode :: expected 'SW1A 1AA' to deeply equal '*SW1A 1AA'
211f7921-f09c-4699-8c7f-b1f34be0b036,4f33dbd6-49bf-45f8-b2cc-0157c19e50aa,true,
211f7921-f09c-4699-8c7f-b1f34be0b036,fb0c4bf0-709f-4378-afbe-e7cd33fb2421,false,"[INV] return.permissions[] elements one of { ADMIN_USER_DATA, LOGIN, VIEW_PROFILE } :: expected false to be true"

Summary,Total=1674,Passed=397,KillRate=76.3%,TimeCost=31.27 s
