OriginalTestCaseId,TestCaseId,Success,FailureMessage
639abae3-3e45-4fe0-8dc7-17102e8c0f78,350d8034-ec07-4de1-baa9-af7bbb8b0214,false,[NO_5XX] Unexpected 5XX response: 504
639abae3-3e45-4fe0-8dc7-17102e8c0f78,176caa8c-91d6-4bc1-b130-57a45608b4c8,true,
639abae3-3e45-4fe0-8dc7-17102e8c0f78,cfa54b1e-3749-47cb-aa20-7b950c50a3f3,true,
639abae3-3e45-4fe0-8dc7-17102e8c0f78,b3905b23-0dc3-4f4c-8dfa-7ae96f02bc72,false,"[OAS] [OAS] validation failed:
 - ERROR - Object instance has properties which are not allowed by the schema: [""randomBoolean1""]: []
"
639abae3-3e45-4fe0-8dc7-17102e8c0f78,3652e0b5-5062-4471-9870-31b65add0b05,true,
639abae3-3e45-4fe0-8dc7-17102e8c0f78,02932d5f-2443-4ac0-aeab-0ae08ba1f2a5,false,"[OAS] [OAS] validation failed:
 - ERROR - [Path '/username'] Instance type (number) does not match any allowed primitive type (allowed: [""string""]): []
"
639abae3-3e45-4fe0-8dc7-17102e8c0f78,a77b7f3c-7aaa-48d6-bdfe-5c5055a39a7e,true,
639abae3-3e45-4fe0-8dc7-17102e8c0f78,48111edf-4f72-4777-ae86-c61ccba90771,false,"[OAS] [OAS] validation failed:
 - ERROR - [Path '/surname'] Instance type (number) does not match any allowed primitive type (allowed: [""null"",""string""]): []
"
639abae3-3e45-4fe0-8dc7-17102e8c0f78,a9ed6da3-9685-4d8a-8f6e-12b75d17dbff,true,
639abae3-3e45-4fe0-8dc7-17102e8c0f78,5a7caacb-45c8-4797-9f2a-57d1a744def1,false,"[OAS] [OAS] validation failed:
 - ERROR - [Path '/birthDate'] Instance type (object) does not match any allowed primitive type (allowed: [""null"",""string""]): []
"
639abae3-3e45-4fe0-8dc7-17102e8c0f78,a0a2d17d-5550-41aa-a749-01a94998e2fe,true,
639abae3-3e45-4fe0-8dc7-17102e8c0f78,7ebb41ba-917a-4daa-8bf2-a133f2a80a2f,true,
639abae3-3e45-4fe0-8dc7-17102e8c0f78,ad9ca678-0d4d-4238-ac86-c04f37dc8ee9,false,"[OAS] [OAS] validation failed:
 - ERROR - [Path '/loginDt'] Instance type (object) does not match any allowed primitive type (allowed: [""null"",""string""]): []
"
639abae3-3e45-4fe0-8dc7-17102e8c0f78,b1cae7ab-aadf-4c83-862a-68e0c3bc6412,true,
639abae3-3e45-4fe0-8dc7-17102e8c0f78,19138121-7130-493a-b1d5-ea63f7702b3d,false,"[OAS] [OAS] validation failed:
 - ERROR - [Path '/contactDTO'] Instance type (null) does not match any allowed primitive type (allowed: [""object""]): []
"
639abae3-3e45-4fe0-8dc7-17102e8c0f78,f3389878-e52d-404a-8b03-205264599532,true,
639abae3-3e45-4fe0-8dc7-17102e8c0f78,b667567f-7629-4804-b4d4-59639cac0c2e,true,
639abae3-3e45-4fe0-8dc7-17102e8c0f78,2ca10d4d-89b9-46fd-bdff-254ffbeea6e5,true,
639abae3-3e45-4fe0-8dc7-17102e8c0f78,298a2760-ae68-4b4d-89e9-8ff9203a2caf,true,
639abae3-3e45-4fe0-8dc7-17102e8c0f78,df429ba8-c6dc-4344-8787-af123f113ef7,false,"[OAS] [OAS] validation failed:
 - ERROR - [Path '/contactDTO/linkedin'] Instance type (array) does not match any allowed primitive type (allowed: [""null"",""string""]): []
"
639abae3-3e45-4fe0-8dc7-17102e8c0f78,abcc4be8-33c0-4bd5-a1e0-891a56d4327e,false,"[OAS] [OAS] validation failed:
 - ERROR - [Path '/contactDTO/website'] Instance type (integer) does not match any allowed primitive type (allowed: [""null"",""string""]): []
"
639abae3-3e45-4fe0-8dc7-17102e8c0f78,68ee4a24-6e5d-4332-a854-7c13fa2082fc,true,
639abae3-3e45-4fe0-8dc7-17102e8c0f78,45b73ff0-64a5-4675-afee-d3b38195474a,false,"[OAS] [OAS] validation failed:
 - ERROR - [Path '/addressDTO'] Instance type (array) does not match any allowed primitive type (allowed: [""object""]): []
"
639abae3-3e45-4fe0-8dc7-17102e8c0f78,a7f94c39-ad28-40bb-a2ce-1cc952c67e89,false,"[OAS] [OAS] validation failed:
 - ERROR - [Path '/addressDTO/address'] Instance type (integer) does not match any allowed primitive type (allowed: [""null"",""string""]): []
"
639abae3-3e45-4fe0-8dc7-17102e8c0f78,d1ae9866-0d53-4f3d-9b39-2fa39a967d57,true,
639abae3-3e45-4fe0-8dc7-17102e8c0f78,4b7d8239-00ea-4c61-bb8a-ea371f1a5bd8,true,
639abae3-3e45-4fe0-8dc7-17102e8c0f78,7b5280e0-3a95-4f65-afad-c6f3fdae5f6a,false,"[OAS] [OAS] validation failed:
 - ERROR - [Path '/addressDTO/country'] Instance type (array) does not match any allowed primitive type (allowed: [""null"",""string""]): []
"
639abae3-3e45-4fe0-8dc7-17102e8c0f78,687b06da-6762-4e28-bbd6-33b61a12261e,false,"[OAS] [OAS] validation failed:
 - ERROR - [Path '/addressDTO/zipCode'] Instance type (object) does not match any allowed primitive type (allowed: [""null"",""string""]): []
"
639abae3-3e45-4fe0-8dc7-17102e8c0f78,7837b221-f30c-4781-8481-ef6ede846753,true,
639abae3-3e45-4fe0-8dc7-17102e8c0f78,9eb096fe-2dd9-45b0-964b-b16b6e9a32cd,false,"[OAS] [OAS] validation failed:
 - ERROR - [Path '/roles/0'] Instance type (null) does not match any allowed primitive type (allowed: [""string""]): []
"
639abae3-3e45-4fe0-8dc7-17102e8c0f78,1fc05475-b085-4d94-99ed-1f46849ab93e,false,"[OAS] [OAS] validation failed:
 - ERROR - [Path '/permissions/2'] Instance type (object) does not match any allowed primitive type (allowed: [""string""]): []
"
639abae3-3e45-4fe0-8dc7-17102e8c0f78,b59de29c-3dca-4a1b-ab65-1b458c8fa1eb,false,"[OAS] [OAS] validation failed:
 - ERROR - [Path '/permissions/0'] Instance type (integer) does not match any allowed primitive type (allowed: [""string""]): []
"
639abae3-3e45-4fe0-8dc7-17102e8c0f78,c407f36c-26d8-461d-a8b0-79fd8c0eeb9c,true,
1b9170bb-5328-471a-a017-de9c463749fe,89378669-4253-427d-8040-c5f171a5a5af,false,[NO_5XX] Unexpected 5XX response: 501
1b9170bb-5328-471a-a017-de9c463749fe,faaf706b-405e-4b4b-96c3-af1ff61357bc,true,
1b9170bb-5328-471a-a017-de9c463749fe,fe1f48ea-d481-4235-95a4-7a6129e5374c,true,
1b9170bb-5328-471a-a017-de9c463749fe,36360cc6-5130-4696-8a39-2fe0541327e0,true,
1b9170bb-5328-471a-a017-de9c463749fe,463f18cc-fd50-441d-8fa6-3dcb01bdec9d,false,"[OAS] [OAS] validation failed:
 - ERROR - [Path '/id'] Instance type (null) does not match any allowed primitive type (allowed: [""integer""]): []
"
1b9170bb-5328-471a-a017-de9c463749fe,f18d99f4-c084-44a9-84d5-8953057d10c4,true,
1b9170bb-5328-471a-a017-de9c463749fe,2bc8038e-1c20-4f59-b620-2a94386c6fa4,true,
1b9170bb-5328-471a-a017-de9c463749fe,4cec20b9-04ef-40df-ac97-107ac4a23ef9,true,
1b9170bb-5328-471a-a017-de9c463749fe,2fc51968-f645-44cc-92a2-208e09f059e1,true,
1b9170bb-5328-471a-a017-de9c463749fe,559e46a0-76ea-42bf-8560-e8b6c9508b22,false,"[OAS] [OAS] validation failed:
 - ERROR - [Path '/birthDate'] String ""EJEMPLO MAYUS"" is invalid against requested date format(s) yyyy-MM-dd: []
"
1b9170bb-5328-471a-a017-de9c463749fe,28725348-3c4c-4f8d-83a5-3f7bb5937bfe,true,
1b9170bb-5328-471a-a017-de9c463749fe,d3a75860-c313-4f76-840c-511f9539ecd4,true,
1b9170bb-5328-471a-a017-de9c463749fe,a99d5c52-f268-4cf9-82a2-a5d2358f3ce6,false,"[OAS] [OAS] validation failed:
 - ERROR - [Path '/loginDt'] Instance type (number) does not match any allowed primitive type (allowed: [""null"",""string""]): []
"
1b9170bb-5328-471a-a017-de9c463749fe,333e2521-1b7c-4b9d-aa76-514f4e02b4ff,true,
1b9170bb-5328-471a-a017-de9c463749fe,95bd7861-eb9a-431c-92f7-2da5ddce115a,false,"[OAS] [OAS] validation failed:
 - ERROR - [Path '/contactDTO'] Object instance has properties which are not allowed by the schema: [""randomBoolean1"",""randomObject2""]: []
"
1b9170bb-5328-471a-a017-de9c463749fe,0ab3efba-c776-43f4-9329-6e94d6450df9,true,
1b9170bb-5328-471a-a017-de9c463749fe,a616af80-48b0-43b0-a25b-d27e9cce7fe9,true,
1b9170bb-5328-471a-a017-de9c463749fe,a8aca2be-11dc-4a60-bbb5-db9a7978aedc,false,"[OAS] [OAS] validation failed:
 - ERROR - [Path '/contactDTO/skype'] Instance type (integer) does not match any allowed primitive type (allowed: [""null"",""string""]): []
"
1b9170bb-5328-471a-a017-de9c463749fe,62f44234-c198-44bf-828a-b59595a77a1b,false,"[OAS] [OAS] validation failed:
 - ERROR - [Path '/contactDTO/facebook'] Instance type (object) does not match any allowed primitive type (allowed: [""null"",""string""]): []
"
1b9170bb-5328-471a-a017-de9c463749fe,75a6bc3a-417b-4ccd-81ce-226bbb461ba9,false,"[OAS] [OAS] validation failed:
 - ERROR - [Path '/contactDTO/linkedin'] Instance type (boolean) does not match any allowed primitive type (allowed: [""null"",""string""]): []
"
1b9170bb-5328-471a-a017-de9c463749fe,a0598a8c-b313-4435-bfd6-2b49277007a6,true,
1b9170bb-5328-471a-a017-de9c463749fe,68965b54-3e34-49c3-9d54-7d773d7237a7,true,
1b9170bb-5328-471a-a017-de9c463749fe,de72a108-90a8-4bb6-80b1-c2ca6a8f2bda,true,
1b9170bb-5328-471a-a017-de9c463749fe,cb9bf594-a064-4eca-a432-298e7e36e0b3,false,"[OAS] [OAS] validation failed:
 - ERROR - [Path '/addressDTO/address'] Instance type (integer) does not match any allowed primitive type (allowed: [""null"",""string""]): []
"
1b9170bb-5328-471a-a017-de9c463749fe,fb9bb7dc-b5e2-444f-bc5b-0acc3a1f3f83,true,
1b9170bb-5328-471a-a017-de9c463749fe,18032e75-41bb-418f-9a53-bd4d9773d079,false,"[OAS] [OAS] validation failed:
 - ERROR - [Path '/addressDTO/city'] Instance type (object) does not match any allowed primitive type (allowed: [""null"",""string""]): []
"
1b9170bb-5328-471a-a017-de9c463749fe,7fd1a981-f509-4df9-b9e2-f0f0bdc7b149,true,
1b9170bb-5328-471a-a017-de9c463749fe,a958938c-2eb4-48e6-8eb7-371245ed7ce0,true,
1b9170bb-5328-471a-a017-de9c463749fe,543b0e72-3c26-4bb7-b9c3-bae8479c5e29,false,"[OAS] [OAS] validation failed:
 - ERROR - [Path '/roles'] Instance type (null) does not match any allowed primitive type (allowed: [""array""]): []
"
1b9170bb-5328-471a-a017-de9c463749fe,b14f1977-2814-48ec-ba84-40ea6abb4d17,true,
1b9170bb-5328-471a-a017-de9c463749fe,318c4960-7bcf-464d-b888-f23b51c75fcd,false,"[OAS] [OAS] validation failed:
 - ERROR - [Path '/roles/1'] Instance type (null) does not match any allowed primitive type (allowed: [""string""]): []
"
1b9170bb-5328-471a-a017-de9c463749fe,e724b92b-4ff4-407c-81d4-738735552a69,false,"[OAS] [OAS] validation failed:
 - ERROR - [Path '/permissions'] Instance type (null) does not match any allowed primitive type (allowed: [""array""]): []
"
1b9170bb-5328-471a-a017-de9c463749fe,be75b363-7302-45ce-83fe-88a647b61c0d,true,
1b9170bb-5328-471a-a017-de9c463749fe,dadb04f3-51c6-4588-918b-9ea6c980e64d,false,"[OAS] [OAS] validation failed:
 - ERROR - [Path '/permissions/1'] Instance type (null) does not match any allowed primitive type (allowed: [""string""]): []
"
1b9170bb-5328-471a-a017-de9c463749fe,4b647df5-19c1-4b56-9662-1a92c88b31a7,true,
55f71479-841d-4686-8605-0734e43112c4,761f4602-dd30-418d-80a2-e41d49df7b41,false,"[OAS] [OAS] validation failed:
 - ERROR - Response status 401 not defined for path '/users/{id}'.: []
"
55f71479-841d-4686-8605-0734e43112c4,91541d04-eed1-43e6-861d-a427f64e5474,true,
55f71479-841d-4686-8605-0734e43112c4,d107c105-4bf7-456d-aabd-67aaec343687,true,
55f71479-841d-4686-8605-0734e43112c4,527e859b-8b56-4cbe-9ccd-75bff8212857,true,
55f71479-841d-4686-8605-0734e43112c4,37692893-2511-4128-bc30-0be383f34256,false,"[OAS] [OAS] validation failed:
 - ERROR - [Path '/id'] Instance type (number) does not match any allowed primitive type (allowed: [""integer""]): []
"
55f71479-841d-4686-8605-0734e43112c4,1203d772-860d-4274-9bfb-d9511ee053b5,false,"[OAS] [OAS] validation failed:
 - ERROR - [Path '/username'] Instance type (number) does not match any allowed primitive type (allowed: [""string""]): []
"
55f71479-841d-4686-8605-0734e43112c4,08cc7a4e-b1af-49cc-8aeb-c3dbae3b7337,true,
55f71479-841d-4686-8605-0734e43112c4,11ea3c79-cd38-44d1-900b-2a068953bb30,true,
55f71479-841d-4686-8605-0734e43112c4,8eeda5cc-e988-477d-ae3a-33ea6c609916,false,"[OAS] [OAS] validation failed:
 - ERROR - [Path '/gender'] Instance type (array) does not match any allowed primitive type (allowed: [""string""]): []
"
55f71479-841d-4686-8605-0734e43112c4,c4289e8e-f305-42ce-9870-dcef31790902,false,"[OAS] [OAS] validation failed:
 - ERROR - [Path '/birthDate'] String ""EJEMPLO MAYUS"" is invalid against requested date format(s) yyyy-MM-dd: []
"
55f71479-841d-4686-8605-0734e43112c4,26405ab0-5dc9-4dbc-b9e1-2e2ac9e9c04c,true,
55f71479-841d-4686-8605-0734e43112c4,6d5fb0ed-3426-43ba-8170-ef29414325a2,true,
55f71479-841d-4686-8605-0734e43112c4,e05051f9-649e-4f16-a182-b5fd4b818d49,false,"[OAS] [OAS] validation failed:
 - ERROR - [Path '/loginDt'] Instance type (number) does not match any allowed primitive type (allowed: [""null"",""string""]): []
"
55f71479-841d-4686-8605-0734e43112c4,16e94100-cfef-4cca-86ce-42f9ca14c6e7,true,
55f71479-841d-4686-8605-0734e43112c4,d80adcb1-8752-4739-8a9e-2c1ea972d633,false,"[OAS] [OAS] validation failed:
 - ERROR - [Path '/contactDTO'] Instance type (number) does not match any allowed primitive type (allowed: [""object""]): []
"
55f71479-841d-4686-8605-0734e43112c4,83f9758f-a577-453a-8688-8bd79e2722af,false,"[OAS] [OAS] validation failed:
 - ERROR - [Path '/contactDTO/email'] Instance type (object) does not match any allowed primitive type (allowed: [""string""]): []
"
55f71479-841d-4686-8605-0734e43112c4,aaaa9bd3-b81b-4432-81b7-b84c655da00c,false,"[OAS] [OAS] validation failed:
 - ERROR - [Path '/contactDTO/phone'] Instance type (object) does not match any allowed primitive type (allowed: [""null"",""string""]): []
"
55f71479-841d-4686-8605-0734e43112c4,80c900c9-ee6b-46ea-8720-365e1034beef,false,"[OAS] [OAS] validation failed:
 - ERROR - [Path '/contactDTO/skype'] Instance type (object) does not match any allowed primitive type (allowed: [""null"",""string""]): []
"
55f71479-841d-4686-8605-0734e43112c4,561b67b5-a2e5-427c-afb5-9c9d6cd9caaf,false,"[OAS] [OAS] validation failed:
 - ERROR - [Path '/contactDTO/facebook'] Instance type (array) does not match any allowed primitive type (allowed: [""null"",""string""]): []
"
55f71479-841d-4686-8605-0734e43112c4,e2f6cb64-cd9e-4255-b255-256a1a0ea828,true,
55f71479-841d-4686-8605-0734e43112c4,f5eb61f4-4def-465f-bd30-ea2423de7a43,false,"[OAS] [OAS] validation failed:
 - ERROR - [Path '/contactDTO/website'] Instance type (integer) does not match any allowed primitive type (allowed: [""null"",""string""]): []
"
55f71479-841d-4686-8605-0734e43112c4,83377f63-6dac-4ada-b839-1485bfcb9ab3,false,"[OAS] [OAS] validation failed:
 - ERROR - [Path '/contactDTO/contactNote'] Instance type (integer) does not match any allowed primitive type (allowed: [""null"",""string""]): []
"
55f71479-841d-4686-8605-0734e43112c4,307c3e36-0296-49d9-8288-418b767adfaf,false,"[OAS] [OAS] validation failed:
 - ERROR - [Path '/addressDTO'] Instance type (null) does not match any allowed primitive type (allowed: [""object""]): []
"
55f71479-841d-4686-8605-0734e43112c4,ed2161b4-a3ac-4fb0-bdb9-c1deb4b3bbf6,true,
55f71479-841d-4686-8605-0734e43112c4,9de17423-7d7c-4963-97c4-db42bf0230d9,true,
55f71479-841d-4686-8605-0734e43112c4,e47dda3a-fa0d-4a40-94b2-4c36ee7c2579,true,
55f71479-841d-4686-8605-0734e43112c4,5d05c16b-4b57-4ca6-aec4-0eb7f413f2c9,true,
55f71479-841d-4686-8605-0734e43112c4,d8cfdff2-5fcd-4307-b7e7-b90aa2a90325,true,
55f71479-841d-4686-8605-0734e43112c4,f5f05b15-14a8-486d-8008-45177eae0f13,false,"[OAS] [OAS] validation failed:
 - ERROR - [Path '/roles'] Instance type (null) does not match any allowed primitive type (allowed: [""array""]): []
"
55f71479-841d-4686-8605-0734e43112c4,7559abde-014a-4d76-9aff-50ac07307063,true,
55f71479-841d-4686-8605-0734e43112c4,c48f6063-bf7e-4ca5-87d1-c9ebdb2eddb8,false,"[OAS] [OAS] validation failed:
 - ERROR - [Path '/permissions/2'] Instance type (object) does not match any allowed primitive type (allowed: [""string""]): []
"
55f71479-841d-4686-8605-0734e43112c4,5cf2bb70-5cf9-4bee-85c6-00b72ea276ea,false,"[OAS] [OAS] validation failed:
 - ERROR - [Path '/permissions/0'] Instance type (array) does not match any allowed primitive type (allowed: [""string""]): []
"
55f71479-841d-4686-8605-0734e43112c4,a53d17ab-dab3-48a6-980a-025b3bdbfed9,true,
0cf7ac2e-f4ed-4099-ade5-026eb51eab5f,28bd864d-c5ce-442e-964f-15f8b8031dc5,false,[NO_5XX] Unexpected 5XX response: 503
0cf7ac2e-f4ed-4099-ade5-026eb51eab5f,9428a026-f10f-4ef5-804d-a910997a2fd0,true,
0cf7ac2e-f4ed-4099-ade5-026eb51eab5f,5f5749d7-e2e0-43c2-86d0-857f1d6c316f,true,
0cf7ac2e-f4ed-4099-ade5-026eb51eab5f,8db4660a-1348-47d4-a7b6-6ce8575b7f16,true,
0cf7ac2e-f4ed-4099-ade5-026eb51eab5f,038c5ca9-8913-4589-95d4-003444fcb525,true,
0cf7ac2e-f4ed-4099-ade5-026eb51eab5f,333477c8-9eba-4c20-8ec4-2c17303e7981,true,
0cf7ac2e-f4ed-4099-ade5-026eb51eab5f,b11e0599-5391-42d5-b0f1-0b44cf881cb5,true,
0cf7ac2e-f4ed-4099-ade5-026eb51eab5f,e08ce9ff-9859-4fd9-b9d8-052d361debc9,true,
0cf7ac2e-f4ed-4099-ade5-026eb51eab5f,aa80998c-c087-49dd-8dde-c3464d6ce248,true,
0cf7ac2e-f4ed-4099-ade5-026eb51eab5f,5ac28ba7-c068-4218-9247-6ce81524ecad,false,"[OAS] [OAS] validation failed:
 - ERROR - [Path '/birthDate'] String ""200/*0-07-15"" is invalid against requested date format(s) yyyy-MM-dd: []
"
0cf7ac2e-f4ed-4099-ade5-026eb51eab5f,8bce7175-c008-4855-972b-f3d32d0b2830,false,"[OAS] [OAS] validation failed:
 - ERROR - [Path '/enabled'] Instance type (null) does not match any allowed primitive type (allowed: [""boolean""]): []
"
0cf7ac2e-f4ed-4099-ade5-026eb51eab5f,762b719c-812f-4339-bdc2-cfd4810d9187,false,"[OAS] [OAS] validation failed:
 - ERROR - [Path '/note'] Instance type (number) does not match any allowed primitive type (allowed: [""null"",""string""]): []
"
0cf7ac2e-f4ed-4099-ade5-026eb51eab5f,d44d15ef-8c0a-4c3f-b0e1-3f2778aa66c8,false,"[OAS] [OAS] validation failed:
 - ERROR - [Path '/loginDt'] Instance type (object) does not match any allowed primitive type (allowed: [""null"",""string""]): []
"
0cf7ac2e-f4ed-4099-ade5-026eb51eab5f,7931f2e5-fab6-4708-8f39-ec2f817af4d9,false,"[OAS] [OAS] validation failed:
 - ERROR - [Path '/secured'] Instance type (object) does not match any allowed primitive type (allowed: [""boolean""]): []
"
0cf7ac2e-f4ed-4099-ade5-026eb51eab5f,10b58bdc-333b-4485-969e-963a0bdb8eab,true,
0cf7ac2e-f4ed-4099-ade5-026eb51eab5f,e4be62dd-7ab1-4b7d-b088-ba53c4deb0e5,false,"[OAS] [OAS] validation failed:
 - ERROR - [Path '/contactDTO/email'] Instance type (null) does not match any allowed primitive type (allowed: [""string""]): []
"
0cf7ac2e-f4ed-4099-ade5-026eb51eab5f,8fb13e24-40d2-4f9b-af11-06aea5d03387,false,"[OAS] [OAS] validation failed:
 - ERROR - [Path '/contactDTO/phone'] Instance type (object) does not match any allowed primitive type (allowed: [""null"",""string""]): []
"
0cf7ac2e-f4ed-4099-ade5-026eb51eab5f,1fbfbfaf-d8f8-4cf4-80f5-1960afc7a96c,true,
0cf7ac2e-f4ed-4099-ade5-026eb51eab5f,3a9a745d-3dcf-4196-b3d9-5e42425b46ae,false,"[OAS] [OAS] validation failed:
 - ERROR - [Path '/contactDTO/facebook'] Instance type (integer) does not match any allowed primitive type (allowed: [""null"",""string""]): []
"
0cf7ac2e-f4ed-4099-ade5-026eb51eab5f,eba0ba4f-f011-491c-877f-aab71361ad76,true,
0cf7ac2e-f4ed-4099-ade5-026eb51eab5f,763e2b14-cd6e-4199-ba80-19f5ea53ca9e,false,"[OAS] [OAS] validation failed:
 - ERROR - [Path '/contactDTO/website'] Instance type (boolean) does not match any allowed primitive type (allowed: [""null"",""string""]): []
"
0cf7ac2e-f4ed-4099-ade5-026eb51eab5f,9683d277-aaac-4f6b-ac5c-a8e23304f0a7,false,"[OAS] [OAS] validation failed:
 - ERROR - [Path '/contactDTO/contactNote'] Instance type (object) does not match any allowed primitive type (allowed: [""null"",""string""]): []
"
0cf7ac2e-f4ed-4099-ade5-026eb51eab5f,9867a19d-ce59-4b64-9479-07a44d329ad5,false,"[OAS] [OAS] validation failed:
 - ERROR - [Path '/addressDTO'] Instance type (null) does not match any allowed primitive type (allowed: [""object""]): []
"
0cf7ac2e-f4ed-4099-ade5-026eb51eab5f,41fdd5b7-2f7d-4820-a42d-2afdb3120a35,true,
0cf7ac2e-f4ed-4099-ade5-026eb51eab5f,b123a3d9-9366-4e94-8b03-7ac27ff6846e,false,"[OAS] [OAS] validation failed:
 - ERROR - [Path '/addressDTO/address2'] Instance type (array) does not match any allowed primitive type (allowed: [""null"",""string""]): []
"
0cf7ac2e-f4ed-4099-ade5-026eb51eab5f,1a5947bf-01c2-4af5-b1e3-ddc60db2457e,true,
0cf7ac2e-f4ed-4099-ade5-026eb51eab5f,59b6d54d-1daa-4efa-b11d-d5744df9a568,true,
0cf7ac2e-f4ed-4099-ade5-026eb51eab5f,8ba627d3-3e8c-40ed-a8f9-56e0fbe235f1,false,"[OAS] [OAS] validation failed:
 - ERROR - [Path '/addressDTO/zipCode'] Instance type (integer) does not match any allowed primitive type (allowed: [""null"",""string""]): []
"
0cf7ac2e-f4ed-4099-ade5-026eb51eab5f,c4b73bea-7dfb-4d88-abe1-ec6aa2ff467a,false,"[OAS] [OAS] validation failed:
 - ERROR - [Path '/roles'] Instance type (number) does not match any allowed primitive type (allowed: [""array""]): []
"
0cf7ac2e-f4ed-4099-ade5-026eb51eab5f,02e9b227-7d88-4277-a255-9793ee2d1303,false,"[OAS] [OAS] validation failed:
 - ERROR - [Path '/roles/0'] Instance type (null) does not match any allowed primitive type (allowed: [""string""]): []
"
0cf7ac2e-f4ed-4099-ade5-026eb51eab5f,1166674d-01e7-4850-87a1-03faa3199020,true,
0cf7ac2e-f4ed-4099-ade5-026eb51eab5f,337a3f44-66a0-4e8a-8903-71305ad6bd01,false,"[OAS] [OAS] validation failed:
 - ERROR - [Path '/permissions/0'] Instance type (array) does not match any allowed primitive type (allowed: [""string""]): []
"
0cf7ac2e-f4ed-4099-ade5-026eb51eab5f,f53058b1-7a37-4c6b-96be-6e03048f4118,true,
b86d6522-2f7b-44fa-bad8-70629643c6db,10952f31-66e2-4efb-9c95-e2c7a4f86578,false,[NO_5XX] Unexpected 5XX response: 503
b86d6522-2f7b-44fa-bad8-70629643c6db,d804a01e-b639-41d7-b3a7-2db64801aa0b,true,
b86d6522-2f7b-44fa-bad8-70629643c6db,13aa5644-c412-483e-bfcb-7b67d09f4a2c,true,
b86d6522-2f7b-44fa-bad8-70629643c6db,3b3bd310-9baf-4aa3-b0de-470c5ae53ecc,false,"[OAS] [OAS] validation failed:
 - ERROR - Object instance has properties which are not allowed by the schema: [""randomBoolean1""]: []
"
b86d6522-2f7b-44fa-bad8-70629643c6db,138586c9-d0ea-4391-ae00-5c3dbe1b9d14,false,"[OAS] [OAS] validation failed:
 - ERROR - [Path '/id'] Instance type (null) does not match any allowed primitive type (allowed: [""integer""]): []
"
b86d6522-2f7b-44fa-bad8-70629643c6db,d1616e06-288e-4446-9979-82270209f47e,false,"[OAS] [OAS] validation failed:
 - ERROR - [Path '/username'] Instance type (null) does not match any allowed primitive type (allowed: [""string""]): []
"
b86d6522-2f7b-44fa-bad8-70629643c6db,f3f2190f-6271-437d-8035-49940ce6d51b,true,
b86d6522-2f7b-44fa-bad8-70629643c6db,eb990a9b-3934-45ef-9e8d-07b0871ccc23,false,"[OAS] [OAS] validation failed:
 - ERROR - [Path '/surname'] Instance type (number) does not match any allowed primitive type (allowed: [""null"",""string""]): []
"
b86d6522-2f7b-44fa-bad8-70629643c6db,817f217a-60c1-4c68-9f6c-500ca987c4af,false,"[OAS] [OAS] validation failed:
 - ERROR - [Path '/gender'] Instance type (null) does not match any allowed primitive type (allowed: [""string""]): []
"
b86d6522-2f7b-44fa-bad8-70629643c6db,9d639184-170f-49e1-ba5f-11f2d9215248,true,
b86d6522-2f7b-44fa-bad8-70629643c6db,3dbbb260-266c-4916-a88c-d58827709b11,false,"[OAS] [OAS] validation failed:
 - ERROR - [Path '/enabled'] Instance type (number) does not match any allowed primitive type (allowed: [""boolean""]): []
"
b86d6522-2f7b-44fa-bad8-70629643c6db,106051e2-2725-4931-ae1b-cfdf6b4a697c,false,"[OAS] [OAS] validation failed:
 - ERROR - [Path '/note'] Instance type (integer) does not match any allowed primitive type (allowed: [""null"",""string""]): []
"
b86d6522-2f7b-44fa-bad8-70629643c6db,3f5d5bdb-ad12-4cdf-817d-fcb1894bd5cb,false,"[OAS] [OAS] validation failed:
 - ERROR - [Path '/loginDt'] Instance type (object) does not match any allowed primitive type (allowed: [""null"",""string""]): []
"
b86d6522-2f7b-44fa-bad8-70629643c6db,a22a8d8a-d5ea-48b8-b3cc-820140842160,true,
b86d6522-2f7b-44fa-bad8-70629643c6db,4d95a4a0-8c7a-4ad8-b438-88b72b02ee6f,false,"[OAS] [OAS] validation failed:
 - ERROR - [Path '/contactDTO'] Instance type (number) does not match any allowed primitive type (allowed: [""object""]): []
"
b86d6522-2f7b-44fa-bad8-70629643c6db,9fdd99a9-f553-43e8-8d58-1906343be003,false,"[OAS] [OAS] validation failed:
 - ERROR - [Path '/contactDTO/email'] Instance type (array) does not match any allowed primitive type (allowed: [""string""]): []
"
b86d6522-2f7b-44fa-bad8-70629643c6db,b77644b4-9cad-4f71-9588-f4465e28e575,false,"[OAS] [OAS] validation failed:
 - ERROR - [Path '/contactDTO/phone'] Instance type (object) does not match any allowed primitive type (allowed: [""null"",""string""]): []
"
b86d6522-2f7b-44fa-bad8-70629643c6db,5bba676f-a066-4646-b7e2-8c038138b488,true,
b86d6522-2f7b-44fa-bad8-70629643c6db,58df99a7-0785-4ae4-85e5-791e184f72b1,true,
b86d6522-2f7b-44fa-bad8-70629643c6db,67efad95-71fa-4bed-b58a-2615cd9f70bb,true,
b86d6522-2f7b-44fa-bad8-70629643c6db,88312212-2f56-4ddf-8816-75abe33b7731,true,
b86d6522-2f7b-44fa-bad8-70629643c6db,5a6ac2cd-2ec0-4a5b-96b7-477d8ac4eecb,true,
b86d6522-2f7b-44fa-bad8-70629643c6db,e66d3804-232c-42b7-a3ba-102cfa94dd41,false,"[OAS] [OAS] validation failed:
 - ERROR - [Path '/addressDTO'] Instance type (array) does not match any allowed primitive type (allowed: [""object""]): []
"
b86d6522-2f7b-44fa-bad8-70629643c6db,c669e315-de98-4326-9619-b1604206429e,true,
b86d6522-2f7b-44fa-bad8-70629643c6db,cdf3657a-b23a-4d49-92e5-bee2f398ae94,true,
b86d6522-2f7b-44fa-bad8-70629643c6db,7acfe051-8ea8-4c68-86ab-cf6bd7359fa9,true,
b86d6522-2f7b-44fa-bad8-70629643c6db,f2c7f87c-1a33-4871-9185-905cca2440ed,true,
b86d6522-2f7b-44fa-bad8-70629643c6db,b5e93ab8-db9e-4ac3-814c-11d9b08aa755,true,
b86d6522-2f7b-44fa-bad8-70629643c6db,9f4cd4ef-45cc-4c99-bb8d-0cb42cd394c3,true,
b86d6522-2f7b-44fa-bad8-70629643c6db,aa42508e-2288-4a81-84af-cd32ce3a3eb6,true,
b86d6522-2f7b-44fa-bad8-70629643c6db,680b7807-90ba-4a0a-ad16-a4c0c5312d0a,true,
b86d6522-2f7b-44fa-bad8-70629643c6db,d1621917-29d3-49a8-9ba4-7b7c84d603b4,false,"[OAS] [OAS] validation failed:
 - ERROR - [Path '/permissions'] Instance type (object) does not match any allowed primitive type (allowed: [""array""]): []
"
b86d6522-2f7b-44fa-bad8-70629643c6db,b85af1ff-2eb5-4e9a-ba47-49ca6e488fb0,false,"[OAS] [OAS] validation failed:
 - ERROR - [Path '/permissions/0'] Instance type (object) does not match any allowed primitive type (allowed: [""string""]): []
"
b86d6522-2f7b-44fa-bad8-70629643c6db,d078b827-c8d7-4a49-8b82-440afc77b368,true,
b86d6522-2f7b-44fa-bad8-70629643c6db,f6b0434f-f9cf-4fbd-9179-eaf53b9bb60c,true,
e19e8829-9d6b-45fd-b7eb-5ba7bb2e7f5d,a474778b-1c99-49f0-b172-bf02f34dd0c2,false,"[OAS] [OAS] validation failed:
 - ERROR - Response status 409 not defined for path '/users/{id}'.: []
"
e19e8829-9d6b-45fd-b7eb-5ba7bb2e7f5d,22990013-065a-435a-bcff-7f4c3ff6831b,true,
e19e8829-9d6b-45fd-b7eb-5ba7bb2e7f5d,17a3cbb4-0636-4730-adfc-633c5cb43fb0,true,
e19e8829-9d6b-45fd-b7eb-5ba7bb2e7f5d,8b6916c1-2805-4220-b1a4-be3abf6ad8da,true,
e19e8829-9d6b-45fd-b7eb-5ba7bb2e7f5d,9422c042-fe63-4163-9adc-ef51f1db0e8b,false,"[OAS] [OAS] validation failed:
 - ERROR - [Path '/id'] Instance type (null) does not match any allowed primitive type (allowed: [""integer""]): []
"
e19e8829-9d6b-45fd-b7eb-5ba7bb2e7f5d,a3f76956-855c-4fea-8b59-cb3aecfba326,false,"[OAS] [OAS] validation failed:
 - ERROR - [Path '/username'] Instance type (null) does not match any allowed primitive type (allowed: [""string""]): []
"
e19e8829-9d6b-45fd-b7eb-5ba7bb2e7f5d,80b38b4d-7598-450c-b03d-822be5aa1985,true,
e19e8829-9d6b-45fd-b7eb-5ba7bb2e7f5d,358fcb62-ab58-4a52-8d09-56ee2c6ffcda,true,
e19e8829-9d6b-45fd-b7eb-5ba7bb2e7f5d,f5afde03-9a76-4a72-b26f-935f4e4642c9,true,
e19e8829-9d6b-45fd-b7eb-5ba7bb2e7f5d,b9e927f0-3db0-47a3-8a14-68b238a84e23,true,
e19e8829-9d6b-45fd-b7eb-5ba7bb2e7f5d,68947cd2-7fe5-41ac-b6b4-7ffb8a734eb2,false,"[OAS] [OAS] validation failed:
 - ERROR - [Path '/enabled'] Instance type (null) does not match any allowed primitive type (allowed: [""boolean""]): []
"
e19e8829-9d6b-45fd-b7eb-5ba7bb2e7f5d,d70f5fbc-0868-4873-b82f-fea8f67de3c5,false,"[OAS] [OAS] validation failed:
 - ERROR - [Path '/note'] Instance type (number) does not match any allowed primitive type (allowed: [""null"",""string""]): []
"
e19e8829-9d6b-45fd-b7eb-5ba7bb2e7f5d,34f50842-5312-4601-896d-3371fc3d0814,false,"[OAS] [OAS] validation failed:
 - ERROR - [Path '/loginDt'] Instance type (object) does not match any allowed primitive type (allowed: [""null"",""string""]): []
"
e19e8829-9d6b-45fd-b7eb-5ba7bb2e7f5d,91aae536-6361-4712-b211-f434d7485c49,false,"[OAS] [OAS] validation failed:
 - ERROR - [Path '/secured'] Instance type (object) does not match any allowed primitive type (allowed: [""boolean""]): []
"
e19e8829-9d6b-45fd-b7eb-5ba7bb2e7f5d,ae98af6f-9762-45a5-814f-d12b6e0a021e,true,
e19e8829-9d6b-45fd-b7eb-5ba7bb2e7f5d,fec3adf6-9036-45f0-b891-15dacfbfe486,true,
e19e8829-9d6b-45fd-b7eb-5ba7bb2e7f5d,f7031046-716d-45d8-910b-1660aca2d827,false,"[OAS] [OAS] validation failed:
 - ERROR - [Path '/contactDTO/phone'] Instance type (object) does not match any allowed primitive type (allowed: [""null"",""string""]): []
"
e19e8829-9d6b-45fd-b7eb-5ba7bb2e7f5d,c2f6944a-b789-45fc-98b1-dd8931ff20f7,true,
e19e8829-9d6b-45fd-b7eb-5ba7bb2e7f5d,c0b8e5b5-27cf-44fb-9a3e-452a45d79fdf,false,"[OAS] [OAS] validation failed:
 - ERROR - [Path '/contactDTO/facebook'] Instance type (object) does not match any allowed primitive type (allowed: [""null"",""string""]): []
"
e19e8829-9d6b-45fd-b7eb-5ba7bb2e7f5d,ebb94e50-6155-4e60-b25c-debb97775ac8,true,
e19e8829-9d6b-45fd-b7eb-5ba7bb2e7f5d,735d9dd6-f5c0-44c6-92a8-0957aeec59fc,true,
e19e8829-9d6b-45fd-b7eb-5ba7bb2e7f5d,4536daf8-65b7-49e7-baef-fd0e03547f30,false,"[OAS] [OAS] validation failed:
 - ERROR - [Path '/contactDTO/contactNote'] Instance type (array) does not match any allowed primitive type (allowed: [""null"",""string""]): []
"
e19e8829-9d6b-45fd-b7eb-5ba7bb2e7f5d,3d9b4776-fa69-4db0-a4d1-ab27da9fd290,false,"[OAS] [OAS] validation failed:
 - ERROR - [Path '/addressDTO'] Instance type (array) does not match any allowed primitive type (allowed: [""object""]): []
"
e19e8829-9d6b-45fd-b7eb-5ba7bb2e7f5d,5446f0f6-fab9-474e-aa16-f714981c5f4d,false,"[OAS] [OAS] validation failed:
 - ERROR - [Path '/addressDTO/address'] Instance type (integer) does not match any allowed primitive type (allowed: [""null"",""string""]): []
"
e19e8829-9d6b-45fd-b7eb-5ba7bb2e7f5d,a439586e-9501-481b-8103-3871616a90cd,false,"[OAS] [OAS] validation failed:
 - ERROR - [Path '/addressDTO/address2'] Instance type (array) does not match any allowed primitive type (allowed: [""null"",""string""]): []
"
e19e8829-9d6b-45fd-b7eb-5ba7bb2e7f5d,c91c0c1d-d327-44da-93ec-c9c5bee72928,false,"[OAS] [OAS] validation failed:
 - ERROR - [Path '/addressDTO/city'] Instance type (object) does not match any allowed primitive type (allowed: [""null"",""string""]): []
"
e19e8829-9d6b-45fd-b7eb-5ba7bb2e7f5d,adf71dc0-75c8-466b-a170-048fc972932f,true,
e19e8829-9d6b-45fd-b7eb-5ba7bb2e7f5d,1c7a0d0f-9c54-4dd8-8a14-03a886d72784,true,
e19e8829-9d6b-45fd-b7eb-5ba7bb2e7f5d,2d6b4034-e363-4e4a-9084-c9b1d6730bc0,false,"[OAS] [OAS] validation failed:
 - ERROR - [Path '/roles'] Instance type (number) does not match any allowed primitive type (allowed: [""array""]): []
"
e19e8829-9d6b-45fd-b7eb-5ba7bb2e7f5d,7ad96314-9797-465c-97de-3d1fb3f63ace,false,"[OAS] [OAS] validation failed:
 - ERROR - [Path '/roles/0'] Instance type (integer) does not match any allowed primitive type (allowed: [""string""]): []
"
e19e8829-9d6b-45fd-b7eb-5ba7bb2e7f5d,4141511e-640a-490e-901c-160683459fd6,true,
e19e8829-9d6b-45fd-b7eb-5ba7bb2e7f5d,6b4eab44-44ab-4565-8cfb-9d276cf30a54,true,
e19e8829-9d6b-45fd-b7eb-5ba7bb2e7f5d,8a9d6a2c-c1fe-46a7-a0c5-321177d7c33b,true,
85a601ee-1d8d-4cb0-a6e9-91a813f01ee1,c7e9bdee-101b-4699-a682-d4ce9bc72a57,false,"[OAS] [OAS] validation failed:
 - ERROR - Response status 204 not defined for path '/users/{id}'.: []
"
85a601ee-1d8d-4cb0-a6e9-91a813f01ee1,3f13d356-fbd4-4dc4-9914-de96528e6f84,true,
85a601ee-1d8d-4cb0-a6e9-91a813f01ee1,db1b4e8b-426b-46ac-8cc5-aae76f0ec75c,true,
85a601ee-1d8d-4cb0-a6e9-91a813f01ee1,cc9e8ac9-5777-4782-a9af-8d92d5f6ca7a,true,
85a601ee-1d8d-4cb0-a6e9-91a813f01ee1,fcfad46c-f3ae-4db9-911c-c0fe159371ae,true,
85a601ee-1d8d-4cb0-a6e9-91a813f01ee1,8718cad1-80eb-4a17-bff7-2cf222fc423f,true,
85a601ee-1d8d-4cb0-a6e9-91a813f01ee1,5ffa4316-e875-4328-9fa8-35a02e5e384e,true,
85a601ee-1d8d-4cb0-a6e9-91a813f01ee1,0234f5b6-1bbf-4678-848c-42b7a5b5376d,true,
85a601ee-1d8d-4cb0-a6e9-91a813f01ee1,4e67476d-842e-4ffe-a86b-58a26e8a2efd,true,
85a601ee-1d8d-4cb0-a6e9-91a813f01ee1,b380a81b-825c-4b4d-b6d7-199972cc548f,false,"[OAS] [OAS] validation failed:
 - ERROR - [Path '/birthDate'] Instance type (number) does not match any allowed primitive type (allowed: [""null"",""string""]): []
"
85a601ee-1d8d-4cb0-a6e9-91a813f01ee1,a9f27170-6d34-4ea0-b04a-78335316e8a4,false,"[OAS] [OAS] validation failed:
 - ERROR - [Path '/enabled'] Instance type (null) does not match any allowed primitive type (allowed: [""boolean""]): []
"
85a601ee-1d8d-4cb0-a6e9-91a813f01ee1,9ada8f47-69d9-4338-97ce-a9b0f1502eb2,true,
85a601ee-1d8d-4cb0-a6e9-91a813f01ee1,63130545-7cac-4021-a0bc-0bea6854d364,false,"[OAS] [OAS] validation failed:
 - ERROR - [Path '/loginDt'] Instance type (object) does not match any allowed primitive type (allowed: [""null"",""string""]): []
"
85a601ee-1d8d-4cb0-a6e9-91a813f01ee1,1064aecf-a104-4ba7-a6f7-ffe42534b1b3,false,"[OAS] [OAS] validation failed:
 - ERROR - [Path '/secured'] Instance type (object) does not match any allowed primitive type (allowed: [""boolean""]): []
"
85a601ee-1d8d-4cb0-a6e9-91a813f01ee1,bc87c61f-7255-4791-bec0-afe18451d965,false,"[OAS] [OAS] validation failed:
 - ERROR - [Path '/contactDTO'] Instance type (null) does not match any allowed primitive type (allowed: [""object""]): []
"
85a601ee-1d8d-4cb0-a6e9-91a813f01ee1,fb6e58b6-7858-4733-9195-de0d5d5bd32c,false,"[OAS] [OAS] validation failed:
 - ERROR - [Path '/contactDTO/email'] Instance type (array) does not match any allowed primitive type (allowed: [""string""]): []
"
85a601ee-1d8d-4cb0-a6e9-91a813f01ee1,5a2bf52a-b0ac-4d17-831f-e1c446668182,true,
85a601ee-1d8d-4cb0-a6e9-91a813f01ee1,ad410ef3-97cd-4efd-ab00-9dfaff063794,false,"[OAS] [OAS] validation failed:
 - ERROR - [Path '/contactDTO/skype'] Instance type (object) does not match any allowed primitive type (allowed: [""null"",""string""]): []
"
85a601ee-1d8d-4cb0-a6e9-91a813f01ee1,1376e5c4-47f7-4d0e-b30e-72a8db3b3dd2,true,
85a601ee-1d8d-4cb0-a6e9-91a813f01ee1,3947f0cd-2aa5-45fe-a201-cbd77621a6e0,false,"[OAS] [OAS] validation failed:
 - ERROR - [Path '/contactDTO/linkedin'] Instance type (array) does not match any allowed primitive type (allowed: [""null"",""string""]): []
"
85a601ee-1d8d-4cb0-a6e9-91a813f01ee1,2c92fb03-5cb5-48e2-81aa-a097790eaa22,false,"[OAS] [OAS] validation failed:
 - ERROR - [Path '/contactDTO/website'] Instance type (integer) does not match any allowed primitive type (allowed: [""null"",""string""]): []
"
85a601ee-1d8d-4cb0-a6e9-91a813f01ee1,e1810ef4-7b42-40e0-9517-d3ea7b659135,true,
85a601ee-1d8d-4cb0-a6e9-91a813f01ee1,3c740564-c80a-4e81-ac97-011d0ae8d64e,false,"[OAS] [OAS] validation failed:
 - ERROR - [Path '/addressDTO'] Object instance has properties which are not allowed by the schema: [""randomArray3"",""randomLong2"",""randomObject1"",""randomObject4""]: []
"
85a601ee-1d8d-4cb0-a6e9-91a813f01ee1,f8df7313-4853-4a42-be2c-b4af5fd9c08d,false,"[OAS] [OAS] validation failed:
 - ERROR - [Path '/addressDTO/address'] Instance type (object) does not match any allowed primitive type (allowed: [""null"",""string""]): []
"
85a601ee-1d8d-4cb0-a6e9-91a813f01ee1,f47b7395-d7b5-43a3-b3e2-97859b4a135c,false,"[OAS] [OAS] validation failed:
 - ERROR - [Path '/addressDTO/address2'] Instance type (boolean) does not match any allowed primitive type (allowed: [""null"",""string""]): []
"
85a601ee-1d8d-4cb0-a6e9-91a813f01ee1,321ca2cf-60f1-4ccd-bfe6-135e6f7bdea8,true,
85a601ee-1d8d-4cb0-a6e9-91a813f01ee1,0e615d4b-535e-45f6-929e-1e954e0eeef6,false,"[OAS] [OAS] validation failed:
 - ERROR - [Path '/addressDTO/country'] Instance type (integer) does not match any allowed primitive type (allowed: [""null"",""string""]): []
"
85a601ee-1d8d-4cb0-a6e9-91a813f01ee1,cfbc9bbb-dbdc-469e-8e54-3df93d1c9138,false,"[OAS] [OAS] validation failed:
 - ERROR - [Path '/addressDTO/zipCode'] Instance type (integer) does not match any allowed primitive type (allowed: [""null"",""string""]): []
"
85a601ee-1d8d-4cb0-a6e9-91a813f01ee1,8224e04b-65d9-437b-8af0-097700fa855b,false,"[OAS] [OAS] validation failed:
 - ERROR - [Path '/roles'] Instance type (null) does not match any allowed primitive type (allowed: [""array""]): []
"
85a601ee-1d8d-4cb0-a6e9-91a813f01ee1,19587bd1-b2bf-497e-af71-1e1860b9c3fb,true,
85a601ee-1d8d-4cb0-a6e9-91a813f01ee1,61e0d968-ee67-4b25-a66f-fc9c03ab097b,false,"[OAS] [OAS] validation failed:
 - ERROR - [Path '/permissions/2'] Instance type (object) does not match any allowed primitive type (allowed: [""string""]): []
"
85a601ee-1d8d-4cb0-a6e9-91a813f01ee1,b32a7a37-482a-48a0-bd3d-010ab0605f69,false,"[OAS] [OAS] validation failed:
 - ERROR - [Path '/permissions/0'] Instance type (array) does not match any allowed primitive type (allowed: [""string""]): []
"
85a601ee-1d8d-4cb0-a6e9-91a813f01ee1,39f70051-01e5-4d1c-b7ad-a7c1fda0defb,true,
46d70dbe-351b-474c-9de8-89eca04872f7,3d6c38a9-3b51-452b-9b7f-8ee2c289be77,false,[NO_5XX] Unexpected 5XX response: 500
46d70dbe-351b-474c-9de8-89eca04872f7,f6357e12-e0be-44df-b465-c11d80619389,true,
46d70dbe-351b-474c-9de8-89eca04872f7,e932e0a7-1545-4fc6-ba7f-4e544cd15791,true,
46d70dbe-351b-474c-9de8-89eca04872f7,201fb5ab-1766-4884-88e7-a893376f770c,false,"[OAS] [OAS] validation failed:
 - ERROR - Object instance has properties which are not allowed by the schema: [""randomBoolean1""]: []
"
46d70dbe-351b-474c-9de8-89eca04872f7,03fd3d6d-f261-4b34-ae02-b054019c86d7,false,"[OAS] [OAS] validation failed:
 - ERROR - [Path '/id'] Instance type (number) does not match any allowed primitive type (allowed: [""integer""]): []
"
46d70dbe-351b-474c-9de8-89eca04872f7,449e890b-536c-4bba-89d3-e28e65d98ff1,false,"[OAS] [OAS] validation failed:
 - ERROR - [Path '/username'] Instance type (null) does not match any allowed primitive type (allowed: [""string""]): []
"
46d70dbe-351b-474c-9de8-89eca04872f7,280d9cc6-b64b-4614-9252-20190919c918,true,
46d70dbe-351b-474c-9de8-89eca04872f7,87ceb79b-60c1-4363-8ffa-93d831b6d25d,true,
46d70dbe-351b-474c-9de8-89eca04872f7,1ff76b2e-93e3-4deb-ac9f-b3c538fda4b0,false,"[OAS] [OAS] validation failed:
 - ERROR - [Path '/gender'] Instance type (array) does not match any allowed primitive type (allowed: [""string""]): []
"
46d70dbe-351b-474c-9de8-89eca04872f7,4f646f88-b810-4e69-8d7d-9ec9a0ce2e62,false,"[OAS] [OAS] validation failed:
 - ERROR - [Path '/birthDate'] String "")73"" is invalid against requested date format(s) yyyy-MM-dd: []
"
46d70dbe-351b-474c-9de8-89eca04872f7,b08bd4d4-ba15-437f-9b85-d5dae0707937,false,"[OAS] [OAS] validation failed:
 - ERROR - [Path '/enabled'] Instance type (number) does not match any allowed primitive type (allowed: [""boolean""]): []
"
46d70dbe-351b-474c-9de8-89eca04872f7,e6d2b553-cdfa-4185-825e-92fe69ab6e02,true,
46d70dbe-351b-474c-9de8-89eca04872f7,531ad41a-2b52-40f4-8186-6e2847cb2242,false,"[OAS] [OAS] validation failed:
 - ERROR - [Path '/loginDt'] Instance type (number) does not match any allowed primitive type (allowed: [""null"",""string""]): []
"
46d70dbe-351b-474c-9de8-89eca04872f7,7d4b600a-159d-4448-91e5-cb1f27be288a,true,
46d70dbe-351b-474c-9de8-89eca04872f7,4dad7b88-c20b-44e6-99ea-87b08c295297,true,
46d70dbe-351b-474c-9de8-89eca04872f7,37761120-eae5-4cb7-b038-ac10d71c9e87,true,
46d70dbe-351b-474c-9de8-89eca04872f7,c7a6f62c-3441-4876-bb38-65277688258f,true,
46d70dbe-351b-474c-9de8-89eca04872f7,5a58f6f3-9345-4c2b-8901-b62a1e0c5280,false,"[OAS] [OAS] validation failed:
 - ERROR - [Path '/contactDTO/skype'] Instance type (integer) does not match any allowed primitive type (allowed: [""null"",""string""]): []
"
46d70dbe-351b-474c-9de8-89eca04872f7,003af1ce-fa22-480d-b5b6-110098ad837f,true,
46d70dbe-351b-474c-9de8-89eca04872f7,4c40d0e3-cf55-43f5-b5bb-f319cc845484,false,"[OAS] [OAS] validation failed:
 - ERROR - [Path '/contactDTO/linkedin'] Instance type (boolean) does not match any allowed primitive type (allowed: [""null"",""string""]): []
"
46d70dbe-351b-474c-9de8-89eca04872f7,561c90b6-8c49-4ed6-8f4a-36a11d48404b,true,
46d70dbe-351b-474c-9de8-89eca04872f7,f67fe836-4873-492c-bf55-3009d62c9579,false,"[OAS] [OAS] validation failed:
 - ERROR - [Path '/contactDTO/contactNote'] Instance type (integer) does not match any allowed primitive type (allowed: [""null"",""string""]): []
"
46d70dbe-351b-474c-9de8-89eca04872f7,ad71af5e-b1fe-42a6-ae28-d999ebe97e3d,true,
46d70dbe-351b-474c-9de8-89eca04872f7,d3a7c74e-47d9-44ba-8523-5a2de23c1acb,true,
46d70dbe-351b-474c-9de8-89eca04872f7,0b8f0690-8a38-46cc-bc49-d3aa5c0f7148,true,
46d70dbe-351b-474c-9de8-89eca04872f7,7de7f186-9120-4035-9299-02a8836fb28b,true,
46d70dbe-351b-474c-9de8-89eca04872f7,8aaa9aa6-21cd-473a-a24d-1d4b7b68c2a0,false,"[OAS] [OAS] validation failed:
 - ERROR - [Path '/addressDTO/country'] Instance type (boolean) does not match any allowed primitive type (allowed: [""null"",""string""]): []
"
46d70dbe-351b-474c-9de8-89eca04872f7,6840a492-bb26-47fb-96d5-b76cc1e9ed00,true,
46d70dbe-351b-474c-9de8-89eca04872f7,75cf4389-b596-46c4-8530-c48cd163204e,false,"[OAS] [OAS] validation failed:
 - ERROR - [Path '/roles/1'] Instance type (boolean) does not match any allowed primitive type (allowed: [""string""]): []
"
46d70dbe-351b-474c-9de8-89eca04872f7,cce24e22-f390-42ed-9d8b-bff4f289b765,true,
46d70dbe-351b-474c-9de8-89eca04872f7,9019d5ab-089e-4f7e-8077-1d908441d6f5,true,
46d70dbe-351b-474c-9de8-89eca04872f7,28c74ed5-fe59-494b-ae33-a283803ee15b,true,
46d70dbe-351b-474c-9de8-89eca04872f7,a466335e-a54e-4e06-9616-e354d72f03c3,true,
fc02cb37-1e92-45d0-81e4-507a7f9a8ca8,ff0c2e12-83f1-44cc-9ec0-228080844f88,false,[NO_5XX] Unexpected 5XX response: 501
fc02cb37-1e92-45d0-81e4-507a7f9a8ca8,3d9257bc-6e24-4e46-9d0f-f25a7fb9b5c2,true,
fc02cb37-1e92-45d0-81e4-507a7f9a8ca8,2421d527-2569-4c37-a91c-7dba9b27fe6c,true,
fc02cb37-1e92-45d0-81e4-507a7f9a8ca8,8c7b02ba-0862-4b81-b1ad-260648cf7771,false,"[OAS] [OAS] validation failed:
 - ERROR - Object instance has properties which are not allowed by the schema: [""randomBoolean1""]: []
"
fc02cb37-1e92-45d0-81e4-507a7f9a8ca8,af913d72-be3e-46d5-9732-ba2afdaaee05,false,"[OAS] [OAS] validation failed:
 - ERROR - [Path '/id'] Instance type (null) does not match any allowed primitive type (allowed: [""integer""]): []
"
fc02cb37-1e92-45d0-81e4-507a7f9a8ca8,53e73327-d2e7-4a53-ac83-37c48eb7a70a,true,
fc02cb37-1e92-45d0-81e4-507a7f9a8ca8,99e07184-f545-4490-af6a-89b95056b510,false,"[OAS] [OAS] validation failed:
 - ERROR - [Path '/name'] Instance type (object) does not match any allowed primitive type (allowed: [""string""]): []
"
fc02cb37-1e92-45d0-81e4-507a7f9a8ca8,00baed5c-3a4b-4d6b-8232-20a7869bc75f,false,"[OAS] [OAS] validation failed:
 - ERROR - [Path '/surname'] Instance type (object) does not match any allowed primitive type (allowed: [""null"",""string""]): []
"
fc02cb37-1e92-45d0-81e4-507a7f9a8ca8,11fb4cac-dc68-4977-931b-4025b12c0598,false,"[OAS] [OAS] validation failed:
 - ERROR - [Path '/gender'] Instance type (null) does not match any allowed primitive type (allowed: [""string""]): []
"
fc02cb37-1e92-45d0-81e4-507a7f9a8ca8,8b58a610-e3b5-4681-8fc1-44c919184833,false,"[OAS] [OAS] validation failed:
 - ERROR - [Path '/birthDate'] String ""198/*5-12-01"" is invalid against requested date format(s) yyyy-MM-dd: []
"
fc02cb37-1e92-45d0-81e4-507a7f9a8ca8,ea3f59fd-6a01-44df-b9c2-56c5d73248d8,false,"[OAS] [OAS] validation failed:
 - ERROR - [Path '/enabled'] Instance type (null) does not match any allowed primitive type (allowed: [""boolean""]): []
"
fc02cb37-1e92-45d0-81e4-507a7f9a8ca8,c0d12536-a966-447e-9cd0-0b051abaa56c,true,
fc02cb37-1e92-45d0-81e4-507a7f9a8ca8,ae139997-5260-4e85-acbd-8c88a9496912,false,"[OAS] [OAS] validation failed:
 - ERROR - [Path '/loginDt'] Instance type (number) does not match any allowed primitive type (allowed: [""null"",""string""]): []
"
fc02cb37-1e92-45d0-81e4-507a7f9a8ca8,b0a308de-953a-49fd-9669-4c0031d961a2,false,"[OAS] [OAS] validation failed:
 - ERROR - [Path '/secured'] Instance type (object) does not match any allowed primitive type (allowed: [""boolean""]): []
"
fc02cb37-1e92-45d0-81e4-507a7f9a8ca8,4ef0f56e-f490-4bcb-8126-78e7287fcdff,false,"[OAS] [OAS] validation failed:
 - ERROR - [Path '/contactDTO'] Instance type (null) does not match any allowed primitive type (allowed: [""object""]): []
"
fc02cb37-1e92-45d0-81e4-507a7f9a8ca8,b926b032-b7a0-49ea-83d5-2a849a7f3a70,true,
fc02cb37-1e92-45d0-81e4-507a7f9a8ca8,0613d766-5998-4632-b990-27119e121481,true,
fc02cb37-1e92-45d0-81e4-507a7f9a8ca8,0d607e86-803c-4da1-b4c9-d1dbab4e8dba,true,
fc02cb37-1e92-45d0-81e4-507a7f9a8ca8,1febaac5-c7bd-4f86-a2f9-8f49be6c7616,true,
fc02cb37-1e92-45d0-81e4-507a7f9a8ca8,949352a1-64df-49cc-9306-975c7d1614e8,true,
fc02cb37-1e92-45d0-81e4-507a7f9a8ca8,faaa90c7-a26a-4d85-8e53-8ab3fcb871d2,false,"[OAS] [OAS] validation failed:
 - ERROR - [Path '/contactDTO/website'] Instance type (object) does not match any allowed primitive type (allowed: [""null"",""string""]): []
"
fc02cb37-1e92-45d0-81e4-507a7f9a8ca8,be641fd6-a78c-4328-8703-211763bbb999,false,"[OAS] [OAS] validation failed:
 - ERROR - [Path '/contactDTO/contactNote'] Instance type (object) does not match any allowed primitive type (allowed: [""null"",""string""]): []
"
fc02cb37-1e92-45d0-81e4-507a7f9a8ca8,d17a5812-c153-46d2-8a5b-b926fdde4395,false,"[OAS] [OAS] validation failed:
 - ERROR - [Path '/addressDTO'] Instance type (null) does not match any allowed primitive type (allowed: [""object""]): []
"
fc02cb37-1e92-45d0-81e4-507a7f9a8ca8,984c3e5a-7cd5-40cf-81c1-023568842f80,false,"[OAS] [OAS] validation failed:
 - ERROR - [Path '/addressDTO/address'] Instance type (array) does not match any allowed primitive type (allowed: [""null"",""string""]): []
"
fc02cb37-1e92-45d0-81e4-507a7f9a8ca8,76b85383-9706-4966-a288-4f27f6eb05f4,true,
fc02cb37-1e92-45d0-81e4-507a7f9a8ca8,9b64d735-2053-4d65-a5cd-af98c54bae5d,false,"[OAS] [OAS] validation failed:
 - ERROR - [Path '/addressDTO/city'] Instance type (integer) does not match any allowed primitive type (allowed: [""null"",""string""]): []
"
fc02cb37-1e92-45d0-81e4-507a7f9a8ca8,8b3f6de7-08f9-4aea-bc36-b276acd6fa49,false,"[OAS] [OAS] validation failed:
 - ERROR - [Path '/addressDTO/country'] Instance type (integer) does not match any allowed primitive type (allowed: [""null"",""string""]): []
"
fc02cb37-1e92-45d0-81e4-507a7f9a8ca8,affd5024-2225-493e-8580-351e4d736983,true,
fc02cb37-1e92-45d0-81e4-507a7f9a8ca8,188891ae-7d24-4ffd-9ee9-47fe1351913a,false,"[OAS] [OAS] validation failed:
 - ERROR - [Path '/roles/1'] Instance type (boolean) does not match any allowed primitive type (allowed: [""string""]): []
"
fc02cb37-1e92-45d0-81e4-507a7f9a8ca8,e9f2adcd-be4e-4982-b0ae-5bccd3a207f1,true,
fc02cb37-1e92-45d0-81e4-507a7f9a8ca8,e6e0c814-4a30-4728-9ae9-cfb923ffd238,true,
fc02cb37-1e92-45d0-81e4-507a7f9a8ca8,cadee285-3ece-49c5-9320-59c069d10f7f,false,"[OAS] [OAS] validation failed:
 - ERROR - [Path '/permissions/0'] Instance type (null) does not match any allowed primitive type (allowed: [""string""]): []
"
fc02cb37-1e92-45d0-81e4-507a7f9a8ca8,3dc4f655-5011-4189-881b-b395a4ca5194,false,"[OAS] [OAS] validation failed:
 - ERROR - [Path '/permissions/1'] Instance type (boolean) does not match any allowed primitive type (allowed: [""string""]): []
"
01c80bc1-0090-45c3-9607-bf763cee135a,d06b5aa0-fe1e-4f9b-98c8-588f385a3a29,false,"[OAS] [OAS] validation failed:
 - ERROR - Object instance has properties which are not allowed by the schema: [""addressDTO"",""birthDate"",""contactDTO"",""enabled"",""gender"",""id"",""loginDt"",""name"",""note"",""permissions"",""roles"",""secured"",""surname"",""username""]: []
"
01c80bc1-0090-45c3-9607-bf763cee135a,645af6a5-a1e4-406e-8b07-50de5458377d,true,
01c80bc1-0090-45c3-9607-bf763cee135a,67da960e-6139-4217-a3c8-d046fc9a0e9e,true,
01c80bc1-0090-45c3-9607-bf763cee135a,47f90f78-7247-4354-bbcb-d5f0c81c929c,false,"[OAS] [OAS] validation failed:
 - ERROR - Object instance has properties which are not allowed by the schema: [""randomBoolean1""]: []
"
01c80bc1-0090-45c3-9607-bf763cee135a,cb6ad8db-73af-4e3f-bf50-fea2715c4c91,true,
01c80bc1-0090-45c3-9607-bf763cee135a,35ed4e18-9137-4a0e-a23e-a287ed71e36b,false,"[OAS] [OAS] validation failed:
 - ERROR - [Path '/username'] Instance type (number) does not match any allowed primitive type (allowed: [""string""]): []
"
01c80bc1-0090-45c3-9607-bf763cee135a,04327740-07da-4b3c-8b8d-a664d1d0d283,false,"[OAS] [OAS] validation failed:
 - ERROR - [Path '/name'] Instance type (object) does not match any allowed primitive type (allowed: [""string""]): []
"
01c80bc1-0090-45c3-9607-bf763cee135a,f0b8adfc-7b50-4947-a442-3bb795a9ea2a,false,"[OAS] [OAS] validation failed:
 - ERROR - [Path '/surname'] Instance type (object) does not match any allowed primitive type (allowed: [""null"",""string""]): []
"
01c80bc1-0090-45c3-9607-bf763cee135a,3d59c45f-f4ac-4fff-8108-ce8cf6613e53,true,
01c80bc1-0090-45c3-9607-bf763cee135a,05d50894-3a18-4e7e-9f32-bada5b36972b,false,"[OAS] [OAS] validation failed:
 - ERROR - [Path '/birthDate'] String ""EJEMPLO MAYUS"" is invalid against requested date format(s) yyyy-MM-dd: []
"
01c80bc1-0090-45c3-9607-bf763cee135a,483d496f-1b11-4233-b776-cd8f03b4175f,false,"[OAS] [OAS] validation failed:
 - ERROR - [Path '/enabled'] Instance type (null) does not match any allowed primitive type (allowed: [""boolean""]): []
"
01c80bc1-0090-45c3-9607-bf763cee135a,3e9d6691-78f8-4513-acc0-470f37b5e740,true,
01c80bc1-0090-45c3-9607-bf763cee135a,e0f3827d-a773-46bf-bc06-dc907c5ac37c,false,"[OAS] [OAS] validation failed:
 - ERROR - [Path '/loginDt'] Instance type (number) does not match any allowed primitive type (allowed: [""null"",""string""]): []
"
01c80bc1-0090-45c3-9607-bf763cee135a,2326ad37-9236-49eb-aaba-4db232bb6fc1,false,"[OAS] [OAS] validation failed:
 - ERROR - [Path '/secured'] Instance type (null) does not match any allowed primitive type (allowed: [""boolean""]): []
"
01c80bc1-0090-45c3-9607-bf763cee135a,fe8cc4d1-0420-4546-b6a4-0e0fb0e012d9,true,
01c80bc1-0090-45c3-9607-bf763cee135a,1087fda0-2480-4e36-8f6d-84f073a66b40,true,
01c80bc1-0090-45c3-9607-bf763cee135a,7bec2787-2bc7-43fa-9931-7f7921b7c2ad,true,
01c80bc1-0090-45c3-9607-bf763cee135a,23818a14-011e-47ef-aa94-6c0e2ad56342,true,
01c80bc1-0090-45c3-9607-bf763cee135a,3529f47e-1ce2-4dc3-b9e9-8415607286f0,false,"[OAS] [OAS] validation failed:
 - ERROR - [Path '/contactDTO/facebook'] Instance type (object) does not match any allowed primitive type (allowed: [""null"",""string""]): []
"
01c80bc1-0090-45c3-9607-bf763cee135a,03645651-5884-4538-91cd-62c777b10b81,false,"[OAS] [OAS] validation failed:
 - ERROR - [Path '/contactDTO/linkedin'] Instance type (object) does not match any allowed primitive type (allowed: [""null"",""string""]): []
"
01c80bc1-0090-45c3-9607-bf763cee135a,8b3f74c9-d186-4e7a-98a8-c55d50963223,true,
01c80bc1-0090-45c3-9607-bf763cee135a,519a63e0-0741-4d7f-a534-4be8916d073b,false,"[OAS] [OAS] validation failed:
 - ERROR - [Path '/contactDTO/contactNote'] Instance type (array) does not match any allowed primitive type (allowed: [""null"",""string""]): []
"
01c80bc1-0090-45c3-9607-bf763cee135a,16e85b78-1196-48b8-812d-23e18c6bfdd5,false,"[OAS] [OAS] validation failed:
 - ERROR - [Path '/addressDTO'] Object instance has properties which are not allowed by the schema: [""randomArray3"",""randomLong2"",""randomObject1"",""randomObject4""]: []
"
01c80bc1-0090-45c3-9607-bf763cee135a,e4c15adb-bda2-4eea-9803-9e4a6af59a44,true,
01c80bc1-0090-45c3-9607-bf763cee135a,9126e918-225b-4e91-aac9-5dbf179f3d17,false,"[OAS] [OAS] validation failed:
 - ERROR - [Path '/addressDTO/address2'] Instance type (object) does not match any allowed primitive type (allowed: [""null"",""string""]): []
"
01c80bc1-0090-45c3-9607-bf763cee135a,5613d4b8-7686-45db-b89b-38f118c210e3,false,"[OAS] [OAS] validation failed:
 - ERROR - [Path '/addressDTO/city'] Instance type (array) does not match any allowed primitive type (allowed: [""null"",""string""]): []
"
01c80bc1-0090-45c3-9607-bf763cee135a,a40df483-e710-40b8-b0f8-2d4c936c3b3e,false,"[OAS] [OAS] validation failed:
 - ERROR - [Path '/addressDTO/country'] Instance type (integer) does not match any allowed primitive type (allowed: [""null"",""string""]): []
"
01c80bc1-0090-45c3-9607-bf763cee135a,988cab40-e536-42ab-9d22-55a8e14e78e7,true,
01c80bc1-0090-45c3-9607-bf763cee135a,fae58f2b-50c5-476e-8b58-8bd5b4584ccd,false,"[OAS] [OAS] validation failed:
 - ERROR - [Path '/roles'] Instance type (null) does not match any allowed primitive type (allowed: [""array""]): []
"
01c80bc1-0090-45c3-9607-bf763cee135a,73feb622-598a-4dda-873a-d3a2675ac097,false,"[OAS] [OAS] validation failed:
 - ERROR - [Path '/roles/0'] Instance type (array) does not match any allowed primitive type (allowed: [""string""]): []
"
01c80bc1-0090-45c3-9607-bf763cee135a,2a12e297-c973-4f5f-9ea4-d9f0c35b6b97,true,
01c80bc1-0090-45c3-9607-bf763cee135a,9750e4d5-cf90-4b84-9b16-6d892ac2a51f,true,
01c80bc1-0090-45c3-9607-bf763cee135a,4a5dd9b7-56b7-49c1-aba3-dad421a944e8,false,"[OAS] [OAS] validation failed:
 - ERROR - [Path '/permissions/1'] Instance type (null) does not match any allowed primitive type (allowed: [""string""]): []
"
fd0bda81-931c-4e6a-852e-b5855670c3e9,544d6505-7360-43fa-919c-2a30a6a4d8f9,false,"[OAS] [OAS] validation failed:
 - ERROR - Response status 200 not defined for path '/users/{id}'.: []
"
fd0bda81-931c-4e6a-852e-b5855670c3e9,e09d1baf-5ade-4372-b498-c553bba25d2f,true,
fd0bda81-931c-4e6a-852e-b5855670c3e9,96e801b4-3c83-49f8-b373-4c261049862d,true,
fd0bda81-931c-4e6a-852e-b5855670c3e9,0e7c1421-686f-4a84-9009-06214d9e4d73,true,
fd0bda81-931c-4e6a-852e-b5855670c3e9,e5e37d7f-99af-43b9-895e-9e0bdf6065dc,false,"[OAS] [OAS] validation failed:
 - ERROR - [Path '/id'] Instance type (number) does not match any allowed primitive type (allowed: [""integer""]): []
"
fd0bda81-931c-4e6a-852e-b5855670c3e9,f4afd531-da0e-4ab2-999b-ea249b892ae2,false,"[OAS] [OAS] validation failed:
 - ERROR - [Path '/username'] Instance type (null) does not match any allowed primitive type (allowed: [""string""]): []
"
fd0bda81-931c-4e6a-852e-b5855670c3e9,afda43ce-8a8c-4e51-a97c-5230a3ffabd8,false,"[OAS] [OAS] validation failed:
 - ERROR - [Path '/name'] Instance type (object) does not match any allowed primitive type (allowed: [""string""]): []
"
fd0bda81-931c-4e6a-852e-b5855670c3e9,d261bb68-888e-45c6-9756-8ea35cd94877,false,"[OAS] [OAS] validation failed:
 - ERROR - [Path '/surname'] Instance type (number) does not match any allowed primitive type (allowed: [""null"",""string""]): []
"
fd0bda81-931c-4e6a-852e-b5855670c3e9,b1d94ddf-1a48-402f-a810-ee72d81c8a79,false,"[OAS] [OAS] validation failed:
 - ERROR - [Path '/gender'] Instance type (null) does not match any allowed primitive type (allowed: [""string""]): []
"
fd0bda81-931c-4e6a-852e-b5855670c3e9,391344ba-30f6-46e2-b154-f5066defcd4f,false,"[OAS] [OAS] validation failed:
 - ERROR - [Path '/birthDate'] String ""EJEMPLO MAYUS"" is invalid against requested date format(s) yyyy-MM-dd: []
"
fd0bda81-931c-4e6a-852e-b5855670c3e9,ecf74595-a4e7-472f-a90c-29b5edfa4afc,true,
fd0bda81-931c-4e6a-852e-b5855670c3e9,c4b1edd8-89b4-4254-b377-b341cef95e03,true,
fd0bda81-931c-4e6a-852e-b5855670c3e9,384d78ec-06df-47bc-a2f3-a984fc35a527,false,"[OAS] [OAS] validation failed:
 - ERROR - [Path '/loginDt'] Instance type (object) does not match any allowed primitive type (allowed: [""null"",""string""]): []
"
fd0bda81-931c-4e6a-852e-b5855670c3e9,ebc5d0b9-5580-4e1b-a64d-febd65f873e2,false,"[OAS] [OAS] validation failed:
 - ERROR - [Path '/secured'] Instance type (null) does not match any allowed primitive type (allowed: [""boolean""]): []
"
fd0bda81-931c-4e6a-852e-b5855670c3e9,edf95633-dada-4b9b-8147-9afa0a2d023b,false,"[OAS] [OAS] validation failed:
 - ERROR - [Path '/contactDTO'] Object instance has properties which are not allowed by the schema: [""randomBoolean1"",""randomObject2""]: []
"
fd0bda81-931c-4e6a-852e-b5855670c3e9,9d316886-31f3-449d-a0f5-a9d342812ad8,false,"[OAS] [OAS] validation failed:
 - ERROR - [Path '/contactDTO/email'] Instance type (array) does not match any allowed primitive type (allowed: [""string""]): []
"
fd0bda81-931c-4e6a-852e-b5855670c3e9,db25c6f8-be9b-4cb7-96f2-9e873331a394,true,
fd0bda81-931c-4e6a-852e-b5855670c3e9,eb56cd9c-0bd1-4b56-bb3e-b7c93eacdb33,false,"[OAS] [OAS] validation failed:
 - ERROR - [Path '/contactDTO/skype'] Instance type (object) does not match any allowed primitive type (allowed: [""null"",""string""]): []
"
fd0bda81-931c-4e6a-852e-b5855670c3e9,6f923c06-bcf3-4806-b98b-e41b307b1466,false,"[OAS] [OAS] validation failed:
 - ERROR - [Path '/contactDTO/facebook'] Instance type (array) does not match any allowed primitive type (allowed: [""null"",""string""]): []
"
fd0bda81-931c-4e6a-852e-b5855670c3e9,63311d33-4331-43be-b7ae-688fb951bbaa,true,
fd0bda81-931c-4e6a-852e-b5855670c3e9,4c9be4e8-9242-4b34-b10a-618bb5cf4c3c,true,
fd0bda81-931c-4e6a-852e-b5855670c3e9,5cb0cc37-5401-401a-9c07-7d5241f8dce0,true,
fd0bda81-931c-4e6a-852e-b5855670c3e9,65ecd8fe-afd6-4e69-82b9-c2868785ba97,false,"[OAS] [OAS] validation failed:
 - ERROR - [Path '/addressDTO'] Object instance has properties which are not allowed by the schema: [""randomArray3"",""randomLong2"",""randomObject1"",""randomObject4""]: []
"
fd0bda81-931c-4e6a-852e-b5855670c3e9,5993e73b-f908-4552-86d7-bd16807381c4,false,"[OAS] [OAS] validation failed:
 - ERROR - [Path '/addressDTO/address'] Instance type (integer) does not match any allowed primitive type (allowed: [""null"",""string""]): []
"
fd0bda81-931c-4e6a-852e-b5855670c3e9,060f6e3b-ae2d-4087-9561-0c2f61623a0a,true,
fd0bda81-931c-4e6a-852e-b5855670c3e9,e21796c1-8e43-4e99-bf20-b09c540c076b,true,
fd0bda81-931c-4e6a-852e-b5855670c3e9,2a5ba762-7503-49d9-8a21-38f8dd9bf452,true,
fd0bda81-931c-4e6a-852e-b5855670c3e9,06192d5c-d832-4187-a2c4-568b5070b11f,false,"[OAS] [OAS] validation failed:
 - ERROR - [Path '/addressDTO/zipCode'] Instance type (array) does not match any allowed primitive type (allowed: [""null"",""string""]): []
"
fd0bda81-931c-4e6a-852e-b5855670c3e9,809ab49c-6740-4f0d-bd39-1969e5d338df,true,
fd0bda81-931c-4e6a-852e-b5855670c3e9,bff6414f-700d-4801-9255-5bbdc928960d,true,
fd0bda81-931c-4e6a-852e-b5855670c3e9,3ae50859-3ac3-4e43-a955-0f435ac95364,false,"[OAS] [OAS] validation failed:
 - ERROR - [Path '/permissions'] Instance type (object) does not match any allowed primitive type (allowed: [""array""]): []
"
fd0bda81-931c-4e6a-852e-b5855670c3e9,906e1f16-5939-43c6-8d1f-41546686eb86,true,
fd0bda81-931c-4e6a-852e-b5855670c3e9,97c5fe40-3e25-4a3f-9d59-7b6986092168,true,
79073d0c-a296-4d45-8e49-0e4f93ddef40,b7001ae7-2e07-4947-8066-519609055e5d,false,[NO_5XX] Unexpected 5XX response: 501
79073d0c-a296-4d45-8e49-0e4f93ddef40,c29d1a7f-5d0b-4a0f-9b2b-4d3d823bbb60,true,
79073d0c-a296-4d45-8e49-0e4f93ddef40,35c5e72d-f61c-402f-8f82-8c22e402fd21,true,
79073d0c-a296-4d45-8e49-0e4f93ddef40,95948130-2c0e-4ca8-9775-c1560eb9a899,true,
79073d0c-a296-4d45-8e49-0e4f93ddef40,1c97d872-9574-44bb-9537-cc399759c7a0,false,"[OAS] [OAS] validation failed:
 - ERROR - [Path '/id'] Instance type (null) does not match any allowed primitive type (allowed: [""integer""]): []
"
79073d0c-a296-4d45-8e49-0e4f93ddef40,5057e2fd-6934-4d85-b69d-07feecf24d1c,true,
79073d0c-a296-4d45-8e49-0e4f93ddef40,ab3af648-00f0-47f0-929a-a213fede2c47,false,"[OAS] [OAS] validation failed:
 - ERROR - [Path '/name'] Instance type (object) does not match any allowed primitive type (allowed: [""string""]): []
"
79073d0c-a296-4d45-8e49-0e4f93ddef40,a1ab700c-abe6-4750-842f-91291ddc3680,true,
79073d0c-a296-4d45-8e49-0e4f93ddef40,ff1188c8-fdcd-443a-964a-509146065d05,true,
79073d0c-a296-4d45-8e49-0e4f93ddef40,a9b310f8-3a8e-42a6-96c4-3bb35369eb89,false,"[OAS] [OAS] validation failed:
 - ERROR - [Path '/birthDate'] String ""EJEMPLO MAYUS"" is invalid against requested date format(s) yyyy-MM-dd: []
"
79073d0c-a296-4d45-8e49-0e4f93ddef40,ab640046-5b7f-4336-bbf9-8758ad8c543e,false,"[OAS] [OAS] validation failed:
 - ERROR - [Path '/enabled'] Instance type (number) does not match any allowed primitive type (allowed: [""boolean""]): []
"
79073d0c-a296-4d45-8e49-0e4f93ddef40,96c9dbad-ada3-4c39-937b-217c3e237ec3,true,
79073d0c-a296-4d45-8e49-0e4f93ddef40,8c08c1a4-f347-4911-96b6-87ab7ca70f78,false,"[OAS] [OAS] validation failed:
 - ERROR - [Path '/loginDt'] Instance type (number) does not match any allowed primitive type (allowed: [""null"",""string""]): []
"
79073d0c-a296-4d45-8e49-0e4f93ddef40,3464da57-96d6-46c1-bb81-37c1c6e58174,true,
79073d0c-a296-4d45-8e49-0e4f93ddef40,7af4bb4e-49c8-4032-8a62-5a3608b3239b,true,
79073d0c-a296-4d45-8e49-0e4f93ddef40,72cde830-fa0a-402b-87e5-dd3bf07a49c2,true,
79073d0c-a296-4d45-8e49-0e4f93ddef40,246e64fe-7145-487e-9085-e2fd8a15a952,false,"[OAS] [OAS] validation failed:
 - ERROR - [Path '/contactDTO/phone'] Instance type (object) does not match any allowed primitive type (allowed: [""null"",""string""]): []
"
79073d0c-a296-4d45-8e49-0e4f93ddef40,3d1b7d3c-7fb1-47e5-9f5f-954c180f16a5,true,
79073d0c-a296-4d45-8e49-0e4f93ddef40,e0969b61-99d0-418a-b981-7bd0779acea1,true,
79073d0c-a296-4d45-8e49-0e4f93ddef40,3b45ae24-b906-46ac-94a6-aa946d391d48,true,
79073d0c-a296-4d45-8e49-0e4f93ddef40,1c87de2b-6991-4bb9-b5b0-22fcc1af2e4b,true,
79073d0c-a296-4d45-8e49-0e4f93ddef40,c0402dc5-9062-4a29-b1db-f650ecba5101,true,
79073d0c-a296-4d45-8e49-0e4f93ddef40,b1d6cc55-2f4a-44b3-b82e-3960a34fecd0,true,
79073d0c-a296-4d45-8e49-0e4f93ddef40,4cbccbfa-84a8-4ad9-879c-4fd3865a2e1c,true,
79073d0c-a296-4d45-8e49-0e4f93ddef40,4eb3559c-ebeb-49c1-a97f-fa574eefd717,true,
79073d0c-a296-4d45-8e49-0e4f93ddef40,3bb28371-88b0-406a-8003-c01ab00949ad,false,"[OAS] [OAS] validation failed:
 - ERROR - [Path '/addressDTO/city'] Instance type (array) does not match any allowed primitive type (allowed: [""null"",""string""]): []
"
79073d0c-a296-4d45-8e49-0e4f93ddef40,b714aecc-1b14-463f-ba2c-3d712d6c6102,true,
79073d0c-a296-4d45-8e49-0e4f93ddef40,82dcff1d-56d5-49d4-91b6-fbca96b090e4,true,
79073d0c-a296-4d45-8e49-0e4f93ddef40,7672317e-802c-4cce-9737-cae8e5b55c4f,false,"[OAS] [OAS] validation failed:
 - ERROR - [Path '/roles/1'] Instance type (boolean) does not match any allowed primitive type (allowed: [""string""]): []
"
79073d0c-a296-4d45-8e49-0e4f93ddef40,6cb304e3-6da0-463b-8357-e0ee48413128,true,
79073d0c-a296-4d45-8e49-0e4f93ddef40,5e41704b-1fca-4dfc-b1b3-9a31fd100067,false,"[OAS] [OAS] validation failed:
 - ERROR - [Path '/permissions/2'] Instance type (object) does not match any allowed primitive type (allowed: [""string""]): []
"
79073d0c-a296-4d45-8e49-0e4f93ddef40,cd97810b-7656-4438-9c8a-e6ee392ea9f5,false,"[OAS] [OAS] validation failed:
 - ERROR - [Path '/permissions/0'] Instance type (null) does not match any allowed primitive type (allowed: [""string""]): []
"
79073d0c-a296-4d45-8e49-0e4f93ddef40,955a9b74-f59d-4609-9a48-3fdff35c5439,true,
1ff5a2ad-4916-4093-9fd0-032e560b4eb0,29eaaf37-e1aa-4cfc-9ea0-d8afaec3e19c,false,[NO_5XX] Unexpected 5XX response: 504
1ff5a2ad-4916-4093-9fd0-032e560b4eb0,391719e8-b207-49d6-ac87-768671005459,true,
1ff5a2ad-4916-4093-9fd0-032e560b4eb0,14f90a4a-64a4-4e25-a5d0-be0393db8a7f,true,
1ff5a2ad-4916-4093-9fd0-032e560b4eb0,146aecef-bd83-4515-83d3-500a71af0ae6,true,
1ff5a2ad-4916-4093-9fd0-032e560b4eb0,6e7f105f-a720-4e19-8f70-7a32d361716f,true,
1ff5a2ad-4916-4093-9fd0-032e560b4eb0,c8dd1391-7a11-4630-b43d-b53c0d8b703a,true,
1ff5a2ad-4916-4093-9fd0-032e560b4eb0,12a62648-d096-436f-87d9-69e2d5077a43,false,"[OAS] [OAS] validation failed:
 - ERROR - [Path '/name'] Instance type (null) does not match any allowed primitive type (allowed: [""string""]): []
"
1ff5a2ad-4916-4093-9fd0-032e560b4eb0,188acbac-6cc9-4c72-9d8a-3de00f2ad653,true,
1ff5a2ad-4916-4093-9fd0-032e560b4eb0,9abf4102-5e97-49d6-b536-a60336ad5bec,false,"[OAS] [OAS] validation failed:
 - ERROR - [Path '/gender'] Instance type (null) does not match any allowed primitive type (allowed: [""string""]): []
"
1ff5a2ad-4916-4093-9fd0-032e560b4eb0,fcd36bf4-f990-4c56-938f-b5f8d9aeb2c4,false,"[OAS] [OAS] validation failed:
 - ERROR - [Path '/birthDate'] Instance type (number) does not match any allowed primitive type (allowed: [""null"",""string""]): []
"
1ff5a2ad-4916-4093-9fd0-032e560b4eb0,653cad78-1e5b-46d4-8c0b-1ff1547cf27c,false,"[OAS] [OAS] validation failed:
 - ERROR - [Path '/enabled'] Instance type (number) does not match any allowed primitive type (allowed: [""boolean""]): []
"
1ff5a2ad-4916-4093-9fd0-032e560b4eb0,f930848e-d5f1-4029-9d8b-81d8dc838d9b,false,"[OAS] [OAS] validation failed:
 - ERROR - [Path '/note'] Instance type (object) does not match any allowed primitive type (allowed: [""null"",""string""]): []
"
1ff5a2ad-4916-4093-9fd0-032e560b4eb0,3301e2c5-8c72-489c-8179-6f3adb5a2dad,false,"[OAS] [OAS] validation failed:
 - ERROR - [Path '/loginDt'] Instance type (object) does not match any allowed primitive type (allowed: [""null"",""string""]): []
"
1ff5a2ad-4916-4093-9fd0-032e560b4eb0,81d2bb99-1055-4ce8-8969-802a23b00a0b,true,
1ff5a2ad-4916-4093-9fd0-032e560b4eb0,4fec403d-e56f-469f-9a56-07f31f30660c,true,
1ff5a2ad-4916-4093-9fd0-032e560b4eb0,57a5eb90-523f-4a91-bb65-58598bca7866,true,
1ff5a2ad-4916-4093-9fd0-032e560b4eb0,2054b4ac-4231-4ed1-b79a-211173698aaa,true,
1ff5a2ad-4916-4093-9fd0-032e560b4eb0,2c154bed-9f6a-4684-820d-e08014bcfa19,true,
1ff5a2ad-4916-4093-9fd0-032e560b4eb0,dd7898ea-1057-4cbd-8361-a6c373b48a38,true,
1ff5a2ad-4916-4093-9fd0-032e560b4eb0,ffb1c44a-9cc9-4a8c-bc6f-4b46c08a1c0b,true,
1ff5a2ad-4916-4093-9fd0-032e560b4eb0,eba46281-ab51-4448-96c8-81a75533e0e2,true,
1ff5a2ad-4916-4093-9fd0-032e560b4eb0,32f81736-1bdd-42f0-aa45-743f332067ff,true,
1ff5a2ad-4916-4093-9fd0-032e560b4eb0,504e1ba2-a33c-413f-bcae-8c9554999cf7,true,
1ff5a2ad-4916-4093-9fd0-032e560b4eb0,490e62b2-85f1-45cc-8cfb-22cf7aad0b33,true,
1ff5a2ad-4916-4093-9fd0-032e560b4eb0,826f8175-113a-43ac-8db9-e8c80f34d90d,false,"[OAS] [OAS] validation failed:
 - ERROR - [Path '/addressDTO/address2'] Instance type (array) does not match any allowed primitive type (allowed: [""null"",""string""]): []
"
1ff5a2ad-4916-4093-9fd0-032e560b4eb0,595e5e8f-ac27-4467-a6e1-19cde001ce6d,true,
1ff5a2ad-4916-4093-9fd0-032e560b4eb0,3cfcb9ce-4e71-4e57-bebb-835499d10fd8,false,"[OAS] [OAS] validation failed:
 - ERROR - [Path '/addressDTO/country'] Instance type (integer) does not match any allowed primitive type (allowed: [""null"",""string""]): []
"
1ff5a2ad-4916-4093-9fd0-032e560b4eb0,d0f3aa6a-dbed-4606-b1b1-349b04b114f2,false,"[OAS] [OAS] validation failed:
 - ERROR - [Path '/addressDTO/zipCode'] Instance type (integer) does not match any allowed primitive type (allowed: [""null"",""string""]): []
"
1ff5a2ad-4916-4093-9fd0-032e560b4eb0,3dc96978-22e6-4586-8723-ed03e1f3fb31,true,
1ff5a2ad-4916-4093-9fd0-032e560b4eb0,156475d6-81ff-4a64-8c20-e1e4fd6cceee,true,
1ff5a2ad-4916-4093-9fd0-032e560b4eb0,db4fe0ac-f96b-4ecd-ae5a-1f757310eecf,false,"[OAS] [OAS] validation failed:
 - ERROR - [Path '/permissions'] Instance type (null) does not match any allowed primitive type (allowed: [""array""]): []
"
1ff5a2ad-4916-4093-9fd0-032e560b4eb0,f4fc9ce4-59f5-4284-bff0-c3fb99f9fbc2,true,
1ff5a2ad-4916-4093-9fd0-032e560b4eb0,89cdbe95-5743-4383-9a8f-9d0a5a029f32,true,
d32877fb-a75d-4dfa-931f-f5978ecd24e6,6f631016-81e6-4aa1-9888-f149a7ed7203,false,"[OAS] [OAS] validation failed:
 - ERROR - Response status 200 not defined for path '/users/{id}'.: []
"
d32877fb-a75d-4dfa-931f-f5978ecd24e6,dd1f3d3c-b9ea-4c50-aa78-c34882e73b1a,true,
d32877fb-a75d-4dfa-931f-f5978ecd24e6,7bc8a0c4-2c58-4eff-a17a-6ffa3d2db086,true,
d32877fb-a75d-4dfa-931f-f5978ecd24e6,382fad3a-9d22-4901-8a86-570eeaf22ccd,true,
d32877fb-a75d-4dfa-931f-f5978ecd24e6,943878fc-4da5-4ec0-9cec-6fe5fdd92cc4,true,
d32877fb-a75d-4dfa-931f-f5978ecd24e6,4bfc719e-b0e7-4bdc-9f1a-e3be409e6dda,true,
d32877fb-a75d-4dfa-931f-f5978ecd24e6,7dac3939-2721-4de9-8ca8-b3d258929f2b,true,
d32877fb-a75d-4dfa-931f-f5978ecd24e6,36ef9c50-282a-4172-96e9-a2c79b291785,true,
d32877fb-a75d-4dfa-931f-f5978ecd24e6,2138b7c6-b17e-45bd-8a49-9990314b28ea,true,
d32877fb-a75d-4dfa-931f-f5978ecd24e6,159667a3-8fed-4000-bc72-f7097b4213ca,false,"[OAS] [OAS] validation failed:
 - ERROR - [Path '/birthDate'] Instance type (number) does not match any allowed primitive type (allowed: [""null"",""string""]): []
"
d32877fb-a75d-4dfa-931f-f5978ecd24e6,5e591be3-fd50-4475-8053-47049d13ba88,false,"[OAS] [OAS] validation failed:
 - ERROR - [Path '/enabled'] Instance type (number) does not match any allowed primitive type (allowed: [""boolean""]): []
"
d32877fb-a75d-4dfa-931f-f5978ecd24e6,b26fc3dc-acc9-41a0-80b0-6ea299f0fee0,false,"[OAS] [OAS] validation failed:
 - ERROR - [Path '/note'] Instance type (object) does not match any allowed primitive type (allowed: [""null"",""string""]): []
"
d32877fb-a75d-4dfa-931f-f5978ecd24e6,7bdc867e-7c57-48bf-a2d8-2eb92ff9a9e1,false,"[OAS] [OAS] validation failed:
 - ERROR - [Path '/loginDt'] Instance type (object) does not match any allowed primitive type (allowed: [""null"",""string""]): []
"
d32877fb-a75d-4dfa-931f-f5978ecd24e6,7cedf744-9912-4b4c-bc18-0f2ebe8a3a03,true,
d32877fb-a75d-4dfa-931f-f5978ecd24e6,03745ffb-823b-4c94-bd39-ea43ca9d9087,false,"[OAS] [OAS] validation failed:
 - ERROR - [Path '/contactDTO'] Object instance has properties which are not allowed by the schema: [""randomBoolean1"",""randomObject2""]: []
"
d32877fb-a75d-4dfa-931f-f5978ecd24e6,57bfa384-a294-4fcc-b67d-1d78908e8ac4,true,
d32877fb-a75d-4dfa-931f-f5978ecd24e6,3916612b-5b80-487c-8c51-b984872cf46b,false,"[OAS] [OAS] validation failed:
 - ERROR - [Path '/contactDTO/phone'] Instance type (array) does not match any allowed primitive type (allowed: [""null"",""string""]): []
"
d32877fb-a75d-4dfa-931f-f5978ecd24e6,054e301c-4421-4fae-920d-ebc058ac1035,true,
d32877fb-a75d-4dfa-931f-f5978ecd24e6,634189ce-7ad8-4dff-a0b0-807788c7fc3d,true,
d32877fb-a75d-4dfa-931f-f5978ecd24e6,03ea7786-78e3-4a2d-b3ed-2a797b5b8ae0,true,
d32877fb-a75d-4dfa-931f-f5978ecd24e6,7cefb213-925d-44e9-a53e-d501bc7123f2,true,
d32877fb-a75d-4dfa-931f-f5978ecd24e6,561809ff-e619-49b1-9859-6f9dee9f0ebc,true,
d32877fb-a75d-4dfa-931f-f5978ecd24e6,6ded5042-1093-48b5-a3c0-efeb2577f861,true,
d32877fb-a75d-4dfa-931f-f5978ecd24e6,f5748db1-a5ef-49b9-b123-86dca71bb0b9,false,"[OAS] [OAS] validation failed:
 - ERROR - [Path '/addressDTO/address'] Instance type (integer) does not match any allowed primitive type (allowed: [""null"",""string""]): []
"
d32877fb-a75d-4dfa-931f-f5978ecd24e6,79309bb0-10cc-453f-9edd-2777a116b41b,false,"[OAS] [OAS] validation failed:
 - ERROR - [Path '/addressDTO/address2'] Instance type (boolean) does not match any allowed primitive type (allowed: [""null"",""string""]): []
"
d32877fb-a75d-4dfa-931f-f5978ecd24e6,b6595e5f-ce8b-4de2-b8e9-8192992670fb,false,"[OAS] [OAS] validation failed:
 - ERROR - [Path '/addressDTO/city'] Instance type (array) does not match any allowed primitive type (allowed: [""null"",""string""]): []
"
d32877fb-a75d-4dfa-931f-f5978ecd24e6,091be2d0-8ee5-4a1a-8e38-4a75dd2d5d7a,true,
d32877fb-a75d-4dfa-931f-f5978ecd24e6,2dd7515f-5c6e-4c47-90d0-a2e187d39e43,false,"[OAS] [OAS] validation failed:
 - ERROR - [Path '/addressDTO/zipCode'] Instance type (integer) does not match any allowed primitive type (allowed: [""null"",""string""]): []
"
d32877fb-a75d-4dfa-931f-f5978ecd24e6,a7c24cb6-617b-47cc-8103-8ab7140062df,false,"[OAS] [OAS] validation failed:
 - ERROR - [Path '/roles'] Instance type (number) does not match any allowed primitive type (allowed: [""array""]): []
"
d32877fb-a75d-4dfa-931f-f5978ecd24e6,bcd4c617-ef92-4e45-8ee4-e0df228e34aa,true,
d32877fb-a75d-4dfa-931f-f5978ecd24e6,dad39286-bc9d-4d65-b113-d6a6777780b2,true,
d32877fb-a75d-4dfa-931f-f5978ecd24e6,85ef5558-a70e-45e2-8b1d-f70645291fcd,false,"[OAS] [OAS] validation failed:
 - ERROR - [Path '/permissions/0'] Instance type (array) does not match any allowed primitive type (allowed: [""string""]): []
"
d32877fb-a75d-4dfa-931f-f5978ecd24e6,299dc03d-669a-4560-a38d-7fb0ac589fbe,false,"[OAS] [OAS] validation failed:
 - ERROR - [Path '/permissions/1'] Instance type (boolean) does not match any allowed primitive type (allowed: [""string""]): []
"
8bedb688-8bce-4428-8534-185831e44b33,12543e6d-71d8-43fe-9438-3d3da37a33bc,false,"[OAS] [OAS] validation failed:
 - ERROR - Response status 200 not defined for path '/users/{id}'.: []
"
8bedb688-8bce-4428-8534-185831e44b33,755e8a79-fea8-4bc0-9834-4ff19ba9bc18,true,
8bedb688-8bce-4428-8534-185831e44b33,2ac93fad-b94e-4c08-8b9e-9527e1901a6d,true,
8bedb688-8bce-4428-8534-185831e44b33,32a62da8-40e5-4f50-b0fc-6a12e20b3e59,true,
8bedb688-8bce-4428-8534-185831e44b33,bedfebb3-4cb4-47d7-84fc-65858387000b,true,
8bedb688-8bce-4428-8534-185831e44b33,b56991e2-4d50-414c-ba55-97b26e2ed997,true,
8bedb688-8bce-4428-8534-185831e44b33,005a9e80-ebe6-48a3-a9a2-5274eb5ecd0b,true,
8bedb688-8bce-4428-8534-185831e44b33,975a38b0-942e-4bf4-bef1-6e85f7e6c4d9,false,"[OAS] [OAS] validation failed:
 - ERROR - [Path '/surname'] Instance type (number) does not match any allowed primitive type (allowed: [""null"",""string""]): []
"
8bedb688-8bce-4428-8534-185831e44b33,57e15654-4b28-4752-9fb3-4af0a1ae500f,true,
8bedb688-8bce-4428-8534-185831e44b33,f655e93f-b31f-40d8-b537-30b073c18cbd,false,"[OAS] [OAS] validation failed:
 - ERROR - [Path '/birthDate'] String "" ""K32s3"" is invalid against requested date format(s) yyyy-MM-dd: []
"
8bedb688-8bce-4428-8534-185831e44b33,63918815-7dd2-4080-9e09-6ec8cfe1eb74,false,"[OAS] [OAS] validation failed:
 - ERROR - [Path '/enabled'] Instance type (null) does not match any allowed primitive type (allowed: [""boolean""]): []
"
8bedb688-8bce-4428-8534-185831e44b33,fcac46c2-ed9b-43f4-a130-ed76d603c63d,true,
8bedb688-8bce-4428-8534-185831e44b33,0e1944e5-319e-4888-ab82-348f06ed8bef,false,"[OAS] [OAS] validation failed:
 - ERROR - [Path '/loginDt'] Instance type (object) does not match any allowed primitive type (allowed: [""null"",""string""]): []
"
8bedb688-8bce-4428-8534-185831e44b33,d7b1cb98-023f-406f-9a5f-1d5c92985114,false,"[OAS] [OAS] validation failed:
 - ERROR - [Path '/secured'] Instance type (object) does not match any allowed primitive type (allowed: [""boolean""]): []
"
8bedb688-8bce-4428-8534-185831e44b33,c792cc35-4cff-46b2-98a9-9ed7fbabba4b,false,"[OAS] [OAS] validation failed:
 - ERROR - [Path '/contactDTO'] Instance type (number) does not match any allowed primitive type (allowed: [""object""]): []
"
8bedb688-8bce-4428-8534-185831e44b33,2ffe053b-da19-418a-8afb-9caf4bcf25b4,false,"[OAS] [OAS] validation failed:
 - ERROR - [Path '/contactDTO/email'] Instance type (array) does not match any allowed primitive type (allowed: [""string""]): []
"
8bedb688-8bce-4428-8534-185831e44b33,f8552e7a-8c02-41a0-a1d4-f6f9b29b43b7,true,
8bedb688-8bce-4428-8534-185831e44b33,c5c887b2-d0ad-42cb-8b39-e3d89886818b,false,"[OAS] [OAS] validation failed:
 - ERROR - [Path '/contactDTO/skype'] Instance type (object) does not match any allowed primitive type (allowed: [""null"",""string""]): []
"
8bedb688-8bce-4428-8534-185831e44b33,c4d0bf38-7df9-4007-a67c-89cd0904c175,true,
8bedb688-8bce-4428-8534-185831e44b33,4fec2d3f-91c6-4b2e-914b-0d1c3d14bf29,true,
8bedb688-8bce-4428-8534-185831e44b33,3c3afe88-0434-40b0-82c7-a28a66d07cfa,true,
8bedb688-8bce-4428-8534-185831e44b33,5eff073c-57df-4c50-ab1e-b01dbccd7533,false,"[OAS] [OAS] validation failed:
 - ERROR - [Path '/contactDTO/contactNote'] Instance type (array) does not match any allowed primitive type (allowed: [""null"",""string""]): []
"
8bedb688-8bce-4428-8534-185831e44b33,b9a0ffb6-ebed-44b3-a774-e72b8c01152f,false,"[OAS] [OAS] validation failed:
 - ERROR - [Path '/addressDTO'] Object instance has properties which are not allowed by the schema: [""randomArray3"",""randomLong2"",""randomObject1"",""randomObject4""]: []
"
8bedb688-8bce-4428-8534-185831e44b33,7cff4e0e-4327-4ead-bfa7-ba9a3bc13cec,true,
8bedb688-8bce-4428-8534-185831e44b33,2a85da1c-3498-4817-b2cd-9e00e0cb02c7,false,"[OAS] [OAS] validation failed:
 - ERROR - [Path '/addressDTO/address2'] Instance type (integer) does not match any allowed primitive type (allowed: [""null"",""string""]): []
"
8bedb688-8bce-4428-8534-185831e44b33,4a1e22f4-2331-46f1-a1e9-0c18f29b69d3,true,
8bedb688-8bce-4428-8534-185831e44b33,b1227d7f-f844-4b12-b8d7-cd9f3cc5ac5a,true,
8bedb688-8bce-4428-8534-185831e44b33,0172e2d2-4ea2-4c74-a11b-febff76b9a30,true,
8bedb688-8bce-4428-8534-185831e44b33,689972dc-ea79-466e-b933-32dee189ac45,false,"[OAS] [OAS] validation failed:
 - ERROR - [Path '/roles'] Instance type (number) does not match any allowed primitive type (allowed: [""array""]): []
"
8bedb688-8bce-4428-8534-185831e44b33,4fd2c4e8-d320-40d7-96f8-b029de475f35,false,"[OAS] [OAS] validation failed:
 - ERROR - [Path '/roles/0'] Instance type (null) does not match any allowed primitive type (allowed: [""string""]): []
"
8bedb688-8bce-4428-8534-185831e44b33,0310c67d-d69c-4b26-9a84-74000a78dab9,true,
8bedb688-8bce-4428-8534-185831e44b33,dc289ef0-a6c9-44fb-9189-7aae7ddbadb2,false,"[OAS] [OAS] validation failed:
 - ERROR - [Path '/permissions/0'] Instance type (null) does not match any allowed primitive type (allowed: [""string""]): []
"
8bedb688-8bce-4428-8534-185831e44b33,51b029b0-fcaf-4aa6-81ca-c82ea10948d7,true,
eb3da779-945a-46bf-9d33-8bd36877f6ee,2e85746b-620e-476a-ad02-98649c3a16aa,false,"[OAS] [OAS] validation failed:
 - ERROR - Response status 403 not defined for path '/users/{id}'.: []
"
eb3da779-945a-46bf-9d33-8bd36877f6ee,d0695683-e94c-42e7-905a-6c20bb9e2117,true,
eb3da779-945a-46bf-9d33-8bd36877f6ee,871d968f-4f57-4966-bf7a-f8809366cbc4,true,
eb3da779-945a-46bf-9d33-8bd36877f6ee,458fde25-98ac-484e-8f43-f74fced921e2,true,
eb3da779-945a-46bf-9d33-8bd36877f6ee,b8a1c213-fcf2-4ac7-9efd-55235d6b41e5,true,
eb3da779-945a-46bf-9d33-8bd36877f6ee,74e25c0a-953b-47b4-9146-ca493a71a73f,true,
eb3da779-945a-46bf-9d33-8bd36877f6ee,ed34c225-92ea-41b1-b616-fb02e5124685,true,
eb3da779-945a-46bf-9d33-8bd36877f6ee,141e31fd-e392-4798-9a07-f8ce96d76986,true,
eb3da779-945a-46bf-9d33-8bd36877f6ee,d6ac865e-6c9f-4017-9ca2-34f567a7511c,false,"[OAS] [OAS] validation failed:
 - ERROR - [Path '/gender'] Instance type (array) does not match any allowed primitive type (allowed: [""string""]): []
"
eb3da779-945a-46bf-9d33-8bd36877f6ee,8c9b4644-82cc-49cc-b336-6c9c227cf14b,true,
eb3da779-945a-46bf-9d33-8bd36877f6ee,9b099269-a6b2-41e5-b34d-9abb735ee5b1,false,"[OAS] [OAS] validation failed:
 - ERROR - [Path '/enabled'] Instance type (number) does not match any allowed primitive type (allowed: [""boolean""]): []
"
eb3da779-945a-46bf-9d33-8bd36877f6ee,e282797a-cb44-43de-8d30-8a2186aa1e8b,true,
eb3da779-945a-46bf-9d33-8bd36877f6ee,c63cba03-dd62-4035-806e-13b2848fe775,false,"[OAS] [OAS] validation failed:
 - ERROR - [Path '/loginDt'] Instance type (number) does not match any allowed primitive type (allowed: [""null"",""string""]): []
"
eb3da779-945a-46bf-9d33-8bd36877f6ee,209acb91-5a7a-4cd0-8ac2-dda259bb614b,false,"[OAS] [OAS] validation failed:
 - ERROR - [Path '/secured'] Instance type (null) does not match any allowed primitive type (allowed: [""boolean""]): []
"
eb3da779-945a-46bf-9d33-8bd36877f6ee,3f2c8814-bca9-4a82-92ad-206a90e34678,false,"[OAS] [OAS] validation failed:
 - ERROR - [Path '/contactDTO'] Instance type (number) does not match any allowed primitive type (allowed: [""object""]): []
"
eb3da779-945a-46bf-9d33-8bd36877f6ee,447b625f-6963-4468-888c-1f521a62d3ad,true,
eb3da779-945a-46bf-9d33-8bd36877f6ee,4fe742b8-d887-41af-ac76-2b128a03ac55,false,"[OAS] [OAS] validation failed:
 - ERROR - [Path '/contactDTO/phone'] Instance type (array) does not match any allowed primitive type (allowed: [""null"",""string""]): []
"
eb3da779-945a-46bf-9d33-8bd36877f6ee,4fb06ba9-3728-4eb1-8972-407fdf6c06fd,true,
eb3da779-945a-46bf-9d33-8bd36877f6ee,f16d6da8-b82a-4209-a242-c80881f4b805,false,"[OAS] [OAS] validation failed:
 - ERROR - [Path '/contactDTO/facebook'] Instance type (object) does not match any allowed primitive type (allowed: [""null"",""string""]): []
"
eb3da779-945a-46bf-9d33-8bd36877f6ee,fae9b314-7e34-4d9e-92e9-ea5bfb53fb4d,false,"[OAS] [OAS] validation failed:
 - ERROR - [Path '/contactDTO/linkedin'] Instance type (object) does not match any allowed primitive type (allowed: [""null"",""string""]): []
"
eb3da779-945a-46bf-9d33-8bd36877f6ee,6bacfca2-9c2e-468e-a9f4-0c7a1444e8d4,false,"[OAS] [OAS] validation failed:
 - ERROR - [Path '/contactDTO/website'] Instance type (array) does not match any allowed primitive type (allowed: [""null"",""string""]): []
"
eb3da779-945a-46bf-9d33-8bd36877f6ee,2e9952d3-53ba-4026-bfd1-ed04c74e9d35,true,
eb3da779-945a-46bf-9d33-8bd36877f6ee,e75f2a2d-7da5-4898-b17b-401fb28703b6,true,
eb3da779-945a-46bf-9d33-8bd36877f6ee,6dc56668-2236-4a62-8cae-8ebcd45e5db8,true,
eb3da779-945a-46bf-9d33-8bd36877f6ee,7fffaf2c-2582-4a0f-9366-d58ffe1aceae,true,
eb3da779-945a-46bf-9d33-8bd36877f6ee,84c09fb1-6056-4f4f-bd53-e721a066d51f,false,"[OAS] [OAS] validation failed:
 - ERROR - [Path '/addressDTO/city'] Instance type (integer) does not match any allowed primitive type (allowed: [""null"",""string""]): []
"
eb3da779-945a-46bf-9d33-8bd36877f6ee,df2f5a0f-391e-46c9-b19f-092fb11f0966,false,"[OAS] [OAS] validation failed:
 - ERROR - [Path '/addressDTO/country'] Instance type (integer) does not match any allowed primitive type (allowed: [""null"",""string""]): []
"
eb3da779-945a-46bf-9d33-8bd36877f6ee,d8d6df6f-bbfa-4fca-95b8-b58e6443fc66,false,"[OAS] [OAS] validation failed:
 - ERROR - [Path '/addressDTO/zipCode'] Instance type (integer) does not match any allowed primitive type (allowed: [""null"",""string""]): []
"
eb3da779-945a-46bf-9d33-8bd36877f6ee,94f4c5ee-8c24-4229-9cc0-f3f099780cfd,false,"[OAS] [OAS] validation failed:
 - ERROR - [Path '/roles/1'] Instance type (boolean) does not match any allowed primitive type (allowed: [""string""]): []
"
eb3da779-945a-46bf-9d33-8bd36877f6ee,aca47cd2-a58d-4a9c-a5d4-8fec6c32d749,false,"[OAS] [OAS] validation failed:
 - ERROR - [Path '/roles/0'] Instance type (null) does not match any allowed primitive type (allowed: [""string""]): []
"
eb3da779-945a-46bf-9d33-8bd36877f6ee,adafc6ae-eb07-4657-a9d7-348061b380c9,false,"[OAS] [OAS] validation failed:
 - ERROR - [Path '/permissions/2'] Instance type (object) does not match any allowed primitive type (allowed: [""string""]): []
"
eb3da779-945a-46bf-9d33-8bd36877f6ee,3c0a6415-16df-4f3c-983f-9ce2777d021b,true,
eb3da779-945a-46bf-9d33-8bd36877f6ee,64b1f5e4-bc5e-474d-bb4e-bf3a40b51ffa,false,"[OAS] [OAS] validation failed:
 - ERROR - [Path '/permissions/1'] Instance type (boolean) does not match any allowed primitive type (allowed: [""string""]): []
"
aa6a892b-9e54-4065-b2b3-4f2326cea595,326cdc74-cfc6-439b-98db-1db4e589b2a0,false,[NO_5XX] Unexpected 5XX response: 504
aa6a892b-9e54-4065-b2b3-4f2326cea595,2ccd6f21-c646-4960-b4f2-f6bdd11388bc,true,
aa6a892b-9e54-4065-b2b3-4f2326cea595,338bb085-c6e4-44f6-bb95-0548099657fa,true,
aa6a892b-9e54-4065-b2b3-4f2326cea595,e493072d-4ba3-48e1-8268-7253db2df729,true,
aa6a892b-9e54-4065-b2b3-4f2326cea595,95ecbdd0-c8a0-41cb-9006-34a6af5a99a5,false,"[OAS] [OAS] validation failed:
 - ERROR - [Path '/id'] Instance type (null) does not match any allowed primitive type (allowed: [""integer""]): []
"
aa6a892b-9e54-4065-b2b3-4f2326cea595,930e751d-c273-4271-8228-174906776cd3,true,
aa6a892b-9e54-4065-b2b3-4f2326cea595,7989fbe7-8f90-4354-bd03-3f88067f80ab,false,"[OAS] [OAS] validation failed:
 - ERROR - [Path '/name'] Instance type (object) does not match any allowed primitive type (allowed: [""string""]): []
"
aa6a892b-9e54-4065-b2b3-4f2326cea595,c94f8794-598b-4c62-9557-b2a0b16bc063,true,
aa6a892b-9e54-4065-b2b3-4f2326cea595,4952cded-caa6-4e20-974e-450fdf7bbacc,true,
aa6a892b-9e54-4065-b2b3-4f2326cea595,b652f73f-bc82-42f8-8d7d-fa31bac4a8e1,false,"[OAS] [OAS] validation failed:
 - ERROR - [Path '/birthDate'] String ""199/*0-05-20"" is invalid against requested date format(s) yyyy-MM-dd: []
"
aa6a892b-9e54-4065-b2b3-4f2326cea595,9b3808d1-e98c-4d2e-9758-8e0a447b3d4b,true,
aa6a892b-9e54-4065-b2b3-4f2326cea595,6fef12c2-991d-471c-802a-e9ab3baa01e9,false,"[OAS] [OAS] validation failed:
 - ERROR - [Path '/note'] Instance type (number) does not match any allowed primitive type (allowed: [""null"",""string""]): []
"
aa6a892b-9e54-4065-b2b3-4f2326cea595,74636efc-0b4d-469e-a012-75f3b1407225,false,"[OAS] [OAS] validation failed:
 - ERROR - [Path '/loginDt'] Instance type (object) does not match any allowed primitive type (allowed: [""null"",""string""]): []
"
aa6a892b-9e54-4065-b2b3-4f2326cea595,74abcf36-f184-4386-bbda-816bb718fe71,false,"[OAS] [OAS] validation failed:
 - ERROR - [Path '/secured'] Instance type (null) does not match any allowed primitive type (allowed: [""boolean""]): []
"
aa6a892b-9e54-4065-b2b3-4f2326cea595,ede40286-0972-47e0-aace-d57c81e10952,true,
aa6a892b-9e54-4065-b2b3-4f2326cea595,df389a3e-341a-4e7c-8b68-5bc690781543,true,
aa6a892b-9e54-4065-b2b3-4f2326cea595,f98585bc-29c6-49d1-bd0b-25fb5ad2af96,true,
aa6a892b-9e54-4065-b2b3-4f2326cea595,da52a87b-33b5-4267-bdc3-0caa50f9cd55,false,"[OAS] [OAS] validation failed:
 - ERROR - [Path '/contactDTO/skype'] Instance type (object) does not match any allowed primitive type (allowed: [""null"",""string""]): []
"
aa6a892b-9e54-4065-b2b3-4f2326cea595,1b4b7078-31b1-4904-b4c6-fffe8bb769cf,true,
aa6a892b-9e54-4065-b2b3-4f2326cea595,2e964be9-c0cd-4aa4-909d-adc787aadb09,false,"[OAS] [OAS] validation failed:
 - ERROR - [Path '/contactDTO/linkedin'] Instance type (integer) does not match any allowed primitive type (allowed: [""null"",""string""]): []
"
aa6a892b-9e54-4065-b2b3-4f2326cea595,32ce3b1b-311d-4441-81c2-eccf4445e677,false,"[OAS] [OAS] validation failed:
 - ERROR - [Path '/contactDTO/website'] Instance type (array) does not match any allowed primitive type (allowed: [""null"",""string""]): []
"
aa6a892b-9e54-4065-b2b3-4f2326cea595,22a2d5db-5c49-4688-88f2-03864327dbba,true,
aa6a892b-9e54-4065-b2b3-4f2326cea595,6f2a5a08-c5b1-45be-bd29-b4c43ea29803,false,"[OAS] [OAS] validation failed:
 - ERROR - [Path '/addressDTO'] Instance type (array) does not match any allowed primitive type (allowed: [""object""]): []
"
aa6a892b-9e54-4065-b2b3-4f2326cea595,a4351012-5618-4d37-9956-1527563389b2,true,
aa6a892b-9e54-4065-b2b3-4f2326cea595,c2dccd23-6771-4918-8234-2293649cc561,true,
aa6a892b-9e54-4065-b2b3-4f2326cea595,8b88a919-4247-4461-b0b5-cd3eb8ce18ac,false,"[OAS] [OAS] validation failed:
 - ERROR - [Path '/addressDTO/city'] Instance type (integer) does not match any allowed primitive type (allowed: [""null"",""string""]): []
"
aa6a892b-9e54-4065-b2b3-4f2326cea595,7cd6b23a-4673-4dbf-bb50-4c04ad610622,false,"[OAS] [OAS] validation failed:
 - ERROR - [Path '/addressDTO/country'] Instance type (array) does not match any allowed primitive type (allowed: [""null"",""string""]): []
"
aa6a892b-9e54-4065-b2b3-4f2326cea595,cb0de94b-6e24-423e-8488-2e1cfc61c066,false,"[OAS] [OAS] validation failed:
 - ERROR - [Path '/addressDTO/zipCode'] Instance type (integer) does not match any allowed primitive type (allowed: [""null"",""string""]): []
"
aa6a892b-9e54-4065-b2b3-4f2326cea595,e2704c1a-d5c5-49a2-9306-7aca834db107,false,"[OAS] [OAS] validation failed:
 - ERROR - [Path '/roles'] Instance type (null) does not match any allowed primitive type (allowed: [""array""]): []
"
aa6a892b-9e54-4065-b2b3-4f2326cea595,92cd7f00-acfa-4fd7-9d1d-3bb81dc97963,true,
aa6a892b-9e54-4065-b2b3-4f2326cea595,12b2fdac-ab42-4ba5-8d5e-05560ec79ec9,true,
aa6a892b-9e54-4065-b2b3-4f2326cea595,2c6d34d4-5a33-4bfd-9df4-a8d66bf6e696,false,"[OAS] [OAS] validation failed:
 - ERROR - [Path '/permissions/0'] Instance type (array) does not match any allowed primitive type (allowed: [""string""]): []
"
aa6a892b-9e54-4065-b2b3-4f2326cea595,b9deb605-61e4-4227-852f-57d6f47ae582,true,
d474634f-6919-4410-9c9f-dc0e0e82b114,1d02ced2-5525-4d1b-94c2-964790e36412,false,"[OAS] [OAS] validation failed:
 - ERROR - Response status 409 not defined for path '/users/{id}'.: []
"
d474634f-6919-4410-9c9f-dc0e0e82b114,859620c0-e84a-42a5-a4d5-f175c51fd1ed,false,"[OAS] [OAS] validation failed:
 - ERROR - Object instance has properties which are not allowed by the schema: [""{\""id\"":2,\""username\"":\""johndoe90\"",\""name\"":\""John\"",\""surname\"":\""Doe\"",\""gender\"":\""MALE\"",\""birthDate\"":\""1985-12-01\"",\""enabled\"":true,\""note\"":\""Frequent buyer\"",\""loginDt\"":null,\""secured\"":false,\""contactDTO\"":{\""email\"":\""alice.smith@test.org\"",\""phone\"":null,\""skype\"":\""alice.smith.skype\"",\""facebook\"":\""https://facebook.com/john.doe\"",\""linkedin\"":\""https://linkedin.com/in/johndoe\"",\""website\"":\""https://example.org\"",\""contactNote\"":\""Preferred contact time: afternoon\""},\""addressDTO\"":{\""address\"":\""456 High Road\"",\""address2\"":\""Apt. 4B\"",\""city\"":\""Beijing\"",\""country\"":\""China\"",\""zipCode\"":\""10001\""},\""roles\"":[\""USER\""],\""permissions\"":[\""LOGIN\"",\""VIEW_PROFILE\""]}""]: []
"
d474634f-6919-4410-9c9f-dc0e0e82b114,6f160570-7ced-4569-b286-31ba86b85a73,true,
d474634f-6919-4410-9c9f-dc0e0e82b114,0a40c183-fa0a-45f2-bfb9-4b3110660e8f,true,
d474634f-6919-4410-9c9f-dc0e0e82b114,a9d50f8b-faf6-4932-a8cf-17415aeb4de1,true,
d474634f-6919-4410-9c9f-dc0e0e82b114,4eff2f13-acd2-4c4c-a2c2-675ab26c60e9,true,
d474634f-6919-4410-9c9f-dc0e0e82b114,c4e20935-9ef9-4339-8d2c-3bc7396b0177,true,
d474634f-6919-4410-9c9f-dc0e0e82b114,55ccd672-5499-46b8-8145-ab25bedb20d8,true,
d474634f-6919-4410-9c9f-dc0e0e82b114,c54c226a-27b2-4e66-a9a2-34202ebe89eb,true,
d474634f-6919-4410-9c9f-dc0e0e82b114,ce642e0b-7b1e-4bec-bae2-2a6685188473,false,"[OAS] [OAS] validation failed:
 - ERROR - [Path '/birthDate'] Instance type (integer) does not match any allowed primitive type (allowed: [""null"",""string""]): []
"
d474634f-6919-4410-9c9f-dc0e0e82b114,0f4773e5-9c8a-4c64-b7dd-99f57b5e3337,true,
d474634f-6919-4410-9c9f-dc0e0e82b114,6c320738-a40d-4679-b734-ccf63b2adf6f,true,
d474634f-6919-4410-9c9f-dc0e0e82b114,bfc2267a-887a-4313-b40a-4a9cd1542e75,false,"[OAS] [OAS] validation failed:
 - ERROR - [Path '/loginDt'] Instance type (number) does not match any allowed primitive type (allowed: [""null"",""string""]): []
"
d474634f-6919-4410-9c9f-dc0e0e82b114,d2b4cfa2-7503-46ec-9f09-339b85fe647f,false,"[OAS] [OAS] validation failed:
 - ERROR - [Path '/secured'] Instance type (object) does not match any allowed primitive type (allowed: [""boolean""]): []
"
d474634f-6919-4410-9c9f-dc0e0e82b114,22922c19-1431-44ae-8526-6f593f7d8b79,false,"[OAS] [OAS] validation failed:
 - ERROR - [Path '/contactDTO'] Instance type (null) does not match any allowed primitive type (allowed: [""object""]): []
"
d474634f-6919-4410-9c9f-dc0e0e82b114,d8c74e6d-e546-49c3-a156-5a5ab775ced8,true,
d474634f-6919-4410-9c9f-dc0e0e82b114,49e2892e-7ff6-4484-a4c7-10f209d6e116,false,"[OAS] [OAS] validation failed:
 - ERROR - [Path '/contactDTO/phone'] Instance type (object) does not match any allowed primitive type (allowed: [""null"",""string""]): []
"
d474634f-6919-4410-9c9f-dc0e0e82b114,eff8dc68-9116-4cec-96c1-09ceb9e640cf,true,
d474634f-6919-4410-9c9f-dc0e0e82b114,872c5e60-d07a-4d43-bbbd-6aa8d5aac996,true,
d474634f-6919-4410-9c9f-dc0e0e82b114,b1051382-6fa7-45a3-8f80-694ae1935836,true,
d474634f-6919-4410-9c9f-dc0e0e82b114,a96e86db-ac3a-417d-9677-9539d6dca091,true,
d474634f-6919-4410-9c9f-dc0e0e82b114,de9ed728-c683-41d4-8418-33af6f0e1018,true,
d474634f-6919-4410-9c9f-dc0e0e82b114,de5add63-8f48-4e07-a9aa-48abf7ac43ea,false,"[OAS] [OAS] validation failed:
 - ERROR - [Path '/addressDTO'] Instance type (array) does not match any allowed primitive type (allowed: [""object""]): []
"
d474634f-6919-4410-9c9f-dc0e0e82b114,368c626c-aab5-402c-b1e9-36936d9ff2cf,true,
d474634f-6919-4410-9c9f-dc0e0e82b114,a20d0975-559d-4d2b-bb8f-6ab2ae588453,true,
d474634f-6919-4410-9c9f-dc0e0e82b114,63b7420b-1439-4a4d-b551-6a11f11842b0,true,
d474634f-6919-4410-9c9f-dc0e0e82b114,ee3ee800-ce00-40a6-a4e2-bc1225eae0bb,true,
d474634f-6919-4410-9c9f-dc0e0e82b114,b5af94ff-f666-41aa-ac7d-7f25a7585716,false,"[OAS] [OAS] validation failed:
 - ERROR - [Path '/addressDTO/zipCode'] Instance type (boolean) does not match any allowed primitive type (allowed: [""null"",""string""]): []
"
d474634f-6919-4410-9c9f-dc0e0e82b114,64b0b10a-ec6e-4b7f-94f7-b461ff0e4bbd,false,"[OAS] [OAS] validation failed:
 - ERROR - [Path '/roles/1'] Instance type (boolean) does not match any allowed primitive type (allowed: [""string""]): []
"
d474634f-6919-4410-9c9f-dc0e0e82b114,28fde408-503d-41dc-995a-7331f5980f8b,true,
d474634f-6919-4410-9c9f-dc0e0e82b114,cb651df5-15a8-44ac-8dc8-b9806e0c129b,false,"[OAS] [OAS] validation failed:
 - ERROR - [Path '/permissions/2'] Instance type (object) does not match any allowed primitive type (allowed: [""string""]): []
"
d474634f-6919-4410-9c9f-dc0e0e82b114,17562edc-da3f-4d79-86d8-fa5eaa991871,false,"[OAS] [OAS] validation failed:
 - ERROR - [Path '/permissions/0'] Instance type (object) does not match any allowed primitive type (allowed: [""string""]): []
"
d474634f-6919-4410-9c9f-dc0e0e82b114,d1d4f7ed-e652-48b7-bc97-4335d04090fa,true,
4c184f06-ec21-4fa0-bf1d-aaa396b7de68,598a70f7-299f-4e69-9762-f16869d1b6f8,false,"[OAS] [OAS] validation failed:
 - ERROR - Response status 403 not defined for path '/users/{id}'.: []
"
4c184f06-ec21-4fa0-bf1d-aaa396b7de68,721c64b5-4a05-4c82-9b1c-bab981881806,false,"[OAS] [OAS] validation failed:
 - ERROR - Object instance has properties which are not allowed by the schema: [""{\""id\"":3,\""username\"":\""alice1985\"",\""name\"":\""Bob\"",\""surname\"":\""Zhang\"",\""gender\"":\""MALE\"",\""birthDate\"":null,\""enabled\"":false,\""note\"":\""VIP customer\"",\""loginDt\"":null,\""secured\"":false,\""contactDTO\"":{\""email\"":\""user123@demo.net\"",\""phone\"":null,\""skype\"":\""alice.smith.skype\"",\""facebook\"":\""https://facebook.com/test.user\"",\""linkedin\"":null,\""website\"":\""https://johndoe.dev\"",\""contactNote\"":null},\""addressDTO\"":{\""address\"":\""123 Main Street\"",\""address2\"":\""Building 5\"",\""city\"":null,\""country\"":\""UK\"",\""zipCode\"":\""100000\""},\""roles\"":[\""USER\""],\""permissions\"":[\""LOGIN\"",\""VIEW_PROFILE\""]}""]: []
"
4c184f06-ec21-4fa0-bf1d-aaa396b7de68,3e0e2633-e569-4c30-93c3-8b3261ed611d,true,
4c184f06-ec21-4fa0-bf1d-aaa396b7de68,918bc38e-f368-4368-bbca-2ff7f3b35db2,true,
4c184f06-ec21-4fa0-bf1d-aaa396b7de68,a885cdc5-3576-43d6-be7d-e7a043476c7c,false,"[OAS] [OAS] validation failed:
 - ERROR - [Path '/id'] Instance type (null) does not match any allowed primitive type (allowed: [""integer""]): []
"
4c184f06-ec21-4fa0-bf1d-aaa396b7de68,da582c46-4a97-4f87-88b9-d31f92f1ddab,false,"[OAS] [OAS] validation failed:
 - ERROR - [Path '/username'] Instance type (number) does not match any allowed primitive type (allowed: [""string""]): []
"
4c184f06-ec21-4fa0-bf1d-aaa396b7de68,88323a6b-3a44-444e-bbbe-3acc36f9d0fe,true,
4c184f06-ec21-4fa0-bf1d-aaa396b7de68,1ec385ac-8c0f-406f-ba7a-0e638967ac37,true,
4c184f06-ec21-4fa0-bf1d-aaa396b7de68,69ec9825-a54b-4106-a5af-1a5bbf5822f3,false,"[OAS] [OAS] validation failed:
 - ERROR - [Path '/gender'] Instance type (null) does not match any allowed primitive type (allowed: [""string""]): []
"
4c184f06-ec21-4fa0-bf1d-aaa396b7de68,06c9651b-dda1-4f2d-b75c-98284c1798b0,false,"[OAS] [OAS] validation failed:
 - ERROR - [Path '/birthDate'] Instance type (number) does not match any allowed primitive type (allowed: [""null"",""string""]): []
"
4c184f06-ec21-4fa0-bf1d-aaa396b7de68,1b578575-f011-4ee2-a1cb-55678610be9b,false,"[OAS] [OAS] validation failed:
 - ERROR - [Path '/enabled'] Instance type (null) does not match any allowed primitive type (allowed: [""boolean""]): []
"
4c184f06-ec21-4fa0-bf1d-aaa396b7de68,2966d978-41e4-42ce-bcdb-344e02f93fc8,true,
4c184f06-ec21-4fa0-bf1d-aaa396b7de68,2f32b7a4-a4f9-496d-8530-b9dbdd8c7f03,false,"[OAS] [OAS] validation failed:
 - ERROR - [Path '/loginDt'] Instance type (object) does not match any allowed primitive type (allowed: [""null"",""string""]): []
"
4c184f06-ec21-4fa0-bf1d-aaa396b7de68,3893f79b-b819-4bbf-9904-d79e145dce6f,true,
4c184f06-ec21-4fa0-bf1d-aaa396b7de68,fc9af0a2-358d-4ce7-978d-b37b1f23b96e,false,"[OAS] [OAS] validation failed:
 - ERROR - [Path '/contactDTO'] Instance type (number) does not match any allowed primitive type (allowed: [""object""]): []
"
4c184f06-ec21-4fa0-bf1d-aaa396b7de68,894e5fc8-ca3e-4363-946c-d76399b232a2,false,"[OAS] [OAS] validation failed:
 - ERROR - [Path '/contactDTO/email'] Instance type (array) does not match any allowed primitive type (allowed: [""string""]): []
"
4c184f06-ec21-4fa0-bf1d-aaa396b7de68,fba6e9e5-8e69-47ec-b1ac-a11ae6820af0,false,"[OAS] [OAS] validation failed:
 - ERROR - [Path '/contactDTO/phone'] Instance type (object) does not match any allowed primitive type (allowed: [""null"",""string""]): []
"
4c184f06-ec21-4fa0-bf1d-aaa396b7de68,8d7eb175-aa33-476f-b47c-02ecae874f56,true,
4c184f06-ec21-4fa0-bf1d-aaa396b7de68,8f68461c-83f7-4a27-997d-6e5bf0367ee9,true,
4c184f06-ec21-4fa0-bf1d-aaa396b7de68,677cb01d-5d37-4766-988b-99e1811bfd46,false,"[OAS] [OAS] validation failed:
 - ERROR - [Path '/contactDTO/linkedin'] Instance type (array) does not match any allowed primitive type (allowed: [""null"",""string""]): []
"
4c184f06-ec21-4fa0-bf1d-aaa396b7de68,37b7ccd3-100e-4ed5-9166-4513fbd37d22,true,
4c184f06-ec21-4fa0-bf1d-aaa396b7de68,1d80d810-9ff1-4b49-9403-005ce408ef6d,false,"[OAS] [OAS] validation failed:
 - ERROR - [Path '/contactDTO/contactNote'] Instance type (integer) does not match any allowed primitive type (allowed: [""null"",""string""]): []
"
4c184f06-ec21-4fa0-bf1d-aaa396b7de68,82b8e9fc-8fb1-43f0-b90d-f154721d6958,false,"[OAS] [OAS] validation failed:
 - ERROR - [Path '/addressDTO'] Object instance has properties which are not allowed by the schema: [""randomArray3"",""randomLong2"",""randomObject1"",""randomObject4""]: []
"
4c184f06-ec21-4fa0-bf1d-aaa396b7de68,6dd0d052-9d35-4a6e-8b0b-37ce792c94b6,false,"[OAS] [OAS] validation failed:
 - ERROR - [Path '/addressDTO/address'] Instance type (object) does not match any allowed primitive type (allowed: [""null"",""string""]): []
"
4c184f06-ec21-4fa0-bf1d-aaa396b7de68,982aa447-6c36-4d04-a400-f26ac8ecbb62,true,
4c184f06-ec21-4fa0-bf1d-aaa396b7de68,a8658557-cfe8-4f92-b31a-57511ed1a051,false,"[OAS] [OAS] validation failed:
 - ERROR - [Path '/addressDTO/city'] Instance type (array) does not match any allowed primitive type (allowed: [""null"",""string""]): []
"
4c184f06-ec21-4fa0-bf1d-aaa396b7de68,60c56571-458b-4442-b84d-606263e91476,true,
4c184f06-ec21-4fa0-bf1d-aaa396b7de68,a8a54588-518b-43ea-ad9a-0f0e9adf0d2b,true,
4c184f06-ec21-4fa0-bf1d-aaa396b7de68,43913db0-ec64-4f50-bc5c-f7e6e858baad,false,"[OAS] [OAS] validation failed:
 - ERROR - [Path '/roles'] Instance type (null) does not match any allowed primitive type (allowed: [""array""]): []
"
4c184f06-ec21-4fa0-bf1d-aaa396b7de68,f2ef5e99-19a9-49c8-b9ef-0ee28fd15535,false,"[OAS] [OAS] validation failed:
 - ERROR - [Path '/roles/0'] Instance type (integer) does not match any allowed primitive type (allowed: [""string""]): []
"
4c184f06-ec21-4fa0-bf1d-aaa396b7de68,960d4d26-905c-4fca-a6da-2e3ff62f4d0d,true,
4c184f06-ec21-4fa0-bf1d-aaa396b7de68,8113626b-4d2a-4128-b358-e373dc5355ee,true,
4c184f06-ec21-4fa0-bf1d-aaa396b7de68,ceb2a819-cec1-4b7f-8a79-0e7bb31e8e57,false,"[OAS] [OAS] validation failed:
 - ERROR - [Path '/permissions/1'] Instance type (array) does not match any allowed primitive type (allowed: [""string""]): []
"
efdc472e-aa4a-4d0a-b607-1e8246f8e8b6,f947ede7-3277-4f93-935d-450d08e1dc8c,false,[NO_5XX] Unexpected 5XX response: 502
efdc472e-aa4a-4d0a-b607-1e8246f8e8b6,742a348a-241b-4157-b5cd-e4b7bc3393c9,true,
efdc472e-aa4a-4d0a-b607-1e8246f8e8b6,730d3b97-3d6a-423d-b427-d978de743150,true,
efdc472e-aa4a-4d0a-b607-1e8246f8e8b6,325c6868-a750-42f1-b74d-b0dda56eb2e0,false,"[OAS] [OAS] validation failed:
 - ERROR - Object instance has properties which are not allowed by the schema: [""randomBoolean1""]: []
"
efdc472e-aa4a-4d0a-b607-1e8246f8e8b6,5564d635-ec86-4c0d-8885-341190a6df83,true,
efdc472e-aa4a-4d0a-b607-1e8246f8e8b6,f00be050-9053-49fa-aeff-1a460b80a176,true,
efdc472e-aa4a-4d0a-b607-1e8246f8e8b6,86182fee-eba8-4b49-aee7-1f6cd71ef0d4,true,
efdc472e-aa4a-4d0a-b607-1e8246f8e8b6,33d1a829-8110-492c-ba39-b74c3b9f923d,false,"[OAS] [OAS] validation failed:
 - ERROR - [Path '/surname'] Instance type (number) does not match any allowed primitive type (allowed: [""null"",""string""]): []
"
efdc472e-aa4a-4d0a-b607-1e8246f8e8b6,2eeaba9c-7c31-4701-b0de-1cc6cd4839bd,true,
efdc472e-aa4a-4d0a-b607-1e8246f8e8b6,956641ed-cd83-4285-878d-434e50e79c01,false,"[OAS] [OAS] validation failed:
 - ERROR - [Path '/birthDate'] String ""EJEMPLO MAYUS"" is invalid against requested date format(s) yyyy-MM-dd: []
"
efdc472e-aa4a-4d0a-b607-1e8246f8e8b6,35afa9bb-1971-4d4a-8321-67ab8fec7075,true,
efdc472e-aa4a-4d0a-b607-1e8246f8e8b6,1c3168a8-a544-4467-83f6-67c8f7e5cc44,false,"[OAS] [OAS] validation failed:
 - ERROR - [Path '/note'] Instance type (object) does not match any allowed primitive type (allowed: [""null"",""string""]): []
"
efdc472e-aa4a-4d0a-b607-1e8246f8e8b6,547aaa01-bb9e-4dca-a641-53861f513d7a,false,"[OAS] [OAS] validation failed:
 - ERROR - [Path '/loginDt'] Instance type (object) does not match any allowed primitive type (allowed: [""null"",""string""]): []
"
efdc472e-aa4a-4d0a-b607-1e8246f8e8b6,15e1fcf4-f6b6-4d87-8b62-cbcf40e6f0fe,false,"[OAS] [OAS] validation failed:
 - ERROR - [Path '/secured'] Instance type (object) does not match any allowed primitive type (allowed: [""boolean""]): []
"
efdc472e-aa4a-4d0a-b607-1e8246f8e8b6,b715b468-8ce2-4465-80a3-7300a0b3248b,false,"[OAS] [OAS] validation failed:
 - ERROR - [Path '/contactDTO'] Instance type (null) does not match any allowed primitive type (allowed: [""object""]): []
"
efdc472e-aa4a-4d0a-b607-1e8246f8e8b6,c3bcaba9-a8cb-48b1-bd5f-1da72fcb3dc8,false,"[OAS] [OAS] validation failed:
 - ERROR - [Path '/contactDTO/email'] Instance type (null) does not match any allowed primitive type (allowed: [""string""]): []
"
efdc472e-aa4a-4d0a-b607-1e8246f8e8b6,056ec350-b668-4dab-aee4-a64efd7053a6,false,"[OAS] [OAS] validation failed:
 - ERROR - [Path '/contactDTO/phone'] Instance type (array) does not match any allowed primitive type (allowed: [""null"",""string""]): []
"
efdc472e-aa4a-4d0a-b607-1e8246f8e8b6,29b0f79d-2045-442c-9e09-b024a42abcdc,true,
efdc472e-aa4a-4d0a-b607-1e8246f8e8b6,19eaec0e-d7e9-4a18-9e7e-e22113edaaee,false,"[OAS] [OAS] validation failed:
 - ERROR - [Path '/contactDTO/facebook'] Instance type (integer) does not match any allowed primitive type (allowed: [""null"",""string""]): []
"
efdc472e-aa4a-4d0a-b607-1e8246f8e8b6,582fa686-a15d-468f-a673-2ecd40d517ab,false,"[OAS] [OAS] validation failed:
 - ERROR - [Path '/contactDTO/linkedin'] Instance type (object) does not match any allowed primitive type (allowed: [""null"",""string""]): []
"
efdc472e-aa4a-4d0a-b607-1e8246f8e8b6,0ff7afc7-7196-4de9-833d-8a03c9633503,false,"[OAS] [OAS] validation failed:
 - ERROR - [Path '/contactDTO/website'] Instance type (array) does not match any allowed primitive type (allowed: [""null"",""string""]): []
"
efdc472e-aa4a-4d0a-b607-1e8246f8e8b6,45c73aa8-3c31-455b-9e00-2e5832958d95,false,"[OAS] [OAS] validation failed:
 - ERROR - [Path '/contactDTO/contactNote'] Instance type (array) does not match any allowed primitive type (allowed: [""null"",""string""]): []
"
efdc472e-aa4a-4d0a-b607-1e8246f8e8b6,690fe493-b32c-4669-bb8d-8e115fcf17fd,false,"[OAS] [OAS] validation failed:
 - ERROR - [Path '/addressDTO'] Object instance has properties which are not allowed by the schema: [""randomArray3"",""randomLong2"",""randomObject1"",""randomObject4""]: []
"
efdc472e-aa4a-4d0a-b607-1e8246f8e8b6,5c5e3c4a-7883-4f7f-a146-3f7bcc4f22dd,true,
efdc472e-aa4a-4d0a-b607-1e8246f8e8b6,f2251b7b-bc1b-4fa5-8a9d-9a304b0b90d4,false,"[OAS] [OAS] validation failed:
 - ERROR - [Path '/addressDTO/address2'] Instance type (object) does not match any allowed primitive type (allowed: [""null"",""string""]): []
"
efdc472e-aa4a-4d0a-b607-1e8246f8e8b6,30ea1d93-838c-40f8-a862-7a9c0855d08f,true,
efdc472e-aa4a-4d0a-b607-1e8246f8e8b6,742551bc-45e8-45d5-a5e1-18b566da2fc7,false,"[OAS] [OAS] validation failed:
 - ERROR - [Path '/addressDTO/country'] Instance type (array) does not match any allowed primitive type (allowed: [""null"",""string""]): []
"
efdc472e-aa4a-4d0a-b607-1e8246f8e8b6,62d095f1-ce5f-4b35-acf6-74ff0c665c76,true,
efdc472e-aa4a-4d0a-b607-1e8246f8e8b6,18bdea68-c2d6-4b2a-bd3c-0944a9f18580,false,"[OAS] [OAS] validation failed:
 - ERROR - [Path '/roles'] Instance type (number) does not match any allowed primitive type (allowed: [""array""]): []
"
efdc472e-aa4a-4d0a-b607-1e8246f8e8b6,666ed351-3160-4bf4-823f-f9b758ff2e95,true,
efdc472e-aa4a-4d0a-b607-1e8246f8e8b6,b60c288d-3de1-4896-a46d-2d4219728ae7,false,"[OAS] [OAS] validation failed:
 - ERROR - [Path '/permissions'] Instance type (object) does not match any allowed primitive type (allowed: [""array""]): []
"
efdc472e-aa4a-4d0a-b607-1e8246f8e8b6,4241a63a-41f8-4d58-89de-a7cdf99a82cb,true,
efdc472e-aa4a-4d0a-b607-1e8246f8e8b6,0559a04a-df17-4c8a-92f2-9f6678003de4,true,
0d4dc9a3-c00f-49b0-ab19-0851e2f1c9ef,f45928e6-0c2e-4eaf-820d-d888da2a6174,false,"[OAS] [OAS] validation failed:
 - ERROR - Response status 200 not defined for path '/users/{id}'.: []
"
0d4dc9a3-c00f-49b0-ab19-0851e2f1c9ef,7069bbe3-9285-46b1-a357-9c416d7fcd0b,false,"[OAS] [OAS] validation failed:
 - ERROR - Object instance has properties which are not allowed by the schema: [""{\""id\"":4,\""username\"":\""johndoe90\"",\""name\"":\""Bob\"",\""surname\"":\""Smith\"",\""gender\"":\""FEMALE\"",\""birthDate\"":\""2000-07-15\"",\""enabled\"":false,\""note\"":\""VIP customer\"",\""loginDt\"":null,\""secured\"":false,\""contactDTO\"":{\""email\"":\""alice.smith@test.org\"",\""phone\"":null,\""skype\"":\""alice.smith.skype\"",\""facebook\"":\""https://facebook.com/john.doe\"",\""linkedin\"":\""https://linkedin.com/in/johndoe\"",\""website\"":null,\""contactNote\"":\""Urgent contact only\""},\""addressDTO\"":{\""address\"":null,\""address2\"":\""Suite 210\"",\""city\"":\""New York\"",\""country\"":null,\""zipCode\"":null},\""roles\"":[\""USER\""],\""permissions\"":[\""LOGIN\"",\""VIEW_PROFILE\""]}""]: []
"
0d4dc9a3-c00f-49b0-ab19-0851e2f1c9ef,8470b012-784a-4a1b-9d86-5ad856114094,true,
0d4dc9a3-c00f-49b0-ab19-0851e2f1c9ef,afbe9ccb-ef6b-4530-ab48-b07fbee62912,true,
0d4dc9a3-c00f-49b0-ab19-0851e2f1c9ef,e8d281f8-8fe2-4c1b-a104-36b3f4331da8,true,
0d4dc9a3-c00f-49b0-ab19-0851e2f1c9ef,d1230481-db9e-468b-bce8-d9aa2f6cfa0f,false,"[OAS] [OAS] validation failed:
 - ERROR - [Path '/username'] Instance type (number) does not match any allowed primitive type (allowed: [""string""]): []
"
0d4dc9a3-c00f-49b0-ab19-0851e2f1c9ef,e7ea7cbc-383b-4791-ab8c-c67c0d41be1b,true,
0d4dc9a3-c00f-49b0-ab19-0851e2f1c9ef,0b8cde72-110e-4408-b2fa-39efffff9715,true,
0d4dc9a3-c00f-49b0-ab19-0851e2f1c9ef,591bef67-29c4-4de6-b005-b958c4259508,true,
0d4dc9a3-c00f-49b0-ab19-0851e2f1c9ef,a701f2f9-7d1f-4652-9822-2564ebdfe577,false,"[OAS] [OAS] validation failed:
 - ERROR - [Path '/birthDate'] String ""200/*0-07-15"" is invalid against requested date format(s) yyyy-MM-dd: []
"
0d4dc9a3-c00f-49b0-ab19-0851e2f1c9ef,2ef6544c-aea6-455a-854a-07c4fc8eeb96,true,
0d4dc9a3-c00f-49b0-ab19-0851e2f1c9ef,dbb3b38d-047f-4d69-8dee-2e400978ccb1,true,
0d4dc9a3-c00f-49b0-ab19-0851e2f1c9ef,e772ed04-95b9-4f32-8b74-934454077788,false,"[OAS] [OAS] validation failed:
 - ERROR - [Path '/loginDt'] Instance type (number) does not match any allowed primitive type (allowed: [""null"",""string""]): []
"
0d4dc9a3-c00f-49b0-ab19-0851e2f1c9ef,b7676ded-3638-4442-b785-8b1f9c91359f,true,
0d4dc9a3-c00f-49b0-ab19-0851e2f1c9ef,09488012-cf28-44f9-8e48-0217ffb21d3f,false,"[OAS] [OAS] validation failed:
 - ERROR - [Path '/contactDTO'] Instance type (number) does not match any allowed primitive type (allowed: [""object""]): []
"
0d4dc9a3-c00f-49b0-ab19-0851e2f1c9ef,849bc76f-f2a9-4180-a93e-8bcf1cadea16,true,
0d4dc9a3-c00f-49b0-ab19-0851e2f1c9ef,3d9d2fd2-c149-4eb3-92f2-5a840027fb52,false,"[OAS] [OAS] validation failed:
 - ERROR - [Path '/contactDTO/phone'] Instance type (object) does not match any allowed primitive type (allowed: [""null"",""string""]): []
"
0d4dc9a3-c00f-49b0-ab19-0851e2f1c9ef,9bcaa512-8fa3-458f-aadb-943ff37ac14c,true,
0d4dc9a3-c00f-49b0-ab19-0851e2f1c9ef,10f9b1ff-eb56-4002-b09c-a6854f9a71b3,true,
0d4dc9a3-c00f-49b0-ab19-0851e2f1c9ef,f27621ef-aa5e-414f-b0a5-c574cc2a0780,true,
0d4dc9a3-c00f-49b0-ab19-0851e2f1c9ef,aadfd26c-77e2-452c-bc8f-8b30522ce039,false,"[OAS] [OAS] validation failed:
 - ERROR - [Path '/contactDTO/website'] Instance type (object) does not match any allowed primitive type (allowed: [""null"",""string""]): []
"
0d4dc9a3-c00f-49b0-ab19-0851e2f1c9ef,ff671f2b-5619-4bd3-b90b-ff0d884ea7a0,true,
0d4dc9a3-c00f-49b0-ab19-0851e2f1c9ef,8f32e16a-b242-491f-b106-6f1f266803bf,false,"[OAS] [OAS] validation failed:
 - ERROR - [Path '/addressDTO'] Instance type (array) does not match any allowed primitive type (allowed: [""object""]): []
"
0d4dc9a3-c00f-49b0-ab19-0851e2f1c9ef,311b1520-8d24-45e2-bdb0-42c63da4eac0,false,"[OAS] [OAS] validation failed:
 - ERROR - [Path '/addressDTO/address'] Instance type (array) does not match any allowed primitive type (allowed: [""null"",""string""]): []
"
0d4dc9a3-c00f-49b0-ab19-0851e2f1c9ef,52d6459d-8e98-4a1f-a67c-f43ddf2788e6,true,
0d4dc9a3-c00f-49b0-ab19-0851e2f1c9ef,f505b21d-e69a-498d-b81f-ddb67d725bb6,true,
0d4dc9a3-c00f-49b0-ab19-0851e2f1c9ef,9570cf75-6aa5-4588-9275-bee11e9e824a,false,"[OAS] [OAS] validation failed:
 - ERROR - [Path '/addressDTO/country'] Instance type (integer) does not match any allowed primitive type (allowed: [""null"",""string""]): []
"
0d4dc9a3-c00f-49b0-ab19-0851e2f1c9ef,24660a7f-793e-4fae-a4ae-0d57c921454e,false,"[OAS] [OAS] validation failed:
 - ERROR - [Path '/addressDTO/zipCode'] Instance type (array) does not match any allowed primitive type (allowed: [""null"",""string""]): []
"
0d4dc9a3-c00f-49b0-ab19-0851e2f1c9ef,d78b9e9a-52c5-4c5c-9b0c-36decbce8d7f,false,"[OAS] [OAS] validation failed:
 - ERROR - [Path '/roles/1'] Instance type (boolean) does not match any allowed primitive type (allowed: [""string""]): []
"
0d4dc9a3-c00f-49b0-ab19-0851e2f1c9ef,d106d9d6-604f-4ff0-b03a-9dd46cf2c16e,false,"[OAS] [OAS] validation failed:
 - ERROR - [Path '/roles/0'] Instance type (integer) does not match any allowed primitive type (allowed: [""string""]): []
"
0d4dc9a3-c00f-49b0-ab19-0851e2f1c9ef,f357924d-db5c-4644-8bbb-14c49e478b82,true,
0d4dc9a3-c00f-49b0-ab19-0851e2f1c9ef,1860ba63-f0e3-4f0d-8df9-1998a1c59616,false,"[OAS] [OAS] validation failed:
 - ERROR - [Path '/permissions/0'] Instance type (null) does not match any allowed primitive type (allowed: [""string""]): []
"
0d4dc9a3-c00f-49b0-ab19-0851e2f1c9ef,c8fbea2b-3c0c-45ab-875d-e1ddfd1717de,true,
c819625f-281e-41ed-a49d-b7d67eff6ee7,dfa5d565-bb51-443e-9997-452e54c75e7b,false,"[OAS] [OAS] validation failed:
 - ERROR - Object instance has properties which are not allowed by the schema: [""addressDTO"",""birthDate"",""contactDTO"",""enabled"",""gender"",""id"",""loginDt"",""name"",""note"",""permissions"",""roles"",""secured"",""surname"",""username""]: []
"
c819625f-281e-41ed-a49d-b7d67eff6ee7,9db9c36b-d801-407b-8f10-5d41dd5cd27e,true,
c819625f-281e-41ed-a49d-b7d67eff6ee7,6879b49d-4b8a-493a-9116-48ac290968b3,true,
c819625f-281e-41ed-a49d-b7d67eff6ee7,5c1db4fc-6f61-443d-aabf-b431cbf0981e,true,
c819625f-281e-41ed-a49d-b7d67eff6ee7,f6f4910c-61e2-4122-bda6-588b8481f7cd,false,"[OAS] [OAS] validation failed:
 - ERROR - [Path '/id'] Instance type (number) does not match any allowed primitive type (allowed: [""integer""]): []
"
c819625f-281e-41ed-a49d-b7d67eff6ee7,9b4cde43-7abd-496c-9c79-c79c47148657,false,"[OAS] [OAS] validation failed:
 - ERROR - [Path '/username'] Instance type (number) does not match any allowed primitive type (allowed: [""string""]): []
"
c819625f-281e-41ed-a49d-b7d67eff6ee7,cebd71a8-64ec-4a9d-a8f4-5a473749aac3,true,
c819625f-281e-41ed-a49d-b7d67eff6ee7,51d2734f-ce92-40aa-8577-c972046a8c1d,true,
c819625f-281e-41ed-a49d-b7d67eff6ee7,4f2dc9b6-21df-429c-a5a5-33d0a112fbd1,false,"[OAS] [OAS] validation failed:
 - ERROR - [Path '/gender'] Instance type (array) does not match any allowed primitive type (allowed: [""string""]): []
"
c819625f-281e-41ed-a49d-b7d67eff6ee7,d345f527-f37d-4a4e-b734-53042766fa93,false,"[OAS] [OAS] validation failed:
 - ERROR - [Path '/birthDate'] String ""EJEMPLO MAYUS"" is invalid against requested date format(s) yyyy-MM-dd: []
"
c819625f-281e-41ed-a49d-b7d67eff6ee7,eb7e8985-a056-4ea6-8072-d3929a036a81,false,"[OAS] [OAS] validation failed:
 - ERROR - [Path '/enabled'] Instance type (null) does not match any allowed primitive type (allowed: [""boolean""]): []
"
c819625f-281e-41ed-a49d-b7d67eff6ee7,c5675984-a0e0-40e1-ba4c-ea67bed93e86,false,"[OAS] [OAS] validation failed:
 - ERROR - [Path '/note'] Instance type (number) does not match any allowed primitive type (allowed: [""null"",""string""]): []
"
c819625f-281e-41ed-a49d-b7d67eff6ee7,ec46a626-4313-46c9-8a21-b0c25e039fad,false,"[OAS] [OAS] validation failed:
 - ERROR - [Path '/loginDt'] Instance type (object) does not match any allowed primitive type (allowed: [""null"",""string""]): []
"
c819625f-281e-41ed-a49d-b7d67eff6ee7,ba552727-7d5a-4ebf-b961-a6d694d55183,false,"[OAS] [OAS] validation failed:
 - ERROR - [Path '/secured'] Instance type (object) does not match any allowed primitive type (allowed: [""boolean""]): []
"
c819625f-281e-41ed-a49d-b7d67eff6ee7,b8bccef1-5422-43dd-8f71-8ab30213906e,false,"[OAS] [OAS] validation failed:
 - ERROR - [Path '/contactDTO'] Object instance has properties which are not allowed by the schema: [""randomBoolean1"",""randomObject2""]: []
"
c819625f-281e-41ed-a49d-b7d67eff6ee7,8034271d-7a65-4a10-9343-e2d9e4f6c3fc,true,
c819625f-281e-41ed-a49d-b7d67eff6ee7,d1281842-3459-454b-a76d-58fe6eb1827e,true,
c819625f-281e-41ed-a49d-b7d67eff6ee7,14e43c69-5f88-4d99-b0ee-266ab8f3481e,true,
c819625f-281e-41ed-a49d-b7d67eff6ee7,0d6b0592-e813-4cee-a17a-f3e4463b9b8f,false,"[OAS] [OAS] validation failed:
 - ERROR - [Path '/contactDTO/facebook'] Instance type (object) does not match any allowed primitive type (allowed: [""null"",""string""]): []
"
c819625f-281e-41ed-a49d-b7d67eff6ee7,472f648e-5343-4d9d-a648-f5514e5ea5ca,true,
c819625f-281e-41ed-a49d-b7d67eff6ee7,5cc1b61a-eec2-444b-82b1-a7adf6ee09d9,false,"[OAS] [OAS] validation failed:
 - ERROR - [Path '/contactDTO/website'] Instance type (object) does not match any allowed primitive type (allowed: [""null"",""string""]): []
"
c819625f-281e-41ed-a49d-b7d67eff6ee7,52780ba7-4225-4a66-a56a-5bfd7e0be162,false,"[OAS] [OAS] validation failed:
 - ERROR - [Path '/contactDTO/contactNote'] Instance type (boolean) does not match any allowed primitive type (allowed: [""null"",""string""]): []
"
c819625f-281e-41ed-a49d-b7d67eff6ee7,9a88fa87-6c7a-437c-b7b3-990e861c837a,true,
c819625f-281e-41ed-a49d-b7d67eff6ee7,1661441f-bc0f-4a44-93b0-d2c06573e281,true,
c819625f-281e-41ed-a49d-b7d67eff6ee7,2fd51cf4-01f8-4b3c-bd76-179f9524243c,true,
c819625f-281e-41ed-a49d-b7d67eff6ee7,0c616620-ab5c-432a-a2b9-2e99f32a501b,true,
c819625f-281e-41ed-a49d-b7d67eff6ee7,4ea7d92d-6ef2-4ee6-a97b-184651ee6079,true,
c819625f-281e-41ed-a49d-b7d67eff6ee7,3af39650-a5de-4383-a866-be53b87b9715,true,
c819625f-281e-41ed-a49d-b7d67eff6ee7,61cfec4d-e2a9-4564-b69e-422fd559013e,true,
c819625f-281e-41ed-a49d-b7d67eff6ee7,2f41b6a1-d1ae-40c2-b399-049dc2029a2e,true,
c819625f-281e-41ed-a49d-b7d67eff6ee7,c92fcd78-024c-4c51-83ad-ff3a3ecbcca6,true,
c819625f-281e-41ed-a49d-b7d67eff6ee7,b1cffd98-9130-4c59-adbd-22f17414d888,true,
c819625f-281e-41ed-a49d-b7d67eff6ee7,5e0f401b-0577-442c-9d25-a5613ab32fc2,true,
d7159211-5820-450b-8ae0-7fc0145b2d34,d032d658-537c-4775-b103-b7c9f13d9925,false,"[OAS] [OAS] validation failed:
 - ERROR - Response status 200 not defined for path '/users/{id}'.: []
"
d7159211-5820-450b-8ae0-7fc0145b2d34,392a6630-4f3e-406d-b089-c2942c519f40,true,
d7159211-5820-450b-8ae0-7fc0145b2d34,a495c2fa-e64d-4b5b-9175-223e662c85fb,true,
d7159211-5820-450b-8ae0-7fc0145b2d34,f13bd998-20e2-46cf-b980-8d7f3d8bb30b,false,"[OAS] [OAS] validation failed:
 - ERROR - Object instance has properties which are not allowed by the schema: [""randomBoolean1""]: []
"
d7159211-5820-450b-8ae0-7fc0145b2d34,7206c630-9fbe-4ceb-9151-96b6bb7399dd,true,
d7159211-5820-450b-8ae0-7fc0145b2d34,80a35a97-82ef-4697-b6bb-fce7ab7cec0f,true,
d7159211-5820-450b-8ae0-7fc0145b2d34,8123520e-3af7-449d-a205-51879801b673,true,
d7159211-5820-450b-8ae0-7fc0145b2d34,ac8b23d5-d769-4ebc-9219-a263d4f434ad,false,"[OAS] [OAS] validation failed:
 - ERROR - [Path '/surname'] Instance type (number) does not match any allowed primitive type (allowed: [""null"",""string""]): []
"
d7159211-5820-450b-8ae0-7fc0145b2d34,3e241f2c-50b6-47f6-9988-2429231b8e8c,true,
d7159211-5820-450b-8ae0-7fc0145b2d34,475a184b-f636-4a4b-9eea-cddfaf14d372,true,
d7159211-5820-450b-8ae0-7fc0145b2d34,688f2466-2db0-479b-b745-8738f9471c33,false,"[OAS] [OAS] validation failed:
 - ERROR - [Path '/enabled'] Instance type (number) does not match any allowed primitive type (allowed: [""boolean""]): []
"
d7159211-5820-450b-8ae0-7fc0145b2d34,5006706f-1b37-4bd6-b39a-e6b960e3d44e,true,
d7159211-5820-450b-8ae0-7fc0145b2d34,fae26db3-bfc5-41a1-a1c4-c1c57e78e365,false,"[OAS] [OAS] validation failed:
 - ERROR - [Path '/loginDt'] Instance type (object) does not match any allowed primitive type (allowed: [""null"",""string""]): []
"
d7159211-5820-450b-8ae0-7fc0145b2d34,6012b3d3-4c07-444e-aed3-53941e1aa238,true,
d7159211-5820-450b-8ae0-7fc0145b2d34,463889ff-87d6-4b5a-893e-d01f5d602e1f,false,"[OAS] [OAS] validation failed:
 - ERROR - [Path '/contactDTO'] Instance type (number) does not match any allowed primitive type (allowed: [""object""]): []
"
d7159211-5820-450b-8ae0-7fc0145b2d34,400b5695-14f0-41d3-8d57-1fe687d3d820,true,
d7159211-5820-450b-8ae0-7fc0145b2d34,907c54f1-beb5-4116-a9fc-95126593b88c,true,
d7159211-5820-450b-8ae0-7fc0145b2d34,7ae23288-4bdd-4005-80ae-399ceb3367ee,false,"[OAS] [OAS] validation failed:
 - ERROR - [Path '/contactDTO/skype'] Instance type (object) does not match any allowed primitive type (allowed: [""null"",""string""]): []
"
d7159211-5820-450b-8ae0-7fc0145b2d34,830d0288-e762-4d76-b496-8f1eee028cbd,true,
d7159211-5820-450b-8ae0-7fc0145b2d34,23e3697d-922d-4220-90cc-113807b789ae,true,
d7159211-5820-450b-8ae0-7fc0145b2d34,ad56e05f-3b17-4ae2-8dfc-6e9339668d7b,true,
d7159211-5820-450b-8ae0-7fc0145b2d34,436b6d2c-5019-49f3-b4f3-0fe92cfc9f35,false,"[OAS] [OAS] validation failed:
 - ERROR - [Path '/contactDTO/contactNote'] Instance type (boolean) does not match any allowed primitive type (allowed: [""null"",""string""]): []
"
d7159211-5820-450b-8ae0-7fc0145b2d34,38325d96-dfa7-4905-8b94-a87dc600d70b,false,"[OAS] [OAS] validation failed:
 - ERROR - [Path '/addressDTO'] Instance type (array) does not match any allowed primitive type (allowed: [""object""]): []
"
d7159211-5820-450b-8ae0-7fc0145b2d34,96762be3-0e4f-4aa6-80c3-2ea7d208f1ef,true,
d7159211-5820-450b-8ae0-7fc0145b2d34,421530ec-7232-4010-9df4-34122ab8774f,true,
d7159211-5820-450b-8ae0-7fc0145b2d34,172987a0-b5b2-49a0-82ad-f4338496a872,false,"[OAS] [OAS] validation failed:
 - ERROR - [Path '/addressDTO/city'] Instance type (array) does not match any allowed primitive type (allowed: [""null"",""string""]): []
"
d7159211-5820-450b-8ae0-7fc0145b2d34,4a16251a-e7cf-43d2-baa2-77a3111c25d4,true,
d7159211-5820-450b-8ae0-7fc0145b2d34,545517ea-320a-42f1-a7d6-af5badedd98d,false,"[OAS] [OAS] validation failed:
 - ERROR - [Path '/addressDTO/zipCode'] Instance type (integer) does not match any allowed primitive type (allowed: [""null"",""string""]): []
"
d7159211-5820-450b-8ae0-7fc0145b2d34,0e1d745f-3c9c-4688-a7b5-e162725fe41d,false,"[OAS] [OAS] validation failed:
 - ERROR - [Path '/roles'] Instance type (number) does not match any allowed primitive type (allowed: [""array""]): []
"
d7159211-5820-450b-8ae0-7fc0145b2d34,a01e9345-ff53-4754-9563-bc0f24573f76,true,
d7159211-5820-450b-8ae0-7fc0145b2d34,6ecda051-4e26-4369-b169-c079f4df5fa6,true,
d7159211-5820-450b-8ae0-7fc0145b2d34,7a57fa46-a4cf-4544-a867-12d5a29ded02,true,
d7159211-5820-450b-8ae0-7fc0145b2d34,b095c025-198c-4f7e-bade-a94543f09d3e,true,
418c9a7a-88ed-42f1-ba4a-5b7e3933abd2,b2df4a36-95ad-49f4-ab06-69379308d3e7,false,"[OAS] [OAS] validation failed:
 - ERROR - Response status 403 not defined for path '/users/{id}'.: []
"
418c9a7a-88ed-42f1-ba4a-5b7e3933abd2,ea9baffd-8779-4bcb-8be7-4fef4f269613,true,
418c9a7a-88ed-42f1-ba4a-5b7e3933abd2,73d2d37d-4a36-4b22-a4e5-fe959d57b9b6,true,
418c9a7a-88ed-42f1-ba4a-5b7e3933abd2,fb64b4f4-87dc-49ae-8b65-739e77a8aefd,true,
418c9a7a-88ed-42f1-ba4a-5b7e3933abd2,acdba843-de4c-4899-a7f3-44affcc23bc9,false,"[OAS] [OAS] validation failed:
 - ERROR - [Path '/id'] Instance type (number) does not match any allowed primitive type (allowed: [""integer""]): []
"
418c9a7a-88ed-42f1-ba4a-5b7e3933abd2,f4fe1b86-f102-402c-857c-eb744466068f,true,
418c9a7a-88ed-42f1-ba4a-5b7e3933abd2,11e929a8-8a56-4b5a-83a4-9faba7b9ff37,true,
418c9a7a-88ed-42f1-ba4a-5b7e3933abd2,317dab05-d0e9-4b93-ab61-5ad5107e2c58,false,"[OAS] [OAS] validation failed:
 - ERROR - [Path '/surname'] Instance type (object) does not match any allowed primitive type (allowed: [""null"",""string""]): []
"
418c9a7a-88ed-42f1-ba4a-5b7e3933abd2,333c1d2b-8182-4faa-91cb-48a841b00442,false,"[OAS] [OAS] validation failed:
 - ERROR - [Path '/gender'] Instance type (null) does not match any allowed primitive type (allowed: [""string""]): []
"
418c9a7a-88ed-42f1-ba4a-5b7e3933abd2,b38737be-886f-421d-8e53-8502f220584f,true,
418c9a7a-88ed-42f1-ba4a-5b7e3933abd2,8f021017-c21a-4f58-b141-5a05fe45d9d6,true,
418c9a7a-88ed-42f1-ba4a-5b7e3933abd2,a467ffff-582e-4407-b74b-884fde6fd6ba,true,
418c9a7a-88ed-42f1-ba4a-5b7e3933abd2,05f10ae2-4e8b-47a7-b343-56c985c5948f,false,"[OAS] [OAS] validation failed:
 - ERROR - [Path '/loginDt'] Instance type (number) does not match any allowed primitive type (allowed: [""null"",""string""]): []
"
418c9a7a-88ed-42f1-ba4a-5b7e3933abd2,b5843564-ed70-4732-8d0f-81a656115574,true,
418c9a7a-88ed-42f1-ba4a-5b7e3933abd2,614fc37b-1610-45ca-ac7d-fc8654b2fcbe,false,"[OAS] [OAS] validation failed:
 - ERROR - [Path '/contactDTO'] Instance type (null) does not match any allowed primitive type (allowed: [""object""]): []
"
418c9a7a-88ed-42f1-ba4a-5b7e3933abd2,a0aab0f8-621c-4c81-b24d-ce4f54eacab8,true,
418c9a7a-88ed-42f1-ba4a-5b7e3933abd2,dca566f0-32eb-4a00-bcb2-f14c33f37131,true,
418c9a7a-88ed-42f1-ba4a-5b7e3933abd2,cff7297a-1345-41be-9de1-e31347686f0d,true,
418c9a7a-88ed-42f1-ba4a-5b7e3933abd2,1948a552-9fb8-4163-9d72-d7df611a59e9,false,"[OAS] [OAS] validation failed:
 - ERROR - [Path '/contactDTO/facebook'] Instance type (object) does not match any allowed primitive type (allowed: [""null"",""string""]): []
"
418c9a7a-88ed-42f1-ba4a-5b7e3933abd2,7ca57366-9776-47ba-b4ea-647c8ffb144f,true,
418c9a7a-88ed-42f1-ba4a-5b7e3933abd2,35413c83-28f8-4cd0-9bf2-032e8a308858,false,"[OAS] [OAS] validation failed:
 - ERROR - [Path '/contactDTO/website'] Instance type (boolean) does not match any allowed primitive type (allowed: [""null"",""string""]): []
"
418c9a7a-88ed-42f1-ba4a-5b7e3933abd2,9f188c9a-74c4-4196-ba60-84093e80a6ff,true,
418c9a7a-88ed-42f1-ba4a-5b7e3933abd2,8ecdd6a7-0d77-45df-b8a1-1bac5977a9d3,false,"[OAS] [OAS] validation failed:
 - ERROR - [Path '/addressDTO'] Instance type (null) does not match any allowed primitive type (allowed: [""object""]): []
"
418c9a7a-88ed-42f1-ba4a-5b7e3933abd2,861f4864-74e0-4880-8f04-444e55943562,true,
418c9a7a-88ed-42f1-ba4a-5b7e3933abd2,e1580d4e-3f00-4ead-84e0-996cb423c110,true,
418c9a7a-88ed-42f1-ba4a-5b7e3933abd2,b511684e-c90a-48ac-8683-43d9b4f0f228,true,
418c9a7a-88ed-42f1-ba4a-5b7e3933abd2,5a91f5b8-9999-48d0-9244-9281a5670ac2,true,
418c9a7a-88ed-42f1-ba4a-5b7e3933abd2,6e96eb12-048d-413b-b57d-40e71e729920,true,
418c9a7a-88ed-42f1-ba4a-5b7e3933abd2,a10ad7c2-0718-4e1e-9cbe-999d042f03f7,false,"[OAS] [OAS] validation failed:
 - ERROR - [Path '/roles/1'] Instance type (boolean) does not match any allowed primitive type (allowed: [""string""]): []
"
418c9a7a-88ed-42f1-ba4a-5b7e3933abd2,78586c39-69c4-485e-be37-7422ed5a2ac2,true,
418c9a7a-88ed-42f1-ba4a-5b7e3933abd2,9b519b20-723d-4dc5-9974-70c5845b49d5,true,
418c9a7a-88ed-42f1-ba4a-5b7e3933abd2,5516afd2-949f-4429-a9d8-5fa297e3c2aa,false,"[OAS] [OAS] validation failed:
 - ERROR - [Path '/permissions/0'] Instance type (object) does not match any allowed primitive type (allowed: [""string""]): []
"
418c9a7a-88ed-42f1-ba4a-5b7e3933abd2,57841cfb-a446-40ff-bde1-7b2051ca4c9c,true,
88536762-9d5f-4380-a129-9587d02f0fcb,5ffb21a8-6b29-442d-b19b-946ca4233019,false,"[OAS] [OAS] validation failed:
 - ERROR - Response status 200 not defined for path '/users/{id}'.: []
"
88536762-9d5f-4380-a129-9587d02f0fcb,13706991-e035-482c-809e-34464a6b1055,true,
88536762-9d5f-4380-a129-9587d02f0fcb,15322370-00ec-4113-a123-dc9b676890f7,true,
88536762-9d5f-4380-a129-9587d02f0fcb,8d28f938-56e9-4f4c-9053-10c872036f12,true,
88536762-9d5f-4380-a129-9587d02f0fcb,ba87c0f7-de54-4ca8-a1ea-64b4207aad95,false,"[OAS] [OAS] validation failed:
 - ERROR - [Path '/id'] Instance type (null) does not match any allowed primitive type (allowed: [""integer""]): []
"
88536762-9d5f-4380-a129-9587d02f0fcb,7c525efd-39a1-40bf-a4d1-10d08e9d4ab5,true,
88536762-9d5f-4380-a129-9587d02f0fcb,47999ea9-78cf-4ccc-b3a0-13a9bf70f5d0,true,
88536762-9d5f-4380-a129-9587d02f0fcb,81b0e025-48d2-47e5-8877-2ac6f6380d05,false,"[OAS] [OAS] validation failed:
 - ERROR - [Path '/surname'] Instance type (object) does not match any allowed primitive type (allowed: [""null"",""string""]): []
"
88536762-9d5f-4380-a129-9587d02f0fcb,1f4b880a-4cce-4cc6-b6af-a75b61fce554,true,
88536762-9d5f-4380-a129-9587d02f0fcb,c7a31fbe-cc19-459a-b43d-dfa39743ee3c,false,"[OAS] [OAS] validation failed:
 - ERROR - [Path '/birthDate'] Instance type (number) does not match any allowed primitive type (allowed: [""null"",""string""]): []
"
88536762-9d5f-4380-a129-9587d02f0fcb,bcae0897-c549-446a-9a5c-5f90968832b3,false,"[OAS] [OAS] validation failed:
 - ERROR - [Path '/enabled'] Instance type (number) does not match any allowed primitive type (allowed: [""boolean""]): []
"
88536762-9d5f-4380-a129-9587d02f0fcb,877ef43f-9930-4dcc-8db5-3e4e8d9251ba,true,
88536762-9d5f-4380-a129-9587d02f0fcb,ed64a191-cd71-463c-922b-f838540d6b53,false,"[OAS] [OAS] validation failed:
 - ERROR - [Path '/loginDt'] Instance type (object) does not match any allowed primitive type (allowed: [""null"",""string""]): []
"
88536762-9d5f-4380-a129-9587d02f0fcb,59c25e68-898c-41cc-9e26-7a00f23dc059,false,"[OAS] [OAS] validation failed:
 - ERROR - [Path '/secured'] Instance type (object) does not match any allowed primitive type (allowed: [""boolean""]): []
"
88536762-9d5f-4380-a129-9587d02f0fcb,302e897b-ea2e-42c3-8e69-e4c6216fdbb1,false,"[OAS] [OAS] validation failed:
 - ERROR - [Path '/contactDTO'] Instance type (number) does not match any allowed primitive type (allowed: [""object""]): []
"
88536762-9d5f-4380-a129-9587d02f0fcb,78f33caf-abe8-4e09-a825-3a2a7b62279b,false,"[OAS] [OAS] validation failed:
 - ERROR - [Path '/contactDTO/email'] Instance type (null) does not match any allowed primitive type (allowed: [""string""]): []
"
88536762-9d5f-4380-a129-9587d02f0fcb,5f5bb21d-9c4c-42b6-a0ea-83aad20b128e,false,"[OAS] [OAS] validation failed:
 - ERROR - [Path '/contactDTO/phone'] Instance type (object) does not match any allowed primitive type (allowed: [""null"",""string""]): []
"
88536762-9d5f-4380-a129-9587d02f0fcb,02df90ac-d0e1-4c9e-bf67-32a347977d38,false,"[OAS] [OAS] validation failed:
 - ERROR - [Path '/contactDTO/skype'] Instance type (array) does not match any allowed primitive type (allowed: [""null"",""string""]): []
"
88536762-9d5f-4380-a129-9587d02f0fcb,bd14490f-ef91-4219-a08e-d0dcc780511f,true,
88536762-9d5f-4380-a129-9587d02f0fcb,cb5c3e3e-2ebd-485f-a9f7-fafdfd328815,true,
88536762-9d5f-4380-a129-9587d02f0fcb,521786af-5524-4350-a007-0a75c2a2cd18,false,"[OAS] [OAS] validation failed:
 - ERROR - [Path '/contactDTO/website'] Instance type (boolean) does not match any allowed primitive type (allowed: [""null"",""string""]): []
"
88536762-9d5f-4380-a129-9587d02f0fcb,fe68e1b3-cf15-47d2-84e9-7dede31ed826,true,
88536762-9d5f-4380-a129-9587d02f0fcb,ec2789ed-578f-4c91-a98a-c04be206e8a9,false,"[OAS] [OAS] validation failed:
 - ERROR - [Path '/addressDTO'] Instance type (null) does not match any allowed primitive type (allowed: [""object""]): []
"
88536762-9d5f-4380-a129-9587d02f0fcb,f1dfa88d-34b5-4f2f-9f27-f7f73d3e2b11,true,
88536762-9d5f-4380-a129-9587d02f0fcb,a545cd5e-413d-44c4-94e9-acbe4377abb9,false,"[OAS] [OAS] validation failed:
 - ERROR - [Path '/addressDTO/address2'] Instance type (object) does not match any allowed primitive type (allowed: [""null"",""string""]): []
"
88536762-9d5f-4380-a129-9587d02f0fcb,def35017-a97c-4ff6-991a-30f7180d52fb,true,
88536762-9d5f-4380-a129-9587d02f0fcb,b0bb3281-3637-46ec-9408-46cd17d320c9,false,"[OAS] [OAS] validation failed:
 - ERROR - [Path '/addressDTO/country'] Instance type (array) does not match any allowed primitive type (allowed: [""null"",""string""]): []
"
88536762-9d5f-4380-a129-9587d02f0fcb,d07a8542-400d-4678-a8da-2ebef7a338bc,true,
88536762-9d5f-4380-a129-9587d02f0fcb,61744221-2dd0-4a3d-bf97-575787cfc763,false,"[OAS] [OAS] validation failed:
 - ERROR - [Path '/roles'] Instance type (number) does not match any allowed primitive type (allowed: [""array""]): []
"
88536762-9d5f-4380-a129-9587d02f0fcb,aba0692f-8ef5-4c05-8b81-ad1b5cc11b13,true,
88536762-9d5f-4380-a129-9587d02f0fcb,e7624367-20a5-4417-93f3-0b4b81640a70,true,
88536762-9d5f-4380-a129-9587d02f0fcb,74ab6bfc-97e8-40e2-8d26-cdb7668c6efd,true,
88536762-9d5f-4380-a129-9587d02f0fcb,4a2d6122-208b-482f-af1d-4f914437ef56,true,
410b01d4-6256-4305-bfd8-211861079608,386b33f1-66b6-4fea-a1d9-b71aa8232d40,false,[NO_5XX] Unexpected 5XX response: 501
410b01d4-6256-4305-bfd8-211861079608,3617de01-7f63-4d88-b6c1-ec070393d1a6,true,
410b01d4-6256-4305-bfd8-211861079608,4af70b3b-6f46-4467-88c0-bb6bbac3b8d2,true,
410b01d4-6256-4305-bfd8-211861079608,8ef41245-e471-414f-a025-59bc050cbb96,true,
410b01d4-6256-4305-bfd8-211861079608,dd7b5cb2-5697-4816-80f8-98ad2deb1c61,false,"[OAS] [OAS] validation failed:
 - ERROR - [Path '/id'] Instance type (null) does not match any allowed primitive type (allowed: [""integer""]): []
"
410b01d4-6256-4305-bfd8-211861079608,6faa48c6-fde4-4e9d-a61b-53d80899d780,false,"[OAS] [OAS] validation failed:
 - ERROR - [Path '/username'] Instance type (null) does not match any allowed primitive type (allowed: [""string""]): []
"
410b01d4-6256-4305-bfd8-211861079608,19d32085-2a8a-4fd2-bfb3-f7c0cd141d48,true,
410b01d4-6256-4305-bfd8-211861079608,3bb2e631-79d0-4886-9d43-c51365afa691,false,"[OAS] [OAS] validation failed:
 - ERROR - [Path '/surname'] Instance type (number) does not match any allowed primitive type (allowed: [""null"",""string""]): []
"
410b01d4-6256-4305-bfd8-211861079608,b4fd44bd-ecab-4974-a057-8af458c7ad72,false,"[OAS] [OAS] validation failed:
 - ERROR - [Path '/gender'] Instance type (null) does not match any allowed primitive type (allowed: [""string""]): []
"
410b01d4-6256-4305-bfd8-211861079608,6242501d-4a7c-4473-8ed0-ca93cef6becc,true,
410b01d4-6256-4305-bfd8-211861079608,a9a5ec78-97b0-46bf-8f69-651db531f329,true,
410b01d4-6256-4305-bfd8-211861079608,69762e64-1211-477d-ae57-e046d7da0048,false,"[OAS] [OAS] validation failed:
 - ERROR - [Path '/note'] Instance type (object) does not match any allowed primitive type (allowed: [""null"",""string""]): []
"
410b01d4-6256-4305-bfd8-211861079608,41b3ded3-8784-40b3-a0bc-b5a8a4c3787e,false,"[OAS] [OAS] validation failed:
 - ERROR - [Path '/loginDt'] Instance type (object) does not match any allowed primitive type (allowed: [""null"",""string""]): []
"
410b01d4-6256-4305-bfd8-211861079608,4461f563-5699-4312-929c-55d5f15f74f3,false,"[OAS] [OAS] validation failed:
 - ERROR - [Path '/secured'] Instance type (object) does not match any allowed primitive type (allowed: [""boolean""]): []
"
410b01d4-6256-4305-bfd8-211861079608,1b0ec327-87ae-494f-b7ee-ab91b2e1555f,false,"[OAS] [OAS] validation failed:
 - ERROR - [Path '/contactDTO'] Instance type (number) does not match any allowed primitive type (allowed: [""object""]): []
"
410b01d4-6256-4305-bfd8-211861079608,5ba2f392-c996-4d68-8255-47cc33ed0cc3,true,
410b01d4-6256-4305-bfd8-211861079608,0c48cfd2-38b6-4b5f-bcd8-55ddef7dfe7f,true,
410b01d4-6256-4305-bfd8-211861079608,63f098e3-6c96-4c04-a885-293ba19e8d34,true,
410b01d4-6256-4305-bfd8-211861079608,608d5c7c-cb17-4ecd-89a0-be25020e4227,true,
410b01d4-6256-4305-bfd8-211861079608,1ab5812f-ec68-4c07-a17a-ea4f1697a18d,true,
410b01d4-6256-4305-bfd8-211861079608,d2b89dbb-8c77-4837-8b54-a12a2e431676,true,
410b01d4-6256-4305-bfd8-211861079608,e9139b37-e8d4-441d-972b-107e622d164e,true,
410b01d4-6256-4305-bfd8-211861079608,394e3146-0c13-4d3a-9f10-76a7044f9de3,false,"[OAS] [OAS] validation failed:
 - ERROR - [Path '/addressDTO'] Instance type (array) does not match any allowed primitive type (allowed: [""object""]): []
"
410b01d4-6256-4305-bfd8-211861079608,d9998f71-4c2c-478d-a611-edff784231bc,true,
410b01d4-6256-4305-bfd8-211861079608,02dbe3fa-9dbe-40d3-8a61-63e9f5e0c2e2,true,
410b01d4-6256-4305-bfd8-211861079608,8771c4ce-16b0-4bd9-8973-9d1337f4ffa0,true,
410b01d4-6256-4305-bfd8-211861079608,ce432187-40a6-48e4-9a37-04a613d8969f,true,
410b01d4-6256-4305-bfd8-211861079608,5e6c8f81-e141-4f04-aa48-0a4a82f3fa04,false,"[OAS] [OAS] validation failed:
 - ERROR - [Path '/addressDTO/zipCode'] Instance type (array) does not match any allowed primitive type (allowed: [""null"",""string""]): []
"
410b01d4-6256-4305-bfd8-211861079608,03b3710f-3ef8-4c83-ad2a-efcc88ee5189,true,
410b01d4-6256-4305-bfd8-211861079608,18cb8b40-3813-43e9-8bac-e0f098b1f348,true,
410b01d4-6256-4305-bfd8-211861079608,19e9e4b7-e291-4f46-8969-5a096e2dd0c8,true,
410b01d4-6256-4305-bfd8-211861079608,5b27b3a2-39be-4575-91b0-83e6af5440ba,false,"[OAS] [OAS] validation failed:
 - ERROR - [Path '/permissions'] Instance type (object) does not match any allowed primitive type (allowed: [""array""]): []
"
410b01d4-6256-4305-bfd8-211861079608,04bd07e8-3662-43aa-8dbd-9aab320c07e4,true,
410b01d4-6256-4305-bfd8-211861079608,0b3a904b-e6aa-455b-a886-99a35951cb04,true,
410b01d4-6256-4305-bfd8-211861079608,05b149b3-e785-40bb-bb8f-87d3b60a2043,false,"[OAS] [OAS] validation failed:
 - ERROR - [Path '/permissions/2'] Instance type (object) does not match any allowed primitive type (allowed: [""string""]): []
"
848db946-0b0e-435f-adaf-24972bd4a89a,a382259b-8d54-4d2d-a5cf-d1fe08188b7e,false,"[OAS] [OAS] validation failed:
 - ERROR - Response status 200 not defined for path '/users/{id}'.: []
"
848db946-0b0e-435f-adaf-24972bd4a89a,fe4d1bba-c585-4d03-924c-3e6619f9753f,true,
848db946-0b0e-435f-adaf-24972bd4a89a,675303ce-4b69-44c7-9815-e16af22f735e,true,
848db946-0b0e-435f-adaf-24972bd4a89a,f95dbdb3-c942-453d-a510-5661dbd3c2ae,true,
848db946-0b0e-435f-adaf-24972bd4a89a,e0b7f59d-cd6f-44da-82b4-f6b3855a4a48,false,"[OAS] [OAS] validation failed:
 - ERROR - [Path '/id'] Instance type (null) does not match any allowed primitive type (allowed: [""integer""]): []
"
848db946-0b0e-435f-adaf-24972bd4a89a,1d2dd0c3-7313-4122-8601-219818075a3d,false,"[OAS] [OAS] validation failed:
 - ERROR - [Path '/username'] Instance type (number) does not match any allowed primitive type (allowed: [""string""]): []
"
848db946-0b0e-435f-adaf-24972bd4a89a,6efc69f8-ee9e-4bba-8ed4-a49986d7a029,true,
848db946-0b0e-435f-adaf-24972bd4a89a,1584bcec-c06b-4d0d-8763-14be34a20207,false,"[OAS] [OAS] validation failed:
 - ERROR - [Path '/surname'] Instance type (object) does not match any allowed primitive type (allowed: [""null"",""string""]): []
"
848db946-0b0e-435f-adaf-24972bd4a89a,7cbbfaf9-43ed-4e0f-9dd9-ed4b27cd3303,true,
848db946-0b0e-435f-adaf-24972bd4a89a,4824d0ab-f28d-4d5b-892e-ba72eec7f153,false,"[OAS] [OAS] validation failed:
 - ERROR - [Path '/birthDate'] Instance type (integer) does not match any allowed primitive type (allowed: [""null"",""string""]): []
"
848db946-0b0e-435f-adaf-24972bd4a89a,add15f1e-65ab-4cba-897f-e6eb0578b910,true,
848db946-0b0e-435f-adaf-24972bd4a89a,2e5fd1c2-2106-4787-8a59-0f87c49d4256,true,
848db946-0b0e-435f-adaf-24972bd4a89a,cbb2dedf-13c9-429e-90ba-8f102652d00a,false,"[OAS] [OAS] validation failed:
 - ERROR - [Path '/loginDt'] Instance type (number) does not match any allowed primitive type (allowed: [""null"",""string""]): []
"
848db946-0b0e-435f-adaf-24972bd4a89a,2b8d68fd-85f1-4501-b517-ceb9f7114ec7,true,
848db946-0b0e-435f-adaf-24972bd4a89a,c48929c2-8a4d-4fb5-b795-938954b43359,false,"[OAS] [OAS] validation failed:
 - ERROR - [Path '/contactDTO'] Instance type (number) does not match any allowed primitive type (allowed: [""object""]): []
"
848db946-0b0e-435f-adaf-24972bd4a89a,30aa0b68-387b-47d2-a849-0c7494ebba57,false,"[OAS] [OAS] validation failed:
 - ERROR - [Path '/contactDTO/email'] Instance type (null) does not match any allowed primitive type (allowed: [""string""]): []
"
848db946-0b0e-435f-adaf-24972bd4a89a,f555a35b-2b08-4b6f-aedb-146bcc582341,true,
848db946-0b0e-435f-adaf-24972bd4a89a,f8d9e06a-b7c4-42d2-9433-a5fc0d01e6bb,false,"[OAS] [OAS] validation failed:
 - ERROR - [Path '/contactDTO/skype'] Instance type (integer) does not match any allowed primitive type (allowed: [""null"",""string""]): []
"
848db946-0b0e-435f-adaf-24972bd4a89a,f46e495d-318e-4982-a869-d61c22ea2130,true,
848db946-0b0e-435f-adaf-24972bd4a89a,c5c774ac-46e3-454e-b0f7-c88953eff044,true,
848db946-0b0e-435f-adaf-24972bd4a89a,f9cdca80-7b45-4dc7-82d7-52333c102793,true,
848db946-0b0e-435f-adaf-24972bd4a89a,5374335c-e5a0-4f23-82b2-1fb949896e50,true,
848db946-0b0e-435f-adaf-24972bd4a89a,8194af98-abe8-4b15-8ad0-0ce9d6905642,false,"[OAS] [OAS] validation failed:
 - ERROR - [Path '/addressDTO'] Instance type (null) does not match any allowed primitive type (allowed: [""object""]): []
"
848db946-0b0e-435f-adaf-24972bd4a89a,0d4fd525-1b99-4321-9379-3d49a26f6cb9,true,
848db946-0b0e-435f-adaf-24972bd4a89a,984b3752-fc34-474c-9caa-9ea1f29b7b9b,true,
848db946-0b0e-435f-adaf-24972bd4a89a,782528dd-769f-4dba-906e-987e443efff7,true,
848db946-0b0e-435f-adaf-24972bd4a89a,e3ce85a5-4252-4cb6-a88a-3f34959cf3d9,true,
848db946-0b0e-435f-adaf-24972bd4a89a,fcd4bef3-91c5-46cf-9c73-956acd2d3bd4,false,"[OAS] [OAS] validation failed:
 - ERROR - [Path '/addressDTO/zipCode'] Instance type (object) does not match any allowed primitive type (allowed: [""null"",""string""]): []
"
848db946-0b0e-435f-adaf-24972bd4a89a,4e9f6cf5-3f06-49bb-b752-518005b19971,false,"[OAS] [OAS] validation failed:
 - ERROR - [Path '/roles/1'] Instance type (boolean) does not match any allowed primitive type (allowed: [""string""]): []
"
848db946-0b0e-435f-adaf-24972bd4a89a,f0e20882-18c3-43e2-97e4-ae38f4f32b7d,true,
848db946-0b0e-435f-adaf-24972bd4a89a,74fb9cd9-2297-4cb8-806c-d8e7f5979edb,true,
848db946-0b0e-435f-adaf-24972bd4a89a,5952b669-7473-4a1d-93ce-2bae9b38ea9b,false,"[OAS] [OAS] validation failed:
 - ERROR - [Path '/permissions/0'] Instance type (null) does not match any allowed primitive type (allowed: [""string""]): []
"
848db946-0b0e-435f-adaf-24972bd4a89a,117d1c84-9504-4a98-8a5f-6d3103d325d1,false,"[OAS] [OAS] validation failed:
 - ERROR - [Path '/permissions/1'] Instance type (object) does not match any allowed primitive type (allowed: [""string""]): []
"
b1d9579a-3e32-466c-8d9e-ee9a51235b8c,8256003c-9eef-43f5-a7ca-b93b10d1ee93,false,[NO_5XX] Unexpected 5XX response: 502
b1d9579a-3e32-466c-8d9e-ee9a51235b8c,66f22217-9723-4f03-9c1b-98cb94235884,false,"[OAS] [OAS] validation failed:
 - ERROR - Object instance has properties which are not allowed by the schema: [""{\""id\"":5,\""username\"":\""testuser123\"",\""name\"":\""John\"",\""surname\"":\""Doe\"",\""gender\"":\""FEMALE\"",\""birthDate\"":\""1990-05-20\"",\""enabled\"":false,\""note\"":\""VIP customer\"",\""loginDt\"":null,\""secured\"":false,\""contactDTO\"":{\""email\"":\""user123@demo.net\"",\""phone\"":\"" 44-7700-900123\"",\""skype\"":\""alice.smith.skype\"",\""facebook\"":\""https://facebook.com/john.doe\"",\""linkedin\"":null,\""website\"":null,\""contactNote\"":\""Call after 6pm\""},\""addressDTO\"":{\""address\"":\""456 High Road\"",\""address2\"":null,\""city\"":\""Beijing\"",\""country\"":null,\""zipCode\"":\""SW1A 1AA\""},\""roles\"":[\""USER\""],\""permissions\"":[\""LOGIN\"",\""VIEW_PROFILE\""]}""]: []
"
b1d9579a-3e32-466c-8d9e-ee9a51235b8c,5db8cd78-d620-446f-ade2-68ef562f5092,true,
b1d9579a-3e32-466c-8d9e-ee9a51235b8c,14f0fad9-9939-4fb8-9564-96f47f623f27,true,
b1d9579a-3e32-466c-8d9e-ee9a51235b8c,098c6b9d-f460-408c-b277-eebc77637395,true,
b1d9579a-3e32-466c-8d9e-ee9a51235b8c,45fb1803-3a6e-4eb9-89ae-7e2a647591fb,false,"[OAS] [OAS] validation failed:
 - ERROR - [Path '/username'] Instance type (number) does not match any allowed primitive type (allowed: [""string""]): []
"
b1d9579a-3e32-466c-8d9e-ee9a51235b8c,2f809482-b8b4-4f35-b85c-4c95deac11d4,false,"[OAS] [OAS] validation failed:
 - ERROR - [Path '/name'] Instance type (object) does not match any allowed primitive type (allowed: [""string""]): []
"
b1d9579a-3e32-466c-8d9e-ee9a51235b8c,f70e14f9-42e1-4117-9192-2126adbc0ec7,true,
b1d9579a-3e32-466c-8d9e-ee9a51235b8c,71ad5aaf-06b4-45ce-9265-ee4a1c2146f2,false,"[OAS] [OAS] validation failed:
 - ERROR - [Path '/gender'] Instance type (null) does not match any allowed primitive type (allowed: [""string""]): []
"
b1d9579a-3e32-466c-8d9e-ee9a51235b8c,b7f1fc79-0272-4b22-b194-9fc08780697d,false,"[OAS] [OAS] validation failed:
 - ERROR - [Path '/birthDate'] String ""EJEMPLO MAYUS"" is invalid against requested date format(s) yyyy-MM-dd: []
"
b1d9579a-3e32-466c-8d9e-ee9a51235b8c,26052bd7-d2ea-4be8-8c0c-4bfbfc0bb203,true,
b1d9579a-3e32-466c-8d9e-ee9a51235b8c,22580ce9-dd58-4167-bde2-c6509c3ec16d,true,
b1d9579a-3e32-466c-8d9e-ee9a51235b8c,7d698f6a-3c6f-4ccb-868a-837bf0910106,false,"[OAS] [OAS] validation failed:
 - ERROR - [Path '/loginDt'] Instance type (number) does not match any allowed primitive type (allowed: [""null"",""string""]): []
"
b1d9579a-3e32-466c-8d9e-ee9a51235b8c,7f6962d1-71ee-4063-b3ed-e636c2409cd7,false,"[OAS] [OAS] validation failed:
 - ERROR - [Path '/secured'] Instance type (null) does not match any allowed primitive type (allowed: [""boolean""]): []
"
b1d9579a-3e32-466c-8d9e-ee9a51235b8c,d79e625c-00db-42cf-94d7-844fdb93665d,false,"[OAS] [OAS] validation failed:
 - ERROR - [Path '/contactDTO'] Object instance has properties which are not allowed by the schema: [""randomBoolean1"",""randomObject2""]: []
"
b1d9579a-3e32-466c-8d9e-ee9a51235b8c,b85ce7de-a566-4d76-85fb-3e0beb12eb14,true,
b1d9579a-3e32-466c-8d9e-ee9a51235b8c,d7df8c57-3262-48cb-abab-cd1ef3a952e3,true,
b1d9579a-3e32-466c-8d9e-ee9a51235b8c,ae85004b-8af6-4d2e-905e-ee5d1a9ff81c,false,"[OAS] [OAS] validation failed:
 - ERROR - [Path '/contactDTO/skype'] Instance type (integer) does not match any allowed primitive type (allowed: [""null"",""string""]): []
"
b1d9579a-3e32-466c-8d9e-ee9a51235b8c,7c4fb81b-c955-42e0-b323-2fb85450bdbc,true,
b1d9579a-3e32-466c-8d9e-ee9a51235b8c,94e3ed0c-95e6-42d5-a903-59590da73a93,false,"[OAS] [OAS] validation failed:
 - ERROR - [Path '/contactDTO/linkedin'] Instance type (object) does not match any allowed primitive type (allowed: [""null"",""string""]): []
"
b1d9579a-3e32-466c-8d9e-ee9a51235b8c,d186d6a1-c06f-4f5e-bd96-12c40ac1174b,false,"[OAS] [OAS] validation failed:
 - ERROR - [Path '/contactDTO/website'] Instance type (object) does not match any allowed primitive type (allowed: [""null"",""string""]): []
"
b1d9579a-3e32-466c-8d9e-ee9a51235b8c,f68da123-df48-4a50-b344-6172741dbe29,false,"[OAS] [OAS] validation failed:
 - ERROR - [Path '/contactDTO/contactNote'] Instance type (boolean) does not match any allowed primitive type (allowed: [""null"",""string""]): []
"
b1d9579a-3e32-466c-8d9e-ee9a51235b8c,bb9e323d-a5b0-4eec-b604-33b8eba0f28b,false,"[OAS] [OAS] validation failed:
 - ERROR - [Path '/addressDTO'] Instance type (array) does not match any allowed primitive type (allowed: [""object""]): []
"
b1d9579a-3e32-466c-8d9e-ee9a51235b8c,59507265-875b-4653-a874-9e8388b7235a,false,"[OAS] [OAS] validation failed:
 - ERROR - [Path '/addressDTO/address'] Instance type (array) does not match any allowed primitive type (allowed: [""null"",""string""]): []
"
b1d9579a-3e32-466c-8d9e-ee9a51235b8c,aa3e2de7-7fc7-4ac7-a3bc-c9f11fa356ba,false,"[OAS] [OAS] validation failed:
 - ERROR - [Path '/addressDTO/address2'] Instance type (array) does not match any allowed primitive type (allowed: [""null"",""string""]): []
"
b1d9579a-3e32-466c-8d9e-ee9a51235b8c,3564187c-f47a-4a75-87bc-fc67a5d1e9c9,true,
b1d9579a-3e32-466c-8d9e-ee9a51235b8c,ba1cccf8-da91-4e4c-aa27-ca9d92140bde,false,"[OAS] [OAS] validation failed:
 - ERROR - [Path '/addressDTO/country'] Instance type (integer) does not match any allowed primitive type (allowed: [""null"",""string""]): []
"
b1d9579a-3e32-466c-8d9e-ee9a51235b8c,85bd5acc-2c25-4046-a58f-1f4a947e275c,true,
b1d9579a-3e32-466c-8d9e-ee9a51235b8c,31fe323b-d107-4a72-8fd0-cf796981e6ce,false,"[OAS] [OAS] validation failed:
 - ERROR - [Path '/roles'] Instance type (null) does not match any allowed primitive type (allowed: [""array""]): []
"
b1d9579a-3e32-466c-8d9e-ee9a51235b8c,ce9b123e-6825-4316-929a-1be7c4dfb363,true,
b1d9579a-3e32-466c-8d9e-ee9a51235b8c,360bcad7-ba0f-407b-8d77-1d6e5be5bd2b,false,"[OAS] [OAS] validation failed:
 - ERROR - [Path '/permissions'] Instance type (object) does not match any allowed primitive type (allowed: [""array""]): []
"
b1d9579a-3e32-466c-8d9e-ee9a51235b8c,719c1529-55a8-49f4-8e84-4d7b01b1e15a,true,
b1d9579a-3e32-466c-8d9e-ee9a51235b8c,eaa3e409-9bc5-49fc-925a-00e9d819ae8f,false,"[OAS] [OAS] validation failed:
 - ERROR - [Path '/permissions/1'] Instance type (null) does not match any allowed primitive type (allowed: [""string""]): []
"
19d90c2a-3d8d-41f2-85c8-a2f1284390bf,587dcdac-85fd-415a-92f4-a018792910f6,false,"[OAS] [OAS] validation failed:
 - ERROR - Response status 200 not defined for path '/users/{id}'.: []
"
19d90c2a-3d8d-41f2-85c8-a2f1284390bf,382bf562-50ba-4069-9b1f-344df598e43a,true,
19d90c2a-3d8d-41f2-85c8-a2f1284390bf,231934e3-aee4-4496-aedc-eee39319eca9,true,
19d90c2a-3d8d-41f2-85c8-a2f1284390bf,55a212d0-fa62-4c63-a960-cc4fa98c258b,true,
19d90c2a-3d8d-41f2-85c8-a2f1284390bf,634e9fe0-d90e-44c1-b9c4-22075edce021,false,"[OAS] [OAS] validation failed:
 - ERROR - [Path '/id'] Instance type (number) does not match any allowed primitive type (allowed: [""integer""]): []
"
19d90c2a-3d8d-41f2-85c8-a2f1284390bf,655d8d13-a5ba-4d1b-96d2-3cadab2d2a70,false,"[OAS] [OAS] validation failed:
 - ERROR - [Path '/username'] Instance type (null) does not match any allowed primitive type (allowed: [""string""]): []
"
19d90c2a-3d8d-41f2-85c8-a2f1284390bf,f414bff0-4db1-4c30-8c1e-68ed44a2362b,false,"[OAS] [OAS] validation failed:
 - ERROR - [Path '/name'] Instance type (null) does not match any allowed primitive type (allowed: [""string""]): []
"
19d90c2a-3d8d-41f2-85c8-a2f1284390bf,fe458156-844b-4f82-93be-ea1a2e8efd75,false,"[OAS] [OAS] validation failed:
 - ERROR - [Path '/surname'] Instance type (number) does not match any allowed primitive type (allowed: [""null"",""string""]): []
"
19d90c2a-3d8d-41f2-85c8-a2f1284390bf,3f71a40c-ba38-42f2-8e5f-728e19688246,false,"[OAS] [OAS] validation failed:
 - ERROR - [Path '/gender'] Instance type (null) does not match any allowed primitive type (allowed: [""string""]): []
"
19d90c2a-3d8d-41f2-85c8-a2f1284390bf,d342605e-69ce-4ec6-a3f6-6463ce5ca5f1,false,"[OAS] [OAS] validation failed:
 - ERROR - [Path '/birthDate'] String ""1985-1/*2-01"" is invalid against requested date format(s) yyyy-MM-dd: []
"
19d90c2a-3d8d-41f2-85c8-a2f1284390bf,6f30f70a-b51d-4df9-9804-3cff5e68e603,false,"[OAS] [OAS] validation failed:
 - ERROR - [Path '/enabled'] Instance type (null) does not match any allowed primitive type (allowed: [""boolean""]): []
"
19d90c2a-3d8d-41f2-85c8-a2f1284390bf,55dee28b-bc16-413f-90e0-bba74db352d2,true,
19d90c2a-3d8d-41f2-85c8-a2f1284390bf,84342ace-ac78-494b-a071-4602a34f1da6,false,"[OAS] [OAS] validation failed:
 - ERROR - [Path '/loginDt'] Instance type (object) does not match any allowed primitive type (allowed: [""null"",""string""]): []
"
19d90c2a-3d8d-41f2-85c8-a2f1284390bf,dbf8f805-afae-493a-a955-7df24cd10676,false,"[OAS] [OAS] validation failed:
 - ERROR - [Path '/secured'] Instance type (null) does not match any allowed primitive type (allowed: [""boolean""]): []
"
19d90c2a-3d8d-41f2-85c8-a2f1284390bf,ca319d19-9deb-4e88-84df-b6d958bd9f91,false,"[OAS] [OAS] validation failed:
 - ERROR - [Path '/contactDTO'] Instance type (null) does not match any allowed primitive type (allowed: [""object""]): []
"
19d90c2a-3d8d-41f2-85c8-a2f1284390bf,3059a6e6-8dc2-4a1d-bc5d-bae6e5cce483,false,"[OAS] [OAS] validation failed:
 - ERROR - [Path '/contactDTO/email'] Instance type (null) does not match any allowed primitive type (allowed: [""string""]): []
"
19d90c2a-3d8d-41f2-85c8-a2f1284390bf,0acdd062-c662-4f5e-bd59-abf651e02fe8,true,
19d90c2a-3d8d-41f2-85c8-a2f1284390bf,53bdebe8-49bc-41db-9a0b-c66230ed88f6,false,"[OAS] [OAS] validation failed:
 - ERROR - [Path '/contactDTO/skype'] Instance type (object) does not match any allowed primitive type (allowed: [""null"",""string""]): []
"
19d90c2a-3d8d-41f2-85c8-a2f1284390bf,68fffc76-ced1-4ab3-afd4-937c67fc3308,true,
19d90c2a-3d8d-41f2-85c8-a2f1284390bf,580881a0-7e89-4d33-af92-a13bbf7e8509,true,
19d90c2a-3d8d-41f2-85c8-a2f1284390bf,f7314bf7-2edd-4d28-b0d2-4433e3441960,false,"[OAS] [OAS] validation failed:
 - ERROR - [Path '/contactDTO/website'] Instance type (array) does not match any allowed primitive type (allowed: [""null"",""string""]): []
"
19d90c2a-3d8d-41f2-85c8-a2f1284390bf,9c386b17-d443-4047-9977-299250eeb0d8,false,"[OAS] [OAS] validation failed:
 - ERROR - [Path '/contactDTO/contactNote'] Instance type (integer) does not match any allowed primitive type (allowed: [""null"",""string""]): []
"
19d90c2a-3d8d-41f2-85c8-a2f1284390bf,60c223a8-b132-401d-a223-aecdaf10abe9,true,
19d90c2a-3d8d-41f2-85c8-a2f1284390bf,e830c9db-f647-4db5-b6f3-ae5e73d4f1e2,true,
19d90c2a-3d8d-41f2-85c8-a2f1284390bf,80fbdfc4-7f1c-4a64-9b69-40e263bc8d01,false,"[OAS] [OAS] validation failed:
 - ERROR - [Path '/addressDTO/address2'] Instance type (boolean) does not match any allowed primitive type (allowed: [""null"",""string""]): []
"
19d90c2a-3d8d-41f2-85c8-a2f1284390bf,64c5731f-1282-40e6-933b-c790b8502e6d,false,"[OAS] [OAS] validation failed:
 - ERROR - [Path '/addressDTO/city'] Instance type (array) does not match any allowed primitive type (allowed: [""null"",""string""]): []
"
19d90c2a-3d8d-41f2-85c8-a2f1284390bf,f662601d-67c0-4121-879b-85492d35b781,true,
19d90c2a-3d8d-41f2-85c8-a2f1284390bf,c95cce7d-33f2-4143-ae62-7c3a44598bbc,true,
19d90c2a-3d8d-41f2-85c8-a2f1284390bf,fca85c79-06c7-46c8-835e-6fead9b56dc1,false,"[OAS] [OAS] validation failed:
 - ERROR - [Path '/roles'] Instance type (null) does not match any allowed primitive type (allowed: [""array""]): []
"
19d90c2a-3d8d-41f2-85c8-a2f1284390bf,0d1514cb-5df2-4e21-bbbb-18591cd08c8a,true,
19d90c2a-3d8d-41f2-85c8-a2f1284390bf,11972732-d6be-4244-ade0-fe3b6d0b292d,true,
19d90c2a-3d8d-41f2-85c8-a2f1284390bf,a20760dd-4626-4b4f-a200-4dac067b5507,true,
19d90c2a-3d8d-41f2-85c8-a2f1284390bf,f00024cd-7680-46d0-afd6-27840a82b6e5,true,
87b5351b-aa4a-4d74-8a80-061b59a91a39,4ca0ce5b-a66b-4347-8c3f-e87d391b4fb5,false,"[OAS] [OAS] validation failed:
 - ERROR - Response status 200 not defined for path '/users/{id}'.: []
"
87b5351b-aa4a-4d74-8a80-061b59a91a39,5e1196cc-07a9-4c99-8e9c-308836930eee,true,
87b5351b-aa4a-4d74-8a80-061b59a91a39,32f6b3aa-ffa3-46c0-9135-ce5a13c66da5,true,
87b5351b-aa4a-4d74-8a80-061b59a91a39,de9fbacd-34c8-4cc5-b4e3-9720f9f366c0,false,"[OAS] [OAS] validation failed:
 - ERROR - Object instance has properties which are not allowed by the schema: [""randomBoolean1""]: []
"
87b5351b-aa4a-4d74-8a80-061b59a91a39,c5dcbf03-87c2-40f3-9dd7-03ea3a4d37f0,true,
87b5351b-aa4a-4d74-8a80-061b59a91a39,5272cc70-3086-4491-8290-46d647a8f262,true,
87b5351b-aa4a-4d74-8a80-061b59a91a39,1aa3c7de-a5c7-4d7b-a89b-582eec9f4d85,true,
87b5351b-aa4a-4d74-8a80-061b59a91a39,6c3ff136-4bd5-4d49-9b35-1ce5b2aaca17,false,"[OAS] [OAS] validation failed:
 - ERROR - [Path '/surname'] Instance type (object) does not match any allowed primitive type (allowed: [""null"",""string""]): []
"
87b5351b-aa4a-4d74-8a80-061b59a91a39,900a7399-fc99-4890-b0d2-3f15cf4a816a,true,
87b5351b-aa4a-4d74-8a80-061b59a91a39,5dec38fb-bfe9-4fde-9258-cf85e30ece5f,false,"[OAS] [OAS] validation failed:
 - ERROR - [Path '/birthDate'] Instance type (number) does not match any allowed primitive type (allowed: [""null"",""string""]): []
"
87b5351b-aa4a-4d74-8a80-061b59a91a39,aa63f9ed-2235-48d5-935c-bc09748148b4,false,"[OAS] [OAS] validation failed:
 - ERROR - [Path '/enabled'] Instance type (number) does not match any allowed primitive type (allowed: [""boolean""]): []
"
87b5351b-aa4a-4d74-8a80-061b59a91a39,1b6a5724-c724-40b2-a03b-8b67a78b285f,true,
87b5351b-aa4a-4d74-8a80-061b59a91a39,021e5695-93c8-420c-a7ce-443c692067c1,false,"[OAS] [OAS] validation failed:
 - ERROR - [Path '/loginDt'] Instance type (object) does not match any allowed primitive type (allowed: [""null"",""string""]): []
"
87b5351b-aa4a-4d74-8a80-061b59a91a39,a361b4f5-a958-42c8-8a35-6704d0e81f03,false,"[OAS] [OAS] validation failed:
 - ERROR - [Path '/secured'] Instance type (null) does not match any allowed primitive type (allowed: [""boolean""]): []
"
87b5351b-aa4a-4d74-8a80-061b59a91a39,02d3f32c-6e57-470c-b7cd-91d851d393c4,false,"[OAS] [OAS] validation failed:
 - ERROR - [Path '/contactDTO'] Instance type (number) does not match any allowed primitive type (allowed: [""object""]): []
"
87b5351b-aa4a-4d74-8a80-061b59a91a39,93f93d93-8000-44de-8098-1cea4568b7dd,true,
87b5351b-aa4a-4d74-8a80-061b59a91a39,5a010241-ca7b-4662-b6a0-773920750e0d,true,
87b5351b-aa4a-4d74-8a80-061b59a91a39,5637a8f6-5f2f-431d-ae4b-e6d71fe72b96,false,"[OAS] [OAS] validation failed:
 - ERROR - [Path '/contactDTO/skype'] Instance type (object) does not match any allowed primitive type (allowed: [""null"",""string""]): []
"
87b5351b-aa4a-4d74-8a80-061b59a91a39,6c8be35b-8b45-4eb2-bd33-186f085e75e6,false,"[OAS] [OAS] validation failed:
 - ERROR - [Path '/contactDTO/facebook'] Instance type (array) does not match any allowed primitive type (allowed: [""null"",""string""]): []
"
87b5351b-aa4a-4d74-8a80-061b59a91a39,e52bc11d-b751-434b-a075-3e2be8ca2c34,true,
87b5351b-aa4a-4d74-8a80-061b59a91a39,cf625be8-e9f6-4cb4-a09d-66abe8220d3b,true,
87b5351b-aa4a-4d74-8a80-061b59a91a39,f0e2e51f-29cb-49ef-8309-0268dcac4b79,true,
87b5351b-aa4a-4d74-8a80-061b59a91a39,c91c75af-470f-40e5-aafa-463bd60dc78c,false,"[OAS] [OAS] validation failed:
 - ERROR - [Path '/addressDTO'] Instance type (null) does not match any allowed primitive type (allowed: [""object""]): []
"
87b5351b-aa4a-4d74-8a80-061b59a91a39,4ebb7f49-46a8-4d75-bab3-6d1b146128f3,false,"[OAS] [OAS] validation failed:
 - ERROR - [Path '/addressDTO/address'] Instance type (integer) does not match any allowed primitive type (allowed: [""null"",""string""]): []
"
87b5351b-aa4a-4d74-8a80-061b59a91a39,d26c5b91-0bd8-44c0-b4de-3fe27eebcb31,false,"[OAS] [OAS] validation failed:
 - ERROR - [Path '/addressDTO/address2'] Instance type (array) does not match any allowed primitive type (allowed: [""null"",""string""]): []
"
87b5351b-aa4a-4d74-8a80-061b59a91a39,a57c26a6-4559-49be-961d-147d313ad0b0,true,
87b5351b-aa4a-4d74-8a80-061b59a91a39,327fa9a7-e407-4f5d-a7e9-5496c14d28cb,true,
87b5351b-aa4a-4d74-8a80-061b59a91a39,51fbf426-bffd-46a4-9f55-fab98b718a8b,true,
87b5351b-aa4a-4d74-8a80-061b59a91a39,d52f5f11-ddf6-4cac-b6bc-75690c77f932,true,
87b5351b-aa4a-4d74-8a80-061b59a91a39,9de19b1c-75b0-420c-b738-5ab6d3f6d720,false,"[OAS] [OAS] validation failed:
 - ERROR - [Path '/roles/0'] Instance type (null) does not match any allowed primitive type (allowed: [""string""]): []
"
87b5351b-aa4a-4d74-8a80-061b59a91a39,1bd0801c-43e3-4895-a3f5-bc57e4f9ef4e,false,"[OAS] [OAS] validation failed:
 - ERROR - [Path '/roles/1'] Instance type (array) does not match any allowed primitive type (allowed: [""string""]): []
"
87b5351b-aa4a-4d74-8a80-061b59a91a39,e78c8c46-c8fd-401d-bfd7-a6ef2f34f21c,false,"[OAS] [OAS] validation failed:
 - ERROR - [Path '/permissions'] Instance type (null) does not match any allowed primitive type (allowed: [""array""]): []
"
87b5351b-aa4a-4d74-8a80-061b59a91a39,b486e025-ccc9-460c-8ca7-62edd0ce884d,true,
87b5351b-aa4a-4d74-8a80-061b59a91a39,2381969d-370b-4c9b-8d92-7119df37b66e,true,
87b5351b-aa4a-4d74-8a80-061b59a91a39,893c8461-1a3a-458c-8ca9-811ae4076de9,true,
5f10ca28-33b8-402c-9f58-d5c77a0614c4,fb7e9a24-2b30-4ef2-a4ea-688cd71a0a04,false,"[OAS] [OAS] validation failed:
 - ERROR - Response status 204 not defined for path '/users/{id}'.: []
"
5f10ca28-33b8-402c-9f58-d5c77a0614c4,3ea24e45-d58a-46d1-8f48-ab892dd2ea1c,true,
5f10ca28-33b8-402c-9f58-d5c77a0614c4,fa508710-a848-4cf1-a9e7-f29a35b0cd93,true,
5f10ca28-33b8-402c-9f58-d5c77a0614c4,4a3e1043-3338-4b04-ac65-64c76ecab606,false,"[OAS] [OAS] validation failed:
 - ERROR - Object instance has properties which are not allowed by the schema: [""randomBoolean1""]: []
"
5f10ca28-33b8-402c-9f58-d5c77a0614c4,7cd97ad8-3c1e-44a9-a65c-f6d910beab2e,false,"[OAS] [OAS] validation failed:
 - ERROR - [Path '/id'] Instance type (null) does not match any allowed primitive type (allowed: [""integer""]): []
"
5f10ca28-33b8-402c-9f58-d5c77a0614c4,834ff36c-ffd2-475d-bb81-80897298755b,true,
5f10ca28-33b8-402c-9f58-d5c77a0614c4,1efc4f78-663e-4f06-8868-75bfe4d49b8f,true,
5f10ca28-33b8-402c-9f58-d5c77a0614c4,ac19811c-2997-407b-ac0c-2772451697ad,false,"[OAS] [OAS] validation failed:
 - ERROR - [Path '/surname'] Instance type (number) does not match any allowed primitive type (allowed: [""null"",""string""]): []
"
5f10ca28-33b8-402c-9f58-d5c77a0614c4,96ecf336-b67f-4632-b2bc-fa9ec3ec2c64,false,"[OAS] [OAS] validation failed:
 - ERROR - [Path '/gender'] Instance type (null) does not match any allowed primitive type (allowed: [""string""]): []
"
5f10ca28-33b8-402c-9f58-d5c77a0614c4,61dbd118-ee8e-4ce0-a5bd-f502b0d2d5e3,true,
5f10ca28-33b8-402c-9f58-d5c77a0614c4,b4925742-cb8f-44d6-a2bb-073036e9f9f3,false,"[OAS] [OAS] validation failed:
 - ERROR - [Path '/enabled'] Instance type (null) does not match any allowed primitive type (allowed: [""boolean""]): []
"
5f10ca28-33b8-402c-9f58-d5c77a0614c4,b192939f-d0c2-4dd7-8419-0f8b7c34c898,false,"[OAS] [OAS] validation failed:
 - ERROR - [Path '/note'] Instance type (object) does not match any allowed primitive type (allowed: [""null"",""string""]): []
"
5f10ca28-33b8-402c-9f58-d5c77a0614c4,c3a61752-f76f-449a-b8be-ad208a5b2245,false,"[OAS] [OAS] validation failed:
 - ERROR - [Path '/loginDt'] Instance type (object) does not match any allowed primitive type (allowed: [""null"",""string""]): []
"
5f10ca28-33b8-402c-9f58-d5c77a0614c4,8f8c0301-6ba1-465f-8495-47a7e48ba482,false,"[OAS] [OAS] validation failed:
 - ERROR - [Path '/secured'] Instance type (null) does not match any allowed primitive type (allowed: [""boolean""]): []
"
5f10ca28-33b8-402c-9f58-d5c77a0614c4,a3b60147-afea-4106-a09f-fa9b6f72e86e,true,
5f10ca28-33b8-402c-9f58-d5c77a0614c4,8c1aa3b3-3b8a-4b31-8be6-ff1bb77e368e,false,"[OAS] [OAS] validation failed:
 - ERROR - [Path '/contactDTO/email'] Instance type (null) does not match any allowed primitive type (allowed: [""string""]): []
"
5f10ca28-33b8-402c-9f58-d5c77a0614c4,69fe60a1-1a5d-433e-909e-bdd62bb8bbb3,false,"[OAS] [OAS] validation failed:
 - ERROR - [Path '/contactDTO/phone'] Instance type (array) does not match any allowed primitive type (allowed: [""null"",""string""]): []
"
5f10ca28-33b8-402c-9f58-d5c77a0614c4,7adc40e7-cc54-46e1-ad41-1dc286c5c14b,true,
5f10ca28-33b8-402c-9f58-d5c77a0614c4,f2e759f9-a971-4a0a-80b9-b3a4f3c6b21e,true,
5f10ca28-33b8-402c-9f58-d5c77a0614c4,69e3ec5b-04ee-4e6b-8cf6-976fc9ca3a5a,false,"[OAS] [OAS] validation failed:
 - ERROR - [Path '/contactDTO/linkedin'] Instance type (array) does not match any allowed primitive type (allowed: [""null"",""string""]): []
"
5f10ca28-33b8-402c-9f58-d5c77a0614c4,6deca26c-e195-4af1-bc2a-e195984bc51b,false,"[OAS] [OAS] validation failed:
 - ERROR - [Path '/contactDTO/website'] Instance type (integer) does not match any allowed primitive type (allowed: [""null"",""string""]): []
"
5f10ca28-33b8-402c-9f58-d5c77a0614c4,9b8e2544-66ec-4c02-bd36-39af6b3f3bfd,true,
5f10ca28-33b8-402c-9f58-d5c77a0614c4,fb59f1f3-ab8c-45ae-ac74-0292f12a8464,false,"[OAS] [OAS] validation failed:
 - ERROR - [Path '/addressDTO'] Instance type (array) does not match any allowed primitive type (allowed: [""object""]): []
"
5f10ca28-33b8-402c-9f58-d5c77a0614c4,67c3e965-f6a6-4443-b623-db1f44f852ae,false,"[OAS] [OAS] validation failed:
 - ERROR - [Path '/addressDTO/address'] Instance type (array) does not match any allowed primitive type (allowed: [""null"",""string""]): []
"
5f10ca28-33b8-402c-9f58-d5c77a0614c4,c06d6bef-d498-4f54-b276-345d80739a04,true,
5f10ca28-33b8-402c-9f58-d5c77a0614c4,77c9ea66-0602-45d4-8ff3-9204e598a05a,false,"[OAS] [OAS] validation failed:
 - ERROR - [Path '/addressDTO/city'] Instance type (boolean) does not match any allowed primitive type (allowed: [""null"",""string""]): []
"
5f10ca28-33b8-402c-9f58-d5c77a0614c4,85121129-0ef2-4b9d-b712-ed4b4c077384,true,
5f10ca28-33b8-402c-9f58-d5c77a0614c4,bc53c4e6-7471-4949-a9c5-f9c2330d7af6,true,
5f10ca28-33b8-402c-9f58-d5c77a0614c4,c3109dbe-3d1d-4cf6-96ca-11e16e2cd4ae,false,"[OAS] [OAS] validation failed:
 - ERROR - [Path '/roles'] Instance type (null) does not match any allowed primitive type (allowed: [""array""]): []
"
5f10ca28-33b8-402c-9f58-d5c77a0614c4,3d75310e-eeb2-45a4-b399-7fb3e614f05e,true,
5f10ca28-33b8-402c-9f58-d5c77a0614c4,4bce903e-feab-4cd7-b675-6b1048c084dc,true,
5f10ca28-33b8-402c-9f58-d5c77a0614c4,f1dd6821-9cf2-4f30-a2e6-32de4f884eeb,true,
5f10ca28-33b8-402c-9f58-d5c77a0614c4,955e0e62-e20c-4fc6-ba71-a3bdb25d4f99,true,
6e982812-2a43-42f3-8490-19b663f3b8a4,52b2bf0f-691e-4daa-993d-84e4c7532b7a,false,"[OAS] [OAS] validation failed:
 - ERROR - Response status 204 not defined for path '/users/{id}'.: []
"
6e982812-2a43-42f3-8490-19b663f3b8a4,f4ff32dc-a71b-42b8-92d8-1b837fe0649f,true,
6e982812-2a43-42f3-8490-19b663f3b8a4,3fdd6be3-1661-4364-a646-d564d89a8223,true,
6e982812-2a43-42f3-8490-19b663f3b8a4,9589df05-1d99-40e6-a691-7cf90548dd4f,false,"[OAS] [OAS] validation failed:
 - ERROR - Object instance has properties which are not allowed by the schema: [""randomBoolean1""]: []
"
6e982812-2a43-42f3-8490-19b663f3b8a4,76ee49d1-ef77-4992-927e-4e4df6749c5b,false,"[OAS] [OAS] validation failed:
 - ERROR - [Path '/id'] Instance type (number) does not match any allowed primitive type (allowed: [""integer""]): []
"
6e982812-2a43-42f3-8490-19b663f3b8a4,c51d47f3-3982-4d8c-bf16-7e4b2fc6c942,false,"[OAS] [OAS] validation failed:
 - ERROR - [Path '/username'] Instance type (number) does not match any allowed primitive type (allowed: [""string""]): []
"
6e982812-2a43-42f3-8490-19b663f3b8a4,90183700-1b11-4390-a812-641b9a1a4921,true,
6e982812-2a43-42f3-8490-19b663f3b8a4,6ec27df9-5e23-4c4a-aab2-a62714b56724,true,
6e982812-2a43-42f3-8490-19b663f3b8a4,695cac22-9d80-4402-9121-08e7b7f18078,true,
6e982812-2a43-42f3-8490-19b663f3b8a4,a3b6666b-9d7c-4e22-ae1c-8c8ac62bd916,false,"[OAS] [OAS] validation failed:
 - ERROR - [Path '/birthDate'] Instance type (number) does not match any allowed primitive type (allowed: [""null"",""string""]): []
"
6e982812-2a43-42f3-8490-19b663f3b8a4,5808c40e-580d-42d3-b23c-c18ff6bd40ab,true,
6e982812-2a43-42f3-8490-19b663f3b8a4,cc117995-b3a1-4018-9ab6-45f00678ff9b,false,"[OAS] [OAS] validation failed:
 - ERROR - [Path '/note'] Instance type (object) does not match any allowed primitive type (allowed: [""null"",""string""]): []
"
6e982812-2a43-42f3-8490-19b663f3b8a4,f410eca5-fd3e-4e8b-be8c-1440ed075c10,false,"[OAS] [OAS] validation failed:
 - ERROR - [Path '/loginDt'] Instance type (object) does not match any allowed primitive type (allowed: [""null"",""string""]): []
"
6e982812-2a43-42f3-8490-19b663f3b8a4,4a133f1e-4660-41a1-a644-ca464ae8a728,false,"[OAS] [OAS] validation failed:
 - ERROR - [Path '/secured'] Instance type (object) does not match any allowed primitive type (allowed: [""boolean""]): []
"
6e982812-2a43-42f3-8490-19b663f3b8a4,e0489c25-6feb-48d3-9d89-fd550154a84a,false,"[OAS] [OAS] validation failed:
 - ERROR - [Path '/contactDTO'] Instance type (null) does not match any allowed primitive type (allowed: [""object""]): []
"
6e982812-2a43-42f3-8490-19b663f3b8a4,8f1bfced-5e16-4dbc-99b3-a345930a985d,true,
6e982812-2a43-42f3-8490-19b663f3b8a4,b90a9e94-3365-45af-9e41-31d19d717f6a,true,
6e982812-2a43-42f3-8490-19b663f3b8a4,9c3640f6-11fa-4bc9-b83f-d2a2abf4a088,true,
6e982812-2a43-42f3-8490-19b663f3b8a4,05ec084f-baa5-49ff-aff1-4e4481e30843,true,
6e982812-2a43-42f3-8490-19b663f3b8a4,abd758aa-abf5-4466-9689-92055fbf9839,true,
6e982812-2a43-42f3-8490-19b663f3b8a4,1606c3cc-f87c-4113-8e31-175b66220bd1,true,
6e982812-2a43-42f3-8490-19b663f3b8a4,302ecfd9-ed40-4e09-ac8d-bee95c43c912,false,"[OAS] [OAS] validation failed:
 - ERROR - [Path '/contactDTO/contactNote'] Instance type (boolean) does not match any allowed primitive type (allowed: [""null"",""string""]): []
"
6e982812-2a43-42f3-8490-19b663f3b8a4,5539a232-270f-4d1b-8e99-3b21860484a2,false,"[OAS] [OAS] validation failed:
 - ERROR - [Path '/addressDTO'] Instance type (array) does not match any allowed primitive type (allowed: [""object""]): []
"
6e982812-2a43-42f3-8490-19b663f3b8a4,fa3753b4-216a-48de-a3cf-1fc33323030d,true,
6e982812-2a43-42f3-8490-19b663f3b8a4,f967c77a-d09c-406e-9b1b-9774644b946d,true,
6e982812-2a43-42f3-8490-19b663f3b8a4,b0fd0445-fa4f-4a6a-a00b-ad6721d00cff,true,
6e982812-2a43-42f3-8490-19b663f3b8a4,ab8fca9b-d78a-44d2-a209-c90af1086320,false,"[OAS] [OAS] validation failed:
 - ERROR - [Path '/addressDTO/country'] Instance type (array) does not match any allowed primitive type (allowed: [""null"",""string""]): []
"
6e982812-2a43-42f3-8490-19b663f3b8a4,213bb370-8b90-41e0-8cb6-4c24db85620e,true,
6e982812-2a43-42f3-8490-19b663f3b8a4,45bffbea-2557-489e-b70f-d4e94d4857d6,false,"[OAS] [OAS] validation failed:
 - ERROR - [Path '/roles/1'] Instance type (boolean) does not match any allowed primitive type (allowed: [""string""]): []
"
6e982812-2a43-42f3-8490-19b663f3b8a4,827be786-981f-4178-b28b-6ad1ec5b4ebc,true,
6e982812-2a43-42f3-8490-19b663f3b8a4,03b33b4a-9824-4a9a-96b7-330b972638db,false,"[OAS] [OAS] validation failed:
 - ERROR - [Path '/permissions'] Instance type (null) does not match any allowed primitive type (allowed: [""array""]): []
"
6e982812-2a43-42f3-8490-19b663f3b8a4,f3e3b79e-2d8c-4a01-8dda-e0eb306248e0,false,"[OAS] [OAS] validation failed:
 - ERROR - [Path '/permissions/0'] Instance type (null) does not match any allowed primitive type (allowed: [""string""]): []
"
6e982812-2a43-42f3-8490-19b663f3b8a4,b6f927b2-1a0b-4f9a-aa56-2e4621ae3aa0,false,"[OAS] [OAS] validation failed:
 - ERROR - [Path '/permissions/1'] Instance type (object) does not match any allowed primitive type (allowed: [""string""]): []
"
211f7921-f09c-4699-8c7f-b1f34be0b036,eee00113-327f-419a-974e-481ae72278d7,false,"[OAS] [OAS] validation failed:
 - ERROR - Object instance has properties which are not allowed by the schema: [""addressDTO"",""birthDate"",""contactDTO"",""enabled"",""gender"",""id"",""loginDt"",""name"",""note"",""permissions"",""roles"",""secured"",""surname"",""username""]: []
"
211f7921-f09c-4699-8c7f-b1f34be0b036,888d3f73-6dd9-401e-a91d-b8b4947029fe,true,
211f7921-f09c-4699-8c7f-b1f34be0b036,c0316b0a-35c0-4baf-a967-bf1f4dfd76ad,true,
211f7921-f09c-4699-8c7f-b1f34be0b036,b82eee4d-e5d0-47fd-919d-d762551405b2,true,
211f7921-f09c-4699-8c7f-b1f34be0b036,2e35b7d4-58fd-4674-be65-837539ed3c9c,false,"[OAS] [OAS] validation failed:
 - ERROR - [Path '/id'] Instance type (number) does not match any allowed primitive type (allowed: [""integer""]): []
"
211f7921-f09c-4699-8c7f-b1f34be0b036,7a0cf175-662b-42ab-8cf6-41f8ebcb7572,true,
211f7921-f09c-4699-8c7f-b1f34be0b036,1c4a35f7-1495-431b-ba4e-e8fa777450f5,false,"[OAS] [OAS] validation failed:
 - ERROR - [Path '/name'] Instance type (object) does not match any allowed primitive type (allowed: [""string""]): []
"
211f7921-f09c-4699-8c7f-b1f34be0b036,4a695107-fddb-47a0-816f-e1645ba4d78c,true,
211f7921-f09c-4699-8c7f-b1f34be0b036,fac9d2e0-1eb5-4879-ba99-8ba0d14b6e26,true,
211f7921-f09c-4699-8c7f-b1f34be0b036,9f0c0c2d-a98f-4a8d-ab87-58e12a4eec41,false,"[OAS] [OAS] validation failed:
 - ERROR - [Path '/birthDate'] Instance type (number) does not match any allowed primitive type (allowed: [""null"",""string""]): []
"
211f7921-f09c-4699-8c7f-b1f34be0b036,e437f2ae-c406-4f1f-a823-51bde872a1e2,false,"[OAS] [OAS] validation failed:
 - ERROR - [Path '/enabled'] Instance type (null) does not match any allowed primitive type (allowed: [""boolean""]): []
"
211f7921-f09c-4699-8c7f-b1f34be0b036,1abd0040-96f8-44b6-bc7c-8100707b8356,true,
211f7921-f09c-4699-8c7f-b1f34be0b036,d89d7a7a-3257-4732-b85d-3131ef1365cd,false,"[OAS] [OAS] validation failed:
 - ERROR - [Path '/loginDt'] Instance type (object) does not match any allowed primitive type (allowed: [""null"",""string""]): []
"
211f7921-f09c-4699-8c7f-b1f34be0b036,b636a100-bc20-445f-9b1d-1668225a5361,false,"[OAS] [OAS] validation failed:
 - ERROR - [Path '/secured'] Instance type (object) does not match any allowed primitive type (allowed: [""boolean""]): []
"
211f7921-f09c-4699-8c7f-b1f34be0b036,75ed2561-01c0-4869-898b-a7c98d8fbbb5,false,"[OAS] [OAS] validation failed:
 - ERROR - [Path '/contactDTO'] Object instance has properties which are not allowed by the schema: [""randomBoolean1"",""randomObject2""]: []
"
211f7921-f09c-4699-8c7f-b1f34be0b036,b3ea10b6-4dbf-4646-a756-344243a0ba39,true,
211f7921-f09c-4699-8c7f-b1f34be0b036,b2ea1203-e441-4de2-aa65-fb5cf0d227b3,true,
211f7921-f09c-4699-8c7f-b1f34be0b036,6167aa1c-cd5d-4332-9e52-d9f84a662038,false,"[OAS] [OAS] validation failed:
 - ERROR - [Path '/contactDTO/skype'] Instance type (object) does not match any allowed primitive type (allowed: [""null"",""string""]): []
"
211f7921-f09c-4699-8c7f-b1f34be0b036,619e018d-b5c8-4b70-9342-16c7aad6d171,true,
211f7921-f09c-4699-8c7f-b1f34be0b036,1ad6018c-e7aa-4a37-815d-491835e4c6ef,true,
211f7921-f09c-4699-8c7f-b1f34be0b036,fb88745e-ac31-4eba-82b3-7da9ce2eda89,true,
211f7921-f09c-4699-8c7f-b1f34be0b036,03f4c673-c8b7-4c37-a6ea-f155e0e8466f,true,
211f7921-f09c-4699-8c7f-b1f34be0b036,faf80804-f2d8-401c-b51c-a46d93d241f2,false,"[OAS] [OAS] validation failed:
 - ERROR - [Path '/addressDTO'] Instance type (array) does not match any allowed primitive type (allowed: [""object""]): []
"
211f7921-f09c-4699-8c7f-b1f34be0b036,24a3170e-42ff-4989-9b49-710783ce60b3,false,"[OAS] [OAS] validation failed:
 - ERROR - [Path '/addressDTO/address'] Instance type (array) does not match any allowed primitive type (allowed: [""null"",""string""]): []
"
211f7921-f09c-4699-8c7f-b1f34be0b036,05f69862-7695-4b61-b724-ec684b7e5643,true,
211f7921-f09c-4699-8c7f-b1f34be0b036,b66f5a3b-136b-4658-8b5a-29ac5953a681,false,"[OAS] [OAS] validation failed:
 - ERROR - [Path '/addressDTO/city'] Instance type (array) does not match any allowed primitive type (allowed: [""null"",""string""]): []
"
211f7921-f09c-4699-8c7f-b1f34be0b036,e0eafc1e-b7d7-44d6-b552-4a269b01d813,true,
211f7921-f09c-4699-8c7f-b1f34be0b036,f444b31c-7cbc-4415-835e-f307472a0fa9,true,
211f7921-f09c-4699-8c7f-b1f34be0b036,64f10963-c84a-409f-addf-93c622228f54,false,"[OAS] [OAS] validation failed:
 - ERROR - [Path '/roles'] Instance type (number) does not match any allowed primitive type (allowed: [""array""]): []
"
211f7921-f09c-4699-8c7f-b1f34be0b036,b53cff43-9981-4123-975f-5dcd7e6159bf,false,"[OAS] [OAS] validation failed:
 - ERROR - [Path '/roles/0'] Instance type (array) does not match any allowed primitive type (allowed: [""string""]): []
"
211f7921-f09c-4699-8c7f-b1f34be0b036,2c75856c-d005-4830-8c7c-c05dd210902b,true,
211f7921-f09c-4699-8c7f-b1f34be0b036,560aa9ec-1ef6-422c-a4e7-adb3ef316d13,false,"[OAS] [OAS] validation failed:
 - ERROR - [Path '/permissions/0'] Instance type (boolean) does not match any allowed primitive type (allowed: [""string""]): []
"
211f7921-f09c-4699-8c7f-b1f34be0b036,765d82cf-68f0-4990-99e0-0c3606d6d647,true,
147eef42-f6ed-4136-8f9b-d064a9da083c,b8206087-5bf0-4c3f-9a9a-2810e51c2641,false,[NO_5XX] Unexpected 5XX response: 502
147eef42-f6ed-4136-8f9b-d064a9da083c,13d95c29-a82b-427a-979f-efde7eca605c,true,
147eef42-f6ed-4136-8f9b-d064a9da083c,e3326112-e22a-4564-8fe2-b5cf5f954350,true,
147eef42-f6ed-4136-8f9b-d064a9da083c,4f8c165b-22ea-4726-bd7e-897136a466e3,false,"[OAS] [OAS] validation failed:
 - ERROR - Object instance has properties which are not allowed by the schema: [""randomBoolean1""]: []
"
147eef42-f6ed-4136-8f9b-d064a9da083c,accfdba0-df6f-4469-8601-4447cec5dd89,false,"[OAS] [OAS] validation failed:
 - ERROR - [Path '/id'] Instance type (number) does not match any allowed primitive type (allowed: [""integer""]): []
"
147eef42-f6ed-4136-8f9b-d064a9da083c,c8180363-de0f-4ef3-abe2-828e324c3023,false,"[OAS] [OAS] validation failed:
 - ERROR - [Path '/username'] Instance type (null) does not match any allowed primitive type (allowed: [""string""]): []
"
147eef42-f6ed-4136-8f9b-d064a9da083c,eb71ce0b-04ea-4fcc-8da8-d61222e6c87a,true,
147eef42-f6ed-4136-8f9b-d064a9da083c,33c8de7f-5cfc-4419-84f7-b2571ec83439,true,
147eef42-f6ed-4136-8f9b-d064a9da083c,d38a7e81-df61-43f6-b5a8-b371382ba334,false,"[OAS] [OAS] validation failed:
 - ERROR - [Path '/gender'] Instance type (array) does not match any allowed primitive type (allowed: [""string""]): []
"
147eef42-f6ed-4136-8f9b-d064a9da083c,f896d294-d1f5-4145-ac9a-c7069eafe369,false,"[OAS] [OAS] validation failed:
 - ERROR - [Path '/birthDate'] String ""EJEMPLO MAYUS"" is invalid against requested date format(s) yyyy-MM-dd: []
"
147eef42-f6ed-4136-8f9b-d064a9da083c,9186d0f3-3711-498b-9607-829969769d2c,true,
147eef42-f6ed-4136-8f9b-d064a9da083c,dc3a3376-37e3-45a5-927e-835b09e9ec21,false,"[OAS] [OAS] validation failed:
 - ERROR - [Path '/note'] Instance type (array) does not match any allowed primitive type (allowed: [""null"",""string""]): []
"
147eef42-f6ed-4136-8f9b-d064a9da083c,1d100e17-3e5b-42be-bf30-41dd72d48f6a,false,"[OAS] [OAS] validation failed:
 - ERROR - [Path '/loginDt'] Instance type (number) does not match any allowed primitive type (allowed: [""null"",""string""]): []
"
147eef42-f6ed-4136-8f9b-d064a9da083c,96dc6d5f-76a7-44c0-ad53-f2edf27911fb,false,"[OAS] [OAS] validation failed:
 - ERROR - [Path '/secured'] Instance type (null) does not match any allowed primitive type (allowed: [""boolean""]): []
"
147eef42-f6ed-4136-8f9b-d064a9da083c,bc16c488-278f-4175-8e08-9ff0d3be4f6b,false,"[OAS] [OAS] validation failed:
 - ERROR - [Path '/contactDTO'] Instance type (null) does not match any allowed primitive type (allowed: [""object""]): []
"
147eef42-f6ed-4136-8f9b-d064a9da083c,20d03d78-622c-4994-9c51-abd37e4892d2,true,
147eef42-f6ed-4136-8f9b-d064a9da083c,aef268a8-7708-4ca5-98ad-4eb14adddba8,false,"[OAS] [OAS] validation failed:
 - ERROR - [Path '/contactDTO/phone'] Instance type (object) does not match any allowed primitive type (allowed: [""null"",""string""]): []
"
147eef42-f6ed-4136-8f9b-d064a9da083c,61f83fb7-6af1-427c-9008-ca8853489e49,true,
147eef42-f6ed-4136-8f9b-d064a9da083c,b2cddc34-00b0-4305-96ca-0399afc8b5de,false,"[OAS] [OAS] validation failed:
 - ERROR - [Path '/contactDTO/facebook'] Instance type (integer) does not match any allowed primitive type (allowed: [""null"",""string""]): []
"
147eef42-f6ed-4136-8f9b-d064a9da083c,22c6007c-b51d-41c2-9674-d0c14578c77f,false,"[OAS] [OAS] validation failed:
 - ERROR - [Path '/contactDTO/linkedin'] Instance type (object) does not match any allowed primitive type (allowed: [""null"",""string""]): []
"
147eef42-f6ed-4136-8f9b-d064a9da083c,b70b5c22-d6fe-444c-ae46-3d5c75724034,true,
147eef42-f6ed-4136-8f9b-d064a9da083c,bffb838f-18e5-4cf3-a781-99e9a785e61a,false,"[OAS] [OAS] validation failed:
 - ERROR - [Path '/contactDTO/contactNote'] Instance type (array) does not match any allowed primitive type (allowed: [""null"",""string""]): []
"
147eef42-f6ed-4136-8f9b-d064a9da083c,c7a8752d-540f-44f7-84b0-1659a5013a69,false,"[OAS] [OAS] validation failed:
 - ERROR - [Path '/addressDTO'] Object instance has properties which are not allowed by the schema: [""randomArray3"",""randomLong2"",""randomObject1"",""randomObject4""]: []
"
147eef42-f6ed-4136-8f9b-d064a9da083c,5d4008f9-fe87-4fc4-ad96-d4ff01d77401,false,"[OAS] [OAS] validation failed:
 - ERROR - [Path '/addressDTO/address'] Instance type (integer) does not match any allowed primitive type (allowed: [""null"",""string""]): []
"
147eef42-f6ed-4136-8f9b-d064a9da083c,f0a862d7-e838-4d83-83d4-24fb7fd91ed8,false,"[OAS] [OAS] validation failed:
 - ERROR - [Path '/addressDTO/address2'] Instance type (boolean) does not match any allowed primitive type (allowed: [""null"",""string""]): []
"
147eef42-f6ed-4136-8f9b-d064a9da083c,b1d707c5-b559-4a39-8fa1-79da50048a63,false,"[OAS] [OAS] validation failed:
 - ERROR - [Path '/addressDTO/city'] Instance type (array) does not match any allowed primitive type (allowed: [""null"",""string""]): []
"
147eef42-f6ed-4136-8f9b-d064a9da083c,ee1a0611-3096-4783-9a3f-785822e020af,true,
147eef42-f6ed-4136-8f9b-d064a9da083c,d6c3df37-ae5a-4423-99d2-eb08a5f2382d,true,
147eef42-f6ed-4136-8f9b-d064a9da083c,6093928f-9aa1-4c7f-a04b-5387f27a02c9,false,"[OAS] [OAS] validation failed:
 - ERROR - [Path '/roles'] Instance type (number) does not match any allowed primitive type (allowed: [""array""]): []
"
147eef42-f6ed-4136-8f9b-d064a9da083c,0c306562-8a9c-49f5-824e-9036637ea4cb,false,"[OAS] [OAS] validation failed:
 - ERROR - [Path '/roles/0'] Instance type (array) does not match any allowed primitive type (allowed: [""string""]): []
"
147eef42-f6ed-4136-8f9b-d064a9da083c,c9b0803f-b07a-4835-b5fd-4e3b744f2bf8,true,
147eef42-f6ed-4136-8f9b-d064a9da083c,df68c0ed-f6ea-455a-9cf1-a66c45a308c3,true,
147eef42-f6ed-4136-8f9b-d064a9da083c,d38100fe-1ff4-4e13-a753-e693513785c9,true,
f3e30e6c-d7b9-47d7-b20b-dbb49b453336,6b0e9e47-77b0-469a-9da2-0a2968d4e639,false,[NO_5XX] Unexpected 5XX response: 503
f3e30e6c-d7b9-47d7-b20b-dbb49b453336,576ff0b2-6f3e-4b92-81f4-6932bb463c69,true,
f3e30e6c-d7b9-47d7-b20b-dbb49b453336,2f8357dc-b6d9-480e-80ec-8f7cc683b92d,true,
f3e30e6c-d7b9-47d7-b20b-dbb49b453336,0ea1ed7b-2e70-41c2-af4a-fd59fb2ab1a9,true,
f3e30e6c-d7b9-47d7-b20b-dbb49b453336,a7e36377-846b-4252-8252-fbc9c0b482eb,false,"[OAS] [OAS] validation failed:
 - ERROR - [Path '/id'] Instance type (number) does not match any allowed primitive type (allowed: [""integer""]): []
"
f3e30e6c-d7b9-47d7-b20b-dbb49b453336,a7f1899b-c142-4d9e-ac64-b5c6b7668c66,false,"[OAS] [OAS] validation failed:
 - ERROR - [Path '/username'] Instance type (null) does not match any allowed primitive type (allowed: [""string""]): []
"
f3e30e6c-d7b9-47d7-b20b-dbb49b453336,49be67df-4aae-4485-ac7e-ed76f7d2651e,false,"[OAS] [OAS] validation failed:
 - ERROR - [Path '/name'] Instance type (null) does not match any allowed primitive type (allowed: [""string""]): []
"
f3e30e6c-d7b9-47d7-b20b-dbb49b453336,e6c42c43-c9ed-4c13-a00a-97bc7b46a7fa,true,
f3e30e6c-d7b9-47d7-b20b-dbb49b453336,13692c91-aaf3-443e-a4f7-2e7adbc51fd8,false,"[OAS] [OAS] validation failed:
 - ERROR - [Path '/gender'] Instance type (null) does not match any allowed primitive type (allowed: [""string""]): []
"
f3e30e6c-d7b9-47d7-b20b-dbb49b453336,341c8667-9b2b-4573-8433-e31d1e99d31a,true,
f3e30e6c-d7b9-47d7-b20b-dbb49b453336,c03da511-25bc-4bb1-812a-ed49673a0bca,false,"[OAS] [OAS] validation failed:
 - ERROR - [Path '/enabled'] Instance type (number) does not match any allowed primitive type (allowed: [""boolean""]): []
"
f3e30e6c-d7b9-47d7-b20b-dbb49b453336,8ae94a6b-7e47-429e-9d2f-c491147df294,true,
f3e30e6c-d7b9-47d7-b20b-dbb49b453336,fc8b3925-b7df-4cd3-ad71-7b3cfaa8fa27,false,"[OAS] [OAS] validation failed:
 - ERROR - [Path '/loginDt'] Instance type (number) does not match any allowed primitive type (allowed: [""null"",""string""]): []
"
f3e30e6c-d7b9-47d7-b20b-dbb49b453336,0a0c7d9a-1eb8-4c7e-b345-19e0c8b25f32,true,
f3e30e6c-d7b9-47d7-b20b-dbb49b453336,9a1c4e10-b1d5-44aa-9cc2-bda9cefbb500,false,"[OAS] [OAS] validation failed:
 - ERROR - [Path '/contactDTO'] Instance type (number) does not match any allowed primitive type (allowed: [""object""]): []
"
f3e30e6c-d7b9-47d7-b20b-dbb49b453336,c94e6e49-0472-4e10-908d-f067c53c4d13,true,
f3e30e6c-d7b9-47d7-b20b-dbb49b453336,0f039cfa-923b-42b2-aa75-a48f1b98c229,true,
f3e30e6c-d7b9-47d7-b20b-dbb49b453336,6fec9ffd-3a0e-4881-8f11-a38843e5806f,false,"[OAS] [OAS] validation failed:
 - ERROR - [Path '/contactDTO/skype'] Instance type (object) does not match any allowed primitive type (allowed: [""null"",""string""]): []
"
f3e30e6c-d7b9-47d7-b20b-dbb49b453336,aeeda5da-780b-4dff-8fbf-0ae5e9af903f,false,"[OAS] [OAS] validation failed:
 - ERROR - [Path '/contactDTO/facebook'] Instance type (object) does not match any allowed primitive type (allowed: [""null"",""string""]): []
"
f3e30e6c-d7b9-47d7-b20b-dbb49b453336,f99708ad-c24f-45b7-a294-b5686589658b,true,
f3e30e6c-d7b9-47d7-b20b-dbb49b453336,b880ff08-e205-46da-8e7c-9842a5d2d8bc,true,
f3e30e6c-d7b9-47d7-b20b-dbb49b453336,cd29ff0a-d3f9-4e82-b66a-525fbe90ccb6,false,"[OAS] [OAS] validation failed:
 - ERROR - [Path '/contactDTO/contactNote'] Instance type (boolean) does not match any allowed primitive type (allowed: [""null"",""string""]): []
"
f3e30e6c-d7b9-47d7-b20b-dbb49b453336,afe7a8f1-423f-49e2-a08c-34d05f0db1e4,false,"[OAS] [OAS] validation failed:
 - ERROR - [Path '/addressDTO'] Instance type (array) does not match any allowed primitive type (allowed: [""object""]): []
"
f3e30e6c-d7b9-47d7-b20b-dbb49b453336,c9b2e7cf-2f68-44c9-98bc-823c125a1449,true,
f3e30e6c-d7b9-47d7-b20b-dbb49b453336,1054f2ed-97e1-4640-8611-45d1d6c3146b,true,
f3e30e6c-d7b9-47d7-b20b-dbb49b453336,99efcae6-1584-4680-9514-576be2082f53,true,
f3e30e6c-d7b9-47d7-b20b-dbb49b453336,5c16a4ae-50c1-4a21-a1a1-508833537c0f,false,"[OAS] [OAS] validation failed:
 - ERROR - [Path '/addressDTO/country'] Instance type (array) does not match any allowed primitive type (allowed: [""null"",""string""]): []
"
f3e30e6c-d7b9-47d7-b20b-dbb49b453336,35fcbbba-5d82-4be8-a40c-efaf0407b19c,false,"[OAS] [OAS] validation failed:
 - ERROR - [Path '/addressDTO/zipCode'] Instance type (array) does not match any allowed primitive type (allowed: [""null"",""string""]): []
"
f3e30e6c-d7b9-47d7-b20b-dbb49b453336,41e012bc-b83c-4f87-8302-a7eab6b17328,false,"[OAS] [OAS] validation failed:
 - ERROR - [Path '/roles'] Instance type (null) does not match any allowed primitive type (allowed: [""array""]): []
"
f3e30e6c-d7b9-47d7-b20b-dbb49b453336,3c6f0d93-9488-428d-8fcc-258a5fd130e8,true,
f3e30e6c-d7b9-47d7-b20b-dbb49b453336,b5f697e9-0ba5-4f04-90fe-22bb54bcdbce,true,
f3e30e6c-d7b9-47d7-b20b-dbb49b453336,44b79ce7-19ae-4d44-ab4d-83e536f42e41,false,"[OAS] [OAS] validation failed:
 - ERROR - [Path '/permissions/0'] Instance type (boolean) does not match any allowed primitive type (allowed: [""string""]): []
"
f3e30e6c-d7b9-47d7-b20b-dbb49b453336,16cac59b-4992-41a5-9e78-fb11da0c2982,true,
1a32b2ee-62e2-4388-a6fc-10d59fd4d54b,4dca5581-7c75-429d-bde2-62fe826eac31,false,[NO_5XX] Unexpected 5XX response: 500
1a32b2ee-62e2-4388-a6fc-10d59fd4d54b,2842d65e-a87a-4f9a-bdd4-914743fece36,true,
1a32b2ee-62e2-4388-a6fc-10d59fd4d54b,f063232f-0608-41d6-ba28-ddf1b5d664cf,true,
1a32b2ee-62e2-4388-a6fc-10d59fd4d54b,6bb28d2f-ba0a-4f2d-aa36-b184065f2279,false,"[OAS] [OAS] validation failed:
 - ERROR - Object instance has properties which are not allowed by the schema: [""randomBoolean1""]: []
"
1a32b2ee-62e2-4388-a6fc-10d59fd4d54b,c3e04efe-fd75-4636-9b45-23b659e60f36,false,"[OAS] [OAS] validation failed:
 - ERROR - [Path '/id'] Instance type (null) does not match any allowed primitive type (allowed: [""integer""]): []
"
1a32b2ee-62e2-4388-a6fc-10d59fd4d54b,e3b146b0-df5c-456e-87d0-37d6dcd9b3f2,true,
1a32b2ee-62e2-4388-a6fc-10d59fd4d54b,211551e3-0b5b-4a85-bae5-e3236fcd1125,false,"[OAS] [OAS] validation failed:
 - ERROR - [Path '/name'] Instance type (null) does not match any allowed primitive type (allowed: [""string""]): []
"
1a32b2ee-62e2-4388-a6fc-10d59fd4d54b,a394b107-10d8-442b-b8fd-200b0248178c,false,"[OAS] [OAS] validation failed:
 - ERROR - [Path '/surname'] Instance type (object) does not match any allowed primitive type (allowed: [""null"",""string""]): []
"
1a32b2ee-62e2-4388-a6fc-10d59fd4d54b,d7d2e257-b7d7-4700-aa9e-7217a630407e,false,"[OAS] [OAS] validation failed:
 - ERROR - [Path '/gender'] Instance type (array) does not match any allowed primitive type (allowed: [""string""]): []
"
1a32b2ee-62e2-4388-a6fc-10d59fd4d54b,0b62877b-a66f-4e80-9dff-0234234fe3db,false,"[OAS] [OAS] validation failed:
 - ERROR - [Path '/birthDate'] String ""200/*0-07-15"" is invalid against requested date format(s) yyyy-MM-dd: []
"
1a32b2ee-62e2-4388-a6fc-10d59fd4d54b,bd507d2a-4b18-4e7a-b5af-cf1d837d581c,false,"[OAS] [OAS] validation failed:
 - ERROR - [Path '/enabled'] Instance type (null) does not match any allowed primitive type (allowed: [""boolean""]): []
"
1a32b2ee-62e2-4388-a6fc-10d59fd4d54b,d5d35638-e637-4492-9c72-b3eb791a8486,true,
1a32b2ee-62e2-4388-a6fc-10d59fd4d54b,f3111802-265c-4852-b89a-0bfa999d5573,false,"[OAS] [OAS] validation failed:
 - ERROR - [Path '/loginDt'] Instance type (number) does not match any allowed primitive type (allowed: [""null"",""string""]): []
"
1a32b2ee-62e2-4388-a6fc-10d59fd4d54b,385ba06f-ecdc-4f72-aa5d-21af6a5947ea,false,"[OAS] [OAS] validation failed:
 - ERROR - [Path '/secured'] Instance type (object) does not match any allowed primitive type (allowed: [""boolean""]): []
"
1a32b2ee-62e2-4388-a6fc-10d59fd4d54b,e1819f2b-3631-4bff-8d0f-6289fc809d7a,false,"[OAS] [OAS] validation failed:
 - ERROR - [Path '/contactDTO'] Instance type (number) does not match any allowed primitive type (allowed: [""object""]): []
"
1a32b2ee-62e2-4388-a6fc-10d59fd4d54b,90d9cb37-fcf1-4408-ada9-74e30002cdc9,true,
1a32b2ee-62e2-4388-a6fc-10d59fd4d54b,b341c09f-5377-4f49-a06c-38f82b9e4a43,true,
1a32b2ee-62e2-4388-a6fc-10d59fd4d54b,fb41f54b-5a01-4add-b9ef-364f81f98e40,true,
1a32b2ee-62e2-4388-a6fc-10d59fd4d54b,2b475082-8831-4328-bc3b-c9f8c04c003a,true,
1a32b2ee-62e2-4388-a6fc-10d59fd4d54b,fb2ffbce-6f8d-42c6-bd99-f2e59d3d1b38,false,"[OAS] [OAS] validation failed:
 - ERROR - [Path '/contactDTO/linkedin'] Instance type (object) does not match any allowed primitive type (allowed: [""null"",""string""]): []
"
1a32b2ee-62e2-4388-a6fc-10d59fd4d54b,911d6c46-f32e-4380-8913-d630373d2e8b,true,
1a32b2ee-62e2-4388-a6fc-10d59fd4d54b,c320c4a2-4a9a-499d-bfcb-3f4028fa81dd,true,
1a32b2ee-62e2-4388-a6fc-10d59fd4d54b,1b4bb67a-0506-4e46-a65f-e668194f47b4,false,"[OAS] [OAS] validation failed:
 - ERROR - [Path '/addressDTO'] Object instance has properties which are not allowed by the schema: [""randomArray3"",""randomLong2"",""randomObject1"",""randomObject4""]: []
"
1a32b2ee-62e2-4388-a6fc-10d59fd4d54b,d3bb3865-c412-4143-bbf8-0130dfa7a896,true,
1a32b2ee-62e2-4388-a6fc-10d59fd4d54b,aedac6e2-2f1a-44b4-add4-1977f928548a,false,"[OAS] [OAS] validation failed:
 - ERROR - [Path '/addressDTO/address2'] Instance type (integer) does not match any allowed primitive type (allowed: [""null"",""string""]): []
"
1a32b2ee-62e2-4388-a6fc-10d59fd4d54b,d688156f-3196-47bb-924a-7dd6c8600ea6,false,"[OAS] [OAS] validation failed:
 - ERROR - [Path '/addressDTO/city'] Instance type (object) does not match any allowed primitive type (allowed: [""null"",""string""]): []
"
1a32b2ee-62e2-4388-a6fc-10d59fd4d54b,a12f6651-912d-442f-ab36-c6831163f0a4,true,
1a32b2ee-62e2-4388-a6fc-10d59fd4d54b,533f1d33-dff7-4427-adf0-0e2e1410d5a0,false,"[OAS] [OAS] validation failed:
 - ERROR - [Path '/addressDTO/zipCode'] Instance type (array) does not match any allowed primitive type (allowed: [""null"",""string""]): []
"
1a32b2ee-62e2-4388-a6fc-10d59fd4d54b,9d46676d-56ec-4123-a4a2-e3f892725493,false,"[OAS] [OAS] validation failed:
 - ERROR - [Path '/roles'] Instance type (null) does not match any allowed primitive type (allowed: [""array""]): []
"
1a32b2ee-62e2-4388-a6fc-10d59fd4d54b,6387edf9-b6e6-4b46-b878-4c370c6932e9,false,"[OAS] [OAS] validation failed:
 - ERROR - [Path '/roles/0'] Instance type (array) does not match any allowed primitive type (allowed: [""string""]): []
"
1a32b2ee-62e2-4388-a6fc-10d59fd4d54b,aeeb8f27-6472-4657-bead-e53399578bbb,true,
1a32b2ee-62e2-4388-a6fc-10d59fd4d54b,a4cc0903-ff0b-428f-8570-fe04b4607519,true,
1a32b2ee-62e2-4388-a6fc-10d59fd4d54b,a30242b1-222f-4bbc-a013-03a0e583cc59,true,
d5e70740-d063-4446-a5f1-163682903411,463b8a3e-48c5-4859-9f7e-7f9c021a00dd,false,"[OAS] [OAS] validation failed:
 - ERROR - Response status 409 not defined for path '/users/{id}'.: []
"
d5e70740-d063-4446-a5f1-163682903411,1a29d69c-e5dd-4de0-96b6-14bdaaad6f53,true,
d5e70740-d063-4446-a5f1-163682903411,946062c8-1419-45e1-9f2e-416cb428c3de,true,
d5e70740-d063-4446-a5f1-163682903411,d0fd434d-2c33-4f9a-aeb2-b82645fd37fe,true,
d5e70740-d063-4446-a5f1-163682903411,4de32fc7-b878-45f3-ba0c-af9b2129e0c9,true,
d5e70740-d063-4446-a5f1-163682903411,e64975f0-c1e2-4153-bf58-13cbdcb62057,false,"[OAS] [OAS] validation failed:
 - ERROR - [Path '/username'] Instance type (null) does not match any allowed primitive type (allowed: [""string""]): []
"
d5e70740-d063-4446-a5f1-163682903411,3fd8a3c5-fd68-438d-bbae-2c16efbf2f47,false,"[OAS] [OAS] validation failed:
 - ERROR - [Path '/name'] Instance type (null) does not match any allowed primitive type (allowed: [""string""]): []
"
d5e70740-d063-4446-a5f1-163682903411,8f9086ea-a97d-4c85-b767-7565087f8f68,true,
d5e70740-d063-4446-a5f1-163682903411,6293a1ef-4143-420a-8543-10fc565809ba,false,"[OAS] [OAS] validation failed:
 - ERROR - [Path '/gender'] Instance type (array) does not match any allowed primitive type (allowed: [""string""]): []
"
d5e70740-d063-4446-a5f1-163682903411,12837990-0ad4-427a-90e4-7d5aa4b1a1de,true,
d5e70740-d063-4446-a5f1-163682903411,e22643a6-0488-47ee-b4aa-caf85a4dc092,false,"[OAS] [OAS] validation failed:
 - ERROR - [Path '/enabled'] Instance type (null) does not match any allowed primitive type (allowed: [""boolean""]): []
"
d5e70740-d063-4446-a5f1-163682903411,ba9a8d11-4d10-4017-a4df-7df017912bc7,true,
d5e70740-d063-4446-a5f1-163682903411,ee2b643c-8329-4936-ac9d-8856ca351559,false,"[OAS] [OAS] validation failed:
 - ERROR - [Path '/loginDt'] Instance type (number) does not match any allowed primitive type (allowed: [""null"",""string""]): []
"
d5e70740-d063-4446-a5f1-163682903411,ebcd8e94-ccff-40c9-9cb9-e5dc9f6c3baa,false,"[OAS] [OAS] validation failed:
 - ERROR - [Path '/secured'] Instance type (object) does not match any allowed primitive type (allowed: [""boolean""]): []
"
d5e70740-d063-4446-a5f1-163682903411,c305077d-90fa-4ab7-aec2-2b681bc1deba,true,
d5e70740-d063-4446-a5f1-163682903411,3bf31ac4-665e-46ec-bdd2-f9049e8fc65e,false,"[OAS] [OAS] validation failed:
 - ERROR - [Path '/contactDTO/email'] Instance type (object) does not match any allowed primitive type (allowed: [""string""]): []
"
d5e70740-d063-4446-a5f1-163682903411,076383a6-61b2-44b3-9e8e-03be517c3bce,true,
d5e70740-d063-4446-a5f1-163682903411,0a1fed03-31cf-48ff-8170-bb53c6b80a55,true,
d5e70740-d063-4446-a5f1-163682903411,da7fe123-2dc9-4cce-9110-d75078db5522,true,
d5e70740-d063-4446-a5f1-163682903411,8600e552-1904-45ee-85f1-2b73e61a91e1,true,
d5e70740-d063-4446-a5f1-163682903411,e22e7243-b318-44e1-a06c-23628bc991db,true,
d5e70740-d063-4446-a5f1-163682903411,5fc6af5a-d7fa-4d93-9fea-2f96257eb96c,false,"[OAS] [OAS] validation failed:
 - ERROR - [Path '/contactDTO/contactNote'] Instance type (object) does not match any allowed primitive type (allowed: [""null"",""string""]): []
"
d5e70740-d063-4446-a5f1-163682903411,e7069eb0-2fda-47bb-9018-e25957d8ed5f,false,"[OAS] [OAS] validation failed:
 - ERROR - [Path '/addressDTO'] Instance type (null) does not match any allowed primitive type (allowed: [""object""]): []
"
d5e70740-d063-4446-a5f1-163682903411,5b51d2a1-c54d-4e34-b771-6717d2f58ced,true,
d5e70740-d063-4446-a5f1-163682903411,8d140344-01d0-491d-a8f9-86e1588b57bf,true,
d5e70740-d063-4446-a5f1-163682903411,4e2f9151-d7fb-4e70-84b2-25226db3db61,true,
d5e70740-d063-4446-a5f1-163682903411,a71bc979-d130-444f-b050-c4b930496376,false,"[OAS] [OAS] validation failed:
 - ERROR - [Path '/addressDTO/country'] Instance type (object) does not match any allowed primitive type (allowed: [""null"",""string""]): []
"
d5e70740-d063-4446-a5f1-163682903411,3e9d9362-45ae-43bc-b325-49fa986b539f,false,"[OAS] [OAS] validation failed:
 - ERROR - [Path '/addressDTO/zipCode'] Instance type (array) does not match any allowed primitive type (allowed: [""null"",""string""]): []
"
d5e70740-d063-4446-a5f1-163682903411,772cad75-c912-43b5-a326-7c4b137a801b,true,
d5e70740-d063-4446-a5f1-163682903411,f3baa737-187d-41b4-8216-0befa0dceb7a,false,"[OAS] [OAS] validation failed:
 - ERROR - [Path '/roles/0'] Instance type (null) does not match any allowed primitive type (allowed: [""string""]): []
"
d5e70740-d063-4446-a5f1-163682903411,6a557522-f0ba-4cae-b0cb-d47731b7a2a4,true,
d5e70740-d063-4446-a5f1-163682903411,45160050-5a9f-4ddf-bb97-98eb63a8da4e,true,
d5e70740-d063-4446-a5f1-163682903411,5cc8f14b-9bbb-4919-be05-0bb2318cf2bf,true,
d5e70740-d063-4446-a5f1-163682903411,bdcd2d0a-496e-4949-b6da-144b064b28fd,false,"[OAS] [OAS] validation failed:
 - ERROR - [Path '/permissions/1'] Instance type (object) does not match any allowed primitive type (allowed: [""string""]): []
"
d5e70740-d063-4446-a5f1-163682903411,d54c4e47-b8c8-4a1a-b2ca-029f73058910,false,"[OAS] [OAS] validation failed:
 - ERROR - [Path '/permissions/2'] Instance type (null) does not match any allowed primitive type (allowed: [""string""]): []
"
fabfcf15-2853-4df4-a0f3-f5f79e8e0229,2bb12f24-f830-4040-a697-9438b060283c,false,[NO_5XX] Unexpected 5XX response: 502
fabfcf15-2853-4df4-a0f3-f5f79e8e0229,2e98e861-dfc3-42a8-b93b-99d07f0baf0d,true,
fabfcf15-2853-4df4-a0f3-f5f79e8e0229,04027c54-2989-4655-8a81-b3a2adc68aae,true,
fabfcf15-2853-4df4-a0f3-f5f79e8e0229,19db4dff-fcd0-447c-be3d-1593c6216304,false,"[OAS] [OAS] validation failed:
 - ERROR - Object instance has properties which are not allowed by the schema: [""randomBoolean1""]: []
"
fabfcf15-2853-4df4-a0f3-f5f79e8e0229,db52be7e-f6b4-4300-9a5e-4458a5680393,true,
fabfcf15-2853-4df4-a0f3-f5f79e8e0229,737a7264-2445-444c-af33-d667c97efd63,true,
fabfcf15-2853-4df4-a0f3-f5f79e8e0229,b5cdb4d2-d68b-4dd2-afb9-8c3cb50d4aff,true,
fabfcf15-2853-4df4-a0f3-f5f79e8e0229,2489dd79-afa7-4d3e-b9a9-ca27cdc7fb3e,false,"[OAS] [OAS] validation failed:
 - ERROR - [Path '/surname'] Instance type (number) does not match any allowed primitive type (allowed: [""null"",""string""]): []
"
fabfcf15-2853-4df4-a0f3-f5f79e8e0229,06555c89-53ce-4bcf-9141-9f421aba260b,false,"[OAS] [OAS] validation failed:
 - ERROR - [Path '/gender'] Instance type (null) does not match any allowed primitive type (allowed: [""string""]): []
"
fabfcf15-2853-4df4-a0f3-f5f79e8e0229,d531a57d-fa54-4e93-8d70-f00641243df6,false,"[OAS] [OAS] validation failed:
 - ERROR - [Path '/birthDate'] Instance type (object) does not match any allowed primitive type (allowed: [""null"",""string""]): []
"
fabfcf15-2853-4df4-a0f3-f5f79e8e0229,d93c288a-60b1-40a5-821a-3d4ea751a3d1,true,
fabfcf15-2853-4df4-a0f3-f5f79e8e0229,126838f1-6368-4f7d-853c-745f4788f21f,true,
fabfcf15-2853-4df4-a0f3-f5f79e8e0229,6043e0a7-5740-44b3-aab2-b322d01ebaca,false,"[OAS] [OAS] validation failed:
 - ERROR - [Path '/loginDt'] Instance type (object) does not match any allowed primitive type (allowed: [""null"",""string""]): []
"
fabfcf15-2853-4df4-a0f3-f5f79e8e0229,ed3184e5-b53b-444c-a727-abcd5e898157,true,
fabfcf15-2853-4df4-a0f3-f5f79e8e0229,aeedbc72-a125-4a1a-acde-acc524ef78a9,false,"[OAS] [OAS] validation failed:
 - ERROR - [Path '/contactDTO'] Instance type (number) does not match any allowed primitive type (allowed: [""object""]): []
"
fabfcf15-2853-4df4-a0f3-f5f79e8e0229,9c4be5f9-8204-4831-a8ab-0402588c249f,true,
fabfcf15-2853-4df4-a0f3-f5f79e8e0229,12246c5f-e5df-4d0c-8239-916245b0ed5e,false,"[OAS] [OAS] validation failed:
 - ERROR - [Path '/contactDTO/phone'] Instance type (array) does not match any allowed primitive type (allowed: [""null"",""string""]): []
"
fabfcf15-2853-4df4-a0f3-f5f79e8e0229,410b2a2b-02b5-44a3-b834-763e749db9e3,true,
fabfcf15-2853-4df4-a0f3-f5f79e8e0229,2e48d492-8f52-48fc-9609-14436a2906f7,false,"[OAS] [OAS] validation failed:
 - ERROR - [Path '/contactDTO/facebook'] Instance type (array) does not match any allowed primitive type (allowed: [""null"",""string""]): []
"
fabfcf15-2853-4df4-a0f3-f5f79e8e0229,73d04de5-7794-4539-bbaa-b4dcf423659b,false,"[OAS] [OAS] validation failed:
 - ERROR - [Path '/contactDTO/linkedin'] Instance type (integer) does not match any allowed primitive type (allowed: [""null"",""string""]): []
"
fabfcf15-2853-4df4-a0f3-f5f79e8e0229,d83b5174-e29b-427b-a5f7-107136eaef69,true,
fabfcf15-2853-4df4-a0f3-f5f79e8e0229,10617a79-45d2-4a97-bc0c-dc052db5290f,true,
fabfcf15-2853-4df4-a0f3-f5f79e8e0229,86a83c38-144d-4bc4-a4ec-d72c5cc00367,true,
fabfcf15-2853-4df4-a0f3-f5f79e8e0229,f1ac9c5f-d554-4b0f-8de9-7ca92407f10c,true,
fabfcf15-2853-4df4-a0f3-f5f79e8e0229,0130e593-c027-4c70-b7ad-314c9af5f09e,false,"[OAS] [OAS] validation failed:
 - ERROR - [Path '/addressDTO/address2'] Instance type (array) does not match any allowed primitive type (allowed: [""null"",""string""]): []
"
fabfcf15-2853-4df4-a0f3-f5f79e8e0229,761ac59c-72f0-4864-a56e-34012528dee4,true,
fabfcf15-2853-4df4-a0f3-f5f79e8e0229,83824cb1-974b-43f1-a50f-cc6809fb026a,true,
fabfcf15-2853-4df4-a0f3-f5f79e8e0229,db5f5245-a076-46dc-8301-a3cd12e52cee,false,"[OAS] [OAS] validation failed:
 - ERROR - [Path '/addressDTO/zipCode'] Instance type (integer) does not match any allowed primitive type (allowed: [""null"",""string""]): []
"
fabfcf15-2853-4df4-a0f3-f5f79e8e0229,fd697ac1-797f-4b28-9d35-3a1c6c391118,false,"[OAS] [OAS] validation failed:
 - ERROR - [Path '/roles/1'] Instance type (boolean) does not match any allowed primitive type (allowed: [""string""]): []
"
fabfcf15-2853-4df4-a0f3-f5f79e8e0229,025b0bd3-5aed-4548-8f16-2c03a0406378,true,
fabfcf15-2853-4df4-a0f3-f5f79e8e0229,6ffafe6a-700c-4410-a0be-06b7d73d1aec,true,
fabfcf15-2853-4df4-a0f3-f5f79e8e0229,aa85826c-b243-47e3-9b92-1bb23e703464,false,"[OAS] [OAS] validation failed:
 - ERROR - [Path '/permissions/0'] Instance type (array) does not match any allowed primitive type (allowed: [""string""]): []
"
fabfcf15-2853-4df4-a0f3-f5f79e8e0229,1a0c90a3-e226-4a2b-94c8-bc8e4fe14bcf,false,"[OAS] [OAS] validation failed:
 - ERROR - [Path '/permissions/1'] Instance type (array) does not match any allowed primitive type (allowed: [""string""]): []
"
9e6eee91-b9b9-45dd-ac0e-2321542b5348,b8f881a1-4fd7-4040-968b-4b0b1c591c3a,false,[NO_5XX] Unexpected 5XX response: 503
9e6eee91-b9b9-45dd-ac0e-2321542b5348,cce499c0-3898-443e-8681-023075ad769b,true,
9e6eee91-b9b9-45dd-ac0e-2321542b5348,a76d4467-fff6-4bdc-ae63-e75ec4c6d891,true,
9e6eee91-b9b9-45dd-ac0e-2321542b5348,5ad0666e-d8dd-44bd-b5aa-be2567fdecab,true,
9e6eee91-b9b9-45dd-ac0e-2321542b5348,3e730b8e-3815-4ebc-b866-d6877727a2fd,true,
9e6eee91-b9b9-45dd-ac0e-2321542b5348,ca57b9b2-5b11-4207-a5e6-898f394a939e,true,
9e6eee91-b9b9-45dd-ac0e-2321542b5348,0d7e2d3b-dd1c-4244-8694-d196b61a267d,false,"[OAS] [OAS] validation failed:
 - ERROR - [Path '/name'] Instance type (object) does not match any allowed primitive type (allowed: [""string""]): []
"
9e6eee91-b9b9-45dd-ac0e-2321542b5348,e3ff88b1-c758-4e11-97c6-4ecf4dc94f74,false,"[OAS] [OAS] validation failed:
 - ERROR - [Path '/surname'] Instance type (number) does not match any allowed primitive type (allowed: [""null"",""string""]): []
"
9e6eee91-b9b9-45dd-ac0e-2321542b5348,9e447cfd-ffd5-4069-b6f1-6c470b52344a,false,"[OAS] [OAS] validation failed:
 - ERROR - [Path '/gender'] Instance type (null) does not match any allowed primitive type (allowed: [""string""]): []
"
9e6eee91-b9b9-45dd-ac0e-2321542b5348,8e2e54da-9c63-4459-9946-84cc058e7b80,false,"[OAS] [OAS] validation failed:
 - ERROR - [Path '/birthDate'] String ""EJEMPLO MAYUS"" is invalid against requested date format(s) yyyy-MM-dd: []
"
9e6eee91-b9b9-45dd-ac0e-2321542b5348,c4179951-3fc1-4862-b36a-4a1828475936,false,"[OAS] [OAS] validation failed:
 - ERROR - [Path '/enabled'] Instance type (number) does not match any allowed primitive type (allowed: [""boolean""]): []
"
9e6eee91-b9b9-45dd-ac0e-2321542b5348,b49526ae-4457-4c8f-ba53-fb45211c6403,true,
9e6eee91-b9b9-45dd-ac0e-2321542b5348,e92abac5-61ea-4405-bf18-c6d16b46cc31,false,"[OAS] [OAS] validation failed:
 - ERROR - [Path '/loginDt'] Instance type (object) does not match any allowed primitive type (allowed: [""null"",""string""]): []
"
9e6eee91-b9b9-45dd-ac0e-2321542b5348,1848fd74-4fc6-4bcf-bdd1-e04bcd3dbda9,false,"[OAS] [OAS] validation failed:
 - ERROR - [Path '/secured'] Instance type (null) does not match any allowed primitive type (allowed: [""boolean""]): []
"
9e6eee91-b9b9-45dd-ac0e-2321542b5348,8f7e358a-c541-4f7d-88d1-87e082f0df6a,false,"[OAS] [OAS] validation failed:
 - ERROR - [Path '/contactDTO'] Object instance has properties which are not allowed by the schema: [""randomBoolean1"",""randomObject2""]: []
"
9e6eee91-b9b9-45dd-ac0e-2321542b5348,4b4c53cc-1bba-4626-bc7c-af77a08984a5,true,
9e6eee91-b9b9-45dd-ac0e-2321542b5348,dfa7f838-4354-40b8-ab0f-58da2e3110b1,true,
9e6eee91-b9b9-45dd-ac0e-2321542b5348,be016e8b-bbf8-4bf1-9d40-5365ad2119c6,true,
9e6eee91-b9b9-45dd-ac0e-2321542b5348,7d645b35-5d98-419c-83b9-79e6a4fbfe69,true,
9e6eee91-b9b9-45dd-ac0e-2321542b5348,6cf6c7b1-ccf9-4630-a933-8cfee0a3e10d,true,
9e6eee91-b9b9-45dd-ac0e-2321542b5348,6631a814-78c8-439e-a5e7-d9b4f7a41250,false,"[OAS] [OAS] validation failed:
 - ERROR - [Path '/contactDTO/website'] Instance type (object) does not match any allowed primitive type (allowed: [""null"",""string""]): []
"
9e6eee91-b9b9-45dd-ac0e-2321542b5348,cc7f7463-28e5-483b-b4d3-be86efd31902,true,
9e6eee91-b9b9-45dd-ac0e-2321542b5348,638de085-3941-4918-8cc8-d0b5a43930db,false,"[OAS] [OAS] validation failed:
 - ERROR - [Path '/addressDTO'] Instance type (array) does not match any allowed primitive type (allowed: [""object""]): []
"
9e6eee91-b9b9-45dd-ac0e-2321542b5348,069a479f-c373-420e-9376-ea0e249f62be,true,
9e6eee91-b9b9-45dd-ac0e-2321542b5348,75c4fcea-0a8a-4cec-88d5-c4b2df244e15,true,
9e6eee91-b9b9-45dd-ac0e-2321542b5348,c5469b4a-7b8c-46e5-ba7b-ffba5fe71a58,true,
9e6eee91-b9b9-45dd-ac0e-2321542b5348,c39494d5-8e14-43b7-8947-f6b12f3ea5c7,true,
9e6eee91-b9b9-45dd-ac0e-2321542b5348,935aa474-7790-4b22-af99-69b14f72d1b7,true,
9e6eee91-b9b9-45dd-ac0e-2321542b5348,6b512998-c76c-4488-bf5f-f765e635061f,false,"[OAS] [OAS] validation failed:
 - ERROR - [Path '/roles/1'] Instance type (boolean) does not match any allowed primitive type (allowed: [""string""]): []
"
9e6eee91-b9b9-45dd-ac0e-2321542b5348,33fd5c4a-b963-44a0-94e6-f6a2d4bf78a3,true,
9e6eee91-b9b9-45dd-ac0e-2321542b5348,2aef20ee-6b5b-45af-8a17-9e1b16895f43,true,
9e6eee91-b9b9-45dd-ac0e-2321542b5348,87541911-5d5e-46d3-a0a9-818812fbbec9,true,
9e6eee91-b9b9-45dd-ac0e-2321542b5348,e9b00299-bc54-45be-af77-a2a3ec6e0e1e,true,
0ad9a1fe-3bff-4db5-96fc-36be223b8232,498b6e97-2cee-43bf-8aaa-2ec333aa41d3,false,"[OAS] [OAS] validation failed:
 - ERROR - Response status 204 not defined for path '/users/{id}'.: []
"
0ad9a1fe-3bff-4db5-96fc-36be223b8232,34c77603-abeb-4955-9c1d-124200ec1974,true,
0ad9a1fe-3bff-4db5-96fc-36be223b8232,6163de3b-28c4-459f-863f-8e0526f8cd57,true,
0ad9a1fe-3bff-4db5-96fc-36be223b8232,7f8c4ace-7999-4e1d-8f6b-a971ef08c3b2,true,
0ad9a1fe-3bff-4db5-96fc-36be223b8232,57f9481d-735e-4270-ac87-e8677c05d43f,false,"[OAS] [OAS] validation failed:
 - ERROR - [Path '/id'] Instance type (number) does not match any allowed primitive type (allowed: [""integer""]): []
"
0ad9a1fe-3bff-4db5-96fc-36be223b8232,4c109773-7fc0-4308-872f-0bc6326f822b,false,"[OAS] [OAS] validation failed:
 - ERROR - [Path '/username'] Instance type (null) does not match any allowed primitive type (allowed: [""string""]): []
"
0ad9a1fe-3bff-4db5-96fc-36be223b8232,fa70da6d-48e5-4c46-bf6c-0afc2b4125d6,true,
0ad9a1fe-3bff-4db5-96fc-36be223b8232,57e829d3-2b9f-4e5e-b569-90d23e09e593,true,
0ad9a1fe-3bff-4db5-96fc-36be223b8232,c6ab2384-dd14-4af7-8b89-61fde877632e,false,"[OAS] [OAS] validation failed:
 - ERROR - [Path '/gender'] Instance type (null) does not match any allowed primitive type (allowed: [""string""]): []
"
0ad9a1fe-3bff-4db5-96fc-36be223b8232,65d3cd50-8988-40a3-8cd7-6b2ecd418612,false,"[OAS] [OAS] validation failed:
 - ERROR - [Path '/birthDate'] Instance type (number) does not match any allowed primitive type (allowed: [""null"",""string""]): []
"
0ad9a1fe-3bff-4db5-96fc-36be223b8232,4a32ee84-d19f-4a8e-a494-755eeeffdf37,false,"[OAS] [OAS] validation failed:
 - ERROR - [Path '/enabled'] Instance type (number) does not match any allowed primitive type (allowed: [""boolean""]): []
"
0ad9a1fe-3bff-4db5-96fc-36be223b8232,698deefd-9b13-440a-bfc8-9a14a729b61c,true,
0ad9a1fe-3bff-4db5-96fc-36be223b8232,a2997667-48b3-4351-8f54-119d6f8f9ca6,false,"[OAS] [OAS] validation failed:
 - ERROR - [Path '/loginDt'] Instance type (object) does not match any allowed primitive type (allowed: [""null"",""string""]): []
"
0ad9a1fe-3bff-4db5-96fc-36be223b8232,971e5d20-6582-49f7-88ce-6533d36ff3c3,true,
0ad9a1fe-3bff-4db5-96fc-36be223b8232,7da47349-6e68-457e-8084-3ce0d1a6e1a9,true,
0ad9a1fe-3bff-4db5-96fc-36be223b8232,68c2543b-200c-4a30-89cd-1f21a617d5fe,true,
0ad9a1fe-3bff-4db5-96fc-36be223b8232,ecfefd8d-59cd-4b40-be21-f4388c9c2b5d,true,
0ad9a1fe-3bff-4db5-96fc-36be223b8232,7d75113b-50fc-4471-8e05-dc270c3ebf44,false,"[OAS] [OAS] validation failed:
 - ERROR - [Path '/contactDTO/skype'] Instance type (object) does not match any allowed primitive type (allowed: [""null"",""string""]): []
"
0ad9a1fe-3bff-4db5-96fc-36be223b8232,e3c49b5a-3780-480a-8bd2-02ae127ab2f3,true,
0ad9a1fe-3bff-4db5-96fc-36be223b8232,63dbed13-0013-4502-a0c4-2e9116836e2b,false,"[OAS] [OAS] validation failed:
 - ERROR - [Path '/contactDTO/linkedin'] Instance type (array) does not match any allowed primitive type (allowed: [""null"",""string""]): []
"
0ad9a1fe-3bff-4db5-96fc-36be223b8232,b9ea1858-5c57-4180-937a-f78f0c2ca3a7,false,"[OAS] [OAS] validation failed:
 - ERROR - [Path '/contactDTO/website'] Instance type (integer) does not match any allowed primitive type (allowed: [""null"",""string""]): []
"
0ad9a1fe-3bff-4db5-96fc-36be223b8232,3a206f5f-f108-48f7-b1db-0f46febe5f1e,false,"[OAS] [OAS] validation failed:
 - ERROR - [Path '/contactDTO/contactNote'] Instance type (integer) does not match any allowed primitive type (allowed: [""null"",""string""]): []
"
0ad9a1fe-3bff-4db5-96fc-36be223b8232,5df257bd-5ccb-400b-9f1a-aeaf255053f4,false,"[OAS] [OAS] validation failed:
 - ERROR - [Path '/addressDTO'] Object instance has properties which are not allowed by the schema: [""randomArray3"",""randomLong2"",""randomObject1"",""randomObject4""]: []
"
0ad9a1fe-3bff-4db5-96fc-36be223b8232,3a4b629f-e317-4358-88c1-b9476fd1697c,true,
0ad9a1fe-3bff-4db5-96fc-36be223b8232,b5e8dc8c-7bb3-4b99-bf60-3a7b21ecfd98,true,
0ad9a1fe-3bff-4db5-96fc-36be223b8232,689ad1b1-f8d6-4fc3-9b59-d97be01d5734,true,
0ad9a1fe-3bff-4db5-96fc-36be223b8232,79b77c7a-8d6d-429a-9c16-1292a69ab6b8,false,"[OAS] [OAS] validation failed:
 - ERROR - [Path '/addressDTO/country'] Instance type (array) does not match any allowed primitive type (allowed: [""null"",""string""]): []
"
0ad9a1fe-3bff-4db5-96fc-36be223b8232,6d253899-5f20-463a-bce9-c9953a0e67ce,true,
0ad9a1fe-3bff-4db5-96fc-36be223b8232,997136c2-4fb2-450b-8b76-2b0d0a9ac7d7,false,"[OAS] [OAS] validation failed:
 - ERROR - [Path '/roles'] Instance type (null) does not match any allowed primitive type (allowed: [""array""]): []
"
0ad9a1fe-3bff-4db5-96fc-36be223b8232,252d58c8-52d4-455a-877f-54cbc9c62a32,true,
0ad9a1fe-3bff-4db5-96fc-36be223b8232,0daa781e-89ab-41db-beca-8ece4e428dd8,true,
0ad9a1fe-3bff-4db5-96fc-36be223b8232,584a28f0-d4f2-4be4-b03d-2128694cd3e0,true,
0ad9a1fe-3bff-4db5-96fc-36be223b8232,0dfe2261-9aeb-488e-88d5-2b9c30809160,false,"[OAS] [OAS] validation failed:
 - ERROR - [Path '/permissions/1'] Instance type (null) does not match any allowed primitive type (allowed: [""string""]): []
"
2fce557f-ea9c-499b-94af-e5cdb36f768f,b38fa5c4-888f-409d-b6bd-ef1ee4b8153b,false,[NO_5XX] Unexpected 5XX response: 504
2fce557f-ea9c-499b-94af-e5cdb36f768f,91132fd2-e649-404a-b6e1-b9fdb9ed118b,true,
2fce557f-ea9c-499b-94af-e5cdb36f768f,d272c27e-1880-4208-8f6a-6ef56bf89d50,true,
2fce557f-ea9c-499b-94af-e5cdb36f768f,54138ca0-92c7-4d4c-97f4-8ff0886c4f7a,true,
2fce557f-ea9c-499b-94af-e5cdb36f768f,e2970398-1ffa-4c59-84fe-64f11ad20664,false,"[OAS] [OAS] validation failed:
 - ERROR - [Path '/id'] Instance type (number) does not match any allowed primitive type (allowed: [""integer""]): []
"
2fce557f-ea9c-499b-94af-e5cdb36f768f,c3de5366-fce8-42c6-86c4-9998491313bb,true,
2fce557f-ea9c-499b-94af-e5cdb36f768f,2d7d58c4-6589-407c-a188-61c2609a9945,false,"[OAS] [OAS] validation failed:
 - ERROR - [Path '/name'] Instance type (null) does not match any allowed primitive type (allowed: [""string""]): []
"
2fce557f-ea9c-499b-94af-e5cdb36f768f,d374e494-5d85-431b-b5ba-6a846cf3e4fb,false,"[OAS] [OAS] validation failed:
 - ERROR - [Path '/surname'] Instance type (number) does not match any allowed primitive type (allowed: [""null"",""string""]): []
"
2fce557f-ea9c-499b-94af-e5cdb36f768f,90b15dec-c7c8-42f0-9b9e-b5ed0992c737,false,"[OAS] [OAS] validation failed:
 - ERROR - [Path '/gender'] Instance type (null) does not match any allowed primitive type (allowed: [""string""]): []
"
2fce557f-ea9c-499b-94af-e5cdb36f768f,2f10d649-3ee3-43a6-8614-f9112cf9090b,false,"[OAS] [OAS] validation failed:
 - ERROR - [Path '/birthDate'] String ""M+ph6MCeH"" is invalid against requested date format(s) yyyy-MM-dd: []
"
2fce557f-ea9c-499b-94af-e5cdb36f768f,e8e6617e-97fe-43a6-bc3e-bb87e42bcd87,false,"[OAS] [OAS] validation failed:
 - ERROR - [Path '/enabled'] Instance type (null) does not match any allowed primitive type (allowed: [""boolean""]): []
"
2fce557f-ea9c-499b-94af-e5cdb36f768f,c11de676-7811-40c6-afe7-2955cb5bd126,false,"[OAS] [OAS] validation failed:
 - ERROR - [Path '/note'] Instance type (object) does not match any allowed primitive type (allowed: [""null"",""string""]): []
"
2fce557f-ea9c-499b-94af-e5cdb36f768f,2edeb4e0-30a5-413b-b6c3-4cebee972872,false,"[OAS] [OAS] validation failed:
 - ERROR - [Path '/loginDt'] Instance type (object) does not match any allowed primitive type (allowed: [""null"",""string""]): []
"
2fce557f-ea9c-499b-94af-e5cdb36f768f,bb70c77d-564b-4dd6-b56b-277c2d9cb1c9,false,"[OAS] [OAS] validation failed:
 - ERROR - [Path '/secured'] Instance type (object) does not match any allowed primitive type (allowed: [""boolean""]): []
"
2fce557f-ea9c-499b-94af-e5cdb36f768f,29a96e8b-dcda-4ec4-9387-fadcfe43f02a,true,
2fce557f-ea9c-499b-94af-e5cdb36f768f,25e5006d-34b5-432f-8464-e7aca51ad18e,true,
2fce557f-ea9c-499b-94af-e5cdb36f768f,b8b449ce-b3ba-4a48-9840-ed4f3b5a3e3e,true,
2fce557f-ea9c-499b-94af-e5cdb36f768f,d5e00b1f-771f-41d5-af5e-fb6621d8fba4,true,
2fce557f-ea9c-499b-94af-e5cdb36f768f,802fb1a5-c316-408f-a810-6107ef63b0e8,true,
2fce557f-ea9c-499b-94af-e5cdb36f768f,93a1e583-1406-4b2e-acef-6376001dfbd4,true,
2fce557f-ea9c-499b-94af-e5cdb36f768f,5b0f93b7-b7b9-442b-a76e-5dc1a924e9e6,false,"[OAS] [OAS] validation failed:
 - ERROR - [Path '/contactDTO/website'] Instance type (object) does not match any allowed primitive type (allowed: [""null"",""string""]): []
"
2fce557f-ea9c-499b-94af-e5cdb36f768f,b156cee8-3698-47c2-9216-c4fcbd0b339e,false,"[OAS] [OAS] validation failed:
 - ERROR - [Path '/contactDTO/contactNote'] Instance type (array) does not match any allowed primitive type (allowed: [""null"",""string""]): []
"
2fce557f-ea9c-499b-94af-e5cdb36f768f,2634a096-41e9-491f-a701-616ffd9267ed,true,
2fce557f-ea9c-499b-94af-e5cdb36f768f,db8e5d3a-9d66-43f4-a3cb-a1554d60dc7e,true,
2fce557f-ea9c-499b-94af-e5cdb36f768f,ea9bd78c-0a37-4abb-88d1-d79bacdcdc39,true,
2fce557f-ea9c-499b-94af-e5cdb36f768f,c5175ae9-1ecd-4e77-a23c-bc416ccaf5cf,true,
2fce557f-ea9c-499b-94af-e5cdb36f768f,cc49256c-168b-4dae-b0ff-cf956690311b,true,
2fce557f-ea9c-499b-94af-e5cdb36f768f,efa353fe-1dff-4b0a-b4da-23d649325aee,true,
2fce557f-ea9c-499b-94af-e5cdb36f768f,e262ff17-cf11-497d-b111-d8ce78cef174,false,"[OAS] [OAS] validation failed:
 - ERROR - [Path '/roles'] Instance type (null) does not match any allowed primitive type (allowed: [""array""]): []
"
2fce557f-ea9c-499b-94af-e5cdb36f768f,41245796-d104-45d7-8393-ae87613e3219,false,"[OAS] [OAS] validation failed:
 - ERROR - [Path '/roles/0'] Instance type (array) does not match any allowed primitive type (allowed: [""string""]): []
"
2fce557f-ea9c-499b-94af-e5cdb36f768f,cc7bb5e3-adcd-4337-8996-a0b72ca85cd6,false,"[OAS] [OAS] validation failed:
 - ERROR - [Path '/permissions'] Instance type (object) does not match any allowed primitive type (allowed: [""array""]): []
"
2fce557f-ea9c-499b-94af-e5cdb36f768f,7523fd30-2645-407b-b036-7fdba1edd8a0,false,"[OAS] [OAS] validation failed:
 - ERROR - [Path '/permissions/0'] Instance type (null) does not match any allowed primitive type (allowed: [""string""]): []
"
2fce557f-ea9c-499b-94af-e5cdb36f768f,44b88fcd-427b-4402-9122-bf57674ffb5b,false,"[OAS] [OAS] validation failed:
 - ERROR - [Path '/permissions/1'] Instance type (null) does not match any allowed primitive type (allowed: [""string""]): []
"
b047cc3e-e2f6-4925-8019-b6d8be62f21a,e4350b97-3607-419d-a2c2-6172b0695b76,false,"[OAS] [OAS] validation failed:
 - ERROR - Response status 200 not defined for path '/users/{id}'.: []
"
b047cc3e-e2f6-4925-8019-b6d8be62f21a,c6d13dc2-e369-42a1-80df-c7bd8797e758,true,
b047cc3e-e2f6-4925-8019-b6d8be62f21a,c059856d-f9e9-4402-a0fe-291db53e1e3f,true,
b047cc3e-e2f6-4925-8019-b6d8be62f21a,ce0b9b06-e7f8-4c91-8b5f-e7a53818b0c5,false,"[OAS] [OAS] validation failed:
 - ERROR - Object instance has properties which are not allowed by the schema: [""randomBoolean1""]: []
"
b047cc3e-e2f6-4925-8019-b6d8be62f21a,3363ff1b-b950-40f7-b6ab-4a4926f12023,false,"[OAS] [OAS] validation failed:
 - ERROR - [Path '/id'] Instance type (number) does not match any allowed primitive type (allowed: [""integer""]): []
"
b047cc3e-e2f6-4925-8019-b6d8be62f21a,3663327a-5b74-42a1-82b0-fb3bf39b28ae,false,"[OAS] [OAS] validation failed:
 - ERROR - [Path '/username'] Instance type (number) does not match any allowed primitive type (allowed: [""string""]): []
"
b047cc3e-e2f6-4925-8019-b6d8be62f21a,dbd32051-f491-4778-9aa4-aec02fbc1caf,false,"[OAS] [OAS] validation failed:
 - ERROR - [Path '/name'] Instance type (object) does not match any allowed primitive type (allowed: [""string""]): []
"
b047cc3e-e2f6-4925-8019-b6d8be62f21a,2c2be3e8-6184-439b-a883-29662a8a1c6b,false,"[OAS] [OAS] validation failed:
 - ERROR - [Path '/surname'] Instance type (object) does not match any allowed primitive type (allowed: [""null"",""string""]): []
"
b047cc3e-e2f6-4925-8019-b6d8be62f21a,57ddeead-f01c-4a46-bee7-03f3c87abc8e,true,
b047cc3e-e2f6-4925-8019-b6d8be62f21a,89107a48-ca07-4cca-a1c9-d74507830a76,false,"[OAS] [OAS] validation failed:
 - ERROR - [Path '/birthDate'] String ""199/*0-05-20"" is invalid against requested date format(s) yyyy-MM-dd: []
"
b047cc3e-e2f6-4925-8019-b6d8be62f21a,03cb4ad4-32a5-4040-849e-d21e2105b9d6,false,"[OAS] [OAS] validation failed:
 - ERROR - [Path '/enabled'] Instance type (null) does not match any allowed primitive type (allowed: [""boolean""]): []
"
b047cc3e-e2f6-4925-8019-b6d8be62f21a,573148a5-4f1d-485e-a97a-0a5983460e21,true,
b047cc3e-e2f6-4925-8019-b6d8be62f21a,d873a0c9-44ad-4eac-922d-3c59d2da301a,false,"[OAS] [OAS] validation failed:
 - ERROR - [Path '/loginDt'] Instance type (number) does not match any allowed primitive type (allowed: [""null"",""string""]): []
"
b047cc3e-e2f6-4925-8019-b6d8be62f21a,dc3403b6-0804-4f47-9eaa-18df77bedc7c,false,"[OAS] [OAS] validation failed:
 - ERROR - [Path '/secured'] Instance type (null) does not match any allowed primitive type (allowed: [""boolean""]): []
"
b047cc3e-e2f6-4925-8019-b6d8be62f21a,a07eaa78-4dfa-4a22-8b96-02dccb658960,true,
b047cc3e-e2f6-4925-8019-b6d8be62f21a,8aec1144-2c6e-41c4-af58-34867ce7944b,true,
b047cc3e-e2f6-4925-8019-b6d8be62f21a,bcee50a2-2dce-4e7f-8d40-c63933e755cd,true,
b047cc3e-e2f6-4925-8019-b6d8be62f21a,b49fd3ec-0d47-4af1-9384-2d768ac52105,false,"[OAS] [OAS] validation failed:
 - ERROR - [Path '/contactDTO/skype'] Instance type (integer) does not match any allowed primitive type (allowed: [""null"",""string""]): []
"
b047cc3e-e2f6-4925-8019-b6d8be62f21a,d8d380ec-d45f-471e-846c-a60b7365277b,false,"[OAS] [OAS] validation failed:
 - ERROR - [Path '/contactDTO/facebook'] Instance type (object) does not match any allowed primitive type (allowed: [""null"",""string""]): []
"
b047cc3e-e2f6-4925-8019-b6d8be62f21a,7b6786ca-a500-4fa5-8601-356fa77225a8,true,
b047cc3e-e2f6-4925-8019-b6d8be62f21a,36d773e4-bb29-458b-bfdf-1b5172a0fd8e,false,"[OAS] [OAS] validation failed:
 - ERROR - [Path '/contactDTO/website'] Instance type (boolean) does not match any allowed primitive type (allowed: [""null"",""string""]): []
"
b047cc3e-e2f6-4925-8019-b6d8be62f21a,877e9bfd-3212-4bd0-b52a-f8b4bb39ed4b,true,
b047cc3e-e2f6-4925-8019-b6d8be62f21a,2194fb5d-cfb7-492a-9f6a-f50473faa680,false,"[OAS] [OAS] validation failed:
 - ERROR - [Path '/addressDTO'] Object instance has properties which are not allowed by the schema: [""randomArray3"",""randomLong2"",""randomObject1"",""randomObject4""]: []
"
b047cc3e-e2f6-4925-8019-b6d8be62f21a,1de2669f-a885-49bb-b50f-6cfa475eef74,true,
b047cc3e-e2f6-4925-8019-b6d8be62f21a,0c1c0126-7589-4c21-a25e-be711dad769d,true,
b047cc3e-e2f6-4925-8019-b6d8be62f21a,6b02c60a-b409-44dd-9ec4-e11fe61f6df3,false,"[OAS] [OAS] validation failed:
 - ERROR - [Path '/addressDTO/city'] Instance type (object) does not match any allowed primitive type (allowed: [""null"",""string""]): []
"
b047cc3e-e2f6-4925-8019-b6d8be62f21a,156d517e-e985-4f9e-b56c-74612df2a24d,false,"[OAS] [OAS] validation failed:
 - ERROR - [Path '/addressDTO/country'] Instance type (array) does not match any allowed primitive type (allowed: [""null"",""string""]): []
"
b047cc3e-e2f6-4925-8019-b6d8be62f21a,3ee7f51f-7cd9-4945-9cfc-0a67229e1ef1,true,
b047cc3e-e2f6-4925-8019-b6d8be62f21a,1d4d2980-6738-42c1-9a82-77b3e700d37a,true,
b047cc3e-e2f6-4925-8019-b6d8be62f21a,bff22d6b-b3bf-4e32-8807-f3b2f88acb63,true,
b047cc3e-e2f6-4925-8019-b6d8be62f21a,c27a8e84-0259-4c24-b222-3224e49ea0a0,true,
b047cc3e-e2f6-4925-8019-b6d8be62f21a,1fdfe9b2-b32a-4ec9-9524-2ee4dcc8dc03,false,"[OAS] [OAS] validation failed:
 - ERROR - [Path '/permissions/0'] Instance type (array) does not match any allowed primitive type (allowed: [""string""]): []
"
b047cc3e-e2f6-4925-8019-b6d8be62f21a,fc978cce-6bff-43bd-8a7f-a1af146e87c7,true,
b82fdc19-fa16-4d7a-893c-3735d313ac65,7be6eb1a-65fd-442c-add8-1dcc566f1029,false,"[OAS] [OAS] validation failed:
 - ERROR - Response status 200 not defined for path '/users/{id}'.: []
"
b82fdc19-fa16-4d7a-893c-3735d313ac65,e300ece0-3023-4942-b4c8-e37325b04014,true,
b82fdc19-fa16-4d7a-893c-3735d313ac65,02b83a20-1922-4b9a-953d-2c21c82f28b3,true,
b82fdc19-fa16-4d7a-893c-3735d313ac65,fad8fea2-f7c3-424a-8036-f1c7ec5b8c26,true,
b82fdc19-fa16-4d7a-893c-3735d313ac65,4c0b5a7d-0432-480b-90f1-2391108dee7e,true,
b82fdc19-fa16-4d7a-893c-3735d313ac65,67692275-b81b-4d15-8163-c1d38b03005d,false,"[OAS] [OAS] validation failed:
 - ERROR - [Path '/username'] Instance type (number) does not match any allowed primitive type (allowed: [""string""]): []
"
b82fdc19-fa16-4d7a-893c-3735d313ac65,60bed987-d207-4b46-b668-5fd496c6aa6a,false,"[OAS] [OAS] validation failed:
 - ERROR - [Path '/name'] Instance type (null) does not match any allowed primitive type (allowed: [""string""]): []
"
b82fdc19-fa16-4d7a-893c-3735d313ac65,53435db8-949c-4ed7-8b60-88094e3dbdf1,false,"[OAS] [OAS] validation failed:
 - ERROR - [Path '/surname'] Instance type (number) does not match any allowed primitive type (allowed: [""null"",""string""]): []
"
b82fdc19-fa16-4d7a-893c-3735d313ac65,93bceb1a-8697-4034-9a72-a447d98403aa,true,
b82fdc19-fa16-4d7a-893c-3735d313ac65,9be2f834-ead9-456f-8093-4e06d1d972f0,false,"[OAS] [OAS] validation failed:
 - ERROR - [Path '/birthDate'] Instance type (object) does not match any allowed primitive type (allowed: [""null"",""string""]): []
"
b82fdc19-fa16-4d7a-893c-3735d313ac65,f1c1ba93-8763-4f1e-8084-67e5385726bd,true,
b82fdc19-fa16-4d7a-893c-3735d313ac65,17391cf5-6cc0-42e4-b410-f7e93e2dec6c,true,
b82fdc19-fa16-4d7a-893c-3735d313ac65,f9992131-bfd3-4e4c-855a-9410a840ef1f,false,"[OAS] [OAS] validation failed:
 - ERROR - [Path '/loginDt'] Instance type (object) does not match any allowed primitive type (allowed: [""null"",""string""]): []
"
b82fdc19-fa16-4d7a-893c-3735d313ac65,6e2f5a67-2511-4cc9-80a3-90636712acc5,false,"[OAS] [OAS] validation failed:
 - ERROR - [Path '/secured'] Instance type (null) does not match any allowed primitive type (allowed: [""boolean""]): []
"
b82fdc19-fa16-4d7a-893c-3735d313ac65,dd4e9d35-d45c-4b3c-a78a-a9497771f5cf,false,"[OAS] [OAS] validation failed:
 - ERROR - [Path '/contactDTO'] Instance type (null) does not match any allowed primitive type (allowed: [""object""]): []
"
b82fdc19-fa16-4d7a-893c-3735d313ac65,ac0dd99f-0c73-436e-8617-5bc778a72b36,false,"[OAS] [OAS] validation failed:
 - ERROR - [Path '/contactDTO/email'] Instance type (integer) does not match any allowed primitive type (allowed: [""string""]): []
"
b82fdc19-fa16-4d7a-893c-3735d313ac65,2bbe6215-bfad-47ce-bfb9-11d6a433c684,true,
b82fdc19-fa16-4d7a-893c-3735d313ac65,90ad13d1-d83d-4ba0-8168-daa22ba3a17c,true,
b82fdc19-fa16-4d7a-893c-3735d313ac65,7a09e530-bd59-472e-aba6-deb62c4a531a,true,
b82fdc19-fa16-4d7a-893c-3735d313ac65,4341f727-7381-4def-851e-0d09a571ea23,false,"[OAS] [OAS] validation failed:
 - ERROR - [Path '/contactDTO/linkedin'] Instance type (array) does not match any allowed primitive type (allowed: [""null"",""string""]): []
"
b82fdc19-fa16-4d7a-893c-3735d313ac65,3e2ceb83-0b88-4397-a44f-226ab13be3ce,true,
b82fdc19-fa16-4d7a-893c-3735d313ac65,3ee87791-2d8d-4208-b7d2-8048609f3ddd,false,"[OAS] [OAS] validation failed:
 - ERROR - [Path '/contactDTO/contactNote'] Instance type (integer) does not match any allowed primitive type (allowed: [""null"",""string""]): []
"
b82fdc19-fa16-4d7a-893c-3735d313ac65,fa2b3c5b-315a-44b8-8ef7-401c61e50180,false,"[OAS] [OAS] validation failed:
 - ERROR - [Path '/addressDTO'] Instance type (null) does not match any allowed primitive type (allowed: [""object""]): []
"
b82fdc19-fa16-4d7a-893c-3735d313ac65,6bd841ac-68a4-4dd2-b452-4df0d3b6c4e4,true,
b82fdc19-fa16-4d7a-893c-3735d313ac65,f7061fd0-b094-4d72-8bab-edb98d083e30,true,
b82fdc19-fa16-4d7a-893c-3735d313ac65,03e82105-50f9-4fc3-b35a-94196b6d39c9,false,"[OAS] [OAS] validation failed:
 - ERROR - [Path '/addressDTO/city'] Instance type (array) does not match any allowed primitive type (allowed: [""null"",""string""]): []
"
b82fdc19-fa16-4d7a-893c-3735d313ac65,954183b2-8395-47e0-b7f5-347e7feb2794,false,"[OAS] [OAS] validation failed:
 - ERROR - [Path '/addressDTO/country'] Instance type (object) does not match any allowed primitive type (allowed: [""null"",""string""]): []
"
b82fdc19-fa16-4d7a-893c-3735d313ac65,b45a3b1e-33a4-4403-ab09-3c7f67f4b461,true,
b82fdc19-fa16-4d7a-893c-3735d313ac65,19350ac1-0030-46bb-8b28-95915eb64e1e,false,"[OAS] [OAS] validation failed:
 - ERROR - [Path '/roles'] Instance type (number) does not match any allowed primitive type (allowed: [""array""]): []
"
b82fdc19-fa16-4d7a-893c-3735d313ac65,dc65c044-32d2-4cb1-87f2-5dc5c3cf1963,true,
b82fdc19-fa16-4d7a-893c-3735d313ac65,b03b562b-aea4-421f-b832-ce8c87568fa3,false,"[OAS] [OAS] validation failed:
 - ERROR - [Path '/permissions'] Instance type (object) does not match any allowed primitive type (allowed: [""array""]): []
"
b82fdc19-fa16-4d7a-893c-3735d313ac65,880a99c5-f7bd-45d1-984d-98c9d6743cc7,true,
b82fdc19-fa16-4d7a-893c-3735d313ac65,0b630e50-c554-4e4e-999e-ddb0a9f31f72,true,
6f97a8b7-b893-4cd9-b087-65e939f9fca1,a2e759bc-9a8a-458a-b1af-f593fe7a7404,false,"[OAS] [OAS] validation failed:
 - ERROR - Response status 200 not defined for path '/users/{id}'.: []
"
6f97a8b7-b893-4cd9-b087-65e939f9fca1,dc04d072-5ac0-444a-94e2-32e8acc7b3e0,false,"[OAS] [OAS] validation failed:
 - ERROR - Object instance has properties which are not allowed by the schema: [""{\""id\"":1,\""username\"":\""johndoe90\"",\""name\"":\""Bob\"",\""surname\"":\""Smith\"",\""gender\"":\""MALE\"",\""birthDate\"":\""1990-05-20\"",\""enabled\"":false,\""note\"":\""VIP customer\"",\""loginDt\"":null,\""secured\"":true,\""contactDTO\"":{\""email\"":\""john.doe@example.com\"",\""phone\"":\"" 86-13800138000\"",\""skype\"":null,\""facebook\"":null,\""linkedin\"":\""https://linkedin.com/in/alicesmith\"",\""website\"":null,\""contactNote\"":\""Urgent contact only\""},\""addressDTO\"":{\""address\"":\""456 High Road\"",\""address2\"":\""Suite 210\"",\""city\"":\""London\"",\""country\"":null,\""zipCode\"":\""100000\""},\""roles\"":[\""USER\"",\""ADMINISTRATOR\""],\""permissions\"":[\""LOGIN\"",\""VIEW_PROFILE\"",\""ADMIN_USER_DATA\""]}""]: []
"
6f97a8b7-b893-4cd9-b087-65e939f9fca1,9420bc5c-f0e8-4b62-83a7-561d57f4bed2,true,
6f97a8b7-b893-4cd9-b087-65e939f9fca1,4c06725c-ffc1-43a6-978a-8b73ad52e53d,false,"[OAS] [OAS] validation failed:
 - ERROR - Object instance has properties which are not allowed by the schema: [""randomBoolean1""]: []
"
6f97a8b7-b893-4cd9-b087-65e939f9fca1,1823388e-ff88-47c3-8175-f634fab20a26,false,"[OAS] [OAS] validation failed:
 - ERROR - [Path '/id'] Instance type (number) does not match any allowed primitive type (allowed: [""integer""]): []
"
6f97a8b7-b893-4cd9-b087-65e939f9fca1,65494366-bad6-4b5b-ac1d-df5d15a57764,true,
6f97a8b7-b893-4cd9-b087-65e939f9fca1,d4ccaaa9-9633-46a8-9144-341fe4343aee,false,"[OAS] [OAS] validation failed:
 - ERROR - [Path '/name'] Instance type (null) does not match any allowed primitive type (allowed: [""string""]): []
"
6f97a8b7-b893-4cd9-b087-65e939f9fca1,0b1a3ba2-147e-40d6-bd59-81dcbde805f0,true,
6f97a8b7-b893-4cd9-b087-65e939f9fca1,2fd020d2-792f-4fc4-b6f1-fd6c6eb159d6,true,
6f97a8b7-b893-4cd9-b087-65e939f9fca1,e1bac1ff-da9b-44a7-b5c8-c92c78621eaa,false,"[OAS] [OAS] validation failed:
 - ERROR - [Path '/birthDate'] String ""\"" is invalid against requested date format(s) yyyy-MM-dd: []
"
6f97a8b7-b893-4cd9-b087-65e939f9fca1,3196c87b-5d3d-4d7f-9ad2-edc82540a1b6,false,"[OAS] [OAS] validation failed:
 - ERROR - [Path '/enabled'] Instance type (null) does not match any allowed primitive type (allowed: [""boolean""]): []
"
6f97a8b7-b893-4cd9-b087-65e939f9fca1,98b16319-7e4d-49ad-9d2d-44cd13071003,true,
6f97a8b7-b893-4cd9-b087-65e939f9fca1,259084cc-706b-44ab-8618-5cbc70e3efa5,false,"[OAS] [OAS] validation failed:
 - ERROR - [Path '/loginDt'] Instance type (number) does not match any allowed primitive type (allowed: [""null"",""string""]): []
"
6f97a8b7-b893-4cd9-b087-65e939f9fca1,8ed65706-989e-497b-adb9-6c9264caca1c,false,"[OAS] [OAS] validation failed:
 - ERROR - [Path '/secured'] Instance type (object) does not match any allowed primitive type (allowed: [""boolean""]): []
"
6f97a8b7-b893-4cd9-b087-65e939f9fca1,fb8d8136-ac44-4197-a153-ac9e1b9feb8d,false,"[OAS] [OAS] validation failed:
 - ERROR - [Path '/contactDTO'] Instance type (null) does not match any allowed primitive type (allowed: [""object""]): []
"
6f97a8b7-b893-4cd9-b087-65e939f9fca1,fb82ecc3-9e36-4b4b-9111-75b52470780b,true,
6f97a8b7-b893-4cd9-b087-65e939f9fca1,8207587a-6a76-49fa-867d-0295d244ac6e,false,"[OAS] [OAS] validation failed:
 - ERROR - [Path '/contactDTO/phone'] Instance type (array) does not match any allowed primitive type (allowed: [""null"",""string""]): []
"
6f97a8b7-b893-4cd9-b087-65e939f9fca1,2282a369-aa88-41f3-8338-6a6d831a109b,false,"[OAS] [OAS] validation failed:
 - ERROR - [Path '/contactDTO/skype'] Instance type (object) does not match any allowed primitive type (allowed: [""null"",""string""]): []
"
6f97a8b7-b893-4cd9-b087-65e939f9fca1,37b4ce25-2f9c-4f5f-b3a6-5c792a085393,false,"[OAS] [OAS] validation failed:
 - ERROR - [Path '/contactDTO/facebook'] Instance type (object) does not match any allowed primitive type (allowed: [""null"",""string""]): []
"
6f97a8b7-b893-4cd9-b087-65e939f9fca1,cf84db3d-7ba5-4d57-8efb-aae03d45ce6e,true,
6f97a8b7-b893-4cd9-b087-65e939f9fca1,fbc1e159-5b8f-4aa7-920a-99ac1de8d591,false,"[OAS] [OAS] validation failed:
 - ERROR - [Path '/contactDTO/website'] Instance type (array) does not match any allowed primitive type (allowed: [""null"",""string""]): []
"
6f97a8b7-b893-4cd9-b087-65e939f9fca1,a6ac4b59-2dba-4556-9f1f-4ef1ea101d3c,true,
6f97a8b7-b893-4cd9-b087-65e939f9fca1,7b199b1f-d805-4e9c-a1e1-477fccc66ee5,true,
6f97a8b7-b893-4cd9-b087-65e939f9fca1,3262bc13-e60b-409c-b04f-2bed2e0d0088,true,
6f97a8b7-b893-4cd9-b087-65e939f9fca1,ea3ae8df-ab3b-4954-940d-5c3d26956c63,false,"[OAS] [OAS] validation failed:
 - ERROR - [Path '/addressDTO/address2'] Instance type (array) does not match any allowed primitive type (allowed: [""null"",""string""]): []
"
6f97a8b7-b893-4cd9-b087-65e939f9fca1,3198cf97-2617-4cdc-ac4c-c301934f4d2c,true,
6f97a8b7-b893-4cd9-b087-65e939f9fca1,5bf23da1-2aa9-4c08-abfb-39c3f10e0675,false,"[OAS] [OAS] validation failed:
 - ERROR - [Path '/addressDTO/country'] Instance type (integer) does not match any allowed primitive type (allowed: [""null"",""string""]): []
"
6f97a8b7-b893-4cd9-b087-65e939f9fca1,be3bb301-a8b0-4117-b6cf-b20d9b8acd26,true,
6f97a8b7-b893-4cd9-b087-65e939f9fca1,46f9690c-70c9-416d-9857-61a36f7e1a10,true,
6f97a8b7-b893-4cd9-b087-65e939f9fca1,d2c383f0-bf04-4aae-8787-da54d8034a26,true,
6f97a8b7-b893-4cd9-b087-65e939f9fca1,71362ba3-0d85-4bcd-a0f1-928604ac544e,false,"[OAS] [OAS] validation failed:
 - ERROR - [Path '/roles/1'] Instance type (null) does not match any allowed primitive type (allowed: [""string""]): []
"
6f97a8b7-b893-4cd9-b087-65e939f9fca1,ba0e9ecf-cffb-4e1e-a811-674408c0c150,true,
6f97a8b7-b893-4cd9-b087-65e939f9fca1,366f5cbe-a721-4004-ab9e-d33ac275186d,true,
6f97a8b7-b893-4cd9-b087-65e939f9fca1,e2e6dec7-5166-4bcc-aa0f-d35e1cfd927b,false,"[OAS] [OAS] validation failed:
 - ERROR - [Path '/permissions/1'] Instance type (null) does not match any allowed primitive type (allowed: [""string""]): []
"
6f97a8b7-b893-4cd9-b087-65e939f9fca1,d0f2de54-cd7b-46de-a9a3-3af4b0880d39,true,
049b2516-dcbf-4cc7-870c-8674fd6bba18,1f23433b-ccb3-48bc-8b8c-061023149ede,false,"[OAS] [OAS] validation failed:
 - ERROR - Response status 401 not defined for path '/users/{id}'.: []
"
049b2516-dcbf-4cc7-870c-8674fd6bba18,68091e19-7635-4412-8b1b-deab00df2fbf,true,
049b2516-dcbf-4cc7-870c-8674fd6bba18,5b6a373b-0709-40b7-a913-033eb36900f4,true,
049b2516-dcbf-4cc7-870c-8674fd6bba18,ab37ffd6-a25a-4efc-9ed8-7cfce4dd6d55,true,
049b2516-dcbf-4cc7-870c-8674fd6bba18,13cd899d-7062-4f34-a3e5-ce6b1a18d2e1,true,
049b2516-dcbf-4cc7-870c-8674fd6bba18,cfa59624-15ac-42f4-8f39-4c540e101c4a,false,"[OAS] [OAS] validation failed:
 - ERROR - [Path '/username'] Instance type (null) does not match any allowed primitive type (allowed: [""string""]): []
"
049b2516-dcbf-4cc7-870c-8674fd6bba18,f4a04550-7940-4c84-b0b6-3beeb06c20b2,true,
049b2516-dcbf-4cc7-870c-8674fd6bba18,7d5895a5-09d7-4afa-9a6f-89a5524eaa45,true,
049b2516-dcbf-4cc7-870c-8674fd6bba18,83ce9b53-204c-49c4-8ced-c24d5a068755,true,
049b2516-dcbf-4cc7-870c-8674fd6bba18,ada27a28-1d94-4c4c-855d-4d79b7e22fe3,false,"[OAS] [OAS] validation failed:
 - ERROR - [Path '/birthDate'] String ""=fqAgn@$@"" is invalid against requested date format(s) yyyy-MM-dd: []
"
049b2516-dcbf-4cc7-870c-8674fd6bba18,a0e4ee4e-d4bd-4727-8b1f-1aa3184b8fbc,true,
049b2516-dcbf-4cc7-870c-8674fd6bba18,6e733f50-f702-46d6-b5b6-d6e7f44df5d2,true,
049b2516-dcbf-4cc7-870c-8674fd6bba18,aeb8696f-9612-4079-b4f9-b48cf8beaea9,false,"[OAS] [OAS] validation failed:
 - ERROR - [Path '/loginDt'] Instance type (number) does not match any allowed primitive type (allowed: [""null"",""string""]): []
"
049b2516-dcbf-4cc7-870c-8674fd6bba18,a555a5af-ac41-4f16-9c80-095ac9ce0dd6,false,"[OAS] [OAS] validation failed:
 - ERROR - [Path '/secured'] Instance type (null) does not match any allowed primitive type (allowed: [""boolean""]): []
"
049b2516-dcbf-4cc7-870c-8674fd6bba18,23e90ac9-ffa5-4f93-a57f-9ee7320bc6dd,false,"[OAS] [OAS] validation failed:
 - ERROR - [Path '/contactDTO'] Instance type (null) does not match any allowed primitive type (allowed: [""object""]): []
"
049b2516-dcbf-4cc7-870c-8674fd6bba18,ac54c3be-fcd4-4bbf-89a4-911b7ae0099e,true,
049b2516-dcbf-4cc7-870c-8674fd6bba18,afc58bce-03fd-45af-bb41-a02bb773209d,false,"[OAS] [OAS] validation failed:
 - ERROR - [Path '/contactDTO/phone'] Instance type (object) does not match any allowed primitive type (allowed: [""null"",""string""]): []
"
049b2516-dcbf-4cc7-870c-8674fd6bba18,250acee9-a33b-414c-8d7a-0ef7a7b594cb,true,
049b2516-dcbf-4cc7-870c-8674fd6bba18,b819c1e7-6f3e-4fc9-849a-5fb198895953,false,"[OAS] [OAS] validation failed:
 - ERROR - [Path '/contactDTO/facebook'] Instance type (integer) does not match any allowed primitive type (allowed: [""null"",""string""]): []
"
049b2516-dcbf-4cc7-870c-8674fd6bba18,4b91b810-e4fd-40bd-aef0-df3643b5d338,true,
049b2516-dcbf-4cc7-870c-8674fd6bba18,200dbeab-2874-4760-959b-3af695c158e7,true,
049b2516-dcbf-4cc7-870c-8674fd6bba18,b7bf1f41-f7b7-4879-838f-6afed2ecc5a0,true,
049b2516-dcbf-4cc7-870c-8674fd6bba18,9cbeef98-29fc-475d-9a7b-26b3bd79716c,true,
049b2516-dcbf-4cc7-870c-8674fd6bba18,9a830cfe-febd-4084-9051-7a81b5f9bb87,true,
049b2516-dcbf-4cc7-870c-8674fd6bba18,46bbd4c1-cea0-445b-aec5-997aeb48524a,true,
049b2516-dcbf-4cc7-870c-8674fd6bba18,bae87d46-539c-4da5-a00f-1a8aa84e42a0,true,
049b2516-dcbf-4cc7-870c-8674fd6bba18,23817a92-78c2-41ba-adf8-d15ff0b902bd,true,
049b2516-dcbf-4cc7-870c-8674fd6bba18,6eb8616a-2fb0-47e7-a2e7-861e28dbbc5a,true,
049b2516-dcbf-4cc7-870c-8674fd6bba18,0ae38b8f-18db-44fc-bfeb-0345e14b238e,true,
049b2516-dcbf-4cc7-870c-8674fd6bba18,3eed16e2-d9e3-4bb2-8bae-cbc968d5cc8f,false,"[OAS] [OAS] validation failed:
 - ERROR - [Path '/roles/0'] Instance type (array) does not match any allowed primitive type (allowed: [""string""]): []
"
049b2516-dcbf-4cc7-870c-8674fd6bba18,8e403af1-c96e-471b-9a2a-0daf35bc1d6b,true,
049b2516-dcbf-4cc7-870c-8674fd6bba18,c149b33f-1984-45c1-9ac1-3b6cf2356cf7,true,
049b2516-dcbf-4cc7-870c-8674fd6bba18,5759d228-e00e-4dee-bf33-f1c64375b99f,false,"[OAS] [OAS] validation failed:
 - ERROR - [Path '/permissions/1'] Instance type (null) does not match any allowed primitive type (allowed: [""string""]): []
"
a1a318ba-30cf-44a5-8705-f71a8898f1c2,f3320c37-3aaf-49d0-8b54-f8c4d63931b0,false,[NO_5XX] Unexpected 5XX response: 501
a1a318ba-30cf-44a5-8705-f71a8898f1c2,f6965634-bf9f-4131-8e92-f35cedbd9322,true,
a1a318ba-30cf-44a5-8705-f71a8898f1c2,88756bff-59a5-4169-896a-667415b22d58,true,
a1a318ba-30cf-44a5-8705-f71a8898f1c2,512a2b97-9e9f-4d2a-bdf5-e165bb5f2ba2,true,
a1a318ba-30cf-44a5-8705-f71a8898f1c2,99d1cba5-6768-41de-856f-3ccfff415847,false,"[OAS] [OAS] validation failed:
 - ERROR - [Path '/id'] Instance type (number) does not match any allowed primitive type (allowed: [""integer""]): []
"
a1a318ba-30cf-44a5-8705-f71a8898f1c2,ff918863-2918-4446-944c-9d8abf979ab0,true,
a1a318ba-30cf-44a5-8705-f71a8898f1c2,844bccc8-26a8-451d-adaf-b34041c8a1e4,false,"[OAS] [OAS] validation failed:
 - ERROR - [Path '/name'] Instance type (object) does not match any allowed primitive type (allowed: [""string""]): []
"
a1a318ba-30cf-44a5-8705-f71a8898f1c2,f307a326-264d-4826-8779-cf095582f9a3,true,
a1a318ba-30cf-44a5-8705-f71a8898f1c2,f0f79bd2-486f-429e-8759-5de663f22df8,true,
a1a318ba-30cf-44a5-8705-f71a8898f1c2,50900c42-b40c-4d15-81a3-dc3d0ecb6bc3,false,"[OAS] [OAS] validation failed:
 - ERROR - [Path '/birthDate'] String ""EJEMPLO MAYUS"" is invalid against requested date format(s) yyyy-MM-dd: []
"
a1a318ba-30cf-44a5-8705-f71a8898f1c2,e5bea113-8388-4c10-8778-66a82ced6ad2,false,"[OAS] [OAS] validation failed:
 - ERROR - [Path '/enabled'] Instance type (number) does not match any allowed primitive type (allowed: [""boolean""]): []
"
a1a318ba-30cf-44a5-8705-f71a8898f1c2,fd7e4330-3f9b-44d4-8721-f6861bb3a5a9,false,"[OAS] [OAS] validation failed:
 - ERROR - [Path '/note'] Instance type (number) does not match any allowed primitive type (allowed: [""null"",""string""]): []
"
a1a318ba-30cf-44a5-8705-f71a8898f1c2,f6200ea0-3824-486f-bd5d-b201b8da736b,false,"[OAS] [OAS] validation failed:
 - ERROR - [Path '/loginDt'] Instance type (object) does not match any allowed primitive type (allowed: [""null"",""string""]): []
"
a1a318ba-30cf-44a5-8705-f71a8898f1c2,80d06096-6230-48f1-9988-2eb6e92bc294,true,
a1a318ba-30cf-44a5-8705-f71a8898f1c2,f0e2a5f0-e5f3-4780-8b78-8ff6553cfa97,false,"[OAS] [OAS] validation failed:
 - ERROR - [Path '/contactDTO'] Instance type (null) does not match any allowed primitive type (allowed: [""object""]): []
"
a1a318ba-30cf-44a5-8705-f71a8898f1c2,2595c302-59a4-47af-8266-f23928543371,true,
a1a318ba-30cf-44a5-8705-f71a8898f1c2,91cef5e6-eb16-4c05-bc7b-42ac38d868f2,true,
a1a318ba-30cf-44a5-8705-f71a8898f1c2,7c482e08-ee1c-4e6f-a49b-7ed72aaa8c1e,true,
a1a318ba-30cf-44a5-8705-f71a8898f1c2,696bdbe0-0170-4d55-b59b-727e26276f31,true,
a1a318ba-30cf-44a5-8705-f71a8898f1c2,25d74a02-f1d1-4a79-bf5d-330635d85f6a,true,
a1a318ba-30cf-44a5-8705-f71a8898f1c2,66b7da94-8df8-4caa-9f99-ae7fb7bde7ef,true,
a1a318ba-30cf-44a5-8705-f71a8898f1c2,66bed30b-aaf5-43a4-b4ee-4105b09afe0a,true,
a1a318ba-30cf-44a5-8705-f71a8898f1c2,5314bb8e-b70d-4257-883b-ee58f0cda8f8,true,
a1a318ba-30cf-44a5-8705-f71a8898f1c2,1dcd7288-2f89-4c80-b9b4-2f202c537270,true,
a1a318ba-30cf-44a5-8705-f71a8898f1c2,738cb671-4464-4f3f-9686-d0adb5fd0eb6,true,
a1a318ba-30cf-44a5-8705-f71a8898f1c2,fc3cb112-8548-4b9f-b1d0-3fdd369394ec,false,"[OAS] [OAS] validation failed:
 - ERROR - [Path '/addressDTO/city'] Instance type (object) does not match any allowed primitive type (allowed: [""null"",""string""]): []
"
a1a318ba-30cf-44a5-8705-f71a8898f1c2,e937ca5f-bb0f-479c-9c33-e8ac9fe6a007,false,"[OAS] [OAS] validation failed:
 - ERROR - [Path '/addressDTO/country'] Instance type (array) does not match any allowed primitive type (allowed: [""null"",""string""]): []
"
a1a318ba-30cf-44a5-8705-f71a8898f1c2,b431470b-8957-4f8a-b70b-021364fa07f5,true,
a1a318ba-30cf-44a5-8705-f71a8898f1c2,5c52589e-3b77-4d23-ac19-b284a9a05b86,false,"[OAS] [OAS] validation failed:
 - ERROR - [Path '/roles'] Instance type (number) does not match any allowed primitive type (allowed: [""array""]): []
"
a1a318ba-30cf-44a5-8705-f71a8898f1c2,f7f859fa-60a4-4fa3-80ce-68c7eb54e7a7,true,
a1a318ba-30cf-44a5-8705-f71a8898f1c2,b946b6a8-7c64-4d59-aad0-5190751a44df,true,
a1a318ba-30cf-44a5-8705-f71a8898f1c2,38460c21-f7c9-4373-847d-53e1ad59980b,false,"[OAS] [OAS] validation failed:
 - ERROR - [Path '/permissions/0'] Instance type (array) does not match any allowed primitive type (allowed: [""string""]): []
"
a1a318ba-30cf-44a5-8705-f71a8898f1c2,42fa28b1-adb0-4309-9d27-9a2dc0e190da,true,
7924c915-e365-4ba8-a0a2-1677ddefa2fc,40a2f9ca-9b89-47f0-bb0d-c82f8139ab51,false,"[OAS] [OAS] validation failed:
 - ERROR - Response status 200 not defined for path '/users/{id}'.: []
"
7924c915-e365-4ba8-a0a2-1677ddefa2fc,6018f58e-0b7f-425c-a6e3-f8a4f2b53e77,true,
7924c915-e365-4ba8-a0a2-1677ddefa2fc,8d1b3fe4-b359-4e2e-b0ca-83b558ea57e4,true,
7924c915-e365-4ba8-a0a2-1677ddefa2fc,01dfa621-458f-4703-9415-6c699e189817,true,
7924c915-e365-4ba8-a0a2-1677ddefa2fc,ded73c30-521c-42ee-8bfa-6da2befe8478,false,"[OAS] [OAS] validation failed:
 - ERROR - [Path '/id'] Instance type (number) does not match any allowed primitive type (allowed: [""integer""]): []
"
7924c915-e365-4ba8-a0a2-1677ddefa2fc,a6f34fd0-1f6e-43dc-bda2-edcb4567fa4b,false,"[OAS] [OAS] validation failed:
 - ERROR - [Path '/username'] Instance type (null) does not match any allowed primitive type (allowed: [""string""]): []
"
7924c915-e365-4ba8-a0a2-1677ddefa2fc,caeb88ae-3fcb-43ee-bef5-6ddbd5cec5a1,false,"[OAS] [OAS] validation failed:
 - ERROR - [Path '/name'] Instance type (null) does not match any allowed primitive type (allowed: [""string""]): []
"
7924c915-e365-4ba8-a0a2-1677ddefa2fc,863ebaa0-f1df-4719-adfe-6c9a0288be77,true,
7924c915-e365-4ba8-a0a2-1677ddefa2fc,8f31d5f0-0e76-4153-a1bc-41db83eb8691,false,"[OAS] [OAS] validation failed:
 - ERROR - [Path '/gender'] Instance type (array) does not match any allowed primitive type (allowed: [""string""]): []
"
7924c915-e365-4ba8-a0a2-1677ddefa2fc,d3307975-25ea-4896-ae84-3053653a0109,false,"[OAS] [OAS] validation failed:
 - ERROR - [Path '/birthDate'] String ""EJEMPLO MAYUS"" is invalid against requested date format(s) yyyy-MM-dd: []
"
7924c915-e365-4ba8-a0a2-1677ddefa2fc,33d61b9d-9288-46b0-8f0e-7237df4f61c2,true,
7924c915-e365-4ba8-a0a2-1677ddefa2fc,5f485aea-cb02-4262-bcd6-f3e5645209c0,true,
7924c915-e365-4ba8-a0a2-1677ddefa2fc,c3395646-6ed3-432a-87eb-df63aa52f77b,false,"[OAS] [OAS] validation failed:
 - ERROR - [Path '/loginDt'] Instance type (number) does not match any allowed primitive type (allowed: [""null"",""string""]): []
"
7924c915-e365-4ba8-a0a2-1677ddefa2fc,6a7d446f-ab6a-4de0-a7e0-33d9c1a3a1fb,true,
7924c915-e365-4ba8-a0a2-1677ddefa2fc,c3914c9c-48be-41e2-b59c-4be524bff975,true,
7924c915-e365-4ba8-a0a2-1677ddefa2fc,61b73603-af02-496b-bb94-3f37e00c9c8e,true,
7924c915-e365-4ba8-a0a2-1677ddefa2fc,5eb8aadf-8778-40fd-806a-add6fd92d376,false,"[OAS] [OAS] validation failed:
 - ERROR - [Path '/contactDTO/phone'] Instance type (object) does not match any allowed primitive type (allowed: [""null"",""string""]): []
"
7924c915-e365-4ba8-a0a2-1677ddefa2fc,1933727e-b60f-4c48-92d9-19df954074ec,false,"[OAS] [OAS] validation failed:
 - ERROR - [Path '/contactDTO/skype'] Instance type (object) does not match any allowed primitive type (allowed: [""null"",""string""]): []
"
7924c915-e365-4ba8-a0a2-1677ddefa2fc,cbc5e063-aae6-4913-9bc5-fee9041851be,false,"[OAS] [OAS] validation failed:
 - ERROR - [Path '/contactDTO/facebook'] Instance type (array) does not match any allowed primitive type (allowed: [""null"",""string""]): []
"
7924c915-e365-4ba8-a0a2-1677ddefa2fc,e666b72e-9f81-4f3b-ab5b-811a868e24b3,false,"[OAS] [OAS] validation failed:
 - ERROR - [Path '/contactDTO/linkedin'] Instance type (array) does not match any allowed primitive type (allowed: [""null"",""string""]): []
"
7924c915-e365-4ba8-a0a2-1677ddefa2fc,953e6d45-db45-4194-8f69-ab8292e761ab,false,"[OAS] [OAS] validation failed:
 - ERROR - [Path '/contactDTO/website'] Instance type (integer) does not match any allowed primitive type (allowed: [""null"",""string""]): []
"
7924c915-e365-4ba8-a0a2-1677ddefa2fc,db5a73af-1380-479b-9ffa-4ca4e79fa556,true,
7924c915-e365-4ba8-a0a2-1677ddefa2fc,31eb32f1-4f93-4e59-b39c-f10641ede0d7,false,"[OAS] [OAS] validation failed:
 - ERROR - [Path '/addressDTO'] Instance type (null) does not match any allowed primitive type (allowed: [""object""]): []
"
7924c915-e365-4ba8-a0a2-1677ddefa2fc,db1fcff7-5791-49e0-a471-a97e46cb5ef2,true,
7924c915-e365-4ba8-a0a2-1677ddefa2fc,7e3aa264-0759-4e1f-9488-471bbdd56b30,true,
7924c915-e365-4ba8-a0a2-1677ddefa2fc,6a6f0435-9171-4dbf-b0a9-2eb0a8459b13,true,
7924c915-e365-4ba8-a0a2-1677ddefa2fc,2e230344-9f28-4a04-9356-04c754bb15af,false,"[OAS] [OAS] validation failed:
 - ERROR - [Path '/addressDTO/country'] Instance type (array) does not match any allowed primitive type (allowed: [""null"",""string""]): []
"
7924c915-e365-4ba8-a0a2-1677ddefa2fc,792400ac-5ca8-402b-b2e6-c932cd2f5acb,false,"[OAS] [OAS] validation failed:
 - ERROR - [Path '/addressDTO/zipCode'] Instance type (integer) does not match any allowed primitive type (allowed: [""null"",""string""]): []
"
7924c915-e365-4ba8-a0a2-1677ddefa2fc,930d23cf-6bae-4848-8b79-e69f852fa857,false,"[OAS] [OAS] validation failed:
 - ERROR - [Path '/roles'] Instance type (null) does not match any allowed primitive type (allowed: [""array""]): []
"
7924c915-e365-4ba8-a0a2-1677ddefa2fc,f5698fe7-1172-49b8-9cc1-7eee78f16312,false,"[OAS] [OAS] validation failed:
 - ERROR - [Path '/roles/0'] Instance type (null) does not match any allowed primitive type (allowed: [""string""]): []
"
7924c915-e365-4ba8-a0a2-1677ddefa2fc,a6b99e72-c4b7-4ac0-b438-f22900b06701,false,"[OAS] [OAS] validation failed:
 - ERROR - [Path '/roles/1'] Instance type (array) does not match any allowed primitive type (allowed: [""string""]): []
"
7924c915-e365-4ba8-a0a2-1677ddefa2fc,8d3dc92b-50e7-485c-a54a-5df738142727,true,
7924c915-e365-4ba8-a0a2-1677ddefa2fc,6b391c27-cb6f-498b-bb4d-0a5bcb5dfa87,false,"[OAS] [OAS] validation failed:
 - ERROR - [Path '/permissions/0'] Instance type (array) does not match any allowed primitive type (allowed: [""string""]): []
"
7924c915-e365-4ba8-a0a2-1677ddefa2fc,554186db-05dc-47a3-a65e-4ca70f7d7e50,false,"[OAS] [OAS] validation failed:
 - ERROR - [Path '/permissions/1'] Instance type (null) does not match any allowed primitive type (allowed: [""string""]): []
"
7924c915-e365-4ba8-a0a2-1677ddefa2fc,5c30c9c5-b348-4403-9374-8ad3bc284f4d,true,
099c6c6a-0c74-402b-bc6e-eb1a75a3bbcb,b87f14bf-924f-4429-9bfb-fa148fdbdaed,false,[NO_5XX] Unexpected 5XX response: 500
099c6c6a-0c74-402b-bc6e-eb1a75a3bbcb,90963a2b-103e-4ba6-9357-7c3b4b278226,true,
099c6c6a-0c74-402b-bc6e-eb1a75a3bbcb,1fc12149-cc3e-4a3d-a5a9-8e0ee894bd41,true,
099c6c6a-0c74-402b-bc6e-eb1a75a3bbcb,a4260b6d-ad5d-45f6-bbbc-014f4c3b3694,true,
099c6c6a-0c74-402b-bc6e-eb1a75a3bbcb,55729b23-b16b-4840-9f0f-4dd191686deb,true,
099c6c6a-0c74-402b-bc6e-eb1a75a3bbcb,00b87c36-6d51-4c43-a154-5e03e462d205,true,
099c6c6a-0c74-402b-bc6e-eb1a75a3bbcb,f768dc9c-57c5-47ae-a0a8-0b6e1190fed4,false,"[OAS] [OAS] validation failed:
 - ERROR - [Path '/name'] Instance type (object) does not match any allowed primitive type (allowed: [""string""]): []
"
099c6c6a-0c74-402b-bc6e-eb1a75a3bbcb,77d67217-1f47-49cc-8d0d-be0dd084cf2c,true,
099c6c6a-0c74-402b-bc6e-eb1a75a3bbcb,7cd022c4-daa4-4ccb-ae0f-3e7179a00a25,false,"[OAS] [OAS] validation failed:
 - ERROR - [Path '/gender'] Instance type (array) does not match any allowed primitive type (allowed: [""string""]): []
"
099c6c6a-0c74-402b-bc6e-eb1a75a3bbcb,43934945-d25a-45c9-ba86-500dac94b25d,false,"[OAS] [OAS] validation failed:
 - ERROR - [Path '/birthDate'] Instance type (number) does not match any allowed primitive type (allowed: [""null"",""string""]): []
"
099c6c6a-0c74-402b-bc6e-eb1a75a3bbcb,1f0ce172-e34b-4c5b-ac09-cfbf1890fb50,false,"[OAS] [OAS] validation failed:
 - ERROR - [Path '/enabled'] Instance type (null) does not match any allowed primitive type (allowed: [""boolean""]): []
"
099c6c6a-0c74-402b-bc6e-eb1a75a3bbcb,2e263858-cdd9-45cd-9b28-850e642b3209,true,
099c6c6a-0c74-402b-bc6e-eb1a75a3bbcb,31e41180-9d1e-46f7-801a-cc97f07c9cfb,false,"[OAS] [OAS] validation failed:
 - ERROR - [Path '/loginDt'] Instance type (object) does not match any allowed primitive type (allowed: [""null"",""string""]): []
"
099c6c6a-0c74-402b-bc6e-eb1a75a3bbcb,43b513c2-3ed9-4f0f-9542-ec6163281b02,false,"[OAS] [OAS] validation failed:
 - ERROR - [Path '/secured'] Instance type (null) does not match any allowed primitive type (allowed: [""boolean""]): []
"
099c6c6a-0c74-402b-bc6e-eb1a75a3bbcb,f3c2f9d5-da96-47bb-a0c4-4c6c934c0580,false,"[OAS] [OAS] validation failed:
 - ERROR - [Path '/contactDTO'] Instance type (number) does not match any allowed primitive type (allowed: [""object""]): []
"
099c6c6a-0c74-402b-bc6e-eb1a75a3bbcb,72eee19c-ab9c-469f-892d-e326c07289d5,true,
099c6c6a-0c74-402b-bc6e-eb1a75a3bbcb,f6bde833-c0d0-45f5-b29a-434cc137499b,false,"[OAS] [OAS] validation failed:
 - ERROR - [Path '/contactDTO/phone'] Instance type (object) does not match any allowed primitive type (allowed: [""null"",""string""]): []
"
099c6c6a-0c74-402b-bc6e-eb1a75a3bbcb,108f207f-7195-46da-9d31-4f2b660f7d87,true,
099c6c6a-0c74-402b-bc6e-eb1a75a3bbcb,e6707f46-425e-4790-aa46-1afcc0fa4c31,true,
099c6c6a-0c74-402b-bc6e-eb1a75a3bbcb,ee4560ab-4b7d-45ac-a6e1-1c6aec751971,true,
099c6c6a-0c74-402b-bc6e-eb1a75a3bbcb,21658c41-5e9d-4deb-829d-25cff478d587,true,
099c6c6a-0c74-402b-bc6e-eb1a75a3bbcb,3d819b2d-e080-4eb6-928c-e194f8ca1daf,true,
099c6c6a-0c74-402b-bc6e-eb1a75a3bbcb,35a5ed00-86df-4da8-9c35-7f6698919895,false,"[OAS] [OAS] validation failed:
 - ERROR - [Path '/addressDTO'] Object instance has properties which are not allowed by the schema: [""randomArray3"",""randomLong2"",""randomObject1"",""randomObject4""]: []
"
099c6c6a-0c74-402b-bc6e-eb1a75a3bbcb,be0d843e-e2ff-42f5-99c4-813512749ce2,true,
099c6c6a-0c74-402b-bc6e-eb1a75a3bbcb,df04e5b4-d326-47e5-9b7b-e6f7eee952a5,false,"[OAS] [OAS] validation failed:
 - ERROR - [Path '/addressDTO/address2'] Instance type (array) does not match any allowed primitive type (allowed: [""null"",""string""]): []
"
099c6c6a-0c74-402b-bc6e-eb1a75a3bbcb,719272ba-cd81-4ae8-ad46-5d4ae3a69af1,true,
099c6c6a-0c74-402b-bc6e-eb1a75a3bbcb,082e087e-230c-40b0-8095-423657007e3c,true,
099c6c6a-0c74-402b-bc6e-eb1a75a3bbcb,34dbfd6f-0b5b-408a-a61c-fa5308fc27df,true,
099c6c6a-0c74-402b-bc6e-eb1a75a3bbcb,5044db46-d6b9-42dd-adbd-3f248fe2d9cc,false,"[OAS] [OAS] validation failed:
 - ERROR - [Path '/roles/1'] Instance type (boolean) does not match any allowed primitive type (allowed: [""string""]): []
"
099c6c6a-0c74-402b-bc6e-eb1a75a3bbcb,6f58a76e-cab9-49b1-a1ca-cc79ab550b15,true,
099c6c6a-0c74-402b-bc6e-eb1a75a3bbcb,a1bed20d-ecaa-498a-8b98-37aef53a8eec,true,
099c6c6a-0c74-402b-bc6e-eb1a75a3bbcb,73f7a383-2433-41b5-8a2b-7a5cbd463315,true,
099c6c6a-0c74-402b-bc6e-eb1a75a3bbcb,ec5b920e-7262-4441-9e56-50563aa52c36,true,
e26e269d-5a45-4ad8-8f35-3cdc7c51354e,3452a128-d400-47aa-9947-0dac63f834ef,false,[NO_5XX] Unexpected 5XX response: 502
e26e269d-5a45-4ad8-8f35-3cdc7c51354e,f913577e-ee7a-4d92-bd61-08c4fa9ccb07,true,
e26e269d-5a45-4ad8-8f35-3cdc7c51354e,212d2304-6885-4104-a4b9-a3e6236e8a87,true,
e26e269d-5a45-4ad8-8f35-3cdc7c51354e,761909dc-8af2-404a-b37f-a9c7d6ba2b94,true,
e26e269d-5a45-4ad8-8f35-3cdc7c51354e,42c8577f-91b5-4080-876b-505448d18b0a,false,"[OAS] [OAS] validation failed:
 - ERROR - [Path '/id'] Instance type (null) does not match any allowed primitive type (allowed: [""integer""]): []
"
e26e269d-5a45-4ad8-8f35-3cdc7c51354e,02e4f443-529c-4451-b1ca-65a301156a68,true,
e26e269d-5a45-4ad8-8f35-3cdc7c51354e,a9431d78-8c60-416e-a77d-578df3714afe,false,"[OAS] [OAS] validation failed:
 - ERROR - [Path '/name'] Instance type (null) does not match any allowed primitive type (allowed: [""string""]): []
"
e26e269d-5a45-4ad8-8f35-3cdc7c51354e,28160364-dbf8-40d7-81a7-738713ee8938,false,"[OAS] [OAS] validation failed:
 - ERROR - [Path '/surname'] Instance type (object) does not match any allowed primitive type (allowed: [""null"",""string""]): []
"
e26e269d-5a45-4ad8-8f35-3cdc7c51354e,d8ecf1b4-e2d2-4857-9e2e-5a04e393f906,true,
e26e269d-5a45-4ad8-8f35-3cdc7c51354e,c1b6d1ff-4c1e-40d0-99f2-2163362460c6,true,
e26e269d-5a45-4ad8-8f35-3cdc7c51354e,c81d422e-5fd2-41a0-8412-034191ca7036,false,"[OAS] [OAS] validation failed:
 - ERROR - [Path '/enabled'] Instance type (null) does not match any allowed primitive type (allowed: [""boolean""]): []
"
e26e269d-5a45-4ad8-8f35-3cdc7c51354e,92dd6f05-dc77-4e58-8c32-b12a67b650bd,true,
e26e269d-5a45-4ad8-8f35-3cdc7c51354e,668b6db4-522f-4194-ae02-8522a84887f3,false,"[OAS] [OAS] validation failed:
 - ERROR - [Path '/loginDt'] Instance type (number) does not match any allowed primitive type (allowed: [""null"",""string""]): []
"
e26e269d-5a45-4ad8-8f35-3cdc7c51354e,0bcf11aa-a44e-4c93-857d-48e32889659a,true,
e26e269d-5a45-4ad8-8f35-3cdc7c51354e,02c2ede9-6edb-4fb4-b5f4-849032844396,true,
e26e269d-5a45-4ad8-8f35-3cdc7c51354e,ecf993b1-1111-4eaf-b7d7-8d8a4bb65073,false,"[OAS] [OAS] validation failed:
 - ERROR - [Path '/contactDTO/email'] Instance type (null) does not match any allowed primitive type (allowed: [""string""]): []
"
e26e269d-5a45-4ad8-8f35-3cdc7c51354e,af2c89d6-a89d-4e82-a6c4-7ef52112ec99,false,"[OAS] [OAS] validation failed:
 - ERROR - [Path '/contactDTO/phone'] Instance type (array) does not match any allowed primitive type (allowed: [""null"",""string""]): []
"
e26e269d-5a45-4ad8-8f35-3cdc7c51354e,48244c73-e58b-409d-bcd5-8cc3dac3ff38,true,
e26e269d-5a45-4ad8-8f35-3cdc7c51354e,c46d7ba8-d601-45f3-b39a-bf3560310c53,true,
e26e269d-5a45-4ad8-8f35-3cdc7c51354e,1d688837-9eef-4de4-a857-d02faa645e36,true,
e26e269d-5a45-4ad8-8f35-3cdc7c51354e,b9676df2-b38a-4b03-bf5c-d522aae53569,false,"[OAS] [OAS] validation failed:
 - ERROR - [Path '/contactDTO/website'] Instance type (array) does not match any allowed primitive type (allowed: [""null"",""string""]): []
"
e26e269d-5a45-4ad8-8f35-3cdc7c51354e,7411a6e2-d821-492e-9509-8728623a425c,true,
e26e269d-5a45-4ad8-8f35-3cdc7c51354e,4bc92d67-b4d6-436b-8057-118298a0d675,false,"[OAS] [OAS] validation failed:
 - ERROR - [Path '/addressDTO'] Object instance has properties which are not allowed by the schema: [""randomArray3"",""randomLong2"",""randomObject1"",""randomObject4""]: []
"
e26e269d-5a45-4ad8-8f35-3cdc7c51354e,a2cca05f-82d0-4688-982f-d4a2f8ef3e15,true,
e26e269d-5a45-4ad8-8f35-3cdc7c51354e,bae29627-e5a0-4d86-83c7-c8841afbde53,true,
e26e269d-5a45-4ad8-8f35-3cdc7c51354e,2848e63c-d483-4dc3-8ea3-2bfa06df65d6,false,"[OAS] [OAS] validation failed:
 - ERROR - [Path '/addressDTO/city'] Instance type (array) does not match any allowed primitive type (allowed: [""null"",""string""]): []
"
e26e269d-5a45-4ad8-8f35-3cdc7c51354e,dcc49ebe-7954-4696-b0fc-59c6f6fe29c6,false,"[OAS] [OAS] validation failed:
 - ERROR - [Path '/addressDTO/country'] Instance type (boolean) does not match any allowed primitive type (allowed: [""null"",""string""]): []
"
e26e269d-5a45-4ad8-8f35-3cdc7c51354e,aecef050-5772-4434-8139-b70300c55e95,true,
e26e269d-5a45-4ad8-8f35-3cdc7c51354e,0a46e5e5-de4d-4278-95c6-8d3c700c8b10,false,"[OAS] [OAS] validation failed:
 - ERROR - [Path '/roles/1'] Instance type (boolean) does not match any allowed primitive type (allowed: [""string""]): []
"
e26e269d-5a45-4ad8-8f35-3cdc7c51354e,7c22012d-669e-41e7-98f9-36b1edfa54ad,true,
e26e269d-5a45-4ad8-8f35-3cdc7c51354e,ce88304e-7364-4533-9470-f1f9c3ab136d,false,"[OAS] [OAS] validation failed:
 - ERROR - [Path '/permissions'] Instance type (object) does not match any allowed primitive type (allowed: [""array""]): []
"
e26e269d-5a45-4ad8-8f35-3cdc7c51354e,374134bf-1c95-4b74-9b03-8112b311aae2,true,
e26e269d-5a45-4ad8-8f35-3cdc7c51354e,2a450c0a-af3a-41f1-adc4-498a48172914,false,"[OAS] [OAS] validation failed:
 - ERROR - [Path '/permissions/1'] Instance type (null) does not match any allowed primitive type (allowed: [""string""]): []
"
59d85246-b3b3-4f07-bfd2-6622ac53be53,01085629-61d1-4321-bdd0-aa42ff9a83cc,false,"[OAS] [OAS] validation failed:
 - ERROR - Response status 204 not defined for path '/users/{id}'.: []
"
59d85246-b3b3-4f07-bfd2-6622ac53be53,7de87901-ee34-49c8-b235-133ada6b8ae1,true,
59d85246-b3b3-4f07-bfd2-6622ac53be53,9e77deb6-6544-4a17-a67a-de5eb6546517,true,
59d85246-b3b3-4f07-bfd2-6622ac53be53,0ba8edb6-bb8b-405e-a663-dd7ab13d07ae,true,
59d85246-b3b3-4f07-bfd2-6622ac53be53,5f39eef7-7a1d-4f59-a0a1-10746f5a9a98,false,"[OAS] [OAS] validation failed:
 - ERROR - [Path '/id'] Instance type (number) does not match any allowed primitive type (allowed: [""integer""]): []
"
59d85246-b3b3-4f07-bfd2-6622ac53be53,f2b3a46d-a1c6-40fa-b353-4cd02727a2c3,false,"[OAS] [OAS] validation failed:
 - ERROR - [Path '/username'] Instance type (null) does not match any allowed primitive type (allowed: [""string""]): []
"
59d85246-b3b3-4f07-bfd2-6622ac53be53,b2729c71-70d7-44c2-94e7-5aa3348cf7f7,true,
59d85246-b3b3-4f07-bfd2-6622ac53be53,b77c4d8a-236a-4861-853d-74028bf819bf,true,
59d85246-b3b3-4f07-bfd2-6622ac53be53,02b43a20-515c-4437-b383-62ed54cc9681,false,"[OAS] [OAS] validation failed:
 - ERROR - [Path '/gender'] Instance type (array) does not match any allowed primitive type (allowed: [""string""]): []
"
59d85246-b3b3-4f07-bfd2-6622ac53be53,ab6662f4-7905-46ec-b20c-5848dd6ebcae,false,"[OAS] [OAS] validation failed:
 - ERROR - [Path '/birthDate'] Instance type (integer) does not match any allowed primitive type (allowed: [""null"",""string""]): []
"
59d85246-b3b3-4f07-bfd2-6622ac53be53,6837aa72-6451-413f-878f-2f3aa03fb203,true,
59d85246-b3b3-4f07-bfd2-6622ac53be53,8f654411-3fe4-4c34-ad52-a05bbdaa61ed,false,"[OAS] [OAS] validation failed:
 - ERROR - [Path '/note'] Instance type (number) does not match any allowed primitive type (allowed: [""null"",""string""]): []
"
59d85246-b3b3-4f07-bfd2-6622ac53be53,cea423bf-004d-4ddb-8261-49b77f7fae19,false,"[OAS] [OAS] validation failed:
 - ERROR - [Path '/loginDt'] Instance type (object) does not match any allowed primitive type (allowed: [""null"",""string""]): []
"
59d85246-b3b3-4f07-bfd2-6622ac53be53,f8e12f1c-1d78-4275-8205-d70d944e2c72,true,
59d85246-b3b3-4f07-bfd2-6622ac53be53,89a226bf-5de5-4a83-b735-e0e516ca80c2,false,"[OAS] [OAS] validation failed:
 - ERROR - [Path '/contactDTO'] Instance type (number) does not match any allowed primitive type (allowed: [""object""]): []
"
59d85246-b3b3-4f07-bfd2-6622ac53be53,aa9a37be-d86f-488d-8c66-b81c32804bf7,true,
59d85246-b3b3-4f07-bfd2-6622ac53be53,baa56cdd-5dd2-42c3-88fe-b890449a849d,false,"[OAS] [OAS] validation failed:
 - ERROR - [Path '/contactDTO/phone'] Instance type (object) does not match any allowed primitive type (allowed: [""null"",""string""]): []
"
59d85246-b3b3-4f07-bfd2-6622ac53be53,cbb5dcff-0fbe-4655-9d3a-ac40e34fa700,true,
59d85246-b3b3-4f07-bfd2-6622ac53be53,ddef89d3-7f8c-4964-a4a1-f7d99281ada4,false,"[OAS] [OAS] validation failed:
 - ERROR - [Path '/contactDTO/facebook'] Instance type (object) does not match any allowed primitive type (allowed: [""null"",""string""]): []
"
59d85246-b3b3-4f07-bfd2-6622ac53be53,720a9e5c-89d5-40e4-aaa5-b17854adb69c,false,"[OAS] [OAS] validation failed:
 - ERROR - [Path '/contactDTO/linkedin'] Instance type (integer) does not match any allowed primitive type (allowed: [""null"",""string""]): []
"
59d85246-b3b3-4f07-bfd2-6622ac53be53,c3230ccc-b00a-4123-8f31-0c8743530f5d,false,"[OAS] [OAS] validation failed:
 - ERROR - [Path '/contactDTO/website'] Instance type (array) does not match any allowed primitive type (allowed: [""null"",""string""]): []
"
59d85246-b3b3-4f07-bfd2-6622ac53be53,9d1a13e4-b42c-4f82-957c-54ce7a1a8938,true,
59d85246-b3b3-4f07-bfd2-6622ac53be53,5d4b7bba-a289-439c-8d19-d0955cb661df,true,
59d85246-b3b3-4f07-bfd2-6622ac53be53,1870664a-d08c-472d-af9f-3ba00b91d737,false,"[OAS] [OAS] validation failed:
 - ERROR - [Path '/addressDTO/address'] Instance type (boolean) does not match any allowed primitive type (allowed: [""null"",""string""]): []
"
59d85246-b3b3-4f07-bfd2-6622ac53be53,16a377d2-29de-4a0d-9447-cc9484c073f8,false,"[OAS] [OAS] validation failed:
 - ERROR - [Path '/addressDTO/address2'] Instance type (array) does not match any allowed primitive type (allowed: [""null"",""string""]): []
"
59d85246-b3b3-4f07-bfd2-6622ac53be53,d3f114b5-dd6b-4f77-b1b1-b4aaec5652f4,false,"[OAS] [OAS] validation failed:
 - ERROR - [Path '/addressDTO/city'] Instance type (integer) does not match any allowed primitive type (allowed: [""null"",""string""]): []
"
59d85246-b3b3-4f07-bfd2-6622ac53be53,b60d8fa5-7357-4827-bc78-fb3f93ab4733,true,
59d85246-b3b3-4f07-bfd2-6622ac53be53,48282c37-836c-4a26-9aa5-74c59077acf4,true,
59d85246-b3b3-4f07-bfd2-6622ac53be53,a05c9de5-7f20-4c1d-b360-9f767403aa09,false,"[OAS] [OAS] validation failed:
 - ERROR - [Path '/roles/1'] Instance type (boolean) does not match any allowed primitive type (allowed: [""string""]): []
"
59d85246-b3b3-4f07-bfd2-6622ac53be53,055b7cb0-5fac-4c8e-837b-b7eb672f50f2,false,"[OAS] [OAS] validation failed:
 - ERROR - [Path '/roles/0'] Instance type (array) does not match any allowed primitive type (allowed: [""string""]): []
"
59d85246-b3b3-4f07-bfd2-6622ac53be53,fcc640e3-8a2b-4d7e-851b-bf1821ee3d73,false,"[OAS] [OAS] validation failed:
 - ERROR - [Path '/permissions'] Instance type (object) does not match any allowed primitive type (allowed: [""array""]): []
"
59d85246-b3b3-4f07-bfd2-6622ac53be53,fce9a8eb-b796-4299-ad5a-8130ec9427ad,true,
59d85246-b3b3-4f07-bfd2-6622ac53be53,07e0b825-27ef-40a0-853c-647be832d8b2,true,
48e37d9e-5858-4d15-86cf-7d221cd303f0,72ed8ea1-5024-4e9d-80d0-e4d650383b78,false,[NO_5XX] Unexpected 5XX response: 500
48e37d9e-5858-4d15-86cf-7d221cd303f0,06347ae1-9516-4413-bd10-8a962fc68b80,true,
48e37d9e-5858-4d15-86cf-7d221cd303f0,07391e73-8b2e-406d-abe5-0333490a00a9,true,
48e37d9e-5858-4d15-86cf-7d221cd303f0,e754e782-477b-4c6b-9aa8-422d2a8a71be,false,"[OAS] [OAS] validation failed:
 - ERROR - Object instance has properties which are not allowed by the schema: [""randomBoolean1""]: []
"
48e37d9e-5858-4d15-86cf-7d221cd303f0,a626d28d-d0fb-45a6-bfcd-f49b72224794,true,
d2d6e3ca-5800-4257-9fca-b4a8fb639931,d2352aaf-d94a-47e9-98a3-af70870361f6,false,"[OAS] [OAS] validation failed:
 - ERROR - Object instance has properties which are not allowed by the schema: [""message""]: []
"
d2d6e3ca-5800-4257-9fca-b4a8fb639931,cd4eb0fd-5b4c-4f38-bdda-d3a65cd7cd83,false,"[OAS] [OAS] validation failed:
 - ERROR - Response Content-Type header 'text/javascript' does not match any allowed types. Must be one of: [application/json].: []
"
d2d6e3ca-5800-4257-9fca-b4a8fb639931,6e044788-9dc7-491d-a440-13804f7067b3,true,
d2d6e3ca-5800-4257-9fca-b4a8fb639931,5fb760f8-180d-4c88-b357-8c91ff0bc971,false,"[OAS] [OAS] validation failed:
 - ERROR - Object instance has properties which are not allowed by the schema: [""randomBoolean1""]: []
"
d2d6e3ca-5800-4257-9fca-b4a8fb639931,5514136f-2080-4a59-81c2-71cabfdd3e99,true,

Summary,Total=1674,Passed=891,KillRate=46.8%,TimeCost=2.33 s
