OriginalTestCaseId,TestCaseId,Success,FailureMessage
f8185404-9986-4942-9ecf-c59a9df7434a,fd16719e-f5b4-4bc9-abb9-90535e97150b,false,[NO_5XX] Unexpected 5XX response: 504
f8185404-9986-4942-9ecf-c59a9df7434a,b674e19f-d350-4aa2-9fc4-66845f1f64e7,false,"[OAS] [OAS] validation failed:
 - ERROR - Object instance has properties which are not allowed by the schema: [""randomBoolean1""]: []
"
f8185404-9986-4942-9ecf-c59a9df7434a,ac970173-4738-4bf8-bcaa-0f16e759e448,false,"[OAS] [OAS] validation failed:
 - ERROR - [Path '/projectId'] Instance type (object) does not match any allowed primitive type (allowed: [""integer""]): []
"
f8185404-9986-4942-9ecf-c59a9df7434a,6e1ace78-a838-4edd-bf8b-da208f3e500d,false,"[OAS] [OAS] validation failed:
 - ERROR - [Path '/commitMgrDesc'] Instance type (number) does not match any allowed primitive type (allowed: [""null"",""string""]): []
"
f8185404-9986-4942-9ecf-c59a9df7434a,3472cdf1-b574-455b-93ed-643eb14280e1,false,"[OAS] [OAS] validation failed:
 - ERROR - [Path '/employee'] Instance type (number) does not match any allowed primitive type (allowed: [""null"",""object""]): []
"
f8185404-9986-4942-9ecf-c59a9df7434a,b162503d-b5d3-467a-87c0-0d27fce73990,false,"[OAS] [OAS] validation failed:
 - ERROR - [Path '/employee/email'] Instance type (integer) does not match any allowed primitive type (allowed: [""string""]): []
"
f8185404-9986-4942-9ecf-c59a9df7434a,a646c8ce-3ad3-4ab0-ae91-f64c604a9bd7,false,"[OAS] [OAS] validation failed:
 - ERROR - [Path '/employee/hiredate'] Instance type (object) does not match any allowed primitive type (allowed: [""null"",""string""]): []
"
f8185404-9986-4942-9ecf-c59a9df7434a,7b7e4520-034e-4f7b-b580-bab13d065aa8,false,"[OAS] [OAS] validation failed:
 - ERROR - [Path '/employee/job'] Instance type (null) does not match any allowed primitive type (allowed: [""string""]): []
"
f8185404-9986-4942-9ecf-c59a9df7434a,c8ba6684-b809-455a-b7a3-5fd05e8198cd,false,"[OAS] [OAS] validation failed:
 - ERROR - [Path '/employee/department'] Instance type (array) does not match any allowed primitive type (allowed: [""null"",""object""]): []
"
f8185404-9986-4942-9ecf-c59a9df7434a,4acf2ff7-4e1b-41c2-8b3f-2d1cf42397fb,false,"[OAS] [OAS] validation failed:
 - ERROR - [Path '/employee/credential'] Instance type (null) does not match any allowed primitive type (allowed: [""object""]): []
"
f8185404-9986-4942-9ecf-c59a9df7434a,5ebff4a3-23e2-4e24-b5fe-3128d354bf71,false,"[OAS] [OAS] validation failed:
 - ERROR - [Path '/employee/credential/enabled'] Instance type (number) does not match any allowed primitive type (allowed: [""boolean""]): []
"
f8185404-9986-4942-9ecf-c59a9df7434a,083202a3-80f4-4cfc-aa93-cf48e2f406a7,false,"[OAS] [OAS] validation failed:
 - ERROR - [Path '/project/projectId'] Instance type (string) does not match any allowed primitive type (allowed: [""integer""]): []
"
f8185404-9986-4942-9ecf-c59a9df7434a,c095448c-d206-4227-a223-11654d0233ce,false,"[OAS] [OAS] validation failed:
 - ERROR - [Path '/project/title'] Instance type (boolean) does not match any allowed primitive type (allowed: [""string""]): []
"
f8185404-9986-4942-9ecf-c59a9df7434a,414bb3ba-01f7-4c58-a954-5e11397966d2,false,"[OAS] [OAS] validation failed:
 - ERROR - [Path '/project/endDate'] Instance type (integer) does not match any allowed primitive type (allowed: [""string""]): []
"
f8185404-9986-4942-9ecf-c59a9df7434a,c6d990b8-a198-4d47-a46e-0d363fc75ac3,false,"[OAS] [OAS] validation failed:
 - ERROR - [Path '/project/status'] Instance type (integer) does not match any allowed primitive type (allowed: [""string""]): []
"
2e3f43e0-6297-4a74-ab5f-40a2ffc46b64,85bf4311-9e6e-446d-9c48-fb44fa5bd666,false,"[OAS] [OAS] validation failed:
 - ERROR - Response status 204 not defined for path '/app/api/assignments'.: []
"
2e3f43e0-6297-4a74-ab5f-40a2ffc46b64,00e488c5-c06d-45ca-9fb9-3046addb1b00,false,"[OAS] [OAS] validation failed:
 - ERROR - Object instance has properties which are not allowed by the schema: [""randomBoolean1""]: []
"
2e3f43e0-6297-4a74-ab5f-40a2ffc46b64,67cae0f5-f13f-4b1a-a639-ef263f07091a,false,"[OAS] [OAS] validation failed:
 - ERROR - [Path '/employeeId'] Instance type (null) does not match any allowed primitive type (allowed: [""integer""]): []
"
2e3f43e0-6297-4a74-ab5f-40a2ffc46b64,6fd03fba-9dc5-4336-bfeb-c07d7480f7ec,false,"[OAS] [OAS] validation failed:
 - ERROR - [Path '/projectId'] Instance type (null) does not match any allowed primitive type (allowed: [""integer""]): []
"
2e3f43e0-6297-4a74-ab5f-40a2ffc46b64,08b8323e-f1d2-4505-8b58-eb2dcf407b6a,false,"[OAS] [OAS] validation failed:
 - ERROR - [Path '/commitDate'] Instance type (number) does not match any allowed primitive type (allowed: [""null"",""string""]): []
"
2e3f43e0-6297-4a74-ab5f-40a2ffc46b64,fa5eab6c-49b6-42b5-b690-f1d3c6d6f1ce,false,"[OAS] [OAS] validation failed:
 - ERROR - [Path '/commitEmpDesc'] Instance type (object) does not match any allowed primitive type (allowed: [""null"",""string""]): []
"
2e3f43e0-6297-4a74-ab5f-40a2ffc46b64,7dd9c60e-7034-4acf-816c-d932a6b062d8,false,"[OAS] [OAS] validation failed:
 - ERROR - [Path '/employee/employeeId'] Instance type (null) does not match any allowed primitive type (allowed: [""integer""]): []
"
2e3f43e0-6297-4a74-ab5f-40a2ffc46b64,f0d30aef-0940-48e4-95d7-4c2573883d16,false,"[OAS] [OAS] validation failed:
 - ERROR - [Path '/employee/email'] Instance type (null) does not match any allowed primitive type (allowed: [""string""]): []
"
2e3f43e0-6297-4a74-ab5f-40a2ffc46b64,65551faa-9497-4676-b679-66806b1f27fb,false,"[OAS] [OAS] validation failed:
 - ERROR - [Path '/employee/hiredate'] Instance type (object) does not match any allowed primitive type (allowed: [""null"",""string""]): []
"
2e3f43e0-6297-4a74-ab5f-40a2ffc46b64,0efc5f56-67df-45b0-a905-4c150284fcc1,false,"[OAS] [OAS] validation failed:
 - ERROR - [Path '/employee/job'] Instance type (null) does not match any allowed primitive type (allowed: [""string""]): []
"
2e3f43e0-6297-4a74-ab5f-40a2ffc46b64,b78a0edb-2cb2-4108-a41e-84ed056a417f,false,"[OAS] [OAS] validation failed:
 - ERROR - [Path '/employee/salary'] Instance type (null) does not match any allowed primitive type (allowed: [""integer"",""number""]): []
"
2e3f43e0-6297-4a74-ab5f-40a2ffc46b64,4097f181-242b-4e9b-9ca2-e6e6564f3749,false,"[OAS] [OAS] validation failed:
 - ERROR - [Path '/employee/manager'] Instance type (array) does not match any allowed primitive type (allowed: [""null"",""object""]): []
"
2e3f43e0-6297-4a74-ab5f-40a2ffc46b64,0b3f5891-be37-4c33-8807-f3e610b4c381,false,"[OAS] [OAS] validation failed:
 - ERROR - [Path '/employee/department'] Instance type (array) does not match any allowed primitive type (allowed: [""null"",""object""]): []
"
2e3f43e0-6297-4a74-ab5f-40a2ffc46b64,8ec307b5-5123-4855-bab5-302a31930335,false,"[OAS] [OAS] validation failed:
 - ERROR - [Path '/employee/department/departmentId'] Instance type (null) does not match any allowed primitive type (allowed: [""integer""]): []
"
2e3f43e0-6297-4a74-ab5f-40a2ffc46b64,20121ed0-609a-4d72-8203-9f2f8f32910a,false,"[OAS] [OAS] validation failed:
 - ERROR - [Path '/employee/department/location'] Instance type (null) does not match any allowed primitive type (allowed: [""object""]): []
"
2e3f43e0-6297-4a74-ab5f-40a2ffc46b64,18905a36-5c71-407f-9b75-bfa46f2eec3d,false,"[OAS] [OAS] validation failed:
 - ERROR - [Path '/employee/department/location/postalCode'] Instance type (null) does not match any allowed primitive type (allowed: [""string""]): []
"
2e3f43e0-6297-4a74-ab5f-40a2ffc46b64,bdf973e7-298e-498e-9534-5fe028998a38,false,"[OAS] [OAS] validation failed:
 - ERROR - [Path '/employee/credential'] Object instance has properties which are not allowed by the schema: [""randomNull1""]: []
"
2e3f43e0-6297-4a74-ab5f-40a2ffc46b64,f9d5531c-999b-4e99-a905-509c527e9f21,false,"[OAS] [OAS] validation failed:
 - ERROR - [Path '/employee/credential/username'] Instance type (boolean) does not match any allowed primitive type (allowed: [""string""]): []
"
2e3f43e0-6297-4a74-ab5f-40a2ffc46b64,f5513e49-aec7-4728-a10f-e27f8efe7133,false,"[OAS] [OAS] validation failed:
 - ERROR - [Path '/employee/credential/role'] Instance type (integer) does not match any allowed primitive type (allowed: [""string""]): []
"
2e3f43e0-6297-4a74-ab5f-40a2ffc46b64,9f6cbe36-a9c4-4e64-9f2b-df4c80cc95b6,false,"[OAS] [OAS] validation failed:
 - ERROR - [Path '/project'] Instance type (array) does not match any allowed primitive type (allowed: [""null"",""object""]): []
"
2e3f43e0-6297-4a74-ab5f-40a2ffc46b64,3b79a560-3e24-4707-ae4a-c7750c7d12d4,false,"[OAS] [OAS] validation failed:
 - ERROR - [Path '/project/projectId'] Instance type (object) does not match any allowed primitive type (allowed: [""integer""]): []
"
2530cb31-ebad-478e-8f20-7b1fe6c41b9e,b0f2f4ea-6eb3-49ac-8c9e-0c77b3cef7b8,false,"[OAS] [OAS] validation failed:
 - ERROR - Response status 401 not defined for path '/app/api/assignments'.: []
"
2530cb31-ebad-478e-8f20-7b1fe6c41b9e,4e729882-0a43-4c66-a4e6-4c3d80411110,false,"[OAS] [OAS] validation failed:
 - ERROR - Object instance has properties which are not allowed by the schema: [""{\""employeeId\"":7,\""projectId\"":1,\""commitDate\"":\""13-12-202017:30:00\"",\""commitEmpDesc\"":\""\"",\""commitMgrDesc\"":\""this is a new assignment\"",\""employee\"":null,\""project\"":{\""projectId\"":2,\""title\"":\""SYNCH_BSCS_IMX\"",\""startDate\"":\""26-11-2020\"",\""endDate\"":\""25-03-2021\"",\""status\"":\""IN_PROGRESS\""}}""]: []
"
2530cb31-ebad-478e-8f20-7b1fe6c41b9e,347eb150-d853-4b4c-a640-9966bed096a1,false,"[OAS] [OAS] validation failed:
 - ERROR - [Path '/employeeId'] Instance type (number) does not match any allowed primitive type (allowed: [""integer""]): []
"
2530cb31-ebad-478e-8f20-7b1fe6c41b9e,37271fda-d38b-416e-b27a-7758ede15e6e,false,"[OAS] [OAS] validation failed:
 - ERROR - [Path '/projectId'] Instance type (null) does not match any allowed primitive type (allowed: [""integer""]): []
"
2530cb31-ebad-478e-8f20-7b1fe6c41b9e,5b366bac-b520-4517-8451-7deba29aa92c,false,"[OAS] [OAS] validation failed:
 - ERROR - [Path '/employee'] Instance type (number) does not match any allowed primitive type (allowed: [""null"",""object""]): []
"
2530cb31-ebad-478e-8f20-7b1fe6c41b9e,aa202535-2085-41ed-b6a9-2825841a847a,false,"[OAS] [OAS] validation failed:
 - ERROR - [Path '/project'] Object instance has properties which are not allowed by the schema: [""randomBoolean1"",""randomObject2""]: []
"
2530cb31-ebad-478e-8f20-7b1fe6c41b9e,93599781-44bd-42d7-872a-fae33dee2531,false,"[OAS] [OAS] validation failed:
 - ERROR - [Path '/project/projectId'] Instance type (object) does not match any allowed primitive type (allowed: [""integer""]): []
"
2530cb31-ebad-478e-8f20-7b1fe6c41b9e,c6deb92a-0e0b-463e-a987-2a39cfef8760,false,"[OAS] [OAS] validation failed:
 - ERROR - [Path '/project/title'] Instance type (null) does not match any allowed primitive type (allowed: [""string""]): []
"
2530cb31-ebad-478e-8f20-7b1fe6c41b9e,c97b77a2-f6d7-454c-9b03-235f05261f91,false,"[OAS] [OAS] validation failed:
 - ERROR - [Path '/project/status'] Instance type (null) does not match any allowed primitive type (allowed: [""string""]): []
"
51b0cb72-b59d-43d7-acab-816633f7b3d0,bdc712b8-3c57-49f5-bfd9-57e0922f1fa3,false,"[OAS] [OAS] validation failed:
 - ERROR - Response status 204 not defined for path '/app/api/assignments'.: []
"
51b0cb72-b59d-43d7-acab-816633f7b3d0,c25d91b1-9ebe-4361-9ef6-e16ea77d47d4,false,"[OAS] [OAS] validation failed:
 - ERROR - [Path '/projectId'] Instance type (object) does not match any allowed primitive type (allowed: [""integer""]): []
"
51b0cb72-b59d-43d7-acab-816633f7b3d0,3f6dabaf-b389-4ed5-b552-11477bcbcc8c,false,"[OAS] [OAS] validation failed:
 - ERROR - [Path '/commitEmpDesc'] Instance type (object) does not match any allowed primitive type (allowed: [""null"",""string""]): []
"
51b0cb72-b59d-43d7-acab-816633f7b3d0,46527118-20c4-41c4-affd-8e2e2d002d8f,false,"[OAS] [OAS] validation failed:
 - ERROR - [Path '/employee/employeeId'] Instance type (null) does not match any allowed primitive type (allowed: [""integer""]): []
"
51b0cb72-b59d-43d7-acab-816633f7b3d0,cd6a60aa-1b57-41b1-90e4-e561c1fd4777,false,"[OAS] [OAS] validation failed:
 - ERROR - [Path '/employee/firstName'] Instance type (array) does not match any allowed primitive type (allowed: [""string""]): []
"
51b0cb72-b59d-43d7-acab-816633f7b3d0,c7a1b432-944d-4646-a9b4-c37bd24a6caf,false,"[OAS] [OAS] validation failed:
 - ERROR - [Path '/employee/lastName'] Instance type (null) does not match any allowed primitive type (allowed: [""string""]): []
"
51b0cb72-b59d-43d7-acab-816633f7b3d0,f3e4ae3f-1bb6-4752-a729-b7abf25c1ee8,false,"[OAS] [OAS] validation failed:
 - ERROR - [Path '/employee/phone'] Instance type (null) does not match any allowed primitive type (allowed: [""string""]): []
"
51b0cb72-b59d-43d7-acab-816633f7b3d0,ecb4ccff-10bd-4ab7-b6ba-0556384cc3c9,false,"[OAS] [OAS] validation failed:
 - ERROR - [Path '/employee/hiredate'] Instance type (array) does not match any allowed primitive type (allowed: [""null"",""string""]): []
"
51b0cb72-b59d-43d7-acab-816633f7b3d0,44937b15-e68b-4811-afa5-fcc6d934e304,false,"[OAS] [OAS] validation failed:
 - ERROR - [Path '/employee/salary'] Instance type (null) does not match any allowed primitive type (allowed: [""integer"",""number""]): []
"
51b0cb72-b59d-43d7-acab-816633f7b3d0,8f2bae69-287f-4952-bca9-5bbc3e548ec0,false,"[OAS] [OAS] validation failed:
 - ERROR - [Path '/employee/manager/email'] Instance type (array) does not match any allowed primitive type (allowed: [""string""]): []
"
51b0cb72-b59d-43d7-acab-816633f7b3d0,a6dc2821-99d4-4122-9519-d11ccd5e5cb1,false,"[OAS] [OAS] validation failed:
 - ERROR - [Path '/employee/manager/phone'] Instance type (null) does not match any allowed primitive type (allowed: [""string""]): []
"
51b0cb72-b59d-43d7-acab-816633f7b3d0,45d06ede-5f91-4d1e-b633-784850d91918,false,"[OAS] [OAS] validation failed:
 - ERROR - [Path '/employee/manager/hiredate'] Instance type (number) does not match any allowed primitive type (allowed: [""null"",""string""]): []
"
51b0cb72-b59d-43d7-acab-816633f7b3d0,6aa7d251-fdca-48c9-9035-958d73a91a90,false,"[OAS] [OAS] validation failed:
 - ERROR - [Path '/employee/manager/salary'] Instance type (null) does not match any allowed primitive type (allowed: [""integer"",""number""]): []
"
51b0cb72-b59d-43d7-acab-816633f7b3d0,e4c4693b-8910-4bc7-b652-4d3cc9c42384,false,"[OAS] [OAS] validation failed:
 - ERROR - [Path '/employee/manager/department'] Instance type (integer) does not match any allowed primitive type (allowed: [""null"",""object""]): []
"
51b0cb72-b59d-43d7-acab-816633f7b3d0,039c3a50-0977-4fae-93cb-6eef3190443e,false,"[OAS] [OAS] validation failed:
 - ERROR - [Path '/employee/manager/department/departmentId'] Instance type (null) does not match any allowed primitive type (allowed: [""integer""]): []
"
51b0cb72-b59d-43d7-acab-816633f7b3d0,904c8943-bbc3-46f7-9521-1b11dff0bf0b,false,"[OAS] [OAS] validation failed:
 - ERROR - [Path '/employee/manager/department/departmentName'] Instance type (null) does not match any allowed primitive type (allowed: [""string""]): []
"
51b0cb72-b59d-43d7-acab-816633f7b3d0,59abd5fa-6872-4063-9d33-16afe716b1c2,false,"[OAS] [OAS] validation failed:
 - ERROR - [Path '/employee/manager/department/location'] Object instance has properties which are not allowed by the schema: [""randomNull1""]: []
"
51b0cb72-b59d-43d7-acab-816633f7b3d0,bd5ccd9f-7a78-43a6-beb1-04b27ceafe45,false,"[OAS] [OAS] validation failed:
 - ERROR - [Path '/employee/manager/credential'] Object instance has properties which are not allowed by the schema: [""randomLong1""]: []
"
51b0cb72-b59d-43d7-acab-816633f7b3d0,1cb5c3ef-5c7c-4351-b561-0cd9e8054038,false,"[OAS] [OAS] validation failed:
 - ERROR - [Path '/employee/manager/credential/credentialId'] Instance type (null) does not match any allowed primitive type (allowed: [""integer""]): []
"
51b0cb72-b59d-43d7-acab-816633f7b3d0,ab1b082b-e2aa-46a6-aa2d-afbfbff7b788,false,"[OAS] [OAS] validation failed:
 - ERROR - [Path '/employee/manager/credential/username'] Instance type (object) does not match any allowed primitive type (allowed: [""string""]): []
"
51b0cb72-b59d-43d7-acab-816633f7b3d0,daea2488-299f-4135-a290-6e9d2b27ac29,false,"[OAS] [OAS] validation failed:
 - ERROR - [Path '/employee/manager/credential/enabled'] Instance type (number) does not match any allowed primitive type (allowed: [""boolean""]): []
"
51b0cb72-b59d-43d7-acab-816633f7b3d0,9f4040ed-3b0d-488f-b379-f72c54f7f1d2,false,"[OAS] [OAS] validation failed:
 - ERROR - [Path '/employee/department/departmentId'] Instance type (null) does not match any allowed primitive type (allowed: [""integer""]): []
"
51b0cb72-b59d-43d7-acab-816633f7b3d0,d01a7fe0-f101-4c25-aa5d-054e245ae61e,false,"[OAS] [OAS] validation failed:
 - ERROR - [Path '/employee/department/departmentName'] Instance type (object) does not match any allowed primitive type (allowed: [""string""]): []
"
51b0cb72-b59d-43d7-acab-816633f7b3d0,661b09d4-a4ac-4126-9e7c-c26a1bcdc534,false,"[OAS] [OAS] validation failed:
 - ERROR - [Path '/employee/department/location'] Instance type (boolean) does not match any allowed primitive type (allowed: [""object""]): []
"
51b0cb72-b59d-43d7-acab-816633f7b3d0,64404298-5ffb-4e3e-8115-05b036a18122,false,"[OAS] [OAS] validation failed:
 - ERROR - [Path '/employee/department/location/locationId'] Instance type (string) does not match any allowed primitive type (allowed: [""integer""]): []
"
51b0cb72-b59d-43d7-acab-816633f7b3d0,a37991bd-5110-456e-ab8c-01b463c87c48,false,"[OAS] [OAS] validation failed:
 - ERROR - [Path '/employee/department/location/postalCode'] Instance type (integer) does not match any allowed primitive type (allowed: [""string""]): []
"
51b0cb72-b59d-43d7-acab-816633f7b3d0,23957932-5c65-47ad-a517-04efe0f3d8ca,false,"[OAS] [OAS] validation failed:
 - ERROR - [Path '/employee/credential'] Instance type (null) does not match any allowed primitive type (allowed: [""object""]): []
"
51b0cb72-b59d-43d7-acab-816633f7b3d0,fbf5a3b3-4f5a-4ff4-a0dc-267bb1d62742,false,"[OAS] [OAS] validation failed:
 - ERROR - [Path '/employee/credential/credentialId'] Instance type (null) does not match any allowed primitive type (allowed: [""integer""]): []
"
51b0cb72-b59d-43d7-acab-816633f7b3d0,fd761441-2d61-4123-9b0e-34c07b39bbe8,false,"[OAS] [OAS] validation failed:
 - ERROR - [Path '/employee/credential/password'] Instance type (integer) does not match any allowed primitive type (allowed: [""string""]): []
"
51b0cb72-b59d-43d7-acab-816633f7b3d0,ee74ed32-c96d-4e32-adc5-719b7de90b11,false,"[OAS] [OAS] validation failed:
 - ERROR - [Path '/employee/credential/role'] Instance type (null) does not match any allowed primitive type (allowed: [""string""]): []
"
a81749ad-9e6a-4a15-982b-f16d0442759f,c6d6bc31-08c0-45c1-920a-58b338b59814,false,[NO_5XX] Unexpected 5XX response: 503
a81749ad-9e6a-4a15-982b-f16d0442759f,723fe0c9-82b5-4ac3-94ed-b6e991f9f50d,false,"[OAS] [OAS] validation failed:
 - ERROR - Object instance has properties which are not allowed by the schema: [""randomBoolean1""]: []
"
a81749ad-9e6a-4a15-982b-f16d0442759f,6cdc7d42-e3cf-4162-9d30-d269e7fcbabb,false,"[OAS] [OAS] validation failed:
 - ERROR - [Path '/employeeId'] Instance type (number) does not match any allowed primitive type (allowed: [""integer""]): []
"
a81749ad-9e6a-4a15-982b-f16d0442759f,4a44ceb8-9bde-44c7-a008-53e507852338,false,"[OAS] [OAS] validation failed:
 - ERROR - [Path '/commitDate'] Instance type (number) does not match any allowed primitive type (allowed: [""null"",""string""]): []
"
a81749ad-9e6a-4a15-982b-f16d0442759f,732aa2d7-0659-4b00-a508-9e4797753b34,false,"[OAS] [OAS] validation failed:
 - ERROR - [Path '/commitEmpDesc'] Instance type (number) does not match any allowed primitive type (allowed: [""null"",""string""]): []
"
a81749ad-9e6a-4a15-982b-f16d0442759f,ae224fb6-4990-4d4b-a4ed-a739b93e3ebb,false,"[OAS] [OAS] validation failed:
 - ERROR - [Path '/employee/employeeId'] Instance type (null) does not match any allowed primitive type (allowed: [""integer""]): []
"
a81749ad-9e6a-4a15-982b-f16d0442759f,9fe8863b-43f2-48f7-a1d3-c288e32fe719,false,"[OAS] [OAS] validation failed:
 - ERROR - [Path '/employee/firstName'] Instance type (object) does not match any allowed primitive type (allowed: [""string""]): []
"
a81749ad-9e6a-4a15-982b-f16d0442759f,fd5f5959-4fb7-48b3-bdd2-f90f34f2953c,false,"[OAS] [OAS] validation failed:
 - ERROR - [Path '/employee/lastName'] Instance type (array) does not match any allowed primitive type (allowed: [""string""]): []
"
a81749ad-9e6a-4a15-982b-f16d0442759f,c5e8a1b3-c44d-410d-b77e-ea1acf112c19,false,"[OAS] [OAS] validation failed:
 - ERROR - [Path '/employee/hiredate'] Instance type (object) does not match any allowed primitive type (allowed: [""null"",""string""]): []
"
a81749ad-9e6a-4a15-982b-f16d0442759f,493c4c52-8bcb-4864-9f8a-50ba601f0813,false,"[OAS] [OAS] validation failed:
 - ERROR - [Path '/employee/department'] Instance type (array) does not match any allowed primitive type (allowed: [""null"",""object""]): []
"
a81749ad-9e6a-4a15-982b-f16d0442759f,1a3e6f91-1333-45eb-937b-ded52ae08ae6,false,"[OAS] [OAS] validation failed:
 - ERROR - [Path '/employee/credential'] Instance type (null) does not match any allowed primitive type (allowed: [""object""]): []
"
a81749ad-9e6a-4a15-982b-f16d0442759f,83112cff-7414-4f46-960e-d9d79fb0cf82,false,"[OAS] [OAS] validation failed:
 - ERROR - [Path '/employee/credential/enabled'] Instance type (number) does not match any allowed primitive type (allowed: [""boolean""]): []
"
a81749ad-9e6a-4a15-982b-f16d0442759f,f10aaf6d-8cfe-47b3-8e10-f7161aa8b5d6,false,"[OAS] [OAS] validation failed:
 - ERROR - [Path '/employee/credential/role'] Instance type (object) does not match any allowed primitive type (allowed: [""string""]): []
"
a81749ad-9e6a-4a15-982b-f16d0442759f,04c31de2-6953-45b6-bfbf-e64e7500a6f1,false,"[OAS] [OAS] validation failed:
 - ERROR - [Path '/project'] Instance type (integer) does not match any allowed primitive type (allowed: [""null"",""object""]): []
"
7324b653-9b9f-4931-90a5-434c50386d72,4304ef68-9764-4c5b-b864-e49befbd6dd6,false,"[OAS] [OAS] validation failed:
 - ERROR - Response status 409 not defined for path '/app/api/assignments'.: []
"
7324b653-9b9f-4931-90a5-434c50386d72,23df1d90-702a-4c93-b979-ad1ffbf91442,false,"[OAS] [OAS] validation failed:
 - ERROR - Object instance has properties which are not allowed by the schema: [""randomBoolean1""]: []
"
7324b653-9b9f-4931-90a5-434c50386d72,f4c23098-496e-4b5d-97eb-d6147e8f79cd,false,"[OAS] [OAS] validation failed:
 - ERROR - [Path '/employeeId'] Instance type (number) does not match any allowed primitive type (allowed: [""integer""]): []
"
7324b653-9b9f-4931-90a5-434c50386d72,7848c687-8365-4aa2-b7a9-f72732717894,false,"[OAS] [OAS] validation failed:
 - ERROR - [Path '/commitDate'] Instance type (number) does not match any allowed primitive type (allowed: [""null"",""string""]): []
"
7324b653-9b9f-4931-90a5-434c50386d72,33646b42-4106-4f79-9a39-8007e3053600,false,"[OAS] [OAS] validation failed:
 - ERROR - [Path '/employee'] Instance type (number) does not match any allowed primitive type (allowed: [""null"",""object""]): []
"
7324b653-9b9f-4931-90a5-434c50386d72,e522f2db-2b75-4aa2-b39c-35b3aeb1da8c,false,"[OAS] [OAS] validation failed:
 - ERROR - [Path '/employee/employeeId'] Instance type (object) does not match any allowed primitive type (allowed: [""integer""]): []
"
7324b653-9b9f-4931-90a5-434c50386d72,fb4fa568-a4ca-4b12-8c30-938343a6c99a,false,"[OAS] [OAS] validation failed:
 - ERROR - [Path '/employee/salary'] Instance type (boolean) does not match any allowed primitive type (allowed: [""integer"",""number""]): []
"
7324b653-9b9f-4931-90a5-434c50386d72,706288ff-e453-4dab-be90-fc0a43dd0990,false,"[OAS] [OAS] validation failed:
 - ERROR - [Path '/employee/manager/lastName'] Instance type (boolean) does not match any allowed primitive type (allowed: [""string""]): []
"
7324b653-9b9f-4931-90a5-434c50386d72,dfbc4329-03e9-4912-80f9-08e64c330468,false,"[OAS] [OAS] validation failed:
 - ERROR - [Path '/employee/manager/email'] Instance type (null) does not match any allowed primitive type (allowed: [""string""]): []
"
7324b653-9b9f-4931-90a5-434c50386d72,4c6f26d4-b925-4af3-b9b7-f80f0265ea9a,false,"[OAS] [OAS] validation failed:
 - ERROR - [Path '/employee/manager/hiredate'] Instance type (number) does not match any allowed primitive type (allowed: [""null"",""string""]): []
"
7324b653-9b9f-4931-90a5-434c50386d72,5af51264-1ba0-4e34-b3be-f9783ce855c0,false,"[OAS] [OAS] validation failed:
 - ERROR - [Path '/employee/manager/department'] Object instance has properties which are not allowed by the schema: [""randomArray4"",""randomLong1"",""randomObject2"",""randomString3""]: []
"
7324b653-9b9f-4931-90a5-434c50386d72,ca3857a3-8052-4f32-897d-2ae0dad94811,false,"[OAS] [OAS] validation failed:
 - ERROR - [Path '/employee/manager/department/departmentId'] Instance type (string) does not match any allowed primitive type (allowed: [""integer""]): []
"
7324b653-9b9f-4931-90a5-434c50386d72,b0b95af2-5195-41bc-ae68-9a063c2f3869,false,"[OAS] [OAS] validation failed:
 - ERROR - [Path '/employee/manager/department/location'] Object instance has properties which are not allowed by the schema: [""randomNull1""]: []
"
7324b653-9b9f-4931-90a5-434c50386d72,23d44c7d-dcca-4352-8fde-97f8a963adee,false,"[OAS] [OAS] validation failed:
 - ERROR - [Path '/employee/manager/department/location/locationId'] Instance type (array) does not match any allowed primitive type (allowed: [""integer""]): []
"
7324b653-9b9f-4931-90a5-434c50386d72,bf7fe0d1-b89e-4aca-b90f-7516bddc35dd,false,"[OAS] [OAS] validation failed:
 - ERROR - [Path '/employee/manager/department/location/adr'] Instance type (array) does not match any allowed primitive type (allowed: [""string""]): []
"
7324b653-9b9f-4931-90a5-434c50386d72,abccd35d-4764-4da4-8386-cb0d8d4cd198,false,"[OAS] [OAS] validation failed:
 - ERROR - [Path '/employee/manager/department/location/postalCode'] Instance type (boolean) does not match any allowed primitive type (allowed: [""string""]): []
"
7324b653-9b9f-4931-90a5-434c50386d72,ad775b27-2769-4dc4-963b-8a160bf4902b,false,"[OAS] [OAS] validation failed:
 - ERROR - [Path '/employee/manager/department/location/city'] Instance type (array) does not match any allowed primitive type (allowed: [""string""]): []
"
7324b653-9b9f-4931-90a5-434c50386d72,502ef50c-c1a8-44fa-81e2-2fadb13c54fc,false,"[OAS] [OAS] validation failed:
 - ERROR - [Path '/employee/manager/credential'] Instance type (null) does not match any allowed primitive type (allowed: [""object""]): []
"
7324b653-9b9f-4931-90a5-434c50386d72,fd07867a-47ec-45b5-af23-99456f628db8,false,"[OAS] [OAS] validation failed:
 - ERROR - [Path '/employee/manager/credential/username'] Instance type (object) does not match any allowed primitive type (allowed: [""string""]): []
"
7324b653-9b9f-4931-90a5-434c50386d72,632c4fff-bfc6-4698-9b16-e3884861466d,false,"[OAS] [OAS] validation failed:
 - ERROR - [Path '/employee/manager/credential/enabled'] Instance type (number) does not match any allowed primitive type (allowed: [""boolean""]): []
"
7324b653-9b9f-4931-90a5-434c50386d72,d0d6af00-47f7-432f-9eff-3df5de4f2dc3,false,"[OAS] [OAS] validation failed:
 - ERROR - [Path '/employee/manager/credential/role'] Instance type (number) does not match any allowed primitive type (allowed: [""string""]): []
"
7324b653-9b9f-4931-90a5-434c50386d72,245bd2e1-855f-4fbe-acb5-68c55a94e0f1,false,"[OAS] [OAS] validation failed:
 - ERROR - [Path '/employee/department'] Object instance has properties which are not allowed by the schema: [""randomArray3"",""randomBoolean2"",""randomNull1"",""randomObject4""]: []
"
7324b653-9b9f-4931-90a5-434c50386d72,0ab8c4c1-43cb-44c0-855e-36ab24d0fe93,false,"[OAS] [OAS] validation failed:
 - ERROR - [Path '/employee/department/location'] Object instance has properties which are not allowed by the schema: [""randomFloat3"",""randomNull1"",""randomNull2""]: []
"
7324b653-9b9f-4931-90a5-434c50386d72,97b2b9bf-642a-44e2-b39d-86f63d67d3df,false,"[OAS] [OAS] validation failed:
 - ERROR - [Path '/employee/department/location/locationId'] Instance type (string) does not match any allowed primitive type (allowed: [""integer""]): []
"
7324b653-9b9f-4931-90a5-434c50386d72,70f5bbcc-25dc-4a28-ae0f-7791248772a2,false,"[OAS] [OAS] validation failed:
 - ERROR - [Path '/employee/department/location/postalCode'] Instance type (null) does not match any allowed primitive type (allowed: [""string""]): []
"
7324b653-9b9f-4931-90a5-434c50386d72,ba5c0466-ce11-4c26-adeb-26fc23979849,false,"[OAS] [OAS] validation failed:
 - ERROR - [Path '/employee/credential'] Instance type (array) does not match any allowed primitive type (allowed: [""object""]): []
"
7324b653-9b9f-4931-90a5-434c50386d72,66380f58-cf0d-4703-a700-a5ac36272d5d,false,"[OAS] [OAS] validation failed:
 - ERROR - [Path '/employee/credential/credentialId'] Instance type (object) does not match any allowed primitive type (allowed: [""integer""]): []
"
7324b653-9b9f-4931-90a5-434c50386d72,653266e3-0106-4264-bb4c-d1a0c9628e39,false,"[OAS] [OAS] validation failed:
 - ERROR - [Path '/employee/credential/username'] Instance type (integer) does not match any allowed primitive type (allowed: [""string""]): []
"
7324b653-9b9f-4931-90a5-434c50386d72,b8e1c02c-a915-4467-a923-893ab45e547a,false,"[OAS] [OAS] validation failed:
 - ERROR - [Path '/employee/credential/enabled'] Instance type (null) does not match any allowed primitive type (allowed: [""boolean""]): []
"
7324b653-9b9f-4931-90a5-434c50386d72,48bafdfd-440c-486e-99c6-e562eb67e03b,false,"[OAS] [OAS] validation failed:
 - ERROR - [Path '/employee/credential/role'] Instance type (object) does not match any allowed primitive type (allowed: [""string""]): []
"
7324b653-9b9f-4931-90a5-434c50386d72,6bb421df-83dc-4f98-b4e1-abf80f284b6a,false,"[OAS] [OAS] validation failed:
 - ERROR - [Path '/project'] Object instance has properties which are not allowed by the schema: [""randomNull1""]: []
"
7324b653-9b9f-4931-90a5-434c50386d72,6a05e5f0-b412-4876-ab61-25c87968b8ba,false,"[OAS] [OAS] validation failed:
 - ERROR - [Path '/project/title'] Instance type (null) does not match any allowed primitive type (allowed: [""string""]): []
"
7324b653-9b9f-4931-90a5-434c50386d72,4da27e60-44fe-432d-a03d-0337a2f1f069,false,"[OAS] [OAS] validation failed:
 - ERROR - [Path '/project/endDate'] Instance type (null) does not match any allowed primitive type (allowed: [""string""]): []
"
fbc000e5-4b59-4f3d-844e-b6cf67c04ffc,97359efc-83cc-4e93-90f7-bda2b58ac016,false,"[OAS] [OAS] validation failed:
 - ERROR - Response status 401 not defined for path '/app/api/assignments'.: []
"
fbc000e5-4b59-4f3d-844e-b6cf67c04ffc,e9c3be9a-859f-4f54-b718-dbc311d2b0b6,false,"[OAS] [OAS] validation failed:
 - ERROR - Object instance has properties which are not allowed by the schema: [""randomBoolean1""]: []
"
fbc000e5-4b59-4f3d-844e-b6cf67c04ffc,009031ec-d40c-44b3-b6d0-0141acd6e2ac,false,"[OAS] [OAS] validation failed:
 - ERROR - [Path '/employeeId'] Instance type (number) does not match any allowed primitive type (allowed: [""integer""]): []
"
fbc000e5-4b59-4f3d-844e-b6cf67c04ffc,456995f3-13af-486f-b5a4-225bcd60048b,false,"[OAS] [OAS] validation failed:
 - ERROR - [Path '/projectId'] Instance type (object) does not match any allowed primitive type (allowed: [""integer""]): []
"
fbc000e5-4b59-4f3d-844e-b6cf67c04ffc,bd95d104-23fa-44dc-9351-e1d156e054d2,false,"[OAS] [OAS] validation failed:
 - ERROR - [Path '/commitDate'] Instance type (number) does not match any allowed primitive type (allowed: [""null"",""string""]): []
"
fbc000e5-4b59-4f3d-844e-b6cf67c04ffc,c6460c9d-9cb3-4fbc-8281-a51070ff2009,false,"[OAS] [OAS] validation failed:
 - ERROR - [Path '/commitMgrDesc'] Instance type (object) does not match any allowed primitive type (allowed: [""null"",""string""]): []
"
fbc000e5-4b59-4f3d-844e-b6cf67c04ffc,aa62e7f7-e3f4-47a5-998c-a46d42dff8bf,false,"[OAS] [OAS] validation failed:
 - ERROR - [Path '/employee'] Instance type (number) does not match any allowed primitive type (allowed: [""null"",""object""]): []
"
fbc000e5-4b59-4f3d-844e-b6cf67c04ffc,dd05bc8d-4614-40ad-ada6-ac238bb8ba46,false,"[OAS] [OAS] validation failed:
 - ERROR - [Path '/employee/employeeId'] Instance type (object) does not match any allowed primitive type (allowed: [""integer""]): []
"
fbc000e5-4b59-4f3d-844e-b6cf67c04ffc,a7bd0ef8-2188-45f9-8e70-d74b7a94fb1d,false,"[OAS] [OAS] validation failed:
 - ERROR - [Path '/employee/firstName'] Instance type (null) does not match any allowed primitive type (allowed: [""string""]): []
"
fbc000e5-4b59-4f3d-844e-b6cf67c04ffc,4f5116b4-2c23-4ddc-bc2b-eaefa5c9c7ba,false,"[OAS] [OAS] validation failed:
 - ERROR - [Path '/employee/email'] Instance type (null) does not match any allowed primitive type (allowed: [""string""]): []
"
fbc000e5-4b59-4f3d-844e-b6cf67c04ffc,3bd1d3d3-ae7d-4715-a75a-7f7a75f0e863,false,"[OAS] [OAS] validation failed:
 - ERROR - [Path '/employee/phone'] Instance type (integer) does not match any allowed primitive type (allowed: [""string""]): []
"
fbc000e5-4b59-4f3d-844e-b6cf67c04ffc,f84419d3-2be9-4761-b62f-22b6d8242613,false,"[OAS] [OAS] validation failed:
 - ERROR - [Path '/employee/hiredate'] Instance type (object) does not match any allowed primitive type (allowed: [""null"",""string""]): []
"
fbc000e5-4b59-4f3d-844e-b6cf67c04ffc,ba2dc52d-d0fa-4aca-84d6-49fa2b26c96f,false,"[OAS] [OAS] validation failed:
 - ERROR - [Path '/employee/job'] Instance type (array) does not match any allowed primitive type (allowed: [""string""]): []
"
fbc000e5-4b59-4f3d-844e-b6cf67c04ffc,7ad53ada-c04d-48e8-bcf1-e9a2f143d9b0,false,"[OAS] [OAS] validation failed:
 - ERROR - [Path '/employee/salary'] Instance type (null) does not match any allowed primitive type (allowed: [""integer"",""number""]): []
"
fbc000e5-4b59-4f3d-844e-b6cf67c04ffc,3c1e0288-7ceb-4634-9831-1c331b2c7d35,false,"[OAS] [OAS] validation failed:
 - ERROR - [Path '/employee/manager'] Instance type (array) does not match any allowed primitive type (allowed: [""null"",""object""]): []
"
fbc000e5-4b59-4f3d-844e-b6cf67c04ffc,b88c887f-2bab-4b5a-a57f-07ae8bb670ca,false,"[OAS] [OAS] validation failed:
 - ERROR - [Path '/employee/department/departmentId'] Instance type (null) does not match any allowed primitive type (allowed: [""integer""]): []
"
fbc000e5-4b59-4f3d-844e-b6cf67c04ffc,ee152b50-61a3-46c7-8b44-3647770b94d7,false,"[OAS] [OAS] validation failed:
 - ERROR - [Path '/employee/department/location'] Instance type (null) does not match any allowed primitive type (allowed: [""object""]): []
"
fbc000e5-4b59-4f3d-844e-b6cf67c04ffc,c27d5111-526a-443a-afec-b08e962135b6,false,"[OAS] [OAS] validation failed:
 - ERROR - [Path '/employee/department/location/adr'] Instance type (null) does not match any allowed primitive type (allowed: [""string""]): []
"
fbc000e5-4b59-4f3d-844e-b6cf67c04ffc,f0fe247b-7f32-42b7-ac2a-c47ddefc896b,false,"[OAS] [OAS] validation failed:
 - ERROR - [Path '/employee/credential/credentialId'] Instance type (array) does not match any allowed primitive type (allowed: [""integer""]): []
"
fbc000e5-4b59-4f3d-844e-b6cf67c04ffc,214fe7c2-bce5-4a9b-bf8f-61747c1adcea,false,"[OAS] [OAS] validation failed:
 - ERROR - [Path '/employee/credential/username'] Instance type (boolean) does not match any allowed primitive type (allowed: [""string""]): []
"
fbc000e5-4b59-4f3d-844e-b6cf67c04ffc,d1b887ce-0e6e-4bc6-8cc3-02196580daae,false,"[OAS] [OAS] validation failed:
 - ERROR - [Path '/employee/credential/enabled'] Instance type (null) does not match any allowed primitive type (allowed: [""boolean""]): []
"
fbc000e5-4b59-4f3d-844e-b6cf67c04ffc,e6ff729a-c9ac-4a34-9ff2-ecae3165e618,false,"[OAS] [OAS] validation failed:
 - ERROR - [Path '/project'] Instance type (integer) does not match any allowed primitive type (allowed: [""null"",""object""]): []
"
c1cabb28-ee73-4644-a2fd-fc84d903f06f,162930f8-bfa9-4f55-9e58-be1a71eaf3e6,false,"[OAS] [OAS] validation failed:
 - ERROR - Object instance has properties which are not allowed by the schema: [""commitDate"",""commitEmpDesc"",""commitMgrDesc"",""employee"",""employeeId"",""project"",""projectId""]: []
 - ERROR - Object has missing required properties ([""msg"",""status""]): []
"
c1cabb28-ee73-4644-a2fd-fc84d903f06f,0a5691e8-abdc-436c-aa72-71e5ee17924a,false,"[OAS] [OAS] validation failed:
 - ERROR - Object instance has properties which are not allowed by the schema: [""randomBoolean1""]: []
"
c1cabb28-ee73-4644-a2fd-fc84d903f06f,5023e8ff-e716-45e5-8378-d5ae539c58e2,false,"[OAS] [OAS] validation failed:
 - ERROR - [Path '/employeeId'] Instance type (number) does not match any allowed primitive type (allowed: [""integer""]): []
"
c1cabb28-ee73-4644-a2fd-fc84d903f06f,950086b4-4ec2-4480-b455-a9903b12ecf9,false,"[OAS] [OAS] validation failed:
 - ERROR - [Path '/projectId'] Instance type (null) does not match any allowed primitive type (allowed: [""integer""]): []
"
c1cabb28-ee73-4644-a2fd-fc84d903f06f,e0f74a29-d998-4840-8018-48b3979f9801,false,"[OAS] [OAS] validation failed:
 - ERROR - [Path '/employee/employeeId'] Instance type (object) does not match any allowed primitive type (allowed: [""integer""]): []
"
c1cabb28-ee73-4644-a2fd-fc84d903f06f,37183641-5121-483b-ae6a-52b629bdd5bf,false,"[OAS] [OAS] validation failed:
 - ERROR - [Path '/employee/firstName'] Instance type (array) does not match any allowed primitive type (allowed: [""string""]): []
"
c1cabb28-ee73-4644-a2fd-fc84d903f06f,632432ea-516b-43ce-be84-42656bbec7e0,false,"[OAS] [OAS] validation failed:
 - ERROR - [Path '/employee/phone'] Instance type (null) does not match any allowed primitive type (allowed: [""string""]): []
"
c1cabb28-ee73-4644-a2fd-fc84d903f06f,24a0984b-4da1-4896-ac26-5054e02bb70a,false,"[OAS] [OAS] validation failed:
 - ERROR - [Path '/employee/salary'] Instance type (boolean) does not match any allowed primitive type (allowed: [""integer"",""number""]): []
"
c1cabb28-ee73-4644-a2fd-fc84d903f06f,ff97a4b6-4044-4ca8-b01e-ed28bd552636,false,"[OAS] [OAS] validation failed:
 - ERROR - [Path '/employee/manager'] Instance type (array) does not match any allowed primitive type (allowed: [""null"",""object""]): []
"
c1cabb28-ee73-4644-a2fd-fc84d903f06f,4114414e-dc50-4928-818a-4e62674edda7,false,"[OAS] [OAS] validation failed:
 - ERROR - [Path '/employee/manager/employeeId'] Instance type (array) does not match any allowed primitive type (allowed: [""integer""]): []
"
c1cabb28-ee73-4644-a2fd-fc84d903f06f,122cd322-54d9-4d31-b8ad-5c58d23b1747,false,"[OAS] [OAS] validation failed:
 - ERROR - [Path '/employee/manager/firstName'] Instance type (null) does not match any allowed primitive type (allowed: [""string""]): []
"
c1cabb28-ee73-4644-a2fd-fc84d903f06f,625c187c-7a7e-4e5e-bb9b-4f0da95655da,false,"[OAS] [OAS] validation failed:
 - ERROR - [Path '/employee/manager/lastName'] Instance type (boolean) does not match any allowed primitive type (allowed: [""string""]): []
"
c1cabb28-ee73-4644-a2fd-fc84d903f06f,f293cd80-581b-4162-84f9-35c7bcac3a05,false,"[OAS] [OAS] validation failed:
 - ERROR - [Path '/employee/manager/email'] Instance type (null) does not match any allowed primitive type (allowed: [""string""]): []
"
c1cabb28-ee73-4644-a2fd-fc84d903f06f,443281ab-f45a-4738-ba4c-5d995da0403e,false,"[OAS] [OAS] validation failed:
 - ERROR - [Path '/employee/manager/hiredate'] Instance type (number) does not match any allowed primitive type (allowed: [""null"",""string""]): []
"
c1cabb28-ee73-4644-a2fd-fc84d903f06f,a7ed614e-729b-44b9-9ec5-8c563294fa9e,false,"[OAS] [OAS] validation failed:
 - ERROR - [Path '/employee/manager/salary'] Instance type (object) does not match any allowed primitive type (allowed: [""integer"",""number""]): []
"
c1cabb28-ee73-4644-a2fd-fc84d903f06f,c0129d12-0f4b-45a2-befd-7bd5d0abd7a5,false,"[OAS] [OAS] validation failed:
 - ERROR - [Path '/employee/manager/department/location/locationId'] Instance type (array) does not match any allowed primitive type (allowed: [""integer""]): []
"
c1cabb28-ee73-4644-a2fd-fc84d903f06f,a79dca42-3fce-4200-a3d3-4fdd23d4597b,false,"[OAS] [OAS] validation failed:
 - ERROR - [Path '/employee/manager/department/location/adr'] Instance type (array) does not match any allowed primitive type (allowed: [""string""]): []
"
c1cabb28-ee73-4644-a2fd-fc84d903f06f,72d58bc7-d517-4c9d-8f56-8f788d4195c4,false,"[OAS] [OAS] validation failed:
 - ERROR - [Path '/employee/manager/credential'] Object instance has properties which are not allowed by the schema: [""randomLong1""]: []
"
c1cabb28-ee73-4644-a2fd-fc84d903f06f,260ea238-b6ee-423b-867d-b0219c0a4131,false,"[OAS] [OAS] validation failed:
 - ERROR - [Path '/employee/manager/credential/username'] Instance type (object) does not match any allowed primitive type (allowed: [""string""]): []
"
c1cabb28-ee73-4644-a2fd-fc84d903f06f,c42e10db-5965-4b1a-b0d7-815897c229ed,false,"[OAS] [OAS] validation failed:
 - ERROR - [Path '/employee/department/departmentName'] Instance type (object) does not match any allowed primitive type (allowed: [""string""]): []
"
c1cabb28-ee73-4644-a2fd-fc84d903f06f,d09c439c-86b8-4f5b-9f87-b3a462934af1,false,"[OAS] [OAS] validation failed:
 - ERROR - [Path '/employee/department/location/locationId'] Instance type (string) does not match any allowed primitive type (allowed: [""integer""]): []
"
c1cabb28-ee73-4644-a2fd-fc84d903f06f,b34290d5-79d8-4451-b81b-638f545e572a,false,"[OAS] [OAS] validation failed:
 - ERROR - [Path '/employee/credential'] Instance type (array) does not match any allowed primitive type (allowed: [""object""]): []
"
c1cabb28-ee73-4644-a2fd-fc84d903f06f,ece4e35a-f3c0-465e-bab3-637380d24fa2,false,"[OAS] [OAS] validation failed:
 - ERROR - [Path '/employee/credential/enabled'] Instance type (object) does not match any allowed primitive type (allowed: [""boolean""]): []
"
c1cabb28-ee73-4644-a2fd-fc84d903f06f,8ad3f4a4-84bf-4c4b-b9a5-6b58e9c1f807,false,"[OAS] [OAS] validation failed:
 - ERROR - [Path '/project/projectId'] Instance type (boolean) does not match any allowed primitive type (allowed: [""integer""]): []
"
93be017f-7f6c-4b26-81b0-8b93edb6e16a,371aa180-66ad-4f8e-b43d-7daf233b1e37,false,"[OAS] [OAS] validation failed:
 - ERROR - No response body is expected but one was found.: []
"
93be017f-7f6c-4b26-81b0-8b93edb6e16a,f2a62f7c-da2f-48e7-8e4a-0c16876b876b,false,"[OAS] [OAS] validation failed:
 - ERROR - Object instance has properties which are not allowed by the schema: [""randomBoolean1""]: []
"
93be017f-7f6c-4b26-81b0-8b93edb6e16a,807307cd-8f76-4ec0-8114-0b33d10fb533,false,"[OAS] [OAS] validation failed:
 - ERROR - [Path '/employeeId'] Instance type (number) does not match any allowed primitive type (allowed: [""integer""]): []
"
93be017f-7f6c-4b26-81b0-8b93edb6e16a,91fb884a-99d0-4d15-8925-ec2cbc3ec1c3,false,"[OAS] [OAS] validation failed:
 - ERROR - [Path '/projectId'] Instance type (object) does not match any allowed primitive type (allowed: [""integer""]): []
"
93be017f-7f6c-4b26-81b0-8b93edb6e16a,68380f82-4d3e-4b65-9e1e-788f904cac5a,false,"[OAS] [OAS] validation failed:
 - ERROR - [Path '/commitEmpDesc'] Instance type (number) does not match any allowed primitive type (allowed: [""null"",""string""]): []
"
93be017f-7f6c-4b26-81b0-8b93edb6e16a,b84d90fd-e670-48c4-9e21-8527fff65e90,false,"[OAS] [OAS] validation failed:
 - ERROR - [Path '/commitMgrDesc'] Instance type (object) does not match any allowed primitive type (allowed: [""null"",""string""]): []
"
93be017f-7f6c-4b26-81b0-8b93edb6e16a,889c1fa2-952f-452a-a49f-c766296db5c2,false,"[OAS] [OAS] validation failed:
 - ERROR - [Path '/employee/firstName'] Instance type (null) does not match any allowed primitive type (allowed: [""string""]): []
"
93be017f-7f6c-4b26-81b0-8b93edb6e16a,3fdbad9d-b174-4e90-acf1-67a1495e44f0,false,"[OAS] [OAS] validation failed:
 - ERROR - [Path '/employee/phone'] Instance type (null) does not match any allowed primitive type (allowed: [""string""]): []
"
93be017f-7f6c-4b26-81b0-8b93edb6e16a,5439a697-f1a1-44a5-8fc1-052b34fdc2cf,false,"[OAS] [OAS] validation failed:
 - ERROR - [Path '/employee/hiredate'] Instance type (object) does not match any allowed primitive type (allowed: [""null"",""string""]): []
"
93be017f-7f6c-4b26-81b0-8b93edb6e16a,ed64cd30-719c-46c1-82d0-bac673c5ca30,false,"[OAS] [OAS] validation failed:
 - ERROR - [Path '/employee/manager/employeeId'] Instance type (null) does not match any allowed primitive type (allowed: [""integer""]): []
"
93be017f-7f6c-4b26-81b0-8b93edb6e16a,1b4b78ba-ca27-4fe8-b842-39615c8bee97,false,"[OAS] [OAS] validation failed:
 - ERROR - [Path '/employee/manager/firstName'] Instance type (null) does not match any allowed primitive type (allowed: [""string""]): []
"
93be017f-7f6c-4b26-81b0-8b93edb6e16a,3e69b0e4-e019-4657-8ae9-bccbfd75b1a7,false,"[OAS] [OAS] validation failed:
 - ERROR - [Path '/employee/manager/hiredate'] Instance type (array) does not match any allowed primitive type (allowed: [""null"",""string""]): []
"
93be017f-7f6c-4b26-81b0-8b93edb6e16a,5ed200c1-7450-4163-8cf4-472782fa011b,false,"[OAS] [OAS] validation failed:
 - ERROR - [Path '/employee/manager/salary'] Instance type (null) does not match any allowed primitive type (allowed: [""integer"",""number""]): []
"
93be017f-7f6c-4b26-81b0-8b93edb6e16a,97b991bc-8aec-4b7d-b0f0-eae916fae4de,false,"[OAS] [OAS] validation failed:
 - ERROR - [Path '/employee/manager/manager'] Instance type (integer) does not match any allowed primitive type (allowed: [""null"",""object""]): []
"
93be017f-7f6c-4b26-81b0-8b93edb6e16a,7b9206eb-548b-437c-8978-e44b75331b89,false,"[OAS] [OAS] validation failed:
 - ERROR - [Path '/employee/manager/department/departmentName'] Instance type (array) does not match any allowed primitive type (allowed: [""string""]): []
"
93be017f-7f6c-4b26-81b0-8b93edb6e16a,e882ce62-10db-4ca5-be7a-8849e45ab9d0,false,"[OAS] [OAS] validation failed:
 - ERROR - [Path '/employee/manager/department/location'] Instance type (null) does not match any allowed primitive type (allowed: [""object""]): []
"
93be017f-7f6c-4b26-81b0-8b93edb6e16a,43272bfe-939d-4d20-9611-b0eab987f717,false,"[OAS] [OAS] validation failed:
 - ERROR - [Path '/employee/manager/department/location/locationId'] Instance type (array) does not match any allowed primitive type (allowed: [""integer""]): []
"
93be017f-7f6c-4b26-81b0-8b93edb6e16a,07b6ae70-93f7-46f8-85eb-1664dfd03072,false,"[OAS] [OAS] validation failed:
 - ERROR - [Path '/employee/manager/credential/credentialId'] Instance type (null) does not match any allowed primitive type (allowed: [""integer""]): []
"
93be017f-7f6c-4b26-81b0-8b93edb6e16a,033e022b-1d80-4b63-b345-440fff6aeef5,false,"[OAS] [OAS] validation failed:
 - ERROR - [Path '/employee/manager/credential/username'] Instance type (array) does not match any allowed primitive type (allowed: [""string""]): []
"
93be017f-7f6c-4b26-81b0-8b93edb6e16a,f854b5b7-a750-4c57-8d7a-c2619d3366ea,false,"[OAS] [OAS] validation failed:
 - ERROR - [Path '/employee/manager/credential/enabled'] Instance type (number) does not match any allowed primitive type (allowed: [""boolean""]): []
"
93be017f-7f6c-4b26-81b0-8b93edb6e16a,c9c58525-a390-4dce-8075-7e48be506779,false,"[OAS] [OAS] validation failed:
 - ERROR - [Path '/employee/department'] Object instance has properties which are not allowed by the schema: [""randomArray3"",""randomBoolean2"",""randomNull1"",""randomObject4""]: []
"
93be017f-7f6c-4b26-81b0-8b93edb6e16a,eb990c5a-285c-4d17-b1b0-4c484421ffe5,false,"[OAS] [OAS] validation failed:
 - ERROR - [Path '/employee/department/departmentName'] Instance type (object) does not match any allowed primitive type (allowed: [""string""]): []
"
93be017f-7f6c-4b26-81b0-8b93edb6e16a,4d590957-d9db-4cf8-8b93-e05049aea6cb,false,"[OAS] [OAS] validation failed:
 - ERROR - [Path '/employee/department/location'] Instance type (null) does not match any allowed primitive type (allowed: [""object""]): []
"
93be017f-7f6c-4b26-81b0-8b93edb6e16a,05d78b97-1ad2-4d60-a96b-8fab1cff2a59,false,"[OAS] [OAS] validation failed:
 - ERROR - [Path '/employee/department/location/locationId'] Instance type (string) does not match any allowed primitive type (allowed: [""integer""]): []
"
93be017f-7f6c-4b26-81b0-8b93edb6e16a,e6f97180-50f8-481c-b9bc-8771f9d41e15,false,"[OAS] [OAS] validation failed:
 - ERROR - [Path '/employee/department/location/city'] Instance type (null) does not match any allowed primitive type (allowed: [""string""]): []
"
93be017f-7f6c-4b26-81b0-8b93edb6e16a,95bf86d9-1c0f-4c5b-8987-f6fe055d1f78,false,"[OAS] [OAS] validation failed:
 - ERROR - [Path '/employee/credential'] Instance type (array) does not match any allowed primitive type (allowed: [""object""]): []
"
93be017f-7f6c-4b26-81b0-8b93edb6e16a,ebb5a9c8-d0ae-4ca4-b0ca-4749d93f34da,false,"[OAS] [OAS] validation failed:
 - ERROR - [Path '/employee/credential/password'] Instance type (integer) does not match any allowed primitive type (allowed: [""string""]): []
"
93be017f-7f6c-4b26-81b0-8b93edb6e16a,e210b4be-96f5-461e-953e-4e26c7363e28,false,"[OAS] [OAS] validation failed:
 - ERROR - [Path '/employee/credential/enabled'] Instance type (null) does not match any allowed primitive type (allowed: [""boolean""]): []
"
93be017f-7f6c-4b26-81b0-8b93edb6e16a,4b39a199-8e38-4855-a576-bba27cea60f8,false,"[OAS] [OAS] validation failed:
 - ERROR - [Path '/project/status'] Instance type (null) does not match any allowed primitive type (allowed: [""string""]): []
"
d2301779-205b-4805-a1bf-c67df3654489,1aa43b6f-e573-463e-8bf3-ef4ef9f7619e,false,[NO_5XX] Unexpected 5XX response: 500
d2301779-205b-4805-a1bf-c67df3654489,0610d8ab-c5b6-4413-b346-3b4767e1064b,false,"[OAS] [OAS] validation failed:
 - ERROR - Object instance has properties which are not allowed by the schema: [""randomBoolean1""]: []
"
d2301779-205b-4805-a1bf-c67df3654489,dd799551-5ea1-47e3-99b9-68b00f9040c0,false,"[OAS] [OAS] validation failed:
 - ERROR - [Path '/projectId'] Instance type (null) does not match any allowed primitive type (allowed: [""integer""]): []
"
d2301779-205b-4805-a1bf-c67df3654489,ee00fbb2-a695-401d-b3bc-061c446f3de4,false,"[OAS] [OAS] validation failed:
 - ERROR - [Path '/commitDate'] Instance type (number) does not match any allowed primitive type (allowed: [""null"",""string""]): []
"
d2301779-205b-4805-a1bf-c67df3654489,9bab7ed9-c62c-45b4-9442-0d96d6da2700,false,"[OAS] [OAS] validation failed:
 - ERROR - [Path '/commitEmpDesc'] Instance type (number) does not match any allowed primitive type (allowed: [""null"",""string""]): []
"
d2301779-205b-4805-a1bf-c67df3654489,b4cf2771-cfa8-47eb-a62b-37a9cd8ae5ef,false,"[OAS] [OAS] validation failed:
 - ERROR - [Path '/commitMgrDesc'] Instance type (object) does not match any allowed primitive type (allowed: [""null"",""string""]): []
"
d2301779-205b-4805-a1bf-c67df3654489,4cf86a86-858e-49dd-917c-542dc6745d01,false,"[OAS] [OAS] validation failed:
 - ERROR - [Path '/employee'] Instance type (number) does not match any allowed primitive type (allowed: [""null"",""object""]): []
"
d2301779-205b-4805-a1bf-c67df3654489,ea199046-dbb2-4d89-96c2-724eb51ce4bd,false,"[OAS] [OAS] validation failed:
 - ERROR - [Path '/employee/email'] Instance type (null) does not match any allowed primitive type (allowed: [""string""]): []
"
d2301779-205b-4805-a1bf-c67df3654489,fab789e2-e75f-42a7-931a-235d4d623507,false,"[OAS] [OAS] validation failed:
 - ERROR - [Path '/employee/phone'] Instance type (integer) does not match any allowed primitive type (allowed: [""string""]): []
"
d2301779-205b-4805-a1bf-c67df3654489,7d5c5f72-b6c4-4530-a160-7962be151169,false,"[OAS] [OAS] validation failed:
 - ERROR - [Path '/employee/job'] Instance type (null) does not match any allowed primitive type (allowed: [""string""]): []
"
d2301779-205b-4805-a1bf-c67df3654489,fd4a4f86-71cb-4734-a58e-507bced1bdc5,false,"[OAS] [OAS] validation failed:
 - ERROR - [Path '/employee/salary'] Instance type (boolean) does not match any allowed primitive type (allowed: [""integer"",""number""]): []
"
d2301779-205b-4805-a1bf-c67df3654489,23aeb05c-8ad7-4751-b71c-0956709c8f32,false,"[OAS] [OAS] validation failed:
 - ERROR - [Path '/employee/manager/lastName'] Instance type (null) does not match any allowed primitive type (allowed: [""string""]): []
"
d2301779-205b-4805-a1bf-c67df3654489,c3354213-c775-4045-adf9-e235f605cca1,false,"[OAS] [OAS] validation failed:
 - ERROR - [Path '/employee/manager/hiredate'] Instance type (object) does not match any allowed primitive type (allowed: [""null"",""string""]): []
"
d2301779-205b-4805-a1bf-c67df3654489,eca09de6-9e89-4570-b3af-5de2a8627ca3,false,"[OAS] [OAS] validation failed:
 - ERROR - [Path '/employee/manager/salary'] Instance type (object) does not match any allowed primitive type (allowed: [""integer"",""number""]): []
"
d2301779-205b-4805-a1bf-c67df3654489,9d0dcc41-4d50-4dc0-ac61-b58baaa7ffb6,false,"[OAS] [OAS] validation failed:
 - ERROR - [Path '/employee/manager/manager'] Instance type (array) does not match any allowed primitive type (allowed: [""null"",""object""]): []
"
d2301779-205b-4805-a1bf-c67df3654489,c2fc0536-8f6a-497f-953d-0222d9a1a925,false,"[OAS] [OAS] validation failed:
 - ERROR - [Path '/employee/manager/department/departmentId'] Instance type (null) does not match any allowed primitive type (allowed: [""integer""]): []
"
d2301779-205b-4805-a1bf-c67df3654489,6ee71271-a877-49df-8d45-a11fc207e6b4,false,"[OAS] [OAS] validation failed:
 - ERROR - [Path '/employee/manager/department/location/locationId'] Instance type (array) does not match any allowed primitive type (allowed: [""integer""]): []
"
d2301779-205b-4805-a1bf-c67df3654489,5eeb8149-d519-488c-91fa-5738fe8132e9,false,"[OAS] [OAS] validation failed:
 - ERROR - [Path '/employee/manager/department/location/adr'] Instance type (integer) does not match any allowed primitive type (allowed: [""string""]): []
"
d2301779-205b-4805-a1bf-c67df3654489,3673acc7-5704-49b0-9c6b-390bb034c8ef,false,"[OAS] [OAS] validation failed:
 - ERROR - [Path '/employee/manager/credential/credentialId'] Instance type (null) does not match any allowed primitive type (allowed: [""integer""]): []
"
d2301779-205b-4805-a1bf-c67df3654489,c5944ca4-5b91-47f8-98d5-4099a8e0a25a,false,"[OAS] [OAS] validation failed:
 - ERROR - [Path '/employee/manager/credential/password'] Instance type (array) does not match any allowed primitive type (allowed: [""string""]): []
"
d2301779-205b-4805-a1bf-c67df3654489,9dfe0a5d-1c41-49de-893a-96978f1072c6,false,"[OAS] [OAS] validation failed:
 - ERROR - [Path '/employee/manager/credential/enabled'] Instance type (null) does not match any allowed primitive type (allowed: [""boolean""]): []
"
d2301779-205b-4805-a1bf-c67df3654489,4e5b07b7-acf0-402e-827e-ffb59f7f16c8,false,"[OAS] [OAS] validation failed:
 - ERROR - [Path '/employee/manager/credential/role'] Instance type (object) does not match any allowed primitive type (allowed: [""string""]): []
"
d2301779-205b-4805-a1bf-c67df3654489,12e2c3b6-bdfe-452b-b1bf-dc37a342ec12,false,"[OAS] [OAS] validation failed:
 - ERROR - [Path '/employee/department/departmentId'] Instance type (array) does not match any allowed primitive type (allowed: [""integer""]): []
"
d2301779-205b-4805-a1bf-c67df3654489,c72e9289-5720-46b5-a467-a88b3b2e2a6a,false,"[OAS] [OAS] validation failed:
 - ERROR - [Path '/employee/department/location'] Object instance has properties which are not allowed by the schema: [""randomFloat3"",""randomNull1"",""randomNull2""]: []
"
d2301779-205b-4805-a1bf-c67df3654489,dd017e08-9f79-4867-88ac-f495a869b1d1,false,"[OAS] [OAS] validation failed:
 - ERROR - [Path '/employee/department/location/locationId'] Instance type (null) does not match any allowed primitive type (allowed: [""integer""]): []
"
d2301779-205b-4805-a1bf-c67df3654489,2b799676-c6ac-4200-8e04-953dbb0a74d6,false,"[OAS] [OAS] validation failed:
 - ERROR - [Path '/employee/credential/credentialId'] Instance type (null) does not match any allowed primitive type (allowed: [""integer""]): []
"
d2301779-205b-4805-a1bf-c67df3654489,e3269fa0-8896-408a-8686-2a5e5215f1ae,false,"[OAS] [OAS] validation failed:
 - ERROR - [Path '/employee/credential/password'] Instance type (null) does not match any allowed primitive type (allowed: [""string""]): []
"
d2301779-205b-4805-a1bf-c67df3654489,1880970b-92d8-418f-b6da-93f3e394740d,false,"[OAS] [OAS] validation failed:
 - ERROR - [Path '/employee/credential/enabled'] Instance type (object) does not match any allowed primitive type (allowed: [""boolean""]): []
"
d2301779-205b-4805-a1bf-c67df3654489,97e8fcc4-bd6c-4a59-b9f7-a376fbff0359,false,"[OAS] [OAS] validation failed:
 - ERROR - [Path '/employee/credential/role'] Instance type (integer) does not match any allowed primitive type (allowed: [""string""]): []
"
d2301779-205b-4805-a1bf-c67df3654489,1e3072dd-98ef-4ff8-b58e-947c42947210,false,"[OAS] [OAS] validation failed:
 - ERROR - [Path '/project/projectId'] Instance type (boolean) does not match any allowed primitive type (allowed: [""integer""]): []
"
d2301779-205b-4805-a1bf-c67df3654489,a1308ed6-0b5c-4767-8d3a-4a6fb0b650a8,false,"[OAS] [OAS] validation failed:
 - ERROR - [Path '/project/title'] Instance type (integer) does not match any allowed primitive type (allowed: [""string""]): []
"
d2301779-205b-4805-a1bf-c67df3654489,c72b0ecf-60fa-4dab-a373-dc1af5be4a6b,false,"[OAS] [OAS] validation failed:
 - ERROR - [Path '/project/startDate'] Instance type (null) does not match any allowed primitive type (allowed: [""string""]): []
"
d2301779-205b-4805-a1bf-c67df3654489,f4b4969c-a2e8-460e-977b-3847eb6bb9b3,false,"[OAS] [OAS] validation failed:
 - ERROR - [Path '/project/status'] Instance type (boolean) does not match any allowed primitive type (allowed: [""string""]): []
"
53789780-ae80-4e2e-8dab-34fbdddf53ef,f213fd9e-f750-4a7f-aa99-3a9d636e4eb3,false,"[OAS] [OAS] validation failed:
 - ERROR - No response body is expected but one was found.: []
"
53789780-ae80-4e2e-8dab-34fbdddf53ef,73653fab-dd37-43f7-91df-7c9c7b267ab4,false,"[OAS] [OAS] validation failed:
 - ERROR - Object instance has properties which are not allowed by the schema: [""randomBoolean1""]: []
"
53789780-ae80-4e2e-8dab-34fbdddf53ef,f976ffac-3e39-49ec-b7c7-5c34e7b9f1f7,false,"[OAS] [OAS] validation failed:
 - ERROR - [Path '/employeeId'] Instance type (number) does not match any allowed primitive type (allowed: [""integer""]): []
"
53789780-ae80-4e2e-8dab-34fbdddf53ef,6e1f9350-0fd2-4246-95a5-4430471a0910,false,"[OAS] [OAS] validation failed:
 - ERROR - [Path '/commitMgrDesc'] Instance type (object) does not match any allowed primitive type (allowed: [""null"",""string""]): []
"
53789780-ae80-4e2e-8dab-34fbdddf53ef,8d90c23d-e2c8-4b3e-9638-869d96cbc819,false,"[OAS] [OAS] validation failed:
 - ERROR - [Path '/employee/employeeId'] Instance type (object) does not match any allowed primitive type (allowed: [""integer""]): []
"
53789780-ae80-4e2e-8dab-34fbdddf53ef,5d9102ff-ea5c-4e89-831d-e12d7f754f60,false,"[OAS] [OAS] validation failed:
 - ERROR - [Path '/employee/phone'] Instance type (null) does not match any allowed primitive type (allowed: [""string""]): []
"
53789780-ae80-4e2e-8dab-34fbdddf53ef,e87205e3-e300-4cd5-94c1-7ddbba099364,false,"[OAS] [OAS] validation failed:
 - ERROR - [Path '/employee/hiredate'] Instance type (number) does not match any allowed primitive type (allowed: [""null"",""string""]): []
"
53789780-ae80-4e2e-8dab-34fbdddf53ef,c1d0a12b-769c-4e5c-80f9-b52cd7f83c76,false,"[OAS] [OAS] validation failed:
 - ERROR - [Path '/employee/credential'] Object instance has properties which are not allowed by the schema: [""randomArray3"",""randomLong2"",""randomObject1"",""randomObject4""]: []
"
53789780-ae80-4e2e-8dab-34fbdddf53ef,049cf52f-2b17-42b5-9259-8c1c73bf3590,false,"[OAS] [OAS] validation failed:
 - ERROR - [Path '/employee/credential/credentialId'] Instance type (null) does not match any allowed primitive type (allowed: [""integer""]): []
"
53789780-ae80-4e2e-8dab-34fbdddf53ef,96454da4-1bf5-4809-85ec-22ec642fb7c2,false,"[OAS] [OAS] validation failed:
 - ERROR - [Path '/employee/credential/enabled'] Instance type (null) does not match any allowed primitive type (allowed: [""boolean""]): []
"
53789780-ae80-4e2e-8dab-34fbdddf53ef,3501fae8-9094-4b12-a1ae-c5bebe0e64ef,false,"[OAS] [OAS] validation failed:
 - ERROR - [Path '/project/projectId'] Instance type (null) does not match any allowed primitive type (allowed: [""integer""]): []
"
53789780-ae80-4e2e-8dab-34fbdddf53ef,7d04fba2-39c1-48db-885e-ad95f30396e9,false,"[OAS] [OAS] validation failed:
 - ERROR - [Path '/project/title'] Instance type (null) does not match any allowed primitive type (allowed: [""string""]): []
"
53789780-ae80-4e2e-8dab-34fbdddf53ef,7234b436-9bca-45a2-ba5d-619002d4d2d6,false,"[OAS] [OAS] validation failed:
 - ERROR - [Path '/project/startDate'] Instance type (integer) does not match any allowed primitive type (allowed: [""string""]): []
"
53789780-ae80-4e2e-8dab-34fbdddf53ef,4982333c-6003-4f37-8252-adf4cac53d31,false,"[OAS] [OAS] validation failed:
 - ERROR - [Path '/project/status'] Instance type (null) does not match any allowed primitive type (allowed: [""string""]): []
"
2dfea8ab-4a24-40c9-97df-b4bec31df9d4,290d4ec6-2158-438b-a39e-efb547d10f4c,false,"[OAS] [OAS] validation failed:
 - ERROR - Response status 401 not defined for path '/app/api/assignments'.: []
"
2dfea8ab-4a24-40c9-97df-b4bec31df9d4,b4d67dc0-1d0d-4849-859b-90feec7397a7,false,"[OAS] [OAS] validation failed:
 - ERROR - [Path '/employeeId'] Instance type (number) does not match any allowed primitive type (allowed: [""integer""]): []
"
2dfea8ab-4a24-40c9-97df-b4bec31df9d4,cabbf453-81fd-4058-befb-8e6f9c7c595d,false,"[OAS] [OAS] validation failed:
 - ERROR - [Path '/projectId'] Instance type (null) does not match any allowed primitive type (allowed: [""integer""]): []
"
2dfea8ab-4a24-40c9-97df-b4bec31df9d4,dda81209-89d3-473a-945b-7391a33f35f5,false,"[OAS] [OAS] validation failed:
 - ERROR - [Path '/commitEmpDesc'] Instance type (number) does not match any allowed primitive type (allowed: [""null"",""string""]): []
"
2dfea8ab-4a24-40c9-97df-b4bec31df9d4,7774de5a-2b03-417b-861d-35632e92d88c,false,"[OAS] [OAS] validation failed:
 - ERROR - [Path '/employee'] Instance type (number) does not match any allowed primitive type (allowed: [""null"",""object""]): []
"
2dfea8ab-4a24-40c9-97df-b4bec31df9d4,8653066b-0109-4dd7-8783-a3b883005ace,false,"[OAS] [OAS] validation failed:
 - ERROR - [Path '/employee/employeeId'] Instance type (null) does not match any allowed primitive type (allowed: [""integer""]): []
"
2dfea8ab-4a24-40c9-97df-b4bec31df9d4,697d7f4b-f983-4158-b824-a648be2ff663,false,"[OAS] [OAS] validation failed:
 - ERROR - [Path '/employee/lastName'] Instance type (array) does not match any allowed primitive type (allowed: [""string""]): []
"
2dfea8ab-4a24-40c9-97df-b4bec31df9d4,5d42c5e8-85c2-468e-90f0-1ad92f8ee939,false,"[OAS] [OAS] validation failed:
 - ERROR - [Path '/employee/email'] Instance type (integer) does not match any allowed primitive type (allowed: [""string""]): []
"
2dfea8ab-4a24-40c9-97df-b4bec31df9d4,53fb688d-b23e-4414-9468-cf06e83ff5c5,false,"[OAS] [OAS] validation failed:
 - ERROR - [Path '/employee/phone'] Instance type (null) does not match any allowed primitive type (allowed: [""string""]): []
"
2dfea8ab-4a24-40c9-97df-b4bec31df9d4,70e459ba-a928-4d5d-b3c9-76cfb80c3d43,false,"[OAS] [OAS] validation failed:
 - ERROR - [Path '/employee/hiredate'] Instance type (object) does not match any allowed primitive type (allowed: [""null"",""string""]): []
"
2dfea8ab-4a24-40c9-97df-b4bec31df9d4,27109a78-0cf3-4cbf-b761-6938b05b2f5b,false,"[OAS] [OAS] validation failed:
 - ERROR - [Path '/employee/salary'] Instance type (boolean) does not match any allowed primitive type (allowed: [""integer"",""number""]): []
"
2dfea8ab-4a24-40c9-97df-b4bec31df9d4,46973411-d6d8-4590-a977-577074d8f4b0,false,"[OAS] [OAS] validation failed:
 - ERROR - [Path '/employee/manager/employeeId'] Instance type (null) does not match any allowed primitive type (allowed: [""integer""]): []
"
2dfea8ab-4a24-40c9-97df-b4bec31df9d4,0d5b9ff2-561e-4353-be33-d058a6734177,false,"[OAS] [OAS] validation failed:
 - ERROR - [Path '/employee/manager/hiredate'] Instance type (object) does not match any allowed primitive type (allowed: [""null"",""string""]): []
"
2dfea8ab-4a24-40c9-97df-b4bec31df9d4,9e8da512-7c8b-4e88-b7c6-f3a93fb7cdc6,false,"[OAS] [OAS] validation failed:
 - ERROR - [Path '/employee/manager/manager'] Instance type (array) does not match any allowed primitive type (allowed: [""null"",""object""]): []
"
2dfea8ab-4a24-40c9-97df-b4bec31df9d4,82fbdc86-d87e-4d9c-a919-b6c70e3e9a6b,false,"[OAS] [OAS] validation failed:
 - ERROR - [Path '/employee/manager/department/departmentId'] Instance type (null) does not match any allowed primitive type (allowed: [""integer""]): []
"
2dfea8ab-4a24-40c9-97df-b4bec31df9d4,d5d037ff-6b99-4e27-8bf9-4c767f8dcda2,false,"[OAS] [OAS] validation failed:
 - ERROR - [Path '/employee/manager/department/departmentName'] Instance type (integer) does not match any allowed primitive type (allowed: [""string""]): []
"
2dfea8ab-4a24-40c9-97df-b4bec31df9d4,9e09b9d6-87e8-4293-85df-ad5dfe7c6e43,false,"[OAS] [OAS] validation failed:
 - ERROR - [Path '/employee/manager/department/location/locationId'] Instance type (array) does not match any allowed primitive type (allowed: [""integer""]): []
"
2dfea8ab-4a24-40c9-97df-b4bec31df9d4,ed6ede09-1b7b-45cc-8969-6a5431d8712a,false,"[OAS] [OAS] validation failed:
 - ERROR - [Path '/employee/manager/department/location/postalCode'] Instance type (array) does not match any allowed primitive type (allowed: [""string""]): []
"
2dfea8ab-4a24-40c9-97df-b4bec31df9d4,05e3df8a-794f-4a36-959f-dec0c92bb39f,false,"[OAS] [OAS] validation failed:
 - ERROR - [Path '/employee/manager/department/location/city'] Instance type (null) does not match any allowed primitive type (allowed: [""string""]): []
"
2dfea8ab-4a24-40c9-97df-b4bec31df9d4,3b1555d3-2df8-403f-a22c-0655117e144f,false,"[OAS] [OAS] validation failed:
 - ERROR - [Path '/employee/manager/credential'] Object instance has properties which are not allowed by the schema: [""randomLong1""]: []
"
2dfea8ab-4a24-40c9-97df-b4bec31df9d4,1a67eb87-7ece-4c4f-9a92-51c90b9c3931,false,"[OAS] [OAS] validation failed:
 - ERROR - [Path '/employee/manager/credential/password'] Instance type (null) does not match any allowed primitive type (allowed: [""string""]): []
"
2dfea8ab-4a24-40c9-97df-b4bec31df9d4,2413ba41-7ab2-4e75-b6f5-2572aa00486f,false,"[OAS] [OAS] validation failed:
 - ERROR - [Path '/employee/manager/credential/role'] Instance type (null) does not match any allowed primitive type (allowed: [""string""]): []
"
2dfea8ab-4a24-40c9-97df-b4bec31df9d4,94e8bf49-c76e-4582-a17b-e8876654029a,false,"[OAS] [OAS] validation failed:
 - ERROR - [Path '/employee/department'] Object instance has properties which are not allowed by the schema: [""randomArray3"",""randomBoolean2"",""randomNull1"",""randomObject4""]: []
"
2dfea8ab-4a24-40c9-97df-b4bec31df9d4,6de9f03c-7a7e-4958-9d9f-db5840d1693e,false,"[OAS] [OAS] validation failed:
 - ERROR - [Path '/employee/department/departmentId'] Instance type (null) does not match any allowed primitive type (allowed: [""integer""]): []
"
2dfea8ab-4a24-40c9-97df-b4bec31df9d4,fbb1da6a-bd11-4b2c-a19d-d5b7a807c7a3,false,"[OAS] [OAS] validation failed:
 - ERROR - [Path '/employee/department/location'] Instance type (boolean) does not match any allowed primitive type (allowed: [""object""]): []
"
2dfea8ab-4a24-40c9-97df-b4bec31df9d4,fd9304f7-3a63-47e5-b337-57af5cf56404,false,"[OAS] [OAS] validation failed:
 - ERROR - [Path '/employee/credential'] Instance type (array) does not match any allowed primitive type (allowed: [""object""]): []
"
2dfea8ab-4a24-40c9-97df-b4bec31df9d4,ad1cc997-c198-4f50-8e23-63889b68b082,false,"[OAS] [OAS] validation failed:
 - ERROR - [Path '/employee/credential/credentialId'] Instance type (object) does not match any allowed primitive type (allowed: [""integer""]): []
"
2dfea8ab-4a24-40c9-97df-b4bec31df9d4,12558376-6c41-47e7-ad24-d7636c613db1,false,"[OAS] [OAS] validation failed:
 - ERROR - [Path '/employee/credential/username'] Instance type (null) does not match any allowed primitive type (allowed: [""string""]): []
"
2dfea8ab-4a24-40c9-97df-b4bec31df9d4,5c03d2a3-1fff-4315-b368-39a7ecbc0f10,false,"[OAS] [OAS] validation failed:
 - ERROR - [Path '/project'] Object instance has properties which are not allowed by the schema: [""randomNull1""]: []
"
92429459-6773-40c5-b9bb-cef4d5fccb92,7237abdf-9c82-424d-b23f-bfed19e771a1,false,[NO_5XX] Unexpected 5XX response: 504
92429459-6773-40c5-b9bb-cef4d5fccb92,c49dc8b5-06d2-4e47-8f6b-44890d91011c,false,"[OAS] [OAS] validation failed:
 - ERROR - [Path '/projectId'] Instance type (null) does not match any allowed primitive type (allowed: [""integer""]): []
"
92429459-6773-40c5-b9bb-cef4d5fccb92,e7ee65e4-007a-43bd-a6c2-12a9c6101357,false,"[OAS] [OAS] validation failed:
 - ERROR - [Path '/commitDate'] Instance type (number) does not match any allowed primitive type (allowed: [""null"",""string""]): []
"
92429459-6773-40c5-b9bb-cef4d5fccb92,1f34bba1-dcb2-4b9d-b20a-0b9c42681810,false,"[OAS] [OAS] validation failed:
 - ERROR - [Path '/employee/employeeId'] Instance type (object) does not match any allowed primitive type (allowed: [""integer""]): []
"
92429459-6773-40c5-b9bb-cef4d5fccb92,889c7a0b-0ec2-4110-8006-af223cb19cfb,false,"[OAS] [OAS] validation failed:
 - ERROR - [Path '/employee/firstName'] Instance type (null) does not match any allowed primitive type (allowed: [""string""]): []
"
92429459-6773-40c5-b9bb-cef4d5fccb92,890b0c57-d2c8-4f1b-a97a-851a26016d77,false,"[OAS] [OAS] validation failed:
 - ERROR - [Path '/employee/phone'] Instance type (null) does not match any allowed primitive type (allowed: [""string""]): []
"
92429459-6773-40c5-b9bb-cef4d5fccb92,14797eab-d786-4da7-9305-b644609131d0,false,"[OAS] [OAS] validation failed:
 - ERROR - [Path '/employee/hiredate'] Instance type (object) does not match any allowed primitive type (allowed: [""null"",""string""]): []
"
92429459-6773-40c5-b9bb-cef4d5fccb92,b0ab3bc0-79ab-45ed-85e7-e2871a283b61,false,"[OAS] [OAS] validation failed:
 - ERROR - [Path '/employee/salary'] Instance type (boolean) does not match any allowed primitive type (allowed: [""integer"",""number""]): []
"
92429459-6773-40c5-b9bb-cef4d5fccb92,2b867924-29dd-460d-9bdb-a3472439d260,false,"[OAS] [OAS] validation failed:
 - ERROR - [Path '/employee/manager'] Object instance has properties which are not allowed by the schema: [""randomArray3"",""randomLong2"",""randomObject1"",""randomObject4""]: []
"
92429459-6773-40c5-b9bb-cef4d5fccb92,82f11cc4-7812-4be5-945c-1b2b07955240,false,"[OAS] [OAS] validation failed:
 - ERROR - [Path '/employee/manager/employeeId'] Instance type (null) does not match any allowed primitive type (allowed: [""integer""]): []
"
92429459-6773-40c5-b9bb-cef4d5fccb92,8a49e92d-a4b6-4668-babe-68b1ec1319b6,false,"[OAS] [OAS] validation failed:
 - ERROR - [Path '/employee/manager/hiredate'] Instance type (object) does not match any allowed primitive type (allowed: [""null"",""string""]): []
"
92429459-6773-40c5-b9bb-cef4d5fccb92,25677532-2579-43cb-8ae1-584780ff5e0c,false,"[OAS] [OAS] validation failed:
 - ERROR - [Path '/employee/manager/manager'] Instance type (array) does not match any allowed primitive type (allowed: [""null"",""object""]): []
"
92429459-6773-40c5-b9bb-cef4d5fccb92,0547edff-4787-4560-8d19-797a8c14192c,false,"[OAS] [OAS] validation failed:
 - ERROR - [Path '/employee/manager/department/location'] Instance type (null) does not match any allowed primitive type (allowed: [""object""]): []
"
92429459-6773-40c5-b9bb-cef4d5fccb92,28b45afd-893e-40fc-94ef-5aeb9b0ccdcf,false,"[OAS] [OAS] validation failed:
 - ERROR - [Path '/employee/manager/department/location/locationId'] Instance type (null) does not match any allowed primitive type (allowed: [""integer""]): []
"
92429459-6773-40c5-b9bb-cef4d5fccb92,1494a144-0c60-4068-bbf3-799722cf99e2,false,"[OAS] [OAS] validation failed:
 - ERROR - [Path '/employee/manager/department/location/city'] Instance type (null) does not match any allowed primitive type (allowed: [""string""]): []
"
92429459-6773-40c5-b9bb-cef4d5fccb92,33853e0e-e2e4-4b20-8b55-bddc4f199416,false,"[OAS] [OAS] validation failed:
 - ERROR - [Path '/employee/manager/credential'] Instance type (null) does not match any allowed primitive type (allowed: [""object""]): []
"
92429459-6773-40c5-b9bb-cef4d5fccb92,0f3f4dc2-83a3-4e01-8c3e-38f85c7a3966,false,"[OAS] [OAS] validation failed:
 - ERROR - [Path '/employee/manager/credential/enabled'] Instance type (null) does not match any allowed primitive type (allowed: [""boolean""]): []
"
92429459-6773-40c5-b9bb-cef4d5fccb92,0357ea16-808b-4d0b-b03e-4e52ea3d8ccd,false,"[OAS] [OAS] validation failed:
 - ERROR - [Path '/employee/manager/credential/role'] Instance type (object) does not match any allowed primitive type (allowed: [""string""]): []
"
92429459-6773-40c5-b9bb-cef4d5fccb92,0ae8add1-0a44-4287-95e4-555e146404d9,false,"[OAS] [OAS] validation failed:
 - ERROR - [Path '/employee/department/departmentId'] Instance type (null) does not match any allowed primitive type (allowed: [""integer""]): []
"
92429459-6773-40c5-b9bb-cef4d5fccb92,3d5f22da-4c2b-4918-9b17-d6bcef9260d1,false,"[OAS] [OAS] validation failed:
 - ERROR - [Path '/employee/department/location/locationId'] Instance type (string) does not match any allowed primitive type (allowed: [""integer""]): []
"
92429459-6773-40c5-b9bb-cef4d5fccb92,ae3ad789-eec2-4b59-b08a-120c364bf0e9,false,"[OAS] [OAS] validation failed:
 - ERROR - [Path '/employee/department/location/city'] Instance type (null) does not match any allowed primitive type (allowed: [""string""]): []
"
92429459-6773-40c5-b9bb-cef4d5fccb92,37cc3eb7-c523-43e0-9831-f9062bfac72a,false,"[OAS] [OAS] validation failed:
 - ERROR - [Path '/employee/credential/password'] Instance type (null) does not match any allowed primitive type (allowed: [""string""]): []
"
92429459-6773-40c5-b9bb-cef4d5fccb92,e920bc0a-1ab7-4493-bfab-4086f8ca88b3,false,"[OAS] [OAS] validation failed:
 - ERROR - [Path '/employee/credential/enabled'] Instance type (null) does not match any allowed primitive type (allowed: [""boolean""]): []
"
92429459-6773-40c5-b9bb-cef4d5fccb92,11f8834b-f261-49a5-8c4c-1c5bcf64f2ab,false,"[OAS] [OAS] validation failed:
 - ERROR - [Path '/project/projectId'] Instance type (null) does not match any allowed primitive type (allowed: [""integer""]): []
"
92429459-6773-40c5-b9bb-cef4d5fccb92,74762690-54f2-403d-9be2-77f7d2a1f8b4,false,"[OAS] [OAS] validation failed:
 - ERROR - [Path '/project/startDate'] Instance type (null) does not match any allowed primitive type (allowed: [""string""]): []
"
6215b1df-3fa5-47b6-9cae-7f0de4e8aa14,a72824ec-90c3-4ef1-b4aa-067394390c91,false,[NO_5XX] Unexpected 5XX response: 501
6215b1df-3fa5-47b6-9cae-7f0de4e8aa14,4fcc2c93-f81a-411a-84bb-371930df707b,false,"[OAS] [OAS] validation failed:
 - ERROR - [Path '/employeeId'] Instance type (number) does not match any allowed primitive type (allowed: [""integer""]): []
"
6215b1df-3fa5-47b6-9cae-7f0de4e8aa14,8fce039d-52f7-4b0d-82be-32e432289e3c,false,"[OAS] [OAS] validation failed:
 - ERROR - [Path '/commitDate'] Instance type (number) does not match any allowed primitive type (allowed: [""null"",""string""]): []
"
6215b1df-3fa5-47b6-9cae-7f0de4e8aa14,08cf90e3-526a-4e32-8dc9-5636b031ae63,false,"[OAS] [OAS] validation failed:
 - ERROR - [Path '/commitEmpDesc'] Instance type (number) does not match any allowed primitive type (allowed: [""null"",""string""]): []
"
6215b1df-3fa5-47b6-9cae-7f0de4e8aa14,43acab4b-9ff0-45d8-b4c2-e1c26dc605e3,false,"[OAS] [OAS] validation failed:
 - ERROR - [Path '/employee'] Instance type (number) does not match any allowed primitive type (allowed: [""null"",""object""]): []
"
6215b1df-3fa5-47b6-9cae-7f0de4e8aa14,03c7fe05-9c3e-4821-b313-5e6d2ff3036c,false,"[OAS] [OAS] validation failed:
 - ERROR - [Path '/employee/firstName'] Instance type (object) does not match any allowed primitive type (allowed: [""string""]): []
"
6215b1df-3fa5-47b6-9cae-7f0de4e8aa14,01051c59-b82b-4a1c-84d7-766005e4377f,false,"[OAS] [OAS] validation failed:
 - ERROR - [Path '/employee/email'] Instance type (integer) does not match any allowed primitive type (allowed: [""string""]): []
"
6215b1df-3fa5-47b6-9cae-7f0de4e8aa14,160cb853-f4a5-4401-a131-a2db478564b7,false,"[OAS] [OAS] validation failed:
 - ERROR - [Path '/employee/phone'] Instance type (array) does not match any allowed primitive type (allowed: [""string""]): []
"
6215b1df-3fa5-47b6-9cae-7f0de4e8aa14,6b85c90c-3220-4229-9b72-9da7d1b9b09e,false,"[OAS] [OAS] validation failed:
 - ERROR - [Path '/employee/hiredate'] Instance type (object) does not match any allowed primitive type (allowed: [""null"",""string""]): []
"
6215b1df-3fa5-47b6-9cae-7f0de4e8aa14,7d5cdc46-e77a-433d-862f-4201e17967d1,false,"[OAS] [OAS] validation failed:
 - ERROR - [Path '/employee/job'] Instance type (array) does not match any allowed primitive type (allowed: [""string""]): []
"
6215b1df-3fa5-47b6-9cae-7f0de4e8aa14,280b894b-abbd-4b3a-9c99-9ef3943e32de,false,"[OAS] [OAS] validation failed:
 - ERROR - [Path '/employee/manager'] Object instance has properties which are not allowed by the schema: [""randomArray3"",""randomLong2"",""randomObject1"",""randomObject4""]: []
"
6215b1df-3fa5-47b6-9cae-7f0de4e8aa14,6872ae6f-6b98-4011-8248-6039ab7d43c3,false,"[OAS] [OAS] validation failed:
 - ERROR - [Path '/employee/manager/employeeId'] Instance type (array) does not match any allowed primitive type (allowed: [""integer""]): []
"
6215b1df-3fa5-47b6-9cae-7f0de4e8aa14,f19dee1a-47ed-46b9-b1b3-4a3b3de083fd,false,"[OAS] [OAS] validation failed:
 - ERROR - [Path '/employee/manager/phone'] Instance type (null) does not match any allowed primitive type (allowed: [""string""]): []
"
6215b1df-3fa5-47b6-9cae-7f0de4e8aa14,a071e5e2-5241-4ce0-b0a4-928ed1639239,false,"[OAS] [OAS] validation failed:
 - ERROR - [Path '/employee/manager/hiredate'] Instance type (object) does not match any allowed primitive type (allowed: [""null"",""string""]): []
"
6215b1df-3fa5-47b6-9cae-7f0de4e8aa14,93ab9996-3beb-41f0-a1e9-da396e84cc2f,false,"[OAS] [OAS] validation failed:
 - ERROR - [Path '/employee/manager/department/location'] Object instance has properties which are not allowed by the schema: [""randomNull1""]: []
"
6215b1df-3fa5-47b6-9cae-7f0de4e8aa14,55040392-0c8d-412a-b025-60670ee45a1d,false,"[OAS] [OAS] validation failed:
 - ERROR - [Path '/employee/manager/department/location/locationId'] Instance type (null) does not match any allowed primitive type (allowed: [""integer""]): []
"
6215b1df-3fa5-47b6-9cae-7f0de4e8aa14,a0fd967f-59ca-4ff7-ac9e-29bc3d841e65,false,"[OAS] [OAS] validation failed:
 - ERROR - [Path '/employee/manager/department/location/city'] Instance type (null) does not match any allowed primitive type (allowed: [""string""]): []
"
6215b1df-3fa5-47b6-9cae-7f0de4e8aa14,78fff887-3a03-4775-a947-620dea73d3aa,false,"[OAS] [OAS] validation failed:
 - ERROR - [Path '/employee/manager/credential'] Instance type (array) does not match any allowed primitive type (allowed: [""object""]): []
"
6215b1df-3fa5-47b6-9cae-7f0de4e8aa14,fc993f03-d08a-4b1c-8527-b0ecc1c2dde3,false,"[OAS] [OAS] validation failed:
 - ERROR - [Path '/employee/manager/credential/credentialId'] Instance type (null) does not match any allowed primitive type (allowed: [""integer""]): []
"
6215b1df-3fa5-47b6-9cae-7f0de4e8aa14,2b7bcd47-a774-4422-baa8-0e8d5e8c0737,false,"[OAS] [OAS] validation failed:
 - ERROR - [Path '/employee/manager/credential/password'] Instance type (null) does not match any allowed primitive type (allowed: [""string""]): []
"
6215b1df-3fa5-47b6-9cae-7f0de4e8aa14,bcaee743-2b26-4604-9847-d2725841c513,false,"[OAS] [OAS] validation failed:
 - ERROR - [Path '/employee/manager/credential/enabled'] Instance type (number) does not match any allowed primitive type (allowed: [""boolean""]): []
"
6215b1df-3fa5-47b6-9cae-7f0de4e8aa14,e72f5850-aaf7-4627-977d-bdada2c40b0b,false,"[OAS] [OAS] validation failed:
 - ERROR - [Path '/employee/manager/credential/role'] Instance type (object) does not match any allowed primitive type (allowed: [""string""]): []
"
6215b1df-3fa5-47b6-9cae-7f0de4e8aa14,72ada3e6-6b6d-4658-8710-7a4bd13b0709,false,"[OAS] [OAS] validation failed:
 - ERROR - [Path '/employee/department'] Instance type (integer) does not match any allowed primitive type (allowed: [""null"",""object""]): []
"
6215b1df-3fa5-47b6-9cae-7f0de4e8aa14,c0bc179f-2999-467c-bf07-9ebc9baccf5d,false,"[OAS] [OAS] validation failed:
 - ERROR - [Path '/employee/department/departmentId'] Instance type (array) does not match any allowed primitive type (allowed: [""integer""]): []
"
6215b1df-3fa5-47b6-9cae-7f0de4e8aa14,6ab1fd62-1bde-4550-ad9a-45fca9698f0c,false,"[OAS] [OAS] validation failed:
 - ERROR - [Path '/employee/department/location'] Object instance has properties which are not allowed by the schema: [""randomFloat3"",""randomNull1"",""randomNull2""]: []
"
6215b1df-3fa5-47b6-9cae-7f0de4e8aa14,ccba6722-3373-402e-a132-f331e60af5ee,false,"[OAS] [OAS] validation failed:
 - ERROR - [Path '/employee/department/location/locationId'] Instance type (null) does not match any allowed primitive type (allowed: [""integer""]): []
"
6215b1df-3fa5-47b6-9cae-7f0de4e8aa14,eae0b45f-c15c-42dc-91df-c2804f3bb9b0,false,"[OAS] [OAS] validation failed:
 - ERROR - [Path '/employee/credential'] Object instance has properties which are not allowed by the schema: [""randomArray3"",""randomObject2"",""randomString1""]: []
"
6215b1df-3fa5-47b6-9cae-7f0de4e8aa14,c71886cf-b07a-42bf-bf16-76e05821e8d7,false,"[OAS] [OAS] validation failed:
 - ERROR - [Path '/employee/credential/credentialId'] Instance type (null) does not match any allowed primitive type (allowed: [""integer""]): []
"
6215b1df-3fa5-47b6-9cae-7f0de4e8aa14,28f02ae2-4037-4b69-8fe3-5f36a697168b,false,"[OAS] [OAS] validation failed:
 - ERROR - [Path '/employee/credential/password'] Instance type (integer) does not match any allowed primitive type (allowed: [""string""]): []
"
6215b1df-3fa5-47b6-9cae-7f0de4e8aa14,581f547c-7ea6-4d16-b2ac-dad9f290de63,false,"[OAS] [OAS] validation failed:
 - ERROR - [Path '/employee/credential/role'] Instance type (null) does not match any allowed primitive type (allowed: [""string""]): []
"
6215b1df-3fa5-47b6-9cae-7f0de4e8aa14,69e151dc-b6db-4bf9-a6ce-75a4ba8d3f1f,false,"[OAS] [OAS] validation failed:
 - ERROR - [Path '/project/title'] Instance type (object) does not match any allowed primitive type (allowed: [""string""]): []
"
c951a366-a777-46da-992d-a39e6f715361,dcd09cf3-d202-493d-9d9f-b065b9e3b55f,false,[NO_5XX] Unexpected 5XX response: 504
c951a366-a777-46da-992d-a39e6f715361,bdae4193-2ad3-4e08-aef6-df7f259047ee,false,"[OAS] [OAS] validation failed:
 - ERROR - [Path '/employeeId'] Instance type (number) does not match any allowed primitive type (allowed: [""integer""]): []
"
c951a366-a777-46da-992d-a39e6f715361,2d178008-dd45-42eb-83ff-4dbc24937a0c,false,"[OAS] [OAS] validation failed:
 - ERROR - [Path '/projectId'] Instance type (null) does not match any allowed primitive type (allowed: [""integer""]): []
"
c951a366-a777-46da-992d-a39e6f715361,f1971558-96c7-4b20-bc28-1bf34cdaeb66,false,"[OAS] [OAS] validation failed:
 - ERROR - [Path '/commitMgrDesc'] Instance type (number) does not match any allowed primitive type (allowed: [""null"",""string""]): []
"
c951a366-a777-46da-992d-a39e6f715361,de58c915-a6ad-4431-8d25-5a4c0f9f1619,false,"[OAS] [OAS] validation failed:
 - ERROR - [Path '/employee/firstName'] Instance type (null) does not match any allowed primitive type (allowed: [""string""]): []
"
c951a366-a777-46da-992d-a39e6f715361,7451c11f-39b4-4b49-ab3a-4c7074195415,false,"[OAS] [OAS] validation failed:
 - ERROR - [Path '/employee/phone'] Instance type (array) does not match any allowed primitive type (allowed: [""string""]): []
"
c951a366-a777-46da-992d-a39e6f715361,44db02ec-d594-4d93-8819-e963326153fc,false,"[OAS] [OAS] validation failed:
 - ERROR - [Path '/employee/hiredate'] Instance type (object) does not match any allowed primitive type (allowed: [""null"",""string""]): []
"
c951a366-a777-46da-992d-a39e6f715361,ef4a6790-178e-4e10-b185-951c14472068,false,"[OAS] [OAS] validation failed:
 - ERROR - [Path '/employee/job'] Instance type (null) does not match any allowed primitive type (allowed: [""string""]): []
"
c951a366-a777-46da-992d-a39e6f715361,ff75ce34-2efa-403c-8407-19e5de81df99,false,"[OAS] [OAS] validation failed:
 - ERROR - [Path '/employee/salary'] Instance type (null) does not match any allowed primitive type (allowed: [""integer"",""number""]): []
"
c951a366-a777-46da-992d-a39e6f715361,7664d991-a83e-4114-a878-52a6803b151e,false,"[OAS] [OAS] validation failed:
 - ERROR - [Path '/employee/manager'] Object instance has properties which are not allowed by the schema: [""randomArray3"",""randomLong2"",""randomObject1"",""randomObject4""]: []
"
c951a366-a777-46da-992d-a39e6f715361,d7fab81c-02e4-4341-9608-2905fe259016,false,"[OAS] [OAS] validation failed:
 - ERROR - [Path '/employee/manager/employeeId'] Instance type (null) does not match any allowed primitive type (allowed: [""integer""]): []
"
c951a366-a777-46da-992d-a39e6f715361,29eba543-2a5c-4745-a958-346b41dd20cc,false,"[OAS] [OAS] validation failed:
 - ERROR - [Path '/employee/manager/firstName'] Instance type (integer) does not match any allowed primitive type (allowed: [""string""]): []
"
c951a366-a777-46da-992d-a39e6f715361,f16f5299-c829-4b55-9dbb-cef4fa956435,false,"[OAS] [OAS] validation failed:
 - ERROR - [Path '/employee/manager/email'] Instance type (boolean) does not match any allowed primitive type (allowed: [""string""]): []
"
c951a366-a777-46da-992d-a39e6f715361,5066400f-731f-4598-9e92-4d4493d5dfb4,false,"[OAS] [OAS] validation failed:
 - ERROR - [Path '/employee/manager/hiredate'] Instance type (object) does not match any allowed primitive type (allowed: [""null"",""string""]): []
"
c951a366-a777-46da-992d-a39e6f715361,711ea6d2-6a67-4edc-88c9-18a56b392477,false,"[OAS] [OAS] validation failed:
 - ERROR - [Path '/employee/manager/salary'] Instance type (null) does not match any allowed primitive type (allowed: [""integer"",""number""]): []
"
c951a366-a777-46da-992d-a39e6f715361,cb71aed2-e4c6-4c79-aa1b-b24bab458d5d,false,"[OAS] [OAS] validation failed:
 - ERROR - [Path '/employee/manager/department/location'] Instance type (null) does not match any allowed primitive type (allowed: [""object""]): []
"
c951a366-a777-46da-992d-a39e6f715361,9749ac1a-96d4-4170-a979-30d0c339ef9f,false,"[OAS] [OAS] validation failed:
 - ERROR - [Path '/employee/manager/department/location/locationId'] Instance type (array) does not match any allowed primitive type (allowed: [""integer""]): []
"
c951a366-a777-46da-992d-a39e6f715361,900b4c56-6200-45ce-ae53-b35b5d8e94b7,false,"[OAS] [OAS] validation failed:
 - ERROR - [Path '/employee/manager/department/location/postalCode'] Instance type (null) does not match any allowed primitive type (allowed: [""string""]): []
"
c951a366-a777-46da-992d-a39e6f715361,419a6e30-a44e-4346-9d8f-36c02f62e4f4,false,"[OAS] [OAS] validation failed:
 - ERROR - [Path '/employee/manager/credential/credentialId'] Instance type (null) does not match any allowed primitive type (allowed: [""integer""]): []
"
c951a366-a777-46da-992d-a39e6f715361,516b75cc-ecb0-4daf-bcb5-c37b4e03ec3b,false,"[OAS] [OAS] validation failed:
 - ERROR - [Path '/employee/manager/credential/username'] Instance type (null) does not match any allowed primitive type (allowed: [""string""]): []
"
c951a366-a777-46da-992d-a39e6f715361,88a2ed0d-0321-439f-a5f1-93c1d5c3070b,false,"[OAS] [OAS] validation failed:
 - ERROR - [Path '/employee/manager/credential/role'] Instance type (object) does not match any allowed primitive type (allowed: [""string""]): []
"
c951a366-a777-46da-992d-a39e6f715361,84a16c9a-3acf-4f2f-8bd7-4a32ee87ab14,false,"[OAS] [OAS] validation failed:
 - ERROR - [Path '/employee/department'] Instance type (integer) does not match any allowed primitive type (allowed: [""null"",""object""]): []
"
c951a366-a777-46da-992d-a39e6f715361,c7b92d0c-370d-4f5b-ae21-47c68e508e63,false,"[OAS] [OAS] validation failed:
 - ERROR - [Path '/employee/department/departmentId'] Instance type (null) does not match any allowed primitive type (allowed: [""integer""]): []
"
c951a366-a777-46da-992d-a39e6f715361,3fc47d9b-6ec7-491b-83e6-e3041226083b,false,"[OAS] [OAS] validation failed:
 - ERROR - [Path '/employee/department/departmentName'] Instance type (null) does not match any allowed primitive type (allowed: [""string""]): []
"
c951a366-a777-46da-992d-a39e6f715361,f702d011-2adc-4161-976a-af6c237c6a50,false,"[OAS] [OAS] validation failed:
 - ERROR - [Path '/employee/department/location'] Object instance has properties which are not allowed by the schema: [""randomFloat3"",""randomNull1"",""randomNull2""]: []
"
c951a366-a777-46da-992d-a39e6f715361,023e1b5b-9389-494c-8940-6b7171daa3d1,false,"[OAS] [OAS] validation failed:
 - ERROR - [Path '/employee/department/location/locationId'] Instance type (null) does not match any allowed primitive type (allowed: [""integer""]): []
"
c951a366-a777-46da-992d-a39e6f715361,d8639f0a-3aa0-4f74-8c56-df77e6d2f43a,false,"[OAS] [OAS] validation failed:
 - ERROR - [Path '/employee/department/location/adr'] Instance type (object) does not match any allowed primitive type (allowed: [""string""]): []
"
c951a366-a777-46da-992d-a39e6f715361,41ad7b23-1030-4987-b5ee-04786855f8a5,false,"[OAS] [OAS] validation failed:
 - ERROR - [Path '/employee/credential'] Instance type (null) does not match any allowed primitive type (allowed: [""object""]): []
"
c951a366-a777-46da-992d-a39e6f715361,1252162d-a2bb-469f-9a5c-83c5dc018ecb,false,"[OAS] [OAS] validation failed:
 - ERROR - [Path '/employee/credential/credentialId'] Instance type (object) does not match any allowed primitive type (allowed: [""integer""]): []
"
c951a366-a777-46da-992d-a39e6f715361,b9848039-633c-407b-9d5e-48fb8304801c,false,"[OAS] [OAS] validation failed:
 - ERROR - [Path '/employee/credential/enabled'] Instance type (object) does not match any allowed primitive type (allowed: [""boolean""]): []
"
c951a366-a777-46da-992d-a39e6f715361,c30d1161-7aa5-4b0e-abe1-8184253f2d44,false,"[OAS] [OAS] validation failed:
 - ERROR - [Path '/project/projectId'] Instance type (boolean) does not match any allowed primitive type (allowed: [""integer""]): []
"
49ccaa28-378d-4a7a-a4b2-e6abb379dcd7,1bb2488b-1db4-4658-87f6-e061a1f3d3f8,false,"[OAS] [OAS] validation failed:
 - ERROR - No response body is expected but one was found.: []
"
49ccaa28-378d-4a7a-a4b2-e6abb379dcd7,2e76c7a8-da29-458b-b557-20415c17581a,false,"[OAS] [OAS] validation failed:
 - ERROR - [Path '/employeeId'] Instance type (number) does not match any allowed primitive type (allowed: [""integer""]): []
"
49ccaa28-378d-4a7a-a4b2-e6abb379dcd7,dd2591f2-5e80-4065-8403-5be65001f92b,false,"[OAS] [OAS] validation failed:
 - ERROR - [Path '/commitMgrDesc'] Instance type (object) does not match any allowed primitive type (allowed: [""null"",""string""]): []
"
49ccaa28-378d-4a7a-a4b2-e6abb379dcd7,3595ffaa-a4ed-4127-91e0-40497d092478,false,"[OAS] [OAS] validation failed:
 - ERROR - [Path '/employee/firstName'] Instance type (null) does not match any allowed primitive type (allowed: [""string""]): []
"
49ccaa28-378d-4a7a-a4b2-e6abb379dcd7,440d7dc0-622f-497c-a41e-73bb1bdb0f6e,false,"[OAS] [OAS] validation failed:
 - ERROR - [Path '/employee/lastName'] Instance type (integer) does not match any allowed primitive type (allowed: [""string""]): []
"
49ccaa28-378d-4a7a-a4b2-e6abb379dcd7,db948161-16f7-4aea-9edf-c3c0ca0071b3,false,"[OAS] [OAS] validation failed:
 - ERROR - [Path '/employee/email'] Instance type (null) does not match any allowed primitive type (allowed: [""string""]): []
"
49ccaa28-378d-4a7a-a4b2-e6abb379dcd7,56d33818-783e-4172-b4a0-9c9a81b3c1de,false,"[OAS] [OAS] validation failed:
 - ERROR - [Path '/employee/hiredate'] Instance type (number) does not match any allowed primitive type (allowed: [""null"",""string""]): []
"
49ccaa28-378d-4a7a-a4b2-e6abb379dcd7,851e7a1e-6f75-42d8-b365-3ae052f34941,false,"[OAS] [OAS] validation failed:
 - ERROR - [Path '/employee/salary'] Instance type (boolean) does not match any allowed primitive type (allowed: [""integer"",""number""]): []
"
49ccaa28-378d-4a7a-a4b2-e6abb379dcd7,8b982997-7907-4668-88c4-d14183d36b7b,false,"[OAS] [OAS] validation failed:
 - ERROR - [Path '/employee/manager'] Object instance has properties which are not allowed by the schema: [""randomArray3"",""randomLong2"",""randomObject1"",""randomObject4""]: []
"
49ccaa28-378d-4a7a-a4b2-e6abb379dcd7,d8dfeff9-93a1-4d44-8f66-71e4b1450bf6,false,"[OAS] [OAS] validation failed:
 - ERROR - [Path '/employee/manager/employeeId'] Instance type (null) does not match any allowed primitive type (allowed: [""integer""]): []
"
49ccaa28-378d-4a7a-a4b2-e6abb379dcd7,57a845db-1a19-4bc6-b086-9764b0219e1a,false,"[OAS] [OAS] validation failed:
 - ERROR - [Path '/employee/manager/phone'] Instance type (null) does not match any allowed primitive type (allowed: [""string""]): []
"
49ccaa28-378d-4a7a-a4b2-e6abb379dcd7,bbc5af92-aa02-43dd-84e6-0a76c949232f,false,"[OAS] [OAS] validation failed:
 - ERROR - [Path '/employee/manager/hiredate'] Instance type (object) does not match any allowed primitive type (allowed: [""null"",""string""]): []
"
49ccaa28-378d-4a7a-a4b2-e6abb379dcd7,64317a46-c791-466e-9d84-c33ed07212e3,false,"[OAS] [OAS] validation failed:
 - ERROR - [Path '/employee/manager/job'] Instance type (integer) does not match any allowed primitive type (allowed: [""string""]): []
"
49ccaa28-378d-4a7a-a4b2-e6abb379dcd7,a1644e68-2f4a-4fa0-8fb2-1b3364d7bb2f,false,"[OAS] [OAS] validation failed:
 - ERROR - [Path '/employee/manager/salary'] Instance type (null) does not match any allowed primitive type (allowed: [""integer"",""number""]): []
"
49ccaa28-378d-4a7a-a4b2-e6abb379dcd7,ffb3210f-3f97-471b-85a2-dd46d8b0f28e,false,"[OAS] [OAS] validation failed:
 - ERROR - [Path '/employee/manager/department/departmentId'] Instance type (string) does not match any allowed primitive type (allowed: [""integer""]): []
"
49ccaa28-378d-4a7a-a4b2-e6abb379dcd7,bbc50fa6-2d70-4d70-9e43-29206cd60fac,false,"[OAS] [OAS] validation failed:
 - ERROR - [Path '/employee/manager/department/location/locationId'] Instance type (array) does not match any allowed primitive type (allowed: [""integer""]): []
"
49ccaa28-378d-4a7a-a4b2-e6abb379dcd7,b7aab7cc-eeac-4541-b95e-e3ce661bb19d,false,"[OAS] [OAS] validation failed:
 - ERROR - [Path '/employee/manager/department/location/adr'] Instance type (null) does not match any allowed primitive type (allowed: [""string""]): []
"
49ccaa28-378d-4a7a-a4b2-e6abb379dcd7,1d5bb81f-b644-4598-97b2-96d71dcf885d,false,"[OAS] [OAS] validation failed:
 - ERROR - [Path '/employee/manager/department/location/postalCode'] Instance type (array) does not match any allowed primitive type (allowed: [""string""]): []
"
49ccaa28-378d-4a7a-a4b2-e6abb379dcd7,a76fa20a-4e6b-4060-8510-3b978ba4740c,false,"[OAS] [OAS] validation failed:
 - ERROR - [Path '/employee/manager/credential/password'] Instance type (object) does not match any allowed primitive type (allowed: [""string""]): []
"
49ccaa28-378d-4a7a-a4b2-e6abb379dcd7,2d79e111-1d6a-4632-8205-9e7d9e19cb9d,false,"[OAS] [OAS] validation failed:
 - ERROR - [Path '/employee/manager/credential/enabled'] Instance type (null) does not match any allowed primitive type (allowed: [""boolean""]): []
"
49ccaa28-378d-4a7a-a4b2-e6abb379dcd7,1750c031-faf6-4de4-bde0-12bb0419a813,false,"[OAS] [OAS] validation failed:
 - ERROR - [Path '/employee/department'] Object instance has properties which are not allowed by the schema: [""randomArray3"",""randomBoolean2"",""randomNull1"",""randomObject4""]: []
"
49ccaa28-378d-4a7a-a4b2-e6abb379dcd7,4f37dc3f-19ca-4b15-b667-ca164b3becc8,false,"[OAS] [OAS] validation failed:
 - ERROR - [Path '/employee/department/departmentId'] Instance type (array) does not match any allowed primitive type (allowed: [""integer""]): []
"
49ccaa28-378d-4a7a-a4b2-e6abb379dcd7,a52f919f-c7a4-41fe-b908-f52a5bce484e,false,"[OAS] [OAS] validation failed:
 - ERROR - [Path '/employee/department/location'] Instance type (boolean) does not match any allowed primitive type (allowed: [""object""]): []
"
49ccaa28-378d-4a7a-a4b2-e6abb379dcd7,168ee353-602f-4624-84e4-5cc785937cba,false,"[OAS] [OAS] validation failed:
 - ERROR - [Path '/employee/department/location/locationId'] Instance type (string) does not match any allowed primitive type (allowed: [""integer""]): []
"
49ccaa28-378d-4a7a-a4b2-e6abb379dcd7,64d28d05-1b91-47bc-84bf-fcca7cb381f6,false,"[OAS] [OAS] validation failed:
 - ERROR - [Path '/employee/department/location/adr'] Instance type (null) does not match any allowed primitive type (allowed: [""string""]): []
"
49ccaa28-378d-4a7a-a4b2-e6abb379dcd7,98b661a4-a067-400d-963f-0333fa6b4cf8,false,"[OAS] [OAS] validation failed:
 - ERROR - [Path '/employee/credential'] Object instance has properties which are not allowed by the schema: [""randomArray3"",""randomObject2"",""randomString1""]: []
"
49ccaa28-378d-4a7a-a4b2-e6abb379dcd7,af7e2340-a7b2-4bae-b73a-186dd1c0c2f8,false,"[OAS] [OAS] validation failed:
 - ERROR - [Path '/employee/credential/username'] Instance type (null) does not match any allowed primitive type (allowed: [""string""]): []
"
49ccaa28-378d-4a7a-a4b2-e6abb379dcd7,441008fe-5b45-475c-ba05-f86c75f4d17b,false,"[OAS] [OAS] validation failed:
 - ERROR - [Path '/employee/credential/enabled'] Instance type (null) does not match any allowed primitive type (allowed: [""boolean""]): []
"
49ccaa28-378d-4a7a-a4b2-e6abb379dcd7,b68fdb61-8e0b-4e41-b025-f55c58d7b79b,false,"[OAS] [OAS] validation failed:
 - ERROR - [Path '/project'] Instance type (array) does not match any allowed primitive type (allowed: [""null"",""object""]): []
"
e6621ff2-38a7-4263-97b4-4367240f4ef9,8fe4610c-3ebd-4aac-aa14-e7498b47fa6b,false,"[OAS] [OAS] validation failed:
 - ERROR - Response status 409 not defined for path '/app/api/assignments'.: []
"
e6621ff2-38a7-4263-97b4-4367240f4ef9,32864564-f9b2-4206-b0f0-eaea38c5459b,false,"[OAS] [OAS] validation failed:
 - ERROR - [Path '/employeeId'] Instance type (null) does not match any allowed primitive type (allowed: [""integer""]): []
"
e6621ff2-38a7-4263-97b4-4367240f4ef9,8a9a8fc8-cf45-4969-87f8-38532fc63d99,false,"[OAS] [OAS] validation failed:
 - ERROR - [Path '/projectId'] Instance type (object) does not match any allowed primitive type (allowed: [""integer""]): []
"
e6621ff2-38a7-4263-97b4-4367240f4ef9,8a2d8e33-b8bc-4b0d-8db6-6817affea174,false,"[OAS] [OAS] validation failed:
 - ERROR - [Path '/commitDate'] Instance type (number) does not match any allowed primitive type (allowed: [""null"",""string""]): []
"
e6621ff2-38a7-4263-97b4-4367240f4ef9,33048c05-91f3-44d3-b0ff-c25d43b6e915,false,"[OAS] [OAS] validation failed:
 - ERROR - [Path '/employee'] Instance type (number) does not match any allowed primitive type (allowed: [""null"",""object""]): []
"
e6621ff2-38a7-4263-97b4-4367240f4ef9,0f20c693-487c-46bc-b0e9-08e2c72f4240,false,"[OAS] [OAS] validation failed:
 - ERROR - [Path '/employee/employeeId'] Instance type (object) does not match any allowed primitive type (allowed: [""integer""]): []
"
e6621ff2-38a7-4263-97b4-4367240f4ef9,63573149-3e31-4abc-9a41-b7f4d83f7bf6,false,"[OAS] [OAS] validation failed:
 - ERROR - [Path '/employee/firstName'] Instance type (object) does not match any allowed primitive type (allowed: [""string""]): []
"
e6621ff2-38a7-4263-97b4-4367240f4ef9,80501538-d967-464a-a13d-d5edd8d19ee2,false,"[OAS] [OAS] validation failed:
 - ERROR - [Path '/employee/phone'] Instance type (null) does not match any allowed primitive type (allowed: [""string""]): []
"
e6621ff2-38a7-4263-97b4-4367240f4ef9,c42560c8-2fed-43a6-a4d2-95fcf9a099f7,false,"[OAS] [OAS] validation failed:
 - ERROR - [Path '/employee/salary'] Instance type (null) does not match any allowed primitive type (allowed: [""integer"",""number""]): []
"
e6621ff2-38a7-4263-97b4-4367240f4ef9,455e0df0-c09d-45ab-b2a7-4918018d446a,false,"[OAS] [OAS] validation failed:
 - ERROR - [Path '/employee/manager'] Instance type (array) does not match any allowed primitive type (allowed: [""null"",""object""]): []
"
e6621ff2-38a7-4263-97b4-4367240f4ef9,ab101581-28af-40c6-82a1-74e969f90318,false,"[OAS] [OAS] validation failed:
 - ERROR - [Path '/employee/manager/firstName'] Instance type (null) does not match any allowed primitive type (allowed: [""string""]): []
"
e6621ff2-38a7-4263-97b4-4367240f4ef9,cdfd7f81-d700-4a77-9186-327614e0b36d,false,"[OAS] [OAS] validation failed:
 - ERROR - [Path '/employee/manager/phone'] Instance type (null) does not match any allowed primitive type (allowed: [""string""]): []
"
e6621ff2-38a7-4263-97b4-4367240f4ef9,00d5b42a-9cd2-4100-b1ef-6abff0ba2ea6,false,"[OAS] [OAS] validation failed:
 - ERROR - [Path '/employee/manager/hiredate'] Instance type (object) does not match any allowed primitive type (allowed: [""null"",""string""]): []
"
e6621ff2-38a7-4263-97b4-4367240f4ef9,229bd1b6-669d-4599-8df7-3c229b120621,false,"[OAS] [OAS] validation failed:
 - ERROR - [Path '/employee/manager/salary'] Instance type (null) does not match any allowed primitive type (allowed: [""integer"",""number""]): []
"
e6621ff2-38a7-4263-97b4-4367240f4ef9,88626064-ae1d-4969-8325-93c21cfc1d97,false,"[OAS] [OAS] validation failed:
 - ERROR - [Path '/employee/manager/department/departmentId'] Instance type (null) does not match any allowed primitive type (allowed: [""integer""]): []
"
e6621ff2-38a7-4263-97b4-4367240f4ef9,4ff4d8cc-d48d-4efd-9279-ffd014adbd24,false,"[OAS] [OAS] validation failed:
 - ERROR - [Path '/employee/manager/department/departmentName'] Instance type (integer) does not match any allowed primitive type (allowed: [""string""]): []
"
e6621ff2-38a7-4263-97b4-4367240f4ef9,4bad4d80-98a2-43c1-ac55-7815f0f84cce,false,"[OAS] [OAS] validation failed:
 - ERROR - [Path '/employee/manager/department/location'] Instance type (array) does not match any allowed primitive type (allowed: [""object""]): []
"
e6621ff2-38a7-4263-97b4-4367240f4ef9,dd1eff73-8afe-427e-9ff6-92b87882d0c2,false,"[OAS] [OAS] validation failed:
 - ERROR - [Path '/employee/manager/credential'] Object instance has properties which are not allowed by the schema: [""randomLong1""]: []
"
e6621ff2-38a7-4263-97b4-4367240f4ef9,184050f8-d878-49a7-8f21-7fb418241cd0,false,"[OAS] [OAS] validation failed:
 - ERROR - [Path '/employee/manager/credential/username'] Instance type (null) does not match any allowed primitive type (allowed: [""string""]): []
"
e6621ff2-38a7-4263-97b4-4367240f4ef9,53bba1ef-ce7f-4952-8520-4ef066736932,false,"[OAS] [OAS] validation failed:
 - ERROR - [Path '/employee/manager/credential/password'] Instance type (object) does not match any allowed primitive type (allowed: [""string""]): []
"
e6621ff2-38a7-4263-97b4-4367240f4ef9,faad1dfc-3e05-4159-aaa6-fa9d8163e82e,false,"[OAS] [OAS] validation failed:
 - ERROR - [Path '/employee/manager/credential/enabled'] Instance type (null) does not match any allowed primitive type (allowed: [""boolean""]): []
"
e6621ff2-38a7-4263-97b4-4367240f4ef9,b4cb0ecf-6bce-44dc-afac-bd4864980345,false,"[OAS] [OAS] validation failed:
 - ERROR - [Path '/employee/manager/credential/role'] Instance type (object) does not match any allowed primitive type (allowed: [""string""]): []
"
e6621ff2-38a7-4263-97b4-4367240f4ef9,0c421383-ebcb-4628-8d36-26a465bfbf68,false,"[OAS] [OAS] validation failed:
 - ERROR - [Path '/employee/department'] Object instance has properties which are not allowed by the schema: [""randomArray3"",""randomBoolean2"",""randomNull1"",""randomObject4""]: []
"
e6621ff2-38a7-4263-97b4-4367240f4ef9,b8bffbe4-d9a7-4921-86f3-c9c4ca24f56b,false,"[OAS] [OAS] validation failed:
 - ERROR - [Path '/employee/department/departmentId'] Instance type (null) does not match any allowed primitive type (allowed: [""integer""]): []
"
e6621ff2-38a7-4263-97b4-4367240f4ef9,e5bc15ef-ba4e-4cd8-80db-86772b41857d,false,"[OAS] [OAS] validation failed:
 - ERROR - [Path '/employee/department/departmentName'] Instance type (null) does not match any allowed primitive type (allowed: [""string""]): []
"
e6621ff2-38a7-4263-97b4-4367240f4ef9,0d4a838b-b488-42d7-93df-04a39dfe0801,false,"[OAS] [OAS] validation failed:
 - ERROR - [Path '/employee/department/location'] Instance type (boolean) does not match any allowed primitive type (allowed: [""object""]): []
"
e6621ff2-38a7-4263-97b4-4367240f4ef9,b52e6054-4b9f-4220-a35a-439883f0f6e5,false,"[OAS] [OAS] validation failed:
 - ERROR - [Path '/employee/department/location/locationId'] Instance type (null) does not match any allowed primitive type (allowed: [""integer""]): []
"
e6621ff2-38a7-4263-97b4-4367240f4ef9,6be68c5b-0b41-4867-bb68-b55488d60418,false,"[OAS] [OAS] validation failed:
 - ERROR - [Path '/employee/department/location/adr'] Instance type (object) does not match any allowed primitive type (allowed: [""string""]): []
"
e6621ff2-38a7-4263-97b4-4367240f4ef9,69a3543a-3069-496d-beb6-a8809e598d36,false,"[OAS] [OAS] validation failed:
 - ERROR - [Path '/employee/credential'] Object instance has properties which are not allowed by the schema: [""randomArray3"",""randomObject2"",""randomString1""]: []
"
e6621ff2-38a7-4263-97b4-4367240f4ef9,1a6cf0b7-5934-4fb8-b25a-d1096bbd7556,false,"[OAS] [OAS] validation failed:
 - ERROR - [Path '/employee/credential/password'] Instance type (integer) does not match any allowed primitive type (allowed: [""string""]): []
"
49bd1336-0cb5-4ec2-92a6-b1c4ebfb19d4,887aac36-808c-4beb-bafe-9cd9325aca09,false,"[OAS] [OAS] validation failed:
 - ERROR - No response body is expected but one was found.: []
"
49bd1336-0cb5-4ec2-92a6-b1c4ebfb19d4,3cc264ff-0973-4718-a8e0-f673d9e29707,false,"[OAS] [OAS] validation failed:
 - ERROR - [Path '/employeeId'] Instance type (null) does not match any allowed primitive type (allowed: [""integer""]): []
"
49bd1336-0cb5-4ec2-92a6-b1c4ebfb19d4,5e7d1913-cdbc-49ce-ac97-bd5afe636a20,false,"[OAS] [OAS] validation failed:
 - ERROR - [Path '/projectId'] Instance type (null) does not match any allowed primitive type (allowed: [""integer""]): []
"
49bd1336-0cb5-4ec2-92a6-b1c4ebfb19d4,a8208d73-7a64-4a64-95eb-32bc2ebc497c,false,"[OAS] [OAS] validation failed:
 - ERROR - [Path '/employee'] Object instance has properties which are not allowed by the schema: [""randomBoolean1"",""randomObject2""]: []
"
49bd1336-0cb5-4ec2-92a6-b1c4ebfb19d4,c391a94a-40ec-4b66-9c89-b0c3d9e504e3,false,"[OAS] [OAS] validation failed:
 - ERROR - [Path '/employee/firstName'] Instance type (array) does not match any allowed primitive type (allowed: [""string""]): []
"
49bd1336-0cb5-4ec2-92a6-b1c4ebfb19d4,5a6c6afd-82a2-4276-89dd-c4fe8e716592,false,"[OAS] [OAS] validation failed:
 - ERROR - [Path '/employee/phone'] Instance type (object) does not match any allowed primitive type (allowed: [""string""]): []
"
49bd1336-0cb5-4ec2-92a6-b1c4ebfb19d4,431873fe-a3ed-4797-b8b7-66516c78092b,false,"[OAS] [OAS] validation failed:
 - ERROR - [Path '/employee/hiredate'] Instance type (number) does not match any allowed primitive type (allowed: [""null"",""string""]): []
"
49bd1336-0cb5-4ec2-92a6-b1c4ebfb19d4,f6f706eb-2cc2-49b7-95e8-063ee15c1e5a,false,"[OAS] [OAS] validation failed:
 - ERROR - [Path '/employee/job'] Instance type (null) does not match any allowed primitive type (allowed: [""string""]): []
"
49bd1336-0cb5-4ec2-92a6-b1c4ebfb19d4,cd04bf44-3714-46f3-b6b2-6db156cfed5b,false,"[OAS] [OAS] validation failed:
 - ERROR - [Path '/employee/department/departmentId'] Instance type (null) does not match any allowed primitive type (allowed: [""integer""]): []
"
49bd1336-0cb5-4ec2-92a6-b1c4ebfb19d4,382d5f6d-b86d-4021-a2df-a570b96b132e,false,"[OAS] [OAS] validation failed:
 - ERROR - [Path '/employee/department/departmentName'] Instance type (integer) does not match any allowed primitive type (allowed: [""string""]): []
"
49bd1336-0cb5-4ec2-92a6-b1c4ebfb19d4,deb66672-bb44-4932-9f81-6fb0d3348f49,false,"[OAS] [OAS] validation failed:
 - ERROR - [Path '/employee/department/location'] Object instance has properties which are not allowed by the schema: [""randomArray4"",""randomLong1"",""randomObject2"",""randomString3""]: []
"
49bd1336-0cb5-4ec2-92a6-b1c4ebfb19d4,139f57e4-dac7-45d8-a284-86aee560146f,false,"[OAS] [OAS] validation failed:
 - ERROR - [Path '/employee/credential'] Instance type (array) does not match any allowed primitive type (allowed: [""object""]): []
"
49bd1336-0cb5-4ec2-92a6-b1c4ebfb19d4,27bc25dd-2c6f-4e04-86e1-8c8e7f0d65a0,false,"[OAS] [OAS] validation failed:
 - ERROR - [Path '/employee/credential/credentialId'] Instance type (array) does not match any allowed primitive type (allowed: [""integer""]): []
"
49bd1336-0cb5-4ec2-92a6-b1c4ebfb19d4,f9b39851-5497-4684-84a1-2798fc1f2509,false,"[OAS] [OAS] validation failed:
 - ERROR - [Path '/project'] Instance type (array) does not match any allowed primitive type (allowed: [""null"",""object""]): []
"
49bd1336-0cb5-4ec2-92a6-b1c4ebfb19d4,e560f8ed-31fd-44a3-b6bf-252383831ed7,false,"[OAS] [OAS] validation failed:
 - ERROR - [Path '/project/startDate'] Instance type (boolean) does not match any allowed primitive type (allowed: [""string""]): []
"
333edc50-a2b3-470a-a9ed-31291c77d62f,5dc7cbe7-02aa-4529-b1ae-8d31e2d8e155,false,"[OAS] [OAS] validation failed:
 - ERROR - No response body is expected but one was found.: []
"
333edc50-a2b3-470a-a9ed-31291c77d62f,292b962f-b01b-43f3-8e62-503e8bb5feab,false,"[OAS] [OAS] validation failed:
 - ERROR - Object instance has properties which are not allowed by the schema: [""{\""employeeId\"":1,\""projectId\"":4,\""commitDate\"":\""13-06-201817:30:00\"",\""commitEmpDesc\"":null,\""commitMgrDesc\"":\""\"",\""employee\"":{\""employeeId\"":2,\""firstName\"":\""Badr\"",\""lastName\"":\""Idoudi\"",\""email\"":\""springabcxyzboot@gmail.com\"",\""phone\"":\""22125144\"",\""hiredate\"":\""15-04-2019\"",\""job\"":\""Digital\"",\""salary\"":5000.0,\""manager\"":{\""employeeId\"":9,\""firstName\"":\""John\"",\""lastName\"":\""Doe\"",\""email\"":\""springabcxyzboot@gmail.com\"",\""phone\"":\""22125144\"",\""hiredate\"":null,\""job\"":\""Chef service digital\"",\""salary\"":6000.0,\""manager\"":null,\""department\"":{\""departmentId\"":5,\""departmentName\"":\""Digital\"",\""location\"":{\""locationId\"":1,\""adr\"":\""RUE DE LA BOURSE\"",\""postalCode\"":\""2016\"",\""city\"":\""LAC2\""}},\""credential\"":{\""credentialId\"":7,\""username\"":\""johndoe\"",\""password\"":\""$2y$04$CT3Jad4jrOq1zGt0Q4maEeTV57rdLtYNVnBM96vyVaGbaE4YgwfvO\"",\""enabled\"":true,\""role\"":\""ROLE_MGR\""}},\""department\"":{\""departmentId\"":5,\""departmentName\"":\""Digital\"",\""location\"":{\""locationId\"":1,\""adr\"":\""RUE DE LA BOURSE\"",\""postalCode\"":\""2016\"",\""city\"":\""LAC2\""}},\""credential\"":{\""credentialId\"":2,\""username\"":\""badridoudi\"",\""password\"":\""$2y$04$c09yvJ4rcadTRGaoVQRRZugld/9z377uaIHwRCWxexBADCVT.jC4S\"",\""enabled\"":true,\""role\"":\""ROLE_EMP\""}},\""project\"":{\""projectId\"":4,\""title\"":\""MACHYA_RANDONNEE\"",\""startDate\"":\""29-01-2021\"",\""endDate\"":\""30-04-2021\"",\""status\"":\""NOT_STARTED\""}}""]: []
"
333edc50-a2b3-470a-a9ed-31291c77d62f,61624ef0-2bd3-4a85-a6ce-885e66e9193b,false,"[OAS] [OAS] validation failed:
 - ERROR - [Path '/projectId'] Instance type (null) does not match any allowed primitive type (allowed: [""integer""]): []
"
333edc50-a2b3-470a-a9ed-31291c77d62f,abb1764a-9a4f-4461-8b0b-2e0ff6c9cbf5,false,"[OAS] [OAS] validation failed:
 - ERROR - [Path '/commitEmpDesc'] Instance type (number) does not match any allowed primitive type (allowed: [""null"",""string""]): []
"
333edc50-a2b3-470a-a9ed-31291c77d62f,f4d92dee-6a10-4834-9738-2c97e3d89b45,false,"[OAS] [OAS] validation failed:
 - ERROR - [Path '/employee/employeeId'] Instance type (object) does not match any allowed primitive type (allowed: [""integer""]): []
"
333edc50-a2b3-470a-a9ed-31291c77d62f,70cdb9e9-6220-40d7-8353-fc4b8a12745f,false,"[OAS] [OAS] validation failed:
 - ERROR - [Path '/employee/lastName'] Instance type (null) does not match any allowed primitive type (allowed: [""string""]): []
"
333edc50-a2b3-470a-a9ed-31291c77d62f,5f313669-2895-4852-8b43-0be7eecb75e2,false,"[OAS] [OAS] validation failed:
 - ERROR - [Path '/employee/email'] Instance type (null) does not match any allowed primitive type (allowed: [""string""]): []
"
333edc50-a2b3-470a-a9ed-31291c77d62f,bb66d0c5-402e-4365-95f0-020c550e4b29,false,"[OAS] [OAS] validation failed:
 - ERROR - [Path '/employee/job'] Instance type (array) does not match any allowed primitive type (allowed: [""string""]): []
"
333edc50-a2b3-470a-a9ed-31291c77d62f,6fdc65a7-e335-4de5-8c75-0ddd098fbe74,false,"[OAS] [OAS] validation failed:
 - ERROR - [Path '/employee/manager'] Instance type (array) does not match any allowed primitive type (allowed: [""null"",""object""]): []
"
333edc50-a2b3-470a-a9ed-31291c77d62f,ce33dbd6-ae16-407a-99ce-e2bf7315a2fe,false,"[OAS] [OAS] validation failed:
 - ERROR - [Path '/employee/manager/employeeId'] Instance type (array) does not match any allowed primitive type (allowed: [""integer""]): []
"
333edc50-a2b3-470a-a9ed-31291c77d62f,6c804b84-71d2-4f48-8aed-91076fdafaea,false,"[OAS] [OAS] validation failed:
 - ERROR - [Path '/employee/manager/hiredate'] Instance type (object) does not match any allowed primitive type (allowed: [""null"",""string""]): []
"
333edc50-a2b3-470a-a9ed-31291c77d62f,52eb7f6e-8842-46c7-99d0-57b6c1f1d8dd,false,"[OAS] [OAS] validation failed:
 - ERROR - [Path '/employee/manager/salary'] Instance type (null) does not match any allowed primitive type (allowed: [""integer"",""number""]): []
"
333edc50-a2b3-470a-a9ed-31291c77d62f,e92bdc83-e753-4fc7-a09a-40da34a749e9,false,"[OAS] [OAS] validation failed:
 - ERROR - [Path '/employee/manager/department/departmentId'] Instance type (string) does not match any allowed primitive type (allowed: [""integer""]): []
"
333edc50-a2b3-470a-a9ed-31291c77d62f,650d54e3-2084-4bc1-b758-12d3d2ec3f48,false,"[OAS] [OAS] validation failed:
 - ERROR - [Path '/employee/manager/department/location/locationId'] Instance type (null) does not match any allowed primitive type (allowed: [""integer""]): []
"
333edc50-a2b3-470a-a9ed-31291c77d62f,46795bf5-6759-4d58-bd76-4be93ecf8214,false,"[OAS] [OAS] validation failed:
 - ERROR - [Path '/employee/manager/department/location/postalCode'] Instance type (null) does not match any allowed primitive type (allowed: [""string""]): []
"
333edc50-a2b3-470a-a9ed-31291c77d62f,9742d8f4-7a19-4e91-8318-72750d2ad093,false,"[OAS] [OAS] validation failed:
 - ERROR - [Path '/employee/manager/credential'] Object instance has properties which are not allowed by the schema: [""randomLong1""]: []
"
333edc50-a2b3-470a-a9ed-31291c77d62f,d6f20dc2-900a-477a-b23a-aff41bf49e4e,false,"[OAS] [OAS] validation failed:
 - ERROR - [Path '/employee/manager/credential/credentialId'] Instance type (null) does not match any allowed primitive type (allowed: [""integer""]): []
"
333edc50-a2b3-470a-a9ed-31291c77d62f,ce0e2529-37b2-428e-bb2f-f05316ec8236,false,"[OAS] [OAS] validation failed:
 - ERROR - [Path '/employee/manager/credential/enabled'] Instance type (null) does not match any allowed primitive type (allowed: [""boolean""]): []
"
333edc50-a2b3-470a-a9ed-31291c77d62f,70934f37-ebac-4101-8519-580c781c9844,false,"[OAS] [OAS] validation failed:
 - ERROR - [Path '/employee/department/departmentId'] Instance type (null) does not match any allowed primitive type (allowed: [""integer""]): []
"
333edc50-a2b3-470a-a9ed-31291c77d62f,959a7e93-2233-49d7-8d7c-52f1dfb3efb4,false,"[OAS] [OAS] validation failed:
 - ERROR - [Path '/employee/department/location'] Object instance has properties which are not allowed by the schema: [""randomFloat3"",""randomNull1"",""randomNull2""]: []
"
333edc50-a2b3-470a-a9ed-31291c77d62f,bb3fc774-aac8-4976-beb4-1147bc140410,false,"[OAS] [OAS] validation failed:
 - ERROR - [Path '/employee/department/location/locationId'] Instance type (null) does not match any allowed primitive type (allowed: [""integer""]): []
"
333edc50-a2b3-470a-a9ed-31291c77d62f,5beaf327-7daa-419c-bea6-c9a4847995fe,false,"[OAS] [OAS] validation failed:
 - ERROR - [Path '/employee/department/location/adr'] Instance type (null) does not match any allowed primitive type (allowed: [""string""]): []
"
333edc50-a2b3-470a-a9ed-31291c77d62f,8f058824-8069-47e3-acc0-a9c687b90ee5,false,"[OAS] [OAS] validation failed:
 - ERROR - [Path '/employee/department/location/postalCode'] Instance type (null) does not match any allowed primitive type (allowed: [""string""]): []
"
333edc50-a2b3-470a-a9ed-31291c77d62f,be9b2398-ec08-457b-82de-e2a0d8317753,false,"[OAS] [OAS] validation failed:
 - ERROR - [Path '/employee/department/location/city'] Instance type (null) does not match any allowed primitive type (allowed: [""string""]): []
"
333edc50-a2b3-470a-a9ed-31291c77d62f,47ce34db-6468-484b-945f-549220fce0ac,false,"[OAS] [OAS] validation failed:
 - ERROR - [Path '/employee/credential'] Instance type (array) does not match any allowed primitive type (allowed: [""object""]): []
"
333edc50-a2b3-470a-a9ed-31291c77d62f,635dcc7d-ad53-4abb-95d6-b45e91b35d73,false,"[OAS] [OAS] validation failed:
 - ERROR - [Path '/employee/credential/credentialId'] Instance type (object) does not match any allowed primitive type (allowed: [""integer""]): []
"
333edc50-a2b3-470a-a9ed-31291c77d62f,a398a8af-f826-4730-978b-6875af931d27,false,"[OAS] [OAS] validation failed:
 - ERROR - [Path '/employee/credential/enabled'] Instance type (null) does not match any allowed primitive type (allowed: [""boolean""]): []
"
333edc50-a2b3-470a-a9ed-31291c77d62f,b4ae4d24-9b37-4381-817a-e77dd9b89946,false,"[OAS] [OAS] validation failed:
 - ERROR - [Path '/employee/credential/role'] Instance type (null) does not match any allowed primitive type (allowed: [""string""]): []
"
333edc50-a2b3-470a-a9ed-31291c77d62f,db9c04c4-7a5a-4da2-8d30-dbae7a7c1ed2,false,"[OAS] [OAS] validation failed:
 - ERROR - [Path '/project/projectId'] Instance type (boolean) does not match any allowed primitive type (allowed: [""integer""]): []
"
1c91a031-f2fb-4d41-a2b5-b95d3a50bad7,d4f35fa4-f900-45fb-ad98-1b3486dfc6d7,false,[NO_5XX] Unexpected 5XX response: 502
1c91a031-f2fb-4d41-a2b5-b95d3a50bad7,dbbc4125-2f71-4ee4-b225-8349c4072738,false,"[OAS] [OAS] validation failed:
 - ERROR - [Path '/employeeId'] Instance type (null) does not match any allowed primitive type (allowed: [""integer""]): []
"
1c91a031-f2fb-4d41-a2b5-b95d3a50bad7,a7434249-1fac-45e1-8441-bb0d0da1e48d,false,"[OAS] [OAS] validation failed:
 - ERROR - [Path '/commitDate'] Instance type (number) does not match any allowed primitive type (allowed: [""null"",""string""]): []
"
1c91a031-f2fb-4d41-a2b5-b95d3a50bad7,0b2b6286-f649-4dc8-b8e9-18380d517c73,false,"[OAS] [OAS] validation failed:
 - ERROR - [Path '/commitEmpDesc'] Instance type (object) does not match any allowed primitive type (allowed: [""null"",""string""]): []
"
1c91a031-f2fb-4d41-a2b5-b95d3a50bad7,8468a458-bd98-4efd-a176-3c275d8f99da,false,"[OAS] [OAS] validation failed:
 - ERROR - [Path '/employee/employeeId'] Instance type (null) does not match any allowed primitive type (allowed: [""integer""]): []
"
1c91a031-f2fb-4d41-a2b5-b95d3a50bad7,8a234557-5909-4596-a682-5d0fa5ef5a4f,false,"[OAS] [OAS] validation failed:
 - ERROR - [Path '/employee/email'] Instance type (null) does not match any allowed primitive type (allowed: [""string""]): []
"
1c91a031-f2fb-4d41-a2b5-b95d3a50bad7,490e37cf-40f6-441f-956c-0c58263913fe,false,"[OAS] [OAS] validation failed:
 - ERROR - [Path '/employee/hiredate'] Instance type (object) does not match any allowed primitive type (allowed: [""null"",""string""]): []
"
1c91a031-f2fb-4d41-a2b5-b95d3a50bad7,ff88e33e-efd0-4de3-9fff-e99c4d1f068e,false,"[OAS] [OAS] validation failed:
 - ERROR - [Path '/employee/job'] Instance type (array) does not match any allowed primitive type (allowed: [""string""]): []
"
1c91a031-f2fb-4d41-a2b5-b95d3a50bad7,9c19e36d-35a5-457b-9e0f-49c31d8a21c9,false,"[OAS] [OAS] validation failed:
 - ERROR - [Path '/employee/salary'] Instance type (null) does not match any allowed primitive type (allowed: [""integer"",""number""]): []
"
1c91a031-f2fb-4d41-a2b5-b95d3a50bad7,6b72f6dd-2385-44bc-ad20-b51b798f5b5b,false,"[OAS] [OAS] validation failed:
 - ERROR - [Path '/employee/manager'] Instance type (array) does not match any allowed primitive type (allowed: [""null"",""object""]): []
"
1c91a031-f2fb-4d41-a2b5-b95d3a50bad7,50c22ed6-c66d-472f-8fb9-6d51cec8f6bb,false,"[OAS] [OAS] validation failed:
 - ERROR - [Path '/employee/department'] Instance type (integer) does not match any allowed primitive type (allowed: [""null"",""object""]): []
"
1c91a031-f2fb-4d41-a2b5-b95d3a50bad7,c72844e9-6259-4c63-a022-3b0a976904df,false,"[OAS] [OAS] validation failed:
 - ERROR - [Path '/employee/credential'] Object instance has properties which are not allowed by the schema: [""randomArray3"",""randomLong2"",""randomObject1"",""randomObject4""]: []
"
1c91a031-f2fb-4d41-a2b5-b95d3a50bad7,514143af-1be4-411c-8010-311725115694,false,"[OAS] [OAS] validation failed:
 - ERROR - [Path '/employee/credential/credentialId'] Instance type (array) does not match any allowed primitive type (allowed: [""integer""]): []
"
1c91a031-f2fb-4d41-a2b5-b95d3a50bad7,8b30fe3f-cbee-4e58-b4c3-f733522149ab,false,"[OAS] [OAS] validation failed:
 - ERROR - [Path '/employee/credential/username'] Instance type (object) does not match any allowed primitive type (allowed: [""string""]): []
"
1c91a031-f2fb-4d41-a2b5-b95d3a50bad7,66d0cfe6-b0b2-452c-b193-00a042209078,false,"[OAS] [OAS] validation failed:
 - ERROR - [Path '/project/projectId'] Instance type (string) does not match any allowed primitive type (allowed: [""integer""]): []
"
1c91a031-f2fb-4d41-a2b5-b95d3a50bad7,416ec648-e9a0-4133-8cbf-22a1ee11108b,false,"[OAS] [OAS] validation failed:
 - ERROR - [Path '/project/title'] Instance type (null) does not match any allowed primitive type (allowed: [""string""]): []
"
1c91a031-f2fb-4d41-a2b5-b95d3a50bad7,861e5c2e-35a7-47ac-b25d-3b88a119c301,false,"[OAS] [OAS] validation failed:
 - ERROR - [Path '/project/startDate'] Instance type (null) does not match any allowed primitive type (allowed: [""string""]): []
"
c7d723eb-77d8-44dd-a172-c8b159721c05,fa1afa5f-7a02-4ce0-9cc2-9110fc5a667e,false,"[OAS] [OAS] validation failed:
 - ERROR - Response status 403 not defined for path '/app/api/assignments'.: []
"
c7d723eb-77d8-44dd-a172-c8b159721c05,8dcfc2cb-5765-4ed3-900c-bb87d412373b,false,"[OAS] [OAS] validation failed:
 - ERROR - Object instance has properties which are not allowed by the schema: [""randomBoolean1""]: []
"
c7d723eb-77d8-44dd-a172-c8b159721c05,59166f33-de3c-469f-bc7c-2437838917b0,false,"[OAS] [OAS] validation failed:
 - ERROR - [Path '/employeeId'] Instance type (null) does not match any allowed primitive type (allowed: [""integer""]): []
"
c7d723eb-77d8-44dd-a172-c8b159721c05,efa82e83-427a-4c3f-84b7-99996d7d8137,false,"[OAS] [OAS] validation failed:
 - ERROR - [Path '/projectId'] Instance type (null) does not match any allowed primitive type (allowed: [""integer""]): []
"
c7d723eb-77d8-44dd-a172-c8b159721c05,82c238d3-cec5-4ef3-9384-ae2299050614,false,"[OAS] [OAS] validation failed:
 - ERROR - [Path '/commitDate'] Instance type (number) does not match any allowed primitive type (allowed: [""null"",""string""]): []
"
c7d723eb-77d8-44dd-a172-c8b159721c05,d1bac3ac-033c-40d0-a796-8e51be09bc87,false,"[OAS] [OAS] validation failed:
 - ERROR - [Path '/commitEmpDesc'] Instance type (object) does not match any allowed primitive type (allowed: [""null"",""string""]): []
"
c7d723eb-77d8-44dd-a172-c8b159721c05,98cf3807-e9ce-4345-bc5b-27f9df049b81,false,"[OAS] [OAS] validation failed:
 - ERROR - [Path '/employee/firstName'] Instance type (object) does not match any allowed primitive type (allowed: [""string""]): []
"
c7d723eb-77d8-44dd-a172-c8b159721c05,525eda97-53e1-4576-b76e-29a42f585c4e,false,"[OAS] [OAS] validation failed:
 - ERROR - [Path '/employee/lastName'] Instance type (object) does not match any allowed primitive type (allowed: [""string""]): []
"
c7d723eb-77d8-44dd-a172-c8b159721c05,88e20d01-a7d8-40df-a4c8-060364c9ab4e,false,"[OAS] [OAS] validation failed:
 - ERROR - [Path '/employee/job'] Instance type (object) does not match any allowed primitive type (allowed: [""string""]): []
"
c7d723eb-77d8-44dd-a172-c8b159721c05,8f2d45f7-6358-4313-af5e-b784d3a33985,false,"[OAS] [OAS] validation failed:
 - ERROR - [Path '/employee/salary'] Instance type (null) does not match any allowed primitive type (allowed: [""integer"",""number""]): []
"
c7d723eb-77d8-44dd-a172-c8b159721c05,60a4f214-0a38-47a7-9f11-58f4ebc7c5c8,false,"[OAS] [OAS] validation failed:
 - ERROR - [Path '/employee/manager'] Instance type (array) does not match any allowed primitive type (allowed: [""null"",""object""]): []
"
c7d723eb-77d8-44dd-a172-c8b159721c05,06358245-8723-4638-ba43-0ebccc7b2593,false,"[OAS] [OAS] validation failed:
 - ERROR - [Path '/employee/manager/employeeId'] Instance type (null) does not match any allowed primitive type (allowed: [""integer""]): []
"
c7d723eb-77d8-44dd-a172-c8b159721c05,50a0a682-14c9-43a3-9ec2-f88de47bd26a,false,"[OAS] [OAS] validation failed:
 - ERROR - [Path '/employee/manager/hiredate'] Instance type (object) does not match any allowed primitive type (allowed: [""null"",""string""]): []
"
c7d723eb-77d8-44dd-a172-c8b159721c05,c2d9eb3a-d3a9-4f2c-ae72-7cd62994f535,false,"[OAS] [OAS] validation failed:
 - ERROR - [Path '/employee/manager/job'] Instance type (array) does not match any allowed primitive type (allowed: [""string""]): []
"
c7d723eb-77d8-44dd-a172-c8b159721c05,4f976815-b6b5-49eb-bd19-7727a2f7a348,false,"[OAS] [OAS] validation failed:
 - ERROR - [Path '/employee/manager/salary'] Instance type (object) does not match any allowed primitive type (allowed: [""integer"",""number""]): []
"
c7d723eb-77d8-44dd-a172-c8b159721c05,29b6997f-2e38-4db3-a4c5-ad1b21fe1d76,false,"[OAS] [OAS] validation failed:
 - ERROR - [Path '/employee/manager/manager'] Instance type (array) does not match any allowed primitive type (allowed: [""null"",""object""]): []
"
c7d723eb-77d8-44dd-a172-c8b159721c05,3f4230e3-fe17-457e-856a-aa2e28ffab0d,false,"[OAS] [OAS] validation failed:
 - ERROR - [Path '/employee/manager/department/departmentId'] Instance type (string) does not match any allowed primitive type (allowed: [""integer""]): []
"
c7d723eb-77d8-44dd-a172-c8b159721c05,2c853a8f-ca3d-4a08-9eb9-119d7277fd2a,false,"[OAS] [OAS] validation failed:
 - ERROR - [Path '/employee/manager/department/location/locationId'] Instance type (array) does not match any allowed primitive type (allowed: [""integer""]): []
"
c7d723eb-77d8-44dd-a172-c8b159721c05,e281a562-ac32-4e40-9e33-5f1b49d5d2e5,false,"[OAS] [OAS] validation failed:
 - ERROR - [Path '/employee/manager/department/location/adr'] Instance type (integer) does not match any allowed primitive type (allowed: [""string""]): []
"
c7d723eb-77d8-44dd-a172-c8b159721c05,16f7652c-cdd0-4f36-836b-090ecbc071ec,false,"[OAS] [OAS] validation failed:
 - ERROR - [Path '/employee/manager/credential'] Instance type (null) does not match any allowed primitive type (allowed: [""object""]): []
"
c7d723eb-77d8-44dd-a172-c8b159721c05,489171bb-eb07-433a-98ba-241547659bd5,false,"[OAS] [OAS] validation failed:
 - ERROR - [Path '/employee/manager/credential/credentialId'] Instance type (null) does not match any allowed primitive type (allowed: [""integer""]): []
"
c7d723eb-77d8-44dd-a172-c8b159721c05,47e3afa7-df50-4c37-aa6d-f2bc29ba6902,false,"[OAS] [OAS] validation failed:
 - ERROR - [Path '/employee/manager/credential/username'] Instance type (null) does not match any allowed primitive type (allowed: [""string""]): []
"
c7d723eb-77d8-44dd-a172-c8b159721c05,35b8c238-a90b-4419-88f3-8ba58ddb8e07,false,"[OAS] [OAS] validation failed:
 - ERROR - [Path '/employee/manager/credential/password'] Instance type (array) does not match any allowed primitive type (allowed: [""string""]): []
"
c7d723eb-77d8-44dd-a172-c8b159721c05,01640cb2-20b6-4c0a-a636-d8aa339752a0,false,"[OAS] [OAS] validation failed:
 - ERROR - [Path '/employee/manager/credential/enabled'] Instance type (null) does not match any allowed primitive type (allowed: [""boolean""]): []
"
c7d723eb-77d8-44dd-a172-c8b159721c05,9d718cec-6a2a-4cb0-be43-f7f28f7197e5,false,"[OAS] [OAS] validation failed:
 - ERROR - [Path '/employee/department/departmentName'] Instance type (null) does not match any allowed primitive type (allowed: [""string""]): []
"
c7d723eb-77d8-44dd-a172-c8b159721c05,5659e4d9-9e3c-4a6a-af99-6ed733fe8ac0,false,"[OAS] [OAS] validation failed:
 - ERROR - [Path '/employee/department/location'] Instance type (null) does not match any allowed primitive type (allowed: [""object""]): []
"
c7d723eb-77d8-44dd-a172-c8b159721c05,93cc7485-e5d4-4929-8644-9efa63d3773f,false,"[OAS] [OAS] validation failed:
 - ERROR - [Path '/employee/credential'] Instance type (array) does not match any allowed primitive type (allowed: [""object""]): []
"
c7d723eb-77d8-44dd-a172-c8b159721c05,a5c86ea1-e113-45af-8ea2-3f3177df12e3,false,"[OAS] [OAS] validation failed:
 - ERROR - [Path '/employee/credential/credentialId'] Instance type (null) does not match any allowed primitive type (allowed: [""integer""]): []
"
c7d723eb-77d8-44dd-a172-c8b159721c05,8815ae70-d4f6-465c-b7eb-7245e4b87569,false,"[OAS] [OAS] validation failed:
 - ERROR - [Path '/employee/credential/password'] Instance type (object) does not match any allowed primitive type (allowed: [""string""]): []
"
c7d723eb-77d8-44dd-a172-c8b159721c05,5024f401-0aa8-44eb-a6f0-825c90aa4eaf,false,"[OAS] [OAS] validation failed:
 - ERROR - [Path '/employee/credential/role'] Instance type (null) does not match any allowed primitive type (allowed: [""string""]): []
"
c7d723eb-77d8-44dd-a172-c8b159721c05,a63ca61f-3803-43f2-9cc8-dc7ac692f5e1,false,"[OAS] [OAS] validation failed:
 - ERROR - [Path '/project'] Object instance has properties which are not allowed by the schema: [""randomNull1""]: []
"
c7d723eb-77d8-44dd-a172-c8b159721c05,3ffbe93a-3a8a-47f9-841e-72d1fbca5e93,false,"[OAS] [OAS] validation failed:
 - ERROR - [Path '/project/projectId'] Instance type (null) does not match any allowed primitive type (allowed: [""integer""]): []
"
c7d723eb-77d8-44dd-a172-c8b159721c05,12e1f1fe-e046-4bc9-aa17-9d99efb37ec9,false,"[OAS] [OAS] validation failed:
 - ERROR - [Path '/project/status'] Instance type (boolean) does not match any allowed primitive type (allowed: [""string""]): []
"
de321650-4581-48e1-940e-64f984af0fe5,29479efd-b389-44d6-a9f2-abbe83cc87ac,false,[NO_5XX] Unexpected 5XX response: 503
de321650-4581-48e1-940e-64f984af0fe5,23332d2c-90ea-4dbe-a742-cd2051c8725d,false,"[OAS] [OAS] validation failed:
 - ERROR - [Path '/employeeId'] Instance type (number) does not match any allowed primitive type (allowed: [""integer""]): []
"
de321650-4581-48e1-940e-64f984af0fe5,807f7448-a03b-4bf8-ab44-b3e874e88cd6,false,"[OAS] [OAS] validation failed:
 - ERROR - [Path '/commitEmpDesc'] Instance type (object) does not match any allowed primitive type (allowed: [""null"",""string""]): []
"
de321650-4581-48e1-940e-64f984af0fe5,6dd83dec-65e4-48e1-bbf0-c83c24919706,false,"[OAS] [OAS] validation failed:
 - ERROR - [Path '/commitMgrDesc'] Instance type (object) does not match any allowed primitive type (allowed: [""null"",""string""]): []
"
de321650-4581-48e1-940e-64f984af0fe5,6aec4f10-2cfd-47bc-ab5b-8c8d048ddfd6,false,"[OAS] [OAS] validation failed:
 - ERROR - [Path '/employee'] Instance type (number) does not match any allowed primitive type (allowed: [""null"",""object""]): []
"
de321650-4581-48e1-940e-64f984af0fe5,71f14f80-47ee-475c-b05f-96333ec1211b,false,"[OAS] [OAS] validation failed:
 - ERROR - [Path '/project/projectId'] Instance type (object) does not match any allowed primitive type (allowed: [""integer""]): []
"
de321650-4581-48e1-940e-64f984af0fe5,fc95e3fb-6fd2-44c2-bc63-b859aa1333b3,false,"[OAS] [OAS] validation failed:
 - ERROR - [Path '/project/endDate'] Instance type (null) does not match any allowed primitive type (allowed: [""string""]): []
"
de321650-4581-48e1-940e-64f984af0fe5,9a46ce37-e59d-4b01-bf3d-d3a6a3720303,false,"[OAS] [OAS] validation failed:
 - ERROR - [Path '/project/status'] Instance type (object) does not match any allowed primitive type (allowed: [""string""]): []
"
f9c68522-fc3a-4275-92da-a4ebaf20c796,656d8e46-e0aa-4edc-9053-9cde4e47a552,false,"[OAS] [OAS] validation failed:
 - ERROR - Response status 403 not defined for path '/app/api/assignments'.: []
"
f9c68522-fc3a-4275-92da-a4ebaf20c796,af15f34e-2103-461d-93a0-5d26a2226cc9,false,"[OAS] [OAS] validation failed:
 - ERROR - [Path '/employeeId'] Instance type (null) does not match any allowed primitive type (allowed: [""integer""]): []
"
f9c68522-fc3a-4275-92da-a4ebaf20c796,038e3212-8620-40ac-988d-41eed84f83dd,false,"[OAS] [OAS] validation failed:
 - ERROR - [Path '/projectId'] Instance type (null) does not match any allowed primitive type (allowed: [""integer""]): []
"
f9c68522-fc3a-4275-92da-a4ebaf20c796,84010eee-a19b-486e-a96b-c632b0817800,false,"[OAS] [OAS] validation failed:
 - ERROR - [Path '/commitMgrDesc'] Instance type (object) does not match any allowed primitive type (allowed: [""null"",""string""]): []
"
f9c68522-fc3a-4275-92da-a4ebaf20c796,7c26e7aa-2d1f-441d-a651-b7da33582a6c,false,"[OAS] [OAS] validation failed:
 - ERROR - [Path '/employee'] Object instance has properties which are not allowed by the schema: [""randomBoolean1"",""randomObject2""]: []
"
f9c68522-fc3a-4275-92da-a4ebaf20c796,96c42674-2d82-4793-8896-6547c5624486,false,"[OAS] [OAS] validation failed:
 - ERROR - [Path '/employee/firstName'] Instance type (array) does not match any allowed primitive type (allowed: [""string""]): []
"
f9c68522-fc3a-4275-92da-a4ebaf20c796,b7823fb9-285c-44cf-b424-99cd3c343ef9,false,"[OAS] [OAS] validation failed:
 - ERROR - [Path '/employee/email'] Instance type (null) does not match any allowed primitive type (allowed: [""string""]): []
"
f9c68522-fc3a-4275-92da-a4ebaf20c796,974d3db9-a655-4bd9-980e-c1e38b53709d,false,"[OAS] [OAS] validation failed:
 - ERROR - [Path '/employee/hiredate'] Instance type (number) does not match any allowed primitive type (allowed: [""null"",""string""]): []
"
f9c68522-fc3a-4275-92da-a4ebaf20c796,a77b7128-5fe0-40f3-aafb-92dd1e2447c4,false,"[OAS] [OAS] validation failed:
 - ERROR - [Path '/employee/credential'] Object instance has properties which are not allowed by the schema: [""randomArray3"",""randomLong2"",""randomObject1"",""randomObject4""]: []
"
f9c68522-fc3a-4275-92da-a4ebaf20c796,a2c78e79-8f2d-4fb1-8ff3-970d4b024f23,false,"[OAS] [OAS] validation failed:
 - ERROR - [Path '/employee/credential/credentialId'] Instance type (array) does not match any allowed primitive type (allowed: [""integer""]): []
"
f9c68522-fc3a-4275-92da-a4ebaf20c796,96064d27-de2e-4ee7-bb16-13e94d3248a0,false,"[OAS] [OAS] validation failed:
 - ERROR - [Path '/employee/credential/username'] Instance type (integer) does not match any allowed primitive type (allowed: [""string""]): []
"
f9c68522-fc3a-4275-92da-a4ebaf20c796,75c075ff-a51a-418b-91fd-b14856e6268f,false,"[OAS] [OAS] validation failed:
 - ERROR - [Path '/employee/credential/password'] Instance type (object) does not match any allowed primitive type (allowed: [""string""]): []
"
f9c68522-fc3a-4275-92da-a4ebaf20c796,0c534889-75c0-44bd-bc51-60f26bf930d1,false,"[OAS] [OAS] validation failed:
 - ERROR - [Path '/project'] Instance type (array) does not match any allowed primitive type (allowed: [""null"",""object""]): []
"
994dc0d0-ec41-4b15-9618-8705d1fa1722,1b5bfba9-7305-46aa-aecf-b35357257482,false,"[OAS] [OAS] validation failed:
 - ERROR - No response body is expected but one was found.: []
"
994dc0d0-ec41-4b15-9618-8705d1fa1722,5652f672-ec08-44ab-8cec-84891917ca83,false,"[OAS] [OAS] validation failed:
 - ERROR - Object instance has properties which are not allowed by the schema: [""randomBoolean1""]: []
"
994dc0d0-ec41-4b15-9618-8705d1fa1722,e74b662b-9506-41e5-b859-d512bf49a1b9,false,"[OAS] [OAS] validation failed:
 - ERROR - [Path '/employeeId'] Instance type (null) does not match any allowed primitive type (allowed: [""integer""]): []
"
994dc0d0-ec41-4b15-9618-8705d1fa1722,8d976755-da85-4ceb-aa30-f77d16144670,false,"[OAS] [OAS] validation failed:
 - ERROR - [Path '/projectId'] Instance type (object) does not match any allowed primitive type (allowed: [""integer""]): []
"
994dc0d0-ec41-4b15-9618-8705d1fa1722,d1c1b223-b322-4e22-8a13-fa4dfcc3f53a,false,"[OAS] [OAS] validation failed:
 - ERROR - [Path '/commitEmpDesc'] Instance type (number) does not match any allowed primitive type (allowed: [""null"",""string""]): []
"
994dc0d0-ec41-4b15-9618-8705d1fa1722,cecc58ed-432b-4877-ba31-79a8f768f943,false,"[OAS] [OAS] validation failed:
 - ERROR - [Path '/commitMgrDesc'] Instance type (object) does not match any allowed primitive type (allowed: [""null"",""string""]): []
"
994dc0d0-ec41-4b15-9618-8705d1fa1722,d4cbcd0f-acf3-4e4e-8157-9c412019687a,false,"[OAS] [OAS] validation failed:
 - ERROR - [Path '/employee/employeeId'] Instance type (object) does not match any allowed primitive type (allowed: [""integer""]): []
"
994dc0d0-ec41-4b15-9618-8705d1fa1722,2755bda6-b678-4a4a-8af9-2ab06fc820eb,false,"[OAS] [OAS] validation failed:
 - ERROR - [Path '/employee/hiredate'] Instance type (object) does not match any allowed primitive type (allowed: [""null"",""string""]): []
"
994dc0d0-ec41-4b15-9618-8705d1fa1722,89bc191b-978c-44e9-8ad7-c2c92fdbec5e,false,"[OAS] [OAS] validation failed:
 - ERROR - [Path '/employee/job'] Instance type (null) does not match any allowed primitive type (allowed: [""string""]): []
"
994dc0d0-ec41-4b15-9618-8705d1fa1722,5c8c91bb-3e19-4b1f-8770-59846cb3517d,false,"[OAS] [OAS] validation failed:
 - ERROR - [Path '/employee/salary'] Instance type (null) does not match any allowed primitive type (allowed: [""integer"",""number""]): []
"
994dc0d0-ec41-4b15-9618-8705d1fa1722,d2ccbc4c-b174-4ed8-b540-cf763a522ddd,false,"[OAS] [OAS] validation failed:
 - ERROR - [Path '/employee/manager'] Instance type (array) does not match any allowed primitive type (allowed: [""null"",""object""]): []
"
994dc0d0-ec41-4b15-9618-8705d1fa1722,429ff865-df98-49ad-bf0a-29c80ff4443d,false,"[OAS] [OAS] validation failed:
 - ERROR - [Path '/employee/department/departmentId'] Instance type (null) does not match any allowed primitive type (allowed: [""integer""]): []
"
994dc0d0-ec41-4b15-9618-8705d1fa1722,72bf5950-a661-4351-aa92-0f9579d25b26,false,"[OAS] [OAS] validation failed:
 - ERROR - [Path '/employee/department/departmentName'] Instance type (object) does not match any allowed primitive type (allowed: [""string""]): []
"
994dc0d0-ec41-4b15-9618-8705d1fa1722,f88762de-22db-4793-9999-5e427693f5ad,false,"[OAS] [OAS] validation failed:
 - ERROR - [Path '/employee/department/location'] Instance type (null) does not match any allowed primitive type (allowed: [""object""]): []
"
994dc0d0-ec41-4b15-9618-8705d1fa1722,a81f63d6-a90c-4afe-9da6-e57c2414c719,false,"[OAS] [OAS] validation failed:
 - ERROR - [Path '/employee/department/location/locationId'] Instance type (null) does not match any allowed primitive type (allowed: [""integer""]): []
"
994dc0d0-ec41-4b15-9618-8705d1fa1722,ce73f100-3a28-406c-9d1b-4c14e88c1e01,false,"[OAS] [OAS] validation failed:
 - ERROR - [Path '/employee/department/location/adr'] Instance type (null) does not match any allowed primitive type (allowed: [""string""]): []
"
994dc0d0-ec41-4b15-9618-8705d1fa1722,3fe3bb42-7270-4013-a577-3072326ae825,false,"[OAS] [OAS] validation failed:
 - ERROR - [Path '/employee/credential'] Instance type (array) does not match any allowed primitive type (allowed: [""object""]): []
"
994dc0d0-ec41-4b15-9618-8705d1fa1722,8c1857b8-75a8-4539-b1d3-ec4d82dcd923,false,"[OAS] [OAS] validation failed:
 - ERROR - [Path '/employee/credential/credentialId'] Instance type (array) does not match any allowed primitive type (allowed: [""integer""]): []
"
994dc0d0-ec41-4b15-9618-8705d1fa1722,6e166d32-7bc8-4e21-9c05-ac147d82d2d7,false,"[OAS] [OAS] validation failed:
 - ERROR - [Path '/project'] Instance type (array) does not match any allowed primitive type (allowed: [""null"",""object""]): []
"
994dc0d0-ec41-4b15-9618-8705d1fa1722,18cc795a-ec4d-4184-95ec-81dfc34ab715,false,"[OAS] [OAS] validation failed:
 - ERROR - [Path '/project/projectId'] Instance type (object) does not match any allowed primitive type (allowed: [""integer""]): []
"
994dc0d0-ec41-4b15-9618-8705d1fa1722,9a81ffa2-ba34-4d42-8122-02a9799acb05,false,"[OAS] [OAS] validation failed:
 - ERROR - [Path '/project/title'] Instance type (null) does not match any allowed primitive type (allowed: [""string""]): []
"
994dc0d0-ec41-4b15-9618-8705d1fa1722,026cd520-a405-443b-9c01-378237cc3203,false,"[OAS] [OAS] validation failed:
 - ERROR - [Path '/project/endDate'] Instance type (null) does not match any allowed primitive type (allowed: [""string""]): []
"
994dc0d0-ec41-4b15-9618-8705d1fa1722,de38bee1-dce6-48df-8425-bf851dbdfb5d,false,"[OAS] [OAS] validation failed:
 - ERROR - [Path '/project/status'] Instance type (null) does not match any allowed primitive type (allowed: [""string""]): []
"
19e0567c-fedc-4788-8657-c40e2ac9a152,157e76f4-a7d9-4ba2-b4e2-cfaac1184fdf,false,"[OAS] [OAS] validation failed:
 - ERROR - No response body is expected but one was found.: []
"
19e0567c-fedc-4788-8657-c40e2ac9a152,8d1a914e-a431-4087-9509-6f7a81c5a700,false,"[OAS] [OAS] validation failed:
 - ERROR - Object instance has properties which are not allowed by the schema: [""{\""employeeId\"":3,\""projectId\"":2,\""commitDate\"":\""13-06-202517:30:00\"",\""commitEmpDesc\"":\""this is a new assignment\"",\""commitMgrDesc\"":null,\""employee\"":{\""employeeId\"":2,\""firstName\"":\""Badr\"",\""lastName\"":\""Idoudi\"",\""email\"":\""springabcxyzboot@gmail.com\"",\""phone\"":\""22125144\"",\""hiredate\"":\""15-04-2019\"",\""job\"":\""Digital\"",\""salary\"":5000.0,\""manager\"":{\""employeeId\"":9,\""firstName\"":\""John\"",\""lastName\"":\""Doe\"",\""email\"":\""springabcxyzboot@gmail.com\"",\""phone\"":\""22125144\"",\""hiredate\"":null,\""job\"":\""Chef service digital\"",\""salary\"":6000.0,\""manager\"":null,\""department\"":{\""departmentId\"":5,\""departmentName\"":\""Digital\"",\""location\"":{\""locationId\"":1,\""adr\"":\""RUE DE LA BOURSE\"",\""postalCode\"":\""2016\"",\""city\"":\""LAC2\""}},\""credential\"":{\""credentialId\"":7,\""username\"":\""johndoe\"",\""password\"":\""$2y$04$CT3Jad4jrOq1zGt0Q4maEeTV57rdLtYNVnBM96vyVaGbaE4YgwfvO\"",\""enabled\"":true,\""role\"":\""ROLE_MGR\""}},\""department\"":{\""departmentId\"":5,\""departmentName\"":\""Digital\"",\""location\"":{\""locationId\"":1,\""adr\"":\""RUE DE LA BOURSE\"",\""postalCode\"":\""2016\"",\""city\"":\""LAC2\""}},\""credential\"":{\""credentialId\"":2,\""username\"":\""badridoudi\"",\""password\"":\""$2y$04$c09yvJ4rcadTRGaoVQRRZugld/9z377uaIHwRCWxexBADCVT.jC4S\"",\""enabled\"":true,\""role\"":\""ROLE_EMP\""}},\""project\"":null}""]: []
"
19e0567c-fedc-4788-8657-c40e2ac9a152,d8bb46e0-9a45-4b26-84f0-a59596d32d2f,false,"[OAS] [OAS] validation failed:
 - ERROR - [Path '/employeeId'] Instance type (null) does not match any allowed primitive type (allowed: [""integer""]): []
"
19e0567c-fedc-4788-8657-c40e2ac9a152,29861768-9323-4c29-9081-a34135223b76,false,"[OAS] [OAS] validation failed:
 - ERROR - [Path '/projectId'] Instance type (null) does not match any allowed primitive type (allowed: [""integer""]): []
"
19e0567c-fedc-4788-8657-c40e2ac9a152,1db6100e-2a94-40f3-a527-b0081acd281f,false,"[OAS] [OAS] validation failed:
 - ERROR - [Path '/commitDate'] Instance type (number) does not match any allowed primitive type (allowed: [""null"",""string""]): []
"
19e0567c-fedc-4788-8657-c40e2ac9a152,56e11af1-9bdc-4e33-9a13-b47f5193cb76,false,"[OAS] [OAS] validation failed:
 - ERROR - [Path '/commitMgrDesc'] Instance type (number) does not match any allowed primitive type (allowed: [""null"",""string""]): []
"
19e0567c-fedc-4788-8657-c40e2ac9a152,f5de6237-a755-4dc6-9850-b936021a4e48,false,"[OAS] [OAS] validation failed:
 - ERROR - [Path '/employee'] Instance type (number) does not match any allowed primitive type (allowed: [""null"",""object""]): []
"
19e0567c-fedc-4788-8657-c40e2ac9a152,7320af5f-c6de-4968-9ed3-067940baf3cc,false,"[OAS] [OAS] validation failed:
 - ERROR - [Path '/employee/employeeId'] Instance type (object) does not match any allowed primitive type (allowed: [""integer""]): []
"
19e0567c-fedc-4788-8657-c40e2ac9a152,4b822eb8-25f1-4f0b-a99c-6eac7b6e1d6b,false,"[OAS] [OAS] validation failed:
 - ERROR - [Path '/employee/lastName'] Instance type (null) does not match any allowed primitive type (allowed: [""string""]): []
"
19e0567c-fedc-4788-8657-c40e2ac9a152,ec56157f-8882-47c5-aa56-d64c124bbb71,false,"[OAS] [OAS] validation failed:
 - ERROR - [Path '/employee/email'] Instance type (null) does not match any allowed primitive type (allowed: [""string""]): []
"
19e0567c-fedc-4788-8657-c40e2ac9a152,ddbf0e35-0316-467d-9eeb-31028cdb6c12,false,"[OAS] [OAS] validation failed:
 - ERROR - [Path '/employee/phone'] Instance type (null) does not match any allowed primitive type (allowed: [""string""]): []
"
19e0567c-fedc-4788-8657-c40e2ac9a152,be5687ff-73ba-4aea-9ec9-54ab038ae154,false,"[OAS] [OAS] validation failed:
 - ERROR - [Path '/employee/job'] Instance type (array) does not match any allowed primitive type (allowed: [""string""]): []
"
19e0567c-fedc-4788-8657-c40e2ac9a152,41663dea-35df-4ac4-a3c7-49a7838b1b4a,false,"[OAS] [OAS] validation failed:
 - ERROR - [Path '/employee/manager'] Object instance has properties which are not allowed by the schema: [""randomArray3"",""randomLong2"",""randomObject1"",""randomObject4""]: []
"
19e0567c-fedc-4788-8657-c40e2ac9a152,0b7d205d-1ddf-48d3-abd1-ce8ae1b4dc42,false,"[OAS] [OAS] validation failed:
 - ERROR - [Path '/employee/manager/employeeId'] Instance type (null) does not match any allowed primitive type (allowed: [""integer""]): []
"
19e0567c-fedc-4788-8657-c40e2ac9a152,835c1526-eb60-4d7d-8cbb-355c9965d6be,false,"[OAS] [OAS] validation failed:
 - ERROR - [Path '/employee/manager/firstName'] Instance type (integer) does not match any allowed primitive type (allowed: [""string""]): []
"
19e0567c-fedc-4788-8657-c40e2ac9a152,deeed41e-c543-4e78-b2f9-2fb6706b22a7,false,"[OAS] [OAS] validation failed:
 - ERROR - [Path '/employee/manager/phone'] Instance type (null) does not match any allowed primitive type (allowed: [""string""]): []
"
19e0567c-fedc-4788-8657-c40e2ac9a152,792a2c49-c852-420b-8660-6a2a530067dd,false,"[OAS] [OAS] validation failed:
 - ERROR - [Path '/employee/manager/hiredate'] Instance type (object) does not match any allowed primitive type (allowed: [""null"",""string""]): []
"
19e0567c-fedc-4788-8657-c40e2ac9a152,fab8cd19-17dc-4d57-af38-b19ff1d66916,false,"[OAS] [OAS] validation failed:
 - ERROR - [Path '/employee/manager/salary'] Instance type (object) does not match any allowed primitive type (allowed: [""integer"",""number""]): []
"
19e0567c-fedc-4788-8657-c40e2ac9a152,b32fd460-e5b6-480f-a61b-cd97b5a30e8a,false,"[OAS] [OAS] validation failed:
 - ERROR - [Path '/employee/manager/department/departmentId'] Instance type (string) does not match any allowed primitive type (allowed: [""integer""]): []
"
19e0567c-fedc-4788-8657-c40e2ac9a152,7313805e-9b9d-4ca2-bf88-3e68d9cc2856,false,"[OAS] [OAS] validation failed:
 - ERROR - [Path '/employee/manager/department/departmentName'] Instance type (null) does not match any allowed primitive type (allowed: [""string""]): []
"
19e0567c-fedc-4788-8657-c40e2ac9a152,5544035d-3c0d-4c9a-b1c0-b80a1f4954b1,false,"[OAS] [OAS] validation failed:
 - ERROR - [Path '/employee/manager/credential'] Instance type (null) does not match any allowed primitive type (allowed: [""object""]): []
"
19e0567c-fedc-4788-8657-c40e2ac9a152,284f0d87-c601-4e8d-91dc-77d2506dcc12,false,"[OAS] [OAS] validation failed:
 - ERROR - [Path '/employee/manager/credential/credentialId'] Instance type (null) does not match any allowed primitive type (allowed: [""integer""]): []
"
19e0567c-fedc-4788-8657-c40e2ac9a152,1e6e27a1-a3b4-4081-9e0c-147c9ae465c5,false,"[OAS] [OAS] validation failed:
 - ERROR - [Path '/employee/manager/credential/password'] Instance type (object) does not match any allowed primitive type (allowed: [""string""]): []
"
19e0567c-fedc-4788-8657-c40e2ac9a152,0a5e07ad-7a37-45fb-8bc0-6d74c5d8dbfe,false,"[OAS] [OAS] validation failed:
 - ERROR - [Path '/employee/manager/credential/enabled'] Instance type (number) does not match any allowed primitive type (allowed: [""boolean""]): []
"
19e0567c-fedc-4788-8657-c40e2ac9a152,b6bc43d2-c6b5-47c9-bcef-248b10fa2409,false,"[OAS] [OAS] validation failed:
 - ERROR - [Path '/employee/department/departmentId'] Instance type (array) does not match any allowed primitive type (allowed: [""integer""]): []
"
19e0567c-fedc-4788-8657-c40e2ac9a152,69f6ff1d-a25a-4974-bece-8d9d4b36588f,false,"[OAS] [OAS] validation failed:
 - ERROR - [Path '/employee/department/departmentName'] Instance type (null) does not match any allowed primitive type (allowed: [""string""]): []
"
19e0567c-fedc-4788-8657-c40e2ac9a152,4f6e4267-a041-419f-9b55-45cc184b4e0c,false,"[OAS] [OAS] validation failed:
 - ERROR - [Path '/employee/department/location'] Instance type (boolean) does not match any allowed primitive type (allowed: [""object""]): []
"
19e0567c-fedc-4788-8657-c40e2ac9a152,4e91227d-9dfb-49b2-93be-7243a1a0b798,false,"[OAS] [OAS] validation failed:
 - ERROR - [Path '/employee/department/location/adr'] Instance type (null) does not match any allowed primitive type (allowed: [""string""]): []
"
19e0567c-fedc-4788-8657-c40e2ac9a152,38d15945-b175-47b2-bdb6-e24e34a59f5c,false,"[OAS] [OAS] validation failed:
 - ERROR - [Path '/employee/department/location/postalCode'] Instance type (array) does not match any allowed primitive type (allowed: [""string""]): []
"
19e0567c-fedc-4788-8657-c40e2ac9a152,476b17d7-26a9-4332-bb7b-086860326f91,false,"[OAS] [OAS] validation failed:
 - ERROR - [Path '/employee/department/location/city'] Instance type (null) does not match any allowed primitive type (allowed: [""string""]): []
"
19e0567c-fedc-4788-8657-c40e2ac9a152,57a1d9a4-ca50-4f5c-a17e-ad2267007e32,false,"[OAS] [OAS] validation failed:
 - ERROR - [Path '/employee/credential/credentialId'] Instance type (object) does not match any allowed primitive type (allowed: [""integer""]): []
"
19e0567c-fedc-4788-8657-c40e2ac9a152,c8a3068d-dec6-4f85-8736-5958c26af70d,false,"[OAS] [OAS] validation failed:
 - ERROR - [Path '/employee/credential/username'] Instance type (object) does not match any allowed primitive type (allowed: [""string""]): []
"
19e0567c-fedc-4788-8657-c40e2ac9a152,84566e7e-03c6-4bc1-a0f4-49f513772bd0,false,"[OAS] [OAS] validation failed:
 - ERROR - [Path '/project'] Instance type (array) does not match any allowed primitive type (allowed: [""null"",""object""]): []
"
3522a8d3-4cf9-47c3-ab23-fa28fb393976,a8899d11-c592-4072-8ef6-a5233614a9fb,false,"[OAS] [OAS] validation failed:
 - ERROR - Response status 401 not defined for path '/app/api/assignments'.: []
"
3522a8d3-4cf9-47c3-ab23-fa28fb393976,87107e81-0006-4109-8a53-0f90995f4c66,false,"[OAS] [OAS] validation failed:
 - ERROR - Object instance has properties which are not allowed by the schema: [""randomBoolean1""]: []
"
3522a8d3-4cf9-47c3-ab23-fa28fb393976,db442a2b-3d37-46df-8c0f-7e980708c8b1,false,"[OAS] [OAS] validation failed:
 - ERROR - [Path '/commitEmpDesc'] Instance type (number) does not match any allowed primitive type (allowed: [""null"",""string""]): []
"
3522a8d3-4cf9-47c3-ab23-fa28fb393976,3a3ae2b8-f9d1-4285-9c9a-f2776fd895e4,false,"[OAS] [OAS] validation failed:
 - ERROR - [Path '/commitMgrDesc'] Instance type (object) does not match any allowed primitive type (allowed: [""null"",""string""]): []
"
3522a8d3-4cf9-47c3-ab23-fa28fb393976,56f4a8d2-eaae-4f91-8057-7e4b5ec34487,false,"[OAS] [OAS] validation failed:
 - ERROR - [Path '/project'] Instance type (array) does not match any allowed primitive type (allowed: [""null"",""object""]): []
"
9a911aff-4f2f-4d95-a20b-4725957b023f,423f89cf-32ee-42c5-9abd-63bd72ff2e15,false,"[OAS] [OAS] validation failed:
 - ERROR - No response body is expected but one was found.: []
"
9a911aff-4f2f-4d95-a20b-4725957b023f,a08302ef-3063-49ab-b3c4-845d27dd89ff,false,"[OAS] [OAS] validation failed:
 - ERROR - [Path '/projectId'] Instance type (null) does not match any allowed primitive type (allowed: [""integer""]): []
"
9a911aff-4f2f-4d95-a20b-4725957b023f,d8a2831a-37cb-4229-80a1-f09f76d43328,false,"[OAS] [OAS] validation failed:
 - ERROR - [Path '/commitEmpDesc'] Instance type (object) does not match any allowed primitive type (allowed: [""null"",""string""]): []
"
9a911aff-4f2f-4d95-a20b-4725957b023f,a094d01b-7e66-400a-b6e6-ced2e3459d22,false,"[OAS] [OAS] validation failed:
 - ERROR - [Path '/employee/firstName'] Instance type (null) does not match any allowed primitive type (allowed: [""string""]): []
"
9a911aff-4f2f-4d95-a20b-4725957b023f,d20d4b57-4e48-4301-b7dd-b012a8082ac6,false,"[OAS] [OAS] validation failed:
 - ERROR - [Path '/employee/hiredate'] Instance type (number) does not match any allowed primitive type (allowed: [""null"",""string""]): []
"
9a911aff-4f2f-4d95-a20b-4725957b023f,140f7197-3538-4ff1-b53f-49093a456cd3,false,"[OAS] [OAS] validation failed:
 - ERROR - [Path '/employee/manager/email'] Instance type (boolean) does not match any allowed primitive type (allowed: [""string""]): []
"
9a911aff-4f2f-4d95-a20b-4725957b023f,db8a6365-39b3-4039-952a-048d432f776e,false,"[OAS] [OAS] validation failed:
 - ERROR - [Path '/employee/manager/phone'] Instance type (array) does not match any allowed primitive type (allowed: [""string""]): []
"
9a911aff-4f2f-4d95-a20b-4725957b023f,f33e1e54-3333-45c5-ae4f-853fe3eaf104,false,"[OAS] [OAS] validation failed:
 - ERROR - [Path '/employee/manager/hiredate'] Instance type (object) does not match any allowed primitive type (allowed: [""null"",""string""]): []
"
9a911aff-4f2f-4d95-a20b-4725957b023f,daf1c1ce-fe99-4c90-a800-3c05158928a2,false,"[OAS] [OAS] validation failed:
 - ERROR - [Path '/employee/manager/department/departmentId'] Instance type (string) does not match any allowed primitive type (allowed: [""integer""]): []
"
9a911aff-4f2f-4d95-a20b-4725957b023f,f6d1ab1a-2c6c-411e-ba22-f69491517299,false,"[OAS] [OAS] validation failed:
 - ERROR - [Path '/employee/manager/department/location'] Instance type (array) does not match any allowed primitive type (allowed: [""object""]): []
"
9a911aff-4f2f-4d95-a20b-4725957b023f,597046d6-ec8a-46da-9710-d2a4122370d5,false,"[OAS] [OAS] validation failed:
 - ERROR - [Path '/employee/manager/department/location/adr'] Instance type (array) does not match any allowed primitive type (allowed: [""string""]): []
"
9a911aff-4f2f-4d95-a20b-4725957b023f,14e8d41e-a03d-4aa3-aa0a-ac63ba7adcf3,false,"[OAS] [OAS] validation failed:
 - ERROR - [Path '/employee/manager/department/location/postalCode'] Instance type (array) does not match any allowed primitive type (allowed: [""string""]): []
"
9a911aff-4f2f-4d95-a20b-4725957b023f,7218a1d2-d234-4381-9484-a4638df3d4af,false,"[OAS] [OAS] validation failed:
 - ERROR - [Path '/employee/manager/department/location/city'] Instance type (null) does not match any allowed primitive type (allowed: [""string""]): []
"
9a911aff-4f2f-4d95-a20b-4725957b023f,2ee058a2-4f9b-43b8-9567-87c2464f4c70,false,"[OAS] [OAS] validation failed:
 - ERROR - [Path '/employee/manager/credential'] Instance type (array) does not match any allowed primitive type (allowed: [""object""]): []
"
9a911aff-4f2f-4d95-a20b-4725957b023f,fe3094e1-4a15-449e-9576-0908ef67cc3f,false,"[OAS] [OAS] validation failed:
 - ERROR - [Path '/employee/manager/credential/enabled'] Instance type (number) does not match any allowed primitive type (allowed: [""boolean""]): []
"
9a911aff-4f2f-4d95-a20b-4725957b023f,705cdf5a-c723-436a-829f-c727f8311013,false,"[OAS] [OAS] validation failed:
 - ERROR - [Path '/employee/department/location'] Instance type (null) does not match any allowed primitive type (allowed: [""object""]): []
"
9a911aff-4f2f-4d95-a20b-4725957b023f,16561496-05b0-4510-923e-4d0e8806cf70,false,"[OAS] [OAS] validation failed:
 - ERROR - [Path '/employee/department/location/adr'] Instance type (object) does not match any allowed primitive type (allowed: [""string""]): []
"
9a911aff-4f2f-4d95-a20b-4725957b023f,7b081bc1-1cfb-471f-b962-b93a5422eba4,false,"[OAS] [OAS] validation failed:
 - ERROR - [Path '/employee/department/location/city'] Instance type (integer) does not match any allowed primitive type (allowed: [""string""]): []
"
9a911aff-4f2f-4d95-a20b-4725957b023f,9f0cfac0-408e-4c5b-8d1a-7f49c783bda4,false,"[OAS] [OAS] validation failed:
 - ERROR - [Path '/employee/credential'] Instance type (array) does not match any allowed primitive type (allowed: [""object""]): []
"
9a911aff-4f2f-4d95-a20b-4725957b023f,38123199-b50a-435d-9e55-eabbcc6e51cb,false,"[OAS] [OAS] validation failed:
 - ERROR - [Path '/employee/credential/credentialId'] Instance type (null) does not match any allowed primitive type (allowed: [""integer""]): []
"
9a911aff-4f2f-4d95-a20b-4725957b023f,02757c85-9c11-4b2c-8cd6-0fc9e49d9853,false,"[OAS] [OAS] validation failed:
 - ERROR - [Path '/employee/credential/enabled'] Instance type (object) does not match any allowed primitive type (allowed: [""boolean""]): []
"
9a911aff-4f2f-4d95-a20b-4725957b023f,7e67a313-3ae6-4aa8-b3e4-d063186629db,false,"[OAS] [OAS] validation failed:
 - ERROR - [Path '/project'] Object instance has properties which are not allowed by the schema: [""randomNull1""]: []
"
9a911aff-4f2f-4d95-a20b-4725957b023f,8bdf6fc4-088d-4561-9bce-e61fe6ddec47,false,"[OAS] [OAS] validation failed:
 - ERROR - [Path '/project/projectId'] Instance type (boolean) does not match any allowed primitive type (allowed: [""integer""]): []
"
9a911aff-4f2f-4d95-a20b-4725957b023f,2a4f4068-cb43-437e-9d6a-841efd536458,false,"[OAS] [OAS] validation failed:
 - ERROR - [Path '/project/endDate'] Instance type (null) does not match any allowed primitive type (allowed: [""string""]): []
"
9a911aff-4f2f-4d95-a20b-4725957b023f,c3fa4803-cb41-425e-b11c-035707efb621,false,"[OAS] [OAS] validation failed:
 - ERROR - [Path '/project/status'] Instance type (null) does not match any allowed primitive type (allowed: [""string""]): []
"
c7dc78d7-15e0-4eb0-a7b2-1c2913dc6de5,cb2a0c37-075b-48dc-84e5-26dc3b9e13c6,false,[NO_5XX] Unexpected 5XX response: 502
c7dc78d7-15e0-4eb0-a7b2-1c2913dc6de5,0021e97d-a6bb-4393-bf25-7369b6872f58,false,"[OAS] [OAS] validation failed:
 - ERROR - Object instance has properties which are not allowed by the schema: [""{\""employeeId\"":4,\""projectId\"":2,\""commitDate\"":\""13-12-202017:30:00\"",\""commitEmpDesc\"":\""this is a new assignment\"",\""commitMgrDesc\"":null,\""employee\"":{\""employeeId\"":2,\""firstName\"":\""Badr\"",\""lastName\"":\""Idoudi\"",\""email\"":\""springabcxyzboot@gmail.com\"",\""phone\"":\""22125144\"",\""hiredate\"":\""15-04-2019\"",\""job\"":\""Digital\"",\""salary\"":5000.0,\""manager\"":{\""employeeId\"":9,\""firstName\"":\""John\"",\""lastName\"":\""Doe\"",\""email\"":\""springabcxyzboot@gmail.com\"",\""phone\"":\""22125144\"",\""hiredate\"":null,\""job\"":\""Chef service digital\"",\""salary\"":6000.0,\""manager\"":null,\""department\"":{\""departmentId\"":5,\""departmentName\"":\""Digital\"",\""location\"":{\""locationId\"":1,\""adr\"":\""RUE DE LA BOURSE\"",\""postalCode\"":\""2016\"",\""city\"":\""LAC2\""}},\""credential\"":{\""credentialId\"":7,\""username\"":\""johndoe\"",\""password\"":\""$2y$04$CT3Jad4jrOq1zGt0Q4maEeTV57rdLtYNVnBM96vyVaGbaE4YgwfvO\"",\""enabled\"":true,\""role\"":\""ROLE_MGR\""}},\""department\"":{\""departmentId\"":5,\""departmentName\"":\""Digital\"",\""location\"":{\""locationId\"":1,\""adr\"":\""RUE DE LA BOURSE\"",\""postalCode\"":\""2016\"",\""city\"":\""LAC2\""}},\""credential\"":{\""credentialId\"":2,\""username\"":\""badridoudi\"",\""password\"":\""$2y$04$c09yvJ4rcadTRGaoVQRRZugld/9z377uaIHwRCWxexBADCVT.jC4S\"",\""enabled\"":true,\""role\"":\""ROLE_EMP\""}},\""project\"":{\""projectId\"":2,\""title\"":\""SYNCH_BSCS_IMX\"",\""startDate\"":\""26-11-2020\"",\""endDate\"":\""25-03-2021\"",\""status\"":\""IN_PROGRESS\""}}""]: []
"
c7dc78d7-15e0-4eb0-a7b2-1c2913dc6de5,7a51f86d-647c-4926-bb86-dca0b46b2444,false,"[OAS] [OAS] validation failed:
 - ERROR - [Path '/commitDate'] Instance type (number) does not match any allowed primitive type (allowed: [""null"",""string""]): []
"
c7dc78d7-15e0-4eb0-a7b2-1c2913dc6de5,b21fd2a0-bfa8-4d33-b1b7-054e9a2be157,false,"[OAS] [OAS] validation failed:
 - ERROR - [Path '/commitMgrDesc'] Instance type (number) does not match any allowed primitive type (allowed: [""null"",""string""]): []
"
c7dc78d7-15e0-4eb0-a7b2-1c2913dc6de5,31fb4014-ce46-451f-a9e9-77a6dd521c3d,false,"[OAS] [OAS] validation failed:
 - ERROR - [Path '/employee'] Object instance has properties which are not allowed by the schema: [""randomBoolean1"",""randomObject2""]: []
"
c7dc78d7-15e0-4eb0-a7b2-1c2913dc6de5,5250a2bc-7731-47ce-a2b5-90f59f60de30,false,"[OAS] [OAS] validation failed:
 - ERROR - [Path '/employee/employeeId'] Instance type (object) does not match any allowed primitive type (allowed: [""integer""]): []
"
c7dc78d7-15e0-4eb0-a7b2-1c2913dc6de5,4cd763fa-dda3-49ab-b755-c124d4a68ffd,false,"[OAS] [OAS] validation failed:
 - ERROR - [Path '/employee/firstName'] Instance type (object) does not match any allowed primitive type (allowed: [""string""]): []
"
c7dc78d7-15e0-4eb0-a7b2-1c2913dc6de5,6d2999c0-cfaa-4783-a451-2d0405bb292f,false,"[OAS] [OAS] validation failed:
 - ERROR - [Path '/employee/email'] Instance type (null) does not match any allowed primitive type (allowed: [""string""]): []
"
c7dc78d7-15e0-4eb0-a7b2-1c2913dc6de5,86e2d31b-7a77-44ed-b315-db784d0c892e,false,"[OAS] [OAS] validation failed:
 - ERROR - [Path '/employee/phone'] Instance type (null) does not match any allowed primitive type (allowed: [""string""]): []
"
c7dc78d7-15e0-4eb0-a7b2-1c2913dc6de5,e109276d-8605-4a04-ac3d-97fe42adaf82,false,"[OAS] [OAS] validation failed:
 - ERROR - [Path '/employee/hiredate'] Instance type (object) does not match any allowed primitive type (allowed: [""null"",""string""]): []
"
c7dc78d7-15e0-4eb0-a7b2-1c2913dc6de5,3057d880-1764-4162-b40b-1477205e10e4,false,"[OAS] [OAS] validation failed:
 - ERROR - [Path '/employee/manager'] Object instance has properties which are not allowed by the schema: [""randomArray3"",""randomLong2"",""randomObject1"",""randomObject4""]: []
"
c7dc78d7-15e0-4eb0-a7b2-1c2913dc6de5,dc5a660e-22d2-4025-ae01-55e37769f599,false,"[OAS] [OAS] validation failed:
 - ERROR - [Path '/employee/manager/employeeId'] Instance type (null) does not match any allowed primitive type (allowed: [""integer""]): []
"
c7dc78d7-15e0-4eb0-a7b2-1c2913dc6de5,95a2968c-19c2-46a0-b040-b0ddd9dae0a9,false,"[OAS] [OAS] validation failed:
 - ERROR - [Path '/employee/manager/firstName'] Instance type (integer) does not match any allowed primitive type (allowed: [""string""]): []
"
c7dc78d7-15e0-4eb0-a7b2-1c2913dc6de5,4e3f76ed-4c23-4549-9a2a-7f32eebb1218,false,"[OAS] [OAS] validation failed:
 - ERROR - [Path '/employee/manager/phone'] Instance type (array) does not match any allowed primitive type (allowed: [""string""]): []
"
c7dc78d7-15e0-4eb0-a7b2-1c2913dc6de5,f49ad3b8-0194-492d-960c-acc167ed5540,false,"[OAS] [OAS] validation failed:
 - ERROR - [Path '/employee/manager/hiredate'] Instance type (object) does not match any allowed primitive type (allowed: [""null"",""string""]): []
"
c7dc78d7-15e0-4eb0-a7b2-1c2913dc6de5,22e96977-1338-4043-b3be-26944dc28b04,false,"[OAS] [OAS] validation failed:
 - ERROR - [Path '/employee/manager/job'] Instance type (null) does not match any allowed primitive type (allowed: [""string""]): []
"
c7dc78d7-15e0-4eb0-a7b2-1c2913dc6de5,d1ca3d70-4f11-4ec7-98ed-1839b45238ee,false,"[OAS] [OAS] validation failed:
 - ERROR - [Path '/employee/manager/department'] Instance type (integer) does not match any allowed primitive type (allowed: [""null"",""object""]): []
"
c7dc78d7-15e0-4eb0-a7b2-1c2913dc6de5,a940807c-4ab5-464b-975a-5ee0c283f24f,false,"[OAS] [OAS] validation failed:
 - ERROR - [Path '/employee/manager/department/departmentId'] Instance type (string) does not match any allowed primitive type (allowed: [""integer""]): []
"
c7dc78d7-15e0-4eb0-a7b2-1c2913dc6de5,2d8c1274-6999-440e-9da4-723af033a6ac,false,"[OAS] [OAS] validation failed:
 - ERROR - [Path '/employee/manager/department/departmentName'] Instance type (null) does not match any allowed primitive type (allowed: [""string""]): []
"
c7dc78d7-15e0-4eb0-a7b2-1c2913dc6de5,3c202cc1-4349-48f5-bf93-bc95cc4df7d7,false,"[OAS] [OAS] validation failed:
 - ERROR - [Path '/employee/manager/department/location'] Instance type (array) does not match any allowed primitive type (allowed: [""object""]): []
"
c7dc78d7-15e0-4eb0-a7b2-1c2913dc6de5,25426ff2-818d-4fac-94e9-66bb034d8765,false,"[OAS] [OAS] validation failed:
 - ERROR - [Path '/employee/manager/department/location/locationId'] Instance type (array) does not match any allowed primitive type (allowed: [""integer""]): []
"
c7dc78d7-15e0-4eb0-a7b2-1c2913dc6de5,64a9d14d-906b-4f3f-84f0-c24429e7efa2,false,"[OAS] [OAS] validation failed:
 - ERROR - [Path '/employee/manager/credential/credentialId'] Instance type (object) does not match any allowed primitive type (allowed: [""integer""]): []
"
c7dc78d7-15e0-4eb0-a7b2-1c2913dc6de5,fab9dedd-bbae-45a3-aabb-135c38564780,false,"[OAS] [OAS] validation failed:
 - ERROR - [Path '/employee/manager/credential/username'] Instance type (null) does not match any allowed primitive type (allowed: [""string""]): []
"
c7dc78d7-15e0-4eb0-a7b2-1c2913dc6de5,6e2dc670-f9d9-4d0d-b519-04c91e87c2ad,false,"[OAS] [OAS] validation failed:
 - ERROR - [Path '/employee/manager/credential/password'] Instance type (null) does not match any allowed primitive type (allowed: [""string""]): []
"
c7dc78d7-15e0-4eb0-a7b2-1c2913dc6de5,e79ae747-8c83-4799-92e6-c9b724d76c6b,false,"[OAS] [OAS] validation failed:
 - ERROR - [Path '/employee/manager/credential/role'] Instance type (null) does not match any allowed primitive type (allowed: [""string""]): []
"
c7dc78d7-15e0-4eb0-a7b2-1c2913dc6de5,79fd9166-6ae6-4fb6-a7c1-34b442ff133e,false,"[OAS] [OAS] validation failed:
 - ERROR - [Path '/employee/department/location'] Instance type (null) does not match any allowed primitive type (allowed: [""object""]): []
"
c7dc78d7-15e0-4eb0-a7b2-1c2913dc6de5,da95a47b-2772-486c-a9fd-b504181c9b7f,false,"[OAS] [OAS] validation failed:
 - ERROR - [Path '/employee/credential'] Instance type (null) does not match any allowed primitive type (allowed: [""object""]): []
"
c7dc78d7-15e0-4eb0-a7b2-1c2913dc6de5,711b5d1d-7874-4321-9308-fa1d689343f5,false,"[OAS] [OAS] validation failed:
 - ERROR - [Path '/employee/credential/enabled'] Instance type (object) does not match any allowed primitive type (allowed: [""boolean""]): []
"
c7dc78d7-15e0-4eb0-a7b2-1c2913dc6de5,91ec8f1d-0b3a-40ad-bb8d-e996f47d27d1,false,"[OAS] [OAS] validation failed:
 - ERROR - [Path '/employee/credential/role'] Instance type (integer) does not match any allowed primitive type (allowed: [""string""]): []
"
c7dc78d7-15e0-4eb0-a7b2-1c2913dc6de5,3d2e435e-8b24-41d9-825c-fc58af3ccf41,false,"[OAS] [OAS] validation failed:
 - ERROR - [Path '/project'] Object instance has properties which are not allowed by the schema: [""randomNull1""]: []
"
c7dc78d7-15e0-4eb0-a7b2-1c2913dc6de5,2415ea9e-d58d-4173-90fd-8a52a617d8fe,false,"[OAS] [OAS] validation failed:
 - ERROR - [Path '/project/projectId'] Instance type (boolean) does not match any allowed primitive type (allowed: [""integer""]): []
"
c7dc78d7-15e0-4eb0-a7b2-1c2913dc6de5,19cdaf92-5620-46bd-9071-c01cc11bc3c0,false,"[OAS] [OAS] validation failed:
 - ERROR - [Path '/project/startDate'] Instance type (array) does not match any allowed primitive type (allowed: [""string""]): []
"
c7dc78d7-15e0-4eb0-a7b2-1c2913dc6de5,edb3eb15-a762-4139-bc50-94cf73043fa6,false,"[OAS] [OAS] validation failed:
 - ERROR - [Path '/project/endDate'] Instance type (boolean) does not match any allowed primitive type (allowed: [""string""]): []
"
d46468fc-f81f-4f34-b11f-54f108700156,cdfd59f4-d75d-4a4b-bc31-cca953da1006,false,"[OAS] [OAS] validation failed:
 - ERROR - Response status 403 not defined for path '/app/api/assignments'.: []
"
d46468fc-f81f-4f34-b11f-54f108700156,9e2c6a97-e566-469a-9273-ab91e8c05d63,false,"[OAS] [OAS] validation failed:
 - ERROR - [Path '/projectId'] Instance type (null) does not match any allowed primitive type (allowed: [""integer""]): []
"
d46468fc-f81f-4f34-b11f-54f108700156,81bb48c6-3090-4c69-993a-4a159072ab93,false,"[OAS] [OAS] validation failed:
 - ERROR - [Path '/commitEmpDesc'] Instance type (number) does not match any allowed primitive type (allowed: [""null"",""string""]): []
"
d46468fc-f81f-4f34-b11f-54f108700156,6da1a626-b3e4-43c5-88a7-e11ec026b07a,false,"[OAS] [OAS] validation failed:
 - ERROR - [Path '/commitMgrDesc'] Instance type (object) does not match any allowed primitive type (allowed: [""null"",""string""]): []
"
d46468fc-f81f-4f34-b11f-54f108700156,e310a090-3741-47f5-896d-aa91280477b4,false,"[OAS] [OAS] validation failed:
 - ERROR - [Path '/employee/firstName'] Instance type (null) does not match any allowed primitive type (allowed: [""string""]): []
"
d46468fc-f81f-4f34-b11f-54f108700156,f6cbd6ca-b21a-4b73-8d09-7399f3528320,false,"[OAS] [OAS] validation failed:
 - ERROR - [Path '/employee/lastName'] Instance type (null) does not match any allowed primitive type (allowed: [""string""]): []
"
d46468fc-f81f-4f34-b11f-54f108700156,3e741009-13e3-4dcc-9988-220427ad84bd,false,"[OAS] [OAS] validation failed:
 - ERROR - [Path '/employee/phone'] Instance type (integer) does not match any allowed primitive type (allowed: [""string""]): []
"
d46468fc-f81f-4f34-b11f-54f108700156,007046d0-0afa-4b1f-add3-d2cb81b7b2c8,false,"[OAS] [OAS] validation failed:
 - ERROR - [Path '/employee/job'] Instance type (null) does not match any allowed primitive type (allowed: [""string""]): []
"
d46468fc-f81f-4f34-b11f-54f108700156,ff1a8f41-7a13-4f15-a138-ceb006185d96,false,"[OAS] [OAS] validation failed:
 - ERROR - [Path '/employee/salary'] Instance type (boolean) does not match any allowed primitive type (allowed: [""integer"",""number""]): []
"
d46468fc-f81f-4f34-b11f-54f108700156,0cfe369a-2fbc-4f90-9bb8-60ca73f1823f,false,"[OAS] [OAS] validation failed:
 - ERROR - [Path '/employee/manager/lastName'] Instance type (integer) does not match any allowed primitive type (allowed: [""string""]): []
"
d46468fc-f81f-4f34-b11f-54f108700156,ed4559b5-ee9f-4bae-a9ae-5b6504107e13,false,"[OAS] [OAS] validation failed:
 - ERROR - [Path '/employee/manager/email'] Instance type (null) does not match any allowed primitive type (allowed: [""string""]): []
"
d46468fc-f81f-4f34-b11f-54f108700156,05733549-944d-4f2d-a21e-df0f6000a81b,false,"[OAS] [OAS] validation failed:
 - ERROR - [Path '/employee/manager/hiredate'] Instance type (object) does not match any allowed primitive type (allowed: [""null"",""string""]): []
"
d46468fc-f81f-4f34-b11f-54f108700156,afee60de-b8d1-430d-86e2-eb6c5e8520f4,false,"[OAS] [OAS] validation failed:
 - ERROR - [Path '/employee/manager/job'] Instance type (array) does not match any allowed primitive type (allowed: [""string""]): []
"
d46468fc-f81f-4f34-b11f-54f108700156,5f4414cc-d985-4e19-aa20-1f2c002c5df8,false,"[OAS] [OAS] validation failed:
 - ERROR - [Path '/employee/manager/manager'] Instance type (array) does not match any allowed primitive type (allowed: [""null"",""object""]): []
"
d46468fc-f81f-4f34-b11f-54f108700156,42ba290a-b36d-445b-ac37-eb7dad271dcc,false,"[OAS] [OAS] validation failed:
 - ERROR - [Path '/employee/manager/department/departmentId'] Instance type (string) does not match any allowed primitive type (allowed: [""integer""]): []
"
d46468fc-f81f-4f34-b11f-54f108700156,6c3e0d50-6bd7-408f-a115-0ff0bfb9be19,false,"[OAS] [OAS] validation failed:
 - ERROR - [Path '/employee/manager/department/location'] Instance type (array) does not match any allowed primitive type (allowed: [""object""]): []
"
d46468fc-f81f-4f34-b11f-54f108700156,e89f714e-f53a-44e1-bdee-ce27f3786e98,false,"[OAS] [OAS] validation failed:
 - ERROR - [Path '/employee/manager/department/location/locationId'] Instance type (null) does not match any allowed primitive type (allowed: [""integer""]): []
"
d46468fc-f81f-4f34-b11f-54f108700156,074299a1-e504-4cfc-8922-dfb48bac31ff,false,"[OAS] [OAS] validation failed:
 - ERROR - [Path '/employee/manager/department/location/postalCode'] Instance type (null) does not match any allowed primitive type (allowed: [""string""]): []
"
d46468fc-f81f-4f34-b11f-54f108700156,bf9e1c91-6d7e-4d00-90db-93c8b44544d7,false,"[OAS] [OAS] validation failed:
 - ERROR - [Path '/employee/manager/department/location/city'] Instance type (null) does not match any allowed primitive type (allowed: [""string""]): []
"
d46468fc-f81f-4f34-b11f-54f108700156,dd142adf-14c8-4519-8a7b-00cd16e5205d,false,"[OAS] [OAS] validation failed:
 - ERROR - [Path '/employee/manager/credential/credentialId'] Instance type (null) does not match any allowed primitive type (allowed: [""integer""]): []
"
d46468fc-f81f-4f34-b11f-54f108700156,14048084-382a-4c1c-8306-a8e861f2340b,false,"[OAS] [OAS] validation failed:
 - ERROR - [Path '/employee/manager/credential/username'] Instance type (null) does not match any allowed primitive type (allowed: [""string""]): []
"
d46468fc-f81f-4f34-b11f-54f108700156,a3ae78a7-6dc4-4da8-9862-b688cdac742e,false,"[OAS] [OAS] validation failed:
 - ERROR - [Path '/employee/manager/credential/enabled'] Instance type (number) does not match any allowed primitive type (allowed: [""boolean""]): []
"
d46468fc-f81f-4f34-b11f-54f108700156,d880c404-e548-4efc-a63c-49bd794e806f,false,"[OAS] [OAS] validation failed:
 - ERROR - [Path '/employee/manager/credential/role'] Instance type (null) does not match any allowed primitive type (allowed: [""string""]): []
"
d46468fc-f81f-4f34-b11f-54f108700156,0bc2cea9-47a5-42b0-9d8d-4401343c32d1,false,"[OAS] [OAS] validation failed:
 - ERROR - [Path '/employee/department/location/locationId'] Instance type (null) does not match any allowed primitive type (allowed: [""integer""]): []
"
d46468fc-f81f-4f34-b11f-54f108700156,1c862455-e34d-417e-bc20-eed906b35252,false,"[OAS] [OAS] validation failed:
 - ERROR - [Path '/employee/department/location/postalCode'] Instance type (null) does not match any allowed primitive type (allowed: [""string""]): []
"
d46468fc-f81f-4f34-b11f-54f108700156,f0a30dea-ae08-4695-970e-2c9e6f1925cb,false,"[OAS] [OAS] validation failed:
 - ERROR - [Path '/employee/department/location/city'] Instance type (null) does not match any allowed primitive type (allowed: [""string""]): []
"
d46468fc-f81f-4f34-b11f-54f108700156,e11171ea-3e94-492b-87b7-09f2c1a8442a,false,"[OAS] [OAS] validation failed:
 - ERROR - [Path '/employee/credential/credentialId'] Instance type (null) does not match any allowed primitive type (allowed: [""integer""]): []
"
d46468fc-f81f-4f34-b11f-54f108700156,47095363-90b7-416b-845b-e9afe7a15c62,false,"[OAS] [OAS] validation failed:
 - ERROR - [Path '/employee/credential/username'] Instance type (integer) does not match any allowed primitive type (allowed: [""string""]): []
"
d46468fc-f81f-4f34-b11f-54f108700156,ef16ac4d-b211-49f5-8b2a-b51e17bcc26a,false,"[OAS] [OAS] validation failed:
 - ERROR - [Path '/employee/credential/password'] Instance type (object) does not match any allowed primitive type (allowed: [""string""]): []
"
d46468fc-f81f-4f34-b11f-54f108700156,4f994027-c6c1-42c8-b7ba-cc221a11dd77,false,"[OAS] [OAS] validation failed:
 - ERROR - [Path '/employee/credential/enabled'] Instance type (null) does not match any allowed primitive type (allowed: [""boolean""]): []
"
d46468fc-f81f-4f34-b11f-54f108700156,8506e704-b49b-4730-8559-fb893a62dc23,false,"[OAS] [OAS] validation failed:
 - ERROR - [Path '/employee/credential/role'] Instance type (null) does not match any allowed primitive type (allowed: [""string""]): []
"
d46468fc-f81f-4f34-b11f-54f108700156,326c3986-8cc0-4318-9d0f-b13a0c0eaca5,false,"[OAS] [OAS] validation failed:
 - ERROR - [Path '/project'] Instance type (integer) does not match any allowed primitive type (allowed: [""null"",""object""]): []
"
7ff0ae5a-4136-457d-9294-0795ec9897c0,149e65a5-8f21-45ea-a000-3d7a71bf7bbb,false,"[OAS] [OAS] validation failed:
 - ERROR - Response status 401 not defined for path '/app/api/assignments'.: []
"
7ff0ae5a-4136-457d-9294-0795ec9897c0,de3086c9-7098-4b80-bfdf-e3c4497c7b07,false,"[OAS] [OAS] validation failed:
 - ERROR - Object instance has properties which are not allowed by the schema: [""randomBoolean1""]: []
"
7ff0ae5a-4136-457d-9294-0795ec9897c0,c7a64db9-c751-4c25-9060-28a5263b995b,false,"[OAS] [OAS] validation failed:
 - ERROR - [Path '/employeeId'] Instance type (number) does not match any allowed primitive type (allowed: [""integer""]): []
"
7ff0ae5a-4136-457d-9294-0795ec9897c0,45e2f03f-ee85-4546-bc3d-a6ff1f5376d6,false,"[OAS] [OAS] validation failed:
 - ERROR - [Path '/projectId'] Instance type (null) does not match any allowed primitive type (allowed: [""integer""]): []
"
7ff0ae5a-4136-457d-9294-0795ec9897c0,6c68fa27-1bd7-48ca-a200-1e7967b8f352,false,"[OAS] [OAS] validation failed:
 - ERROR - [Path '/commitDate'] Instance type (number) does not match any allowed primitive type (allowed: [""null"",""string""]): []
"
7ff0ae5a-4136-457d-9294-0795ec9897c0,22b4d94f-46ac-42ad-80f0-877c691ac1cb,false,"[OAS] [OAS] validation failed:
 - ERROR - [Path '/employee/employeeId'] Instance type (null) does not match any allowed primitive type (allowed: [""integer""]): []
"
7ff0ae5a-4136-457d-9294-0795ec9897c0,9b71ff4c-3abc-4056-8ba0-ace8abed2105,false,"[OAS] [OAS] validation failed:
 - ERROR - [Path '/employee/email'] Instance type (array) does not match any allowed primitive type (allowed: [""string""]): []
"
7ff0ae5a-4136-457d-9294-0795ec9897c0,1bc92124-72a2-45a0-9f4e-e0f99444f82b,false,"[OAS] [OAS] validation failed:
 - ERROR - [Path '/employee/hiredate'] Instance type (number) does not match any allowed primitive type (allowed: [""null"",""string""]): []
"
7ff0ae5a-4136-457d-9294-0795ec9897c0,745d8ed3-5fb6-4c2f-aca9-3cf063b12c20,false,"[OAS] [OAS] validation failed:
 - ERROR - [Path '/employee/salary'] Instance type (boolean) does not match any allowed primitive type (allowed: [""integer"",""number""]): []
"
7ff0ae5a-4136-457d-9294-0795ec9897c0,d22ead23-7981-4e2f-b848-27549258d706,false,"[OAS] [OAS] validation failed:
 - ERROR - [Path '/employee/department/departmentId'] Instance type (null) does not match any allowed primitive type (allowed: [""integer""]): []
"
7ff0ae5a-4136-457d-9294-0795ec9897c0,8dd9ed95-0cc3-43a0-9226-a26096559610,false,"[OAS] [OAS] validation failed:
 - ERROR - [Path '/employee/department/departmentName'] Instance type (null) does not match any allowed primitive type (allowed: [""string""]): []
"
7ff0ae5a-4136-457d-9294-0795ec9897c0,306c340e-f51f-47af-92cb-3e8d80ac5478,false,"[OAS] [OAS] validation failed:
 - ERROR - [Path '/employee/department/location'] Instance type (integer) does not match any allowed primitive type (allowed: [""object""]): []
"
7ff0ae5a-4136-457d-9294-0795ec9897c0,8807a759-1ae7-4bff-856f-12a407a74b6a,false,"[OAS] [OAS] validation failed:
 - ERROR - [Path '/employee/department/location/locationId'] Instance type (string) does not match any allowed primitive type (allowed: [""integer""]): []
"
7ff0ae5a-4136-457d-9294-0795ec9897c0,7f66c39d-e876-4721-9f41-d062c6daf5b7,false,"[OAS] [OAS] validation failed:
 - ERROR - [Path '/employee/department/location/adr'] Instance type (null) does not match any allowed primitive type (allowed: [""string""]): []
"
7ff0ae5a-4136-457d-9294-0795ec9897c0,10a16f5b-11c8-4f8c-aaff-6b307dd93b2c,false,"[OAS] [OAS] validation failed:
 - ERROR - [Path '/employee/department/location/postalCode'] Instance type (boolean) does not match any allowed primitive type (allowed: [""string""]): []
"
7ff0ae5a-4136-457d-9294-0795ec9897c0,324644d6-950b-44e9-ab97-04bbf31b9c06,false,"[OAS] [OAS] validation failed:
 - ERROR - [Path '/employee/department/location/city'] Instance type (array) does not match any allowed primitive type (allowed: [""string""]): []
"
7ff0ae5a-4136-457d-9294-0795ec9897c0,26f9ada0-9eac-49f9-b9c6-aec33167f05f,false,"[OAS] [OAS] validation failed:
 - ERROR - [Path '/employee/credential/username'] Instance type (null) does not match any allowed primitive type (allowed: [""string""]): []
"
7ff0ae5a-4136-457d-9294-0795ec9897c0,d1108806-49bd-433e-a7bf-77ffc7ed0f6a,false,"[OAS] [OAS] validation failed:
 - ERROR - [Path '/employee/credential/role'] Instance type (null) does not match any allowed primitive type (allowed: [""string""]): []
"
7ff0ae5a-4136-457d-9294-0795ec9897c0,ab3f8102-6816-4ca7-90cb-d4df6c4cb544,false,"[OAS] [OAS] validation failed:
 - ERROR - [Path '/project/projectId'] Instance type (object) does not match any allowed primitive type (allowed: [""integer""]): []
"
7ff0ae5a-4136-457d-9294-0795ec9897c0,df181f9c-1bb9-4e78-873f-b07093b82aa9,false,"[OAS] [OAS] validation failed:
 - ERROR - [Path '/project/title'] Instance type (array) does not match any allowed primitive type (allowed: [""string""]): []
"
7ff0ae5a-4136-457d-9294-0795ec9897c0,abc57ec3-0de0-4524-a044-d17b09d6e017,false,"[OAS] [OAS] validation failed:
 - ERROR - [Path '/project/startDate'] Instance type (boolean) does not match any allowed primitive type (allowed: [""string""]): []
"
7ff0ae5a-4136-457d-9294-0795ec9897c0,8f1ac33b-bbee-4202-b8e3-d996a55a0c5a,false,"[OAS] [OAS] validation failed:
 - ERROR - [Path '/project/endDate'] Instance type (array) does not match any allowed primitive type (allowed: [""string""]): []
"
845e1c97-3bf2-49b6-9226-ecad2b42be94,00e321a5-5a18-4ab9-9ffe-edf876916038,false,"[OAS] [OAS] validation failed:
 - ERROR - No response body is expected but one was found.: []
"
845e1c97-3bf2-49b6-9226-ecad2b42be94,588e1641-c3c9-44ec-a2ab-eaf4dbda0b2e,false,"[OAS] [OAS] validation failed:
 - ERROR - [Path '/employeeId'] Instance type (null) does not match any allowed primitive type (allowed: [""integer""]): []
"
845e1c97-3bf2-49b6-9226-ecad2b42be94,96442243-b466-42ec-8052-88ba32980715,false,"[OAS] [OAS] validation failed:
 - ERROR - [Path '/commitDate'] Instance type (number) does not match any allowed primitive type (allowed: [""null"",""string""]): []
"
845e1c97-3bf2-49b6-9226-ecad2b42be94,a9ab6f78-6657-413e-afc5-259fa329ee68,false,"[OAS] [OAS] validation failed:
 - ERROR - [Path '/commitMgrDesc'] Instance type (object) does not match any allowed primitive type (allowed: [""null"",""string""]): []
"
845e1c97-3bf2-49b6-9226-ecad2b42be94,27afc912-f3e6-4c5b-a889-63f1f1f0a541,false,"[OAS] [OAS] validation failed:
 - ERROR - [Path '/employee'] Instance type (number) does not match any allowed primitive type (allowed: [""null"",""object""]): []
"
845e1c97-3bf2-49b6-9226-ecad2b42be94,45a89cc0-6c19-4d28-aea2-e69779eaf7d6,false,"[OAS] [OAS] validation failed:
 - ERROR - [Path '/project/projectId'] Instance type (null) does not match any allowed primitive type (allowed: [""integer""]): []
"
845e1c97-3bf2-49b6-9226-ecad2b42be94,1d5485b4-2453-4e82-93b3-84fee7e66c5b,false,"[OAS] [OAS] validation failed:
 - ERROR - [Path '/project/title'] Instance type (null) does not match any allowed primitive type (allowed: [""string""]): []
"
845e1c97-3bf2-49b6-9226-ecad2b42be94,d9da35e5-c3dd-4ed9-90de-c39ab50a24ab,false,"[OAS] [OAS] validation failed:
 - ERROR - [Path '/project/endDate'] Instance type (array) does not match any allowed primitive type (allowed: [""string""]): []
"
845e1c97-3bf2-49b6-9226-ecad2b42be94,ef1977d9-9592-4944-85b8-a869bf09c254,false,"[OAS] [OAS] validation failed:
 - ERROR - [Path '/project/status'] Instance type (object) does not match any allowed primitive type (allowed: [""string""]): []
"
20fcda0b-951f-43f4-9650-291321fbb60b,78905104-0c9b-4cae-b825-8fa82e626b68,false,"[OAS] [OAS] validation failed:
 - ERROR - Object instance has properties which are not allowed by the schema: [""commitDate"",""commitEmpDesc"",""commitMgrDesc"",""employee"",""employeeId"",""project"",""projectId""]: []
 - ERROR - Object has missing required properties ([""msg"",""status""]): []
"
20fcda0b-951f-43f4-9650-291321fbb60b,1c6191c8-cbbe-438a-9180-a106d6db09f7,false,"[OAS] [OAS] validation failed:
 - ERROR - [Path '/employeeId'] Instance type (null) does not match any allowed primitive type (allowed: [""integer""]): []
"
20fcda0b-951f-43f4-9650-291321fbb60b,c32b6c44-10a7-43f7-9be3-738a3d2f25e9,false,"[OAS] [OAS] validation failed:
 - ERROR - [Path '/projectId'] Instance type (null) does not match any allowed primitive type (allowed: [""integer""]): []
"
20fcda0b-951f-43f4-9650-291321fbb60b,316384e5-0729-46f9-8b85-9f366899d919,false,"[OAS] [OAS] validation failed:
 - ERROR - [Path '/commitDate'] Instance type (number) does not match any allowed primitive type (allowed: [""null"",""string""]): []
"
20fcda0b-951f-43f4-9650-291321fbb60b,0e1d6fe6-2274-4554-9323-3b36931f24ff,false,"[OAS] [OAS] validation failed:
 - ERROR - [Path '/commitEmpDesc'] Instance type (number) does not match any allowed primitive type (allowed: [""null"",""string""]): []
"
20fcda0b-951f-43f4-9650-291321fbb60b,3d748385-ccb4-4c42-9e66-f8c7bdb4b778,false,"[OAS] [OAS] validation failed:
 - ERROR - [Path '/commitMgrDesc'] Instance type (object) does not match any allowed primitive type (allowed: [""null"",""string""]): []
"
20fcda0b-951f-43f4-9650-291321fbb60b,8f53e0c3-2fd3-439c-8016-04846ada0897,false,"[OAS] [OAS] validation failed:
 - ERROR - [Path '/employee'] Object instance has properties which are not allowed by the schema: [""randomBoolean1"",""randomObject2""]: []
"
20fcda0b-951f-43f4-9650-291321fbb60b,c121fec4-76e9-4cd1-9a9a-d371e2a5b53e,false,"[OAS] [OAS] validation failed:
 - ERROR - [Path '/employee/lastName'] Instance type (null) does not match any allowed primitive type (allowed: [""string""]): []
"
20fcda0b-951f-43f4-9650-291321fbb60b,5df46e07-bf90-40d3-91fc-7541b8e3babb,false,"[OAS] [OAS] validation failed:
 - ERROR - [Path '/employee/hiredate'] Instance type (array) does not match any allowed primitive type (allowed: [""null"",""string""]): []
"
20fcda0b-951f-43f4-9650-291321fbb60b,2c219510-337d-41ba-a952-2797900004ae,false,"[OAS] [OAS] validation failed:
 - ERROR - [Path '/employee/job'] Instance type (null) does not match any allowed primitive type (allowed: [""string""]): []
"
20fcda0b-951f-43f4-9650-291321fbb60b,4e5954f7-09cd-43eb-ad9e-dc7fb9812b74,false,"[OAS] [OAS] validation failed:
 - ERROR - [Path '/employee/salary'] Instance type (null) does not match any allowed primitive type (allowed: [""integer"",""number""]): []
"
20fcda0b-951f-43f4-9650-291321fbb60b,537b7924-7b3c-4e3c-95e8-655435a9cd67,false,"[OAS] [OAS] validation failed:
 - ERROR - [Path '/employee/manager/lastName'] Instance type (integer) does not match any allowed primitive type (allowed: [""string""]): []
"
20fcda0b-951f-43f4-9650-291321fbb60b,38613124-e099-42a5-b288-c93365e5646f,false,"[OAS] [OAS] validation failed:
 - ERROR - [Path '/employee/manager/email'] Instance type (object) does not match any allowed primitive type (allowed: [""string""]): []
"
20fcda0b-951f-43f4-9650-291321fbb60b,12ce80ad-00c1-443c-ab14-faedd802e7b6,false,"[OAS] [OAS] validation failed:
 - ERROR - [Path '/employee/manager/phone'] Instance type (null) does not match any allowed primitive type (allowed: [""string""]): []
"
20fcda0b-951f-43f4-9650-291321fbb60b,86ff0ce2-20ff-4c87-a679-cb979735eae0,false,"[OAS] [OAS] validation failed:
 - ERROR - [Path '/employee/manager/hiredate'] Instance type (object) does not match any allowed primitive type (allowed: [""null"",""string""]): []
"
20fcda0b-951f-43f4-9650-291321fbb60b,5f777cc0-6d99-4df4-9972-e3b5fa36c536,false,"[OAS] [OAS] validation failed:
 - ERROR - [Path '/employee/manager/manager'] Instance type (array) does not match any allowed primitive type (allowed: [""null"",""object""]): []
"
20fcda0b-951f-43f4-9650-291321fbb60b,0f2240e9-dc8c-433a-b2f5-dcfc2a2845e0,false,"[OAS] [OAS] validation failed:
 - ERROR - [Path '/employee/manager/department/departmentName'] Instance type (null) does not match any allowed primitive type (allowed: [""string""]): []
"
20fcda0b-951f-43f4-9650-291321fbb60b,d2bf187a-d40c-4b36-a525-2860f9de6074,false,"[OAS] [OAS] validation failed:
 - ERROR - [Path '/employee/manager/department/location/locationId'] Instance type (null) does not match any allowed primitive type (allowed: [""integer""]): []
"
20fcda0b-951f-43f4-9650-291321fbb60b,133f9ea8-37b3-4e00-8e79-ae1fc2cf827d,false,"[OAS] [OAS] validation failed:
 - ERROR - [Path '/employee/manager/department/location/adr'] Instance type (null) does not match any allowed primitive type (allowed: [""string""]): []
"
20fcda0b-951f-43f4-9650-291321fbb60b,c0320458-906a-472f-932f-2d97be8066eb,false,"[OAS] [OAS] validation failed:
 - ERROR - [Path '/employee/manager/department/location/postalCode'] Instance type (array) does not match any allowed primitive type (allowed: [""string""]): []
"
20fcda0b-951f-43f4-9650-291321fbb60b,f5ab4ecb-5c09-4a7e-b2b8-519195c025a0,false,"[OAS] [OAS] validation failed:
 - ERROR - [Path '/employee/manager/credential'] Object instance has properties which are not allowed by the schema: [""randomLong1""]: []
"
20fcda0b-951f-43f4-9650-291321fbb60b,bcbf39a4-0a74-4315-92df-fac4be910951,false,"[OAS] [OAS] validation failed:
 - ERROR - [Path '/employee/manager/credential/credentialId'] Instance type (null) does not match any allowed primitive type (allowed: [""integer""]): []
"
20fcda0b-951f-43f4-9650-291321fbb60b,0fdf79fe-b9b5-4353-9e8d-b20fef80053b,false,"[OAS] [OAS] validation failed:
 - ERROR - [Path '/employee/department/departmentId'] Instance type (null) does not match any allowed primitive type (allowed: [""integer""]): []
"
20fcda0b-951f-43f4-9650-291321fbb60b,1eecbefd-3b0b-4053-89f6-95d674d81518,false,"[OAS] [OAS] validation failed:
 - ERROR - [Path '/employee/department/location'] Instance type (boolean) does not match any allowed primitive type (allowed: [""object""]): []
"
20fcda0b-951f-43f4-9650-291321fbb60b,3d55677a-6134-40e7-b66e-514204338e32,false,"[OAS] [OAS] validation failed:
 - ERROR - [Path '/employee/department/location/locationId'] Instance type (string) does not match any allowed primitive type (allowed: [""integer""]): []
"
20fcda0b-951f-43f4-9650-291321fbb60b,83af7fed-c06f-4c5f-a093-77bbd3ca1e0a,false,"[OAS] [OAS] validation failed:
 - ERROR - [Path '/employee/department/location/postalCode'] Instance type (null) does not match any allowed primitive type (allowed: [""string""]): []
"
20fcda0b-951f-43f4-9650-291321fbb60b,c4b065f6-76fa-4c36-9978-00bcb8ca3552,false,"[OAS] [OAS] validation failed:
 - ERROR - [Path '/employee/credential'] Instance type (array) does not match any allowed primitive type (allowed: [""object""]): []
"
20fcda0b-951f-43f4-9650-291321fbb60b,73338b9f-c45b-4c97-a810-53c341cb9698,false,"[OAS] [OAS] validation failed:
 - ERROR - [Path '/employee/credential/credentialId'] Instance type (object) does not match any allowed primitive type (allowed: [""integer""]): []
"
20fcda0b-951f-43f4-9650-291321fbb60b,ebd01950-e5fa-43c1-9af1-2e8da096c5c0,false,"[OAS] [OAS] validation failed:
 - ERROR - [Path '/employee/credential/username'] Instance type (integer) does not match any allowed primitive type (allowed: [""string""]): []
"
20fcda0b-951f-43f4-9650-291321fbb60b,964ed32b-ff4c-45ba-bac1-0c46fde664b5,false,"[OAS] [OAS] validation failed:
 - ERROR - [Path '/employee/credential/password'] Instance type (object) does not match any allowed primitive type (allowed: [""string""]): []
"
20fcda0b-951f-43f4-9650-291321fbb60b,00a800a2-ca27-4acc-a8a1-866531584396,false,"[OAS] [OAS] validation failed:
 - ERROR - [Path '/employee/credential/enabled'] Instance type (null) does not match any allowed primitive type (allowed: [""boolean""]): []
"
20fcda0b-951f-43f4-9650-291321fbb60b,7576d11d-f706-4750-841b-1d92b4a1040e,false,"[OAS] [OAS] validation failed:
 - ERROR - [Path '/project'] Instance type (integer) does not match any allowed primitive type (allowed: [""null"",""object""]): []
"
20fcda0b-951f-43f4-9650-291321fbb60b,b14f335d-00b3-49e8-8e70-c468685ed6ce,false,"[OAS] [OAS] validation failed:
 - ERROR - [Path '/project/projectId'] Instance type (null) does not match any allowed primitive type (allowed: [""integer""]): []
"
20fcda0b-951f-43f4-9650-291321fbb60b,06cb2ce6-88ff-49d2-a0ae-1bf87565fd48,false,"[OAS] [OAS] validation failed:
 - ERROR - [Path '/project/startDate'] Instance type (null) does not match any allowed primitive type (allowed: [""string""]): []
"
a54bd038-9f7c-46d5-835d-fbc345de128a,95648594-ed8c-4016-ab6e-b169ba65af04,false,"[OAS] [OAS] validation failed:
 - ERROR - No response body is expected but one was found.: []
"
a54bd038-9f7c-46d5-835d-fbc345de128a,9d8740d6-dda9-4b0c-884d-d71cfe1ba620,false,"[OAS] [OAS] validation failed:
 - ERROR - Object instance has properties which are not allowed by the schema: [""randomBoolean1""]: []
"
a54bd038-9f7c-46d5-835d-fbc345de128a,e20e1821-9680-4227-ac85-9e44092a23cd,false,"[OAS] [OAS] validation failed:
 - ERROR - [Path '/employeeId'] Instance type (number) does not match any allowed primitive type (allowed: [""integer""]): []
"
a54bd038-9f7c-46d5-835d-fbc345de128a,0f550542-6f93-459b-a401-f18bc8e8ea93,false,"[OAS] [OAS] validation failed:
 - ERROR - [Path '/projectId'] Instance type (null) does not match any allowed primitive type (allowed: [""integer""]): []
"
a54bd038-9f7c-46d5-835d-fbc345de128a,59145962-bea6-4abe-b368-586fa08b0ba8,false,"[OAS] [OAS] validation failed:
 - ERROR - [Path '/employee'] Object instance has properties which are not allowed by the schema: [""randomBoolean1"",""randomObject2""]: []
"
a54bd038-9f7c-46d5-835d-fbc345de128a,2b227034-8366-40db-af49-908c2ff0c470,false,"[OAS] [OAS] validation failed:
 - ERROR - [Path '/employee/employeeId'] Instance type (null) does not match any allowed primitive type (allowed: [""integer""]): []
"
a54bd038-9f7c-46d5-835d-fbc345de128a,94175f37-b21b-42cc-96b6-01eaa713cfd7,false,"[OAS] [OAS] validation failed:
 - ERROR - [Path '/employee/lastName'] Instance type (integer) does not match any allowed primitive type (allowed: [""string""]): []
"
a54bd038-9f7c-46d5-835d-fbc345de128a,e4d152c4-5c48-439c-98d9-d52300d6342b,false,"[OAS] [OAS] validation failed:
 - ERROR - [Path '/employee/manager/employeeId'] Instance type (array) does not match any allowed primitive type (allowed: [""integer""]): []
"
a54bd038-9f7c-46d5-835d-fbc345de128a,ac52e69b-b6c0-47a1-b812-2e76f0be6817,false,"[OAS] [OAS] validation failed:
 - ERROR - [Path '/employee/manager/email'] Instance type (null) does not match any allowed primitive type (allowed: [""string""]): []
"
a54bd038-9f7c-46d5-835d-fbc345de128a,f64e8b26-69cc-4d20-b408-38f801bad77c,false,"[OAS] [OAS] validation failed:
 - ERROR - [Path '/employee/manager/hiredate'] Instance type (number) does not match any allowed primitive type (allowed: [""null"",""string""]): []
"
a54bd038-9f7c-46d5-835d-fbc345de128a,536edc08-0f25-41de-a9a5-f5a843f0eae3,false,"[OAS] [OAS] validation failed:
 - ERROR - [Path '/employee/manager/salary'] Instance type (object) does not match any allowed primitive type (allowed: [""integer"",""number""]): []
"
a54bd038-9f7c-46d5-835d-fbc345de128a,78f81249-4889-421a-b005-723774364367,false,"[OAS] [OAS] validation failed:
 - ERROR - [Path '/employee/manager/department/departmentId'] Instance type (null) does not match any allowed primitive type (allowed: [""integer""]): []
"
a54bd038-9f7c-46d5-835d-fbc345de128a,251d83af-2c42-4817-8798-3e5d34f9142b,false,"[OAS] [OAS] validation failed:
 - ERROR - [Path '/employee/manager/department/departmentName'] Instance type (array) does not match any allowed primitive type (allowed: [""string""]): []
"
a54bd038-9f7c-46d5-835d-fbc345de128a,106bf42a-b0cf-42e1-8e1f-82de16a29f44,false,"[OAS] [OAS] validation failed:
 - ERROR - [Path '/employee/manager/department/location'] Instance type (array) does not match any allowed primitive type (allowed: [""object""]): []
"
a54bd038-9f7c-46d5-835d-fbc345de128a,1d62fe33-bc41-41b9-b30c-a513ba206c2c,false,"[OAS] [OAS] validation failed:
 - ERROR - [Path '/employee/manager/department/location/adr'] Instance type (array) does not match any allowed primitive type (allowed: [""string""]): []
"
a54bd038-9f7c-46d5-835d-fbc345de128a,76dafbf3-eae5-4623-a615-65c1e8f3ea3e,false,"[OAS] [OAS] validation failed:
 - ERROR - [Path '/employee/manager/department/location/city'] Instance type (null) does not match any allowed primitive type (allowed: [""string""]): []
"
a54bd038-9f7c-46d5-835d-fbc345de128a,4ed03d46-3362-4fed-a9a3-306c2cb35135,false,"[OAS] [OAS] validation failed:
 - ERROR - [Path '/employee/manager/credential'] Object instance has properties which are not allowed by the schema: [""randomLong1""]: []
"
a54bd038-9f7c-46d5-835d-fbc345de128a,b93e20d0-79bc-4957-9059-3fd2a6b61099,false,"[OAS] [OAS] validation failed:
 - ERROR - [Path '/employee/manager/credential/credentialId'] Instance type (null) does not match any allowed primitive type (allowed: [""integer""]): []
"
a54bd038-9f7c-46d5-835d-fbc345de128a,51e6a50a-a26c-48e5-a7b3-fe3a6b0ba5c9,false,"[OAS] [OAS] validation failed:
 - ERROR - [Path '/employee/manager/credential/enabled'] Instance type (number) does not match any allowed primitive type (allowed: [""boolean""]): []
"
a54bd038-9f7c-46d5-835d-fbc345de128a,43945af8-ac1b-4e08-b4d0-50774835e58a,false,"[OAS] [OAS] validation failed:
 - ERROR - [Path '/employee/manager/credential/role'] Instance type (null) does not match any allowed primitive type (allowed: [""string""]): []
"
a54bd038-9f7c-46d5-835d-fbc345de128a,e8b346ee-66a0-4870-8763-be397db869bd,false,"[OAS] [OAS] validation failed:
 - ERROR - [Path '/employee/department/departmentId'] Instance type (array) does not match any allowed primitive type (allowed: [""integer""]): []
"
a54bd038-9f7c-46d5-835d-fbc345de128a,c3a3e83a-7a6d-491e-abfa-94ef21229fc0,false,"[OAS] [OAS] validation failed:
 - ERROR - [Path '/employee/department/location'] Object instance has properties which are not allowed by the schema: [""randomFloat3"",""randomNull1"",""randomNull2""]: []
"
a54bd038-9f7c-46d5-835d-fbc345de128a,55ba2067-fd25-47fd-8f0d-70b401fc7e45,false,"[OAS] [OAS] validation failed:
 - ERROR - [Path '/employee/department/location/locationId'] Instance type (null) does not match any allowed primitive type (allowed: [""integer""]): []
"
a54bd038-9f7c-46d5-835d-fbc345de128a,bc6243e7-87c6-44bd-a42e-8d5a4bf802c9,false,"[OAS] [OAS] validation failed:
 - ERROR - [Path '/employee/department/location/postalCode'] Instance type (null) does not match any allowed primitive type (allowed: [""string""]): []
"
a54bd038-9f7c-46d5-835d-fbc345de128a,db5ed608-b569-4591-9f75-773fc504913f,false,"[OAS] [OAS] validation failed:
 - ERROR - [Path '/employee/credential/credentialId'] Instance type (object) does not match any allowed primitive type (allowed: [""integer""]): []
"
a54bd038-9f7c-46d5-835d-fbc345de128a,89317bd9-bcd3-4891-83a9-ece311f41912,false,"[OAS] [OAS] validation failed:
 - ERROR - [Path '/employee/credential/username'] Instance type (integer) does not match any allowed primitive type (allowed: [""string""]): []
"
a54bd038-9f7c-46d5-835d-fbc345de128a,beed012e-e630-4355-b72d-3fca661a184f,false,"[OAS] [OAS] validation failed:
 - ERROR - [Path '/project'] Instance type (integer) does not match any allowed primitive type (allowed: [""null"",""object""]): []
"
a54bd038-9f7c-46d5-835d-fbc345de128a,dfe26e5e-459c-4039-8fb8-eb22139d04ce,false,"[OAS] [OAS] validation failed:
 - ERROR - [Path '/project/title'] Instance type (null) does not match any allowed primitive type (allowed: [""string""]): []
"
566a8057-d1e7-49ba-bab9-98214d37939c,4aa05715-e6fd-4522-8229-33aff5638a97,false,[NO_5XX] Unexpected 5XX response: 502
566a8057-d1e7-49ba-bab9-98214d37939c,5e5cbc59-d8fc-49f9-977b-f2d028b2b646,false,"[OAS] [OAS] validation failed:
 - ERROR - [Path '/employeeId'] Instance type (number) does not match any allowed primitive type (allowed: [""integer""]): []
"
566a8057-d1e7-49ba-bab9-98214d37939c,97712068-84af-4838-8031-33c0353da6e2,false,"[OAS] [OAS] validation failed:
 - ERROR - [Path '/commitEmpDesc'] Instance type (object) does not match any allowed primitive type (allowed: [""null"",""string""]): []
"
566a8057-d1e7-49ba-bab9-98214d37939c,4a2f3428-0a4f-4031-a999-a2639e7399b0,false,"[OAS] [OAS] validation failed:
 - ERROR - [Path '/employee'] Instance type (number) does not match any allowed primitive type (allowed: [""null"",""object""]): []
"
566a8057-d1e7-49ba-bab9-98214d37939c,a529fecb-8d4a-4ca3-b2c6-34668217fd11,false,"[OAS] [OAS] validation failed:
 - ERROR - [Path '/employee/employeeId'] Instance type (object) does not match any allowed primitive type (allowed: [""integer""]): []
"
566a8057-d1e7-49ba-bab9-98214d37939c,ab0f6704-8961-40dc-80e5-90cd73a90da4,false,"[OAS] [OAS] validation failed:
 - ERROR - [Path '/employee/firstName'] Instance type (array) does not match any allowed primitive type (allowed: [""string""]): []
"
566a8057-d1e7-49ba-bab9-98214d37939c,9a51840f-39bc-4997-bc96-f71af6c060d1,false,"[OAS] [OAS] validation failed:
 - ERROR - [Path '/employee/lastName'] Instance type (null) does not match any allowed primitive type (allowed: [""string""]): []
"
566a8057-d1e7-49ba-bab9-98214d37939c,2a805c09-d7ac-483e-90e3-42f11fc2f570,false,"[OAS] [OAS] validation failed:
 - ERROR - [Path '/employee/salary'] Instance type (boolean) does not match any allowed primitive type (allowed: [""integer"",""number""]): []
"
566a8057-d1e7-49ba-bab9-98214d37939c,3f17da1c-3dc2-487f-9f35-3b11c12470a9,false,"[OAS] [OAS] validation failed:
 - ERROR - [Path '/employee/manager/employeeId'] Instance type (array) does not match any allowed primitive type (allowed: [""integer""]): []
"
566a8057-d1e7-49ba-bab9-98214d37939c,9346d6cc-a506-49fc-937b-766ed1d3ca21,false,"[OAS] [OAS] validation failed:
 - ERROR - [Path '/employee/manager/phone'] Instance type (null) does not match any allowed primitive type (allowed: [""string""]): []
"
566a8057-d1e7-49ba-bab9-98214d37939c,2da734bb-cb81-4236-8216-c1156c3d3033,false,"[OAS] [OAS] validation failed:
 - ERROR - [Path '/employee/manager/hiredate'] Instance type (number) does not match any allowed primitive type (allowed: [""null"",""string""]): []
"
566a8057-d1e7-49ba-bab9-98214d37939c,a79d4bee-a918-4e6e-b196-98d6ee98991a,false,"[OAS] [OAS] validation failed:
 - ERROR - [Path '/employee/manager/job'] Instance type (integer) does not match any allowed primitive type (allowed: [""string""]): []
"
566a8057-d1e7-49ba-bab9-98214d37939c,125a0f78-3170-4b52-9fea-d030bb110a63,false,"[OAS] [OAS] validation failed:
 - ERROR - [Path '/employee/manager/salary'] Instance type (null) does not match any allowed primitive type (allowed: [""integer"",""number""]): []
"
566a8057-d1e7-49ba-bab9-98214d37939c,9c367479-9af2-4d63-9391-d1877d0d181f,false,"[OAS] [OAS] validation failed:
 - ERROR - [Path '/employee/manager/department'] Instance type (integer) does not match any allowed primitive type (allowed: [""null"",""object""]): []
"
566a8057-d1e7-49ba-bab9-98214d37939c,905048eb-392a-4577-8ce2-92d74ef70762,false,"[OAS] [OAS] validation failed:
 - ERROR - [Path '/employee/manager/department/location'] Object instance has properties which are not allowed by the schema: [""randomNull1""]: []
"
566a8057-d1e7-49ba-bab9-98214d37939c,c2b1b16f-c8c2-452a-b341-308061515acd,false,"[OAS] [OAS] validation failed:
 - ERROR - [Path '/employee/manager/department/location/locationId'] Instance type (array) does not match any allowed primitive type (allowed: [""integer""]): []
"
566a8057-d1e7-49ba-bab9-98214d37939c,d98ef13d-b25c-478a-a058-dab70b63f7ea,false,"[OAS] [OAS] validation failed:
 - ERROR - [Path '/employee/manager/credential/credentialId'] Instance type (object) does not match any allowed primitive type (allowed: [""integer""]): []
"
566a8057-d1e7-49ba-bab9-98214d37939c,dff363a9-7ab9-430f-9f0b-a4e14621e67b,false,"[OAS] [OAS] validation failed:
 - ERROR - [Path '/employee/manager/credential/username'] Instance type (object) does not match any allowed primitive type (allowed: [""string""]): []
"
566a8057-d1e7-49ba-bab9-98214d37939c,d53a72cb-6307-4e6a-a656-faa1c49cdca2,false,"[OAS] [OAS] validation failed:
 - ERROR - [Path '/employee/department/departmentId'] Instance type (null) does not match any allowed primitive type (allowed: [""integer""]): []
"
566a8057-d1e7-49ba-bab9-98214d37939c,64886643-4758-45ea-b218-58be66e7b9a1,false,"[OAS] [OAS] validation failed:
 - ERROR - [Path '/employee/department/departmentName'] Instance type (null) does not match any allowed primitive type (allowed: [""string""]): []
"
566a8057-d1e7-49ba-bab9-98214d37939c,55572752-f596-4ece-b8d4-fac4dda1dad0,false,"[OAS] [OAS] validation failed:
 - ERROR - [Path '/employee/department/location'] Instance type (boolean) does not match any allowed primitive type (allowed: [""object""]): []
"
566a8057-d1e7-49ba-bab9-98214d37939c,235319a9-8595-42f5-8d87-b04f7427b488,false,"[OAS] [OAS] validation failed:
 - ERROR - [Path '/employee/department/location/city'] Instance type (object) does not match any allowed primitive type (allowed: [""string""]): []
"
566a8057-d1e7-49ba-bab9-98214d37939c,8f1aafdf-1731-45b1-b747-19dc55318930,false,"[OAS] [OAS] validation failed:
 - ERROR - [Path '/employee/credential'] Object instance has properties which are not allowed by the schema: [""randomArray3"",""randomObject2"",""randomString1""]: []
"
566a8057-d1e7-49ba-bab9-98214d37939c,3ba5582a-805d-45bb-aab2-f316078307c8,false,"[OAS] [OAS] validation failed:
 - ERROR - [Path '/employee/credential/credentialId'] Instance type (null) does not match any allowed primitive type (allowed: [""integer""]): []
"
566a8057-d1e7-49ba-bab9-98214d37939c,a646d415-0118-472e-a720-ef59ccb8c46f,false,"[OAS] [OAS] validation failed:
 - ERROR - [Path '/employee/credential/enabled'] Instance type (object) does not match any allowed primitive type (allowed: [""boolean""]): []
"
566a8057-d1e7-49ba-bab9-98214d37939c,c5c1057d-8c86-47af-ac01-956794bec473,false,"[OAS] [OAS] validation failed:
 - ERROR - [Path '/employee/credential/role'] Instance type (null) does not match any allowed primitive type (allowed: [""string""]): []
"
566a8057-d1e7-49ba-bab9-98214d37939c,588cf3af-4c7b-4dc2-b124-75c79a4e4d99,false,"[OAS] [OAS] validation failed:
 - ERROR - [Path '/project'] Object instance has properties which are not allowed by the schema: [""randomNull1""]: []
"
566a8057-d1e7-49ba-bab9-98214d37939c,8952d0ea-4cd6-44c2-9b33-9d37e278db73,false,"[OAS] [OAS] validation failed:
 - ERROR - [Path '/project/projectId'] Instance type (null) does not match any allowed primitive type (allowed: [""integer""]): []
"
566a8057-d1e7-49ba-bab9-98214d37939c,1abfee6f-8786-4ea1-b3c4-5031f246e653,false,"[OAS] [OAS] validation failed:
 - ERROR - [Path '/project/title'] Instance type (null) does not match any allowed primitive type (allowed: [""string""]): []
"
566a8057-d1e7-49ba-bab9-98214d37939c,6abb09ea-1484-44a4-acd0-88f1a6020e2b,false,"[OAS] [OAS] validation failed:
 - ERROR - [Path '/project/startDate'] Instance type (boolean) does not match any allowed primitive type (allowed: [""string""]): []
"
2ee36ba1-f537-4e14-91cb-d0581f322a67,26fd73cf-ead1-4232-926a-b8e2d4e70fab,false,[NO_5XX] Unexpected 5XX response: 503
2ee36ba1-f537-4e14-91cb-d0581f322a67,ae916631-5e84-4c9e-b75d-774bdc590bab,false,"[OAS] [OAS] validation failed:
 - ERROR - Object instance has properties which are not allowed by the schema: [""randomBoolean1""]: []
"
2ee36ba1-f537-4e14-91cb-d0581f322a67,9b9c1612-7aff-45ba-b991-f748f5d661fd,false,"[OAS] [OAS] validation failed:
 - ERROR - [Path '/employeeId'] Instance type (number) does not match any allowed primitive type (allowed: [""integer""]): []
"
2ee36ba1-f537-4e14-91cb-d0581f322a67,5f2332fc-5173-45c3-8c28-6a95a03e788f,false,"[OAS] [OAS] validation failed:
 - ERROR - [Path '/projectId'] Instance type (object) does not match any allowed primitive type (allowed: [""integer""]): []
"
2ee36ba1-f537-4e14-91cb-d0581f322a67,8084c6cb-62f0-4dbe-aace-83d850664882,false,"[OAS] [OAS] validation failed:
 - ERROR - [Path '/commitEmpDesc'] Instance type (object) does not match any allowed primitive type (allowed: [""null"",""string""]): []
"
2ee36ba1-f537-4e14-91cb-d0581f322a67,728af7ba-2818-43be-aaa2-50f9bd9a4bc8,false,"[OAS] [OAS] validation failed:
 - ERROR - [Path '/commitMgrDesc'] Instance type (object) does not match any allowed primitive type (allowed: [""null"",""string""]): []
"
2ee36ba1-f537-4e14-91cb-d0581f322a67,93d2c184-e20b-478f-8c4c-b51ebcef68f4,false,"[OAS] [OAS] validation failed:
 - ERROR - [Path '/employee'] Object instance has properties which are not allowed by the schema: [""randomBoolean1"",""randomObject2""]: []
"
2ee36ba1-f537-4e14-91cb-d0581f322a67,99594092-1ff7-458e-a229-8b950d2b37af,false,"[OAS] [OAS] validation failed:
 - ERROR - [Path '/employee/employeeId'] Instance type (object) does not match any allowed primitive type (allowed: [""integer""]): []
"
2ee36ba1-f537-4e14-91cb-d0581f322a67,d537d06d-028d-4477-91ef-c41783ccc14e,false,"[OAS] [OAS] validation failed:
 - ERROR - [Path '/employee/firstName'] Instance type (array) does not match any allowed primitive type (allowed: [""string""]): []
"
2ee36ba1-f537-4e14-91cb-d0581f322a67,7ec85f05-546b-4e60-9ecc-0a731e9494e7,false,"[OAS] [OAS] validation failed:
 - ERROR - [Path '/employee/email'] Instance type (array) does not match any allowed primitive type (allowed: [""string""]): []
"
2ee36ba1-f537-4e14-91cb-d0581f322a67,fb796413-044b-4c59-9729-85119d5d1b71,false,"[OAS] [OAS] validation failed:
 - ERROR - [Path '/employee/hiredate'] Instance type (number) does not match any allowed primitive type (allowed: [""null"",""string""]): []
"
2ee36ba1-f537-4e14-91cb-d0581f322a67,522abddc-7f15-4c73-b59f-493890c44dc0,false,"[OAS] [OAS] validation failed:
 - ERROR - [Path '/employee/salary'] Instance type (null) does not match any allowed primitive type (allowed: [""integer"",""number""]): []
"
2ee36ba1-f537-4e14-91cb-d0581f322a67,327f4731-eb17-4045-aae1-82cebb1c8389,false,"[OAS] [OAS] validation failed:
 - ERROR - [Path '/employee/manager'] Instance type (array) does not match any allowed primitive type (allowed: [""null"",""object""]): []
"
2ee36ba1-f537-4e14-91cb-d0581f322a67,9fbd9b74-5d6e-4939-9fee-675fe4d61852,false,"[OAS] [OAS] validation failed:
 - ERROR - [Path '/employee/manager/employeeId'] Instance type (array) does not match any allowed primitive type (allowed: [""integer""]): []
"
2ee36ba1-f537-4e14-91cb-d0581f322a67,02d64b69-a23e-486f-909f-227b69d59c9a,false,"[OAS] [OAS] validation failed:
 - ERROR - [Path '/employee/manager/lastName'] Instance type (null) does not match any allowed primitive type (allowed: [""string""]): []
"
2ee36ba1-f537-4e14-91cb-d0581f322a67,ad149eec-c06d-47d3-9d5f-4129bd7f6259,false,"[OAS] [OAS] validation failed:
 - ERROR - [Path '/employee/manager/email'] Instance type (null) does not match any allowed primitive type (allowed: [""string""]): []
"
2ee36ba1-f537-4e14-91cb-d0581f322a67,11062d07-998e-4477-85aa-2aac8e9c9535,false,"[OAS] [OAS] validation failed:
 - ERROR - [Path '/employee/manager/hiredate'] Instance type (object) does not match any allowed primitive type (allowed: [""null"",""string""]): []
"
2ee36ba1-f537-4e14-91cb-d0581f322a67,0b9c8a76-1355-466f-b755-5fd210cac1c9,false,"[OAS] [OAS] validation failed:
 - ERROR - [Path '/employee/manager/salary'] Instance type (object) does not match any allowed primitive type (allowed: [""integer"",""number""]): []
"
2ee36ba1-f537-4e14-91cb-d0581f322a67,cfaf6c82-a188-4b89-80a8-8d45c09cb1bc,false,"[OAS] [OAS] validation failed:
 - ERROR - [Path '/employee/manager/department'] Object instance has properties which are not allowed by the schema: [""randomArray4"",""randomLong1"",""randomObject2"",""randomString3""]: []
"
2ee36ba1-f537-4e14-91cb-d0581f322a67,70842036-01da-471d-9d02-d238922b82d0,false,"[OAS] [OAS] validation failed:
 - ERROR - [Path '/employee/manager/department/departmentId'] Instance type (string) does not match any allowed primitive type (allowed: [""integer""]): []
"
2ee36ba1-f537-4e14-91cb-d0581f322a67,aa93d6d6-e93d-4a8a-862c-4692787da476,false,"[OAS] [OAS] validation failed:
 - ERROR - [Path '/employee/manager/department/location'] Instance type (array) does not match any allowed primitive type (allowed: [""object""]): []
"
2ee36ba1-f537-4e14-91cb-d0581f322a67,25a9be3a-3c08-4140-a188-4cd445d75c12,false,"[OAS] [OAS] validation failed:
 - ERROR - [Path '/employee/manager/department/location/postalCode'] Instance type (null) does not match any allowed primitive type (allowed: [""string""]): []
"
2ee36ba1-f537-4e14-91cb-d0581f322a67,a79a5a40-e621-469e-b4ab-0b55760c4776,false,"[OAS] [OAS] validation failed:
 - ERROR - [Path '/employee/manager/credential'] Instance type (array) does not match any allowed primitive type (allowed: [""object""]): []
"
2ee36ba1-f537-4e14-91cb-d0581f322a67,3653fdce-1bae-4072-8b5b-4c77bf9169d9,false,"[OAS] [OAS] validation failed:
 - ERROR - [Path '/employee/manager/credential/credentialId'] Instance type (null) does not match any allowed primitive type (allowed: [""integer""]): []
"
2ee36ba1-f537-4e14-91cb-d0581f322a67,d34e8627-0a37-4a38-be92-a2b4b7822fc2,false,"[OAS] [OAS] validation failed:
 - ERROR - [Path '/employee/manager/credential/username'] Instance type (array) does not match any allowed primitive type (allowed: [""string""]): []
"
2ee36ba1-f537-4e14-91cb-d0581f322a67,8f9ecfbb-f6ab-4ef0-a409-acad18d87b4b,false,"[OAS] [OAS] validation failed:
 - ERROR - [Path '/employee/manager/credential/role'] Instance type (object) does not match any allowed primitive type (allowed: [""string""]): []
"
2ee36ba1-f537-4e14-91cb-d0581f322a67,172e5ddd-ec6e-4ee4-bc1d-b6cd4fb8d5ff,false,"[OAS] [OAS] validation failed:
 - ERROR - [Path '/employee/department/departmentId'] Instance type (null) does not match any allowed primitive type (allowed: [""integer""]): []
"
2ee36ba1-f537-4e14-91cb-d0581f322a67,aa8100b4-1cab-48e5-83e5-b1c7dac127b1,false,"[OAS] [OAS] validation failed:
 - ERROR - [Path '/employee/department/departmentName'] Instance type (null) does not match any allowed primitive type (allowed: [""string""]): []
"
2ee36ba1-f537-4e14-91cb-d0581f322a67,ffbbba36-158b-4605-9f51-7f3fad4d7e80,false,"[OAS] [OAS] validation failed:
 - ERROR - [Path '/employee/department/location'] Instance type (boolean) does not match any allowed primitive type (allowed: [""object""]): []
"
2ee36ba1-f537-4e14-91cb-d0581f322a67,fc8931f1-89db-4753-bffb-952263bf49c9,false,"[OAS] [OAS] validation failed:
 - ERROR - [Path '/employee/department/location/postalCode'] Instance type (null) does not match any allowed primitive type (allowed: [""string""]): []
"
2ee36ba1-f537-4e14-91cb-d0581f322a67,abc1f06b-5d23-41d8-9151-2feabc5b7185,false,"[OAS] [OAS] validation failed:
 - ERROR - [Path '/employee/department/location/city'] Instance type (null) does not match any allowed primitive type (allowed: [""string""]): []
"
2ee36ba1-f537-4e14-91cb-d0581f322a67,3102af5a-27a0-478f-8bbe-002c3f87d9f6,false,"[OAS] [OAS] validation failed:
 - ERROR - [Path '/employee/credential'] Object instance has properties which are not allowed by the schema: [""randomArray3"",""randomObject2"",""randomString1""]: []
"
2ee36ba1-f537-4e14-91cb-d0581f322a67,3189c58e-3f20-4d65-a12e-36fc7dfdeb2d,false,"[OAS] [OAS] validation failed:
 - ERROR - [Path '/employee/credential/credentialId'] Instance type (null) does not match any allowed primitive type (allowed: [""integer""]): []
"
2ee36ba1-f537-4e14-91cb-d0581f322a67,e1c07721-c0f4-4793-8aa2-e279f00b17c3,false,"[OAS] [OAS] validation failed:
 - ERROR - [Path '/employee/credential/enabled'] Instance type (null) does not match any allowed primitive type (allowed: [""boolean""]): []
"
2ee36ba1-f537-4e14-91cb-d0581f322a67,7e8fb591-25a1-4a55-996a-0593dd8dc689,false,"[OAS] [OAS] validation failed:
 - ERROR - [Path '/project'] Object instance has properties which are not allowed by the schema: [""randomNull1""]: []
"
2ee36ba1-f537-4e14-91cb-d0581f322a67,e9bc6976-bfc6-4844-8194-a1f0c7927289,false,"[OAS] [OAS] validation failed:
 - ERROR - [Path '/project/projectId'] Instance type (boolean) does not match any allowed primitive type (allowed: [""integer""]): []
"
2ee36ba1-f537-4e14-91cb-d0581f322a67,bb15c7e8-be1f-479d-87f8-45a2ff58e7f7,false,"[OAS] [OAS] validation failed:
 - ERROR - [Path '/project/title'] Instance type (object) does not match any allowed primitive type (allowed: [""string""]): []
"
2ee36ba1-f537-4e14-91cb-d0581f322a67,5b3c5b9f-82ba-43b9-82ec-1c437408255d,false,"[OAS] [OAS] validation failed:
 - ERROR - [Path '/project/status'] Instance type (null) does not match any allowed primitive type (allowed: [""string""]): []
"
60393f62-2463-4d93-8212-d9812681a1d3,d8a41a24-6518-4fbf-b7b6-46d1eacf1be0,false,"[OAS] [OAS] validation failed:
 - ERROR - Object instance has properties which are not allowed by the schema: [""commitDate"",""commitEmpDesc"",""commitMgrDesc"",""employee"",""employeeId"",""project"",""projectId""]: []
 - ERROR - Object has missing required properties ([""msg"",""status""]): []
"
60393f62-2463-4d93-8212-d9812681a1d3,bf742ec5-9d35-49e6-b260-899739446087,false,"[OAS] [OAS] validation failed:
 - ERROR - [Path '/employeeId'] Instance type (null) does not match any allowed primitive type (allowed: [""integer""]): []
"
60393f62-2463-4d93-8212-d9812681a1d3,05081aa3-5a81-4829-ab06-766bb5ec1ac1,false,"[OAS] [OAS] validation failed:
 - ERROR - [Path '/employee/firstName'] Instance type (array) does not match any allowed primitive type (allowed: [""string""]): []
"
60393f62-2463-4d93-8212-d9812681a1d3,526f0502-5b9e-41b3-bb82-a4c2b53fe0aa,false,"[OAS] [OAS] validation failed:
 - ERROR - [Path '/employee/lastName'] Instance type (null) does not match any allowed primitive type (allowed: [""string""]): []
"
60393f62-2463-4d93-8212-d9812681a1d3,634885b6-9d07-4307-80d5-c3f1da013f6c,false,"[OAS] [OAS] validation failed:
 - ERROR - [Path '/employee/hiredate'] Instance type (number) does not match any allowed primitive type (allowed: [""null"",""string""]): []
"
60393f62-2463-4d93-8212-d9812681a1d3,86ae0cac-ca82-42b1-b06d-ee91c4476594,false,"[OAS] [OAS] validation failed:
 - ERROR - [Path '/employee/department/departmentId'] Instance type (null) does not match any allowed primitive type (allowed: [""integer""]): []
"
60393f62-2463-4d93-8212-d9812681a1d3,e2a7ac32-d535-44ef-afcf-fadd5946702e,false,"[OAS] [OAS] validation failed:
 - ERROR - [Path '/employee/department/location'] Object instance has properties which are not allowed by the schema: [""randomArray4"",""randomLong1"",""randomObject2"",""randomString3""]: []
"
60393f62-2463-4d93-8212-d9812681a1d3,3b623a25-70af-43be-9bc0-291593d879cb,false,"[OAS] [OAS] validation failed:
 - ERROR - [Path '/employee/department/location/postalCode'] Instance type (boolean) does not match any allowed primitive type (allowed: [""string""]): []
"
60393f62-2463-4d93-8212-d9812681a1d3,7c1ebc95-595d-48d3-9ba9-71245fc6eb41,false,"[OAS] [OAS] validation failed:
 - ERROR - [Path '/employee/credential'] Object instance has properties which are not allowed by the schema: [""randomNull1""]: []
"
60393f62-2463-4d93-8212-d9812681a1d3,827ee940-73e9-4b1a-b785-aca114da23b3,false,"[OAS] [OAS] validation failed:
 - ERROR - [Path '/employee/credential/credentialId'] Instance type (null) does not match any allowed primitive type (allowed: [""integer""]): []
"
60393f62-2463-4d93-8212-d9812681a1d3,ab598fff-5be7-40a9-ab20-daffb8435d9e,false,"[OAS] [OAS] validation failed:
 - ERROR - [Path '/project'] Instance type (array) does not match any allowed primitive type (allowed: [""null"",""object""]): []
"
60393f62-2463-4d93-8212-d9812681a1d3,36f2f425-4634-43d1-a12e-2ed948fb87bf,false,"[OAS] [OAS] validation failed:
 - ERROR - [Path '/project/projectId'] Instance type (null) does not match any allowed primitive type (allowed: [""integer""]): []
"
60393f62-2463-4d93-8212-d9812681a1d3,79927ff5-160e-464d-b370-648b187ac323,false,"[OAS] [OAS] validation failed:
 - ERROR - [Path '/project/status'] Instance type (object) does not match any allowed primitive type (allowed: [""string""]): []
"
7c9be0b0-66f3-4734-bf35-fa0c9f9a68c5,3d26752d-347f-47fb-8c19-4beaf519fb09,false,"[OAS] [OAS] validation failed:
 - ERROR - Response status 409 not defined for path '/app/api/assignments'.: []
"
7c9be0b0-66f3-4734-bf35-fa0c9f9a68c5,ce33cd25-4c7c-47b5-abc5-417da783b6f8,false,"[OAS] [OAS] validation failed:
 - ERROR - [Path '/employeeId'] Instance type (null) does not match any allowed primitive type (allowed: [""integer""]): []
"
7c9be0b0-66f3-4734-bf35-fa0c9f9a68c5,13299f95-27c5-49cc-97d6-3576870f22a4,false,"[OAS] [OAS] validation failed:
 - ERROR - [Path '/commitMgrDesc'] Instance type (object) does not match any allowed primitive type (allowed: [""null"",""string""]): []
"
7c9be0b0-66f3-4734-bf35-fa0c9f9a68c5,84283b4a-050f-47b4-a9a3-6baeb3c92e89,false,"[OAS] [OAS] validation failed:
 - ERROR - [Path '/employee'] Object instance has properties which are not allowed by the schema: [""randomBoolean1"",""randomObject2""]: []
"
7c9be0b0-66f3-4734-bf35-fa0c9f9a68c5,e3aedbe7-03fa-407a-98f8-bc4ce155d572,false,"[OAS] [OAS] validation failed:
 - ERROR - [Path '/employee/lastName'] Instance type (integer) does not match any allowed primitive type (allowed: [""string""]): []
"
7c9be0b0-66f3-4734-bf35-fa0c9f9a68c5,dcd470e1-493c-43aa-8e04-70c444aea69a,false,"[OAS] [OAS] validation failed:
 - ERROR - [Path '/employee/phone'] Instance type (null) does not match any allowed primitive type (allowed: [""string""]): []
"
7c9be0b0-66f3-4734-bf35-fa0c9f9a68c5,71f3b86a-869c-4f19-b33b-a294a69d40f2,false,"[OAS] [OAS] validation failed:
 - ERROR - [Path '/employee/manager/employeeId'] Instance type (null) does not match any allowed primitive type (allowed: [""integer""]): []
"
7c9be0b0-66f3-4734-bf35-fa0c9f9a68c5,62b65d9b-0b0f-469e-8995-32606f44a799,false,"[OAS] [OAS] validation failed:
 - ERROR - [Path '/employee/manager/lastName'] Instance type (boolean) does not match any allowed primitive type (allowed: [""string""]): []
"
7c9be0b0-66f3-4734-bf35-fa0c9f9a68c5,4ffa6972-70f3-4792-a53c-61ce2caf34fa,false,"[OAS] [OAS] validation failed:
 - ERROR - [Path '/employee/manager/phone'] Instance type (integer) does not match any allowed primitive type (allowed: [""string""]): []
"
7c9be0b0-66f3-4734-bf35-fa0c9f9a68c5,a1766fb2-2c58-434b-82d1-5da9c5189358,false,"[OAS] [OAS] validation failed:
 - ERROR - [Path '/employee/manager/hiredate'] Instance type (number) does not match any allowed primitive type (allowed: [""null"",""string""]): []
"
7c9be0b0-66f3-4734-bf35-fa0c9f9a68c5,7eda6e96-7283-4b20-84e9-1d20c37391e9,false,"[OAS] [OAS] validation failed:
 - ERROR - [Path '/employee/manager/salary'] Instance type (null) does not match any allowed primitive type (allowed: [""integer"",""number""]): []
"
7c9be0b0-66f3-4734-bf35-fa0c9f9a68c5,4841ad89-1889-4dc1-80df-91542e5af594,false,"[OAS] [OAS] validation failed:
 - ERROR - [Path '/employee/manager/department/departmentId'] Instance type (null) does not match any allowed primitive type (allowed: [""integer""]): []
"
7c9be0b0-66f3-4734-bf35-fa0c9f9a68c5,e7ab3800-5ef8-4954-a4ff-254131c9e9b4,false,"[OAS] [OAS] validation failed:
 - ERROR - [Path '/employee/manager/department/departmentName'] Instance type (array) does not match any allowed primitive type (allowed: [""string""]): []
"
7c9be0b0-66f3-4734-bf35-fa0c9f9a68c5,6c678dc2-758d-419b-aa90-543c6ac51ad2,false,"[OAS] [OAS] validation failed:
 - ERROR - [Path '/employee/manager/department/location'] Instance type (array) does not match any allowed primitive type (allowed: [""object""]): []
"
7c9be0b0-66f3-4734-bf35-fa0c9f9a68c5,63550cfd-9cfe-4d0a-9899-85d1d6e17dbf,false,"[OAS] [OAS] validation failed:
 - ERROR - [Path '/employee/manager/department/location/adr'] Instance type (null) does not match any allowed primitive type (allowed: [""string""]): []
"
7c9be0b0-66f3-4734-bf35-fa0c9f9a68c5,bbdea22c-a253-49fe-b2f8-ba1bba232648,false,"[OAS] [OAS] validation failed:
 - ERROR - [Path '/employee/manager/credential'] Instance type (array) does not match any allowed primitive type (allowed: [""object""]): []
"
7c9be0b0-66f3-4734-bf35-fa0c9f9a68c5,2efd06a3-4853-466e-9cb5-099dd2bc5dde,false,"[OAS] [OAS] validation failed:
 - ERROR - [Path '/employee/manager/credential/credentialId'] Instance type (null) does not match any allowed primitive type (allowed: [""integer""]): []
"
7c9be0b0-66f3-4734-bf35-fa0c9f9a68c5,6990343f-735b-42b7-899f-327bb8bd619f,false,"[OAS] [OAS] validation failed:
 - ERROR - [Path '/employee/manager/credential/enabled'] Instance type (null) does not match any allowed primitive type (allowed: [""boolean""]): []
"
7c9be0b0-66f3-4734-bf35-fa0c9f9a68c5,7fc48d9d-b34a-4542-b1ef-17f858061dda,false,"[OAS] [OAS] validation failed:
 - ERROR - [Path '/employee/department/departmentId'] Instance type (null) does not match any allowed primitive type (allowed: [""integer""]): []
"
7c9be0b0-66f3-4734-bf35-fa0c9f9a68c5,34e63fad-0aca-48ab-bed1-2687b536893e,false,"[OAS] [OAS] validation failed:
 - ERROR - [Path '/employee/department/departmentName'] Instance type (null) does not match any allowed primitive type (allowed: [""string""]): []
"
7c9be0b0-66f3-4734-bf35-fa0c9f9a68c5,e84174b2-2eed-41a6-910d-3d6896de40a4,false,"[OAS] [OAS] validation failed:
 - ERROR - [Path '/employee/department/location'] Object instance has properties which are not allowed by the schema: [""randomFloat3"",""randomNull1"",""randomNull2""]: []
"
7c9be0b0-66f3-4734-bf35-fa0c9f9a68c5,a939167a-e4dd-41d9-82ea-dc4e680b85d4,false,"[OAS] [OAS] validation failed:
 - ERROR - [Path '/employee/department/location/locationId'] Instance type (string) does not match any allowed primitive type (allowed: [""integer""]): []
"
7c9be0b0-66f3-4734-bf35-fa0c9f9a68c5,c7bebaed-8d12-4080-abe8-d584dd27aed9,false,"[OAS] [OAS] validation failed:
 - ERROR - [Path '/employee/credential'] Instance type (null) does not match any allowed primitive type (allowed: [""object""]): []
"
7c9be0b0-66f3-4734-bf35-fa0c9f9a68c5,66bde487-8d6b-4a47-abd5-7987f519791c,false,"[OAS] [OAS] validation failed:
 - ERROR - [Path '/project/projectId'] Instance type (null) does not match any allowed primitive type (allowed: [""integer""]): []
"
7c9be0b0-66f3-4734-bf35-fa0c9f9a68c5,b9c059db-d9e3-4639-aca8-d3327df6f439,false,"[OAS] [OAS] validation failed:
 - ERROR - [Path '/project/title'] Instance type (array) does not match any allowed primitive type (allowed: [""string""]): []
"
49262665-cf9c-428b-95a9-3211bf0f6867,5f38b9a1-c58c-47dd-8514-adfc65f59100,false,[NO_5XX] Unexpected 5XX response: 502
49262665-cf9c-428b-95a9-3211bf0f6867,44d92fcf-ce5b-416d-b640-bea301b73aa7,false,"[OAS] [OAS] validation failed:
 - ERROR - Object instance has properties which are not allowed by the schema: [""randomBoolean1""]: []
"
49262665-cf9c-428b-95a9-3211bf0f6867,ffc32311-891d-4b60-a406-95ebd9b39108,false,"[OAS] [OAS] validation failed:
 - ERROR - [Path '/projectId'] Instance type (object) does not match any allowed primitive type (allowed: [""integer""]): []
"
49262665-cf9c-428b-95a9-3211bf0f6867,4c811f47-75f3-4f05-bc84-77060ca3c8b4,false,"[OAS] [OAS] validation failed:
 - ERROR - [Path '/commitDate'] Instance type (number) does not match any allowed primitive type (allowed: [""null"",""string""]): []
"
49262665-cf9c-428b-95a9-3211bf0f6867,cc3c53b5-84ca-4cab-9d40-918d3a333582,false,"[OAS] [OAS] validation failed:
 - ERROR - [Path '/commitMgrDesc'] Instance type (object) does not match any allowed primitive type (allowed: [""null"",""string""]): []
"
49262665-cf9c-428b-95a9-3211bf0f6867,78b6b55e-1b62-4a8d-b0b7-61334fb15b4c,false,"[OAS] [OAS] validation failed:
 - ERROR - [Path '/project'] Object instance has properties which are not allowed by the schema: [""randomBoolean1"",""randomObject2""]: []
"
49262665-cf9c-428b-95a9-3211bf0f6867,ed6d9204-1097-4278-9aeb-20d1de2f7a0f,false,"[OAS] [OAS] validation failed:
 - ERROR - [Path '/project/projectId'] Instance type (null) does not match any allowed primitive type (allowed: [""integer""]): []
"
690cde00-0a2e-4c41-9463-dcc6386f51b4,64773982-05fc-4d02-916a-a3aa74426521,false,"[OAS] [OAS] validation failed:
 - ERROR - Response status 404 not defined for path '/app/api/assignments'.: []
"
690cde00-0a2e-4c41-9463-dcc6386f51b4,1f497fbf-db8a-422b-b80a-f7f261350f1d,false,"[OAS] [OAS] validation failed:
 - ERROR - Object instance has properties which are not allowed by the schema: [""randomBoolean1""]: []
"
690cde00-0a2e-4c41-9463-dcc6386f51b4,59eb35bb-6e3a-4e78-a82f-51e161355e05,false,"[OAS] [OAS] validation failed:
 - ERROR - [Path '/projectId'] Instance type (object) does not match any allowed primitive type (allowed: [""integer""]): []
"
690cde00-0a2e-4c41-9463-dcc6386f51b4,673bd4a3-3ac7-44d3-b61c-f9e3334782da,false,"[OAS] [OAS] validation failed:
 - ERROR - [Path '/employee/employeeId'] Instance type (null) does not match any allowed primitive type (allowed: [""integer""]): []
"
690cde00-0a2e-4c41-9463-dcc6386f51b4,276596ce-a832-41b5-b12f-bf05e0df580e,false,"[OAS] [OAS] validation failed:
 - ERROR - [Path '/employee/email'] Instance type (array) does not match any allowed primitive type (allowed: [""string""]): []
"
690cde00-0a2e-4c41-9463-dcc6386f51b4,77373388-c33c-4848-b9ae-c5c142713a2a,false,"[OAS] [OAS] validation failed:
 - ERROR - [Path '/employee/phone'] Instance type (null) does not match any allowed primitive type (allowed: [""string""]): []
"
690cde00-0a2e-4c41-9463-dcc6386f51b4,af10f11c-105e-4b04-ba3b-d9b9865614d9,false,"[OAS] [OAS] validation failed:
 - ERROR - [Path '/employee/hiredate'] Instance type (array) does not match any allowed primitive type (allowed: [""null"",""string""]): []
"
690cde00-0a2e-4c41-9463-dcc6386f51b4,c3a16c51-0c3e-4623-8f3a-7ea7fd916742,false,"[OAS] [OAS] validation failed:
 - ERROR - [Path '/employee/job'] Instance type (null) does not match any allowed primitive type (allowed: [""string""]): []
"
690cde00-0a2e-4c41-9463-dcc6386f51b4,da742f67-fae2-4eda-94f0-a215be40ffd4,false,"[OAS] [OAS] validation failed:
 - ERROR - [Path '/employee/salary'] Instance type (null) does not match any allowed primitive type (allowed: [""integer"",""number""]): []
"
690cde00-0a2e-4c41-9463-dcc6386f51b4,c98742a3-0423-492c-bc33-2ff1298ec856,false,"[OAS] [OAS] validation failed:
 - ERROR - [Path '/employee/manager/phone'] Instance type (integer) does not match any allowed primitive type (allowed: [""string""]): []
"
690cde00-0a2e-4c41-9463-dcc6386f51b4,295a0d20-ab02-456f-8b49-60d86c6d06b1,false,"[OAS] [OAS] validation failed:
 - ERROR - [Path '/employee/manager/hiredate'] Instance type (number) does not match any allowed primitive type (allowed: [""null"",""string""]): []
"
690cde00-0a2e-4c41-9463-dcc6386f51b4,439f321f-e75d-47bb-a75a-01344fe3f4fe,false,"[OAS] [OAS] validation failed:
 - ERROR - [Path '/employee/manager/salary'] Instance type (object) does not match any allowed primitive type (allowed: [""integer"",""number""]): []
"
690cde00-0a2e-4c41-9463-dcc6386f51b4,5c13cf1f-6a67-4a94-91d9-5a8a86675fb5,false,"[OAS] [OAS] validation failed:
 - ERROR - [Path '/employee/manager/department/departmentId'] Instance type (string) does not match any allowed primitive type (allowed: [""integer""]): []
"
690cde00-0a2e-4c41-9463-dcc6386f51b4,5d133228-436f-4d36-90a5-742209456813,false,"[OAS] [OAS] validation failed:
 - ERROR - [Path '/employee/manager/department/location'] Instance type (array) does not match any allowed primitive type (allowed: [""object""]): []
"
690cde00-0a2e-4c41-9463-dcc6386f51b4,ca1805d1-fca3-4c23-a847-0b0033f17901,false,"[OAS] [OAS] validation failed:
 - ERROR - [Path '/employee/manager/department/location/locationId'] Instance type (array) does not match any allowed primitive type (allowed: [""integer""]): []
"
690cde00-0a2e-4c41-9463-dcc6386f51b4,dc6284b4-d58a-4355-aa59-66e53fa0e0a4,false,"[OAS] [OAS] validation failed:
 - ERROR - [Path '/employee/manager/department/location/postalCode'] Instance type (null) does not match any allowed primitive type (allowed: [""string""]): []
"
690cde00-0a2e-4c41-9463-dcc6386f51b4,f7cdde68-99b3-43e1-ae87-b6cd8f6f82a7,false,"[OAS] [OAS] validation failed:
 - ERROR - [Path '/employee/manager/credential'] Object instance has properties which are not allowed by the schema: [""randomLong1""]: []
"
690cde00-0a2e-4c41-9463-dcc6386f51b4,33978528-e058-4dc7-8380-7d76f4832d64,false,"[OAS] [OAS] validation failed:
 - ERROR - [Path '/employee/manager/credential/credentialId'] Instance type (object) does not match any allowed primitive type (allowed: [""integer""]): []
"
690cde00-0a2e-4c41-9463-dcc6386f51b4,b94c8dd2-a013-421a-8381-63ff6fc3b02d,false,"[OAS] [OAS] validation failed:
 - ERROR - [Path '/employee/manager/credential/username'] Instance type (null) does not match any allowed primitive type (allowed: [""string""]): []
"
690cde00-0a2e-4c41-9463-dcc6386f51b4,e41e0732-db4e-4096-9349-c54598265fe5,false,"[OAS] [OAS] validation failed:
 - ERROR - [Path '/employee/manager/credential/password'] Instance type (object) does not match any allowed primitive type (allowed: [""string""]): []
"
690cde00-0a2e-4c41-9463-dcc6386f51b4,908fa668-19cb-485e-94d8-d762b6a2c895,false,"[OAS] [OAS] validation failed:
 - ERROR - [Path '/employee/manager/credential/role'] Instance type (null) does not match any allowed primitive type (allowed: [""string""]): []
"
690cde00-0a2e-4c41-9463-dcc6386f51b4,f1f5746a-4341-4879-9dbc-9a94239444e8,false,"[OAS] [OAS] validation failed:
 - ERROR - [Path '/employee/department/departmentId'] Instance type (null) does not match any allowed primitive type (allowed: [""integer""]): []
"
690cde00-0a2e-4c41-9463-dcc6386f51b4,750dc61d-9f11-4386-b1d1-b04d4059f0fe,false,"[OAS] [OAS] validation failed:
 - ERROR - [Path '/employee/department/location/postalCode'] Instance type (integer) does not match any allowed primitive type (allowed: [""string""]): []
"
690cde00-0a2e-4c41-9463-dcc6386f51b4,e8144843-25e4-4c88-9b8d-7c3b2b6fbce7,false,"[OAS] [OAS] validation failed:
 - ERROR - [Path '/employee/department/location/city'] Instance type (object) does not match any allowed primitive type (allowed: [""string""]): []
"
690cde00-0a2e-4c41-9463-dcc6386f51b4,8b53f36d-a513-42a5-ba73-31f9c1c578c0,false,"[OAS] [OAS] validation failed:
 - ERROR - [Path '/employee/credential'] Object instance has properties which are not allowed by the schema: [""randomArray3"",""randomObject2"",""randomString1""]: []
"
690cde00-0a2e-4c41-9463-dcc6386f51b4,b7dc4e80-1431-4415-9dcc-cc74462eea27,false,"[OAS] [OAS] validation failed:
 - ERROR - [Path '/employee/credential/username'] Instance type (integer) does not match any allowed primitive type (allowed: [""string""]): []
"
690cde00-0a2e-4c41-9463-dcc6386f51b4,62b2b211-7b00-4aff-9889-cc1f9d33a671,false,"[OAS] [OAS] validation failed:
 - ERROR - [Path '/employee/credential/enabled'] Instance type (null) does not match any allowed primitive type (allowed: [""boolean""]): []
"
a5de7260-192e-46cb-8c9d-1f639b8722f8,5391a339-92d7-4c4a-b251-278efb2098d9,false,"[OAS] [OAS] validation failed:
 - ERROR - Response status 401 not defined for path '/app/api/assignments'.: []
"
a5de7260-192e-46cb-8c9d-1f639b8722f8,b5b8053c-920d-4e51-8fe6-807c066713d6,false,"[OAS] [OAS] validation failed:
 - ERROR - [Path '/employeeId'] Instance type (number) does not match any allowed primitive type (allowed: [""integer""]): []
"
a5de7260-192e-46cb-8c9d-1f639b8722f8,55e98e2f-5f1d-4155-a175-8e0a854e973e,false,"[OAS] [OAS] validation failed:
 - ERROR - [Path '/projectId'] Instance type (object) does not match any allowed primitive type (allowed: [""integer""]): []
"
a5de7260-192e-46cb-8c9d-1f639b8722f8,dc3b602a-c027-4659-8a33-5c2df39cf427,false,"[OAS] [OAS] validation failed:
 - ERROR - [Path '/commitMgrDesc'] Instance type (number) does not match any allowed primitive type (allowed: [""null"",""string""]): []
"
a5de7260-192e-46cb-8c9d-1f639b8722f8,2c212a75-9c37-4a09-b010-7de66c9556e9,false,"[OAS] [OAS] validation failed:
 - ERROR - [Path '/employee'] Instance type (number) does not match any allowed primitive type (allowed: [""null"",""object""]): []
"
a5de7260-192e-46cb-8c9d-1f639b8722f8,b535c166-31a3-4726-9f3c-55b78bd6b577,false,"[OAS] [OAS] validation failed:
 - ERROR - [Path '/employee/employeeId'] Instance type (null) does not match any allowed primitive type (allowed: [""integer""]): []
"
a5de7260-192e-46cb-8c9d-1f639b8722f8,0c5fad4e-63fe-4c4f-ba6d-fe04cf374d60,false,"[OAS] [OAS] validation failed:
 - ERROR - [Path '/employee/firstName'] Instance type (null) does not match any allowed primitive type (allowed: [""string""]): []
"
a5de7260-192e-46cb-8c9d-1f639b8722f8,09bf42a9-15c0-4ea9-90d0-0d8010d493a2,false,"[OAS] [OAS] validation failed:
 - ERROR - [Path '/employee/hiredate'] Instance type (object) does not match any allowed primitive type (allowed: [""null"",""string""]): []
"
a5de7260-192e-46cb-8c9d-1f639b8722f8,907e245c-6f6a-489f-a137-1cb348b8ae00,false,"[OAS] [OAS] validation failed:
 - ERROR - [Path '/employee/job'] Instance type (object) does not match any allowed primitive type (allowed: [""string""]): []
"
a5de7260-192e-46cb-8c9d-1f639b8722f8,8d12e62b-12ca-47ea-b9b6-67bd238456c0,false,"[OAS] [OAS] validation failed:
 - ERROR - [Path '/employee/department'] Instance type (array) does not match any allowed primitive type (allowed: [""null"",""object""]): []
"
a5de7260-192e-46cb-8c9d-1f639b8722f8,72138235-808f-4187-9d9f-854ab9830cb6,false,"[OAS] [OAS] validation failed:
 - ERROR - [Path '/employee/credential'] Object instance has properties which are not allowed by the schema: [""randomArray3"",""randomLong2"",""randomObject1"",""randomObject4""]: []
"
a5de7260-192e-46cb-8c9d-1f639b8722f8,c32ab533-776c-4c81-a37a-11ee096847ec,false,"[OAS] [OAS] validation failed:
 - ERROR - [Path '/employee/credential/credentialId'] Instance type (array) does not match any allowed primitive type (allowed: [""integer""]): []
"
a5de7260-192e-46cb-8c9d-1f639b8722f8,b2c82b36-c4cf-4f29-bfcf-6c48eab29f27,false,"[OAS] [OAS] validation failed:
 - ERROR - [Path '/employee/credential/password'] Instance type (null) does not match any allowed primitive type (allowed: [""string""]): []
"
a5de7260-192e-46cb-8c9d-1f639b8722f8,0551e391-a638-4634-9fcc-2298652e1bea,false,"[OAS] [OAS] validation failed:
 - ERROR - [Path '/employee/credential/enabled'] Instance type (number) does not match any allowed primitive type (allowed: [""boolean""]): []
"
a5de7260-192e-46cb-8c9d-1f639b8722f8,f4140662-3759-4211-b399-c342804dface,false,"[OAS] [OAS] validation failed:
 - ERROR - [Path '/employee/credential/role'] Instance type (null) does not match any allowed primitive type (allowed: [""string""]): []
"
a5de7260-192e-46cb-8c9d-1f639b8722f8,978a92dc-d492-4843-99e3-35d1d8a767b7,false,"[OAS] [OAS] validation failed:
 - ERROR - [Path '/project'] Instance type (integer) does not match any allowed primitive type (allowed: [""null"",""object""]): []
"
a5de7260-192e-46cb-8c9d-1f639b8722f8,109653c9-2a60-439e-b91d-c7c223996eb3,false,"[OAS] [OAS] validation failed:
 - ERROR - [Path '/project/projectId'] Instance type (string) does not match any allowed primitive type (allowed: [""integer""]): []
"
a5de7260-192e-46cb-8c9d-1f639b8722f8,2621b34f-c1a2-45f7-8143-e8c7b3788401,false,"[OAS] [OAS] validation failed:
 - ERROR - [Path '/project/startDate'] Instance type (null) does not match any allowed primitive type (allowed: [""string""]): []
"
a5de7260-192e-46cb-8c9d-1f639b8722f8,15c19c8a-ef9b-453e-9335-ab108c1497f3,false,"[OAS] [OAS] validation failed:
 - ERROR - [Path '/project/endDate'] Instance type (null) does not match any allowed primitive type (allowed: [""string""]): []
"
a5de7260-192e-46cb-8c9d-1f639b8722f8,072416e4-bbf8-44bb-bdc0-a2a24e75d36a,false,"[OAS] [OAS] validation failed:
 - ERROR - [Path '/project/status'] Instance type (null) does not match any allowed primitive type (allowed: [""string""]): []
"
8dfde5a9-d9dc-41dd-ac32-86d78e2bea51,97a69855-9393-4dd3-8beb-bf81a950a535,false,[NO_5XX] Unexpected 5XX response: 504
8dfde5a9-d9dc-41dd-ac32-86d78e2bea51,44f7d95e-adcf-407b-be4c-1b96f8db1d32,false,"[OAS] [OAS] validation failed:
 - ERROR - [Path '/employeeId'] Instance type (number) does not match any allowed primitive type (allowed: [""integer""]): []
"
8dfde5a9-d9dc-41dd-ac32-86d78e2bea51,ae199631-00f9-4982-89b0-159d549bde73,false,"[OAS] [OAS] validation failed:
 - ERROR - [Path '/employee/firstName'] Instance type (array) does not match any allowed primitive type (allowed: [""string""]): []
"
8dfde5a9-d9dc-41dd-ac32-86d78e2bea51,39e3f6c9-7ea8-49e2-b74e-0529538ea09e,false,"[OAS] [OAS] validation failed:
 - ERROR - [Path '/employee/lastName'] Instance type (null) does not match any allowed primitive type (allowed: [""string""]): []
"
8dfde5a9-d9dc-41dd-ac32-86d78e2bea51,79a510ae-9a61-4f45-9437-5d49facbbef6,false,"[OAS] [OAS] validation failed:
 - ERROR - [Path '/employee/email'] Instance type (array) does not match any allowed primitive type (allowed: [""string""]): []
"
8dfde5a9-d9dc-41dd-ac32-86d78e2bea51,ddec1eb6-8a5c-472d-a568-9599f2d99f47,false,"[OAS] [OAS] validation failed:
 - ERROR - [Path '/employee/salary'] Instance type (null) does not match any allowed primitive type (allowed: [""integer"",""number""]): []
"
8dfde5a9-d9dc-41dd-ac32-86d78e2bea51,23279c88-238c-4ebd-a02c-3f447e571164,false,"[OAS] [OAS] validation failed:
 - ERROR - [Path '/employee/manager/employeeId'] Instance type (array) does not match any allowed primitive type (allowed: [""integer""]): []
"
8dfde5a9-d9dc-41dd-ac32-86d78e2bea51,19d093ae-5dd8-4909-ac99-3a7ea9898cb7,false,"[OAS] [OAS] validation failed:
 - ERROR - [Path '/employee/manager/hiredate'] Instance type (number) does not match any allowed primitive type (allowed: [""null"",""string""]): []
"
8dfde5a9-d9dc-41dd-ac32-86d78e2bea51,44149019-a882-4907-87ac-c2439a1e78c8,false,"[OAS] [OAS] validation failed:
 - ERROR - [Path '/employee/manager/department'] Object instance has properties which are not allowed by the schema: [""randomArray4"",""randomLong1"",""randomObject2"",""randomString3""]: []
"
8dfde5a9-d9dc-41dd-ac32-86d78e2bea51,63297e15-1966-4a63-b57c-4422bc34740c,false,"[OAS] [OAS] validation failed:
 - ERROR - [Path '/employee/manager/department/departmentName'] Instance type (array) does not match any allowed primitive type (allowed: [""string""]): []
"
8dfde5a9-d9dc-41dd-ac32-86d78e2bea51,825fec89-6cf3-4ba4-8734-c733a9f1bc8d,false,"[OAS] [OAS] validation failed:
 - ERROR - [Path '/employee/manager/department/location'] Instance type (array) does not match any allowed primitive type (allowed: [""object""]): []
"
8dfde5a9-d9dc-41dd-ac32-86d78e2bea51,ad9b5d9c-82e5-47d2-b31a-fab5f7ec3d82,false,"[OAS] [OAS] validation failed:
 - ERROR - [Path '/employee/manager/department/location/locationId'] Instance type (null) does not match any allowed primitive type (allowed: [""integer""]): []
"
8dfde5a9-d9dc-41dd-ac32-86d78e2bea51,8d70488d-34b1-4b3d-8762-ffcea8faf0af,false,"[OAS] [OAS] validation failed:
 - ERROR - [Path '/employee/manager/department/location/postalCode'] Instance type (boolean) does not match any allowed primitive type (allowed: [""string""]): []
"
8dfde5a9-d9dc-41dd-ac32-86d78e2bea51,18598af4-a181-4660-ad0e-bf4d846cea2c,false,"[OAS] [OAS] validation failed:
 - ERROR - [Path '/employee/manager/credential'] Instance type (array) does not match any allowed primitive type (allowed: [""object""]): []
"
8dfde5a9-d9dc-41dd-ac32-86d78e2bea51,b28a4c97-eccf-4593-8e3e-130db346b42e,false,"[OAS] [OAS] validation failed:
 - ERROR - [Path '/employee/manager/credential/credentialId'] Instance type (null) does not match any allowed primitive type (allowed: [""integer""]): []
"
8dfde5a9-d9dc-41dd-ac32-86d78e2bea51,ed690205-fc9b-41f7-b9d1-424cb69bedbf,false,"[OAS] [OAS] validation failed:
 - ERROR - [Path '/employee/manager/credential/password'] Instance type (null) does not match any allowed primitive type (allowed: [""string""]): []
"
8dfde5a9-d9dc-41dd-ac32-86d78e2bea51,e33f39c4-6448-4213-b39d-5368f135d1a7,false,"[OAS] [OAS] validation failed:
 - ERROR - [Path '/employee/department/departmentId'] Instance type (null) does not match any allowed primitive type (allowed: [""integer""]): []
"
8dfde5a9-d9dc-41dd-ac32-86d78e2bea51,9203e9c5-5dea-4a44-95b0-33f03669ad01,false,"[OAS] [OAS] validation failed:
 - ERROR - [Path '/employee/department/location/locationId'] Instance type (string) does not match any allowed primitive type (allowed: [""integer""]): []
"
8dfde5a9-d9dc-41dd-ac32-86d78e2bea51,113abfd7-6ca0-4e15-b65e-630371250425,false,"[OAS] [OAS] validation failed:
 - ERROR - [Path '/employee/department/location/postalCode'] Instance type (integer) does not match any allowed primitive type (allowed: [""string""]): []
"
8dfde5a9-d9dc-41dd-ac32-86d78e2bea51,d6b7f66e-2cbd-4b86-9e73-edf861899f1b,false,"[OAS] [OAS] validation failed:
 - ERROR - [Path '/employee/department/location/city'] Instance type (object) does not match any allowed primitive type (allowed: [""string""]): []
"
8dfde5a9-d9dc-41dd-ac32-86d78e2bea51,ed31dd48-2f0e-418d-808b-70798a5e6073,false,"[OAS] [OAS] validation failed:
 - ERROR - [Path '/employee/credential'] Object instance has properties which are not allowed by the schema: [""randomArray3"",""randomObject2"",""randomString1""]: []
"
8dfde5a9-d9dc-41dd-ac32-86d78e2bea51,e336aa38-f1ac-4820-a1c0-bdb799ff64ed,false,"[OAS] [OAS] validation failed:
 - ERROR - [Path '/employee/credential/credentialId'] Instance type (object) does not match any allowed primitive type (allowed: [""integer""]): []
"
8dfde5a9-d9dc-41dd-ac32-86d78e2bea51,fea13834-1b9a-46ae-957f-27e73c7a79b1,false,"[OAS] [OAS] validation failed:
 - ERROR - [Path '/employee/credential/username'] Instance type (null) does not match any allowed primitive type (allowed: [""string""]): []
"
8dfde5a9-d9dc-41dd-ac32-86d78e2bea51,3be806db-e075-4e74-950d-98a531f9679f,false,"[OAS] [OAS] validation failed:
 - ERROR - [Path '/employee/credential/enabled'] Instance type (object) does not match any allowed primitive type (allowed: [""boolean""]): []
"
8dfde5a9-d9dc-41dd-ac32-86d78e2bea51,3e6b7c3e-c5ec-4484-af9d-7504d70e9dbd,false,"[OAS] [OAS] validation failed:
 - ERROR - [Path '/employee/credential/role'] Instance type (object) does not match any allowed primitive type (allowed: [""string""]): []
"
8dfde5a9-d9dc-41dd-ac32-86d78e2bea51,f3991898-bd9b-48bf-90d7-7026f5980925,false,"[OAS] [OAS] validation failed:
 - ERROR - [Path '/project'] Object instance has properties which are not allowed by the schema: [""randomNull1""]: []
"
8dfde5a9-d9dc-41dd-ac32-86d78e2bea51,13c3951b-a13b-4ad5-92f4-bd1dcccdc831,false,"[OAS] [OAS] validation failed:
 - ERROR - [Path '/project/projectId'] Instance type (boolean) does not match any allowed primitive type (allowed: [""integer""]): []
"
8dfde5a9-d9dc-41dd-ac32-86d78e2bea51,a1bd2c78-c667-4907-bf52-d861f53f4a65,false,"[OAS] [OAS] validation failed:
 - ERROR - [Path '/project/title'] Instance type (array) does not match any allowed primitive type (allowed: [""string""]): []
"
fe2d1251-2c1e-433c-b431-ee2496143495,9064ec99-718d-4c5f-85f2-988e5d2f3772,false,"[OAS] [OAS] validation failed:
 - ERROR - Response status 401 not defined for path '/app/api/assignments'.: []
"
fe2d1251-2c1e-433c-b431-ee2496143495,cd3d2d25-4b25-4499-ae2a-dca884b054a2,false,"[OAS] [OAS] validation failed:
 - ERROR - Object instance has properties which are not allowed by the schema: [""randomBoolean1""]: []
"
fe2d1251-2c1e-433c-b431-ee2496143495,81e85c61-7993-44ce-82cc-cb2b6c56453a,false,"[OAS] [OAS] validation failed:
 - ERROR - [Path '/projectId'] Instance type (null) does not match any allowed primitive type (allowed: [""integer""]): []
"
fe2d1251-2c1e-433c-b431-ee2496143495,a3a780d4-292c-476d-a952-0265edbcbf4c,false,"[OAS] [OAS] validation failed:
 - ERROR - [Path '/commitMgrDesc'] Instance type (number) does not match any allowed primitive type (allowed: [""null"",""string""]): []
"
a6ccc7b5-a727-49cd-ada0-affe28220e0d,596b6c88-7022-4425-92a5-124171c2942b,false,[NO_5XX] Unexpected 5XX response: 502
a6ccc7b5-a727-49cd-ada0-affe28220e0d,eb369bcb-dbaa-4f17-9158-28a1a869ff4b,true,
a6ccc7b5-a727-49cd-ada0-affe28220e0d,69e9840c-e2fb-43e5-be06-31d4459a6539,true,
a6ccc7b5-a727-49cd-ada0-affe28220e0d,e4fea998-8d1a-42fc-b9af-22d98df846e3,false,"[OAS] [OAS] validation failed:
 - ERROR - Object has missing required properties ([""status""]): []
"
a6ccc7b5-a727-49cd-ada0-affe28220e0d,1888aa9e-ea24-4d49-a95b-9797c6558138,true,
a6ccc7b5-a727-49cd-ada0-affe28220e0d,dd684f80-584a-4845-8ea4-daefed896af8,false,"[OAS] [OAS] validation failed:
 - ERROR - [Path '/throwable'] Instance type (number) does not match any allowed primitive type (allowed: [""null"",""string""]): []
"
a6ccc7b5-a727-49cd-ada0-affe28220e0d,351065c3-755a-4b3e-889e-7db9af6672c5,false,"[OAS] [OAS] validation failed:
 - ERROR - [Path '/status'] Instance value ({}) not found in enum (possible values: [""BAD_REQUEST""]): []
 - ERROR - [Path '/status'] Instance type (object) does not match any allowed primitive type (allowed: [""string""]): []
"
2f50df48-7716-429a-9dae-7505a613409d,23b1216d-d6dc-4895-8335-fb179dacfff0,false,[NO_5XX] Unexpected 5XX response: 501
2f50df48-7716-429a-9dae-7505a613409d,d58d3837-8fff-4ec2-b93a-f6f680473cb1,true,
2e3f43e0-6297-4a74-ab5f-40a2ffc46b64,b4c81b32-c285-4c4d-ac6d-5a688815beba,true,
2e3f43e0-6297-4a74-ab5f-40a2ffc46b64,1c9f1bc4-b906-4805-8ce5-81d2871f5c92,true,
2e3f43e0-6297-4a74-ab5f-40a2ffc46b64,f9883d99-6fea-4f75-9cbb-d29e33acc9c6,true,
2e3f43e0-6297-4a74-ab5f-40a2ffc46b64,1319843d-4cd6-4d2c-a6ce-bd5a90973c61,true,
2e3f43e0-6297-4a74-ab5f-40a2ffc46b64,b8c90722-41d1-4a08-81f6-727b866a02a1,false,[INV] input.employee.firstName == return.employee.firstName :: expected 'Soumaya' to deeply equal 'So*umaya'
2e3f43e0-6297-4a74-ab5f-40a2ffc46b64,e55ee151-bda6-4d42-9f80-c8d7c01bcdd0,false,[INV] input.employee.lastName == return.employee.lastName :: expected 'Hajjem' to deeply equal 'ejemplo minus'
2e3f43e0-6297-4a74-ab5f-40a2ffc46b64,c1b076d0-48c5-40da-b612-b9670e1d6f07,false,[INV] input.employee.phone == return.employee.phone :: expected '22125144' to deeply equal 'EJEMPLO MAYUS'
2e3f43e0-6297-4a74-ab5f-40a2ffc46b64,4a5235bb-014d-47ee-8da5-6661b96ac921,false,[INV] input.employee.department.departmentName == return.employee.department.departmentName :: expected 'Billing' to deeply equal '´*Billing'
2e3f43e0-6297-4a74-ab5f-40a2ffc46b64,c8141c3c-5e53-49d7-b512-a183854a1ed5,false,[INV] input.employee.department.location.locationId == return.employee.department.location.locationId :: expected 1 to deeply equal 263447
2e3f43e0-6297-4a74-ab5f-40a2ffc46b64,123da814-f92c-4794-a91a-52ea12e11284,false,[INV] input.employee.department.location.adr == return.employee.department.location.adr :: expected 'RUE DE LA BOURSE' to deeply equal 'RUE DE ´*LA BOURSE'
2e3f43e0-6297-4a74-ab5f-40a2ffc46b64,abe41faf-31bf-41d4-b3e4-f97d9045b319,false,[INV] input.employee.department.location.city == return.employee.department.location.city :: expected 'LAC2' to deeply equal 'ejemplo minus'
2e3f43e0-6297-4a74-ab5f-40a2ffc46b64,4999cc1d-bd6e-4d97-8676-e02b118775db,false,[INV] input.employee.credential.credentialId == return.employee.credential.credentialId :: expected 5 to deeply equal -194143
2e3f43e0-6297-4a74-ab5f-40a2ffc46b64,acea4fbb-4179-4020-ae52-f97bc329d8c2,false,[INV] input.employee.credential.password == return.employee.credential.password :: expected '$2y$04$ljw6KJaAkzMzJZOf8eU6qOoq7jV2SX…' to deeply equal '/z'
2e3f43e0-6297-4a74-ab5f-40a2ffc46b64,9af42fe9-028e-4d3c-91f5-23ee11660d03,false,[INV] input.employee.credential.enabled == return.employee.credential.enabled :: expected true to deeply equal false
2e3f43e0-6297-4a74-ab5f-40a2ffc46b64,cb2b6e83-7c79-4239-a32a-bc90c1e834f8,false,[INV] input.project.title == return.project.title :: expected 'MACHYA_RANDONNEE' to deeply equal 'MACHYA_/RANDONNEE'
2e3f43e0-6297-4a74-ab5f-40a2ffc46b64,775a62b8-ea53-4f71-8d72-09058ae53692,false,[INV] input.project.startDate == return.project.startDate :: expected '29-01-2021' to deeply equal '<'
2e3f43e0-6297-4a74-ab5f-40a2ffc46b64,70ca2591-c8e1-4d0c-91bf-530bd8ac7a76,false,[INV] input.project.endDate == return.project.endDate :: expected '30-04-2021' to deeply equal '30-0´*4-2021'
2e3f43e0-6297-4a74-ab5f-40a2ffc46b64,68a280b3-c4a8-47d2-9276-f8e12d32e3ac,false,[INV] input.project.status == return.project.status :: expected 'NOT_STARTED' to deeply equal 'EJEMPLO MAYUS'
8dfde5a9-d9dc-41dd-ac32-86d78e2bea51,9bdb7c51-9994-4350-8098-5f51a0647685,true,
8dfde5a9-d9dc-41dd-ac32-86d78e2bea51,8e27014f-b61f-4a92-af3c-4104d4c55b1a,true,
8dfde5a9-d9dc-41dd-ac32-86d78e2bea51,83407add-7864-44a1-85b7-77c0081eb74f,true,
8dfde5a9-d9dc-41dd-ac32-86d78e2bea51,294bffef-cda3-4004-b596-43d686f14d90,false,[INV] input.projectId == return.projectId :: expected 1 to deeply equal -618785
8dfde5a9-d9dc-41dd-ac32-86d78e2bea51,f28f20a3-27d8-4b81-b3e6-f803fdcd3e60,false,"[INV] LENGTH(return.commitDate)==18 :: expected '13-06-201817/,:30:00' to have a length of 18 but got 20"
8dfde5a9-d9dc-41dd-ac32-86d78e2bea51,a272f301-c497-4f3f-a4d3-6474903f5bbe,true,
8dfde5a9-d9dc-41dd-ac32-86d78e2bea51,4a217115-efc9-4009-9c94-ee257bfdbafe,true,
8dfde5a9-d9dc-41dd-ac32-86d78e2bea51,6c2408ea-80fb-409a-b98c-3291bab21f45,true,
8dfde5a9-d9dc-41dd-ac32-86d78e2bea51,4610fe1a-8f5a-4f84-a6e4-99d4623dcbeb,false,[INV] input.employee.employeeId == return.employee.employeeId :: expected 3 to deeply equal 265206
8dfde5a9-d9dc-41dd-ac32-86d78e2bea51,390d71d6-f5fc-4a8e-bf74-20f9c6ce1a04,false,[INV] input.employee.phone == return.employee.phone :: expected '22125144' to deeply equal '221´*25144'
8dfde5a9-d9dc-41dd-ac32-86d78e2bea51,57508162-200b-4eb1-b30e-1e48411ea93a,false,[INV] input.employee.hiredate == return.employee.hiredate :: expected '15-04-2019' to deeply equal 'Tqwf4iDa5W'
8dfde5a9-d9dc-41dd-ac32-86d78e2bea51,fe1e3acd-18c9-47a3-853e-b77bfe7d40a2,false,[INV] input.employee.job == return.employee.job :: expected 'Data Warehouse' to deeply equal 'vpu}9-'
8dfde5a9-d9dc-41dd-ac32-86d78e2bea51,d0e71481-b5dc-4f24-9460-bc3ae88c3485,true,
8dfde5a9-d9dc-41dd-ac32-86d78e2bea51,c7a41b0e-7dc9-4f8e-8549-40a2c9cedc02,false,"[INV] input.employee.manager.firstName == return.employee.manager.firstName :: expected 'Nour' to deeply equal 'Nour,'"
8dfde5a9-d9dc-41dd-ac32-86d78e2bea51,f4c3e3cb-4afe-45b5-b16b-c1645f9a1458,false,[INV] input.employee.manager.lastName == return.employee.manager.lastName :: expected 'Larguech' to deeply equal '7E_cq}'
8dfde5a9-d9dc-41dd-ac32-86d78e2bea51,6e2efeb7-d6c5-4b1c-8feb-5767b21dae83,false,"[INV] input.employee.manager.email == return.employee.manager.email :: expected 'springabcxyzboot@gmail.com' to deeply equal 'spri*,ngabcxyzboot@gmail.com'"
8dfde5a9-d9dc-41dd-ac32-86d78e2bea51,da28822d-c789-40f5-9050-9b39b25a5428,false,[INV] input.employee.manager.phone == return.employee.manager.phone :: expected '22125144' to deeply equal 'ejemplo minus'
8dfde5a9-d9dc-41dd-ac32-86d78e2bea51,c4c72233-98ab-41b3-90b1-6e051a033a13,false,[INV] input.employee.manager.job == return.employee.manager.job :: expected 'Chef service Data Warehouse' to deeply equal '_'
8dfde5a9-d9dc-41dd-ac32-86d78e2bea51,ad28179b-03e2-4bc1-87f1-90902a16f279,false,[INV] input.employee.manager.salary == return.employee.manager.salary :: expected 6000 to deeply equal 444729.02497049957
8dfde5a9-d9dc-41dd-ac32-86d78e2bea51,9a1d8623-a5d7-4c9d-bfc0-b83120623057,false,[INV] return.employee.manager.manager == null :: expected {} to be null
8dfde5a9-d9dc-41dd-ac32-86d78e2bea51,4ad45818-564c-437a-b5e5-35b3ec7016cb,false,[INV] input.employee.manager.department.departmentId == return.employee.manager.department.departmentId :: expected 4 to deeply equal 263447
8dfde5a9-d9dc-41dd-ac32-86d78e2bea51,29254c8b-eeda-4ba1-be6f-68fd638079a4,false,[INV] input.employee.manager.department.location.adr == return.employee.manager.department.location.adr :: expected 'RUE DE LA BOURSE' to deeply equal 'T*D'
8dfde5a9-d9dc-41dd-ac32-86d78e2bea51,53737f0c-075c-4096-8cc7-1b79440d0cd2,false,[INV] input.employee.manager.department.location.city == return.employee.manager.department.location.city :: expected 'LAC2' to deeply equal 'rwpf'
8dfde5a9-d9dc-41dd-ac32-86d78e2bea51,073d65a5-6cf0-4bd1-8728-4b619c300936,false,[INV] input.employee.manager.credential.username == return.employee.manager.credential.username :: expected 'nourlarguech' to deeply equal 'ejemplo minus'
8dfde5a9-d9dc-41dd-ac32-86d78e2bea51,afd87c69-38c2-497b-bedc-37245b613b8c,false,[INV] input.employee.manager.credential.enabled == return.employee.manager.credential.enabled :: expected true to deeply equal false
8dfde5a9-d9dc-41dd-ac32-86d78e2bea51,4fa2f3c8-152c-4489-8176-144fa9744749,false,"[INV] input.employee.manager.credential.role == return.employee.manager.credential.role :: expected 'ROLE_MGR' to deeply equal 'X,\'"
8dfde5a9-d9dc-41dd-ac32-86d78e2bea51,c67a19ab-2b3c-4bff-ad6c-c5c20b38fe9c,true,
8dfde5a9-d9dc-41dd-ac32-86d78e2bea51,c7b92af4-96eb-47eb-afa4-35573913b6af,false,[INV] input.employee.department.departmentName == return.employee.department.departmentName :: expected 'DWH' to deeply equal 'V--qFZ6'
8dfde5a9-d9dc-41dd-ac32-86d78e2bea51,e5faf0d9-f834-44a3-9a88-7a4c553929a6,true,
8dfde5a9-d9dc-41dd-ac32-86d78e2bea51,1a5717cd-e3a9-4615-b501-5c334cf78399,false,[INV] input.employee.department.location.adr == return.employee.department.location.adr :: expected 'RUE DE LA BOURSE' to deeply equal '; LDHM'
8dfde5a9-d9dc-41dd-ac32-86d78e2bea51,1f2622ef-ad3a-4241-9e54-0ff2d9b7c615,false,[INV] input.employee.credential.password == return.employee.credential.password :: expected '$2y$04$8jC1Xb/fKB3EQIHy0XoFUunQNhjiVp…' to deeply equal 'EJEMPLO MAYUS'
8dfde5a9-d9dc-41dd-ac32-86d78e2bea51,f7c41dc8-2f8a-400f-ade6-e3c50ea620c1,false,[INV] input.project.startDate == return.project.startDate :: expected '26-11-2020' to deeply equal 'ejemplo minus'
8dfde5a9-d9dc-41dd-ac32-86d78e2bea51,81bddef4-c8fc-4cd2-bf05-7890e07b67fc,false,"[INV] input.project.endDate == return.project.endDate :: expected '25-03-2021' to deeply equal '25-0,3-2021'"
8dfde5a9-d9dc-41dd-ac32-86d78e2bea51,074e3797-092c-4af1-8765-6efea158f0d5,true,
a5de7260-192e-46cb-8c9d-1f639b8722f8,624f7847-717b-47a2-9cb0-4aa7bed69553,true,
a5de7260-192e-46cb-8c9d-1f639b8722f8,026fe256-e2f0-4f1b-843b-ee796e1a6823,true,
a5de7260-192e-46cb-8c9d-1f639b8722f8,160cd3e0-31a9-4baf-ba49-f0ea4bdcd1d4,true,
a5de7260-192e-46cb-8c9d-1f639b8722f8,b2194bb9-f91c-40df-9a35-f2c16990f758,false,[INV] LENGTH(return.commitDate)==18 :: expected 'r#' to have a length of 18 but got 2
a5de7260-192e-46cb-8c9d-1f639b8722f8,aff77168-1509-433e-9d64-54ca29d4a468,true,
a5de7260-192e-46cb-8c9d-1f639b8722f8,ee0fc18b-f640-4f22-bf35-4a3ec147eb9c,false,[INV] input.employee.lastName == return.employee.lastName :: expected 'admin' to deeply equal 'EJEMPLO MAYUS'
a5de7260-192e-46cb-8c9d-1f639b8722f8,4371c5fa-e92c-4b93-8b8b-e16ce9d7b53c,false,"[INV] input.employee.email == return.employee.email :: expected 'springabcxyzboot@gmail.com' to deeply equal ',K>=A`C'"
a5de7260-192e-46cb-8c9d-1f639b8722f8,829522fe-5a6c-4f3d-b694-644702d3c0d7,false,[INV] input.employee.phone == return.employee.phone :: expected '22125144' to deeply equal ' A'
a5de7260-192e-46cb-8c9d-1f639b8722f8,bd3ec9b3-9c9b-4aff-9fe6-94369eba160e,false,[INV] input.employee.salary == return.employee.salary :: expected 5000 to deeply equal -423735.846429718
a5de7260-192e-46cb-8c9d-1f639b8722f8,aee66dde-989c-4dd6-8977-c03156fe3c40,true,
a5de7260-192e-46cb-8c9d-1f639b8722f8,53f5bee0-0645-4879-9320-f7b8cc054c75,false,[INV] input.employee.credential.username == return.employee.credential.username :: expected 'admin' to deeply equal 'admi´*n'
a5de7260-192e-46cb-8c9d-1f639b8722f8,e19b8f31-a8a5-4598-b1f5-0e2b3dacd59b,false,"[INV] input.project.title == return.project.title :: expected 'MACHYA_RANDONNEE' to deeply equal 'MACHYA_,RANDONNEE'"
845e1c97-3bf2-49b6-9226-ecad2b42be94,d1b6f715-9519-433a-a127-d9c6ccc66e1a,true,
845e1c97-3bf2-49b6-9226-ecad2b42be94,e09fd3de-9ce7-44fa-8f85-225bfe7c4748,true,
845e1c97-3bf2-49b6-9226-ecad2b42be94,bd9d95b8-9b33-47ac-82cb-bdc5ffde2931,true,
845e1c97-3bf2-49b6-9226-ecad2b42be94,3e786fe0-20cb-4515-86c7-086cff4f3b2e,false,[INV] input.projectId == return.projectId :: expected 2 to deeply equal -618785
845e1c97-3bf2-49b6-9226-ecad2b42be94,5e3f1189-c76f-45de-b0ff-f0350dcf9022,false,[INV] input.commitEmpDesc == return.commitEmpDesc :: expected 'this is a new assignment' to deeply equal 'this i´/s a new assignment'
845e1c97-3bf2-49b6-9226-ecad2b42be94,6cbeaa65-9a64-428b-8394-2c3216a411f2,true,
845e1c97-3bf2-49b6-9226-ecad2b42be94,d968dc18-bc54-4f59-9565-e09332143e61,false,[INV] input.project.startDate == return.project.startDate :: expected '29-01-2021' to deeply equal 'EJEMPLO MAYUS'
9a911aff-4f2f-4d95-a20b-4725957b023f,5d99d0b6-eadc-425f-a211-0fe42dd01d9e,true,
9a911aff-4f2f-4d95-a20b-4725957b023f,0c3af019-548a-4bda-82a5-117b89d7c95e,true,
9a911aff-4f2f-4d95-a20b-4725957b023f,69103cfd-69cf-472b-b234-2682595bf93c,true,
9a911aff-4f2f-4d95-a20b-4725957b023f,a96dc2cc-392e-49a6-919f-c23f719c8afc,false,[INV] input.employeeId == return.employeeId :: expected 3 to deeply equal -241395
9a911aff-4f2f-4d95-a20b-4725957b023f,2f83be57-c84d-43d2-8f08-2eabffddbe5c,false,[INV] LENGTH(return.commitDate)==18 :: expected 'F<FPn' to have a length of 18 but got 5
9a911aff-4f2f-4d95-a20b-4725957b023f,f706caf3-766f-4fa0-966b-d40bb7454668,false,[INV] input.commitMgrDesc == return.commitMgrDesc :: expected 'this is a new assignment' to deeply equal 'ejemplo minus'
9a911aff-4f2f-4d95-a20b-4725957b023f,98acf146-427f-4cdf-98b9-8c482a0919ba,true,
9a911aff-4f2f-4d95-a20b-4725957b023f,b99e1423-d1ea-43f5-a35a-b2a2d4e2cd75,false,[INV] input.employee.employeeId == return.employee.employeeId :: expected 7 to deeply equal 265206
9a911aff-4f2f-4d95-a20b-4725957b023f,6000b00c-981e-4218-82a5-1a915609abaa,false,[INV] input.employee.lastName == return.employee.lastName :: expected 'Tlemseni' to deeply equal 'dcY'
9a911aff-4f2f-4d95-a20b-4725957b023f,22eb446c-9d6c-4e44-bbd6-9a4af6595bd8,false,"[INV] input.employee.email == return.employee.email :: expected 'springabcxyzboot@gmail.com' to deeply equal 'springabcxyzboot@g´,mail.com'"
9a911aff-4f2f-4d95-a20b-4725957b023f,9694341c-a7c7-4129-a663-045620530b7f,false,[INV] input.employee.phone == return.employee.phone :: expected '22125144' to deeply equal 'i~W|\0<'
9a911aff-4f2f-4d95-a20b-4725957b023f,ed2ff688-a357-4209-8461-1a90572b22db,false,[INV] input.employee.job == return.employee.job :: expected 'Billing' to deeply equal 'xXSEIPqadU'
9a911aff-4f2f-4d95-a20b-4725957b023f,69431238-89df-447d-ab54-f898e83eddbb,false,[INV] input.employee.salary == return.employee.salary :: expected 5000 to deeply equal -423735.846429718
9a911aff-4f2f-4d95-a20b-4725957b023f,c2fd9351-5765-4043-ba7c-4e90d71c6c09,true,
9a911aff-4f2f-4d95-a20b-4725957b023f,dfdb0574-3ef5-43d7-a764-4c8aa8d19cea,false,[INV] input.employee.manager.employeeId == return.employee.manager.employeeId :: expected 4 to deeply equal 536321
9a911aff-4f2f-4d95-a20b-4725957b023f,630cdcc1-2d2e-43d5-9ff7-03e9b451304b,false,"[INV] input.employee.manager.firstName == return.employee.manager.firstName :: expected 'Soumaya' to deeply equal 'FdAkRPZ%,'"
9a911aff-4f2f-4d95-a20b-4725957b023f,1f963e94-7c36-43af-8e43-d42f8d36931d,false,"[INV] input.employee.manager.lastName == return.employee.manager.lastName :: expected 'Hajjem' to deeply equal 'Hajje,m'"
9a911aff-4f2f-4d95-a20b-4725957b023f,1cdd5a74-dacc-4a31-b90f-f93eb391d9d5,false,[INV] input.employee.manager.job == return.employee.manager.job :: expected 'Chef service Billing' to deeply equal 'ywJNC'
9a911aff-4f2f-4d95-a20b-4725957b023f,05a01f97-e85f-40c8-a487-a8cf9f149cb7,false,[INV] input.employee.manager.salary == return.employee.manager.salary :: expected 6000 to deeply equal 444729.02497049957
9a911aff-4f2f-4d95-a20b-4725957b023f,439cadb5-ee13-45b2-9603-75b835426537,false,[INV] return.employee.manager.manager == null :: expected {} to be null
9a911aff-4f2f-4d95-a20b-4725957b023f,8388c022-d1e2-47ed-b4b4-d0b662c4653a,true,
9a911aff-4f2f-4d95-a20b-4725957b023f,f8fe194a-3256-4817-80aa-d06ffbe4e0ec,false,[INV] input.employee.manager.department.departmentName == return.employee.manager.department.departmentName :: expected 'Billing' to deeply equal 'Bill/ing'
9a911aff-4f2f-4d95-a20b-4725957b023f,e30a65c1-779d-45bb-9528-f5b35e45a935,false,[INV] input.employee.manager.department.location.locationId == return.employee.manager.department.location.locationId :: expected 1 to deeply equal -194143
9a911aff-4f2f-4d95-a20b-4725957b023f,e47fdf6c-5c26-42c3-af52-b540b831440a,false,[INV] input.employee.manager.credential.credentialId == return.employee.manager.credential.credentialId :: expected 5 to deeply equal -980462
9a911aff-4f2f-4d95-a20b-4725957b023f,66621dcc-db5f-4162-83cf-18f65287be4c,true,
9a911aff-4f2f-4d95-a20b-4725957b023f,1a964207-5190-4449-abb7-c69dc2d7d65d,false,"[INV] input.employee.manager.credential.password == return.employee.manager.credential.password :: expected '$2y$04$ljw6KJaAkzMzJZOf8eU6qOoq7jV2SX…' to deeply equal '$2y´,$04$ljw6KJaAkzMzJZOf8eU6qOoq7jV2…'"
9a911aff-4f2f-4d95-a20b-4725957b023f,39d7a8fa-2372-4d49-ba2d-9c74eacd10c1,true,
9a911aff-4f2f-4d95-a20b-4725957b023f,f1be4446-a4ea-450b-93e2-2f749e300664,true,
9a911aff-4f2f-4d95-a20b-4725957b023f,88883e27-bc90-4343-bf3d-066ea90dd2d4,false,[INV] input.employee.department.departmentId == return.employee.department.departmentId :: expected 6 to deeply equal -627465
9a911aff-4f2f-4d95-a20b-4725957b023f,737b5d6c-60ab-4a54-8652-e32a8dec570c,false,[INV] input.employee.department.departmentName == return.employee.department.departmentName :: expected 'Billing' to deeply equal '*'
9a911aff-4f2f-4d95-a20b-4725957b023f,c0d26300-87bf-408d-ab21-84b001ebf6fd,false,[INV] input.employee.department.location.locationId == return.employee.department.location.locationId :: expected 1 to deeply equal -79125
9a911aff-4f2f-4d95-a20b-4725957b023f,0e5d70ed-5c6e-443a-bfb7-7d335cc5f0af,false,[INV] input.employee.department.location.postalCode == return.employee.department.location.postalCode :: expected '2016' to deeply equal 'EJEMPLO MAYUS'
9a911aff-4f2f-4d95-a20b-4725957b023f,faa6e754-3fb1-43ad-aef5-8e2e0e62f78d,false,[INV] input.employee.credential.username == return.employee.credential.username :: expected 'maryemtlemseni' to deeply equal 'Nau.'
9a911aff-4f2f-4d95-a20b-4725957b023f,1e10948f-279a-4e37-949f-72cd6c7d531d,false,[INV] input.employee.credential.password == return.employee.credential.password :: expected '$2y$04$PYOfQrM6MgHVY6myHfczsOlNVGXxll…' to deeply equal 'ejemplo minus'
9a911aff-4f2f-4d95-a20b-4725957b023f,58e80f97-b5e3-43f8-b3ff-ab595498be9d,false,[INV] input.employee.credential.role == return.employee.credential.role :: expected 'ROLE_EMP' to deeply equal 'EJEMPLO MAYUS'
9a911aff-4f2f-4d95-a20b-4725957b023f,f575a738-2e87-4597-a51a-41e17bb56168,false,"[INV] input.project.title == return.project.title :: expected 'TRANSBSCS' to deeply equal 'TRANSBSC/,S'"
9a911aff-4f2f-4d95-a20b-4725957b023f,bec4b4d1-9583-4bf0-b238-3ba9a021955d,false,[INV] input.project.startDate == return.project.startDate :: expected '28-09-2020' to deeply equal 'ejemplo minus'
d46468fc-f81f-4f34-b11f-54f108700156,a70e9881-6596-41e8-9029-ead397b12893,true,
d46468fc-f81f-4f34-b11f-54f108700156,c7f83dfa-a461-4614-a507-80574caf3ae8,true,
d46468fc-f81f-4f34-b11f-54f108700156,ba30b2f7-d30c-4431-98d0-b03289871c33,true,
d46468fc-f81f-4f34-b11f-54f108700156,d45f0149-d120-460f-aa1c-3951bed21965,false,[INV] input.employeeId == return.employeeId :: expected 7 to deeply equal -241395
d46468fc-f81f-4f34-b11f-54f108700156,eb1da2b4-858d-408b-a0d1-3e4512cb0488,false,[INV] LENGTH(return.commitDate)==18 :: expected 'Z' to have a length of 18 but got 1
d46468fc-f81f-4f34-b11f-54f108700156,a0ce2b9d-efbb-454e-8816-b2a981538ad3,true,
d46468fc-f81f-4f34-b11f-54f108700156,48847da6-8c7f-4480-9365-3d3e85c84fbc,false,[INV] input.employee.employeeId == return.employee.employeeId :: expected 1 to deeply equal 265206
d46468fc-f81f-4f34-b11f-54f108700156,28736aad-7ecb-4db6-a058-9288eb15fc78,false,[INV] input.employee.email == return.employee.email :: expected 'springabcxyzboot@gmail.com' to deeply equal '7t8F%a#SO'
d46468fc-f81f-4f34-b11f-54f108700156,7e6f8bbc-fc8c-433a-a7a4-82ef71f447af,false,[INV] input.employee.hiredate == return.employee.hiredate :: expected '15-04-2019' to deeply equal 'y%'
d46468fc-f81f-4f34-b11f-54f108700156,731bc731-b52e-4731-9452-684b2ef9b98c,true,
d46468fc-f81f-4f34-b11f-54f108700156,c114f8f6-a3df-4914-aca3-b9e4cd8c95a4,false,[INV] input.employee.manager.employeeId == return.employee.manager.employeeId :: expected 4 to deeply equal 536321
d46468fc-f81f-4f34-b11f-54f108700156,29ca9276-ce90-45a3-bc41-ffb7883f45bc,false,[INV] input.employee.manager.firstName == return.employee.manager.firstName :: expected 'Soumaya' to deeply equal 'dGP\a2ZPU'
d46468fc-f81f-4f34-b11f-54f108700156,72278a44-6744-495b-bed5-93dbaab1dd79,false,[INV] input.employee.manager.phone == return.employee.manager.phone :: expected '22125144' to deeply equal 'EJEMPLO MAYUS'
d46468fc-f81f-4f34-b11f-54f108700156,f88f4673-e78e-4d0d-ba97-6e979f38775d,false,[INV] input.employee.manager.salary == return.employee.manager.salary :: expected 6000 to deeply equal 444729.02497049957
d46468fc-f81f-4f34-b11f-54f108700156,33ced2be-0bd5-4129-84b3-21e4b5c5760b,true,
d46468fc-f81f-4f34-b11f-54f108700156,d8afc121-ec44-479a-b256-4e51e8830242,false,[INV] input.employee.manager.department.departmentName == return.employee.manager.department.departmentName :: expected 'Billing' to deeply equal '1?R/'
d46468fc-f81f-4f34-b11f-54f108700156,0ad32c76-08fa-449d-8057-9b43fb273084,false,"[INV] input.employee.manager.department.location.adr == return.employee.manager.department.location.adr :: expected 'RUE DE LA BOURSE' to deeply equal '6r ""9z'"
d46468fc-f81f-4f34-b11f-54f108700156,55e23e1d-e1ab-44c4-a9d2-d4e830f2a778,true,
d46468fc-f81f-4f34-b11f-54f108700156,1aa47cbf-96ac-4cbe-a0d8-3e4b2dd95b33,false,[INV] input.employee.manager.credential.password == return.employee.manager.credential.password :: expected '$2y$04$ljw6KJaAkzMzJZOf8eU6qOoq7jV2SX…' to deeply equal '$2y$04$ljw6KJaAkzMzJ/*ZOf8eU6qOoq7jV2…'
d46468fc-f81f-4f34-b11f-54f108700156,ddcfdd6f-4be0-4e3d-a8e2-904d11d74f40,true,
d46468fc-f81f-4f34-b11f-54f108700156,2fd20e55-17ed-4560-b36a-fb50429555b7,false,[INV] input.employee.department.departmentId == return.employee.department.departmentId :: expected 6 to deeply equal -627465
d46468fc-f81f-4f34-b11f-54f108700156,7c11e648-a7d4-4aa3-875b-f97808fa8f59,true,
d46468fc-f81f-4f34-b11f-54f108700156,c97c39cc-0723-4688-a078-c61685042e1f,true,
d46468fc-f81f-4f34-b11f-54f108700156,c44f3586-1762-44c0-a729-56e612df8a2e,false,[INV] input.employee.department.location.adr == return.employee.department.location.adr :: expected 'RUE DE LA BOURSE' to deeply equal '*RUE DE LA BOURSE'
d46468fc-f81f-4f34-b11f-54f108700156,48697e86-4ecf-4c2b-a296-dcd3d410cb3e,true,
7c9be0b0-66f3-4734-bf35-fa0c9f9a68c5,e7e51245-e553-42f4-a8a3-4f91af979c56,true,
7c9be0b0-66f3-4734-bf35-fa0c9f9a68c5,c9a98b10-6520-4aa8-a67d-764db9449a93,true,
7c9be0b0-66f3-4734-bf35-fa0c9f9a68c5,ddf76dd1-017a-4af5-a560-b6f22e57566b,true,
7c9be0b0-66f3-4734-bf35-fa0c9f9a68c5,2325ac7f-bbc0-4d01-9a25-3f0f199e9662,false,[INV] input.projectId == return.projectId :: expected 2 to deeply equal -618785
7c9be0b0-66f3-4734-bf35-fa0c9f9a68c5,f6d133f8-ffd9-4678-8a58-1fd8383ee912,false,[INV] LENGTH(return.commitDate)==18 :: expected 'N' to have a length of 18 but got 1
7c9be0b0-66f3-4734-bf35-fa0c9f9a68c5,e2d84f4e-9191-4847-b8ea-9f1211a9fc0f,false,[INV] input.commitEmpDesc == return.commitEmpDesc :: expected 'this is a new assignment' to deeply equal 'this i´/s a new assignment'
7c9be0b0-66f3-4734-bf35-fa0c9f9a68c5,d053a51b-203f-427b-9c03-9dd1a260711d,false,[INV] input.employee.employeeId == return.employee.employeeId :: expected 3 to deeply equal 265206
7c9be0b0-66f3-4734-bf35-fa0c9f9a68c5,918b2fe7-ded6-4bf8-9cb8-5a0049a18a05,false,[INV] input.employee.firstName == return.employee.firstName :: expected 'Imen' to deeply equal 'EJEMPLO MAYUS'
7c9be0b0-66f3-4734-bf35-fa0c9f9a68c5,3689f658-cc23-403c-940f-7805d44f2147,false,"[INV] input.employee.email == return.employee.email :: expected 'springabcxyzboot@gmail.com' to deeply equal 'springabcxyzboot@g´,mail.com'"
7c9be0b0-66f3-4734-bf35-fa0c9f9a68c5,84fffae9-bda8-4ed0-9932-913c71d2b02a,true,
7c9be0b0-66f3-4734-bf35-fa0c9f9a68c5,db4d9e28-8ac6-4b8f-83ca-d2fdc87661b5,false,[INV] input.employee.job == return.employee.job :: expected 'Data Warehouse' to deeply equal 'Data Wa´*rehouse'
7c9be0b0-66f3-4734-bf35-fa0c9f9a68c5,96f9261c-2c35-4054-ac67-bb96340d2479,false,[INV] input.employee.salary == return.employee.salary :: expected 5000 to deeply equal -423735.846429718
7c9be0b0-66f3-4734-bf35-fa0c9f9a68c5,507cf544-25f3-4389-8243-ab24302b8710,true,
7c9be0b0-66f3-4734-bf35-fa0c9f9a68c5,b6e54b65-7730-4360-aeb6-dfe0d429539c,false,"[INV] input.employee.manager.firstName == return.employee.manager.firstName :: expected 'Nour' to deeply equal 'Nour,'"
7c9be0b0-66f3-4734-bf35-fa0c9f9a68c5,fb36abb0-567d-48e3-9a95-9a6b76917a3a,false,"[INV] input.employee.manager.email == return.employee.manager.email :: expected 'springabcxyzboot@gmail.com' to deeply equal 'spri*,ngabcxyzboot@gmail.com'"
7c9be0b0-66f3-4734-bf35-fa0c9f9a68c5,c706ce82-2253-4ce6-b217-10bab4c2f6a4,false,[INV] input.employee.manager.job == return.employee.manager.job :: expected 'Chef service Data Warehouse' to deeply equal 'ejemplo minus'
7c9be0b0-66f3-4734-bf35-fa0c9f9a68c5,2bbefa75-bef1-4683-a09a-d1040497d9ab,false,[INV] return.employee.manager.manager == null :: expected {} to be null
7c9be0b0-66f3-4734-bf35-fa0c9f9a68c5,cac242c7-9a26-43ea-85c7-7a9f405991b9,true,
7c9be0b0-66f3-4734-bf35-fa0c9f9a68c5,e31e3467-71e6-41b3-a502-628abda3fe5c,false,[INV] input.employee.manager.department.location.locationId == return.employee.manager.department.location.locationId :: expected 1 to deeply equal -194143
7c9be0b0-66f3-4734-bf35-fa0c9f9a68c5,6e3d8631-d300-451d-9089-82424622d027,false,[INV] input.employee.manager.department.location.postalCode == return.employee.manager.department.location.postalCode :: expected '2016' to deeply equal 'pI'
7c9be0b0-66f3-4734-bf35-fa0c9f9a68c5,1f4e3393-6508-4e72-bdb1-3af3e704bb4d,false,[INV] input.employee.manager.department.location.city == return.employee.manager.department.location.city :: expected 'LAC2' to deeply equal 'LA´/C2'
7c9be0b0-66f3-4734-bf35-fa0c9f9a68c5,9cddd6db-1c9e-4c0e-a678-457e687b1246,false,"[INV] input.employee.manager.credential.username == return.employee.manager.credential.username :: expected 'nourlarguech' to deeply equal 'n´,ourlarguech'"
7c9be0b0-66f3-4734-bf35-fa0c9f9a68c5,80686a1b-292c-4564-b148-0fa72aa7fa7f,true,
7c9be0b0-66f3-4734-bf35-fa0c9f9a68c5,27dd999b-ffd7-4090-acbe-f7d35dac49da,true,
7c9be0b0-66f3-4734-bf35-fa0c9f9a68c5,dccfa668-44a4-4307-b196-e187d26a12df,true,
7c9be0b0-66f3-4734-bf35-fa0c9f9a68c5,d5e94a3f-5c2c-41df-aadd-6dda7ee1a0cc,false,[INV] input.employee.department.location.adr == return.employee.department.location.adr :: expected 'RUE DE LA BOURSE' to deeply equal 'RUE DE LA BO*URSE'
7c9be0b0-66f3-4734-bf35-fa0c9f9a68c5,19d0a8ab-0f31-442e-9934-a2346bb79556,false,[INV] input.employee.department.location.postalCode == return.employee.department.location.postalCode :: expected '2016' to deeply equal '2´/016'
7c9be0b0-66f3-4734-bf35-fa0c9f9a68c5,b686b8c9-c131-46f5-bca2-2180f892f64b,false,"[INV] input.employee.department.location.city == return.employee.department.location.city :: expected 'LAC2' to deeply equal '*,LAC2'"
7c9be0b0-66f3-4734-bf35-fa0c9f9a68c5,ef684e56-2760-4588-8901-786af5ad0bc9,false,[INV] input.employee.credential.credentialId == return.employee.credential.credentialId :: expected 1 to deeply equal -928384
7c9be0b0-66f3-4734-bf35-fa0c9f9a68c5,72d21d90-7960-41c2-a08a-dc11ff22d612,false,[INV] input.employee.credential.username == return.employee.credential.username :: expected 'imentouk' to deeply equal 'E '
7c9be0b0-66f3-4734-bf35-fa0c9f9a68c5,60aa23f9-63c9-4942-9e44-9ace1a122e93,false,[INV] input.employee.credential.password == return.employee.credential.password :: expected '$2y$04$8jC1Xb/fKB3EQIHy0XoFUunQNhjiVp…' to deeply equal 'EJEMPLO MAYUS'
7c9be0b0-66f3-4734-bf35-fa0c9f9a68c5,219e628c-d9f4-487e-b1c4-c5820dee444b,false,[INV] input.employee.credential.enabled == return.employee.credential.enabled :: expected true to deeply equal false
7c9be0b0-66f3-4734-bf35-fa0c9f9a68c5,30e63664-91fb-4fe9-afef-24150facc4ab,false,"[INV] input.employee.credential.role == return.employee.credential.role :: expected 'ROLE_EMP' to deeply equal 'R/,OLE_EMP'"
7c9be0b0-66f3-4734-bf35-fa0c9f9a68c5,606b4fa2-129b-4a04-8da4-d8baffb4c0ed,true,
7c9be0b0-66f3-4734-bf35-fa0c9f9a68c5,08ca2305-edaf-4334-ad4c-f0ef0a059ed6,false,[INV] input.project.startDate == return.project.startDate :: expected '29-01-2021' to deeply equal 'ejemplo minus'
7c9be0b0-66f3-4734-bf35-fa0c9f9a68c5,e031af60-2573-4889-b052-58f52cf3af66,false,[INV] input.project.endDate == return.project.endDate :: expected '30-04-2021' to deeply equal 'ejemplo minus'
7c9be0b0-66f3-4734-bf35-fa0c9f9a68c5,750494c8-833b-4949-ae75-215cc3df5dff,false,[INV] input.project.status == return.project.status :: expected 'NOT_STARTED' to deeply equal 'q]eeXG%D'
a81749ad-9e6a-4a15-982b-f16d0442759f,cacd939c-9611-4c92-891d-05ce9dfa6a90,true,
a81749ad-9e6a-4a15-982b-f16d0442759f,fd9cf79c-b625-4c2a-9b7a-9b777914ce44,true,
a81749ad-9e6a-4a15-982b-f16d0442759f,fee12dfa-82b7-4e6f-904f-b0bf5d786d2c,false,[INV] input.projectId == return.projectId :: expected 4 to deeply equal -618785
a81749ad-9e6a-4a15-982b-f16d0442759f,a1b26718-4e36-4ddf-896e-f1e288ea25c6,false,[INV] input.commitMgrDesc == return.commitMgrDesc :: expected 'this is a new assignment' to deeply equal 'this i´/s a new assignment'
a81749ad-9e6a-4a15-982b-f16d0442759f,50a10b8d-91b2-4ff8-8076-621cc99e46b4,true,
a81749ad-9e6a-4a15-982b-f16d0442759f,cad04315-2885-4c89-b458-e8af32e3745f,false,[INV] input.employee.email == return.employee.email :: expected 'springabcxyzboot@gmail.com' to deeply equal 'spri/*ngabcxyzboot@gmail.com'
a81749ad-9e6a-4a15-982b-f16d0442759f,5b633a15-780e-4af7-940a-be2871595acb,false,[INV] input.employee.phone == return.employee.phone :: expected '22125144' to deeply equal 'xcr'
a81749ad-9e6a-4a15-982b-f16d0442759f,97e63391-6655-4668-bf0b-8226f3749e86,false,[INV] input.employee.job == return.employee.job :: expected 'RH' to deeply equal '6)'
a81749ad-9e6a-4a15-982b-f16d0442759f,d782a6f9-6c78-4c70-813c-1089a1db3b58,false,[INV] input.employee.salary == return.employee.salary :: expected 5000 to deeply equal -423735.846429718
a81749ad-9e6a-4a15-982b-f16d0442759f,1a2910c0-3a20-41a1-a64d-c6693060c4d5,true,
a81749ad-9e6a-4a15-982b-f16d0442759f,90f18398-e831-4d6c-a8cf-e1e4c5491cf9,false,[INV] input.employee.credential.credentialId == return.employee.credential.credentialId :: expected 4 to deeply equal 536321
a81749ad-9e6a-4a15-982b-f16d0442759f,f165ab58-232a-4bdf-8390-49032fc45b93,false,"[INV] input.employee.credential.username == return.employee.credential.username :: expected 'admin' to deeply equal 'admi*,n'"
a81749ad-9e6a-4a15-982b-f16d0442759f,14fe1cee-2d10-4b01-8bce-b2686dec3117,false,"[INV] input.employee.credential.password == return.employee.credential.password :: expected '$2y$04$HLi44N6cb6xmLYHdABF/euCgpk0Lof…' to deeply equal '$2y$04$HLi44N6cb6xmLYHd´,ABF/euCgpk0L…'"
60393f62-2463-4d93-8212-d9812681a1d3,6c13b71f-d2d7-47f8-8067-757da8952e7a,true,
60393f62-2463-4d93-8212-d9812681a1d3,0a847a28-2a17-455b-96c7-6afb45c895ba,true,
60393f62-2463-4d93-8212-d9812681a1d3,3ad528c2-f399-4ab7-9147-8a02b8d24243,true,
60393f62-2463-4d93-8212-d9812681a1d3,c8a3dc27-9b79-4ae8-b77a-a2c339577dda,false,[INV] input.projectId == return.projectId :: expected 2 to deeply equal -618785
60393f62-2463-4d93-8212-d9812681a1d3,d31b78b3-cd44-4047-ac62-b9d2ca3e0442,true,
60393f62-2463-4d93-8212-d9812681a1d3,03b48fee-73bc-4a6b-83be-43de968322d3,true,
60393f62-2463-4d93-8212-d9812681a1d3,46054345-7b2f-492e-b35b-f3a1e168dc20,true,
60393f62-2463-4d93-8212-d9812681a1d3,db2da6a4-c1c1-4f27-b03f-3e5d196233d5,true,
60393f62-2463-4d93-8212-d9812681a1d3,1d5ec80a-64b6-4a67-9399-d3abe6ece700,false,[INV] input.employee.employeeId == return.employee.employeeId :: expected 4 to deeply equal 265206
60393f62-2463-4d93-8212-d9812681a1d3,5aaf29c5-ae7a-47da-839e-46982d2ab0f9,false,[INV] input.employee.email == return.employee.email :: expected 'springabcxyzboot@gmail.com' to deeply equal 'EJEMPLO MAYUS'
60393f62-2463-4d93-8212-d9812681a1d3,cd2bbe64-8a23-441c-8045-c03af9747456,false,[INV] input.employee.phone == return.employee.phone :: expected '22125144' to deeply equal 'a'
60393f62-2463-4d93-8212-d9812681a1d3,38da7297-9123-4004-a60c-87fec6b15766,false,[INV] input.employee.job == return.employee.job :: expected 'Chef service Billing' to deeply equal '2L'
60393f62-2463-4d93-8212-d9812681a1d3,09314fd5-90db-4ff8-9e1f-df1340b33219,false,[INV] input.employee.salary == return.employee.salary :: expected 6000 to deeply equal -423735.846429718
60393f62-2463-4d93-8212-d9812681a1d3,f0c93dcd-d82c-4a6d-8b8d-4c47af899405,true,
60393f62-2463-4d93-8212-d9812681a1d3,bc018857-c4e5-415a-a243-4a15a9f98bd7,true,
60393f62-2463-4d93-8212-d9812681a1d3,62dc5e2a-7818-48f5-bf7e-18a9f3cb7b2d,false,"[INV] input.employee.department.departmentName == return.employee.department.departmentName :: expected 'Billing' to deeply equal 'Bil*,ling'"
60393f62-2463-4d93-8212-d9812681a1d3,6af9ec34-a379-4b0d-aa0c-7f95dc4a62fc,false,[INV] input.employee.department.location.locationId == return.employee.department.location.locationId :: expected 1 to deeply equal 263447
60393f62-2463-4d93-8212-d9812681a1d3,90f81c16-7fa6-4839-9cda-f25a42c7b7e3,false,"[INV] input.employee.department.location.adr == return.employee.department.location.adr :: expected 'RUE DE LA BOURSE' to deeply equal 'RUE DE LA BOU´,RSE'"
60393f62-2463-4d93-8212-d9812681a1d3,bfbb6265-9e76-4fec-a4ad-a6b7442002dc,false,[INV] input.employee.department.location.city == return.employee.department.location.city :: expected 'LAC2' to deeply equal '?'
60393f62-2463-4d93-8212-d9812681a1d3,b873cfce-1b9f-4703-bd2d-14516bcb8004,false,[INV] input.employee.credential.username == return.employee.credential.username :: expected 'soumayahajjem' to deeply equal 'ejemplo minus'
60393f62-2463-4d93-8212-d9812681a1d3,37b36a89-6ac2-4ce7-95b6-d0c544f752d0,false,[INV] input.employee.credential.password == return.employee.credential.password :: expected '$2y$04$ljw6KJaAkzMzJZOf8eU6qOoq7jV2SX…' to deeply equal '$2y$04$ljw6KJaAkzMzJZOf8eU6qOoq7jV2SX…'
60393f62-2463-4d93-8212-d9812681a1d3,9c2633c6-ed90-4801-bd8f-128f8794fc18,false,[INV] input.employee.credential.enabled == return.employee.credential.enabled :: expected true to deeply equal false
60393f62-2463-4d93-8212-d9812681a1d3,3895ddc5-dc5b-4d32-a91d-58c61d00a203,false,"[INV] input.employee.credential.role == return.employee.credential.role :: expected 'ROLE_MGR' to deeply equal 'ROLE*,_MGR'"
60393f62-2463-4d93-8212-d9812681a1d3,cd64195c-81ca-4f1f-b710-07eac6b083fa,true,
60393f62-2463-4d93-8212-d9812681a1d3,8bb23c13-cf14-4336-8a9b-96aed9b5e3e4,false,[INV] input.project.startDate == return.project.startDate :: expected '28-09-2020' to deeply equal '28-09-2020/'
60393f62-2463-4d93-8212-d9812681a1d3,0fe49e83-c0d4-4c2e-915e-b6cfafd22a16,true,
de321650-4581-48e1-940e-64f984af0fe5,f47efa09-506c-4303-9eb7-8831e8eea202,true,
de321650-4581-48e1-940e-64f984af0fe5,a103c93a-bd8e-4421-871b-7af29c763626,true,
de321650-4581-48e1-940e-64f984af0fe5,9e4941ea-a439-4eec-8394-dc5e085f2afb,true,
de321650-4581-48e1-940e-64f984af0fe5,5be94dd0-0256-4de7-b682-1ef46ded1fe5,false,[INV] input.projectId == return.projectId :: expected 4 to deeply equal -618785
de321650-4581-48e1-940e-64f984af0fe5,37d6bde5-c523-4649-ada1-9e8095fee4cb,true,
de321650-4581-48e1-940e-64f984af0fe5,56e4179c-1258-4c55-95d4-23571f1dca1a,true,
de321650-4581-48e1-940e-64f984af0fe5,6e0faba1-b202-4576-9588-c2496449a460,false,[INV] input.project.title == return.project.title :: expected 'TRANSBSCS' to deeply equal 'K0'
de321650-4581-48e1-940e-64f984af0fe5,5e152346-c9aa-45ad-9ca6-4cef0ecf39dd,false,[INV] input.project.startDate == return.project.startDate :: expected '28-09-2020' to deeply equal 'EJEMPLO MAYUS'
c7dc78d7-15e0-4eb0-a7b2-1c2913dc6de5,e1bfba11-c7a1-4499-81d1-a602fbd6ef79,true,
c7dc78d7-15e0-4eb0-a7b2-1c2913dc6de5,74b8eff5-2079-4d46-91ee-94417870b37a,true,
c7dc78d7-15e0-4eb0-a7b2-1c2913dc6de5,a1e3d131-8700-4f8b-b007-74d80e49cc0b,false,[INV] input.employeeId == return.employeeId :: expected 4 to deeply equal -241395
c7dc78d7-15e0-4eb0-a7b2-1c2913dc6de5,6abcbae1-e1fd-4b37-bd92-95790b0fc99a,false,[INV] input.projectId == return.projectId :: expected 2 to deeply equal -618785
c7dc78d7-15e0-4eb0-a7b2-1c2913dc6de5,011f3a75-af2f-4d2e-a213-746f2e7ab033,false,[INV] input.commitEmpDesc == return.commitEmpDesc :: expected 'this is a new assignment' to deeply equal 'this i´/s a new assignment'
c7dc78d7-15e0-4eb0-a7b2-1c2913dc6de5,d18e7b7e-b61c-4743-8771-ebbc9849d33f,false,[INV] input.employee.lastName == return.employee.lastName :: expected 'Idoudi' to deeply equal 'Ido/*udi'
c7dc78d7-15e0-4eb0-a7b2-1c2913dc6de5,a41b65e4-968a-4cf9-b36c-b2542679ad5a,false,"[INV] input.employee.job == return.employee.job :: expected 'Digital' to deeply equal 'Dig*,ital'"
c7dc78d7-15e0-4eb0-a7b2-1c2913dc6de5,87258b38-958a-4e79-8f03-8210745b504f,false,[INV] input.employee.salary == return.employee.salary :: expected 5000 to deeply equal -423735.846429718
c7dc78d7-15e0-4eb0-a7b2-1c2913dc6de5,df74e7e1-419b-4ec4-ade2-a3eb617db4d8,false,[INV] input.employee.manager.lastName == return.employee.manager.lastName :: expected 'Doe' to deeply equal 'ejemplo minus'
c7dc78d7-15e0-4eb0-a7b2-1c2913dc6de5,071bc3da-62d4-4357-9beb-74ade60400a3,false,[INV] input.employee.manager.email == return.employee.manager.email :: expected 'springabcxyzboot@gmail.com' to deeply equal '}|D{dzz'
c7dc78d7-15e0-4eb0-a7b2-1c2913dc6de5,e9e15d66-4f83-4172-8913-c1e14be07e0c,false,[INV] input.employee.manager.salary == return.employee.manager.salary :: expected 6000 to deeply equal 444729.02497049957
c7dc78d7-15e0-4eb0-a7b2-1c2913dc6de5,b4066fa4-05f5-4e60-a193-16bfc8fb89d9,false,[INV] return.employee.manager.manager == null :: expected {} to be null
c7dc78d7-15e0-4eb0-a7b2-1c2913dc6de5,3674fa24-bc9c-4444-9712-a1d6f46d4315,false,[INV] input.employee.manager.department.location.adr == return.employee.manager.department.location.adr :: expected 'RUE DE LA BOURSE' to deeply equal 'e('
c7dc78d7-15e0-4eb0-a7b2-1c2913dc6de5,6d288f23-f761-41ed-976b-1630f396d4dc,false,[INV] input.employee.manager.department.location.postalCode == return.employee.manager.department.location.postalCode :: expected '2016' to deeply equal '2016/'
c7dc78d7-15e0-4eb0-a7b2-1c2913dc6de5,63d3fe97-9fe1-47ee-b20a-25b363ed712c,false,[INV] input.employee.manager.department.location.city == return.employee.manager.department.location.city :: expected 'LAC2' to deeply equal 'EJEMPLO MAYUS'
c7dc78d7-15e0-4eb0-a7b2-1c2913dc6de5,a956d372-f175-4e48-bb5e-ecc78249125a,true,
c7dc78d7-15e0-4eb0-a7b2-1c2913dc6de5,8f6d0f20-315e-468a-86c5-081b74dbcf59,false,[INV] input.employee.manager.credential.enabled == return.employee.manager.credential.enabled :: expected true to deeply equal false
c7dc78d7-15e0-4eb0-a7b2-1c2913dc6de5,382e9416-ce8b-470e-9c56-c2d3c99ba587,true,
c7dc78d7-15e0-4eb0-a7b2-1c2913dc6de5,78794cbb-7979-4acc-964e-272067523945,false,[INV] input.employee.department.departmentId == return.employee.department.departmentId :: expected 5 to deeply equal -627465
c7dc78d7-15e0-4eb0-a7b2-1c2913dc6de5,7cdff3c5-0aa8-487c-a01d-c308db450a86,false,[INV] input.employee.department.departmentName == return.employee.department.departmentName :: expected 'Digital' to deeply equal '8x'
c7dc78d7-15e0-4eb0-a7b2-1c2913dc6de5,105cb005-c10e-4468-b00f-d1498b28dc3f,false,[INV] input.employee.department.location.locationId == return.employee.department.location.locationId :: expected 1 to deeply equal -79125
c7dc78d7-15e0-4eb0-a7b2-1c2913dc6de5,1b78f55e-8539-4f02-9d30-7172303d6190,false,[INV] input.employee.department.location.adr == return.employee.department.location.adr :: expected 'RUE DE LA BOURSE' to deeply equal '~9'
c7dc78d7-15e0-4eb0-a7b2-1c2913dc6de5,bc16d911-272e-46d9-bcb8-14fef9a21ce0,false,[INV] input.employee.department.location.postalCode == return.employee.department.location.postalCode :: expected '2016' to deeply equal 'EJEMPLO MAYUS'
c7dc78d7-15e0-4eb0-a7b2-1c2913dc6de5,d1eb6a3d-3e60-472c-9448-8b52fde97d2d,false,[INV] input.employee.department.location.city == return.employee.department.location.city :: expected 'LAC2' to deeply equal 'xi|'
c7dc78d7-15e0-4eb0-a7b2-1c2913dc6de5,5944f7ac-c812-4354-81ca-4c23474f4dbb,false,[INV] input.employee.credential.credentialId == return.employee.credential.credentialId :: expected 2 to deeply equal -928384
c7dc78d7-15e0-4eb0-a7b2-1c2913dc6de5,1b4f606b-e54b-452a-b517-ec34251f4d2a,false,[INV] input.employee.credential.username == return.employee.credential.username :: expected 'badridoudi' to deeply equal 'badridou´/di'
c7dc78d7-15e0-4eb0-a7b2-1c2913dc6de5,659be1ba-2dc5-4b57-960c-b19aa1fb3fed,false,[INV] input.employee.credential.password == return.employee.credential.password :: expected '$2y$04$c09yvJ4rcadTRGaoVQRRZugld/9z37…' to deeply equal '$2y$0*4$c09yvJ4rcadTRGaoVQRRZugld/9z3…'
c7dc78d7-15e0-4eb0-a7b2-1c2913dc6de5,9547cc74-a225-47c3-99e6-df60bf481051,false,[INV] input.project.title == return.project.title :: expected 'SYNCH_BSCS_IMX' to deeply equal 'ejemplo minus'
c7dc78d7-15e0-4eb0-a7b2-1c2913dc6de5,18932159-84da-4420-8ee8-ddae73d31d2e,false,[INV] input.project.status == return.project.status :: expected 'IN_PROGRESS' to deeply equal 'IN_PROGRES´*S'
19e0567c-fedc-4788-8657-c40e2ac9a152,0464e9bd-e662-48e4-86f3-de23a506b669,true,
19e0567c-fedc-4788-8657-c40e2ac9a152,c7f609c4-3b62-42df-9ddd-09cc7f5a57f7,true,
19e0567c-fedc-4788-8657-c40e2ac9a152,4eeb4c82-983e-495f-95da-e5b0c4f917c2,true,
19e0567c-fedc-4788-8657-c40e2ac9a152,c2d903c1-a8ff-4acb-a07d-2d18ab615b88,false,"[INV] input.employee.firstName == return.employee.firstName :: expected 'Badr' to deeply equal 'Bad´,r'"
19e0567c-fedc-4788-8657-c40e2ac9a152,9925a518-f9f0-412a-9e0f-569faf1fd292,true,
19e0567c-fedc-4788-8657-c40e2ac9a152,41054f61-d3d4-4c5b-8c62-d35aa3fb8e6f,false,[INV] input.employee.salary == return.employee.salary :: expected 5000 to deeply equal -423735.846429718
19e0567c-fedc-4788-8657-c40e2ac9a152,3f3712c3-bf22-4a8c-ba29-678b7dae9a9e,false,[INV] input.employee.manager.lastName == return.employee.manager.lastName :: expected 'Doe' to deeply equal 'ejemplo minus'
19e0567c-fedc-4788-8657-c40e2ac9a152,cba5b038-f45c-4a8c-b19f-d552b8406a52,false,[INV] input.employee.manager.email == return.employee.manager.email :: expected 'springabcxyzboot@gmail.com' to deeply equal 'springabcxy´zboot@gmail.com'
19e0567c-fedc-4788-8657-c40e2ac9a152,c2a497e3-d5fc-46e9-93f2-8add3c5d364e,false,[INV] input.employee.manager.job == return.employee.manager.job :: expected 'Chef service digital' to deeply equal 'ejemplo minus'
19e0567c-fedc-4788-8657-c40e2ac9a152,51f237af-943c-42a2-b216-b0a663e9e8e6,false,[INV] return.employee.manager.manager == null :: expected {} to be null
19e0567c-fedc-4788-8657-c40e2ac9a152,e9538aab-c92b-4de6-a116-e3e4e5f0a45f,true,
19e0567c-fedc-4788-8657-c40e2ac9a152,41f81dc6-84d5-42a3-97cd-9d0f6730f395,true,
19e0567c-fedc-4788-8657-c40e2ac9a152,85410398-628e-42df-ad7a-e687b870af45,false,[INV] input.employee.manager.department.location.locationId == return.employee.manager.department.location.locationId :: expected 1 to deeply equal -194143
19e0567c-fedc-4788-8657-c40e2ac9a152,3f04aea8-75b9-4737-bcbb-5c48175bc974,false,[INV] input.employee.manager.department.location.adr == return.employee.manager.department.location.adr :: expected 'RUE DE LA BOURSE' to deeply equal 'RUE DE LA BOU*RSE'
19e0567c-fedc-4788-8657-c40e2ac9a152,8a44a698-1562-4dbf-b540-f6e1bd05cba5,true,
19e0567c-fedc-4788-8657-c40e2ac9a152,63814f58-fbf0-4de1-b1d1-148b259b435b,false,[INV] input.employee.manager.department.location.city == return.employee.manager.department.location.city :: expected 'LAC2' to deeply equal 'EJEMPLO MAYUS'
19e0567c-fedc-4788-8657-c40e2ac9a152,a973451e-a016-4e21-b94e-de4a0a97a817,false,[INV] input.employee.manager.credential.username == return.employee.manager.credential.username :: expected 'johndoe' to deeply equal 'johnd/*oe'
19e0567c-fedc-4788-8657-c40e2ac9a152,cf8b6615-86e5-4d74-acea-1d8292716f81,false,"[INV] input.employee.manager.credential.role == return.employee.manager.credential.role :: expected 'ROLE_MGR' to deeply equal 'ROLE_/,MGR'"
19e0567c-fedc-4788-8657-c40e2ac9a152,6c619553-193f-4cd5-b2ff-b947e22dc653,true,
19e0567c-fedc-4788-8657-c40e2ac9a152,428230be-51ec-48f9-aed1-1cc204ad0513,false,[INV] input.employee.department.location.locationId == return.employee.department.location.locationId :: expected 1 to deeply equal -79125
19e0567c-fedc-4788-8657-c40e2ac9a152,591a7d8f-63bf-497f-8f68-dbed5072b069,true,
19e0567c-fedc-4788-8657-c40e2ac9a152,bb8022c2-dd90-4264-a408-1f5405f6ad48,false,[INV] input.employee.credential.password == return.employee.credential.password :: expected '$2y$04$c09yvJ4rcadTRGaoVQRRZugld/9z37…' to deeply equal '!.Hoc!'
19e0567c-fedc-4788-8657-c40e2ac9a152,09ddc1cf-1358-4137-86f8-e0d904f3763d,false,[INV] input.employee.credential.enabled == return.employee.credential.enabled :: expected true to deeply equal false
19e0567c-fedc-4788-8657-c40e2ac9a152,cc5ec032-2a80-4485-8581-40b2b80b5f98,false,[INV] input.employee.credential.role == return.employee.credential.role :: expected 'ROLE_EMP' to deeply equal 'ROLE´/_EMP'
994dc0d0-ec41-4b15-9618-8705d1fa1722,f60aacb5-e74b-4d3d-9146-2a54abbac03c,true,
994dc0d0-ec41-4b15-9618-8705d1fa1722,0f862752-5a18-4e7f-b202-094046f27852,true,
994dc0d0-ec41-4b15-9618-8705d1fa1722,92f91aaf-c4a0-4e69-b6d9-a82dccaea866,true,
994dc0d0-ec41-4b15-9618-8705d1fa1722,3b5a8b35-8420-4666-8bb6-1a7cba2401d3,true,
994dc0d0-ec41-4b15-9618-8705d1fa1722,316e6247-c392-44b1-b7da-69807fe9da53,false,[INV] input.employee.firstName == return.employee.firstName :: expected 'Soumaya' to deeply equal 'Souma´/ya'
994dc0d0-ec41-4b15-9618-8705d1fa1722,6fb8ca73-220f-453d-bfad-9502d4d364bb,false,"[INV] input.employee.lastName == return.employee.lastName :: expected 'Hajjem' to deeply equal 'X=""n2t'"
994dc0d0-ec41-4b15-9618-8705d1fa1722,bde2ee62-9f16-48ff-ae01-dc871dc90694,false,[INV] input.employee.email == return.employee.email :: expected 'springabcxyzboot@gmail.com' to deeply equal 'springabcxyzboot@gmail./*com'
994dc0d0-ec41-4b15-9618-8705d1fa1722,264ae893-1ce4-4f58-b62b-5d3c35fcb5ab,false,[INV] input.employee.phone == return.employee.phone :: expected '22125144' to deeply equal '2212/*5144'
994dc0d0-ec41-4b15-9618-8705d1fa1722,026cd823-ea26-457e-a032-0b91cf69ff46,true,
994dc0d0-ec41-4b15-9618-8705d1fa1722,ee3ec5c5-92df-4d68-ba6a-d08b4c99aba5,false,[INV] input.employee.department.location.postalCode == return.employee.department.location.postalCode :: expected '2016' to deeply equal 'VnA(Z5P5!'
994dc0d0-ec41-4b15-9618-8705d1fa1722,bc16cda6-58ae-4781-a95f-5abfb81abce3,false,"[INV] input.employee.department.location.city == return.employee.department.location.city :: expected 'LAC2' to deeply equal 'LA,C2'"
994dc0d0-ec41-4b15-9618-8705d1fa1722,192bd69f-52ec-41f1-8600-4d1172c3cba9,false,[INV] input.employee.credential.username == return.employee.credential.username :: expected 'soumayahajjem' to deeply equal 'soumayahaj´jem'
994dc0d0-ec41-4b15-9618-8705d1fa1722,09bc1e59-a995-4077-954b-d23a79b2f210,false,"[INV] input.employee.credential.password == return.employee.credential.password :: expected '$2y$04$ljw6KJaAkzMzJZOf8eU6qOoq7jV2SX…' to deeply equal 'bUsE0,a'"
994dc0d0-ec41-4b15-9618-8705d1fa1722,6a285617-b20c-4ef8-aa06-c251ce6b3423,false,[INV] input.employee.credential.enabled == return.employee.credential.enabled :: expected true to deeply equal false
994dc0d0-ec41-4b15-9618-8705d1fa1722,10dc72c2-d40f-4d72-8b10-ff5e7019c7c9,false,"[INV] input.employee.credential.role == return.employee.credential.role :: expected 'ROLE_MGR' to deeply equal 'ROLE_M/,GR'"
994dc0d0-ec41-4b15-9618-8705d1fa1722,d830e693-e94f-4490-aa27-a2f483f082d9,false,[INV] input.project.startDate == return.project.startDate :: expected '29-01-2021' to deeply equal '2*9-01-2021'
3522a8d3-4cf9-47c3-ab23-fa28fb393976,18cbd2b9-76c4-4ca8-9b9d-2e3c1f6fcc87,true,
3522a8d3-4cf9-47c3-ab23-fa28fb393976,71a8e6b4-e697-4d6a-81c6-edda7dc614e7,true,
3522a8d3-4cf9-47c3-ab23-fa28fb393976,6ef8973a-723a-4af7-aeee-a7cfbfe61e71,false,[INV] input.employeeId == return.employeeId :: expected 14 to deeply equal -241395
3522a8d3-4cf9-47c3-ab23-fa28fb393976,b7f0c74d-5166-4b6a-9b23-853e6cc43ddb,false,[INV] input.projectId == return.projectId :: expected 2 to deeply equal -618785
3522a8d3-4cf9-47c3-ab23-fa28fb393976,adb46a5a-4b76-4b68-a148-34e56f56f5f4,false,[INV] LENGTH(return.commitDate)==18 :: expected 'Q' to have a length of 18 but got 1
3522a8d3-4cf9-47c3-ab23-fa28fb393976,b0af686f-cf97-44c2-8166-a930578b95d9,true,
a54bd038-9f7c-46d5-835d-fbc345de128a,822df08b-0add-4fee-a3bd-10db043e2410,true,
a54bd038-9f7c-46d5-835d-fbc345de128a,7a9e7adf-ae0f-42bc-993d-1061afe1a3c1,true,
a54bd038-9f7c-46d5-835d-fbc345de128a,081c4288-fe13-41d0-9ac6-4e0896cd749e,false,"[INV] LENGTH(return.commitDate)==18 :: expected '13-06-201817/,:30:00' to have a length of 18 but got 20"
a54bd038-9f7c-46d5-835d-fbc345de128a,7dad1da1-5071-4b84-8888-3f08a27a1ae0,true,
a54bd038-9f7c-46d5-835d-fbc345de128a,0a17397d-18c5-4ff0-9980-7439ae3fdb9e,true,
a54bd038-9f7c-46d5-835d-fbc345de128a,dbb7d1d7-6b9b-4699-bb25-6a7975bf4789,false,"[INV] input.employee.firstName == return.employee.firstName :: expected 'Imen' to deeply equal 'Ime´,n'"
a54bd038-9f7c-46d5-835d-fbc345de128a,cad6aee2-5ded-42f3-bdde-bd16f3be6970,false,[INV] input.employee.email == return.employee.email :: expected 'springabcxyzboot@gmail.com' to deeply equal 'spri/*ngabcxyzboot@gmail.com'
a54bd038-9f7c-46d5-835d-fbc345de128a,3c06067e-ac39-4b30-90db-015823e39944,true,
a54bd038-9f7c-46d5-835d-fbc345de128a,287f7c7d-cf08-46dc-979b-edc07665caa5,false,[INV] input.employee.hiredate == return.employee.hiredate :: expected '15-04-2019' to deeply equal 'tfUB4gMBsW'
a54bd038-9f7c-46d5-835d-fbc345de128a,5fd9820a-c033-4e0c-bd27-71cfaa22158c,false,"[INV] input.employee.job == return.employee.job :: expected 'Data Warehouse' to deeply equal 'Data*, Warehouse'"
a54bd038-9f7c-46d5-835d-fbc345de128a,c90520c8-772e-4285-944e-4242a2262ad0,false,[INV] input.employee.salary == return.employee.salary :: expected 5000 to deeply equal -423735.846429718
a54bd038-9f7c-46d5-835d-fbc345de128a,b039c46f-9df2-4569-8e0a-4bb029ddce0e,true,
a54bd038-9f7c-46d5-835d-fbc345de128a,3b7e9775-5eec-4b10-baad-42ac0b3d3a42,false,"[INV] input.employee.manager.firstName == return.employee.manager.firstName :: expected 'Nour' to deeply equal 'Nour´,'"
a54bd038-9f7c-46d5-835d-fbc345de128a,c303bed5-46e1-409e-89a5-6d3fb62b8b43,false,[INV] input.employee.manager.lastName == return.employee.manager.lastName :: expected 'Larguech' to deeply equal '{<L'
a54bd038-9f7c-46d5-835d-fbc345de128a,2581934f-cc27-4efc-aca1-fc38e9a2aacc,false,"[INV] input.employee.manager.phone == return.employee.manager.phone :: expected '22125144' to deeply equal '[zs>lt,i/'"
a54bd038-9f7c-46d5-835d-fbc345de128a,3ff8c8fd-8b4f-41c9-96ff-004e729ef6f8,false,[INV] input.employee.manager.job == return.employee.manager.job :: expected 'Chef service Data Warehouse' to deeply equal 'ejemplo minus'
a54bd038-9f7c-46d5-835d-fbc345de128a,5d54b2e2-bca9-47cb-ba76-bd2ec0a33f72,false,[INV] return.employee.manager.manager == null :: expected {} to be null
a54bd038-9f7c-46d5-835d-fbc345de128a,cc44556a-d4c7-4968-b8b6-1292d7e3fdc8,true,
a54bd038-9f7c-46d5-835d-fbc345de128a,9796bf55-f91a-493e-a36c-fc165f2e1f04,false,[INV] input.employee.manager.department.location.locationId == return.employee.manager.department.location.locationId :: expected 1 to deeply equal -194143
a54bd038-9f7c-46d5-835d-fbc345de128a,35e7a828-7cfa-4737-a914-6c030cf83f4b,false,[INV] input.employee.manager.department.location.postalCode == return.employee.manager.department.location.postalCode :: expected '2016' to deeply equal '2016/'
a54bd038-9f7c-46d5-835d-fbc345de128a,58db60d8-26d3-4ad2-b95e-43f8719c25ad,false,[INV] input.employee.manager.credential.username == return.employee.manager.credential.username :: expected 'nourlarguech' to deeply equal 'ejemplo minus'
a54bd038-9f7c-46d5-835d-fbc345de128a,fc1aef50-1b56-4461-9447-1db34a78c9a3,false,[INV] input.employee.manager.credential.password == return.employee.manager.credential.password :: expected '$2y$04$ngbUBXKPaTRFAUFEifgPpuqmBTf4Vj…' to deeply equal 'U'
a54bd038-9f7c-46d5-835d-fbc345de128a,f7483407-de4a-4ee5-b205-94e936045295,true,
a54bd038-9f7c-46d5-835d-fbc345de128a,8e60dadd-6952-41c3-a188-81dd780f7ae3,false,[INV] input.employee.department.departmentName == return.employee.department.departmentName :: expected 'DWH' to deeply equal 'DW*H'
a54bd038-9f7c-46d5-835d-fbc345de128a,e30ff401-cdc4-459b-bf84-a5e38dbb5bdf,false,[INV] input.employee.department.location.adr == return.employee.department.location.adr :: expected 'RUE DE LA BOURSE' to deeply equal 'EJEMPLO MAYUS'
a54bd038-9f7c-46d5-835d-fbc345de128a,3cb9cc98-c697-4cce-a2c1-accfcd97222e,false,[INV] input.employee.department.location.city == return.employee.department.location.city :: expected 'LAC2' to deeply equal 'X@&Qtwd'
a54bd038-9f7c-46d5-835d-fbc345de128a,c98adbea-c24a-43b1-a741-4d8c88c311aa,true,
a54bd038-9f7c-46d5-835d-fbc345de128a,370029d5-5557-450b-b239-a4373bd7f30f,false,[INV] input.employee.credential.password == return.employee.credential.password :: expected '$2y$04$8jC1Xb/fKB3EQIHy0XoFUunQNhjiVp…' to deeply equal '$2y$0*4$8jC1Xb/fKB3EQIHy0XoFUunQNhjiV…'
a54bd038-9f7c-46d5-835d-fbc345de128a,2bf1e403-ceca-412f-b932-743a6eadeee0,false,[INV] input.employee.credential.enabled == return.employee.credential.enabled :: expected true to deeply equal false
a54bd038-9f7c-46d5-835d-fbc345de128a,2611cb5e-3ef4-4fbe-9d93-3354bc5d1eba,false,[INV] input.employee.credential.role == return.employee.credential.role :: expected 'ROLE_EMP' to deeply equal 'm'
a54bd038-9f7c-46d5-835d-fbc345de128a,96a18061-f97d-4db3-bbed-0c45447fc3ad,false,[INV] input.project.projectId == return.project.projectId :: expected 4 to deeply equal 214459
a54bd038-9f7c-46d5-835d-fbc345de128a,96db41b0-5f50-4c72-a9dc-f828efa0a194,false,"[INV] input.project.startDate == return.project.startDate :: expected '29-01-2021' to deeply equal ';,NE=JDR'"
a54bd038-9f7c-46d5-835d-fbc345de128a,b2d159bb-9b1e-4a15-a8cb-ca953b2284f9,false,[INV] input.project.endDate == return.project.endDate :: expected '30-04-2021' to deeply equal '30-0´4-2021'
a54bd038-9f7c-46d5-835d-fbc345de128a,8720cc94-7dbc-4eb3-932c-adb9c1cb2f28,false,[INV] input.project.status == return.project.status :: expected 'NOT_STARTED' to deeply equal 'NOT_STARTE´*D'
53789780-ae80-4e2e-8dab-34fbdddf53ef,568098b7-29c3-404e-aa83-b739bdf294cf,true,
53789780-ae80-4e2e-8dab-34fbdddf53ef,1a71c1ec-094c-49b4-8c11-f7d299a38c5b,true,
53789780-ae80-4e2e-8dab-34fbdddf53ef,c07879e5-9115-422e-966b-4470cb4460a9,false,[INV] input.projectId == return.projectId :: expected 2 to deeply equal -618785
53789780-ae80-4e2e-8dab-34fbdddf53ef,77e75adf-2990-4ca4-b2f8-7756d35d920f,false,[INV] LENGTH(return.commitDate)==18 :: expected 'z' to have a length of 18 but got 1
53789780-ae80-4e2e-8dab-34fbdddf53ef,a7f76c3b-ff92-452a-a58f-97ccfcf7023b,true,
53789780-ae80-4e2e-8dab-34fbdddf53ef,987935b4-e74c-4f69-b718-6ba7af08851c,true,
53789780-ae80-4e2e-8dab-34fbdddf53ef,a08184ff-c7b9-4665-b6d9-9c79cfbad78c,false,[INV] input.employee.firstName == return.employee.firstName :: expected 'admin' to deeply equal 'EJEMPLO MAYUS'
53789780-ae80-4e2e-8dab-34fbdddf53ef,7c1fb070-b0cd-4915-afe5-c46d27f1768f,false,"[INV] input.employee.lastName == return.employee.lastName :: expected 'admin' to deeply equal 'a/,dmin'"
53789780-ae80-4e2e-8dab-34fbdddf53ef,ea7ac5e2-66a8-42fc-8181-22ab7f55fbcb,false,[INV] input.employee.email == return.employee.email :: expected 'springabcxyzboot@gmail.com' to deeply equal 'b '
53789780-ae80-4e2e-8dab-34fbdddf53ef,37986c75-0afa-4e6f-b25a-8c804a70630e,false,[INV] input.employee.job == return.employee.job :: expected 'RH' to deeply equal 'Ti5m7xX7a7'
53789780-ae80-4e2e-8dab-34fbdddf53ef,d971f45b-c050-47df-9385-1128a8992ff1,false,[INV] input.employee.salary == return.employee.salary :: expected 5000 to deeply equal -423735.846429718
53789780-ae80-4e2e-8dab-34fbdddf53ef,ddfc876a-cc56-4843-b4b2-d5c72c1d761d,true,
53789780-ae80-4e2e-8dab-34fbdddf53ef,b5a1d03b-b1c5-440e-8e30-faddafd8872d,true,
53789780-ae80-4e2e-8dab-34fbdddf53ef,82ac82aa-12d9-4a17-8f4b-325dfd57ed8b,false,[INV] input.employee.credential.username == return.employee.credential.username :: expected 'admin' to deeply equal 'a´*dmin'
53789780-ae80-4e2e-8dab-34fbdddf53ef,a48e9e0f-c2cf-42e8-8ff9-378ccc4a8400,false,[INV] input.employee.credential.password == return.employee.credential.password :: expected '$2y$04$HLi44N6cb6xmLYHdABF/euCgpk0Lof…' to deeply equal '['
53789780-ae80-4e2e-8dab-34fbdddf53ef,c13628c7-03e9-4974-a9f3-c568c18f9c40,false,[INV] input.employee.credential.role == return.employee.credential.role :: expected 'ROLE_ADMIN' to deeply equal 'EJEMPLO MAYUS'
53789780-ae80-4e2e-8dab-34fbdddf53ef,8392c599-00c4-47c8-b103-fb2675c21688,true,
53789780-ae80-4e2e-8dab-34fbdddf53ef,32eadd40-1b44-4488-8a60-4426406203b2,false,[INV] input.project.endDate == return.project.endDate :: expected '30-04-2021' to deeply equal '30/-04-2021'
c7d723eb-77d8-44dd-a172-c8b159721c05,876587ea-6b9d-431c-85d0-a4b1410a2f04,true,
c7d723eb-77d8-44dd-a172-c8b159721c05,4b3a1ae2-593c-486a-9dd5-df3de43e9532,true,
c7d723eb-77d8-44dd-a172-c8b159721c05,5f87f1af-0fcf-40c8-b69d-6cb2233119b6,true,
c7d723eb-77d8-44dd-a172-c8b159721c05,605ddf22-966b-47b0-aa1a-3e74dab01a49,true,
c7d723eb-77d8-44dd-a172-c8b159721c05,7098e781-ced1-4f22-babd-bb9e8b9c7725,false,[INV] input.employee.employeeId == return.employee.employeeId :: expected 1 to deeply equal 265206
c7d723eb-77d8-44dd-a172-c8b159721c05,eafeefd4-484e-4f12-9483-6d806b21f18f,false,[INV] input.employee.email == return.employee.email :: expected 'springabcxyzboot@gmail.com' to deeply equal 'EJEMPLO MAYUS'
c7d723eb-77d8-44dd-a172-c8b159721c05,a1af3b8c-e38e-49da-831b-6f3ebc2fd7f4,false,[INV] input.employee.phone == return.employee.phone :: expected '22125144' to deeply equal 'EJEMPLO MAYUS'
c7d723eb-77d8-44dd-a172-c8b159721c05,b0e1e5d5-7b77-44b7-af48-85c0fa2528f1,true,
c7d723eb-77d8-44dd-a172-c8b159721c05,6122e1fd-d57d-4e7a-980c-471b807929f7,false,[INV] input.employee.manager.firstName == return.employee.manager.firstName :: expected 'Soumaya' to deeply equal 'V:@2?nx'
c7d723eb-77d8-44dd-a172-c8b159721c05,59b851f7-7973-403b-bcf1-fcd24806bbf3,false,[INV] input.employee.manager.lastName == return.employee.manager.lastName :: expected 'Hajjem' to deeply equal 'EJEMPLO MAYUS'
c7d723eb-77d8-44dd-a172-c8b159721c05,e135d7a8-d02f-4a7d-b77b-618d1f713902,false,"[INV] input.employee.manager.email == return.employee.manager.email :: expected 'springabcxyzboot@gmail.com' to deeply equal 'spr,ingabcxyzboot@gmail.com'"
c7d723eb-77d8-44dd-a172-c8b159721c05,b14566f6-ee8f-4b58-ae0b-b3954bdf6799,false,"[INV] input.employee.manager.phone == return.employee.manager.phone :: expected '22125144' to deeply equal '1@t[?,GQ2'"
c7d723eb-77d8-44dd-a172-c8b159721c05,141abe6a-390d-43aa-9908-33dd72f79c6d,true,
c7d723eb-77d8-44dd-a172-c8b159721c05,e977bfc8-c430-462b-9284-0237c8a8a681,false,"[INV] input.employee.manager.department.departmentName == return.employee.manager.department.departmentName :: expected 'Billing' to deeply equal '""<yrCKS~<'"
c7d723eb-77d8-44dd-a172-c8b159721c05,4ff2a435-53f7-49c0-a206-3c739945e77f,true,
c7d723eb-77d8-44dd-a172-c8b159721c05,eab9e55c-4821-450f-9168-1d5c4d6c3441,false,"[INV] input.employee.manager.department.location.postalCode == return.employee.manager.department.location.postalCode :: expected '2016' to deeply equal '20,16'"
c7d723eb-77d8-44dd-a172-c8b159721c05,a0bbdf2b-50d6-41a8-8638-e53b2245a2c7,false,[INV] input.employee.manager.department.location.city == return.employee.manager.department.location.city :: expected 'LAC2' to deeply equal 'L´*AC2'
c7d723eb-77d8-44dd-a172-c8b159721c05,fb2b7308-305f-46ba-aebd-7f881c8dc85f,false,[INV] input.employee.manager.credential.role == return.employee.manager.credential.role :: expected 'ROLE_MGR' to deeply equal '1M#c]CmY'
c7d723eb-77d8-44dd-a172-c8b159721c05,de7be636-6132-45f8-98fb-82bb97adc522,true,
c7d723eb-77d8-44dd-a172-c8b159721c05,741a7d64-1042-4da7-a10d-8a4f1a4a1596,false,[INV] input.employee.department.departmentId == return.employee.department.departmentId :: expected 6 to deeply equal -627465
c7d723eb-77d8-44dd-a172-c8b159721c05,cfd8136c-5ccc-4159-ae91-67b191130ba8,false,[INV] input.employee.department.location.locationId == return.employee.department.location.locationId :: expected 1 to deeply equal -79125
c7d723eb-77d8-44dd-a172-c8b159721c05,6887f361-ce99-4067-aba0-86d26849d9ca,false,[INV] input.employee.department.location.adr == return.employee.department.location.adr :: expected 'RUE DE LA BOURSE' to deeply equal 'RUE DE L´*A BOURSE'
c7d723eb-77d8-44dd-a172-c8b159721c05,242a62fa-5ef3-46b3-9d3b-ad1da07d27bb,false,"[INV] input.employee.department.location.postalCode == return.employee.department.location.postalCode :: expected '2016' to deeply equal '&( Hf,^'"
c7d723eb-77d8-44dd-a172-c8b159721c05,8116f93f-5a95-4632-825d-5db3fca4c084,false,[INV] input.employee.department.location.city == return.employee.department.location.city :: expected 'LAC2' to deeply equal 'EJEMPLO MAYUS'
c7d723eb-77d8-44dd-a172-c8b159721c05,6fdfd475-c086-4bdf-a695-222e88391f7a,false,[INV] input.employee.credential.username == return.employee.credential.username :: expected 'selimhorri' to deeply equal 'selim´/horri'
c7d723eb-77d8-44dd-a172-c8b159721c05,71adf05e-b314-4e90-bfba-c1a10916506c,false,[INV] input.employee.credential.enabled == return.employee.credential.enabled :: expected true to deeply equal false
c7d723eb-77d8-44dd-a172-c8b159721c05,3192fa72-30e8-496f-bf80-89b4f84f54b0,false,[INV] input.project.title == return.project.title :: expected 'SYNCH_BSCS_IMX' to deeply equal 'S/*YNCH_BSCS_IMX'
c7d723eb-77d8-44dd-a172-c8b159721c05,ff29bebc-07fe-4308-8ed7-acbfe1da25b5,false,[INV] input.project.startDate == return.project.startDate :: expected '26-11-2020' to deeply equal 'ejemplo minus'
c7d723eb-77d8-44dd-a172-c8b159721c05,21306443-18c1-4a21-81a7-1f29f32a3100,false,"[INV] input.project.endDate == return.project.endDate :: expected '25-03-2021' to deeply equal '25*,-03-2021'"
6215b1df-3fa5-47b6-9cae-7f0de4e8aa14,36d863a2-283e-4d5e-bf55-6e728f84f89f,true,
6215b1df-3fa5-47b6-9cae-7f0de4e8aa14,d6924f56-9cb7-4291-8453-1514a9c81af8,true,
6215b1df-3fa5-47b6-9cae-7f0de4e8aa14,88a035df-844a-486e-956e-a7d099297bde,true,
6215b1df-3fa5-47b6-9cae-7f0de4e8aa14,a1c0037d-fac9-476a-a1e5-e4e94b84449f,false,[INV] input.projectId == return.projectId :: expected 2 to deeply equal -618785
6215b1df-3fa5-47b6-9cae-7f0de4e8aa14,8e71cca2-a422-45b4-81dc-403463dfd611,false,[INV] input.commitMgrDesc == return.commitMgrDesc :: expected 'this is a new assignment' to deeply equal 'm'
6215b1df-3fa5-47b6-9cae-7f0de4e8aa14,76a8247a-2151-4925-9e5d-a2aff3f1e319,false,[INV] input.employee.employeeId == return.employee.employeeId :: expected 3 to deeply equal 265206
6215b1df-3fa5-47b6-9cae-7f0de4e8aa14,3a115ae6-e6d1-42f8-8a40-6beac99ccf42,false,[INV] input.employee.lastName == return.employee.lastName :: expected 'Touk' to deeply equal '/T.'
6215b1df-3fa5-47b6-9cae-7f0de4e8aa14,6aeec6df-ea53-48c1-a71a-7ef98cd4a00b,false,[INV] input.employee.salary == return.employee.salary :: expected 5000 to deeply equal -423735.846429718
6215b1df-3fa5-47b6-9cae-7f0de4e8aa14,468d652a-7b9c-4659-964b-4b1b6c6087ac,false,"[INV] input.employee.manager.firstName == return.employee.manager.firstName :: expected 'Nour' to deeply equal 'Nour´,'"
6215b1df-3fa5-47b6-9cae-7f0de4e8aa14,f0df553a-54b7-40e8-b743-7f2cb2cd5351,false,[INV] input.employee.manager.lastName == return.employee.manager.lastName :: expected 'Larguech' to deeply equal '3+Hg'
6215b1df-3fa5-47b6-9cae-7f0de4e8aa14,2d3ab11b-3dac-4a8c-a3d0-75d61031a936,false,[INV] input.employee.manager.email == return.employee.manager.email :: expected 'springabcxyzboot@gmail.com' to deeply equal '\LyAKwg(b'
6215b1df-3fa5-47b6-9cae-7f0de4e8aa14,b42d7724-72f9-4e8a-8bd0-6c04d2e3f584,false,"[INV] input.employee.manager.job == return.employee.manager.job :: expected 'Chef service Data Warehouse' to deeply equal 'Ch/,ef service Data Warehouse'"
6215b1df-3fa5-47b6-9cae-7f0de4e8aa14,c75050ec-3400-4b01-bf4c-a63ed2798a7a,false,[INV] input.employee.manager.salary == return.employee.manager.salary :: expected 6000 to deeply equal 444729.02497049957
6215b1df-3fa5-47b6-9cae-7f0de4e8aa14,4f41f47d-5293-4f3e-9511-2d0a85b9f70c,false,[INV] return.employee.manager.manager == null :: expected {} to be null
6215b1df-3fa5-47b6-9cae-7f0de4e8aa14,bc267238-400d-42ce-b2a4-3f38e26bace0,true,
6215b1df-3fa5-47b6-9cae-7f0de4e8aa14,a9b0f307-f34c-441a-a486-50a8b83597dc,false,[INV] input.employee.manager.department.departmentId == return.employee.manager.department.departmentId :: expected 4 to deeply equal 263447
6215b1df-3fa5-47b6-9cae-7f0de4e8aa14,b726e221-57bc-4842-aa6a-58c74fc61947,false,"[INV] input.employee.manager.department.departmentName == return.employee.manager.department.departmentName :: expected 'DWH' to deeply equal 'DWH*,'"
6215b1df-3fa5-47b6-9cae-7f0de4e8aa14,89c34a39-5af5-4bfe-9ed4-b1a15fdc1fd7,false,[INV] input.employee.manager.department.location.adr == return.employee.manager.department.location.adr :: expected 'RUE DE LA BOURSE' to deeply equal 'wnGF9G'
6215b1df-3fa5-47b6-9cae-7f0de4e8aa14,07e39ca6-3898-48e5-b6b8-4fe7127d632a,false,[INV] input.employee.manager.department.location.postalCode == return.employee.manager.department.location.postalCode :: expected '2016' to deeply equal '2016/'
6215b1df-3fa5-47b6-9cae-7f0de4e8aa14,0a1bad39-bd11-4f86-8d80-721c99453d0c,false,[INV] input.employee.manager.credential.username == return.employee.manager.credential.username :: expected 'nourlarguech' to deeply equal 'nourlargu/*ech'
6215b1df-3fa5-47b6-9cae-7f0de4e8aa14,4fb7f0e3-37b2-42ec-9b55-eca64aa6dbab,false,[INV] input.employee.department.departmentName == return.employee.department.departmentName :: expected 'DWH' to deeply equal 'VPa'
6215b1df-3fa5-47b6-9cae-7f0de4e8aa14,2a160f5f-3655-45bd-8342-2ae76006f27b,false,[INV] input.employee.department.location.adr == return.employee.department.location.adr :: expected 'RUE DE LA BOURSE' to deeply equal 'EJEMPLO MAYUS'
6215b1df-3fa5-47b6-9cae-7f0de4e8aa14,a118ffdc-c508-4c7a-94bc-9aab310fa7c0,false,[INV] input.employee.department.location.postalCode == return.employee.department.location.postalCode :: expected '2016' to deeply equal '2*016'
6215b1df-3fa5-47b6-9cae-7f0de4e8aa14,0dd4d502-7e09-4299-ad73-448fa38dd700,false,[INV] input.employee.department.location.city == return.employee.department.location.city :: expected 'LAC2' to deeply equal 'FfzJyFyWS6'
6215b1df-3fa5-47b6-9cae-7f0de4e8aa14,28deec68-f1ad-4453-9bdf-6a73fba4ea89,false,[INV] input.employee.credential.username == return.employee.credential.username :: expected 'imentouk' to deeply equal ')%'
6215b1df-3fa5-47b6-9cae-7f0de4e8aa14,aef123ea-078b-4f6f-ba3a-62412984af60,false,[INV] input.employee.credential.enabled == return.employee.credential.enabled :: expected true to deeply equal false
6215b1df-3fa5-47b6-9cae-7f0de4e8aa14,94cda62a-9714-47ae-a6bc-cafccaced1fc,true,
6215b1df-3fa5-47b6-9cae-7f0de4e8aa14,b029e335-f88a-40ee-920e-553603f45ea6,false,[INV] input.project.projectId == return.project.projectId :: expected 1 to deeply equal 214459
6215b1df-3fa5-47b6-9cae-7f0de4e8aa14,7a099aad-503b-4234-9791-07281b7e4705,false,[INV] input.project.startDate == return.project.startDate :: expected '28-09-2020' to deeply equal 'ejemplo minus'
6215b1df-3fa5-47b6-9cae-7f0de4e8aa14,193546a1-094e-4c4a-95f0-b8b832122c43,false,[INV] input.project.endDate == return.project.endDate :: expected '04-11-2020' to deeply equal '04-1´1-2020'
6215b1df-3fa5-47b6-9cae-7f0de4e8aa14,44d95362-4db3-4f90-bb0e-4dfb23fc648a,false,[INV] input.project.status == return.project.status :: expected 'COMPLETED' to deeply equal 'ejemplo minus'
c951a366-a777-46da-992d-a39e6f715361,6fd2a69b-cf26-4c21-a52d-8f394886d3b8,true,
c951a366-a777-46da-992d-a39e6f715361,c21fe66f-85ef-4232-9fee-e7633574168a,true,
c951a366-a777-46da-992d-a39e6f715361,b2485958-5bf2-4d00-a0d5-f92a469fa6e1,true,
c951a366-a777-46da-992d-a39e6f715361,4bb439e3-b555-480b-98e1-52ff545a273d,false,[INV] LENGTH(return.commitDate)==18 :: expected 'T' to have a length of 18 but got 1
c951a366-a777-46da-992d-a39e6f715361,2d9395d8-258d-4b76-99cc-3f685a476020,false,[INV] input.commitEmpDesc == return.commitEmpDesc :: expected 'this is a new assignment' to deeply equal 'Ixd'
c951a366-a777-46da-992d-a39e6f715361,2176a3d4-2ccc-451a-8b93-7548097d424a,true,
c951a366-a777-46da-992d-a39e6f715361,710286a2-b8a6-4f8b-8f00-e185e9ff97f7,false,[INV] input.employee.employeeId == return.employee.employeeId :: expected 1 to deeply equal 265206
c951a366-a777-46da-992d-a39e6f715361,30c55f49-99f4-4b4e-822c-9b9365678971,false,[INV] input.employee.lastName == return.employee.lastName :: expected 'Horri' to deeply equal 'Ho/*rri'
c951a366-a777-46da-992d-a39e6f715361,1c5202b1-527e-403f-92dc-beb98cce5477,false,[INV] input.employee.email == return.employee.email :: expected 'springabcxyzboot@gmail.com' to deeply equal 'p>R-$Q5'
c951a366-a777-46da-992d-a39e6f715361,bbaeb05a-92aa-4b3c-9234-c9925d26953d,false,"[INV] input.employee.manager.lastName == return.employee.manager.lastName :: expected 'Hajjem' to deeply equal 'Hajjem,'"
c951a366-a777-46da-992d-a39e6f715361,0814d496-813f-4731-a45e-662b1c9fb531,false,[INV] input.employee.manager.phone == return.employee.manager.phone :: expected '22125144' to deeply equal 'KXNUD'
c951a366-a777-46da-992d-a39e6f715361,948e40ba-eb8d-416e-8e03-a571fdad9f08,false,"[INV] input.employee.manager.job == return.employee.manager.job :: expected 'Chef service Billing' to deeply equal 'Chef serv/,ice Billing'"
c951a366-a777-46da-992d-a39e6f715361,143be14f-7d07-4b06-b769-a306e3b6e67a,false,[INV] return.employee.manager.manager == null :: expected {} to be null
c951a366-a777-46da-992d-a39e6f715361,0306879f-543e-48e7-9a58-9a0486d19371,true,
c951a366-a777-46da-992d-a39e6f715361,86311796-2d8b-4cce-8d07-d2ba72b39690,false,[INV] input.employee.manager.department.departmentId == return.employee.manager.department.departmentId :: expected 6 to deeply equal 263447
c951a366-a777-46da-992d-a39e6f715361,cfe06099-6d3d-4b06-8b4c-009cb57fba83,false,"[INV] input.employee.manager.department.departmentName == return.employee.manager.department.departmentName :: expected 'Billing' to deeply equal 'kB}`vJ+,'"
c951a366-a777-46da-992d-a39e6f715361,d28374e5-7f25-40f4-a57b-bb39cbb5254d,false,[INV] input.employee.manager.department.location.adr == return.employee.manager.department.location.adr :: expected 'RUE DE LA BOURSE' to deeply equal 'r^>_N+O^@'
c951a366-a777-46da-992d-a39e6f715361,48ed98da-5e9b-45d3-a648-e03af0808d8e,false,[INV] input.employee.manager.department.location.city == return.employee.manager.department.location.city :: expected 'LAC2' to deeply equal 'EJEMPLO MAYUS'
c951a366-a777-46da-992d-a39e6f715361,06c1c924-e8ec-4dbc-9b4a-138e67c96387,true,
c951a366-a777-46da-992d-a39e6f715361,b2409033-303c-49b7-b146-7961bed6a6a3,false,[INV] input.employee.manager.credential.password == return.employee.manager.credential.password :: expected '$2y$04$ljw6KJaAkzMzJZOf8eU6qOoq7jV2SX…' to deeply equal ':N\CE2O6'
c951a366-a777-46da-992d-a39e6f715361,25ad8e8e-c9e3-4a1f-960a-1a8297887328,false,[INV] input.employee.manager.credential.enabled == return.employee.manager.credential.enabled :: expected true to deeply equal false
c951a366-a777-46da-992d-a39e6f715361,dfd3371a-b87d-4b54-b3d4-531d692f550e,false,"[INV] input.employee.department.location.postalCode == return.employee.department.location.postalCode :: expected '2016' to deeply equal '|^d9""M'"
c951a366-a777-46da-992d-a39e6f715361,a5575374-6246-4fcb-a94d-6ff3e68f251f,false,[INV] input.employee.department.location.city == return.employee.department.location.city :: expected 'LAC2' to deeply equal 'YZSAkiAvW0'
c951a366-a777-46da-992d-a39e6f715361,2075f24a-fb63-421c-a201-645cda65eb9c,false,[INV] input.employee.credential.username == return.employee.credential.username :: expected 'selimhorri' to deeply equal 'x@;m~M4'
c951a366-a777-46da-992d-a39e6f715361,dd3478b0-ec81-4fad-8fae-4c5fa36a3fb2,false,[INV] input.employee.credential.password == return.employee.credential.password :: expected '$2a$10$ldBd/ZuGtUgxHNKd.qCGxuPVVM5oZ6…' to deeply equal '$2a$1*0$ldBd/ZuGtUgxHNKd.qCGxuPVVM5oZ…'
c951a366-a777-46da-992d-a39e6f715361,60568cb6-60fb-445e-ad2f-db4fd047ff48,false,"[INV] input.employee.credential.role == return.employee.credential.role :: expected 'ROLE_EMP' to deeply equal '^#""8k,5'"
c951a366-a777-46da-992d-a39e6f715361,8920edce-2a84-4e55-aaa6-41b2adfda183,true,
c951a366-a777-46da-992d-a39e6f715361,ff9bf45f-dfa9-4066-814a-f2d3ed42fba7,false,[INV] input.project.title == return.project.title :: expected 'MACHYA_RANDONNEE' to deeply equal 'MACHYA_RANDONN´*EE'
c951a366-a777-46da-992d-a39e6f715361,c0ade3bd-cdab-4e76-9be9-1968ffff2d8b,false,[INV] input.project.startDate == return.project.startDate :: expected '29-01-2021' to deeply equal 'ejemplo minus'
c951a366-a777-46da-992d-a39e6f715361,e39d9cb3-bdbf-4137-b096-f2792a330b2d,false,[INV] input.project.endDate == return.project.endDate :: expected '30-04-2021' to deeply equal 'rzgm{UCZ'
c951a366-a777-46da-992d-a39e6f715361,b5d67763-4aee-4559-899c-8055c3a4ba63,false,[INV] input.project.status == return.project.status :: expected 'NOT_STARTED' to deeply equal 'NOT_STARTE´*D'
2530cb31-ebad-478e-8f20-7b1fe6c41b9e,ab76c5e5-8b97-4038-ae1a-308be8b2a064,true,
2530cb31-ebad-478e-8f20-7b1fe6c41b9e,35feb719-4c9c-46fa-8743-95b97cf736d1,true,
2530cb31-ebad-478e-8f20-7b1fe6c41b9e,25ccb010-273a-49cd-9477-391b80312d92,true,
2530cb31-ebad-478e-8f20-7b1fe6c41b9e,60abe68f-ddbd-4752-bacf-072aebbc83ef,true,
2530cb31-ebad-478e-8f20-7b1fe6c41b9e,13954d3d-6056-4007-ac7b-fb569ad79ffb,false,[INV] input.commitMgrDesc == return.commitMgrDesc :: expected 'this is a new assignment' to deeply equal 'ejemplo minus'
2530cb31-ebad-478e-8f20-7b1fe6c41b9e,a0d00bd7-c0c8-4237-8867-f5cfee890ccd,false,"[INV] input.project.startDate == return.project.startDate :: expected '26-11-2020' to deeply equal '26-11-2/,020'"
2530cb31-ebad-478e-8f20-7b1fe6c41b9e,9d4325a0-da9f-4c0b-99ea-774c1778e74a,false,[INV] input.project.endDate == return.project.endDate :: expected '25-03-2021' to deeply equal '=kn! '
49bd1336-0cb5-4ec2-92a6-b1c4ebfb19d4,58d1bee4-0a21-47d1-819c-f9cf92dd7b57,true,
49bd1336-0cb5-4ec2-92a6-b1c4ebfb19d4,af98fc20-d5f8-4404-8837-3fba2b98049c,true,
49bd1336-0cb5-4ec2-92a6-b1c4ebfb19d4,2077998e-bd51-4be1-ab79-b72751d972fa,true,
49bd1336-0cb5-4ec2-92a6-b1c4ebfb19d4,6cf12757-df97-4e01-8667-140ef8be9106,false,[INV] LENGTH(return.commitDate)==18 :: expected '> 2I=D#:*' to have a length of 18 but got 9
49bd1336-0cb5-4ec2-92a6-b1c4ebfb19d4,34e3e159-290a-456d-aad8-00a9eb4331f5,false,[INV] input.commitEmpDesc == return.commitEmpDesc :: expected 'this is a new assignment' to deeply equal '>cuS'
49bd1336-0cb5-4ec2-92a6-b1c4ebfb19d4,8782b32a-6217-4e9c-9520-af50a1aa3d38,false,"[INV] input.commitMgrDesc == return.commitMgrDesc :: expected 'this is a new assignment' to deeply equal 'this is ´,a new assignment'"
49bd1336-0cb5-4ec2-92a6-b1c4ebfb19d4,27847ed6-c4b2-4a36-b95c-a3cd3a8ad2c8,false,[INV] input.employee.employeeId == return.employee.employeeId :: expected 4 to deeply equal 265206
49bd1336-0cb5-4ec2-92a6-b1c4ebfb19d4,f811f110-e0ad-4437-9b2c-31f7e8f06c39,false,[INV] input.employee.lastName == return.employee.lastName :: expected 'Hajjem' to deeply equal 'EJEMPLO MAYUS'
49bd1336-0cb5-4ec2-92a6-b1c4ebfb19d4,a0d7b3e5-9879-4c9f-bbcd-d8bbf43f5991,false,[INV] input.employee.email == return.employee.email :: expected 'springabcxyzboot@gmail.com' to deeply equal 'EJEMPLO MAYUS'
49bd1336-0cb5-4ec2-92a6-b1c4ebfb19d4,bcbe60fa-25c6-44ab-9da9-3c2015b47c49,false,[INV] input.employee.salary == return.employee.salary :: expected 6000 to deeply equal -423735.846429718
49bd1336-0cb5-4ec2-92a6-b1c4ebfb19d4,a86f7e7c-823a-4351-9091-05c53c5b90eb,true,
49bd1336-0cb5-4ec2-92a6-b1c4ebfb19d4,b50851d9-bdfb-4d61-9ec3-98284b5d7283,true,
49bd1336-0cb5-4ec2-92a6-b1c4ebfb19d4,8602a50d-2188-4c55-a17a-c389a3a726e1,false,[INV] input.employee.department.location.locationId == return.employee.department.location.locationId :: expected 1 to deeply equal 263447
49bd1336-0cb5-4ec2-92a6-b1c4ebfb19d4,ae2e3e50-14b8-43e1-b1d8-58f9a50319eb,false,[INV] input.employee.department.location.adr == return.employee.department.location.adr :: expected 'RUE DE LA BOURSE' to deeply equal 'ejemplo minus'
49bd1336-0cb5-4ec2-92a6-b1c4ebfb19d4,3c46ca08-aa97-4d9d-960e-77897dfe7dda,false,[INV] input.employee.department.location.postalCode == return.employee.department.location.postalCode :: expected '2016' to deeply equal '20´16'
49bd1336-0cb5-4ec2-92a6-b1c4ebfb19d4,10743a30-91e8-48d2-834b-b2639c8ac1d6,false,[INV] input.employee.department.location.city == return.employee.department.location.city :: expected 'LAC2' to deeply equal 'iJ(zBMaY_'
49bd1336-0cb5-4ec2-92a6-b1c4ebfb19d4,67af1566-50e4-4d94-8e95-cc39e04873ec,false,"[INV] input.employee.credential.username == return.employee.credential.username :: expected 'soumayahajjem' to deeply equal 'so/,umayahajjem'"
49bd1336-0cb5-4ec2-92a6-b1c4ebfb19d4,9df9d238-4b99-43bb-a2cc-3955df92d536,false,"[INV] input.employee.credential.password == return.employee.credential.password :: expected '$2y$04$ljw6KJaAkzMzJZOf8eU6qOoq7jV2SX…' to deeply equal '$2y$04$ljw6K*,JaAkzMzJZOf8eU6qOoq7jV2…'"
49bd1336-0cb5-4ec2-92a6-b1c4ebfb19d4,92e02f12-a1d6-4a38-b9fe-c7083a5c3eb2,false,[INV] input.employee.credential.enabled == return.employee.credential.enabled :: expected true to deeply equal false
49bd1336-0cb5-4ec2-92a6-b1c4ebfb19d4,473c337c-10b0-4afe-8c91-b783e2450359,false,[INV] input.employee.credential.role == return.employee.credential.role :: expected 'ROLE_MGR' to deeply equal 'dY03fKfWBM'
49bd1336-0cb5-4ec2-92a6-b1c4ebfb19d4,4e2140a5-67c1-43ed-8241-e32db768276b,false,[INV] input.project.projectId == return.project.projectId :: expected 2 to deeply equal -980462
49bd1336-0cb5-4ec2-92a6-b1c4ebfb19d4,b68a9669-71a4-47fe-8f46-54c11d199f61,false,[INV] input.project.title == return.project.title :: expected 'SYNCH_BSCS_IMX' to deeply equal 'w0#i`'
49bd1336-0cb5-4ec2-92a6-b1c4ebfb19d4,d9314162-7988-48c4-8bf9-d51097592d48,false,[INV] input.project.endDate == return.project.endDate :: expected '25-03-2021' to deeply equal '2/*5-03-2021'
49bd1336-0cb5-4ec2-92a6-b1c4ebfb19d4,7f5d5070-7d0b-410d-b4ca-de58e1bda462,false,[INV] input.project.status == return.project.status :: expected 'IN_PROGRESS' to deeply equal 'w|^'
690cde00-0a2e-4c41-9463-dcc6386f51b4,757bbaea-83bc-4035-9834-f487c9e2b2d3,true,
690cde00-0a2e-4c41-9463-dcc6386f51b4,5e8e7865-6af2-462c-9f1e-719a3bf50d80,true,
690cde00-0a2e-4c41-9463-dcc6386f51b4,58e45f12-aef9-4572-95ed-37a2d4439ff2,false,[INV] input.employeeId == return.employeeId :: expected 7 to deeply equal -241395
690cde00-0a2e-4c41-9463-dcc6386f51b4,05f49e54-cb60-42d1-b5c3-89c852ef6707,false,"[INV] LENGTH(return.commitDate)==18 :: expected '13-06-202517/,:30:00' to have a length of 18 but got 20"
690cde00-0a2e-4c41-9463-dcc6386f51b4,b3678304-f7de-47b2-add0-b503e4846288,true,
690cde00-0a2e-4c41-9463-dcc6386f51b4,1167a0b3-4904-4df5-86bb-ca37edab373c,true,
690cde00-0a2e-4c41-9463-dcc6386f51b4,1b8a26ca-1943-494b-86e7-db9aff8513e9,true,
690cde00-0a2e-4c41-9463-dcc6386f51b4,f3b10ea5-4d76-4c67-beeb-fb5958216066,false,"[INV] input.employee.firstName == return.employee.firstName :: expected 'Badr' to deeply equal 'Badr/,'"
690cde00-0a2e-4c41-9463-dcc6386f51b4,255848e9-35ae-43f7-b3d8-7e7292dc8539,false,[INV] input.employee.lastName == return.employee.lastName :: expected 'Idoudi' to deeply equal 'EJEMPLO MAYUS'
690cde00-0a2e-4c41-9463-dcc6386f51b4,861ca39e-f836-4b13-b525-06570dcdd3a2,true,
690cde00-0a2e-4c41-9463-dcc6386f51b4,17036e11-c4de-4575-b4b9-dca04228c87a,false,[INV] input.employee.manager.employeeId == return.employee.manager.employeeId :: expected 9 to deeply equal 536321
690cde00-0a2e-4c41-9463-dcc6386f51b4,b9547e48-27df-435c-83d1-2e141a12f736,false,[INV] input.employee.manager.firstName == return.employee.manager.firstName :: expected 'John' to deeply equal 'ejemplo minus'
690cde00-0a2e-4c41-9463-dcc6386f51b4,4d467a7d-fdca-429e-b154-0469dc3a6006,false,"[INV] input.employee.manager.lastName == return.employee.manager.lastName :: expected 'Doe' to deeply equal ',Doe'"
690cde00-0a2e-4c41-9463-dcc6386f51b4,a59109e6-db60-4c17-820f-345ebe72d0b1,false,"[INV] input.employee.manager.email == return.employee.manager.email :: expected 'springabcxyzboot@gmail.com' to deeply equal 'spri*,ngabcxyzboot@gmail.com'"
690cde00-0a2e-4c41-9463-dcc6386f51b4,519ba374-1137-4050-bf3a-b192dc17bd0c,false,[INV] input.employee.manager.job == return.employee.manager.job :: expected 'Chef service digital' to deeply equal 'Chef service /digital'
690cde00-0a2e-4c41-9463-dcc6386f51b4,7a636bcc-69f4-436d-970d-c60a71cd1638,false,[INV] return.employee.manager.manager == null :: expected {} to be null
690cde00-0a2e-4c41-9463-dcc6386f51b4,ee7278ac-500c-49a5-97b9-f08e5b553820,true,
690cde00-0a2e-4c41-9463-dcc6386f51b4,5aa55130-4b6e-418b-ae3c-ec580fa52b75,false,[INV] input.employee.manager.department.departmentName == return.employee.manager.department.departmentName :: expected 'Digital' to deeply equal '}x:l'
690cde00-0a2e-4c41-9463-dcc6386f51b4,41a5d9be-0674-4c41-9586-4c5bfd43a5fd,true,
690cde00-0a2e-4c41-9463-dcc6386f51b4,99d509b5-c416-4bf3-ad33-853404f579f7,false,[INV] input.employee.manager.department.location.city == return.employee.manager.department.location.city :: expected 'LAC2' to deeply equal 'LA´/C2'
690cde00-0a2e-4c41-9463-dcc6386f51b4,f50fdebf-b12f-43a3-bcd1-a998d5ac0295,false,[INV] input.employee.manager.credential.enabled == return.employee.manager.credential.enabled :: expected true to deeply equal false
690cde00-0a2e-4c41-9463-dcc6386f51b4,36ecde48-b4d7-452b-8c19-4ca6f498b22d,true,
690cde00-0a2e-4c41-9463-dcc6386f51b4,20d77f1e-6140-4200-bcb8-4e3d8b657ac4,false,[INV] input.employee.department.departmentName == return.employee.department.departmentName :: expected 'Digital' to deeply equal 'EJEMPLO MAYUS'
690cde00-0a2e-4c41-9463-dcc6386f51b4,3a440198-5470-421e-813d-1e58bdb6f5c5,true,
690cde00-0a2e-4c41-9463-dcc6386f51b4,f1a2d803-47f1-4195-b37a-96613fa84de3,false,[INV] input.employee.department.location.locationId == return.employee.department.location.locationId :: expected 1 to deeply equal -79125
690cde00-0a2e-4c41-9463-dcc6386f51b4,3007de17-bfd6-45ca-beed-cb45e82916e9,false,[INV] input.employee.department.location.adr == return.employee.department.location.adr :: expected 'RUE DE LA BOURSE' to deeply equal 'RUE DE LA BO*URSE'
690cde00-0a2e-4c41-9463-dcc6386f51b4,dd8eb931-2f6f-43dd-be0b-d4fa9e236baa,false,[INV] input.employee.credential.credentialId == return.employee.credential.credentialId :: expected 2 to deeply equal -928384
690cde00-0a2e-4c41-9463-dcc6386f51b4,0e57f0d6-f0da-4154-942d-cecea963158e,false,[INV] input.employee.credential.password == return.employee.credential.password :: expected '$2y$04$c09yvJ4rcadTRGaoVQRRZugld/9z37…' to deeply equal 'EJEMPLO MAYUS'
690cde00-0a2e-4c41-9463-dcc6386f51b4,8ed51911-9a27-4fa8-9e90-0afbcaa86c06,false,"[INV] input.employee.credential.role == return.employee.credential.role :: expected 'ROLE_EMP' to deeply equal ',Z'"
690cde00-0a2e-4c41-9463-dcc6386f51b4,479d395e-7db5-4e6d-881b-b57dedd871e1,true,
49ccaa28-378d-4a7a-a4b2-e6abb379dcd7,0c922f54-0ad4-48d3-9006-50f4c74f9d66,true,
49ccaa28-378d-4a7a-a4b2-e6abb379dcd7,30d86917-145e-48fe-9731-1700186f1003,true,
49ccaa28-378d-4a7a-a4b2-e6abb379dcd7,45aa1ce4-2013-4fbf-a630-325276286fae,true,
49ccaa28-378d-4a7a-a4b2-e6abb379dcd7,331619be-ed89-46ef-bed1-324083f6b062,false,[INV] input.projectId == return.projectId :: expected 1 to deeply equal -618785
49ccaa28-378d-4a7a-a4b2-e6abb379dcd7,37ab6e1d-dd68-4ccf-bbf8-23b6d4f518a2,false,"[INV] LENGTH(return.commitDate)==18 :: expected '13-06-201817/,:30:00' to have a length of 18 but got 20"
49ccaa28-378d-4a7a-a4b2-e6abb379dcd7,89c6ad4b-d475-4472-82d1-383af68f50ec,true,
49ccaa28-378d-4a7a-a4b2-e6abb379dcd7,3542191a-401c-4867-8a1b-d16067119d0d,true,
49ccaa28-378d-4a7a-a4b2-e6abb379dcd7,98d2f2b6-3ea6-4742-8d38-e475f0f82bf6,false,[INV] input.employee.employeeId == return.employee.employeeId :: expected 7 to deeply equal 265206
49ccaa28-378d-4a7a-a4b2-e6abb379dcd7,b884ecce-f858-4a4f-9be2-d30ee4d50254,false,[INV] input.employee.phone == return.employee.phone :: expected '22125144' to deeply equal '8I~'
49ccaa28-378d-4a7a-a4b2-e6abb379dcd7,8d08b267-ace3-43dc-88f2-8b5b6aaa72d8,false,"[INV] input.employee.job == return.employee.job :: expected 'Billing' to deeply equal 'Bill/,ing'"
49ccaa28-378d-4a7a-a4b2-e6abb379dcd7,66a4bfb9-5c5a-4892-8ddd-be6a5a2d2983,false,[INV] input.employee.manager.firstName == return.employee.manager.firstName :: expected 'Soumaya' to deeply equal 'Iw='
49ccaa28-378d-4a7a-a4b2-e6abb379dcd7,69dd5def-8e18-48f5-b1ac-919f4dccc9ea,false,[INV] input.employee.manager.lastName == return.employee.manager.lastName :: expected 'Hajjem' to deeply equal 'ejemplo minus'
49ccaa28-378d-4a7a-a4b2-e6abb379dcd7,e2e6c595-d3c2-4da6-9fb6-93564fc66b5a,false,[INV] input.employee.manager.email == return.employee.manager.email :: expected 'springabcxyzboot@gmail.com' to deeply equal 'EJEMPLO MAYUS'
49ccaa28-378d-4a7a-a4b2-e6abb379dcd7,f1079e0c-62f7-41be-bafc-a0b64438b876,false,[INV] return.employee.manager.manager == null :: expected {} to be null
49ccaa28-378d-4a7a-a4b2-e6abb379dcd7,7cc6b0c0-fe71-4cd0-94b4-4790cc40442d,true,
49ccaa28-378d-4a7a-a4b2-e6abb379dcd7,495df6f9-c03c-478a-982b-147df85a3e20,false,"[INV] input.employee.manager.department.departmentName == return.employee.manager.department.departmentName :: expected 'Billing' to deeply equal 'Bi/,lling'"
49ccaa28-378d-4a7a-a4b2-e6abb379dcd7,3a947684-974f-43e7-9f41-ddeee60020a8,true,
49ccaa28-378d-4a7a-a4b2-e6abb379dcd7,c4dcb1a9-b35f-413c-9cdf-f3a4d4292486,false,[INV] input.employee.manager.department.location.city == return.employee.manager.department.location.city :: expected 'LAC2' to deeply equal 's'
49ccaa28-378d-4a7a-a4b2-e6abb379dcd7,b8f5044d-199d-4613-8701-3f51d65722e4,true,
49ccaa28-378d-4a7a-a4b2-e6abb379dcd7,05644d46-e0b0-4c45-a527-575fa3de452f,false,[INV] input.employee.manager.credential.credentialId == return.employee.manager.credential.credentialId :: expected 5 to deeply equal -980462
49ccaa28-378d-4a7a-a4b2-e6abb379dcd7,ee02f616-f95b-4c07-86e6-55a436b658d0,true,
49ccaa28-378d-4a7a-a4b2-e6abb379dcd7,264c30e0-d987-414b-94a9-0481237c5ce7,false,"[INV] input.employee.manager.credential.role == return.employee.manager.credential.role :: expected 'ROLE_MGR' to deeply equal 'Tl""s'"
49ccaa28-378d-4a7a-a4b2-e6abb379dcd7,0298289b-cffb-4641-9592-bf5f542538d8,true,
49ccaa28-378d-4a7a-a4b2-e6abb379dcd7,6c60b912-f01d-415a-9eb7-82068a002252,false,[INV] input.employee.department.location.postalCode == return.employee.department.location.postalCode :: expected '2016' to deeply equal 'EJEMPLO MAYUS'
49ccaa28-378d-4a7a-a4b2-e6abb379dcd7,0505feb8-a741-4f09-a2f7-743448dce2b7,false,[INV] input.employee.department.location.city == return.employee.department.location.city :: expected 'LAC2' to deeply equal '|\>`'
49ccaa28-378d-4a7a-a4b2-e6abb379dcd7,fa755b36-9765-4043-87c6-c81e40ffa567,false,[INV] input.employee.credential.credentialId == return.employee.credential.credentialId :: expected 10 to deeply equal -928384
49ccaa28-378d-4a7a-a4b2-e6abb379dcd7,f9b5dc04-d091-434e-833e-5af167836baa,false,[INV] input.employee.credential.password == return.employee.credential.password :: expected '$2y$04$PYOfQrM6MgHVY6myHfczsOlNVGXxll…' to deeply equal 'ejemplo minus'
49ccaa28-378d-4a7a-a4b2-e6abb379dcd7,02a275fb-6a65-422d-9c21-cf5ade6f8c7d,false,[INV] input.employee.credential.role == return.employee.credential.role :: expected 'ROLE_EMP' to deeply equal 'EJEMPLO MAYUS'
fbc000e5-4b59-4f3d-844e-b6cf67c04ffc,35c60396-accd-4eb5-bc84-581ee99b4dde,true,
fbc000e5-4b59-4f3d-844e-b6cf67c04ffc,fc1f11ca-3fe5-47db-98dd-02483f2dc69a,true,
fbc000e5-4b59-4f3d-844e-b6cf67c04ffc,ffa5a66e-82ee-4776-8908-68dea821f8ee,true,
fbc000e5-4b59-4f3d-844e-b6cf67c04ffc,efd1b868-5670-4e5c-a69c-ebcb526d2d16,false,[INV] input.employee.lastName == return.employee.lastName :: expected 'Hajjem' to deeply equal 'Hajj´em'
fbc000e5-4b59-4f3d-844e-b6cf67c04ffc,f628f45b-a17b-4a5a-894c-07f001eaf2cd,true,
fbc000e5-4b59-4f3d-844e-b6cf67c04ffc,afc8943f-3a84-48a8-8770-34e1b5aed519,false,[INV] input.employee.department.departmentName == return.employee.department.departmentName :: expected 'Billing' to deeply equal '{H{emOQ'
fbc000e5-4b59-4f3d-844e-b6cf67c04ffc,66f1b210-08e8-4098-8b22-f08ea9b5176b,false,[INV] input.employee.department.location.locationId == return.employee.department.location.locationId :: expected 1 to deeply equal 263447
fbc000e5-4b59-4f3d-844e-b6cf67c04ffc,0da481c0-0f99-4bb6-aab4-81f4d34a835c,false,[INV] input.employee.department.location.postalCode == return.employee.department.location.postalCode :: expected '2016' to deeply equal 'pIFa'
fbc000e5-4b59-4f3d-844e-b6cf67c04ffc,52bf5a18-f1f2-4c55-8b97-b5a833387410,false,[INV] input.employee.department.location.city == return.employee.department.location.city :: expected 'LAC2' to deeply equal 'aV:#on5'
fbc000e5-4b59-4f3d-844e-b6cf67c04ffc,5e99bb82-f783-4a8d-96a1-c3ad0e3f880e,true,
fbc000e5-4b59-4f3d-844e-b6cf67c04ffc,6878ee05-866c-4a72-b803-4091d78a55ee,false,"[INV] input.employee.credential.password == return.employee.credential.password :: expected '$2y$04$ljw6KJaAkzMzJZOf8eU6qOoq7jV2SX…' to deeply equal '*,$2y$04$ljw6KJaAkzMzJZOf8eU6qOoq7jV2…'"
fbc000e5-4b59-4f3d-844e-b6cf67c04ffc,c4bfdf46-673e-4094-8e49-52b88a207889,false,[INV] input.employee.credential.role == return.employee.credential.role :: expected 'ROLE_MGR' to deeply equal 'o\$*8Oi8'
566a8057-d1e7-49ba-bab9-98214d37939c,c6f6bfba-6294-4fd3-8551-749f89623499,true,
566a8057-d1e7-49ba-bab9-98214d37939c,f9ccb26b-fe56-4fa5-9cf5-70f267f1348d,true,
566a8057-d1e7-49ba-bab9-98214d37939c,8d3c78b5-5a07-4f83-82da-4f9cb4ac6ecc,true,
566a8057-d1e7-49ba-bab9-98214d37939c,c5705710-cae9-44e8-8bd1-5bf539f4def6,false,[INV] input.projectId == return.projectId :: expected 1 to deeply equal -618785
566a8057-d1e7-49ba-bab9-98214d37939c,8e76556f-09e7-4bd8-88f0-cc7ed372d4c5,false,[INV] LENGTH(return.commitDate)==18 :: expected 'WO$' to have a length of 18 but got 3
566a8057-d1e7-49ba-bab9-98214d37939c,0a7126b0-4529-4529-94b6-c9aead2c3eaf,false,[INV] input.commitMgrDesc == return.commitMgrDesc :: expected 'this is a new assignment' to deeply equal 'this is ´a new assignment'
566a8057-d1e7-49ba-bab9-98214d37939c,7801d570-ffcd-4b33-b5d7-56e66471f8c4,false,[INV] input.employee.email == return.employee.email :: expected 'springabcxyzboot@gmail.com' to deeply equal 'EJEMPLO MAYUS'
566a8057-d1e7-49ba-bab9-98214d37939c,1b4948f4-7d10-441c-a06e-e9f607fc7e8d,false,[INV] input.employee.phone == return.employee.phone :: expected '22125144' to deeply equal '221´*25144'
566a8057-d1e7-49ba-bab9-98214d37939c,7f2f02c3-3410-4be6-92b7-fd8d4b076e79,false,[INV] input.employee.hiredate == return.employee.hiredate :: expected '15-04-2019' to deeply equal '15-04-2019´*'
566a8057-d1e7-49ba-bab9-98214d37939c,8487585a-c174-4583-95e3-5f7dde8183c5,false,[INV] input.employee.job == return.employee.job :: expected 'Billing' to deeply equal 'Yx!=w2QNu'
566a8057-d1e7-49ba-bab9-98214d37939c,91b40427-39f4-418a-bbe3-110f814f2491,true,
566a8057-d1e7-49ba-bab9-98214d37939c,08917f77-cd93-45b2-902d-81ccf713a0d4,false,[INV] input.employee.manager.firstName == return.employee.manager.firstName :: expected 'Soumaya' to deeply equal '9E;:eh%'
566a8057-d1e7-49ba-bab9-98214d37939c,15674efc-e471-429c-8d84-98a642a07962,false,[INV] input.employee.manager.lastName == return.employee.manager.lastName :: expected 'Hajjem' to deeply equal '[&['
566a8057-d1e7-49ba-bab9-98214d37939c,14a6b907-0297-485a-afc5-49f1e62f243a,true,
566a8057-d1e7-49ba-bab9-98214d37939c,e5a5fac6-fb5f-44e2-ace5-d0d10fc76396,false,[INV] return.employee.manager.manager == null :: expected {} to be null
566a8057-d1e7-49ba-bab9-98214d37939c,41ba59bf-7fc0-4b13-bad4-7ec975aedbdc,false,[INV] input.employee.manager.department.departmentId == return.employee.manager.department.departmentId :: expected 6 to deeply equal 263447
566a8057-d1e7-49ba-bab9-98214d37939c,2acf90e0-7849-409c-8ace-ad172b5aa34d,false,"[INV] input.employee.manager.department.departmentName == return.employee.manager.department.departmentName :: expected 'Billing' to deeply equal 'Billi,ng'"
566a8057-d1e7-49ba-bab9-98214d37939c,84fe38a8-490c-42bd-b68b-6555cce6b72d,true,
566a8057-d1e7-49ba-bab9-98214d37939c,f02f7977-74a1-4e05-9090-a36100ae34ca,false,[INV] input.employee.manager.department.location.postalCode == return.employee.manager.department.location.postalCode :: expected '2016' to deeply equal 'EJEMPLO MAYUS'
566a8057-d1e7-49ba-bab9-98214d37939c,f7e84c09-8603-4c8e-98b9-649a928495a9,true,
566a8057-d1e7-49ba-bab9-98214d37939c,56d697ac-5569-4a5f-98ca-484a82aa74e5,true,
566a8057-d1e7-49ba-bab9-98214d37939c,b68b6e22-20da-4b2a-a7b7-1990aa716fe2,false,[INV] input.employee.manager.credential.password == return.employee.manager.credential.password :: expected '$2y$04$ljw6KJaAkzMzJZOf8eU6qOoq7jV2SX…' to deeply equal 'K(J'
566a8057-d1e7-49ba-bab9-98214d37939c,990378c9-f233-463e-ba0f-03e610a19276,false,[INV] input.employee.manager.credential.enabled == return.employee.manager.credential.enabled :: expected true to deeply equal false
566a8057-d1e7-49ba-bab9-98214d37939c,532db0aa-3d53-4a0c-84ee-bce62467fac0,false,[INV] input.employee.manager.credential.role == return.employee.manager.credential.role :: expected 'ROLE_MGR' to deeply equal 'pj9d^L#_'
566a8057-d1e7-49ba-bab9-98214d37939c,4d2b8c0c-a8ad-40bc-9b57-4a89420b74ef,true,
566a8057-d1e7-49ba-bab9-98214d37939c,82fe82c1-d099-4bf0-af4e-0efd167ba6f7,false,[INV] input.employee.department.location.locationId == return.employee.department.location.locationId :: expected 1 to deeply equal -79125
566a8057-d1e7-49ba-bab9-98214d37939c,b9d5d255-4d21-4e24-be3f-4d297e67d05e,false,[INV] input.employee.department.location.adr == return.employee.department.location.adr :: expected 'RUE DE LA BOURSE' to deeply equal 'SO`'
566a8057-d1e7-49ba-bab9-98214d37939c,abb4f749-7bbf-4163-a2dd-d6b4429497c7,false,[INV] input.employee.department.location.postalCode == return.employee.department.location.postalCode :: expected '2016' to deeply equal '2´/016'
566a8057-d1e7-49ba-bab9-98214d37939c,6552bdf2-cd18-4114-be6f-a0053769deea,false,[INV] input.employee.credential.username == return.employee.credential.username :: expected 'selimhorri' to deeply equal '-dE V'
566a8057-d1e7-49ba-bab9-98214d37939c,dafabdc4-02a3-417f-b441-67d6c507ffff,false,[INV] input.employee.credential.password == return.employee.credential.password :: expected '$2a$10$ldBd/ZuGtUgxHNKd.qCGxuPVVM5oZ6…' to deeply equal '$2a$10$ldBd/ZuGtUgxHNKd.q/*CGxuPVVM5o…'
566a8057-d1e7-49ba-bab9-98214d37939c,98d62697-b497-4011-8b77-e2d2b487d2b3,false,[INV] input.project.endDate == return.project.endDate :: expected '25-03-2021' to deeply equal '[8!G'
566a8057-d1e7-49ba-bab9-98214d37939c,e41331b6-c0ac-4b3d-91b4-6c21a58c78a2,false,[INV] input.project.status == return.project.status :: expected 'IN_PROGRESS' to deeply equal 'W{x2~'
2dfea8ab-4a24-40c9-97df-b4bec31df9d4,09ba3859-1df4-4159-b3d2-69c7ad1406f2,true,
2dfea8ab-4a24-40c9-97df-b4bec31df9d4,3b927f2e-84cf-48eb-adb0-3f1fcc27d440,true,
2dfea8ab-4a24-40c9-97df-b4bec31df9d4,28486989-b2b8-431f-814f-aa7d8d809f49,true,
2dfea8ab-4a24-40c9-97df-b4bec31df9d4,331cf625-273d-4935-a66d-fc45079013ed,false,[INV] LENGTH(return.commitDate)==18 :: expected 'IV' to have a length of 18 but got 2
2dfea8ab-4a24-40c9-97df-b4bec31df9d4,c4ba6b4c-3800-493a-a928-31d444b7ffcc,false,[INV] input.commitMgrDesc == return.commitMgrDesc :: expected 'this is a new assignment' to deeply equal 'c'
2dfea8ab-4a24-40c9-97df-b4bec31df9d4,29c8c878-68ae-446a-9092-a7d1ffea8451,false,[INV] input.employee.firstName == return.employee.firstName :: expected 'Maryem' to deeply equal 'ejemplo minus'
2dfea8ab-4a24-40c9-97df-b4bec31df9d4,7f628c4e-4d7f-4ffc-be09-866a4630438c,true,
2dfea8ab-4a24-40c9-97df-b4bec31df9d4,1c408166-a9a9-4589-ac40-51f7e8bf41c3,true,
2dfea8ab-4a24-40c9-97df-b4bec31df9d4,65a61cb3-4be1-44e8-8140-3ec1d5096cd9,false,[INV] input.employee.manager.firstName == return.employee.manager.firstName :: expected 'Soumaya' to deeply equal '%zQ;S'
2dfea8ab-4a24-40c9-97df-b4bec31df9d4,78da95a3-0130-48d5-a849-76e1709aafd4,false,[INV] input.employee.manager.lastName == return.employee.manager.lastName :: expected 'Hajjem' to deeply equal 'EJEMPLO MAYUS'
2dfea8ab-4a24-40c9-97df-b4bec31df9d4,cf16b1c4-08c3-4010-bfb4-c87265ebadf1,false,"[INV] input.employee.manager.email == return.employee.manager.email :: expected 'springabcxyzboot@gmail.com' to deeply equal 'sprin,gabcxyzboot@gmail.com'"
2dfea8ab-4a24-40c9-97df-b4bec31df9d4,85bee1d2-048b-450c-a126-9ab68e2bb2a2,false,[INV] input.employee.manager.phone == return.employee.manager.phone :: expected '22125144' to deeply equal '.v6r$JHm)'
2dfea8ab-4a24-40c9-97df-b4bec31df9d4,b0486c77-4e45-42e0-98bd-3cc258f09e71,false,"[INV] input.employee.manager.job == return.employee.manager.job :: expected 'Chef service Billing' to deeply equal 'Chef service Bi,lling'"
2dfea8ab-4a24-40c9-97df-b4bec31df9d4,baf8eddc-cb38-4527-8790-9adfe36ea6fd,false,[INV] input.employee.manager.salary == return.employee.manager.salary :: expected 6000 to deeply equal 444729.02497049957
2dfea8ab-4a24-40c9-97df-b4bec31df9d4,9e01a58d-a428-4a15-a2e5-77ce69f99c6b,true,
2dfea8ab-4a24-40c9-97df-b4bec31df9d4,6c33b58e-3486-454b-a86c-1fafc9f000de,true,
2dfea8ab-4a24-40c9-97df-b4bec31df9d4,e49f9aa8-3298-4df1-bc9e-cb4a5280d30b,false,[INV] input.employee.manager.department.location.adr == return.employee.manager.department.location.adr :: expected 'RUE DE LA BOURSE' to deeply equal 'ejemplo minus'
2dfea8ab-4a24-40c9-97df-b4bec31df9d4,d28d4632-76cd-4180-85be-f8bd7b5c78ae,false,[INV] input.employee.manager.credential.credentialId == return.employee.manager.credential.credentialId :: expected 5 to deeply equal -980462
2dfea8ab-4a24-40c9-97df-b4bec31df9d4,59e0b41c-36d9-476b-ac22-ec372938bd7a,false,"[INV] input.employee.manager.credential.username == return.employee.manager.credential.username :: expected 'soumayahajjem' to deeply equal 'soumayahaj*,jem'"
2dfea8ab-4a24-40c9-97df-b4bec31df9d4,54d53340-251a-449f-8a79-d63dd386bde1,false,[INV] input.employee.manager.credential.enabled == return.employee.manager.credential.enabled :: expected true to deeply equal false
2dfea8ab-4a24-40c9-97df-b4bec31df9d4,640e091d-0dce-459f-8208-84e527ffb383,false,"[INV] input.employee.department.departmentName == return.employee.department.departmentName :: expected 'Billing' to deeply equal 'Billing/,'"
2dfea8ab-4a24-40c9-97df-b4bec31df9d4,91f3ade6-cb7f-4a82-b3c6-1370c8b4018e,false,[INV] input.employee.department.location.locationId == return.employee.department.location.locationId :: expected 1 to deeply equal -79125
2dfea8ab-4a24-40c9-97df-b4bec31df9d4,46a1098f-3c7e-49cf-9186-58664456cb6e,false,[INV] input.employee.department.location.adr == return.employee.department.location.adr :: expected 'RUE DE LA BOURSE' to deeply equal '*RUE DE LA BOURSE'
2dfea8ab-4a24-40c9-97df-b4bec31df9d4,d2146c9b-daa2-4e9e-a29e-45d8871260d5,false,[INV] input.employee.department.location.postalCode == return.employee.department.location.postalCode :: expected '2016' to deeply equal '20*16'
2dfea8ab-4a24-40c9-97df-b4bec31df9d4,9b3cf7f8-0133-4b2d-8a3c-b8fa0a5c3a46,false,[INV] input.employee.department.location.city == return.employee.department.location.city :: expected 'LAC2' to deeply equal '\'
2dfea8ab-4a24-40c9-97df-b4bec31df9d4,739db8e7-21fe-4362-8af5-3cc17aae6f43,false,[INV] input.employee.credential.password == return.employee.credential.password :: expected '$2y$04$PYOfQrM6MgHVY6myHfczsOlNVGXxll…' to deeply equal 'e'
2dfea8ab-4a24-40c9-97df-b4bec31df9d4,86ee932c-b527-4b53-88d0-d637d171aebb,false,[INV] input.employee.credential.enabled == return.employee.credential.enabled :: expected true to deeply equal false
2dfea8ab-4a24-40c9-97df-b4bec31df9d4,883a6f2c-9ae1-4231-adbb-164dcb26af11,false,[INV] input.employee.credential.role == return.employee.credential.role :: expected 'ROLE_EMP' to deeply equal 'Mo^k}g '
2dfea8ab-4a24-40c9-97df-b4bec31df9d4,8af16e92-076a-4646-ae50-a43947393926,false,[INV] input.project.projectId == return.project.projectId :: expected 2 to deeply equal 214459
2dfea8ab-4a24-40c9-97df-b4bec31df9d4,3572785b-1f95-483a-935e-aad31882b648,false,[INV] input.project.title == return.project.title :: expected 'SYNCH_BSCS_IMX' to deeply equal 'SYNCH_BSCS´/_IMX'
2dfea8ab-4a24-40c9-97df-b4bec31df9d4,c1d4135a-a176-4ad6-bfe9-113e1b409147,false,[INV] input.project.startDate == return.project.startDate :: expected '26-11-2020' to deeply equal 'ejemplo minus'
2dfea8ab-4a24-40c9-97df-b4bec31df9d4,cdd1fa29-37db-4ff6-bcb4-2fee8ec5b3af,false,[INV] input.project.endDate == return.project.endDate :: expected '25-03-2021' to deeply equal 'cBo9hAM'
2dfea8ab-4a24-40c9-97df-b4bec31df9d4,3c18a308-ca5e-422b-ae4d-6fc0c237a5c2,false,[INV] input.project.status == return.project.status :: expected 'IN_PROGRESS' to deeply equal 'ejemplo minus'
20fcda0b-951f-43f4-9650-291321fbb60b,a8104dd0-078f-4bc3-a6e5-68613248e6d3,true,
20fcda0b-951f-43f4-9650-291321fbb60b,6518105d-dfd1-448a-996c-098706dcc19c,true,
20fcda0b-951f-43f4-9650-291321fbb60b,044b3641-4006-4775-9882-3a54637dab2a,true,
20fcda0b-951f-43f4-9650-291321fbb60b,91513e0b-6e83-4303-87b8-5187c66d81b7,false,[INV] input.employee.employeeId == return.employee.employeeId :: expected 3 to deeply equal 265206
20fcda0b-951f-43f4-9650-291321fbb60b,8b342365-0b4a-40df-8bb8-2ae6289c9875,false,[INV] input.employee.firstName == return.employee.firstName :: expected 'Imen' to deeply equal 'I*men'
20fcda0b-951f-43f4-9650-291321fbb60b,463c1ea0-e72c-4bbf-b41f-23227b299679,false,[INV] input.employee.email == return.employee.email :: expected 'springabcxyzboot@gmail.com' to deeply equal 'EJEMPLO MAYUS'
20fcda0b-951f-43f4-9650-291321fbb60b,98ddce42-5969-4d41-b311-e15b5d899a05,false,"[INV] input.employee.phone == return.employee.phone :: expected '22125144' to deeply equal '2212514/,4'"
20fcda0b-951f-43f4-9650-291321fbb60b,6227c15e-b735-434e-b888-ab1b2c263278,true,
20fcda0b-951f-43f4-9650-291321fbb60b,b56468f8-58a2-4ed8-96aa-1e7132baa89f,false,[INV] input.employee.manager.employeeId == return.employee.manager.employeeId :: expected 5 to deeply equal 536321
20fcda0b-951f-43f4-9650-291321fbb60b,00a40946-d3f7-4cc9-b616-618d5011dfd6,false,[INV] input.employee.manager.firstName == return.employee.manager.firstName :: expected 'Nour' to deeply equal 'gDW!qAXX'
20fcda0b-951f-43f4-9650-291321fbb60b,b5212a94-275e-4ac7-9cf3-c7cafaf1d40c,false,"[INV] input.employee.manager.job == return.employee.manager.job :: expected 'Chef service Data Warehouse' to deeply equal 'Chef service *,Data Warehouse'"
20fcda0b-951f-43f4-9650-291321fbb60b,2387775c-ecd4-4c78-b41d-bdbcfb0caa8c,false,[INV] input.employee.manager.salary == return.employee.manager.salary :: expected 6000 to deeply equal 444729.02497049957
20fcda0b-951f-43f4-9650-291321fbb60b,21cb2fe1-56ab-4f18-b605-10418bd7b373,true,
20fcda0b-951f-43f4-9650-291321fbb60b,9ebda468-7035-4e5f-a7ef-bc9d7bcdc51d,false,[INV] input.employee.manager.department.departmentId == return.employee.manager.department.departmentId :: expected 4 to deeply equal 263447
20fcda0b-951f-43f4-9650-291321fbb60b,870aea5e-6721-4a00-b1f4-34f0c7be5519,true,
20fcda0b-951f-43f4-9650-291321fbb60b,a6760e3f-5c3e-49f5-bd88-bb79ac7cee78,false,[INV] input.employee.manager.department.location.city == return.employee.manager.department.location.city :: expected 'LAC2' to deeply equal 'L´*AC2'
20fcda0b-951f-43f4-9650-291321fbb60b,df1a58d9-45d6-441c-be52-9fd08bc7b9bc,false,[INV] input.employee.manager.credential.username == return.employee.manager.credential.username :: expected 'nourlarguech' to deeply equal 'U'
20fcda0b-951f-43f4-9650-291321fbb60b,e83c8259-992f-4634-ada8-9e8535f8cf3a,true,
20fcda0b-951f-43f4-9650-291321fbb60b,4a21b6bb-221a-4709-82cc-0635506ff6df,false,[INV] input.employee.manager.credential.enabled == return.employee.manager.credential.enabled :: expected true to deeply equal false
20fcda0b-951f-43f4-9650-291321fbb60b,d4e262c0-37ad-4724-84df-98cb67c154cd,false,[INV] input.employee.manager.credential.role == return.employee.manager.credential.role :: expected 'ROLE_MGR' to deeply equal '4^e=0b87'
20fcda0b-951f-43f4-9650-291321fbb60b,bd18d958-6104-4b03-8769-95e3ba5222ff,true,
20fcda0b-951f-43f4-9650-291321fbb60b,f241aae2-db98-4df6-8f7a-aa40fb4cbd1b,false,[INV] input.employee.department.departmentName == return.employee.department.departmentName :: expected 'DWH' to deeply equal 'DWH´/'
20fcda0b-951f-43f4-9650-291321fbb60b,7263b8c6-c365-47af-9ed0-c9a90d94d9ae,false,[INV] input.employee.department.location.adr == return.employee.department.location.adr :: expected 'RUE DE LA BOURSE' to deeply equal 'RUE DE L´*A BOURSE'
20fcda0b-951f-43f4-9650-291321fbb60b,78d4c6a6-0473-4510-b242-1c0517ebdb7d,false,[INV] input.employee.department.location.city == return.employee.department.location.city :: expected 'LAC2' to deeply equal '('
20fcda0b-951f-43f4-9650-291321fbb60b,a930991b-7997-4737-bac8-4c502e835d72,false,[INV] input.employee.credential.role == return.employee.credential.role :: expected 'ROLE_EMP' to deeply equal 'T&'
20fcda0b-951f-43f4-9650-291321fbb60b,870ea9da-980b-47e7-900c-234e1082c8e2,false,[INV] input.project.title == return.project.title :: expected 'SYNCH_BSCS_IMX' to deeply equal 'EJEMPLO MAYUS'
20fcda0b-951f-43f4-9650-291321fbb60b,6334f308-3ac0-4f2c-8fc8-7fbce2d6650d,false,[INV] input.project.endDate == return.project.endDate :: expected '25-03-2021' to deeply equal 'ejemplo minus'
20fcda0b-951f-43f4-9650-291321fbb60b,f1f94f3a-8661-4ff0-953a-42c7be8cac45,false,"[INV] input.project.status == return.project.status :: expected 'IN_PROGRESS' to deeply equal 'I,N_PROGRESS'"
92429459-6773-40c5-b9bb-cef4d5fccb92,225ba535-ece2-40eb-b50c-1c2b882a1968,true,
92429459-6773-40c5-b9bb-cef4d5fccb92,4ed60563-6d4b-48b5-a796-5aeb5032f717,true,
92429459-6773-40c5-b9bb-cef4d5fccb92,a1f61488-7807-4a9e-85f9-80efed8a4c5a,true,
92429459-6773-40c5-b9bb-cef4d5fccb92,a576b006-d1b5-4ea8-bcc3-431a4cab21e6,false,[INV] input.employeeId == return.employeeId :: expected 7 to deeply equal -241395
92429459-6773-40c5-b9bb-cef4d5fccb92,74637397-0d28-4e0a-9661-ea8cbb77e060,true,
92429459-6773-40c5-b9bb-cef4d5fccb92,eb4f6dc8-15ec-44c6-98ce-a15ae99cac55,true,
92429459-6773-40c5-b9bb-cef4d5fccb92,6adb1b2a-5d31-4c80-9654-c99e2bbecb85,true,
92429459-6773-40c5-b9bb-cef4d5fccb92,db50aefa-da4a-4bf4-9c5e-a6099674f2e0,false,"[INV] input.employee.lastName == return.employee.lastName :: expected 'Tlemseni' to deeply equal 'Tle´,mseni'"
92429459-6773-40c5-b9bb-cef4d5fccb92,5deea7ff-74ed-404d-84ff-b8c79bd05cce,false,"[INV] input.employee.email == return.employee.email :: expected 'springabcxyzboot@gmail.com' to deeply equal '#A""U8Qm'"
92429459-6773-40c5-b9bb-cef4d5fccb92,d7289cca-95c5-4145-a90f-43086f575918,true,
92429459-6773-40c5-b9bb-cef4d5fccb92,ca4e4920-0fb4-470a-853a-2c4056fdd550,false,[INV] input.employee.manager.firstName == return.employee.manager.firstName :: expected 'Soumaya' to deeply equal '2'
92429459-6773-40c5-b9bb-cef4d5fccb92,1cacba3e-2bec-441c-84da-85f8208df33e,false,[INV] input.employee.manager.lastName == return.employee.manager.lastName :: expected 'Hajjem' to deeply equal 'nSHE;Ih7'
92429459-6773-40c5-b9bb-cef4d5fccb92,7e7bdf9f-300b-462b-8462-51fda986a0e1,false,[INV] input.employee.manager.email == return.employee.manager.email :: expected 'springabcxyzboot@gmail.com' to deeply equal 'ejemplo minus'
92429459-6773-40c5-b9bb-cef4d5fccb92,4bfaad4f-e9df-4027-8a90-917bc8101a6e,false,[INV] input.employee.manager.phone == return.employee.manager.phone :: expected '22125144' to deeply equal 'EJEMPLO MAYUS'
92429459-6773-40c5-b9bb-cef4d5fccb92,dc719aad-24c2-48f9-b3a1-93d72bb71b6b,false,[INV] input.employee.manager.job == return.employee.manager.job :: expected 'Chef service Billing' to deeply equal 'Chef service Bill´ing'
92429459-6773-40c5-b9bb-cef4d5fccb92,61f06a38-58b7-4c2f-89f7-41113c98c5a2,false,[INV] input.employee.manager.salary == return.employee.manager.salary :: expected 6000 to deeply equal 444729.02497049957
92429459-6773-40c5-b9bb-cef4d5fccb92,ce8ea6f4-d319-4516-87cc-90a245480732,true,
92429459-6773-40c5-b9bb-cef4d5fccb92,3ad5f760-db30-4de9-86ae-22f44708b463,false,[INV] input.employee.manager.department.departmentId == return.employee.manager.department.departmentId :: expected 6 to deeply equal 263447
92429459-6773-40c5-b9bb-cef4d5fccb92,cd8effa8-06ce-4c65-acaf-44210af70c0b,false,"[INV] input.employee.manager.department.departmentName == return.employee.manager.department.departmentName :: expected 'Billing' to deeply equal 'Billing,'"
92429459-6773-40c5-b9bb-cef4d5fccb92,5e7443cb-0457-4aaf-aed4-2cc5942269a5,false,[INV] input.employee.manager.department.location.adr == return.employee.manager.department.location.adr :: expected 'RUE DE LA BOURSE' to deeply equal ')USR'
92429459-6773-40c5-b9bb-cef4d5fccb92,a76513e4-cf3d-473b-b586-c4582b4a5036,false,[INV] input.employee.manager.department.location.postalCode == return.employee.manager.department.location.postalCode :: expected '2016' to deeply equal '21-B_`%#'
92429459-6773-40c5-b9bb-cef4d5fccb92,de46313c-9a50-43db-a044-f15f468c20e3,false,[INV] input.employee.manager.credential.credentialId == return.employee.manager.credential.credentialId :: expected 5 to deeply equal -980462
92429459-6773-40c5-b9bb-cef4d5fccb92,51a12af4-9aac-4925-93bb-3274942bf0ba,false,[INV] input.employee.manager.credential.username == return.employee.manager.credential.username :: expected 'soumayahajjem' to deeply equal 'EJEMPLO MAYUS'
92429459-6773-40c5-b9bb-cef4d5fccb92,50226779-1a36-4b55-a37a-ad4cb3f5ace0,false,"[INV] input.employee.manager.credential.password == return.employee.manager.credential.password :: expected '$2y$04$ljw6KJaAkzMzJZOf8eU6qOoq7jV2SX…' to deeply equal '$2y$04$ljw6KJaAkzMzJZOf8eU6*,qOoq7jV2…'"
92429459-6773-40c5-b9bb-cef4d5fccb92,304c6162-306d-43b4-9cb3-9ea56508b113,true,
92429459-6773-40c5-b9bb-cef4d5fccb92,cd68a1fe-e4ff-4b0b-a6d4-f93f039ca6b7,true,
92429459-6773-40c5-b9bb-cef4d5fccb92,2317012a-3e16-40bf-9acd-4a0c2a544ba4,true,
92429459-6773-40c5-b9bb-cef4d5fccb92,1763d56f-2776-4b6a-bc06-5f7b2e10ff00,false,[INV] input.employee.department.location.adr == return.employee.department.location.adr :: expected 'RUE DE LA BOURSE' to deeply equal '&'
92429459-6773-40c5-b9bb-cef4d5fccb92,194ea1a9-2f82-4f58-a7fb-10b2ef853276,false,[INV] input.employee.department.location.postalCode == return.employee.department.location.postalCode :: expected '2016' to deeply equal 'EJEMPLO MAYUS'
92429459-6773-40c5-b9bb-cef4d5fccb92,a621cbe6-0738-4307-95b0-525d6575f697,true,
92429459-6773-40c5-b9bb-cef4d5fccb92,3072285f-0aab-40c5-9531-41d5381dde07,false,[INV] input.employee.credential.credentialId == return.employee.credential.credentialId :: expected 10 to deeply equal -928384
92429459-6773-40c5-b9bb-cef4d5fccb92,dac9a5d3-80d4-4f10-9693-c26ae0431f80,false,[INV] input.employee.credential.username == return.employee.credential.username :: expected 'maryemtlemseni' to deeply equal '1kDEXipErP'
92429459-6773-40c5-b9bb-cef4d5fccb92,ffba270f-2238-4834-b478-6fe01eaad709,false,[INV] input.employee.credential.role == return.employee.credential.role :: expected 'ROLE_EMP' to deeply equal 'ejemplo minus'
92429459-6773-40c5-b9bb-cef4d5fccb92,eaf75347-e577-46d2-a943-63f4d5fdb7c3,true,
92429459-6773-40c5-b9bb-cef4d5fccb92,40e41484-4d36-459b-9d19-4cf74f7fbfa2,false,[INV] input.project.title == return.project.title :: expected 'TRANSBSCS' to deeply equal 'EJEMPLO MAYUS'
92429459-6773-40c5-b9bb-cef4d5fccb92,b96d1c6a-bf65-4c03-bafe-29acf965f67f,false,[INV] input.project.endDate == return.project.endDate :: expected '04-11-2020' to deeply equal '04-1´*1-2020'
92429459-6773-40c5-b9bb-cef4d5fccb92,3219ae5b-84cd-42f7-8706-b98d63f44213,false,[INV] input.project.status == return.project.status :: expected 'COMPLETED' to deeply equal '=7j}'
f9c68522-fc3a-4275-92da-a4ebaf20c796,57717267-bafa-463f-878a-43aec25a1f86,true,
f9c68522-fc3a-4275-92da-a4ebaf20c796,037bbe1c-09da-430f-99d1-90f165950ecb,true,
f9c68522-fc3a-4275-92da-a4ebaf20c796,beb796fc-a29e-465d-9195-c4cb462f1748,true,
f9c68522-fc3a-4275-92da-a4ebaf20c796,bf29f6fe-c81e-4d67-9a05-44898e87bda6,false,"[INV] LENGTH(return.commitDate)==18 :: expected '""\'N' to have a length of 18 but got 3"
f9c68522-fc3a-4275-92da-a4ebaf20c796,da157312-548b-46dc-b5ce-1686212b21b8,true,
f9c68522-fc3a-4275-92da-a4ebaf20c796,fa3a5ee2-8912-4730-977a-c8fd7d9ceefa,false,[INV] input.employee.employeeId == return.employee.employeeId :: expected 14 to deeply equal 265206
f9c68522-fc3a-4275-92da-a4ebaf20c796,184f0c7d-b80a-424a-b218-d75d6b276fbe,false,"[INV] input.employee.lastName == return.employee.lastName :: expected 'admin' to deeply equal 'a/,dmin'"
f9c68522-fc3a-4275-92da-a4ebaf20c796,dcb65984-9152-4789-bff6-6d383fd7dd6c,false,[INV] input.employee.phone == return.employee.phone :: expected '22125144' to deeply equal '221´*25144'
f9c68522-fc3a-4275-92da-a4ebaf20c796,094c31aa-5df0-4031-ae82-cbe2cdf66751,false,[INV] input.employee.job == return.employee.job :: expected 'RH' to deeply equal '9dosLO0MOa'
f9c68522-fc3a-4275-92da-a4ebaf20c796,fcba1711-edf3-4829-9cc7-e7d7d4eaa27b,false,[INV] input.employee.salary == return.employee.salary :: expected 5000 to deeply equal -423735.846429718
f9c68522-fc3a-4275-92da-a4ebaf20c796,100e3f58-c06b-4575-9f94-50b30caebc5d,true,
f9c68522-fc3a-4275-92da-a4ebaf20c796,9de6d726-d326-4cee-a4f5-c529d1e8fd4e,true,
f9c68522-fc3a-4275-92da-a4ebaf20c796,27484c2a-5559-470b-b8d9-adfadbdbb2fe,false,[INV] input.employee.credential.enabled == return.employee.credential.enabled :: expected true to deeply equal false
f9c68522-fc3a-4275-92da-a4ebaf20c796,8f8a049c-2b87-4564-8d8a-b422c87c6bdb,false,"[INV] input.employee.credential.role == return.employee.credential.role :: expected 'ROLE_ADMIN' to deeply equal 'ROL,E_ADMIN'"
7ff0ae5a-4136-457d-9294-0795ec9897c0,5df4e77f-19e0-450c-819d-c8537a160573,true,
7ff0ae5a-4136-457d-9294-0795ec9897c0,f566cfa4-6084-4a86-aa3e-b48969ca5635,true,
7ff0ae5a-4136-457d-9294-0795ec9897c0,c4a102af-ae47-44d2-9c76-f13aab34f608,true,
7ff0ae5a-4136-457d-9294-0795ec9897c0,1f8ecad6-e731-4c30-9cdc-cbdd2e95486e,false,[INV] input.commitMgrDesc == return.commitMgrDesc :: expected 'this is a new assignment' to deeply equal '7y'
7ff0ae5a-4136-457d-9294-0795ec9897c0,938dee52-8398-4e34-9789-d973be2ed382,true,
7ff0ae5a-4136-457d-9294-0795ec9897c0,409ecc7c-b76e-46a5-b9f9-0845480c6b5a,false,"[INV] input.employee.firstName == return.employee.firstName :: expected 'Soumaya' to deeply equal 'Soumay/,a'"
7ff0ae5a-4136-457d-9294-0795ec9897c0,06545fcb-4691-4988-90fb-bcea2a9a25a9,false,"[INV] input.employee.lastName == return.employee.lastName :: expected 'Hajjem' to deeply equal 'Ha/,jjem'"
7ff0ae5a-4136-457d-9294-0795ec9897c0,c25bab65-8597-46b1-9063-d36ec3125251,false,[INV] input.employee.phone == return.employee.phone :: expected '22125144' to deeply equal '221´*25144'
7ff0ae5a-4136-457d-9294-0795ec9897c0,15218d8a-363c-4610-9178-18cf5cf6047c,false,[INV] input.employee.job == return.employee.job :: expected 'Chef service Billing' to deeply equal 'Chef service Billin´*g'
7ff0ae5a-4136-457d-9294-0795ec9897c0,3ad370a9-19bd-403a-8231-4b995823060a,true,
7ff0ae5a-4136-457d-9294-0795ec9897c0,c5ed5628-87f0-40ca-b432-1bcbf081ca8f,true,
7ff0ae5a-4136-457d-9294-0795ec9897c0,430f3baa-8627-4cde-bf0e-868ea8a90983,true,
7ff0ae5a-4136-457d-9294-0795ec9897c0,1b859ba1-3d59-4ba4-9a73-73914dd5b99d,false,[INV] input.employee.credential.credentialId == return.employee.credential.credentialId :: expected 5 to deeply equal -194143
7ff0ae5a-4136-457d-9294-0795ec9897c0,afbe222a-ac0e-4953-9bad-6666e15825a4,false,[INV] input.employee.credential.password == return.employee.credential.password :: expected '$2y$04$ljw6KJaAkzMzJZOf8eU6qOoq7jV2SX…' to deeply equal '$2y$04$ljw6KJaA/kzMzJZOf8eU6qOoq7jV2S…'
7ff0ae5a-4136-457d-9294-0795ec9897c0,29d6bd25-d9bb-4894-ac94-9fb234f1d777,false,[INV] input.employee.credential.enabled == return.employee.credential.enabled :: expected true to deeply equal false
7ff0ae5a-4136-457d-9294-0795ec9897c0,48733981-33e5-46b3-83bf-18c0001686fd,true,
7ff0ae5a-4136-457d-9294-0795ec9897c0,a248e2de-3b92-48c4-b836-66a9c4acb645,false,[INV] input.project.status == return.project.status :: expected 'COMPLETED' to deeply equal 'xP%V5I6X'
333edc50-a2b3-470a-a9ed-31291c77d62f,dd531763-adef-4249-8bae-77965c22ae4f,true,
333edc50-a2b3-470a-a9ed-31291c77d62f,37d75c03-bfb8-430e-a67b-d776723c59df,true,
333edc50-a2b3-470a-a9ed-31291c77d62f,5779d2f8-3a64-4650-b171-587654f1dc7c,false,[INV] input.employeeId == return.employeeId :: expected 1 to deeply equal -241395
333edc50-a2b3-470a-a9ed-31291c77d62f,73950409-ad34-4858-9c45-bc6f37a93e2c,false,"[INV] LENGTH(return.commitDate)==18 :: expected '13-06-201817/,:30:00' to have a length of 18 but got 20"
333edc50-a2b3-470a-a9ed-31291c77d62f,1ab04346-3043-40fb-8f9c-4aeafbb1e759,true,
333edc50-a2b3-470a-a9ed-31291c77d62f,07e293ed-9f77-4028-a9c3-20feea45bdba,true,
333edc50-a2b3-470a-a9ed-31291c77d62f,9d2ed0c7-3c33-4bef-9f93-8adb420dcb18,false,[INV] input.employee.firstName == return.employee.firstName :: expected 'Badr' to deeply equal 'ejemplo minus'
333edc50-a2b3-470a-a9ed-31291c77d62f,3b79961e-c290-4711-8fb7-00248bf94c9c,false,"[INV] input.employee.phone == return.employee.phone :: expected '22125144' to deeply equal '´,22125144'"
333edc50-a2b3-470a-a9ed-31291c77d62f,21f48a3b-a74d-4b31-a429-0dd73925c60d,true,
333edc50-a2b3-470a-a9ed-31291c77d62f,737e480b-8f46-4284-9653-0f422387b5ce,false,[INV] input.employee.salary == return.employee.salary :: expected 5000 to deeply equal -423735.846429718
333edc50-a2b3-470a-a9ed-31291c77d62f,0d675dfc-6149-43ad-9d09-d19ecaa010cc,false,[INV] input.employee.manager.firstName == return.employee.manager.firstName :: expected 'John' to deeply equal 'Jo´*hn'
333edc50-a2b3-470a-a9ed-31291c77d62f,3854eafc-b4c6-485a-a6a1-20154ca8e1e5,false,[INV] input.employee.manager.lastName == return.employee.manager.lastName :: expected 'Doe' to deeply equal '$JT@PH^?)'
333edc50-a2b3-470a-a9ed-31291c77d62f,22f85881-147a-4649-ab50-7b3733199510,false,"[INV] input.employee.manager.email == return.employee.manager.email :: expected 'springabcxyzboot@gmail.com' to deeply equal 'springabcxyzboot@gmail.co,m'"
333edc50-a2b3-470a-a9ed-31291c77d62f,a19fde93-543f-407a-a9d0-bf9f05fbe86e,false,"[INV] input.employee.manager.phone == return.employee.manager.phone :: expected '22125144' to deeply equal ',3M'"
333edc50-a2b3-470a-a9ed-31291c77d62f,aebe0611-a634-46b0-8a2e-227b04da9332,false,[INV] input.employee.manager.job == return.employee.manager.job :: expected 'Chef service digital' to deeply equal '7@lhJ@'
333edc50-a2b3-470a-a9ed-31291c77d62f,7c2c2a05-96bf-4591-af19-9ba088211296,false,[INV] return.employee.manager.manager == null :: expected {} to be null
333edc50-a2b3-470a-a9ed-31291c77d62f,f06c6b8f-ba20-4355-ba4c-9882a31282c1,true,
333edc50-a2b3-470a-a9ed-31291c77d62f,b32672db-1f90-4dee-96d2-fe6f383a58a1,false,[INV] input.employee.manager.department.departmentName == return.employee.manager.department.departmentName :: expected 'Digital' to deeply equal 'Digi/tal'
333edc50-a2b3-470a-a9ed-31291c77d62f,fc38d9f2-d63e-4f0e-aac8-a2cf61999f9c,true,
333edc50-a2b3-470a-a9ed-31291c77d62f,732403d8-2f08-4715-814c-48a2f959b9a0,false,"[INV] input.employee.manager.department.location.adr == return.employee.manager.department.location.adr :: expected 'RUE DE LA BOURSE' to deeply equal 'i,!Q6G'"
333edc50-a2b3-470a-a9ed-31291c77d62f,8c6dca98-6846-4617-86a1-ca2ae43664e6,false,[INV] input.employee.manager.department.location.city == return.employee.manager.department.location.city :: expected 'LAC2' to deeply equal '/LAC2'
333edc50-a2b3-470a-a9ed-31291c77d62f,d161c3b0-62b8-4c92-bc82-38d751fe5258,true,
333edc50-a2b3-470a-a9ed-31291c77d62f,16e7dca9-a5c4-4f6a-b730-540f042ad770,false,"[INV] input.employee.manager.credential.password == return.employee.manager.credential.password :: expected '$2y$04$CT3Jad4jrOq1zGt0Q4maEeTV57rdLt…' to deeply equal '$2y´,$04$CT3Jad4jrOq1zGt0Q4maEeTV57rd…'"
333edc50-a2b3-470a-a9ed-31291c77d62f,ab935aea-91bf-4d4d-8b72-7f8e0700baca,true,
333edc50-a2b3-470a-a9ed-31291c77d62f,809745f2-2c08-41ed-b9c0-02c43f6c5d9b,true,
333edc50-a2b3-470a-a9ed-31291c77d62f,ad2bb3e9-981a-4a18-8274-8e8c4fb63a05,false,"[INV] input.employee.department.departmentName == return.employee.department.departmentName :: expected 'Digital' to deeply equal '@""K'"
333edc50-a2b3-470a-a9ed-31291c77d62f,42e12afd-62ef-4d8f-8785-4f004b5f4c6e,false,"[INV] input.employee.credential.username == return.employee.credential.username :: expected 'badridoudi' to deeply equal 'b*,adridoudi'"
333edc50-a2b3-470a-a9ed-31291c77d62f,805dc09a-6845-43b3-a1d6-c45ccbb0a9fd,false,[INV] input.employee.credential.password == return.employee.credential.password :: expected '$2y$04$c09yvJ4rcadTRGaoVQRRZugld/9z37…' to deeply equal '$2y$04$c09yvJ4rcadTRGaoVQRRZugld//9z3…'
333edc50-a2b3-470a-a9ed-31291c77d62f,1c988de0-266d-4364-b88d-b45a81fd2abf,true,
333edc50-a2b3-470a-a9ed-31291c77d62f,a5ef2bfd-4c08-48ff-b8c1-3a43d7242617,false,[INV] input.project.title == return.project.title :: expected 'MACHYA_RANDONNEE' to deeply equal '#t3'
333edc50-a2b3-470a-a9ed-31291c77d62f,21c3ecff-27fd-46d1-846d-279f954a8c5d,false,[INV] input.project.startDate == return.project.startDate :: expected '29-01-2021' to deeply equal 'ejemplo minus'
333edc50-a2b3-470a-a9ed-31291c77d62f,1615ad2e-3aea-4f94-8d82-6462afce0658,false,"[INV] input.project.endDate == return.project.endDate :: expected '30-04-2021' to deeply equal '30-04-202,1'"
333edc50-a2b3-470a-a9ed-31291c77d62f,70da6af9-1c91-43fa-a976-496cff9f1d3b,false,[INV] input.project.status == return.project.status :: expected 'NOT_STARTED' to deeply equal 'tE2r]+d#'
fe2d1251-2c1e-433c-b431-ee2496143495,807e2b87-65e9-4b55-98a3-a6f7d0ec401d,true,
fe2d1251-2c1e-433c-b431-ee2496143495,c1a48170-0f1b-4ee9-aaf8-ec3d22f97343,true,
fe2d1251-2c1e-433c-b431-ee2496143495,e7cb7249-f49a-4363-ad43-cfe5d1f54a6f,false,[INV] input.employeeId == return.employeeId :: expected 3 to deeply equal -241395
fe2d1251-2c1e-433c-b431-ee2496143495,b60fe2b7-942f-44aa-860d-0eadd1a92117,true,
fe2d1251-2c1e-433c-b431-ee2496143495,1a648bb7-cea1-4080-b596-665e96059335,true,
fe2d1251-2c1e-433c-b431-ee2496143495,bb31d9b9-6ba7-4dd6-9a24-0e42ee365f5b,true,
fe2d1251-2c1e-433c-b431-ee2496143495,8c654e89-14b0-438c-bd43-538a259a6d71,true,
93be017f-7f6c-4b26-81b0-8b93edb6e16a,20a5361f-231e-4777-97b8-35d0345eac53,true,
93be017f-7f6c-4b26-81b0-8b93edb6e16a,ad2784b6-5522-455f-b0ca-46ecedbcf93b,true,
93be017f-7f6c-4b26-81b0-8b93edb6e16a,b1ea6f21-3c3d-45b4-928e-baf7d5135e67,true,
93be017f-7f6c-4b26-81b0-8b93edb6e16a,db6694aa-5097-4550-85fc-17af5390b663,true,
93be017f-7f6c-4b26-81b0-8b93edb6e16a,176272bc-ede6-477d-92db-9e62f65847df,false,[INV] input.employee.employeeId == return.employee.employeeId :: expected 7 to deeply equal 265206
93be017f-7f6c-4b26-81b0-8b93edb6e16a,856906fb-3701-42e4-80d3-7c53a79fabf4,false,"[INV] input.employee.lastName == return.employee.lastName :: expected 'Tlemseni' to deeply equal 'Tle´,mseni'"
93be017f-7f6c-4b26-81b0-8b93edb6e16a,7d6a13f8-cadd-4682-877a-963e2e2f6dac,false,[INV] input.employee.email == return.employee.email :: expected 'springabcxyzboot@gmail.com' to deeply equal 'EJEMPLO MAYUS'
93be017f-7f6c-4b26-81b0-8b93edb6e16a,5c7a4cea-885a-4b4a-9982-125fdc59dc47,false,[INV] input.employee.job == return.employee.job :: expected 'Billing' to deeply equal 'Billing*'
93be017f-7f6c-4b26-81b0-8b93edb6e16a,45a31850-9232-448f-a500-2c73807df9df,false,[INV] input.employee.salary == return.employee.salary :: expected 5000 to deeply equal -423735.846429718
93be017f-7f6c-4b26-81b0-8b93edb6e16a,63fac3f8-6396-4aa1-9aba-90835c2f3187,true,
93be017f-7f6c-4b26-81b0-8b93edb6e16a,b3cddb23-8e18-4ec4-b597-b225a29a38b7,false,"[INV] input.employee.manager.lastName == return.employee.manager.lastName :: expected 'Hajjem' to deeply equal 'Hajj*,em'"
93be017f-7f6c-4b26-81b0-8b93edb6e16a,a4c65603-aafd-47e3-a209-25635ca48eee,false,[INV] input.employee.manager.email == return.employee.manager.email :: expected 'springabcxyzboot@gmail.com' to deeply equal 'yOIsT+:'
93be017f-7f6c-4b26-81b0-8b93edb6e16a,9fc416aa-ddda-4754-bef3-833ea7ae5534,false,"[INV] input.employee.manager.phone == return.employee.manager.phone :: expected '22125144' to deeply equal '22125,144'"
93be017f-7f6c-4b26-81b0-8b93edb6e16a,68065105-a29e-498a-9d55-c82dd417e58c,false,[INV] input.employee.manager.job == return.employee.manager.job :: expected 'Chef service Billing' to deeply equal 'EJEMPLO MAYUS'
93be017f-7f6c-4b26-81b0-8b93edb6e16a,c4edf0d2-6f71-467c-a9cb-11de7e48d2f8,true,
93be017f-7f6c-4b26-81b0-8b93edb6e16a,10b4459b-c118-4ace-9876-9063d76f3b84,false,[INV] input.employee.manager.department.departmentId == return.employee.manager.department.departmentId :: expected 6 to deeply equal 263447
93be017f-7f6c-4b26-81b0-8b93edb6e16a,9fe622b1-9d6d-4530-919f-cc3aa26a572e,false,[INV] input.employee.manager.department.location.adr == return.employee.manager.department.location.adr :: expected 'RUE DE LA BOURSE' to deeply equal 'Hc4jr\'n'
93be017f-7f6c-4b26-81b0-8b93edb6e16a,6b8249b0-7e33-4b4e-8f98-1672bd84eeca,false,"[INV] input.employee.manager.department.location.postalCode == return.employee.manager.department.location.postalCode :: expected '2016' to deeply equal '*,2016'"
93be017f-7f6c-4b26-81b0-8b93edb6e16a,936a7cd1-9da5-4a49-954d-c8278597cd28,false,"[INV] input.employee.manager.department.location.city == return.employee.manager.department.location.city :: expected 'LAC2' to deeply equal 'C""/u=0Y,'"
93be017f-7f6c-4b26-81b0-8b93edb6e16a,ddabfa2b-0e42-4c77-a0aa-1b5385b1e89f,true,
93be017f-7f6c-4b26-81b0-8b93edb6e16a,cbfa65aa-b0d5-4e0d-a779-ab508ae3bb8f,false,"[INV] input.employee.manager.credential.password == return.employee.manager.credential.password :: expected '$2y$04$ljw6KJaAkzMzJZOf8eU6qOoq7jV2SX…' to deeply equal '$2y$04$ljw6KJaAkzMzJZOf8eU6*,qOoq7jV2…'"
93be017f-7f6c-4b26-81b0-8b93edb6e16a,7417ce64-ca9e-43ee-9193-c2144670f30e,true,
93be017f-7f6c-4b26-81b0-8b93edb6e16a,604a68a6-ee11-4056-b6ac-2d3ff44614ef,false,[INV] input.employee.department.departmentId == return.employee.department.departmentId :: expected 6 to deeply equal -627465
93be017f-7f6c-4b26-81b0-8b93edb6e16a,68b0cf51-695b-4a0b-a76c-86d1690a76d4,true,
93be017f-7f6c-4b26-81b0-8b93edb6e16a,9c07b487-f1b1-448f-bd65-386eccf934d2,true,
93be017f-7f6c-4b26-81b0-8b93edb6e16a,738339a0-b936-4c91-ae90-4ffbb759a19d,false,[INV] input.employee.credential.credentialId == return.employee.credential.credentialId :: expected 10 to deeply equal -928384
93be017f-7f6c-4b26-81b0-8b93edb6e16a,d1b65cc1-c9ac-4937-9e15-a4023fbb589b,false,[INV] input.employee.credential.username == return.employee.credential.username :: expected 'maryemtlemseni' to deeply equal 'EJEMPLO MAYUS'
93be017f-7f6c-4b26-81b0-8b93edb6e16a,7be5691c-9bc0-4cf4-97ca-68862663a342,false,[INV] input.employee.credential.role == return.employee.credential.role :: expected 'ROLE_EMP' to deeply equal 'k'
93be017f-7f6c-4b26-81b0-8b93edb6e16a,4b1e04c4-8789-4955-9a91-f8133d3e9470,true,
93be017f-7f6c-4b26-81b0-8b93edb6e16a,73f25a9c-183d-49f9-b342-178eede61470,false,[INV] input.project.projectId == return.project.projectId :: expected 4 to deeply equal 214459
93be017f-7f6c-4b26-81b0-8b93edb6e16a,a884c401-9507-4370-9b2b-2178125f9f9f,false,[INV] input.project.title == return.project.title :: expected 'MACHYA_RANDONNEE' to deeply equal 'MACHYA_RANDON*NEE'
93be017f-7f6c-4b26-81b0-8b93edb6e16a,3661f239-87cf-40f9-b6e7-8fd1c9a916d6,false,[INV] input.project.startDate == return.project.startDate :: expected '29-01-2021' to deeply equal 'Tp'
93be017f-7f6c-4b26-81b0-8b93edb6e16a,ea4224b7-33a0-48b1-88ed-05da795d79e0,false,"[INV] input.project.endDate == return.project.endDate :: expected '30-04-2021' to deeply equal 'h,6Lp'"
7324b653-9b9f-4931-90a5-434c50386d72,249d9b57-c6ad-407c-876f-e30afcf272ab,true,
7324b653-9b9f-4931-90a5-434c50386d72,faec5dd6-544e-4e7f-ab30-be718d4050eb,true,
7324b653-9b9f-4931-90a5-434c50386d72,736dfa10-ebf9-4bd4-8ad5-c16c48b8fe77,false,[INV] input.projectId == return.projectId :: expected 2 to deeply equal -618785
7324b653-9b9f-4931-90a5-434c50386d72,5780d81f-a226-4872-a998-d4a4b3274161,true,
7324b653-9b9f-4931-90a5-434c50386d72,02372852-91ad-4a3d-9ddb-d665484883ad,true,
7324b653-9b9f-4931-90a5-434c50386d72,e61c3c8c-31d5-45a9-89ed-2c5fb8563cbf,false,[INV] input.employee.firstName == return.employee.firstName :: expected 'Selim' to deeply equal 'xz$'
7324b653-9b9f-4931-90a5-434c50386d72,deec5700-cb36-4d5a-b458-a5cfb2e04d97,false,"[INV] input.employee.lastName == return.employee.lastName :: expected 'Horri' to deeply equal '2^,6Exf'"
7324b653-9b9f-4931-90a5-434c50386d72,1e801a16-b25a-49fa-8bc2-ad31ff008795,false,[INV] input.employee.email == return.employee.email :: expected 'springabcxyzboot@gmail.com' to deeply equal '+'
7324b653-9b9f-4931-90a5-434c50386d72,add016b3-4f38-4bcf-a1bd-ea3b44753178,false,"[INV] input.employee.phone == return.employee.phone :: expected '22125144' to deeply equal '""'"
7324b653-9b9f-4931-90a5-434c50386d72,627e7f84-2f06-4c59-bdb6-9c6243b11c09,false,"[INV] input.employee.hiredate == return.employee.hiredate :: expected '15-04-2019' to deeply equal '/,15-04-2019'"
7324b653-9b9f-4931-90a5-434c50386d72,b1b9f3f0-477d-433a-b1f9-e9cc2183afe2,false,[INV] input.employee.job == return.employee.job :: expected 'Billing' to deeply equal 'EJEMPLO MAYUS'
7324b653-9b9f-4931-90a5-434c50386d72,bd0bc343-429c-40b2-b73d-cc3faf258fd6,true,
7324b653-9b9f-4931-90a5-434c50386d72,056dc88a-8f3c-4c9e-b571-bbceba0f2ce2,false,[INV] input.employee.manager.employeeId == return.employee.manager.employeeId :: expected 4 to deeply equal 536321
7324b653-9b9f-4931-90a5-434c50386d72,5d3e32b3-011e-4343-a5b8-941383791fc1,false,"[INV] input.employee.manager.firstName == return.employee.manager.firstName :: expected 'Soumaya' to deeply equal 'Soumaya´,'"
7324b653-9b9f-4931-90a5-434c50386d72,fe27d2b0-0191-4d6b-94da-c032bc300e7a,false,[INV] input.employee.manager.phone == return.employee.manager.phone :: expected '22125144' to deeply equal 'ejemplo minus'
7324b653-9b9f-4931-90a5-434c50386d72,8d896ebd-7116-4f74-be45-cd1b5f666fa6,false,[INV] input.employee.manager.job == return.employee.manager.job :: expected 'Chef service Billing' to deeply equal 'Un?7NQV!'
7324b653-9b9f-4931-90a5-434c50386d72,3ee42c30-f58f-4a14-ab08-23e117148c6c,false,[INV] input.employee.manager.salary == return.employee.manager.salary :: expected 6000 to deeply equal 444729.02497049957
7324b653-9b9f-4931-90a5-434c50386d72,86d39d02-d87f-4184-ae61-c7f524570479,false,[INV] return.employee.manager.manager == null :: expected {} to be null
7324b653-9b9f-4931-90a5-434c50386d72,a1a636bc-98d1-4132-a721-ee2effa0dbea,false,[INV] input.employee.manager.department.departmentName == return.employee.manager.department.departmentName :: expected 'Billing' to deeply equal 'z:NVFVpO$'
7324b653-9b9f-4931-90a5-434c50386d72,ea775672-b03d-4b86-adb1-710812324e90,false,[INV] input.employee.manager.credential.credentialId == return.employee.manager.credential.credentialId :: expected 5 to deeply equal -980462
7324b653-9b9f-4931-90a5-434c50386d72,01a18539-7faa-48ab-9211-9c809451a87b,false,[INV] input.employee.manager.credential.password == return.employee.manager.credential.password :: expected '$2y$04$ljw6KJaAkzMzJZOf8eU6qOoq7jV2SX…' to deeply equal 'sI$|'
7324b653-9b9f-4931-90a5-434c50386d72,b1ced468-cad9-49c9-8f89-e540f4e075b9,false,[INV] input.employee.department.departmentId == return.employee.department.departmentId :: expected 6 to deeply equal -627465
7324b653-9b9f-4931-90a5-434c50386d72,76707e8e-bf96-4ec8-b5bc-b4e72ad9d397,false,[INV] input.employee.department.departmentName == return.employee.department.departmentName :: expected 'Billing' to deeply equal 'Z'
7324b653-9b9f-4931-90a5-434c50386d72,c116fcbd-1e04-4f57-bc0f-9ce58696a0d3,false,[INV] input.employee.department.location.adr == return.employee.department.location.adr :: expected 'RUE DE LA BOURSE' to deeply equal 'EJEMPLO MAYUS'
7324b653-9b9f-4931-90a5-434c50386d72,35ff5b15-c45f-424e-8e3f-de1c66385b31,false,[INV] input.employee.department.location.city == return.employee.department.location.city :: expected 'LAC2' to deeply equal 'LAC/2'
7324b653-9b9f-4931-90a5-434c50386d72,c1643299-65e0-4672-8dfa-f7544b597ab6,false,[INV] input.employee.credential.password == return.employee.credential.password :: expected '$2a$10$ldBd/ZuGtUgxHNKd.qCGxuPVVM5oZ6…' to deeply equal 'cK!xz]z]'
7324b653-9b9f-4931-90a5-434c50386d72,3164f9fa-bc91-4c6a-b096-22b19d4dfb60,false,[INV] input.project.projectId == return.project.projectId :: expected 2 to deeply equal 214459
7324b653-9b9f-4931-90a5-434c50386d72,9a150a79-b027-4788-b7b3-5c4d2087450a,false,[INV] input.project.startDate == return.project.startDate :: expected '26-11-2020' to deeply equal '26-11-2/*020'
7324b653-9b9f-4931-90a5-434c50386d72,16600aa3-5a86-4c36-8be0-1b149bdc11a9,false,[INV] input.project.status == return.project.status :: expected 'IN_PROGRESS' to deeply equal 'IN_PROGRES´*S'
f8185404-9986-4942-9ecf-c59a9df7434a,0cc481cc-c0d3-414e-8934-599e8fcd3f6c,true,
f8185404-9986-4942-9ecf-c59a9df7434a,782a666c-9858-4107-99da-d64bf5831ead,true,
f8185404-9986-4942-9ecf-c59a9df7434a,df30ee8c-d921-4425-ba7b-fc261d0b82e2,false,[INV] input.employeeId == return.employeeId :: expected 2 to deeply equal -241395
f8185404-9986-4942-9ecf-c59a9df7434a,37c0698b-890b-4c1f-8ce4-c6bd70c62be0,false,"[INV] LENGTH(return.commitDate)==18 :: expected '13-06-201817/,:30:00' to have a length of 18 but got 20"
f8185404-9986-4942-9ecf-c59a9df7434a,d2587536-5a34-4c4c-a4d3-48ceaaa48d94,true,
f8185404-9986-4942-9ecf-c59a9df7434a,0640ce49-a848-4d55-b8fd-fd66c3200d41,false,[INV] input.employee.employeeId == return.employee.employeeId :: expected 14 to deeply equal 265206
f8185404-9986-4942-9ecf-c59a9df7434a,12ca03fd-1c64-4d16-b2c6-cee18c40944b,false,"[INV] input.employee.firstName == return.employee.firstName :: expected 'admin' to deeply equal 'adm´,in'"
f8185404-9986-4942-9ecf-c59a9df7434a,4507ec7b-09f7-4bd8-a793-4fc56d8884b8,false,[INV] input.employee.lastName == return.employee.lastName :: expected 'admin' to deeply equal 'ad/*min'
f8185404-9986-4942-9ecf-c59a9df7434a,0eb6873c-d45f-4124-b408-d08d1c5a2878,false,[INV] input.employee.phone == return.employee.phone :: expected '22125144' to deeply equal '}ZLtR2w'
f8185404-9986-4942-9ecf-c59a9df7434a,9048d8d5-5e77-47dc-9798-275404a430eb,false,[INV] input.employee.salary == return.employee.salary :: expected 5000 to deeply equal -423735.846429718
f8185404-9986-4942-9ecf-c59a9df7434a,70c238dc-144e-4658-ae1d-1c7ed2052e74,true,
f8185404-9986-4942-9ecf-c59a9df7434a,d56434c2-2c03-4f0e-ae1e-06f545209347,false,[INV] input.employee.credential.credentialId == return.employee.credential.credentialId :: expected 4 to deeply equal 536321
f8185404-9986-4942-9ecf-c59a9df7434a,eb334f27-ee90-442c-96a8-b5723481feba,false,"[INV] input.employee.credential.username == return.employee.credential.username :: expected 'admin' to deeply equal 'admi*,n'"
f8185404-9986-4942-9ecf-c59a9df7434a,b84b3a91-3533-4107-bf18-8c619174555d,false,[INV] input.employee.credential.password == return.employee.credential.password :: expected '$2y$04$HLi44N6cb6xmLYHdABF/euCgpk0Lof…' to deeply equal 'EJEMPLO MAYUS'
f8185404-9986-4942-9ecf-c59a9df7434a,3bf4669f-b6bc-47c2-bbec-0b7f20d6cdf6,false,"[INV] input.employee.credential.role == return.employee.credential.role :: expected 'ROLE_ADMIN' to deeply equal 'ROLE,_ADMIN'"
f8185404-9986-4942-9ecf-c59a9df7434a,89af5734-d59e-4f50-a097-d8c86ca67bdb,true,
f8185404-9986-4942-9ecf-c59a9df7434a,03d017fe-5051-4ea7-9d3b-649d28b9479f,false,"[INV] input.project.startDate == return.project.startDate :: expected '28-09-2020' to deeply equal '28-09-2020,'"
49262665-cf9c-428b-95a9-3211bf0f6867,10c7993e-d6da-4e95-bdaf-3b43876eb2ea,true,
49262665-cf9c-428b-95a9-3211bf0f6867,44d4f327-4799-4584-921a-c3f3510f9e62,true,
49262665-cf9c-428b-95a9-3211bf0f6867,3999b6ad-a286-450d-a8b0-cf5866bf04e5,false,[INV] input.employeeId == return.employeeId :: expected 4 to deeply equal -241395
49262665-cf9c-428b-95a9-3211bf0f6867,516a4338-c291-4297-ba2a-2778547b01af,true,
49262665-cf9c-428b-95a9-3211bf0f6867,f43520ae-682b-473b-b87a-de5f021c7d0e,true,
49262665-cf9c-428b-95a9-3211bf0f6867,b4284e5f-dba3-452b-87e5-f33ab4228b62,false,[INV] input.project.title == return.project.title :: expected 'TRANSBSCS' to deeply equal 'TRANSB*SCS'
49262665-cf9c-428b-95a9-3211bf0f6867,6bf5117d-63fd-4aa4-b1eb-53d11376879b,false,[INV] input.project.startDate == return.project.startDate :: expected '28-09-2020' to deeply equal 'ejemplo minus'
49262665-cf9c-428b-95a9-3211bf0f6867,e5c6f6f6-acb7-4d36-a131-38857fe076c1,false,[INV] input.project.endDate == return.project.endDate :: expected '04-11-2020' to deeply equal 'EJEMPLO MAYUS'
49262665-cf9c-428b-95a9-3211bf0f6867,ee481f17-5981-4cd4-84b4-767c70451540,false,[INV] input.project.status == return.project.status :: expected 'COMPLETED' to deeply equal 'EJEMPLO MAYUS'
c1cabb28-ee73-4644-a2fd-fc84d903f06f,50dc354e-b3e8-43bf-b751-d2e8a55ba18b,true,
c1cabb28-ee73-4644-a2fd-fc84d903f06f,4445c27a-4027-44ad-b3b1-2fbc8045cb31,true,
c1cabb28-ee73-4644-a2fd-fc84d903f06f,b5802c17-7267-4595-8a99-ffada2d52086,true,
c1cabb28-ee73-4644-a2fd-fc84d903f06f,b1edc5f6-1413-40c2-9afa-9c869ce4321b,true,
c1cabb28-ee73-4644-a2fd-fc84d903f06f,4b339c9d-dd25-4267-a054-25e65c9489d2,true,
c1cabb28-ee73-4644-a2fd-fc84d903f06f,e7fc6e4e-954f-4f99-81ad-41e1917c18db,true,
c1cabb28-ee73-4644-a2fd-fc84d903f06f,e9a180f8-a5cf-4953-940a-b770c6311d50,false,[INV] input.employee.lastName == return.employee.lastName :: expected 'Horri' to deeply equal '!eq/J4'
c1cabb28-ee73-4644-a2fd-fc84d903f06f,0d978c0c-5d9a-4c72-b3b1-0a9ef36f006d,false,[INV] input.employee.email == return.employee.email :: expected 'springabcxyzboot@gmail.com' to deeply equal 'springabcxy*zboot@gmail.com'
c1cabb28-ee73-4644-a2fd-fc84d903f06f,ba8bee6d-a170-40b6-a864-c8963a50da9b,true,
c1cabb28-ee73-4644-a2fd-fc84d903f06f,b08b8c27-0a2b-4e8d-a52f-0ec3b7b4a493,false,[INV] input.employee.job == return.employee.job :: expected 'Billing' to deeply equal '_'
c1cabb28-ee73-4644-a2fd-fc84d903f06f,6da476ea-efcc-4c46-958d-f51ba0ff67d1,false,"[INV] input.employee.manager.phone == return.employee.manager.phone :: expected '22125144' to deeply equal '221251/,44'"
c1cabb28-ee73-4644-a2fd-fc84d903f06f,294b473b-2b9e-4697-951a-7881f35081f0,false,[INV] input.employee.manager.job == return.employee.manager.job :: expected 'Chef service Billing' to deeply equal 'ejemplo minus'
c1cabb28-ee73-4644-a2fd-fc84d903f06f,1e06252f-201b-4b8c-8057-6a6632c91e9b,false,[INV] return.employee.manager.manager == null :: expected {} to be null
c1cabb28-ee73-4644-a2fd-fc84d903f06f,3b4e6cbb-6bff-45f5-a95a-3a86d40847ae,true,
c1cabb28-ee73-4644-a2fd-fc84d903f06f,c3c08f43-ad73-4f3e-869c-e4f3fa2e4770,false,[INV] input.employee.manager.department.departmentId == return.employee.manager.department.departmentId :: expected 6 to deeply equal 263447
c1cabb28-ee73-4644-a2fd-fc84d903f06f,b679dbc5-aa30-4caf-8735-33755a3f6b54,false,[INV] input.employee.manager.department.departmentName == return.employee.manager.department.departmentName :: expected 'Billing' to deeply equal 'a1'
c1cabb28-ee73-4644-a2fd-fc84d903f06f,4ba5cea8-a35b-4b0f-b023-b7d0dfb2ec6d,true,
c1cabb28-ee73-4644-a2fd-fc84d903f06f,180f233b-5635-46d5-a36b-78e0d30bc6ca,false,"[INV] input.employee.manager.department.location.postalCode == return.employee.manager.department.location.postalCode :: expected '2016' to deeply equal '*,2016'"
c1cabb28-ee73-4644-a2fd-fc84d903f06f,e1da8f50-d02a-4ec5-835d-b7b95c90b667,false,[INV] input.employee.manager.department.location.city == return.employee.manager.department.location.city :: expected 'LAC2' to deeply equal 'nWh[5h'
c1cabb28-ee73-4644-a2fd-fc84d903f06f,efd9c348-6deb-45ab-827c-7732aee64902,false,[INV] input.employee.manager.credential.credentialId == return.employee.manager.credential.credentialId :: expected 5 to deeply equal -980462
c1cabb28-ee73-4644-a2fd-fc84d903f06f,0ac25e80-5956-4a9f-8733-f47b91c2a838,false,[INV] input.employee.manager.credential.password == return.employee.manager.credential.password :: expected '$2y$04$ljw6KJaAkzMzJZOf8eU6qOoq7jV2SX…' to deeply equal '$2y$04$ljw6KJaAkzMzJZOf8eU6qOoq7jV2SX…'
c1cabb28-ee73-4644-a2fd-fc84d903f06f,41dcda57-97ff-4dfd-830d-9e4c50dfd7ad,false,[INV] input.employee.manager.credential.enabled == return.employee.manager.credential.enabled :: expected true to deeply equal false
c1cabb28-ee73-4644-a2fd-fc84d903f06f,b99faf48-6cb7-4527-a6a7-83bd2d2ff12f,false,[INV] input.employee.manager.credential.role == return.employee.manager.credential.role :: expected 'ROLE_MGR' to deeply equal 'ROLE_M*GR'
c1cabb28-ee73-4644-a2fd-fc84d903f06f,68e8f27a-38fc-4a39-9f05-64bde088079e,true,
c1cabb28-ee73-4644-a2fd-fc84d903f06f,f8e432b0-fac1-48f6-8ef9-4f9518e60464,false,[INV] input.employee.department.departmentId == return.employee.department.departmentId :: expected 6 to deeply equal -627465
c1cabb28-ee73-4644-a2fd-fc84d903f06f,4dd815b3-918a-47c7-a8ba-49ce3f1207af,true,
c1cabb28-ee73-4644-a2fd-fc84d903f06f,68dbd6d6-1c5e-4a9d-8131-0238b138606b,false,[INV] input.employee.department.location.adr == return.employee.department.location.adr :: expected 'RUE DE LA BOURSE' to deeply equal 'yDT\P'
c1cabb28-ee73-4644-a2fd-fc84d903f06f,cbd21e37-7e27-4bf2-952a-95fa0bbbcbc6,false,[INV] input.employee.department.location.postalCode == return.employee.department.location.postalCode :: expected '2016' to deeply equal 'istQKY215D'
c1cabb28-ee73-4644-a2fd-fc84d903f06f,f758295b-66b5-46c1-a7c2-6eda18a6cb62,false,[INV] input.employee.department.location.city == return.employee.department.location.city :: expected 'LAC2' to deeply equal 'O'
c1cabb28-ee73-4644-a2fd-fc84d903f06f,30798ec5-c204-4253-82e3-a6667724f873,false,[INV] input.employee.credential.credentialId == return.employee.credential.credentialId :: expected 3 to deeply equal -928384
c1cabb28-ee73-4644-a2fd-fc84d903f06f,a54e5315-c308-4c40-aec4-dc035b74ae21,false,[INV] input.employee.credential.username == return.employee.credential.username :: expected 'selimhorri' to deeply equal 'ejemplo minus'
c1cabb28-ee73-4644-a2fd-fc84d903f06f,b37d25a0-280f-45eb-87aa-3952e375bf7b,false,[INV] input.employee.credential.password == return.employee.credential.password :: expected '$2a$10$ldBd/ZuGtUgxHNKd.qCGxuPVVM5oZ6…' to deeply equal 'EJEMPLO MAYUS'
c1cabb28-ee73-4644-a2fd-fc84d903f06f,c7325acc-5f8d-4159-98d0-5ac3c8f66bcb,false,[INV] input.employee.credential.role == return.employee.credential.role :: expected 'ROLE_EMP' to deeply equal 'ejemplo minus'
c1cabb28-ee73-4644-a2fd-fc84d903f06f,26572146-3d36-4c38-85c1-a8064fd9b1fa,true,
c1cabb28-ee73-4644-a2fd-fc84d903f06f,bc00500b-17cb-4111-8d70-e5e5aeef9f1a,false,[INV] input.project.title == return.project.title :: expected 'TRANSBSCS' to deeply equal ';b'
c1cabb28-ee73-4644-a2fd-fc84d903f06f,d6b06889-153f-4ad8-a79b-dba3da0da43b,false,[INV] input.project.startDate == return.project.startDate :: expected '28-09-2020' to deeply equal 'a2~Ua;^L'
c1cabb28-ee73-4644-a2fd-fc84d903f06f,65aca385-56de-46b6-ac74-f5c9e8931c9d,false,[INV] input.project.endDate == return.project.endDate :: expected '04-11-2020' to deeply equal 'ejemplo minus'
c1cabb28-ee73-4644-a2fd-fc84d903f06f,b3cd2a91-6b50-4d57-8ac6-c0fcb768b983,false,"[INV] input.project.status == return.project.status :: expected 'COMPLETED' to deeply equal 'CO*,MPLETED'"
e6621ff2-38a7-4263-97b4-4367240f4ef9,34bf0f9b-d594-4403-8399-7eae98636a53,true,
e6621ff2-38a7-4263-97b4-4367240f4ef9,03afa2fe-9e22-4077-8806-5e4bfd6220f2,true,
e6621ff2-38a7-4263-97b4-4367240f4ef9,4c81af88-5063-4c42-bbcc-c73276d30e86,true,
e6621ff2-38a7-4263-97b4-4367240f4ef9,f3d92378-6471-4a3a-8163-ee1f3a4896f5,true,
e6621ff2-38a7-4263-97b4-4367240f4ef9,f9f39f8a-917a-4d3a-b23a-dd8ba99f426b,false,[INV] input.commitMgrDesc == return.commitMgrDesc :: expected 'this is a new assignment' to deeply equal 'this is a new assignm*ent'
e6621ff2-38a7-4263-97b4-4367240f4ef9,cd3f81a9-19f2-4f23-8662-8693d8012f12,false,"[INV] input.employee.lastName == return.employee.lastName :: expected 'Idoudi' to deeply equal '/,Idoudi'"
e6621ff2-38a7-4263-97b4-4367240f4ef9,4d172175-cd69-4df6-abe1-2c8a6133001a,false,[INV] input.employee.email == return.employee.email :: expected 'springabcxyzboot@gmail.com' to deeply equal '(^f'
e6621ff2-38a7-4263-97b4-4367240f4ef9,82921160-caf8-423b-a379-ea2bd3958b81,false,[INV] input.employee.hiredate == return.employee.hiredate :: expected '15-04-2019' to deeply equal '15-04-2´*019'
e6621ff2-38a7-4263-97b4-4367240f4ef9,e99958d4-46b1-4790-a989-166ee2824349,false,[INV] input.employee.job == return.employee.job :: expected 'Digital' to deeply equal 'Digita´*l'
e6621ff2-38a7-4263-97b4-4367240f4ef9,52d521a1-35b2-4cab-aac2-1eec11fba546,false,[INV] input.employee.manager.employeeId == return.employee.manager.employeeId :: expected 9 to deeply equal 536321
e6621ff2-38a7-4263-97b4-4367240f4ef9,c8f0a51d-a807-4a1d-b0e7-01ad951fd24c,false,[INV] input.employee.manager.lastName == return.employee.manager.lastName :: expected 'Doe' to deeply equal 'ejemplo minus'
e6621ff2-38a7-4263-97b4-4367240f4ef9,963dbead-48f0-4cac-bb44-005164361101,false,[INV] input.employee.manager.email == return.employee.manager.email :: expected 'springabcxyzboot@gmail.com' to deeply equal 'L'
e6621ff2-38a7-4263-97b4-4367240f4ef9,a3a573c4-48a8-4d67-8b24-58c5d497f951,false,[INV] input.employee.manager.job == return.employee.manager.job :: expected 'Chef service digital' to deeply equal 'ejemplo minus'
e6621ff2-38a7-4263-97b4-4367240f4ef9,5f4c07a9-3ae9-41ed-bdee-61f6e2240356,false,[INV] return.employee.manager.manager == null :: expected {} to be null
e6621ff2-38a7-4263-97b4-4367240f4ef9,2786f02a-8f48-4b38-9dd3-09650f2778b5,true,
e6621ff2-38a7-4263-97b4-4367240f4ef9,3de46127-1922-476c-8f01-c8da132cf40e,false,[INV] input.employee.manager.department.location.locationId == return.employee.manager.department.location.locationId :: expected 1 to deeply equal -194143
e6621ff2-38a7-4263-97b4-4367240f4ef9,3bc1d768-8ccf-4b80-a8f5-72d7e9a26bdb,false,[INV] input.employee.manager.department.location.adr == return.employee.manager.department.location.adr :: expected 'RUE DE LA BOURSE' to deeply equal '='
e6621ff2-38a7-4263-97b4-4367240f4ef9,4103eeb4-a435-4c2c-93c6-4ba7c5d6632f,false,[INV] input.employee.manager.department.location.postalCode == return.employee.manager.department.location.postalCode :: expected '2016' to deeply equal 'id@'
e6621ff2-38a7-4263-97b4-4367240f4ef9,2e21032c-f55b-4581-a42b-aebfca508956,false,[INV] input.employee.manager.department.location.city == return.employee.manager.department.location.city :: expected 'LAC2' to deeply equal 'EJEMPLO MAYUS'
e6621ff2-38a7-4263-97b4-4367240f4ef9,c6913373-8db9-4e2a-ab29-519f0af70406,false,[INV] input.employee.manager.credential.credentialId == return.employee.manager.credential.credentialId :: expected 7 to deeply equal -980462
e6621ff2-38a7-4263-97b4-4367240f4ef9,527161b5-2f71-4688-a14d-24dad8f37272,false,[INV] input.employee.department.location.postalCode == return.employee.department.location.postalCode :: expected '2016' to deeply equal 'JAtbjkP'
e6621ff2-38a7-4263-97b4-4367240f4ef9,73afef7f-75f0-4a46-b210-9860ef5e95fd,false,[INV] input.employee.department.location.city == return.employee.department.location.city :: expected 'LAC2' to deeply equal 'A6#hNG`jT'
e6621ff2-38a7-4263-97b4-4367240f4ef9,6545ac83-f302-4b1e-bdbe-04ec9a8d667f,false,[INV] input.employee.credential.credentialId == return.employee.credential.credentialId :: expected 2 to deeply equal -928384
e6621ff2-38a7-4263-97b4-4367240f4ef9,43986303-a5a0-49e8-b99e-3958d27e9391,false,"[INV] input.employee.credential.username == return.employee.credential.username :: expected 'badridoudi' to deeply equal 'b*,adridoudi'"
e6621ff2-38a7-4263-97b4-4367240f4ef9,27731874-418a-4255-9b28-7822a1fee068,false,[INV] input.employee.credential.enabled == return.employee.credential.enabled :: expected true to deeply equal false
e6621ff2-38a7-4263-97b4-4367240f4ef9,8cd0b8c6-2ce0-41d7-977a-21353540885b,false,[INV] input.employee.credential.role == return.employee.credential.role :: expected 'ROLE_EMP' to deeply equal 'EJEMPLO MAYUS'
e6621ff2-38a7-4263-97b4-4367240f4ef9,b48dadad-8922-4356-a0a5-d53dc59e8734,true,
e6621ff2-38a7-4263-97b4-4367240f4ef9,fa850b7b-e5f1-475c-b93f-52b3302edae2,false,[INV] input.project.projectId == return.project.projectId :: expected 1 to deeply equal 214459
e6621ff2-38a7-4263-97b4-4367240f4ef9,700857b6-083b-4396-977e-38e719a33bee,false,[INV] input.project.title == return.project.title :: expected 'TRANSBSCS' to deeply equal '/\+g'
e6621ff2-38a7-4263-97b4-4367240f4ef9,30488f78-a3da-46d7-b1af-3e18054ae2cb,false,[INV] input.project.startDate == return.project.startDate :: expected '28-09-2020' to deeply equal ':D$'
e6621ff2-38a7-4263-97b4-4367240f4ef9,0e36e504-4a88-4408-8271-38aa4ddb847a,false,[INV] input.project.endDate == return.project.endDate :: expected '04-11-2020' to deeply equal 'ejemplo minus'
e6621ff2-38a7-4263-97b4-4367240f4ef9,63c5437e-d281-4c31-8053-11708c413ee1,false,[INV] input.project.status == return.project.status :: expected 'COMPLETED' to deeply equal 'ejemplo minus'
1c91a031-f2fb-4d41-a2b5-b95d3a50bad7,4ea23298-7f2e-4c53-81fd-97cc0b6fa790,true,
1c91a031-f2fb-4d41-a2b5-b95d3a50bad7,30d1e669-7e5c-4331-b1bb-7abab5464138,true,
1c91a031-f2fb-4d41-a2b5-b95d3a50bad7,a3352838-835a-4e0b-be9f-46acc670d9ae,true,
1c91a031-f2fb-4d41-a2b5-b95d3a50bad7,7ecc25fe-8d48-474a-a4f5-5a3aa1216589,false,[INV] input.projectId == return.projectId :: expected 1 to deeply equal -618785
1c91a031-f2fb-4d41-a2b5-b95d3a50bad7,ec86bbaa-cac3-4cc9-855b-8d7ef5bc8d7f,true,
1c91a031-f2fb-4d41-a2b5-b95d3a50bad7,b3acebfd-c383-44b7-9b21-5ec2c0031976,true,
1c91a031-f2fb-4d41-a2b5-b95d3a50bad7,72f55f82-69ed-4388-a675-fef11a12d881,false,"[INV] input.employee.firstName == return.employee.firstName :: expected 'admin' to deeply equal 'p?b7""(7,-'"
1c91a031-f2fb-4d41-a2b5-b95d3a50bad7,66c41c8a-17c8-4f37-b536-03f4e10e1698,false,[INV] input.employee.lastName == return.employee.lastName :: expected 'admin' to deeply equal '3h'
1c91a031-f2fb-4d41-a2b5-b95d3a50bad7,d58602b0-11af-4622-b832-745134c0ee20,false,[INV] input.employee.phone == return.employee.phone :: expected '22125144' to deeply equal 'EJEMPLO MAYUS'
1c91a031-f2fb-4d41-a2b5-b95d3a50bad7,04cbbfec-f887-4201-b020-d1d2d6cf4280,false,[INV] input.employee.credential.password == return.employee.credential.password :: expected '$2y$04$HLi44N6cb6xmLYHdABF/euCgpk0Lof…' to deeply equal '$2y$04$HLi44N6cb6xmLYHdABF/euCgpk0Lof…'
1c91a031-f2fb-4d41-a2b5-b95d3a50bad7,2c577217-9561-4ea4-9a53-952565256b86,false,[INV] input.employee.credential.enabled == return.employee.credential.enabled :: expected true to deeply equal false
1c91a031-f2fb-4d41-a2b5-b95d3a50bad7,f8c565bb-a044-40c5-93de-06a699958128,false,[INV] input.employee.credential.role == return.employee.credential.role :: expected 'ROLE_ADMIN' to deeply equal 'EJEMPLO MAYUS'
1c91a031-f2fb-4d41-a2b5-b95d3a50bad7,06240fbd-b1cf-4b72-991a-8adb569ce84c,true,
1c91a031-f2fb-4d41-a2b5-b95d3a50bad7,0ec4dd8d-9aff-42b9-9e50-0ca1789a0d0e,false,[INV] input.project.endDate == return.project.endDate :: expected '25-03-2021' to deeply equal 'X/u)42'
1c91a031-f2fb-4d41-a2b5-b95d3a50bad7,181cb1c9-aca8-46bc-ab13-78dd59031503,false,[INV] input.project.status == return.project.status :: expected 'IN_PROGRESS' to deeply equal '.j_oG^3'
d2301779-205b-4805-a1bf-c67df3654489,4c99a56a-df5a-498a-8e90-1640c6aa9cc1,true,
d2301779-205b-4805-a1bf-c67df3654489,757f82f3-7e68-4ff5-ad3f-7626a30dce96,true,
d2301779-205b-4805-a1bf-c67df3654489,5545ccab-0226-4caf-9fa1-f653e1917cf6,false,[INV] input.employeeId == return.employeeId :: expected 14 to deeply equal -241395
d2301779-205b-4805-a1bf-c67df3654489,d1ab3e5b-c31c-4f32-9086-8628a88c5ba2,false,[INV] input.employee.employeeId == return.employee.employeeId :: expected 2 to deeply equal 265206
d2301779-205b-4805-a1bf-c67df3654489,69e1252d-a7b0-4fd3-9eb7-de8b8ad6f0e0,false,[INV] input.employee.firstName == return.employee.firstName :: expected 'Badr' to deeply equal 'B´/adr'
d2301779-205b-4805-a1bf-c67df3654489,19c5aee5-a143-4d67-9484-1dad1458ce75,false,[INV] input.employee.lastName == return.employee.lastName :: expected 'Idoudi' to deeply equal 'b)dIVkodx'
d2301779-205b-4805-a1bf-c67df3654489,373a6f7e-a07f-4956-9e53-2b082862912c,true,
d2301779-205b-4805-a1bf-c67df3654489,d05fba66-5b1e-46e3-ae01-5ffd8b851801,true,
d2301779-205b-4805-a1bf-c67df3654489,e3817712-2ee1-4cc2-a4cd-7855b9d40dd8,false,[INV] input.employee.manager.employeeId == return.employee.manager.employeeId :: expected 9 to deeply equal 536321
d2301779-205b-4805-a1bf-c67df3654489,95fcd9b3-9011-4455-ad06-14c23a8daaab,false,[INV] input.employee.manager.firstName == return.employee.manager.firstName :: expected 'John' to deeply equal 'EcDaHz9sTk'
d2301779-205b-4805-a1bf-c67df3654489,70179dc2-8563-4c12-9c9d-d50ee702dc11,false,[INV] input.employee.manager.email == return.employee.manager.email :: expected 'springabcxyzboot@gmail.com' to deeply equal 'k@O'
d2301779-205b-4805-a1bf-c67df3654489,384b39b6-f566-4586-b9f8-d2f19539fe7f,false,[INV] input.employee.manager.phone == return.employee.manager.phone :: expected '22125144' to deeply equal 'EJEMPLO MAYUS'
d2301779-205b-4805-a1bf-c67df3654489,730c79e8-87d2-4057-b0ab-6afb67065f5d,true,
d2301779-205b-4805-a1bf-c67df3654489,1fd0f566-e81a-4123-8be2-8f09d5fb80bf,true,
d2301779-205b-4805-a1bf-c67df3654489,782965eb-cb9e-4950-988a-5ae1facdf5d8,false,"[INV] input.employee.manager.department.departmentName == return.employee.manager.department.departmentName :: expected 'Digital' to deeply equal 'Di/,gital'"
d2301779-205b-4805-a1bf-c67df3654489,55276707-3866-4077-8a5a-ca038a4fed36,true,
d2301779-205b-4805-a1bf-c67df3654489,b53dbe88-83b8-44aa-9732-e174dbaed4e7,false,[INV] input.employee.manager.department.location.postalCode == return.employee.manager.department.location.postalCode :: expected '2016' to deeply equal 'bAZ0?n%KU'
d2301779-205b-4805-a1bf-c67df3654489,ec418483-72c4-4a02-905c-78b53ce154de,false,[INV] input.employee.manager.department.location.city == return.employee.manager.department.location.city :: expected 'LAC2' to deeply equal 'LAC2/'
d2301779-205b-4805-a1bf-c67df3654489,34a4f93b-c025-4a00-9e7e-15f885c89702,true,
d2301779-205b-4805-a1bf-c67df3654489,acc4e2d1-14f7-4dc4-9b6d-7a3deac780fc,false,[INV] input.employee.manager.credential.username == return.employee.manager.credential.username :: expected 'johndoe' to deeply equal 'EJEMPLO MAYUS'
d2301779-205b-4805-a1bf-c67df3654489,d217a491-d4d1-40d5-b0ec-ff88a54f5cf1,true,
d2301779-205b-4805-a1bf-c67df3654489,b02fc99b-179c-4708-b086-e794b109c771,true,
d2301779-205b-4805-a1bf-c67df3654489,3e6b2b55-75a4-4234-9d67-5fa82ea83d16,true,
d2301779-205b-4805-a1bf-c67df3654489,c13c9ce5-783a-48b0-b8b8-f15cb0b0f5d2,false,[INV] input.employee.department.location.postalCode == return.employee.department.location.postalCode :: expected '2016' to deeply equal 'EJEMPLO MAYUS'
d2301779-205b-4805-a1bf-c67df3654489,05cb4e49-4fc8-4cb5-abdc-3f03a3b5542c,false,[INV] input.employee.department.location.city == return.employee.department.location.city :: expected 'LAC2' to deeply equal 'Pw3)b'
d2301779-205b-4805-a1bf-c67df3654489,d89b5c19-a808-41ae-8a51-604308c1bf54,true,
d2301779-205b-4805-a1bf-c67df3654489,6ac853dd-3dd9-4674-8c93-86703b9e52a3,false,[INV] input.employee.credential.username == return.employee.credential.username :: expected 'badridoudi' to deeply equal 'badr/idoudi'
d2301779-205b-4805-a1bf-c67df3654489,f0349192-bc2a-4d4a-9764-66303ef4b7ad,true,
d2301779-205b-4805-a1bf-c67df3654489,41c8aa0e-8fd5-4df0-8b6e-6c0a32908b8f,false,[INV] input.project.endDate == return.project.endDate :: expected '25-03-2021' to deeply equal '}s'
51b0cb72-b59d-43d7-acab-816633f7b3d0,c4fdac4d-1ec5-48ff-a308-22f0da534992,true,
51b0cb72-b59d-43d7-acab-816633f7b3d0,654bba59-75d4-43e5-8057-37eae62fd352,true,
51b0cb72-b59d-43d7-acab-816633f7b3d0,666723a3-9950-4443-82d2-07f50c982727,true,
51b0cb72-b59d-43d7-acab-816633f7b3d0,fe199b68-e086-47ff-9aa0-e32a9d127dc9,false,[INV] input.employeeId == return.employeeId :: expected 2 to deeply equal -241395
51b0cb72-b59d-43d7-acab-816633f7b3d0,84734dda-190f-4acd-b8b4-efd19e3e50f5,true,
51b0cb72-b59d-43d7-acab-816633f7b3d0,1470eb66-1ded-46fb-a18f-7620782c9ff7,true,
51b0cb72-b59d-43d7-acab-816633f7b3d0,efda4df5-f8ef-489b-9601-d9f972575db2,true,
51b0cb72-b59d-43d7-acab-816633f7b3d0,1e84b4ca-4b1c-406c-9e08-1823a5d7792d,false,[INV] input.employee.email == return.employee.email :: expected 'springabcxyzboot@gmail.com' to deeply equal 'B9Za%m9=G'
51b0cb72-b59d-43d7-acab-816633f7b3d0,efda2ec3-2d9f-4928-89b7-1d52b9789e46,false,[INV] input.employee.job == return.employee.job :: expected 'Data Warehouse' to deeply equal 'Data Wa´*rehouse'
51b0cb72-b59d-43d7-acab-816633f7b3d0,c91b7d84-3833-46be-a77b-8f1074c1fa0b,true,
51b0cb72-b59d-43d7-acab-816633f7b3d0,05cdd24c-da4d-4430-b127-a05c6fc4d5f6,false,[INV] input.employee.manager.employeeId == return.employee.manager.employeeId :: expected 5 to deeply equal 536321
51b0cb72-b59d-43d7-acab-816633f7b3d0,f93e4f76-01a9-4c40-b62e-f14edd816129,false,"[INV] input.employee.manager.firstName == return.employee.manager.firstName :: expected 'Nour' to deeply equal 'Nour,'"
51b0cb72-b59d-43d7-acab-816633f7b3d0,d8ce0125-bc77-45e3-abae-d4dbf8f428e3,false,[INV] input.employee.manager.lastName == return.employee.manager.lastName :: expected 'Larguech' to deeply equal 'EJEMPLO MAYUS'
51b0cb72-b59d-43d7-acab-816633f7b3d0,93f3795e-81c0-4faa-ba0e-67ed0a7c9273,false,[INV] input.employee.manager.job == return.employee.manager.job :: expected 'Chef service Data Warehouse' to deeply equal '{T9d8z]'
51b0cb72-b59d-43d7-acab-816633f7b3d0,448fc7a0-5911-44e4-b3ca-7f0497de6f3a,false,[INV] return.employee.manager.manager == null :: expected {} to be null
51b0cb72-b59d-43d7-acab-816633f7b3d0,de16e861-2282-400c-a7d7-69f7dcdf474f,false,[INV] input.employee.manager.department.location.locationId == return.employee.manager.department.location.locationId :: expected 1 to deeply equal -194143
51b0cb72-b59d-43d7-acab-816633f7b3d0,f03a07f4-75a1-41cf-aa18-001cbc15693c,true,
51b0cb72-b59d-43d7-acab-816633f7b3d0,3b969a74-e3fc-4073-9263-944a8a61c8ec,false,[INV] input.employee.manager.department.location.postalCode == return.employee.manager.department.location.postalCode :: expected '2016' to deeply equal 'EJEMPLO MAYUS'
51b0cb72-b59d-43d7-acab-816633f7b3d0,1b526ce4-8e8d-4b43-b64a-291b5dac65f3,false,[INV] input.employee.manager.department.location.city == return.employee.manager.department.location.city :: expected 'LAC2' to deeply equal 'LA´/C2'
51b0cb72-b59d-43d7-acab-816633f7b3d0,c71a1824-43a4-4cbc-b68d-34e16ec99dfe,false,[INV] input.employee.manager.credential.password == return.employee.manager.credential.password :: expected '$2y$04$ngbUBXKPaTRFAUFEifgPpuqmBTf4Vj…' to deeply equal '[$#w'
51b0cb72-b59d-43d7-acab-816633f7b3d0,71936a35-74c3-462d-9e14-b99a75fa63f7,true,
51b0cb72-b59d-43d7-acab-816633f7b3d0,15a77eea-5622-472c-bb2d-296ce88d4c3b,true,
51b0cb72-b59d-43d7-acab-816633f7b3d0,bb926080-e5d8-452d-bd0b-4bf5ffd20498,false,[INV] input.employee.department.location.adr == return.employee.department.location.adr :: expected 'RUE DE LA BOURSE' to deeply equal '6IB+S%'
51b0cb72-b59d-43d7-acab-816633f7b3d0,c35d3bc9-7529-4ebf-bfef-54416f7a9409,false,"[INV] input.employee.department.location.city == return.employee.department.location.city :: expected 'LAC2' to deeply equal '*,LAC2'"
51b0cb72-b59d-43d7-acab-816633f7b3d0,7f67ed22-82a7-4bb3-a111-aed3705cb4be,false,[INV] input.employee.credential.username == return.employee.credential.username :: expected 'imentouk' to deeply equal 'imen/touk'
51b0cb72-b59d-43d7-acab-816633f7b3d0,8f990e81-6164-4855-866b-d77fbdcce636,false,[INV] input.employee.credential.enabled == return.employee.credential.enabled :: expected true to deeply equal false
51b0cb72-b59d-43d7-acab-816633f7b3d0,b96dd047-55f0-4cb3-b81b-f6113c5559bf,true,
2ee36ba1-f537-4e14-91cb-d0581f322a67,97a80cb4-8e6d-4716-9c75-68fdbe9cbf31,true,
2ee36ba1-f537-4e14-91cb-d0581f322a67,93d84921-2e93-4b48-8368-5253566734af,true,
2ee36ba1-f537-4e14-91cb-d0581f322a67,3f91cf83-28bc-4b5b-af1d-1dc123d76dc1,true,
2ee36ba1-f537-4e14-91cb-d0581f322a67,6399b50b-234e-4636-ba4e-5c0b04d116b2,false,"[INV] input.employee.lastName == return.employee.lastName :: expected 'Tlemseni' to deeply equal 'Tlemsen/,i'"
2ee36ba1-f537-4e14-91cb-d0581f322a67,c2836e17-d5ab-4f3f-bc76-e7aef02aeaee,true,
2ee36ba1-f537-4e14-91cb-d0581f322a67,af125a75-f081-4365-9b4e-55c89eca0a31,false,[INV] input.employee.job == return.employee.job :: expected 'Billing' to deeply equal 'Billin´*g'
2ee36ba1-f537-4e14-91cb-d0581f322a67,9c671382-cdc7-4f08-959f-f108037cdf8e,false,[INV] input.employee.manager.firstName == return.employee.manager.firstName :: expected 'Soumaya' to deeply equal 'P'
2ee36ba1-f537-4e14-91cb-d0581f322a67,316cc8b2-34f6-4d3a-b5db-6ace278975d0,false,[INV] input.employee.manager.phone == return.employee.manager.phone :: expected '22125144' to deeply equal 'q!M;'
2ee36ba1-f537-4e14-91cb-d0581f322a67,3bd71232-6e66-4639-8f14-978e93c0bb67,false,[INV] input.employee.manager.job == return.employee.manager.job :: expected 'Chef service Billing' to deeply equal 'ejemplo minus'
2ee36ba1-f537-4e14-91cb-d0581f322a67,f10e52c1-85a1-47d9-a74e-772b266dea09,false,[INV] return.employee.manager.manager == null :: expected {} to be null
2ee36ba1-f537-4e14-91cb-d0581f322a67,bdbe8111-a15a-4eda-9372-9c987f9c09c7,false,[INV] input.employee.manager.department.departmentName == return.employee.manager.department.departmentName :: expected 'Billing' to deeply equal 'Bill/ing'
2ee36ba1-f537-4e14-91cb-d0581f322a67,8602d14d-95f3-4c31-b52d-bcf4733b956b,false,[INV] input.employee.manager.department.location.locationId == return.employee.manager.department.location.locationId :: expected 1 to deeply equal -194143
2ee36ba1-f537-4e14-91cb-d0581f322a67,e361e89e-8ff4-462e-bd36-5afba4443689,false,[INV] input.employee.manager.department.location.adr == return.employee.manager.department.location.adr :: expected 'RUE DE LA BOURSE' to deeply equal '@fEUf{xv'
2ee36ba1-f537-4e14-91cb-d0581f322a67,e68a66f1-57b7-4f56-9009-44a11de4b970,false,[INV] input.employee.manager.department.location.city == return.employee.manager.department.location.city :: expected 'LAC2' to deeply equal '88'
2ee36ba1-f537-4e14-91cb-d0581f322a67,5360a601-256c-4c23-a9cc-ed29cc078ef5,false,[INV] input.employee.manager.credential.password == return.employee.manager.credential.password :: expected '$2y$04$ljw6KJaAkzMzJZOf8eU6qOoq7jV2SX…' to deeply equal 'ejemplo minus'
2ee36ba1-f537-4e14-91cb-d0581f322a67,d815027d-637a-421f-89dd-cc78a1919141,false,[INV] input.employee.manager.credential.enabled == return.employee.manager.credential.enabled :: expected true to deeply equal false
2ee36ba1-f537-4e14-91cb-d0581f322a67,4f584665-9094-40a5-94cb-3c57bb236cfd,true,
2ee36ba1-f537-4e14-91cb-d0581f322a67,adea9066-c55e-41f8-811d-1fbac9303d6b,false,[INV] input.employee.department.location.locationId == return.employee.department.location.locationId :: expected 1 to deeply equal -79125
2ee36ba1-f537-4e14-91cb-d0581f322a67,dada6877-a8b7-4244-99ff-59958a499bc2,false,"[INV] input.employee.department.location.adr == return.employee.department.location.adr :: expected 'RUE DE LA BOURSE' to deeply equal ';j,bC'"
2ee36ba1-f537-4e14-91cb-d0581f322a67,54dd63db-f967-4afe-875a-92909d9472fa,false,[INV] input.employee.credential.username == return.employee.credential.username :: expected 'maryemtlemseni' to deeply equal 'u'
2ee36ba1-f537-4e14-91cb-d0581f322a67,88a4727a-e7cc-48c3-99cf-1ac4c460a630,false,[INV] input.employee.credential.password == return.employee.credential.password :: expected '$2y$04$PYOfQrM6MgHVY6myHfczsOlNVGXxll…' to deeply equal '`HU0u#Yxp'
2ee36ba1-f537-4e14-91cb-d0581f322a67,ca43a5e4-8ce8-47d1-80fd-3f77c9f18b28,false,[INV] input.employee.credential.role == return.employee.credential.role :: expected 'ROLE_EMP' to deeply equal 'EJEMPLO MAYUS'
2ee36ba1-f537-4e14-91cb-d0581f322a67,e293b53f-27d9-46f7-a71a-d044ba6cc62a,false,"[INV] input.project.startDate == return.project.startDate :: expected '29-01-2021' to deeply equal '29*,-01-2021'"
2ee36ba1-f537-4e14-91cb-d0581f322a67,bebc1f05-17ae-4f78-b982-49eea847d32d,false,"[INV] input.project.endDate == return.project.endDate :: expected '30-04-2021' to deeply equal 'qK-,'"

Summary,Total=1969,Passed=315,KillRate=84.0%,TimeCost=1 min 29.95 s
