OriginalTestCaseId,TestCaseId,Success,FailureMessage
f7c7fb68-706c-4c1d-b2ba-6f1b14af3d6d,0cc69da5-78bf-4b14-9fb9-c55d4fed6b75,false,"[Regression] Status code mismatch for matchId=f7c7fb68-706c-4c1d-b2ba-6f1b14af3d6d
   Expected: 201
   Actual:   504"
f7c7fb68-706c-4c1d-b2ba-6f1b14af3d6d,778215e3-b187-48a6-9719-1d10079c3318,false,"[Regression] Header size mismatch for matchId=f7c7fb68-706c-4c1d-b2ba-6f1b14af3d6d
   Expected: {transfer-encoding=chunked, content-type=application/json}
   Actual:   {transfer-encoding=chunked}"
f7c7fb68-706c-4c1d-b2ba-6f1b14af3d6d,0354f642-da40-4e6a-b18b-af7ab6ec22a0,false,"[Regression] Header value (content-type) mismatch for matchId=f7c7fb68-706c-4c1d-b2ba-6f1b14af3d6d
   Expected: application/json
   Actual:   application/json; charset=UTF-16"
f7c7fb68-706c-4c1d-b2ba-6f1b14af3d6d,5077ed26-7fb2-4eda-b653-e95b3435b212,false,"[Regression] JSON mismatch for matchId=f7c7fb68-706c-4c1d-b2ba-6f1b14af3d6d
Expected: {""firstName"":""Alice"",""age"":0,""address"":{""number"":10,""street"":""Prospekt Lenina"",""postcode"":null,""city"":""San Francisco"",""country"":null},""insurance"":true,""cars"":[{""brand"":null,""model"":""Clio"",""maxSpeedKmH"":220.0}]}
Actual:   {""firstName"":""Alice"",""age"":0,""address"":{""number"":10,""street"":""Prospekt Lenina"",""postcode"":null,""city"":""San Francisco"",""country"":null},""insurance"":true,""cars"":[{""brand"":null,""model"":""Clio"",""maxSpeedKmH"":220.0}],""randomBoolean1"":true}"
f7c7fb68-706c-4c1d-b2ba-6f1b14af3d6d,132a7b88-5dae-43e7-954e-4ac0ec0ae1b4,false,"[Regression] JSON mismatch for matchId=f7c7fb68-706c-4c1d-b2ba-6f1b14af3d6d
Expected: {""firstName"":""Alice"",""age"":0,""address"":{""number"":10,""street"":""Prospekt Lenina"",""postcode"":null,""city"":""San Francisco"",""country"":null},""insurance"":true,""cars"":[{""brand"":null,""model"":""Clio"",""maxSpeedKmH"":220.0}]}
Actual:   {""firstName"":""Alic/,e"",""age"":0,""address"":{""number"":10,""street"":""Prospekt Lenina"",""postcode"":null,""city"":""San Francisco"",""country"":null},""insurance"":true,""cars"":[{""brand"":null,""model"":""Clio"",""maxSpeedKmH"":220.0}]}"
f7c7fb68-706c-4c1d-b2ba-6f1b14af3d6d,529d56d6-5924-4744-8a50-d4801861cc85,false,"[Regression] JSON mismatch for matchId=f7c7fb68-706c-4c1d-b2ba-6f1b14af3d6d
Expected: {""firstName"":""Alice"",""age"":0,""address"":{""number"":10,""street"":""Prospekt Lenina"",""postcode"":null,""city"":""San Francisco"",""country"":null},""insurance"":true,""cars"":[{""brand"":null,""model"":""Clio"",""maxSpeedKmH"":220.0}]}
Actual:   {""firstName"":""Alice"",""age"":-289976.8137227148,""address"":{""number"":10,""street"":""Prospekt Lenina"",""postcode"":null,""city"":""San Francisco"",""country"":null},""insurance"":true,""cars"":[{""brand"":null,""model"":""Clio"",""maxSpeedKmH"":220.0}]}"
f7c7fb68-706c-4c1d-b2ba-6f1b14af3d6d,0c1740a7-ef97-45fe-ad6e-c217b9466157,false,"[Regression] JSON mismatch for matchId=f7c7fb68-706c-4c1d-b2ba-6f1b14af3d6d
Expected: {""firstName"":""Alice"",""age"":0,""address"":{""number"":10,""street"":""Prospekt Lenina"",""postcode"":null,""city"":""San Francisco"",""country"":null},""insurance"":true,""cars"":[{""brand"":null,""model"":""Clio"",""maxSpeedKmH"":220.0}]}
Actual:   {""firstName"":""Alice"",""age"":0,""address"":null,""insurance"":true,""cars"":[{""brand"":null,""model"":""Clio"",""maxSpeedKmH"":220.0}]}"
f7c7fb68-706c-4c1d-b2ba-6f1b14af3d6d,def2ae3a-c51a-4ba6-b157-cc446910798a,false,"[Regression] JSON mismatch for matchId=f7c7fb68-706c-4c1d-b2ba-6f1b14af3d6d
Expected: {""firstName"":""Alice"",""age"":0,""address"":{""number"":10,""street"":""Prospekt Lenina"",""postcode"":null,""city"":""San Francisco"",""country"":null},""insurance"":true,""cars"":[{""brand"":null,""model"":""Clio"",""maxSpeedKmH"":220.0}]}
Actual:   {""firstName"":""Alice"",""age"":0,""address"":{""number"":null,""street"":""Prospekt Lenina"",""postcode"":null,""city"":""San Francisco"",""country"":null},""insurance"":true,""cars"":[{""brand"":null,""model"":""Clio"",""maxSpeedKmH"":220.0}]}"
f7c7fb68-706c-4c1d-b2ba-6f1b14af3d6d,2d3faa9e-2616-4712-b280-4955e3c788c8,false,"[Regression] JSON mismatch for matchId=f7c7fb68-706c-4c1d-b2ba-6f1b14af3d6d
Expected: {""firstName"":""Alice"",""age"":0,""address"":{""number"":10,""street"":""Prospekt Lenina"",""postcode"":null,""city"":""San Francisco"",""country"":null},""insurance"":true,""cars"":[{""brand"":null,""model"":""Clio"",""maxSpeedKmH"":220.0}]}
Actual:   {""firstName"":""Alice"",""age"":0,""address"":{""number"":10,""street"":""1"",""postcode"":null,""city"":""San Francisco"",""country"":null},""insurance"":true,""cars"":[{""brand"":null,""model"":""Clio"",""maxSpeedKmH"":220.0}]}"
f7c7fb68-706c-4c1d-b2ba-6f1b14af3d6d,1faa1e69-6b45-414c-b3f9-152957e8cf50,false,"[Regression] JSON mismatch for matchId=f7c7fb68-706c-4c1d-b2ba-6f1b14af3d6d
Expected: {""firstName"":""Alice"",""age"":0,""address"":{""number"":10,""street"":""Prospekt Lenina"",""postcode"":null,""city"":""San Francisco"",""country"":null},""insurance"":true,""cars"":[{""brand"":null,""model"":""Clio"",""maxSpeedKmH"":220.0}]}
Actual:   {""firstName"":""Alice"",""age"":0,""address"":{""number"":10,""street"":""Prospekt Lenina"",""postcode"":-289976.8137227148,""city"":""San Francisco"",""country"":null},""insurance"":true,""cars"":[{""brand"":null,""model"":""Clio"",""maxSpeedKmH"":220.0}]}"
f7c7fb68-706c-4c1d-b2ba-6f1b14af3d6d,e3f1ba7c-46b1-436d-98b2-f9258646e4e4,false,"[Regression] JSON mismatch for matchId=f7c7fb68-706c-4c1d-b2ba-6f1b14af3d6d
Expected: {""firstName"":""Alice"",""age"":0,""address"":{""number"":10,""street"":""Prospekt Lenina"",""postcode"":null,""city"":""San Francisco"",""country"":null},""insurance"":true,""cars"":[{""brand"":null,""model"":""Clio"",""maxSpeedKmH"":220.0}]}
Actual:   {""firstName"":""Alice"",""age"":0,""address"":{""number"":10,""street"":""Prospekt Lenina"",""postcode"":null,""city"":{},""country"":null},""insurance"":true,""cars"":[{""brand"":null,""model"":""Clio"",""maxSpeedKmH"":220.0}]}"
f7c7fb68-706c-4c1d-b2ba-6f1b14af3d6d,259a475b-3818-45bd-a7db-f3286c898717,false,"[Regression] JSON mismatch for matchId=f7c7fb68-706c-4c1d-b2ba-6f1b14af3d6d
Expected: {""firstName"":""Alice"",""age"":0,""address"":{""number"":10,""street"":""Prospekt Lenina"",""postcode"":null,""city"":""San Francisco"",""country"":null},""insurance"":true,""cars"":[{""brand"":null,""model"":""Clio"",""maxSpeedKmH"":220.0}]}
Actual:   {""firstName"":""Alice"",""age"":0,""address"":{""number"":10,""street"":""Prospekt Lenina"",""postcode"":null,""city"":""San Francisco"",""country"":{}},""insurance"":true,""cars"":[{""brand"":null,""model"":""Clio"",""maxSpeedKmH"":220.0}]}"
f7c7fb68-706c-4c1d-b2ba-6f1b14af3d6d,b3c8fa0f-8b3d-4803-9ed9-866df30438fe,false,"[Regression] JSON mismatch for matchId=f7c7fb68-706c-4c1d-b2ba-6f1b14af3d6d
Expected: {""firstName"":""Alice"",""age"":0,""address"":{""number"":10,""street"":""Prospekt Lenina"",""postcode"":null,""city"":""San Francisco"",""country"":null},""insurance"":true,""cars"":[{""brand"":null,""model"":""Clio"",""maxSpeedKmH"":220.0}]}
Actual:   {""firstName"":""Alice"",""age"":0,""address"":{""number"":10,""street"":""Prospekt Lenina"",""postcode"":null,""city"":""San Francisco"",""country"":null},""insurance"":-289976.8137227148,""cars"":[{""brand"":null,""model"":""Clio"",""maxSpeedKmH"":220.0}]}"
f7c7fb68-706c-4c1d-b2ba-6f1b14af3d6d,dd6074dd-007b-4294-b1dc-a46b0a6dca81,false,"[Regression] JSON mismatch for matchId=f7c7fb68-706c-4c1d-b2ba-6f1b14af3d6d
Expected: {""firstName"":""Alice"",""age"":0,""address"":{""number"":10,""street"":""Prospekt Lenina"",""postcode"":null,""city"":""San Francisco"",""country"":null},""insurance"":true,""cars"":[{""brand"":null,""model"":""Clio"",""maxSpeedKmH"":220.0}]}
Actual:   {""firstName"":""Alice"",""age"":0,""address"":{""number"":10,""street"":""Prospekt Lenina"",""postcode"":null,""city"":""San Francisco"",""country"":null},""insurance"":true,""cars"":[]}"
f7c7fb68-706c-4c1d-b2ba-6f1b14af3d6d,9576686f-b7cd-44ca-a332-30f6803047ca,false,"[Regression] JSON mismatch for matchId=f7c7fb68-706c-4c1d-b2ba-6f1b14af3d6d
Expected: {""firstName"":""Alice"",""age"":0,""address"":{""number"":10,""street"":""Prospekt Lenina"",""postcode"":null,""city"":""San Francisco"",""country"":null},""insurance"":true,""cars"":[{""brand"":null,""model"":""Clio"",""maxSpeedKmH"":220.0}]}
Actual:   {""firstName"":""Alice"",""age"":0,""address"":{""number"":10,""street"":""Prospekt Lenina"",""postcode"":null,""city"":""San Francisco"",""country"":null},""insurance"":true,""cars"":[null]}"
f7c7fb68-706c-4c1d-b2ba-6f1b14af3d6d,61acddb4-9316-4a86-8bd6-b0144e7e8b60,false,"[Regression] JSON mismatch for matchId=f7c7fb68-706c-4c1d-b2ba-6f1b14af3d6d
Expected: {""firstName"":""Alice"",""age"":0,""address"":{""number"":10,""street"":""Prospekt Lenina"",""postcode"":null,""city"":""San Francisco"",""country"":null},""insurance"":true,""cars"":[{""brand"":null,""model"":""Clio"",""maxSpeedKmH"":220.0}]}
Actual:   {""firstName"":""Alice"",""age"":0,""address"":{""number"":10,""street"":""Prospekt Lenina"",""postcode"":null,""city"":""San Francisco"",""country"":null},""insurance"":true,""cars"":[{""brand"":{},""model"":""Clio"",""maxSpeedKmH"":220.0}]}"
f7c7fb68-706c-4c1d-b2ba-6f1b14af3d6d,fa5d651b-e1f0-42a1-9748-d72c7b97804d,false,"[Regression] JSON mismatch for matchId=f7c7fb68-706c-4c1d-b2ba-6f1b14af3d6d
Expected: {""firstName"":""Alice"",""age"":0,""address"":{""number"":10,""street"":""Prospekt Lenina"",""postcode"":null,""city"":""San Francisco"",""country"":null},""insurance"":true,""cars"":[{""brand"":null,""model"":""Clio"",""maxSpeedKmH"":220.0}]}
Actual:   {""firstName"":""Alice"",""age"":0,""address"":{""number"":10,""street"":""Prospekt Lenina"",""postcode"":null,""city"":""San Francisco"",""country"":null},""insurance"":true,""cars"":[{""brand"":null,""model"":""EJEMPLO MAYUS"",""maxSpeedKmH"":220.0}]}"
f7c7fb68-706c-4c1d-b2ba-6f1b14af3d6d,a6a31947-37d8-4943-96a7-ef889aef24b1,false,"[Regression] JSON mismatch for matchId=f7c7fb68-706c-4c1d-b2ba-6f1b14af3d6d
Expected: {""firstName"":""Alice"",""age"":0,""address"":{""number"":10,""street"":""Prospekt Lenina"",""postcode"":null,""city"":""San Francisco"",""country"":null},""insurance"":true,""cars"":[{""brand"":null,""model"":""Clio"",""maxSpeedKmH"":220.0}]}
Actual:   {""firstName"":""Alice"",""age"":0,""address"":{""number"":10,""street"":""Prospekt Lenina"",""postcode"":null,""city"":""San Francisco"",""country"":null},""insurance"":true,""cars"":[{""brand"":null,""model"":""Clio"",""maxSpeedKmH"":true}]}"
e6db2930-52e1-417b-9e30-47f435762d65,22149f4c-91da-4668-8189-bcf0a6a32cf8,false,"[Regression] Status code mismatch for matchId=e6db2930-52e1-417b-9e30-47f435762d65
   Expected: 201
   Actual:   401"
e6db2930-52e1-417b-9e30-47f435762d65,40d0f3db-2b41-4864-8d7f-6c2a87265938,false,"[Regression] Header value (content-type) mismatch for matchId=e6db2930-52e1-417b-9e30-47f435762d65
   Expected: application/json
   Actual:   text/css"
e6db2930-52e1-417b-9e30-47f435762d65,74646531-3abd-4f5e-964c-67207b5d7184,false,"[Regression] Header value (content-type) mismatch for matchId=e6db2930-52e1-417b-9e30-47f435762d65
   Expected: application/json
   Actual:   application/json; charset=utf-16"
e6db2930-52e1-417b-9e30-47f435762d65,f76601a3-944e-4532-8f99-8d60eb832e96,false,"[Regression] JSON mismatch for matchId=e6db2930-52e1-417b-9e30-47f435762d65
Expected: {""firstName"":""Борис"",""age"":65,""address"":{""number"":221,""street"":""Calle Mayor"",""postcode"":""94107"",""city"":""Новосибирск"",""country"":""USA""},""insurance"":false,""cars"":[{""brand"":""Tesla"",""model"":""Model 3"",""maxSpeedKmH"":135.75}]}
Actual:   {""firstName"":""Борис"",""age"":65,""insurance"":false,""cars"":[{""brand"":""Tesla"",""model"":""Model 3"",""maxSpeedKmH"":135.75}]}"
e6db2930-52e1-417b-9e30-47f435762d65,2d81a13b-070c-41c4-826b-8f7d405051cc,false,"[Regression] JSON mismatch for matchId=e6db2930-52e1-417b-9e30-47f435762d65
Expected: {""firstName"":""Борис"",""age"":65,""address"":{""number"":221,""street"":""Calle Mayor"",""postcode"":""94107"",""city"":""Новосибирск"",""country"":""USA""},""insurance"":false,""cars"":[{""brand"":""Tesla"",""model"":""Model 3"",""maxSpeedKmH"":135.75}]}
Actual:   {""firstName"":null,""age"":65,""address"":{""number"":221,""street"":""Calle Mayor"",""postcode"":""94107"",""city"":""Новосибирск"",""country"":""USA""},""insurance"":false,""cars"":[{""brand"":""Tesla"",""model"":""Model 3"",""maxSpeedKmH"":135.75}]}"
e6db2930-52e1-417b-9e30-47f435762d65,ed7236f7-38f9-4594-8588-d2208a28ea0f,false,"[Regression] JSON mismatch for matchId=e6db2930-52e1-417b-9e30-47f435762d65
Expected: {""firstName"":""Борис"",""age"":65,""address"":{""number"":221,""street"":""Calle Mayor"",""postcode"":""94107"",""city"":""Новосибирск"",""country"":""USA""},""insurance"":false,""cars"":[{""brand"":""Tesla"",""model"":""Model 3"",""maxSpeedKmH"":135.75}]}
Actual:   {""firstName"":""Борис"",""age"":null,""address"":{""number"":221,""street"":""Calle Mayor"",""postcode"":""94107"",""city"":""Новосибирск"",""country"":""USA""},""insurance"":false,""cars"":[{""brand"":""Tesla"",""model"":""Model 3"",""maxSpeedKmH"":135.75}]}"
e6db2930-52e1-417b-9e30-47f435762d65,2d531bde-c3c6-4c3e-8cec-2e68f6287f15,false,"[Regression] JSON mismatch for matchId=e6db2930-52e1-417b-9e30-47f435762d65
Expected: {""firstName"":""Борис"",""age"":65,""address"":{""number"":221,""street"":""Calle Mayor"",""postcode"":""94107"",""city"":""Новосибирск"",""country"":""USA""},""insurance"":false,""cars"":[{""brand"":""Tesla"",""model"":""Model 3"",""maxSpeedKmH"":135.75}]}
Actual:   {""firstName"":""Борис"",""age"":65,""address"":null,""insurance"":false,""cars"":[{""brand"":""Tesla"",""model"":""Model 3"",""maxSpeedKmH"":135.75}]}"
e6db2930-52e1-417b-9e30-47f435762d65,cfa1abad-8d31-4d01-bbbc-5b6f4af0f765,false,"[Regression] JSON mismatch for matchId=e6db2930-52e1-417b-9e30-47f435762d65
Expected: {""firstName"":""Борис"",""age"":65,""address"":{""number"":221,""street"":""Calle Mayor"",""postcode"":""94107"",""city"":""Новосибирск"",""country"":""USA""},""insurance"":false,""cars"":[{""brand"":""Tesla"",""model"":""Model 3"",""maxSpeedKmH"":135.75}]}
Actual:   {""firstName"":""Борис"",""age"":65,""address"":{""number"":null,""street"":""Calle Mayor"",""postcode"":""94107"",""city"":""Новосибирск"",""country"":""USA""},""insurance"":false,""cars"":[{""brand"":""Tesla"",""model"":""Model 3"",""maxSpeedKmH"":135.75}]}"
e6db2930-52e1-417b-9e30-47f435762d65,7ccf44b7-83f0-404d-a5f8-3ae78db331c2,false,"[Regression] JSON mismatch for matchId=e6db2930-52e1-417b-9e30-47f435762d65
Expected: {""firstName"":""Борис"",""age"":65,""address"":{""number"":221,""street"":""Calle Mayor"",""postcode"":""94107"",""city"":""Новосибирск"",""country"":""USA""},""insurance"":false,""cars"":[{""brand"":""Tesla"",""model"":""Model 3"",""maxSpeedKmH"":135.75}]}
Actual:   {""firstName"":""Борис"",""age"":65,""address"":{""number"":221,""street"":""y"",""postcode"":""94107"",""city"":""Новосибирск"",""country"":""USA""},""insurance"":false,""cars"":[{""brand"":""Tesla"",""model"":""Model 3"",""maxSpeedKmH"":135.75}]}"
e6db2930-52e1-417b-9e30-47f435762d65,d94197c8-615a-4c3e-967b-42d673a60dfa,false,"[Regression] JSON mismatch for matchId=e6db2930-52e1-417b-9e30-47f435762d65
Expected: {""firstName"":""Борис"",""age"":65,""address"":{""number"":221,""street"":""Calle Mayor"",""postcode"":""94107"",""city"":""Новосибирск"",""country"":""USA""},""insurance"":false,""cars"":[{""brand"":""Tesla"",""model"":""Model 3"",""maxSpeedKmH"":135.75}]}
Actual:   {""firstName"":""Борис"",""age"":65,""address"":{""number"":221,""street"":""Calle Mayor"",""postcode"":""ZLtR2"",""city"":""Новосибирск"",""country"":""USA""},""insurance"":false,""cars"":[{""brand"":""Tesla"",""model"":""Model 3"",""maxSpeedKmH"":135.75}]}"
e6db2930-52e1-417b-9e30-47f435762d65,06cfaec6-e32e-4c6d-b032-4a5ebde050f0,false,"[Regression] JSON mismatch for matchId=e6db2930-52e1-417b-9e30-47f435762d65
Expected: {""firstName"":""Борис"",""age"":65,""address"":{""number"":221,""street"":""Calle Mayor"",""postcode"":""94107"",""city"":""Новосибирск"",""country"":""USA""},""insurance"":false,""cars"":[{""brand"":""Tesla"",""model"":""Model 3"",""maxSpeedKmH"":135.75}]}
Actual:   {""firstName"":""Борис"",""age"":65,""address"":{""number"":221,""street"":""Calle Mayor"",""postcode"":""94107"",""city"":""EJEMPLO MAYUS"",""country"":""USA""},""insurance"":false,""cars"":[{""brand"":""Tesla"",""model"":""Model 3"",""maxSpeedKmH"":135.75}]}"
e6db2930-52e1-417b-9e30-47f435762d65,c856456a-1878-4fb3-bb1f-aa09ffbbd902,false,"[Regression] JSON mismatch for matchId=e6db2930-52e1-417b-9e30-47f435762d65
Expected: {""firstName"":""Борис"",""age"":65,""address"":{""number"":221,""street"":""Calle Mayor"",""postcode"":""94107"",""city"":""Новосибирск"",""country"":""USA""},""insurance"":false,""cars"":[{""brand"":""Tesla"",""model"":""Model 3"",""maxSpeedKmH"":135.75}]}
Actual:   {""firstName"":""Борис"",""age"":65,""address"":{""number"":221,""street"":""Calle Mayor"",""postcode"":""94107"",""city"":""Новосибирск"",""country"":-627465},""insurance"":false,""cars"":[{""brand"":""Tesla"",""model"":""Model 3"",""maxSpeedKmH"":135.75}]}"
e6db2930-52e1-417b-9e30-47f435762d65,d1a1ded0-6e06-4387-96e5-4875338ad7b5,false,"[Regression] JSON mismatch for matchId=e6db2930-52e1-417b-9e30-47f435762d65
Expected: {""firstName"":""Борис"",""age"":65,""address"":{""number"":221,""street"":""Calle Mayor"",""postcode"":""94107"",""city"":""Новосибирск"",""country"":""USA""},""insurance"":false,""cars"":[{""brand"":""Tesla"",""model"":""Model 3"",""maxSpeedKmH"":135.75}]}
Actual:   {""firstName"":""Борис"",""age"":65,""address"":{""number"":221,""street"":""Calle Mayor"",""postcode"":""94107"",""city"":""Новосибирск"",""country"":""USA""},""insurance"":true,""cars"":[{""brand"":""Tesla"",""model"":""Model 3"",""maxSpeedKmH"":135.75}]}"
e6db2930-52e1-417b-9e30-47f435762d65,f9c1cd0e-9b9c-4146-9430-e93a9de1653c,false,"[Regression] JSON mismatch for matchId=e6db2930-52e1-417b-9e30-47f435762d65
Expected: {""firstName"":""Борис"",""age"":65,""address"":{""number"":221,""street"":""Calle Mayor"",""postcode"":""94107"",""city"":""Новосибирск"",""country"":""USA""},""insurance"":false,""cars"":[{""brand"":""Tesla"",""model"":""Model 3"",""maxSpeedKmH"":135.75}]}
Actual:   {""firstName"":""Борис"",""age"":65,""address"":{""number"":221,""street"":""Calle Mayor"",""postcode"":""94107"",""city"":""Новосибирск"",""country"":""USA""},""insurance"":false,""cars"":-289976.8137227148}"
e6db2930-52e1-417b-9e30-47f435762d65,a9964c3b-587f-4c84-b5b9-b22bf38b7d50,false,"[Regression] JSON mismatch for matchId=e6db2930-52e1-417b-9e30-47f435762d65
Expected: {""firstName"":""Борис"",""age"":65,""address"":{""number"":221,""street"":""Calle Mayor"",""postcode"":""94107"",""city"":""Новосибирск"",""country"":""USA""},""insurance"":false,""cars"":[{""brand"":""Tesla"",""model"":""Model 3"",""maxSpeedKmH"":135.75}]}
Actual:   {""firstName"":""Борис"",""age"":65,""address"":{""number"":221,""street"":""Calle Mayor"",""postcode"":""94107"",""city"":""Новосибирск"",""country"":""USA""},""insurance"":false,""cars"":[{}]}"
e6db2930-52e1-417b-9e30-47f435762d65,3d14ed60-62e2-437f-be9e-dcead45fd5da,false,"[Regression] JSON mismatch for matchId=e6db2930-52e1-417b-9e30-47f435762d65
Expected: {""firstName"":""Борис"",""age"":65,""address"":{""number"":221,""street"":""Calle Mayor"",""postcode"":""94107"",""city"":""Новосибирск"",""country"":""USA""},""insurance"":false,""cars"":[{""brand"":""Tesla"",""model"":""Model 3"",""maxSpeedKmH"":135.75}]}
Actual:   {""firstName"":""Борис"",""age"":65,""address"":{""number"":221,""street"":""Calle Mayor"",""postcode"":""94107"",""city"":""Новосибирск"",""country"":""USA""},""insurance"":false,""cars"":[{""brand"":""Tesla*"",""model"":""Model 3"",""maxSpeedKmH"":135.75}]}"
e6db2930-52e1-417b-9e30-47f435762d65,d27ed166-4666-49df-b274-887498b73c6e,false,"[Regression] JSON mismatch for matchId=e6db2930-52e1-417b-9e30-47f435762d65
Expected: {""firstName"":""Борис"",""age"":65,""address"":{""number"":221,""street"":""Calle Mayor"",""postcode"":""94107"",""city"":""Новосибирск"",""country"":""USA""},""insurance"":false,""cars"":[{""brand"":""Tesla"",""model"":""Model 3"",""maxSpeedKmH"":135.75}]}
Actual:   {""firstName"":""Борис"",""age"":65,""address"":{""number"":221,""street"":""Calle Mayor"",""postcode"":""94107"",""city"":""Новосибирск"",""country"":""USA""},""insurance"":false,""cars"":[{""brand"":""Tesla"",""model"":""Mode/,l 3"",""maxSpeedKmH"":135.75}]}"
e6db2930-52e1-417b-9e30-47f435762d65,76448194-35d9-4856-afbe-219d5f07dc70,false,"[Regression] JSON mismatch for matchId=e6db2930-52e1-417b-9e30-47f435762d65
Expected: {""firstName"":""Борис"",""age"":65,""address"":{""number"":221,""street"":""Calle Mayor"",""postcode"":""94107"",""city"":""Новосибирск"",""country"":""USA""},""insurance"":false,""cars"":[{""brand"":""Tesla"",""model"":""Model 3"",""maxSpeedKmH"":135.75}]}
Actual:   {""firstName"":""Борис"",""age"":65,""address"":{""number"":221,""street"":""Calle Mayor"",""postcode"":""94107"",""city"":""Новосибирск"",""country"":""USA""},""insurance"":false,""cars"":[{""brand"":""Tesla"",""model"":""Model 3"",""maxSpeedKmH"":true}]}"
d63da80a-dc51-488f-8064-3c7a36ebb0a7,2244e6a4-0e07-4ac9-9d7d-98e485913d53,false,"[Regression] Status code mismatch for matchId=d63da80a-dc51-488f-8064-3c7a36ebb0a7
   Expected: 201
   Actual:   200"
d63da80a-dc51-488f-8064-3c7a36ebb0a7,e89cb285-005b-499b-930a-cb38043d889c,false,"[Regression] Header value (content-type) mismatch for matchId=d63da80a-dc51-488f-8064-3c7a36ebb0a7
   Expected: application/json
   Actual:   application/x-www-form-urlencoded"
d63da80a-dc51-488f-8064-3c7a36ebb0a7,dc0a5787-1e12-4bc3-941a-1036ec869212,false,"[Regression] Header value (content-type) mismatch for matchId=d63da80a-dc51-488f-8064-3c7a36ebb0a7
   Expected: application/json
   Actual:   application/json; charset=utf32"
d63da80a-dc51-488f-8064-3c7a36ebb0a7,e3cbb89b-5aa9-4622-b764-7b6149e1741d,false,"[Regression] JSON mismatch for matchId=d63da80a-dc51-488f-8064-3c7a36ebb0a7
Expected: {""lastName"":""García"",""age"":42,""address"":{""number"":5,""street"":""Baker Street"",""postcode"":""630099"",""city"":null,""country"":""Россия""},""cars"":[{""brand"":""Renault"",""model"":null,""maxSpeedKmH"":null}]}
Actual:   {""lastName"":""García"",""age"":42,""address"":{""number"":5,""street"":""Baker Street"",""postcode"":""630099"",""city"":null,""country"":""Россия""},""cars"":[{""brand"":""Renault"",""model"":null,""maxSpeedKmH"":null}],""randomBoolean1"":true}"
d63da80a-dc51-488f-8064-3c7a36ebb0a7,74e133e9-f335-4e86-8cbb-bcdda9842319,false,"[Regression] JSON mismatch for matchId=d63da80a-dc51-488f-8064-3c7a36ebb0a7
Expected: {""lastName"":""García"",""age"":42,""address"":{""number"":5,""street"":""Baker Street"",""postcode"":""630099"",""city"":null,""country"":""Россия""},""cars"":[{""brand"":""Renault"",""model"":null,""maxSpeedKmH"":null}]}
Actual:   {""lastName"":""Garc/,ía"",""age"":42,""address"":{""number"":5,""street"":""Baker Street"",""postcode"":""630099"",""city"":null,""country"":""Россия""},""cars"":[{""brand"":""Renault"",""model"":null,""maxSpeedKmH"":null}]}"
d63da80a-dc51-488f-8064-3c7a36ebb0a7,9389fd01-2d58-48c0-ad1f-7cb22f76524e,false,"[Regression] JSON mismatch for matchId=d63da80a-dc51-488f-8064-3c7a36ebb0a7
Expected: {""lastName"":""García"",""age"":42,""address"":{""number"":5,""street"":""Baker Street"",""postcode"":""630099"",""city"":null,""country"":""Россия""},""cars"":[{""brand"":""Renault"",""model"":null,""maxSpeedKmH"":null}]}
Actual:   {""lastName"":""García"",""age"":-289976.8137227148,""address"":{""number"":5,""street"":""Baker Street"",""postcode"":""630099"",""city"":null,""country"":""Россия""},""cars"":[{""brand"":""Renault"",""model"":null,""maxSpeedKmH"":null}]}"
d63da80a-dc51-488f-8064-3c7a36ebb0a7,ca1e82f4-fae3-4578-80c0-25d0af79df7f,false,"[Regression] JSON mismatch for matchId=d63da80a-dc51-488f-8064-3c7a36ebb0a7
Expected: {""lastName"":""García"",""age"":42,""address"":{""number"":5,""street"":""Baker Street"",""postcode"":""630099"",""city"":null,""country"":""Россия""},""cars"":[{""brand"":""Renault"",""model"":null,""maxSpeedKmH"":null}]}
Actual:   {""lastName"":""García"",""age"":42,""address"":{""number"":5,""postcode"":""630099"",""country"":""Россия""},""cars"":[{""brand"":""Renault"",""model"":null,""maxSpeedKmH"":null}]}"
d63da80a-dc51-488f-8064-3c7a36ebb0a7,8de59ba0-b370-47ea-b215-3c721310ad38,false,"[Regression] JSON mismatch for matchId=d63da80a-dc51-488f-8064-3c7a36ebb0a7
Expected: {""lastName"":""García"",""age"":42,""address"":{""number"":5,""street"":""Baker Street"",""postcode"":""630099"",""city"":null,""country"":""Россия""},""cars"":[{""brand"":""Renault"",""model"":null,""maxSpeedKmH"":null}]}
Actual:   {""lastName"":""García"",""age"":42,""address"":{""number"":-618785,""street"":""Baker Street"",""postcode"":""630099"",""city"":null,""country"":""Россия""},""cars"":[{""brand"":""Renault"",""model"":null,""maxSpeedKmH"":null}]}"
d63da80a-dc51-488f-8064-3c7a36ebb0a7,b8124375-d740-467c-8626-1c38cac1cd66,false,"[Regression] JSON mismatch for matchId=d63da80a-dc51-488f-8064-3c7a36ebb0a7
Expected: {""lastName"":""García"",""age"":42,""address"":{""number"":5,""street"":""Baker Street"",""postcode"":""630099"",""city"":null,""country"":""Россия""},""cars"":[{""brand"":""Renault"",""model"":null,""maxSpeedKmH"":null}]}
Actual:   {""lastName"":""García"",""age"":42,""address"":{""number"":5,""street"":null,""postcode"":""630099"",""city"":null,""country"":""Россия""},""cars"":[{""brand"":""Renault"",""model"":null,""maxSpeedKmH"":null}]}"
d63da80a-dc51-488f-8064-3c7a36ebb0a7,a7878584-6144-4dd8-990b-2549dc275ede,false,"[Regression] JSON mismatch for matchId=d63da80a-dc51-488f-8064-3c7a36ebb0a7
Expected: {""lastName"":""García"",""age"":42,""address"":{""number"":5,""street"":""Baker Street"",""postcode"":""630099"",""city"":null,""country"":""Россия""},""cars"":[{""brand"":""Renault"",""model"":null,""maxSpeedKmH"":null}]}
Actual:   {""lastName"":""García"",""age"":42,""address"":{""number"":5,""street"":""Baker Street"",""postcode"":""p[}"",""city"":null,""country"":""Россия""},""cars"":[{""brand"":""Renault"",""model"":null,""maxSpeedKmH"":null}]}"
d63da80a-dc51-488f-8064-3c7a36ebb0a7,60bf66bd-5866-41f5-9746-2321dca01ec3,false,"[Regression] JSON mismatch for matchId=d63da80a-dc51-488f-8064-3c7a36ebb0a7
Expected: {""lastName"":""García"",""age"":42,""address"":{""number"":5,""street"":""Baker Street"",""postcode"":""630099"",""city"":null,""country"":""Россия""},""cars"":[{""brand"":""Renault"",""model"":null,""maxSpeedKmH"":null}]}
Actual:   {""lastName"":""García"",""age"":42,""address"":{""number"":5,""street"":""Baker Street"",""postcode"":""630099"",""city"":-289976.8137227148,""country"":""Россия""},""cars"":[{""brand"":""Renault"",""model"":null,""maxSpeedKmH"":null}]}"
d63da80a-dc51-488f-8064-3c7a36ebb0a7,1aafcf10-2f9e-4b47-bdf6-f46fa195de69,false,"[Regression] JSON mismatch for matchId=d63da80a-dc51-488f-8064-3c7a36ebb0a7
Expected: {""lastName"":""García"",""age"":42,""address"":{""number"":5,""street"":""Baker Street"",""postcode"":""630099"",""city"":null,""country"":""Россия""},""cars"":[{""brand"":""Renault"",""model"":null,""maxSpeedKmH"":null}]}
Actual:   {""lastName"":""García"",""age"":42,""address"":{""number"":5,""street"":""Baker Street"",""postcode"":""630099"",""city"":null,""country"":[]},""cars"":[{""brand"":""Renault"",""model"":null,""maxSpeedKmH"":null}]}"
d63da80a-dc51-488f-8064-3c7a36ebb0a7,3b7393df-e018-41dd-9d51-7c5b660de35e,false,"[Regression] JSON mismatch for matchId=d63da80a-dc51-488f-8064-3c7a36ebb0a7
Expected: {""lastName"":""García"",""age"":42,""address"":{""number"":5,""street"":""Baker Street"",""postcode"":""630099"",""city"":null,""country"":""Россия""},""cars"":[{""brand"":""Renault"",""model"":null,""maxSpeedKmH"":null}]}
Actual:   {""lastName"":""García"",""age"":42,""address"":{""number"":5,""street"":""Baker Street"",""postcode"":""630099"",""city"":null,""country"":""Россия""},""cars"":-289976.8137227148}"
d63da80a-dc51-488f-8064-3c7a36ebb0a7,a0b7d319-08a1-4b57-a7be-325b7820925d,false,"[Regression] JSON mismatch for matchId=d63da80a-dc51-488f-8064-3c7a36ebb0a7
Expected: {""lastName"":""García"",""age"":42,""address"":{""number"":5,""street"":""Baker Street"",""postcode"":""630099"",""city"":null,""country"":""Россия""},""cars"":[{""brand"":""Renault"",""model"":null,""maxSpeedKmH"":null}]}
Actual:   {""lastName"":""García"",""age"":42,""address"":{""number"":5,""street"":""Baker Street"",""postcode"":""630099"",""city"":null,""country"":""Россия""},""cars"":[[]]}"
d63da80a-dc51-488f-8064-3c7a36ebb0a7,eebf0368-5075-4d50-baa8-b2ab977d8b0e,false,"[Regression] JSON mismatch for matchId=d63da80a-dc51-488f-8064-3c7a36ebb0a7
Expected: {""lastName"":""García"",""age"":42,""address"":{""number"":5,""street"":""Baker Street"",""postcode"":""630099"",""city"":null,""country"":""Россия""},""cars"":[{""brand"":""Renault"",""model"":null,""maxSpeedKmH"":null}]}
Actual:   {""lastName"":""García"",""age"":42,""address"":{""number"":5,""street"":""Baker Street"",""postcode"":""630099"",""city"":null,""country"":""Россия""},""cars"":[{""brand"":-627465,""model"":null,""maxSpeedKmH"":null}]}"
d63da80a-dc51-488f-8064-3c7a36ebb0a7,a6f96c22-57cf-4461-8e76-ce773353c912,false,"[Regression] JSON mismatch for matchId=d63da80a-dc51-488f-8064-3c7a36ebb0a7
Expected: {""lastName"":""García"",""age"":42,""address"":{""number"":5,""street"":""Baker Street"",""postcode"":""630099"",""city"":null,""country"":""Россия""},""cars"":[{""brand"":""Renault"",""model"":null,""maxSpeedKmH"":null}]}
Actual:   {""lastName"":""García"",""age"":42,""address"":{""number"":5,""street"":""Baker Street"",""postcode"":""630099"",""city"":null,""country"":""Россия""},""cars"":[{""brand"":""Renault"",""model"":{},""maxSpeedKmH"":null}]}"
d63da80a-dc51-488f-8064-3c7a36ebb0a7,8ae618ad-f3af-49f4-83e8-ba7d6dd8129b,false,"[Regression] JSON mismatch for matchId=d63da80a-dc51-488f-8064-3c7a36ebb0a7
Expected: {""lastName"":""García"",""age"":42,""address"":{""number"":5,""street"":""Baker Street"",""postcode"":""630099"",""city"":null,""country"":""Россия""},""cars"":[{""brand"":""Renault"",""model"":null,""maxSpeedKmH"":null}]}
Actual:   {""lastName"":""García"",""age"":42,""address"":{""number"":5,""street"":""Baker Street"",""postcode"":""630099"",""city"":null,""country"":""Россия""},""cars"":[{""brand"":""Renault"",""model"":null,""maxSpeedKmH"":{}}]}"
398e2e46-528d-416c-b5f0-dde54c5ff06d,daf58be9-7826-4127-88da-566002568437,false,"[Regression] Status code mismatch for matchId=398e2e46-528d-416c-b5f0-dde54c5ff06d
   Expected: 201
   Actual:   404"
398e2e46-528d-416c-b5f0-dde54c5ff06d,756b5852-b1ae-4c06-9c18-893afe782b3c,false,"[Regression] Header size mismatch for matchId=398e2e46-528d-416c-b5f0-dde54c5ff06d
   Expected: {transfer-encoding=chunked, content-type=application/json}
   Actual:   {transfer-encoding=chunked}"
398e2e46-528d-416c-b5f0-dde54c5ff06d,bb44a935-0f18-417d-a139-a5022c25496e,false,"[Regression] Header value (content-type) mismatch for matchId=398e2e46-528d-416c-b5f0-dde54c5ff06d
   Expected: application/json
   Actual:   application/json; charset=iso-8859-15"
398e2e46-528d-416c-b5f0-dde54c5ff06d,e1e60c6f-1746-44fb-80ae-62c87aa8c963,false,"[Regression] JSON mismatch for matchId=398e2e46-528d-416c-b5f0-dde54c5ff06d
Expected: {""firstName"":""Lixin"",""lastName"":""Zhao"",""age"":28,""address"":{""number"":0,""street"":null,""postcode"":""28013"",""city"":""Madrid"",""country"":""Spain""},""insurance"":true,""cars"":[{""brand"":""Toyota"",""model"":""Corolla"",""maxSpeedKmH"":135.75}]}
Actual:   {""firstName"":""Lixin"",""lastName"":""Zhao"",""age"":28,""insurance"":true,""cars"":[{""brand"":""Toyota"",""model"":""Corolla"",""maxSpeedKmH"":135.75}]}"
398e2e46-528d-416c-b5f0-dde54c5ff06d,e274a4a8-fa52-40aa-a580-f378c80d3057,false,"[Regression] JSON mismatch for matchId=398e2e46-528d-416c-b5f0-dde54c5ff06d
Expected: {""firstName"":""Lixin"",""lastName"":""Zhao"",""age"":28,""address"":{""number"":0,""street"":null,""postcode"":""28013"",""city"":""Madrid"",""country"":""Spain""},""insurance"":true,""cars"":[{""brand"":""Toyota"",""model"":""Corolla"",""maxSpeedKmH"":135.75}]}
Actual:   {""firstName"":""Lixi/,n"",""lastName"":""Zhao"",""age"":28,""address"":{""number"":0,""street"":null,""postcode"":""28013"",""city"":""Madrid"",""country"":""Spain""},""insurance"":true,""cars"":[{""brand"":""Toyota"",""model"":""Corolla"",""maxSpeedKmH"":135.75}]}"
398e2e46-528d-416c-b5f0-dde54c5ff06d,5675b022-833f-439a-9107-e7b08f15c69c,false,"[Regression] JSON mismatch for matchId=398e2e46-528d-416c-b5f0-dde54c5ff06d
Expected: {""firstName"":""Lixin"",""lastName"":""Zhao"",""age"":28,""address"":{""number"":0,""street"":null,""postcode"":""28013"",""city"":""Madrid"",""country"":""Spain""},""insurance"":true,""cars"":[{""brand"":""Toyota"",""model"":""Corolla"",""maxSpeedKmH"":135.75}]}
Actual:   {""firstName"":""Lixin"",""lastName"":null,""age"":28,""address"":{""number"":0,""street"":null,""postcode"":""28013"",""city"":""Madrid"",""country"":""Spain""},""insurance"":true,""cars"":[{""brand"":""Toyota"",""model"":""Corolla"",""maxSpeedKmH"":135.75}]}"
398e2e46-528d-416c-b5f0-dde54c5ff06d,65f7bfe9-948e-4fcb-8ff4-a90651be5b56,false,"[Regression] JSON mismatch for matchId=398e2e46-528d-416c-b5f0-dde54c5ff06d
Expected: {""firstName"":""Lixin"",""lastName"":""Zhao"",""age"":28,""address"":{""number"":0,""street"":null,""postcode"":""28013"",""city"":""Madrid"",""country"":""Spain""},""insurance"":true,""cars"":[{""brand"":""Toyota"",""model"":""Corolla"",""maxSpeedKmH"":135.75}]}
Actual:   {""firstName"":""Lixin"",""lastName"":""Zhao"",""age"":-241395,""address"":{""number"":0,""street"":null,""postcode"":""28013"",""city"":""Madrid"",""country"":""Spain""},""insurance"":true,""cars"":[{""brand"":""Toyota"",""model"":""Corolla"",""maxSpeedKmH"":135.75}]}"
398e2e46-528d-416c-b5f0-dde54c5ff06d,9379eab0-5a47-41d4-9459-7b419c4289c8,false,"[Regression] JSON mismatch for matchId=398e2e46-528d-416c-b5f0-dde54c5ff06d
Expected: {""firstName"":""Lixin"",""lastName"":""Zhao"",""age"":28,""address"":{""number"":0,""street"":null,""postcode"":""28013"",""city"":""Madrid"",""country"":""Spain""},""insurance"":true,""cars"":[{""brand"":""Toyota"",""model"":""Corolla"",""maxSpeedKmH"":135.75}]}
Actual:   {""firstName"":""Lixin"",""lastName"":""Zhao"",""age"":28,""address"":{""number"":0,""postcode"":""28013"",""country"":""Spain""},""insurance"":true,""cars"":[{""brand"":""Toyota"",""model"":""Corolla"",""maxSpeedKmH"":135.75}]}"
398e2e46-528d-416c-b5f0-dde54c5ff06d,79773a6b-1ce2-47f5-a863-9c612b3871e0,false,"[Regression] JSON mismatch for matchId=398e2e46-528d-416c-b5f0-dde54c5ff06d
Expected: {""firstName"":""Lixin"",""lastName"":""Zhao"",""age"":28,""address"":{""number"":0,""street"":null,""postcode"":""28013"",""city"":""Madrid"",""country"":""Spain""},""insurance"":true,""cars"":[{""brand"":""Toyota"",""model"":""Corolla"",""maxSpeedKmH"":135.75}]}
Actual:   {""firstName"":""Lixin"",""lastName"":""Zhao"",""age"":28,""address"":{""number"":{},""street"":null,""postcode"":""28013"",""city"":""Madrid"",""country"":""Spain""},""insurance"":true,""cars"":[{""brand"":""Toyota"",""model"":""Corolla"",""maxSpeedKmH"":135.75}]}"
398e2e46-528d-416c-b5f0-dde54c5ff06d,6cc2a7a0-db31-4792-a5fa-c560dd85f477,false,"[Regression] JSON mismatch for matchId=398e2e46-528d-416c-b5f0-dde54c5ff06d
Expected: {""firstName"":""Lixin"",""lastName"":""Zhao"",""age"":28,""address"":{""number"":0,""street"":null,""postcode"":""28013"",""city"":""Madrid"",""country"":""Spain""},""insurance"":true,""cars"":[{""brand"":""Toyota"",""model"":""Corolla"",""maxSpeedKmH"":135.75}]}
Actual:   {""firstName"":""Lixin"",""lastName"":""Zhao"",""age"":28,""address"":{""number"":0,""street"":-289976.8137227148,""postcode"":""28013"",""city"":""Madrid"",""country"":""Spain""},""insurance"":true,""cars"":[{""brand"":""Toyota"",""model"":""Corolla"",""maxSpeedKmH"":135.75}]}"
398e2e46-528d-416c-b5f0-dde54c5ff06d,dac6e8a5-b290-4b75-b48c-471f30b5b29c,false,"[Regression] JSON mismatch for matchId=398e2e46-528d-416c-b5f0-dde54c5ff06d
Expected: {""firstName"":""Lixin"",""lastName"":""Zhao"",""age"":28,""address"":{""number"":0,""street"":null,""postcode"":""28013"",""city"":""Madrid"",""country"":""Spain""},""insurance"":true,""cars"":[{""brand"":""Toyota"",""model"":""Corolla"",""maxSpeedKmH"":135.75}]}
Actual:   {""firstName"":""Lixin"",""lastName"":""Zhao"",""age"":28,""address"":{""number"":0,""street"":null,""postcode"":{},""city"":""Madrid"",""country"":""Spain""},""insurance"":true,""cars"":[{""brand"":""Toyota"",""model"":""Corolla"",""maxSpeedKmH"":135.75}]}"
398e2e46-528d-416c-b5f0-dde54c5ff06d,5d998390-729c-4533-bcb0-2a002627d0dd,false,"[Regression] JSON mismatch for matchId=398e2e46-528d-416c-b5f0-dde54c5ff06d
Expected: {""firstName"":""Lixin"",""lastName"":""Zhao"",""age"":28,""address"":{""number"":0,""street"":null,""postcode"":""28013"",""city"":""Madrid"",""country"":""Spain""},""insurance"":true,""cars"":[{""brand"":""Toyota"",""model"":""Corolla"",""maxSpeedKmH"":135.75}]}
Actual:   {""firstName"":""Lixin"",""lastName"":""Zhao"",""age"":28,""address"":{""number"":0,""street"":null,""postcode"":""28013"",""city"":""EJEMPLO MAYUS"",""country"":""Spain""},""insurance"":true,""cars"":[{""brand"":""Toyota"",""model"":""Corolla"",""maxSpeedKmH"":135.75}]}"
398e2e46-528d-416c-b5f0-dde54c5ff06d,aad80c62-0680-4278-9692-0d82878f15f1,false,"[Regression] JSON mismatch for matchId=398e2e46-528d-416c-b5f0-dde54c5ff06d
Expected: {""firstName"":""Lixin"",""lastName"":""Zhao"",""age"":28,""address"":{""number"":0,""street"":null,""postcode"":""28013"",""city"":""Madrid"",""country"":""Spain""},""insurance"":true,""cars"":[{""brand"":""Toyota"",""model"":""Corolla"",""maxSpeedKmH"":135.75}]}
Actual:   {""firstName"":""Lixin"",""lastName"":""Zhao"",""age"":28,""address"":{""number"":0,""street"":null,""postcode"":""28013"",""city"":""Madrid"",""country"":""EJEMPLO MAYUS""},""insurance"":true,""cars"":[{""brand"":""Toyota"",""model"":""Corolla"",""maxSpeedKmH"":135.75}]}"
398e2e46-528d-416c-b5f0-dde54c5ff06d,a01e2442-79e2-4caa-a233-ab6c3a683d65,false,"[Regression] JSON mismatch for matchId=398e2e46-528d-416c-b5f0-dde54c5ff06d
Expected: {""firstName"":""Lixin"",""lastName"":""Zhao"",""age"":28,""address"":{""number"":0,""street"":null,""postcode"":""28013"",""city"":""Madrid"",""country"":""Spain""},""insurance"":true,""cars"":[{""brand"":""Toyota"",""model"":""Corolla"",""maxSpeedKmH"":135.75}]}
Actual:   {""firstName"":""Lixin"",""lastName"":""Zhao"",""age"":28,""address"":{""number"":0,""street"":null,""postcode"":""28013"",""city"":""Madrid"",""country"":""Spain""},""insurance"":-289976.8137227148,""cars"":[{""brand"":""Toyota"",""model"":""Corolla"",""maxSpeedKmH"":135.75}]}"
398e2e46-528d-416c-b5f0-dde54c5ff06d,48383252-3a6a-4bf5-a1cf-8a610cb95642,false,"[Regression] JSON mismatch for matchId=398e2e46-528d-416c-b5f0-dde54c5ff06d
Expected: {""firstName"":""Lixin"",""lastName"":""Zhao"",""age"":28,""address"":{""number"":0,""street"":null,""postcode"":""28013"",""city"":""Madrid"",""country"":""Spain""},""insurance"":true,""cars"":[{""brand"":""Toyota"",""model"":""Corolla"",""maxSpeedKmH"":135.75}]}
Actual:   {""firstName"":""Lixin"",""lastName"":""Zhao"",""age"":28,""address"":{""number"":0,""street"":null,""postcode"":""28013"",""city"":""Madrid"",""country"":""Spain""},""insurance"":true,""cars"":[{""brand"":""Toyota"",""model"":""Corolla"",""maxSpeedKmH"":135.75},true]}"
398e2e46-528d-416c-b5f0-dde54c5ff06d,f809bdff-14ff-40f0-9f09-3ceca648fcb2,false,"[Regression] JSON mismatch for matchId=398e2e46-528d-416c-b5f0-dde54c5ff06d
Expected: {""firstName"":""Lixin"",""lastName"":""Zhao"",""age"":28,""address"":{""number"":0,""street"":null,""postcode"":""28013"",""city"":""Madrid"",""country"":""Spain""},""insurance"":true,""cars"":[{""brand"":""Toyota"",""model"":""Corolla"",""maxSpeedKmH"":135.75}]}
Actual:   {""firstName"":""Lixin"",""lastName"":""Zhao"",""age"":28,""address"":{""number"":0,""street"":null,""postcode"":""28013"",""city"":""Madrid"",""country"":""Spain""},""insurance"":true,""cars"":[{}]}"
398e2e46-528d-416c-b5f0-dde54c5ff06d,69ed34b0-933e-4b04-b833-805034f53516,false,"[Regression] JSON mismatch for matchId=398e2e46-528d-416c-b5f0-dde54c5ff06d
Expected: {""firstName"":""Lixin"",""lastName"":""Zhao"",""age"":28,""address"":{""number"":0,""street"":null,""postcode"":""28013"",""city"":""Madrid"",""country"":""Spain""},""insurance"":true,""cars"":[{""brand"":""Toyota"",""model"":""Corolla"",""maxSpeedKmH"":135.75}]}
Actual:   {""firstName"":""Lixin"",""lastName"":""Zhao"",""age"":28,""address"":{""number"":0,""street"":null,""postcode"":""28013"",""city"":""Madrid"",""country"":""Spain""},""insurance"":true,""cars"":[{""brand"":""O"",""model"":""Corolla"",""maxSpeedKmH"":135.75}]}"
398e2e46-528d-416c-b5f0-dde54c5ff06d,c04a7a40-1ce9-4aac-a8d4-3fd1536fa603,false,"[Regression] JSON mismatch for matchId=398e2e46-528d-416c-b5f0-dde54c5ff06d
Expected: {""firstName"":""Lixin"",""lastName"":""Zhao"",""age"":28,""address"":{""number"":0,""street"":null,""postcode"":""28013"",""city"":""Madrid"",""country"":""Spain""},""insurance"":true,""cars"":[{""brand"":""Toyota"",""model"":""Corolla"",""maxSpeedKmH"":135.75}]}
Actual:   {""firstName"":""Lixin"",""lastName"":""Zhao"",""age"":28,""address"":{""number"":0,""street"":null,""postcode"":""28013"",""city"":""Madrid"",""country"":""Spain""},""insurance"":true,""cars"":[{""brand"":""Toyota"",""model"":{},""maxSpeedKmH"":135.75}]}"
398e2e46-528d-416c-b5f0-dde54c5ff06d,dc6c149a-9e0a-4080-872e-512ed1a13501,false,"[Regression] JSON mismatch for matchId=398e2e46-528d-416c-b5f0-dde54c5ff06d
Expected: {""firstName"":""Lixin"",""lastName"":""Zhao"",""age"":28,""address"":{""number"":0,""street"":null,""postcode"":""28013"",""city"":""Madrid"",""country"":""Spain""},""insurance"":true,""cars"":[{""brand"":""Toyota"",""model"":""Corolla"",""maxSpeedKmH"":135.75}]}
Actual:   {""firstName"":""Lixin"",""lastName"":""Zhao"",""age"":28,""address"":{""number"":0,""street"":null,""postcode"":""28013"",""city"":""Madrid"",""country"":""Spain""},""insurance"":true,""cars"":[{""brand"":""Toyota"",""model"":""Corolla"",""maxSpeedKmH"":-423735.846429718}]}"
8755eef6-c482-4540-97d3-6e7631bfc34b,b2c69612-84e3-471b-83a6-efc1752aef73,false,"[Regression] Status code mismatch for matchId=8755eef6-c482-4540-97d3-6e7631bfc34b
   Expected: 201
   Actual:   404"
8755eef6-c482-4540-97d3-6e7631bfc34b,3a97a070-6be4-43a3-a543-97b83520376c,false,"[Regression] Header size mismatch for matchId=8755eef6-c482-4540-97d3-6e7631bfc34b
   Expected: {transfer-encoding=chunked, content-type=application/json}
   Actual:   {transfer-encoding=chunked}"
8755eef6-c482-4540-97d3-6e7631bfc34b,a4f56c33-8461-46e1-88be-c6210b063ae2,false,"[Regression] Header value (content-type) mismatch for matchId=8755eef6-c482-4540-97d3-6e7631bfc34b
   Expected: application/json
   Actual:   application/json; charset=iso-8859-15"
8755eef6-c482-4540-97d3-6e7631bfc34b,69d3c187-022e-4232-998c-43b9ad7f2fac,false,"[Regression] JSON mismatch for matchId=8755eef6-c482-4540-97d3-6e7631bfc34b
Expected: {""firstName"":""Alice"",""lastName"":""Smith"",""age"":42,""address"":{""number"":5,""street"":null,""postcode"":""94107"",""city"":""San Francisco"",""country"":""USA""},""cars"":[{""brand"":""Tesla"",""model"":""Clio"",""maxSpeedKmH"":180.5}]}
Actual:   {""firstName"":""Alice"",""age"":42,""address"":{""number"":5,""street"":null,""postcode"":""94107"",""city"":""San Francisco"",""country"":""USA""},""cars"":[{""brand"":""Tesla"",""model"":""Clio"",""maxSpeedKmH"":180.5}]}"
8755eef6-c482-4540-97d3-6e7631bfc34b,23ed84c1-a803-46d9-bc04-b6a2163f0ddd,false,"[Regression] JSON mismatch for matchId=8755eef6-c482-4540-97d3-6e7631bfc34b
Expected: {""firstName"":""Alice"",""lastName"":""Smith"",""age"":42,""address"":{""number"":5,""street"":null,""postcode"":""94107"",""city"":""San Francisco"",""country"":""USA""},""cars"":[{""brand"":""Tesla"",""model"":""Clio"",""maxSpeedKmH"":180.5}]}
Actual:   {""firstName"":""T"",""lastName"":""Smith"",""age"":42,""address"":{""number"":5,""street"":null,""postcode"":""94107"",""city"":""San Francisco"",""country"":""USA""},""cars"":[{""brand"":""Tesla"",""model"":""Clio"",""maxSpeedKmH"":180.5}]}"
8755eef6-c482-4540-97d3-6e7631bfc34b,5f3a4a2c-eb7b-4c37-a231-63cc9fbd1986,false,"[Regression] JSON mismatch for matchId=8755eef6-c482-4540-97d3-6e7631bfc34b
Expected: {""firstName"":""Alice"",""lastName"":""Smith"",""age"":42,""address"":{""number"":5,""street"":null,""postcode"":""94107"",""city"":""San Francisco"",""country"":""USA""},""cars"":[{""brand"":""Tesla"",""model"":""Clio"",""maxSpeedKmH"":180.5}]}
Actual:   {""firstName"":""Alice"",""lastName"":""S"",""age"":42,""address"":{""number"":5,""street"":null,""postcode"":""94107"",""city"":""San Francisco"",""country"":""USA""},""cars"":[{""brand"":""Tesla"",""model"":""Clio"",""maxSpeedKmH"":180.5}]}"
8755eef6-c482-4540-97d3-6e7631bfc34b,b7f71ca3-2ad8-4058-ad1e-8de551804051,false,"[Regression] JSON mismatch for matchId=8755eef6-c482-4540-97d3-6e7631bfc34b
Expected: {""firstName"":""Alice"",""lastName"":""Smith"",""age"":42,""address"":{""number"":5,""street"":null,""postcode"":""94107"",""city"":""San Francisco"",""country"":""USA""},""cars"":[{""brand"":""Tesla"",""model"":""Clio"",""maxSpeedKmH"":180.5}]}
Actual:   {""firstName"":""Alice"",""lastName"":""Smith"",""age"":-289976.8137227148,""address"":{""number"":5,""street"":null,""postcode"":""94107"",""city"":""San Francisco"",""country"":""USA""},""cars"":[{""brand"":""Tesla"",""model"":""Clio"",""maxSpeedKmH"":180.5}]}"
8755eef6-c482-4540-97d3-6e7631bfc34b,d8df628f-4335-4c92-9520-31cd50c5fb74,false,"[Regression] JSON mismatch for matchId=8755eef6-c482-4540-97d3-6e7631bfc34b
Expected: {""firstName"":""Alice"",""lastName"":""Smith"",""age"":42,""address"":{""number"":5,""street"":null,""postcode"":""94107"",""city"":""San Francisco"",""country"":""USA""},""cars"":[{""brand"":""Tesla"",""model"":""Clio"",""maxSpeedKmH"":180.5}]}
Actual:   {""firstName"":""Alice"",""lastName"":""Smith"",""age"":42,""address"":-289976.8137227148,""cars"":[{""brand"":""Tesla"",""model"":""Clio"",""maxSpeedKmH"":180.5}]}"
8755eef6-c482-4540-97d3-6e7631bfc34b,75b48cca-aa93-4564-9e40-20d438c24d05,false,"[Regression] JSON mismatch for matchId=8755eef6-c482-4540-97d3-6e7631bfc34b
Expected: {""firstName"":""Alice"",""lastName"":""Smith"",""age"":42,""address"":{""number"":5,""street"":null,""postcode"":""94107"",""city"":""San Francisco"",""country"":""USA""},""cars"":[{""brand"":""Tesla"",""model"":""Clio"",""maxSpeedKmH"":180.5}]}
Actual:   {""firstName"":""Alice"",""lastName"":""Smith"",""age"":42,""address"":{""number"":-618785,""street"":null,""postcode"":""94107"",""city"":""San Francisco"",""country"":""USA""},""cars"":[{""brand"":""Tesla"",""model"":""Clio"",""maxSpeedKmH"":180.5}]}"
8755eef6-c482-4540-97d3-6e7631bfc34b,39eda0a7-ed1e-4d52-a09d-e084ef2f63df,false,"[Regression] JSON mismatch for matchId=8755eef6-c482-4540-97d3-6e7631bfc34b
Expected: {""firstName"":""Alice"",""lastName"":""Smith"",""age"":42,""address"":{""number"":5,""street"":null,""postcode"":""94107"",""city"":""San Francisco"",""country"":""USA""},""cars"":[{""brand"":""Tesla"",""model"":""Clio"",""maxSpeedKmH"":180.5}]}
Actual:   {""firstName"":""Alice"",""lastName"":""Smith"",""age"":42,""address"":{""number"":5,""street"":-289976.8137227148,""postcode"":""94107"",""city"":""San Francisco"",""country"":""USA""},""cars"":[{""brand"":""Tesla"",""model"":""Clio"",""maxSpeedKmH"":180.5}]}"
8755eef6-c482-4540-97d3-6e7631bfc34b,8a960133-5dfb-44c1-adee-42c165d9d99e,false,"[Regression] JSON mismatch for matchId=8755eef6-c482-4540-97d3-6e7631bfc34b
Expected: {""firstName"":""Alice"",""lastName"":""Smith"",""age"":42,""address"":{""number"":5,""street"":null,""postcode"":""94107"",""city"":""San Francisco"",""country"":""USA""},""cars"":[{""brand"":""Tesla"",""model"":""Clio"",""maxSpeedKmH"":180.5}]}
Actual:   {""firstName"":""Alice"",""lastName"":""Smith"",""age"":42,""address"":{""number"":5,""street"":null,""postcode"":null,""city"":""San Francisco"",""country"":""USA""},""cars"":[{""brand"":""Tesla"",""model"":""Clio"",""maxSpeedKmH"":180.5}]}"
8755eef6-c482-4540-97d3-6e7631bfc34b,f547ad4c-c3e1-456d-be2f-2f749cdf2ba7,false,"[Regression] JSON mismatch for matchId=8755eef6-c482-4540-97d3-6e7631bfc34b
Expected: {""firstName"":""Alice"",""lastName"":""Smith"",""age"":42,""address"":{""number"":5,""street"":null,""postcode"":""94107"",""city"":""San Francisco"",""country"":""USA""},""cars"":[{""brand"":""Tesla"",""model"":""Clio"",""maxSpeedKmH"":180.5}]}
Actual:   {""firstName"":""Alice"",""lastName"":""Smith"",""age"":42,""address"":{""number"":5,""street"":null,""postcode"":""94107"",""city"":null,""country"":""USA""},""cars"":[{""brand"":""Tesla"",""model"":""Clio"",""maxSpeedKmH"":180.5}]}"
8755eef6-c482-4540-97d3-6e7631bfc34b,311b5ab9-0769-4891-94d6-92bf7766f57e,false,"[Regression] JSON mismatch for matchId=8755eef6-c482-4540-97d3-6e7631bfc34b
Expected: {""firstName"":""Alice"",""lastName"":""Smith"",""age"":42,""address"":{""number"":5,""street"":null,""postcode"":""94107"",""city"":""San Francisco"",""country"":""USA""},""cars"":[{""brand"":""Tesla"",""model"":""Clio"",""maxSpeedKmH"":180.5}]}
Actual:   {""firstName"":""Alice"",""lastName"":""Smith"",""age"":42,""address"":{""number"":5,""street"":null,""postcode"":""94107"",""city"":""San Francisco"",""country"":""USA/*""},""cars"":[{""brand"":""Tesla"",""model"":""Clio"",""maxSpeedKmH"":180.5}]}"
8755eef6-c482-4540-97d3-6e7631bfc34b,a38c1aac-eb98-4bd2-9c2f-a6311255e1e8,false,"[Regression] JSON mismatch for matchId=8755eef6-c482-4540-97d3-6e7631bfc34b
Expected: {""firstName"":""Alice"",""lastName"":""Smith"",""age"":42,""address"":{""number"":5,""street"":null,""postcode"":""94107"",""city"":""San Francisco"",""country"":""USA""},""cars"":[{""brand"":""Tesla"",""model"":""Clio"",""maxSpeedKmH"":180.5}]}
Actual:   {""firstName"":""Alice"",""lastName"":""Smith"",""age"":42,""address"":{""number"":5,""street"":null,""postcode"":""94107"",""city"":""San Francisco"",""country"":""USA""},""cars"":[]}"
8755eef6-c482-4540-97d3-6e7631bfc34b,ddd300cb-4c32-46cf-a971-d25a0398b2f5,false,"[Regression] JSON mismatch for matchId=8755eef6-c482-4540-97d3-6e7631bfc34b
Expected: {""firstName"":""Alice"",""lastName"":""Smith"",""age"":42,""address"":{""number"":5,""street"":null,""postcode"":""94107"",""city"":""San Francisco"",""country"":""USA""},""cars"":[{""brand"":""Tesla"",""model"":""Clio"",""maxSpeedKmH"":180.5}]}
Actual:   {""firstName"":""Alice"",""lastName"":""Smith"",""age"":42,""address"":{""number"":5,""street"":null,""postcode"":""94107"",""city"":""San Francisco"",""country"":""USA""},""cars"":[{""brand"":""Tesla"",""model"":""Clio"",""maxSpeedKmH"":180.5,""randomObject1"":{},""randomLong2"":-627465,""randomArray3"":[],""randomObject4"":{}}]}"
8755eef6-c482-4540-97d3-6e7631bfc34b,4d170160-178a-4433-a7f7-1dd90ffb2e94,false,"[Regression] JSON mismatch for matchId=8755eef6-c482-4540-97d3-6e7631bfc34b
Expected: {""firstName"":""Alice"",""lastName"":""Smith"",""age"":42,""address"":{""number"":5,""street"":null,""postcode"":""94107"",""city"":""San Francisco"",""country"":""USA""},""cars"":[{""brand"":""Tesla"",""model"":""Clio"",""maxSpeedKmH"":180.5}]}
Actual:   {""firstName"":""Alice"",""lastName"":""Smith"",""age"":42,""address"":{""number"":5,""street"":null,""postcode"":""94107"",""city"":""San Francisco"",""country"":""USA""},""cars"":[{""brand"":""EJEMPLO MAYUS"",""model"":""Clio"",""maxSpeedKmH"":180.5}]}"
8755eef6-c482-4540-97d3-6e7631bfc34b,2cc16867-52d5-48ed-8718-3bbe0bb2bad8,false,"[Regression] JSON mismatch for matchId=8755eef6-c482-4540-97d3-6e7631bfc34b
Expected: {""firstName"":""Alice"",""lastName"":""Smith"",""age"":42,""address"":{""number"":5,""street"":null,""postcode"":""94107"",""city"":""San Francisco"",""country"":""USA""},""cars"":[{""brand"":""Tesla"",""model"":""Clio"",""maxSpeedKmH"":180.5}]}
Actual:   {""firstName"":""Alice"",""lastName"":""Smith"",""age"":42,""address"":{""number"":5,""street"":null,""postcode"":""94107"",""city"":""San Francisco"",""country"":""USA""},""cars"":[{""brand"":""Tesla"",""model"":""$~NGL?_"",""maxSpeedKmH"":180.5}]}"
8755eef6-c482-4540-97d3-6e7631bfc34b,4d594f7f-e2b8-48b5-9a20-23a72a4497fd,false,"[Regression] JSON mismatch for matchId=8755eef6-c482-4540-97d3-6e7631bfc34b
Expected: {""firstName"":""Alice"",""lastName"":""Smith"",""age"":42,""address"":{""number"":5,""street"":null,""postcode"":""94107"",""city"":""San Francisco"",""country"":""USA""},""cars"":[{""brand"":""Tesla"",""model"":""Clio"",""maxSpeedKmH"":180.5}]}
Actual:   {""firstName"":""Alice"",""lastName"":""Smith"",""age"":42,""address"":{""number"":5,""street"":null,""postcode"":""94107"",""city"":""San Francisco"",""country"":""USA""},""cars"":[{""brand"":""Tesla"",""model"":""Clio"",""maxSpeedKmH"":true}]}"
d76645dd-7e0a-4c3d-8eb7-6be2c961a34b,8ea5a18a-1075-4263-830a-ec24513c63ba,false,"[Regression] Status code mismatch for matchId=d76645dd-7e0a-4c3d-8eb7-6be2c961a34b
   Expected: 201
   Actual:   409"
d76645dd-7e0a-4c3d-8eb7-6be2c961a34b,99567c0f-7bde-4c3e-a42f-c5a4a5dbc0b7,false,"[Regression] Header value (content-type) mismatch for matchId=d76645dd-7e0a-4c3d-8eb7-6be2c961a34b
   Expected: application/json
   Actual:   text/html"
d76645dd-7e0a-4c3d-8eb7-6be2c961a34b,0e9f43c6-1c4d-48df-8715-775ff44bc24d,false,"[Regression] Header value (content-type) mismatch for matchId=d76645dd-7e0a-4c3d-8eb7-6be2c961a34b
   Expected: application/json
   Actual:   application/json; charset=iso-8859-15"
d76645dd-7e0a-4c3d-8eb7-6be2c961a34b,460addde-2267-4562-8ce8-0d2e95a56573,false,"[Regression] JSON mismatch for matchId=d76645dd-7e0a-4c3d-8eb7-6be2c961a34b
Expected: {""firstName"":""Lixin"",""lastName"":""Smith"",""age"":65,""address"":{""number"":10,""street"":""Calle Mayor"",""postcode"":""630099"",""city"":null,""country"":""Spain""},""insurance"":false,""cars"":[{""brand"":""Toyota"",""model"":null,""maxSpeedKmH"":180.5}]}
Actual:   {""firstName"":""Lixin"",""lastName"":""Smith"",""age"":65,""insurance"":false,""cars"":[{""brand"":""Toyota"",""model"":null,""maxSpeedKmH"":180.5}]}"
d76645dd-7e0a-4c3d-8eb7-6be2c961a34b,468d9629-1aa7-467a-a7b8-7467b68460cf,false,"[Regression] JSON mismatch for matchId=d76645dd-7e0a-4c3d-8eb7-6be2c961a34b
Expected: {""firstName"":""Lixin"",""lastName"":""Smith"",""age"":65,""address"":{""number"":10,""street"":""Calle Mayor"",""postcode"":""630099"",""city"":null,""country"":""Spain""},""insurance"":false,""cars"":[{""brand"":""Toyota"",""model"":null,""maxSpeedKmH"":180.5}]}
Actual:   {""firstName"":""&"",""lastName"":""Smith"",""age"":65,""address"":{""number"":10,""street"":""Calle Mayor"",""postcode"":""630099"",""city"":null,""country"":""Spain""},""insurance"":false,""cars"":[{""brand"":""Toyota"",""model"":null,""maxSpeedKmH"":180.5}]}"
d76645dd-7e0a-4c3d-8eb7-6be2c961a34b,3373112a-a281-4839-98a6-38413c4594c1,false,"[Regression] JSON mismatch for matchId=d76645dd-7e0a-4c3d-8eb7-6be2c961a34b
Expected: {""firstName"":""Lixin"",""lastName"":""Smith"",""age"":65,""address"":{""number"":10,""street"":""Calle Mayor"",""postcode"":""630099"",""city"":null,""country"":""Spain""},""insurance"":false,""cars"":[{""brand"":""Toyota"",""model"":null,""maxSpeedKmH"":180.5}]}
Actual:   {""firstName"":""Lixin"",""lastName"":null,""age"":65,""address"":{""number"":10,""street"":""Calle Mayor"",""postcode"":""630099"",""city"":null,""country"":""Spain""},""insurance"":false,""cars"":[{""brand"":""Toyota"",""model"":null,""maxSpeedKmH"":180.5}]}"
d76645dd-7e0a-4c3d-8eb7-6be2c961a34b,fd7fe730-4dc4-4ddc-b1e3-d2731a037ddf,false,"[Regression] JSON mismatch for matchId=d76645dd-7e0a-4c3d-8eb7-6be2c961a34b
Expected: {""firstName"":""Lixin"",""lastName"":""Smith"",""age"":65,""address"":{""number"":10,""street"":""Calle Mayor"",""postcode"":""630099"",""city"":null,""country"":""Spain""},""insurance"":false,""cars"":[{""brand"":""Toyota"",""model"":null,""maxSpeedKmH"":180.5}]}
Actual:   {""firstName"":""Lixin"",""lastName"":""Smith"",""age"":null,""address"":{""number"":10,""street"":""Calle Mayor"",""postcode"":""630099"",""city"":null,""country"":""Spain""},""insurance"":false,""cars"":[{""brand"":""Toyota"",""model"":null,""maxSpeedKmH"":180.5}]}"
d76645dd-7e0a-4c3d-8eb7-6be2c961a34b,1a79515c-8721-4ba0-a81e-cdba0a339f3f,false,"[Regression] JSON mismatch for matchId=d76645dd-7e0a-4c3d-8eb7-6be2c961a34b
Expected: {""firstName"":""Lixin"",""lastName"":""Smith"",""age"":65,""address"":{""number"":10,""street"":""Calle Mayor"",""postcode"":""630099"",""city"":null,""country"":""Spain""},""insurance"":false,""cars"":[{""brand"":""Toyota"",""model"":null,""maxSpeedKmH"":180.5}]}
Actual:   {""firstName"":""Lixin"",""lastName"":""Smith"",""age"":65,""address"":null,""insurance"":false,""cars"":[{""brand"":""Toyota"",""model"":null,""maxSpeedKmH"":180.5}]}"
d76645dd-7e0a-4c3d-8eb7-6be2c961a34b,a9d20893-07a3-45cf-93f2-c5d69c7abed6,false,"[Regression] JSON mismatch for matchId=d76645dd-7e0a-4c3d-8eb7-6be2c961a34b
Expected: {""firstName"":""Lixin"",""lastName"":""Smith"",""age"":65,""address"":{""number"":10,""street"":""Calle Mayor"",""postcode"":""630099"",""city"":null,""country"":""Spain""},""insurance"":false,""cars"":[{""brand"":""Toyota"",""model"":null,""maxSpeedKmH"":180.5}]}
Actual:   {""firstName"":""Lixin"",""lastName"":""Smith"",""age"":65,""address"":{""number"":-618785,""street"":""Calle Mayor"",""postcode"":""630099"",""city"":null,""country"":""Spain""},""insurance"":false,""cars"":[{""brand"":""Toyota"",""model"":null,""maxSpeedKmH"":180.5}]}"
d76645dd-7e0a-4c3d-8eb7-6be2c961a34b,c845ee77-27d3-4f74-8b40-aa614fd5dff1,false,"[Regression] JSON mismatch for matchId=d76645dd-7e0a-4c3d-8eb7-6be2c961a34b
Expected: {""firstName"":""Lixin"",""lastName"":""Smith"",""age"":65,""address"":{""number"":10,""street"":""Calle Mayor"",""postcode"":""630099"",""city"":null,""country"":""Spain""},""insurance"":false,""cars"":[{""brand"":""Toyota"",""model"":null,""maxSpeedKmH"":180.5}]}
Actual:   {""firstName"":""Lixin"",""lastName"":""Smith"",""age"":65,""address"":{""number"":10,""street"":{},""postcode"":""630099"",""city"":null,""country"":""Spain""},""insurance"":false,""cars"":[{""brand"":""Toyota"",""model"":null,""maxSpeedKmH"":180.5}]}"
d76645dd-7e0a-4c3d-8eb7-6be2c961a34b,fdf84ddf-0224-4f56-b67d-71891e7d5a17,false,"[Regression] JSON mismatch for matchId=d76645dd-7e0a-4c3d-8eb7-6be2c961a34b
Expected: {""firstName"":""Lixin"",""lastName"":""Smith"",""age"":65,""address"":{""number"":10,""street"":""Calle Mayor"",""postcode"":""630099"",""city"":null,""country"":""Spain""},""insurance"":false,""cars"":[{""brand"":""Toyota"",""model"":null,""maxSpeedKmH"":180.5}]}
Actual:   {""firstName"":""Lixin"",""lastName"":""Smith"",""age"":65,""address"":{""number"":10,""street"":""Calle Mayor"",""postcode"":null,""city"":null,""country"":""Spain""},""insurance"":false,""cars"":[{""brand"":""Toyota"",""model"":null,""maxSpeedKmH"":180.5}]}"
d76645dd-7e0a-4c3d-8eb7-6be2c961a34b,6ddae720-c405-47a0-b661-7f591a160ae5,false,"[Regression] JSON mismatch for matchId=d76645dd-7e0a-4c3d-8eb7-6be2c961a34b
Expected: {""firstName"":""Lixin"",""lastName"":""Smith"",""age"":65,""address"":{""number"":10,""street"":""Calle Mayor"",""postcode"":""630099"",""city"":null,""country"":""Spain""},""insurance"":false,""cars"":[{""brand"":""Toyota"",""model"":null,""maxSpeedKmH"":180.5}]}
Actual:   {""firstName"":""Lixin"",""lastName"":""Smith"",""age"":65,""address"":{""number"":10,""street"":""Calle Mayor"",""postcode"":""630099"",""city"":-289976.8137227148,""country"":""Spain""},""insurance"":false,""cars"":[{""brand"":""Toyota"",""model"":null,""maxSpeedKmH"":180.5}]}"
d76645dd-7e0a-4c3d-8eb7-6be2c961a34b,b188f67e-48f0-439c-93e9-b0990a75d5ee,false,"[Regression] JSON mismatch for matchId=d76645dd-7e0a-4c3d-8eb7-6be2c961a34b
Expected: {""firstName"":""Lixin"",""lastName"":""Smith"",""age"":65,""address"":{""number"":10,""street"":""Calle Mayor"",""postcode"":""630099"",""city"":null,""country"":""Spain""},""insurance"":false,""cars"":[{""brand"":""Toyota"",""model"":null,""maxSpeedKmH"":180.5}]}
Actual:   {""firstName"":""Lixin"",""lastName"":""Smith"",""age"":65,""address"":{""number"":10,""street"":""Calle Mayor"",""postcode"":""630099"",""city"":null,""country"":""EJEMPLO MAYUS""},""insurance"":false,""cars"":[{""brand"":""Toyota"",""model"":null,""maxSpeedKmH"":180.5}]}"
d76645dd-7e0a-4c3d-8eb7-6be2c961a34b,090da5d0-987a-42a7-a0ab-49869ea7e18a,false,"[Regression] JSON mismatch for matchId=d76645dd-7e0a-4c3d-8eb7-6be2c961a34b
Expected: {""firstName"":""Lixin"",""lastName"":""Smith"",""age"":65,""address"":{""number"":10,""street"":""Calle Mayor"",""postcode"":""630099"",""city"":null,""country"":""Spain""},""insurance"":false,""cars"":[{""brand"":""Toyota"",""model"":null,""maxSpeedKmH"":180.5}]}
Actual:   {""firstName"":""Lixin"",""lastName"":""Smith"",""age"":65,""address"":{""number"":10,""street"":""Calle Mayor"",""postcode"":""630099"",""city"":null,""country"":""Spain""},""insurance"":true,""cars"":[{""brand"":""Toyota"",""model"":null,""maxSpeedKmH"":180.5}]}"
d76645dd-7e0a-4c3d-8eb7-6be2c961a34b,02b17ca2-af28-4047-9c8e-0e50cc73d55c,false,"[Regression] JSON mismatch for matchId=d76645dd-7e0a-4c3d-8eb7-6be2c961a34b
Expected: {""firstName"":""Lixin"",""lastName"":""Smith"",""age"":65,""address"":{""number"":10,""street"":""Calle Mayor"",""postcode"":""630099"",""city"":null,""country"":""Spain""},""insurance"":false,""cars"":[{""brand"":""Toyota"",""model"":null,""maxSpeedKmH"":180.5}]}
Actual:   {""firstName"":""Lixin"",""lastName"":""Smith"",""age"":65,""address"":{""number"":10,""street"":""Calle Mayor"",""postcode"":""630099"",""city"":null,""country"":""Spain""},""insurance"":false,""cars"":null}"
d76645dd-7e0a-4c3d-8eb7-6be2c961a34b,3dea3b49-c124-4ee8-96d0-e1e53b0a7508,false,"[Regression] JSON mismatch for matchId=d76645dd-7e0a-4c3d-8eb7-6be2c961a34b
Expected: {""firstName"":""Lixin"",""lastName"":""Smith"",""age"":65,""address"":{""number"":10,""street"":""Calle Mayor"",""postcode"":""630099"",""city"":null,""country"":""Spain""},""insurance"":false,""cars"":[{""brand"":""Toyota"",""model"":null,""maxSpeedKmH"":180.5}]}
Actual:   {""firstName"":""Lixin"",""lastName"":""Smith"",""age"":65,""address"":{""number"":10,""street"":""Calle Mayor"",""postcode"":""630099"",""city"":null,""country"":""Spain""},""insurance"":false,""cars"":[{""brand"":""Toyota"",""model"":null,""maxSpeedKmH"":180.5,""randomObject1"":{},""randomLong2"":-627465,""randomArray3"":[],""randomObject4"":{}}]}"
d76645dd-7e0a-4c3d-8eb7-6be2c961a34b,12b87811-18a2-4e5b-8a3c-2af88bb40506,false,"[Regression] JSON mismatch for matchId=d76645dd-7e0a-4c3d-8eb7-6be2c961a34b
Expected: {""firstName"":""Lixin"",""lastName"":""Smith"",""age"":65,""address"":{""number"":10,""street"":""Calle Mayor"",""postcode"":""630099"",""city"":null,""country"":""Spain""},""insurance"":false,""cars"":[{""brand"":""Toyota"",""model"":null,""maxSpeedKmH"":180.5}]}
Actual:   {""firstName"":""Lixin"",""lastName"":""Smith"",""age"":65,""address"":{""number"":10,""street"":""Calle Mayor"",""postcode"":""630099"",""city"":null,""country"":""Spain""},""insurance"":false,""cars"":[{""brand"":null,""model"":null,""maxSpeedKmH"":180.5}]}"
d76645dd-7e0a-4c3d-8eb7-6be2c961a34b,059ee23b-70c1-4a87-83c9-26895557dbd1,false,"[Regression] JSON mismatch for matchId=d76645dd-7e0a-4c3d-8eb7-6be2c961a34b
Expected: {""firstName"":""Lixin"",""lastName"":""Smith"",""age"":65,""address"":{""number"":10,""street"":""Calle Mayor"",""postcode"":""630099"",""city"":null,""country"":""Spain""},""insurance"":false,""cars"":[{""brand"":""Toyota"",""model"":null,""maxSpeedKmH"":180.5}]}
Actual:   {""firstName"":""Lixin"",""lastName"":""Smith"",""age"":65,""address"":{""number"":10,""street"":""Calle Mayor"",""postcode"":""630099"",""city"":null,""country"":""Spain""},""insurance"":false,""cars"":[{""brand"":""Toyota"",""model"":{},""maxSpeedKmH"":180.5}]}"
d76645dd-7e0a-4c3d-8eb7-6be2c961a34b,cf487fd1-aa0b-47d0-a626-078894e968a9,false,"[Regression] JSON mismatch for matchId=d76645dd-7e0a-4c3d-8eb7-6be2c961a34b
Expected: {""firstName"":""Lixin"",""lastName"":""Smith"",""age"":65,""address"":{""number"":10,""street"":""Calle Mayor"",""postcode"":""630099"",""city"":null,""country"":""Spain""},""insurance"":false,""cars"":[{""brand"":""Toyota"",""model"":null,""maxSpeedKmH"":180.5}]}
Actual:   {""firstName"":""Lixin"",""lastName"":""Smith"",""age"":65,""address"":{""number"":10,""street"":""Calle Mayor"",""postcode"":""630099"",""city"":null,""country"":""Spain""},""insurance"":false,""cars"":[{""brand"":""Toyota"",""model"":null,""maxSpeedKmH"":null}]}"
365ffad0-57fe-4991-aac2-9e2406496d5e,19665532-dbfb-437b-bda0-8dc46dd8de41,false,"[Regression] Status code mismatch for matchId=365ffad0-57fe-4991-aac2-9e2406496d5e
   Expected: 201
   Actual:   401"
365ffad0-57fe-4991-aac2-9e2406496d5e,999fab55-74b1-4a3a-a799-ca1106d0b998,false,"[Regression] Header value (content-type) mismatch for matchId=365ffad0-57fe-4991-aac2-9e2406496d5e
   Expected: application/json
   Actual:   text/plain"
365ffad0-57fe-4991-aac2-9e2406496d5e,43279635-ceef-461b-af39-55740de04dae,false,"[Regression] Header value (content-type) mismatch for matchId=365ffad0-57fe-4991-aac2-9e2406496d5e
   Expected: application/json
   Actual:   application/json; charset=UTF-8"
365ffad0-57fe-4991-aac2-9e2406496d5e,b5ca2518-69a3-4341-a973-cfb1defeda29,false,"[Regression] JSON mismatch for matchId=365ffad0-57fe-4991-aac2-9e2406496d5e
Expected: {""firstName"":""Alice"",""lastName"":""García"",""age"":0,""address"":{""number"":221,""street"":""Calle Mayor"",""postcode"":""28013"",""city"":""Madrid"",""country"":""Россия""},""insurance"":false,""cars"":[{""brand"":""Renault"",""model"":""Model 3"",""maxSpeedKmH"":220.0}]}
Actual:   {""firstName"":""Alice"",""lastName"":""García"",""age"":0,""address"":{""number"":221,""street"":""Calle Mayor"",""postcode"":""28013"",""city"":""Madrid"",""country"":""Россия""},""insurance"":false,""cars"":[{""brand"":""Renault"",""model"":""Model 3"",""maxSpeedKmH"":220.0}],""randomBoolean1"":true}"
365ffad0-57fe-4991-aac2-9e2406496d5e,3c85fd72-7447-4dde-8fce-f1b5609e6bae,false,"[Regression] JSON mismatch for matchId=365ffad0-57fe-4991-aac2-9e2406496d5e
Expected: {""firstName"":""Alice"",""lastName"":""García"",""age"":0,""address"":{""number"":221,""street"":""Calle Mayor"",""postcode"":""28013"",""city"":""Madrid"",""country"":""Россия""},""insurance"":false,""cars"":[{""brand"":""Renault"",""model"":""Model 3"",""maxSpeedKmH"":220.0}]}
Actual:   {""firstName"":""Alic/,e"",""lastName"":""García"",""age"":0,""address"":{""number"":221,""street"":""Calle Mayor"",""postcode"":""28013"",""city"":""Madrid"",""country"":""Россия""},""insurance"":false,""cars"":[{""brand"":""Renault"",""model"":""Model 3"",""maxSpeedKmH"":220.0}]}"
365ffad0-57fe-4991-aac2-9e2406496d5e,11b38ad1-4f61-43c0-bb72-a6979bb5cd7c,false,"[Regression] JSON mismatch for matchId=365ffad0-57fe-4991-aac2-9e2406496d5e
Expected: {""firstName"":""Alice"",""lastName"":""García"",""age"":0,""address"":{""number"":221,""street"":""Calle Mayor"",""postcode"":""28013"",""city"":""Madrid"",""country"":""Россия""},""insurance"":false,""cars"":[{""brand"":""Renault"",""model"":""Model 3"",""maxSpeedKmH"":220.0}]}
Actual:   {""firstName"":""Alice"",""lastName"":""y"",""age"":0,""address"":{""number"":221,""street"":""Calle Mayor"",""postcode"":""28013"",""city"":""Madrid"",""country"":""Россия""},""insurance"":false,""cars"":[{""brand"":""Renault"",""model"":""Model 3"",""maxSpeedKmH"":220.0}]}"
365ffad0-57fe-4991-aac2-9e2406496d5e,976a8c5e-faed-47df-997d-1dafc211fd50,false,"[Regression] JSON mismatch for matchId=365ffad0-57fe-4991-aac2-9e2406496d5e
Expected: {""firstName"":""Alice"",""lastName"":""García"",""age"":0,""address"":{""number"":221,""street"":""Calle Mayor"",""postcode"":""28013"",""city"":""Madrid"",""country"":""Россия""},""insurance"":false,""cars"":[{""brand"":""Renault"",""model"":""Model 3"",""maxSpeedKmH"":220.0}]}
Actual:   {""firstName"":""Alice"",""lastName"":""García"",""age"":-289976.8137227148,""address"":{""number"":221,""street"":""Calle Mayor"",""postcode"":""28013"",""city"":""Madrid"",""country"":""Россия""},""insurance"":false,""cars"":[{""brand"":""Renault"",""model"":""Model 3"",""maxSpeedKmH"":220.0}]}"
365ffad0-57fe-4991-aac2-9e2406496d5e,75fdb05d-f882-4971-a5ca-2f38ee7c5620,false,"[Regression] JSON mismatch for matchId=365ffad0-57fe-4991-aac2-9e2406496d5e
Expected: {""firstName"":""Alice"",""lastName"":""García"",""age"":0,""address"":{""number"":221,""street"":""Calle Mayor"",""postcode"":""28013"",""city"":""Madrid"",""country"":""Россия""},""insurance"":false,""cars"":[{""brand"":""Renault"",""model"":""Model 3"",""maxSpeedKmH"":220.0}]}
Actual:   {""firstName"":""Alice"",""lastName"":""García"",""age"":0,""address"":-289976.8137227148,""insurance"":false,""cars"":[{""brand"":""Renault"",""model"":""Model 3"",""maxSpeedKmH"":220.0}]}"
365ffad0-57fe-4991-aac2-9e2406496d5e,c0cd2a6a-5a36-467e-8cda-6496e930d352,false,"[Regression] JSON mismatch for matchId=365ffad0-57fe-4991-aac2-9e2406496d5e
Expected: {""firstName"":""Alice"",""lastName"":""García"",""age"":0,""address"":{""number"":221,""street"":""Calle Mayor"",""postcode"":""28013"",""city"":""Madrid"",""country"":""Россия""},""insurance"":false,""cars"":[{""brand"":""Renault"",""model"":""Model 3"",""maxSpeedKmH"":220.0}]}
Actual:   {""firstName"":""Alice"",""lastName"":""García"",""age"":0,""address"":{""number"":{},""street"":""Calle Mayor"",""postcode"":""28013"",""city"":""Madrid"",""country"":""Россия""},""insurance"":false,""cars"":[{""brand"":""Renault"",""model"":""Model 3"",""maxSpeedKmH"":220.0}]}"
365ffad0-57fe-4991-aac2-9e2406496d5e,751df35a-42e7-4164-978c-658b49f0d0c7,false,"[Regression] JSON mismatch for matchId=365ffad0-57fe-4991-aac2-9e2406496d5e
Expected: {""firstName"":""Alice"",""lastName"":""García"",""age"":0,""address"":{""number"":221,""street"":""Calle Mayor"",""postcode"":""28013"",""city"":""Madrid"",""country"":""Россия""},""insurance"":false,""cars"":[{""brand"":""Renault"",""model"":""Model 3"",""maxSpeedKmH"":220.0}]}
Actual:   {""firstName"":""Alice"",""lastName"":""García"",""age"":0,""address"":{""number"":221,""street"":""(d9:5x<Ul"",""postcode"":""28013"",""city"":""Madrid"",""country"":""Россия""},""insurance"":false,""cars"":[{""brand"":""Renault"",""model"":""Model 3"",""maxSpeedKmH"":220.0}]}"
365ffad0-57fe-4991-aac2-9e2406496d5e,ffee307d-4f43-443c-b880-c7fdfe3f4572,false,"[Regression] JSON mismatch for matchId=365ffad0-57fe-4991-aac2-9e2406496d5e
Expected: {""firstName"":""Alice"",""lastName"":""García"",""age"":0,""address"":{""number"":221,""street"":""Calle Mayor"",""postcode"":""28013"",""city"":""Madrid"",""country"":""Россия""},""insurance"":false,""cars"":[{""brand"":""Renault"",""model"":""Model 3"",""maxSpeedKmH"":220.0}]}
Actual:   {""firstName"":""Alice"",""lastName"":""García"",""age"":0,""address"":{""number"":221,""street"":""Calle Mayor"",""postcode"":""EJEMPLO MAYUS"",""city"":""Madrid"",""country"":""Россия""},""insurance"":false,""cars"":[{""brand"":""Renault"",""model"":""Model 3"",""maxSpeedKmH"":220.0}]}"
365ffad0-57fe-4991-aac2-9e2406496d5e,1030fcc8-ad0f-4a4a-a75c-c2509c909779,false,"[Regression] JSON mismatch for matchId=365ffad0-57fe-4991-aac2-9e2406496d5e
Expected: {""firstName"":""Alice"",""lastName"":""García"",""age"":0,""address"":{""number"":221,""street"":""Calle Mayor"",""postcode"":""28013"",""city"":""Madrid"",""country"":""Россия""},""insurance"":false,""cars"":[{""brand"":""Renault"",""model"":""Model 3"",""maxSpeedKmH"":220.0}]}
Actual:   {""firstName"":""Alice"",""lastName"":""García"",""age"":0,""address"":{""number"":221,""street"":""Calle Mayor"",""postcode"":""28013"",""city"":null,""country"":""Россия""},""insurance"":false,""cars"":[{""brand"":""Renault"",""model"":""Model 3"",""maxSpeedKmH"":220.0}]}"
365ffad0-57fe-4991-aac2-9e2406496d5e,765be3b1-1e86-4d03-9768-fe723e3e6753,false,"[Regression] JSON mismatch for matchId=365ffad0-57fe-4991-aac2-9e2406496d5e
Expected: {""firstName"":""Alice"",""lastName"":""García"",""age"":0,""address"":{""number"":221,""street"":""Calle Mayor"",""postcode"":""28013"",""city"":""Madrid"",""country"":""Россия""},""insurance"":false,""cars"":[{""brand"":""Renault"",""model"":""Model 3"",""maxSpeedKmH"":220.0}]}
Actual:   {""firstName"":""Alice"",""lastName"":""García"",""age"":0,""address"":{""number"":221,""street"":""Calle Mayor"",""postcode"":""28013"",""city"":""Madrid"",""country"":""9#N""},""insurance"":false,""cars"":[{""brand"":""Renault"",""model"":""Model 3"",""maxSpeedKmH"":220.0}]}"
365ffad0-57fe-4991-aac2-9e2406496d5e,25361021-0ac1-4ec9-a564-f905e2f50e78,false,"[Regression] JSON mismatch for matchId=365ffad0-57fe-4991-aac2-9e2406496d5e
Expected: {""firstName"":""Alice"",""lastName"":""García"",""age"":0,""address"":{""number"":221,""street"":""Calle Mayor"",""postcode"":""28013"",""city"":""Madrid"",""country"":""Россия""},""insurance"":false,""cars"":[{""brand"":""Renault"",""model"":""Model 3"",""maxSpeedKmH"":220.0}]}
Actual:   {""firstName"":""Alice"",""lastName"":""García"",""age"":0,""address"":{""number"":221,""street"":""Calle Mayor"",""postcode"":""28013"",""city"":""Madrid"",""country"":""Россия""},""insurance"":null,""cars"":[{""brand"":""Renault"",""model"":""Model 3"",""maxSpeedKmH"":220.0}]}"
365ffad0-57fe-4991-aac2-9e2406496d5e,842506c6-1ee2-4725-88ee-0e535b8df91f,false,"[Regression] JSON mismatch for matchId=365ffad0-57fe-4991-aac2-9e2406496d5e
Expected: {""firstName"":""Alice"",""lastName"":""García"",""age"":0,""address"":{""number"":221,""street"":""Calle Mayor"",""postcode"":""28013"",""city"":""Madrid"",""country"":""Россия""},""insurance"":false,""cars"":[{""brand"":""Renault"",""model"":""Model 3"",""maxSpeedKmH"":220.0}]}
Actual:   {""firstName"":""Alice"",""lastName"":""García"",""age"":0,""address"":{""number"":221,""street"":""Calle Mayor"",""postcode"":""28013"",""city"":""Madrid"",""country"":""Россия""},""insurance"":false,""cars"":[]}"
365ffad0-57fe-4991-aac2-9e2406496d5e,b156a8f8-148c-4cb5-96ec-30080d64c5f0,false,"[Regression] JSON mismatch for matchId=365ffad0-57fe-4991-aac2-9e2406496d5e
Expected: {""firstName"":""Alice"",""lastName"":""García"",""age"":0,""address"":{""number"":221,""street"":""Calle Mayor"",""postcode"":""28013"",""city"":""Madrid"",""country"":""Россия""},""insurance"":false,""cars"":[{""brand"":""Renault"",""model"":""Model 3"",""maxSpeedKmH"":220.0}]}
Actual:   {""firstName"":""Alice"",""lastName"":""García"",""age"":0,""address"":{""number"":221,""street"":""Calle Mayor"",""postcode"":""28013"",""city"":""Madrid"",""country"":""Россия""},""insurance"":false,""cars"":[{}]}"
365ffad0-57fe-4991-aac2-9e2406496d5e,188a9107-dbda-4c5e-aab5-0204f996dfab,false,"[Regression] JSON mismatch for matchId=365ffad0-57fe-4991-aac2-9e2406496d5e
Expected: {""firstName"":""Alice"",""lastName"":""García"",""age"":0,""address"":{""number"":221,""street"":""Calle Mayor"",""postcode"":""28013"",""city"":""Madrid"",""country"":""Россия""},""insurance"":false,""cars"":[{""brand"":""Renault"",""model"":""Model 3"",""maxSpeedKmH"":220.0}]}
Actual:   {""firstName"":""Alice"",""lastName"":""García"",""age"":0,""address"":{""number"":221,""street"":""Calle Mayor"",""postcode"":""28013"",""city"":""Madrid"",""country"":""Россия""},""insurance"":false,""cars"":[{""brand"":null,""model"":""Model 3"",""maxSpeedKmH"":220.0}]}"
365ffad0-57fe-4991-aac2-9e2406496d5e,27e79146-f130-445e-9e40-c033f895178b,false,"[Regression] JSON mismatch for matchId=365ffad0-57fe-4991-aac2-9e2406496d5e
Expected: {""firstName"":""Alice"",""lastName"":""García"",""age"":0,""address"":{""number"":221,""street"":""Calle Mayor"",""postcode"":""28013"",""city"":""Madrid"",""country"":""Россия""},""insurance"":false,""cars"":[{""brand"":""Renault"",""model"":""Model 3"",""maxSpeedKmH"":220.0}]}
Actual:   {""firstName"":""Alice"",""lastName"":""García"",""age"":0,""address"":{""number"":221,""street"":""Calle Mayor"",""postcode"":""28013"",""city"":""Madrid"",""country"":""Россия""},""insurance"":false,""cars"":[{""brand"":""Renault"",""model"":[],""maxSpeedKmH"":220.0}]}"
365ffad0-57fe-4991-aac2-9e2406496d5e,e3b14325-f1bc-436c-812b-0d9e02e5c1a0,false,"[Regression] JSON mismatch for matchId=365ffad0-57fe-4991-aac2-9e2406496d5e
Expected: {""firstName"":""Alice"",""lastName"":""García"",""age"":0,""address"":{""number"":221,""street"":""Calle Mayor"",""postcode"":""28013"",""city"":""Madrid"",""country"":""Россия""},""insurance"":false,""cars"":[{""brand"":""Renault"",""model"":""Model 3"",""maxSpeedKmH"":220.0}]}
Actual:   {""firstName"":""Alice"",""lastName"":""García"",""age"":0,""address"":{""number"":221,""street"":""Calle Mayor"",""postcode"":""28013"",""city"":""Madrid"",""country"":""Россия""},""insurance"":false,""cars"":[{""brand"":""Renault"",""model"":""Model 3"",""maxSpeedKmH"":-423735.846429718}]}"
091c7747-1f7b-42cf-8d24-e09fb0c57096,405175c9-21eb-4484-b9bb-2b05f69b2d38,false,"[Regression] Status code mismatch for matchId=091c7747-1f7b-42cf-8d24-e09fb0c57096
   Expected: 201
   Actual:   500"
091c7747-1f7b-42cf-8d24-e09fb0c57096,a4f4c53c-2d8b-4e50-ba13-b4f794cd330e,false,"[Regression] Header size mismatch for matchId=091c7747-1f7b-42cf-8d24-e09fb0c57096
   Expected: {transfer-encoding=chunked, content-type=application/json}
   Actual:   {transfer-encoding=chunked}"
091c7747-1f7b-42cf-8d24-e09fb0c57096,9227ff17-5ece-4b43-8647-2e8e71744c57,false,"[Regression] Header value (content-type) mismatch for matchId=091c7747-1f7b-42cf-8d24-e09fb0c57096
   Expected: application/json
   Actual:   application/json; charset=utf-32"
091c7747-1f7b-42cf-8d24-e09fb0c57096,f1238269-699e-4b53-bbec-404f42104a2d,false,"[Regression] JSON mismatch for matchId=091c7747-1f7b-42cf-8d24-e09fb0c57096
Expected: {""firstName"":""Lixin"",""age"":0,""address"":{""number"":0,""street"":""Prospekt Lenina"",""postcode"":null,""city"":""Новосибирск"",""country"":""Spain""},""cars"":[{""brand"":""Renault"",""model"":""Corolla"",""maxSpeedKmH"":null}]}
Actual:   {""firstName"":""Lixin"",""address"":{""number"":0,""street"":""Prospekt Lenina"",""postcode"":null,""city"":""Новосибирск"",""country"":""Spain""},""cars"":[{""brand"":""Renault"",""model"":""Corolla"",""maxSpeedKmH"":null}]}"
091c7747-1f7b-42cf-8d24-e09fb0c57096,84032038-bd4f-4c1e-9a6b-6ebd13313103,false,"[Regression] JSON mismatch for matchId=091c7747-1f7b-42cf-8d24-e09fb0c57096
Expected: {""firstName"":""Lixin"",""age"":0,""address"":{""number"":0,""street"":""Prospekt Lenina"",""postcode"":null,""city"":""Новосибирск"",""country"":""Spain""},""cars"":[{""brand"":""Renault"",""model"":""Corolla"",""maxSpeedKmH"":null}]}
Actual:   {""firstName"":""j"",""age"":0,""address"":{""number"":0,""street"":""Prospekt Lenina"",""postcode"":null,""city"":""Новосибирск"",""country"":""Spain""},""cars"":[{""brand"":""Renault"",""model"":""Corolla"",""maxSpeedKmH"":null}]}"
091c7747-1f7b-42cf-8d24-e09fb0c57096,e9931f9f-0d0d-445f-b9d7-7aa85d733b30,false,"[Regression] JSON mismatch for matchId=091c7747-1f7b-42cf-8d24-e09fb0c57096
Expected: {""firstName"":""Lixin"",""age"":0,""address"":{""number"":0,""street"":""Prospekt Lenina"",""postcode"":null,""city"":""Новосибирск"",""country"":""Spain""},""cars"":[{""brand"":""Renault"",""model"":""Corolla"",""maxSpeedKmH"":null}]}
Actual:   {""firstName"":""Lixin"",""age"":null,""address"":{""number"":0,""street"":""Prospekt Lenina"",""postcode"":null,""city"":""Новосибирск"",""country"":""Spain""},""cars"":[{""brand"":""Renault"",""model"":""Corolla"",""maxSpeedKmH"":null}]}"
091c7747-1f7b-42cf-8d24-e09fb0c57096,a0e0c308-c547-4e55-8444-7075b2cc1eb3,false,"[Regression] JSON mismatch for matchId=091c7747-1f7b-42cf-8d24-e09fb0c57096
Expected: {""firstName"":""Lixin"",""age"":0,""address"":{""number"":0,""street"":""Prospekt Lenina"",""postcode"":null,""city"":""Новосибирск"",""country"":""Spain""},""cars"":[{""brand"":""Renault"",""model"":""Corolla"",""maxSpeedKmH"":null}]}
Actual:   {""firstName"":""Lixin"",""age"":0,""address"":{""number"":0,""street"":""Prospekt Lenina"",""postcode"":null,""city"":""Новосибирск"",""country"":""Spain"",""randomBoolean1"":true,""randomObject2"":{}},""cars"":[{""brand"":""Renault"",""model"":""Corolla"",""maxSpeedKmH"":null}]}"
091c7747-1f7b-42cf-8d24-e09fb0c57096,ed51fad5-b82b-4cfc-a0b9-376e158b33a2,false,"[Regression] JSON mismatch for matchId=091c7747-1f7b-42cf-8d24-e09fb0c57096
Expected: {""firstName"":""Lixin"",""age"":0,""address"":{""number"":0,""street"":""Prospekt Lenina"",""postcode"":null,""city"":""Новосибирск"",""country"":""Spain""},""cars"":[{""brand"":""Renault"",""model"":""Corolla"",""maxSpeedKmH"":null}]}
Actual:   {""firstName"":""Lixin"",""age"":0,""address"":{""number"":{},""street"":""Prospekt Lenina"",""postcode"":null,""city"":""Новосибирск"",""country"":""Spain""},""cars"":[{""brand"":""Renault"",""model"":""Corolla"",""maxSpeedKmH"":null}]}"
091c7747-1f7b-42cf-8d24-e09fb0c57096,37506541-fc36-4049-b9cb-2c14a99d9ae7,false,"[Regression] JSON mismatch for matchId=091c7747-1f7b-42cf-8d24-e09fb0c57096
Expected: {""firstName"":""Lixin"",""age"":0,""address"":{""number"":0,""street"":""Prospekt Lenina"",""postcode"":null,""city"":""Новосибирск"",""country"":""Spain""},""cars"":[{""brand"":""Renault"",""model"":""Corolla"",""maxSpeedKmH"":null}]}
Actual:   {""firstName"":""Lixin"",""age"":0,""address"":{""number"":0,""street"":null,""postcode"":null,""city"":""Новосибирск"",""country"":""Spain""},""cars"":[{""brand"":""Renault"",""model"":""Corolla"",""maxSpeedKmH"":null}]}"
091c7747-1f7b-42cf-8d24-e09fb0c57096,942a6445-9ef1-4bc8-b5b3-2142154d45fe,false,"[Regression] JSON mismatch for matchId=091c7747-1f7b-42cf-8d24-e09fb0c57096
Expected: {""firstName"":""Lixin"",""age"":0,""address"":{""number"":0,""street"":""Prospekt Lenina"",""postcode"":null,""city"":""Новосибирск"",""country"":""Spain""},""cars"":[{""brand"":""Renault"",""model"":""Corolla"",""maxSpeedKmH"":null}]}
Actual:   {""firstName"":""Lixin"",""age"":0,""address"":{""number"":0,""street"":""Prospekt Lenina"",""postcode"":-289976.8137227148,""city"":""Новосибирск"",""country"":""Spain""},""cars"":[{""brand"":""Renault"",""model"":""Corolla"",""maxSpeedKmH"":null}]}"
091c7747-1f7b-42cf-8d24-e09fb0c57096,30b93f3d-e420-4f3e-a616-13c842dbf170,false,"[Regression] JSON mismatch for matchId=091c7747-1f7b-42cf-8d24-e09fb0c57096
Expected: {""firstName"":""Lixin"",""age"":0,""address"":{""number"":0,""street"":""Prospekt Lenina"",""postcode"":null,""city"":""Новосибирск"",""country"":""Spain""},""cars"":[{""brand"":""Renault"",""model"":""Corolla"",""maxSpeedKmH"":null}]}
Actual:   {""firstName"":""Lixin"",""age"":0,""address"":{""number"":0,""street"":""Prospekt Lenina"",""postcode"":null,""city"":""Новосибир´,ск"",""country"":""Spain""},""cars"":[{""brand"":""Renault"",""model"":""Corolla"",""maxSpeedKmH"":null}]}"
091c7747-1f7b-42cf-8d24-e09fb0c57096,7ea4c49e-1680-4d8f-8f4f-11b1c8909fdb,false,"[Regression] JSON mismatch for matchId=091c7747-1f7b-42cf-8d24-e09fb0c57096
Expected: {""firstName"":""Lixin"",""age"":0,""address"":{""number"":0,""street"":""Prospekt Lenina"",""postcode"":null,""city"":""Новосибирск"",""country"":""Spain""},""cars"":[{""brand"":""Renault"",""model"":""Corolla"",""maxSpeedKmH"":null}]}
Actual:   {""firstName"":""Lixin"",""age"":0,""address"":{""number"":0,""street"":""Prospekt Lenina"",""postcode"":null,""city"":""Новосибирск"",""country"":[]},""cars"":[{""brand"":""Renault"",""model"":""Corolla"",""maxSpeedKmH"":null}]}"
091c7747-1f7b-42cf-8d24-e09fb0c57096,8be4f609-ea6c-4fc5-9976-2c2dcb072196,false,"[Regression] JSON mismatch for matchId=091c7747-1f7b-42cf-8d24-e09fb0c57096
Expected: {""firstName"":""Lixin"",""age"":0,""address"":{""number"":0,""street"":""Prospekt Lenina"",""postcode"":null,""city"":""Новосибирск"",""country"":""Spain""},""cars"":[{""brand"":""Renault"",""model"":""Corolla"",""maxSpeedKmH"":null}]}
Actual:   {""firstName"":""Lixin"",""age"":0,""address"":{""number"":0,""street"":""Prospekt Lenina"",""postcode"":null,""city"":""Новосибирск"",""country"":""Spain""},""cars"":-289976.8137227148}"
091c7747-1f7b-42cf-8d24-e09fb0c57096,68fd9f9d-00db-4dac-817f-4bbee68261f3,false,"[Regression] JSON mismatch for matchId=091c7747-1f7b-42cf-8d24-e09fb0c57096
Expected: {""firstName"":""Lixin"",""age"":0,""address"":{""number"":0,""street"":""Prospekt Lenina"",""postcode"":null,""city"":""Новосибирск"",""country"":""Spain""},""cars"":[{""brand"":""Renault"",""model"":""Corolla"",""maxSpeedKmH"":null}]}
Actual:   {""firstName"":""Lixin"",""age"":0,""address"":{""number"":0,""street"":""Prospekt Lenina"",""postcode"":null,""city"":""Новосибирск"",""country"":""Spain""},""cars"":[[]]}"
091c7747-1f7b-42cf-8d24-e09fb0c57096,afc4e70c-c9cf-4730-899e-fdafbc245d64,false,"[Regression] JSON mismatch for matchId=091c7747-1f7b-42cf-8d24-e09fb0c57096
Expected: {""firstName"":""Lixin"",""age"":0,""address"":{""number"":0,""street"":""Prospekt Lenina"",""postcode"":null,""city"":""Новосибирск"",""country"":""Spain""},""cars"":[{""brand"":""Renault"",""model"":""Corolla"",""maxSpeedKmH"":null}]}
Actual:   {""firstName"":""Lixin"",""age"":0,""address"":{""number"":0,""street"":""Prospekt Lenina"",""postcode"":null,""city"":""Новосибирск"",""country"":""Spain""},""cars"":[{""brand"":""EJEMPLO MAYUS"",""model"":""Corolla"",""maxSpeedKmH"":null}]}"
091c7747-1f7b-42cf-8d24-e09fb0c57096,85e6adae-0f68-4f40-82eb-af71f1f22643,false,"[Regression] JSON mismatch for matchId=091c7747-1f7b-42cf-8d24-e09fb0c57096
Expected: {""firstName"":""Lixin"",""age"":0,""address"":{""number"":0,""street"":""Prospekt Lenina"",""postcode"":null,""city"":""Новосибирск"",""country"":""Spain""},""cars"":[{""brand"":""Renault"",""model"":""Corolla"",""maxSpeedKmH"":null}]}
Actual:   {""firstName"":""Lixin"",""age"":0,""address"":{""number"":0,""street"":""Prospekt Lenina"",""postcode"":null,""city"":""Новосибирск"",""country"":""Spain""},""cars"":[{""brand"":""Renault"",""model"":null,""maxSpeedKmH"":null}]}"
091c7747-1f7b-42cf-8d24-e09fb0c57096,6a6d3443-4209-4d4a-ab6f-48d150b1206e,false,"[Regression] JSON mismatch for matchId=091c7747-1f7b-42cf-8d24-e09fb0c57096
Expected: {""firstName"":""Lixin"",""age"":0,""address"":{""number"":0,""street"":""Prospekt Lenina"",""postcode"":null,""city"":""Новосибирск"",""country"":""Spain""},""cars"":[{""brand"":""Renault"",""model"":""Corolla"",""maxSpeedKmH"":null}]}
Actual:   {""firstName"":""Lixin"",""age"":0,""address"":{""number"":0,""street"":""Prospekt Lenina"",""postcode"":null,""city"":""Новосибирск"",""country"":""Spain""},""cars"":[{""brand"":""Renault"",""model"":""Corolla"",""maxSpeedKmH"":{}}]}"
98dd03c5-0016-40cf-a16d-b99ba8a4181a,0b7d6b9f-cc5a-437e-a773-08d834d11f22,false,"[Regression] Status code mismatch for matchId=98dd03c5-0016-40cf-a16d-b99ba8a4181a
   Expected: 201
   Actual:   401"
98dd03c5-0016-40cf-a16d-b99ba8a4181a,7b148e82-e1c5-4e0f-a462-339412934e84,false,"[Regression] Header size mismatch for matchId=98dd03c5-0016-40cf-a16d-b99ba8a4181a
   Expected: {transfer-encoding=chunked, content-type=application/json}
   Actual:   {transfer-encoding=chunked}"
98dd03c5-0016-40cf-a16d-b99ba8a4181a,bcfc2c55-3c00-452f-b01e-0a45350565ae,false,"[Regression] Header value (content-type) mismatch for matchId=98dd03c5-0016-40cf-a16d-b99ba8a4181a
   Expected: application/json
   Actual:   application/json; charset=Latin-9"
98dd03c5-0016-40cf-a16d-b99ba8a4181a,2495bcee-6ded-4fc7-9607-03b7c0499aff,false,"[Regression] JSON mismatch for matchId=98dd03c5-0016-40cf-a16d-b99ba8a4181a
Expected: {""firstName"":""Борис"",""lastName"":""Zhao"",""age"":28,""address"":{""number"":10,""street"":""Baker Street"",""postcode"":""94107"",""city"":""Madrid"",""country"":""USA""},""insurance"":true,""cars"":[{""brand"":""Renault"",""model"":""Model 3"",""maxSpeedKmH"":null}]}
Actual:   {""firstName"":""Борис"",""lastName"":""Zhao"",""address"":{""number"":10,""street"":""Baker Street"",""postcode"":""94107"",""city"":""Madrid"",""country"":""USA""},""insurance"":true,""cars"":[{""brand"":""Renault"",""model"":""Model 3"",""maxSpeedKmH"":null}]}"
98dd03c5-0016-40cf-a16d-b99ba8a4181a,8201cda3-2309-4407-99f3-1bb0e94570a4,false,"[Regression] JSON mismatch for matchId=98dd03c5-0016-40cf-a16d-b99ba8a4181a
Expected: {""firstName"":""Борис"",""lastName"":""Zhao"",""age"":28,""address"":{""number"":10,""street"":""Baker Street"",""postcode"":""94107"",""city"":""Madrid"",""country"":""USA""},""insurance"":true,""cars"":[{""brand"":""Renault"",""model"":""Model 3"",""maxSpeedKmH"":null}]}
Actual:   {""firstName"":""Q"",""lastName"":""Zhao"",""age"":28,""address"":{""number"":10,""street"":""Baker Street"",""postcode"":""94107"",""city"":""Madrid"",""country"":""USA""},""insurance"":true,""cars"":[{""brand"":""Renault"",""model"":""Model 3"",""maxSpeedKmH"":null}]}"
98dd03c5-0016-40cf-a16d-b99ba8a4181a,bbee42ef-d3da-434d-8a00-f8b04a9957bc,false,"[Regression] JSON mismatch for matchId=98dd03c5-0016-40cf-a16d-b99ba8a4181a
Expected: {""firstName"":""Борис"",""lastName"":""Zhao"",""age"":28,""address"":{""number"":10,""street"":""Baker Street"",""postcode"":""94107"",""city"":""Madrid"",""country"":""USA""},""insurance"":true,""cars"":[{""brand"":""Renault"",""model"":""Model 3"",""maxSpeedKmH"":null}]}
Actual:   {""firstName"":""Борис"",""lastName"":""L"",""age"":28,""address"":{""number"":10,""street"":""Baker Street"",""postcode"":""94107"",""city"":""Madrid"",""country"":""USA""},""insurance"":true,""cars"":[{""brand"":""Renault"",""model"":""Model 3"",""maxSpeedKmH"":null}]}"
98dd03c5-0016-40cf-a16d-b99ba8a4181a,4ac91c73-b85b-42ef-8c29-949bc0358cdf,false,"[Regression] JSON mismatch for matchId=98dd03c5-0016-40cf-a16d-b99ba8a4181a
Expected: {""firstName"":""Борис"",""lastName"":""Zhao"",""age"":28,""address"":{""number"":10,""street"":""Baker Street"",""postcode"":""94107"",""city"":""Madrid"",""country"":""USA""},""insurance"":true,""cars"":[{""brand"":""Renault"",""model"":""Model 3"",""maxSpeedKmH"":null}]}
Actual:   {""firstName"":""Борис"",""lastName"":""Zhao"",""age"":null,""address"":{""number"":10,""street"":""Baker Street"",""postcode"":""94107"",""city"":""Madrid"",""country"":""USA""},""insurance"":true,""cars"":[{""brand"":""Renault"",""model"":""Model 3"",""maxSpeedKmH"":null}]}"
98dd03c5-0016-40cf-a16d-b99ba8a4181a,1312afef-8907-4191-9b75-4b2b4eebc4f9,false,"[Regression] JSON mismatch for matchId=98dd03c5-0016-40cf-a16d-b99ba8a4181a
Expected: {""firstName"":""Борис"",""lastName"":""Zhao"",""age"":28,""address"":{""number"":10,""street"":""Baker Street"",""postcode"":""94107"",""city"":""Madrid"",""country"":""USA""},""insurance"":true,""cars"":[{""brand"":""Renault"",""model"":""Model 3"",""maxSpeedKmH"":null}]}
Actual:   {""firstName"":""Борис"",""lastName"":""Zhao"",""age"":28,""address"":null,""insurance"":true,""cars"":[{""brand"":""Renault"",""model"":""Model 3"",""maxSpeedKmH"":null}]}"
98dd03c5-0016-40cf-a16d-b99ba8a4181a,0206b7f3-95d3-4d1d-96aa-44832630261b,false,"[Regression] JSON mismatch for matchId=98dd03c5-0016-40cf-a16d-b99ba8a4181a
Expected: {""firstName"":""Борис"",""lastName"":""Zhao"",""age"":28,""address"":{""number"":10,""street"":""Baker Street"",""postcode"":""94107"",""city"":""Madrid"",""country"":""USA""},""insurance"":true,""cars"":[{""brand"":""Renault"",""model"":""Model 3"",""maxSpeedKmH"":null}]}
Actual:   {""firstName"":""Борис"",""lastName"":""Zhao"",""age"":28,""address"":{""number"":null,""street"":""Baker Street"",""postcode"":""94107"",""city"":""Madrid"",""country"":""USA""},""insurance"":true,""cars"":[{""brand"":""Renault"",""model"":""Model 3"",""maxSpeedKmH"":null}]}"
98dd03c5-0016-40cf-a16d-b99ba8a4181a,01b5fe0d-d173-41b6-aa04-f4f41e0d7a41,false,"[Regression] JSON mismatch for matchId=98dd03c5-0016-40cf-a16d-b99ba8a4181a
Expected: {""firstName"":""Борис"",""lastName"":""Zhao"",""age"":28,""address"":{""number"":10,""street"":""Baker Street"",""postcode"":""94107"",""city"":""Madrid"",""country"":""USA""},""insurance"":true,""cars"":[{""brand"":""Renault"",""model"":""Model 3"",""maxSpeedKmH"":null}]}
Actual:   {""firstName"":""Борис"",""lastName"":""Zhao"",""age"":28,""address"":{""number"":10,""street"":""Baker Str´,eet"",""postcode"":""94107"",""city"":""Madrid"",""country"":""USA""},""insurance"":true,""cars"":[{""brand"":""Renault"",""model"":""Model 3"",""maxSpeedKmH"":null}]}"
98dd03c5-0016-40cf-a16d-b99ba8a4181a,455903d7-b1da-4ff8-ae6d-bc7abef87a2e,false,"[Regression] JSON mismatch for matchId=98dd03c5-0016-40cf-a16d-b99ba8a4181a
Expected: {""firstName"":""Борис"",""lastName"":""Zhao"",""age"":28,""address"":{""number"":10,""street"":""Baker Street"",""postcode"":""94107"",""city"":""Madrid"",""country"":""USA""},""insurance"":true,""cars"":[{""brand"":""Renault"",""model"":""Model 3"",""maxSpeedKmH"":null}]}
Actual:   {""firstName"":""Борис"",""lastName"":""Zhao"",""age"":28,""address"":{""number"":10,""street"":""Baker Street"",""postcode"":[],""city"":""Madrid"",""country"":""USA""},""insurance"":true,""cars"":[{""brand"":""Renault"",""model"":""Model 3"",""maxSpeedKmH"":null}]}"
98dd03c5-0016-40cf-a16d-b99ba8a4181a,35dabd1a-bee1-4647-8bc8-0987b9338b32,false,"[Regression] JSON mismatch for matchId=98dd03c5-0016-40cf-a16d-b99ba8a4181a
Expected: {""firstName"":""Борис"",""lastName"":""Zhao"",""age"":28,""address"":{""number"":10,""street"":""Baker Street"",""postcode"":""94107"",""city"":""Madrid"",""country"":""USA""},""insurance"":true,""cars"":[{""brand"":""Renault"",""model"":""Model 3"",""maxSpeedKmH"":null}]}
Actual:   {""firstName"":""Борис"",""lastName"":""Zhao"",""age"":28,""address"":{""number"":10,""street"":""Baker Street"",""postcode"":""94107"",""city"":null,""country"":""USA""},""insurance"":true,""cars"":[{""brand"":""Renault"",""model"":""Model 3"",""maxSpeedKmH"":null}]}"
98dd03c5-0016-40cf-a16d-b99ba8a4181a,9defb87c-8dee-4995-95cb-676fe56bfad8,false,"[Regression] JSON mismatch for matchId=98dd03c5-0016-40cf-a16d-b99ba8a4181a
Expected: {""firstName"":""Борис"",""lastName"":""Zhao"",""age"":28,""address"":{""number"":10,""street"":""Baker Street"",""postcode"":""94107"",""city"":""Madrid"",""country"":""USA""},""insurance"":true,""cars"":[{""brand"":""Renault"",""model"":""Model 3"",""maxSpeedKmH"":null}]}
Actual:   {""firstName"":""Борис"",""lastName"":""Zhao"",""age"":28,""address"":{""number"":10,""street"":""Baker Street"",""postcode"":""94107"",""city"":""Madrid"",""country"":[]},""insurance"":true,""cars"":[{""brand"":""Renault"",""model"":""Model 3"",""maxSpeedKmH"":null}]}"
98dd03c5-0016-40cf-a16d-b99ba8a4181a,8fb71441-48e0-4639-9b50-32e50418c2a6,false,"[Regression] JSON mismatch for matchId=98dd03c5-0016-40cf-a16d-b99ba8a4181a
Expected: {""firstName"":""Борис"",""lastName"":""Zhao"",""age"":28,""address"":{""number"":10,""street"":""Baker Street"",""postcode"":""94107"",""city"":""Madrid"",""country"":""USA""},""insurance"":true,""cars"":[{""brand"":""Renault"",""model"":""Model 3"",""maxSpeedKmH"":null}]}
Actual:   {""firstName"":""Борис"",""lastName"":""Zhao"",""age"":28,""address"":{""number"":10,""street"":""Baker Street"",""postcode"":""94107"",""city"":""Madrid"",""country"":""USA""},""insurance"":null,""cars"":[{""brand"":""Renault"",""model"":""Model 3"",""maxSpeedKmH"":null}]}"
98dd03c5-0016-40cf-a16d-b99ba8a4181a,8284dbce-7c4e-4177-9a35-c80b9599e32b,false,"[Regression] JSON mismatch for matchId=98dd03c5-0016-40cf-a16d-b99ba8a4181a
Expected: {""firstName"":""Борис"",""lastName"":""Zhao"",""age"":28,""address"":{""number"":10,""street"":""Baker Street"",""postcode"":""94107"",""city"":""Madrid"",""country"":""USA""},""insurance"":true,""cars"":[{""brand"":""Renault"",""model"":""Model 3"",""maxSpeedKmH"":null}]}
Actual:   {""firstName"":""Борис"",""lastName"":""Zhao"",""age"":28,""address"":{""number"":10,""street"":""Baker Street"",""postcode"":""94107"",""city"":""Madrid"",""country"":""USA""},""insurance"":true,""cars"":[]}"
98dd03c5-0016-40cf-a16d-b99ba8a4181a,20b8b8a3-f7f1-4e79-bae0-b359000f9e0b,false,"[Regression] JSON mismatch for matchId=98dd03c5-0016-40cf-a16d-b99ba8a4181a
Expected: {""firstName"":""Борис"",""lastName"":""Zhao"",""age"":28,""address"":{""number"":10,""street"":""Baker Street"",""postcode"":""94107"",""city"":""Madrid"",""country"":""USA""},""insurance"":true,""cars"":[{""brand"":""Renault"",""model"":""Model 3"",""maxSpeedKmH"":null}]}
Actual:   {""firstName"":""Борис"",""lastName"":""Zhao"",""age"":28,""address"":{""number"":10,""street"":""Baker Street"",""postcode"":""94107"",""city"":""Madrid"",""country"":""USA""},""insurance"":true,""cars"":[{}]}"
98dd03c5-0016-40cf-a16d-b99ba8a4181a,5477532d-54a7-4cb5-8c41-ce924bede392,false,"[Regression] JSON mismatch for matchId=98dd03c5-0016-40cf-a16d-b99ba8a4181a
Expected: {""firstName"":""Борис"",""lastName"":""Zhao"",""age"":28,""address"":{""number"":10,""street"":""Baker Street"",""postcode"":""94107"",""city"":""Madrid"",""country"":""USA""},""insurance"":true,""cars"":[{""brand"":""Renault"",""model"":""Model 3"",""maxSpeedKmH"":null}]}
Actual:   {""firstName"":""Борис"",""lastName"":""Zhao"",""age"":28,""address"":{""number"":10,""street"":""Baker Street"",""postcode"":""94107"",""city"":""Madrid"",""country"":""USA""},""insurance"":true,""cars"":[{""brand"":"""",""model"":""Model 3"",""maxSpeedKmH"":null}]}"
98dd03c5-0016-40cf-a16d-b99ba8a4181a,73b1c6c7-aa46-410a-a9ec-ae3b512bbf4a,false,"[Regression] JSON mismatch for matchId=98dd03c5-0016-40cf-a16d-b99ba8a4181a
Expected: {""firstName"":""Борис"",""lastName"":""Zhao"",""age"":28,""address"":{""number"":10,""street"":""Baker Street"",""postcode"":""94107"",""city"":""Madrid"",""country"":""USA""},""insurance"":true,""cars"":[{""brand"":""Renault"",""model"":""Model 3"",""maxSpeedKmH"":null}]}
Actual:   {""firstName"":""Борис"",""lastName"":""Zhao"",""age"":28,""address"":{""number"":10,""street"":""Baker Street"",""postcode"":""94107"",""city"":""Madrid"",""country"":""USA""},""insurance"":true,""cars"":[{""brand"":""Renault"",""model"":[],""maxSpeedKmH"":null}]}"
98dd03c5-0016-40cf-a16d-b99ba8a4181a,c4e4c0ca-244a-4c2c-9e07-b49384815e3a,false,"[Regression] JSON mismatch for matchId=98dd03c5-0016-40cf-a16d-b99ba8a4181a
Expected: {""firstName"":""Борис"",""lastName"":""Zhao"",""age"":28,""address"":{""number"":10,""street"":""Baker Street"",""postcode"":""94107"",""city"":""Madrid"",""country"":""USA""},""insurance"":true,""cars"":[{""brand"":""Renault"",""model"":""Model 3"",""maxSpeedKmH"":null}]}
Actual:   {""firstName"":""Борис"",""lastName"":""Zhao"",""age"":28,""address"":{""number"":10,""street"":""Baker Street"",""postcode"":""94107"",""city"":""Madrid"",""country"":""USA""},""insurance"":true,""cars"":[{""brand"":""Renault"",""model"":""Model 3"",""maxSpeedKmH"":-289976.8137227148}]}"
c5bce928-73a1-46a6-9b93-a12609409f84,c39d5008-b660-4458-9c0f-6118dc14452f,false,"[Regression] Status code mismatch for matchId=c5bce928-73a1-46a6-9b93-a12609409f84
   Expected: 201
   Actual:   204"
c5bce928-73a1-46a6-9b93-a12609409f84,58f09b11-579c-4821-a695-67aaca3709af,false,"[Regression] Header size mismatch for matchId=c5bce928-73a1-46a6-9b93-a12609409f84
   Expected: {transfer-encoding=chunked, content-type=application/json}
   Actual:   {transfer-encoding=chunked}"
c5bce928-73a1-46a6-9b93-a12609409f84,55cb688f-871a-407c-b8f0-e1a8140a9f9a,false,"[Regression] Header value (content-type) mismatch for matchId=c5bce928-73a1-46a6-9b93-a12609409f84
   Expected: application/json
   Actual:   application/json; charset=ISO-8859-15"
c5bce928-73a1-46a6-9b93-a12609409f84,746d1341-cf7c-4a6c-a714-2760092fdff2,false,"[Regression] JSON mismatch for matchId=c5bce928-73a1-46a6-9b93-a12609409f84
Expected: {""firstName"":""Lixin"",""lastName"":""Zhao"",""age"":65,""address"":{""number"":221,""street"":""Baker Street"",""postcode"":""28013"",""city"":""San Francisco"",""country"":""Россия""},""cars"":[{""brand"":null,""model"":""Clio"",""maxSpeedKmH"":135.75}]}
Actual:   {""firstName"":""Lixin"",""lastName"":""Zhao"",""age"":65,""cars"":[{""brand"":null,""model"":""Clio"",""maxSpeedKmH"":135.75}]}"
c5bce928-73a1-46a6-9b93-a12609409f84,07df5ec0-c9e6-40cf-b3c9-36f650e8fff5,false,"[Regression] JSON mismatch for matchId=c5bce928-73a1-46a6-9b93-a12609409f84
Expected: {""firstName"":""Lixin"",""lastName"":""Zhao"",""age"":65,""address"":{""number"":221,""street"":""Baker Street"",""postcode"":""28013"",""city"":""San Francisco"",""country"":""Россия""},""cars"":[{""brand"":null,""model"":""Clio"",""maxSpeedKmH"":135.75}]}
Actual:   {""firstName"":-289976.8137227148,""lastName"":""Zhao"",""age"":65,""address"":{""number"":221,""street"":""Baker Street"",""postcode"":""28013"",""city"":""San Francisco"",""country"":""Россия""},""cars"":[{""brand"":null,""model"":""Clio"",""maxSpeedKmH"":135.75}]}"
c5bce928-73a1-46a6-9b93-a12609409f84,8bd99b86-df48-48d1-a217-6f4d0ace42dc,false,"[Regression] JSON mismatch for matchId=c5bce928-73a1-46a6-9b93-a12609409f84
Expected: {""firstName"":""Lixin"",""lastName"":""Zhao"",""age"":65,""address"":{""number"":221,""street"":""Baker Street"",""postcode"":""28013"",""city"":""San Francisco"",""country"":""Россия""},""cars"":[{""brand"":null,""model"":""Clio"",""maxSpeedKmH"":135.75}]}
Actual:   {""firstName"":""Lixin"",""lastName"":{},""age"":65,""address"":{""number"":221,""street"":""Baker Street"",""postcode"":""28013"",""city"":""San Francisco"",""country"":""Россия""},""cars"":[{""brand"":null,""model"":""Clio"",""maxSpeedKmH"":135.75}]}"
c5bce928-73a1-46a6-9b93-a12609409f84,e183d792-60df-4c7c-ac05-69f6705ed5e6,false,"[Regression] JSON mismatch for matchId=c5bce928-73a1-46a6-9b93-a12609409f84
Expected: {""firstName"":""Lixin"",""lastName"":""Zhao"",""age"":65,""address"":{""number"":221,""street"":""Baker Street"",""postcode"":""28013"",""city"":""San Francisco"",""country"":""Россия""},""cars"":[{""brand"":null,""model"":""Clio"",""maxSpeedKmH"":135.75}]}
Actual:   {""firstName"":""Lixin"",""lastName"":""Zhao"",""age"":-289976.8137227148,""address"":{""number"":221,""street"":""Baker Street"",""postcode"":""28013"",""city"":""San Francisco"",""country"":""Россия""},""cars"":[{""brand"":null,""model"":""Clio"",""maxSpeedKmH"":135.75}]}"
c5bce928-73a1-46a6-9b93-a12609409f84,c1ce1e2c-bdab-480e-91e9-69acd79c1620,false,"[Regression] JSON mismatch for matchId=c5bce928-73a1-46a6-9b93-a12609409f84
Expected: {""firstName"":""Lixin"",""lastName"":""Zhao"",""age"":65,""address"":{""number"":221,""street"":""Baker Street"",""postcode"":""28013"",""city"":""San Francisco"",""country"":""Россия""},""cars"":[{""brand"":null,""model"":""Clio"",""maxSpeedKmH"":135.75}]}
Actual:   {""firstName"":""Lixin"",""lastName"":""Zhao"",""age"":65,""address"":null,""cars"":[{""brand"":null,""model"":""Clio"",""maxSpeedKmH"":135.75}]}"
c5bce928-73a1-46a6-9b93-a12609409f84,2e06e06e-06a0-460f-b059-aa048528a6e6,false,"[Regression] JSON mismatch for matchId=c5bce928-73a1-46a6-9b93-a12609409f84
Expected: {""firstName"":""Lixin"",""lastName"":""Zhao"",""age"":65,""address"":{""number"":221,""street"":""Baker Street"",""postcode"":""28013"",""city"":""San Francisco"",""country"":""Россия""},""cars"":[{""brand"":null,""model"":""Clio"",""maxSpeedKmH"":135.75}]}
Actual:   {""firstName"":""Lixin"",""lastName"":""Zhao"",""age"":65,""address"":{""number"":null,""street"":""Baker Street"",""postcode"":""28013"",""city"":""San Francisco"",""country"":""Россия""},""cars"":[{""brand"":null,""model"":""Clio"",""maxSpeedKmH"":135.75}]}"
c5bce928-73a1-46a6-9b93-a12609409f84,045f9333-91bf-4982-8144-7bac23360cf6,false,"[Regression] JSON mismatch for matchId=c5bce928-73a1-46a6-9b93-a12609409f84
Expected: {""firstName"":""Lixin"",""lastName"":""Zhao"",""age"":65,""address"":{""number"":221,""street"":""Baker Street"",""postcode"":""28013"",""city"":""San Francisco"",""country"":""Россия""},""cars"":[{""brand"":null,""model"":""Clio"",""maxSpeedKmH"":135.75}]}
Actual:   {""firstName"":""Lixin"",""lastName"":""Zhao"",""age"":65,""address"":{""number"":221,""street"":{},""postcode"":""28013"",""city"":""San Francisco"",""country"":""Россия""},""cars"":[{""brand"":null,""model"":""Clio"",""maxSpeedKmH"":135.75}]}"
c5bce928-73a1-46a6-9b93-a12609409f84,8ebd3629-adfd-4b49-af10-413093f470c8,false,"[Regression] JSON mismatch for matchId=c5bce928-73a1-46a6-9b93-a12609409f84
Expected: {""firstName"":""Lixin"",""lastName"":""Zhao"",""age"":65,""address"":{""number"":221,""street"":""Baker Street"",""postcode"":""28013"",""city"":""San Francisco"",""country"":""Россия""},""cars"":[{""brand"":null,""model"":""Clio"",""maxSpeedKmH"":135.75}]}
Actual:   {""firstName"":""Lixin"",""lastName"":""Zhao"",""age"":65,""address"":{""number"":221,""street"":""Baker Street"",""postcode"":""28/*013"",""city"":""San Francisco"",""country"":""Россия""},""cars"":[{""brand"":null,""model"":""Clio"",""maxSpeedKmH"":135.75}]}"
c5bce928-73a1-46a6-9b93-a12609409f84,c07358ad-1c1e-4eee-98cd-e8539994bf97,false,"[Regression] JSON mismatch for matchId=c5bce928-73a1-46a6-9b93-a12609409f84
Expected: {""firstName"":""Lixin"",""lastName"":""Zhao"",""age"":65,""address"":{""number"":221,""street"":""Baker Street"",""postcode"":""28013"",""city"":""San Francisco"",""country"":""Россия""},""cars"":[{""brand"":null,""model"":""Clio"",""maxSpeedKmH"":135.75}]}
Actual:   {""firstName"":""Lixin"",""lastName"":""Zhao"",""age"":65,""address"":{""number"":221,""street"":""Baker Street"",""postcode"":""28013"",""city"":null,""country"":""Россия""},""cars"":[{""brand"":null,""model"":""Clio"",""maxSpeedKmH"":135.75}]}"
c5bce928-73a1-46a6-9b93-a12609409f84,bf765cf9-c54c-4003-9e46-ec1a9ae7744f,false,"[Regression] JSON mismatch for matchId=c5bce928-73a1-46a6-9b93-a12609409f84
Expected: {""firstName"":""Lixin"",""lastName"":""Zhao"",""age"":65,""address"":{""number"":221,""street"":""Baker Street"",""postcode"":""28013"",""city"":""San Francisco"",""country"":""Россия""},""cars"":[{""brand"":null,""model"":""Clio"",""maxSpeedKmH"":135.75}]}
Actual:   {""firstName"":""Lixin"",""lastName"":""Zhao"",""age"":65,""address"":{""number"":221,""street"":""Baker Street"",""postcode"":""28013"",""city"":""San Francisco"",""country"":""EJEMPLO MAYUS""},""cars"":[{""brand"":null,""model"":""Clio"",""maxSpeedKmH"":135.75}]}"
c5bce928-73a1-46a6-9b93-a12609409f84,30dd9275-22e9-4918-9ecc-ef36e2bef2dc,false,"[Regression] JSON mismatch for matchId=c5bce928-73a1-46a6-9b93-a12609409f84
Expected: {""firstName"":""Lixin"",""lastName"":""Zhao"",""age"":65,""address"":{""number"":221,""street"":""Baker Street"",""postcode"":""28013"",""city"":""San Francisco"",""country"":""Россия""},""cars"":[{""brand"":null,""model"":""Clio"",""maxSpeedKmH"":135.75}]}
Actual:   {""firstName"":""Lixin"",""lastName"":""Zhao"",""age"":65,""address"":{""number"":221,""street"":""Baker Street"",""postcode"":""28013"",""city"":""San Francisco"",""country"":""Россия""},""cars"":[{""brand"":null,""model"":""Clio"",""maxSpeedKmH"":135.75},true]}"
c5bce928-73a1-46a6-9b93-a12609409f84,2e029852-fbed-4fd8-89dc-d06de6a6f90a,false,"[Regression] JSON mismatch for matchId=c5bce928-73a1-46a6-9b93-a12609409f84
Expected: {""firstName"":""Lixin"",""lastName"":""Zhao"",""age"":65,""address"":{""number"":221,""street"":""Baker Street"",""postcode"":""28013"",""city"":""San Francisco"",""country"":""Россия""},""cars"":[{""brand"":null,""model"":""Clio"",""maxSpeedKmH"":135.75}]}
Actual:   {""firstName"":""Lixin"",""lastName"":""Zhao"",""age"":65,""address"":{""number"":221,""street"":""Baker Street"",""postcode"":""28013"",""city"":""San Francisco"",""country"":""Россия""},""cars"":[[]]}"
c5bce928-73a1-46a6-9b93-a12609409f84,582b4899-0e18-4a76-8f3b-abbe6c296b0a,false,"[Regression] JSON mismatch for matchId=c5bce928-73a1-46a6-9b93-a12609409f84
Expected: {""firstName"":""Lixin"",""lastName"":""Zhao"",""age"":65,""address"":{""number"":221,""street"":""Baker Street"",""postcode"":""28013"",""city"":""San Francisco"",""country"":""Россия""},""cars"":[{""brand"":null,""model"":""Clio"",""maxSpeedKmH"":135.75}]}
Actual:   {""firstName"":""Lixin"",""lastName"":""Zhao"",""age"":65,""address"":{""number"":221,""street"":""Baker Street"",""postcode"":""28013"",""city"":""San Francisco"",""country"":""Россия""},""cars"":[{""brand"":-289976.8137227148,""model"":""Clio"",""maxSpeedKmH"":135.75}]}"
c5bce928-73a1-46a6-9b93-a12609409f84,9a3f26b7-fb5e-4c54-8cb4-bd71ce072595,false,"[Regression] JSON mismatch for matchId=c5bce928-73a1-46a6-9b93-a12609409f84
Expected: {""firstName"":""Lixin"",""lastName"":""Zhao"",""age"":65,""address"":{""number"":221,""street"":""Baker Street"",""postcode"":""28013"",""city"":""San Francisco"",""country"":""Россия""},""cars"":[{""brand"":null,""model"":""Clio"",""maxSpeedKmH"":135.75}]}
Actual:   {""firstName"":""Lixin"",""lastName"":""Zhao"",""age"":65,""address"":{""number"":221,""street"":""Baker Street"",""postcode"":""28013"",""city"":""San Francisco"",""country"":""Россия""},""cars"":[{""brand"":null,""model"":null,""maxSpeedKmH"":135.75}]}"
c5bce928-73a1-46a6-9b93-a12609409f84,0cd99ba9-fa89-4f9f-bcea-7416d830bd4e,false,"[Regression] JSON mismatch for matchId=c5bce928-73a1-46a6-9b93-a12609409f84
Expected: {""firstName"":""Lixin"",""lastName"":""Zhao"",""age"":65,""address"":{""number"":221,""street"":""Baker Street"",""postcode"":""28013"",""city"":""San Francisco"",""country"":""Россия""},""cars"":[{""brand"":null,""model"":""Clio"",""maxSpeedKmH"":135.75}]}
Actual:   {""firstName"":""Lixin"",""lastName"":""Zhao"",""age"":65,""address"":{""number"":221,""street"":""Baker Street"",""postcode"":""28013"",""city"":""San Francisco"",""country"":""Россия""},""cars"":[{""brand"":null,""model"":""Clio"",""maxSpeedKmH"":true}]}"
f45e504a-063e-4fa1-8c96-e317424b7a7f,fc6bdb18-6a62-4106-8a24-ca302cc2c1c3,false,"[Regression] Status code mismatch for matchId=f45e504a-063e-4fa1-8c96-e317424b7a7f
   Expected: 201
   Actual:   409"
f45e504a-063e-4fa1-8c96-e317424b7a7f,09f1a629-91cc-49e1-ba5b-0cbb2bd1246a,false,"[Regression] Header value (content-type) mismatch for matchId=f45e504a-063e-4fa1-8c96-e317424b7a7f
   Expected: application/json
   Actual:   text/html"
f45e504a-063e-4fa1-8c96-e317424b7a7f,2fed129d-5062-4a67-ae8c-c4af09e86d32,false,"[Regression] Header value (content-type) mismatch for matchId=f45e504a-063e-4fa1-8c96-e317424b7a7f
   Expected: application/json
   Actual:   application/json; charset=latin9"
f45e504a-063e-4fa1-8c96-e317424b7a7f,1cf9308b-02d1-4375-aaa3-479ce364ef56,false,"[Regression] JSON mismatch for matchId=f45e504a-063e-4fa1-8c96-e317424b7a7f
Expected: {""lastName"":""García"",""age"":28,""address"":{""number"":0,""street"":""Prospekt Lenina"",""postcode"":""630099"",""city"":""Madrid"",""country"":null},""insurance"":false,""cars"":[{""brand"":null,""model"":""Clio"",""maxSpeedKmH"":180.5}]}
Actual:   {""lastName"":""García"",""age"":28,""address"":{""number"":0,""street"":""Prospekt Lenina"",""postcode"":""630099"",""city"":""Madrid"",""country"":null},""insurance"":false,""cars"":[{""brand"":null,""model"":""Clio"",""maxSpeedKmH"":180.5}],""randomBoolean1"":true}"
f45e504a-063e-4fa1-8c96-e317424b7a7f,f6a7fd72-7dc9-45a5-8a37-c8bbfde2c7b8,false,"[Regression] JSON mismatch for matchId=f45e504a-063e-4fa1-8c96-e317424b7a7f
Expected: {""lastName"":""García"",""age"":28,""address"":{""number"":0,""street"":""Prospekt Lenina"",""postcode"":""630099"",""city"":""Madrid"",""country"":null},""insurance"":false,""cars"":[{""brand"":null,""model"":""Clio"",""maxSpeedKmH"":180.5}]}
Actual:   {""lastName"":""J"",""age"":28,""address"":{""number"":0,""street"":""Prospekt Lenina"",""postcode"":""630099"",""city"":""Madrid"",""country"":null},""insurance"":false,""cars"":[{""brand"":null,""model"":""Clio"",""maxSpeedKmH"":180.5}]}"
f45e504a-063e-4fa1-8c96-e317424b7a7f,233ab7e2-4358-4d69-997e-6753bfdf5fa0,false,"[Regression] JSON mismatch for matchId=f45e504a-063e-4fa1-8c96-e317424b7a7f
Expected: {""lastName"":""García"",""age"":28,""address"":{""number"":0,""street"":""Prospekt Lenina"",""postcode"":""630099"",""city"":""Madrid"",""country"":null},""insurance"":false,""cars"":[{""brand"":null,""model"":""Clio"",""maxSpeedKmH"":180.5}]}
Actual:   {""lastName"":""García"",""age"":null,""address"":{""number"":0,""street"":""Prospekt Lenina"",""postcode"":""630099"",""city"":""Madrid"",""country"":null},""insurance"":false,""cars"":[{""brand"":null,""model"":""Clio"",""maxSpeedKmH"":180.5}]}"
f45e504a-063e-4fa1-8c96-e317424b7a7f,8d58ec90-1150-4916-a5ed-acf759aaaba3,false,"[Regression] JSON mismatch for matchId=f45e504a-063e-4fa1-8c96-e317424b7a7f
Expected: {""lastName"":""García"",""age"":28,""address"":{""number"":0,""street"":""Prospekt Lenina"",""postcode"":""630099"",""city"":""Madrid"",""country"":null},""insurance"":false,""cars"":[{""brand"":null,""model"":""Clio"",""maxSpeedKmH"":180.5}]}
Actual:   {""lastName"":""García"",""age"":28,""address"":{""number"":0,""street"":""Prospekt Lenina"",""postcode"":""630099"",""city"":""Madrid"",""country"":null,""randomBoolean1"":true,""randomObject2"":{}},""insurance"":false,""cars"":[{""brand"":null,""model"":""Clio"",""maxSpeedKmH"":180.5}]}"
f45e504a-063e-4fa1-8c96-e317424b7a7f,d070b717-9dc3-42f7-8fad-1d5591f66f68,false,"[Regression] JSON mismatch for matchId=f45e504a-063e-4fa1-8c96-e317424b7a7f
Expected: {""lastName"":""García"",""age"":28,""address"":{""number"":0,""street"":""Prospekt Lenina"",""postcode"":""630099"",""city"":""Madrid"",""country"":null},""insurance"":false,""cars"":[{""brand"":null,""model"":""Clio"",""maxSpeedKmH"":180.5}]}
Actual:   {""lastName"":""García"",""age"":28,""address"":{""number"":{},""street"":""Prospekt Lenina"",""postcode"":""630099"",""city"":""Madrid"",""country"":null},""insurance"":false,""cars"":[{""brand"":null,""model"":""Clio"",""maxSpeedKmH"":180.5}]}"
f45e504a-063e-4fa1-8c96-e317424b7a7f,be8fc78b-6897-4c03-b7ce-a010dfdc30bd,false,"[Regression] JSON mismatch for matchId=f45e504a-063e-4fa1-8c96-e317424b7a7f
Expected: {""lastName"":""García"",""age"":28,""address"":{""number"":0,""street"":""Prospekt Lenina"",""postcode"":""630099"",""city"":""Madrid"",""country"":null},""insurance"":false,""cars"":[{""brand"":null,""model"":""Clio"",""maxSpeedKmH"":180.5}]}
Actual:   {""lastName"":""García"",""age"":28,""address"":{""number"":0,""street"":null,""postcode"":""630099"",""city"":""Madrid"",""country"":null},""insurance"":false,""cars"":[{""brand"":null,""model"":""Clio"",""maxSpeedKmH"":180.5}]}"
f45e504a-063e-4fa1-8c96-e317424b7a7f,ee8c88d6-c9df-4acd-9dbd-0af585f88d72,false,"[Regression] JSON mismatch for matchId=f45e504a-063e-4fa1-8c96-e317424b7a7f
Expected: {""lastName"":""García"",""age"":28,""address"":{""number"":0,""street"":""Prospekt Lenina"",""postcode"":""630099"",""city"":""Madrid"",""country"":null},""insurance"":false,""cars"":[{""brand"":null,""model"":""Clio"",""maxSpeedKmH"":180.5}]}
Actual:   {""lastName"":""García"",""age"":28,""address"":{""number"":0,""street"":""Prospekt Lenina"",""postcode"":{},""city"":""Madrid"",""country"":null},""insurance"":false,""cars"":[{""brand"":null,""model"":""Clio"",""maxSpeedKmH"":180.5}]}"
f45e504a-063e-4fa1-8c96-e317424b7a7f,9afdaeb0-bdd3-40e7-a05c-c29c91457971,false,"[Regression] JSON mismatch for matchId=f45e504a-063e-4fa1-8c96-e317424b7a7f
Expected: {""lastName"":""García"",""age"":28,""address"":{""number"":0,""street"":""Prospekt Lenina"",""postcode"":""630099"",""city"":""Madrid"",""country"":null},""insurance"":false,""cars"":[{""brand"":null,""model"":""Clio"",""maxSpeedKmH"":180.5}]}
Actual:   {""lastName"":""García"",""age"":28,""address"":{""number"":0,""street"":""Prospekt Lenina"",""postcode"":""630099"",""city"":[],""country"":null},""insurance"":false,""cars"":[{""brand"":null,""model"":""Clio"",""maxSpeedKmH"":180.5}]}"
f45e504a-063e-4fa1-8c96-e317424b7a7f,76c58668-7ac2-4f50-9bb2-dacebf6a2557,false,"[Regression] JSON mismatch for matchId=f45e504a-063e-4fa1-8c96-e317424b7a7f
Expected: {""lastName"":""García"",""age"":28,""address"":{""number"":0,""street"":""Prospekt Lenina"",""postcode"":""630099"",""city"":""Madrid"",""country"":null},""insurance"":false,""cars"":[{""brand"":null,""model"":""Clio"",""maxSpeedKmH"":180.5}]}
Actual:   {""lastName"":""García"",""age"":28,""address"":{""number"":0,""street"":""Prospekt Lenina"",""postcode"":""630099"",""city"":""Madrid"",""country"":-289976.8137227148},""insurance"":false,""cars"":[{""brand"":null,""model"":""Clio"",""maxSpeedKmH"":180.5}]}"
f45e504a-063e-4fa1-8c96-e317424b7a7f,ac1620b5-b56b-4f69-a7c6-d133c9672375,false,"[Regression] JSON mismatch for matchId=f45e504a-063e-4fa1-8c96-e317424b7a7f
Expected: {""lastName"":""García"",""age"":28,""address"":{""number"":0,""street"":""Prospekt Lenina"",""postcode"":""630099"",""city"":""Madrid"",""country"":null},""insurance"":false,""cars"":[{""brand"":null,""model"":""Clio"",""maxSpeedKmH"":180.5}]}
Actual:   {""lastName"":""García"",""age"":28,""address"":{""number"":0,""street"":""Prospekt Lenina"",""postcode"":""630099"",""city"":""Madrid"",""country"":null},""insurance"":true,""cars"":[{""brand"":null,""model"":""Clio"",""maxSpeedKmH"":180.5}]}"
f45e504a-063e-4fa1-8c96-e317424b7a7f,f5d51ac6-5d1b-4273-9480-4636cfe38a29,false,"[Regression] JSON mismatch for matchId=f45e504a-063e-4fa1-8c96-e317424b7a7f
Expected: {""lastName"":""García"",""age"":28,""address"":{""number"":0,""street"":""Prospekt Lenina"",""postcode"":""630099"",""city"":""Madrid"",""country"":null},""insurance"":false,""cars"":[{""brand"":null,""model"":""Clio"",""maxSpeedKmH"":180.5}]}
Actual:   {""lastName"":""García"",""age"":28,""address"":{""number"":0,""street"":""Prospekt Lenina"",""postcode"":""630099"",""city"":""Madrid"",""country"":null},""insurance"":false,""cars"":null}"
f45e504a-063e-4fa1-8c96-e317424b7a7f,814ae0a2-4b17-4646-91f0-3b411af52d11,false,"[Regression] JSON mismatch for matchId=f45e504a-063e-4fa1-8c96-e317424b7a7f
Expected: {""lastName"":""García"",""age"":28,""address"":{""number"":0,""street"":""Prospekt Lenina"",""postcode"":""630099"",""city"":""Madrid"",""country"":null},""insurance"":false,""cars"":[{""brand"":null,""model"":""Clio"",""maxSpeedKmH"":180.5}]}
Actual:   {""lastName"":""García"",""age"":28,""address"":{""number"":0,""street"":""Prospekt Lenina"",""postcode"":""630099"",""city"":""Madrid"",""country"":null},""insurance"":false,""cars"":[null]}"
f45e504a-063e-4fa1-8c96-e317424b7a7f,e4f3b982-1e71-4269-9ea5-00b2492b1782,false,"[Regression] JSON mismatch for matchId=f45e504a-063e-4fa1-8c96-e317424b7a7f
Expected: {""lastName"":""García"",""age"":28,""address"":{""number"":0,""street"":""Prospekt Lenina"",""postcode"":""630099"",""city"":""Madrid"",""country"":null},""insurance"":false,""cars"":[{""brand"":null,""model"":""Clio"",""maxSpeedKmH"":180.5}]}
Actual:   {""lastName"":""García"",""age"":28,""address"":{""number"":0,""street"":""Prospekt Lenina"",""postcode"":""630099"",""city"":""Madrid"",""country"":null},""insurance"":false,""cars"":[{""brand"":{},""model"":""Clio"",""maxSpeedKmH"":180.5}]}"
f45e504a-063e-4fa1-8c96-e317424b7a7f,66dcebed-1476-4f2d-bd8c-bd35f2638a7a,false,"[Regression] JSON mismatch for matchId=f45e504a-063e-4fa1-8c96-e317424b7a7f
Expected: {""lastName"":""García"",""age"":28,""address"":{""number"":0,""street"":""Prospekt Lenina"",""postcode"":""630099"",""city"":""Madrid"",""country"":null},""insurance"":false,""cars"":[{""brand"":null,""model"":""Clio"",""maxSpeedKmH"":180.5}]}
Actual:   {""lastName"":""García"",""age"":28,""address"":{""number"":0,""street"":""Prospekt Lenina"",""postcode"":""630099"",""city"":""Madrid"",""country"":null},""insurance"":false,""cars"":[{""brand"":null,""model"":""C/*lio"",""maxSpeedKmH"":180.5}]}"
f45e504a-063e-4fa1-8c96-e317424b7a7f,e94163eb-b3a5-4536-8dc5-e2bfce435b4d,false,"[Regression] JSON mismatch for matchId=f45e504a-063e-4fa1-8c96-e317424b7a7f
Expected: {""lastName"":""García"",""age"":28,""address"":{""number"":0,""street"":""Prospekt Lenina"",""postcode"":""630099"",""city"":""Madrid"",""country"":null},""insurance"":false,""cars"":[{""brand"":null,""model"":""Clio"",""maxSpeedKmH"":180.5}]}
Actual:   {""lastName"":""García"",""age"":28,""address"":{""number"":0,""street"":""Prospekt Lenina"",""postcode"":""630099"",""city"":""Madrid"",""country"":null},""insurance"":false,""cars"":[{""brand"":null,""model"":""Clio"",""maxSpeedKmH"":null}]}"
68596bca-f1db-4b8d-bc1e-e3c011daf2c4,6300f874-606b-413c-805c-58e5d2598c02,false,"[Regression] Status code mismatch for matchId=68596bca-f1db-4b8d-bc1e-e3c011daf2c4
   Expected: 201
   Actual:   501"
68596bca-f1db-4b8d-bc1e-e3c011daf2c4,eba8485c-1d2b-448b-b082-07d023c25e2c,false,"[Regression] Header value (content-type) mismatch for matchId=68596bca-f1db-4b8d-bc1e-e3c011daf2c4
   Expected: application/json
   Actual:   text/css"
68596bca-f1db-4b8d-bc1e-e3c011daf2c4,9db1382d-f02e-4fd1-ac62-b74295f6fd62,false,"[Regression] Header value (content-type) mismatch for matchId=68596bca-f1db-4b8d-bc1e-e3c011daf2c4
   Expected: application/json
   Actual:   application/json; charset=utf-8"
68596bca-f1db-4b8d-bc1e-e3c011daf2c4,3f4c229c-17e7-44a1-af01-1c62e8337ab5,false,"[Regression] JSON mismatch for matchId=68596bca-f1db-4b8d-bc1e-e3c011daf2c4
Expected: {""age"":65,""address"":{""number"":5,""street"":null,""postcode"":null,""city"":""Madrid"",""country"":null},""insurance"":true,""cars"":[{""brand"":""Tesla"",""model"":null,""maxSpeedKmH"":220.0}]}
Actual:   {""age"":65,""insurance"":true,""cars"":[{""brand"":""Tesla"",""model"":null,""maxSpeedKmH"":220.0}]}"
68596bca-f1db-4b8d-bc1e-e3c011daf2c4,0750c6c1-64e4-4810-a55c-687796e0ec3e,false,"[Regression] JSON mismatch for matchId=68596bca-f1db-4b8d-bc1e-e3c011daf2c4
Expected: {""age"":65,""address"":{""number"":5,""street"":null,""postcode"":null,""city"":""Madrid"",""country"":null},""insurance"":true,""cars"":[{""brand"":""Tesla"",""model"":null,""maxSpeedKmH"":220.0}]}
Actual:   {""age"":-289976.8137227148,""address"":{""number"":5,""street"":null,""postcode"":null,""city"":""Madrid"",""country"":null},""insurance"":true,""cars"":[{""brand"":""Tesla"",""model"":null,""maxSpeedKmH"":220.0}]}"
68596bca-f1db-4b8d-bc1e-e3c011daf2c4,6ec4e95b-e7f1-4aeb-9684-73320bac216a,false,"[Regression] JSON mismatch for matchId=68596bca-f1db-4b8d-bc1e-e3c011daf2c4
Expected: {""age"":65,""address"":{""number"":5,""street"":null,""postcode"":null,""city"":""Madrid"",""country"":null},""insurance"":true,""cars"":[{""brand"":""Tesla"",""model"":null,""maxSpeedKmH"":220.0}]}
Actual:   {""age"":65,""address"":null,""insurance"":true,""cars"":[{""brand"":""Tesla"",""model"":null,""maxSpeedKmH"":220.0}]}"
68596bca-f1db-4b8d-bc1e-e3c011daf2c4,e4b44cba-85ba-467f-bb39-4a6a3d6381e5,false,"[Regression] JSON mismatch for matchId=68596bca-f1db-4b8d-bc1e-e3c011daf2c4
Expected: {""age"":65,""address"":{""number"":5,""street"":null,""postcode"":null,""city"":""Madrid"",""country"":null},""insurance"":true,""cars"":[{""brand"":""Tesla"",""model"":null,""maxSpeedKmH"":220.0}]}
Actual:   {""age"":65,""address"":{""number"":-618785,""street"":null,""postcode"":null,""city"":""Madrid"",""country"":null},""insurance"":true,""cars"":[{""brand"":""Tesla"",""model"":null,""maxSpeedKmH"":220.0}]}"
68596bca-f1db-4b8d-bc1e-e3c011daf2c4,4a447dae-a560-4beb-b2e8-9c391b504404,false,"[Regression] JSON mismatch for matchId=68596bca-f1db-4b8d-bc1e-e3c011daf2c4
Expected: {""age"":65,""address"":{""number"":5,""street"":null,""postcode"":null,""city"":""Madrid"",""country"":null},""insurance"":true,""cars"":[{""brand"":""Tesla"",""model"":null,""maxSpeedKmH"":220.0}]}
Actual:   {""age"":65,""address"":{""number"":5,""street"":-289976.8137227148,""postcode"":null,""city"":""Madrid"",""country"":null},""insurance"":true,""cars"":[{""brand"":""Tesla"",""model"":null,""maxSpeedKmH"":220.0}]}"
68596bca-f1db-4b8d-bc1e-e3c011daf2c4,4fd1c922-ce46-4bb1-929e-45901af4b4ae,false,"[Regression] JSON mismatch for matchId=68596bca-f1db-4b8d-bc1e-e3c011daf2c4
Expected: {""age"":65,""address"":{""number"":5,""street"":null,""postcode"":null,""city"":""Madrid"",""country"":null},""insurance"":true,""cars"":[{""brand"":""Tesla"",""model"":null,""maxSpeedKmH"":220.0}]}
Actual:   {""age"":65,""address"":{""number"":5,""street"":null,""postcode"":{},""city"":""Madrid"",""country"":null},""insurance"":true,""cars"":[{""brand"":""Tesla"",""model"":null,""maxSpeedKmH"":220.0}]}"
68596bca-f1db-4b8d-bc1e-e3c011daf2c4,ab2f625b-71e1-4b4f-9276-a2ece9b02767,false,"[Regression] JSON mismatch for matchId=68596bca-f1db-4b8d-bc1e-e3c011daf2c4
Expected: {""age"":65,""address"":{""number"":5,""street"":null,""postcode"":null,""city"":""Madrid"",""country"":null},""insurance"":true,""cars"":[{""brand"":""Tesla"",""model"":null,""maxSpeedKmH"":220.0}]}
Actual:   {""age"":65,""address"":{""number"":5,""street"":null,""postcode"":null,""city"":null,""country"":null},""insurance"":true,""cars"":[{""brand"":""Tesla"",""model"":null,""maxSpeedKmH"":220.0}]}"
68596bca-f1db-4b8d-bc1e-e3c011daf2c4,4d7c7e83-36e8-423b-b8c9-920ebf845c72,false,"[Regression] JSON mismatch for matchId=68596bca-f1db-4b8d-bc1e-e3c011daf2c4
Expected: {""age"":65,""address"":{""number"":5,""street"":null,""postcode"":null,""city"":""Madrid"",""country"":null},""insurance"":true,""cars"":[{""brand"":""Tesla"",""model"":null,""maxSpeedKmH"":220.0}]}
Actual:   {""age"":65,""address"":{""number"":5,""street"":null,""postcode"":null,""city"":""Madrid"",""country"":{}},""insurance"":true,""cars"":[{""brand"":""Tesla"",""model"":null,""maxSpeedKmH"":220.0}]}"
68596bca-f1db-4b8d-bc1e-e3c011daf2c4,0d7e5c70-6ecb-400e-a95d-bc2ae9773e63,false,"[Regression] JSON mismatch for matchId=68596bca-f1db-4b8d-bc1e-e3c011daf2c4
Expected: {""age"":65,""address"":{""number"":5,""street"":null,""postcode"":null,""city"":""Madrid"",""country"":null},""insurance"":true,""cars"":[{""brand"":""Tesla"",""model"":null,""maxSpeedKmH"":220.0}]}
Actual:   {""age"":65,""address"":{""number"":5,""street"":null,""postcode"":null,""city"":""Madrid"",""country"":null},""insurance"":-289976.8137227148,""cars"":[{""brand"":""Tesla"",""model"":null,""maxSpeedKmH"":220.0}]}"
68596bca-f1db-4b8d-bc1e-e3c011daf2c4,72c9925e-192b-48a3-a63d-9a8afd1b1b1a,false,"[Regression] JSON mismatch for matchId=68596bca-f1db-4b8d-bc1e-e3c011daf2c4
Expected: {""age"":65,""address"":{""number"":5,""street"":null,""postcode"":null,""city"":""Madrid"",""country"":null},""insurance"":true,""cars"":[{""brand"":""Tesla"",""model"":null,""maxSpeedKmH"":220.0}]}
Actual:   {""age"":65,""address"":{""number"":5,""street"":null,""postcode"":null,""city"":""Madrid"",""country"":null},""insurance"":true,""cars"":-289976.8137227148}"
68596bca-f1db-4b8d-bc1e-e3c011daf2c4,bb5c0f99-e8d7-4fe9-b05e-de790d3031e2,false,"[Regression] JSON mismatch for matchId=68596bca-f1db-4b8d-bc1e-e3c011daf2c4
Expected: {""age"":65,""address"":{""number"":5,""street"":null,""postcode"":null,""city"":""Madrid"",""country"":null},""insurance"":true,""cars"":[{""brand"":""Tesla"",""model"":null,""maxSpeedKmH"":220.0}]}
Actual:   {""age"":65,""address"":{""number"":5,""street"":null,""postcode"":null,""city"":""Madrid"",""country"":null},""insurance"":true,""cars"":[{""brand"":""Tesla"",""model"":null,""maxSpeedKmH"":220.0,""randomObject1"":{},""randomLong2"":-627465,""randomArray3"":[],""randomObject4"":{}}]}"
68596bca-f1db-4b8d-bc1e-e3c011daf2c4,5aa05fd2-6a4c-439d-a080-3f819789280d,false,"[Regression] JSON mismatch for matchId=68596bca-f1db-4b8d-bc1e-e3c011daf2c4
Expected: {""age"":65,""address"":{""number"":5,""street"":null,""postcode"":null,""city"":""Madrid"",""country"":null},""insurance"":true,""cars"":[{""brand"":""Tesla"",""model"":null,""maxSpeedKmH"":220.0}]}
Actual:   {""age"":65,""address"":{""number"":5,""street"":null,""postcode"":null,""city"":""Madrid"",""country"":null},""insurance"":true,""cars"":[{""brand"":""#dfj9E<e"",""model"":null,""maxSpeedKmH"":220.0}]}"
68596bca-f1db-4b8d-bc1e-e3c011daf2c4,5a2dda9f-d6b0-49dc-ba69-f35726e5a524,false,"[Regression] JSON mismatch for matchId=68596bca-f1db-4b8d-bc1e-e3c011daf2c4
Expected: {""age"":65,""address"":{""number"":5,""street"":null,""postcode"":null,""city"":""Madrid"",""country"":null},""insurance"":true,""cars"":[{""brand"":""Tesla"",""model"":null,""maxSpeedKmH"":220.0}]}
Actual:   {""age"":65,""address"":{""number"":5,""street"":null,""postcode"":null,""city"":""Madrid"",""country"":null},""insurance"":true,""cars"":[{""brand"":""Tesla"",""model"":[],""maxSpeedKmH"":220.0}]}"
68596bca-f1db-4b8d-bc1e-e3c011daf2c4,fd354483-7f6e-40e8-866b-8ff0778e60c1,false,"[Regression] JSON mismatch for matchId=68596bca-f1db-4b8d-bc1e-e3c011daf2c4
Expected: {""age"":65,""address"":{""number"":5,""street"":null,""postcode"":null,""city"":""Madrid"",""country"":null},""insurance"":true,""cars"":[{""brand"":""Tesla"",""model"":null,""maxSpeedKmH"":220.0}]}
Actual:   {""age"":65,""address"":{""number"":5,""street"":null,""postcode"":null,""city"":""Madrid"",""country"":null},""insurance"":true,""cars"":[{""brand"":""Tesla"",""model"":null,""maxSpeedKmH"":true}]}"
0074c7f4-2b53-49b5-b789-dfaa3d645020,c17bd504-2ded-4e3c-8c80-784c1dff7f7c,false,"[Regression] Status code mismatch for matchId=0074c7f4-2b53-49b5-b789-dfaa3d645020
   Expected: 201
   Actual:   504"
0074c7f4-2b53-49b5-b789-dfaa3d645020,4658491c-c7bb-46a9-aadf-2e690b6431fb,false,"[Regression] Header size mismatch for matchId=0074c7f4-2b53-49b5-b789-dfaa3d645020
   Expected: {transfer-encoding=chunked, content-type=application/json}
   Actual:   {transfer-encoding=chunked}"
0074c7f4-2b53-49b5-b789-dfaa3d645020,e1ff84a7-2a40-4884-885e-7c734ad4a484,false,"[Regression] Header value (content-type) mismatch for matchId=0074c7f4-2b53-49b5-b789-dfaa3d645020
   Expected: application/json
   Actual:   application/json; charset=utf-32"
0074c7f4-2b53-49b5-b789-dfaa3d645020,f2969743-1016-4fcd-96f8-75ff36afccbf,false,"[Regression] JSON mismatch for matchId=0074c7f4-2b53-49b5-b789-dfaa3d645020
Expected: {""lastName"":""Zhao"",""age"":42,""address"":{""number"":5,""street"":""Prospekt Lenina"",""postcode"":""28013"",""city"":""Новосибирск"",""country"":null},""insurance"":false,""cars"":[{""brand"":""Toyota"",""model"":""Corolla"",""maxSpeedKmH"":220.0}]}
Actual:   {""lastName"":""Zhao"",""age"":42,""address"":{""number"":5,""street"":""Prospekt Lenina"",""postcode"":""28013"",""city"":""Новосибирск"",""country"":null},""insurance"":false,""cars"":[{""brand"":""Toyota"",""model"":""Corolla"",""maxSpeedKmH"":220.0}],""randomBoolean1"":true}"
0074c7f4-2b53-49b5-b789-dfaa3d645020,96096758-43ef-4e1b-b057-70178f765454,false,"[Regression] JSON mismatch for matchId=0074c7f4-2b53-49b5-b789-dfaa3d645020
Expected: {""lastName"":""Zhao"",""age"":42,""address"":{""number"":5,""street"":""Prospekt Lenina"",""postcode"":""28013"",""city"":""Новосибирск"",""country"":null},""insurance"":false,""cars"":[{""brand"":""Toyota"",""model"":""Corolla"",""maxSpeedKmH"":220.0}]}
Actual:   {""lastName"":-289976.8137227148,""age"":42,""address"":{""number"":5,""street"":""Prospekt Lenina"",""postcode"":""28013"",""city"":""Новосибирск"",""country"":null},""insurance"":false,""cars"":[{""brand"":""Toyota"",""model"":""Corolla"",""maxSpeedKmH"":220.0}]}"
0074c7f4-2b53-49b5-b789-dfaa3d645020,43b15390-8242-42e9-ad9e-814551fa4585,false,"[Regression] JSON mismatch for matchId=0074c7f4-2b53-49b5-b789-dfaa3d645020
Expected: {""lastName"":""Zhao"",""age"":42,""address"":{""number"":5,""street"":""Prospekt Lenina"",""postcode"":""28013"",""city"":""Новосибирск"",""country"":null},""insurance"":false,""cars"":[{""brand"":""Toyota"",""model"":""Corolla"",""maxSpeedKmH"":220.0}]}
Actual:   {""lastName"":""Zhao"",""age"":-241395,""address"":{""number"":5,""street"":""Prospekt Lenina"",""postcode"":""28013"",""city"":""Новосибирск"",""country"":null},""insurance"":false,""cars"":[{""brand"":""Toyota"",""model"":""Corolla"",""maxSpeedKmH"":220.0}]}"
0074c7f4-2b53-49b5-b789-dfaa3d645020,d0fd2a01-dc93-4408-9452-538b19d4ac8c,false,"[Regression] JSON mismatch for matchId=0074c7f4-2b53-49b5-b789-dfaa3d645020
Expected: {""lastName"":""Zhao"",""age"":42,""address"":{""number"":5,""street"":""Prospekt Lenina"",""postcode"":""28013"",""city"":""Новосибирск"",""country"":null},""insurance"":false,""cars"":[{""brand"":""Toyota"",""model"":""Corolla"",""maxSpeedKmH"":220.0}]}
Actual:   {""lastName"":""Zhao"",""age"":42,""address"":{""number"":5,""street"":""Prospekt Lenina"",""postcode"":""28013"",""city"":""Новосибирск"",""country"":null,""randomBoolean1"":true,""randomObject2"":{}},""insurance"":false,""cars"":[{""brand"":""Toyota"",""model"":""Corolla"",""maxSpeedKmH"":220.0}]}"
0074c7f4-2b53-49b5-b789-dfaa3d645020,324e6ff2-5d16-4586-8075-faad897fce9b,false,"[Regression] JSON mismatch for matchId=0074c7f4-2b53-49b5-b789-dfaa3d645020
Expected: {""lastName"":""Zhao"",""age"":42,""address"":{""number"":5,""street"":""Prospekt Lenina"",""postcode"":""28013"",""city"":""Новосибирск"",""country"":null},""insurance"":false,""cars"":[{""brand"":""Toyota"",""model"":""Corolla"",""maxSpeedKmH"":220.0}]}
Actual:   {""lastName"":""Zhao"",""age"":42,""address"":{""number"":{},""street"":""Prospekt Lenina"",""postcode"":""28013"",""city"":""Новосибирск"",""country"":null},""insurance"":false,""cars"":[{""brand"":""Toyota"",""model"":""Corolla"",""maxSpeedKmH"":220.0}]}"
0074c7f4-2b53-49b5-b789-dfaa3d645020,37cd930a-053d-44e2-babe-cfee3dc39ff7,false,"[Regression] JSON mismatch for matchId=0074c7f4-2b53-49b5-b789-dfaa3d645020
Expected: {""lastName"":""Zhao"",""age"":42,""address"":{""number"":5,""street"":""Prospekt Lenina"",""postcode"":""28013"",""city"":""Новосибирск"",""country"":null},""insurance"":false,""cars"":[{""brand"":""Toyota"",""model"":""Corolla"",""maxSpeedKmH"":220.0}]}
Actual:   {""lastName"":""Zhao"",""age"":42,""address"":{""number"":5,""street"":{},""postcode"":""28013"",""city"":""Новосибирск"",""country"":null},""insurance"":false,""cars"":[{""brand"":""Toyota"",""model"":""Corolla"",""maxSpeedKmH"":220.0}]}"
0074c7f4-2b53-49b5-b789-dfaa3d645020,53214b2b-f89d-494f-b4f1-13f319857364,false,"[Regression] JSON mismatch for matchId=0074c7f4-2b53-49b5-b789-dfaa3d645020
Expected: {""lastName"":""Zhao"",""age"":42,""address"":{""number"":5,""street"":""Prospekt Lenina"",""postcode"":""28013"",""city"":""Новосибирск"",""country"":null},""insurance"":false,""cars"":[{""brand"":""Toyota"",""model"":""Corolla"",""maxSpeedKmH"":220.0}]}
Actual:   {""lastName"":""Zhao"",""age"":42,""address"":{""number"":5,""street"":""Prospekt Lenina"",""postcode"":{},""city"":""Новосибирск"",""country"":null},""insurance"":false,""cars"":[{""brand"":""Toyota"",""model"":""Corolla"",""maxSpeedKmH"":220.0}]}"
0074c7f4-2b53-49b5-b789-dfaa3d645020,7753cb65-a008-4364-9b76-d0896e2d54a5,false,"[Regression] JSON mismatch for matchId=0074c7f4-2b53-49b5-b789-dfaa3d645020
Expected: {""lastName"":""Zhao"",""age"":42,""address"":{""number"":5,""street"":""Prospekt Lenina"",""postcode"":""28013"",""city"":""Новосибирск"",""country"":null},""insurance"":false,""cars"":[{""brand"":""Toyota"",""model"":""Corolla"",""maxSpeedKmH"":220.0}]}
Actual:   {""lastName"":""Zhao"",""age"":42,""address"":{""number"":5,""street"":""Prospekt Lenina"",""postcode"":""28013"",""city"":[],""country"":null},""insurance"":false,""cars"":[{""brand"":""Toyota"",""model"":""Corolla"",""maxSpeedKmH"":220.0}]}"
0074c7f4-2b53-49b5-b789-dfaa3d645020,935a80ab-6c3a-49a7-8996-41784f807e26,false,"[Regression] JSON mismatch for matchId=0074c7f4-2b53-49b5-b789-dfaa3d645020
Expected: {""lastName"":""Zhao"",""age"":42,""address"":{""number"":5,""street"":""Prospekt Lenina"",""postcode"":""28013"",""city"":""Новосибирск"",""country"":null},""insurance"":false,""cars"":[{""brand"":""Toyota"",""model"":""Corolla"",""maxSpeedKmH"":220.0}]}
Actual:   {""lastName"":""Zhao"",""age"":42,""address"":{""number"":5,""street"":""Prospekt Lenina"",""postcode"":""28013"",""city"":""Новосибирск"",""country"":-289976.8137227148},""insurance"":false,""cars"":[{""brand"":""Toyota"",""model"":""Corolla"",""maxSpeedKmH"":220.0}]}"
0074c7f4-2b53-49b5-b789-dfaa3d645020,2666c0ae-e708-43be-a480-12a65c0cb7cd,false,"[Regression] JSON mismatch for matchId=0074c7f4-2b53-49b5-b789-dfaa3d645020
Expected: {""lastName"":""Zhao"",""age"":42,""address"":{""number"":5,""street"":""Prospekt Lenina"",""postcode"":""28013"",""city"":""Новосибирск"",""country"":null},""insurance"":false,""cars"":[{""brand"":""Toyota"",""model"":""Corolla"",""maxSpeedKmH"":220.0}]}
Actual:   {""lastName"":""Zhao"",""age"":42,""address"":{""number"":5,""street"":""Prospekt Lenina"",""postcode"":""28013"",""city"":""Новосибирск"",""country"":null},""insurance"":null,""cars"":[{""brand"":""Toyota"",""model"":""Corolla"",""maxSpeedKmH"":220.0}]}"
0074c7f4-2b53-49b5-b789-dfaa3d645020,8585b7ac-c593-473e-8d25-dd3ddbe0dcb8,false,"[Regression] JSON mismatch for matchId=0074c7f4-2b53-49b5-b789-dfaa3d645020
Expected: {""lastName"":""Zhao"",""age"":42,""address"":{""number"":5,""street"":""Prospekt Lenina"",""postcode"":""28013"",""city"":""Новосибирск"",""country"":null},""insurance"":false,""cars"":[{""brand"":""Toyota"",""model"":""Corolla"",""maxSpeedKmH"":220.0}]}
Actual:   {""lastName"":""Zhao"",""age"":42,""address"":{""number"":5,""street"":""Prospekt Lenina"",""postcode"":""28013"",""city"":""Новосибирск"",""country"":null},""insurance"":false,""cars"":[]}"
0074c7f4-2b53-49b5-b789-dfaa3d645020,a7231a4e-a135-4da8-8126-002fc8e154dd,false,"[Regression] JSON mismatch for matchId=0074c7f4-2b53-49b5-b789-dfaa3d645020
Expected: {""lastName"":""Zhao"",""age"":42,""address"":{""number"":5,""street"":""Prospekt Lenina"",""postcode"":""28013"",""city"":""Новосибирск"",""country"":null},""insurance"":false,""cars"":[{""brand"":""Toyota"",""model"":""Corolla"",""maxSpeedKmH"":220.0}]}
Actual:   {""lastName"":""Zhao"",""age"":42,""address"":{""number"":5,""street"":""Prospekt Lenina"",""postcode"":""28013"",""city"":""Новосибирск"",""country"":null},""insurance"":false,""cars"":[[]]}"
0074c7f4-2b53-49b5-b789-dfaa3d645020,cb79516d-c594-43c6-9493-feebcbab5c92,false,"[Regression] JSON mismatch for matchId=0074c7f4-2b53-49b5-b789-dfaa3d645020
Expected: {""lastName"":""Zhao"",""age"":42,""address"":{""number"":5,""street"":""Prospekt Lenina"",""postcode"":""28013"",""city"":""Новосибирск"",""country"":null},""insurance"":false,""cars"":[{""brand"":""Toyota"",""model"":""Corolla"",""maxSpeedKmH"":220.0}]}
Actual:   {""lastName"":""Zhao"",""age"":42,""address"":{""number"":5,""street"":""Prospekt Lenina"",""postcode"":""28013"",""city"":""Новосибирск"",""country"":null},""insurance"":false,""cars"":[{""brand"":""T/*oyota"",""model"":""Corolla"",""maxSpeedKmH"":220.0}]}"
0074c7f4-2b53-49b5-b789-dfaa3d645020,e5376015-0e0a-44c1-87e7-3dd4b2f43964,false,"[Regression] JSON mismatch for matchId=0074c7f4-2b53-49b5-b789-dfaa3d645020
Expected: {""lastName"":""Zhao"",""age"":42,""address"":{""number"":5,""street"":""Prospekt Lenina"",""postcode"":""28013"",""city"":""Новосибирск"",""country"":null},""insurance"":false,""cars"":[{""brand"":""Toyota"",""model"":""Corolla"",""maxSpeedKmH"":220.0}]}
Actual:   {""lastName"":""Zhao"",""age"":42,""address"":{""number"":5,""street"":""Prospekt Lenina"",""postcode"":""28013"",""city"":""Новосибирск"",""country"":null},""insurance"":false,""cars"":[{""brand"":""Toyota"",""model"":""Corolla*"",""maxSpeedKmH"":220.0}]}"
0074c7f4-2b53-49b5-b789-dfaa3d645020,bf9e0007-aae2-4dae-95d4-5eb3d256997c,false,"[Regression] JSON mismatch for matchId=0074c7f4-2b53-49b5-b789-dfaa3d645020
Expected: {""lastName"":""Zhao"",""age"":42,""address"":{""number"":5,""street"":""Prospekt Lenina"",""postcode"":""28013"",""city"":""Новосибирск"",""country"":null},""insurance"":false,""cars"":[{""brand"":""Toyota"",""model"":""Corolla"",""maxSpeedKmH"":220.0}]}
Actual:   {""lastName"":""Zhao"",""age"":42,""address"":{""number"":5,""street"":""Prospekt Lenina"",""postcode"":""28013"",""city"":""Новосибирск"",""country"":null},""insurance"":false,""cars"":[{""brand"":""Toyota"",""model"":""Corolla"",""maxSpeedKmH"":true}]}"
b55d3e86-84c0-4f0e-9990-13019274c0ae,b944693a-f6e0-4241-846e-f3e5fb22b837,false,"[Regression] Status code mismatch for matchId=b55d3e86-84c0-4f0e-9990-13019274c0ae
   Expected: 201
   Actual:   501"
b55d3e86-84c0-4f0e-9990-13019274c0ae,3983fe73-46ac-43df-a947-7d7b14ec19a0,false,"[Regression] Header size mismatch for matchId=b55d3e86-84c0-4f0e-9990-13019274c0ae
   Expected: {transfer-encoding=chunked, content-type=application/json}
   Actual:   {transfer-encoding=chunked}"
b55d3e86-84c0-4f0e-9990-13019274c0ae,979556fd-5969-418e-8632-0f7aeb474f04,false,"[Regression] Header value (content-type) mismatch for matchId=b55d3e86-84c0-4f0e-9990-13019274c0ae
   Expected: application/json
   Actual:   application/json; charset=ISO-8859-15"
b55d3e86-84c0-4f0e-9990-13019274c0ae,4cd99cff-e847-42f5-a8ea-ff420aa4a049,false,"[Regression] JSON mismatch for matchId=b55d3e86-84c0-4f0e-9990-13019274c0ae
Expected: {""firstName"":""Борис"",""age"":42,""address"":{""number"":0,""street"":""Baker Street"",""postcode"":""630099"",""city"":""Новосибирск"",""country"":""Россия""},""insurance"":true,""cars"":[{""brand"":""Tesla"",""model"":""Corolla"",""maxSpeedKmH"":180.5}]}
Actual:   {""firstName"":""Борис"",""age"":42,""address"":{""number"":0,""street"":""Baker Street"",""postcode"":""630099"",""city"":""Новосибирск"",""country"":""Россия""},""insurance"":true,""cars"":[{""brand"":""Tesla"",""model"":""Corolla"",""maxSpeedKmH"":180.5}],""randomBoolean1"":true}"
b55d3e86-84c0-4f0e-9990-13019274c0ae,ecbcbf53-3654-4946-9697-e486fb00bfd1,false,"[Regression] JSON mismatch for matchId=b55d3e86-84c0-4f0e-9990-13019274c0ae
Expected: {""firstName"":""Борис"",""age"":42,""address"":{""number"":0,""street"":""Baker Street"",""postcode"":""630099"",""city"":""Новосибирск"",""country"":""Россия""},""insurance"":true,""cars"":[{""brand"":""Tesla"",""model"":""Corolla"",""maxSpeedKmH"":180.5}]}
Actual:   {""firstName"":""Бори/,с"",""age"":42,""address"":{""number"":0,""street"":""Baker Street"",""postcode"":""630099"",""city"":""Новосибирск"",""country"":""Россия""},""insurance"":true,""cars"":[{""brand"":""Tesla"",""model"":""Corolla"",""maxSpeedKmH"":180.5}]}"
b55d3e86-84c0-4f0e-9990-13019274c0ae,7b75f17d-05e6-4376-8057-d662afdb672f,false,"[Regression] JSON mismatch for matchId=b55d3e86-84c0-4f0e-9990-13019274c0ae
Expected: {""firstName"":""Борис"",""age"":42,""address"":{""number"":0,""street"":""Baker Street"",""postcode"":""630099"",""city"":""Новосибирск"",""country"":""Россия""},""insurance"":true,""cars"":[{""brand"":""Tesla"",""model"":""Corolla"",""maxSpeedKmH"":180.5}]}
Actual:   {""firstName"":""Борис"",""age"":-241395,""address"":{""number"":0,""street"":""Baker Street"",""postcode"":""630099"",""city"":""Новосибирск"",""country"":""Россия""},""insurance"":true,""cars"":[{""brand"":""Tesla"",""model"":""Corolla"",""maxSpeedKmH"":180.5}]}"
b55d3e86-84c0-4f0e-9990-13019274c0ae,c9d35f2d-7262-44d6-a128-ee8ac13e1d1c,false,"[Regression] JSON mismatch for matchId=b55d3e86-84c0-4f0e-9990-13019274c0ae
Expected: {""firstName"":""Борис"",""age"":42,""address"":{""number"":0,""street"":""Baker Street"",""postcode"":""630099"",""city"":""Новосибирск"",""country"":""Россия""},""insurance"":true,""cars"":[{""brand"":""Tesla"",""model"":""Corolla"",""maxSpeedKmH"":180.5}]}
Actual:   {""firstName"":""Борис"",""age"":42,""address"":{""number"":0,""postcode"":""630099"",""country"":""Россия""},""insurance"":true,""cars"":[{""brand"":""Tesla"",""model"":""Corolla"",""maxSpeedKmH"":180.5}]}"
b55d3e86-84c0-4f0e-9990-13019274c0ae,ca8ea63e-8d25-48f1-acd3-256b454bc6ad,false,"[Regression] JSON mismatch for matchId=b55d3e86-84c0-4f0e-9990-13019274c0ae
Expected: {""firstName"":""Борис"",""age"":42,""address"":{""number"":0,""street"":""Baker Street"",""postcode"":""630099"",""city"":""Новосибирск"",""country"":""Россия""},""insurance"":true,""cars"":[{""brand"":""Tesla"",""model"":""Corolla"",""maxSpeedKmH"":180.5}]}
Actual:   {""firstName"":""Борис"",""age"":42,""address"":{""number"":-618785,""street"":""Baker Street"",""postcode"":""630099"",""city"":""Новосибирск"",""country"":""Россия""},""insurance"":true,""cars"":[{""brand"":""Tesla"",""model"":""Corolla"",""maxSpeedKmH"":180.5}]}"
b55d3e86-84c0-4f0e-9990-13019274c0ae,a36413b4-97f1-4756-a148-3171bb623baa,false,"[Regression] JSON mismatch for matchId=b55d3e86-84c0-4f0e-9990-13019274c0ae
Expected: {""firstName"":""Борис"",""age"":42,""address"":{""number"":0,""street"":""Baker Street"",""postcode"":""630099"",""city"":""Новосибирск"",""country"":""Россия""},""insurance"":true,""cars"":[{""brand"":""Tesla"",""model"":""Corolla"",""maxSpeedKmH"":180.5}]}
Actual:   {""firstName"":""Борис"",""age"":42,""address"":{""number"":0,""street"":""k"",""postcode"":""630099"",""city"":""Новосибирск"",""country"":""Россия""},""insurance"":true,""cars"":[{""brand"":""Tesla"",""model"":""Corolla"",""maxSpeedKmH"":180.5}]}"
b55d3e86-84c0-4f0e-9990-13019274c0ae,b6616e75-c5c7-4689-a59d-364b34686318,false,"[Regression] JSON mismatch for matchId=b55d3e86-84c0-4f0e-9990-13019274c0ae
Expected: {""firstName"":""Борис"",""age"":42,""address"":{""number"":0,""street"":""Baker Street"",""postcode"":""630099"",""city"":""Новосибирск"",""country"":""Россия""},""insurance"":true,""cars"":[{""brand"":""Tesla"",""model"":""Corolla"",""maxSpeedKmH"":180.5}]}
Actual:   {""firstName"":""Борис"",""age"":42,""address"":{""number"":0,""street"":""Baker Street"",""postcode"":{},""city"":""Новосибирск"",""country"":""Россия""},""insurance"":true,""cars"":[{""brand"":""Tesla"",""model"":""Corolla"",""maxSpeedKmH"":180.5}]}"
b55d3e86-84c0-4f0e-9990-13019274c0ae,5b71904f-6e3c-4744-bbcf-f3be500544cb,false,"[Regression] JSON mismatch for matchId=b55d3e86-84c0-4f0e-9990-13019274c0ae
Expected: {""firstName"":""Борис"",""age"":42,""address"":{""number"":0,""street"":""Baker Street"",""postcode"":""630099"",""city"":""Новосибирск"",""country"":""Россия""},""insurance"":true,""cars"":[{""brand"":""Tesla"",""model"":""Corolla"",""maxSpeedKmH"":180.5}]}
Actual:   {""firstName"":""Борис"",""age"":42,""address"":{""number"":0,""street"":""Baker Street"",""postcode"":""630099"",""city"":null,""country"":""Россия""},""insurance"":true,""cars"":[{""brand"":""Tesla"",""model"":""Corolla"",""maxSpeedKmH"":180.5}]}"
b55d3e86-84c0-4f0e-9990-13019274c0ae,660848ac-4b7c-4ed6-b912-9e78a6f9d7d6,false,"[Regression] JSON mismatch for matchId=b55d3e86-84c0-4f0e-9990-13019274c0ae
Expected: {""firstName"":""Борис"",""age"":42,""address"":{""number"":0,""street"":""Baker Street"",""postcode"":""630099"",""city"":""Новосибирск"",""country"":""Россия""},""insurance"":true,""cars"":[{""brand"":""Tesla"",""model"":""Corolla"",""maxSpeedKmH"":180.5}]}
Actual:   {""firstName"":""Борис"",""age"":42,""address"":{""number"":0,""street"":""Baker Street"",""postcode"":""630099"",""city"":""Новосибирск"",""country"":null},""insurance"":true,""cars"":[{""brand"":""Tesla"",""model"":""Corolla"",""maxSpeedKmH"":180.5}]}"
b55d3e86-84c0-4f0e-9990-13019274c0ae,65791d2c-0371-4811-9e18-9dc9189f0293,false,"[Regression] JSON mismatch for matchId=b55d3e86-84c0-4f0e-9990-13019274c0ae
Expected: {""firstName"":""Борис"",""age"":42,""address"":{""number"":0,""street"":""Baker Street"",""postcode"":""630099"",""city"":""Новосибирск"",""country"":""Россия""},""insurance"":true,""cars"":[{""brand"":""Tesla"",""model"":""Corolla"",""maxSpeedKmH"":180.5}]}
Actual:   {""firstName"":""Борис"",""age"":42,""address"":{""number"":0,""street"":""Baker Street"",""postcode"":""630099"",""city"":""Новосибирск"",""country"":""Россия""},""insurance"":null,""cars"":[{""brand"":""Tesla"",""model"":""Corolla"",""maxSpeedKmH"":180.5}]}"
b55d3e86-84c0-4f0e-9990-13019274c0ae,4b7ba186-badc-4d66-9577-d09f77bacc5b,false,"[Regression] JSON mismatch for matchId=b55d3e86-84c0-4f0e-9990-13019274c0ae
Expected: {""firstName"":""Борис"",""age"":42,""address"":{""number"":0,""street"":""Baker Street"",""postcode"":""630099"",""city"":""Новосибирск"",""country"":""Россия""},""insurance"":true,""cars"":[{""brand"":""Tesla"",""model"":""Corolla"",""maxSpeedKmH"":180.5}]}
Actual:   {""firstName"":""Борис"",""age"":42,""address"":{""number"":0,""street"":""Baker Street"",""postcode"":""630099"",""city"":""Новосибирск"",""country"":""Россия""},""insurance"":true,""cars"":[]}"
b55d3e86-84c0-4f0e-9990-13019274c0ae,947273c4-74cb-44f7-aa90-b76cadd9fcf5,false,"[Regression] JSON mismatch for matchId=b55d3e86-84c0-4f0e-9990-13019274c0ae
Expected: {""firstName"":""Борис"",""age"":42,""address"":{""number"":0,""street"":""Baker Street"",""postcode"":""630099"",""city"":""Новосибирск"",""country"":""Россия""},""insurance"":true,""cars"":[{""brand"":""Tesla"",""model"":""Corolla"",""maxSpeedKmH"":180.5}]}
Actual:   {""firstName"":""Борис"",""age"":42,""address"":{""number"":0,""street"":""Baker Street"",""postcode"":""630099"",""city"":""Новосибирск"",""country"":""Россия""},""insurance"":true,""cars"":[null]}"
b55d3e86-84c0-4f0e-9990-13019274c0ae,3d24bb6e-6896-40b7-b41b-de45c6eb4270,false,"[Regression] JSON mismatch for matchId=b55d3e86-84c0-4f0e-9990-13019274c0ae
Expected: {""firstName"":""Борис"",""age"":42,""address"":{""number"":0,""street"":""Baker Street"",""postcode"":""630099"",""city"":""Новосибирск"",""country"":""Россия""},""insurance"":true,""cars"":[{""brand"":""Tesla"",""model"":""Corolla"",""maxSpeedKmH"":180.5}]}
Actual:   {""firstName"":""Борис"",""age"":42,""address"":{""number"":0,""street"":""Baker Street"",""postcode"":""630099"",""city"":""Новосибирск"",""country"":""Россия""},""insurance"":true,""cars"":[{""brand"":null,""model"":""Corolla"",""maxSpeedKmH"":180.5}]}"
b55d3e86-84c0-4f0e-9990-13019274c0ae,bd3ec8b7-f035-40c3-949e-54fb5fd1c9b5,false,"[Regression] JSON mismatch for matchId=b55d3e86-84c0-4f0e-9990-13019274c0ae
Expected: {""firstName"":""Борис"",""age"":42,""address"":{""number"":0,""street"":""Baker Street"",""postcode"":""630099"",""city"":""Новосибирск"",""country"":""Россия""},""insurance"":true,""cars"":[{""brand"":""Tesla"",""model"":""Corolla"",""maxSpeedKmH"":180.5}]}
Actual:   {""firstName"":""Борис"",""age"":42,""address"":{""number"":0,""street"":""Baker Street"",""postcode"":""630099"",""city"":""Новосибирск"",""country"":""Россия""},""insurance"":true,""cars"":[{""brand"":""Tesla"",""model"":""g~[vP_l{_"",""maxSpeedKmH"":180.5}]}"
b55d3e86-84c0-4f0e-9990-13019274c0ae,ba0a19be-fe9d-4b70-bd1e-df3ea4393b1a,false,"[Regression] JSON mismatch for matchId=b55d3e86-84c0-4f0e-9990-13019274c0ae
Expected: {""firstName"":""Борис"",""age"":42,""address"":{""number"":0,""street"":""Baker Street"",""postcode"":""630099"",""city"":""Новосибирск"",""country"":""Россия""},""insurance"":true,""cars"":[{""brand"":""Tesla"",""model"":""Corolla"",""maxSpeedKmH"":180.5}]}
Actual:   {""firstName"":""Борис"",""age"":42,""address"":{""number"":0,""street"":""Baker Street"",""postcode"":""630099"",""city"":""Новосибирск"",""country"":""Россия""},""insurance"":true,""cars"":[{""brand"":""Tesla"",""model"":""Corolla"",""maxSpeedKmH"":null}]}"
592f5a34-ef47-400b-be30-9247d8932d27,81e20875-1ea0-4191-97eb-9b899780d7fc,false,"[Regression] Status code mismatch for matchId=592f5a34-ef47-400b-be30-9247d8932d27
   Expected: 201
   Actual:   200"
592f5a34-ef47-400b-be30-9247d8932d27,3b2af7c8-cf86-4875-8361-c02a7f6c6a4d,false,"[Regression] Header size mismatch for matchId=592f5a34-ef47-400b-be30-9247d8932d27
   Expected: {transfer-encoding=chunked, content-type=application/json}
   Actual:   {transfer-encoding=chunked}"
592f5a34-ef47-400b-be30-9247d8932d27,e21e7a16-ad97-48df-b765-8b8790f0dbb9,false,"[Regression] Header value (content-type) mismatch for matchId=592f5a34-ef47-400b-be30-9247d8932d27
   Expected: application/json
   Actual:   application/json; charset=utf16"
592f5a34-ef47-400b-be30-9247d8932d27,762fc89f-f729-4fb1-9fc0-9158d28ffe23,false,"[Regression] JSON mismatch for matchId=592f5a34-ef47-400b-be30-9247d8932d27
Expected: {""firstName"":""Alice"",""lastName"":""Smith"",""age"":0,""address"":{""number"":221,""street"":null,""postcode"":""94107"",""city"":null,""country"":""Spain""},""insurance"":true,""cars"":[{""brand"":null,""model"":""Corolla"",""maxSpeedKmH"":135.75}]}
Actual:   {""firstName"":""Alice"",""lastName"":""Smith"",""address"":{""number"":221,""street"":null,""postcode"":""94107"",""city"":null,""country"":""Spain""},""insurance"":true,""cars"":[{""brand"":null,""model"":""Corolla"",""maxSpeedKmH"":135.75}]}"
592f5a34-ef47-400b-be30-9247d8932d27,3bb81e88-6245-417d-91f2-8253f455200b,false,"[Regression] JSON mismatch for matchId=592f5a34-ef47-400b-be30-9247d8932d27
Expected: {""firstName"":""Alice"",""lastName"":""Smith"",""age"":0,""address"":{""number"":221,""street"":null,""postcode"":""94107"",""city"":null,""country"":""Spain""},""insurance"":true,""cars"":[{""brand"":null,""model"":""Corolla"",""maxSpeedKmH"":135.75}]}
Actual:   {""firstName"":null,""lastName"":""Smith"",""age"":0,""address"":{""number"":221,""street"":null,""postcode"":""94107"",""city"":null,""country"":""Spain""},""insurance"":true,""cars"":[{""brand"":null,""model"":""Corolla"",""maxSpeedKmH"":135.75}]}"
592f5a34-ef47-400b-be30-9247d8932d27,f63723c8-96d6-4044-b990-50328ac96f6e,false,"[Regression] JSON mismatch for matchId=592f5a34-ef47-400b-be30-9247d8932d27
Expected: {""firstName"":""Alice"",""lastName"":""Smith"",""age"":0,""address"":{""number"":221,""street"":null,""postcode"":""94107"",""city"":null,""country"":""Spain""},""insurance"":true,""cars"":[{""brand"":null,""model"":""Corolla"",""maxSpeedKmH"":135.75}]}
Actual:   {""firstName"":""Alice"",""lastName"":null,""age"":0,""address"":{""number"":221,""street"":null,""postcode"":""94107"",""city"":null,""country"":""Spain""},""insurance"":true,""cars"":[{""brand"":null,""model"":""Corolla"",""maxSpeedKmH"":135.75}]}"
592f5a34-ef47-400b-be30-9247d8932d27,66eb5185-3513-4e98-8fc5-b788e855d271,false,"[Regression] JSON mismatch for matchId=592f5a34-ef47-400b-be30-9247d8932d27
Expected: {""firstName"":""Alice"",""lastName"":""Smith"",""age"":0,""address"":{""number"":221,""street"":null,""postcode"":""94107"",""city"":null,""country"":""Spain""},""insurance"":true,""cars"":[{""brand"":null,""model"":""Corolla"",""maxSpeedKmH"":135.75}]}
Actual:   {""firstName"":""Alice"",""lastName"":""Smith"",""age"":-289976.8137227148,""address"":{""number"":221,""street"":null,""postcode"":""94107"",""city"":null,""country"":""Spain""},""insurance"":true,""cars"":[{""brand"":null,""model"":""Corolla"",""maxSpeedKmH"":135.75}]}"
592f5a34-ef47-400b-be30-9247d8932d27,dfc7dd10-1419-4dc3-909c-da52ac710c60,false,"[Regression] JSON mismatch for matchId=592f5a34-ef47-400b-be30-9247d8932d27
Expected: {""firstName"":""Alice"",""lastName"":""Smith"",""age"":0,""address"":{""number"":221,""street"":null,""postcode"":""94107"",""city"":null,""country"":""Spain""},""insurance"":true,""cars"":[{""brand"":null,""model"":""Corolla"",""maxSpeedKmH"":135.75}]}
Actual:   {""firstName"":""Alice"",""lastName"":""Smith"",""age"":0,""address"":null,""insurance"":true,""cars"":[{""brand"":null,""model"":""Corolla"",""maxSpeedKmH"":135.75}]}"
592f5a34-ef47-400b-be30-9247d8932d27,d1106c52-d4b2-4ea4-ae16-b0ac7ff6e529,false,"[Regression] JSON mismatch for matchId=592f5a34-ef47-400b-be30-9247d8932d27
Expected: {""firstName"":""Alice"",""lastName"":""Smith"",""age"":0,""address"":{""number"":221,""street"":null,""postcode"":""94107"",""city"":null,""country"":""Spain""},""insurance"":true,""cars"":[{""brand"":null,""model"":""Corolla"",""maxSpeedKmH"":135.75}]}
Actual:   {""firstName"":""Alice"",""lastName"":""Smith"",""age"":0,""address"":{""number"":null,""street"":null,""postcode"":""94107"",""city"":null,""country"":""Spain""},""insurance"":true,""cars"":[{""brand"":null,""model"":""Corolla"",""maxSpeedKmH"":135.75}]}"
592f5a34-ef47-400b-be30-9247d8932d27,1d70558c-e103-4951-adb7-c9683416d502,false,"[Regression] JSON mismatch for matchId=592f5a34-ef47-400b-be30-9247d8932d27
Expected: {""firstName"":""Alice"",""lastName"":""Smith"",""age"":0,""address"":{""number"":221,""street"":null,""postcode"":""94107"",""city"":null,""country"":""Spain""},""insurance"":true,""cars"":[{""brand"":null,""model"":""Corolla"",""maxSpeedKmH"":135.75}]}
Actual:   {""firstName"":""Alice"",""lastName"":""Smith"",""age"":0,""address"":{""number"":221,""street"":-289976.8137227148,""postcode"":""94107"",""city"":null,""country"":""Spain""},""insurance"":true,""cars"":[{""brand"":null,""model"":""Corolla"",""maxSpeedKmH"":135.75}]}"
592f5a34-ef47-400b-be30-9247d8932d27,4dbbcfa4-4d1c-45bc-b4c7-125b8ff857cc,false,"[Regression] JSON mismatch for matchId=592f5a34-ef47-400b-be30-9247d8932d27
Expected: {""firstName"":""Alice"",""lastName"":""Smith"",""age"":0,""address"":{""number"":221,""street"":null,""postcode"":""94107"",""city"":null,""country"":""Spain""},""insurance"":true,""cars"":[{""brand"":null,""model"":""Corolla"",""maxSpeedKmH"":135.75}]}
Actual:   {""firstName"":""Alice"",""lastName"":""Smith"",""age"":0,""address"":{""number"":221,""street"":null,""postcode"":{},""city"":null,""country"":""Spain""},""insurance"":true,""cars"":[{""brand"":null,""model"":""Corolla"",""maxSpeedKmH"":135.75}]}"
592f5a34-ef47-400b-be30-9247d8932d27,17bbcb75-9232-49ca-8d33-2c2e51f7f2a9,false,"[Regression] JSON mismatch for matchId=592f5a34-ef47-400b-be30-9247d8932d27
Expected: {""firstName"":""Alice"",""lastName"":""Smith"",""age"":0,""address"":{""number"":221,""street"":null,""postcode"":""94107"",""city"":null,""country"":""Spain""},""insurance"":true,""cars"":[{""brand"":null,""model"":""Corolla"",""maxSpeedKmH"":135.75}]}
Actual:   {""firstName"":""Alice"",""lastName"":""Smith"",""age"":0,""address"":{""number"":221,""street"":null,""postcode"":""94107"",""city"":{},""country"":""Spain""},""insurance"":true,""cars"":[{""brand"":null,""model"":""Corolla"",""maxSpeedKmH"":135.75}]}"
592f5a34-ef47-400b-be30-9247d8932d27,5b978e13-145b-4d26-8d40-f8142d5ca016,false,"[Regression] JSON mismatch for matchId=592f5a34-ef47-400b-be30-9247d8932d27
Expected: {""firstName"":""Alice"",""lastName"":""Smith"",""age"":0,""address"":{""number"":221,""street"":null,""postcode"":""94107"",""city"":null,""country"":""Spain""},""insurance"":true,""cars"":[{""brand"":null,""model"":""Corolla"",""maxSpeedKmH"":135.75}]}
Actual:   {""firstName"":""Alice"",""lastName"":""Smith"",""age"":0,""address"":{""number"":221,""street"":null,""postcode"":""94107"",""city"":null,""country"":""EJEMPLO MAYUS""},""insurance"":true,""cars"":[{""brand"":null,""model"":""Corolla"",""maxSpeedKmH"":135.75}]}"
592f5a34-ef47-400b-be30-9247d8932d27,bbb918c8-6017-4b5e-930d-bc074d935ef2,false,"[Regression] JSON mismatch for matchId=592f5a34-ef47-400b-be30-9247d8932d27
Expected: {""firstName"":""Alice"",""lastName"":""Smith"",""age"":0,""address"":{""number"":221,""street"":null,""postcode"":""94107"",""city"":null,""country"":""Spain""},""insurance"":true,""cars"":[{""brand"":null,""model"":""Corolla"",""maxSpeedKmH"":135.75}]}
Actual:   {""firstName"":""Alice"",""lastName"":""Smith"",""age"":0,""address"":{""number"":221,""street"":null,""postcode"":""94107"",""city"":null,""country"":""Spain""},""insurance"":false,""cars"":[{""brand"":null,""model"":""Corolla"",""maxSpeedKmH"":135.75}]}"
592f5a34-ef47-400b-be30-9247d8932d27,3b5d493c-b337-4b99-91a8-69c900f5d205,false,"[Regression] JSON mismatch for matchId=592f5a34-ef47-400b-be30-9247d8932d27
Expected: {""firstName"":""Alice"",""lastName"":""Smith"",""age"":0,""address"":{""number"":221,""street"":null,""postcode"":""94107"",""city"":null,""country"":""Spain""},""insurance"":true,""cars"":[{""brand"":null,""model"":""Corolla"",""maxSpeedKmH"":135.75}]}
Actual:   {""firstName"":""Alice"",""lastName"":""Smith"",""age"":0,""address"":{""number"":221,""street"":null,""postcode"":""94107"",""city"":null,""country"":""Spain""},""insurance"":true,""cars"":null}"
592f5a34-ef47-400b-be30-9247d8932d27,40687841-1075-4986-ac18-ae12fc01cfad,false,"[Regression] JSON mismatch for matchId=592f5a34-ef47-400b-be30-9247d8932d27
Expected: {""firstName"":""Alice"",""lastName"":""Smith"",""age"":0,""address"":{""number"":221,""street"":null,""postcode"":""94107"",""city"":null,""country"":""Spain""},""insurance"":true,""cars"":[{""brand"":null,""model"":""Corolla"",""maxSpeedKmH"":135.75}]}
Actual:   {""firstName"":""Alice"",""lastName"":""Smith"",""age"":0,""address"":{""number"":221,""street"":null,""postcode"":""94107"",""city"":null,""country"":""Spain""},""insurance"":true,""cars"":[{}]}"
592f5a34-ef47-400b-be30-9247d8932d27,d8222ea8-3514-41a7-bc06-dd4e0d33a175,false,"[Regression] JSON mismatch for matchId=592f5a34-ef47-400b-be30-9247d8932d27
Expected: {""firstName"":""Alice"",""lastName"":""Smith"",""age"":0,""address"":{""number"":221,""street"":null,""postcode"":""94107"",""city"":null,""country"":""Spain""},""insurance"":true,""cars"":[{""brand"":null,""model"":""Corolla"",""maxSpeedKmH"":135.75}]}
Actual:   {""firstName"":""Alice"",""lastName"":""Smith"",""age"":0,""address"":{""number"":221,""street"":null,""postcode"":""94107"",""city"":null,""country"":""Spain""},""insurance"":true,""cars"":[{""brand"":{},""model"":""Corolla"",""maxSpeedKmH"":135.75}]}"
592f5a34-ef47-400b-be30-9247d8932d27,ebed1885-d1af-4289-800c-0c1e6e603b26,false,"[Regression] JSON mismatch for matchId=592f5a34-ef47-400b-be30-9247d8932d27
Expected: {""firstName"":""Alice"",""lastName"":""Smith"",""age"":0,""address"":{""number"":221,""street"":null,""postcode"":""94107"",""city"":null,""country"":""Spain""},""insurance"":true,""cars"":[{""brand"":null,""model"":""Corolla"",""maxSpeedKmH"":135.75}]}
Actual:   {""firstName"":""Alice"",""lastName"":""Smith"",""age"":0,""address"":{""number"":221,""street"":null,""postcode"":""94107"",""city"":null,""country"":""Spain""},""insurance"":true,""cars"":[{""brand"":null,""model"":""Corolla/*"",""maxSpeedKmH"":135.75}]}"
592f5a34-ef47-400b-be30-9247d8932d27,b75037de-8beb-459c-92f6-86fbb648fcc2,false,"[Regression] JSON mismatch for matchId=592f5a34-ef47-400b-be30-9247d8932d27
Expected: {""firstName"":""Alice"",""lastName"":""Smith"",""age"":0,""address"":{""number"":221,""street"":null,""postcode"":""94107"",""city"":null,""country"":""Spain""},""insurance"":true,""cars"":[{""brand"":null,""model"":""Corolla"",""maxSpeedKmH"":135.75}]}
Actual:   {""firstName"":""Alice"",""lastName"":""Smith"",""age"":0,""address"":{""number"":221,""street"":null,""postcode"":""94107"",""city"":null,""country"":""Spain""},""insurance"":true,""cars"":[{""brand"":null,""model"":""Corolla"",""maxSpeedKmH"":true}]}"
4fdd1e9a-53b4-4ffc-a042-1bab2fb41da5,6a85279a-6e3b-49f0-921a-8c340e3953cf,false,"[Regression] Status code mismatch for matchId=4fdd1e9a-53b4-4ffc-a042-1bab2fb41da5
   Expected: 201
   Actual:   204"
4fdd1e9a-53b4-4ffc-a042-1bab2fb41da5,b27ad75a-aed9-444e-9343-cba4141bb8f2,false,"[Regression] Header size mismatch for matchId=4fdd1e9a-53b4-4ffc-a042-1bab2fb41da5
   Expected: {transfer-encoding=chunked, content-type=application/json}
   Actual:   {transfer-encoding=chunked}"
4fdd1e9a-53b4-4ffc-a042-1bab2fb41da5,4e185276-ebc1-4116-87e9-f5500079fd3a,false,"[Regression] Header value (content-type) mismatch for matchId=4fdd1e9a-53b4-4ffc-a042-1bab2fb41da5
   Expected: application/json
   Actual:   application/json; charset=UTF-8"
4fdd1e9a-53b4-4ffc-a042-1bab2fb41da5,c912b848-2053-4bbb-8898-656d38fce141,false,"[Regression] JSON mismatch for matchId=4fdd1e9a-53b4-4ffc-a042-1bab2fb41da5
Expected: {""firstName"":""Борис"",""lastName"":""García"",""age"":42,""address"":{""number"":5,""street"":""Calle Mayor"",""postcode"":null,""city"":""Новосибирск"",""country"":""Spain""},""insurance"":true}
Actual:   {""firstName"":""Борис"",""lastName"":""García"",""age"":42,""insurance"":true}"
4fdd1e9a-53b4-4ffc-a042-1bab2fb41da5,9cda4760-e3bc-4782-abb2-9902aa82d96b,false,"[Regression] JSON mismatch for matchId=4fdd1e9a-53b4-4ffc-a042-1bab2fb41da5
Expected: {""firstName"":""Борис"",""lastName"":""García"",""age"":42,""address"":{""number"":5,""street"":""Calle Mayor"",""postcode"":null,""city"":""Новосибирск"",""country"":""Spain""},""insurance"":true}
Actual:   {""firstName"":""Бори/,с"",""lastName"":""García"",""age"":42,""address"":{""number"":5,""street"":""Calle Mayor"",""postcode"":null,""city"":""Новосибирск"",""country"":""Spain""},""insurance"":true}"
4fdd1e9a-53b4-4ffc-a042-1bab2fb41da5,33e06532-ecbc-4cb6-a202-4fbbeb0aecd1,false,"[Regression] JSON mismatch for matchId=4fdd1e9a-53b4-4ffc-a042-1bab2fb41da5
Expected: {""firstName"":""Борис"",""lastName"":""García"",""age"":42,""address"":{""number"":5,""street"":""Calle Mayor"",""postcode"":null,""city"":""Новосибирск"",""country"":""Spain""},""insurance"":true}
Actual:   {""firstName"":""Борис"",""lastName"":{},""age"":42,""address"":{""number"":5,""street"":""Calle Mayor"",""postcode"":null,""city"":""Новосибирск"",""country"":""Spain""},""insurance"":true}"
4fdd1e9a-53b4-4ffc-a042-1bab2fb41da5,3d1ccb58-e771-4954-b7e2-cfa8c2344044,false,"[Regression] JSON mismatch for matchId=4fdd1e9a-53b4-4ffc-a042-1bab2fb41da5
Expected: {""firstName"":""Борис"",""lastName"":""García"",""age"":42,""address"":{""number"":5,""street"":""Calle Mayor"",""postcode"":null,""city"":""Новосибирск"",""country"":""Spain""},""insurance"":true}
Actual:   {""firstName"":""Борис"",""lastName"":""García"",""age"":-289976.8137227148,""address"":{""number"":5,""street"":""Calle Mayor"",""postcode"":null,""city"":""Новосибирск"",""country"":""Spain""},""insurance"":true}"
4fdd1e9a-53b4-4ffc-a042-1bab2fb41da5,39ffd182-115d-44aa-88bb-cecf2c9f475d,false,"[Regression] JSON mismatch for matchId=4fdd1e9a-53b4-4ffc-a042-1bab2fb41da5
Expected: {""firstName"":""Борис"",""lastName"":""García"",""age"":42,""address"":{""number"":5,""street"":""Calle Mayor"",""postcode"":null,""city"":""Новосибирск"",""country"":""Spain""},""insurance"":true}
Actual:   {""firstName"":""Борис"",""lastName"":""García"",""age"":42,""address"":{""number"":5,""street"":""Calle Mayor"",""postcode"":null,""city"":""Новосибирск"",""country"":""Spain"",""randomBoolean1"":true,""randomObject2"":{}},""insurance"":true}"
4fdd1e9a-53b4-4ffc-a042-1bab2fb41da5,b36d9ac5-1903-4b90-bfcc-4431724eda39,false,"[Regression] JSON mismatch for matchId=4fdd1e9a-53b4-4ffc-a042-1bab2fb41da5
Expected: {""firstName"":""Борис"",""lastName"":""García"",""age"":42,""address"":{""number"":5,""street"":""Calle Mayor"",""postcode"":null,""city"":""Новосибирск"",""country"":""Spain""},""insurance"":true}
Actual:   {""firstName"":""Борис"",""lastName"":""García"",""age"":42,""address"":{""number"":null,""street"":""Calle Mayor"",""postcode"":null,""city"":""Новосибирск"",""country"":""Spain""},""insurance"":true}"
4fdd1e9a-53b4-4ffc-a042-1bab2fb41da5,8f52c92e-4edc-4d6d-8c20-1cbac6eed966,false,"[Regression] JSON mismatch for matchId=4fdd1e9a-53b4-4ffc-a042-1bab2fb41da5
Expected: {""firstName"":""Борис"",""lastName"":""García"",""age"":42,""address"":{""number"":5,""street"":""Calle Mayor"",""postcode"":null,""city"":""Новосибирск"",""country"":""Spain""},""insurance"":true}
Actual:   {""firstName"":""Борис"",""lastName"":""García"",""age"":42,""address"":{""number"":5,""street"":""\""</d*dX"",""postcode"":null,""city"":""Новосибирск"",""country"":""Spain""},""insurance"":true}"
4fdd1e9a-53b4-4ffc-a042-1bab2fb41da5,c05c426e-ca84-423d-a5c0-efbf2ea3a4c1,false,"[Regression] JSON mismatch for matchId=4fdd1e9a-53b4-4ffc-a042-1bab2fb41da5
Expected: {""firstName"":""Борис"",""lastName"":""García"",""age"":42,""address"":{""number"":5,""street"":""Calle Mayor"",""postcode"":null,""city"":""Новосибирск"",""country"":""Spain""},""insurance"":true}
Actual:   {""firstName"":""Борис"",""lastName"":""García"",""age"":42,""address"":{""number"":5,""street"":""Calle Mayor"",""postcode"":-289976.8137227148,""city"":""Новосибирск"",""country"":""Spain""},""insurance"":true}"
4fdd1e9a-53b4-4ffc-a042-1bab2fb41da5,13559d0d-ad58-4c7d-9c2a-f9e697ceb3d0,false,"[Regression] JSON mismatch for matchId=4fdd1e9a-53b4-4ffc-a042-1bab2fb41da5
Expected: {""firstName"":""Борис"",""lastName"":""García"",""age"":42,""address"":{""number"":5,""street"":""Calle Mayor"",""postcode"":null,""city"":""Новосибирск"",""country"":""Spain""},""insurance"":true}
Actual:   {""firstName"":""Борис"",""lastName"":""García"",""age"":42,""address"":{""number"":5,""street"":""Calle Mayor"",""postcode"":null,""city"":""EJEMPLO MAYUS"",""country"":""Spain""},""insurance"":true}"
4fdd1e9a-53b4-4ffc-a042-1bab2fb41da5,22b1bb97-b86f-4c03-88a2-c1129b440bf3,false,"[Regression] JSON mismatch for matchId=4fdd1e9a-53b4-4ffc-a042-1bab2fb41da5
Expected: {""firstName"":""Борис"",""lastName"":""García"",""age"":42,""address"":{""number"":5,""street"":""Calle Mayor"",""postcode"":null,""city"":""Новосибирск"",""country"":""Spain""},""insurance"":true}
Actual:   {""firstName"":""Борис"",""lastName"":""García"",""age"":42,""address"":{""number"":5,""street"":""Calle Mayor"",""postcode"":null,""city"":""Новосибирск"",""country"":""Spai/*n""},""insurance"":true}"
4fdd1e9a-53b4-4ffc-a042-1bab2fb41da5,97e41171-9e84-4379-800f-a68deb8856b2,false,"[Regression] JSON mismatch for matchId=4fdd1e9a-53b4-4ffc-a042-1bab2fb41da5
Expected: {""firstName"":""Борис"",""lastName"":""García"",""age"":42,""address"":{""number"":5,""street"":""Calle Mayor"",""postcode"":null,""city"":""Новосибирск"",""country"":""Spain""},""insurance"":true}
Actual:   {""firstName"":""Борис"",""lastName"":""García"",""age"":42,""address"":{""number"":5,""street"":""Calle Mayor"",""postcode"":null,""city"":""Новосибирск"",""country"":""Spain""},""insurance"":false}"
49e8fbdc-1c01-47e6-acb0-acd49ec215e6,ff0a9147-45be-47e0-bda2-a39d36d60aa9,false,"[Regression] Status code mismatch for matchId=49e8fbdc-1c01-47e6-acb0-acd49ec215e6
   Expected: 201
   Actual:   504"
49e8fbdc-1c01-47e6-acb0-acd49ec215e6,aecb992b-b08a-4826-ae95-53804a240996,false,"[Regression] Header size mismatch for matchId=49e8fbdc-1c01-47e6-acb0-acd49ec215e6
   Expected: {transfer-encoding=chunked, content-type=application/json}
   Actual:   {transfer-encoding=chunked}"
49e8fbdc-1c01-47e6-acb0-acd49ec215e6,918679b0-4c63-4650-93e3-7bbdbaada2cf,false,"[Regression] Header value (content-type) mismatch for matchId=49e8fbdc-1c01-47e6-acb0-acd49ec215e6
   Expected: application/json
   Actual:   application/json; charset=latin9"
49e8fbdc-1c01-47e6-acb0-acd49ec215e6,92727e25-a2a8-4cb8-a565-169239df96be,false,"[Regression] JSON mismatch for matchId=49e8fbdc-1c01-47e6-acb0-acd49ec215e6
Expected: {""firstName"":""Борис"",""lastName"":""García"",""age"":0,""address"":{""number"":10,""street"":null,""postcode"":""630099"",""city"":""San Francisco"",""country"":""USA""},""cars"":[{""brand"":""Toyota"",""model"":""Model 3"",""maxSpeedKmH"":null}]}
Actual:   {""firstName"":""Борис"",""age"":0,""address"":{""number"":10,""street"":null,""postcode"":""630099"",""city"":""San Francisco"",""country"":""USA""},""cars"":[{""brand"":""Toyota"",""model"":""Model 3"",""maxSpeedKmH"":null}]}"
49e8fbdc-1c01-47e6-acb0-acd49ec215e6,ebba58b9-ae2a-40db-a36e-4bc21991c3cd,false,"[Regression] JSON mismatch for matchId=49e8fbdc-1c01-47e6-acb0-acd49ec215e6
Expected: {""firstName"":""Борис"",""lastName"":""García"",""age"":0,""address"":{""number"":10,""street"":null,""postcode"":""630099"",""city"":""San Francisco"",""country"":""USA""},""cars"":[{""brand"":""Toyota"",""model"":""Model 3"",""maxSpeedKmH"":null}]}
Actual:   {""firstName"":-289976.8137227148,""lastName"":""García"",""age"":0,""address"":{""number"":10,""street"":null,""postcode"":""630099"",""city"":""San Francisco"",""country"":""USA""},""cars"":[{""brand"":""Toyota"",""model"":""Model 3"",""maxSpeedKmH"":null}]}"
49e8fbdc-1c01-47e6-acb0-acd49ec215e6,0016c039-f8bf-4929-9805-89aadb86f11c,false,"[Regression] JSON mismatch for matchId=49e8fbdc-1c01-47e6-acb0-acd49ec215e6
Expected: {""firstName"":""Борис"",""lastName"":""García"",""age"":0,""address"":{""number"":10,""street"":null,""postcode"":""630099"",""city"":""San Francisco"",""country"":""USA""},""cars"":[{""brand"":""Toyota"",""model"":""Model 3"",""maxSpeedKmH"":null}]}
Actual:   {""firstName"":""Борис"",""lastName"":"")rH8`L"",""age"":0,""address"":{""number"":10,""street"":null,""postcode"":""630099"",""city"":""San Francisco"",""country"":""USA""},""cars"":[{""brand"":""Toyota"",""model"":""Model 3"",""maxSpeedKmH"":null}]}"
49e8fbdc-1c01-47e6-acb0-acd49ec215e6,9fd0a44c-8078-42c6-8969-97db168b7fda,false,"[Regression] JSON mismatch for matchId=49e8fbdc-1c01-47e6-acb0-acd49ec215e6
Expected: {""firstName"":""Борис"",""lastName"":""García"",""age"":0,""address"":{""number"":10,""street"":null,""postcode"":""630099"",""city"":""San Francisco"",""country"":""USA""},""cars"":[{""brand"":""Toyota"",""model"":""Model 3"",""maxSpeedKmH"":null}]}
Actual:   {""firstName"":""Борис"",""lastName"":""García"",""age"":-241395,""address"":{""number"":10,""street"":null,""postcode"":""630099"",""city"":""San Francisco"",""country"":""USA""},""cars"":[{""brand"":""Toyota"",""model"":""Model 3"",""maxSpeedKmH"":null}]}"
49e8fbdc-1c01-47e6-acb0-acd49ec215e6,3a94d40c-1d75-487a-ba7d-a6f5c85f893f,false,"[Regression] JSON mismatch for matchId=49e8fbdc-1c01-47e6-acb0-acd49ec215e6
Expected: {""firstName"":""Борис"",""lastName"":""García"",""age"":0,""address"":{""number"":10,""street"":null,""postcode"":""630099"",""city"":""San Francisco"",""country"":""USA""},""cars"":[{""brand"":""Toyota"",""model"":""Model 3"",""maxSpeedKmH"":null}]}
Actual:   {""firstName"":""Борис"",""lastName"":""García"",""age"":0,""address"":{""number"":10,""postcode"":""630099"",""country"":""USA""},""cars"":[{""brand"":""Toyota"",""model"":""Model 3"",""maxSpeedKmH"":null}]}"
49e8fbdc-1c01-47e6-acb0-acd49ec215e6,3a373e82-32bf-49b7-b523-a8c8af97e6de,false,"[Regression] JSON mismatch for matchId=49e8fbdc-1c01-47e6-acb0-acd49ec215e6
Expected: {""firstName"":""Борис"",""lastName"":""García"",""age"":0,""address"":{""number"":10,""street"":null,""postcode"":""630099"",""city"":""San Francisco"",""country"":""USA""},""cars"":[{""brand"":""Toyota"",""model"":""Model 3"",""maxSpeedKmH"":null}]}
Actual:   {""firstName"":""Борис"",""lastName"":""García"",""age"":0,""address"":{""number"":{},""street"":null,""postcode"":""630099"",""city"":""San Francisco"",""country"":""USA""},""cars"":[{""brand"":""Toyota"",""model"":""Model 3"",""maxSpeedKmH"":null}]}"
49e8fbdc-1c01-47e6-acb0-acd49ec215e6,464e75ac-1d26-435e-a60f-9c8c2e03bbfd,false,"[Regression] JSON mismatch for matchId=49e8fbdc-1c01-47e6-acb0-acd49ec215e6
Expected: {""firstName"":""Борис"",""lastName"":""García"",""age"":0,""address"":{""number"":10,""street"":null,""postcode"":""630099"",""city"":""San Francisco"",""country"":""USA""},""cars"":[{""brand"":""Toyota"",""model"":""Model 3"",""maxSpeedKmH"":null}]}
Actual:   {""firstName"":""Борис"",""lastName"":""García"",""age"":0,""address"":{""number"":10,""street"":-289976.8137227148,""postcode"":""630099"",""city"":""San Francisco"",""country"":""USA""},""cars"":[{""brand"":""Toyota"",""model"":""Model 3"",""maxSpeedKmH"":null}]}"
49e8fbdc-1c01-47e6-acb0-acd49ec215e6,94598efe-889b-48cf-8ee7-73032ea3ad94,false,"[Regression] JSON mismatch for matchId=49e8fbdc-1c01-47e6-acb0-acd49ec215e6
Expected: {""firstName"":""Борис"",""lastName"":""García"",""age"":0,""address"":{""number"":10,""street"":null,""postcode"":""630099"",""city"":""San Francisco"",""country"":""USA""},""cars"":[{""brand"":""Toyota"",""model"":""Model 3"",""maxSpeedKmH"":null}]}
Actual:   {""firstName"":""Борис"",""lastName"":""García"",""age"":0,""address"":{""number"":10,""street"":null,""postcode"":""-B"",""city"":""San Francisco"",""country"":""USA""},""cars"":[{""brand"":""Toyota"",""model"":""Model 3"",""maxSpeedKmH"":null}]}"
49e8fbdc-1c01-47e6-acb0-acd49ec215e6,a6fabb5a-1589-4b85-8a12-65e24b629392,false,"[Regression] JSON mismatch for matchId=49e8fbdc-1c01-47e6-acb0-acd49ec215e6
Expected: {""firstName"":""Борис"",""lastName"":""García"",""age"":0,""address"":{""number"":10,""street"":null,""postcode"":""630099"",""city"":""San Francisco"",""country"":""USA""},""cars"":[{""brand"":""Toyota"",""model"":""Model 3"",""maxSpeedKmH"":null}]}
Actual:   {""firstName"":""Борис"",""lastName"":""García"",""age"":0,""address"":{""number"":10,""street"":null,""postcode"":""630099"",""city"":null,""country"":""USA""},""cars"":[{""brand"":""Toyota"",""model"":""Model 3"",""maxSpeedKmH"":null}]}"
49e8fbdc-1c01-47e6-acb0-acd49ec215e6,09fcda62-9a2e-422e-b446-14ea731e0148,false,"[Regression] JSON mismatch for matchId=49e8fbdc-1c01-47e6-acb0-acd49ec215e6
Expected: {""firstName"":""Борис"",""lastName"":""García"",""age"":0,""address"":{""number"":10,""street"":null,""postcode"":""630099"",""city"":""San Francisco"",""country"":""USA""},""cars"":[{""brand"":""Toyota"",""model"":""Model 3"",""maxSpeedKmH"":null}]}
Actual:   {""firstName"":""Борис"",""lastName"":""García"",""age"":0,""address"":{""number"":10,""street"":null,""postcode"":""630099"",""city"":""San Francisco"",""country"":""M%X""},""cars"":[{""brand"":""Toyota"",""model"":""Model 3"",""maxSpeedKmH"":null}]}"
49e8fbdc-1c01-47e6-acb0-acd49ec215e6,232d5976-c4be-4ce3-82f7-80f85b49f899,false,"[Regression] JSON mismatch for matchId=49e8fbdc-1c01-47e6-acb0-acd49ec215e6
Expected: {""firstName"":""Борис"",""lastName"":""García"",""age"":0,""address"":{""number"":10,""street"":null,""postcode"":""630099"",""city"":""San Francisco"",""country"":""USA""},""cars"":[{""brand"":""Toyota"",""model"":""Model 3"",""maxSpeedKmH"":null}]}
Actual:   {""firstName"":""Борис"",""lastName"":""García"",""age"":0,""address"":{""number"":10,""street"":null,""postcode"":""630099"",""city"":""San Francisco"",""country"":""USA""},""cars"":-289976.8137227148}"
49e8fbdc-1c01-47e6-acb0-acd49ec215e6,cd6e4f5a-57c2-4cc3-871f-cfbf43ddef8a,false,"[Regression] JSON mismatch for matchId=49e8fbdc-1c01-47e6-acb0-acd49ec215e6
Expected: {""firstName"":""Борис"",""lastName"":""García"",""age"":0,""address"":{""number"":10,""street"":null,""postcode"":""630099"",""city"":""San Francisco"",""country"":""USA""},""cars"":[{""brand"":""Toyota"",""model"":""Model 3"",""maxSpeedKmH"":null}]}
Actual:   {""firstName"":""Борис"",""lastName"":""García"",""age"":0,""address"":{""number"":10,""street"":null,""postcode"":""630099"",""city"":""San Francisco"",""country"":""USA""},""cars"":[{""brand"":""Toyota"",""model"":""Model 3"",""maxSpeedKmH"":null,""randomObject1"":{},""randomLong2"":-627465,""randomArray3"":[],""randomObject4"":{}}]}"
49e8fbdc-1c01-47e6-acb0-acd49ec215e6,f8c75eef-bc5e-40d7-9821-a895fbe4e6c6,false,"[Regression] JSON mismatch for matchId=49e8fbdc-1c01-47e6-acb0-acd49ec215e6
Expected: {""firstName"":""Борис"",""lastName"":""García"",""age"":0,""address"":{""number"":10,""street"":null,""postcode"":""630099"",""city"":""San Francisco"",""country"":""USA""},""cars"":[{""brand"":""Toyota"",""model"":""Model 3"",""maxSpeedKmH"":null}]}
Actual:   {""firstName"":""Борис"",""lastName"":""García"",""age"":0,""address"":{""number"":10,""street"":null,""postcode"":""630099"",""city"":""San Francisco"",""country"":""USA""},""cars"":[{""brand"":null,""model"":""Model 3"",""maxSpeedKmH"":null}]}"
49e8fbdc-1c01-47e6-acb0-acd49ec215e6,e8d364d7-f0ac-472e-8c0d-2d6c835224c5,false,"[Regression] JSON mismatch for matchId=49e8fbdc-1c01-47e6-acb0-acd49ec215e6
Expected: {""firstName"":""Борис"",""lastName"":""García"",""age"":0,""address"":{""number"":10,""street"":null,""postcode"":""630099"",""city"":""San Francisco"",""country"":""USA""},""cars"":[{""brand"":""Toyota"",""model"":""Model 3"",""maxSpeedKmH"":null}]}
Actual:   {""firstName"":""Борис"",""lastName"":""García"",""age"":0,""address"":{""number"":10,""street"":null,""postcode"":""630099"",""city"":""San Francisco"",""country"":""USA""},""cars"":[{""brand"":""Toyota"",""model"":null,""maxSpeedKmH"":null}]}"
49e8fbdc-1c01-47e6-acb0-acd49ec215e6,df8488d3-e3c3-4c50-983e-ecb3856e0c7e,false,"[Regression] JSON mismatch for matchId=49e8fbdc-1c01-47e6-acb0-acd49ec215e6
Expected: {""firstName"":""Борис"",""lastName"":""García"",""age"":0,""address"":{""number"":10,""street"":null,""postcode"":""630099"",""city"":""San Francisco"",""country"":""USA""},""cars"":[{""brand"":""Toyota"",""model"":""Model 3"",""maxSpeedKmH"":null}]}
Actual:   {""firstName"":""Борис"",""lastName"":""García"",""age"":0,""address"":{""number"":10,""street"":null,""postcode"":""630099"",""city"":""San Francisco"",""country"":""USA""},""cars"":[{""brand"":""Toyota"",""model"":""Model 3"",""maxSpeedKmH"":{}}]}"
5c900192-f84d-4ba7-88de-1e8703eab6da,b23b3514-7a2c-41b0-9f8d-c532849534db,false,"[Regression] Status code mismatch for matchId=5c900192-f84d-4ba7-88de-1e8703eab6da
   Expected: 201
   Actual:   409"
5c900192-f84d-4ba7-88de-1e8703eab6da,ba39b109-d0fa-4bed-9887-fb2ca1e4e0c2,false,"[Regression] Header value (content-type) mismatch for matchId=5c900192-f84d-4ba7-88de-1e8703eab6da
   Expected: application/json
   Actual:   application/x-www-form-urlencoded"
5c900192-f84d-4ba7-88de-1e8703eab6da,d871ed1c-026a-4125-a6b6-9a6587a26682,false,"[Regression] Header value (content-type) mismatch for matchId=5c900192-f84d-4ba7-88de-1e8703eab6da
   Expected: application/json
   Actual:   application/json; charset=UTF-8"
5c900192-f84d-4ba7-88de-1e8703eab6da,3477d6fe-bde5-4da9-addc-0192ff209300,false,"[Regression] JSON mismatch for matchId=5c900192-f84d-4ba7-88de-1e8703eab6da
Expected: {""lastName"":""Smith"",""age"":28,""address"":{""number"":221,""street"":""Prospekt Lenina"",""postcode"":null,""city"":null,""country"":""Россия""},""insurance"":false,""cars"":[{""brand"":""Tesla"",""model"":""Model 3"",""maxSpeedKmH"":null}]}
Actual:   {""lastName"":""Smith"",""age"":28,""address"":{""number"":221,""street"":""Prospekt Lenina"",""postcode"":null,""city"":null,""country"":""Россия""},""insurance"":false,""cars"":[{""brand"":""Tesla"",""model"":""Model 3"",""maxSpeedKmH"":null}],""randomBoolean1"":true}"
5c900192-f84d-4ba7-88de-1e8703eab6da,244be1b2-14b7-4149-8bf9-3193891f5bbb,false,"[Regression] JSON mismatch for matchId=5c900192-f84d-4ba7-88de-1e8703eab6da
Expected: {""lastName"":""Smith"",""age"":28,""address"":{""number"":221,""street"":""Prospekt Lenina"",""postcode"":null,""city"":null,""country"":""Россия""},""insurance"":false,""cars"":[{""brand"":""Tesla"",""model"":""Model 3"",""maxSpeedKmH"":null}]}
Actual:   {""lastName"":""Smit/,h"",""age"":28,""address"":{""number"":221,""street"":""Prospekt Lenina"",""postcode"":null,""city"":null,""country"":""Россия""},""insurance"":false,""cars"":[{""brand"":""Tesla"",""model"":""Model 3"",""maxSpeedKmH"":null}]}"
5c900192-f84d-4ba7-88de-1e8703eab6da,4c8fb37b-7d5a-47b1-81f9-c2bc944aa6ab,false,"[Regression] JSON mismatch for matchId=5c900192-f84d-4ba7-88de-1e8703eab6da
Expected: {""lastName"":""Smith"",""age"":28,""address"":{""number"":221,""street"":""Prospekt Lenina"",""postcode"":null,""city"":null,""country"":""Россия""},""insurance"":false,""cars"":[{""brand"":""Tesla"",""model"":""Model 3"",""maxSpeedKmH"":null}]}
Actual:   {""lastName"":""Smith"",""age"":null,""address"":{""number"":221,""street"":""Prospekt Lenina"",""postcode"":null,""city"":null,""country"":""Россия""},""insurance"":false,""cars"":[{""brand"":""Tesla"",""model"":""Model 3"",""maxSpeedKmH"":null}]}"
5c900192-f84d-4ba7-88de-1e8703eab6da,d299f671-5461-4f8f-979e-c7be08992c8b,false,"[Regression] JSON mismatch for matchId=5c900192-f84d-4ba7-88de-1e8703eab6da
Expected: {""lastName"":""Smith"",""age"":28,""address"":{""number"":221,""street"":""Prospekt Lenina"",""postcode"":null,""city"":null,""country"":""Россия""},""insurance"":false,""cars"":[{""brand"":""Tesla"",""model"":""Model 3"",""maxSpeedKmH"":null}]}
Actual:   {""lastName"":""Smith"",""age"":28,""address"":null,""insurance"":false,""cars"":[{""brand"":""Tesla"",""model"":""Model 3"",""maxSpeedKmH"":null}]}"
5c900192-f84d-4ba7-88de-1e8703eab6da,6b1d111b-5934-42ec-bf00-d2f4d941b700,false,"[Regression] JSON mismatch for matchId=5c900192-f84d-4ba7-88de-1e8703eab6da
Expected: {""lastName"":""Smith"",""age"":28,""address"":{""number"":221,""street"":""Prospekt Lenina"",""postcode"":null,""city"":null,""country"":""Россия""},""insurance"":false,""cars"":[{""brand"":""Tesla"",""model"":""Model 3"",""maxSpeedKmH"":null}]}
Actual:   {""lastName"":""Smith"",""age"":28,""address"":{""number"":null,""street"":""Prospekt Lenina"",""postcode"":null,""city"":null,""country"":""Россия""},""insurance"":false,""cars"":[{""brand"":""Tesla"",""model"":""Model 3"",""maxSpeedKmH"":null}]}"
5c900192-f84d-4ba7-88de-1e8703eab6da,de9bbea4-9ef9-4053-ae3d-b106e96d94d6,false,"[Regression] JSON mismatch for matchId=5c900192-f84d-4ba7-88de-1e8703eab6da
Expected: {""lastName"":""Smith"",""age"":28,""address"":{""number"":221,""street"":""Prospekt Lenina"",""postcode"":null,""city"":null,""country"":""Россия""},""insurance"":false,""cars"":[{""brand"":""Tesla"",""model"":""Model 3"",""maxSpeedKmH"":null}]}
Actual:   {""lastName"":""Smith"",""age"":28,""address"":{""number"":221,""street"":""Prospekt Le´/nina"",""postcode"":null,""city"":null,""country"":""Россия""},""insurance"":false,""cars"":[{""brand"":""Tesla"",""model"":""Model 3"",""maxSpeedKmH"":null}]}"
5c900192-f84d-4ba7-88de-1e8703eab6da,92ee5559-e01e-4baf-96a1-5c06f2056f38,false,"[Regression] JSON mismatch for matchId=5c900192-f84d-4ba7-88de-1e8703eab6da
Expected: {""lastName"":""Smith"",""age"":28,""address"":{""number"":221,""street"":""Prospekt Lenina"",""postcode"":null,""city"":null,""country"":""Россия""},""insurance"":false,""cars"":[{""brand"":""Tesla"",""model"":""Model 3"",""maxSpeedKmH"":null}]}
Actual:   {""lastName"":""Smith"",""age"":28,""address"":{""number"":221,""street"":""Prospekt Lenina"",""postcode"":-289976.8137227148,""city"":null,""country"":""Россия""},""insurance"":false,""cars"":[{""brand"":""Tesla"",""model"":""Model 3"",""maxSpeedKmH"":null}]}"
5c900192-f84d-4ba7-88de-1e8703eab6da,1afb55ca-7d54-4480-85bf-31b0f609c933,false,"[Regression] JSON mismatch for matchId=5c900192-f84d-4ba7-88de-1e8703eab6da
Expected: {""lastName"":""Smith"",""age"":28,""address"":{""number"":221,""street"":""Prospekt Lenina"",""postcode"":null,""city"":null,""country"":""Россия""},""insurance"":false,""cars"":[{""brand"":""Tesla"",""model"":""Model 3"",""maxSpeedKmH"":null}]}
Actual:   {""lastName"":""Smith"",""age"":28,""address"":{""number"":221,""street"":""Prospekt Lenina"",""postcode"":null,""city"":{},""country"":""Россия""},""insurance"":false,""cars"":[{""brand"":""Tesla"",""model"":""Model 3"",""maxSpeedKmH"":null}]}"
5c900192-f84d-4ba7-88de-1e8703eab6da,8127f9c5-c615-4994-aae4-c93d59ea35dd,false,"[Regression] JSON mismatch for matchId=5c900192-f84d-4ba7-88de-1e8703eab6da
Expected: {""lastName"":""Smith"",""age"":28,""address"":{""number"":221,""street"":""Prospekt Lenina"",""postcode"":null,""city"":null,""country"":""Россия""},""insurance"":false,""cars"":[{""brand"":""Tesla"",""model"":""Model 3"",""maxSpeedKmH"":null}]}
Actual:   {""lastName"":""Smith"",""age"":28,""address"":{""number"":221,""street"":""Prospekt Lenina"",""postcode"":null,""city"":null,""country"":null},""insurance"":false,""cars"":[{""brand"":""Tesla"",""model"":""Model 3"",""maxSpeedKmH"":null}]}"
5c900192-f84d-4ba7-88de-1e8703eab6da,aab16641-8eb3-44a9-b545-3f6ebe2b39b5,false,"[Regression] JSON mismatch for matchId=5c900192-f84d-4ba7-88de-1e8703eab6da
Expected: {""lastName"":""Smith"",""age"":28,""address"":{""number"":221,""street"":""Prospekt Lenina"",""postcode"":null,""city"":null,""country"":""Россия""},""insurance"":false,""cars"":[{""brand"":""Tesla"",""model"":""Model 3"",""maxSpeedKmH"":null}]}
Actual:   {""lastName"":""Smith"",""age"":28,""address"":{""number"":221,""street"":""Prospekt Lenina"",""postcode"":null,""city"":null,""country"":""Россия""},""insurance"":true,""cars"":[{""brand"":""Tesla"",""model"":""Model 3"",""maxSpeedKmH"":null}]}"
5c900192-f84d-4ba7-88de-1e8703eab6da,9b212d40-c474-460a-a751-8fe39c66c38d,false,"[Regression] JSON mismatch for matchId=5c900192-f84d-4ba7-88de-1e8703eab6da
Expected: {""lastName"":""Smith"",""age"":28,""address"":{""number"":221,""street"":""Prospekt Lenina"",""postcode"":null,""city"":null,""country"":""Россия""},""insurance"":false,""cars"":[{""brand"":""Tesla"",""model"":""Model 3"",""maxSpeedKmH"":null}]}
Actual:   {""lastName"":""Smith"",""age"":28,""address"":{""number"":221,""street"":""Prospekt Lenina"",""postcode"":null,""city"":null,""country"":""Россия""},""insurance"":false,""cars"":[]}"
5c900192-f84d-4ba7-88de-1e8703eab6da,0ae89cc2-007d-4b74-9da0-b21a3b7cc3c9,false,"[Regression] JSON mismatch for matchId=5c900192-f84d-4ba7-88de-1e8703eab6da
Expected: {""lastName"":""Smith"",""age"":28,""address"":{""number"":221,""street"":""Prospekt Lenina"",""postcode"":null,""city"":null,""country"":""Россия""},""insurance"":false,""cars"":[{""brand"":""Tesla"",""model"":""Model 3"",""maxSpeedKmH"":null}]}
Actual:   {""lastName"":""Smith"",""age"":28,""address"":{""number"":221,""street"":""Prospekt Lenina"",""postcode"":null,""city"":null,""country"":""Россия""},""insurance"":false,""cars"":[null]}"
5c900192-f84d-4ba7-88de-1e8703eab6da,9c27828e-8021-4ea0-89cd-78bdb87c6eec,false,"[Regression] JSON mismatch for matchId=5c900192-f84d-4ba7-88de-1e8703eab6da
Expected: {""lastName"":""Smith"",""age"":28,""address"":{""number"":221,""street"":""Prospekt Lenina"",""postcode"":null,""city"":null,""country"":""Россия""},""insurance"":false,""cars"":[{""brand"":""Tesla"",""model"":""Model 3"",""maxSpeedKmH"":null}]}
Actual:   {""lastName"":""Smith"",""age"":28,""address"":{""number"":221,""street"":""Prospekt Lenina"",""postcode"":null,""city"":null,""country"":""Россия""},""insurance"":false,""cars"":[{""brand"":[],""model"":""Model 3"",""maxSpeedKmH"":null}]}"
5c900192-f84d-4ba7-88de-1e8703eab6da,4dfb4a86-9e9d-4871-8ba5-cf052fcc1803,false,"[Regression] JSON mismatch for matchId=5c900192-f84d-4ba7-88de-1e8703eab6da
Expected: {""lastName"":""Smith"",""age"":28,""address"":{""number"":221,""street"":""Prospekt Lenina"",""postcode"":null,""city"":null,""country"":""Россия""},""insurance"":false,""cars"":[{""brand"":""Tesla"",""model"":""Model 3"",""maxSpeedKmH"":null}]}
Actual:   {""lastName"":""Smith"",""age"":28,""address"":{""number"":221,""street"":""Prospekt Lenina"",""postcode"":null,""city"":null,""country"":""Россия""},""insurance"":false,""cars"":[{""brand"":""Tesla"",""model"":-627465,""maxSpeedKmH"":null}]}"
5c900192-f84d-4ba7-88de-1e8703eab6da,8e1a2330-705a-43c8-9be4-4d0136ca0168,false,"[Regression] JSON mismatch for matchId=5c900192-f84d-4ba7-88de-1e8703eab6da
Expected: {""lastName"":""Smith"",""age"":28,""address"":{""number"":221,""street"":""Prospekt Lenina"",""postcode"":null,""city"":null,""country"":""Россия""},""insurance"":false,""cars"":[{""brand"":""Tesla"",""model"":""Model 3"",""maxSpeedKmH"":null}]}
Actual:   {""lastName"":""Smith"",""age"":28,""address"":{""number"":221,""street"":""Prospekt Lenina"",""postcode"":null,""city"":null,""country"":""Россия""},""insurance"":false,""cars"":[{""brand"":""Tesla"",""model"":""Model 3"",""maxSpeedKmH"":{}}]}"
ddb2e576-f58a-4afd-9f59-24567dce2d44,b8f79887-a3af-4066-969d-761047b850c7,false,"[Regression] Status code mismatch for matchId=ddb2e576-f58a-4afd-9f59-24567dce2d44
   Expected: 201
   Actual:   403"
ddb2e576-f58a-4afd-9f59-24567dce2d44,08dec6f1-3821-4f12-8247-32eef88606ff,false,"[Regression] Header size mismatch for matchId=ddb2e576-f58a-4afd-9f59-24567dce2d44
   Expected: {transfer-encoding=chunked, content-type=application/json}
   Actual:   {transfer-encoding=chunked}"
ddb2e576-f58a-4afd-9f59-24567dce2d44,ee01302d-38bc-41f4-968c-3b3a4b62044b,false,"[Regression] Header value (content-type) mismatch for matchId=ddb2e576-f58a-4afd-9f59-24567dce2d44
   Expected: application/json
   Actual:   application/json; charset=UTF32"
ddb2e576-f58a-4afd-9f59-24567dce2d44,04beac94-2947-4137-a5fa-ce6333ab37e7,false,"[Regression] JSON mismatch for matchId=ddb2e576-f58a-4afd-9f59-24567dce2d44
Expected: {""firstName"":""Борис"",""lastName"":""Smith"",""age"":28,""address"":{""number"":0,""street"":""Calle Mayor"",""postcode"":""94107"",""city"":null,""country"":null},""cars"":[{""brand"":""Renault"",""model"":""Clio"",""maxSpeedKmH"":220.0}]}
Actual:   {""firstName"":""Борис"",""age"":28,""address"":{""number"":0,""street"":""Calle Mayor"",""postcode"":""94107"",""city"":null,""country"":null},""cars"":[{""brand"":""Renault"",""model"":""Clio"",""maxSpeedKmH"":220.0}]}"
ddb2e576-f58a-4afd-9f59-24567dce2d44,20e25cf3-d107-493e-8558-543a12d73efd,false,"[Regression] JSON mismatch for matchId=ddb2e576-f58a-4afd-9f59-24567dce2d44
Expected: {""firstName"":""Борис"",""lastName"":""Smith"",""age"":28,""address"":{""number"":0,""street"":""Calle Mayor"",""postcode"":""94107"",""city"":null,""country"":null},""cars"":[{""brand"":""Renault"",""model"":""Clio"",""maxSpeedKmH"":220.0}]}
Actual:   {""firstName"":null,""lastName"":""Smith"",""age"":28,""address"":{""number"":0,""street"":""Calle Mayor"",""postcode"":""94107"",""city"":null,""country"":null},""cars"":[{""brand"":""Renault"",""model"":""Clio"",""maxSpeedKmH"":220.0}]}"
ddb2e576-f58a-4afd-9f59-24567dce2d44,c887dc23-4fc1-489f-b49e-e787ac12318f,false,"[Regression] JSON mismatch for matchId=ddb2e576-f58a-4afd-9f59-24567dce2d44
Expected: {""firstName"":""Борис"",""lastName"":""Smith"",""age"":28,""address"":{""number"":0,""street"":""Calle Mayor"",""postcode"":""94107"",""city"":null,""country"":null},""cars"":[{""brand"":""Renault"",""model"":""Clio"",""maxSpeedKmH"":220.0}]}
Actual:   {""firstName"":""Борис"",""lastName"":""`A&[9Z1r"",""age"":28,""address"":{""number"":0,""street"":""Calle Mayor"",""postcode"":""94107"",""city"":null,""country"":null},""cars"":[{""brand"":""Renault"",""model"":""Clio"",""maxSpeedKmH"":220.0}]}"
ddb2e576-f58a-4afd-9f59-24567dce2d44,cded9c24-14df-4ea2-8e70-1d798b1cdbfe,false,"[Regression] JSON mismatch for matchId=ddb2e576-f58a-4afd-9f59-24567dce2d44
Expected: {""firstName"":""Борис"",""lastName"":""Smith"",""age"":28,""address"":{""number"":0,""street"":""Calle Mayor"",""postcode"":""94107"",""city"":null,""country"":null},""cars"":[{""brand"":""Renault"",""model"":""Clio"",""maxSpeedKmH"":220.0}]}
Actual:   {""firstName"":""Борис"",""lastName"":""Smith"",""age"":null,""address"":{""number"":0,""street"":""Calle Mayor"",""postcode"":""94107"",""city"":null,""country"":null},""cars"":[{""brand"":""Renault"",""model"":""Clio"",""maxSpeedKmH"":220.0}]}"
ddb2e576-f58a-4afd-9f59-24567dce2d44,8b956e2d-b0a2-4c7c-944d-1d9fc1fb7274,false,"[Regression] JSON mismatch for matchId=ddb2e576-f58a-4afd-9f59-24567dce2d44
Expected: {""firstName"":""Борис"",""lastName"":""Smith"",""age"":28,""address"":{""number"":0,""street"":""Calle Mayor"",""postcode"":""94107"",""city"":null,""country"":null},""cars"":[{""brand"":""Renault"",""model"":""Clio"",""maxSpeedKmH"":220.0}]}
Actual:   {""firstName"":""Борис"",""lastName"":""Smith"",""age"":28,""address"":-289976.8137227148,""cars"":[{""brand"":""Renault"",""model"":""Clio"",""maxSpeedKmH"":220.0}]}"
ddb2e576-f58a-4afd-9f59-24567dce2d44,098a4aaa-39de-4076-835b-c7e0cf5cbcbf,false,"[Regression] JSON mismatch for matchId=ddb2e576-f58a-4afd-9f59-24567dce2d44
Expected: {""firstName"":""Борис"",""lastName"":""Smith"",""age"":28,""address"":{""number"":0,""street"":""Calle Mayor"",""postcode"":""94107"",""city"":null,""country"":null},""cars"":[{""brand"":""Renault"",""model"":""Clio"",""maxSpeedKmH"":220.0}]}
Actual:   {""firstName"":""Борис"",""lastName"":""Smith"",""age"":28,""address"":{""number"":{},""street"":""Calle Mayor"",""postcode"":""94107"",""city"":null,""country"":null},""cars"":[{""brand"":""Renault"",""model"":""Clio"",""maxSpeedKmH"":220.0}]}"
ddb2e576-f58a-4afd-9f59-24567dce2d44,04a6af3d-24a5-4cd8-9d0f-9dc84f3da557,false,"[Regression] JSON mismatch for matchId=ddb2e576-f58a-4afd-9f59-24567dce2d44
Expected: {""firstName"":""Борис"",""lastName"":""Smith"",""age"":28,""address"":{""number"":0,""street"":""Calle Mayor"",""postcode"":""94107"",""city"":null,""country"":null},""cars"":[{""brand"":""Renault"",""model"":""Clio"",""maxSpeedKmH"":220.0}]}
Actual:   {""firstName"":""Борис"",""lastName"":""Smith"",""age"":28,""address"":{""number"":0,""street"":""Calle May´,or"",""postcode"":""94107"",""city"":null,""country"":null},""cars"":[{""brand"":""Renault"",""model"":""Clio"",""maxSpeedKmH"":220.0}]}"
ddb2e576-f58a-4afd-9f59-24567dce2d44,ca7fcc7c-4781-460c-829c-c65e7c8ac31d,false,"[Regression] JSON mismatch for matchId=ddb2e576-f58a-4afd-9f59-24567dce2d44
Expected: {""firstName"":""Борис"",""lastName"":""Smith"",""age"":28,""address"":{""number"":0,""street"":""Calle Mayor"",""postcode"":""94107"",""city"":null,""country"":null},""cars"":[{""brand"":""Renault"",""model"":""Clio"",""maxSpeedKmH"":220.0}]}
Actual:   {""firstName"":""Борис"",""lastName"":""Smith"",""age"":28,""address"":{""number"":0,""street"":""Calle Mayor"",""postcode"":""5x"",""city"":null,""country"":null},""cars"":[{""brand"":""Renault"",""model"":""Clio"",""maxSpeedKmH"":220.0}]}"
ddb2e576-f58a-4afd-9f59-24567dce2d44,16dffa74-b39a-4975-a6f1-75dd6f065e45,false,"[Regression] JSON mismatch for matchId=ddb2e576-f58a-4afd-9f59-24567dce2d44
Expected: {""firstName"":""Борис"",""lastName"":""Smith"",""age"":28,""address"":{""number"":0,""street"":""Calle Mayor"",""postcode"":""94107"",""city"":null,""country"":null},""cars"":[{""brand"":""Renault"",""model"":""Clio"",""maxSpeedKmH"":220.0}]}
Actual:   {""firstName"":""Борис"",""lastName"":""Smith"",""age"":28,""address"":{""number"":0,""street"":""Calle Mayor"",""postcode"":""94107"",""city"":-289976.8137227148,""country"":null},""cars"":[{""brand"":""Renault"",""model"":""Clio"",""maxSpeedKmH"":220.0}]}"
ddb2e576-f58a-4afd-9f59-24567dce2d44,255ddff9-7db4-4067-805d-5b97790acba6,false,"[Regression] JSON mismatch for matchId=ddb2e576-f58a-4afd-9f59-24567dce2d44
Expected: {""firstName"":""Борис"",""lastName"":""Smith"",""age"":28,""address"":{""number"":0,""street"":""Calle Mayor"",""postcode"":""94107"",""city"":null,""country"":null},""cars"":[{""brand"":""Renault"",""model"":""Clio"",""maxSpeedKmH"":220.0}]}
Actual:   {""firstName"":""Борис"",""lastName"":""Smith"",""age"":28,""address"":{""number"":0,""street"":""Calle Mayor"",""postcode"":""94107"",""city"":null,""country"":{}},""cars"":[{""brand"":""Renault"",""model"":""Clio"",""maxSpeedKmH"":220.0}]}"
ddb2e576-f58a-4afd-9f59-24567dce2d44,924616f7-afcd-4cdb-b5a3-2c41adb915e6,false,"[Regression] JSON mismatch for matchId=ddb2e576-f58a-4afd-9f59-24567dce2d44
Expected: {""firstName"":""Борис"",""lastName"":""Smith"",""age"":28,""address"":{""number"":0,""street"":""Calle Mayor"",""postcode"":""94107"",""city"":null,""country"":null},""cars"":[{""brand"":""Renault"",""model"":""Clio"",""maxSpeedKmH"":220.0}]}
Actual:   {""firstName"":""Борис"",""lastName"":""Smith"",""age"":28,""address"":{""number"":0,""street"":""Calle Mayor"",""postcode"":""94107"",""city"":null,""country"":null},""cars"":null}"
ddb2e576-f58a-4afd-9f59-24567dce2d44,7c0b6992-eacc-42ab-8978-ad96261f7376,false,"[Regression] JSON mismatch for matchId=ddb2e576-f58a-4afd-9f59-24567dce2d44
Expected: {""firstName"":""Борис"",""lastName"":""Smith"",""age"":28,""address"":{""number"":0,""street"":""Calle Mayor"",""postcode"":""94107"",""city"":null,""country"":null},""cars"":[{""brand"":""Renault"",""model"":""Clio"",""maxSpeedKmH"":220.0}]}
Actual:   {""firstName"":""Борис"",""lastName"":""Smith"",""age"":28,""address"":{""number"":0,""street"":""Calle Mayor"",""postcode"":""94107"",""city"":null,""country"":null},""cars"":[{}]}"
ddb2e576-f58a-4afd-9f59-24567dce2d44,a3a98f8b-b546-4b3b-9c55-30d5753e8697,false,"[Regression] JSON mismatch for matchId=ddb2e576-f58a-4afd-9f59-24567dce2d44
Expected: {""firstName"":""Борис"",""lastName"":""Smith"",""age"":28,""address"":{""number"":0,""street"":""Calle Mayor"",""postcode"":""94107"",""city"":null,""country"":null},""cars"":[{""brand"":""Renault"",""model"":""Clio"",""maxSpeedKmH"":220.0}]}
Actual:   {""firstName"":""Борис"",""lastName"":""Smith"",""age"":28,""address"":{""number"":0,""street"":""Calle Mayor"",""postcode"":""94107"",""city"":null,""country"":null},""cars"":[{""brand"":""EJEMPLO MAYUS"",""model"":""Clio"",""maxSpeedKmH"":220.0}]}"
ddb2e576-f58a-4afd-9f59-24567dce2d44,94bc97d3-8445-4249-a801-b38aaf9141ca,false,"[Regression] JSON mismatch for matchId=ddb2e576-f58a-4afd-9f59-24567dce2d44
Expected: {""firstName"":""Борис"",""lastName"":""Smith"",""age"":28,""address"":{""number"":0,""street"":""Calle Mayor"",""postcode"":""94107"",""city"":null,""country"":null},""cars"":[{""brand"":""Renault"",""model"":""Clio"",""maxSpeedKmH"":220.0}]}
Actual:   {""firstName"":""Борис"",""lastName"":""Smith"",""age"":28,""address"":{""number"":0,""street"":""Calle Mayor"",""postcode"":""94107"",""city"":null,""country"":null},""cars"":[{""brand"":""Renault"",""model"":""7ha["",""maxSpeedKmH"":220.0}]}"
ddb2e576-f58a-4afd-9f59-24567dce2d44,c97633e0-4291-4c5a-9ad3-9cd796b269ed,false,"[Regression] JSON mismatch for matchId=ddb2e576-f58a-4afd-9f59-24567dce2d44
Expected: {""firstName"":""Борис"",""lastName"":""Smith"",""age"":28,""address"":{""number"":0,""street"":""Calle Mayor"",""postcode"":""94107"",""city"":null,""country"":null},""cars"":[{""brand"":""Renault"",""model"":""Clio"",""maxSpeedKmH"":220.0}]}
Actual:   {""firstName"":""Борис"",""lastName"":""Smith"",""age"":28,""address"":{""number"":0,""street"":""Calle Mayor"",""postcode"":""94107"",""city"":null,""country"":null},""cars"":[{""brand"":""Renault"",""model"":""Clio"",""maxSpeedKmH"":null}]}"
b56c7070-76ab-4248-bc44-7bdcd0d18abf,a2529de7-4cbf-471c-8701-ca86fff28c07,false,"[Regression] Status code mismatch for matchId=b56c7070-76ab-4248-bc44-7bdcd0d18abf
   Expected: 201
   Actual:   502"
b56c7070-76ab-4248-bc44-7bdcd0d18abf,55620006-1649-4911-bf39-3ef528be04d9,false,"[Regression] Header size mismatch for matchId=b56c7070-76ab-4248-bc44-7bdcd0d18abf
   Expected: {transfer-encoding=chunked, content-type=application/json}
   Actual:   {transfer-encoding=chunked}"
b56c7070-76ab-4248-bc44-7bdcd0d18abf,294f8a0c-552f-4d3e-bdd4-317e0f69ee92,false,"[Regression] Header value (content-type) mismatch for matchId=b56c7070-76ab-4248-bc44-7bdcd0d18abf
   Expected: application/json
   Actual:   application/json; charset=UTF8"
b56c7070-76ab-4248-bc44-7bdcd0d18abf,4d0d040e-6918-426d-a917-45785d6bd7dd,false,"[Regression] JSON mismatch for matchId=b56c7070-76ab-4248-bc44-7bdcd0d18abf
Expected: {""firstName"":""Alice"",""lastName"":""Zhao"",""age"":28,""address"":{""number"":0,""street"":""Baker Street"",""postcode"":null,""city"":""San Francisco"",""country"":""USA""},""insurance"":false,""cars"":[{""brand"":""Toyota"",""model"":null,""maxSpeedKmH"":220.0}]}
Actual:   {""firstName"":""Alice"",""lastName"":""Zhao"",""address"":{""number"":0,""street"":""Baker Street"",""postcode"":null,""city"":""San Francisco"",""country"":""USA""},""insurance"":false,""cars"":[{""brand"":""Toyota"",""model"":null,""maxSpeedKmH"":220.0}]}"
b56c7070-76ab-4248-bc44-7bdcd0d18abf,8a65ab95-170c-413a-8ef4-005a73aeae55,false,"[Regression] JSON mismatch for matchId=b56c7070-76ab-4248-bc44-7bdcd0d18abf
Expected: {""firstName"":""Alice"",""lastName"":""Zhao"",""age"":28,""address"":{""number"":0,""street"":""Baker Street"",""postcode"":null,""city"":""San Francisco"",""country"":""USA""},""insurance"":false,""cars"":[{""brand"":""Toyota"",""model"":null,""maxSpeedKmH"":220.0}]}
Actual:   {""firstName"":-289976.8137227148,""lastName"":""Zhao"",""age"":28,""address"":{""number"":0,""street"":""Baker Street"",""postcode"":null,""city"":""San Francisco"",""country"":""USA""},""insurance"":false,""cars"":[{""brand"":""Toyota"",""model"":null,""maxSpeedKmH"":220.0}]}"
b56c7070-76ab-4248-bc44-7bdcd0d18abf,c9565f99-f0ed-45a4-84b2-97662fd85306,false,"[Regression] JSON mismatch for matchId=b56c7070-76ab-4248-bc44-7bdcd0d18abf
Expected: {""firstName"":""Alice"",""lastName"":""Zhao"",""age"":28,""address"":{""number"":0,""street"":""Baker Street"",""postcode"":null,""city"":""San Francisco"",""country"":""USA""},""insurance"":false,""cars"":[{""brand"":""Toyota"",""model"":null,""maxSpeedKmH"":220.0}]}
Actual:   {""firstName"":""Alice"",""lastName"":""M"",""age"":28,""address"":{""number"":0,""street"":""Baker Street"",""postcode"":null,""city"":""San Francisco"",""country"":""USA""},""insurance"":false,""cars"":[{""brand"":""Toyota"",""model"":null,""maxSpeedKmH"":220.0}]}"
b56c7070-76ab-4248-bc44-7bdcd0d18abf,219fcaed-3456-44d3-844f-c5be0a6d28b4,false,"[Regression] JSON mismatch for matchId=b56c7070-76ab-4248-bc44-7bdcd0d18abf
Expected: {""firstName"":""Alice"",""lastName"":""Zhao"",""age"":28,""address"":{""number"":0,""street"":""Baker Street"",""postcode"":null,""city"":""San Francisco"",""country"":""USA""},""insurance"":false,""cars"":[{""brand"":""Toyota"",""model"":null,""maxSpeedKmH"":220.0}]}
Actual:   {""firstName"":""Alice"",""lastName"":""Zhao"",""age"":-241395,""address"":{""number"":0,""street"":""Baker Street"",""postcode"":null,""city"":""San Francisco"",""country"":""USA""},""insurance"":false,""cars"":[{""brand"":""Toyota"",""model"":null,""maxSpeedKmH"":220.0}]}"
b56c7070-76ab-4248-bc44-7bdcd0d18abf,0bde8c0a-0f5a-4fce-a24b-73c5f41ea316,false,"[Regression] JSON mismatch for matchId=b56c7070-76ab-4248-bc44-7bdcd0d18abf
Expected: {""firstName"":""Alice"",""lastName"":""Zhao"",""age"":28,""address"":{""number"":0,""street"":""Baker Street"",""postcode"":null,""city"":""San Francisco"",""country"":""USA""},""insurance"":false,""cars"":[{""brand"":""Toyota"",""model"":null,""maxSpeedKmH"":220.0}]}
Actual:   {""firstName"":""Alice"",""lastName"":""Zhao"",""age"":28,""address"":-289976.8137227148,""insurance"":false,""cars"":[{""brand"":""Toyota"",""model"":null,""maxSpeedKmH"":220.0}]}"
b56c7070-76ab-4248-bc44-7bdcd0d18abf,6efe0153-8534-45f3-a228-a6b0210672c3,false,"[Regression] JSON mismatch for matchId=b56c7070-76ab-4248-bc44-7bdcd0d18abf
Expected: {""firstName"":""Alice"",""lastName"":""Zhao"",""age"":28,""address"":{""number"":0,""street"":""Baker Street"",""postcode"":null,""city"":""San Francisco"",""country"":""USA""},""insurance"":false,""cars"":[{""brand"":""Toyota"",""model"":null,""maxSpeedKmH"":220.0}]}
Actual:   {""firstName"":""Alice"",""lastName"":""Zhao"",""age"":28,""address"":{""number"":null,""street"":""Baker Street"",""postcode"":null,""city"":""San Francisco"",""country"":""USA""},""insurance"":false,""cars"":[{""brand"":""Toyota"",""model"":null,""maxSpeedKmH"":220.0}]}"
b56c7070-76ab-4248-bc44-7bdcd0d18abf,7a3125de-cae8-4b77-8d2c-9ad1b407bc0e,false,"[Regression] JSON mismatch for matchId=b56c7070-76ab-4248-bc44-7bdcd0d18abf
Expected: {""firstName"":""Alice"",""lastName"":""Zhao"",""age"":28,""address"":{""number"":0,""street"":""Baker Street"",""postcode"":null,""city"":""San Francisco"",""country"":""USA""},""insurance"":false,""cars"":[{""brand"":""Toyota"",""model"":null,""maxSpeedKmH"":220.0}]}
Actual:   {""firstName"":""Alice"",""lastName"":""Zhao"",""age"":28,""address"":{""number"":0,""street"":""Baker Str´,eet"",""postcode"":null,""city"":""San Francisco"",""country"":""USA""},""insurance"":false,""cars"":[{""brand"":""Toyota"",""model"":null,""maxSpeedKmH"":220.0}]}"
b56c7070-76ab-4248-bc44-7bdcd0d18abf,7d55dad4-9d7c-49ce-9c99-0f04fff92be2,false,"[Regression] JSON mismatch for matchId=b56c7070-76ab-4248-bc44-7bdcd0d18abf
Expected: {""firstName"":""Alice"",""lastName"":""Zhao"",""age"":28,""address"":{""number"":0,""street"":""Baker Street"",""postcode"":null,""city"":""San Francisco"",""country"":""USA""},""insurance"":false,""cars"":[{""brand"":""Toyota"",""model"":null,""maxSpeedKmH"":220.0}]}
Actual:   {""firstName"":""Alice"",""lastName"":""Zhao"",""age"":28,""address"":{""number"":0,""street"":""Baker Street"",""postcode"":-289976.8137227148,""city"":""San Francisco"",""country"":""USA""},""insurance"":false,""cars"":[{""brand"":""Toyota"",""model"":null,""maxSpeedKmH"":220.0}]}"
b56c7070-76ab-4248-bc44-7bdcd0d18abf,811900a2-57c3-40bf-986c-4d513acd1ad0,false,"[Regression] JSON mismatch for matchId=b56c7070-76ab-4248-bc44-7bdcd0d18abf
Expected: {""firstName"":""Alice"",""lastName"":""Zhao"",""age"":28,""address"":{""number"":0,""street"":""Baker Street"",""postcode"":null,""city"":""San Francisco"",""country"":""USA""},""insurance"":false,""cars"":[{""brand"":""Toyota"",""model"":null,""maxSpeedKmH"":220.0}]}
Actual:   {""firstName"":""Alice"",""lastName"":""Zhao"",""age"":28,""address"":{""number"":0,""street"":""Baker Street"",""postcode"":null,""city"":null,""country"":""USA""},""insurance"":false,""cars"":[{""brand"":""Toyota"",""model"":null,""maxSpeedKmH"":220.0}]}"
b56c7070-76ab-4248-bc44-7bdcd0d18abf,e7ac40fb-1321-466a-95c3-f62233c13101,false,"[Regression] JSON mismatch for matchId=b56c7070-76ab-4248-bc44-7bdcd0d18abf
Expected: {""firstName"":""Alice"",""lastName"":""Zhao"",""age"":28,""address"":{""number"":0,""street"":""Baker Street"",""postcode"":null,""city"":""San Francisco"",""country"":""USA""},""insurance"":false,""cars"":[{""brand"":""Toyota"",""model"":null,""maxSpeedKmH"":220.0}]}
Actual:   {""firstName"":""Alice"",""lastName"":""Zhao"",""age"":28,""address"":{""number"":0,""street"":""Baker Street"",""postcode"":null,""city"":""San Francisco"",""country"":""USA/*""},""insurance"":false,""cars"":[{""brand"":""Toyota"",""model"":null,""maxSpeedKmH"":220.0}]}"
b56c7070-76ab-4248-bc44-7bdcd0d18abf,56ad9334-affe-4008-bee5-7d81acedabdd,false,"[Regression] JSON mismatch for matchId=b56c7070-76ab-4248-bc44-7bdcd0d18abf
Expected: {""firstName"":""Alice"",""lastName"":""Zhao"",""age"":28,""address"":{""number"":0,""street"":""Baker Street"",""postcode"":null,""city"":""San Francisco"",""country"":""USA""},""insurance"":false,""cars"":[{""brand"":""Toyota"",""model"":null,""maxSpeedKmH"":220.0}]}
Actual:   {""firstName"":""Alice"",""lastName"":""Zhao"",""age"":28,""address"":{""number"":0,""street"":""Baker Street"",""postcode"":null,""city"":""San Francisco"",""country"":""USA""},""insurance"":-289976.8137227148,""cars"":[{""brand"":""Toyota"",""model"":null,""maxSpeedKmH"":220.0}]}"
b56c7070-76ab-4248-bc44-7bdcd0d18abf,49661c49-f0b9-4df0-9077-30b8c2a7aae2,false,"[Regression] JSON mismatch for matchId=b56c7070-76ab-4248-bc44-7bdcd0d18abf
Expected: {""firstName"":""Alice"",""lastName"":""Zhao"",""age"":28,""address"":{""number"":0,""street"":""Baker Street"",""postcode"":null,""city"":""San Francisco"",""country"":""USA""},""insurance"":false,""cars"":[{""brand"":""Toyota"",""model"":null,""maxSpeedKmH"":220.0}]}
Actual:   {""firstName"":""Alice"",""lastName"":""Zhao"",""age"":28,""address"":{""number"":0,""street"":""Baker Street"",""postcode"":null,""city"":""San Francisco"",""country"":""USA""},""insurance"":false,""cars"":-289976.8137227148}"
b56c7070-76ab-4248-bc44-7bdcd0d18abf,28295053-af9d-45af-9b35-c16ba89ef9a9,false,"[Regression] JSON mismatch for matchId=b56c7070-76ab-4248-bc44-7bdcd0d18abf
Expected: {""firstName"":""Alice"",""lastName"":""Zhao"",""age"":28,""address"":{""number"":0,""street"":""Baker Street"",""postcode"":null,""city"":""San Francisco"",""country"":""USA""},""insurance"":false,""cars"":[{""brand"":""Toyota"",""model"":null,""maxSpeedKmH"":220.0}]}
Actual:   {""firstName"":""Alice"",""lastName"":""Zhao"",""age"":28,""address"":{""number"":0,""street"":""Baker Street"",""postcode"":null,""city"":""San Francisco"",""country"":""USA""},""insurance"":false,""cars"":[{}]}"
b56c7070-76ab-4248-bc44-7bdcd0d18abf,78c2ee27-b3fd-4bae-a4ae-dfc6810ebbb2,false,"[Regression] JSON mismatch for matchId=b56c7070-76ab-4248-bc44-7bdcd0d18abf
Expected: {""firstName"":""Alice"",""lastName"":""Zhao"",""age"":28,""address"":{""number"":0,""street"":""Baker Street"",""postcode"":null,""city"":""San Francisco"",""country"":""USA""},""insurance"":false,""cars"":[{""brand"":""Toyota"",""model"":null,""maxSpeedKmH"":220.0}]}
Actual:   {""firstName"":""Alice"",""lastName"":""Zhao"",""age"":28,""address"":{""number"":0,""street"":""Baker Street"",""postcode"":null,""city"":""San Francisco"",""country"":""USA""},""insurance"":false,""cars"":[{""brand"":null,""model"":null,""maxSpeedKmH"":220.0}]}"
b56c7070-76ab-4248-bc44-7bdcd0d18abf,8c4ed518-73bd-4dad-8df5-503a902dbaf1,false,"[Regression] JSON mismatch for matchId=b56c7070-76ab-4248-bc44-7bdcd0d18abf
Expected: {""firstName"":""Alice"",""lastName"":""Zhao"",""age"":28,""address"":{""number"":0,""street"":""Baker Street"",""postcode"":null,""city"":""San Francisco"",""country"":""USA""},""insurance"":false,""cars"":[{""brand"":""Toyota"",""model"":null,""maxSpeedKmH"":220.0}]}
Actual:   {""firstName"":""Alice"",""lastName"":""Zhao"",""age"":28,""address"":{""number"":0,""street"":""Baker Street"",""postcode"":null,""city"":""San Francisco"",""country"":""USA""},""insurance"":false,""cars"":[{""brand"":""Toyota"",""model"":{},""maxSpeedKmH"":220.0}]}"
b56c7070-76ab-4248-bc44-7bdcd0d18abf,89b33686-073c-470c-853c-cd451a4d9f02,false,"[Regression] JSON mismatch for matchId=b56c7070-76ab-4248-bc44-7bdcd0d18abf
Expected: {""firstName"":""Alice"",""lastName"":""Zhao"",""age"":28,""address"":{""number"":0,""street"":""Baker Street"",""postcode"":null,""city"":""San Francisco"",""country"":""USA""},""insurance"":false,""cars"":[{""brand"":""Toyota"",""model"":null,""maxSpeedKmH"":220.0}]}
Actual:   {""firstName"":""Alice"",""lastName"":""Zhao"",""age"":28,""address"":{""number"":0,""street"":""Baker Street"",""postcode"":null,""city"":""San Francisco"",""country"":""USA""},""insurance"":false,""cars"":[{""brand"":""Toyota"",""model"":null,""maxSpeedKmH"":true}]}"
625b4373-d0d1-4e5a-9a2d-ea0038982da0,01630382-3d82-49a1-90e8-ea58e0380a5d,false,"[Regression] Status code mismatch for matchId=625b4373-d0d1-4e5a-9a2d-ea0038982da0
   Expected: 201
   Actual:   502"
625b4373-d0d1-4e5a-9a2d-ea0038982da0,05e4f7ef-eeb8-4d58-9711-246cd3832ca5,false,"[Regression] Header size mismatch for matchId=625b4373-d0d1-4e5a-9a2d-ea0038982da0
   Expected: {transfer-encoding=chunked, content-type=application/json}
   Actual:   {transfer-encoding=chunked}"
625b4373-d0d1-4e5a-9a2d-ea0038982da0,c3adeab0-9d8e-4770-a322-ba71addd03cd,false,"[Regression] Header value (content-type) mismatch for matchId=625b4373-d0d1-4e5a-9a2d-ea0038982da0
   Expected: application/json
   Actual:   application/json; charset=UTF-8"
625b4373-d0d1-4e5a-9a2d-ea0038982da0,d63d6793-4ef0-417e-9f4b-8da66ec00f63,false,"[Regression] JSON mismatch for matchId=625b4373-d0d1-4e5a-9a2d-ea0038982da0
Expected: {""firstName"":""Lixin"",""lastName"":""Smith"",""age"":42,""address"":{""number"":10,""street"":null,""postcode"":""28013"",""city"":""Новосибирск"",""country"":""USA""},""cars"":[{""brand"":""Tesla"",""model"":""Corolla"",""maxSpeedKmH"":220.0}]}
Actual:   {""firstName"":""Lixin"",""lastName"":""Smith"",""age"":42,""address"":{""number"":10,""street"":null,""postcode"":""28013"",""city"":""Новосибирск"",""country"":""USA""},""cars"":[{""brand"":""Tesla"",""model"":""Corolla"",""maxSpeedKmH"":220.0}],""randomBoolean1"":true}"
625b4373-d0d1-4e5a-9a2d-ea0038982da0,17a54982-6485-4f50-bd3d-a6fef506bd57,false,"[Regression] JSON mismatch for matchId=625b4373-d0d1-4e5a-9a2d-ea0038982da0
Expected: {""firstName"":""Lixin"",""lastName"":""Smith"",""age"":42,""address"":{""number"":10,""street"":null,""postcode"":""28013"",""city"":""Новосибирск"",""country"":""USA""},""cars"":[{""brand"":""Tesla"",""model"":""Corolla"",""maxSpeedKmH"":220.0}]}
Actual:   {""firstName"":""Lixi/,n"",""lastName"":""Smith"",""age"":42,""address"":{""number"":10,""street"":null,""postcode"":""28013"",""city"":""Новосибирск"",""country"":""USA""},""cars"":[{""brand"":""Tesla"",""model"":""Corolla"",""maxSpeedKmH"":220.0}]}"
625b4373-d0d1-4e5a-9a2d-ea0038982da0,a02b3d80-b3ff-452e-9f76-09f2bfcd193b,false,"[Regression] JSON mismatch for matchId=625b4373-d0d1-4e5a-9a2d-ea0038982da0
Expected: {""firstName"":""Lixin"",""lastName"":""Smith"",""age"":42,""address"":{""number"":10,""street"":null,""postcode"":""28013"",""city"":""Новосибирск"",""country"":""USA""},""cars"":[{""brand"":""Tesla"",""model"":""Corolla"",""maxSpeedKmH"":220.0}]}
Actual:   {""firstName"":""Lixin"",""lastName"":{},""age"":42,""address"":{""number"":10,""street"":null,""postcode"":""28013"",""city"":""Новосибирск"",""country"":""USA""},""cars"":[{""brand"":""Tesla"",""model"":""Corolla"",""maxSpeedKmH"":220.0}]}"
625b4373-d0d1-4e5a-9a2d-ea0038982da0,a04a2d16-c3b4-46f0-bf5b-ba5be22b6421,false,"[Regression] JSON mismatch for matchId=625b4373-d0d1-4e5a-9a2d-ea0038982da0
Expected: {""firstName"":""Lixin"",""lastName"":""Smith"",""age"":42,""address"":{""number"":10,""street"":null,""postcode"":""28013"",""city"":""Новосибирск"",""country"":""USA""},""cars"":[{""brand"":""Tesla"",""model"":""Corolla"",""maxSpeedKmH"":220.0}]}
Actual:   {""firstName"":""Lixin"",""lastName"":""Smith"",""age"":-241395,""address"":{""number"":10,""street"":null,""postcode"":""28013"",""city"":""Новосибирск"",""country"":""USA""},""cars"":[{""brand"":""Tesla"",""model"":""Corolla"",""maxSpeedKmH"":220.0}]}"
625b4373-d0d1-4e5a-9a2d-ea0038982da0,a7d0a7fb-de7d-4c21-9ca0-3609581b9a38,false,"[Regression] JSON mismatch for matchId=625b4373-d0d1-4e5a-9a2d-ea0038982da0
Expected: {""firstName"":""Lixin"",""lastName"":""Smith"",""age"":42,""address"":{""number"":10,""street"":null,""postcode"":""28013"",""city"":""Новосибирск"",""country"":""USA""},""cars"":[{""brand"":""Tesla"",""model"":""Corolla"",""maxSpeedKmH"":220.0}]}
Actual:   {""firstName"":""Lixin"",""lastName"":""Smith"",""age"":42,""address"":null,""cars"":[{""brand"":""Tesla"",""model"":""Corolla"",""maxSpeedKmH"":220.0}]}"
625b4373-d0d1-4e5a-9a2d-ea0038982da0,c8e31324-fce3-4d12-9df9-041202f90cb7,false,"[Regression] JSON mismatch for matchId=625b4373-d0d1-4e5a-9a2d-ea0038982da0
Expected: {""firstName"":""Lixin"",""lastName"":""Smith"",""age"":42,""address"":{""number"":10,""street"":null,""postcode"":""28013"",""city"":""Новосибирск"",""country"":""USA""},""cars"":[{""brand"":""Tesla"",""model"":""Corolla"",""maxSpeedKmH"":220.0}]}
Actual:   {""firstName"":""Lixin"",""lastName"":""Smith"",""age"":42,""address"":{""number"":-618785,""street"":null,""postcode"":""28013"",""city"":""Новосибирск"",""country"":""USA""},""cars"":[{""brand"":""Tesla"",""model"":""Corolla"",""maxSpeedKmH"":220.0}]}"
625b4373-d0d1-4e5a-9a2d-ea0038982da0,20d27c18-4c1e-4df0-ad8c-edb7457db7f8,false,"[Regression] JSON mismatch for matchId=625b4373-d0d1-4e5a-9a2d-ea0038982da0
Expected: {""firstName"":""Lixin"",""lastName"":""Smith"",""age"":42,""address"":{""number"":10,""street"":null,""postcode"":""28013"",""city"":""Новосибирск"",""country"":""USA""},""cars"":[{""brand"":""Tesla"",""model"":""Corolla"",""maxSpeedKmH"":220.0}]}
Actual:   {""firstName"":""Lixin"",""lastName"":""Smith"",""age"":42,""address"":{""number"":10,""street"":-289976.8137227148,""postcode"":""28013"",""city"":""Новосибирск"",""country"":""USA""},""cars"":[{""brand"":""Tesla"",""model"":""Corolla"",""maxSpeedKmH"":220.0}]}"
625b4373-d0d1-4e5a-9a2d-ea0038982da0,481b0a34-731f-4ce3-bc42-28b3f5ee7511,false,"[Regression] JSON mismatch for matchId=625b4373-d0d1-4e5a-9a2d-ea0038982da0
Expected: {""firstName"":""Lixin"",""lastName"":""Smith"",""age"":42,""address"":{""number"":10,""street"":null,""postcode"":""28013"",""city"":""Новосибирск"",""country"":""USA""},""cars"":[{""brand"":""Tesla"",""model"":""Corolla"",""maxSpeedKmH"":220.0}]}
Actual:   {""firstName"":""Lixin"",""lastName"":""Smith"",""age"":42,""address"":{""number"":10,""street"":null,""postcode"":""{g/Rm"",""city"":""Новосибирск"",""country"":""USA""},""cars"":[{""brand"":""Tesla"",""model"":""Corolla"",""maxSpeedKmH"":220.0}]}"
625b4373-d0d1-4e5a-9a2d-ea0038982da0,004c296b-f22f-48c8-81c1-4d586f3a6452,false,"[Regression] JSON mismatch for matchId=625b4373-d0d1-4e5a-9a2d-ea0038982da0
Expected: {""firstName"":""Lixin"",""lastName"":""Smith"",""age"":42,""address"":{""number"":10,""street"":null,""postcode"":""28013"",""city"":""Новосибирск"",""country"":""USA""},""cars"":[{""brand"":""Tesla"",""model"":""Corolla"",""maxSpeedKmH"":220.0}]}
Actual:   {""firstName"":""Lixin"",""lastName"":""Smith"",""age"":42,""address"":{""number"":10,""street"":null,""postcode"":""28013"",""city"":[],""country"":""USA""},""cars"":[{""brand"":""Tesla"",""model"":""Corolla"",""maxSpeedKmH"":220.0}]}"
625b4373-d0d1-4e5a-9a2d-ea0038982da0,ee994e76-3ec1-4100-9310-588e57e56b13,false,"[Regression] JSON mismatch for matchId=625b4373-d0d1-4e5a-9a2d-ea0038982da0
Expected: {""firstName"":""Lixin"",""lastName"":""Smith"",""age"":42,""address"":{""number"":10,""street"":null,""postcode"":""28013"",""city"":""Новосибирск"",""country"":""USA""},""cars"":[{""brand"":""Tesla"",""model"":""Corolla"",""maxSpeedKmH"":220.0}]}
Actual:   {""firstName"":""Lixin"",""lastName"":""Smith"",""age"":42,""address"":{""number"":10,""street"":null,""postcode"":""28013"",""city"":""Новосибирск"",""country"":-627465},""cars"":[{""brand"":""Tesla"",""model"":""Corolla"",""maxSpeedKmH"":220.0}]}"
625b4373-d0d1-4e5a-9a2d-ea0038982da0,fc29b661-53e4-4679-8525-9e1a28e38a43,false,"[Regression] JSON mismatch for matchId=625b4373-d0d1-4e5a-9a2d-ea0038982da0
Expected: {""firstName"":""Lixin"",""lastName"":""Smith"",""age"":42,""address"":{""number"":10,""street"":null,""postcode"":""28013"",""city"":""Новосибирск"",""country"":""USA""},""cars"":[{""brand"":""Tesla"",""model"":""Corolla"",""maxSpeedKmH"":220.0}]}
Actual:   {""firstName"":""Lixin"",""lastName"":""Smith"",""age"":42,""address"":{""number"":10,""street"":null,""postcode"":""28013"",""city"":""Новосибирск"",""country"":""USA""},""cars"":null}"
625b4373-d0d1-4e5a-9a2d-ea0038982da0,d49248d2-a51f-482e-8f06-f762618c9c9d,false,"[Regression] JSON mismatch for matchId=625b4373-d0d1-4e5a-9a2d-ea0038982da0
Expected: {""firstName"":""Lixin"",""lastName"":""Smith"",""age"":42,""address"":{""number"":10,""street"":null,""postcode"":""28013"",""city"":""Новосибирск"",""country"":""USA""},""cars"":[{""brand"":""Tesla"",""model"":""Corolla"",""maxSpeedKmH"":220.0}]}
Actual:   {""firstName"":""Lixin"",""lastName"":""Smith"",""age"":42,""address"":{""number"":10,""street"":null,""postcode"":""28013"",""city"":""Новосибирск"",""country"":""USA""},""cars"":[[]]}"
625b4373-d0d1-4e5a-9a2d-ea0038982da0,1f950229-45fa-4fbb-a55a-819836d92ca2,false,"[Regression] JSON mismatch for matchId=625b4373-d0d1-4e5a-9a2d-ea0038982da0
Expected: {""firstName"":""Lixin"",""lastName"":""Smith"",""age"":42,""address"":{""number"":10,""street"":null,""postcode"":""28013"",""city"":""Новосибирск"",""country"":""USA""},""cars"":[{""brand"":""Tesla"",""model"":""Corolla"",""maxSpeedKmH"":220.0}]}
Actual:   {""firstName"":""Lixin"",""lastName"":""Smith"",""age"":42,""address"":{""number"":10,""street"":null,""postcode"":""28013"",""city"":""Новосибирск"",""country"":""USA""},""cars"":[{""brand"":""Tesla*"",""model"":""Corolla"",""maxSpeedKmH"":220.0}]}"
625b4373-d0d1-4e5a-9a2d-ea0038982da0,23eca681-46c0-45b7-a092-4bc54f4afcd8,false,"[Regression] JSON mismatch for matchId=625b4373-d0d1-4e5a-9a2d-ea0038982da0
Expected: {""firstName"":""Lixin"",""lastName"":""Smith"",""age"":42,""address"":{""number"":10,""street"":null,""postcode"":""28013"",""city"":""Новосибирск"",""country"":""USA""},""cars"":[{""brand"":""Tesla"",""model"":""Corolla"",""maxSpeedKmH"":220.0}]}
Actual:   {""firstName"":""Lixin"",""lastName"":""Smith"",""age"":42,""address"":{""number"":10,""street"":null,""postcode"":""28013"",""city"":""Новосибирск"",""country"":""USA""},""cars"":[{""brand"":""Tesla"",""model"":"""",""maxSpeedKmH"":220.0}]}"
625b4373-d0d1-4e5a-9a2d-ea0038982da0,54b603ed-a6fc-4126-a6e9-ea59d2d75773,false,"[Regression] JSON mismatch for matchId=625b4373-d0d1-4e5a-9a2d-ea0038982da0
Expected: {""firstName"":""Lixin"",""lastName"":""Smith"",""age"":42,""address"":{""number"":10,""street"":null,""postcode"":""28013"",""city"":""Новосибирск"",""country"":""USA""},""cars"":[{""brand"":""Tesla"",""model"":""Corolla"",""maxSpeedKmH"":220.0}]}
Actual:   {""firstName"":""Lixin"",""lastName"":""Smith"",""age"":42,""address"":{""number"":10,""street"":null,""postcode"":""28013"",""city"":""Новосибирск"",""country"":""USA""},""cars"":[{""brand"":""Tesla"",""model"":""Corolla"",""maxSpeedKmH"":true}]}"
4bc37efc-b4d6-4b74-b4d6-d9924e720a02,7339f4eb-7292-43d2-bd56-5bb4317088c4,false,"[Regression] Status code mismatch for matchId=4bc37efc-b4d6-4b74-b4d6-d9924e720a02
   Expected: 201
   Actual:   204"
4bc37efc-b4d6-4b74-b4d6-d9924e720a02,c9cee7ae-ada4-49c6-a48d-a75b608b0117,false,"[Regression] Header value (content-type) mismatch for matchId=4bc37efc-b4d6-4b74-b4d6-d9924e720a02
   Expected: application/json
   Actual:   application/xml"
4bc37efc-b4d6-4b74-b4d6-d9924e720a02,227f03ce-5a00-41dc-9ef3-a2fc99c17dcc,false,"[Regression] Header value (content-type) mismatch for matchId=4bc37efc-b4d6-4b74-b4d6-d9924e720a02
   Expected: application/json
   Actual:   application/json; charset=iso-8859-15"
4bc37efc-b4d6-4b74-b4d6-d9924e720a02,a10ba910-038b-4f80-ad5d-5cd25070c6e6,false,"[Regression] JSON mismatch for matchId=4bc37efc-b4d6-4b74-b4d6-d9924e720a02
Expected: {""firstName"":""Борис"",""lastName"":""Zhao"",""age"":42,""address"":{""number"":221,""street"":null,""postcode"":""28013"",""city"":""Madrid"",""country"":""Россия""},""insurance"":false,""cars"":[{""brand"":""Renault"",""model"":""Model 3"",""maxSpeedKmH"":180.5}]}
Actual:   {""firstName"":""Борис"",""lastName"":""Zhao"",""age"":42,""address"":{""number"":221,""street"":null,""postcode"":""28013"",""city"":""Madrid"",""country"":""Россия""},""insurance"":false,""cars"":[{""brand"":""Renault"",""model"":""Model 3"",""maxSpeedKmH"":180.5}],""randomBoolean1"":true}"
4bc37efc-b4d6-4b74-b4d6-d9924e720a02,a1c8867e-f400-4552-a7a7-8f69f911bcce,false,"[Regression] JSON mismatch for matchId=4bc37efc-b4d6-4b74-b4d6-d9924e720a02
Expected: {""firstName"":""Борис"",""lastName"":""Zhao"",""age"":42,""address"":{""number"":221,""street"":null,""postcode"":""28013"",""city"":""Madrid"",""country"":""Россия""},""insurance"":false,""cars"":[{""brand"":""Renault"",""model"":""Model 3"",""maxSpeedKmH"":180.5}]}
Actual:   {""firstName"":null,""lastName"":""Zhao"",""age"":42,""address"":{""number"":221,""street"":null,""postcode"":""28013"",""city"":""Madrid"",""country"":""Россия""},""insurance"":false,""cars"":[{""brand"":""Renault"",""model"":""Model 3"",""maxSpeedKmH"":180.5}]}"
4bc37efc-b4d6-4b74-b4d6-d9924e720a02,b96394ce-26db-4464-9685-f2e9120e8a43,false,"[Regression] JSON mismatch for matchId=4bc37efc-b4d6-4b74-b4d6-d9924e720a02
Expected: {""firstName"":""Борис"",""lastName"":""Zhao"",""age"":42,""address"":{""number"":221,""street"":null,""postcode"":""28013"",""city"":""Madrid"",""country"":""Россия""},""insurance"":false,""cars"":[{""brand"":""Renault"",""model"":""Model 3"",""maxSpeedKmH"":180.5}]}
Actual:   {""firstName"":""Борис"",""lastName"":""I$|tw$~"",""age"":42,""address"":{""number"":221,""street"":null,""postcode"":""28013"",""city"":""Madrid"",""country"":""Россия""},""insurance"":false,""cars"":[{""brand"":""Renault"",""model"":""Model 3"",""maxSpeedKmH"":180.5}]}"
4bc37efc-b4d6-4b74-b4d6-d9924e720a02,288ca81d-cb40-43b7-8313-eca2f308ea44,false,"[Regression] JSON mismatch for matchId=4bc37efc-b4d6-4b74-b4d6-d9924e720a02
Expected: {""firstName"":""Борис"",""lastName"":""Zhao"",""age"":42,""address"":{""number"":221,""street"":null,""postcode"":""28013"",""city"":""Madrid"",""country"":""Россия""},""insurance"":false,""cars"":[{""brand"":""Renault"",""model"":""Model 3"",""maxSpeedKmH"":180.5}]}
Actual:   {""firstName"":""Борис"",""lastName"":""Zhao"",""age"":-241395,""address"":{""number"":221,""street"":null,""postcode"":""28013"",""city"":""Madrid"",""country"":""Россия""},""insurance"":false,""cars"":[{""brand"":""Renault"",""model"":""Model 3"",""maxSpeedKmH"":180.5}]}"
4bc37efc-b4d6-4b74-b4d6-d9924e720a02,3b035c47-8eee-4f27-bceb-32a17bc918f1,false,"[Regression] JSON mismatch for matchId=4bc37efc-b4d6-4b74-b4d6-d9924e720a02
Expected: {""firstName"":""Борис"",""lastName"":""Zhao"",""age"":42,""address"":{""number"":221,""street"":null,""postcode"":""28013"",""city"":""Madrid"",""country"":""Россия""},""insurance"":false,""cars"":[{""brand"":""Renault"",""model"":""Model 3"",""maxSpeedKmH"":180.5}]}
Actual:   {""firstName"":""Борис"",""lastName"":""Zhao"",""age"":42,""address"":{""number"":221,""postcode"":""28013"",""country"":""Россия""},""insurance"":false,""cars"":[{""brand"":""Renault"",""model"":""Model 3"",""maxSpeedKmH"":180.5}]}"
4bc37efc-b4d6-4b74-b4d6-d9924e720a02,3b1445ec-0c23-49b9-acac-a81530df5aa3,false,"[Regression] JSON mismatch for matchId=4bc37efc-b4d6-4b74-b4d6-d9924e720a02
Expected: {""firstName"":""Борис"",""lastName"":""Zhao"",""age"":42,""address"":{""number"":221,""street"":null,""postcode"":""28013"",""city"":""Madrid"",""country"":""Россия""},""insurance"":false,""cars"":[{""brand"":""Renault"",""model"":""Model 3"",""maxSpeedKmH"":180.5}]}
Actual:   {""firstName"":""Борис"",""lastName"":""Zhao"",""age"":42,""address"":{""number"":{},""street"":null,""postcode"":""28013"",""city"":""Madrid"",""country"":""Россия""},""insurance"":false,""cars"":[{""brand"":""Renault"",""model"":""Model 3"",""maxSpeedKmH"":180.5}]}"
4bc37efc-b4d6-4b74-b4d6-d9924e720a02,90727270-c8ee-4b80-a528-41c650122595,false,"[Regression] JSON mismatch for matchId=4bc37efc-b4d6-4b74-b4d6-d9924e720a02
Expected: {""firstName"":""Борис"",""lastName"":""Zhao"",""age"":42,""address"":{""number"":221,""street"":null,""postcode"":""28013"",""city"":""Madrid"",""country"":""Россия""},""insurance"":false,""cars"":[{""brand"":""Renault"",""model"":""Model 3"",""maxSpeedKmH"":180.5}]}
Actual:   {""firstName"":""Борис"",""lastName"":""Zhao"",""age"":42,""address"":{""number"":221,""street"":-289976.8137227148,""postcode"":""28013"",""city"":""Madrid"",""country"":""Россия""},""insurance"":false,""cars"":[{""brand"":""Renault"",""model"":""Model 3"",""maxSpeedKmH"":180.5}]}"
4bc37efc-b4d6-4b74-b4d6-d9924e720a02,860ad1d1-71db-4696-9c6e-a65d0b279d8d,false,"[Regression] JSON mismatch for matchId=4bc37efc-b4d6-4b74-b4d6-d9924e720a02
Expected: {""firstName"":""Борис"",""lastName"":""Zhao"",""age"":42,""address"":{""number"":221,""street"":null,""postcode"":""28013"",""city"":""Madrid"",""country"":""Россия""},""insurance"":false,""cars"":[{""brand"":""Renault"",""model"":""Model 3"",""maxSpeedKmH"":180.5}]}
Actual:   {""firstName"":""Борис"",""lastName"":""Zhao"",""age"":42,""address"":{""number"":221,""street"":null,""postcode"":null,""city"":""Madrid"",""country"":""Россия""},""insurance"":false,""cars"":[{""brand"":""Renault"",""model"":""Model 3"",""maxSpeedKmH"":180.5}]}"
4bc37efc-b4d6-4b74-b4d6-d9924e720a02,bc854bd9-c224-40ea-aa2f-a22897683f94,false,"[Regression] JSON mismatch for matchId=4bc37efc-b4d6-4b74-b4d6-d9924e720a02
Expected: {""firstName"":""Борис"",""lastName"":""Zhao"",""age"":42,""address"":{""number"":221,""street"":null,""postcode"":""28013"",""city"":""Madrid"",""country"":""Россия""},""insurance"":false,""cars"":[{""brand"":""Renault"",""model"":""Model 3"",""maxSpeedKmH"":180.5}]}
Actual:   {""firstName"":""Борис"",""lastName"":""Zhao"",""age"":42,""address"":{""number"":221,""street"":null,""postcode"":""28013"",""city"":null,""country"":""Россия""},""insurance"":false,""cars"":[{""brand"":""Renault"",""model"":""Model 3"",""maxSpeedKmH"":180.5}]}"
4bc37efc-b4d6-4b74-b4d6-d9924e720a02,2a0c0deb-1cf5-4e29-b250-718b90547781,false,"[Regression] JSON mismatch for matchId=4bc37efc-b4d6-4b74-b4d6-d9924e720a02
Expected: {""firstName"":""Борис"",""lastName"":""Zhao"",""age"":42,""address"":{""number"":221,""street"":null,""postcode"":""28013"",""city"":""Madrid"",""country"":""Россия""},""insurance"":false,""cars"":[{""brand"":""Renault"",""model"":""Model 3"",""maxSpeedKmH"":180.5}]}
Actual:   {""firstName"":""Борис"",""lastName"":""Zhao"",""age"":42,""address"":{""number"":221,""street"":null,""postcode"":""28013"",""city"":""Madrid"",""country"":null},""insurance"":false,""cars"":[{""brand"":""Renault"",""model"":""Model 3"",""maxSpeedKmH"":180.5}]}"
4bc37efc-b4d6-4b74-b4d6-d9924e720a02,0848da99-a08e-4d4e-955d-e91e42ab9e55,false,"[Regression] JSON mismatch for matchId=4bc37efc-b4d6-4b74-b4d6-d9924e720a02
Expected: {""firstName"":""Борис"",""lastName"":""Zhao"",""age"":42,""address"":{""number"":221,""street"":null,""postcode"":""28013"",""city"":""Madrid"",""country"":""Россия""},""insurance"":false,""cars"":[{""brand"":""Renault"",""model"":""Model 3"",""maxSpeedKmH"":180.5}]}
Actual:   {""firstName"":""Борис"",""lastName"":""Zhao"",""age"":42,""address"":{""number"":221,""street"":null,""postcode"":""28013"",""city"":""Madrid"",""country"":""Россия""},""insurance"":-289976.8137227148,""cars"":[{""brand"":""Renault"",""model"":""Model 3"",""maxSpeedKmH"":180.5}]}"
4bc37efc-b4d6-4b74-b4d6-d9924e720a02,8594cc1e-99bb-4145-b2a4-9a5d38f4038c,false,"[Regression] JSON mismatch for matchId=4bc37efc-b4d6-4b74-b4d6-d9924e720a02
Expected: {""firstName"":""Борис"",""lastName"":""Zhao"",""age"":42,""address"":{""number"":221,""street"":null,""postcode"":""28013"",""city"":""Madrid"",""country"":""Россия""},""insurance"":false,""cars"":[{""brand"":""Renault"",""model"":""Model 3"",""maxSpeedKmH"":180.5}]}
Actual:   {""firstName"":""Борис"",""lastName"":""Zhao"",""age"":42,""address"":{""number"":221,""street"":null,""postcode"":""28013"",""city"":""Madrid"",""country"":""Россия""},""insurance"":false,""cars"":[]}"
4bc37efc-b4d6-4b74-b4d6-d9924e720a02,759dbb59-22c4-431c-a18f-79634be1f717,false,"[Regression] JSON mismatch for matchId=4bc37efc-b4d6-4b74-b4d6-d9924e720a02
Expected: {""firstName"":""Борис"",""lastName"":""Zhao"",""age"":42,""address"":{""number"":221,""street"":null,""postcode"":""28013"",""city"":""Madrid"",""country"":""Россия""},""insurance"":false,""cars"":[{""brand"":""Renault"",""model"":""Model 3"",""maxSpeedKmH"":180.5}]}
Actual:   {""firstName"":""Борис"",""lastName"":""Zhao"",""age"":42,""address"":{""number"":221,""street"":null,""postcode"":""28013"",""city"":""Madrid"",""country"":""Россия""},""insurance"":false,""cars"":[[]]}"
4bc37efc-b4d6-4b74-b4d6-d9924e720a02,2cbe47ca-3ecb-465a-8fb2-a33f9cb6c6c7,false,"[Regression] JSON mismatch for matchId=4bc37efc-b4d6-4b74-b4d6-d9924e720a02
Expected: {""firstName"":""Борис"",""lastName"":""Zhao"",""age"":42,""address"":{""number"":221,""street"":null,""postcode"":""28013"",""city"":""Madrid"",""country"":""Россия""},""insurance"":false,""cars"":[{""brand"":""Renault"",""model"":""Model 3"",""maxSpeedKmH"":180.5}]}
Actual:   {""firstName"":""Борис"",""lastName"":""Zhao"",""age"":42,""address"":{""number"":221,""street"":null,""postcode"":""28013"",""city"":""Madrid"",""country"":""Россия""},""insurance"":false,""cars"":[{""brand"":[],""model"":""Model 3"",""maxSpeedKmH"":180.5}]}"
4bc37efc-b4d6-4b74-b4d6-d9924e720a02,f365004c-047e-4b43-ae8e-72e60be55771,false,"[Regression] JSON mismatch for matchId=4bc37efc-b4d6-4b74-b4d6-d9924e720a02
Expected: {""firstName"":""Борис"",""lastName"":""Zhao"",""age"":42,""address"":{""number"":221,""street"":null,""postcode"":""28013"",""city"":""Madrid"",""country"":""Россия""},""insurance"":false,""cars"":[{""brand"":""Renault"",""model"":""Model 3"",""maxSpeedKmH"":180.5}]}
Actual:   {""firstName"":""Борис"",""lastName"":""Zhao"",""age"":42,""address"":{""number"":221,""street"":null,""postcode"":""28013"",""city"":""Madrid"",""country"":""Россия""},""insurance"":false,""cars"":[{""brand"":""Renault"",""model"":"""",""maxSpeedKmH"":180.5}]}"
4bc37efc-b4d6-4b74-b4d6-d9924e720a02,6cb9da30-12dc-4d00-b5c2-bc83cb2bc106,false,"[Regression] JSON mismatch for matchId=4bc37efc-b4d6-4b74-b4d6-d9924e720a02
Expected: {""firstName"":""Борис"",""lastName"":""Zhao"",""age"":42,""address"":{""number"":221,""street"":null,""postcode"":""28013"",""city"":""Madrid"",""country"":""Россия""},""insurance"":false,""cars"":[{""brand"":""Renault"",""model"":""Model 3"",""maxSpeedKmH"":180.5}]}
Actual:   {""firstName"":""Борис"",""lastName"":""Zhao"",""age"":42,""address"":{""number"":221,""street"":null,""postcode"":""28013"",""city"":""Madrid"",""country"":""Россия""},""insurance"":false,""cars"":[{""brand"":""Renault"",""model"":""Model 3"",""maxSpeedKmH"":null}]}"
12f6eb5d-f5b0-4b4a-a69b-97bf508a3967,32db2ec7-6cb3-4c7c-a9a1-e43283143c15,false,"[Regression] Status code mismatch for matchId=12f6eb5d-f5b0-4b4a-a69b-97bf508a3967
   Expected: 201
   Actual:   502"
12f6eb5d-f5b0-4b4a-a69b-97bf508a3967,6a12f163-85cb-45fa-ad59-416e064a8078,false,"[Regression] Header size mismatch for matchId=12f6eb5d-f5b0-4b4a-a69b-97bf508a3967
   Expected: {transfer-encoding=chunked, content-type=application/json}
   Actual:   {transfer-encoding=chunked}"
12f6eb5d-f5b0-4b4a-a69b-97bf508a3967,05c741c2-262f-4e74-90cb-83bdac32600e,false,"[Regression] Header value (content-type) mismatch for matchId=12f6eb5d-f5b0-4b4a-a69b-97bf508a3967
   Expected: application/json
   Actual:   application/json; charset=Latin-9"
12f6eb5d-f5b0-4b4a-a69b-97bf508a3967,f1fb23c7-cf74-4f69-9cdd-3699164acab5,false,"[Regression] JSON mismatch for matchId=12f6eb5d-f5b0-4b4a-a69b-97bf508a3967
Expected: {""firstName"":""Alice"",""lastName"":""Zhao"",""age"":0,""address"":{""number"":221,""street"":""Calle Mayor"",""postcode"":""630099"",""city"":null,""country"":""Spain""},""cars"":[{""brand"":""Tesla"",""model"":""Model 3"",""maxSpeedKmH"":220.0}]}
Actual:   {""firstName"":""Alice"",""lastName"":""Zhao"",""age"":0,""address"":{""number"":221,""street"":""Calle Mayor"",""postcode"":""630099"",""city"":null,""country"":""Spain""},""cars"":[{""brand"":""Tesla"",""model"":""Model 3"",""maxSpeedKmH"":220.0}],""randomBoolean1"":true}"
12f6eb5d-f5b0-4b4a-a69b-97bf508a3967,a33b4b78-06d9-425b-b6bf-d8be316201cc,false,"[Regression] JSON mismatch for matchId=12f6eb5d-f5b0-4b4a-a69b-97bf508a3967
Expected: {""firstName"":""Alice"",""lastName"":""Zhao"",""age"":0,""address"":{""number"":221,""street"":""Calle Mayor"",""postcode"":""630099"",""city"":null,""country"":""Spain""},""cars"":[{""brand"":""Tesla"",""model"":""Model 3"",""maxSpeedKmH"":220.0}]}
Actual:   {""firstName"":""Alic/,e"",""lastName"":""Zhao"",""age"":0,""address"":{""number"":221,""street"":""Calle Mayor"",""postcode"":""630099"",""city"":null,""country"":""Spain""},""cars"":[{""brand"":""Tesla"",""model"":""Model 3"",""maxSpeedKmH"":220.0}]}"
12f6eb5d-f5b0-4b4a-a69b-97bf508a3967,5d691f31-3933-45d9-9c11-bc1c344445bb,false,"[Regression] JSON mismatch for matchId=12f6eb5d-f5b0-4b4a-a69b-97bf508a3967
Expected: {""firstName"":""Alice"",""lastName"":""Zhao"",""age"":0,""address"":{""number"":221,""street"":""Calle Mayor"",""postcode"":""630099"",""city"":null,""country"":""Spain""},""cars"":[{""brand"":""Tesla"",""model"":""Model 3"",""maxSpeedKmH"":220.0}]}
Actual:   {""firstName"":""Alice"",""lastName"":""a8-"",""age"":0,""address"":{""number"":221,""street"":""Calle Mayor"",""postcode"":""630099"",""city"":null,""country"":""Spain""},""cars"":[{""brand"":""Tesla"",""model"":""Model 3"",""maxSpeedKmH"":220.0}]}"
12f6eb5d-f5b0-4b4a-a69b-97bf508a3967,aed14863-09e7-4e92-afcf-6dd8d0eb7b5d,false,"[Regression] JSON mismatch for matchId=12f6eb5d-f5b0-4b4a-a69b-97bf508a3967
Expected: {""firstName"":""Alice"",""lastName"":""Zhao"",""age"":0,""address"":{""number"":221,""street"":""Calle Mayor"",""postcode"":""630099"",""city"":null,""country"":""Spain""},""cars"":[{""brand"":""Tesla"",""model"":""Model 3"",""maxSpeedKmH"":220.0}]}
Actual:   {""firstName"":""Alice"",""lastName"":""Zhao"",""age"":null,""address"":{""number"":221,""street"":""Calle Mayor"",""postcode"":""630099"",""city"":null,""country"":""Spain""},""cars"":[{""brand"":""Tesla"",""model"":""Model 3"",""maxSpeedKmH"":220.0}]}"
12f6eb5d-f5b0-4b4a-a69b-97bf508a3967,33424dee-a0ad-43e4-9376-328e7bde88c0,false,"[Regression] JSON mismatch for matchId=12f6eb5d-f5b0-4b4a-a69b-97bf508a3967
Expected: {""firstName"":""Alice"",""lastName"":""Zhao"",""age"":0,""address"":{""number"":221,""street"":""Calle Mayor"",""postcode"":""630099"",""city"":null,""country"":""Spain""},""cars"":[{""brand"":""Tesla"",""model"":""Model 3"",""maxSpeedKmH"":220.0}]}
Actual:   {""firstName"":""Alice"",""lastName"":""Zhao"",""age"":0,""address"":-289976.8137227148,""cars"":[{""brand"":""Tesla"",""model"":""Model 3"",""maxSpeedKmH"":220.0}]}"
12f6eb5d-f5b0-4b4a-a69b-97bf508a3967,d77ec076-2444-4392-b160-13b57b5aee7f,false,"[Regression] JSON mismatch for matchId=12f6eb5d-f5b0-4b4a-a69b-97bf508a3967
Expected: {""firstName"":""Alice"",""lastName"":""Zhao"",""age"":0,""address"":{""number"":221,""street"":""Calle Mayor"",""postcode"":""630099"",""city"":null,""country"":""Spain""},""cars"":[{""brand"":""Tesla"",""model"":""Model 3"",""maxSpeedKmH"":220.0}]}
Actual:   {""firstName"":""Alice"",""lastName"":""Zhao"",""age"":0,""address"":{""number"":-618785,""street"":""Calle Mayor"",""postcode"":""630099"",""city"":null,""country"":""Spain""},""cars"":[{""brand"":""Tesla"",""model"":""Model 3"",""maxSpeedKmH"":220.0}]}"
12f6eb5d-f5b0-4b4a-a69b-97bf508a3967,d8f4c517-ac88-4316-8a62-8949624a06dd,false,"[Regression] JSON mismatch for matchId=12f6eb5d-f5b0-4b4a-a69b-97bf508a3967
Expected: {""firstName"":""Alice"",""lastName"":""Zhao"",""age"":0,""address"":{""number"":221,""street"":""Calle Mayor"",""postcode"":""630099"",""city"":null,""country"":""Spain""},""cars"":[{""brand"":""Tesla"",""model"":""Model 3"",""maxSpeedKmH"":220.0}]}
Actual:   {""firstName"":""Alice"",""lastName"":""Zhao"",""age"":0,""address"":{""number"":221,""street"":{},""postcode"":""630099"",""city"":null,""country"":""Spain""},""cars"":[{""brand"":""Tesla"",""model"":""Model 3"",""maxSpeedKmH"":220.0}]}"
12f6eb5d-f5b0-4b4a-a69b-97bf508a3967,f3934ef6-2b2d-45bc-8173-84bfb1afc82c,false,"[Regression] JSON mismatch for matchId=12f6eb5d-f5b0-4b4a-a69b-97bf508a3967
Expected: {""firstName"":""Alice"",""lastName"":""Zhao"",""age"":0,""address"":{""number"":221,""street"":""Calle Mayor"",""postcode"":""630099"",""city"":null,""country"":""Spain""},""cars"":[{""brand"":""Tesla"",""model"":""Model 3"",""maxSpeedKmH"":220.0}]}
Actual:   {""firstName"":""Alice"",""lastName"":""Zhao"",""age"":0,""address"":{""number"":221,""street"":""Calle Mayor"",""postcode"":""EJEMPLO MAYUS"",""city"":null,""country"":""Spain""},""cars"":[{""brand"":""Tesla"",""model"":""Model 3"",""maxSpeedKmH"":220.0}]}"
12f6eb5d-f5b0-4b4a-a69b-97bf508a3967,6d795977-b872-4a03-8bfe-cbabbcf9e857,false,"[Regression] JSON mismatch for matchId=12f6eb5d-f5b0-4b4a-a69b-97bf508a3967
Expected: {""firstName"":""Alice"",""lastName"":""Zhao"",""age"":0,""address"":{""number"":221,""street"":""Calle Mayor"",""postcode"":""630099"",""city"":null,""country"":""Spain""},""cars"":[{""brand"":""Tesla"",""model"":""Model 3"",""maxSpeedKmH"":220.0}]}
Actual:   {""firstName"":""Alice"",""lastName"":""Zhao"",""age"":0,""address"":{""number"":221,""street"":""Calle Mayor"",""postcode"":""630099"",""city"":-289976.8137227148,""country"":""Spain""},""cars"":[{""brand"":""Tesla"",""model"":""Model 3"",""maxSpeedKmH"":220.0}]}"
12f6eb5d-f5b0-4b4a-a69b-97bf508a3967,473be936-2817-4f5d-a7a3-48327adef411,false,"[Regression] JSON mismatch for matchId=12f6eb5d-f5b0-4b4a-a69b-97bf508a3967
Expected: {""firstName"":""Alice"",""lastName"":""Zhao"",""age"":0,""address"":{""number"":221,""street"":""Calle Mayor"",""postcode"":""630099"",""city"":null,""country"":""Spain""},""cars"":[{""brand"":""Tesla"",""model"":""Model 3"",""maxSpeedKmH"":220.0}]}
Actual:   {""firstName"":""Alice"",""lastName"":""Zhao"",""age"":0,""address"":{""number"":221,""street"":""Calle Mayor"",""postcode"":""630099"",""city"":null,""country"":null},""cars"":[{""brand"":""Tesla"",""model"":""Model 3"",""maxSpeedKmH"":220.0}]}"
12f6eb5d-f5b0-4b4a-a69b-97bf508a3967,4b26eb5d-7e23-4e6c-b8c7-1bcddb3f16cb,false,"[Regression] JSON mismatch for matchId=12f6eb5d-f5b0-4b4a-a69b-97bf508a3967
Expected: {""firstName"":""Alice"",""lastName"":""Zhao"",""age"":0,""address"":{""number"":221,""street"":""Calle Mayor"",""postcode"":""630099"",""city"":null,""country"":""Spain""},""cars"":[{""brand"":""Tesla"",""model"":""Model 3"",""maxSpeedKmH"":220.0}]}
Actual:   {""firstName"":""Alice"",""lastName"":""Zhao"",""age"":0,""address"":{""number"":221,""street"":""Calle Mayor"",""postcode"":""630099"",""city"":null,""country"":""Spain""},""cars"":[]}"
12f6eb5d-f5b0-4b4a-a69b-97bf508a3967,177d960e-d884-4150-ba26-3f7d1a30eace,false,"[Regression] JSON mismatch for matchId=12f6eb5d-f5b0-4b4a-a69b-97bf508a3967
Expected: {""firstName"":""Alice"",""lastName"":""Zhao"",""age"":0,""address"":{""number"":221,""street"":""Calle Mayor"",""postcode"":""630099"",""city"":null,""country"":""Spain""},""cars"":[{""brand"":""Tesla"",""model"":""Model 3"",""maxSpeedKmH"":220.0}]}
Actual:   {""firstName"":""Alice"",""lastName"":""Zhao"",""age"":0,""address"":{""number"":221,""street"":""Calle Mayor"",""postcode"":""630099"",""city"":null,""country"":""Spain""},""cars"":[null]}"
12f6eb5d-f5b0-4b4a-a69b-97bf508a3967,aad308b7-3b05-4ff2-82d1-da42edb3110a,false,"[Regression] JSON mismatch for matchId=12f6eb5d-f5b0-4b4a-a69b-97bf508a3967
Expected: {""firstName"":""Alice"",""lastName"":""Zhao"",""age"":0,""address"":{""number"":221,""street"":""Calle Mayor"",""postcode"":""630099"",""city"":null,""country"":""Spain""},""cars"":[{""brand"":""Tesla"",""model"":""Model 3"",""maxSpeedKmH"":220.0}]}
Actual:   {""firstName"":""Alice"",""lastName"":""Zhao"",""age"":0,""address"":{""number"":221,""street"":""Calle Mayor"",""postcode"":""630099"",""city"":null,""country"":""Spain""},""cars"":[{""brand"":""Tesla*"",""model"":""Model 3"",""maxSpeedKmH"":220.0}]}"
12f6eb5d-f5b0-4b4a-a69b-97bf508a3967,e3e3e886-4dfa-4066-879d-e12dffff69f4,false,"[Regression] JSON mismatch for matchId=12f6eb5d-f5b0-4b4a-a69b-97bf508a3967
Expected: {""firstName"":""Alice"",""lastName"":""Zhao"",""age"":0,""address"":{""number"":221,""street"":""Calle Mayor"",""postcode"":""630099"",""city"":null,""country"":""Spain""},""cars"":[{""brand"":""Tesla"",""model"":""Model 3"",""maxSpeedKmH"":220.0}]}
Actual:   {""firstName"":""Alice"",""lastName"":""Zhao"",""age"":0,""address"":{""number"":221,""street"":""Calle Mayor"",""postcode"":""630099"",""city"":null,""country"":""Spain""},""cars"":[{""brand"":""Tesla"",""model"":""Mode/,l 3"",""maxSpeedKmH"":220.0}]}"
12f6eb5d-f5b0-4b4a-a69b-97bf508a3967,5385a9ef-7527-4ac9-8ba0-6891bdd43896,false,"[Regression] JSON mismatch for matchId=12f6eb5d-f5b0-4b4a-a69b-97bf508a3967
Expected: {""firstName"":""Alice"",""lastName"":""Zhao"",""age"":0,""address"":{""number"":221,""street"":""Calle Mayor"",""postcode"":""630099"",""city"":null,""country"":""Spain""},""cars"":[{""brand"":""Tesla"",""model"":""Model 3"",""maxSpeedKmH"":220.0}]}
Actual:   {""firstName"":""Alice"",""lastName"":""Zhao"",""age"":0,""address"":{""number"":221,""street"":""Calle Mayor"",""postcode"":""630099"",""city"":null,""country"":""Spain""},""cars"":[{""brand"":""Tesla"",""model"":""Model 3"",""maxSpeedKmH"":null}]}"
e14c6932-d73b-4b6f-bc57-6fbf4851be1e,1b79169a-1c56-42f6-8162-189bb758876c,false,"[Regression] Status code mismatch for matchId=e14c6932-d73b-4b6f-bc57-6fbf4851be1e
   Expected: 201
   Actual:   204"
e14c6932-d73b-4b6f-bc57-6fbf4851be1e,5248d58f-ae21-49ec-a24e-2231d7859a9f,false,"[Regression] Header value (content-type) mismatch for matchId=e14c6932-d73b-4b6f-bc57-6fbf4851be1e
   Expected: application/json
   Actual:   text/plain"
e14c6932-d73b-4b6f-bc57-6fbf4851be1e,a2bde0c5-2055-44a7-a13c-4dd4a3bd185e,false,"[Regression] Header value (content-type) mismatch for matchId=e14c6932-d73b-4b6f-bc57-6fbf4851be1e
   Expected: application/json
   Actual:   application/json; charset=utf-32"
e14c6932-d73b-4b6f-bc57-6fbf4851be1e,d308a0c6-f950-430f-be99-c802124562af,false,"[Regression] JSON mismatch for matchId=e14c6932-d73b-4b6f-bc57-6fbf4851be1e
Expected: {""firstName"":""Lixin"",""lastName"":""García"",""age"":65,""address"":{""number"":0,""street"":""Prospekt Lenina"",""postcode"":""94107"",""city"":""San Francisco"",""country"":null},""cars"":[{""brand"":""Renault"",""model"":""Model 3"",""maxSpeedKmH"":135.75}]}
Actual:   {""firstName"":""Lixin"",""lastName"":""García"",""age"":65,""cars"":[{""brand"":""Renault"",""model"":""Model 3"",""maxSpeedKmH"":135.75}]}"
e14c6932-d73b-4b6f-bc57-6fbf4851be1e,383c968a-327b-41d7-81e5-22c0d122b19f,false,"[Regression] JSON mismatch for matchId=e14c6932-d73b-4b6f-bc57-6fbf4851be1e
Expected: {""firstName"":""Lixin"",""lastName"":""García"",""age"":65,""address"":{""number"":0,""street"":""Prospekt Lenina"",""postcode"":""94107"",""city"":""San Francisco"",""country"":null},""cars"":[{""brand"":""Renault"",""model"":""Model 3"",""maxSpeedKmH"":135.75}]}
Actual:   {""firstName"":null,""lastName"":""García"",""age"":65,""address"":{""number"":0,""street"":""Prospekt Lenina"",""postcode"":""94107"",""city"":""San Francisco"",""country"":null},""cars"":[{""brand"":""Renault"",""model"":""Model 3"",""maxSpeedKmH"":135.75}]}"
e14c6932-d73b-4b6f-bc57-6fbf4851be1e,95509065-08f9-46b2-ae80-c41f7b90457f,false,"[Regression] JSON mismatch for matchId=e14c6932-d73b-4b6f-bc57-6fbf4851be1e
Expected: {""firstName"":""Lixin"",""lastName"":""García"",""age"":65,""address"":{""number"":0,""street"":""Prospekt Lenina"",""postcode"":""94107"",""city"":""San Francisco"",""country"":null},""cars"":[{""brand"":""Renault"",""model"":""Model 3"",""maxSpeedKmH"":135.75}]}
Actual:   {""firstName"":""Lixin"",""lastName"":{},""age"":65,""address"":{""number"":0,""street"":""Prospekt Lenina"",""postcode"":""94107"",""city"":""San Francisco"",""country"":null},""cars"":[{""brand"":""Renault"",""model"":""Model 3"",""maxSpeedKmH"":135.75}]}"
e14c6932-d73b-4b6f-bc57-6fbf4851be1e,35bcb0dc-36d5-43c4-b40e-edef1b00807f,false,"[Regression] JSON mismatch for matchId=e14c6932-d73b-4b6f-bc57-6fbf4851be1e
Expected: {""firstName"":""Lixin"",""lastName"":""García"",""age"":65,""address"":{""number"":0,""street"":""Prospekt Lenina"",""postcode"":""94107"",""city"":""San Francisco"",""country"":null},""cars"":[{""brand"":""Renault"",""model"":""Model 3"",""maxSpeedKmH"":135.75}]}
Actual:   {""firstName"":""Lixin"",""lastName"":""García"",""age"":-289976.8137227148,""address"":{""number"":0,""street"":""Prospekt Lenina"",""postcode"":""94107"",""city"":""San Francisco"",""country"":null},""cars"":[{""brand"":""Renault"",""model"":""Model 3"",""maxSpeedKmH"":135.75}]}"
e14c6932-d73b-4b6f-bc57-6fbf4851be1e,9f879cca-62ee-4d8b-b814-5460fb054c67,false,"[Regression] JSON mismatch for matchId=e14c6932-d73b-4b6f-bc57-6fbf4851be1e
Expected: {""firstName"":""Lixin"",""lastName"":""García"",""age"":65,""address"":{""number"":0,""street"":""Prospekt Lenina"",""postcode"":""94107"",""city"":""San Francisco"",""country"":null},""cars"":[{""brand"":""Renault"",""model"":""Model 3"",""maxSpeedKmH"":135.75}]}
Actual:   {""firstName"":""Lixin"",""lastName"":""García"",""age"":65,""address"":{""number"":0,""street"":""Prospekt Lenina"",""postcode"":""94107"",""city"":""San Francisco"",""country"":null,""randomBoolean1"":true,""randomObject2"":{}},""cars"":[{""brand"":""Renault"",""model"":""Model 3"",""maxSpeedKmH"":135.75}]}"
e14c6932-d73b-4b6f-bc57-6fbf4851be1e,9281004f-9323-46dd-9cb8-79610a0b39d2,false,"[Regression] JSON mismatch for matchId=e14c6932-d73b-4b6f-bc57-6fbf4851be1e
Expected: {""firstName"":""Lixin"",""lastName"":""García"",""age"":65,""address"":{""number"":0,""street"":""Prospekt Lenina"",""postcode"":""94107"",""city"":""San Francisco"",""country"":null},""cars"":[{""brand"":""Renault"",""model"":""Model 3"",""maxSpeedKmH"":135.75}]}
Actual:   {""firstName"":""Lixin"",""lastName"":""García"",""age"":65,""address"":{""number"":{},""street"":""Prospekt Lenina"",""postcode"":""94107"",""city"":""San Francisco"",""country"":null},""cars"":[{""brand"":""Renault"",""model"":""Model 3"",""maxSpeedKmH"":135.75}]}"
e14c6932-d73b-4b6f-bc57-6fbf4851be1e,5cfc4c3e-0def-4726-9e14-6255ccda4e65,false,"[Regression] JSON mismatch for matchId=e14c6932-d73b-4b6f-bc57-6fbf4851be1e
Expected: {""firstName"":""Lixin"",""lastName"":""García"",""age"":65,""address"":{""number"":0,""street"":""Prospekt Lenina"",""postcode"":""94107"",""city"":""San Francisco"",""country"":null},""cars"":[{""brand"":""Renault"",""model"":""Model 3"",""maxSpeedKmH"":135.75}]}
Actual:   {""firstName"":""Lixin"",""lastName"":""García"",""age"":65,""address"":{""number"":0,""street"":""ejemplo minus"",""postcode"":""94107"",""city"":""San Francisco"",""country"":null},""cars"":[{""brand"":""Renault"",""model"":""Model 3"",""maxSpeedKmH"":135.75}]}"
e14c6932-d73b-4b6f-bc57-6fbf4851be1e,b5e69247-8e9f-48b6-a139-72a08f48f350,false,"[Regression] JSON mismatch for matchId=e14c6932-d73b-4b6f-bc57-6fbf4851be1e
Expected: {""firstName"":""Lixin"",""lastName"":""García"",""age"":65,""address"":{""number"":0,""street"":""Prospekt Lenina"",""postcode"":""94107"",""city"":""San Francisco"",""country"":null},""cars"":[{""brand"":""Renault"",""model"":""Model 3"",""maxSpeedKmH"":135.75}]}
Actual:   {""firstName"":""Lixin"",""lastName"":""García"",""age"":65,""address"":{""number"":0,""street"":""Prospekt Lenina"",""postcode"":""94/*107"",""city"":""San Francisco"",""country"":null},""cars"":[{""brand"":""Renault"",""model"":""Model 3"",""maxSpeedKmH"":135.75}]}"
e14c6932-d73b-4b6f-bc57-6fbf4851be1e,b00e3e92-cb45-4c37-b559-f3a809ba7c90,false,"[Regression] JSON mismatch for matchId=e14c6932-d73b-4b6f-bc57-6fbf4851be1e
Expected: {""firstName"":""Lixin"",""lastName"":""García"",""age"":65,""address"":{""number"":0,""street"":""Prospekt Lenina"",""postcode"":""94107"",""city"":""San Francisco"",""country"":null},""cars"":[{""brand"":""Renault"",""model"":""Model 3"",""maxSpeedKmH"":135.75}]}
Actual:   {""firstName"":""Lixin"",""lastName"":""García"",""age"":65,""address"":{""number"":0,""street"":""Prospekt Lenina"",""postcode"":""94107"",""city"":null,""country"":null},""cars"":[{""brand"":""Renault"",""model"":""Model 3"",""maxSpeedKmH"":135.75}]}"
e14c6932-d73b-4b6f-bc57-6fbf4851be1e,c5da0a66-e0a0-4fa7-983a-cfde48dccf0f,false,"[Regression] JSON mismatch for matchId=e14c6932-d73b-4b6f-bc57-6fbf4851be1e
Expected: {""firstName"":""Lixin"",""lastName"":""García"",""age"":65,""address"":{""number"":0,""street"":""Prospekt Lenina"",""postcode"":""94107"",""city"":""San Francisco"",""country"":null},""cars"":[{""brand"":""Renault"",""model"":""Model 3"",""maxSpeedKmH"":135.75}]}
Actual:   {""firstName"":""Lixin"",""lastName"":""García"",""age"":65,""address"":{""number"":0,""street"":""Prospekt Lenina"",""postcode"":""94107"",""city"":""San Francisco"",""country"":-289976.8137227148},""cars"":[{""brand"":""Renault"",""model"":""Model 3"",""maxSpeedKmH"":135.75}]}"
e14c6932-d73b-4b6f-bc57-6fbf4851be1e,70e64a2e-13b2-4b46-a607-211e65898bfb,false,"[Regression] JSON mismatch for matchId=e14c6932-d73b-4b6f-bc57-6fbf4851be1e
Expected: {""firstName"":""Lixin"",""lastName"":""García"",""age"":65,""address"":{""number"":0,""street"":""Prospekt Lenina"",""postcode"":""94107"",""city"":""San Francisco"",""country"":null},""cars"":[{""brand"":""Renault"",""model"":""Model 3"",""maxSpeedKmH"":135.75}]}
Actual:   {""firstName"":""Lixin"",""lastName"":""García"",""age"":65,""address"":{""number"":0,""street"":""Prospekt Lenina"",""postcode"":""94107"",""city"":""San Francisco"",""country"":null},""cars"":[]}"
e14c6932-d73b-4b6f-bc57-6fbf4851be1e,b0bd7de7-918d-4747-a77b-e915b40e1d0b,false,"[Regression] JSON mismatch for matchId=e14c6932-d73b-4b6f-bc57-6fbf4851be1e
Expected: {""firstName"":""Lixin"",""lastName"":""García"",""age"":65,""address"":{""number"":0,""street"":""Prospekt Lenina"",""postcode"":""94107"",""city"":""San Francisco"",""country"":null},""cars"":[{""brand"":""Renault"",""model"":""Model 3"",""maxSpeedKmH"":135.75}]}
Actual:   {""firstName"":""Lixin"",""lastName"":""García"",""age"":65,""address"":{""number"":0,""street"":""Prospekt Lenina"",""postcode"":""94107"",""city"":""San Francisco"",""country"":null},""cars"":[[]]}"
e14c6932-d73b-4b6f-bc57-6fbf4851be1e,38b1c9d5-1e7b-4265-98e8-f7846c288a82,false,"[Regression] JSON mismatch for matchId=e14c6932-d73b-4b6f-bc57-6fbf4851be1e
Expected: {""firstName"":""Lixin"",""lastName"":""García"",""age"":65,""address"":{""number"":0,""street"":""Prospekt Lenina"",""postcode"":""94107"",""city"":""San Francisco"",""country"":null},""cars"":[{""brand"":""Renault"",""model"":""Model 3"",""maxSpeedKmH"":135.75}]}
Actual:   {""firstName"":""Lixin"",""lastName"":""García"",""age"":65,""address"":{""number"":0,""street"":""Prospekt Lenina"",""postcode"":""94107"",""city"":""San Francisco"",""country"":null},""cars"":[{""brand"":[],""model"":""Model 3"",""maxSpeedKmH"":135.75}]}"
e14c6932-d73b-4b6f-bc57-6fbf4851be1e,91c85f01-33ee-421d-bc43-1964057a0c69,false,"[Regression] JSON mismatch for matchId=e14c6932-d73b-4b6f-bc57-6fbf4851be1e
Expected: {""firstName"":""Lixin"",""lastName"":""García"",""age"":65,""address"":{""number"":0,""street"":""Prospekt Lenina"",""postcode"":""94107"",""city"":""San Francisco"",""country"":null},""cars"":[{""brand"":""Renault"",""model"":""Model 3"",""maxSpeedKmH"":135.75}]}
Actual:   {""firstName"":""Lixin"",""lastName"":""García"",""age"":65,""address"":{""number"":0,""street"":""Prospekt Lenina"",""postcode"":""94107"",""city"":""San Francisco"",""country"":null},""cars"":[{""brand"":""Renault"",""model"":{},""maxSpeedKmH"":135.75}]}"
e14c6932-d73b-4b6f-bc57-6fbf4851be1e,6d71915e-b173-4126-9a65-4c178ebfabd4,false,"[Regression] JSON mismatch for matchId=e14c6932-d73b-4b6f-bc57-6fbf4851be1e
Expected: {""firstName"":""Lixin"",""lastName"":""García"",""age"":65,""address"":{""number"":0,""street"":""Prospekt Lenina"",""postcode"":""94107"",""city"":""San Francisco"",""country"":null},""cars"":[{""brand"":""Renault"",""model"":""Model 3"",""maxSpeedKmH"":135.75}]}
Actual:   {""firstName"":""Lixin"",""lastName"":""García"",""age"":65,""address"":{""number"":0,""street"":""Prospekt Lenina"",""postcode"":""94107"",""city"":""San Francisco"",""country"":null},""cars"":[{""brand"":""Renault"",""model"":""Model 3"",""maxSpeedKmH"":null}]}"
3d7d8209-d203-4c43-9d73-3c51e52f097b,af20a23f-630d-45de-ac75-e104a61c1514,false,"[Regression] Status code mismatch for matchId=3d7d8209-d203-4c43-9d73-3c51e52f097b
   Expected: 201
   Actual:   401"
3d7d8209-d203-4c43-9d73-3c51e52f097b,d96cf029-74ad-4a5d-89a4-62f1d8fa712d,false,"[Regression] Header value (content-type) mismatch for matchId=3d7d8209-d203-4c43-9d73-3c51e52f097b
   Expected: application/json
   Actual:   application/x-www-form-urlencoded"
3d7d8209-d203-4c43-9d73-3c51e52f097b,eb1d3b02-3f14-4893-a5e9-7d61a54b58e8,false,"[Regression] Header value (content-type) mismatch for matchId=3d7d8209-d203-4c43-9d73-3c51e52f097b
   Expected: application/json
   Actual:   application/json; charset=utf-16"
3d7d8209-d203-4c43-9d73-3c51e52f097b,1b78ed00-5d56-4144-98e0-ae00b3396a47,false,"[Regression] JSON mismatch for matchId=3d7d8209-d203-4c43-9d73-3c51e52f097b
Expected: {""age"":28,""address"":{""number"":10,""street"":""Baker Street"",""postcode"":""94107"",""city"":""Новосибирск"",""country"":""Spain""},""cars"":[{""brand"":""Toyota"",""model"":""Clio"",""maxSpeedKmH"":135.75}]}
Actual:   {""age"":28,""cars"":[{""brand"":""Toyota"",""model"":""Clio"",""maxSpeedKmH"":135.75}]}"
3d7d8209-d203-4c43-9d73-3c51e52f097b,d926db56-d3dd-4a4d-bf86-d62aae2c6f3e,false,"[Regression] JSON mismatch for matchId=3d7d8209-d203-4c43-9d73-3c51e52f097b
Expected: {""age"":28,""address"":{""number"":10,""street"":""Baker Street"",""postcode"":""94107"",""city"":""Новосибирск"",""country"":""Spain""},""cars"":[{""brand"":""Toyota"",""model"":""Clio"",""maxSpeedKmH"":135.75}]}
Actual:   {""age"":-241395,""address"":{""number"":10,""street"":""Baker Street"",""postcode"":""94107"",""city"":""Новосибирск"",""country"":""Spain""},""cars"":[{""brand"":""Toyota"",""model"":""Clio"",""maxSpeedKmH"":135.75}]}"
3d7d8209-d203-4c43-9d73-3c51e52f097b,13363da6-6d55-4318-9a2c-4060ca34a9ad,false,"[Regression] JSON mismatch for matchId=3d7d8209-d203-4c43-9d73-3c51e52f097b
Expected: {""age"":28,""address"":{""number"":10,""street"":""Baker Street"",""postcode"":""94107"",""city"":""Новосибирск"",""country"":""Spain""},""cars"":[{""brand"":""Toyota"",""model"":""Clio"",""maxSpeedKmH"":135.75}]}
Actual:   {""age"":28,""address"":{""number"":10,""street"":""Baker Street"",""postcode"":""94107"",""city"":""Новосибирск"",""country"":""Spain"",""randomBoolean1"":true,""randomObject2"":{}},""cars"":[{""brand"":""Toyota"",""model"":""Clio"",""maxSpeedKmH"":135.75}]}"
3d7d8209-d203-4c43-9d73-3c51e52f097b,b8bb91e8-216c-456b-a8c1-3cffee7cde70,false,"[Regression] JSON mismatch for matchId=3d7d8209-d203-4c43-9d73-3c51e52f097b
Expected: {""age"":28,""address"":{""number"":10,""street"":""Baker Street"",""postcode"":""94107"",""city"":""Новосибирск"",""country"":""Spain""},""cars"":[{""brand"":""Toyota"",""model"":""Clio"",""maxSpeedKmH"":135.75}]}
Actual:   {""age"":28,""address"":{""number"":-618785,""street"":""Baker Street"",""postcode"":""94107"",""city"":""Новосибирск"",""country"":""Spain""},""cars"":[{""brand"":""Toyota"",""model"":""Clio"",""maxSpeedKmH"":135.75}]}"
3d7d8209-d203-4c43-9d73-3c51e52f097b,4431b6ae-4189-43fa-8b1c-93e4b5a6826b,false,"[Regression] JSON mismatch for matchId=3d7d8209-d203-4c43-9d73-3c51e52f097b
Expected: {""age"":28,""address"":{""number"":10,""street"":""Baker Street"",""postcode"":""94107"",""city"":""Новосибирск"",""country"":""Spain""},""cars"":[{""brand"":""Toyota"",""model"":""Clio"",""maxSpeedKmH"":135.75}]}
Actual:   {""age"":28,""address"":{""number"":10,""street"":""B"",""postcode"":""94107"",""city"":""Новосибирск"",""country"":""Spain""},""cars"":[{""brand"":""Toyota"",""model"":""Clio"",""maxSpeedKmH"":135.75}]}"
3d7d8209-d203-4c43-9d73-3c51e52f097b,2bc918c1-34da-430d-bb50-8dbc2d17b173,false,"[Regression] JSON mismatch for matchId=3d7d8209-d203-4c43-9d73-3c51e52f097b
Expected: {""age"":28,""address"":{""number"":10,""street"":""Baker Street"",""postcode"":""94107"",""city"":""Новосибирск"",""country"":""Spain""},""cars"":[{""brand"":""Toyota"",""model"":""Clio"",""maxSpeedKmH"":135.75}]}
Actual:   {""age"":28,""address"":{""number"":10,""street"":""Baker Street"",""postcode"":""Mf@@fQG?"",""city"":""Новосибирск"",""country"":""Spain""},""cars"":[{""brand"":""Toyota"",""model"":""Clio"",""maxSpeedKmH"":135.75}]}"
3d7d8209-d203-4c43-9d73-3c51e52f097b,e0dc34af-9681-4640-8a31-d354f6007ec3,false,"[Regression] JSON mismatch for matchId=3d7d8209-d203-4c43-9d73-3c51e52f097b
Expected: {""age"":28,""address"":{""number"":10,""street"":""Baker Street"",""postcode"":""94107"",""city"":""Новосибирск"",""country"":""Spain""},""cars"":[{""brand"":""Toyota"",""model"":""Clio"",""maxSpeedKmH"":135.75}]}
Actual:   {""age"":28,""address"":{""number"":10,""street"":""Baker Street"",""postcode"":""94107"",""city"":{},""country"":""Spain""},""cars"":[{""brand"":""Toyota"",""model"":""Clio"",""maxSpeedKmH"":135.75}]}"
3d7d8209-d203-4c43-9d73-3c51e52f097b,db374bad-b92c-49fb-96ab-09ffb46c4e74,false,"[Regression] JSON mismatch for matchId=3d7d8209-d203-4c43-9d73-3c51e52f097b
Expected: {""age"":28,""address"":{""number"":10,""street"":""Baker Street"",""postcode"":""94107"",""city"":""Новосибирск"",""country"":""Spain""},""cars"":[{""brand"":""Toyota"",""model"":""Clio"",""maxSpeedKmH"":135.75}]}
Actual:   {""age"":28,""address"":{""number"":10,""street"":""Baker Street"",""postcode"":""94107"",""city"":""Новосибирск"",""country"":""Sp/*ain""},""cars"":[{""brand"":""Toyota"",""model"":""Clio"",""maxSpeedKmH"":135.75}]}"
3d7d8209-d203-4c43-9d73-3c51e52f097b,de2f152c-7df2-44d4-955f-a48d636a8627,false,"[Regression] JSON mismatch for matchId=3d7d8209-d203-4c43-9d73-3c51e52f097b
Expected: {""age"":28,""address"":{""number"":10,""street"":""Baker Street"",""postcode"":""94107"",""city"":""Новосибирск"",""country"":""Spain""},""cars"":[{""brand"":""Toyota"",""model"":""Clio"",""maxSpeedKmH"":135.75}]}
Actual:   {""age"":28,""address"":{""number"":10,""street"":""Baker Street"",""postcode"":""94107"",""city"":""Новосибирск"",""country"":""Spain""},""cars"":null}"
3d7d8209-d203-4c43-9d73-3c51e52f097b,0fc7cb1a-3e6f-4a25-857d-2ea840c53a60,false,"[Regression] JSON mismatch for matchId=3d7d8209-d203-4c43-9d73-3c51e52f097b
Expected: {""age"":28,""address"":{""number"":10,""street"":""Baker Street"",""postcode"":""94107"",""city"":""Новосибирск"",""country"":""Spain""},""cars"":[{""brand"":""Toyota"",""model"":""Clio"",""maxSpeedKmH"":135.75}]}
Actual:   {""age"":28,""address"":{""number"":10,""street"":""Baker Street"",""postcode"":""94107"",""city"":""Новосибирск"",""country"":""Spain""},""cars"":[null]}"
3d7d8209-d203-4c43-9d73-3c51e52f097b,4ac38088-8075-4b21-b5e7-01d75530ecd2,false,"[Regression] JSON mismatch for matchId=3d7d8209-d203-4c43-9d73-3c51e52f097b
Expected: {""age"":28,""address"":{""number"":10,""street"":""Baker Street"",""postcode"":""94107"",""city"":""Новосибирск"",""country"":""Spain""},""cars"":[{""brand"":""Toyota"",""model"":""Clio"",""maxSpeedKmH"":135.75}]}
Actual:   {""age"":28,""address"":{""number"":10,""street"":""Baker Street"",""postcode"":""94107"",""city"":""Новосибирск"",""country"":""Spain""},""cars"":[{""brand"":""EJEMPLO MAYUS"",""model"":""Clio"",""maxSpeedKmH"":135.75}]}"
3d7d8209-d203-4c43-9d73-3c51e52f097b,9322508d-f824-483c-a61d-6460d07bb6a9,false,"[Regression] JSON mismatch for matchId=3d7d8209-d203-4c43-9d73-3c51e52f097b
Expected: {""age"":28,""address"":{""number"":10,""street"":""Baker Street"",""postcode"":""94107"",""city"":""Новосибирск"",""country"":""Spain""},""cars"":[{""brand"":""Toyota"",""model"":""Clio"",""maxSpeedKmH"":135.75}]}
Actual:   {""age"":28,""address"":{""number"":10,""street"":""Baker Street"",""postcode"":""94107"",""city"":""Новосибирск"",""country"":""Spain""},""cars"":[{""brand"":""Toyota"",""model"":""{H{emOQ_c"",""maxSpeedKmH"":135.75}]}"
3d7d8209-d203-4c43-9d73-3c51e52f097b,265e9187-a684-4bee-885a-47a01aa65af7,false,"[Regression] JSON mismatch for matchId=3d7d8209-d203-4c43-9d73-3c51e52f097b
Expected: {""age"":28,""address"":{""number"":10,""street"":""Baker Street"",""postcode"":""94107"",""city"":""Новосибирск"",""country"":""Spain""},""cars"":[{""brand"":""Toyota"",""model"":""Clio"",""maxSpeedKmH"":135.75}]}
Actual:   {""age"":28,""address"":{""number"":10,""street"":""Baker Street"",""postcode"":""94107"",""city"":""Новосибирск"",""country"":""Spain""},""cars"":[{""brand"":""Toyota"",""model"":""Clio"",""maxSpeedKmH"":null}]}"
1ba1818e-9a56-4d71-a3f3-accee388cce9,34536ef4-282c-4404-9de7-b566cdacbf54,false,"[Regression] Status code mismatch for matchId=1ba1818e-9a56-4d71-a3f3-accee388cce9
   Expected: 201
   Actual:   501"
1ba1818e-9a56-4d71-a3f3-accee388cce9,2912e93c-6f32-4fd3-9f47-ddf5b497e5e6,false,"[Regression] Header size mismatch for matchId=1ba1818e-9a56-4d71-a3f3-accee388cce9
   Expected: {transfer-encoding=chunked, content-type=application/json}
   Actual:   {transfer-encoding=chunked}"
1ba1818e-9a56-4d71-a3f3-accee388cce9,3a87924d-c27a-43dc-8f67-3bed0373b36f,false,"[Regression] Header value (content-type) mismatch for matchId=1ba1818e-9a56-4d71-a3f3-accee388cce9
   Expected: application/json
   Actual:   application/json; charset=utf-32"
1ba1818e-9a56-4d71-a3f3-accee388cce9,425933a6-ec16-4f98-9e86-dcca04417fee,false,"[Regression] JSON mismatch for matchId=1ba1818e-9a56-4d71-a3f3-accee388cce9
Expected: {""firstName"":""Alice"",""lastName"":""Smith"",""age"":65,""address"":{""number"":10,""street"":""Prospekt Lenina"",""postcode"":""28013"",""city"":""Madrid"",""country"":""Россия""}}
Actual:   {""firstName"":""Alice"",""lastName"":""Smith"",""age"":65}"
1ba1818e-9a56-4d71-a3f3-accee388cce9,efd66122-89a9-4810-8edf-c3cdf4764694,false,"[Regression] JSON mismatch for matchId=1ba1818e-9a56-4d71-a3f3-accee388cce9
Expected: {""firstName"":""Alice"",""lastName"":""Smith"",""age"":65,""address"":{""number"":10,""street"":""Prospekt Lenina"",""postcode"":""28013"",""city"":""Madrid"",""country"":""Россия""}}
Actual:   {""firstName"":null,""lastName"":""Smith"",""age"":65,""address"":{""number"":10,""street"":""Prospekt Lenina"",""postcode"":""28013"",""city"":""Madrid"",""country"":""Россия""}}"
1ba1818e-9a56-4d71-a3f3-accee388cce9,bfa94bd4-b4f3-471f-bb52-6e3594c53103,false,"[Regression] JSON mismatch for matchId=1ba1818e-9a56-4d71-a3f3-accee388cce9
Expected: {""firstName"":""Alice"",""lastName"":""Smith"",""age"":65,""address"":{""number"":10,""street"":""Prospekt Lenina"",""postcode"":""28013"",""city"":""Madrid"",""country"":""Россия""}}
Actual:   {""firstName"":""Alice"",""lastName"":""inbw)%"",""age"":65,""address"":{""number"":10,""street"":""Prospekt Lenina"",""postcode"":""28013"",""city"":""Madrid"",""country"":""Россия""}}"
1ba1818e-9a56-4d71-a3f3-accee388cce9,4e1e2712-cdb2-4fb9-b696-3e96f0bc29f3,false,"[Regression] JSON mismatch for matchId=1ba1818e-9a56-4d71-a3f3-accee388cce9
Expected: {""firstName"":""Alice"",""lastName"":""Smith"",""age"":65,""address"":{""number"":10,""street"":""Prospekt Lenina"",""postcode"":""28013"",""city"":""Madrid"",""country"":""Россия""}}
Actual:   {""firstName"":""Alice"",""lastName"":""Smith"",""age"":null,""address"":{""number"":10,""street"":""Prospekt Lenina"",""postcode"":""28013"",""city"":""Madrid"",""country"":""Россия""}}"
1ba1818e-9a56-4d71-a3f3-accee388cce9,e14c09b9-52f1-4d29-aee8-84b3e9429e1f,false,"[Regression] JSON mismatch for matchId=1ba1818e-9a56-4d71-a3f3-accee388cce9
Expected: {""firstName"":""Alice"",""lastName"":""Smith"",""age"":65,""address"":{""number"":10,""street"":""Prospekt Lenina"",""postcode"":""28013"",""city"":""Madrid"",""country"":""Россия""}}
Actual:   {""firstName"":""Alice"",""lastName"":""Smith"",""age"":65,""address"":null}"
1ba1818e-9a56-4d71-a3f3-accee388cce9,bee61e8c-875b-44d2-a132-71b9ec4aedb3,false,"[Regression] JSON mismatch for matchId=1ba1818e-9a56-4d71-a3f3-accee388cce9
Expected: {""firstName"":""Alice"",""lastName"":""Smith"",""age"":65,""address"":{""number"":10,""street"":""Prospekt Lenina"",""postcode"":""28013"",""city"":""Madrid"",""country"":""Россия""}}
Actual:   {""firstName"":""Alice"",""lastName"":""Smith"",""age"":65,""address"":{""number"":-618785,""street"":""Prospekt Lenina"",""postcode"":""28013"",""city"":""Madrid"",""country"":""Россия""}}"
1ba1818e-9a56-4d71-a3f3-accee388cce9,643e1042-ccf1-4db5-b277-34b1467addf8,false,"[Regression] JSON mismatch for matchId=1ba1818e-9a56-4d71-a3f3-accee388cce9
Expected: {""firstName"":""Alice"",""lastName"":""Smith"",""age"":65,""address"":{""number"":10,""street"":""Prospekt Lenina"",""postcode"":""28013"",""city"":""Madrid"",""country"":""Россия""}}
Actual:   {""firstName"":""Alice"",""lastName"":""Smith"",""age"":65,""address"":{""number"":10,""street"":""ejemplo minus"",""postcode"":""28013"",""city"":""Madrid"",""country"":""Россия""}}"
1ba1818e-9a56-4d71-a3f3-accee388cce9,939853f4-bd3c-4f2b-aa3f-b61f877df2fe,false,"[Regression] JSON mismatch for matchId=1ba1818e-9a56-4d71-a3f3-accee388cce9
Expected: {""firstName"":""Alice"",""lastName"":""Smith"",""age"":65,""address"":{""number"":10,""street"":""Prospekt Lenina"",""postcode"":""28013"",""city"":""Madrid"",""country"":""Россия""}}
Actual:   {""firstName"":""Alice"",""lastName"":""Smith"",""age"":65,""address"":{""number"":10,""street"":""Prospekt Lenina"",""postcode"":""EJEMPLO MAYUS"",""city"":""Madrid"",""country"":""Россия""}}"
1ba1818e-9a56-4d71-a3f3-accee388cce9,12f95488-8477-448e-bc97-2229888d07cc,false,"[Regression] JSON mismatch for matchId=1ba1818e-9a56-4d71-a3f3-accee388cce9
Expected: {""firstName"":""Alice"",""lastName"":""Smith"",""age"":65,""address"":{""number"":10,""street"":""Prospekt Lenina"",""postcode"":""28013"",""city"":""Madrid"",""country"":""Россия""}}
Actual:   {""firstName"":""Alice"",""lastName"":""Smith"",""age"":65,""address"":{""number"":10,""street"":""Prospekt Lenina"",""postcode"":""28013"",""city"":null,""country"":""Россия""}}"
1ba1818e-9a56-4d71-a3f3-accee388cce9,c0cb32c1-d907-48cd-bf65-b0ee1d9ba2e5,false,"[Regression] JSON mismatch for matchId=1ba1818e-9a56-4d71-a3f3-accee388cce9
Expected: {""firstName"":""Alice"",""lastName"":""Smith"",""age"":65,""address"":{""number"":10,""street"":""Prospekt Lenina"",""postcode"":""28013"",""city"":""Madrid"",""country"":""Россия""}}
Actual:   {""firstName"":""Alice"",""lastName"":""Smith"",""age"":65,""address"":{""number"":10,""street"":""Prospekt Lenina"",""postcode"":""28013"",""city"":""Madrid"",""country"":""EJEMPLO MAYUS""}}"
2598911f-103e-43d2-a383-519c439064dc,7d6e7d58-f86e-4950-b186-087dbe0e503d,false,"[Regression] Status code mismatch for matchId=2598911f-103e-43d2-a383-519c439064dc
   Expected: 201
   Actual:   500"
2598911f-103e-43d2-a383-519c439064dc,9408cc99-050a-44bd-95a3-caf60b41083e,false,"[Regression] Header size mismatch for matchId=2598911f-103e-43d2-a383-519c439064dc
   Expected: {transfer-encoding=chunked, content-type=application/json}
   Actual:   {transfer-encoding=chunked}"
2598911f-103e-43d2-a383-519c439064dc,c703a652-abb1-49f3-91b7-ff9351c4d8f1,false,"[Regression] Header value (content-type) mismatch for matchId=2598911f-103e-43d2-a383-519c439064dc
   Expected: application/json
   Actual:   application/json; charset=Latin-9"
2598911f-103e-43d2-a383-519c439064dc,29c89953-3063-48ee-b6b8-0c03938c9b35,false,"[Regression] JSON mismatch for matchId=2598911f-103e-43d2-a383-519c439064dc
Expected: {""lastName"":""García"",""age"":0,""address"":{""number"":5,""street"":""Calle Mayor"",""postcode"":null,""city"":""San Francisco"",""country"":""USA""},""insurance"":true,""cars"":[{""brand"":""Tesla"",""model"":""Corolla"",""maxSpeedKmH"":180.5}]}
Actual:   {""lastName"":""García"",""address"":{""number"":5,""street"":""Calle Mayor"",""postcode"":null,""city"":""San Francisco"",""country"":""USA""},""insurance"":true,""cars"":[{""brand"":""Tesla"",""model"":""Corolla"",""maxSpeedKmH"":180.5}]}"
2598911f-103e-43d2-a383-519c439064dc,3e3a85c4-fcac-453d-85b9-ccb390d9c4ff,false,"[Regression] JSON mismatch for matchId=2598911f-103e-43d2-a383-519c439064dc
Expected: {""lastName"":""García"",""age"":0,""address"":{""number"":5,""street"":""Calle Mayor"",""postcode"":null,""city"":""San Francisco"",""country"":""USA""},""insurance"":true,""cars"":[{""brand"":""Tesla"",""model"":""Corolla"",""maxSpeedKmH"":180.5}]}
Actual:   {""lastName"":""9"",""age"":0,""address"":{""number"":5,""street"":""Calle Mayor"",""postcode"":null,""city"":""San Francisco"",""country"":""USA""},""insurance"":true,""cars"":[{""brand"":""Tesla"",""model"":""Corolla"",""maxSpeedKmH"":180.5}]}"
2598911f-103e-43d2-a383-519c439064dc,c3f3446c-db6a-4fd1-8d55-055191d4a8b2,false,"[Regression] JSON mismatch for matchId=2598911f-103e-43d2-a383-519c439064dc
Expected: {""lastName"":""García"",""age"":0,""address"":{""number"":5,""street"":""Calle Mayor"",""postcode"":null,""city"":""San Francisco"",""country"":""USA""},""insurance"":true,""cars"":[{""brand"":""Tesla"",""model"":""Corolla"",""maxSpeedKmH"":180.5}]}
Actual:   {""lastName"":""García"",""age"":-241395,""address"":{""number"":5,""street"":""Calle Mayor"",""postcode"":null,""city"":""San Francisco"",""country"":""USA""},""insurance"":true,""cars"":[{""brand"":""Tesla"",""model"":""Corolla"",""maxSpeedKmH"":180.5}]}"
2598911f-103e-43d2-a383-519c439064dc,a9a9873a-6ea3-4982-b7d1-2ea51cd00e0a,false,"[Regression] JSON mismatch for matchId=2598911f-103e-43d2-a383-519c439064dc
Expected: {""lastName"":""García"",""age"":0,""address"":{""number"":5,""street"":""Calle Mayor"",""postcode"":null,""city"":""San Francisco"",""country"":""USA""},""insurance"":true,""cars"":[{""brand"":""Tesla"",""model"":""Corolla"",""maxSpeedKmH"":180.5}]}
Actual:   {""lastName"":""García"",""age"":0,""address"":null,""insurance"":true,""cars"":[{""brand"":""Tesla"",""model"":""Corolla"",""maxSpeedKmH"":180.5}]}"
2598911f-103e-43d2-a383-519c439064dc,78db190a-162a-4362-b5a1-cb2c45c87137,false,"[Regression] JSON mismatch for matchId=2598911f-103e-43d2-a383-519c439064dc
Expected: {""lastName"":""García"",""age"":0,""address"":{""number"":5,""street"":""Calle Mayor"",""postcode"":null,""city"":""San Francisco"",""country"":""USA""},""insurance"":true,""cars"":[{""brand"":""Tesla"",""model"":""Corolla"",""maxSpeedKmH"":180.5}]}
Actual:   {""lastName"":""García"",""age"":0,""address"":{""number"":{},""street"":""Calle Mayor"",""postcode"":null,""city"":""San Francisco"",""country"":""USA""},""insurance"":true,""cars"":[{""brand"":""Tesla"",""model"":""Corolla"",""maxSpeedKmH"":180.5}]}"
2598911f-103e-43d2-a383-519c439064dc,14245355-18c3-43a4-bfae-0a43e3dcdd73,false,"[Regression] JSON mismatch for matchId=2598911f-103e-43d2-a383-519c439064dc
Expected: {""lastName"":""García"",""age"":0,""address"":{""number"":5,""street"":""Calle Mayor"",""postcode"":null,""city"":""San Francisco"",""country"":""USA""},""insurance"":true,""cars"":[{""brand"":""Tesla"",""model"":""Corolla"",""maxSpeedKmH"":180.5}]}
Actual:   {""lastName"":""García"",""age"":0,""address"":{""number"":5,""street"":""c"",""postcode"":null,""city"":""San Francisco"",""country"":""USA""},""insurance"":true,""cars"":[{""brand"":""Tesla"",""model"":""Corolla"",""maxSpeedKmH"":180.5}]}"
2598911f-103e-43d2-a383-519c439064dc,44aea890-6389-4a8c-850f-a797442e2b07,false,"[Regression] JSON mismatch for matchId=2598911f-103e-43d2-a383-519c439064dc
Expected: {""lastName"":""García"",""age"":0,""address"":{""number"":5,""street"":""Calle Mayor"",""postcode"":null,""city"":""San Francisco"",""country"":""USA""},""insurance"":true,""cars"":[{""brand"":""Tesla"",""model"":""Corolla"",""maxSpeedKmH"":180.5}]}
Actual:   {""lastName"":""García"",""age"":0,""address"":{""number"":5,""street"":""Calle Mayor"",""postcode"":-289976.8137227148,""city"":""San Francisco"",""country"":""USA""},""insurance"":true,""cars"":[{""brand"":""Tesla"",""model"":""Corolla"",""maxSpeedKmH"":180.5}]}"
2598911f-103e-43d2-a383-519c439064dc,d87853bf-f3a6-4e63-b99a-dad2744f1e82,false,"[Regression] JSON mismatch for matchId=2598911f-103e-43d2-a383-519c439064dc
Expected: {""lastName"":""García"",""age"":0,""address"":{""number"":5,""street"":""Calle Mayor"",""postcode"":null,""city"":""San Francisco"",""country"":""USA""},""insurance"":true,""cars"":[{""brand"":""Tesla"",""model"":""Corolla"",""maxSpeedKmH"":180.5}]}
Actual:   {""lastName"":""García"",""age"":0,""address"":{""number"":5,""street"":""Calle Mayor"",""postcode"":null,""city"":""ejemplo minus"",""country"":""USA""},""insurance"":true,""cars"":[{""brand"":""Tesla"",""model"":""Corolla"",""maxSpeedKmH"":180.5}]}"
2598911f-103e-43d2-a383-519c439064dc,6b55f0da-ff8d-46cb-953f-ff7a7b73b679,false,"[Regression] JSON mismatch for matchId=2598911f-103e-43d2-a383-519c439064dc
Expected: {""lastName"":""García"",""age"":0,""address"":{""number"":5,""street"":""Calle Mayor"",""postcode"":null,""city"":""San Francisco"",""country"":""USA""},""insurance"":true,""cars"":[{""brand"":""Tesla"",""model"":""Corolla"",""maxSpeedKmH"":180.5}]}
Actual:   {""lastName"":""García"",""age"":0,""address"":{""number"":5,""street"":""Calle Mayor"",""postcode"":null,""city"":""San Francisco"",""country"":null},""insurance"":true,""cars"":[{""brand"":""Tesla"",""model"":""Corolla"",""maxSpeedKmH"":180.5}]}"
2598911f-103e-43d2-a383-519c439064dc,7f99464d-8573-4922-bddb-a917b22113f4,false,"[Regression] JSON mismatch for matchId=2598911f-103e-43d2-a383-519c439064dc
Expected: {""lastName"":""García"",""age"":0,""address"":{""number"":5,""street"":""Calle Mayor"",""postcode"":null,""city"":""San Francisco"",""country"":""USA""},""insurance"":true,""cars"":[{""brand"":""Tesla"",""model"":""Corolla"",""maxSpeedKmH"":180.5}]}
Actual:   {""lastName"":""García"",""age"":0,""address"":{""number"":5,""street"":""Calle Mayor"",""postcode"":null,""city"":""San Francisco"",""country"":""USA""},""insurance"":-289976.8137227148,""cars"":[{""brand"":""Tesla"",""model"":""Corolla"",""maxSpeedKmH"":180.5}]}"
2598911f-103e-43d2-a383-519c439064dc,608cc6e6-e181-4433-b63b-12f591dbdf63,false,"[Regression] JSON mismatch for matchId=2598911f-103e-43d2-a383-519c439064dc
Expected: {""lastName"":""García"",""age"":0,""address"":{""number"":5,""street"":""Calle Mayor"",""postcode"":null,""city"":""San Francisco"",""country"":""USA""},""insurance"":true,""cars"":[{""brand"":""Tesla"",""model"":""Corolla"",""maxSpeedKmH"":180.5}]}
Actual:   {""lastName"":""García"",""age"":0,""address"":{""number"":5,""street"":""Calle Mayor"",""postcode"":null,""city"":""San Francisco"",""country"":""USA""},""insurance"":true,""cars"":-289976.8137227148}"
2598911f-103e-43d2-a383-519c439064dc,3d24f6aa-b672-40cf-82cc-0fa4660553ec,false,"[Regression] JSON mismatch for matchId=2598911f-103e-43d2-a383-519c439064dc
Expected: {""lastName"":""García"",""age"":0,""address"":{""number"":5,""street"":""Calle Mayor"",""postcode"":null,""city"":""San Francisco"",""country"":""USA""},""insurance"":true,""cars"":[{""brand"":""Tesla"",""model"":""Corolla"",""maxSpeedKmH"":180.5}]}
Actual:   {""lastName"":""García"",""age"":0,""address"":{""number"":5,""street"":""Calle Mayor"",""postcode"":null,""city"":""San Francisco"",""country"":""USA""},""insurance"":true,""cars"":[[]]}"
2598911f-103e-43d2-a383-519c439064dc,4f8ff162-5d07-46cf-be6c-fbba61b938bb,false,"[Regression] JSON mismatch for matchId=2598911f-103e-43d2-a383-519c439064dc
Expected: {""lastName"":""García"",""age"":0,""address"":{""number"":5,""street"":""Calle Mayor"",""postcode"":null,""city"":""San Francisco"",""country"":""USA""},""insurance"":true,""cars"":[{""brand"":""Tesla"",""model"":""Corolla"",""maxSpeedKmH"":180.5}]}
Actual:   {""lastName"":""García"",""age"":0,""address"":{""number"":5,""street"":""Calle Mayor"",""postcode"":null,""city"":""San Francisco"",""country"":""USA""},""insurance"":true,""cars"":[{""brand"":""Tesl/*a"",""model"":""Corolla"",""maxSpeedKmH"":180.5}]}"
2598911f-103e-43d2-a383-519c439064dc,7d7a30f4-2ffc-4e9e-a57a-e77f42be2312,false,"[Regression] JSON mismatch for matchId=2598911f-103e-43d2-a383-519c439064dc
Expected: {""lastName"":""García"",""age"":0,""address"":{""number"":5,""street"":""Calle Mayor"",""postcode"":null,""city"":""San Francisco"",""country"":""USA""},""insurance"":true,""cars"":[{""brand"":""Tesla"",""model"":""Corolla"",""maxSpeedKmH"":180.5}]}
Actual:   {""lastName"":""García"",""age"":0,""address"":{""number"":5,""street"":""Calle Mayor"",""postcode"":null,""city"":""San Francisco"",""country"":""USA""},""insurance"":true,""cars"":[{""brand"":""Tesla"",""model"":""Corolla*"",""maxSpeedKmH"":180.5}]}"
2598911f-103e-43d2-a383-519c439064dc,3ceea2ac-fdb1-49ee-a7c2-13f6862b1f9c,false,"[Regression] JSON mismatch for matchId=2598911f-103e-43d2-a383-519c439064dc
Expected: {""lastName"":""García"",""age"":0,""address"":{""number"":5,""street"":""Calle Mayor"",""postcode"":null,""city"":""San Francisco"",""country"":""USA""},""insurance"":true,""cars"":[{""brand"":""Tesla"",""model"":""Corolla"",""maxSpeedKmH"":180.5}]}
Actual:   {""lastName"":""García"",""age"":0,""address"":{""number"":5,""street"":""Calle Mayor"",""postcode"":null,""city"":""San Francisco"",""country"":""USA""},""insurance"":true,""cars"":[{""brand"":""Tesla"",""model"":""Corolla"",""maxSpeedKmH"":null}]}"
b80ea767-441b-4f6c-8ae8-e856dfce9d7c,619491a9-5515-49d5-9248-f6609bd1c7d4,false,"[Regression] Status code mismatch for matchId=b80ea767-441b-4f6c-8ae8-e856dfce9d7c
   Expected: 201
   Actual:   403"
b80ea767-441b-4f6c-8ae8-e856dfce9d7c,790c5adf-2b6c-417f-8b66-1db993bf020f,false,"[Regression] Header value (content-type) mismatch for matchId=b80ea767-441b-4f6c-8ae8-e856dfce9d7c
   Expected: application/json
   Actual:   application/x-www-form-urlencoded"
b80ea767-441b-4f6c-8ae8-e856dfce9d7c,98895a9b-889f-423c-af10-2ebac410c4e0,false,"[Regression] Header value (content-type) mismatch for matchId=b80ea767-441b-4f6c-8ae8-e856dfce9d7c
   Expected: application/json
   Actual:   application/json; charset=utf32"
b80ea767-441b-4f6c-8ae8-e856dfce9d7c,d148b71d-ff3c-4722-9567-ca6949ffb495,false,"[Regression] JSON mismatch for matchId=b80ea767-441b-4f6c-8ae8-e856dfce9d7c
Expected: {""firstName"":""Борис"",""age"":0,""address"":{""number"":0,""street"":""Baker Street"",""postcode"":""94107"",""city"":null,""country"":""Россия""},""cars"":[{""brand"":""Toyota"",""model"":null,""maxSpeedKmH"":null}]}
Actual:   {""firstName"":""Борис"",""age"":0,""cars"":[{""brand"":""Toyota"",""model"":null,""maxSpeedKmH"":null}]}"
b80ea767-441b-4f6c-8ae8-e856dfce9d7c,11ca5b27-aefb-4b9c-9969-a7f46c5649f3,false,"[Regression] JSON mismatch for matchId=b80ea767-441b-4f6c-8ae8-e856dfce9d7c
Expected: {""firstName"":""Борис"",""age"":0,""address"":{""number"":0,""street"":""Baker Street"",""postcode"":""94107"",""city"":null,""country"":""Россия""},""cars"":[{""brand"":""Toyota"",""model"":null,""maxSpeedKmH"":null}]}
Actual:   {""firstName"":null,""age"":0,""address"":{""number"":0,""street"":""Baker Street"",""postcode"":""94107"",""city"":null,""country"":""Россия""},""cars"":[{""brand"":""Toyota"",""model"":null,""maxSpeedKmH"":null}]}"
b80ea767-441b-4f6c-8ae8-e856dfce9d7c,1cb49bf1-69a9-4477-b779-300db1053475,false,"[Regression] JSON mismatch for matchId=b80ea767-441b-4f6c-8ae8-e856dfce9d7c
Expected: {""firstName"":""Борис"",""age"":0,""address"":{""number"":0,""street"":""Baker Street"",""postcode"":""94107"",""city"":null,""country"":""Россия""},""cars"":[{""brand"":""Toyota"",""model"":null,""maxSpeedKmH"":null}]}
Actual:   {""firstName"":""Борис"",""age"":-241395,""address"":{""number"":0,""street"":""Baker Street"",""postcode"":""94107"",""city"":null,""country"":""Россия""},""cars"":[{""brand"":""Toyota"",""model"":null,""maxSpeedKmH"":null}]}"
b80ea767-441b-4f6c-8ae8-e856dfce9d7c,d68df29b-e4cf-480c-91dc-08d97a81d3df,false,"[Regression] JSON mismatch for matchId=b80ea767-441b-4f6c-8ae8-e856dfce9d7c
Expected: {""firstName"":""Борис"",""age"":0,""address"":{""number"":0,""street"":""Baker Street"",""postcode"":""94107"",""city"":null,""country"":""Россия""},""cars"":[{""brand"":""Toyota"",""model"":null,""maxSpeedKmH"":null}]}
Actual:   {""firstName"":""Борис"",""age"":0,""address"":{""number"":0,""postcode"":""94107"",""country"":""Россия""},""cars"":[{""brand"":""Toyota"",""model"":null,""maxSpeedKmH"":null}]}"
b80ea767-441b-4f6c-8ae8-e856dfce9d7c,da63e463-e5ee-4ee2-be63-fe8eb6b3be49,false,"[Regression] JSON mismatch for matchId=b80ea767-441b-4f6c-8ae8-e856dfce9d7c
Expected: {""firstName"":""Борис"",""age"":0,""address"":{""number"":0,""street"":""Baker Street"",""postcode"":""94107"",""city"":null,""country"":""Россия""},""cars"":[{""brand"":""Toyota"",""model"":null,""maxSpeedKmH"":null}]}
Actual:   {""firstName"":""Борис"",""age"":0,""address"":{""number"":-618785,""street"":""Baker Street"",""postcode"":""94107"",""city"":null,""country"":""Россия""},""cars"":[{""brand"":""Toyota"",""model"":null,""maxSpeedKmH"":null}]}"
b80ea767-441b-4f6c-8ae8-e856dfce9d7c,4034e633-6663-4167-aae9-653c679f4f1f,false,"[Regression] JSON mismatch for matchId=b80ea767-441b-4f6c-8ae8-e856dfce9d7c
Expected: {""firstName"":""Борис"",""age"":0,""address"":{""number"":0,""street"":""Baker Street"",""postcode"":""94107"",""city"":null,""country"":""Россия""},""cars"":[{""brand"":""Toyota"",""model"":null,""maxSpeedKmH"":null}]}
Actual:   {""firstName"":""Борис"",""age"":0,""address"":{""number"":0,""street"":""7KRmL'A3"",""postcode"":""94107"",""city"":null,""country"":""Россия""},""cars"":[{""brand"":""Toyota"",""model"":null,""maxSpeedKmH"":null}]}"
b80ea767-441b-4f6c-8ae8-e856dfce9d7c,88821039-e0b0-4edd-87da-f3970581d8db,false,"[Regression] JSON mismatch for matchId=b80ea767-441b-4f6c-8ae8-e856dfce9d7c
Expected: {""firstName"":""Борис"",""age"":0,""address"":{""number"":0,""street"":""Baker Street"",""postcode"":""94107"",""city"":null,""country"":""Россия""},""cars"":[{""brand"":""Toyota"",""model"":null,""maxSpeedKmH"":null}]}
Actual:   {""firstName"":""Борис"",""age"":0,""address"":{""number"":0,""street"":""Baker Street"",""postcode"":{},""city"":null,""country"":""Россия""},""cars"":[{""brand"":""Toyota"",""model"":null,""maxSpeedKmH"":null}]}"
b80ea767-441b-4f6c-8ae8-e856dfce9d7c,ec07214c-0598-416a-bc24-44021518217d,false,"[Regression] JSON mismatch for matchId=b80ea767-441b-4f6c-8ae8-e856dfce9d7c
Expected: {""firstName"":""Борис"",""age"":0,""address"":{""number"":0,""street"":""Baker Street"",""postcode"":""94107"",""city"":null,""country"":""Россия""},""cars"":[{""brand"":""Toyota"",""model"":null,""maxSpeedKmH"":null}]}
Actual:   {""firstName"":""Борис"",""age"":0,""address"":{""number"":0,""street"":""Baker Street"",""postcode"":""94107"",""city"":-289976.8137227148,""country"":""Россия""},""cars"":[{""brand"":""Toyota"",""model"":null,""maxSpeedKmH"":null}]}"
b80ea767-441b-4f6c-8ae8-e856dfce9d7c,22afe88b-5db9-4e3f-8e23-88f2ae86529b,false,"[Regression] JSON mismatch for matchId=b80ea767-441b-4f6c-8ae8-e856dfce9d7c
Expected: {""firstName"":""Борис"",""age"":0,""address"":{""number"":0,""street"":""Baker Street"",""postcode"":""94107"",""city"":null,""country"":""Россия""},""cars"":[{""brand"":""Toyota"",""model"":null,""maxSpeedKmH"":null}]}
Actual:   {""firstName"":""Борис"",""age"":0,""address"":{""number"":0,""street"":""Baker Street"",""postcode"":""94107"",""city"":null,""country"":[]},""cars"":[{""brand"":""Toyota"",""model"":null,""maxSpeedKmH"":null}]}"
b80ea767-441b-4f6c-8ae8-e856dfce9d7c,b1a8776a-a9f1-4cc8-a9b6-88995b746150,false,"[Regression] JSON mismatch for matchId=b80ea767-441b-4f6c-8ae8-e856dfce9d7c
Expected: {""firstName"":""Борис"",""age"":0,""address"":{""number"":0,""street"":""Baker Street"",""postcode"":""94107"",""city"":null,""country"":""Россия""},""cars"":[{""brand"":""Toyota"",""model"":null,""maxSpeedKmH"":null}]}
Actual:   {""firstName"":""Борис"",""age"":0,""address"":{""number"":0,""street"":""Baker Street"",""postcode"":""94107"",""city"":null,""country"":""Россия""},""cars"":null}"
b80ea767-441b-4f6c-8ae8-e856dfce9d7c,a4e88040-51cd-4313-86ae-3b001c9e57d3,false,"[Regression] JSON mismatch for matchId=b80ea767-441b-4f6c-8ae8-e856dfce9d7c
Expected: {""firstName"":""Борис"",""age"":0,""address"":{""number"":0,""street"":""Baker Street"",""postcode"":""94107"",""city"":null,""country"":""Россия""},""cars"":[{""brand"":""Toyota"",""model"":null,""maxSpeedKmH"":null}]}
Actual:   {""firstName"":""Борис"",""age"":0,""address"":{""number"":0,""street"":""Baker Street"",""postcode"":""94107"",""city"":null,""country"":""Россия""},""cars"":[{""brand"":""Toyota"",""model"":null,""maxSpeedKmH"":null,""randomObject1"":{},""randomLong2"":-627465,""randomArray3"":[],""randomObject4"":{}}]}"
b80ea767-441b-4f6c-8ae8-e856dfce9d7c,a9d17156-160e-45c1-a4cb-b2fa4e6ad215,false,"[Regression] JSON mismatch for matchId=b80ea767-441b-4f6c-8ae8-e856dfce9d7c
Expected: {""firstName"":""Борис"",""age"":0,""address"":{""number"":0,""street"":""Baker Street"",""postcode"":""94107"",""city"":null,""country"":""Россия""},""cars"":[{""brand"":""Toyota"",""model"":null,""maxSpeedKmH"":null}]}
Actual:   {""firstName"":""Борис"",""age"":0,""address"":{""number"":0,""street"":""Baker Street"",""postcode"":""94107"",""city"":null,""country"":""Россия""},""cars"":[{""brand"":""/J4P"",""model"":null,""maxSpeedKmH"":null}]}"
b80ea767-441b-4f6c-8ae8-e856dfce9d7c,55785b74-96ee-400f-a60e-d0a51aaacc2f,false,"[Regression] JSON mismatch for matchId=b80ea767-441b-4f6c-8ae8-e856dfce9d7c
Expected: {""firstName"":""Борис"",""age"":0,""address"":{""number"":0,""street"":""Baker Street"",""postcode"":""94107"",""city"":null,""country"":""Россия""},""cars"":[{""brand"":""Toyota"",""model"":null,""maxSpeedKmH"":null}]}
Actual:   {""firstName"":""Борис"",""age"":0,""address"":{""number"":0,""street"":""Baker Street"",""postcode"":""94107"",""city"":null,""country"":""Россия""},""cars"":[{""brand"":""Toyota"",""model"":{},""maxSpeedKmH"":null}]}"
b80ea767-441b-4f6c-8ae8-e856dfce9d7c,4615d71e-2ed4-4e4e-a28a-1c5be84ee70f,false,"[Regression] JSON mismatch for matchId=b80ea767-441b-4f6c-8ae8-e856dfce9d7c
Expected: {""firstName"":""Борис"",""age"":0,""address"":{""number"":0,""street"":""Baker Street"",""postcode"":""94107"",""city"":null,""country"":""Россия""},""cars"":[{""brand"":""Toyota"",""model"":null,""maxSpeedKmH"":null}]}
Actual:   {""firstName"":""Борис"",""age"":0,""address"":{""number"":0,""street"":""Baker Street"",""postcode"":""94107"",""city"":null,""country"":""Россия""},""cars"":[{""brand"":""Toyota"",""model"":null,""maxSpeedKmH"":{}}]}"
82700b94-8c63-46d9-907c-ed3611925296,b7023d79-554f-45de-add1-5dbaff0a68c9,false,"[Regression] Status code mismatch for matchId=82700b94-8c63-46d9-907c-ed3611925296
   Expected: 201
   Actual:   403"
82700b94-8c63-46d9-907c-ed3611925296,66d220c8-a0b1-4180-a17a-ae53382aaf03,false,"[Regression] Header size mismatch for matchId=82700b94-8c63-46d9-907c-ed3611925296
   Expected: {transfer-encoding=chunked, content-type=application/json}
   Actual:   {transfer-encoding=chunked}"
82700b94-8c63-46d9-907c-ed3611925296,164e1daa-44a1-4eb1-9988-833db59aa621,false,"[Regression] Header value (content-type) mismatch for matchId=82700b94-8c63-46d9-907c-ed3611925296
   Expected: application/json
   Actual:   application/json; charset=utf-32"
82700b94-8c63-46d9-907c-ed3611925296,f97b1eb1-a9ad-46e0-917a-a063ae1ddf0a,false,"[Regression] JSON mismatch for matchId=82700b94-8c63-46d9-907c-ed3611925296
Expected: {""firstName"":""Борис"",""age"":28,""address"":{""number"":5,""street"":""Prospekt Lenina"",""postcode"":""28013"",""city"":null,""country"":""USA""},""insurance"":false,""cars"":[{""brand"":null,""model"":""Model 3"",""maxSpeedKmH"":135.75}]}
Actual:   {""firstName"":""Борис"",""address"":{""number"":5,""street"":""Prospekt Lenina"",""postcode"":""28013"",""city"":null,""country"":""USA""},""insurance"":false,""cars"":[{""brand"":null,""model"":""Model 3"",""maxSpeedKmH"":135.75}]}"
82700b94-8c63-46d9-907c-ed3611925296,818743ec-9a21-4f71-a3b4-f3d9183428a0,false,"[Regression] JSON mismatch for matchId=82700b94-8c63-46d9-907c-ed3611925296
Expected: {""firstName"":""Борис"",""age"":28,""address"":{""number"":5,""street"":""Prospekt Lenina"",""postcode"":""28013"",""city"":null,""country"":""USA""},""insurance"":false,""cars"":[{""brand"":null,""model"":""Model 3"",""maxSpeedKmH"":135.75}]}
Actual:   {""firstName"":null,""age"":28,""address"":{""number"":5,""street"":""Prospekt Lenina"",""postcode"":""28013"",""city"":null,""country"":""USA""},""insurance"":false,""cars"":[{""brand"":null,""model"":""Model 3"",""maxSpeedKmH"":135.75}]}"
82700b94-8c63-46d9-907c-ed3611925296,f3752e71-2774-4325-b400-e2c4d6667f25,false,"[Regression] JSON mismatch for matchId=82700b94-8c63-46d9-907c-ed3611925296
Expected: {""firstName"":""Борис"",""age"":28,""address"":{""number"":5,""street"":""Prospekt Lenina"",""postcode"":""28013"",""city"":null,""country"":""USA""},""insurance"":false,""cars"":[{""brand"":null,""model"":""Model 3"",""maxSpeedKmH"":135.75}]}
Actual:   {""firstName"":""Борис"",""age"":-289976.8137227148,""address"":{""number"":5,""street"":""Prospekt Lenina"",""postcode"":""28013"",""city"":null,""country"":""USA""},""insurance"":false,""cars"":[{""brand"":null,""model"":""Model 3"",""maxSpeedKmH"":135.75}]}"
82700b94-8c63-46d9-907c-ed3611925296,de7bbbff-292c-47da-910c-9b929cbf8e0c,false,"[Regression] JSON mismatch for matchId=82700b94-8c63-46d9-907c-ed3611925296
Expected: {""firstName"":""Борис"",""age"":28,""address"":{""number"":5,""street"":""Prospekt Lenina"",""postcode"":""28013"",""city"":null,""country"":""USA""},""insurance"":false,""cars"":[{""brand"":null,""model"":""Model 3"",""maxSpeedKmH"":135.75}]}
Actual:   {""firstName"":""Борис"",""age"":28,""address"":null,""insurance"":false,""cars"":[{""brand"":null,""model"":""Model 3"",""maxSpeedKmH"":135.75}]}"
82700b94-8c63-46d9-907c-ed3611925296,218bc3a7-f439-460b-a384-8bd9a11441f7,false,"[Regression] JSON mismatch for matchId=82700b94-8c63-46d9-907c-ed3611925296
Expected: {""firstName"":""Борис"",""age"":28,""address"":{""number"":5,""street"":""Prospekt Lenina"",""postcode"":""28013"",""city"":null,""country"":""USA""},""insurance"":false,""cars"":[{""brand"":null,""model"":""Model 3"",""maxSpeedKmH"":135.75}]}
Actual:   {""firstName"":""Борис"",""age"":28,""address"":{""number"":-618785,""street"":""Prospekt Lenina"",""postcode"":""28013"",""city"":null,""country"":""USA""},""insurance"":false,""cars"":[{""brand"":null,""model"":""Model 3"",""maxSpeedKmH"":135.75}]}"
82700b94-8c63-46d9-907c-ed3611925296,6db4ad21-f471-4333-a7b7-ea0167535edc,false,"[Regression] JSON mismatch for matchId=82700b94-8c63-46d9-907c-ed3611925296
Expected: {""firstName"":""Борис"",""age"":28,""address"":{""number"":5,""street"":""Prospekt Lenina"",""postcode"":""28013"",""city"":null,""country"":""USA""},""insurance"":false,""cars"":[{""brand"":null,""model"":""Model 3"",""maxSpeedKmH"":135.75}]}
Actual:   {""firstName"":""Борис"",""age"":28,""address"":{""number"":5,""street"":"".A_MJe"",""postcode"":""28013"",""city"":null,""country"":""USA""},""insurance"":false,""cars"":[{""brand"":null,""model"":""Model 3"",""maxSpeedKmH"":135.75}]}"
82700b94-8c63-46d9-907c-ed3611925296,2fb05e93-bde8-4a2a-bd53-c97ad0a09c49,false,"[Regression] JSON mismatch for matchId=82700b94-8c63-46d9-907c-ed3611925296
Expected: {""firstName"":""Борис"",""age"":28,""address"":{""number"":5,""street"":""Prospekt Lenina"",""postcode"":""28013"",""city"":null,""country"":""USA""},""insurance"":false,""cars"":[{""brand"":null,""model"":""Model 3"",""maxSpeedKmH"":135.75}]}
Actual:   {""firstName"":""Борис"",""age"":28,""address"":{""number"":5,""street"":""Prospekt Lenina"",""postcode"":""280´,13"",""city"":null,""country"":""USA""},""insurance"":false,""cars"":[{""brand"":null,""model"":""Model 3"",""maxSpeedKmH"":135.75}]}"
82700b94-8c63-46d9-907c-ed3611925296,9c658b0b-bf01-468f-84d3-9a3af9d76c9e,false,"[Regression] JSON mismatch for matchId=82700b94-8c63-46d9-907c-ed3611925296
Expected: {""firstName"":""Борис"",""age"":28,""address"":{""number"":5,""street"":""Prospekt Lenina"",""postcode"":""28013"",""city"":null,""country"":""USA""},""insurance"":false,""cars"":[{""brand"":null,""model"":""Model 3"",""maxSpeedKmH"":135.75}]}
Actual:   {""firstName"":""Борис"",""age"":28,""address"":{""number"":5,""street"":""Prospekt Lenina"",""postcode"":""28013"",""city"":-289976.8137227148,""country"":""USA""},""insurance"":false,""cars"":[{""brand"":null,""model"":""Model 3"",""maxSpeedKmH"":135.75}]}"
82700b94-8c63-46d9-907c-ed3611925296,21fee66e-f7d6-440d-a057-493e67aead4c,false,"[Regression] JSON mismatch for matchId=82700b94-8c63-46d9-907c-ed3611925296
Expected: {""firstName"":""Борис"",""age"":28,""address"":{""number"":5,""street"":""Prospekt Lenina"",""postcode"":""28013"",""city"":null,""country"":""USA""},""insurance"":false,""cars"":[{""brand"":null,""model"":""Model 3"",""maxSpeedKmH"":135.75}]}
Actual:   {""firstName"":""Борис"",""age"":28,""address"":{""number"":5,""street"":""Prospekt Lenina"",""postcode"":""28013"",""city"":null,""country"":""5,\""d:%,x""},""insurance"":false,""cars"":[{""brand"":null,""model"":""Model 3"",""maxSpeedKmH"":135.75}]}"
82700b94-8c63-46d9-907c-ed3611925296,3a8d0500-a8aa-4262-8950-620e22073f99,false,"[Regression] JSON mismatch for matchId=82700b94-8c63-46d9-907c-ed3611925296
Expected: {""firstName"":""Борис"",""age"":28,""address"":{""number"":5,""street"":""Prospekt Lenina"",""postcode"":""28013"",""city"":null,""country"":""USA""},""insurance"":false,""cars"":[{""brand"":null,""model"":""Model 3"",""maxSpeedKmH"":135.75}]}
Actual:   {""firstName"":""Борис"",""age"":28,""address"":{""number"":5,""street"":""Prospekt Lenina"",""postcode"":""28013"",""city"":null,""country"":""USA""},""insurance"":null,""cars"":[{""brand"":null,""model"":""Model 3"",""maxSpeedKmH"":135.75}]}"
82700b94-8c63-46d9-907c-ed3611925296,e87c0de2-b1b3-4af0-a34a-9f1e71486b14,false,"[Regression] JSON mismatch for matchId=82700b94-8c63-46d9-907c-ed3611925296
Expected: {""firstName"":""Борис"",""age"":28,""address"":{""number"":5,""street"":""Prospekt Lenina"",""postcode"":""28013"",""city"":null,""country"":""USA""},""insurance"":false,""cars"":[{""brand"":null,""model"":""Model 3"",""maxSpeedKmH"":135.75}]}
Actual:   {""firstName"":""Борис"",""age"":28,""address"":{""number"":5,""street"":""Prospekt Lenina"",""postcode"":""28013"",""city"":null,""country"":""USA""},""insurance"":false,""cars"":[]}"
82700b94-8c63-46d9-907c-ed3611925296,ba5e872f-04ef-479b-a793-23c9ab5b202a,false,"[Regression] JSON mismatch for matchId=82700b94-8c63-46d9-907c-ed3611925296
Expected: {""firstName"":""Борис"",""age"":28,""address"":{""number"":5,""street"":""Prospekt Lenina"",""postcode"":""28013"",""city"":null,""country"":""USA""},""insurance"":false,""cars"":[{""brand"":null,""model"":""Model 3"",""maxSpeedKmH"":135.75}]}
Actual:   {""firstName"":""Борис"",""age"":28,""address"":{""number"":5,""street"":""Prospekt Lenina"",""postcode"":""28013"",""city"":null,""country"":""USA""},""insurance"":false,""cars"":[{}]}"
82700b94-8c63-46d9-907c-ed3611925296,e6fa16ab-e3dc-48ff-a2b5-93f7b349d676,false,"[Regression] JSON mismatch for matchId=82700b94-8c63-46d9-907c-ed3611925296
Expected: {""firstName"":""Борис"",""age"":28,""address"":{""number"":5,""street"":""Prospekt Lenina"",""postcode"":""28013"",""city"":null,""country"":""USA""},""insurance"":false,""cars"":[{""brand"":null,""model"":""Model 3"",""maxSpeedKmH"":135.75}]}
Actual:   {""firstName"":""Борис"",""age"":28,""address"":{""number"":5,""street"":""Prospekt Lenina"",""postcode"":""28013"",""city"":null,""country"":""USA""},""insurance"":false,""cars"":[{""brand"":{},""model"":""Model 3"",""maxSpeedKmH"":135.75}]}"
82700b94-8c63-46d9-907c-ed3611925296,58cb9044-c33b-48b0-abcd-2739955bda43,false,"[Regression] JSON mismatch for matchId=82700b94-8c63-46d9-907c-ed3611925296
Expected: {""firstName"":""Борис"",""age"":28,""address"":{""number"":5,""street"":""Prospekt Lenina"",""postcode"":""28013"",""city"":null,""country"":""USA""},""insurance"":false,""cars"":[{""brand"":null,""model"":""Model 3"",""maxSpeedKmH"":135.75}]}
Actual:   {""firstName"":""Борис"",""age"":28,""address"":{""number"":5,""street"":""Prospekt Lenina"",""postcode"":""28013"",""city"":null,""country"":""USA""},""insurance"":false,""cars"":[{""brand"":null,""model"":""Model 3/*"",""maxSpeedKmH"":135.75}]}"
82700b94-8c63-46d9-907c-ed3611925296,66a1c2a2-f72b-47d3-9d96-79325a0b2e14,false,"[Regression] JSON mismatch for matchId=82700b94-8c63-46d9-907c-ed3611925296
Expected: {""firstName"":""Борис"",""age"":28,""address"":{""number"":5,""street"":""Prospekt Lenina"",""postcode"":""28013"",""city"":null,""country"":""USA""},""insurance"":false,""cars"":[{""brand"":null,""model"":""Model 3"",""maxSpeedKmH"":135.75}]}
Actual:   {""firstName"":""Борис"",""age"":28,""address"":{""number"":5,""street"":""Prospekt Lenina"",""postcode"":""28013"",""city"":null,""country"":""USA""},""insurance"":false,""cars"":[{""brand"":null,""model"":""Model 3"",""maxSpeedKmH"":null}]}"
344a13fd-8503-4007-9bf7-ab80bd7e7c17,5962caf7-0947-40e4-bfa6-ae76234f8ca3,false,"[Regression] Status code mismatch for matchId=344a13fd-8503-4007-9bf7-ab80bd7e7c17
   Expected: 201
   Actual:   501"
344a13fd-8503-4007-9bf7-ab80bd7e7c17,d1659e9f-62aa-413b-a362-de49488a5fb4,false,"[Regression] Header value (content-type) mismatch for matchId=344a13fd-8503-4007-9bf7-ab80bd7e7c17
   Expected: application/json
   Actual:   text/html"
344a13fd-8503-4007-9bf7-ab80bd7e7c17,9421d614-bb97-447f-9c57-d86401877e0a,false,"[Regression] Header value (content-type) mismatch for matchId=344a13fd-8503-4007-9bf7-ab80bd7e7c17
   Expected: application/json
   Actual:   application/json; charset=utf-32"
344a13fd-8503-4007-9bf7-ab80bd7e7c17,7f15b94b-fbfc-4566-9d44-1ec52b63bb17,false,"[Regression] JSON mismatch for matchId=344a13fd-8503-4007-9bf7-ab80bd7e7c17
Expected: {""firstName"":""Alice"",""lastName"":""Smith"",""age"":65,""address"":{""number"":221,""street"":""Baker Street"",""postcode"":null,""city"":""Новосибирск"",""country"":null},""insurance"":true,""cars"":[{""brand"":""Toyota"",""model"":""Corolla"",""maxSpeedKmH"":null}]}
Actual:   {""firstName"":""Alice"",""lastName"":""Smith"",""address"":{""number"":221,""street"":""Baker Street"",""postcode"":null,""city"":""Новосибирск"",""country"":null},""insurance"":true,""cars"":[{""brand"":""Toyota"",""model"":""Corolla"",""maxSpeedKmH"":null}]}"
344a13fd-8503-4007-9bf7-ab80bd7e7c17,d3f3332c-711e-4b7a-af65-6463c06821d9,false,"[Regression] JSON mismatch for matchId=344a13fd-8503-4007-9bf7-ab80bd7e7c17
Expected: {""firstName"":""Alice"",""lastName"":""Smith"",""age"":65,""address"":{""number"":221,""street"":""Baker Street"",""postcode"":null,""city"":""Новосибирск"",""country"":null},""insurance"":true,""cars"":[{""brand"":""Toyota"",""model"":""Corolla"",""maxSpeedKmH"":null}]}
Actual:   {""firstName"":""dt_\\"",""lastName"":""Smith"",""age"":65,""address"":{""number"":221,""street"":""Baker Street"",""postcode"":null,""city"":""Новосибирск"",""country"":null},""insurance"":true,""cars"":[{""brand"":""Toyota"",""model"":""Corolla"",""maxSpeedKmH"":null}]}"
344a13fd-8503-4007-9bf7-ab80bd7e7c17,ecde07ee-778a-4168-a2cc-ee15bd07d6ef,false,"[Regression] JSON mismatch for matchId=344a13fd-8503-4007-9bf7-ab80bd7e7c17
Expected: {""firstName"":""Alice"",""lastName"":""Smith"",""age"":65,""address"":{""number"":221,""street"":""Baker Street"",""postcode"":null,""city"":""Новосибирск"",""country"":null},""insurance"":true,""cars"":[{""brand"":""Toyota"",""model"":""Corolla"",""maxSpeedKmH"":null}]}
Actual:   {""firstName"":""Alice"",""lastName"":""J"",""age"":65,""address"":{""number"":221,""street"":""Baker Street"",""postcode"":null,""city"":""Новосибирск"",""country"":null},""insurance"":true,""cars"":[{""brand"":""Toyota"",""model"":""Corolla"",""maxSpeedKmH"":null}]}"
344a13fd-8503-4007-9bf7-ab80bd7e7c17,06421e5f-6f97-49dc-9275-728f3eb9fada,false,"[Regression] JSON mismatch for matchId=344a13fd-8503-4007-9bf7-ab80bd7e7c17
Expected: {""firstName"":""Alice"",""lastName"":""Smith"",""age"":65,""address"":{""number"":221,""street"":""Baker Street"",""postcode"":null,""city"":""Новосибирск"",""country"":null},""insurance"":true,""cars"":[{""brand"":""Toyota"",""model"":""Corolla"",""maxSpeedKmH"":null}]}
Actual:   {""firstName"":""Alice"",""lastName"":""Smith"",""age"":null,""address"":{""number"":221,""street"":""Baker Street"",""postcode"":null,""city"":""Новосибирск"",""country"":null},""insurance"":true,""cars"":[{""brand"":""Toyota"",""model"":""Corolla"",""maxSpeedKmH"":null}]}"
344a13fd-8503-4007-9bf7-ab80bd7e7c17,a8facbff-f513-4cae-ac71-f15bc34168af,false,"[Regression] JSON mismatch for matchId=344a13fd-8503-4007-9bf7-ab80bd7e7c17
Expected: {""firstName"":""Alice"",""lastName"":""Smith"",""age"":65,""address"":{""number"":221,""street"":""Baker Street"",""postcode"":null,""city"":""Новосибирск"",""country"":null},""insurance"":true,""cars"":[{""brand"":""Toyota"",""model"":""Corolla"",""maxSpeedKmH"":null}]}
Actual:   {""firstName"":""Alice"",""lastName"":""Smith"",""age"":65,""address"":{""number"":221,""street"":""Baker Street"",""postcode"":null,""city"":""Новосибирск"",""country"":null,""randomBoolean1"":true,""randomObject2"":{}},""insurance"":true,""cars"":[{""brand"":""Toyota"",""model"":""Corolla"",""maxSpeedKmH"":null}]}"
344a13fd-8503-4007-9bf7-ab80bd7e7c17,9ddf707e-8c84-49ee-b76f-e5eea1a8c457,false,"[Regression] JSON mismatch for matchId=344a13fd-8503-4007-9bf7-ab80bd7e7c17
Expected: {""firstName"":""Alice"",""lastName"":""Smith"",""age"":65,""address"":{""number"":221,""street"":""Baker Street"",""postcode"":null,""city"":""Новосибирск"",""country"":null},""insurance"":true,""cars"":[{""brand"":""Toyota"",""model"":""Corolla"",""maxSpeedKmH"":null}]}
Actual:   {""firstName"":""Alice"",""lastName"":""Smith"",""age"":65,""address"":{""number"":{},""street"":""Baker Street"",""postcode"":null,""city"":""Новосибирск"",""country"":null},""insurance"":true,""cars"":[{""brand"":""Toyota"",""model"":""Corolla"",""maxSpeedKmH"":null}]}"
344a13fd-8503-4007-9bf7-ab80bd7e7c17,5f163bdc-ea11-452e-b104-8406b6609276,false,"[Regression] JSON mismatch for matchId=344a13fd-8503-4007-9bf7-ab80bd7e7c17
Expected: {""firstName"":""Alice"",""lastName"":""Smith"",""age"":65,""address"":{""number"":221,""street"":""Baker Street"",""postcode"":null,""city"":""Новосибирск"",""country"":null},""insurance"":true,""cars"":[{""brand"":""Toyota"",""model"":""Corolla"",""maxSpeedKmH"":null}]}
Actual:   {""firstName"":""Alice"",""lastName"":""Smith"",""age"":65,""address"":{""number"":221,""street"":{},""postcode"":null,""city"":""Новосибирск"",""country"":null},""insurance"":true,""cars"":[{""brand"":""Toyota"",""model"":""Corolla"",""maxSpeedKmH"":null}]}"
344a13fd-8503-4007-9bf7-ab80bd7e7c17,b3b088de-082c-4255-af8f-1ca40e77c980,false,"[Regression] JSON mismatch for matchId=344a13fd-8503-4007-9bf7-ab80bd7e7c17
Expected: {""firstName"":""Alice"",""lastName"":""Smith"",""age"":65,""address"":{""number"":221,""street"":""Baker Street"",""postcode"":null,""city"":""Новосибирск"",""country"":null},""insurance"":true,""cars"":[{""brand"":""Toyota"",""model"":""Corolla"",""maxSpeedKmH"":null}]}
Actual:   {""firstName"":""Alice"",""lastName"":""Smith"",""age"":65,""address"":{""number"":221,""street"":""Baker Street"",""postcode"":-289976.8137227148,""city"":""Новосибирск"",""country"":null},""insurance"":true,""cars"":[{""brand"":""Toyota"",""model"":""Corolla"",""maxSpeedKmH"":null}]}"
344a13fd-8503-4007-9bf7-ab80bd7e7c17,96de4f27-e712-4cc0-b2bd-627423acf4e5,false,"[Regression] JSON mismatch for matchId=344a13fd-8503-4007-9bf7-ab80bd7e7c17
Expected: {""firstName"":""Alice"",""lastName"":""Smith"",""age"":65,""address"":{""number"":221,""street"":""Baker Street"",""postcode"":null,""city"":""Новосибирск"",""country"":null},""insurance"":true,""cars"":[{""brand"":""Toyota"",""model"":""Corolla"",""maxSpeedKmH"":null}]}
Actual:   {""firstName"":""Alice"",""lastName"":""Smith"",""age"":65,""address"":{""number"":221,""street"":""Baker Street"",""postcode"":null,""city"":null,""country"":null},""insurance"":true,""cars"":[{""brand"":""Toyota"",""model"":""Corolla"",""maxSpeedKmH"":null}]}"
344a13fd-8503-4007-9bf7-ab80bd7e7c17,13627ecf-8e81-4261-ab07-0cb2abf924e4,false,"[Regression] JSON mismatch for matchId=344a13fd-8503-4007-9bf7-ab80bd7e7c17
Expected: {""firstName"":""Alice"",""lastName"":""Smith"",""age"":65,""address"":{""number"":221,""street"":""Baker Street"",""postcode"":null,""city"":""Новосибирск"",""country"":null},""insurance"":true,""cars"":[{""brand"":""Toyota"",""model"":""Corolla"",""maxSpeedKmH"":null}]}
Actual:   {""firstName"":""Alice"",""lastName"":""Smith"",""age"":65,""address"":{""number"":221,""street"":""Baker Street"",""postcode"":null,""city"":""Новосибирск"",""country"":{}},""insurance"":true,""cars"":[{""brand"":""Toyota"",""model"":""Corolla"",""maxSpeedKmH"":null}]}"
344a13fd-8503-4007-9bf7-ab80bd7e7c17,de2acf72-1713-44b6-b09f-d7eb8241562f,false,"[Regression] JSON mismatch for matchId=344a13fd-8503-4007-9bf7-ab80bd7e7c17
Expected: {""firstName"":""Alice"",""lastName"":""Smith"",""age"":65,""address"":{""number"":221,""street"":""Baker Street"",""postcode"":null,""city"":""Новосибирск"",""country"":null},""insurance"":true,""cars"":[{""brand"":""Toyota"",""model"":""Corolla"",""maxSpeedKmH"":null}]}
Actual:   {""firstName"":""Alice"",""lastName"":""Smith"",""age"":65,""address"":{""number"":221,""street"":""Baker Street"",""postcode"":null,""city"":""Новосибирск"",""country"":null},""insurance"":null,""cars"":[{""brand"":""Toyota"",""model"":""Corolla"",""maxSpeedKmH"":null}]}"
344a13fd-8503-4007-9bf7-ab80bd7e7c17,36f3e1f3-994f-407b-99ed-8f1494e31f41,false,"[Regression] JSON mismatch for matchId=344a13fd-8503-4007-9bf7-ab80bd7e7c17
Expected: {""firstName"":""Alice"",""lastName"":""Smith"",""age"":65,""address"":{""number"":221,""street"":""Baker Street"",""postcode"":null,""city"":""Новосибирск"",""country"":null},""insurance"":true,""cars"":[{""brand"":""Toyota"",""model"":""Corolla"",""maxSpeedKmH"":null}]}
Actual:   {""firstName"":""Alice"",""lastName"":""Smith"",""age"":65,""address"":{""number"":221,""street"":""Baker Street"",""postcode"":null,""city"":""Новосибирск"",""country"":null},""insurance"":true,""cars"":[{""brand"":""Toyota"",""model"":""Corolla"",""maxSpeedKmH"":null},true]}"
344a13fd-8503-4007-9bf7-ab80bd7e7c17,bfc5b253-8c26-4c06-b119-d9d499538550,false,"[Regression] JSON mismatch for matchId=344a13fd-8503-4007-9bf7-ab80bd7e7c17
Expected: {""firstName"":""Alice"",""lastName"":""Smith"",""age"":65,""address"":{""number"":221,""street"":""Baker Street"",""postcode"":null,""city"":""Новосибирск"",""country"":null},""insurance"":true,""cars"":[{""brand"":""Toyota"",""model"":""Corolla"",""maxSpeedKmH"":null}]}
Actual:   {""firstName"":""Alice"",""lastName"":""Smith"",""age"":65,""address"":{""number"":221,""street"":""Baker Street"",""postcode"":null,""city"":""Новосибирск"",""country"":null},""insurance"":true,""cars"":[[]]}"
344a13fd-8503-4007-9bf7-ab80bd7e7c17,3e978151-85cd-4c0e-8c65-6db2c9f1bde4,false,"[Regression] JSON mismatch for matchId=344a13fd-8503-4007-9bf7-ab80bd7e7c17
Expected: {""firstName"":""Alice"",""lastName"":""Smith"",""age"":65,""address"":{""number"":221,""street"":""Baker Street"",""postcode"":null,""city"":""Новосибирск"",""country"":null},""insurance"":true,""cars"":[{""brand"":""Toyota"",""model"":""Corolla"",""maxSpeedKmH"":null}]}
Actual:   {""firstName"":""Alice"",""lastName"":""Smith"",""age"":65,""address"":{""number"":221,""street"":""Baker Street"",""postcode"":null,""city"":""Новосибирск"",""country"":null},""insurance"":true,""cars"":[{""brand"":""EJEMPLO MAYUS"",""model"":""Corolla"",""maxSpeedKmH"":null}]}"
344a13fd-8503-4007-9bf7-ab80bd7e7c17,74326862-85ac-47e5-bf79-c777d9a9863f,false,"[Regression] JSON mismatch for matchId=344a13fd-8503-4007-9bf7-ab80bd7e7c17
Expected: {""firstName"":""Alice"",""lastName"":""Smith"",""age"":65,""address"":{""number"":221,""street"":""Baker Street"",""postcode"":null,""city"":""Новосибирск"",""country"":null},""insurance"":true,""cars"":[{""brand"":""Toyota"",""model"":""Corolla"",""maxSpeedKmH"":null}]}
Actual:   {""firstName"":""Alice"",""lastName"":""Smith"",""age"":65,""address"":{""number"":221,""street"":""Baker Street"",""postcode"":null,""city"":""Новосибирск"",""country"":null},""insurance"":true,""cars"":[{""brand"":""Toyota"",""model"":[],""maxSpeedKmH"":null}]}"
344a13fd-8503-4007-9bf7-ab80bd7e7c17,13fbd948-0c1f-452c-b14d-9d1ff86f888f,false,"[Regression] JSON mismatch for matchId=344a13fd-8503-4007-9bf7-ab80bd7e7c17
Expected: {""firstName"":""Alice"",""lastName"":""Smith"",""age"":65,""address"":{""number"":221,""street"":""Baker Street"",""postcode"":null,""city"":""Новосибирск"",""country"":null},""insurance"":true,""cars"":[{""brand"":""Toyota"",""model"":""Corolla"",""maxSpeedKmH"":null}]}
Actual:   {""firstName"":""Alice"",""lastName"":""Smith"",""age"":65,""address"":{""number"":221,""street"":""Baker Street"",""postcode"":null,""city"":""Новосибирск"",""country"":null},""insurance"":true,""cars"":[{""brand"":""Toyota"",""model"":""Corolla"",""maxSpeedKmH"":{}}]}"
6d02bac6-9e2d-4992-9e80-229afe5870e3,4f44713c-75c9-4a4e-b81a-2e0578b30238,false,"[Regression] Status code mismatch for matchId=6d02bac6-9e2d-4992-9e80-229afe5870e3
   Expected: 201
   Actual:   504"
6d02bac6-9e2d-4992-9e80-229afe5870e3,0d2d14cb-a03b-4b58-ba2e-cb6a6c3659ed,false,"[Regression] Header size mismatch for matchId=6d02bac6-9e2d-4992-9e80-229afe5870e3
   Expected: {transfer-encoding=chunked, content-type=application/json}
   Actual:   {transfer-encoding=chunked}"
6d02bac6-9e2d-4992-9e80-229afe5870e3,bfde2657-22f5-44d0-a044-e2ef78e153ab,false,"[Regression] Header value (content-type) mismatch for matchId=6d02bac6-9e2d-4992-9e80-229afe5870e3
   Expected: application/json
   Actual:   application/json; charset=utf32"
6d02bac6-9e2d-4992-9e80-229afe5870e3,315a4819-2bc3-4c9c-b904-7023261eef01,false,"[Regression] JSON mismatch for matchId=6d02bac6-9e2d-4992-9e80-229afe5870e3
Expected: {""firstName"":""Lixin"",""lastName"":""García"",""age"":65,""address"":{""number"":5,""street"":""Calle Mayor"",""postcode"":""94107"",""city"":""San Francisco"",""country"":""Spain""},""insurance"":true,""cars"":[{""brand"":null,""model"":""Clio"",""maxSpeedKmH"":null}]}
Actual:   {""firstName"":""Lixin"",""lastName"":""García"",""age"":65,""insurance"":true,""cars"":[{""brand"":null,""model"":""Clio"",""maxSpeedKmH"":null}]}"
6d02bac6-9e2d-4992-9e80-229afe5870e3,1cfa5f4b-0b5f-44de-abe8-ae19b2e0cb73,false,"[Regression] JSON mismatch for matchId=6d02bac6-9e2d-4992-9e80-229afe5870e3
Expected: {""firstName"":""Lixin"",""lastName"":""García"",""age"":65,""address"":{""number"":5,""street"":""Calle Mayor"",""postcode"":""94107"",""city"":""San Francisco"",""country"":""Spain""},""insurance"":true,""cars"":[{""brand"":null,""model"":""Clio"",""maxSpeedKmH"":null}]}
Actual:   {""firstName"":-289976.8137227148,""lastName"":""García"",""age"":65,""address"":{""number"":5,""street"":""Calle Mayor"",""postcode"":""94107"",""city"":""San Francisco"",""country"":""Spain""},""insurance"":true,""cars"":[{""brand"":null,""model"":""Clio"",""maxSpeedKmH"":null}]}"
6d02bac6-9e2d-4992-9e80-229afe5870e3,a92faf2b-aa58-48ad-9f93-285d43d1ab73,false,"[Regression] JSON mismatch for matchId=6d02bac6-9e2d-4992-9e80-229afe5870e3
Expected: {""firstName"":""Lixin"",""lastName"":""García"",""age"":65,""address"":{""number"":5,""street"":""Calle Mayor"",""postcode"":""94107"",""city"":""San Francisco"",""country"":""Spain""},""insurance"":true,""cars"":[{""brand"":null,""model"":""Clio"",""maxSpeedKmH"":null}]}
Actual:   {""firstName"":""Lixin"",""lastName"":null,""age"":65,""address"":{""number"":5,""street"":""Calle Mayor"",""postcode"":""94107"",""city"":""San Francisco"",""country"":""Spain""},""insurance"":true,""cars"":[{""brand"":null,""model"":""Clio"",""maxSpeedKmH"":null}]}"
6d02bac6-9e2d-4992-9e80-229afe5870e3,00f9f5ab-e9df-4b44-978d-044176711164,false,"[Regression] JSON mismatch for matchId=6d02bac6-9e2d-4992-9e80-229afe5870e3
Expected: {""firstName"":""Lixin"",""lastName"":""García"",""age"":65,""address"":{""number"":5,""street"":""Calle Mayor"",""postcode"":""94107"",""city"":""San Francisco"",""country"":""Spain""},""insurance"":true,""cars"":[{""brand"":null,""model"":""Clio"",""maxSpeedKmH"":null}]}
Actual:   {""firstName"":""Lixin"",""lastName"":""García"",""age"":null,""address"":{""number"":5,""street"":""Calle Mayor"",""postcode"":""94107"",""city"":""San Francisco"",""country"":""Spain""},""insurance"":true,""cars"":[{""brand"":null,""model"":""Clio"",""maxSpeedKmH"":null}]}"
6d02bac6-9e2d-4992-9e80-229afe5870e3,827822f7-fb15-442e-a272-755c75480c39,false,"[Regression] JSON mismatch for matchId=6d02bac6-9e2d-4992-9e80-229afe5870e3
Expected: {""firstName"":""Lixin"",""lastName"":""García"",""age"":65,""address"":{""number"":5,""street"":""Calle Mayor"",""postcode"":""94107"",""city"":""San Francisco"",""country"":""Spain""},""insurance"":true,""cars"":[{""brand"":null,""model"":""Clio"",""maxSpeedKmH"":null}]}
Actual:   {""firstName"":""Lixin"",""lastName"":""García"",""age"":65,""address"":{""number"":5,""postcode"":""94107"",""country"":""Spain""},""insurance"":true,""cars"":[{""brand"":null,""model"":""Clio"",""maxSpeedKmH"":null}]}"
6d02bac6-9e2d-4992-9e80-229afe5870e3,4c8cd05a-3305-4442-9fe4-13d4491f0484,false,"[Regression] JSON mismatch for matchId=6d02bac6-9e2d-4992-9e80-229afe5870e3
Expected: {""firstName"":""Lixin"",""lastName"":""García"",""age"":65,""address"":{""number"":5,""street"":""Calle Mayor"",""postcode"":""94107"",""city"":""San Francisco"",""country"":""Spain""},""insurance"":true,""cars"":[{""brand"":null,""model"":""Clio"",""maxSpeedKmH"":null}]}
Actual:   {""firstName"":""Lixin"",""lastName"":""García"",""age"":65,""address"":{""number"":{},""street"":""Calle Mayor"",""postcode"":""94107"",""city"":""San Francisco"",""country"":""Spain""},""insurance"":true,""cars"":[{""brand"":null,""model"":""Clio"",""maxSpeedKmH"":null}]}"
6d02bac6-9e2d-4992-9e80-229afe5870e3,2c00af59-05a1-4460-8246-025302d9200a,false,"[Regression] JSON mismatch for matchId=6d02bac6-9e2d-4992-9e80-229afe5870e3
Expected: {""firstName"":""Lixin"",""lastName"":""García"",""age"":65,""address"":{""number"":5,""street"":""Calle Mayor"",""postcode"":""94107"",""city"":""San Francisco"",""country"":""Spain""},""insurance"":true,""cars"":[{""brand"":null,""model"":""Clio"",""maxSpeedKmH"":null}]}
Actual:   {""firstName"":""Lixin"",""lastName"":""García"",""age"":65,""address"":{""number"":5,""street"":""pJ13h3%a1"",""postcode"":""94107"",""city"":""San Francisco"",""country"":""Spain""},""insurance"":true,""cars"":[{""brand"":null,""model"":""Clio"",""maxSpeedKmH"":null}]}"
6d02bac6-9e2d-4992-9e80-229afe5870e3,88940121-015f-43d1-b437-71105b42700c,false,"[Regression] JSON mismatch for matchId=6d02bac6-9e2d-4992-9e80-229afe5870e3
Expected: {""firstName"":""Lixin"",""lastName"":""García"",""age"":65,""address"":{""number"":5,""street"":""Calle Mayor"",""postcode"":""94107"",""city"":""San Francisco"",""country"":""Spain""},""insurance"":true,""cars"":[{""brand"":null,""model"":""Clio"",""maxSpeedKmH"":null}]}
Actual:   {""firstName"":""Lixin"",""lastName"":""García"",""age"":65,""address"":{""number"":5,""street"":""Calle Mayor"",""postcode"":""iR<j7L_"",""city"":""San Francisco"",""country"":""Spain""},""insurance"":true,""cars"":[{""brand"":null,""model"":""Clio"",""maxSpeedKmH"":null}]}"
6d02bac6-9e2d-4992-9e80-229afe5870e3,a7cf0de6-9938-4c06-a012-282c7d6490f0,false,"[Regression] JSON mismatch for matchId=6d02bac6-9e2d-4992-9e80-229afe5870e3
Expected: {""firstName"":""Lixin"",""lastName"":""García"",""age"":65,""address"":{""number"":5,""street"":""Calle Mayor"",""postcode"":""94107"",""city"":""San Francisco"",""country"":""Spain""},""insurance"":true,""cars"":[{""brand"":null,""model"":""Clio"",""maxSpeedKmH"":null}]}
Actual:   {""firstName"":""Lixin"",""lastName"":""García"",""age"":65,""address"":{""number"":5,""street"":""Calle Mayor"",""postcode"":""94107"",""city"":""San Fran/*cisco"",""country"":""Spain""},""insurance"":true,""cars"":[{""brand"":null,""model"":""Clio"",""maxSpeedKmH"":null}]}"
6d02bac6-9e2d-4992-9e80-229afe5870e3,ca88d03d-7eb6-452d-abf6-026234b1da87,false,"[Regression] JSON mismatch for matchId=6d02bac6-9e2d-4992-9e80-229afe5870e3
Expected: {""firstName"":""Lixin"",""lastName"":""García"",""age"":65,""address"":{""number"":5,""street"":""Calle Mayor"",""postcode"":""94107"",""city"":""San Francisco"",""country"":""Spain""},""insurance"":true,""cars"":[{""brand"":null,""model"":""Clio"",""maxSpeedKmH"":null}]}
Actual:   {""firstName"":""Lixin"",""lastName"":""García"",""age"":65,""address"":{""number"":5,""street"":""Calle Mayor"",""postcode"":""94107"",""city"":""San Francisco"",""country"":""EJEMPLO MAYUS""},""insurance"":true,""cars"":[{""brand"":null,""model"":""Clio"",""maxSpeedKmH"":null}]}"
6d02bac6-9e2d-4992-9e80-229afe5870e3,cdfbdfe8-2714-4e3b-a106-61c4814fa281,false,"[Regression] JSON mismatch for matchId=6d02bac6-9e2d-4992-9e80-229afe5870e3
Expected: {""firstName"":""Lixin"",""lastName"":""García"",""age"":65,""address"":{""number"":5,""street"":""Calle Mayor"",""postcode"":""94107"",""city"":""San Francisco"",""country"":""Spain""},""insurance"":true,""cars"":[{""brand"":null,""model"":""Clio"",""maxSpeedKmH"":null}]}
Actual:   {""firstName"":""Lixin"",""lastName"":""García"",""age"":65,""address"":{""number"":5,""street"":""Calle Mayor"",""postcode"":""94107"",""city"":""San Francisco"",""country"":""Spain""},""insurance"":-289976.8137227148,""cars"":[{""brand"":null,""model"":""Clio"",""maxSpeedKmH"":null}]}"
6d02bac6-9e2d-4992-9e80-229afe5870e3,5e1c63b9-5914-471e-9928-ad4a8ca4796b,false,"[Regression] JSON mismatch for matchId=6d02bac6-9e2d-4992-9e80-229afe5870e3
Expected: {""firstName"":""Lixin"",""lastName"":""García"",""age"":65,""address"":{""number"":5,""street"":""Calle Mayor"",""postcode"":""94107"",""city"":""San Francisco"",""country"":""Spain""},""insurance"":true,""cars"":[{""brand"":null,""model"":""Clio"",""maxSpeedKmH"":null}]}
Actual:   {""firstName"":""Lixin"",""lastName"":""García"",""age"":65,""address"":{""number"":5,""street"":""Calle Mayor"",""postcode"":""94107"",""city"":""San Francisco"",""country"":""Spain""},""insurance"":true,""cars"":[{""brand"":null,""model"":""Clio"",""maxSpeedKmH"":null},true]}"
6d02bac6-9e2d-4992-9e80-229afe5870e3,5a091245-7a94-4754-b3ec-f584a7ddc66e,false,"[Regression] JSON mismatch for matchId=6d02bac6-9e2d-4992-9e80-229afe5870e3
Expected: {""firstName"":""Lixin"",""lastName"":""García"",""age"":65,""address"":{""number"":5,""street"":""Calle Mayor"",""postcode"":""94107"",""city"":""San Francisco"",""country"":""Spain""},""insurance"":true,""cars"":[{""brand"":null,""model"":""Clio"",""maxSpeedKmH"":null}]}
Actual:   {""firstName"":""Lixin"",""lastName"":""García"",""age"":65,""address"":{""number"":5,""street"":""Calle Mayor"",""postcode"":""94107"",""city"":""San Francisco"",""country"":""Spain""},""insurance"":true,""cars"":[{}]}"
6d02bac6-9e2d-4992-9e80-229afe5870e3,98aa268e-fd16-4d8a-a66c-d3f9149ea81f,false,"[Regression] JSON mismatch for matchId=6d02bac6-9e2d-4992-9e80-229afe5870e3
Expected: {""firstName"":""Lixin"",""lastName"":""García"",""age"":65,""address"":{""number"":5,""street"":""Calle Mayor"",""postcode"":""94107"",""city"":""San Francisco"",""country"":""Spain""},""insurance"":true,""cars"":[{""brand"":null,""model"":""Clio"",""maxSpeedKmH"":null}]}
Actual:   {""firstName"":""Lixin"",""lastName"":""García"",""age"":65,""address"":{""number"":5,""street"":""Calle Mayor"",""postcode"":""94107"",""city"":""San Francisco"",""country"":""Spain""},""insurance"":true,""cars"":[{""brand"":-289976.8137227148,""model"":""Clio"",""maxSpeedKmH"":null}]}"
6d02bac6-9e2d-4992-9e80-229afe5870e3,507f6b00-9099-4489-8b55-a68e72b71b56,false,"[Regression] JSON mismatch for matchId=6d02bac6-9e2d-4992-9e80-229afe5870e3
Expected: {""firstName"":""Lixin"",""lastName"":""García"",""age"":65,""address"":{""number"":5,""street"":""Calle Mayor"",""postcode"":""94107"",""city"":""San Francisco"",""country"":""Spain""},""insurance"":true,""cars"":[{""brand"":null,""model"":""Clio"",""maxSpeedKmH"":null}]}
Actual:   {""firstName"":""Lixin"",""lastName"":""García"",""age"":65,""address"":{""number"":5,""street"":""Calle Mayor"",""postcode"":""94107"",""city"":""San Francisco"",""country"":""Spain""},""insurance"":true,""cars"":[{""brand"":null,""model"":null,""maxSpeedKmH"":null}]}"
6d02bac6-9e2d-4992-9e80-229afe5870e3,134f93dd-2192-4690-b3f5-9446f8c757ef,false,"[Regression] JSON mismatch for matchId=6d02bac6-9e2d-4992-9e80-229afe5870e3
Expected: {""firstName"":""Lixin"",""lastName"":""García"",""age"":65,""address"":{""number"":5,""street"":""Calle Mayor"",""postcode"":""94107"",""city"":""San Francisco"",""country"":""Spain""},""insurance"":true,""cars"":[{""brand"":null,""model"":""Clio"",""maxSpeedKmH"":null}]}
Actual:   {""firstName"":""Lixin"",""lastName"":""García"",""age"":65,""address"":{""number"":5,""street"":""Calle Mayor"",""postcode"":""94107"",""city"":""San Francisco"",""country"":""Spain""},""insurance"":true,""cars"":[{""brand"":null,""model"":""Clio"",""maxSpeedKmH"":{}}]}"
3eec8cec-9d37-4983-ac45-01849207030c,3070b4f8-4892-4d11-b3b2-5babecead05e,false,"[Regression] Status code mismatch for matchId=3eec8cec-9d37-4983-ac45-01849207030c
   Expected: 201
   Actual:   400"
3eec8cec-9d37-4983-ac45-01849207030c,e644bb95-9dd6-42ad-aba8-451c3f4c0a2f,false,"[Regression] Header size mismatch for matchId=3eec8cec-9d37-4983-ac45-01849207030c
   Expected: {transfer-encoding=chunked, content-type=application/json}
   Actual:   {transfer-encoding=chunked}"
3eec8cec-9d37-4983-ac45-01849207030c,803fb968-adc9-42be-b90e-d339a2b5247e,false,"[Regression] Header value (content-type) mismatch for matchId=3eec8cec-9d37-4983-ac45-01849207030c
   Expected: application/json
   Actual:   application/json; charset=UTF8"
3eec8cec-9d37-4983-ac45-01849207030c,c03cfcf1-200f-4fe6-8451-eba321d424d0,false,"[Regression] JSON mismatch for matchId=3eec8cec-9d37-4983-ac45-01849207030c
Expected: {""firstName"":""Lixin"",""lastName"":""Smith"",""age"":65,""address"":{""number"":221,""street"":""Baker Street"",""postcode"":""630099"",""city"":""San Francisco"",""country"":""Россия""},""insurance"":false}
Actual:   {""firstName"":""Lixin"",""lastName"":""Smith"",""age"":65,""insurance"":false}"
3eec8cec-9d37-4983-ac45-01849207030c,d145bd89-6d59-4431-b7a6-d95fd12171af,false,"[Regression] JSON mismatch for matchId=3eec8cec-9d37-4983-ac45-01849207030c
Expected: {""firstName"":""Lixin"",""lastName"":""Smith"",""age"":65,""address"":{""number"":221,""street"":""Baker Street"",""postcode"":""630099"",""city"":""San Francisco"",""country"":""Россия""},""insurance"":false}
Actual:   {""firstName"":""Lixi/,n"",""lastName"":""Smith"",""age"":65,""address"":{""number"":221,""street"":""Baker Street"",""postcode"":""630099"",""city"":""San Francisco"",""country"":""Россия""},""insurance"":false}"
3eec8cec-9d37-4983-ac45-01849207030c,1b7ef822-5dec-4525-89e5-1513e34a6b39,false,"[Regression] JSON mismatch for matchId=3eec8cec-9d37-4983-ac45-01849207030c
Expected: {""firstName"":""Lixin"",""lastName"":""Smith"",""age"":65,""address"":{""number"":221,""street"":""Baker Street"",""postcode"":""630099"",""city"":""San Francisco"",""country"":""Россия""},""insurance"":false}
Actual:   {""firstName"":""Lixin"",""lastName"":null,""age"":65,""address"":{""number"":221,""street"":""Baker Street"",""postcode"":""630099"",""city"":""San Francisco"",""country"":""Россия""},""insurance"":false}"
3eec8cec-9d37-4983-ac45-01849207030c,95d8406f-ada1-49dd-b18e-3282258aef90,false,"[Regression] JSON mismatch for matchId=3eec8cec-9d37-4983-ac45-01849207030c
Expected: {""firstName"":""Lixin"",""lastName"":""Smith"",""age"":65,""address"":{""number"":221,""street"":""Baker Street"",""postcode"":""630099"",""city"":""San Francisco"",""country"":""Россия""},""insurance"":false}
Actual:   {""firstName"":""Lixin"",""lastName"":""Smith"",""age"":-241395,""address"":{""number"":221,""street"":""Baker Street"",""postcode"":""630099"",""city"":""San Francisco"",""country"":""Россия""},""insurance"":false}"
3eec8cec-9d37-4983-ac45-01849207030c,a10551cb-b996-499a-9dc7-fa4181921197,false,"[Regression] JSON mismatch for matchId=3eec8cec-9d37-4983-ac45-01849207030c
Expected: {""firstName"":""Lixin"",""lastName"":""Smith"",""age"":65,""address"":{""number"":221,""street"":""Baker Street"",""postcode"":""630099"",""city"":""San Francisco"",""country"":""Россия""},""insurance"":false}
Actual:   {""firstName"":""Lixin"",""lastName"":""Smith"",""age"":65,""address"":null,""insurance"":false}"
3eec8cec-9d37-4983-ac45-01849207030c,b5551a1c-7ddb-4638-a2f8-5f69f66a1858,false,"[Regression] JSON mismatch for matchId=3eec8cec-9d37-4983-ac45-01849207030c
Expected: {""firstName"":""Lixin"",""lastName"":""Smith"",""age"":65,""address"":{""number"":221,""street"":""Baker Street"",""postcode"":""630099"",""city"":""San Francisco"",""country"":""Россия""},""insurance"":false}
Actual:   {""firstName"":""Lixin"",""lastName"":""Smith"",""age"":65,""address"":{""number"":{},""street"":""Baker Street"",""postcode"":""630099"",""city"":""San Francisco"",""country"":""Россия""},""insurance"":false}"
3eec8cec-9d37-4983-ac45-01849207030c,710d1a78-6360-4bcf-820b-81566316a1ab,false,"[Regression] JSON mismatch for matchId=3eec8cec-9d37-4983-ac45-01849207030c
Expected: {""firstName"":""Lixin"",""lastName"":""Smith"",""age"":65,""address"":{""number"":221,""street"":""Baker Street"",""postcode"":""630099"",""city"":""San Francisco"",""country"":""Россия""},""insurance"":false}
Actual:   {""firstName"":""Lixin"",""lastName"":""Smith"",""age"":65,""address"":{""number"":221,""street"":{},""postcode"":""630099"",""city"":""San Francisco"",""country"":""Россия""},""insurance"":false}"
3eec8cec-9d37-4983-ac45-01849207030c,0aed4248-2d40-404f-b60e-ebe5ad687e77,false,"[Regression] JSON mismatch for matchId=3eec8cec-9d37-4983-ac45-01849207030c
Expected: {""firstName"":""Lixin"",""lastName"":""Smith"",""age"":65,""address"":{""number"":221,""street"":""Baker Street"",""postcode"":""630099"",""city"":""San Francisco"",""country"":""Россия""},""insurance"":false}
Actual:   {""firstName"":""Lixin"",""lastName"":""Smith"",""age"":65,""address"":{""number"":221,""street"":""Baker Street"",""postcode"":[],""city"":""San Francisco"",""country"":""Россия""},""insurance"":false}"
3eec8cec-9d37-4983-ac45-01849207030c,8f369582-416e-470f-b5f2-06d7467227df,false,"[Regression] JSON mismatch for matchId=3eec8cec-9d37-4983-ac45-01849207030c
Expected: {""firstName"":""Lixin"",""lastName"":""Smith"",""age"":65,""address"":{""number"":221,""street"":""Baker Street"",""postcode"":""630099"",""city"":""San Francisco"",""country"":""Россия""},""insurance"":false}
Actual:   {""firstName"":""Lixin"",""lastName"":""Smith"",""age"":65,""address"":{""number"":221,""street"":""Baker Street"",""postcode"":""630099"",""city"":-627465,""country"":""Россия""},""insurance"":false}"
3eec8cec-9d37-4983-ac45-01849207030c,949187e4-c493-4833-9a41-25fdf662fff4,false,"[Regression] JSON mismatch for matchId=3eec8cec-9d37-4983-ac45-01849207030c
Expected: {""firstName"":""Lixin"",""lastName"":""Smith"",""age"":65,""address"":{""number"":221,""street"":""Baker Street"",""postcode"":""630099"",""city"":""San Francisco"",""country"":""Россия""},""insurance"":false}
Actual:   {""firstName"":""Lixin"",""lastName"":""Smith"",""age"":65,""address"":{""number"":221,""street"":""Baker Street"",""postcode"":""630099"",""city"":""San Francisco"",""country"":[]},""insurance"":false}"
3eec8cec-9d37-4983-ac45-01849207030c,e0f78290-da5a-4a88-9db9-bc37ded592ea,false,"[Regression] JSON mismatch for matchId=3eec8cec-9d37-4983-ac45-01849207030c
Expected: {""firstName"":""Lixin"",""lastName"":""Smith"",""age"":65,""address"":{""number"":221,""street"":""Baker Street"",""postcode"":""630099"",""city"":""San Francisco"",""country"":""Россия""},""insurance"":false}
Actual:   {""firstName"":""Lixin"",""lastName"":""Smith"",""age"":65,""address"":{""number"":221,""street"":""Baker Street"",""postcode"":""630099"",""city"":""San Francisco"",""country"":""Россия""},""insurance"":null}"
d1fb5594-4d96-4410-be5d-8c789aca559c,d0607c80-5130-481c-82fb-b10bc66ce810,false,"[Regression] Status code mismatch for matchId=d1fb5594-4d96-4410-be5d-8c789aca559c
   Expected: 201
   Actual:   500"
d1fb5594-4d96-4410-be5d-8c789aca559c,c70ea21b-aad7-4ad8-b4c9-da440563e5ac,false,"[Regression] Header value (content-type) mismatch for matchId=d1fb5594-4d96-4410-be5d-8c789aca559c
   Expected: application/json
   Actual:   application/xml"
d1fb5594-4d96-4410-be5d-8c789aca559c,2b31b91f-f636-43dc-9798-d6a7728feb67,false,"[Regression] Header value (content-type) mismatch for matchId=d1fb5594-4d96-4410-be5d-8c789aca559c
   Expected: application/json
   Actual:   application/json; charset=UTF16"
d1fb5594-4d96-4410-be5d-8c789aca559c,dd270560-c32b-4c8a-aa0a-5b794519a0a3,false,"[Regression] JSON mismatch for matchId=d1fb5594-4d96-4410-be5d-8c789aca559c
Expected: {""firstName"":""Alice"",""lastName"":""Smith"",""age"":28,""address"":{""number"":10,""street"":""Prospekt Lenina"",""postcode"":null,""city"":""Madrid"",""country"":""Россия""},""insurance"":false,""cars"":[{""brand"":""Renault"",""model"":""Corolla"",""maxSpeedKmH"":180.5}]}
Actual:   {""firstName"":""Alice"",""lastName"":""Smith"",""age"":28,""insurance"":false,""cars"":[{""brand"":""Renault"",""model"":""Corolla"",""maxSpeedKmH"":180.5}]}"
d1fb5594-4d96-4410-be5d-8c789aca559c,5d03fb0f-0319-46e9-a00e-326dee7ff998,false,"[Regression] JSON mismatch for matchId=d1fb5594-4d96-4410-be5d-8c789aca559c
Expected: {""firstName"":""Alice"",""lastName"":""Smith"",""age"":28,""address"":{""number"":10,""street"":""Prospekt Lenina"",""postcode"":null,""city"":""Madrid"",""country"":""Россия""},""insurance"":false,""cars"":[{""brand"":""Renault"",""model"":""Corolla"",""maxSpeedKmH"":180.5}]}
Actual:   {""firstName"":""P\""9Vx"",""lastName"":""Smith"",""age"":28,""address"":{""number"":10,""street"":""Prospekt Lenina"",""postcode"":null,""city"":""Madrid"",""country"":""Россия""},""insurance"":false,""cars"":[{""brand"":""Renault"",""model"":""Corolla"",""maxSpeedKmH"":180.5}]}"
d1fb5594-4d96-4410-be5d-8c789aca559c,a4de08c3-0d5c-4da2-af9c-56b8f398cd56,false,"[Regression] JSON mismatch for matchId=d1fb5594-4d96-4410-be5d-8c789aca559c
Expected: {""firstName"":""Alice"",""lastName"":""Smith"",""age"":28,""address"":{""number"":10,""street"":""Prospekt Lenina"",""postcode"":null,""city"":""Madrid"",""country"":""Россия""},""insurance"":false,""cars"":[{""brand"":""Renault"",""model"":""Corolla"",""maxSpeedKmH"":180.5}]}
Actual:   {""firstName"":""Alice"",""lastName"":""K"",""age"":28,""address"":{""number"":10,""street"":""Prospekt Lenina"",""postcode"":null,""city"":""Madrid"",""country"":""Россия""},""insurance"":false,""cars"":[{""brand"":""Renault"",""model"":""Corolla"",""maxSpeedKmH"":180.5}]}"
d1fb5594-4d96-4410-be5d-8c789aca559c,72f6e4c5-92dd-4b24-bea0-a177c222d11c,false,"[Regression] JSON mismatch for matchId=d1fb5594-4d96-4410-be5d-8c789aca559c
Expected: {""firstName"":""Alice"",""lastName"":""Smith"",""age"":28,""address"":{""number"":10,""street"":""Prospekt Lenina"",""postcode"":null,""city"":""Madrid"",""country"":""Россия""},""insurance"":false,""cars"":[{""brand"":""Renault"",""model"":""Corolla"",""maxSpeedKmH"":180.5}]}
Actual:   {""firstName"":""Alice"",""lastName"":""Smith"",""age"":-241395,""address"":{""number"":10,""street"":""Prospekt Lenina"",""postcode"":null,""city"":""Madrid"",""country"":""Россия""},""insurance"":false,""cars"":[{""brand"":""Renault"",""model"":""Corolla"",""maxSpeedKmH"":180.5}]}"
d1fb5594-4d96-4410-be5d-8c789aca559c,71afcef5-ac20-49ab-84bf-859672529483,false,"[Regression] JSON mismatch for matchId=d1fb5594-4d96-4410-be5d-8c789aca559c
Expected: {""firstName"":""Alice"",""lastName"":""Smith"",""age"":28,""address"":{""number"":10,""street"":""Prospekt Lenina"",""postcode"":null,""city"":""Madrid"",""country"":""Россия""},""insurance"":false,""cars"":[{""brand"":""Renault"",""model"":""Corolla"",""maxSpeedKmH"":180.5}]}
Actual:   {""firstName"":""Alice"",""lastName"":""Smith"",""age"":28,""address"":{""number"":10,""postcode"":null,""country"":""Россия""},""insurance"":false,""cars"":[{""brand"":""Renault"",""model"":""Corolla"",""maxSpeedKmH"":180.5}]}"
d1fb5594-4d96-4410-be5d-8c789aca559c,85d6e002-eb40-49f1-914a-09edf50ef49a,false,"[Regression] JSON mismatch for matchId=d1fb5594-4d96-4410-be5d-8c789aca559c
Expected: {""firstName"":""Alice"",""lastName"":""Smith"",""age"":28,""address"":{""number"":10,""street"":""Prospekt Lenina"",""postcode"":null,""city"":""Madrid"",""country"":""Россия""},""insurance"":false,""cars"":[{""brand"":""Renault"",""model"":""Corolla"",""maxSpeedKmH"":180.5}]}
Actual:   {""firstName"":""Alice"",""lastName"":""Smith"",""age"":28,""address"":{""number"":-618785,""street"":""Prospekt Lenina"",""postcode"":null,""city"":""Madrid"",""country"":""Россия""},""insurance"":false,""cars"":[{""brand"":""Renault"",""model"":""Corolla"",""maxSpeedKmH"":180.5}]}"
d1fb5594-4d96-4410-be5d-8c789aca559c,513262c1-83f9-4639-8a5c-c71fa2c048b8,false,"[Regression] JSON mismatch for matchId=d1fb5594-4d96-4410-be5d-8c789aca559c
Expected: {""firstName"":""Alice"",""lastName"":""Smith"",""age"":28,""address"":{""number"":10,""street"":""Prospekt Lenina"",""postcode"":null,""city"":""Madrid"",""country"":""Россия""},""insurance"":false,""cars"":[{""brand"":""Renault"",""model"":""Corolla"",""maxSpeedKmH"":180.5}]}
Actual:   {""firstName"":""Alice"",""lastName"":""Smith"",""age"":28,""address"":{""number"":10,""street"":null,""postcode"":null,""city"":""Madrid"",""country"":""Россия""},""insurance"":false,""cars"":[{""brand"":""Renault"",""model"":""Corolla"",""maxSpeedKmH"":180.5}]}"
d1fb5594-4d96-4410-be5d-8c789aca559c,327a9cbd-6daf-477e-9598-27c658023432,false,"[Regression] JSON mismatch for matchId=d1fb5594-4d96-4410-be5d-8c789aca559c
Expected: {""firstName"":""Alice"",""lastName"":""Smith"",""age"":28,""address"":{""number"":10,""street"":""Prospekt Lenina"",""postcode"":null,""city"":""Madrid"",""country"":""Россия""},""insurance"":false,""cars"":[{""brand"":""Renault"",""model"":""Corolla"",""maxSpeedKmH"":180.5}]}
Actual:   {""firstName"":""Alice"",""lastName"":""Smith"",""age"":28,""address"":{""number"":10,""street"":""Prospekt Lenina"",""postcode"":-289976.8137227148,""city"":""Madrid"",""country"":""Россия""},""insurance"":false,""cars"":[{""brand"":""Renault"",""model"":""Corolla"",""maxSpeedKmH"":180.5}]}"
d1fb5594-4d96-4410-be5d-8c789aca559c,bca21526-0ea5-4093-9606-dce8d70cb368,false,"[Regression] JSON mismatch for matchId=d1fb5594-4d96-4410-be5d-8c789aca559c
Expected: {""firstName"":""Alice"",""lastName"":""Smith"",""age"":28,""address"":{""number"":10,""street"":""Prospekt Lenina"",""postcode"":null,""city"":""Madrid"",""country"":""Россия""},""insurance"":false,""cars"":[{""brand"":""Renault"",""model"":""Corolla"",""maxSpeedKmH"":180.5}]}
Actual:   {""firstName"":""Alice"",""lastName"":""Smith"",""age"":28,""address"":{""number"":10,""street"":""Prospekt Lenina"",""postcode"":null,""city"":""uU\\$||V?u"",""country"":""Россия""},""insurance"":false,""cars"":[{""brand"":""Renault"",""model"":""Corolla"",""maxSpeedKmH"":180.5}]}"
d1fb5594-4d96-4410-be5d-8c789aca559c,a9a1d34a-210c-4cb8-b54a-a15b618f0dd8,false,"[Regression] JSON mismatch for matchId=d1fb5594-4d96-4410-be5d-8c789aca559c
Expected: {""firstName"":""Alice"",""lastName"":""Smith"",""age"":28,""address"":{""number"":10,""street"":""Prospekt Lenina"",""postcode"":null,""city"":""Madrid"",""country"":""Россия""},""insurance"":false,""cars"":[{""brand"":""Renault"",""model"":""Corolla"",""maxSpeedKmH"":180.5}]}
Actual:   {""firstName"":""Alice"",""lastName"":""Smith"",""age"":28,""address"":{""number"":10,""street"":""Prospekt Lenina"",""postcode"":null,""city"":""Madrid"",""country"":""3""},""insurance"":false,""cars"":[{""brand"":""Renault"",""model"":""Corolla"",""maxSpeedKmH"":180.5}]}"
d1fb5594-4d96-4410-be5d-8c789aca559c,5b6ce5b9-2c3b-435d-ab00-5bdfc0b27205,false,"[Regression] JSON mismatch for matchId=d1fb5594-4d96-4410-be5d-8c789aca559c
Expected: {""firstName"":""Alice"",""lastName"":""Smith"",""age"":28,""address"":{""number"":10,""street"":""Prospekt Lenina"",""postcode"":null,""city"":""Madrid"",""country"":""Россия""},""insurance"":false,""cars"":[{""brand"":""Renault"",""model"":""Corolla"",""maxSpeedKmH"":180.5}]}
Actual:   {""firstName"":""Alice"",""lastName"":""Smith"",""age"":28,""address"":{""number"":10,""street"":""Prospekt Lenina"",""postcode"":null,""city"":""Madrid"",""country"":""Россия""},""insurance"":true,""cars"":[{""brand"":""Renault"",""model"":""Corolla"",""maxSpeedKmH"":180.5}]}"
d1fb5594-4d96-4410-be5d-8c789aca559c,dfeb214c-9d9a-4a0d-b5e6-98fbdb8e0bb9,false,"[Regression] JSON mismatch for matchId=d1fb5594-4d96-4410-be5d-8c789aca559c
Expected: {""firstName"":""Alice"",""lastName"":""Smith"",""age"":28,""address"":{""number"":10,""street"":""Prospekt Lenina"",""postcode"":null,""city"":""Madrid"",""country"":""Россия""},""insurance"":false,""cars"":[{""brand"":""Renault"",""model"":""Corolla"",""maxSpeedKmH"":180.5}]}
Actual:   {""firstName"":""Alice"",""lastName"":""Smith"",""age"":28,""address"":{""number"":10,""street"":""Prospekt Lenina"",""postcode"":null,""city"":""Madrid"",""country"":""Россия""},""insurance"":false,""cars"":[{""brand"":""Renault"",""model"":""Corolla"",""maxSpeedKmH"":180.5},true]}"
d1fb5594-4d96-4410-be5d-8c789aca559c,5c31d9bc-07d0-493d-b25e-b3dde6eaeff0,false,"[Regression] JSON mismatch for matchId=d1fb5594-4d96-4410-be5d-8c789aca559c
Expected: {""firstName"":""Alice"",""lastName"":""Smith"",""age"":28,""address"":{""number"":10,""street"":""Prospekt Lenina"",""postcode"":null,""city"":""Madrid"",""country"":""Россия""},""insurance"":false,""cars"":[{""brand"":""Renault"",""model"":""Corolla"",""maxSpeedKmH"":180.5}]}
Actual:   {""firstName"":""Alice"",""lastName"":""Smith"",""age"":28,""address"":{""number"":10,""street"":""Prospekt Lenina"",""postcode"":null,""city"":""Madrid"",""country"":""Россия""},""insurance"":false,""cars"":[{""brand"":""Renault"",""model"":""Corolla"",""maxSpeedKmH"":180.5,""randomObject1"":{},""randomLong2"":-627465,""randomArray3"":[],""randomObject4"":{}}]}"
d1fb5594-4d96-4410-be5d-8c789aca559c,f7798cdd-0fb9-4f7b-89cc-81846c478db1,false,"[Regression] JSON mismatch for matchId=d1fb5594-4d96-4410-be5d-8c789aca559c
Expected: {""firstName"":""Alice"",""lastName"":""Smith"",""age"":28,""address"":{""number"":10,""street"":""Prospekt Lenina"",""postcode"":null,""city"":""Madrid"",""country"":""Россия""},""insurance"":false,""cars"":[{""brand"":""Renault"",""model"":""Corolla"",""maxSpeedKmH"":180.5}]}
Actual:   {""firstName"":""Alice"",""lastName"":""Smith"",""age"":28,""address"":{""number"":10,""street"":""Prospekt Lenina"",""postcode"":null,""city"":""Madrid"",""country"":""Россия""},""insurance"":false,""cars"":[{""brand"":""Renault*"",""model"":""Corolla"",""maxSpeedKmH"":180.5}]}"
d1fb5594-4d96-4410-be5d-8c789aca559c,c760462c-b0e6-43ab-ae0c-44b26afa26fd,false,"[Regression] JSON mismatch for matchId=d1fb5594-4d96-4410-be5d-8c789aca559c
Expected: {""firstName"":""Alice"",""lastName"":""Smith"",""age"":28,""address"":{""number"":10,""street"":""Prospekt Lenina"",""postcode"":null,""city"":""Madrid"",""country"":""Россия""},""insurance"":false,""cars"":[{""brand"":""Renault"",""model"":""Corolla"",""maxSpeedKmH"":180.5}]}
Actual:   {""firstName"":""Alice"",""lastName"":""Smith"",""age"":28,""address"":{""number"":10,""street"":""Prospekt Lenina"",""postcode"":null,""city"":""Madrid"",""country"":""Россия""},""insurance"":false,""cars"":[{""brand"":""Renault"",""model"":null,""maxSpeedKmH"":180.5}]}"
d1fb5594-4d96-4410-be5d-8c789aca559c,23ab8981-44fb-4d24-8dbd-f0de4cda817b,false,"[Regression] JSON mismatch for matchId=d1fb5594-4d96-4410-be5d-8c789aca559c
Expected: {""firstName"":""Alice"",""lastName"":""Smith"",""age"":28,""address"":{""number"":10,""street"":""Prospekt Lenina"",""postcode"":null,""city"":""Madrid"",""country"":""Россия""},""insurance"":false,""cars"":[{""brand"":""Renault"",""model"":""Corolla"",""maxSpeedKmH"":180.5}]}
Actual:   {""firstName"":""Alice"",""lastName"":""Smith"",""age"":28,""address"":{""number"":10,""street"":""Prospekt Lenina"",""postcode"":null,""city"":""Madrid"",""country"":""Россия""},""insurance"":false,""cars"":[{""brand"":""Renault"",""model"":""Corolla"",""maxSpeedKmH"":null}]}"
29feeacb-6398-4ee3-86fa-97f2d9f27086,ec232406-cc7a-4ffe-8c3c-d0a8f34df201,false,"[Regression] Status code mismatch for matchId=29feeacb-6398-4ee3-86fa-97f2d9f27086
   Expected: 201
   Actual:   502"
29feeacb-6398-4ee3-86fa-97f2d9f27086,03c5bee0-342b-407e-bcc3-8469ed2f7b02,false,"[Regression] Header value (content-type) mismatch for matchId=29feeacb-6398-4ee3-86fa-97f2d9f27086
   Expected: application/json
   Actual:   application/xml"
29feeacb-6398-4ee3-86fa-97f2d9f27086,77dbd895-be61-479d-bbbe-15eaa7ce4d33,false,"[Regression] Header value (content-type) mismatch for matchId=29feeacb-6398-4ee3-86fa-97f2d9f27086
   Expected: application/json
   Actual:   application/json; charset=UTF-16"
29feeacb-6398-4ee3-86fa-97f2d9f27086,574bf1c4-09d3-4e44-a4ec-5c748b8a8b66,false,"[Regression] JSON mismatch for matchId=29feeacb-6398-4ee3-86fa-97f2d9f27086
Expected: {""firstName"":""Борис"",""lastName"":""Smith"",""age"":65,""address"":{""number"":221,""street"":null,""postcode"":""94107"",""city"":""Madrid"",""country"":null},""insurance"":true,""cars"":[{""brand"":""Renault"",""model"":""Corolla"",""maxSpeedKmH"":135.75}]}
Actual:   {""firstName"":""Борис"",""lastName"":""Smith"",""age"":65,""address"":{""number"":221,""street"":null,""postcode"":""94107"",""city"":""Madrid"",""country"":null},""insurance"":true,""cars"":[{""brand"":""Renault"",""model"":""Corolla"",""maxSpeedKmH"":135.75}],""randomBoolean1"":true}"
29feeacb-6398-4ee3-86fa-97f2d9f27086,fa6d0bc5-62ab-4f5a-8d54-a0f06135288e,false,"[Regression] JSON mismatch for matchId=29feeacb-6398-4ee3-86fa-97f2d9f27086
Expected: {""firstName"":""Борис"",""lastName"":""Smith"",""age"":65,""address"":{""number"":221,""street"":null,""postcode"":""94107"",""city"":""Madrid"",""country"":null},""insurance"":true,""cars"":[{""brand"":""Renault"",""model"":""Corolla"",""maxSpeedKmH"":135.75}]}
Actual:   {""firstName"":""Бори/,с"",""lastName"":""Smith"",""age"":65,""address"":{""number"":221,""street"":null,""postcode"":""94107"",""city"":""Madrid"",""country"":null},""insurance"":true,""cars"":[{""brand"":""Renault"",""model"":""Corolla"",""maxSpeedKmH"":135.75}]}"
29feeacb-6398-4ee3-86fa-97f2d9f27086,d2bd36f2-5728-4492-bf7b-595a8053b21f,false,"[Regression] JSON mismatch for matchId=29feeacb-6398-4ee3-86fa-97f2d9f27086
Expected: {""firstName"":""Борис"",""lastName"":""Smith"",""age"":65,""address"":{""number"":221,""street"":null,""postcode"":""94107"",""city"":""Madrid"",""country"":null},""insurance"":true,""cars"":[{""brand"":""Renault"",""model"":""Corolla"",""maxSpeedKmH"":135.75}]}
Actual:   {""firstName"":""Борис"",""lastName"":null,""age"":65,""address"":{""number"":221,""street"":null,""postcode"":""94107"",""city"":""Madrid"",""country"":null},""insurance"":true,""cars"":[{""brand"":""Renault"",""model"":""Corolla"",""maxSpeedKmH"":135.75}]}"
29feeacb-6398-4ee3-86fa-97f2d9f27086,32096b16-4e9f-470b-a657-86aab0e9e1a3,false,"[Regression] JSON mismatch for matchId=29feeacb-6398-4ee3-86fa-97f2d9f27086
Expected: {""firstName"":""Борис"",""lastName"":""Smith"",""age"":65,""address"":{""number"":221,""street"":null,""postcode"":""94107"",""city"":""Madrid"",""country"":null},""insurance"":true,""cars"":[{""brand"":""Renault"",""model"":""Corolla"",""maxSpeedKmH"":135.75}]}
Actual:   {""firstName"":""Борис"",""lastName"":""Smith"",""age"":null,""address"":{""number"":221,""street"":null,""postcode"":""94107"",""city"":""Madrid"",""country"":null},""insurance"":true,""cars"":[{""brand"":""Renault"",""model"":""Corolla"",""maxSpeedKmH"":135.75}]}"
29feeacb-6398-4ee3-86fa-97f2d9f27086,7469889d-6516-4220-8cf2-e1125c18b350,false,"[Regression] JSON mismatch for matchId=29feeacb-6398-4ee3-86fa-97f2d9f27086
Expected: {""firstName"":""Борис"",""lastName"":""Smith"",""age"":65,""address"":{""number"":221,""street"":null,""postcode"":""94107"",""city"":""Madrid"",""country"":null},""insurance"":true,""cars"":[{""brand"":""Renault"",""model"":""Corolla"",""maxSpeedKmH"":135.75}]}
Actual:   {""firstName"":""Борис"",""lastName"":""Smith"",""age"":65,""address"":{""number"":221,""postcode"":""94107"",""country"":null},""insurance"":true,""cars"":[{""brand"":""Renault"",""model"":""Corolla"",""maxSpeedKmH"":135.75}]}"
29feeacb-6398-4ee3-86fa-97f2d9f27086,ba2828a3-0c98-4cad-a9a2-14c81a16e9d9,false,"[Regression] JSON mismatch for matchId=29feeacb-6398-4ee3-86fa-97f2d9f27086
Expected: {""firstName"":""Борис"",""lastName"":""Smith"",""age"":65,""address"":{""number"":221,""street"":null,""postcode"":""94107"",""city"":""Madrid"",""country"":null},""insurance"":true,""cars"":[{""brand"":""Renault"",""model"":""Corolla"",""maxSpeedKmH"":135.75}]}
Actual:   {""firstName"":""Борис"",""lastName"":""Smith"",""age"":65,""address"":{""number"":{},""street"":null,""postcode"":""94107"",""city"":""Madrid"",""country"":null},""insurance"":true,""cars"":[{""brand"":""Renault"",""model"":""Corolla"",""maxSpeedKmH"":135.75}]}"
29feeacb-6398-4ee3-86fa-97f2d9f27086,fff0d09c-3806-447e-aec5-1eec10ed1dd6,false,"[Regression] JSON mismatch for matchId=29feeacb-6398-4ee3-86fa-97f2d9f27086
Expected: {""firstName"":""Борис"",""lastName"":""Smith"",""age"":65,""address"":{""number"":221,""street"":null,""postcode"":""94107"",""city"":""Madrid"",""country"":null},""insurance"":true,""cars"":[{""brand"":""Renault"",""model"":""Corolla"",""maxSpeedKmH"":135.75}]}
Actual:   {""firstName"":""Борис"",""lastName"":""Smith"",""age"":65,""address"":{""number"":221,""street"":-289976.8137227148,""postcode"":""94107"",""city"":""Madrid"",""country"":null},""insurance"":true,""cars"":[{""brand"":""Renault"",""model"":""Corolla"",""maxSpeedKmH"":135.75}]}"
29feeacb-6398-4ee3-86fa-97f2d9f27086,6b4da52f-4c97-419e-9e2c-4c3041a0d9d2,false,"[Regression] JSON mismatch for matchId=29feeacb-6398-4ee3-86fa-97f2d9f27086
Expected: {""firstName"":""Борис"",""lastName"":""Smith"",""age"":65,""address"":{""number"":221,""street"":null,""postcode"":""94107"",""city"":""Madrid"",""country"":null},""insurance"":true,""cars"":[{""brand"":""Renault"",""model"":""Corolla"",""maxSpeedKmH"":135.75}]}
Actual:   {""firstName"":""Борис"",""lastName"":""Smith"",""age"":65,""address"":{""number"":221,""street"":null,""postcode"":null,""city"":""Madrid"",""country"":null},""insurance"":true,""cars"":[{""brand"":""Renault"",""model"":""Corolla"",""maxSpeedKmH"":135.75}]}"
29feeacb-6398-4ee3-86fa-97f2d9f27086,035c07d5-432f-41a9-8eeb-9c9ef59c8080,false,"[Regression] JSON mismatch for matchId=29feeacb-6398-4ee3-86fa-97f2d9f27086
Expected: {""firstName"":""Борис"",""lastName"":""Smith"",""age"":65,""address"":{""number"":221,""street"":null,""postcode"":""94107"",""city"":""Madrid"",""country"":null},""insurance"":true,""cars"":[{""brand"":""Renault"",""model"":""Corolla"",""maxSpeedKmH"":135.75}]}
Actual:   {""firstName"":""Борис"",""lastName"":""Smith"",""age"":65,""address"":{""number"":221,""street"":null,""postcode"":""94107"",""city"":""^L%"",""country"":null},""insurance"":true,""cars"":[{""brand"":""Renault"",""model"":""Corolla"",""maxSpeedKmH"":135.75}]}"
29feeacb-6398-4ee3-86fa-97f2d9f27086,11863cb6-25e1-4a37-81a7-c3724741b3b2,false,"[Regression] JSON mismatch for matchId=29feeacb-6398-4ee3-86fa-97f2d9f27086
Expected: {""firstName"":""Борис"",""lastName"":""Smith"",""age"":65,""address"":{""number"":221,""street"":null,""postcode"":""94107"",""city"":""Madrid"",""country"":null},""insurance"":true,""cars"":[{""brand"":""Renault"",""model"":""Corolla"",""maxSpeedKmH"":135.75}]}
Actual:   {""firstName"":""Борис"",""lastName"":""Smith"",""age"":65,""address"":{""number"":221,""street"":null,""postcode"":""94107"",""city"":""Madrid"",""country"":{}},""insurance"":true,""cars"":[{""brand"":""Renault"",""model"":""Corolla"",""maxSpeedKmH"":135.75}]}"
29feeacb-6398-4ee3-86fa-97f2d9f27086,2ba3aeaf-912f-4c45-8e78-5389c47e27e1,false,"[Regression] JSON mismatch for matchId=29feeacb-6398-4ee3-86fa-97f2d9f27086
Expected: {""firstName"":""Борис"",""lastName"":""Smith"",""age"":65,""address"":{""number"":221,""street"":null,""postcode"":""94107"",""city"":""Madrid"",""country"":null},""insurance"":true,""cars"":[{""brand"":""Renault"",""model"":""Corolla"",""maxSpeedKmH"":135.75}]}
Actual:   {""firstName"":""Борис"",""lastName"":""Smith"",""age"":65,""address"":{""number"":221,""street"":null,""postcode"":""94107"",""city"":""Madrid"",""country"":null},""insurance"":false,""cars"":[{""brand"":""Renault"",""model"":""Corolla"",""maxSpeedKmH"":135.75}]}"
29feeacb-6398-4ee3-86fa-97f2d9f27086,771e76c5-e917-4600-9563-df98c520853c,false,"[Regression] JSON mismatch for matchId=29feeacb-6398-4ee3-86fa-97f2d9f27086
Expected: {""firstName"":""Борис"",""lastName"":""Smith"",""age"":65,""address"":{""number"":221,""street"":null,""postcode"":""94107"",""city"":""Madrid"",""country"":null},""insurance"":true,""cars"":[{""brand"":""Renault"",""model"":""Corolla"",""maxSpeedKmH"":135.75}]}
Actual:   {""firstName"":""Борис"",""lastName"":""Smith"",""age"":65,""address"":{""number"":221,""street"":null,""postcode"":""94107"",""city"":""Madrid"",""country"":null},""insurance"":true,""cars"":-289976.8137227148}"
29feeacb-6398-4ee3-86fa-97f2d9f27086,27478958-aa50-4375-b8ac-436e949f837e,false,"[Regression] JSON mismatch for matchId=29feeacb-6398-4ee3-86fa-97f2d9f27086
Expected: {""firstName"":""Борис"",""lastName"":""Smith"",""age"":65,""address"":{""number"":221,""street"":null,""postcode"":""94107"",""city"":""Madrid"",""country"":null},""insurance"":true,""cars"":[{""brand"":""Renault"",""model"":""Corolla"",""maxSpeedKmH"":135.75}]}
Actual:   {""firstName"":""Борис"",""lastName"":""Smith"",""age"":65,""address"":{""number"":221,""street"":null,""postcode"":""94107"",""city"":""Madrid"",""country"":null},""insurance"":true,""cars"":[null]}"
29feeacb-6398-4ee3-86fa-97f2d9f27086,71ff709a-0fa4-4923-908e-9955d7c94c6d,false,"[Regression] JSON mismatch for matchId=29feeacb-6398-4ee3-86fa-97f2d9f27086
Expected: {""firstName"":""Борис"",""lastName"":""Smith"",""age"":65,""address"":{""number"":221,""street"":null,""postcode"":""94107"",""city"":""Madrid"",""country"":null},""insurance"":true,""cars"":[{""brand"":""Renault"",""model"":""Corolla"",""maxSpeedKmH"":135.75}]}
Actual:   {""firstName"":""Борис"",""lastName"":""Smith"",""age"":65,""address"":{""number"":221,""street"":null,""postcode"":""94107"",""city"":""Madrid"",""country"":null},""insurance"":true,""cars"":[{""brand"":-627465,""model"":""Corolla"",""maxSpeedKmH"":135.75}]}"
29feeacb-6398-4ee3-86fa-97f2d9f27086,74b00b2e-ad7c-4eb5-bcd5-4b8f77052aa2,false,"[Regression] JSON mismatch for matchId=29feeacb-6398-4ee3-86fa-97f2d9f27086
Expected: {""firstName"":""Борис"",""lastName"":""Smith"",""age"":65,""address"":{""number"":221,""street"":null,""postcode"":""94107"",""city"":""Madrid"",""country"":null},""insurance"":true,""cars"":[{""brand"":""Renault"",""model"":""Corolla"",""maxSpeedKmH"":135.75}]}
Actual:   {""firstName"":""Борис"",""lastName"":""Smith"",""age"":65,""address"":{""number"":221,""street"":null,""postcode"":""94107"",""city"":""Madrid"",""country"":null},""insurance"":true,""cars"":[{""brand"":""Renault"",""model"":null,""maxSpeedKmH"":135.75}]}"
29feeacb-6398-4ee3-86fa-97f2d9f27086,e50248f0-1396-4002-92ea-5c12c11fa26c,false,"[Regression] JSON mismatch for matchId=29feeacb-6398-4ee3-86fa-97f2d9f27086
Expected: {""firstName"":""Борис"",""lastName"":""Smith"",""age"":65,""address"":{""number"":221,""street"":null,""postcode"":""94107"",""city"":""Madrid"",""country"":null},""insurance"":true,""cars"":[{""brand"":""Renault"",""model"":""Corolla"",""maxSpeedKmH"":135.75}]}
Actual:   {""firstName"":""Борис"",""lastName"":""Smith"",""age"":65,""address"":{""number"":221,""street"":null,""postcode"":""94107"",""city"":""Madrid"",""country"":null},""insurance"":true,""cars"":[{""brand"":""Renault"",""model"":""Corolla"",""maxSpeedKmH"":null}]}"
a1c21f7f-31b2-4d25-ab11-6c62046598d6,e5efa6d9-bc63-45bb-8178-f77504dc9f6e,false,"[Regression] Status code mismatch for matchId=a1c21f7f-31b2-4d25-ab11-6c62046598d6
   Expected: 201
   Actual:   503"
a1c21f7f-31b2-4d25-ab11-6c62046598d6,7072fac4-ce04-4805-8cc9-a4644349f16d,false,"[Regression] Header size mismatch for matchId=a1c21f7f-31b2-4d25-ab11-6c62046598d6
   Expected: {transfer-encoding=chunked, content-type=application/json}
   Actual:   {transfer-encoding=chunked}"
a1c21f7f-31b2-4d25-ab11-6c62046598d6,e860d45d-9d91-4303-9e55-d50826d588eb,false,"[Regression] Header value (content-type) mismatch for matchId=a1c21f7f-31b2-4d25-ab11-6c62046598d6
   Expected: application/json
   Actual:   application/json; charset=UTF32"
a1c21f7f-31b2-4d25-ab11-6c62046598d6,276d89a2-dbb4-4421-a6cc-75b01909966f,false,"[Regression] JSON mismatch for matchId=a1c21f7f-31b2-4d25-ab11-6c62046598d6
Expected: {""firstName"":""Alice"",""lastName"":""Smith"",""age"":65,""address"":{""number"":0,""street"":null,""postcode"":""28013"",""city"":""Madrid"",""country"":""USA""},""cars"":[{""brand"":""Renault"",""model"":null,""maxSpeedKmH"":180.5}]}
Actual:   {""firstName"":""Alice"",""age"":65,""address"":{""number"":0,""street"":null,""postcode"":""28013"",""city"":""Madrid"",""country"":""USA""},""cars"":[{""brand"":""Renault"",""model"":null,""maxSpeedKmH"":180.5}]}"
a1c21f7f-31b2-4d25-ab11-6c62046598d6,2767bbff-3ed6-43c6-9fcf-0d33734b6ff7,false,"[Regression] JSON mismatch for matchId=a1c21f7f-31b2-4d25-ab11-6c62046598d6
Expected: {""firstName"":""Alice"",""lastName"":""Smith"",""age"":65,""address"":{""number"":0,""street"":null,""postcode"":""28013"",""city"":""Madrid"",""country"":""USA""},""cars"":[{""brand"":""Renault"",""model"":null,""maxSpeedKmH"":180.5}]}
Actual:   {""firstName"":""Alic/,e"",""lastName"":""Smith"",""age"":65,""address"":{""number"":0,""street"":null,""postcode"":""28013"",""city"":""Madrid"",""country"":""USA""},""cars"":[{""brand"":""Renault"",""model"":null,""maxSpeedKmH"":180.5}]}"
a1c21f7f-31b2-4d25-ab11-6c62046598d6,6f2ccfb7-211e-4a8d-a208-d857d7f21b10,false,"[Regression] JSON mismatch for matchId=a1c21f7f-31b2-4d25-ab11-6c62046598d6
Expected: {""firstName"":""Alice"",""lastName"":""Smith"",""age"":65,""address"":{""number"":0,""street"":null,""postcode"":""28013"",""city"":""Madrid"",""country"":""USA""},""cars"":[{""brand"":""Renault"",""model"":null,""maxSpeedKmH"":180.5}]}
Actual:   {""firstName"":""Alice"",""lastName"":""cO0\\6="",""age"":65,""address"":{""number"":0,""street"":null,""postcode"":""28013"",""city"":""Madrid"",""country"":""USA""},""cars"":[{""brand"":""Renault"",""model"":null,""maxSpeedKmH"":180.5}]}"
a1c21f7f-31b2-4d25-ab11-6c62046598d6,1fabf28e-fc1e-4af8-8528-9573d5f384f4,false,"[Regression] JSON mismatch for matchId=a1c21f7f-31b2-4d25-ab11-6c62046598d6
Expected: {""firstName"":""Alice"",""lastName"":""Smith"",""age"":65,""address"":{""number"":0,""street"":null,""postcode"":""28013"",""city"":""Madrid"",""country"":""USA""},""cars"":[{""brand"":""Renault"",""model"":null,""maxSpeedKmH"":180.5}]}
Actual:   {""firstName"":""Alice"",""lastName"":""Smith"",""age"":-289976.8137227148,""address"":{""number"":0,""street"":null,""postcode"":""28013"",""city"":""Madrid"",""country"":""USA""},""cars"":[{""brand"":""Renault"",""model"":null,""maxSpeedKmH"":180.5}]}"
a1c21f7f-31b2-4d25-ab11-6c62046598d6,0cdad927-128a-4c67-8033-bd5796ed8bbf,false,"[Regression] JSON mismatch for matchId=a1c21f7f-31b2-4d25-ab11-6c62046598d6
Expected: {""firstName"":""Alice"",""lastName"":""Smith"",""age"":65,""address"":{""number"":0,""street"":null,""postcode"":""28013"",""city"":""Madrid"",""country"":""USA""},""cars"":[{""brand"":""Renault"",""model"":null,""maxSpeedKmH"":180.5}]}
Actual:   {""firstName"":""Alice"",""lastName"":""Smith"",""age"":65,""address"":{""number"":0,""postcode"":""28013"",""country"":""USA""},""cars"":[{""brand"":""Renault"",""model"":null,""maxSpeedKmH"":180.5}]}"
a1c21f7f-31b2-4d25-ab11-6c62046598d6,36bbbf2c-a4f0-4d42-9405-6223f4504176,false,"[Regression] JSON mismatch for matchId=a1c21f7f-31b2-4d25-ab11-6c62046598d6
Expected: {""firstName"":""Alice"",""lastName"":""Smith"",""age"":65,""address"":{""number"":0,""street"":null,""postcode"":""28013"",""city"":""Madrid"",""country"":""USA""},""cars"":[{""brand"":""Renault"",""model"":null,""maxSpeedKmH"":180.5}]}
Actual:   {""firstName"":""Alice"",""lastName"":""Smith"",""age"":65,""address"":{""number"":null,""street"":null,""postcode"":""28013"",""city"":""Madrid"",""country"":""USA""},""cars"":[{""brand"":""Renault"",""model"":null,""maxSpeedKmH"":180.5}]}"
a1c21f7f-31b2-4d25-ab11-6c62046598d6,1f2e3101-8d35-4643-9935-a34a80a884d3,false,"[Regression] JSON mismatch for matchId=a1c21f7f-31b2-4d25-ab11-6c62046598d6
Expected: {""firstName"":""Alice"",""lastName"":""Smith"",""age"":65,""address"":{""number"":0,""street"":null,""postcode"":""28013"",""city"":""Madrid"",""country"":""USA""},""cars"":[{""brand"":""Renault"",""model"":null,""maxSpeedKmH"":180.5}]}
Actual:   {""firstName"":""Alice"",""lastName"":""Smith"",""age"":65,""address"":{""number"":0,""street"":-289976.8137227148,""postcode"":""28013"",""city"":""Madrid"",""country"":""USA""},""cars"":[{""brand"":""Renault"",""model"":null,""maxSpeedKmH"":180.5}]}"
a1c21f7f-31b2-4d25-ab11-6c62046598d6,c790df0d-2ba1-4db7-bd01-7b88c938b771,false,"[Regression] JSON mismatch for matchId=a1c21f7f-31b2-4d25-ab11-6c62046598d6
Expected: {""firstName"":""Alice"",""lastName"":""Smith"",""age"":65,""address"":{""number"":0,""street"":null,""postcode"":""28013"",""city"":""Madrid"",""country"":""USA""},""cars"":[{""brand"":""Renault"",""model"":null,""maxSpeedKmH"":180.5}]}
Actual:   {""firstName"":""Alice"",""lastName"":""Smith"",""age"":65,""address"":{""number"":0,""street"":null,""postcode"":""280´,13"",""city"":""Madrid"",""country"":""USA""},""cars"":[{""brand"":""Renault"",""model"":null,""maxSpeedKmH"":180.5}]}"
a1c21f7f-31b2-4d25-ab11-6c62046598d6,361a483d-1afd-49c1-b4d1-458d72b7cd11,false,"[Regression] JSON mismatch for matchId=a1c21f7f-31b2-4d25-ab11-6c62046598d6
Expected: {""firstName"":""Alice"",""lastName"":""Smith"",""age"":65,""address"":{""number"":0,""street"":null,""postcode"":""28013"",""city"":""Madrid"",""country"":""USA""},""cars"":[{""brand"":""Renault"",""model"":null,""maxSpeedKmH"":180.5}]}
Actual:   {""firstName"":""Alice"",""lastName"":""Smith"",""age"":65,""address"":{""number"":0,""street"":null,""postcode"":""28013"",""city"":""Mad/*rid"",""country"":""USA""},""cars"":[{""brand"":""Renault"",""model"":null,""maxSpeedKmH"":180.5}]}"
a1c21f7f-31b2-4d25-ab11-6c62046598d6,7ab49c75-5acc-418e-8a9b-dc05c3e66359,false,"[Regression] JSON mismatch for matchId=a1c21f7f-31b2-4d25-ab11-6c62046598d6
Expected: {""firstName"":""Alice"",""lastName"":""Smith"",""age"":65,""address"":{""number"":0,""street"":null,""postcode"":""28013"",""city"":""Madrid"",""country"":""USA""},""cars"":[{""brand"":""Renault"",""model"":null,""maxSpeedKmH"":180.5}]}
Actual:   {""firstName"":""Alice"",""lastName"":""Smith"",""age"":65,""address"":{""number"":0,""street"":null,""postcode"":""28013"",""city"":""Madrid"",""country"":""USA/*""},""cars"":[{""brand"":""Renault"",""model"":null,""maxSpeedKmH"":180.5}]}"
a1c21f7f-31b2-4d25-ab11-6c62046598d6,9be474a7-5abc-40c1-aebc-5f152ffaa534,false,"[Regression] JSON mismatch for matchId=a1c21f7f-31b2-4d25-ab11-6c62046598d6
Expected: {""firstName"":""Alice"",""lastName"":""Smith"",""age"":65,""address"":{""number"":0,""street"":null,""postcode"":""28013"",""city"":""Madrid"",""country"":""USA""},""cars"":[{""brand"":""Renault"",""model"":null,""maxSpeedKmH"":180.5}]}
Actual:   {""firstName"":""Alice"",""lastName"":""Smith"",""age"":65,""address"":{""number"":0,""street"":null,""postcode"":""28013"",""city"":""Madrid"",""country"":""USA""},""cars"":[{""brand"":""Renault"",""model"":null,""maxSpeedKmH"":180.5},true]}"
a1c21f7f-31b2-4d25-ab11-6c62046598d6,b421937d-73cd-4a1b-90e1-4711493b9b3e,false,"[Regression] JSON mismatch for matchId=a1c21f7f-31b2-4d25-ab11-6c62046598d6
Expected: {""firstName"":""Alice"",""lastName"":""Smith"",""age"":65,""address"":{""number"":0,""street"":null,""postcode"":""28013"",""city"":""Madrid"",""country"":""USA""},""cars"":[{""brand"":""Renault"",""model"":null,""maxSpeedKmH"":180.5}]}
Actual:   {""firstName"":""Alice"",""lastName"":""Smith"",""age"":65,""address"":{""number"":0,""street"":null,""postcode"":""28013"",""city"":""Madrid"",""country"":""USA""},""cars"":[{""brand"":""Renault"",""model"":null,""maxSpeedKmH"":180.5,""randomObject1"":{},""randomLong2"":-627465,""randomArray3"":[],""randomObject4"":{}}]}"
a1c21f7f-31b2-4d25-ab11-6c62046598d6,ae6291b2-d922-49aa-99fa-04335fa21bb0,false,"[Regression] JSON mismatch for matchId=a1c21f7f-31b2-4d25-ab11-6c62046598d6
Expected: {""firstName"":""Alice"",""lastName"":""Smith"",""age"":65,""address"":{""number"":0,""street"":null,""postcode"":""28013"",""city"":""Madrid"",""country"":""USA""},""cars"":[{""brand"":""Renault"",""model"":null,""maxSpeedKmH"":180.5}]}
Actual:   {""firstName"":""Alice"",""lastName"":""Smith"",""age"":65,""address"":{""number"":0,""street"":null,""postcode"":""28013"",""city"":""Madrid"",""country"":""USA""},""cars"":[{""brand"":null,""model"":null,""maxSpeedKmH"":180.5}]}"
a1c21f7f-31b2-4d25-ab11-6c62046598d6,0349ed78-08b6-4df8-a8f7-543da542422c,false,"[Regression] JSON mismatch for matchId=a1c21f7f-31b2-4d25-ab11-6c62046598d6
Expected: {""firstName"":""Alice"",""lastName"":""Smith"",""age"":65,""address"":{""number"":0,""street"":null,""postcode"":""28013"",""city"":""Madrid"",""country"":""USA""},""cars"":[{""brand"":""Renault"",""model"":null,""maxSpeedKmH"":180.5}]}
Actual:   {""firstName"":""Alice"",""lastName"":""Smith"",""age"":65,""address"":{""number"":0,""street"":null,""postcode"":""28013"",""city"":""Madrid"",""country"":""USA""},""cars"":[{""brand"":""Renault"",""model"":{},""maxSpeedKmH"":180.5}]}"
a1c21f7f-31b2-4d25-ab11-6c62046598d6,9a54d430-8bae-484e-9992-adbca2ebce46,false,"[Regression] JSON mismatch for matchId=a1c21f7f-31b2-4d25-ab11-6c62046598d6
Expected: {""firstName"":""Alice"",""lastName"":""Smith"",""age"":65,""address"":{""number"":0,""street"":null,""postcode"":""28013"",""city"":""Madrid"",""country"":""USA""},""cars"":[{""brand"":""Renault"",""model"":null,""maxSpeedKmH"":180.5}]}
Actual:   {""firstName"":""Alice"",""lastName"":""Smith"",""age"":65,""address"":{""number"":0,""street"":null,""postcode"":""28013"",""city"":""Madrid"",""country"":""USA""},""cars"":[{""brand"":""Renault"",""model"":null,""maxSpeedKmH"":null}]}"

Summary,Total=622,Passed=0,KillRate=100.0%,TimeCost=0.72 s
