OriginalTestCaseId,TestCaseId,Success,FailureMessage
f8185404-9986-4942-9ecf-c59a9df7434a,a0cd48ff-4064-49f9-be93-4fa8b95e9c5b,true,
f8185404-9986-4942-9ecf-c59a9df7434a,85ebbf22-e771-4383-9a8a-b4f554aba910,true,
f8185404-9986-4942-9ecf-c59a9df7434a,e17f0ad0-803e-45af-9a7d-0665021692bb,false,[NO_5XX] Unexpected 5XX response: 504
f8185404-9986-4942-9ecf-c59a9df7434a,bc23e226-bd94-4fe1-a492-00852727338d,true,
f8185404-9986-4942-9ecf-c59a9df7434a,72aecb8d-a1f3-4d51-abda-b1d3cdf63cd6,true,
f8185404-9986-4942-9ecf-c59a9df7434a,c963c7e4-5145-41c7-aaa4-83d7f1a697af,true,
f8185404-9986-4942-9ecf-c59a9df7434a,f218d903-7108-43c0-99d9-33604e8cc73e,true,
f8185404-9986-4942-9ecf-c59a9df7434a,f85e8526-cf19-44b8-b627-fc63ac871fb4,true,
f8185404-9986-4942-9ecf-c59a9df7434a,3369257d-76df-4a1c-a5aa-166f07e3662e,true,
f8185404-9986-4942-9ecf-c59a9df7434a,e87661a1-01e0-42cb-940e-cfcef4504d58,true,
f8185404-9986-4942-9ecf-c59a9df7434a,68bb3a91-319b-40ff-bd48-3f20fa85bf6c,true,
f8185404-9986-4942-9ecf-c59a9df7434a,76d06a5c-28f9-443a-b44c-11cb1496a8f6,true,
f8185404-9986-4942-9ecf-c59a9df7434a,f33eac78-88ee-43e3-b072-7d251112dc13,true,
f8185404-9986-4942-9ecf-c59a9df7434a,29fe592b-d6a8-4751-bc6f-405551b38cb4,true,
f8185404-9986-4942-9ecf-c59a9df7434a,e46b1fdb-35f4-442a-ab8b-eb84fc1842ae,true,
f8185404-9986-4942-9ecf-c59a9df7434a,c95602b6-7b7a-4c30-b723-6121c7a9948e,true,
f8185404-9986-4942-9ecf-c59a9df7434a,348d290e-21c0-45ac-a395-c3e49ad29b66,true,
f8185404-9986-4942-9ecf-c59a9df7434a,e1407b8d-f516-49f9-9aae-c4a1d08eba2d,true,
f8185404-9986-4942-9ecf-c59a9df7434a,44362b99-5121-4cd8-ac42-cca855eeded9,true,
f8185404-9986-4942-9ecf-c59a9df7434a,7c6f022b-204a-4fa1-a649-ad44d262cb95,true,
f8185404-9986-4942-9ecf-c59a9df7434a,07140a94-f412-44e8-b1d3-438bf37a4331,true,
f8185404-9986-4942-9ecf-c59a9df7434a,379de1ad-52a2-4502-9ba0-a070d2bb8141,true,
f8185404-9986-4942-9ecf-c59a9df7434a,53e3d750-3d2f-455c-a5fc-21024679d6fd,true,
f8185404-9986-4942-9ecf-c59a9df7434a,71dca742-d5e7-49ad-8a04-04331471d45f,true,
f8185404-9986-4942-9ecf-c59a9df7434a,9de37ecb-c0c5-4269-af8c-5f0fe3633b75,true,
f8185404-9986-4942-9ecf-c59a9df7434a,86236301-6f33-475e-8aff-10aafc1f787e,true,
f8185404-9986-4942-9ecf-c59a9df7434a,2445891a-c35d-4c31-8493-49a702aec113,true,
f8185404-9986-4942-9ecf-c59a9df7434a,7f6122ae-2872-40f1-9502-a44c58b58de0,true,
f8185404-9986-4942-9ecf-c59a9df7434a,f6e87d08-fb24-4946-95a3-2ca2ad971f10,true,
f8185404-9986-4942-9ecf-c59a9df7434a,3e5d0ada-be27-4db9-a0b9-c4596896d18d,true,
f8185404-9986-4942-9ecf-c59a9df7434a,0a0a1d18-6e8b-4037-a3dc-b25448bbbbd7,true,
f8185404-9986-4942-9ecf-c59a9df7434a,46f87da3-4603-4bf3-af57-52a0ac9dfaef,true,
f8185404-9986-4942-9ecf-c59a9df7434a,34e24b4e-b9c4-4a7b-b71d-a3d4784ce8cc,true,
f8185404-9986-4942-9ecf-c59a9df7434a,e96f08ec-0d0c-4c2a-b2c3-d7ec343db540,true,
f8185404-9986-4942-9ecf-c59a9df7434a,fb7b44ed-d4a6-46dc-a75d-7363f17947f9,true,
f8185404-9986-4942-9ecf-c59a9df7434a,30375b16-3dc1-44ef-93e0-ad9a51a967da,true,
f8185404-9986-4942-9ecf-c59a9df7434a,152dcb5f-132a-43bf-ba01-d837ceaf846c,true,
f8185404-9986-4942-9ecf-c59a9df7434a,5a17f016-74f5-4ead-9dcb-c0508a7a9eee,true,
f8185404-9986-4942-9ecf-c59a9df7434a,98ec58f1-e5db-4259-9606-996192b97015,true,
f8185404-9986-4942-9ecf-c59a9df7434a,4ce7e89e-a659-463b-8c7e-156563c0bd46,true,
f8185404-9986-4942-9ecf-c59a9df7434a,62a7bb10-8604-4ed8-af17-f5cee4c66821,true,
f8185404-9986-4942-9ecf-c59a9df7434a,ae37a0e7-f20c-4994-98b5-1f5a35dfdef4,true,
f8185404-9986-4942-9ecf-c59a9df7434a,435d0e5f-8dfe-492e-a924-64b6e877cc01,true,
f8185404-9986-4942-9ecf-c59a9df7434a,0652ce0b-03d5-4010-bbb3-bf52e33132cd,true,
f8185404-9986-4942-9ecf-c59a9df7434a,b94b7b71-3c43-462c-93c0-106354c0393b,true,
f8185404-9986-4942-9ecf-c59a9df7434a,c18a994e-9ace-40be-8e79-65689c63e5f7,true,
f8185404-9986-4942-9ecf-c59a9df7434a,b67682cf-7da3-4c26-b62a-abb1d02491b9,true,
f8185404-9986-4942-9ecf-c59a9df7434a,0c03265a-6719-4f29-9875-b7ae94bf1db5,true,
f8185404-9986-4942-9ecf-c59a9df7434a,fb8e279a-86e0-4808-9a6f-75f3248a2092,true,
f8185404-9986-4942-9ecf-c59a9df7434a,a26c4ea8-b597-49dd-a804-8af299d9d113,true,
f8185404-9986-4942-9ecf-c59a9df7434a,5fa4b64a-8461-4d26-8992-f95e83b29f96,true,
f8185404-9986-4942-9ecf-c59a9df7434a,b904aad4-cf83-4e4f-b779-69b4673df56c,true,
f8185404-9986-4942-9ecf-c59a9df7434a,5b34cf5a-2fda-4e83-b7e4-94017b818a65,true,
f8185404-9986-4942-9ecf-c59a9df7434a,1e09098d-f561-4ff7-b3a9-53a2bcd58e1c,true,
f8185404-9986-4942-9ecf-c59a9df7434a,1468cd70-3beb-474d-a19e-98b1be27a908,true,
f8185404-9986-4942-9ecf-c59a9df7434a,49eef5c0-e660-4109-b97e-e115cb7fd856,true,
f8185404-9986-4942-9ecf-c59a9df7434a,86ca61fa-e161-43df-957a-41598210deb7,true,
f8185404-9986-4942-9ecf-c59a9df7434a,12425734-9e7c-42c4-8c40-1d71200afd47,true,
f8185404-9986-4942-9ecf-c59a9df7434a,1342407e-14d3-42cd-9eda-bc140eb3087a,true,
f8185404-9986-4942-9ecf-c59a9df7434a,960a40e1-d5b4-47a9-9ead-44592b63d770,true,
f8185404-9986-4942-9ecf-c59a9df7434a,3021283f-9513-4ff5-a272-2224019d4856,true,
f8185404-9986-4942-9ecf-c59a9df7434a,0aee2f34-dc2e-4f2a-b0c8-74a8d348b984,true,
f8185404-9986-4942-9ecf-c59a9df7434a,c8d4c64f-10dd-40bf-a4da-877679756364,true,
f8185404-9986-4942-9ecf-c59a9df7434a,0d14d66a-9272-4763-bf70-aeadfbdf8846,true,
f8185404-9986-4942-9ecf-c59a9df7434a,2ed5f4fd-f6cc-447b-a8e9-d6a1ac67c14d,true,
f8185404-9986-4942-9ecf-c59a9df7434a,89720724-9ed9-4dd6-adfe-6bc3e32a0148,true,
f8185404-9986-4942-9ecf-c59a9df7434a,823beb27-043c-4d3d-a297-bb19841fae07,true,
f8185404-9986-4942-9ecf-c59a9df7434a,058751c1-690e-4c6d-8df7-7df82faddb06,true,
f8185404-9986-4942-9ecf-c59a9df7434a,5f70728c-ba31-4ba4-b056-0afd6f7c7caf,true,
f8185404-9986-4942-9ecf-c59a9df7434a,e5abb091-61fe-4bc9-8a9e-c7b7c98ff3b8,true,
f8185404-9986-4942-9ecf-c59a9df7434a,27e59877-e3da-4152-92ca-414311e214a0,true,
f8185404-9986-4942-9ecf-c59a9df7434a,d62b79a0-036a-46e7-ae09-0890fd99b119,true,
f8185404-9986-4942-9ecf-c59a9df7434a,2ca41677-4aab-4d57-be08-cb5e5e303868,true,
f8185404-9986-4942-9ecf-c59a9df7434a,a8509faf-dbd5-4aad-b466-5feff3d3381a,true,
f8185404-9986-4942-9ecf-c59a9df7434a,c87daecb-3b9d-442a-b841-f6e4cd9cbbd9,true,
f8185404-9986-4942-9ecf-c59a9df7434a,b030e8bb-0a8c-4aab-a70b-94c3206a1dc3,true,
f8185404-9986-4942-9ecf-c59a9df7434a,cca59c5c-d0d4-4b7d-8a2c-02e4e7050d6a,true,
f8185404-9986-4942-9ecf-c59a9df7434a,8f22c3bb-592e-4128-ae8b-1ea5923257cc,true,
f8185404-9986-4942-9ecf-c59a9df7434a,c6307fff-c87f-41a3-b81a-428c7f4381d7,true,
f8185404-9986-4942-9ecf-c59a9df7434a,864821a2-7f67-42fd-8339-b2bbe9b37d5f,true,
f8185404-9986-4942-9ecf-c59a9df7434a,f58697c9-f8e5-4f23-9ac1-cad7430bf7ac,true,
f8185404-9986-4942-9ecf-c59a9df7434a,1dbbe91f-2b0e-479b-a258-a6d521f35ada,true,
f8185404-9986-4942-9ecf-c59a9df7434a,bb9a6195-c28c-41ff-97c7-253b69ff979f,true,
f8185404-9986-4942-9ecf-c59a9df7434a,a768d1e9-5f09-4fff-a4ea-37172da19e1a,true,
f8185404-9986-4942-9ecf-c59a9df7434a,12e3e2a8-71fa-4733-bc59-f87b51504f67,true,
f8185404-9986-4942-9ecf-c59a9df7434a,a95073aa-0b53-4940-94fa-27085dce4259,true,
f8185404-9986-4942-9ecf-c59a9df7434a,161383c9-bd31-4d19-89db-ead0e0904df5,true,
f8185404-9986-4942-9ecf-c59a9df7434a,ab815ae9-4cbc-4de2-8d3b-3ddaef500f1d,true,
f8185404-9986-4942-9ecf-c59a9df7434a,3a58bbd7-acdd-4dfc-a4bb-936f4dd08f8b,true,
f8185404-9986-4942-9ecf-c59a9df7434a,d543e919-f4f1-46ac-bae7-55522d78baae,true,
f8185404-9986-4942-9ecf-c59a9df7434a,9b3877f3-5e00-4240-a02b-bdba40ffb355,true,
f8185404-9986-4942-9ecf-c59a9df7434a,8ab54650-869d-411e-9d6e-bf2c7b96f548,true,
f8185404-9986-4942-9ecf-c59a9df7434a,f8ae01ce-9848-4557-b956-087180dcbf2e,true,
f8185404-9986-4942-9ecf-c59a9df7434a,f9060f8e-a55b-4751-86b3-6b6c90a06b41,true,
f8185404-9986-4942-9ecf-c59a9df7434a,4964004f-b8f9-4349-a690-e47ea8142e7b,true,
f8185404-9986-4942-9ecf-c59a9df7434a,a474b83c-9f26-4251-bb04-cfc52e604817,true,
f8185404-9986-4942-9ecf-c59a9df7434a,89df9e8d-9d05-489a-baa8-e444b4d7eb79,true,
f8185404-9986-4942-9ecf-c59a9df7434a,b8b33191-d0de-482a-b21a-82a21103c2a9,true,
f8185404-9986-4942-9ecf-c59a9df7434a,4e4e820c-daa8-47a8-828e-fc5e4fbdc40b,true,
f8185404-9986-4942-9ecf-c59a9df7434a,59f1c125-dfba-4e04-a6ae-d3f0cdb37660,true,
f8185404-9986-4942-9ecf-c59a9df7434a,0cf5b4c3-55b1-48f4-8d1d-9871d4a90771,true,
f8185404-9986-4942-9ecf-c59a9df7434a,ebb5fa48-900a-4014-8485-79c417bad912,true,
f8185404-9986-4942-9ecf-c59a9df7434a,660645f9-8d5e-431b-948f-378797716f2f,true,
f8185404-9986-4942-9ecf-c59a9df7434a,1138f392-0f31-4627-b58b-185984ef2de6,true,
f8185404-9986-4942-9ecf-c59a9df7434a,e302dedc-dcbd-4d37-b45f-e6bbf346e9c1,true,
f8185404-9986-4942-9ecf-c59a9df7434a,b1ed4027-f7c4-4194-a26c-f29d787acbf4,true,
f8185404-9986-4942-9ecf-c59a9df7434a,b206daed-ffe0-40b3-9966-5580c13c4c67,true,
f8185404-9986-4942-9ecf-c59a9df7434a,6d48be00-77d1-409b-89b9-0f49e86fc572,true,
f8185404-9986-4942-9ecf-c59a9df7434a,94c5162e-d545-4ad1-8037-9fea94fa1333,true,
f8185404-9986-4942-9ecf-c59a9df7434a,f329df49-2d3a-4974-9e10-5f53f4836ca8,true,
f8185404-9986-4942-9ecf-c59a9df7434a,0c2b92dd-d1ac-41ba-a305-2c2d83efaa1f,true,
f8185404-9986-4942-9ecf-c59a9df7434a,9ed1e574-5935-439d-9bd3-9e905ea2801c,true,
f8185404-9986-4942-9ecf-c59a9df7434a,5e4e1fde-d4b9-49d4-82ff-3fbe3aaeb1d9,true,
f8185404-9986-4942-9ecf-c59a9df7434a,b8741f3e-e62f-4e7f-99ad-2ea73784cee3,true,
f8185404-9986-4942-9ecf-c59a9df7434a,926be837-7a20-42ca-9e44-d37257443c8e,true,
f8185404-9986-4942-9ecf-c59a9df7434a,23057043-9611-4c37-9724-eac8ad5daf41,true,
f8185404-9986-4942-9ecf-c59a9df7434a,c841c504-3374-467c-8ddf-74bc1bf00ab9,true,
2e3f43e0-6297-4a74-ab5f-40a2ffc46b64,93bcd40a-431c-4407-ad38-e13df57044ab,true,
2e3f43e0-6297-4a74-ab5f-40a2ffc46b64,972670ab-d780-4ab7-8af1-4a8124c885a2,true,
2e3f43e0-6297-4a74-ab5f-40a2ffc46b64,3fcadab6-5279-4c40-bcd7-26b58ffd9b1d,false,[NO_5XX] Unexpected 5XX response: 501
2e3f43e0-6297-4a74-ab5f-40a2ffc46b64,5d93916a-bf5a-4aa3-90dc-b07f99103fe9,true,
2e3f43e0-6297-4a74-ab5f-40a2ffc46b64,65f41378-22c1-4cf6-89f5-55b46c283243,true,
2e3f43e0-6297-4a74-ab5f-40a2ffc46b64,47cd6236-abf6-4e54-af8b-c09c3f175dbf,true,
2e3f43e0-6297-4a74-ab5f-40a2ffc46b64,fdac67d4-6d1b-4159-aa35-72dc6fe47836,true,
2e3f43e0-6297-4a74-ab5f-40a2ffc46b64,f8135364-26f8-47e7-9a3b-3e5413287cab,true,
2e3f43e0-6297-4a74-ab5f-40a2ffc46b64,d4211cd9-6936-4739-b113-4d5518a7ff69,true,
2e3f43e0-6297-4a74-ab5f-40a2ffc46b64,6c3b68b0-0961-49d3-b211-435dbb87d78b,true,
2e3f43e0-6297-4a74-ab5f-40a2ffc46b64,c73381a2-e5a9-424d-9007-a57943cf811a,true,
2e3f43e0-6297-4a74-ab5f-40a2ffc46b64,385261d8-b3c8-485c-8e4a-e4898c5ea542,true,
2e3f43e0-6297-4a74-ab5f-40a2ffc46b64,fe571194-a5bd-45ec-88ae-c1b101aa8ebc,true,
2e3f43e0-6297-4a74-ab5f-40a2ffc46b64,234af518-b17c-4d11-a007-60efffa7f65c,true,
2e3f43e0-6297-4a74-ab5f-40a2ffc46b64,eb18fe7a-43aa-46bc-b521-f77a1e07b5c3,true,
2e3f43e0-6297-4a74-ab5f-40a2ffc46b64,a9a23770-6505-40db-b74b-d77a19e608df,true,
2e3f43e0-6297-4a74-ab5f-40a2ffc46b64,349b9b76-f056-4751-b5b3-ab23dea178ca,true,
2e3f43e0-6297-4a74-ab5f-40a2ffc46b64,ec0e80f0-77dd-43d9-afb0-b283cd927549,true,
2e3f43e0-6297-4a74-ab5f-40a2ffc46b64,75cc7753-741b-4b91-bbd2-721eb7fd4b78,true,
2e3f43e0-6297-4a74-ab5f-40a2ffc46b64,b309ac19-dabd-4118-8c16-11f77b489191,true,
2e3f43e0-6297-4a74-ab5f-40a2ffc46b64,31edc5a1-3138-4c41-8139-71e16086fe7d,true,
2e3f43e0-6297-4a74-ab5f-40a2ffc46b64,fc9c3ef4-2b80-4e40-b94e-cba7b229f24f,true,
2e3f43e0-6297-4a74-ab5f-40a2ffc46b64,4ec286ec-f168-481d-83d0-41008de27a4d,true,
2e3f43e0-6297-4a74-ab5f-40a2ffc46b64,1aef5fe0-f4b5-4dcf-886f-8d16072715a3,true,
2e3f43e0-6297-4a74-ab5f-40a2ffc46b64,1d9c8c60-99c6-4022-9a87-205ac509f86d,true,
2e3f43e0-6297-4a74-ab5f-40a2ffc46b64,0f102846-915f-44e1-9bd9-32bf9f62ba10,true,
2e3f43e0-6297-4a74-ab5f-40a2ffc46b64,1cee2177-4d24-4b2a-9dca-778cafcfe826,true,
2e3f43e0-6297-4a74-ab5f-40a2ffc46b64,3ed08632-f5f3-42b2-b017-f30aa45e6f5f,true,
2e3f43e0-6297-4a74-ab5f-40a2ffc46b64,840832a7-5df4-467c-9180-d889fcf22aa7,true,
2e3f43e0-6297-4a74-ab5f-40a2ffc46b64,44dd3c87-f432-4ac8-8d95-f47081712acd,true,
2e3f43e0-6297-4a74-ab5f-40a2ffc46b64,05a3aff2-27f4-40a7-96cc-332c2739686e,true,
2e3f43e0-6297-4a74-ab5f-40a2ffc46b64,93c50e60-5c9e-4322-9b1d-f40f4f489698,true,
2e3f43e0-6297-4a74-ab5f-40a2ffc46b64,7298c479-5096-49fc-8536-1c357e257c85,true,
2e3f43e0-6297-4a74-ab5f-40a2ffc46b64,1a2e21b5-5fa0-4181-b6fd-43a7b895da73,true,
2e3f43e0-6297-4a74-ab5f-40a2ffc46b64,1191fc4c-844f-447f-8e10-018ed1281f5b,true,
2e3f43e0-6297-4a74-ab5f-40a2ffc46b64,3f713d4b-d762-433a-a1df-6886501fff88,true,
2e3f43e0-6297-4a74-ab5f-40a2ffc46b64,855021bb-e8e5-4d36-afb6-2a0832100950,true,
2e3f43e0-6297-4a74-ab5f-40a2ffc46b64,ffb304c9-3e09-4f44-b11f-9c3b1e1672f6,true,
2e3f43e0-6297-4a74-ab5f-40a2ffc46b64,a182e170-44b5-4888-bb82-702da27b5ee3,true,
2e3f43e0-6297-4a74-ab5f-40a2ffc46b64,d532c11d-22c0-4a12-8568-4b4be63db91a,true,
2e3f43e0-6297-4a74-ab5f-40a2ffc46b64,1d17a704-aa47-404e-86bf-65af943937ec,true,
2e3f43e0-6297-4a74-ab5f-40a2ffc46b64,4ba0e9d4-9e7c-4ee1-b9f6-df136a125637,true,
2e3f43e0-6297-4a74-ab5f-40a2ffc46b64,d2656f2c-93c3-467e-b27d-a2a77b795c81,true,
2e3f43e0-6297-4a74-ab5f-40a2ffc46b64,3997631d-3a15-46f1-8086-559a67930b94,true,
2e3f43e0-6297-4a74-ab5f-40a2ffc46b64,37d430b8-6177-47c8-be56-9010b2b7361f,true,
2e3f43e0-6297-4a74-ab5f-40a2ffc46b64,e7c77ae9-b1a5-4313-9613-8c2256c179b6,true,
2e3f43e0-6297-4a74-ab5f-40a2ffc46b64,825f328c-e918-4f9a-aebc-8ddce5dc16d1,true,
2e3f43e0-6297-4a74-ab5f-40a2ffc46b64,57d3769e-b7f3-4e26-9ce8-52c1b1349d56,true,
2e3f43e0-6297-4a74-ab5f-40a2ffc46b64,ccf7d4ed-3b31-4538-b99e-54d6e6a619f6,true,
2e3f43e0-6297-4a74-ab5f-40a2ffc46b64,fd7ab2a7-f547-4988-9106-fde8a87ac2aa,true,
2e3f43e0-6297-4a74-ab5f-40a2ffc46b64,d41b1a22-ed2b-4fdc-b19e-5e5fa7a6ede4,true,
2e3f43e0-6297-4a74-ab5f-40a2ffc46b64,24a15f11-c0c9-444b-8050-49cefa8ea474,true,
2e3f43e0-6297-4a74-ab5f-40a2ffc46b64,2c8dd1a5-3751-4235-b64e-e765fe28fae4,true,
2e3f43e0-6297-4a74-ab5f-40a2ffc46b64,f6123903-c977-418b-af20-8009911421ca,true,
2e3f43e0-6297-4a74-ab5f-40a2ffc46b64,d096fd82-1530-4f12-bcda-f7755b66bd5c,true,
2e3f43e0-6297-4a74-ab5f-40a2ffc46b64,ae6f179f-a1a4-4d91-90f3-788b93c4f9f1,true,
2e3f43e0-6297-4a74-ab5f-40a2ffc46b64,a8226e3a-c65d-4f98-bb0c-1111e56684bb,true,
2e3f43e0-6297-4a74-ab5f-40a2ffc46b64,24469899-a10b-43b3-b5fb-90a8f7a796a1,true,
2e3f43e0-6297-4a74-ab5f-40a2ffc46b64,d4ff3f72-7842-4744-9030-9cc212b6c704,true,
2e3f43e0-6297-4a74-ab5f-40a2ffc46b64,71ffecad-8815-4442-ac4a-07ffa53fa9d7,true,
2e3f43e0-6297-4a74-ab5f-40a2ffc46b64,ccee4898-7724-4e4a-8c5b-de10596b280f,true,
2e3f43e0-6297-4a74-ab5f-40a2ffc46b64,6070f6f5-0731-44d1-bb98-b636b19ca876,true,
2e3f43e0-6297-4a74-ab5f-40a2ffc46b64,f7a1d31c-46ca-4448-b56e-dfd791c017c2,true,
2e3f43e0-6297-4a74-ab5f-40a2ffc46b64,bcc2d855-a9c2-42d3-95f4-16715198287f,true,
2e3f43e0-6297-4a74-ab5f-40a2ffc46b64,5d81344a-5a1d-474d-b965-09b852e68cfa,true,
2e3f43e0-6297-4a74-ab5f-40a2ffc46b64,e8ff8221-b5e8-48aa-be6c-90abfaf80962,true,
2e3f43e0-6297-4a74-ab5f-40a2ffc46b64,86444d56-14c6-4ebd-9b32-45b16e57d5dc,true,
2e3f43e0-6297-4a74-ab5f-40a2ffc46b64,d2d7739d-26b7-413a-bc7f-fa3bd41cbcc0,true,
2e3f43e0-6297-4a74-ab5f-40a2ffc46b64,d54a180a-48bc-466d-b9fe-afac05256b9d,true,
2e3f43e0-6297-4a74-ab5f-40a2ffc46b64,dbc1f4e8-5837-440f-b653-39361e49908f,true,
2e3f43e0-6297-4a74-ab5f-40a2ffc46b64,de02102a-84d3-4e55-97cc-b966bdde9ed8,true,
2e3f43e0-6297-4a74-ab5f-40a2ffc46b64,a5f18082-367c-4ae2-931a-a3fc4a12ff51,true,
2e3f43e0-6297-4a74-ab5f-40a2ffc46b64,08ca7ef6-d510-4467-8e66-1c91a504f4b1,true,
2e3f43e0-6297-4a74-ab5f-40a2ffc46b64,eb83d2bd-b3f7-41f7-9a60-7f04f3dfd324,true,
2e3f43e0-6297-4a74-ab5f-40a2ffc46b64,a1f08a60-f497-4f94-8a4b-08595296c653,true,
2e3f43e0-6297-4a74-ab5f-40a2ffc46b64,046eac85-f4d9-47fe-a8ee-6eeec30499bb,true,
2e3f43e0-6297-4a74-ab5f-40a2ffc46b64,e1f16bdc-9a1c-4884-8cf1-a7918c8a030e,true,
2e3f43e0-6297-4a74-ab5f-40a2ffc46b64,7274a452-9e8d-4df4-8d63-23fb26cd6f45,true,
2e3f43e0-6297-4a74-ab5f-40a2ffc46b64,2c23d211-bc4c-4e8b-80ca-8577b194869f,true,
2e3f43e0-6297-4a74-ab5f-40a2ffc46b64,667e1f75-39ea-434c-a02a-e0cd4243f8ac,true,
2e3f43e0-6297-4a74-ab5f-40a2ffc46b64,1c1af053-9902-499a-ba84-d19c55baac9f,true,
2e3f43e0-6297-4a74-ab5f-40a2ffc46b64,65a3b0b1-dd18-4b8c-b581-31e2b22b8ed9,true,
2e3f43e0-6297-4a74-ab5f-40a2ffc46b64,fd4d50f1-ac08-47bd-b4dc-41261ed372ce,true,
2e3f43e0-6297-4a74-ab5f-40a2ffc46b64,cbbb9a02-a4c7-4dcd-8a1f-33f87ab26a0a,true,
2e3f43e0-6297-4a74-ab5f-40a2ffc46b64,5a8238ac-b677-428b-b266-6178989d10c3,true,
2e3f43e0-6297-4a74-ab5f-40a2ffc46b64,66c32644-3d4c-476d-8aee-8c95dee7e64f,true,
2e3f43e0-6297-4a74-ab5f-40a2ffc46b64,9f88fedd-4fdb-4076-a405-e004173ffbc3,true,
2e3f43e0-6297-4a74-ab5f-40a2ffc46b64,14fc6ad0-dcd1-4636-9923-452fdd3bc871,true,
2e3f43e0-6297-4a74-ab5f-40a2ffc46b64,5bad34bf-fefd-4c3c-8a67-9dbf0861c75b,true,
2e3f43e0-6297-4a74-ab5f-40a2ffc46b64,abb2c3e5-e0d6-4603-aad7-fee413ff5377,true,
2e3f43e0-6297-4a74-ab5f-40a2ffc46b64,87e38841-666d-4553-923e-5250c218a5ce,true,
2e3f43e0-6297-4a74-ab5f-40a2ffc46b64,a5e39f9e-b4c9-4e54-bce0-5a540a3c5b5b,true,
2e3f43e0-6297-4a74-ab5f-40a2ffc46b64,1906a659-d1e1-489b-aa63-77bb572539d9,true,
2e3f43e0-6297-4a74-ab5f-40a2ffc46b64,141f6b8d-753b-4568-bebb-e7206c3aad7f,true,
2e3f43e0-6297-4a74-ab5f-40a2ffc46b64,74f54f08-1c34-4e88-8464-986f1bc7f04d,true,
2e3f43e0-6297-4a74-ab5f-40a2ffc46b64,3f6574d4-1e4c-4e0f-b153-2a2d7abe13be,true,
2e3f43e0-6297-4a74-ab5f-40a2ffc46b64,a5b61d8d-819c-4b57-b13a-bf19fe0d3cc1,true,
2e3f43e0-6297-4a74-ab5f-40a2ffc46b64,0d996f1e-7ef2-4111-9e1a-d830ee6ab8fe,true,
2e3f43e0-6297-4a74-ab5f-40a2ffc46b64,4aae8776-6d99-49cc-91f0-228b39f905b6,true,
2e3f43e0-6297-4a74-ab5f-40a2ffc46b64,7b19b711-5dba-44df-beb5-8d9f1816009e,true,
2e3f43e0-6297-4a74-ab5f-40a2ffc46b64,7c307690-7c29-4a9d-9fde-15f8a4594d48,true,
2e3f43e0-6297-4a74-ab5f-40a2ffc46b64,c0a2763b-a849-4098-95bf-8cd78fa826b7,true,
2e3f43e0-6297-4a74-ab5f-40a2ffc46b64,e9e52df3-7ae5-4bab-ba9b-8860aa94365a,true,
2e3f43e0-6297-4a74-ab5f-40a2ffc46b64,13326158-67d7-481e-b29d-8b70965ccd0d,true,
2e3f43e0-6297-4a74-ab5f-40a2ffc46b64,eb33cf4a-8cda-4142-9220-af2d9fe45bad,true,
2e3f43e0-6297-4a74-ab5f-40a2ffc46b64,ac7e396b-a435-4377-a057-4105a09092f3,true,
2e3f43e0-6297-4a74-ab5f-40a2ffc46b64,049bedb0-c542-4070-aa38-e9ee03484e09,true,
2e3f43e0-6297-4a74-ab5f-40a2ffc46b64,112810b6-d28d-49e1-943e-2dff6ee97cd4,true,
2e3f43e0-6297-4a74-ab5f-40a2ffc46b64,bfd63d7b-c885-4553-9122-2a35d70d21c3,true,
2e3f43e0-6297-4a74-ab5f-40a2ffc46b64,7b73b650-334f-48f2-9be0-6e50611f7506,true,
2e3f43e0-6297-4a74-ab5f-40a2ffc46b64,b6f5d3a7-ade4-45df-aed8-9a11db2c8cfd,true,
2e3f43e0-6297-4a74-ab5f-40a2ffc46b64,67a199cb-d720-4a43-8514-396497bb9592,true,
2e3f43e0-6297-4a74-ab5f-40a2ffc46b64,b92ce4bc-04f6-4f59-a974-d133835846ce,true,
2e3f43e0-6297-4a74-ab5f-40a2ffc46b64,8ab2a5ef-f2b3-4a38-873f-3e731c2eaa16,true,
2e3f43e0-6297-4a74-ab5f-40a2ffc46b64,247ae077-b38c-4874-83bc-28b89cda3740,true,
2e3f43e0-6297-4a74-ab5f-40a2ffc46b64,0589f933-3fd1-492b-8fd5-c4b165a7ab1d,true,
2e3f43e0-6297-4a74-ab5f-40a2ffc46b64,c9fff613-e8a3-48f9-b66c-6e82af9cb979,true,
2e3f43e0-6297-4a74-ab5f-40a2ffc46b64,a04d3f68-04a9-4da8-a93c-233d8632a6ac,true,
2e3f43e0-6297-4a74-ab5f-40a2ffc46b64,ed0e40a4-8b3f-420f-b304-7d9a38cacfa7,true,
2e3f43e0-6297-4a74-ab5f-40a2ffc46b64,4749fa98-3568-420f-b9b4-81e68f3a088c,true,
2e3f43e0-6297-4a74-ab5f-40a2ffc46b64,8bfc4e92-3bc5-457b-acec-6e10f66aabda,true,
2e3f43e0-6297-4a74-ab5f-40a2ffc46b64,03566a3a-7930-4b0b-b433-26a472998448,true,
2e3f43e0-6297-4a74-ab5f-40a2ffc46b64,e083fa06-9e9c-47a4-afc5-026c836699b3,true,
2e3f43e0-6297-4a74-ab5f-40a2ffc46b64,d44f18b0-0384-4136-88ae-a84cd8add65a,true,
2e3f43e0-6297-4a74-ab5f-40a2ffc46b64,fb63c3c1-2ef8-4a85-b870-4caf803654ae,true,
2e3f43e0-6297-4a74-ab5f-40a2ffc46b64,2aaba584-e5ba-463d-8e98-c5313ae9fc54,true,
2e3f43e0-6297-4a74-ab5f-40a2ffc46b64,add93ec7-c0df-46cd-864e-0e95e20f9db9,true,
2e3f43e0-6297-4a74-ab5f-40a2ffc46b64,9c2a0a90-825e-4477-9501-0e0ef07c8bd4,true,
2e3f43e0-6297-4a74-ab5f-40a2ffc46b64,02e6d1e0-7d42-484e-9d10-520d04c2444b,true,
2e3f43e0-6297-4a74-ab5f-40a2ffc46b64,306d25fe-9f0c-4926-93f3-f670c936b5e7,true,
2e3f43e0-6297-4a74-ab5f-40a2ffc46b64,036f055c-a3f3-491a-ae8c-d52b584f9eb2,true,
2e3f43e0-6297-4a74-ab5f-40a2ffc46b64,8e6bf5e7-2b52-483b-84ac-8ec5f5359a67,true,
2e3f43e0-6297-4a74-ab5f-40a2ffc46b64,0c29a194-bcfd-4c62-886a-a0329c398e06,true,
2e3f43e0-6297-4a74-ab5f-40a2ffc46b64,144aacbd-ac68-458f-ab30-249380de2057,true,
2e3f43e0-6297-4a74-ab5f-40a2ffc46b64,940d1626-e27b-4fa5-9922-98943624eb63,true,
2e3f43e0-6297-4a74-ab5f-40a2ffc46b64,ba0e7fb2-2f70-4f11-a8ca-3223cfa6920b,true,
2e3f43e0-6297-4a74-ab5f-40a2ffc46b64,21937aeb-2814-44a1-9c22-0333502b4e3b,true,
2e3f43e0-6297-4a74-ab5f-40a2ffc46b64,cea9f7ad-b724-4dbd-ad7d-7869dc06a7ee,true,
2e3f43e0-6297-4a74-ab5f-40a2ffc46b64,366941e7-0326-4cda-8d2d-e05170155269,true,
2e3f43e0-6297-4a74-ab5f-40a2ffc46b64,d10caf62-6612-4c62-b438-6839821e88ab,true,
2e3f43e0-6297-4a74-ab5f-40a2ffc46b64,91a7311e-9f9d-4616-ae64-285046d121fb,true,
2e3f43e0-6297-4a74-ab5f-40a2ffc46b64,1a9f624c-771e-4e69-8322-786b44c3e049,true,
2e3f43e0-6297-4a74-ab5f-40a2ffc46b64,8a8ff30d-e60d-4eff-a9dd-aac5f535006b,true,
2e3f43e0-6297-4a74-ab5f-40a2ffc46b64,8205604f-6b49-4525-b886-2105509ae5fb,true,
2e3f43e0-6297-4a74-ab5f-40a2ffc46b64,9fd386e2-2966-41d8-bdfb-79c1c990044a,true,
2e3f43e0-6297-4a74-ab5f-40a2ffc46b64,b63a0835-c231-457e-8864-50b2e14f573f,true,
2e3f43e0-6297-4a74-ab5f-40a2ffc46b64,c36a9089-b47b-4141-ab51-7e9f24a7f9e6,true,
2530cb31-ebad-478e-8f20-7b1fe6c41b9e,49816897-c426-43e5-bb94-ff7f1b309c3d,true,
2530cb31-ebad-478e-8f20-7b1fe6c41b9e,2a5ff4c2-973d-475a-9008-e899be7cecc4,true,
2530cb31-ebad-478e-8f20-7b1fe6c41b9e,e0afbd42-76bd-491d-b528-f784cadf3506,false,[NO_5XX] Unexpected 5XX response: 501
2530cb31-ebad-478e-8f20-7b1fe6c41b9e,68575ea8-121c-498e-9376-1e3608683cb1,true,
2530cb31-ebad-478e-8f20-7b1fe6c41b9e,c0a44f29-ac10-48ef-adb5-8f8fd549f230,true,
2530cb31-ebad-478e-8f20-7b1fe6c41b9e,fb4dbb57-8445-494b-9dd9-be5fafc88222,true,
2530cb31-ebad-478e-8f20-7b1fe6c41b9e,088c9f16-8cd1-4881-9b38-84d8ee0bb62e,true,
2530cb31-ebad-478e-8f20-7b1fe6c41b9e,11e46806-673f-43bc-b2af-cbc07701cb6b,true,
2530cb31-ebad-478e-8f20-7b1fe6c41b9e,e6250f72-dd6e-4a21-b796-87a59d75631f,true,
2530cb31-ebad-478e-8f20-7b1fe6c41b9e,ab92cdeb-0159-4a99-a77b-07bc45305b96,true,
2530cb31-ebad-478e-8f20-7b1fe6c41b9e,76ad3bfb-13ad-426e-9acd-1183dacefe6e,true,
2530cb31-ebad-478e-8f20-7b1fe6c41b9e,2cfe7772-b7cd-40c9-a4c6-cbffa8b62b81,true,
2530cb31-ebad-478e-8f20-7b1fe6c41b9e,1fa2aca6-08bd-46fc-a736-d1c15cc3c8cf,true,
2530cb31-ebad-478e-8f20-7b1fe6c41b9e,7851b495-9763-4972-8a3d-348084f8c38e,true,
2530cb31-ebad-478e-8f20-7b1fe6c41b9e,ab670fba-3aeb-4b33-8c5c-57025f78deff,true,
2530cb31-ebad-478e-8f20-7b1fe6c41b9e,d4bd9cf8-a9bb-4480-8238-bccb0308b52a,true,
2530cb31-ebad-478e-8f20-7b1fe6c41b9e,7d4f644e-a7a8-4089-b29b-69193c597b89,true,
2530cb31-ebad-478e-8f20-7b1fe6c41b9e,55b6ccfb-a06a-471a-964a-194f81247bae,true,
2530cb31-ebad-478e-8f20-7b1fe6c41b9e,7f240b81-f3b2-4939-8adf-69952432c86b,true,
2530cb31-ebad-478e-8f20-7b1fe6c41b9e,02c291b4-1f37-4d98-8a06-2bdac8236a3b,true,
2530cb31-ebad-478e-8f20-7b1fe6c41b9e,7029d1dd-b969-4d37-85b7-f54fbbfd4e81,true,
2530cb31-ebad-478e-8f20-7b1fe6c41b9e,8043d1e3-8514-49ba-8e16-d2108035a662,true,
2530cb31-ebad-478e-8f20-7b1fe6c41b9e,f32ae09a-d16a-4146-9fc3-f16cc81c3a0b,true,
2530cb31-ebad-478e-8f20-7b1fe6c41b9e,442b4706-1378-4c7c-8ba6-06adaa421555,true,
2530cb31-ebad-478e-8f20-7b1fe6c41b9e,bbb06857-9f0b-4ac5-864d-ab85d3643cb8,true,
2530cb31-ebad-478e-8f20-7b1fe6c41b9e,92b58c67-47cf-44be-9c7c-035563d8157a,true,
2530cb31-ebad-478e-8f20-7b1fe6c41b9e,73b94136-563e-400d-bf37-547fb11c2ce4,true,
2530cb31-ebad-478e-8f20-7b1fe6c41b9e,436008e1-2938-4639-8327-dbc86c7d87e6,true,
2530cb31-ebad-478e-8f20-7b1fe6c41b9e,67aa7cd6-d36b-4015-a943-2f1aa8cb244f,true,
2530cb31-ebad-478e-8f20-7b1fe6c41b9e,ca7f489e-dc9f-41e8-8362-7b08cf9f61e9,true,
2530cb31-ebad-478e-8f20-7b1fe6c41b9e,92065b31-bc7b-4f98-80f7-5e237d859c97,true,
2530cb31-ebad-478e-8f20-7b1fe6c41b9e,4ae65b3f-7561-4e6f-aad2-54a33e1daddf,true,
2530cb31-ebad-478e-8f20-7b1fe6c41b9e,ebb42178-1501-4615-9452-f5fb5c6d20b2,true,
2530cb31-ebad-478e-8f20-7b1fe6c41b9e,58e5cb1e-e290-4cb3-b87c-7ef50cd855d6,true,
2530cb31-ebad-478e-8f20-7b1fe6c41b9e,0ab5c2d8-89f0-4d2c-ac7d-cfd235119962,true,
2530cb31-ebad-478e-8f20-7b1fe6c41b9e,d00d0d06-5a2a-4967-94f4-889ec7e04869,true,
2530cb31-ebad-478e-8f20-7b1fe6c41b9e,b6a8391b-1dcf-4dc2-a252-82f02a335b89,true,
2530cb31-ebad-478e-8f20-7b1fe6c41b9e,edef6bbf-ec15-4243-9aba-9bdd18edc207,true,
2530cb31-ebad-478e-8f20-7b1fe6c41b9e,98b55838-4fc0-4279-8dbc-b18ca080495a,true,
2530cb31-ebad-478e-8f20-7b1fe6c41b9e,99566de8-9603-4c66-be54-3ad07f164040,true,
2530cb31-ebad-478e-8f20-7b1fe6c41b9e,ebdf7286-7a40-473f-8c08-6191f82dce41,true,
2530cb31-ebad-478e-8f20-7b1fe6c41b9e,659026a5-8f6e-4baf-997a-61da7fd57234,true,
2530cb31-ebad-478e-8f20-7b1fe6c41b9e,6460094f-03e0-4fb9-8ce3-25b6e10a813d,true,
2530cb31-ebad-478e-8f20-7b1fe6c41b9e,d9c43b02-aa3d-4316-a73d-172f19c2761e,true,
2530cb31-ebad-478e-8f20-7b1fe6c41b9e,8dd7863a-595e-4225-94fb-751b33707b74,true,
2530cb31-ebad-478e-8f20-7b1fe6c41b9e,bbc197f0-2515-4e2c-971a-e350804c2844,true,
2530cb31-ebad-478e-8f20-7b1fe6c41b9e,68606e4a-9f09-41c3-8bd9-b8295e41b86e,true,
2530cb31-ebad-478e-8f20-7b1fe6c41b9e,0a90f061-35d1-4a80-8f34-cd5419319890,true,
2530cb31-ebad-478e-8f20-7b1fe6c41b9e,a877ceb2-0f6b-4d30-84db-5d4f7ce952b5,true,
2530cb31-ebad-478e-8f20-7b1fe6c41b9e,9b268ccd-512d-4ad3-9494-cf734c3476ec,true,
2530cb31-ebad-478e-8f20-7b1fe6c41b9e,19d23f75-6423-4aec-b156-5b08c1fc29be,true,
2530cb31-ebad-478e-8f20-7b1fe6c41b9e,98e10ff0-bc0a-481c-ab3f-92bfc58a8803,true,
2530cb31-ebad-478e-8f20-7b1fe6c41b9e,309640d2-8c71-4783-b5a2-3ca80a3348d4,true,
2530cb31-ebad-478e-8f20-7b1fe6c41b9e,0d5e2e98-b19d-400b-b317-2b03ad835cb4,true,
2530cb31-ebad-478e-8f20-7b1fe6c41b9e,eb202cca-7814-48ec-8719-5710a83e9a8c,true,
2530cb31-ebad-478e-8f20-7b1fe6c41b9e,34161c02-d007-4e21-a03c-0f80a8f6814a,true,
2530cb31-ebad-478e-8f20-7b1fe6c41b9e,cbaf36b8-af80-4b81-b48b-5082aa58a779,true,
2530cb31-ebad-478e-8f20-7b1fe6c41b9e,7b5e3e92-5d2a-4d90-a9e9-53490d4a9c65,true,
51b0cb72-b59d-43d7-acab-816633f7b3d0,b73a0449-cc12-4c9b-aba3-095236980b02,true,
51b0cb72-b59d-43d7-acab-816633f7b3d0,0c3b8ddf-3465-4b68-bcb7-290f0afa98c7,true,
51b0cb72-b59d-43d7-acab-816633f7b3d0,593b4ca9-98bb-474e-94e2-d38e317fc764,false,[NO_5XX] Unexpected 5XX response: 503
51b0cb72-b59d-43d7-acab-816633f7b3d0,c0af03c0-fd4c-4181-af61-ba93dafd0a31,true,
51b0cb72-b59d-43d7-acab-816633f7b3d0,3bb53cb8-56c2-496b-a370-8eb830c631ec,true,
51b0cb72-b59d-43d7-acab-816633f7b3d0,3dfba8ab-d35b-4713-aa2e-5956fa8d56ad,true,
51b0cb72-b59d-43d7-acab-816633f7b3d0,52fe2d20-3672-4008-b481-4d59bbd03b37,true,
51b0cb72-b59d-43d7-acab-816633f7b3d0,9c4b299b-107b-4598-9905-b8847065c91a,true,
51b0cb72-b59d-43d7-acab-816633f7b3d0,fdf1c310-ae44-493e-8036-04c403e3690a,true,
51b0cb72-b59d-43d7-acab-816633f7b3d0,e316c494-82a4-4d75-a627-055306edead2,true,
51b0cb72-b59d-43d7-acab-816633f7b3d0,060ad714-4e3d-480a-8581-59ca156e7268,true,
51b0cb72-b59d-43d7-acab-816633f7b3d0,9bb1cef3-26cd-4404-8143-412d8b9e11fa,true,
51b0cb72-b59d-43d7-acab-816633f7b3d0,5b8095ec-a112-4aaf-b6f4-a0bb1b08d7f9,true,
51b0cb72-b59d-43d7-acab-816633f7b3d0,7646de16-71b3-46e7-bb8c-e903b4d83c06,true,
51b0cb72-b59d-43d7-acab-816633f7b3d0,b1933290-5d8e-4efc-a203-69e4da4ef4a7,true,
51b0cb72-b59d-43d7-acab-816633f7b3d0,790172ff-0d17-4ba5-80b9-bb562c470bff,true,
51b0cb72-b59d-43d7-acab-816633f7b3d0,82f6b955-ffe4-46c7-83e6-cb807ddca686,true,
51b0cb72-b59d-43d7-acab-816633f7b3d0,ff4fc255-80d3-49a7-aa17-1ce4db57e019,true,
51b0cb72-b59d-43d7-acab-816633f7b3d0,903990d7-ff6e-4d2f-bec5-95a71380438a,true,
51b0cb72-b59d-43d7-acab-816633f7b3d0,82ee5708-28bd-4905-8050-8f6880ac08f2,true,
51b0cb72-b59d-43d7-acab-816633f7b3d0,582ed288-a570-4b69-a654-5ae263c89639,true,
51b0cb72-b59d-43d7-acab-816633f7b3d0,06fdf401-ff27-4855-843c-841d3c785b13,true,
51b0cb72-b59d-43d7-acab-816633f7b3d0,98154626-c7e2-46ed-835f-17c09a5c6a81,true,
51b0cb72-b59d-43d7-acab-816633f7b3d0,65b6323c-b280-4b4d-856e-43ffcb91c412,true,
51b0cb72-b59d-43d7-acab-816633f7b3d0,9cd2ee0d-7db9-4fff-b258-0dd2122f186d,true,
51b0cb72-b59d-43d7-acab-816633f7b3d0,f4f3d5f9-4c7e-4edd-98c8-07b148d4ccf6,true,
51b0cb72-b59d-43d7-acab-816633f7b3d0,5592c3a1-2743-4b39-adf4-b2612430268d,true,
51b0cb72-b59d-43d7-acab-816633f7b3d0,c5faea2e-6dc2-42bf-bfb3-e1656ec87272,true,
51b0cb72-b59d-43d7-acab-816633f7b3d0,76aa6306-4fa2-4577-a348-3552e0c4f7e0,true,
51b0cb72-b59d-43d7-acab-816633f7b3d0,e8991a38-ebdc-469d-bb53-b61578bfc568,true,
51b0cb72-b59d-43d7-acab-816633f7b3d0,1963f268-cc52-4590-a0cf-a33fb56a4b2d,true,
51b0cb72-b59d-43d7-acab-816633f7b3d0,e8c9006a-f414-4f78-9f59-3d7cb7aced55,true,
51b0cb72-b59d-43d7-acab-816633f7b3d0,c2003e84-4e84-40a4-ac26-13729c675217,true,
51b0cb72-b59d-43d7-acab-816633f7b3d0,d94589dc-410f-46ed-bb9d-242c023cd93b,true,
51b0cb72-b59d-43d7-acab-816633f7b3d0,118e2c3c-bad3-4a41-8ad8-af43591afee4,true,
51b0cb72-b59d-43d7-acab-816633f7b3d0,fff265d6-bacd-463b-8eca-34ba4bc7af32,true,
51b0cb72-b59d-43d7-acab-816633f7b3d0,6a580fd9-00e6-497e-affd-6073398d5e24,true,
51b0cb72-b59d-43d7-acab-816633f7b3d0,1246252c-c11b-49a0-b3ca-673b03120541,true,
51b0cb72-b59d-43d7-acab-816633f7b3d0,8c9e1981-6ebd-4341-ad07-f00f11cec577,true,
51b0cb72-b59d-43d7-acab-816633f7b3d0,1ae52117-2549-4817-8dd4-931ed3f5833a,true,
51b0cb72-b59d-43d7-acab-816633f7b3d0,2c32540c-6771-4357-b910-279e7771200e,true,
51b0cb72-b59d-43d7-acab-816633f7b3d0,4aa15a47-c77c-4a7f-a174-03a045fe8dea,true,
51b0cb72-b59d-43d7-acab-816633f7b3d0,c0b32359-a186-4439-9d3e-f09fea711d1f,true,
51b0cb72-b59d-43d7-acab-816633f7b3d0,99e876f6-08fd-49af-92dd-081dc1c66fd2,true,
51b0cb72-b59d-43d7-acab-816633f7b3d0,63ce0fdf-f180-4808-99d3-a24d118693b2,true,
51b0cb72-b59d-43d7-acab-816633f7b3d0,ad0afa5a-f453-4ae3-b02c-d02d48cca2d1,true,
51b0cb72-b59d-43d7-acab-816633f7b3d0,f66a9bd8-f482-4119-a107-11283efe0c71,true,
51b0cb72-b59d-43d7-acab-816633f7b3d0,b888c6c4-0d7c-4194-8802-3f1336379e7c,true,
51b0cb72-b59d-43d7-acab-816633f7b3d0,afd4c809-cce7-4419-bfc0-f1b2f3997270,true,
51b0cb72-b59d-43d7-acab-816633f7b3d0,4bf635b6-c966-42c4-8aec-8dcbc49a990b,true,
51b0cb72-b59d-43d7-acab-816633f7b3d0,149c2852-290a-4780-bca3-4093ff0366e7,true,
51b0cb72-b59d-43d7-acab-816633f7b3d0,c321ebf6-dc95-4127-ac1e-3d65aab8ef92,true,
51b0cb72-b59d-43d7-acab-816633f7b3d0,bf9f5b5a-38c8-4a4e-a130-42a072c1a694,true,
51b0cb72-b59d-43d7-acab-816633f7b3d0,7c138a4e-4b25-4a0b-a0a6-24af2da3dd34,true,
51b0cb72-b59d-43d7-acab-816633f7b3d0,5e7cc2e9-8ec7-4f41-bf56-fac6c9fbe65b,true,
51b0cb72-b59d-43d7-acab-816633f7b3d0,6184c47d-023c-4221-894e-5733d3e1f071,true,
51b0cb72-b59d-43d7-acab-816633f7b3d0,48cf8eed-5895-4fa6-b9db-fbea4fb956d1,true,
51b0cb72-b59d-43d7-acab-816633f7b3d0,0fbc539f-c037-4dce-8785-2e7efdffdc77,true,
51b0cb72-b59d-43d7-acab-816633f7b3d0,4695476e-e205-4b61-af58-86a8f340fefd,true,
51b0cb72-b59d-43d7-acab-816633f7b3d0,c47ed759-d786-45fb-ace1-80b2cd7222fc,true,
51b0cb72-b59d-43d7-acab-816633f7b3d0,653e5edb-44d3-4a50-9edc-3efb95e5cf63,true,
51b0cb72-b59d-43d7-acab-816633f7b3d0,3d91179c-ac17-4bba-a9a2-bfbede470dd5,true,
51b0cb72-b59d-43d7-acab-816633f7b3d0,5817e2f5-32c3-4b07-80fd-65271ca65626,true,
51b0cb72-b59d-43d7-acab-816633f7b3d0,a04b9c9c-e6ec-4ff9-89ac-a45dfa2386c6,true,
51b0cb72-b59d-43d7-acab-816633f7b3d0,bec5a834-9ba7-43d6-adf6-35ab27f9d291,true,
51b0cb72-b59d-43d7-acab-816633f7b3d0,a753a445-a1c0-47c7-998d-66aa4956b42c,true,
51b0cb72-b59d-43d7-acab-816633f7b3d0,405d2f83-d59c-492f-ade1-c549e713132b,true,
51b0cb72-b59d-43d7-acab-816633f7b3d0,5a2a17cd-65df-4777-81d2-3700fbcc1dcb,true,
51b0cb72-b59d-43d7-acab-816633f7b3d0,2112d227-104e-4cc1-a327-d49c1c13a4a0,true,
51b0cb72-b59d-43d7-acab-816633f7b3d0,02c753c1-7af4-49ba-88f5-041bcb3acd59,true,
51b0cb72-b59d-43d7-acab-816633f7b3d0,07d40315-20ae-4e62-bb4b-bde7ca0b1356,true,
51b0cb72-b59d-43d7-acab-816633f7b3d0,a23ebe18-6b0c-4209-b79d-832955d8c4b3,true,
51b0cb72-b59d-43d7-acab-816633f7b3d0,69e74898-3887-4296-a1ce-6f560380c898,true,
51b0cb72-b59d-43d7-acab-816633f7b3d0,c6338533-a198-4aea-9ef7-dd4ae4ef0c1b,true,
51b0cb72-b59d-43d7-acab-816633f7b3d0,fbdd55a9-5a01-4dc8-9ff0-aa431f17ca2c,true,
51b0cb72-b59d-43d7-acab-816633f7b3d0,144bbcc1-b3b1-42eb-b2b4-c766e9e6e702,true,
51b0cb72-b59d-43d7-acab-816633f7b3d0,1b56b555-74b2-4858-b46b-73b7ee4319b6,true,
51b0cb72-b59d-43d7-acab-816633f7b3d0,599cddd4-f680-4478-b270-a1fd7c997b47,true,
51b0cb72-b59d-43d7-acab-816633f7b3d0,cfc6ad3c-2599-4d8e-9d99-011ce10ef0e9,true,
51b0cb72-b59d-43d7-acab-816633f7b3d0,bd0662c3-6bd3-44cd-afc8-d299c653ae9a,true,
51b0cb72-b59d-43d7-acab-816633f7b3d0,1571620e-6146-4c4c-9c50-f99e911aba43,true,
51b0cb72-b59d-43d7-acab-816633f7b3d0,7e26f364-ad82-4c54-af59-8b223ab34f86,true,
51b0cb72-b59d-43d7-acab-816633f7b3d0,171f40f7-564d-4c70-8d2d-29103a1d0bb3,true,
51b0cb72-b59d-43d7-acab-816633f7b3d0,2c3e2290-e7f5-4155-9da0-ea4b088d8892,true,
51b0cb72-b59d-43d7-acab-816633f7b3d0,2221fd20-4c07-4379-9f18-d6c4dc427727,true,
51b0cb72-b59d-43d7-acab-816633f7b3d0,aa8fa610-a058-4b74-99f8-fc420554b240,true,
51b0cb72-b59d-43d7-acab-816633f7b3d0,9c88d9de-238c-45da-a052-774149b7b017,true,
51b0cb72-b59d-43d7-acab-816633f7b3d0,ee5b7858-4839-46c9-a021-ff08e2667c34,true,
51b0cb72-b59d-43d7-acab-816633f7b3d0,48e424cd-edcb-45be-9e54-57dfb1c8f8e3,true,
51b0cb72-b59d-43d7-acab-816633f7b3d0,1599356b-8734-4f58-8e87-1933932eb641,true,
51b0cb72-b59d-43d7-acab-816633f7b3d0,c9f3a2da-3010-46b8-b16d-60ab4e50d51b,true,
51b0cb72-b59d-43d7-acab-816633f7b3d0,b2d1cbf4-61a5-4e17-8396-2c7d00c11f8d,true,
51b0cb72-b59d-43d7-acab-816633f7b3d0,83240be0-f447-4f35-b625-54e9374dae65,true,
51b0cb72-b59d-43d7-acab-816633f7b3d0,aa81480c-8768-45fd-a072-22166fdf5e3a,true,
51b0cb72-b59d-43d7-acab-816633f7b3d0,55c722c6-1413-4fd9-9dd6-5cf4166cfae0,true,
51b0cb72-b59d-43d7-acab-816633f7b3d0,594fe8a8-12b3-4ef4-bc52-29ba5393b2e2,true,
51b0cb72-b59d-43d7-acab-816633f7b3d0,ab2b93a3-e10b-49f9-a9c9-9219aab6a8b5,true,
51b0cb72-b59d-43d7-acab-816633f7b3d0,48274937-eb0c-4847-99ec-aecb262979a5,true,
51b0cb72-b59d-43d7-acab-816633f7b3d0,b00a1627-c8f0-4fff-b358-f8052d57ef1f,true,
51b0cb72-b59d-43d7-acab-816633f7b3d0,fa21cdc3-8339-4133-85f0-cc1044981697,true,
51b0cb72-b59d-43d7-acab-816633f7b3d0,1ce59828-443e-4270-b11e-1401aa5e8eb4,true,
51b0cb72-b59d-43d7-acab-816633f7b3d0,3fe51d42-2908-4793-82b0-f76a8daaa4aa,true,
51b0cb72-b59d-43d7-acab-816633f7b3d0,a40487ca-e213-4b23-a817-3c163dad3112,true,
51b0cb72-b59d-43d7-acab-816633f7b3d0,c3ee1485-5fc5-4a83-a1fa-5c008a8c5336,true,
51b0cb72-b59d-43d7-acab-816633f7b3d0,8d46eeee-d989-4ae5-9b08-d24d8b3e627f,true,
51b0cb72-b59d-43d7-acab-816633f7b3d0,57ceec55-5841-488f-bc45-a819855e227c,true,
51b0cb72-b59d-43d7-acab-816633f7b3d0,702d2ba9-29a4-4063-8ad8-87f190ffda9b,true,
51b0cb72-b59d-43d7-acab-816633f7b3d0,2792def8-ba7b-4a26-a4f6-88b58904ffbd,true,
51b0cb72-b59d-43d7-acab-816633f7b3d0,bf1594c8-210c-490b-975a-6421cd2363a7,true,
51b0cb72-b59d-43d7-acab-816633f7b3d0,34bec0e5-df75-4e62-9bca-58abc5a23c33,true,
51b0cb72-b59d-43d7-acab-816633f7b3d0,edc6b3f1-3ce5-4fea-a40c-e7e9b7c31cf5,true,
51b0cb72-b59d-43d7-acab-816633f7b3d0,0ef437ab-cba5-4943-b873-c9d0c623f9b1,true,
51b0cb72-b59d-43d7-acab-816633f7b3d0,3af56df3-a5b8-446d-afa0-ec0eef99f92a,true,
51b0cb72-b59d-43d7-acab-816633f7b3d0,4c31e8fc-657a-45ca-a745-ff23a49427e1,true,
51b0cb72-b59d-43d7-acab-816633f7b3d0,82060e6c-f3ec-4d74-93b1-abf89a3e3454,true,
51b0cb72-b59d-43d7-acab-816633f7b3d0,0fa5ae66-aee6-4ff0-a2e8-c7a3516de6db,true,
51b0cb72-b59d-43d7-acab-816633f7b3d0,b34968ac-cef9-4e3d-9d80-c956b11f8bff,true,
51b0cb72-b59d-43d7-acab-816633f7b3d0,8ba0fb82-12c1-460b-853e-cf5746b91065,true,
51b0cb72-b59d-43d7-acab-816633f7b3d0,781081e6-413a-4848-b769-e88fbe4c3fb9,true,
51b0cb72-b59d-43d7-acab-816633f7b3d0,e8df3797-671e-4e93-9d5b-41d116cd2c5d,true,
51b0cb72-b59d-43d7-acab-816633f7b3d0,9254fccd-18d7-4350-b246-92db1a06ce4c,true,
51b0cb72-b59d-43d7-acab-816633f7b3d0,1565e2b3-ceb7-4ada-abef-23aabf33d78a,true,
51b0cb72-b59d-43d7-acab-816633f7b3d0,c4242ae8-4f27-4aab-9a74-c80213139fa8,true,
51b0cb72-b59d-43d7-acab-816633f7b3d0,eeda7456-5a32-436c-b497-968b01cb471f,true,
51b0cb72-b59d-43d7-acab-816633f7b3d0,cbe1719d-83aa-48f1-82f2-6735f53cf937,true,
51b0cb72-b59d-43d7-acab-816633f7b3d0,d839e7e1-07ba-45d4-b08c-24ebe213d8f4,true,
51b0cb72-b59d-43d7-acab-816633f7b3d0,aac82cd5-24dd-4ce4-86ec-32e1c9448d42,true,
51b0cb72-b59d-43d7-acab-816633f7b3d0,70cafa6d-8f48-457c-b7aa-c3630c9a9f99,true,
51b0cb72-b59d-43d7-acab-816633f7b3d0,71c11a23-f1ba-4e76-a0f4-230d878ceee5,true,
51b0cb72-b59d-43d7-acab-816633f7b3d0,f7778a4f-266a-40f3-b245-4b4670cdf8c6,true,
51b0cb72-b59d-43d7-acab-816633f7b3d0,0fd7cfcf-ca2a-4d48-be38-29dafd443f32,true,
51b0cb72-b59d-43d7-acab-816633f7b3d0,71627a19-67e1-48a9-bcd6-fec39ff4eccb,true,
51b0cb72-b59d-43d7-acab-816633f7b3d0,f448ed7c-abc3-4e81-9341-c06dda008bf9,true,
51b0cb72-b59d-43d7-acab-816633f7b3d0,97f7ad54-f455-413a-bd13-e983ef12332b,true,
51b0cb72-b59d-43d7-acab-816633f7b3d0,7e05197c-5eed-4bb9-a319-e169798cc040,true,
51b0cb72-b59d-43d7-acab-816633f7b3d0,7d939b3f-a40a-4963-8b56-5fce9fd6941a,true,
51b0cb72-b59d-43d7-acab-816633f7b3d0,36f11c66-ffb4-4094-8061-aa34bc31e960,true,
51b0cb72-b59d-43d7-acab-816633f7b3d0,205ed2bc-00e8-4dc1-a9cd-967b68940911,true,
51b0cb72-b59d-43d7-acab-816633f7b3d0,5d30c47e-ebcc-4ea4-a55e-ffea1a3a8a13,true,
51b0cb72-b59d-43d7-acab-816633f7b3d0,0bd6a8d1-9a47-490b-bcd2-accf8245c0af,true,
51b0cb72-b59d-43d7-acab-816633f7b3d0,b22c075e-9fb7-47e6-8ef3-d5634b7bf46b,true,
51b0cb72-b59d-43d7-acab-816633f7b3d0,728eba5d-f406-447f-9ba4-66c5e0a04d0e,true,
51b0cb72-b59d-43d7-acab-816633f7b3d0,6a2d8993-254b-4927-8097-1992a0592ff1,true,
51b0cb72-b59d-43d7-acab-816633f7b3d0,869f18f4-8ad6-4438-9ca1-f539bd04f97b,true,
51b0cb72-b59d-43d7-acab-816633f7b3d0,047c49ae-89e8-4cc9-a82d-16f6c0007623,true,
51b0cb72-b59d-43d7-acab-816633f7b3d0,29eaf5f5-8e90-4dac-bf5e-f33bf7b197bf,true,
51b0cb72-b59d-43d7-acab-816633f7b3d0,53c0dc68-f00b-4bbf-8b87-9f24d4ece1ba,true,
51b0cb72-b59d-43d7-acab-816633f7b3d0,9c7322cf-8ebc-48bb-b8bc-6253a5f2efee,true,
51b0cb72-b59d-43d7-acab-816633f7b3d0,12ba917b-e5cd-43dd-9abb-9014ef6ca3de,true,
51b0cb72-b59d-43d7-acab-816633f7b3d0,33a9af29-eff2-497d-b342-a6048eca1cc8,true,
51b0cb72-b59d-43d7-acab-816633f7b3d0,7c672c10-25c4-4749-960b-5b3750e0d8c7,true,
51b0cb72-b59d-43d7-acab-816633f7b3d0,18f8edb8-882b-4444-bc63-b887bab58315,true,
51b0cb72-b59d-43d7-acab-816633f7b3d0,601339dc-1662-45d1-857b-85614d9a8f5a,true,
51b0cb72-b59d-43d7-acab-816633f7b3d0,f57e414b-52bb-4902-8f17-41c4bad61fe0,true,
51b0cb72-b59d-43d7-acab-816633f7b3d0,07471b0c-a566-4bbe-855d-dd2c14ca7a5b,true,
51b0cb72-b59d-43d7-acab-816633f7b3d0,6ac73611-f2d9-4419-a544-b41dd962407b,true,
51b0cb72-b59d-43d7-acab-816633f7b3d0,3c0ce15d-0e8f-4e10-bdbb-0a6b3eba2d8f,true,
51b0cb72-b59d-43d7-acab-816633f7b3d0,c04552fd-e0a5-4489-be08-a9a32f60b3e9,true,
51b0cb72-b59d-43d7-acab-816633f7b3d0,b341940c-922f-4384-b161-79253892f178,true,
51b0cb72-b59d-43d7-acab-816633f7b3d0,2710fef5-49da-4c8c-8661-3da49d5330e7,true,
51b0cb72-b59d-43d7-acab-816633f7b3d0,2e78c194-5f5d-41e5-b746-256d9f8c328e,true,
51b0cb72-b59d-43d7-acab-816633f7b3d0,ebadddd7-e800-4b9b-9020-97eaade5a177,true,
51b0cb72-b59d-43d7-acab-816633f7b3d0,70289c10-8483-4768-a214-4c061f1325ed,true,
51b0cb72-b59d-43d7-acab-816633f7b3d0,ef5102b6-9413-443d-9621-ccbb45db7770,true,
51b0cb72-b59d-43d7-acab-816633f7b3d0,51e5d662-c642-4aa0-90d9-6f2c3d75fb62,true,
51b0cb72-b59d-43d7-acab-816633f7b3d0,32288b45-e72b-499b-b7e6-5c6fc5057d36,true,
51b0cb72-b59d-43d7-acab-816633f7b3d0,c173a474-bb20-47f1-bc02-0cf92f51108a,true,
51b0cb72-b59d-43d7-acab-816633f7b3d0,3527c1dc-9d5b-4f3b-b2af-7ee8ba5cb81c,true,
51b0cb72-b59d-43d7-acab-816633f7b3d0,ac67c9a7-8f52-478a-a622-ee26824d77ee,true,
51b0cb72-b59d-43d7-acab-816633f7b3d0,8e371527-898e-4272-9bb6-234b28400db8,true,
51b0cb72-b59d-43d7-acab-816633f7b3d0,7e875044-5c16-4021-b430-d012f9143dcc,true,
51b0cb72-b59d-43d7-acab-816633f7b3d0,62eb70d2-4a5c-44ac-8c16-fab9e9b5b326,true,
51b0cb72-b59d-43d7-acab-816633f7b3d0,d2223cca-970f-464e-bf97-7fffa82473bb,true,
51b0cb72-b59d-43d7-acab-816633f7b3d0,be0640dc-262c-4763-9698-092913256c31,true,
51b0cb72-b59d-43d7-acab-816633f7b3d0,2491c420-9f2d-48ea-8b43-4e580abb2544,true,
51b0cb72-b59d-43d7-acab-816633f7b3d0,7bec9ae0-9f43-423b-a418-67c008dcfa87,true,
51b0cb72-b59d-43d7-acab-816633f7b3d0,c6933e77-d89a-463a-a301-efb4c5931b14,true,
51b0cb72-b59d-43d7-acab-816633f7b3d0,25cac7f5-5163-445f-91de-615a64ff254e,true,
51b0cb72-b59d-43d7-acab-816633f7b3d0,8df0e07e-2fd6-4c03-99d0-8980bbf67025,true,
51b0cb72-b59d-43d7-acab-816633f7b3d0,205b95b6-5d0e-41fd-942f-fe4b22e5d7b7,true,
51b0cb72-b59d-43d7-acab-816633f7b3d0,1d9f9fee-45b8-4f45-9618-0a6987a02a83,true,
51b0cb72-b59d-43d7-acab-816633f7b3d0,2e6bf394-8f14-430c-8e63-84c8ecdded1d,true,
51b0cb72-b59d-43d7-acab-816633f7b3d0,e4391e02-fae1-4ea3-9720-4f23b6337f45,true,
51b0cb72-b59d-43d7-acab-816633f7b3d0,4d542dc2-4cc9-4df6-a0ea-5bdc5ca8f8af,true,
51b0cb72-b59d-43d7-acab-816633f7b3d0,c9bd1a4e-fa79-48cb-87ce-5e3865d35daf,true,
51b0cb72-b59d-43d7-acab-816633f7b3d0,869accca-c4b7-4405-9946-38f08fad3220,true,
51b0cb72-b59d-43d7-acab-816633f7b3d0,3fc0cdf3-8be3-48bc-9309-f3b40ae4f2c1,true,
51b0cb72-b59d-43d7-acab-816633f7b3d0,5d315182-509a-4000-afc0-85c571612f82,true,
51b0cb72-b59d-43d7-acab-816633f7b3d0,5fc32df7-ed40-49ae-bab2-3457695047ea,true,
51b0cb72-b59d-43d7-acab-816633f7b3d0,60839ab1-9095-482a-92ad-b7616bfbb83e,true,
51b0cb72-b59d-43d7-acab-816633f7b3d0,0403fa85-14be-4322-ae37-1a842a324fa7,true,
51b0cb72-b59d-43d7-acab-816633f7b3d0,6fed0070-5bdf-4cc2-bafe-8615d2afd84e,true,
51b0cb72-b59d-43d7-acab-816633f7b3d0,374dd249-f171-4d8c-9705-affac74a1be0,true,
51b0cb72-b59d-43d7-acab-816633f7b3d0,5a107b83-0279-4ede-b68c-06fb305237cb,true,
51b0cb72-b59d-43d7-acab-816633f7b3d0,bb0467d9-d929-4156-bfca-1cf7eec5a991,true,
51b0cb72-b59d-43d7-acab-816633f7b3d0,35ebaaf7-eb72-4dde-9537-1b90c03e8de8,true,
51b0cb72-b59d-43d7-acab-816633f7b3d0,8ebafd16-c5f2-4c27-b6c2-1f0833bb7e25,true,
51b0cb72-b59d-43d7-acab-816633f7b3d0,88891b2e-8994-4bac-9b2e-606fc66084b8,true,
51b0cb72-b59d-43d7-acab-816633f7b3d0,20bbbe14-c51b-4353-b7cf-bb642c6a4b48,true,
51b0cb72-b59d-43d7-acab-816633f7b3d0,0c2dda52-6381-41b1-b42c-b6f13b9c2d83,true,
51b0cb72-b59d-43d7-acab-816633f7b3d0,3e9a4e53-39eb-43d0-83cf-9b5a0bab99ae,true,
51b0cb72-b59d-43d7-acab-816633f7b3d0,c59e3766-da85-4adb-8fd9-ffdbd6923ed7,true,
51b0cb72-b59d-43d7-acab-816633f7b3d0,0d763866-0918-4a83-a589-8a63ad7d99a8,true,
51b0cb72-b59d-43d7-acab-816633f7b3d0,5af4ba70-3b34-4cab-9b16-9bb218f172e0,true,
51b0cb72-b59d-43d7-acab-816633f7b3d0,9edbf5ad-b98d-4197-bef7-37db52b4c986,true,
51b0cb72-b59d-43d7-acab-816633f7b3d0,b50bdab9-798d-4aa2-953e-c419c05e8b43,true,
51b0cb72-b59d-43d7-acab-816633f7b3d0,baef1e80-cc21-48f3-98e9-d5000e882327,true,
51b0cb72-b59d-43d7-acab-816633f7b3d0,8a4f2a66-1132-4bdc-aaac-bea64570f75c,true,
51b0cb72-b59d-43d7-acab-816633f7b3d0,4bd0cca6-a871-49b3-85db-1af7c671a4ed,true,
51b0cb72-b59d-43d7-acab-816633f7b3d0,ed581ea6-7ed4-40e0-861c-8b0bf475eea6,true,
51b0cb72-b59d-43d7-acab-816633f7b3d0,c733d225-d818-4ab1-9615-8eb04717de02,true,
51b0cb72-b59d-43d7-acab-816633f7b3d0,90fa1d7c-f8c3-4f12-8352-db09651ccf10,true,
51b0cb72-b59d-43d7-acab-816633f7b3d0,29ff224c-556b-4d7d-ab99-b76d460c8d11,true,
51b0cb72-b59d-43d7-acab-816633f7b3d0,397ed473-9027-4115-9fdf-761286813c97,true,
51b0cb72-b59d-43d7-acab-816633f7b3d0,95d5480d-7dff-4115-9398-748cd63e9664,true,
51b0cb72-b59d-43d7-acab-816633f7b3d0,14864f68-3dfa-4748-98be-0e4f40c34078,true,
51b0cb72-b59d-43d7-acab-816633f7b3d0,d85ad913-c975-40b0-a88f-f22096ce86f6,true,
51b0cb72-b59d-43d7-acab-816633f7b3d0,96a325e5-1756-4cb2-8a51-d4311506dcd6,true,
51b0cb72-b59d-43d7-acab-816633f7b3d0,9ccfad39-d09e-4765-ba92-0e312184ddec,true,
51b0cb72-b59d-43d7-acab-816633f7b3d0,d82c7610-74fc-4183-8d7d-bd5ba83da3b5,true,
51b0cb72-b59d-43d7-acab-816633f7b3d0,2f6cc659-ef4a-49f9-b3a8-18478a844b89,true,
51b0cb72-b59d-43d7-acab-816633f7b3d0,f82a7e66-a50c-40e6-8821-8ae225f6fdc3,true,
51b0cb72-b59d-43d7-acab-816633f7b3d0,328f9ec7-5164-4897-80a1-4c5f58ecbddf,true,
51b0cb72-b59d-43d7-acab-816633f7b3d0,714ef9fd-5c75-4c24-a608-ee554669442c,true,
51b0cb72-b59d-43d7-acab-816633f7b3d0,afc32c8f-fa8c-4586-926b-ff4d47d45c21,true,
51b0cb72-b59d-43d7-acab-816633f7b3d0,fbe9beea-0c00-48fc-a56c-79dda79e19f3,true,
51b0cb72-b59d-43d7-acab-816633f7b3d0,6bfa072a-71c3-49b9-acb3-1c445eaef137,true,
51b0cb72-b59d-43d7-acab-816633f7b3d0,e66841e6-2139-4e5a-b6ad-033431013b7b,true,
51b0cb72-b59d-43d7-acab-816633f7b3d0,623312db-734c-49d6-8aa6-26c8b56cfec3,true,
51b0cb72-b59d-43d7-acab-816633f7b3d0,f022dfb2-618b-4cb6-becb-02f243919451,true,
a81749ad-9e6a-4a15-982b-f16d0442759f,d9a9e91b-72d9-4a06-9558-09bb0374e772,true,
a81749ad-9e6a-4a15-982b-f16d0442759f,db81f7e7-39f8-46e7-bdce-8dbffd53ee75,true,
a81749ad-9e6a-4a15-982b-f16d0442759f,adbf4a60-eff9-4d66-aac1-e7c808784b0d,false,[NO_5XX] Unexpected 5XX response: 503
a81749ad-9e6a-4a15-982b-f16d0442759f,87de7198-6faa-47de-885a-153ec340bc7c,true,
a81749ad-9e6a-4a15-982b-f16d0442759f,d2339a8a-fefb-4baf-9c94-0bc632138b6b,true,
a81749ad-9e6a-4a15-982b-f16d0442759f,c10c8687-359c-42bc-ab28-6cf69f56d806,true,
a81749ad-9e6a-4a15-982b-f16d0442759f,4aba6e8f-497e-487b-a696-656e6e0af85d,true,
a81749ad-9e6a-4a15-982b-f16d0442759f,5168c505-a9ce-4792-a8f2-b5d076c34f85,true,
a81749ad-9e6a-4a15-982b-f16d0442759f,8e112eb3-2e12-4b5a-a3ef-9e8e04483166,true,
a81749ad-9e6a-4a15-982b-f16d0442759f,0cc76fa5-685c-4148-b3f3-d0e1cacb3a5d,true,
a81749ad-9e6a-4a15-982b-f16d0442759f,1b6c8962-c9c3-4ee7-91bc-f4c0d5ae83b3,true,
a81749ad-9e6a-4a15-982b-f16d0442759f,549698a8-181e-4124-aa06-4f85569f5c49,true,
a81749ad-9e6a-4a15-982b-f16d0442759f,04efff84-59b3-48dd-be2d-535f948af574,true,
a81749ad-9e6a-4a15-982b-f16d0442759f,6e37b854-a30a-41f1-91bb-7337446b11db,true,
a81749ad-9e6a-4a15-982b-f16d0442759f,1b17e81f-7910-4a42-8c41-2e660b773622,true,
a81749ad-9e6a-4a15-982b-f16d0442759f,484789ca-884a-459c-a655-9150556a430f,true,
a81749ad-9e6a-4a15-982b-f16d0442759f,8191478d-a9e2-44a5-becc-172b0658bf9f,true,
a81749ad-9e6a-4a15-982b-f16d0442759f,5eedc23d-692a-4d8c-95c2-5b887d61709c,true,
a81749ad-9e6a-4a15-982b-f16d0442759f,90b31288-58ab-4d10-aeda-e0ab2ba8abb9,true,
a81749ad-9e6a-4a15-982b-f16d0442759f,b624c1d8-8022-4f23-a42f-7d632b1119c3,true,
a81749ad-9e6a-4a15-982b-f16d0442759f,a0a6e9f7-c59d-4a32-9caa-ffe0c36d929d,true,
a81749ad-9e6a-4a15-982b-f16d0442759f,a24b74f8-a109-4ba2-83cd-30ad2f2b78fa,true,
a81749ad-9e6a-4a15-982b-f16d0442759f,bb717d31-a6e2-4e31-ad22-176ebf649cc2,true,
a81749ad-9e6a-4a15-982b-f16d0442759f,c1ccbe36-b381-419c-9824-88be1c9f365e,true,
a81749ad-9e6a-4a15-982b-f16d0442759f,671369d9-9726-4f55-aec1-f8786130f7fb,true,
a81749ad-9e6a-4a15-982b-f16d0442759f,aa84876c-c8f9-4b74-b5f9-f95cbd28fd65,true,
a81749ad-9e6a-4a15-982b-f16d0442759f,89a72b10-9df9-45b3-9298-fad494ed8647,true,
a81749ad-9e6a-4a15-982b-f16d0442759f,006ac58f-491b-44ef-8dc9-13108ea5644f,true,
a81749ad-9e6a-4a15-982b-f16d0442759f,4239454e-40dd-4e46-b006-44d32a5e834b,true,
a81749ad-9e6a-4a15-982b-f16d0442759f,665c4486-51ba-41da-9b7a-3b538957bacc,true,
a81749ad-9e6a-4a15-982b-f16d0442759f,9090b9c7-53fd-431b-af2e-253955bffe13,true,
a81749ad-9e6a-4a15-982b-f16d0442759f,3301991f-dd80-4560-841f-62bc2ece5e2a,true,
a81749ad-9e6a-4a15-982b-f16d0442759f,7c1cfeee-8962-495a-b57e-ce65e5cedb06,true,
a81749ad-9e6a-4a15-982b-f16d0442759f,519852e6-a62a-4cf7-be9a-aa48ab50f448,true,
a81749ad-9e6a-4a15-982b-f16d0442759f,37192e0f-928c-477d-9a62-088cc672aa86,true,
a81749ad-9e6a-4a15-982b-f16d0442759f,0acec5ab-5c52-4651-89e6-a94034a6ee6e,true,
a81749ad-9e6a-4a15-982b-f16d0442759f,3d8d2213-fad2-43a7-943d-e655a533e533,true,
a81749ad-9e6a-4a15-982b-f16d0442759f,f9795120-23fb-4cca-abdb-37e7d05405a1,true,
a81749ad-9e6a-4a15-982b-f16d0442759f,bdb93e1d-4aeb-4aab-8c96-8e5d9ea2a161,true,
a81749ad-9e6a-4a15-982b-f16d0442759f,23c5ddd8-e4d6-4455-936d-1c244c706c26,true,
a81749ad-9e6a-4a15-982b-f16d0442759f,ce99c8d9-6475-4cef-9a6b-fe28645fe760,true,
a81749ad-9e6a-4a15-982b-f16d0442759f,0b8f16a5-37ca-4c4b-9bcc-8422a41f4b93,true,
a81749ad-9e6a-4a15-982b-f16d0442759f,4eac8cb6-26f7-45e8-b147-909ba3831821,true,
a81749ad-9e6a-4a15-982b-f16d0442759f,5b6ab66b-fd62-4840-9e6b-4829e49acf97,true,
a81749ad-9e6a-4a15-982b-f16d0442759f,a8011ff9-f455-4da6-b4d4-b985cc47cfbe,true,
a81749ad-9e6a-4a15-982b-f16d0442759f,3c7aaf47-8d6d-4c63-aabd-74cfa3331402,true,
a81749ad-9e6a-4a15-982b-f16d0442759f,871c1c3f-7cc8-474d-8c91-a83286d2c44c,true,
a81749ad-9e6a-4a15-982b-f16d0442759f,734c0b38-a17a-4dd6-887d-0cf2958ce2a0,true,
a81749ad-9e6a-4a15-982b-f16d0442759f,7a5e1a32-bc01-4262-8e30-9bf838700afa,true,
a81749ad-9e6a-4a15-982b-f16d0442759f,d9094d0b-f512-4306-8577-ec8746d48fa3,true,
a81749ad-9e6a-4a15-982b-f16d0442759f,195e7afb-e2c2-439a-9409-5f9793bf86ff,true,
a81749ad-9e6a-4a15-982b-f16d0442759f,e19a222f-7561-4275-960f-73b3cbce2e82,true,
a81749ad-9e6a-4a15-982b-f16d0442759f,4db37615-6572-4689-b1d4-8deb4729c14e,true,
a81749ad-9e6a-4a15-982b-f16d0442759f,dd96a528-55a1-4058-b8c4-2994d341431c,true,
a81749ad-9e6a-4a15-982b-f16d0442759f,8c999cd4-9f1d-490c-ac1c-23f7f564c116,true,
a81749ad-9e6a-4a15-982b-f16d0442759f,a32c45d6-54c8-46cf-879f-0fad58d3193f,true,
a81749ad-9e6a-4a15-982b-f16d0442759f,28a1c0e7-c9a3-49a9-9c21-99dafe007021,true,
a81749ad-9e6a-4a15-982b-f16d0442759f,e5393584-2a3c-4370-8771-5115703de207,true,
a81749ad-9e6a-4a15-982b-f16d0442759f,bda37186-1e1d-4f5d-994f-a4d7897fc5b1,true,
a81749ad-9e6a-4a15-982b-f16d0442759f,0ae678a4-55e9-486a-8dcd-69764347ce60,true,
a81749ad-9e6a-4a15-982b-f16d0442759f,5bb66068-529c-4de1-812e-a1da52868451,true,
a81749ad-9e6a-4a15-982b-f16d0442759f,538eea55-29cd-4667-a51a-2c42abdbcc24,true,
a81749ad-9e6a-4a15-982b-f16d0442759f,6aed3ae6-3d03-4c0c-9a77-3fd8a44e3fdb,true,
a81749ad-9e6a-4a15-982b-f16d0442759f,7d48b164-f7ea-4a10-9de1-64be4e831b26,true,
a81749ad-9e6a-4a15-982b-f16d0442759f,ec279c4e-0483-4e36-a479-a67e19f90c14,true,
a81749ad-9e6a-4a15-982b-f16d0442759f,0de443c3-4db5-4bb9-93c9-3094c31370ef,true,
a81749ad-9e6a-4a15-982b-f16d0442759f,804a5e32-c657-4334-8440-3cb82e880b92,true,
a81749ad-9e6a-4a15-982b-f16d0442759f,84db8267-7d3b-4422-b5d1-12c40aad33bf,true,
a81749ad-9e6a-4a15-982b-f16d0442759f,5c3a399c-3fc3-4004-bd76-3e2c41d064b3,true,
a81749ad-9e6a-4a15-982b-f16d0442759f,c5a68af1-5ea3-40b0-85ee-ce6d606b5065,true,
a81749ad-9e6a-4a15-982b-f16d0442759f,10da1476-ae31-4f38-abcc-d36ef8ef6588,true,
a81749ad-9e6a-4a15-982b-f16d0442759f,7aeee2f8-1dbc-45a5-b401-2fb2e172aea3,true,
a81749ad-9e6a-4a15-982b-f16d0442759f,489410f3-4495-4a50-a4a8-456e998637cb,true,
a81749ad-9e6a-4a15-982b-f16d0442759f,81d54bf5-ee5e-4ea7-a180-e8c1736fdd87,true,
a81749ad-9e6a-4a15-982b-f16d0442759f,a0d3fca9-a9ef-4dba-a837-7b874819d763,true,
a81749ad-9e6a-4a15-982b-f16d0442759f,678f41d7-a98b-41a1-8ce0-4127ee8271a4,true,
a81749ad-9e6a-4a15-982b-f16d0442759f,6f43202f-5592-4253-bd4c-a7be45768414,true,
a81749ad-9e6a-4a15-982b-f16d0442759f,c8039d79-ad8a-4147-bf6d-289deb9f88ca,true,
a81749ad-9e6a-4a15-982b-f16d0442759f,24caa2fb-e714-47f9-9dee-5d2327584538,true,
a81749ad-9e6a-4a15-982b-f16d0442759f,49ec4cf4-de24-4e2f-b4a5-c614db81cfc9,true,
a81749ad-9e6a-4a15-982b-f16d0442759f,8ad3264c-9036-469a-9d51-0e9b81c44dcd,true,
a81749ad-9e6a-4a15-982b-f16d0442759f,ab6274e0-3f7e-4ee2-9093-a412bfa32a8f,true,
a81749ad-9e6a-4a15-982b-f16d0442759f,65816fca-20ba-4610-a162-a647fc276a5e,true,
a81749ad-9e6a-4a15-982b-f16d0442759f,e674c093-e121-4bad-b5aa-ac001adc7dd4,true,
a81749ad-9e6a-4a15-982b-f16d0442759f,ceb36e96-a990-4ad7-8ad9-85bd3340a57e,true,
a81749ad-9e6a-4a15-982b-f16d0442759f,a2abc40c-f797-44ac-a1e4-b4b151ef7bd7,true,
a81749ad-9e6a-4a15-982b-f16d0442759f,ff153828-6110-442c-bac1-ca8d7f6042f2,true,
a81749ad-9e6a-4a15-982b-f16d0442759f,a9dd60a9-e5b2-45d6-b5de-3100d52c0216,true,
a81749ad-9e6a-4a15-982b-f16d0442759f,ec4e2d84-f2fb-4e76-8e74-be7d596ab4fa,true,
a81749ad-9e6a-4a15-982b-f16d0442759f,0e1c44dc-c8d8-4ee0-9878-7e776f70551e,true,
a81749ad-9e6a-4a15-982b-f16d0442759f,e32ff067-e20c-4d27-94b7-fd837b8e1c4c,true,
7324b653-9b9f-4931-90a5-434c50386d72,a6a1afc4-2626-4b63-8090-8f796eb54673,true,
7324b653-9b9f-4931-90a5-434c50386d72,53b57df0-c1cc-433b-8188-bd01eb70eaea,true,
7324b653-9b9f-4931-90a5-434c50386d72,094a4953-5ac0-456e-8759-97837d310263,false,[NO_5XX] Unexpected 5XX response: 504
7324b653-9b9f-4931-90a5-434c50386d72,13707485-b35e-4807-b976-f9f08d634639,true,
7324b653-9b9f-4931-90a5-434c50386d72,41fb5e47-b3c0-4dc3-9229-fbdaa938b40a,true,
7324b653-9b9f-4931-90a5-434c50386d72,f9a09012-7519-40c3-86ac-5b48e6bfa1e9,true,
7324b653-9b9f-4931-90a5-434c50386d72,bdf25b25-8e25-4c81-be64-2ed5d0bc93e4,true,
7324b653-9b9f-4931-90a5-434c50386d72,d004120f-3eef-4479-beb2-3a13b7ad900a,true,
7324b653-9b9f-4931-90a5-434c50386d72,596cb691-f86f-475e-8649-373a6f3185fb,true,
7324b653-9b9f-4931-90a5-434c50386d72,e39ffd11-7621-4156-a3e8-6ad9fb504ed6,true,
7324b653-9b9f-4931-90a5-434c50386d72,6cc8c1de-5531-46d3-a53b-79bfc77aed1c,true,
7324b653-9b9f-4931-90a5-434c50386d72,79de8e8d-f759-4aa5-9cff-1ea20b7feb51,true,
7324b653-9b9f-4931-90a5-434c50386d72,9efca408-1c15-4add-9d12-d9b4c8d373ee,true,
7324b653-9b9f-4931-90a5-434c50386d72,6aeda473-dec0-4e7f-aaed-1747552da843,true,
7324b653-9b9f-4931-90a5-434c50386d72,2578da7a-183d-4f8e-8321-4288a626b70e,true,
7324b653-9b9f-4931-90a5-434c50386d72,777e15b8-2c54-4876-a54e-61fe3cce76e6,true,
7324b653-9b9f-4931-90a5-434c50386d72,c58b5906-cc6f-43f8-acf1-9306e5348a83,true,
7324b653-9b9f-4931-90a5-434c50386d72,baa00faa-e240-4574-89ac-ea01206ae790,true,
7324b653-9b9f-4931-90a5-434c50386d72,b31d6070-3209-45dc-911e-9ba372edd5c8,true,
7324b653-9b9f-4931-90a5-434c50386d72,2e5684f2-f5b7-4a59-bd5a-03ae38d37f8a,true,
7324b653-9b9f-4931-90a5-434c50386d72,fd49a7b8-eef9-417b-b563-11ebbd4f1975,true,
7324b653-9b9f-4931-90a5-434c50386d72,d557e67a-49cc-4961-8695-e6b58ce84e0d,true,
7324b653-9b9f-4931-90a5-434c50386d72,fab6ade9-b06f-478b-861c-e9c1b3c965aa,true,
7324b653-9b9f-4931-90a5-434c50386d72,80ba572f-efbf-4eca-b0c2-f810396883d7,true,
7324b653-9b9f-4931-90a5-434c50386d72,7a25e29b-d484-4bda-b2b5-94c8accfe79f,true,
7324b653-9b9f-4931-90a5-434c50386d72,5443b984-132d-417e-9e43-790b6c1120f7,true,
7324b653-9b9f-4931-90a5-434c50386d72,bb89ab37-930a-4751-b0a5-7f619e289ae8,true,
7324b653-9b9f-4931-90a5-434c50386d72,70e244e2-24a0-4da6-a716-01427a0b4b76,true,
7324b653-9b9f-4931-90a5-434c50386d72,0b2cb514-c562-4939-915d-d5fd060b2d79,true,
7324b653-9b9f-4931-90a5-434c50386d72,49b6f4d7-6907-49ea-9421-4ad219e5e45d,true,
7324b653-9b9f-4931-90a5-434c50386d72,0e5145e0-4f35-460a-a096-2a70b1c985ec,true,
7324b653-9b9f-4931-90a5-434c50386d72,865a6a15-9da1-4ba3-b265-3cddb676619d,true,
7324b653-9b9f-4931-90a5-434c50386d72,4ab683f0-f6d4-4015-af82-619cd6ee2f2a,true,
7324b653-9b9f-4931-90a5-434c50386d72,2c0bb277-a94c-40e2-bf2f-006a4362f132,true,
7324b653-9b9f-4931-90a5-434c50386d72,cb8492cb-e412-4953-a0ed-7d7fc328038b,true,
7324b653-9b9f-4931-90a5-434c50386d72,49ddacbd-a145-4c20-9fd1-a9a61ec90851,true,
7324b653-9b9f-4931-90a5-434c50386d72,af8076bf-5164-47c6-ad3d-b0397c15cd30,true,
7324b653-9b9f-4931-90a5-434c50386d72,32c8e691-1e41-49b0-bbd6-ada7651072e2,true,
7324b653-9b9f-4931-90a5-434c50386d72,2e7ba21d-8b97-4a63-ba5a-b6e6c1fc821d,true,
7324b653-9b9f-4931-90a5-434c50386d72,c1503b62-77f1-48ab-98f0-1f0a9e34b343,true,
7324b653-9b9f-4931-90a5-434c50386d72,27c1a034-eb68-4b88-8a9d-0dc87383a71e,true,
7324b653-9b9f-4931-90a5-434c50386d72,8614a58e-f88f-4363-9e61-73af6286c846,true,
7324b653-9b9f-4931-90a5-434c50386d72,caee7311-ae64-4fe8-91e8-d12ce628c548,true,
7324b653-9b9f-4931-90a5-434c50386d72,603fc7e7-0c25-4c81-ab0d-10fffde3ad3e,true,
7324b653-9b9f-4931-90a5-434c50386d72,5a6b2a04-92e0-4519-96a3-e5b48ba5ee7c,true,
7324b653-9b9f-4931-90a5-434c50386d72,fec6cd98-0281-4033-99c6-1da951ec91d3,true,
7324b653-9b9f-4931-90a5-434c50386d72,e35095b2-b8bb-4e50-9006-0b5ba7c3edd0,true,
7324b653-9b9f-4931-90a5-434c50386d72,602e07d3-d49f-42ba-b5eb-1d7efa210956,true,
7324b653-9b9f-4931-90a5-434c50386d72,284616bf-d88c-4ac1-9a1c-e1d1a9329b05,true,
7324b653-9b9f-4931-90a5-434c50386d72,c3a7ceb7-e06c-421d-85ee-27a7ca3c3f04,true,
7324b653-9b9f-4931-90a5-434c50386d72,c5192188-4239-4700-b84d-a4cb3175654e,true,
7324b653-9b9f-4931-90a5-434c50386d72,15cdb093-c948-4828-b16b-d54800f7473a,true,
7324b653-9b9f-4931-90a5-434c50386d72,1ab88b9a-0c3a-4113-b24b-0606989c4990,true,
7324b653-9b9f-4931-90a5-434c50386d72,e1a77316-7ebc-4cc1-a329-b0fbc21bc778,true,
7324b653-9b9f-4931-90a5-434c50386d72,ce927e2e-1795-4a91-af82-0eaa1b786021,true,
7324b653-9b9f-4931-90a5-434c50386d72,b8bc958d-f802-46fa-acb8-af901bd4571c,true,
7324b653-9b9f-4931-90a5-434c50386d72,64766b8c-7ba2-45f4-8c5e-b3cb962bf337,true,
7324b653-9b9f-4931-90a5-434c50386d72,95fcd0ba-f379-40ee-aa41-a0e4294b9a97,true,
7324b653-9b9f-4931-90a5-434c50386d72,0f4c61a5-9085-4b2a-a371-8678b5d60399,true,
7324b653-9b9f-4931-90a5-434c50386d72,d81add39-37ab-4e58-806d-18046059fe77,true,
7324b653-9b9f-4931-90a5-434c50386d72,39de5cee-7429-4823-b4f6-fdbfe159ddad,true,
7324b653-9b9f-4931-90a5-434c50386d72,a099bf3d-e6f7-4d53-ba9b-715c3e099579,true,
7324b653-9b9f-4931-90a5-434c50386d72,1e919c79-0fc5-4cb1-abca-8d0a041c8a4e,true,
7324b653-9b9f-4931-90a5-434c50386d72,eef23dc8-a611-462a-881c-e3ded96196de,true,
7324b653-9b9f-4931-90a5-434c50386d72,9cf00fa5-e745-4498-a101-ee7cadf74fb0,true,
7324b653-9b9f-4931-90a5-434c50386d72,5c7ae27a-a754-48a6-b1b6-9dc4287ee16d,true,
7324b653-9b9f-4931-90a5-434c50386d72,c0a58655-db64-46d8-a760-812b9421cd79,true,
7324b653-9b9f-4931-90a5-434c50386d72,9f860bb6-10b5-4cb8-abc1-e09db08bd824,true,
7324b653-9b9f-4931-90a5-434c50386d72,9584ef27-dbc1-4c45-92f1-be1cbce7fd9c,true,
7324b653-9b9f-4931-90a5-434c50386d72,bd4351e2-9faf-4a40-900e-7c614f1274bd,true,
7324b653-9b9f-4931-90a5-434c50386d72,2a167fc6-8dc7-48c6-a791-49fef2701478,true,
7324b653-9b9f-4931-90a5-434c50386d72,9e964050-89d1-486b-abfe-e070c9b0542f,true,
7324b653-9b9f-4931-90a5-434c50386d72,c8fac38c-2797-4579-ac3f-c7cd6f8ac1a1,true,
7324b653-9b9f-4931-90a5-434c50386d72,6a29951c-2f6d-4fcb-951b-afa38193c074,true,
7324b653-9b9f-4931-90a5-434c50386d72,a5ccb849-a26b-46af-b96f-f82eb933dfe6,true,
7324b653-9b9f-4931-90a5-434c50386d72,a7ffbda7-d8c1-4479-aeb8-8fa259f57898,true,
7324b653-9b9f-4931-90a5-434c50386d72,f4ee5538-74ce-4970-8cc0-3807b95f2f18,true,
7324b653-9b9f-4931-90a5-434c50386d72,a155a6c2-07d0-4df4-80ae-9e5221b7eb39,true,
7324b653-9b9f-4931-90a5-434c50386d72,d9ae4ae7-a2d3-43db-87a5-6e9dc47bcd9a,true,
7324b653-9b9f-4931-90a5-434c50386d72,72b184fa-e9aa-4a52-aea2-6e5d0ecb1cec,true,
7324b653-9b9f-4931-90a5-434c50386d72,82ee4375-f913-4f2f-8ff8-4aab6154e813,true,
7324b653-9b9f-4931-90a5-434c50386d72,5b3385ba-557e-488e-b132-dc6c1714e8c0,true,
7324b653-9b9f-4931-90a5-434c50386d72,ddfb56b6-7305-4ce7-938f-0b77916ae6d2,true,
7324b653-9b9f-4931-90a5-434c50386d72,0a4265d5-498b-4138-a672-584ab88d9ce3,true,
7324b653-9b9f-4931-90a5-434c50386d72,16b042c3-1ee2-49ff-89e6-a84e0d273541,true,
7324b653-9b9f-4931-90a5-434c50386d72,f6c030eb-031f-42c1-acec-54aec220fd0e,true,
7324b653-9b9f-4931-90a5-434c50386d72,a7f6a2ad-5d83-49fe-bd89-94231e79c4df,true,
7324b653-9b9f-4931-90a5-434c50386d72,3f21e60b-5a21-47d2-a1a3-0e9d59684404,true,
7324b653-9b9f-4931-90a5-434c50386d72,2a7449d2-b71f-4101-87ca-b92b34dd2681,true,
7324b653-9b9f-4931-90a5-434c50386d72,02791449-f39f-4da5-a619-8c958fc908e9,true,
7324b653-9b9f-4931-90a5-434c50386d72,01a873fe-5747-45f7-a861-8ea10de7caa2,true,
7324b653-9b9f-4931-90a5-434c50386d72,d3d785e9-73e7-42fe-a783-97a1f2203dd3,true,
7324b653-9b9f-4931-90a5-434c50386d72,d5321aae-3c1a-42a9-a660-44109810a212,true,
7324b653-9b9f-4931-90a5-434c50386d72,cd1db1eb-bb2c-4b97-8f93-3dd5696d7065,true,
7324b653-9b9f-4931-90a5-434c50386d72,c8ea3eaa-75d1-4690-a987-df12dd89ca52,true,
7324b653-9b9f-4931-90a5-434c50386d72,9e66dd70-6cb8-4f57-9448-848d6c8fa2e0,true,
7324b653-9b9f-4931-90a5-434c50386d72,8d0b9735-8879-462b-9bc3-817d6ccd87ac,true,
7324b653-9b9f-4931-90a5-434c50386d72,694204af-943b-4d95-9b4b-d887113722e8,true,
7324b653-9b9f-4931-90a5-434c50386d72,2e7597d6-3460-4140-b0f2-93ffe03fb15f,true,
7324b653-9b9f-4931-90a5-434c50386d72,7319114b-b17a-431f-8401-1a28b6fec13d,true,
7324b653-9b9f-4931-90a5-434c50386d72,905e6fa9-0f57-41c8-a116-0d812f520d31,true,
7324b653-9b9f-4931-90a5-434c50386d72,2fbebccd-adc9-4b3f-837e-36df4511a921,true,
7324b653-9b9f-4931-90a5-434c50386d72,3f425a5d-3cc4-43f7-bf89-ed126631fd1d,true,
7324b653-9b9f-4931-90a5-434c50386d72,7cd2b126-584e-438c-a73b-678e5c15e9c1,true,
7324b653-9b9f-4931-90a5-434c50386d72,ed607995-8ea1-4a14-bbc0-8d228062a5f7,true,
7324b653-9b9f-4931-90a5-434c50386d72,f422ba41-7845-4a54-8dbb-90c89db41fec,true,
7324b653-9b9f-4931-90a5-434c50386d72,87bb036b-73a9-4553-a4d6-0eaef8c82c86,true,
7324b653-9b9f-4931-90a5-434c50386d72,4abb499f-5323-4057-b00c-82a97061082c,true,
7324b653-9b9f-4931-90a5-434c50386d72,2c22be5a-afde-40e2-83f5-bd30662d8aff,true,
7324b653-9b9f-4931-90a5-434c50386d72,efdcc4e9-bc14-4f35-aeea-ef038e805de7,true,
7324b653-9b9f-4931-90a5-434c50386d72,0e3c7508-2534-46e5-ba72-b5099b280ea7,true,
7324b653-9b9f-4931-90a5-434c50386d72,5f2ce9f0-8e2e-46b4-87b2-0425622ef415,true,
7324b653-9b9f-4931-90a5-434c50386d72,a4bf6e54-c3de-4bc6-868e-e0e942b7aabc,true,
7324b653-9b9f-4931-90a5-434c50386d72,8d4f728a-8cf5-4837-a08f-b49e2e834bf6,true,
7324b653-9b9f-4931-90a5-434c50386d72,c85cdd54-d4ed-457e-b6f7-06a1d6db4997,true,
7324b653-9b9f-4931-90a5-434c50386d72,3e1f198e-87f6-45cc-a671-9f54eb2165a7,true,
7324b653-9b9f-4931-90a5-434c50386d72,dd77c471-ed05-41a9-83c5-4e784df1d036,true,
7324b653-9b9f-4931-90a5-434c50386d72,96dcfb00-f7f8-40d4-acc8-7fb10c706800,true,
7324b653-9b9f-4931-90a5-434c50386d72,826a009a-631c-4fa8-975a-f15eae5faf54,true,
7324b653-9b9f-4931-90a5-434c50386d72,39ae35f1-4e8c-4114-937d-b5050cd7d2a0,true,
7324b653-9b9f-4931-90a5-434c50386d72,0eb940fa-f4a1-4938-8c1c-950e362c7f71,true,
7324b653-9b9f-4931-90a5-434c50386d72,66e7791a-1cb9-4ffb-970a-8644bbb104a2,true,
7324b653-9b9f-4931-90a5-434c50386d72,0b4558ca-3fb6-493f-92c2-06049aa7c734,true,
7324b653-9b9f-4931-90a5-434c50386d72,62a5f897-c00e-49ba-87be-43650f1fc608,true,
7324b653-9b9f-4931-90a5-434c50386d72,29f63d6b-fdf4-4630-88d0-9fcdb53ef49f,true,
7324b653-9b9f-4931-90a5-434c50386d72,03458b84-6f00-4d01-a1d5-da610c524303,true,
7324b653-9b9f-4931-90a5-434c50386d72,f0b92410-4f31-4975-aac2-084bda402b60,true,
7324b653-9b9f-4931-90a5-434c50386d72,02c187ac-964d-491d-adb9-edc51eaf8c9c,true,
7324b653-9b9f-4931-90a5-434c50386d72,c8410f3c-5f1e-45ef-93a0-ecf0e3ca333e,true,
7324b653-9b9f-4931-90a5-434c50386d72,c1346cbd-8348-4a61-9675-b0b71816f852,true,
7324b653-9b9f-4931-90a5-434c50386d72,88930144-9a70-4f2e-8680-c6088d1da2e7,true,
7324b653-9b9f-4931-90a5-434c50386d72,94a47a37-8b69-401f-9041-c4c95dcc1833,true,
7324b653-9b9f-4931-90a5-434c50386d72,400a6169-689e-4de7-b743-fc212b1593f9,true,
7324b653-9b9f-4931-90a5-434c50386d72,893be0bf-329c-4815-8550-eda49c1b7e54,true,
7324b653-9b9f-4931-90a5-434c50386d72,045bc464-6550-4a88-be51-dd68d027f5aa,true,
7324b653-9b9f-4931-90a5-434c50386d72,01285539-6e34-4d85-964f-899b304baad8,true,
7324b653-9b9f-4931-90a5-434c50386d72,2a8a6ad4-b4a8-41bd-a195-5f2353a60adb,true,
7324b653-9b9f-4931-90a5-434c50386d72,b92fe33d-91f7-4538-a483-262a3d2dbd6e,true,
7324b653-9b9f-4931-90a5-434c50386d72,10bc2868-d463-4d3f-998b-e474e6c3daa2,true,
7324b653-9b9f-4931-90a5-434c50386d72,65fb4184-83db-412b-b861-d349499a0b7e,true,
7324b653-9b9f-4931-90a5-434c50386d72,109db389-305f-4a08-9352-a2567af27c6e,true,
7324b653-9b9f-4931-90a5-434c50386d72,64478dab-9554-4ed4-b84f-0b9e3aae05d8,true,
7324b653-9b9f-4931-90a5-434c50386d72,13395f87-3a09-4432-af8b-8e6a60ed7ca0,true,
7324b653-9b9f-4931-90a5-434c50386d72,163521b6-d467-45a3-a955-14822795864e,true,
7324b653-9b9f-4931-90a5-434c50386d72,e5845bcb-4568-446b-ae55-b3ba81a6464b,true,
7324b653-9b9f-4931-90a5-434c50386d72,d9ca21f5-5a92-429c-a44d-62a29ec026c6,true,
7324b653-9b9f-4931-90a5-434c50386d72,24b6e35f-cd43-4056-8d9f-8144ae9b84c0,true,
7324b653-9b9f-4931-90a5-434c50386d72,f94d16fd-ef72-411f-a262-5e0267b17a91,true,
7324b653-9b9f-4931-90a5-434c50386d72,0983e941-3e00-4d67-ac5d-928413fc7b0e,true,
7324b653-9b9f-4931-90a5-434c50386d72,3b414c8f-14aa-46d2-8326-425cff1b03ef,true,
7324b653-9b9f-4931-90a5-434c50386d72,f24302c7-217c-4d47-99f2-45cb3956c98c,true,
7324b653-9b9f-4931-90a5-434c50386d72,80dffeed-56b6-46b5-99f2-e8111c9e9626,true,
7324b653-9b9f-4931-90a5-434c50386d72,ace29c19-9f3d-4bf5-95bc-bd402efb24d8,true,
7324b653-9b9f-4931-90a5-434c50386d72,3d24904f-ca7e-45b5-bac4-fa6c06d68bfa,true,
7324b653-9b9f-4931-90a5-434c50386d72,4e467a94-bae3-451b-838e-26a20be28f95,true,
7324b653-9b9f-4931-90a5-434c50386d72,a19c6d15-a8f1-4aef-b30d-999a5c23c9ff,true,
7324b653-9b9f-4931-90a5-434c50386d72,738d6c12-4da6-47c0-9e6b-72b71ad6556d,true,
7324b653-9b9f-4931-90a5-434c50386d72,1e3fbc32-480a-477d-ac08-bbd45beadad0,true,
7324b653-9b9f-4931-90a5-434c50386d72,cbd288de-8f01-4256-ad2b-1e3db8a2df92,true,
7324b653-9b9f-4931-90a5-434c50386d72,c399c102-c1f0-4e7d-b2a1-013a14c41d86,true,
7324b653-9b9f-4931-90a5-434c50386d72,a4a52844-a62e-4f97-9869-7585f9999c4e,true,
7324b653-9b9f-4931-90a5-434c50386d72,ee1a6ccc-6314-4414-a11e-a78c658ee729,true,
7324b653-9b9f-4931-90a5-434c50386d72,49e7d846-9e0e-46df-9667-a135ca29a141,true,
7324b653-9b9f-4931-90a5-434c50386d72,68ce8ab5-f031-44ad-9d51-8974e2cef966,true,
7324b653-9b9f-4931-90a5-434c50386d72,f793bd30-909f-469f-90d6-0c9ca5c806f0,true,
7324b653-9b9f-4931-90a5-434c50386d72,2657f734-b7b7-40ec-a023-3f78987c25ab,true,
7324b653-9b9f-4931-90a5-434c50386d72,e9e33c03-d38d-4f4d-8801-b547d3f17de9,true,
7324b653-9b9f-4931-90a5-434c50386d72,eb9dc89c-fd4b-4fd0-b7b2-a999044ac0cb,true,
7324b653-9b9f-4931-90a5-434c50386d72,5072eff3-b30b-48ec-a0fc-979fd8c8d09a,true,
7324b653-9b9f-4931-90a5-434c50386d72,6c1cffa8-316f-4af1-9258-2255202486c0,true,
7324b653-9b9f-4931-90a5-434c50386d72,682539d1-0929-4a97-8ef7-61dc6c2ff10f,true,
7324b653-9b9f-4931-90a5-434c50386d72,d319a89a-c926-4bf4-96ca-520d09707ee7,true,
7324b653-9b9f-4931-90a5-434c50386d72,23975892-4a01-4a09-a85e-87368820c291,true,
7324b653-9b9f-4931-90a5-434c50386d72,8f5da6b6-ff69-44f0-a6b1-0f50ce4e6424,true,
7324b653-9b9f-4931-90a5-434c50386d72,df36e968-e166-4c81-acda-f7e1d71f30f2,true,
7324b653-9b9f-4931-90a5-434c50386d72,b3a8e669-0af9-490f-94c6-17d1327a2628,true,
7324b653-9b9f-4931-90a5-434c50386d72,c011d96f-0f43-480a-bd84-69d44e21ace4,true,
7324b653-9b9f-4931-90a5-434c50386d72,1b2c3411-f3ce-4f5d-882d-7d842e4b75f0,true,
7324b653-9b9f-4931-90a5-434c50386d72,79c46a73-9158-4440-86db-171a9ed39bc3,true,
7324b653-9b9f-4931-90a5-434c50386d72,990ccd1d-b76e-42b3-8294-f940fc9becc6,true,
7324b653-9b9f-4931-90a5-434c50386d72,6721ba3f-95a2-4617-8281-46ce600df8c7,true,
7324b653-9b9f-4931-90a5-434c50386d72,ec6ca840-7712-402b-8659-0161883a74ec,true,
7324b653-9b9f-4931-90a5-434c50386d72,b396a53c-0834-4da2-9eba-78c96854b4f8,true,
7324b653-9b9f-4931-90a5-434c50386d72,8c1f3491-7717-4a3b-bec0-0c0c54f54718,true,
7324b653-9b9f-4931-90a5-434c50386d72,af91c1ca-61a4-43b8-8a0a-85edf0c4b299,true,
7324b653-9b9f-4931-90a5-434c50386d72,61cb7b21-3741-497e-bfa5-81bded83956a,true,
7324b653-9b9f-4931-90a5-434c50386d72,241f8938-e43b-40a4-b27b-4cfdd1ee0f2d,true,
7324b653-9b9f-4931-90a5-434c50386d72,19b6022b-ded0-4b2a-b408-379e68fe697d,true,
7324b653-9b9f-4931-90a5-434c50386d72,26307594-12af-4bf6-a996-11244819c985,true,
7324b653-9b9f-4931-90a5-434c50386d72,3f111e3b-4243-412d-a8b3-40366435480c,true,
7324b653-9b9f-4931-90a5-434c50386d72,c919cc72-aebc-4100-9ab0-4ce015ee4784,true,
7324b653-9b9f-4931-90a5-434c50386d72,8fe01c7a-863c-4961-a40f-edb953226ae4,true,
7324b653-9b9f-4931-90a5-434c50386d72,4cda8332-62bc-4ccf-9dd5-0568f797db19,true,
7324b653-9b9f-4931-90a5-434c50386d72,4d7fcae1-b470-4a26-afe5-8b3818fc7613,true,
7324b653-9b9f-4931-90a5-434c50386d72,37a6f082-8344-4051-880e-c33c601ae844,true,
7324b653-9b9f-4931-90a5-434c50386d72,24c51c7e-b6ca-4fb5-abdd-10990fffa8e3,true,
7324b653-9b9f-4931-90a5-434c50386d72,1bff1f6d-9427-4188-b076-3e117e279add,true,
7324b653-9b9f-4931-90a5-434c50386d72,b721eaf7-196c-4720-8a4b-53f364c26316,true,
7324b653-9b9f-4931-90a5-434c50386d72,a9072c55-726d-4289-ada4-81de06eeb942,true,
7324b653-9b9f-4931-90a5-434c50386d72,701a0e85-a8dd-4dfb-964f-1bf90dd75027,true,
7324b653-9b9f-4931-90a5-434c50386d72,0cb15e37-4716-480b-9a38-2aea21725196,true,
7324b653-9b9f-4931-90a5-434c50386d72,5bffb69a-cdad-4b43-aa1b-cf4533497f11,true,
7324b653-9b9f-4931-90a5-434c50386d72,67fc01f4-3720-4a07-b34f-8ac57006a36b,true,
7324b653-9b9f-4931-90a5-434c50386d72,5413d776-45e0-4c36-96d8-6960062359ac,true,
7324b653-9b9f-4931-90a5-434c50386d72,384305a6-93d4-42af-834f-c2b0b55c3298,true,
7324b653-9b9f-4931-90a5-434c50386d72,61706bbe-eaeb-43bb-a4e0-d49a36d2989e,true,
7324b653-9b9f-4931-90a5-434c50386d72,802f934a-4a45-477d-88ac-29a063c136bc,true,
7324b653-9b9f-4931-90a5-434c50386d72,5c2fae3c-023f-4bb8-86c9-2a973da1f359,true,
7324b653-9b9f-4931-90a5-434c50386d72,1abe39e3-39ca-4423-a8d2-0bc473c8833b,true,
7324b653-9b9f-4931-90a5-434c50386d72,78d3d020-01fc-4801-ac7c-df377062b6ea,true,
7324b653-9b9f-4931-90a5-434c50386d72,3da49e1e-86f4-4f76-afed-b67f710ad8eb,true,
7324b653-9b9f-4931-90a5-434c50386d72,2e5d9b75-8e4a-4c94-b7aa-f206ad7993d3,true,
7324b653-9b9f-4931-90a5-434c50386d72,90d023d1-6cd2-411c-883f-125f3707cb06,true,
7324b653-9b9f-4931-90a5-434c50386d72,8fbb205c-3820-4378-b35a-8cfd66a0e2cd,true,
7324b653-9b9f-4931-90a5-434c50386d72,76299110-f4c0-40af-908c-19d83ee83e21,true,
7324b653-9b9f-4931-90a5-434c50386d72,22519241-39ed-4a43-87a9-dc0cd75b597b,true,
7324b653-9b9f-4931-90a5-434c50386d72,f2c49f51-bff4-4d75-b148-2517e0600861,true,
7324b653-9b9f-4931-90a5-434c50386d72,4aa1fa50-2ae7-405c-b43e-85d0d2ff3640,true,
7324b653-9b9f-4931-90a5-434c50386d72,7983a881-cd8d-4414-846c-687da76a0796,true,
7324b653-9b9f-4931-90a5-434c50386d72,58e9ca23-be71-4376-b319-be14dc6a7b3d,true,
7324b653-9b9f-4931-90a5-434c50386d72,ec357f18-2130-420c-92b4-b87e39942582,true,
7324b653-9b9f-4931-90a5-434c50386d72,a79c4005-1427-4a0e-9995-cae177a2d6fb,true,
7324b653-9b9f-4931-90a5-434c50386d72,5a302356-7c5d-4fc8-882c-26299001b260,true,
7324b653-9b9f-4931-90a5-434c50386d72,d83059f2-74d0-47bd-9f1e-24fd0d0fb76e,true,
7324b653-9b9f-4931-90a5-434c50386d72,ac22464c-8a58-43da-a42c-8504bc027bdd,true,
7324b653-9b9f-4931-90a5-434c50386d72,57812a55-084e-45f3-aad9-5eb98f9a5c85,true,
7324b653-9b9f-4931-90a5-434c50386d72,243619ad-e3fb-4484-a8b4-26d9a8b2d126,true,
7324b653-9b9f-4931-90a5-434c50386d72,6b3935b5-afe7-40f2-852d-e48858d61e25,true,
7324b653-9b9f-4931-90a5-434c50386d72,a85cfbf4-485a-4ac0-bf29-0219f3e6f58b,true,
7324b653-9b9f-4931-90a5-434c50386d72,99ab2f96-2c35-4675-8158-85c6e3e4814c,true,
7324b653-9b9f-4931-90a5-434c50386d72,d33b8b54-3374-4614-ac86-7a95a2294c05,true,
7324b653-9b9f-4931-90a5-434c50386d72,1ab909c4-7815-410d-8427-f21b16dc8a9d,true,
7324b653-9b9f-4931-90a5-434c50386d72,e4c4d7af-2f27-46fe-9882-81c7bd7c4446,true,
7324b653-9b9f-4931-90a5-434c50386d72,307fd06c-06a4-4271-8f04-865594361709,true,
7324b653-9b9f-4931-90a5-434c50386d72,0b4ad738-cde1-4654-8354-297f22a8a158,true,
7324b653-9b9f-4931-90a5-434c50386d72,0fc08b6e-0746-42b8-8611-5329e2186e9b,true,
7324b653-9b9f-4931-90a5-434c50386d72,af2db035-8240-4f37-95d3-6c12cf4125ba,true,
7324b653-9b9f-4931-90a5-434c50386d72,ae6b8141-93ab-438a-afca-92f17e313c8b,true,
7324b653-9b9f-4931-90a5-434c50386d72,f1bc6a4a-cce1-45a4-bb8b-b3a40e5b257a,true,
7324b653-9b9f-4931-90a5-434c50386d72,8ff7a746-58b4-4ca6-95c1-21f8db79e9c3,true,
7324b653-9b9f-4931-90a5-434c50386d72,5a132e5c-2776-46e7-ae67-193b2eceaccc,true,
7324b653-9b9f-4931-90a5-434c50386d72,6594d2c5-d160-4994-a12b-52a5ff6fcdf7,true,
7324b653-9b9f-4931-90a5-434c50386d72,7a8832bd-3f4b-418e-be86-1e8fdf1e5903,true,
7324b653-9b9f-4931-90a5-434c50386d72,3338b919-3607-4547-ac74-5bf4f8bece43,true,
7324b653-9b9f-4931-90a5-434c50386d72,aeeb9b29-e825-49fc-9398-2fa458fd78ff,true,
7324b653-9b9f-4931-90a5-434c50386d72,2f1265fb-bc50-4af5-86e4-e3c0b1d94895,true,
7324b653-9b9f-4931-90a5-434c50386d72,fa4b0347-2c7c-402b-994f-3d5b4d340195,true,
7324b653-9b9f-4931-90a5-434c50386d72,cb5fb812-93a9-4f14-b2c1-43c0f42e7b62,true,
7324b653-9b9f-4931-90a5-434c50386d72,bac447cc-2d24-40cf-a436-879a954efdab,true,
7324b653-9b9f-4931-90a5-434c50386d72,29470b39-fd03-4c2a-8dd8-7100355237ee,true,
7324b653-9b9f-4931-90a5-434c50386d72,f7a03b89-13e1-496f-a6f5-54ede90cd4ad,true,
7324b653-9b9f-4931-90a5-434c50386d72,4666e6fb-604b-4a39-8e7c-1d9abe1b06fa,true,
7324b653-9b9f-4931-90a5-434c50386d72,b48a9149-6edf-48fb-881c-154c444d68a3,true,
7324b653-9b9f-4931-90a5-434c50386d72,dd4c09bd-9c47-4f66-ba37-5853879f2f2b,true,
7324b653-9b9f-4931-90a5-434c50386d72,0ee75138-436c-429c-b3e2-015d13440110,true,
7324b653-9b9f-4931-90a5-434c50386d72,1213196e-361e-42df-bb6c-76e0317a3290,true,
fbc000e5-4b59-4f3d-844e-b6cf67c04ffc,a75f13c8-03a1-4a58-91be-982c93fd7b1c,true,
fbc000e5-4b59-4f3d-844e-b6cf67c04ffc,4b8cdd65-8045-47d7-af31-8407fa679103,true,
fbc000e5-4b59-4f3d-844e-b6cf67c04ffc,ecad38d2-2a95-4231-95bf-deee569f5f6e,false,[NO_5XX] Unexpected 5XX response: 501
fbc000e5-4b59-4f3d-844e-b6cf67c04ffc,7f05883e-10c9-4d78-91c7-973bf58effc2,true,
fbc000e5-4b59-4f3d-844e-b6cf67c04ffc,61c5a453-9eff-4614-a0e6-ade0f66c9505,true,
fbc000e5-4b59-4f3d-844e-b6cf67c04ffc,f037bf19-561e-4b8c-8e6c-bf07ccf6f531,true,
fbc000e5-4b59-4f3d-844e-b6cf67c04ffc,18b7fb00-c718-4fd1-bba4-c714189b83d3,true,
fbc000e5-4b59-4f3d-844e-b6cf67c04ffc,bee9ad2b-fc4a-4ef5-9aaa-62feddfe57da,true,
fbc000e5-4b59-4f3d-844e-b6cf67c04ffc,c5d5370d-0115-43fc-ac4d-5861fd183e8d,true,
fbc000e5-4b59-4f3d-844e-b6cf67c04ffc,fa0e3cef-bf2c-4b90-8800-9c9bcd0a87a4,true,
fbc000e5-4b59-4f3d-844e-b6cf67c04ffc,67913942-441c-43e4-81de-a12f32a4b189,true,
fbc000e5-4b59-4f3d-844e-b6cf67c04ffc,111c7645-25a9-4ca4-bd51-fa13325941a2,true,
fbc000e5-4b59-4f3d-844e-b6cf67c04ffc,083995c5-e363-4d2f-af4c-2a7d5b937699,true,
fbc000e5-4b59-4f3d-844e-b6cf67c04ffc,5ecd7a56-1ef2-433b-8d6d-bb6a899ec874,true,
fbc000e5-4b59-4f3d-844e-b6cf67c04ffc,03989789-3fb6-4635-8c09-5a7def918383,true,
fbc000e5-4b59-4f3d-844e-b6cf67c04ffc,e1c78068-0d3d-4a66-9967-a6005d640e72,true,
fbc000e5-4b59-4f3d-844e-b6cf67c04ffc,9a57f9ee-2914-4a3f-8386-a0a89a005a30,true,
fbc000e5-4b59-4f3d-844e-b6cf67c04ffc,7cd92f4b-1ebc-419b-88d6-76af6555a173,true,
fbc000e5-4b59-4f3d-844e-b6cf67c04ffc,04192fd3-836c-4156-b0bb-77fb4bc57628,true,
fbc000e5-4b59-4f3d-844e-b6cf67c04ffc,d6e23a20-b33b-47c5-93de-36e8be3d7c8e,true,
fbc000e5-4b59-4f3d-844e-b6cf67c04ffc,d6fa538b-fc66-47c6-b74d-ea8ea6403db7,true,
fbc000e5-4b59-4f3d-844e-b6cf67c04ffc,efa18f78-2451-4a1e-a5e7-2f9f2e27d6ba,true,
fbc000e5-4b59-4f3d-844e-b6cf67c04ffc,23ba2e4f-ce24-4b9f-acae-f8433a1ca353,true,
fbc000e5-4b59-4f3d-844e-b6cf67c04ffc,1e419c5d-d16e-4fce-be70-0a2bb2b8c554,true,
fbc000e5-4b59-4f3d-844e-b6cf67c04ffc,6fb25b46-6679-48c0-8fd8-fcbb6e5518b6,true,
fbc000e5-4b59-4f3d-844e-b6cf67c04ffc,41f2c33f-1584-4f16-b6db-8d00246e565d,true,
fbc000e5-4b59-4f3d-844e-b6cf67c04ffc,e6e03ddc-861f-43e0-8107-6f411dd2fd95,true,
fbc000e5-4b59-4f3d-844e-b6cf67c04ffc,1ac661ae-88c0-45a3-9035-a195dee8e2f2,true,
fbc000e5-4b59-4f3d-844e-b6cf67c04ffc,64f50b8b-00c5-47d3-b35e-8e28c8d72a6f,true,
fbc000e5-4b59-4f3d-844e-b6cf67c04ffc,59bd7725-01ec-4a97-95fa-628e233d51de,true,
fbc000e5-4b59-4f3d-844e-b6cf67c04ffc,581306b7-16ec-4d31-8221-b76867d9696c,true,
fbc000e5-4b59-4f3d-844e-b6cf67c04ffc,6f6e6412-325f-4291-8554-dda3efff2569,true,
fbc000e5-4b59-4f3d-844e-b6cf67c04ffc,b674f502-a195-4c27-9a17-d225c9916c7b,true,
fbc000e5-4b59-4f3d-844e-b6cf67c04ffc,2d844c4a-951a-4430-9187-03cb1ba81fe4,true,
fbc000e5-4b59-4f3d-844e-b6cf67c04ffc,b36c3b33-497b-44ac-a521-ff91822506a9,true,
fbc000e5-4b59-4f3d-844e-b6cf67c04ffc,d33885e8-7040-4308-b6e9-ce12b701753b,true,
fbc000e5-4b59-4f3d-844e-b6cf67c04ffc,b06bcf5e-6890-4df6-819b-f146893f2b70,true,
fbc000e5-4b59-4f3d-844e-b6cf67c04ffc,8cb4d1d9-9777-4f25-beba-d4c4fb5881f6,true,
fbc000e5-4b59-4f3d-844e-b6cf67c04ffc,c69662b6-e3f4-462b-a776-a46c408fefc7,true,
fbc000e5-4b59-4f3d-844e-b6cf67c04ffc,ff154bf6-447b-4c11-aaa7-862e1199caf1,true,
fbc000e5-4b59-4f3d-844e-b6cf67c04ffc,2b5b6809-6376-4f11-937b-8ccd3c731325,true,
fbc000e5-4b59-4f3d-844e-b6cf67c04ffc,e41c0ae4-cde6-4c05-bc94-9a2a86e26942,true,
fbc000e5-4b59-4f3d-844e-b6cf67c04ffc,25aeb784-dd67-4f49-a1a8-8149df850002,true,
fbc000e5-4b59-4f3d-844e-b6cf67c04ffc,401e7381-226f-4aee-a8a8-b82bbd246b00,true,
fbc000e5-4b59-4f3d-844e-b6cf67c04ffc,756555e1-e18b-4e62-8930-078203eeec84,true,
fbc000e5-4b59-4f3d-844e-b6cf67c04ffc,8cd1c4e8-652a-4f5a-b7ae-32c74bedf247,true,
fbc000e5-4b59-4f3d-844e-b6cf67c04ffc,2a20344b-06e4-4389-9daf-1146022246b5,true,
fbc000e5-4b59-4f3d-844e-b6cf67c04ffc,4296eab9-e544-4e97-9853-425746df3e32,true,
fbc000e5-4b59-4f3d-844e-b6cf67c04ffc,e0ba8b5d-ce3e-42f4-8d31-c68a70d7177c,true,
fbc000e5-4b59-4f3d-844e-b6cf67c04ffc,fd8c0434-4830-424c-a3ee-86f024418dfa,true,
fbc000e5-4b59-4f3d-844e-b6cf67c04ffc,709a81d4-0d13-4399-bf35-822863243280,true,
fbc000e5-4b59-4f3d-844e-b6cf67c04ffc,06a502e4-3b2d-46c3-b1c7-b41b80caf452,true,
fbc000e5-4b59-4f3d-844e-b6cf67c04ffc,bc907d80-c9b5-461f-924d-348e03bf7607,true,
fbc000e5-4b59-4f3d-844e-b6cf67c04ffc,19f5f87f-620f-44ec-af38-ecdf60688c00,true,
fbc000e5-4b59-4f3d-844e-b6cf67c04ffc,2720e807-6052-4355-9594-c38b71609354,true,
fbc000e5-4b59-4f3d-844e-b6cf67c04ffc,0c52e832-2e3a-435f-a8a0-2c39a3e13d16,true,
fbc000e5-4b59-4f3d-844e-b6cf67c04ffc,c728a05f-8a06-477c-b2c8-7c6a701bd86f,true,
fbc000e5-4b59-4f3d-844e-b6cf67c04ffc,67e31fda-58ae-4598-b6fb-5ca7d4da3636,true,
fbc000e5-4b59-4f3d-844e-b6cf67c04ffc,6458145d-e514-4cc0-8217-500f47a44189,true,
fbc000e5-4b59-4f3d-844e-b6cf67c04ffc,e7fa7d4b-0f23-4168-88e5-de10d63a5776,true,
fbc000e5-4b59-4f3d-844e-b6cf67c04ffc,73b255c4-e8ba-416a-a125-3e82c7ee1907,true,
fbc000e5-4b59-4f3d-844e-b6cf67c04ffc,4fb42c0b-08e8-4a0f-b4ae-8c9be98948a1,true,
fbc000e5-4b59-4f3d-844e-b6cf67c04ffc,46271a7d-7eae-4ced-a10f-ae220cb1e6b8,true,
fbc000e5-4b59-4f3d-844e-b6cf67c04ffc,f2c37f85-5164-469b-9cef-1a125cdef5dd,true,
fbc000e5-4b59-4f3d-844e-b6cf67c04ffc,01da7f19-b41f-494a-8fee-770e742ab935,true,
fbc000e5-4b59-4f3d-844e-b6cf67c04ffc,5d3ab903-e91c-4c2e-9214-7db90d9b00dc,true,
fbc000e5-4b59-4f3d-844e-b6cf67c04ffc,96b7d75e-a57a-4843-a278-353f39480b63,true,
fbc000e5-4b59-4f3d-844e-b6cf67c04ffc,0a3a0080-967f-410b-95da-0ce64045785f,true,
fbc000e5-4b59-4f3d-844e-b6cf67c04ffc,0581f34d-d9a4-403d-aea1-55d7be4282b4,true,
fbc000e5-4b59-4f3d-844e-b6cf67c04ffc,06340ce6-c05b-44fd-9b66-579e0c3148c7,true,
fbc000e5-4b59-4f3d-844e-b6cf67c04ffc,057b7a72-64b4-4dd3-a87a-5fecf1e9b89b,true,
fbc000e5-4b59-4f3d-844e-b6cf67c04ffc,ad083589-8292-4571-8f47-41ff125a6707,true,
fbc000e5-4b59-4f3d-844e-b6cf67c04ffc,0d6ee0e8-94e3-4699-86c1-756e58dbe291,true,
fbc000e5-4b59-4f3d-844e-b6cf67c04ffc,27a70a91-2c90-4b5b-96a5-540cf79c68c7,true,
fbc000e5-4b59-4f3d-844e-b6cf67c04ffc,133fa7f7-6aa8-4ad8-90c7-7b71f4a9288d,true,
fbc000e5-4b59-4f3d-844e-b6cf67c04ffc,01304f34-97b1-49ea-ad4e-1c4c9b2434da,true,
fbc000e5-4b59-4f3d-844e-b6cf67c04ffc,c1d183ec-8bcd-43b7-8a97-c91153a3b45c,true,
fbc000e5-4b59-4f3d-844e-b6cf67c04ffc,6a8230c8-cfee-4dc1-acf5-ca1bb93b49d6,true,
fbc000e5-4b59-4f3d-844e-b6cf67c04ffc,0413aeba-3ea4-4772-85f6-88b426f5888c,true,
fbc000e5-4b59-4f3d-844e-b6cf67c04ffc,334c3825-3cf3-4542-9fa7-decb9c40ef74,true,
fbc000e5-4b59-4f3d-844e-b6cf67c04ffc,80c090e2-9401-4f40-ba02-8afa59bd6d54,true,
fbc000e5-4b59-4f3d-844e-b6cf67c04ffc,9169f74d-8a35-4b8f-b9a5-45ea4b1f1a30,true,
fbc000e5-4b59-4f3d-844e-b6cf67c04ffc,5bf0482b-c982-41c2-9f15-a19adbddd960,true,
fbc000e5-4b59-4f3d-844e-b6cf67c04ffc,caaf8ae0-7b76-4ce0-8648-2db6b942b246,true,
fbc000e5-4b59-4f3d-844e-b6cf67c04ffc,dd1514b7-865d-40b2-ac4b-1abd2fd385af,true,
fbc000e5-4b59-4f3d-844e-b6cf67c04ffc,263a39a2-ca62-4fe4-8e5e-0d2cc0ddbe98,true,
fbc000e5-4b59-4f3d-844e-b6cf67c04ffc,c6d842ab-73b2-4041-ab22-0a7a4c136e3a,true,
fbc000e5-4b59-4f3d-844e-b6cf67c04ffc,34018c1f-62d3-4dab-94ab-bfecc11ebfa9,true,
fbc000e5-4b59-4f3d-844e-b6cf67c04ffc,a67c7a3f-d4a9-4282-8a02-d2d4a9d920a6,true,
fbc000e5-4b59-4f3d-844e-b6cf67c04ffc,de297b01-a280-43b3-87fc-34396c75f309,true,
fbc000e5-4b59-4f3d-844e-b6cf67c04ffc,e9a5ce38-a666-410b-85ac-11fb2f593088,true,
fbc000e5-4b59-4f3d-844e-b6cf67c04ffc,e1a20454-db1a-4681-bfb8-81811c650de5,true,
fbc000e5-4b59-4f3d-844e-b6cf67c04ffc,26f1f62f-a3b8-458b-b1c3-0b9f866f1a28,true,
fbc000e5-4b59-4f3d-844e-b6cf67c04ffc,506ed806-df05-4ba7-8fe5-5db461c2a551,true,
fbc000e5-4b59-4f3d-844e-b6cf67c04ffc,c59fb3ff-01ea-425b-99ea-2e75c99a0e31,true,
fbc000e5-4b59-4f3d-844e-b6cf67c04ffc,bc3b6ee0-0867-43c7-9b13-3dc9a9331684,true,
fbc000e5-4b59-4f3d-844e-b6cf67c04ffc,fe7a1ab1-ab90-4aa2-a0b2-2aebd5cbd531,true,
fbc000e5-4b59-4f3d-844e-b6cf67c04ffc,570f2b4b-4111-4fb2-a1f7-3a5362d7fb82,true,
fbc000e5-4b59-4f3d-844e-b6cf67c04ffc,bd4cd8b8-52d3-42c9-a00f-d7033b87a8fb,true,
fbc000e5-4b59-4f3d-844e-b6cf67c04ffc,02499152-ede0-43af-bdf9-72c7925beecd,true,
fbc000e5-4b59-4f3d-844e-b6cf67c04ffc,5556f62b-ba1f-462f-b80f-15dc7ddb1331,true,
fbc000e5-4b59-4f3d-844e-b6cf67c04ffc,344d0e66-3d25-4974-a547-91362e7d24b1,true,
fbc000e5-4b59-4f3d-844e-b6cf67c04ffc,f179c5aa-29f5-4285-8006-9e110f75ef9b,true,
fbc000e5-4b59-4f3d-844e-b6cf67c04ffc,60138a60-9c6e-4f77-9d76-e0b9d98bc471,true,
fbc000e5-4b59-4f3d-844e-b6cf67c04ffc,4b099d31-2f7b-42a2-b959-55e81ff19e0b,true,
fbc000e5-4b59-4f3d-844e-b6cf67c04ffc,18249c19-65f0-4915-9d12-1984bf59e87c,true,
fbc000e5-4b59-4f3d-844e-b6cf67c04ffc,5d7a280b-a66a-452a-b570-034c015ad7f4,true,
fbc000e5-4b59-4f3d-844e-b6cf67c04ffc,f5e76d98-7c79-4505-b38b-15f9a153416e,true,
fbc000e5-4b59-4f3d-844e-b6cf67c04ffc,0985c171-4ac2-4567-8091-7996561e232a,true,
fbc000e5-4b59-4f3d-844e-b6cf67c04ffc,2afa308a-f8e2-421b-bc89-3d63675dac2e,true,
fbc000e5-4b59-4f3d-844e-b6cf67c04ffc,4fec0224-2ebb-4793-939e-704f34a0934e,true,
fbc000e5-4b59-4f3d-844e-b6cf67c04ffc,4e6ff7c2-304e-4ff9-90b8-8f316008637f,true,
fbc000e5-4b59-4f3d-844e-b6cf67c04ffc,5ea9a044-747d-473c-aed1-51e52b102435,true,
fbc000e5-4b59-4f3d-844e-b6cf67c04ffc,c1ad6b9f-1fe5-46ec-8343-8e5921b6d02b,true,
fbc000e5-4b59-4f3d-844e-b6cf67c04ffc,f1adf361-40dc-4f17-a65c-6c87d00ca4ab,true,
fbc000e5-4b59-4f3d-844e-b6cf67c04ffc,0b8e268a-4f25-4a52-8c64-ec33e2a68839,true,
fbc000e5-4b59-4f3d-844e-b6cf67c04ffc,cda33dfe-88af-4eff-bd7b-3347cc35fe05,true,
fbc000e5-4b59-4f3d-844e-b6cf67c04ffc,dee60b8f-ea03-4f34-b826-166b56e9a7b5,true,
fbc000e5-4b59-4f3d-844e-b6cf67c04ffc,f470914d-0670-46be-9651-d90e13dc4535,true,
fbc000e5-4b59-4f3d-844e-b6cf67c04ffc,a270512e-f0df-4b91-9a11-98d988eb414a,true,
fbc000e5-4b59-4f3d-844e-b6cf67c04ffc,f99e6b0d-803b-4f0f-82d0-4270895bd215,true,
c1cabb28-ee73-4644-a2fd-fc84d903f06f,c148a47b-1a80-4d56-ad8f-e70fae9298c5,true,
c1cabb28-ee73-4644-a2fd-fc84d903f06f,b70d6034-e41a-4d3d-a4b7-8b3ad1f49f25,true,
c1cabb28-ee73-4644-a2fd-fc84d903f06f,c09a25c5-28ff-4d39-bd74-5f50906550ee,false,[NO_5XX] Unexpected 5XX response: 500
c1cabb28-ee73-4644-a2fd-fc84d903f06f,42c26f74-fa44-4be0-aecd-e6be52a628cb,true,
c1cabb28-ee73-4644-a2fd-fc84d903f06f,ca7f6802-5b2e-4200-8f26-c7f060439ab2,true,
c1cabb28-ee73-4644-a2fd-fc84d903f06f,d36fd76d-7c7b-4608-b908-0eef3bf753a0,true,
c1cabb28-ee73-4644-a2fd-fc84d903f06f,8a5b7640-2ac3-4639-91db-0d863da078bb,true,
c1cabb28-ee73-4644-a2fd-fc84d903f06f,371d4464-3bdb-4130-bcdf-e9e3ffa05a36,true,
c1cabb28-ee73-4644-a2fd-fc84d903f06f,1b0da0af-72b7-4695-a03c-df4c3e3ae0eb,true,
c1cabb28-ee73-4644-a2fd-fc84d903f06f,53db8aa3-c8ce-494e-9c4a-43604a322901,true,
c1cabb28-ee73-4644-a2fd-fc84d903f06f,826bf25d-af4d-4575-ac65-75a55f408257,true,
c1cabb28-ee73-4644-a2fd-fc84d903f06f,615a9971-8acc-4307-893f-3593b9aa8290,true,
c1cabb28-ee73-4644-a2fd-fc84d903f06f,51cb6ee2-bdff-4b91-afb1-a60650d34dd8,true,
c1cabb28-ee73-4644-a2fd-fc84d903f06f,e87c8664-1a7b-4aac-bdff-7e522d7afe66,true,
c1cabb28-ee73-4644-a2fd-fc84d903f06f,fc49e465-a8ab-4c78-832a-9b961c541188,true,
c1cabb28-ee73-4644-a2fd-fc84d903f06f,8ed465a3-89d1-4448-be3a-de0b98097d82,true,
c1cabb28-ee73-4644-a2fd-fc84d903f06f,6cd3a666-7586-4622-b590-3a0ef8e32f30,true,
c1cabb28-ee73-4644-a2fd-fc84d903f06f,73ab775e-6993-453f-bd1d-b495e1c37911,true,
c1cabb28-ee73-4644-a2fd-fc84d903f06f,a2ae7a47-7ac5-431e-a821-3ed7357b9a6c,true,
c1cabb28-ee73-4644-a2fd-fc84d903f06f,acab108a-f82e-4d3f-9841-9d6dc6fcaecd,true,
c1cabb28-ee73-4644-a2fd-fc84d903f06f,b3237b5a-bb02-4c55-8abb-7fdd1509fe0e,true,
c1cabb28-ee73-4644-a2fd-fc84d903f06f,7b8c520c-16df-41dc-a7ef-38bd97f61c86,true,
c1cabb28-ee73-4644-a2fd-fc84d903f06f,eabc6471-4014-4891-9f30-5603e881c220,true,
c1cabb28-ee73-4644-a2fd-fc84d903f06f,10758061-ec63-4f77-81fb-49b2631dfbb6,true,
c1cabb28-ee73-4644-a2fd-fc84d903f06f,7a0fb330-f8fe-4219-9c64-bbbe536a8317,true,
c1cabb28-ee73-4644-a2fd-fc84d903f06f,e82ce238-6ba8-4b31-a4de-f67290bfd8d9,true,
c1cabb28-ee73-4644-a2fd-fc84d903f06f,358f6adc-e0da-4fb2-a953-3743ec67ab43,true,
c1cabb28-ee73-4644-a2fd-fc84d903f06f,62c66ef8-291e-4c18-a0e1-cdf6368e1e89,true,
c1cabb28-ee73-4644-a2fd-fc84d903f06f,d329048d-ef55-407c-91ef-a50f5c5f5e9a,true,
c1cabb28-ee73-4644-a2fd-fc84d903f06f,c947828f-9960-4687-91f5-08e9f4931703,true,
c1cabb28-ee73-4644-a2fd-fc84d903f06f,62b72636-08a1-4744-84cf-54ca558e5861,true,
c1cabb28-ee73-4644-a2fd-fc84d903f06f,3f441a1c-0e05-4488-860b-434aeff52211,true,
c1cabb28-ee73-4644-a2fd-fc84d903f06f,63bc323a-5f04-401b-ad36-17070c07541f,true,
c1cabb28-ee73-4644-a2fd-fc84d903f06f,993bee5b-4eb5-494f-8536-7d860ab0f1c0,true,
c1cabb28-ee73-4644-a2fd-fc84d903f06f,a1206bd1-a97f-44f1-9bfe-c31344fa1733,true,
c1cabb28-ee73-4644-a2fd-fc84d903f06f,3c9f653a-cf72-4b8c-ade1-9092bdf10e84,true,
c1cabb28-ee73-4644-a2fd-fc84d903f06f,564ef3d2-1d91-4240-a193-e2fd83cceb74,true,
c1cabb28-ee73-4644-a2fd-fc84d903f06f,4a9aea6d-28a6-4a8a-9db6-08b60d5176ce,true,
c1cabb28-ee73-4644-a2fd-fc84d903f06f,584c66c9-c561-4885-bd30-6cc716375d74,true,
c1cabb28-ee73-4644-a2fd-fc84d903f06f,8dfe9cb0-e19d-4a23-bb95-fa86f09c06e2,true,
c1cabb28-ee73-4644-a2fd-fc84d903f06f,a315fd88-9c0a-4a4b-8cb3-6e0007db6030,true,
c1cabb28-ee73-4644-a2fd-fc84d903f06f,714b84dd-53e3-4e85-a11c-6aab3e6cee29,true,
c1cabb28-ee73-4644-a2fd-fc84d903f06f,8804d8b5-d7ab-4749-80e7-1caadb632ee8,true,
c1cabb28-ee73-4644-a2fd-fc84d903f06f,eb1575d6-d5bf-48ca-97f3-e33663e3619a,true,
c1cabb28-ee73-4644-a2fd-fc84d903f06f,1bc72f38-d8eb-4508-bedd-d43aa53129d1,true,
c1cabb28-ee73-4644-a2fd-fc84d903f06f,1dbeaa30-4564-469a-b48b-6bff26d9afb2,true,
c1cabb28-ee73-4644-a2fd-fc84d903f06f,08449ecb-e7d5-4053-8f43-fab0e422f911,true,
c1cabb28-ee73-4644-a2fd-fc84d903f06f,204c1a91-cd4c-41aa-be34-952bc7bb3cf8,true,
c1cabb28-ee73-4644-a2fd-fc84d903f06f,04b7801d-2dfc-41c9-b63f-beb54c0f5661,true,
c1cabb28-ee73-4644-a2fd-fc84d903f06f,43ebe952-b990-4f38-88d5-c89ba57be4ad,true,
c1cabb28-ee73-4644-a2fd-fc84d903f06f,b55efb9c-063e-43e9-afa5-913b6d0836f4,true,
c1cabb28-ee73-4644-a2fd-fc84d903f06f,a9c05569-eba4-4b04-a5d7-914490b0d959,true,
c1cabb28-ee73-4644-a2fd-fc84d903f06f,ca3e8546-5b8c-435d-b5ed-5b87bf98aced,true,
c1cabb28-ee73-4644-a2fd-fc84d903f06f,c6121b65-1cad-4705-82b0-36225a61fa3a,true,
c1cabb28-ee73-4644-a2fd-fc84d903f06f,17e11a44-27a5-4ed8-a384-a01914681118,true,
c1cabb28-ee73-4644-a2fd-fc84d903f06f,1fa23214-8d7c-4b33-b65f-8a0fb2ec8109,true,
c1cabb28-ee73-4644-a2fd-fc84d903f06f,ead5931e-32ed-4d0a-9e14-cef211e2cdcc,true,
c1cabb28-ee73-4644-a2fd-fc84d903f06f,170fb82c-d991-4240-a815-f7a3fb30724b,true,
c1cabb28-ee73-4644-a2fd-fc84d903f06f,5496a8b6-1fe6-4388-b48a-4ad8e92d08ec,true,
c1cabb28-ee73-4644-a2fd-fc84d903f06f,6901587b-ff46-478c-be9f-a5efd4f9dcd2,true,
c1cabb28-ee73-4644-a2fd-fc84d903f06f,1c595014-ec44-4813-88d0-5469ba578c1a,true,
c1cabb28-ee73-4644-a2fd-fc84d903f06f,d7e79932-61bd-480a-bb68-98a0276cc8ab,true,
c1cabb28-ee73-4644-a2fd-fc84d903f06f,e00a8e18-9540-4471-a690-fa35804ba159,true,
c1cabb28-ee73-4644-a2fd-fc84d903f06f,d2196adf-872e-4d95-a477-838930afc6e9,true,
c1cabb28-ee73-4644-a2fd-fc84d903f06f,30edf66a-9443-4774-a9d8-587cc45e0259,true,
c1cabb28-ee73-4644-a2fd-fc84d903f06f,faf4331d-0be2-4245-a9d9-c3e65e034957,true,
c1cabb28-ee73-4644-a2fd-fc84d903f06f,b619e979-f6d7-4224-9888-0c76abd8d314,true,
c1cabb28-ee73-4644-a2fd-fc84d903f06f,fa9cb533-5ac3-478b-a662-102b522d10c1,true,
c1cabb28-ee73-4644-a2fd-fc84d903f06f,592f560c-d294-41a5-b878-a8a7fcd8bd46,true,
c1cabb28-ee73-4644-a2fd-fc84d903f06f,e2848ed5-39a8-4f37-b701-3c0a776e78e5,true,
c1cabb28-ee73-4644-a2fd-fc84d903f06f,9009c3d2-b84b-4aea-a48a-62082bd1a336,true,
c1cabb28-ee73-4644-a2fd-fc84d903f06f,6a1bc63e-5189-4332-8516-7db9f44427f7,true,
c1cabb28-ee73-4644-a2fd-fc84d903f06f,4f38a001-ad6d-4132-af89-75c1fc102304,true,
c1cabb28-ee73-4644-a2fd-fc84d903f06f,ed6193c9-f425-4e08-a1fe-597552a5a559,true,
c1cabb28-ee73-4644-a2fd-fc84d903f06f,0a23c202-b9c9-4086-9f3e-d626cd79902a,true,
c1cabb28-ee73-4644-a2fd-fc84d903f06f,b5a8b23c-cb47-4136-9f9c-a6c5bed79898,true,
c1cabb28-ee73-4644-a2fd-fc84d903f06f,94dc062d-8772-4be5-b650-69b88124a221,true,
c1cabb28-ee73-4644-a2fd-fc84d903f06f,33d1239b-0ddc-4fe5-9113-575316fb6628,true,
c1cabb28-ee73-4644-a2fd-fc84d903f06f,1726ad9a-dea0-4b11-bf32-d76f7075bd9a,true,
c1cabb28-ee73-4644-a2fd-fc84d903f06f,6152de01-63c1-40bd-a2b8-39629b6466e0,true,
c1cabb28-ee73-4644-a2fd-fc84d903f06f,09ad95cb-81c8-4943-8935-23d21d1c549a,true,
c1cabb28-ee73-4644-a2fd-fc84d903f06f,1d5e2e10-39bd-4c9f-81e6-081682ba37aa,true,
c1cabb28-ee73-4644-a2fd-fc84d903f06f,a1f152c2-566e-4c1a-8140-6224fb5dd656,true,
c1cabb28-ee73-4644-a2fd-fc84d903f06f,1b41c7d4-b76e-4e4a-acba-3d54a47f9216,true,
c1cabb28-ee73-4644-a2fd-fc84d903f06f,22de4859-2739-4b21-b09a-3f0fd6d9ca8a,true,
c1cabb28-ee73-4644-a2fd-fc84d903f06f,1ee16485-5384-4c1f-abbe-2bf6bcf038a6,true,
c1cabb28-ee73-4644-a2fd-fc84d903f06f,c394164a-a79e-44a1-bbf7-fd0a5b6812de,true,
c1cabb28-ee73-4644-a2fd-fc84d903f06f,5d020fc7-678b-4e6a-ad9e-29b58b751cbc,true,
c1cabb28-ee73-4644-a2fd-fc84d903f06f,17a2cddc-5992-4fa9-a5e9-8f06bcfc3efb,true,
c1cabb28-ee73-4644-a2fd-fc84d903f06f,6341f432-4928-4eb4-9fea-e21806fcec2a,true,
c1cabb28-ee73-4644-a2fd-fc84d903f06f,4ed8ab57-28ce-4fda-8c17-c59c9feade70,true,
c1cabb28-ee73-4644-a2fd-fc84d903f06f,fc84cf38-66f0-4474-9d25-2793cf392fdf,true,
c1cabb28-ee73-4644-a2fd-fc84d903f06f,0a8f21fc-3336-4438-adde-91f576b7b50b,true,
c1cabb28-ee73-4644-a2fd-fc84d903f06f,9a09f30c-19c3-4731-ba33-c6e888299747,true,
c1cabb28-ee73-4644-a2fd-fc84d903f06f,621ccd9b-61f9-4494-b5ac-84fd60ff8591,true,
c1cabb28-ee73-4644-a2fd-fc84d903f06f,647f3922-e193-412d-a78f-97b8b5b27e43,true,
c1cabb28-ee73-4644-a2fd-fc84d903f06f,173d174a-e1d6-4827-a49b-dc7513854098,true,
c1cabb28-ee73-4644-a2fd-fc84d903f06f,55d55f75-42f6-4a40-89d9-937ebcaa51d6,true,
c1cabb28-ee73-4644-a2fd-fc84d903f06f,2b85cef2-cb2b-414f-869a-bbc33bc1b6cf,true,
c1cabb28-ee73-4644-a2fd-fc84d903f06f,69714ac2-d1dc-4ccb-ace0-98a7bbce2146,true,
c1cabb28-ee73-4644-a2fd-fc84d903f06f,9b62a637-df81-45e4-9719-aa587579354e,true,
c1cabb28-ee73-4644-a2fd-fc84d903f06f,a06ae0bd-121b-4cef-9615-7d84a33b4321,true,
c1cabb28-ee73-4644-a2fd-fc84d903f06f,57b209fd-5ba9-482e-9a93-6d0214be6a92,true,
c1cabb28-ee73-4644-a2fd-fc84d903f06f,f51ef123-3992-4d06-b83f-eb444ad87844,true,
c1cabb28-ee73-4644-a2fd-fc84d903f06f,4c1f5d8f-0401-4587-a246-2ed70f7668fc,true,
c1cabb28-ee73-4644-a2fd-fc84d903f06f,f055246a-8d70-4caa-a95c-ecbaccac9e97,true,
c1cabb28-ee73-4644-a2fd-fc84d903f06f,41bce8e8-697f-471c-a593-78f99bfdb68f,true,
c1cabb28-ee73-4644-a2fd-fc84d903f06f,db8545a7-71dd-41de-908a-9aa389a6e079,true,
c1cabb28-ee73-4644-a2fd-fc84d903f06f,ef68b971-dbd7-43ad-97a2-c7219c2b5055,true,
c1cabb28-ee73-4644-a2fd-fc84d903f06f,77eb2d3b-a119-4d33-8fff-0a6fc78ac117,true,
c1cabb28-ee73-4644-a2fd-fc84d903f06f,c7a323fa-c89c-406e-b9b1-01ebd280adfa,true,
c1cabb28-ee73-4644-a2fd-fc84d903f06f,371e1db4-d0b8-4bca-ab69-f3d7078ff8f3,true,
c1cabb28-ee73-4644-a2fd-fc84d903f06f,04829c3f-4438-4869-8355-292eff816900,true,
c1cabb28-ee73-4644-a2fd-fc84d903f06f,db43dcf4-27c4-4ad0-b415-2b3b290e5fda,true,
c1cabb28-ee73-4644-a2fd-fc84d903f06f,f8874892-a0c4-4ccc-99c4-e4bebb0f5db1,true,
c1cabb28-ee73-4644-a2fd-fc84d903f06f,f75e174c-c78b-4a66-8f7e-8b64484c7494,true,
c1cabb28-ee73-4644-a2fd-fc84d903f06f,ddf97169-3798-464d-b24f-2b69eeff46dd,true,
c1cabb28-ee73-4644-a2fd-fc84d903f06f,9e644f8f-881f-4faa-bc86-f44b6cd7d838,true,
c1cabb28-ee73-4644-a2fd-fc84d903f06f,578fbc9e-fab6-42e3-a84e-022d10fa13f3,true,
c1cabb28-ee73-4644-a2fd-fc84d903f06f,af25acc2-7ef0-4c50-9530-f0ef2c5283f2,true,
c1cabb28-ee73-4644-a2fd-fc84d903f06f,c89ba800-f712-4fc4-8f4f-2029247d9e01,true,
c1cabb28-ee73-4644-a2fd-fc84d903f06f,9874d34b-916a-4a39-a7ee-f4f6a25cee2a,true,
c1cabb28-ee73-4644-a2fd-fc84d903f06f,fe5ca27a-c86c-47b8-bfde-caba301d4886,true,
c1cabb28-ee73-4644-a2fd-fc84d903f06f,9f1c06e2-0e1b-4b2f-8f7a-a09657096e13,true,
c1cabb28-ee73-4644-a2fd-fc84d903f06f,0cfe3801-f17a-40b1-99cf-6a05bf590bff,true,
c1cabb28-ee73-4644-a2fd-fc84d903f06f,1e71d709-22f7-48f5-882e-3166c038f7e1,true,
c1cabb28-ee73-4644-a2fd-fc84d903f06f,c2f69831-b8e6-4838-bb62-fb8e0d3349bb,true,
c1cabb28-ee73-4644-a2fd-fc84d903f06f,3326acd6-0aed-45d6-8098-87ca9b0d9a75,true,
c1cabb28-ee73-4644-a2fd-fc84d903f06f,9f1476b7-8654-42e6-857e-f93f23b3fb9e,true,
c1cabb28-ee73-4644-a2fd-fc84d903f06f,b1bb68be-53c7-4507-ac62-0521dd3f74e3,true,
c1cabb28-ee73-4644-a2fd-fc84d903f06f,630a2551-0838-4fa8-970e-61bdf7a19909,true,
c1cabb28-ee73-4644-a2fd-fc84d903f06f,24592ee9-f715-47b6-87f9-a4697f39a1c4,true,
c1cabb28-ee73-4644-a2fd-fc84d903f06f,a13da058-f2d8-4403-8db0-6e14df77fce9,true,
c1cabb28-ee73-4644-a2fd-fc84d903f06f,6f9ce50b-bcdb-4def-8728-87e8af9dc0e3,true,
c1cabb28-ee73-4644-a2fd-fc84d903f06f,d39f1f44-f8c5-408b-b286-ad0d186e4c49,true,
c1cabb28-ee73-4644-a2fd-fc84d903f06f,81f56af7-e26f-43ae-b087-caf4b7f8a797,true,
c1cabb28-ee73-4644-a2fd-fc84d903f06f,db801f87-608f-4ed5-a31a-276409e5ce28,true,
c1cabb28-ee73-4644-a2fd-fc84d903f06f,85712aac-7a19-492c-b08f-ffde391a09a6,true,
c1cabb28-ee73-4644-a2fd-fc84d903f06f,8594778f-09ba-464f-b0cf-6ac7bd95ff21,true,
c1cabb28-ee73-4644-a2fd-fc84d903f06f,220f7f48-55da-43f2-8a64-5dfef2ba1360,true,
c1cabb28-ee73-4644-a2fd-fc84d903f06f,95c40e50-b564-4de7-9e71-c375332e6563,true,
c1cabb28-ee73-4644-a2fd-fc84d903f06f,6a218293-7865-408e-87d8-b2476ec2c19e,true,
c1cabb28-ee73-4644-a2fd-fc84d903f06f,cac3bec6-cbd9-4cb7-b4a1-2831ab762a09,true,
c1cabb28-ee73-4644-a2fd-fc84d903f06f,c1ae8c16-567f-437c-a00c-3975cc1a4155,true,
c1cabb28-ee73-4644-a2fd-fc84d903f06f,570ecec1-7f08-4eea-a166-a89ccbaef273,true,
c1cabb28-ee73-4644-a2fd-fc84d903f06f,964cd4df-24af-49c9-846e-d93fff8d6821,true,
c1cabb28-ee73-4644-a2fd-fc84d903f06f,7b4d418f-fd77-4408-af92-2adb4ee5384a,true,
c1cabb28-ee73-4644-a2fd-fc84d903f06f,90516729-388e-4cfd-8799-ef4d0b3e7368,true,
c1cabb28-ee73-4644-a2fd-fc84d903f06f,c82bab96-5f22-4567-b9f2-59a004657c6b,true,
c1cabb28-ee73-4644-a2fd-fc84d903f06f,8f92f774-a837-49dc-a050-c3763ab449c1,true,
c1cabb28-ee73-4644-a2fd-fc84d903f06f,9d983439-df74-4898-a392-eb7a0b6d13b7,true,
c1cabb28-ee73-4644-a2fd-fc84d903f06f,f1ab2255-778c-4422-989f-54b4cee7a80e,true,
c1cabb28-ee73-4644-a2fd-fc84d903f06f,bcd2294d-1ac4-41cd-a555-a9bb18fb98bb,true,
c1cabb28-ee73-4644-a2fd-fc84d903f06f,2913abb8-c77f-4155-a756-25ed9ca8d758,true,
c1cabb28-ee73-4644-a2fd-fc84d903f06f,2765c749-90cb-4c58-997e-e8e73738c097,true,
c1cabb28-ee73-4644-a2fd-fc84d903f06f,4ad532d9-940a-4aed-bc2c-4bf9f4f8f5ef,true,
c1cabb28-ee73-4644-a2fd-fc84d903f06f,9981c78a-f362-4c95-ba73-f5a8a54b192e,true,
c1cabb28-ee73-4644-a2fd-fc84d903f06f,fed65db9-de63-4264-8c7f-9c54696a79c2,true,
c1cabb28-ee73-4644-a2fd-fc84d903f06f,5f23f1b8-a16e-414d-8598-2bd3fb29757a,true,
c1cabb28-ee73-4644-a2fd-fc84d903f06f,d275873c-23ad-4eb2-b525-0893d8303748,true,
c1cabb28-ee73-4644-a2fd-fc84d903f06f,f35d2f48-3fd2-4014-9c73-5eb6ae894874,true,
c1cabb28-ee73-4644-a2fd-fc84d903f06f,4cf7ed61-d0ce-4d7e-a705-fc20cb4010ea,true,
c1cabb28-ee73-4644-a2fd-fc84d903f06f,21be008e-0176-46d8-a9b3-34b8249d8c9f,true,
c1cabb28-ee73-4644-a2fd-fc84d903f06f,6ff49a6e-bad2-4c77-ad11-e0362628ea11,true,
c1cabb28-ee73-4644-a2fd-fc84d903f06f,2814cd38-60f9-4c75-b0cf-4f1c44096905,true,
c1cabb28-ee73-4644-a2fd-fc84d903f06f,90e6dc28-4e4b-4014-bc70-2fce4f714fd9,true,
c1cabb28-ee73-4644-a2fd-fc84d903f06f,5483acf9-2004-4109-bd4f-5b6163b3ea5a,true,
c1cabb28-ee73-4644-a2fd-fc84d903f06f,334cd666-0c40-4190-9de9-4bdfb6736b96,true,
c1cabb28-ee73-4644-a2fd-fc84d903f06f,65bf2862-7cfe-41ca-9cc6-26db6ab1ba65,true,
c1cabb28-ee73-4644-a2fd-fc84d903f06f,f0c3b4b0-64ed-40e6-912b-19693bc9a4c4,true,
c1cabb28-ee73-4644-a2fd-fc84d903f06f,f68a2116-c252-4bcf-9fee-356624881d84,true,
c1cabb28-ee73-4644-a2fd-fc84d903f06f,8793150c-0964-4953-9a42-ed0b3b8c1087,true,
c1cabb28-ee73-4644-a2fd-fc84d903f06f,6ba06a29-0db0-4fa4-b596-6405f2e62836,true,
c1cabb28-ee73-4644-a2fd-fc84d903f06f,a9920e6d-5232-459c-b650-cb79d0d94e37,true,
c1cabb28-ee73-4644-a2fd-fc84d903f06f,4e1e2652-cb2f-4ae9-9cd1-8d80f197a6f5,true,
c1cabb28-ee73-4644-a2fd-fc84d903f06f,c2e92911-8006-4a02-86d5-54f0171c9373,true,
c1cabb28-ee73-4644-a2fd-fc84d903f06f,baba1b45-2315-4502-bbdc-23876f5a1e07,true,
c1cabb28-ee73-4644-a2fd-fc84d903f06f,5b3f1a72-94ac-4157-a145-82b09da0c85c,true,
c1cabb28-ee73-4644-a2fd-fc84d903f06f,5a7489f1-3064-4531-af41-90b96e7593e0,true,
c1cabb28-ee73-4644-a2fd-fc84d903f06f,0bf1695b-67a0-465c-85f7-996712eb5b23,true,
c1cabb28-ee73-4644-a2fd-fc84d903f06f,33813b13-f910-472f-bbad-bc8a21b05811,true,
c1cabb28-ee73-4644-a2fd-fc84d903f06f,47e3a9a8-d70f-4d24-9697-cb739d81c7f4,true,
c1cabb28-ee73-4644-a2fd-fc84d903f06f,dd00e37d-c0ea-4dac-9bd9-c6766fa8baf8,true,
c1cabb28-ee73-4644-a2fd-fc84d903f06f,843b5a4f-def4-454e-b292-58c2c373f36d,true,
c1cabb28-ee73-4644-a2fd-fc84d903f06f,2b3a6312-d720-4860-9398-3f3e760d140f,true,
c1cabb28-ee73-4644-a2fd-fc84d903f06f,b20438c1-9fab-45c8-8383-ccb22a6b66a5,true,
c1cabb28-ee73-4644-a2fd-fc84d903f06f,c5190f16-4629-44c3-8eeb-dbc1784473ad,true,
c1cabb28-ee73-4644-a2fd-fc84d903f06f,c13e0db1-8f4a-44e6-8d28-323844bff2b2,true,
c1cabb28-ee73-4644-a2fd-fc84d903f06f,8478178e-72b5-4559-a1d9-51e4f87f6d12,true,
c1cabb28-ee73-4644-a2fd-fc84d903f06f,33a4c025-214d-4020-893d-1ca6d1b8e8ea,true,
c1cabb28-ee73-4644-a2fd-fc84d903f06f,34c20915-cba9-4648-85a3-0ccff33aa74f,true,
c1cabb28-ee73-4644-a2fd-fc84d903f06f,7c3fb95c-3ebf-4aec-8817-76b2821b960a,true,
c1cabb28-ee73-4644-a2fd-fc84d903f06f,5230521c-5275-40dd-aaea-c6d889572eb5,true,
c1cabb28-ee73-4644-a2fd-fc84d903f06f,cd604225-1466-4215-a7e5-484f34ca91c2,true,
c1cabb28-ee73-4644-a2fd-fc84d903f06f,82054fb1-d12a-43fb-ab15-82f5807ad9e6,true,
c1cabb28-ee73-4644-a2fd-fc84d903f06f,501a2a86-dc09-4452-aca1-eaa6241d0663,true,
c1cabb28-ee73-4644-a2fd-fc84d903f06f,7d82350c-33f7-43d7-9a45-57970ecfa080,true,
c1cabb28-ee73-4644-a2fd-fc84d903f06f,c1198d32-ad14-4d17-80bc-3963c396b2ee,true,
c1cabb28-ee73-4644-a2fd-fc84d903f06f,902db5ca-e575-4753-9390-b3bfa88b0753,true,
c1cabb28-ee73-4644-a2fd-fc84d903f06f,4c29b789-1f46-44fc-8c75-994f072f284f,true,
c1cabb28-ee73-4644-a2fd-fc84d903f06f,beb5c720-0627-4c16-b20b-8356032023e7,true,
c1cabb28-ee73-4644-a2fd-fc84d903f06f,fa28d2e3-cda4-4866-bc1e-d6f7e654c6b6,true,
c1cabb28-ee73-4644-a2fd-fc84d903f06f,6cada66a-a886-44b2-8bb9-8ae7106a1ffd,true,
c1cabb28-ee73-4644-a2fd-fc84d903f06f,8fcab247-b21c-461e-a295-dcf50f1e76cd,true,
c1cabb28-ee73-4644-a2fd-fc84d903f06f,b510696d-5c4b-485b-8a01-1871a2ef2d92,true,
c1cabb28-ee73-4644-a2fd-fc84d903f06f,59f6ebfd-88b7-4e3f-bc10-18fc3808500b,true,
c1cabb28-ee73-4644-a2fd-fc84d903f06f,20ea293f-f6f2-4203-9e45-222e78d97144,true,
c1cabb28-ee73-4644-a2fd-fc84d903f06f,e6bfaec9-7575-4f28-8cdc-0d7327d0c4a0,true,
c1cabb28-ee73-4644-a2fd-fc84d903f06f,4c8984ff-4e91-4d48-a1ae-b3d27a51935b,true,
c1cabb28-ee73-4644-a2fd-fc84d903f06f,8f164927-498f-4e45-bf7a-3425120e8668,true,
c1cabb28-ee73-4644-a2fd-fc84d903f06f,be9734ea-8aa8-41a3-94cf-92f0e4d75a1f,true,
c1cabb28-ee73-4644-a2fd-fc84d903f06f,0230d6d6-3b02-49e4-aa4d-3b2f27019496,true,
c1cabb28-ee73-4644-a2fd-fc84d903f06f,c737d686-beab-4495-90e8-8d855d8cddb4,true,
c1cabb28-ee73-4644-a2fd-fc84d903f06f,417720a7-f22a-4222-88ee-0379190f2298,true,
c1cabb28-ee73-4644-a2fd-fc84d903f06f,33c36515-0c25-4685-9769-bc269181d983,true,
c1cabb28-ee73-4644-a2fd-fc84d903f06f,04f7ba6c-d24d-4426-b1a2-9c1d5c933867,true,
c1cabb28-ee73-4644-a2fd-fc84d903f06f,9b2a1fc0-2ad4-4011-b8dc-739cfef9a1b6,true,
c1cabb28-ee73-4644-a2fd-fc84d903f06f,18f919a7-b834-47be-a284-999fc3dd8391,true,
c1cabb28-ee73-4644-a2fd-fc84d903f06f,e2b41425-a936-4f0e-bb56-8475167a8508,true,
c1cabb28-ee73-4644-a2fd-fc84d903f06f,9c05a7e7-de98-4092-bd5a-0ad7d1d7a678,true,
c1cabb28-ee73-4644-a2fd-fc84d903f06f,cbdfd2db-c44f-484f-a012-d8d88d50861f,true,
c1cabb28-ee73-4644-a2fd-fc84d903f06f,0edba298-4300-45e9-a4fb-0ddc47b99fc0,true,
c1cabb28-ee73-4644-a2fd-fc84d903f06f,7dac0b47-03f8-480f-9996-819be05dff04,true,
c1cabb28-ee73-4644-a2fd-fc84d903f06f,bc42038c-d666-47bb-97c5-67646e5267f0,true,
c1cabb28-ee73-4644-a2fd-fc84d903f06f,e7d01ccf-862c-4ad4-be04-13c64942f286,true,
c1cabb28-ee73-4644-a2fd-fc84d903f06f,d3936c88-07a4-4d89-9795-8b3ea912f4e5,true,
c1cabb28-ee73-4644-a2fd-fc84d903f06f,3f4fa06b-ef32-4329-95a4-481c1bdd4789,true,
c1cabb28-ee73-4644-a2fd-fc84d903f06f,40b27664-81bc-4c1a-a25a-43c0e248ea10,true,
c1cabb28-ee73-4644-a2fd-fc84d903f06f,b30b80f3-8bf0-4de4-9403-87ec94f4d6bb,true,
c1cabb28-ee73-4644-a2fd-fc84d903f06f,c844b175-39e6-4291-89a2-499c87f5ce10,true,
c1cabb28-ee73-4644-a2fd-fc84d903f06f,2653b2cb-dcb5-4d28-aa98-a31d5394b03e,true,
c1cabb28-ee73-4644-a2fd-fc84d903f06f,99c76ace-4875-4d2c-89a1-fddbf312cf6f,true,
c1cabb28-ee73-4644-a2fd-fc84d903f06f,617cf1cc-375f-4189-9b37-f99dc7d4c5cc,true,
c1cabb28-ee73-4644-a2fd-fc84d903f06f,bc927b68-56d3-4acf-ae36-a6e788ea71bb,true,
c1cabb28-ee73-4644-a2fd-fc84d903f06f,60ceb838-c8ef-490d-9983-110bfa272628,true,
c1cabb28-ee73-4644-a2fd-fc84d903f06f,9fadac5b-8206-4c73-9afe-6e3adef64ab7,true,
c1cabb28-ee73-4644-a2fd-fc84d903f06f,cd687cc1-0670-4ae0-9645-0f39a6142f99,true,
c1cabb28-ee73-4644-a2fd-fc84d903f06f,1b3283bf-f39b-46aa-83f0-7db86cd52d27,true,
c1cabb28-ee73-4644-a2fd-fc84d903f06f,e3614ad4-3b80-430a-8a98-f402f93d3fed,true,
c1cabb28-ee73-4644-a2fd-fc84d903f06f,e5c5aac9-c105-479a-a3d0-d760bb3cf6af,true,
c1cabb28-ee73-4644-a2fd-fc84d903f06f,464c57f2-dfc3-4aff-9ab0-60f4691dfe36,true,
c1cabb28-ee73-4644-a2fd-fc84d903f06f,a664d1b6-7a7a-4782-bdef-085679dfeb01,true,
c1cabb28-ee73-4644-a2fd-fc84d903f06f,3cc4e439-9cdb-4442-a338-68b68de67c59,true,
c1cabb28-ee73-4644-a2fd-fc84d903f06f,e1e95bbf-160d-4b04-8a3f-ecce73be8508,true,
c1cabb28-ee73-4644-a2fd-fc84d903f06f,76eb4671-a752-42a2-95f1-fa6481b676f5,true,
c1cabb28-ee73-4644-a2fd-fc84d903f06f,49a9c5e4-354d-43f1-b7b6-3d82ea2765e8,true,
c1cabb28-ee73-4644-a2fd-fc84d903f06f,e94d7e85-bb4f-45cc-bf7e-806306d7cb40,true,
c1cabb28-ee73-4644-a2fd-fc84d903f06f,8cca624f-1d5e-47c5-9298-dc24af65213e,true,
c1cabb28-ee73-4644-a2fd-fc84d903f06f,4572ba22-332c-4f77-ba75-06de8537397e,true,
c1cabb28-ee73-4644-a2fd-fc84d903f06f,a29ef35b-0436-4d79-a109-be61e1331333,true,
c1cabb28-ee73-4644-a2fd-fc84d903f06f,9696e15e-45e2-4179-a7b8-85d5a99d2f26,true,
c1cabb28-ee73-4644-a2fd-fc84d903f06f,af0de7c9-fe48-4010-bd7e-f140b72ccc4e,true,
c1cabb28-ee73-4644-a2fd-fc84d903f06f,6d125df6-ab5c-448d-9bb6-20dac9169709,true,
c1cabb28-ee73-4644-a2fd-fc84d903f06f,035071a9-4356-4cb7-a8ff-5dc4e6b2d7ad,true,
c1cabb28-ee73-4644-a2fd-fc84d903f06f,679fcb8a-5fa6-4507-932a-8ee49296cd90,true,
c1cabb28-ee73-4644-a2fd-fc84d903f06f,50f08c8e-edf4-4569-8e86-5f5a09827676,true,
93be017f-7f6c-4b26-81b0-8b93edb6e16a,0e0ae6a2-668b-4fe7-a2ce-97a85beae2ea,true,
93be017f-7f6c-4b26-81b0-8b93edb6e16a,96bdef82-bd9e-4b86-b736-9a3ff1a8823c,true,
93be017f-7f6c-4b26-81b0-8b93edb6e16a,7fcbd56e-e6af-4e3d-9224-2f3cec589eae,false,[NO_5XX] Unexpected 5XX response: 501
93be017f-7f6c-4b26-81b0-8b93edb6e16a,b607d94e-0411-4503-9ec1-36c6a3cd774b,true,
93be017f-7f6c-4b26-81b0-8b93edb6e16a,34c18ab0-231c-4874-b409-d04326aa4a6a,true,
93be017f-7f6c-4b26-81b0-8b93edb6e16a,29d82568-1623-46da-836c-376ea1191050,true,
93be017f-7f6c-4b26-81b0-8b93edb6e16a,8e2e17c9-859f-4369-a5a0-d0e2cf615bec,true,
93be017f-7f6c-4b26-81b0-8b93edb6e16a,e408b418-904b-47bf-ae26-a3d71e321222,true,
93be017f-7f6c-4b26-81b0-8b93edb6e16a,b180cece-e2ca-4dda-b656-1cc69c801d2a,true,
93be017f-7f6c-4b26-81b0-8b93edb6e16a,bdb1d9cc-e763-4914-97d9-ad6322124c51,true,
93be017f-7f6c-4b26-81b0-8b93edb6e16a,7dbf6dd4-74df-455f-9e04-e97164fdd3a5,true,
93be017f-7f6c-4b26-81b0-8b93edb6e16a,e209bfaf-a3f7-45aa-95d4-c88ba7fe1d8f,true,
93be017f-7f6c-4b26-81b0-8b93edb6e16a,2096e13c-fea5-4889-a3cc-f5a3ce7ab718,true,
93be017f-7f6c-4b26-81b0-8b93edb6e16a,71e8b8d4-2354-4514-8708-3911aaa7a13e,true,
93be017f-7f6c-4b26-81b0-8b93edb6e16a,cf70d767-3f09-4ddc-ab0a-7f38718db69f,true,
93be017f-7f6c-4b26-81b0-8b93edb6e16a,7f095f9e-0702-412e-865f-d5563fceecaf,true,
93be017f-7f6c-4b26-81b0-8b93edb6e16a,59108413-798a-4e66-9926-1e0a904560e7,true,
93be017f-7f6c-4b26-81b0-8b93edb6e16a,d3feb88e-4f3d-477b-8fea-aebef40458e2,true,
93be017f-7f6c-4b26-81b0-8b93edb6e16a,7fab3e98-2722-4de1-880a-3471e1deeec0,true,
93be017f-7f6c-4b26-81b0-8b93edb6e16a,722b037b-980e-4d83-9f05-929d4df1cacc,true,
93be017f-7f6c-4b26-81b0-8b93edb6e16a,4aeec9d5-4dff-4a9d-9dd9-772e96b7e670,true,
93be017f-7f6c-4b26-81b0-8b93edb6e16a,c9b81fea-f51c-4ffb-bac2-a02d4eca5026,true,
93be017f-7f6c-4b26-81b0-8b93edb6e16a,625e6cb1-3f06-404e-85c6-b7b8faa88db2,true,
93be017f-7f6c-4b26-81b0-8b93edb6e16a,03005bcd-39b9-43b7-ba96-2c3c52c46ba2,true,
93be017f-7f6c-4b26-81b0-8b93edb6e16a,4e123dd7-f13e-44c8-b9bb-3058ec25fa27,true,
93be017f-7f6c-4b26-81b0-8b93edb6e16a,32026d8e-7b79-4c67-a5c3-3d79289cdab9,true,
93be017f-7f6c-4b26-81b0-8b93edb6e16a,3be87dc9-9544-41db-b21f-65695ad3133c,true,
93be017f-7f6c-4b26-81b0-8b93edb6e16a,df0ac461-caab-4840-bb4e-437376bea68c,true,
93be017f-7f6c-4b26-81b0-8b93edb6e16a,a3c67c9a-b15e-488d-986e-d0b7c8d746e1,true,
93be017f-7f6c-4b26-81b0-8b93edb6e16a,8cb81562-8abc-4854-849a-82961047e3a5,true,
93be017f-7f6c-4b26-81b0-8b93edb6e16a,1ff78496-6a03-4f1c-beb3-ef844e7386f5,true,
93be017f-7f6c-4b26-81b0-8b93edb6e16a,9b656530-90af-4c4b-957a-f29cfc9d8f87,true,
93be017f-7f6c-4b26-81b0-8b93edb6e16a,d4b1049f-3082-4242-bed2-36e59502254e,true,
93be017f-7f6c-4b26-81b0-8b93edb6e16a,44f698f5-5621-4c97-8b47-8473907235d3,true,
93be017f-7f6c-4b26-81b0-8b93edb6e16a,ce03e688-f23b-41d4-b1b7-60f3f7dd2268,true,
93be017f-7f6c-4b26-81b0-8b93edb6e16a,1b6a4861-2261-435b-86ae-b51da5be2570,true,
93be017f-7f6c-4b26-81b0-8b93edb6e16a,43742d2b-76d5-42ce-9e72-c69281840249,true,
93be017f-7f6c-4b26-81b0-8b93edb6e16a,c8e3288a-c8e5-4b4e-8afa-ecda928ca8cb,true,
93be017f-7f6c-4b26-81b0-8b93edb6e16a,41cdb5f7-2814-4a83-ab8b-84bdeb0fc396,true,
93be017f-7f6c-4b26-81b0-8b93edb6e16a,7b759264-1e27-4ce3-a3b4-e6a071177467,true,
93be017f-7f6c-4b26-81b0-8b93edb6e16a,71477c0a-7a01-4584-8110-43fac80475b3,true,
93be017f-7f6c-4b26-81b0-8b93edb6e16a,b0959348-85da-44c7-859f-05cd669ffb14,true,
93be017f-7f6c-4b26-81b0-8b93edb6e16a,5bd49101-fa62-49a5-a992-f1eaba77f008,true,
93be017f-7f6c-4b26-81b0-8b93edb6e16a,60539842-cd5b-4c83-8cb0-e6464cc832fc,true,
93be017f-7f6c-4b26-81b0-8b93edb6e16a,85b35332-48a3-4584-8f53-5c03e2c7d4e5,true,
93be017f-7f6c-4b26-81b0-8b93edb6e16a,f5b2df4b-593c-43f3-943e-76c0d4481e8d,true,
93be017f-7f6c-4b26-81b0-8b93edb6e16a,b189b2a5-c044-406f-be8b-e1383c8703a9,true,
93be017f-7f6c-4b26-81b0-8b93edb6e16a,5c5e5d78-c099-4db5-9d40-58d25583d4be,true,
93be017f-7f6c-4b26-81b0-8b93edb6e16a,068c0eb7-64f8-497f-8083-f87c8c68e1d4,true,
93be017f-7f6c-4b26-81b0-8b93edb6e16a,d77ea5b3-d66d-43c7-addc-3739a2b6c323,true,
93be017f-7f6c-4b26-81b0-8b93edb6e16a,acc215eb-f449-45cc-acb8-f5f61aa16b2b,true,
93be017f-7f6c-4b26-81b0-8b93edb6e16a,460badae-0816-445a-a7ff-a857ff5eb5c8,true,
93be017f-7f6c-4b26-81b0-8b93edb6e16a,75718bbb-fc3a-49ff-b38c-157be8775dfc,true,
93be017f-7f6c-4b26-81b0-8b93edb6e16a,b620d844-3d62-478c-be4f-cfd3166ac707,true,
93be017f-7f6c-4b26-81b0-8b93edb6e16a,40f38d02-07ed-4c51-9696-9d3da4cf94db,true,
93be017f-7f6c-4b26-81b0-8b93edb6e16a,f4b8490c-c14c-4fe8-b52e-b1044a473b4a,true,
93be017f-7f6c-4b26-81b0-8b93edb6e16a,a76bcf0e-48c2-4a3c-befa-8fb772cb6ad7,true,
93be017f-7f6c-4b26-81b0-8b93edb6e16a,557395d4-1bd9-439b-b1ef-8cb8e88b85f6,true,
93be017f-7f6c-4b26-81b0-8b93edb6e16a,efae68cf-271a-4ed4-9959-8fba0ee1f48c,true,
93be017f-7f6c-4b26-81b0-8b93edb6e16a,1138edfe-bb8e-44f5-b36a-0a535cb405b9,true,
93be017f-7f6c-4b26-81b0-8b93edb6e16a,166f0862-f329-49aa-a5a0-23d2f02f70d8,true,
93be017f-7f6c-4b26-81b0-8b93edb6e16a,c9b9eca6-416e-49d9-90c2-cd715df5e690,true,
93be017f-7f6c-4b26-81b0-8b93edb6e16a,a85da911-2e35-40c4-9455-341c0cbde1b0,true,
93be017f-7f6c-4b26-81b0-8b93edb6e16a,8ebfbde7-159b-4178-b23f-274fc4d721db,true,
93be017f-7f6c-4b26-81b0-8b93edb6e16a,fffdb7b0-0bc7-4841-8f34-b49360b12163,true,
93be017f-7f6c-4b26-81b0-8b93edb6e16a,c04b772c-bd7e-4b50-a9a4-d5128bb4970f,true,
93be017f-7f6c-4b26-81b0-8b93edb6e16a,0049cc91-43d1-40ab-93ea-dd76c736b2b5,true,
93be017f-7f6c-4b26-81b0-8b93edb6e16a,fa0846df-76cb-446c-94c2-2b79aca68ee5,true,
93be017f-7f6c-4b26-81b0-8b93edb6e16a,fb33951e-d2a6-4f35-a7c0-b3eaf0c39fb7,true,
93be017f-7f6c-4b26-81b0-8b93edb6e16a,a5325ea9-7d41-4b47-91d1-aaab3cdafc69,true,
93be017f-7f6c-4b26-81b0-8b93edb6e16a,bd0bcd71-fb44-4671-bddf-a49da6b2f185,true,
93be017f-7f6c-4b26-81b0-8b93edb6e16a,a3d1936b-9d00-4c81-96d8-4c94561c2e75,true,
93be017f-7f6c-4b26-81b0-8b93edb6e16a,e5ccd3ed-28d4-4343-87ce-8bb3ff223267,true,
93be017f-7f6c-4b26-81b0-8b93edb6e16a,403d4846-2bac-4270-ab59-52743ae8cc07,true,
93be017f-7f6c-4b26-81b0-8b93edb6e16a,7232262c-0f10-4310-bab5-073f0e62c68c,true,
93be017f-7f6c-4b26-81b0-8b93edb6e16a,fa61ccba-38f1-4fc9-a704-0e15abbb3462,true,
93be017f-7f6c-4b26-81b0-8b93edb6e16a,ce604d42-91c2-4f6b-b8f5-886411e7fd5c,true,
93be017f-7f6c-4b26-81b0-8b93edb6e16a,8f500c5f-e6aa-4805-a092-da0c4cc95d48,true,
93be017f-7f6c-4b26-81b0-8b93edb6e16a,c10958de-636f-44c2-baca-78616a3cc0a4,true,
93be017f-7f6c-4b26-81b0-8b93edb6e16a,c3e0b3f9-a439-4d0d-acf3-ef1f3b14c65b,true,
93be017f-7f6c-4b26-81b0-8b93edb6e16a,53df5987-1e94-46b3-ac3f-5dec12bd9343,true,
93be017f-7f6c-4b26-81b0-8b93edb6e16a,04e6dc5e-bd7a-4295-bd93-46993ab679aa,true,
93be017f-7f6c-4b26-81b0-8b93edb6e16a,88cf52a9-2076-4b0b-9ec3-2d27a530bbce,true,
93be017f-7f6c-4b26-81b0-8b93edb6e16a,4d71c5d5-a0c3-46d6-931e-2eb766ef028e,true,
93be017f-7f6c-4b26-81b0-8b93edb6e16a,38c6ca10-284b-432b-9f71-f06cc9a2da24,true,
93be017f-7f6c-4b26-81b0-8b93edb6e16a,da652d32-4861-491a-b8c3-d125972d7190,true,
93be017f-7f6c-4b26-81b0-8b93edb6e16a,98d977c9-225c-497f-ad6e-f9d2fedf4c25,true,
93be017f-7f6c-4b26-81b0-8b93edb6e16a,6d19a6ff-78d4-4e6b-a236-9beba0970c9b,true,
93be017f-7f6c-4b26-81b0-8b93edb6e16a,e0958139-ad71-42ad-914d-f0589d0a24d8,true,
93be017f-7f6c-4b26-81b0-8b93edb6e16a,f5e1d3c3-a1b3-4778-87fd-a08fbdf71d85,true,
93be017f-7f6c-4b26-81b0-8b93edb6e16a,a5f73cb8-2c7b-445e-bada-ac15acd67f94,true,
93be017f-7f6c-4b26-81b0-8b93edb6e16a,5b87d3b5-287b-4311-b4b8-8e540cc95fa4,true,
93be017f-7f6c-4b26-81b0-8b93edb6e16a,d8fd9cf8-82cf-45ff-8f04-896182d72743,true,
93be017f-7f6c-4b26-81b0-8b93edb6e16a,68e51bac-c247-4f49-bc1f-bd96b288d6d8,true,
93be017f-7f6c-4b26-81b0-8b93edb6e16a,8de39626-f717-4b63-8734-d21f49e3701a,true,
93be017f-7f6c-4b26-81b0-8b93edb6e16a,10dd170a-4e67-4230-85b6-ea893a093534,true,
93be017f-7f6c-4b26-81b0-8b93edb6e16a,992f912d-d1b1-4a82-a79a-a74c36798a53,true,
93be017f-7f6c-4b26-81b0-8b93edb6e16a,ab0c48b2-1e00-49ce-b791-2a6008f1bf2e,true,
93be017f-7f6c-4b26-81b0-8b93edb6e16a,b7a50008-0bf9-428f-afa7-8a8ff5643cb0,true,
93be017f-7f6c-4b26-81b0-8b93edb6e16a,a67ba2fb-8f4d-4ee7-9525-8ba5f2fcd302,true,
93be017f-7f6c-4b26-81b0-8b93edb6e16a,323146bd-2cd7-416e-969f-6d549d58cb69,true,
93be017f-7f6c-4b26-81b0-8b93edb6e16a,435cf56d-9280-493c-ac60-d3d067a0c3d1,true,
93be017f-7f6c-4b26-81b0-8b93edb6e16a,f080d6ea-96a8-4db0-9759-bb34c7f78e08,true,
93be017f-7f6c-4b26-81b0-8b93edb6e16a,823cdd27-efde-427a-a0ab-7bdbfb8a494a,true,
93be017f-7f6c-4b26-81b0-8b93edb6e16a,74164e95-83cf-413e-94d6-71a4ab5950ea,true,
93be017f-7f6c-4b26-81b0-8b93edb6e16a,f8907ad1-13af-44ae-8956-56dc4a2ffa57,true,
93be017f-7f6c-4b26-81b0-8b93edb6e16a,a96270a9-e439-45bb-8930-1b0ba9b4ad96,true,
93be017f-7f6c-4b26-81b0-8b93edb6e16a,64166d58-e230-4a0f-961e-608703f6f9dd,true,
93be017f-7f6c-4b26-81b0-8b93edb6e16a,f73a7448-f6be-44a4-83be-71eca99a11b4,true,
93be017f-7f6c-4b26-81b0-8b93edb6e16a,63e37649-f972-4eb0-879c-b4c5693d7f79,true,
93be017f-7f6c-4b26-81b0-8b93edb6e16a,590d6cf6-4f3a-4ba4-aa5c-992936b66fb9,true,
93be017f-7f6c-4b26-81b0-8b93edb6e16a,26646b65-ffbe-475a-af63-c0a99ba19bfb,true,
93be017f-7f6c-4b26-81b0-8b93edb6e16a,a01dc265-aa93-430c-949a-966214b95e5b,true,
93be017f-7f6c-4b26-81b0-8b93edb6e16a,22a78d78-0241-4d18-9397-64da48b1f619,true,
93be017f-7f6c-4b26-81b0-8b93edb6e16a,9d531bf2-141a-4336-819a-5e334d2fc88c,true,
93be017f-7f6c-4b26-81b0-8b93edb6e16a,60ea18c6-6a6e-43ba-9651-724be5354a3f,true,
93be017f-7f6c-4b26-81b0-8b93edb6e16a,7afcb864-9f66-4cba-9d67-35df71f533a0,true,
93be017f-7f6c-4b26-81b0-8b93edb6e16a,a29cfa39-0b63-4177-8531-ffa34ebe00be,true,
93be017f-7f6c-4b26-81b0-8b93edb6e16a,2159d4e5-db3a-4353-96f3-4519727ff9ed,true,
93be017f-7f6c-4b26-81b0-8b93edb6e16a,3183ff21-101e-4578-a1f1-05c16d2e3630,true,
93be017f-7f6c-4b26-81b0-8b93edb6e16a,68c0f740-c8f2-4129-b195-3ff87253e63f,true,
93be017f-7f6c-4b26-81b0-8b93edb6e16a,d0d619f5-c664-41e8-8680-90d447135f76,true,
93be017f-7f6c-4b26-81b0-8b93edb6e16a,75deffbd-f071-43da-82f3-01488e75ba22,true,
93be017f-7f6c-4b26-81b0-8b93edb6e16a,b00f070b-9624-4b60-9898-e83d75424e42,true,
93be017f-7f6c-4b26-81b0-8b93edb6e16a,961f5039-46b2-47f0-b6ce-5520a92f1a7e,true,
93be017f-7f6c-4b26-81b0-8b93edb6e16a,c964f6ec-48c6-4d72-9fec-4cefd729e3a8,true,
93be017f-7f6c-4b26-81b0-8b93edb6e16a,e719a67a-e046-45dc-8b9e-1dace8c03f21,true,
93be017f-7f6c-4b26-81b0-8b93edb6e16a,f5f2c163-b020-443c-b7af-d03d108a50ac,true,
93be017f-7f6c-4b26-81b0-8b93edb6e16a,15cef081-b4fb-4f3d-8f4d-2e7796d19729,true,
93be017f-7f6c-4b26-81b0-8b93edb6e16a,cf3c0d48-7d13-40cc-bb5d-95feeccf01e0,true,
93be017f-7f6c-4b26-81b0-8b93edb6e16a,c59466a1-020f-490b-a98b-54655db60bc4,true,
93be017f-7f6c-4b26-81b0-8b93edb6e16a,5b5bd7ec-3bea-4ea0-a424-28a3fdb99703,true,
93be017f-7f6c-4b26-81b0-8b93edb6e16a,8378a4eb-8502-400f-ad0b-6d1445d8a13b,true,
93be017f-7f6c-4b26-81b0-8b93edb6e16a,bfa94a9d-0d1d-45c2-aa2f-51a627e46886,true,
93be017f-7f6c-4b26-81b0-8b93edb6e16a,a813e208-aacb-4e9a-9b51-c91b384510d2,true,
93be017f-7f6c-4b26-81b0-8b93edb6e16a,1eb30a7d-4aa3-4a4a-914f-61aa37d0c59d,true,
93be017f-7f6c-4b26-81b0-8b93edb6e16a,acb9593d-1453-4525-bd25-bd3d4fa699c0,true,
93be017f-7f6c-4b26-81b0-8b93edb6e16a,f7dc5344-c2fb-4309-8a43-0fb209e68fdd,true,
93be017f-7f6c-4b26-81b0-8b93edb6e16a,dbbc9e83-272f-4737-be45-ef789c7891a6,true,
93be017f-7f6c-4b26-81b0-8b93edb6e16a,3810ec3d-76a9-4c82-b723-92358faa21cc,true,
93be017f-7f6c-4b26-81b0-8b93edb6e16a,20df52ea-9c10-4999-a370-64a5b3584a8d,true,
93be017f-7f6c-4b26-81b0-8b93edb6e16a,52a5597c-36ad-434b-9589-684c94ab1d4f,true,
93be017f-7f6c-4b26-81b0-8b93edb6e16a,a540cc25-18f6-47b1-b19b-40fef4614e9e,true,
93be017f-7f6c-4b26-81b0-8b93edb6e16a,cc039832-9e32-4886-ab88-4050a6e2e430,true,
93be017f-7f6c-4b26-81b0-8b93edb6e16a,d5a7a395-3dbc-41d6-9688-e8b8f74a526b,true,
93be017f-7f6c-4b26-81b0-8b93edb6e16a,af932326-3e19-4383-84d2-5fba52108102,true,
93be017f-7f6c-4b26-81b0-8b93edb6e16a,c3c0d50c-7b45-4b92-9d80-33106488b2cb,true,
93be017f-7f6c-4b26-81b0-8b93edb6e16a,9457566d-cfd7-47a5-a9fc-5d5ee067a0b2,true,
93be017f-7f6c-4b26-81b0-8b93edb6e16a,9b0711e8-f0e1-45d3-bffe-e4002aef2acb,true,
93be017f-7f6c-4b26-81b0-8b93edb6e16a,3fadb15d-b0c4-472c-bb07-c4309b6f1d7c,true,
93be017f-7f6c-4b26-81b0-8b93edb6e16a,1c31447c-55e0-4386-bfaf-f08774dd5299,true,
93be017f-7f6c-4b26-81b0-8b93edb6e16a,a95a22f0-7967-4ff5-a369-907207535c73,true,
93be017f-7f6c-4b26-81b0-8b93edb6e16a,63e9edb6-09c5-4fd5-bfb5-91750919e80d,true,
93be017f-7f6c-4b26-81b0-8b93edb6e16a,6bca730c-1066-4119-a9a9-9720e58d6dbf,true,
93be017f-7f6c-4b26-81b0-8b93edb6e16a,bc49a2b3-bfb8-4fb6-abc7-0be2133fa15c,true,
93be017f-7f6c-4b26-81b0-8b93edb6e16a,96d55d46-1a78-43ea-bf4d-9b0cf4c6f530,true,
93be017f-7f6c-4b26-81b0-8b93edb6e16a,23fe8499-a40a-4882-8f3e-e50e54a5a55f,true,
93be017f-7f6c-4b26-81b0-8b93edb6e16a,19cd862e-184a-42f1-8615-2392366910ca,true,
93be017f-7f6c-4b26-81b0-8b93edb6e16a,5972bfe3-569c-46ca-886c-6235b6ca7a84,true,
93be017f-7f6c-4b26-81b0-8b93edb6e16a,c258f5d4-a90e-48b0-baca-099c620fad1e,true,
93be017f-7f6c-4b26-81b0-8b93edb6e16a,043f3ac8-f7a1-420a-bad3-3246da07da24,true,
93be017f-7f6c-4b26-81b0-8b93edb6e16a,436fc3ec-963c-42ca-b6c3-8b4478afc90a,true,
93be017f-7f6c-4b26-81b0-8b93edb6e16a,0684281f-5193-4e09-85ff-7c389d95aac2,true,
93be017f-7f6c-4b26-81b0-8b93edb6e16a,6e1e64a3-f5b0-4e66-be74-260499aea570,true,
93be017f-7f6c-4b26-81b0-8b93edb6e16a,0d18d6e4-4915-4349-9703-655f8d178e10,true,
93be017f-7f6c-4b26-81b0-8b93edb6e16a,ca4bf4e5-e0ff-442a-94a8-f9358160f14b,true,
93be017f-7f6c-4b26-81b0-8b93edb6e16a,0ce9ffc2-8b17-4a27-b1f3-2b7a026975c0,true,
93be017f-7f6c-4b26-81b0-8b93edb6e16a,62b4ea2b-4e8e-423c-8d3e-5d21758b0e70,true,
93be017f-7f6c-4b26-81b0-8b93edb6e16a,e34eb108-3fbf-4289-a117-c38e1ccc5d35,true,
93be017f-7f6c-4b26-81b0-8b93edb6e16a,50ce86e7-659a-4c31-8194-fadf95450942,true,
93be017f-7f6c-4b26-81b0-8b93edb6e16a,a14170ad-2ae3-4569-a02a-50537e113b2c,true,
93be017f-7f6c-4b26-81b0-8b93edb6e16a,f2dce044-2d6a-4d9b-beca-8b89585a97e2,true,
93be017f-7f6c-4b26-81b0-8b93edb6e16a,89601311-68ba-4f6b-ab20-0cc5338b5bc3,true,
93be017f-7f6c-4b26-81b0-8b93edb6e16a,35601661-9288-4b4c-b420-33d0e4b72397,true,
93be017f-7f6c-4b26-81b0-8b93edb6e16a,f0e2ca02-2969-43d4-bf71-32a5975ae444,true,
93be017f-7f6c-4b26-81b0-8b93edb6e16a,c42a9306-7bf2-4698-ab14-94ff839be5ac,true,
93be017f-7f6c-4b26-81b0-8b93edb6e16a,1b091200-50b5-4769-bc35-08fd0895c113,true,
93be017f-7f6c-4b26-81b0-8b93edb6e16a,478a19a7-1c59-4295-9028-5c0e4cb51675,true,
93be017f-7f6c-4b26-81b0-8b93edb6e16a,a672656d-d361-4cc6-bd44-149b8891edf6,true,
93be017f-7f6c-4b26-81b0-8b93edb6e16a,e01e45e0-9794-4fe6-a9f9-277725dcff94,true,
93be017f-7f6c-4b26-81b0-8b93edb6e16a,9eec63e4-0968-44f5-a1e3-dc93ebef9c2e,true,
93be017f-7f6c-4b26-81b0-8b93edb6e16a,ab475da1-b925-49c4-9b43-dfb3681e314c,true,
93be017f-7f6c-4b26-81b0-8b93edb6e16a,f6f23531-7f8f-4149-8e7a-5a8848d9eadd,true,
93be017f-7f6c-4b26-81b0-8b93edb6e16a,31220d05-07a6-485a-a637-2efb8120f919,true,
93be017f-7f6c-4b26-81b0-8b93edb6e16a,92f099bc-d551-4a8c-a375-017d19fdfaba,true,
93be017f-7f6c-4b26-81b0-8b93edb6e16a,eefa1119-4252-41d0-87c6-72acae5feaa0,true,
93be017f-7f6c-4b26-81b0-8b93edb6e16a,892b62c0-d039-4603-8e31-41cc4d154c14,true,
93be017f-7f6c-4b26-81b0-8b93edb6e16a,d1ce9323-04c9-4bb8-8459-2cad92962cd1,true,
93be017f-7f6c-4b26-81b0-8b93edb6e16a,51ab5943-5e44-4053-8037-90e0231f7661,true,
93be017f-7f6c-4b26-81b0-8b93edb6e16a,70c5d496-cc28-4bdf-935b-05c08012e191,true,
93be017f-7f6c-4b26-81b0-8b93edb6e16a,00f1fa0b-6ee7-4dcd-a7c7-310e328cce4a,true,
93be017f-7f6c-4b26-81b0-8b93edb6e16a,d053c3d2-a1d4-4602-834a-b3d49d48b2ca,true,
93be017f-7f6c-4b26-81b0-8b93edb6e16a,3066a637-5487-4817-bb0b-0d97a1f03e50,true,
93be017f-7f6c-4b26-81b0-8b93edb6e16a,0897705e-f240-412f-afc8-8a6e1f55cbdf,true,
93be017f-7f6c-4b26-81b0-8b93edb6e16a,14bae3fd-c24e-47de-9477-484dde3b98c8,true,
93be017f-7f6c-4b26-81b0-8b93edb6e16a,7627c432-70e5-4abe-aff5-3d4108512552,true,
93be017f-7f6c-4b26-81b0-8b93edb6e16a,1cf7e955-b989-4edb-abb1-52c30cf86290,true,
93be017f-7f6c-4b26-81b0-8b93edb6e16a,c62f3bd5-f467-442e-b775-0a16eed11ddd,true,
93be017f-7f6c-4b26-81b0-8b93edb6e16a,01a86310-9198-48b3-b3e6-1e5079cf4f7d,true,
93be017f-7f6c-4b26-81b0-8b93edb6e16a,da01fe50-da7d-4089-95a7-ae4943ba00ff,true,
93be017f-7f6c-4b26-81b0-8b93edb6e16a,eeddba74-18f0-4a2a-8f52-04a79cb41f01,true,
93be017f-7f6c-4b26-81b0-8b93edb6e16a,8c5a1f83-b5e8-4f29-a4de-67530b9328a9,true,
93be017f-7f6c-4b26-81b0-8b93edb6e16a,d522e032-f7de-48d4-b406-a3be80795d36,true,
93be017f-7f6c-4b26-81b0-8b93edb6e16a,23769af4-cff3-41f8-bf1f-2be9c64cb8be,true,
93be017f-7f6c-4b26-81b0-8b93edb6e16a,a6462ec8-29a8-4448-9314-849595bbfd70,true,
93be017f-7f6c-4b26-81b0-8b93edb6e16a,03c64213-5fc2-4cb7-9432-3a7d30d52269,true,
93be017f-7f6c-4b26-81b0-8b93edb6e16a,07291348-ba3f-4d35-a297-04fe1d52a927,true,
93be017f-7f6c-4b26-81b0-8b93edb6e16a,3c36d55a-7320-4378-914c-e582757095c1,true,
93be017f-7f6c-4b26-81b0-8b93edb6e16a,5c00c0bc-413f-4c0d-b46a-c63dc6533283,true,
93be017f-7f6c-4b26-81b0-8b93edb6e16a,50ba0e6b-8c74-4164-8784-5de458af6249,true,
93be017f-7f6c-4b26-81b0-8b93edb6e16a,1aa2db8a-6a2e-42d0-85c2-2a8b7294f31d,true,
93be017f-7f6c-4b26-81b0-8b93edb6e16a,cfe79be8-b537-489a-a991-469d8a8ed788,true,
93be017f-7f6c-4b26-81b0-8b93edb6e16a,2c7e4bcd-ce56-4423-9afe-33e0904b02fb,true,
93be017f-7f6c-4b26-81b0-8b93edb6e16a,b31ac553-70f1-4e22-8484-95366ff4331a,true,
93be017f-7f6c-4b26-81b0-8b93edb6e16a,ab19cbd1-46ad-42e9-ba6a-5f98e0e494d2,true,
93be017f-7f6c-4b26-81b0-8b93edb6e16a,64891694-aafe-4cf5-a88f-238186ee379e,true,
93be017f-7f6c-4b26-81b0-8b93edb6e16a,e932bb69-c0d5-4fc1-9f23-aeb03c1182b8,true,
93be017f-7f6c-4b26-81b0-8b93edb6e16a,9cc59cd2-35ee-4beb-b88d-3e0359a347bc,true,
93be017f-7f6c-4b26-81b0-8b93edb6e16a,8b16f852-78f9-4a1b-92a8-4662ac0b053c,true,
93be017f-7f6c-4b26-81b0-8b93edb6e16a,973f9aa1-d455-40fe-9c1c-076c985a4635,true,
93be017f-7f6c-4b26-81b0-8b93edb6e16a,1ec1c859-f7cf-4edc-84b1-6d2b44171844,true,
93be017f-7f6c-4b26-81b0-8b93edb6e16a,014087e6-c8e3-4481-9fd6-26484acc7f49,true,
93be017f-7f6c-4b26-81b0-8b93edb6e16a,6c5a0d2d-2a35-4ef4-9c6f-1ce697c10ee3,true,
93be017f-7f6c-4b26-81b0-8b93edb6e16a,8209339a-2e22-4d24-a947-aaf081deaa4d,true,
93be017f-7f6c-4b26-81b0-8b93edb6e16a,dc3ca39b-883a-4890-b403-caa51dd109c1,true,
93be017f-7f6c-4b26-81b0-8b93edb6e16a,7339524e-8cc2-4db0-8f14-2ee8119d7e95,true,
93be017f-7f6c-4b26-81b0-8b93edb6e16a,96bd3017-33d7-4594-9a67-34dde89d8181,true,
93be017f-7f6c-4b26-81b0-8b93edb6e16a,7a8599b5-d2b8-4a35-b365-6f0d28f833e0,true,
93be017f-7f6c-4b26-81b0-8b93edb6e16a,20e2d738-ba55-433f-a9c7-c53c26655a18,true,
93be017f-7f6c-4b26-81b0-8b93edb6e16a,0fba0f8b-42ad-40f5-9872-5bf01f8728aa,true,
93be017f-7f6c-4b26-81b0-8b93edb6e16a,a7977075-7793-4fc3-a4a1-210dcfcd0719,true,
93be017f-7f6c-4b26-81b0-8b93edb6e16a,186ec90e-4e07-4ff0-9c4a-2741d03a6e80,true,
93be017f-7f6c-4b26-81b0-8b93edb6e16a,8bd8b21c-9081-4855-b58a-cb9a5bddd628,true,
93be017f-7f6c-4b26-81b0-8b93edb6e16a,d342d378-63b5-4643-ad5f-656f081f83df,true,
93be017f-7f6c-4b26-81b0-8b93edb6e16a,cfb5e863-a01a-4dbb-b899-41a11f82e57a,true,
93be017f-7f6c-4b26-81b0-8b93edb6e16a,453f18a6-a409-47a8-bf59-c791b1268186,true,
93be017f-7f6c-4b26-81b0-8b93edb6e16a,03eec8d8-172f-4261-8f99-74fd0114d7fb,true,
93be017f-7f6c-4b26-81b0-8b93edb6e16a,4a888139-4569-4f36-8411-142730bec62f,true,
93be017f-7f6c-4b26-81b0-8b93edb6e16a,0665463f-d382-48ae-8dfe-b53155c91861,true,
93be017f-7f6c-4b26-81b0-8b93edb6e16a,0063c36b-f8e7-40f2-ae57-c86ca838a291,true,
93be017f-7f6c-4b26-81b0-8b93edb6e16a,d6b2ac80-48d9-4ca9-bac9-74bb8e4ae41e,true,
93be017f-7f6c-4b26-81b0-8b93edb6e16a,8682b971-c3c7-461e-ba5a-7590119269ff,true,
93be017f-7f6c-4b26-81b0-8b93edb6e16a,a8aeff3c-97ad-4515-b4c1-a1e6a559ec48,true,
93be017f-7f6c-4b26-81b0-8b93edb6e16a,35474562-e816-464b-a7a1-4ecbd320e9d9,true,
d2301779-205b-4805-a1bf-c67df3654489,9d0bc1e3-2565-4229-9d0a-8f872e0bf654,true,
d2301779-205b-4805-a1bf-c67df3654489,8df1bbc9-1530-42be-909c-e670f76efe99,true,
d2301779-205b-4805-a1bf-c67df3654489,a36b078e-da37-4ffe-bfad-10b17efba3a6,false,[NO_5XX] Unexpected 5XX response: 500
d2301779-205b-4805-a1bf-c67df3654489,50eaeb42-8467-49d4-96d4-9620ea641d82,true,
d2301779-205b-4805-a1bf-c67df3654489,68a27232-b34e-4ece-a63e-6ea160f3f5f6,true,
d2301779-205b-4805-a1bf-c67df3654489,1d0663bb-ef45-40da-b67e-940cb2b2b781,true,
d2301779-205b-4805-a1bf-c67df3654489,972beb51-5201-4132-bb08-703cff8a2d4a,true,
d2301779-205b-4805-a1bf-c67df3654489,09727aaf-ada1-48ce-a72a-7399e4fca598,true,
d2301779-205b-4805-a1bf-c67df3654489,158cc459-a232-4470-8759-c6c62aeba0a9,true,
d2301779-205b-4805-a1bf-c67df3654489,0497ebb5-a3cc-4eec-bd11-7f87308063ab,true,
d2301779-205b-4805-a1bf-c67df3654489,1b289210-25a0-44ec-953e-7b99e65e4dd6,true,
d2301779-205b-4805-a1bf-c67df3654489,1e089d00-2db1-4db4-935c-4106458ec5e6,true,
d2301779-205b-4805-a1bf-c67df3654489,7dcc56bf-565f-45ba-affa-1bb54799f789,true,
d2301779-205b-4805-a1bf-c67df3654489,95678f97-937c-492b-931d-bb46e470d410,true,
d2301779-205b-4805-a1bf-c67df3654489,e443d5ee-5622-4fbc-a59e-e056a5825299,true,
d2301779-205b-4805-a1bf-c67df3654489,9fc32476-5bbd-45d8-868c-b6d3b95cf2cd,true,
d2301779-205b-4805-a1bf-c67df3654489,1eb40457-4298-4a85-b9b3-938779a6525d,true,
d2301779-205b-4805-a1bf-c67df3654489,9a1218b7-1b01-4073-ae77-69e9b6170459,true,
d2301779-205b-4805-a1bf-c67df3654489,2551270b-3b19-41ee-a14f-d3d4244a5371,true,
d2301779-205b-4805-a1bf-c67df3654489,16fe9765-c3d8-4bae-9bb8-997051b6b038,true,
d2301779-205b-4805-a1bf-c67df3654489,0041d818-9fa0-4955-9d7a-dbb7239f78c9,true,
d2301779-205b-4805-a1bf-c67df3654489,2300b6c1-9905-4224-a2ec-198638cd7cde,true,
d2301779-205b-4805-a1bf-c67df3654489,d7e5378d-2bb2-46b7-93c7-01bbab403d8b,true,
d2301779-205b-4805-a1bf-c67df3654489,82c98e1e-a5f6-46dc-926f-9a7a581dea60,true,
d2301779-205b-4805-a1bf-c67df3654489,29bf8fd8-f6c4-49a2-baca-f796cf80b4e2,true,
d2301779-205b-4805-a1bf-c67df3654489,08060ee5-1ce0-46f2-b7b8-8b2c14a641ff,true,
d2301779-205b-4805-a1bf-c67df3654489,2389fac1-ed55-461e-884a-b359e659d3bf,true,
d2301779-205b-4805-a1bf-c67df3654489,0c5a6556-f300-443f-9331-618531d2abc4,true,
d2301779-205b-4805-a1bf-c67df3654489,a50b005e-58bf-41b9-a0c4-465108fe76d7,true,
d2301779-205b-4805-a1bf-c67df3654489,51e23f3d-6a5f-4d05-a95d-6cc2cbf0cee0,true,
d2301779-205b-4805-a1bf-c67df3654489,1d6b78db-08ac-4795-a2d1-da9c13aae38c,true,
d2301779-205b-4805-a1bf-c67df3654489,37d90892-cb8b-48eb-b37a-2d6b0fbe981f,true,
d2301779-205b-4805-a1bf-c67df3654489,82f3b71b-df31-46f3-9fd8-76657544e207,true,
d2301779-205b-4805-a1bf-c67df3654489,23045200-98dd-430d-bc1b-ac393104a6b7,true,
d2301779-205b-4805-a1bf-c67df3654489,a5012ab7-ecad-4469-9917-0a53e476bc68,true,
d2301779-205b-4805-a1bf-c67df3654489,1309c65a-11e2-4229-9257-0881278c2a0b,true,
d2301779-205b-4805-a1bf-c67df3654489,52060ead-d9ac-4982-ae15-2087058cb702,true,
d2301779-205b-4805-a1bf-c67df3654489,323e51fc-ef29-41f6-b1a0-20486036df55,true,
d2301779-205b-4805-a1bf-c67df3654489,3af27e69-3b99-4664-8e0c-5168e774e5a6,true,
d2301779-205b-4805-a1bf-c67df3654489,0115f0ee-9a40-44e1-9293-074948193304,true,
d2301779-205b-4805-a1bf-c67df3654489,9c47b97d-7dd8-4577-b73f-77c3801a6bd8,true,
d2301779-205b-4805-a1bf-c67df3654489,915472a2-77bf-4966-8e54-5cc88535ee8f,true,
d2301779-205b-4805-a1bf-c67df3654489,92529a5f-a657-4ee9-af3b-714234cf0a4d,true,
d2301779-205b-4805-a1bf-c67df3654489,254c8f1a-b6a0-47ac-8339-09f3c8fb8935,true,
d2301779-205b-4805-a1bf-c67df3654489,c02ec3a2-39db-4d4a-a490-4e54fbe998ac,true,
d2301779-205b-4805-a1bf-c67df3654489,99c412d4-e41c-4705-ab1f-ade3c820b56c,true,
d2301779-205b-4805-a1bf-c67df3654489,ee734ef5-99da-45b9-a64d-7f9b2ef24e81,true,
d2301779-205b-4805-a1bf-c67df3654489,45411155-9db7-4b8b-8906-e505639695f1,true,
d2301779-205b-4805-a1bf-c67df3654489,e2a80512-6912-4abf-90d3-114168af1b85,true,
d2301779-205b-4805-a1bf-c67df3654489,1f9d128b-179d-40a2-9876-50d7b8d8e6a5,true,
d2301779-205b-4805-a1bf-c67df3654489,7c043631-123e-45c7-83c1-ba8b36dbb01d,true,
d2301779-205b-4805-a1bf-c67df3654489,1350edf5-d8fa-41e3-a49b-c49515473549,true,
d2301779-205b-4805-a1bf-c67df3654489,80cbe3ee-3a8f-47bf-b3da-07d6d1d0f968,true,
d2301779-205b-4805-a1bf-c67df3654489,9d82965c-8a8d-45bd-89a7-12c1ce069779,true,
d2301779-205b-4805-a1bf-c67df3654489,f68a8de1-1afb-45ec-9b12-220486f9a098,true,
d2301779-205b-4805-a1bf-c67df3654489,ca0f4a07-0ff7-4bc5-aafd-446968d12948,true,
d2301779-205b-4805-a1bf-c67df3654489,7e10ec94-5bfd-41b6-878b-0e53471a80ce,true,
d2301779-205b-4805-a1bf-c67df3654489,2340ebc8-f64f-4a9c-98b8-8e86afa0e3d7,true,
d2301779-205b-4805-a1bf-c67df3654489,8746d528-ca60-4086-85c7-42a99b79f4e0,true,
d2301779-205b-4805-a1bf-c67df3654489,7664a14f-057d-40ff-a1f6-56aedea291af,true,
d2301779-205b-4805-a1bf-c67df3654489,3a527366-62f2-4a99-80c3-211a33d9a197,true,
d2301779-205b-4805-a1bf-c67df3654489,a27976c7-e1c0-484a-be9c-0930ea66c676,true,
d2301779-205b-4805-a1bf-c67df3654489,1cf356dc-ef5c-4932-8b42-b9a113d000d8,true,
d2301779-205b-4805-a1bf-c67df3654489,546d5f2a-8fb0-44bc-be2e-cd329246c135,true,
d2301779-205b-4805-a1bf-c67df3654489,9398c2fa-12b6-4ce1-97e0-1622a90aeb6a,true,
d2301779-205b-4805-a1bf-c67df3654489,af027f00-cb89-4fc7-af48-8150a1c65e4f,true,
d2301779-205b-4805-a1bf-c67df3654489,17cc1281-2f17-4088-bd00-0190e54a64e4,true,
d2301779-205b-4805-a1bf-c67df3654489,287dc4e3-227c-41b9-98ee-b5b892e66ccb,true,
d2301779-205b-4805-a1bf-c67df3654489,6ed67292-32e3-421d-8e0d-6e8d3a070bc5,true,
d2301779-205b-4805-a1bf-c67df3654489,66194c60-663c-479d-8616-c109313427ae,true,
d2301779-205b-4805-a1bf-c67df3654489,a4e4c338-38fe-4aa6-9c20-ab669fcd83b6,true,
d2301779-205b-4805-a1bf-c67df3654489,9051a112-27ad-414a-b268-356326ffd346,true,
d2301779-205b-4805-a1bf-c67df3654489,98255ad3-8fa4-4895-9b4f-9368fa66fd2e,true,
d2301779-205b-4805-a1bf-c67df3654489,78c041a4-5f96-493e-bca3-2016b57218ec,true,
d2301779-205b-4805-a1bf-c67df3654489,1789f26b-5236-4ee4-a0cd-0e2c76cbcfa9,true,
d2301779-205b-4805-a1bf-c67df3654489,1f1c425e-ecfa-49db-bb17-cdb9e09bd425,true,
d2301779-205b-4805-a1bf-c67df3654489,4a98e6c4-6659-4726-b8f9-a8b11099ded9,true,
d2301779-205b-4805-a1bf-c67df3654489,77b1fe83-080e-43bd-b198-955a640be89a,true,
d2301779-205b-4805-a1bf-c67df3654489,86fd27e0-252d-4760-927a-e7a54cd73567,true,
d2301779-205b-4805-a1bf-c67df3654489,bfe84241-da8b-4aec-af37-a92740cc4fa6,true,
d2301779-205b-4805-a1bf-c67df3654489,70e956f5-06dc-4659-99ee-de1fe457fb03,true,
d2301779-205b-4805-a1bf-c67df3654489,0a691bce-9f09-41a4-bd05-1ddfc763df65,true,
d2301779-205b-4805-a1bf-c67df3654489,19116de5-ea95-4e11-8f4e-a7017edd4186,true,
d2301779-205b-4805-a1bf-c67df3654489,1464d401-a859-42b6-9f95-1e461d5bcab0,true,
d2301779-205b-4805-a1bf-c67df3654489,cbf47e65-6016-411c-80a0-d165ff506025,true,
d2301779-205b-4805-a1bf-c67df3654489,840b90f8-9ffa-4061-bc3c-994835953623,true,
d2301779-205b-4805-a1bf-c67df3654489,c179a242-e62b-4079-8768-9179b72333a4,true,
d2301779-205b-4805-a1bf-c67df3654489,e9ebf72f-2611-4bfc-a93b-7c388087db07,true,
d2301779-205b-4805-a1bf-c67df3654489,de719d83-f8e8-4dd0-a07c-0e9a3ca1912b,true,
d2301779-205b-4805-a1bf-c67df3654489,a80bf6f3-bb6e-43a0-a0ce-25a30f4d6e9e,true,
d2301779-205b-4805-a1bf-c67df3654489,dd3c5409-0d98-4a71-920f-3d252d13dfaf,true,
d2301779-205b-4805-a1bf-c67df3654489,9127b7e2-ff58-4053-8b60-7c566971a3b4,true,
d2301779-205b-4805-a1bf-c67df3654489,9d3db3f5-3414-4ebb-858b-369b19737b32,true,
d2301779-205b-4805-a1bf-c67df3654489,ee383031-f72b-4df3-886e-3750ed5b56ed,true,
d2301779-205b-4805-a1bf-c67df3654489,8b2bb855-0212-42f8-af45-c93e2ab75ddc,true,
d2301779-205b-4805-a1bf-c67df3654489,1019028e-9a6c-4ca2-bbd1-e63a00b6e82b,true,
d2301779-205b-4805-a1bf-c67df3654489,f2adfcc4-50e0-4b91-b7a6-c2a6536bc277,true,
d2301779-205b-4805-a1bf-c67df3654489,32f9f84d-8887-4483-9e00-2f6c92f6f1eb,true,
d2301779-205b-4805-a1bf-c67df3654489,34dc939f-ad9e-4113-acad-7c02644ec4ac,true,
d2301779-205b-4805-a1bf-c67df3654489,d25316a8-30a7-4cc1-b403-5349e7c30a02,true,
d2301779-205b-4805-a1bf-c67df3654489,86fde192-b3dd-4bb9-83c7-0e47ef89354d,true,
d2301779-205b-4805-a1bf-c67df3654489,e09fbcdb-5ba4-4d05-9190-4661d8582b11,true,
d2301779-205b-4805-a1bf-c67df3654489,70c7547c-d44c-440d-a3d8-752be6da0fbf,true,
d2301779-205b-4805-a1bf-c67df3654489,399d26d7-2498-4264-b4b9-f83bfd1bbeb7,true,
d2301779-205b-4805-a1bf-c67df3654489,73b290b5-40a2-4627-ab3c-eb8b3fd1c37c,true,
d2301779-205b-4805-a1bf-c67df3654489,c066c290-17fe-42c4-a08b-3a15ce4c05e6,true,
d2301779-205b-4805-a1bf-c67df3654489,1d771957-6e25-4ded-a3a5-bfbe1a021953,true,
d2301779-205b-4805-a1bf-c67df3654489,567789bc-4fd7-4b9b-8f3b-d063ff60b306,true,
d2301779-205b-4805-a1bf-c67df3654489,8f5fe9b9-d0e1-4986-8139-c8ca1cb57da9,true,
d2301779-205b-4805-a1bf-c67df3654489,3fd077bf-23a0-4c57-be49-d74ea29158f5,true,
d2301779-205b-4805-a1bf-c67df3654489,7ce3ce05-df0f-4719-bbc5-6ca49ef0474d,true,
d2301779-205b-4805-a1bf-c67df3654489,c618f4fd-ba80-4ec4-aed7-88073223c3da,true,
d2301779-205b-4805-a1bf-c67df3654489,44bf01d5-1877-4183-a198-927a4f8d2307,true,
d2301779-205b-4805-a1bf-c67df3654489,1604808a-5995-403a-ba0d-215f02ce34d8,true,
d2301779-205b-4805-a1bf-c67df3654489,7dae9c1c-fa14-499c-bed9-9c8ad7e02bfe,true,
d2301779-205b-4805-a1bf-c67df3654489,140b4aec-f7a9-4bed-bc17-ceac44f8c591,true,
d2301779-205b-4805-a1bf-c67df3654489,092b757d-da13-49a5-8c85-124d3af9b201,true,
d2301779-205b-4805-a1bf-c67df3654489,3e62b870-6651-41d7-8848-e57b2944fccc,true,
d2301779-205b-4805-a1bf-c67df3654489,31d4a495-21bd-4c42-ac69-909aff0f1f58,true,
d2301779-205b-4805-a1bf-c67df3654489,b46bed0c-d646-4d31-a980-25baeeed8085,true,
d2301779-205b-4805-a1bf-c67df3654489,e7431a1c-f240-4cd3-b1f7-a3f86012aa53,true,
d2301779-205b-4805-a1bf-c67df3654489,38d452c4-caf0-4238-8aec-e9d3ed3a34a3,true,
d2301779-205b-4805-a1bf-c67df3654489,236e6f8f-f2aa-4905-bd3b-60c9e8f85a3a,true,
d2301779-205b-4805-a1bf-c67df3654489,819f0424-1cdc-4018-866b-13e2593a179f,true,
d2301779-205b-4805-a1bf-c67df3654489,4c261cb5-38c5-42e5-aafd-5efdd88de2e3,true,
d2301779-205b-4805-a1bf-c67df3654489,b2a34604-0ead-4b5d-bb32-19cb94fb43a5,true,
d2301779-205b-4805-a1bf-c67df3654489,319c5f8c-44f7-4664-9de4-83b67d138606,true,
d2301779-205b-4805-a1bf-c67df3654489,07c79436-3946-42da-87df-3c50afa63ae9,true,
d2301779-205b-4805-a1bf-c67df3654489,f4ec8be8-28e8-41f8-bbbc-02b0ddea6a92,true,
d2301779-205b-4805-a1bf-c67df3654489,d728257d-35de-41cc-839c-ff4631643942,true,
d2301779-205b-4805-a1bf-c67df3654489,80b26e2f-f251-45d5-95c7-471f1398b619,true,
d2301779-205b-4805-a1bf-c67df3654489,ae4733c7-b6e3-40f2-b330-d1a9dc8179ad,true,
d2301779-205b-4805-a1bf-c67df3654489,461c5ceb-9b7e-42b8-9f38-27971e86d930,true,
d2301779-205b-4805-a1bf-c67df3654489,61eb1949-9b30-4afa-9a93-fddfd9be42cb,true,
d2301779-205b-4805-a1bf-c67df3654489,d80e8d60-d4ba-48bc-8225-5299d7e306e7,true,
d2301779-205b-4805-a1bf-c67df3654489,43ef2ac1-fd0b-4a3b-a6fc-27b261acd1a4,true,
d2301779-205b-4805-a1bf-c67df3654489,f249a517-96ef-4c8b-9998-044ca24fbb5d,true,
d2301779-205b-4805-a1bf-c67df3654489,836c3cba-cc31-48b9-bdb3-1506b82811a1,true,
d2301779-205b-4805-a1bf-c67df3654489,9d2a00cc-b0b8-4d25-9274-4cd39204fdeb,true,
d2301779-205b-4805-a1bf-c67df3654489,71496610-5d85-452e-911c-06381cbe6057,true,
d2301779-205b-4805-a1bf-c67df3654489,e0e176f0-4141-4a95-b06b-ed3235268342,true,
d2301779-205b-4805-a1bf-c67df3654489,57557be6-d2fa-433e-8f05-ba96aab37f8f,true,
d2301779-205b-4805-a1bf-c67df3654489,f3ea7308-b0aa-4beb-803d-17c567f3845c,true,
d2301779-205b-4805-a1bf-c67df3654489,a442701d-6320-483f-916f-3d32e80cb4e0,true,
d2301779-205b-4805-a1bf-c67df3654489,de2f74d9-1c96-4730-85af-a27173817b4f,true,
d2301779-205b-4805-a1bf-c67df3654489,305eadfd-d127-49e4-a611-b246858ec39b,true,
d2301779-205b-4805-a1bf-c67df3654489,2898339f-7c74-4ded-aa71-7433e7bda5d5,true,
d2301779-205b-4805-a1bf-c67df3654489,f67b17af-4f7a-4908-ad9c-245d73e94d4e,true,
d2301779-205b-4805-a1bf-c67df3654489,ec7c20fc-779b-44c1-8674-6835163f8c3c,true,
d2301779-205b-4805-a1bf-c67df3654489,76ad0507-fb9d-4a8a-82ed-f573a0f7fcd7,true,
d2301779-205b-4805-a1bf-c67df3654489,8bf156a4-a8a9-4a94-bb69-6de4f3e6a1f3,true,
d2301779-205b-4805-a1bf-c67df3654489,0a2ab16e-e893-476d-bbe9-ece10c0bdf89,true,
d2301779-205b-4805-a1bf-c67df3654489,4a5fc2a4-8c51-4d6c-b081-13ae3c0981bb,true,
d2301779-205b-4805-a1bf-c67df3654489,55f2eaae-d4ac-4d97-8b27-496e731fad87,true,
d2301779-205b-4805-a1bf-c67df3654489,d0fea064-d9e7-4778-b8de-1c9ebf0e0ae0,true,
d2301779-205b-4805-a1bf-c67df3654489,e830150b-17b8-484a-8d17-74c6d2dcc1af,true,
d2301779-205b-4805-a1bf-c67df3654489,6b474639-58d1-445a-9f42-7efa247b4561,true,
d2301779-205b-4805-a1bf-c67df3654489,994b8b82-a709-4916-ac39-6cfa562d45a3,true,
d2301779-205b-4805-a1bf-c67df3654489,66e1eef2-3571-4b96-a8e7-25b46cb9e9c6,true,
d2301779-205b-4805-a1bf-c67df3654489,d3569585-f993-4637-bc2f-313f31bec003,true,
d2301779-205b-4805-a1bf-c67df3654489,00537ea4-63c7-4e7b-8181-c2516210302b,true,
d2301779-205b-4805-a1bf-c67df3654489,93207c72-30d2-4554-ba05-482a0541fee8,true,
d2301779-205b-4805-a1bf-c67df3654489,78db5540-84dc-4382-b692-774094dc5cff,true,
d2301779-205b-4805-a1bf-c67df3654489,7c0f9411-d4a5-45a3-8a5b-f2acb95ea133,true,
d2301779-205b-4805-a1bf-c67df3654489,eaa011a5-8d43-4e9c-ad0a-f921e18c316f,true,
d2301779-205b-4805-a1bf-c67df3654489,278779a8-161f-4dad-b0d4-e5cff94d0078,true,
d2301779-205b-4805-a1bf-c67df3654489,c82ff00d-c881-4325-a685-d9b180c91ea3,true,
d2301779-205b-4805-a1bf-c67df3654489,d80c14dd-1cc4-478e-9152-3aa1b8e3180a,true,
d2301779-205b-4805-a1bf-c67df3654489,268a504b-8205-49ce-9c64-645d8e8f62e9,true,
d2301779-205b-4805-a1bf-c67df3654489,294fcaeb-3fab-411a-9034-a8e530db65b0,true,
d2301779-205b-4805-a1bf-c67df3654489,430f452d-339b-421c-9d4c-9942dd439c9a,true,
d2301779-205b-4805-a1bf-c67df3654489,01f54580-0b33-4a08-89b2-8174014e3599,true,
d2301779-205b-4805-a1bf-c67df3654489,0d12182b-2c88-4b8d-9607-dbb34b389bcf,true,
d2301779-205b-4805-a1bf-c67df3654489,2c75bcf2-bb43-4f28-ac5e-4d413a665d81,true,
d2301779-205b-4805-a1bf-c67df3654489,da5bb9fa-a1bd-4275-9de0-d9bc27a3f77d,true,
d2301779-205b-4805-a1bf-c67df3654489,867d6ef5-6bcb-4dcc-9285-3f8c0a68da2e,true,
d2301779-205b-4805-a1bf-c67df3654489,77586b88-082c-43aa-a867-fa01fdee3c04,true,
d2301779-205b-4805-a1bf-c67df3654489,af040bc9-5468-4541-be68-ece43ac85f25,true,
d2301779-205b-4805-a1bf-c67df3654489,4b699b11-4a07-4b62-a8f2-709973593908,true,
d2301779-205b-4805-a1bf-c67df3654489,bb0356ea-cd3b-4129-beb0-c2b8d0ec7510,true,
d2301779-205b-4805-a1bf-c67df3654489,e16fe5dc-91af-4a92-93ec-371aa6c9bb5e,true,
d2301779-205b-4805-a1bf-c67df3654489,4b2d8200-90c1-44da-879f-ead941590745,true,
d2301779-205b-4805-a1bf-c67df3654489,150ce918-db56-4034-bedf-3242fe34a8a3,true,
d2301779-205b-4805-a1bf-c67df3654489,3ab658dc-90e7-4365-aef7-89b5206be1cd,true,
d2301779-205b-4805-a1bf-c67df3654489,3cd4a683-cb4e-494f-bbf9-b5a63fdc0240,true,
d2301779-205b-4805-a1bf-c67df3654489,9b0ce3e7-7422-4b2f-8bcf-ec68a65a4e55,true,
d2301779-205b-4805-a1bf-c67df3654489,040ff574-565d-44e4-aa0b-60d8ebe73ba7,true,
d2301779-205b-4805-a1bf-c67df3654489,d821e8ad-7936-4ad8-81a3-3ae12e0e433d,true,
d2301779-205b-4805-a1bf-c67df3654489,1814d56c-a6af-46f4-ad5a-dee57c86c460,true,
d2301779-205b-4805-a1bf-c67df3654489,379cd728-ca32-4247-94cd-5fb9eec21dc8,true,
d2301779-205b-4805-a1bf-c67df3654489,d0dd196f-cba9-4988-ac97-0a33606afd78,true,
d2301779-205b-4805-a1bf-c67df3654489,f2fc787b-5eef-4a2b-85e0-591d20ec0c78,true,
d2301779-205b-4805-a1bf-c67df3654489,5586f8c8-a40c-432d-8a5f-9f36bab551fe,true,
d2301779-205b-4805-a1bf-c67df3654489,401c825d-d797-4c78-9589-f6fc028d7926,true,
d2301779-205b-4805-a1bf-c67df3654489,74743c05-ad8f-49c8-aebc-27100839236a,true,
d2301779-205b-4805-a1bf-c67df3654489,a1ca8e1b-9d7d-4b2a-b5cc-f4371ac8fac7,true,
d2301779-205b-4805-a1bf-c67df3654489,6ed06faf-12f4-4074-92fa-1396acf38844,true,
d2301779-205b-4805-a1bf-c67df3654489,4f9b9824-9f3d-42bb-bebb-fa75f4204d40,true,
d2301779-205b-4805-a1bf-c67df3654489,587fe709-121f-433f-8d0d-2c3cca4ae4ef,true,
d2301779-205b-4805-a1bf-c67df3654489,aee6f53c-e5eb-44ca-9c71-26b4d4cd056c,true,
d2301779-205b-4805-a1bf-c67df3654489,f308f0e2-d8a1-4c3a-86df-0229923b8104,true,
d2301779-205b-4805-a1bf-c67df3654489,9cd4800e-1bb2-4a91-bfa5-a25a38932be1,true,
d2301779-205b-4805-a1bf-c67df3654489,976d4926-bea2-4926-8890-479c3c6280ec,true,
d2301779-205b-4805-a1bf-c67df3654489,056b6015-7fbd-4db1-94c2-e67d11e013ac,true,
d2301779-205b-4805-a1bf-c67df3654489,c3f45408-f37d-49bf-a969-31daa69044b0,true,
d2301779-205b-4805-a1bf-c67df3654489,ad095ab0-817e-4bda-9c34-bf260b86e0fa,true,
d2301779-205b-4805-a1bf-c67df3654489,edee157b-da61-42e0-9021-3de3cec3dfe1,true,
d2301779-205b-4805-a1bf-c67df3654489,ac328bdc-face-491a-ae4f-4661ff5144db,true,
d2301779-205b-4805-a1bf-c67df3654489,71acbda9-f23f-424a-8d4a-17c3793c885b,true,
d2301779-205b-4805-a1bf-c67df3654489,72056466-5c57-42f3-bcb7-3a408c78c124,true,
d2301779-205b-4805-a1bf-c67df3654489,8ad2e16d-3cd8-4df9-89b8-1f529d02054a,true,
d2301779-205b-4805-a1bf-c67df3654489,79425dda-b752-4790-bc04-22e67e3a0b58,true,
d2301779-205b-4805-a1bf-c67df3654489,0f746456-2b7c-4cb2-9045-49b7bbe455e3,true,
d2301779-205b-4805-a1bf-c67df3654489,c89d1ed8-30cd-44c6-97ca-18326e83370c,true,
d2301779-205b-4805-a1bf-c67df3654489,fd4ac23b-24a7-4573-9421-b588d6618a21,true,
d2301779-205b-4805-a1bf-c67df3654489,f87b23f0-aa3e-43d5-983d-b92a52a79f59,true,
d2301779-205b-4805-a1bf-c67df3654489,b3c5c1e6-4498-4978-8fb3-9079f96bd2a8,true,
d2301779-205b-4805-a1bf-c67df3654489,84802755-986f-4193-945f-d2ac5d446304,true,
d2301779-205b-4805-a1bf-c67df3654489,719dffb0-58eb-4b5e-a3d5-483d43bdec45,true,
d2301779-205b-4805-a1bf-c67df3654489,9c8295df-1842-4669-8e73-35873f961279,true,
d2301779-205b-4805-a1bf-c67df3654489,053080a3-e890-4efe-9829-6def605e9111,true,
d2301779-205b-4805-a1bf-c67df3654489,dcd92d16-cd18-414f-8a5d-739394df99f3,true,
d2301779-205b-4805-a1bf-c67df3654489,cbee6e41-b612-4555-8bb5-feaa223ee986,true,
d2301779-205b-4805-a1bf-c67df3654489,25427443-222a-4e65-8f8b-354754b1877b,true,
d2301779-205b-4805-a1bf-c67df3654489,d3780c76-9c21-4055-a9fe-6990ba595efb,true,
d2301779-205b-4805-a1bf-c67df3654489,20c6e6e3-63d9-49b1-b895-72927b266beb,true,
d2301779-205b-4805-a1bf-c67df3654489,693f9b91-a838-49a1-9ab8-acc31720d6e3,true,
d2301779-205b-4805-a1bf-c67df3654489,b2d55eef-53df-4c7f-b3a8-1b8ef31a1d1d,true,
d2301779-205b-4805-a1bf-c67df3654489,fde1b1db-f903-449e-a67c-c874e795c128,true,
d2301779-205b-4805-a1bf-c67df3654489,ba23c158-bcb2-4952-9db5-298ed6f3e4af,true,
d2301779-205b-4805-a1bf-c67df3654489,72918eb9-84a2-401c-9e30-0442b90f963f,true,
d2301779-205b-4805-a1bf-c67df3654489,b1556101-a261-4877-9830-b739d790657d,true,
d2301779-205b-4805-a1bf-c67df3654489,757e8d79-cfed-49e7-9c29-939cf3568055,true,
d2301779-205b-4805-a1bf-c67df3654489,da3ef2b4-8931-442f-9f35-7263816c7b29,true,
d2301779-205b-4805-a1bf-c67df3654489,d6c0fb84-adcc-47cf-92fb-2c00ae54cf04,true,
d2301779-205b-4805-a1bf-c67df3654489,5d48fab4-df41-4dd5-83ab-25f49d5a5801,true,
d2301779-205b-4805-a1bf-c67df3654489,1f637fe9-c33d-4cd6-a81f-c2c570b47a5b,true,
d2301779-205b-4805-a1bf-c67df3654489,57b9a836-64e2-496c-a98f-ac0046e1e545,true,
d2301779-205b-4805-a1bf-c67df3654489,58c49051-9e73-485f-a343-afcfe61095ca,true,
d2301779-205b-4805-a1bf-c67df3654489,66196b05-f61e-461c-bf5e-e1ecd1749c15,true,
d2301779-205b-4805-a1bf-c67df3654489,5992b8d7-9bec-4cb9-8964-a1af64b642b9,true,
d2301779-205b-4805-a1bf-c67df3654489,09a97738-10f2-48c5-af72-29d8dd97e27f,true,
d2301779-205b-4805-a1bf-c67df3654489,703b46b9-9ed4-4f2b-abf5-59afe400b998,true,
d2301779-205b-4805-a1bf-c67df3654489,ffdbc94a-aca2-4f74-8ded-90758ecad710,true,
d2301779-205b-4805-a1bf-c67df3654489,c03b41ca-2664-4e63-8b69-598f0ee7c3ad,true,
d2301779-205b-4805-a1bf-c67df3654489,60723fdc-e8ef-44be-bd30-06f340b4b6cd,true,
d2301779-205b-4805-a1bf-c67df3654489,53e5337e-6da9-4f76-a5da-5133309dc169,true,
d2301779-205b-4805-a1bf-c67df3654489,356ee8d3-1d67-42e1-9056-aa9a3dba5ca2,true,
53789780-ae80-4e2e-8dab-34fbdddf53ef,a355dd4e-e375-4b1e-af1c-bdda48a11e52,true,
53789780-ae80-4e2e-8dab-34fbdddf53ef,12ef6270-14f0-46c8-8646-d48838dd0d3e,true,
53789780-ae80-4e2e-8dab-34fbdddf53ef,01e793cb-112b-4bba-b4a0-5357c1592f0c,false,[NO_5XX] Unexpected 5XX response: 504
53789780-ae80-4e2e-8dab-34fbdddf53ef,668263fa-6124-4e48-890c-577121bae55b,true,
53789780-ae80-4e2e-8dab-34fbdddf53ef,3ba88113-77f3-4361-b950-f1effddc2c48,true,
53789780-ae80-4e2e-8dab-34fbdddf53ef,47a4e52d-f03d-4508-8bac-e771a3e2ef6f,true,
53789780-ae80-4e2e-8dab-34fbdddf53ef,7d10d079-c1b3-4b34-8727-c60a2c5e4ede,true,
53789780-ae80-4e2e-8dab-34fbdddf53ef,97d1f714-be57-4072-89bd-667a89d36a39,true,
53789780-ae80-4e2e-8dab-34fbdddf53ef,344978cf-2009-4831-b5f1-cf3f530c9fc2,true,
53789780-ae80-4e2e-8dab-34fbdddf53ef,bc623fea-3192-4e2a-b79b-d3d8c1d949b6,true,
53789780-ae80-4e2e-8dab-34fbdddf53ef,7afeb4b3-bea4-42e0-a3b1-3b02816d420f,true,
53789780-ae80-4e2e-8dab-34fbdddf53ef,6702582c-b5f7-46b7-80c1-5ee4376ccb6f,true,
53789780-ae80-4e2e-8dab-34fbdddf53ef,1bb11f1c-30c6-4cef-9b6c-a712e3e22b94,true,
53789780-ae80-4e2e-8dab-34fbdddf53ef,b1ddfe9b-e0e1-4b3f-9a63-60b1e43896a7,true,
53789780-ae80-4e2e-8dab-34fbdddf53ef,a2cf80d5-2bfa-40b0-877e-4880c2d7ca65,true,
53789780-ae80-4e2e-8dab-34fbdddf53ef,ed822127-b354-4e31-9140-812d80a9593e,true,
53789780-ae80-4e2e-8dab-34fbdddf53ef,5bc025d5-4e93-4186-87da-2539a78f8ef5,true,
53789780-ae80-4e2e-8dab-34fbdddf53ef,d39495c0-15a5-46c5-b0c8-fa7308cb754b,true,
53789780-ae80-4e2e-8dab-34fbdddf53ef,75ca9110-a0ce-4662-a871-e7832f89ca1e,true,
53789780-ae80-4e2e-8dab-34fbdddf53ef,bc1eb9ca-b531-4aa4-b760-3e95715212f7,true,
53789780-ae80-4e2e-8dab-34fbdddf53ef,fc2f521d-1775-4ae2-ae49-120cd9bd5aaf,true,
53789780-ae80-4e2e-8dab-34fbdddf53ef,44a9be0c-d1cd-43ad-bb54-7fafac218014,true,
53789780-ae80-4e2e-8dab-34fbdddf53ef,d6806220-975e-4139-b619-dc1147d66e87,true,
53789780-ae80-4e2e-8dab-34fbdddf53ef,b99da205-d069-4131-a9bd-db5875bfaf2d,true,
53789780-ae80-4e2e-8dab-34fbdddf53ef,13ecd8e8-c63e-4133-97dd-81e53d069886,true,
53789780-ae80-4e2e-8dab-34fbdddf53ef,776b10e9-b5e0-41b4-86d9-237a575c641c,true,
53789780-ae80-4e2e-8dab-34fbdddf53ef,7d4a275e-71ca-455c-adf2-dbbb5368579a,true,
53789780-ae80-4e2e-8dab-34fbdddf53ef,e0c747db-5091-40d7-88f1-c918d1255c8b,true,
53789780-ae80-4e2e-8dab-34fbdddf53ef,97f5079c-8366-4350-bdd2-b3fd4d061374,true,
53789780-ae80-4e2e-8dab-34fbdddf53ef,7bb66b5a-3933-4508-97b0-9c1cd95364c5,true,
53789780-ae80-4e2e-8dab-34fbdddf53ef,346d3b56-0457-4a6e-af70-d675e8ace93b,true,
53789780-ae80-4e2e-8dab-34fbdddf53ef,e43c783e-c37e-45b4-b768-c7393edf8462,true,
53789780-ae80-4e2e-8dab-34fbdddf53ef,af19d8c8-6798-4703-bdf0-e37dab5421fe,true,
53789780-ae80-4e2e-8dab-34fbdddf53ef,3cf79012-7926-45d1-8d5e-7167a6c7c03d,true,
53789780-ae80-4e2e-8dab-34fbdddf53ef,31157123-6c5b-4263-b01e-d2598f71f121,true,
53789780-ae80-4e2e-8dab-34fbdddf53ef,1f283786-59dd-4753-bd6c-dcc34644bd10,true,
53789780-ae80-4e2e-8dab-34fbdddf53ef,d31e7cf2-f34a-4711-abc1-3c1200cedc40,true,
53789780-ae80-4e2e-8dab-34fbdddf53ef,366d7beb-510e-415a-b38e-2178262caeb4,true,
53789780-ae80-4e2e-8dab-34fbdddf53ef,032a82a5-8b8f-46ed-8605-0ae659d2f52b,true,
53789780-ae80-4e2e-8dab-34fbdddf53ef,c09d11ea-48fb-4f80-981f-340165e0edb8,true,
53789780-ae80-4e2e-8dab-34fbdddf53ef,b1a8982d-3722-4007-ac8c-5b837cc5c597,true,
53789780-ae80-4e2e-8dab-34fbdddf53ef,363517dc-7790-4b1e-bc9a-af5c47b87b41,true,
53789780-ae80-4e2e-8dab-34fbdddf53ef,4c596ed7-2e63-4d83-852f-a55ec1416c25,true,
53789780-ae80-4e2e-8dab-34fbdddf53ef,ac308f1b-3b1c-4009-b807-81ba2ba162f4,true,
53789780-ae80-4e2e-8dab-34fbdddf53ef,3222433e-34da-4ac8-9d23-00090be40b7d,true,
53789780-ae80-4e2e-8dab-34fbdddf53ef,fee7d310-8586-416e-83d7-3cf6d299976f,true,
53789780-ae80-4e2e-8dab-34fbdddf53ef,2c771dda-5dad-4b37-8df5-10dbe99b6322,true,
53789780-ae80-4e2e-8dab-34fbdddf53ef,43e91f83-af9a-4b1c-a4bf-6db6803e331c,true,
53789780-ae80-4e2e-8dab-34fbdddf53ef,94f6e740-e027-45c9-9623-f8d0de6c01ca,true,
53789780-ae80-4e2e-8dab-34fbdddf53ef,f0ac5fb9-aa74-4dec-9527-57799d10de8c,true,
53789780-ae80-4e2e-8dab-34fbdddf53ef,517b53ff-dd6f-431e-a539-fb623fbfcdb7,true,
53789780-ae80-4e2e-8dab-34fbdddf53ef,b272e593-4d5a-485b-bb38-f20b7976bfec,true,
53789780-ae80-4e2e-8dab-34fbdddf53ef,d52b54fe-7464-40a6-966c-4794926e29d5,true,
53789780-ae80-4e2e-8dab-34fbdddf53ef,2838a8ba-2b49-44d0-873d-4d677cdedd5e,true,
53789780-ae80-4e2e-8dab-34fbdddf53ef,0f02e9e7-03c2-46ff-ad77-f952f29b0b22,true,
53789780-ae80-4e2e-8dab-34fbdddf53ef,bda39ab3-b59f-4fdb-9272-837a676ac6f7,true,
53789780-ae80-4e2e-8dab-34fbdddf53ef,9900767a-da24-418f-a381-176f657214a6,true,
53789780-ae80-4e2e-8dab-34fbdddf53ef,a93f98d5-1b4f-42fb-9054-d64436bf36eb,true,
53789780-ae80-4e2e-8dab-34fbdddf53ef,e5859dbf-bf20-4be0-ab3a-bfaa083b44fd,true,
53789780-ae80-4e2e-8dab-34fbdddf53ef,84c07d5f-dcc6-4634-8aba-fc23912eaa95,true,
53789780-ae80-4e2e-8dab-34fbdddf53ef,5427422e-c6fe-4dbe-ab33-f66414e314b6,true,
53789780-ae80-4e2e-8dab-34fbdddf53ef,e0af78ef-a188-48e1-ae83-cfc16c62d57a,true,
53789780-ae80-4e2e-8dab-34fbdddf53ef,48efb710-835e-47ef-94a2-5c813053e630,true,
53789780-ae80-4e2e-8dab-34fbdddf53ef,8c507e1e-c02a-4dd2-927b-d442ac5a455f,true,
53789780-ae80-4e2e-8dab-34fbdddf53ef,9f2f83ed-4ad8-4b39-8d9d-a15753745471,true,
53789780-ae80-4e2e-8dab-34fbdddf53ef,ec7beb24-e24b-4b77-9f9f-e86284fc5933,true,
53789780-ae80-4e2e-8dab-34fbdddf53ef,17d7585a-24af-42e7-a1c4-5c0201a048a7,true,
53789780-ae80-4e2e-8dab-34fbdddf53ef,9be39e9d-eb2c-4b84-8acc-c6eb545e66dd,true,
53789780-ae80-4e2e-8dab-34fbdddf53ef,3938d59a-f493-4a8e-bde4-4e3ea6820a6e,true,
53789780-ae80-4e2e-8dab-34fbdddf53ef,df33ea7a-3c7a-4543-9243-7707c9100893,true,
53789780-ae80-4e2e-8dab-34fbdddf53ef,07a3eb73-568d-4915-945d-097f1f55e7e3,true,
53789780-ae80-4e2e-8dab-34fbdddf53ef,496b2ec1-83e5-417c-856b-e2f065c049df,true,
53789780-ae80-4e2e-8dab-34fbdddf53ef,b24d2b72-3f7a-497d-8321-aa089dc3a47a,true,
53789780-ae80-4e2e-8dab-34fbdddf53ef,b6896365-40a5-46ac-9fcb-ca561ff5ea0e,true,
53789780-ae80-4e2e-8dab-34fbdddf53ef,28d38b3d-19c0-4260-a660-b9a9b74593a3,true,
53789780-ae80-4e2e-8dab-34fbdddf53ef,02570180-8524-4fd5-9084-834e8ec5b84f,true,
53789780-ae80-4e2e-8dab-34fbdddf53ef,a6431d2a-b9ea-47e4-a758-05796bf010d8,true,
53789780-ae80-4e2e-8dab-34fbdddf53ef,9fe07f87-8e6d-4ff2-b79c-99251fff250d,true,
53789780-ae80-4e2e-8dab-34fbdddf53ef,c80b2f91-62c5-4b5c-9abf-29a4fd6e6e82,true,
53789780-ae80-4e2e-8dab-34fbdddf53ef,1570d3a9-70ff-4fba-9cd4-f95961715f37,true,
53789780-ae80-4e2e-8dab-34fbdddf53ef,33d0b672-8170-497b-adda-91d9f0a258bc,true,
53789780-ae80-4e2e-8dab-34fbdddf53ef,104c3c5b-3912-4b1b-b0db-a041d93147f4,true,
53789780-ae80-4e2e-8dab-34fbdddf53ef,29e2aa69-0e71-4952-81da-3fe092883ea0,true,
53789780-ae80-4e2e-8dab-34fbdddf53ef,fca36f3f-aa92-457b-a8c9-702636d0ee5e,true,
53789780-ae80-4e2e-8dab-34fbdddf53ef,e30e5c17-c5c1-4024-b916-9948151b368a,true,
53789780-ae80-4e2e-8dab-34fbdddf53ef,57c46881-2f93-4c15-b4ae-ad8ee744f92e,true,
53789780-ae80-4e2e-8dab-34fbdddf53ef,97f3df16-8fcf-4ac6-a678-11956ef2c3e5,true,
53789780-ae80-4e2e-8dab-34fbdddf53ef,f4ee0e7b-3151-4aa9-9e69-21abb2d7f181,true,
53789780-ae80-4e2e-8dab-34fbdddf53ef,a8b4063f-1d71-4622-bdee-49a13221b4fb,true,
53789780-ae80-4e2e-8dab-34fbdddf53ef,9f1d238d-7bcc-4012-8c1a-d6a24ea278b5,true,
53789780-ae80-4e2e-8dab-34fbdddf53ef,02d3ae88-00fa-4b06-b33c-1605c6bc5f78,true,
53789780-ae80-4e2e-8dab-34fbdddf53ef,f988e6b9-a583-4ea9-8607-850de1775d6f,true,
53789780-ae80-4e2e-8dab-34fbdddf53ef,ca067ff6-299a-4ffd-b197-0c33b5652c7c,true,
53789780-ae80-4e2e-8dab-34fbdddf53ef,67721185-c5e8-42e8-a102-1f7a7cdb87aa,true,
53789780-ae80-4e2e-8dab-34fbdddf53ef,4692cb2e-8cae-479a-95d0-b02856acf89c,true,
53789780-ae80-4e2e-8dab-34fbdddf53ef,6382927d-a373-473d-a602-d0d8acf8aaa4,true,
53789780-ae80-4e2e-8dab-34fbdddf53ef,f6622826-1964-4f41-8e00-a333b18ac141,true,
53789780-ae80-4e2e-8dab-34fbdddf53ef,6ac03fd4-4071-4674-8520-130892953b3c,true,
53789780-ae80-4e2e-8dab-34fbdddf53ef,cb09432e-9399-4212-b2a4-dcb62d65a38e,true,
53789780-ae80-4e2e-8dab-34fbdddf53ef,1cb6b195-b2ac-4345-8afd-113381ae86f9,true,
53789780-ae80-4e2e-8dab-34fbdddf53ef,46b1c7de-5ae5-4cd5-b6df-fd896cbdb4ca,true,
53789780-ae80-4e2e-8dab-34fbdddf53ef,d0b99941-61d6-4147-8aec-9a6b9df6c50f,true,
53789780-ae80-4e2e-8dab-34fbdddf53ef,345575a2-a3a3-4c79-a642-ca304be4bbb9,true,
53789780-ae80-4e2e-8dab-34fbdddf53ef,40bf8508-e47e-4050-af46-bc5f084bb455,true,
53789780-ae80-4e2e-8dab-34fbdddf53ef,49103e11-585e-437d-aee1-97ae17cd65cb,true,
53789780-ae80-4e2e-8dab-34fbdddf53ef,bbec4129-7482-44ac-98a0-d0b9edec9857,true,
53789780-ae80-4e2e-8dab-34fbdddf53ef,9fc6f566-68e6-48d9-bf24-5184fadcae00,true,
53789780-ae80-4e2e-8dab-34fbdddf53ef,4ba24474-f65d-4bbf-ac1d-7187d0e26e1d,true,
53789780-ae80-4e2e-8dab-34fbdddf53ef,8d2d935c-2901-4f9c-a456-d001cb90f0a5,true,
53789780-ae80-4e2e-8dab-34fbdddf53ef,2d8854ea-4800-4da5-8497-72ba2f5a4190,true,
53789780-ae80-4e2e-8dab-34fbdddf53ef,5aa38b50-2fe8-4d2e-924d-34f849c18e81,true,
53789780-ae80-4e2e-8dab-34fbdddf53ef,ce00898a-bd54-4599-a760-adf8d063e38f,true,
53789780-ae80-4e2e-8dab-34fbdddf53ef,44a47c51-ec52-4fcc-a672-cb350f63bfb9,true,
53789780-ae80-4e2e-8dab-34fbdddf53ef,bc88b4e6-0572-4785-9bc4-9f5db6cc53cb,true,
53789780-ae80-4e2e-8dab-34fbdddf53ef,2b93774d-6dea-435c-8105-83b3e21e2b00,true,
53789780-ae80-4e2e-8dab-34fbdddf53ef,0c0022ff-e1f4-48ec-b845-f520a9ed3fb2,true,
53789780-ae80-4e2e-8dab-34fbdddf53ef,e312de78-cc6f-4d89-8d6d-62e1e1d96cc8,true,
53789780-ae80-4e2e-8dab-34fbdddf53ef,798406b2-6009-42b2-a848-9b12192a3ec8,true,
53789780-ae80-4e2e-8dab-34fbdddf53ef,79f70930-6f11-46ee-bd7e-94a4f7c6a00f,true,
53789780-ae80-4e2e-8dab-34fbdddf53ef,9941da66-b66a-4024-9376-a7513ed26600,true,
53789780-ae80-4e2e-8dab-34fbdddf53ef,2891ee09-7a2e-4236-a804-03a42d02c3b6,true,
2dfea8ab-4a24-40c9-97df-b4bec31df9d4,17421702-df58-41d9-99c3-539df0104188,true,
2dfea8ab-4a24-40c9-97df-b4bec31df9d4,214fe3a8-3df3-4649-bc21-d9a42ade1ecc,true,
2dfea8ab-4a24-40c9-97df-b4bec31df9d4,9b2e2b7c-1625-457f-917a-f2f5c16a03d7,false,[NO_5XX] Unexpected 5XX response: 501
2dfea8ab-4a24-40c9-97df-b4bec31df9d4,50e4a5eb-4ea7-4089-8e0a-b22df2b39058,true,
2dfea8ab-4a24-40c9-97df-b4bec31df9d4,0d27e29a-b27a-4b4e-bd98-058005e6d139,true,
2dfea8ab-4a24-40c9-97df-b4bec31df9d4,d3389f53-c589-46e2-aa31-16802dfd7ba1,true,
2dfea8ab-4a24-40c9-97df-b4bec31df9d4,1acb2b18-1984-49ce-a920-3afa48cea50d,true,
2dfea8ab-4a24-40c9-97df-b4bec31df9d4,ab781097-984f-4446-b72b-bd0e46c9fc31,true,
2dfea8ab-4a24-40c9-97df-b4bec31df9d4,e05dbb4f-9c21-4a37-9328-fd0bae00275f,true,
2dfea8ab-4a24-40c9-97df-b4bec31df9d4,ae40921c-4f97-47a0-a294-3069d6b7365d,true,
2dfea8ab-4a24-40c9-97df-b4bec31df9d4,f579b6ab-1929-480c-a355-d376ba4c865f,true,
2dfea8ab-4a24-40c9-97df-b4bec31df9d4,9a794238-d8e6-44f1-bddb-c4438d3b592b,true,
2dfea8ab-4a24-40c9-97df-b4bec31df9d4,0a2e068b-4736-427b-8832-d32d1c4686b5,true,
2dfea8ab-4a24-40c9-97df-b4bec31df9d4,62fb2cd7-4697-4f0b-9a1d-44fd829976c2,true,
2dfea8ab-4a24-40c9-97df-b4bec31df9d4,cbf1b704-dd98-4b71-bb93-fc02d645c8ed,true,
2dfea8ab-4a24-40c9-97df-b4bec31df9d4,cb74db9d-abd8-4409-bccd-b48bb7d04614,true,
2dfea8ab-4a24-40c9-97df-b4bec31df9d4,6b0a7523-e5f8-4803-b030-66510c3b7115,true,
2dfea8ab-4a24-40c9-97df-b4bec31df9d4,316f9ef3-145d-4810-bd8c-da74cf28423c,true,
2dfea8ab-4a24-40c9-97df-b4bec31df9d4,48e07fad-cdc8-48fb-9b27-a5e53dfe27e7,true,
2dfea8ab-4a24-40c9-97df-b4bec31df9d4,13d8d7a3-47bb-43a8-a1ec-25cfe851f4d2,true,
2dfea8ab-4a24-40c9-97df-b4bec31df9d4,8f1400ca-58a2-4f43-b2a6-cd99b633c554,true,
2dfea8ab-4a24-40c9-97df-b4bec31df9d4,6e914286-0408-4cc6-ad57-5bbd7d9f3077,true,
2dfea8ab-4a24-40c9-97df-b4bec31df9d4,15c74932-6fba-44a3-b24b-f6716129704f,true,
2dfea8ab-4a24-40c9-97df-b4bec31df9d4,d8ec6922-fb1c-4bac-9a87-78805109a4cd,true,
2dfea8ab-4a24-40c9-97df-b4bec31df9d4,b8ded5a1-5524-47e5-bbee-082906726491,true,
2dfea8ab-4a24-40c9-97df-b4bec31df9d4,a3e76e98-4af1-4249-b686-a3feda7567f1,true,
2dfea8ab-4a24-40c9-97df-b4bec31df9d4,b6a8b996-97b9-4d79-9de1-7cbae457fdaf,true,
2dfea8ab-4a24-40c9-97df-b4bec31df9d4,b8f03d82-182d-4ee1-a73c-2c533c2badcd,true,
2dfea8ab-4a24-40c9-97df-b4bec31df9d4,e9808f84-9c06-4220-a4ae-3398deb4be78,true,
2dfea8ab-4a24-40c9-97df-b4bec31df9d4,1379955d-1a77-42fe-a7c9-0de6989cfd43,true,
2dfea8ab-4a24-40c9-97df-b4bec31df9d4,a59c2972-3fb4-4d9e-9bee-b07823b55779,true,
2dfea8ab-4a24-40c9-97df-b4bec31df9d4,3f58a5b5-a64c-46c2-99aa-b2d597f2e511,true,
2dfea8ab-4a24-40c9-97df-b4bec31df9d4,2c989c84-1b35-4760-93eb-41c25c3158c4,true,
2dfea8ab-4a24-40c9-97df-b4bec31df9d4,959106e5-2d9b-4711-9ba3-7c3b65646772,true,
2dfea8ab-4a24-40c9-97df-b4bec31df9d4,efc3db95-db9c-41ed-82ad-dca4773b742f,true,
2dfea8ab-4a24-40c9-97df-b4bec31df9d4,e5df615f-b579-41e9-913b-8cec77700000,true,
2dfea8ab-4a24-40c9-97df-b4bec31df9d4,1fa8c52f-d22a-4acd-b589-34ba1f7a0602,true,
2dfea8ab-4a24-40c9-97df-b4bec31df9d4,2cfb7d6d-7047-4044-970a-09ef042b2100,true,
2dfea8ab-4a24-40c9-97df-b4bec31df9d4,dc4d6bca-aee3-42dd-b73c-5529d36d1604,true,
2dfea8ab-4a24-40c9-97df-b4bec31df9d4,0f6111bb-2185-4ff8-a47a-ef7841f8ed18,true,
2dfea8ab-4a24-40c9-97df-b4bec31df9d4,abfd1529-a4bc-42a3-b6a0-83e391967c89,true,
2dfea8ab-4a24-40c9-97df-b4bec31df9d4,c856a84e-5307-4820-b152-c25995046b42,true,
2dfea8ab-4a24-40c9-97df-b4bec31df9d4,8ea97098-6ff3-436b-ad02-f85af20e20b5,true,
2dfea8ab-4a24-40c9-97df-b4bec31df9d4,c0ef17d6-4b76-4cff-a972-90b7611ee61c,true,
2dfea8ab-4a24-40c9-97df-b4bec31df9d4,ca4384d6-bee6-43fa-8eb4-803efcf19d73,true,
2dfea8ab-4a24-40c9-97df-b4bec31df9d4,cfd7006a-92af-4070-8330-4677b4cb2761,true,
2dfea8ab-4a24-40c9-97df-b4bec31df9d4,23cf633b-6aec-439c-8033-d1d4f229b32b,true,
2dfea8ab-4a24-40c9-97df-b4bec31df9d4,bc2d49c6-eead-4ae1-947a-84fa80438ebe,true,
2dfea8ab-4a24-40c9-97df-b4bec31df9d4,2bca63a6-1f01-4edd-aa7c-da9c3a97d79c,true,
2dfea8ab-4a24-40c9-97df-b4bec31df9d4,39690d17-1385-43be-9422-3646adc34883,true,
2dfea8ab-4a24-40c9-97df-b4bec31df9d4,28f06494-e791-44fa-b919-9d2cf8fb1dde,true,
2dfea8ab-4a24-40c9-97df-b4bec31df9d4,64e1491f-ee66-4ae5-b5c5-324e6fa9550c,true,
2dfea8ab-4a24-40c9-97df-b4bec31df9d4,46cdbcbd-3381-4965-9c60-56827d965600,true,
2dfea8ab-4a24-40c9-97df-b4bec31df9d4,3afe029e-886f-42f6-8786-38f6d6dd6a17,true,
2dfea8ab-4a24-40c9-97df-b4bec31df9d4,bbe29d0f-d94e-49ad-972d-523db2a434e2,true,
2dfea8ab-4a24-40c9-97df-b4bec31df9d4,c1a522e5-963a-480a-9543-9186bfbaf48e,true,
2dfea8ab-4a24-40c9-97df-b4bec31df9d4,5068220b-9986-4bae-b5d5-39500f573ee6,true,
2dfea8ab-4a24-40c9-97df-b4bec31df9d4,a7a898b9-d415-40d4-8246-2120ea09bce5,true,
2dfea8ab-4a24-40c9-97df-b4bec31df9d4,9cd476d2-651d-4089-a59d-62ef014a7899,true,
2dfea8ab-4a24-40c9-97df-b4bec31df9d4,5a16f6d1-0732-454c-9ef6-579ffe400181,true,
2dfea8ab-4a24-40c9-97df-b4bec31df9d4,65dac1b3-ad2d-4de5-affc-7e941f548012,true,
2dfea8ab-4a24-40c9-97df-b4bec31df9d4,1bc31752-2765-4d49-bf90-86e1b67bdfc7,true,
2dfea8ab-4a24-40c9-97df-b4bec31df9d4,d3c5b805-8945-4d3e-a2ac-97c99367a71e,true,
2dfea8ab-4a24-40c9-97df-b4bec31df9d4,2bcda769-3e4b-49d5-94bd-da4d51fe9561,true,
2dfea8ab-4a24-40c9-97df-b4bec31df9d4,7b4b1264-b451-4aa4-af6e-77865c6764a1,true,
2dfea8ab-4a24-40c9-97df-b4bec31df9d4,b02261f3-ed42-4f8b-a6ab-24eaaef1a701,true,
2dfea8ab-4a24-40c9-97df-b4bec31df9d4,2354725d-dde4-4143-a79b-d45eec0b649f,true,
2dfea8ab-4a24-40c9-97df-b4bec31df9d4,d1513cb7-dfc1-42fd-b7cc-2c35b139072d,true,
2dfea8ab-4a24-40c9-97df-b4bec31df9d4,1c3e75e5-fdb1-4336-9752-d9c5f8c470e4,true,
2dfea8ab-4a24-40c9-97df-b4bec31df9d4,9390ddee-ae26-42b2-9bb1-2ab319e01cee,true,
2dfea8ab-4a24-40c9-97df-b4bec31df9d4,2c741d16-f633-4a6a-9864-3321dbcb1a96,true,
2dfea8ab-4a24-40c9-97df-b4bec31df9d4,cc407762-cf11-449d-b918-86d5b5abb9d1,true,
2dfea8ab-4a24-40c9-97df-b4bec31df9d4,60d99628-b1b3-48c5-b83b-a1eb940df0bb,true,
2dfea8ab-4a24-40c9-97df-b4bec31df9d4,8055e02e-96ad-43a5-b2a4-a4bed76fc2a0,true,
2dfea8ab-4a24-40c9-97df-b4bec31df9d4,ae9ea103-680a-40a1-9691-68e67cfc948e,true,
2dfea8ab-4a24-40c9-97df-b4bec31df9d4,664f736f-4dba-4b5b-934a-373c9fea1bdc,true,
2dfea8ab-4a24-40c9-97df-b4bec31df9d4,9842b487-5eee-4cb0-8cb6-66b879b56c54,true,
2dfea8ab-4a24-40c9-97df-b4bec31df9d4,2ac27748-7ead-45ce-a2f9-62e93b4f4014,true,
2dfea8ab-4a24-40c9-97df-b4bec31df9d4,fec9806b-9f5f-4d85-9546-c1337b2a6ec5,true,
2dfea8ab-4a24-40c9-97df-b4bec31df9d4,699d70cb-1756-4ae7-9c84-956e98a1e895,true,
2dfea8ab-4a24-40c9-97df-b4bec31df9d4,775054bd-dc54-450f-8975-165c25163079,true,
2dfea8ab-4a24-40c9-97df-b4bec31df9d4,2e7df058-33e9-4f28-b92a-8ea1c351840b,true,
2dfea8ab-4a24-40c9-97df-b4bec31df9d4,163e3aeb-e7bc-4118-8b89-f537f77affa2,true,
2dfea8ab-4a24-40c9-97df-b4bec31df9d4,734c1b04-5061-4595-9634-ce88dcbdcade,true,
2dfea8ab-4a24-40c9-97df-b4bec31df9d4,6a9825a1-f64b-42c7-811a-597b70ee0052,true,
2dfea8ab-4a24-40c9-97df-b4bec31df9d4,d8f97d5c-fd26-422f-9038-5bbb6de0ec01,true,
2dfea8ab-4a24-40c9-97df-b4bec31df9d4,f7ef9591-edad-4bc9-b704-66331b93fc5e,true,
2dfea8ab-4a24-40c9-97df-b4bec31df9d4,d5a591fb-7be1-4230-884b-514c4b894407,true,
2dfea8ab-4a24-40c9-97df-b4bec31df9d4,2172f6ed-5a19-4c58-a243-826b8fa2d30e,true,
2dfea8ab-4a24-40c9-97df-b4bec31df9d4,615d7ae3-def9-4eb6-8d7d-7894e33332f9,true,
2dfea8ab-4a24-40c9-97df-b4bec31df9d4,75ade6db-caec-4078-bb91-ab3aecb560fa,true,
2dfea8ab-4a24-40c9-97df-b4bec31df9d4,38793bf8-3f9c-4bc8-b725-efbdf0a47a8b,true,
2dfea8ab-4a24-40c9-97df-b4bec31df9d4,e4309f21-95db-483c-b83a-31415c1bd1bc,true,
2dfea8ab-4a24-40c9-97df-b4bec31df9d4,a40bf2dc-023f-4e60-b627-3b49041e2c3c,true,
2dfea8ab-4a24-40c9-97df-b4bec31df9d4,f8c34530-11aa-4d60-a9ff-8df568b0063c,true,
2dfea8ab-4a24-40c9-97df-b4bec31df9d4,afa999c0-6088-4185-944a-f16426e07da2,true,
2dfea8ab-4a24-40c9-97df-b4bec31df9d4,a13c6edd-897a-4a67-b691-9872c1e37499,true,
2dfea8ab-4a24-40c9-97df-b4bec31df9d4,dd46a0a1-1677-4274-bb51-571a76ac8087,true,
2dfea8ab-4a24-40c9-97df-b4bec31df9d4,08dac244-6bc1-4501-8666-4dc66a27b747,true,
2dfea8ab-4a24-40c9-97df-b4bec31df9d4,5bea308a-0e6b-42f9-893f-ae7c3dbec71c,true,
2dfea8ab-4a24-40c9-97df-b4bec31df9d4,983311c4-2040-472b-be9b-1872d2dd8870,true,
2dfea8ab-4a24-40c9-97df-b4bec31df9d4,2c34cc54-b42e-451c-a650-1f30e7c42ea1,true,
2dfea8ab-4a24-40c9-97df-b4bec31df9d4,878f351c-25f3-409c-b292-c6ee3545d70c,true,
2dfea8ab-4a24-40c9-97df-b4bec31df9d4,118ec4b3-4b35-4f88-8043-62f8ff500012,true,
2dfea8ab-4a24-40c9-97df-b4bec31df9d4,158db7db-827b-45c8-8e32-c9ccb5fec5c0,true,
2dfea8ab-4a24-40c9-97df-b4bec31df9d4,d315fd8d-cea5-46ea-92e7-11b5f8bbe0c0,true,
2dfea8ab-4a24-40c9-97df-b4bec31df9d4,b5b8968d-4472-4700-8f90-dbab1dd0d7f9,true,
2dfea8ab-4a24-40c9-97df-b4bec31df9d4,9702b460-cce7-45ff-82bf-8d9a1526d585,true,
2dfea8ab-4a24-40c9-97df-b4bec31df9d4,f292cbcd-4efc-43f1-80fc-eff05aec1d3a,true,
2dfea8ab-4a24-40c9-97df-b4bec31df9d4,cec95b50-666d-44a8-9769-137c5030dfea,true,
2dfea8ab-4a24-40c9-97df-b4bec31df9d4,a2876460-2ac6-448e-b13a-287ef10592e5,true,
2dfea8ab-4a24-40c9-97df-b4bec31df9d4,e70e5341-1693-4f0e-8dfc-6977a66e749e,true,
2dfea8ab-4a24-40c9-97df-b4bec31df9d4,66a1eca1-9aa7-4083-ad98-a3e9d0a8eff8,true,
2dfea8ab-4a24-40c9-97df-b4bec31df9d4,318b061c-4e71-4360-bcd6-e465e9f87bb4,true,
2dfea8ab-4a24-40c9-97df-b4bec31df9d4,46806e5c-f270-4349-9e07-a653883aec11,true,
2dfea8ab-4a24-40c9-97df-b4bec31df9d4,c08d8815-a1a2-4fd3-a767-a893b560d033,true,
2dfea8ab-4a24-40c9-97df-b4bec31df9d4,133247d7-43ce-4b89-a84d-3a66b303b55a,true,
2dfea8ab-4a24-40c9-97df-b4bec31df9d4,7e8938bc-d8ff-4259-a99f-55277e88405e,true,
2dfea8ab-4a24-40c9-97df-b4bec31df9d4,27a68653-e9f9-4e2e-8366-278632cde9b6,true,
2dfea8ab-4a24-40c9-97df-b4bec31df9d4,b7352121-2938-454b-a71f-f9b214c3e6e1,true,
2dfea8ab-4a24-40c9-97df-b4bec31df9d4,6efc9b14-0179-4e0a-b213-128cdb6537b1,true,
2dfea8ab-4a24-40c9-97df-b4bec31df9d4,2857b626-dd3b-4160-ab06-a262d1e0a5af,true,
2dfea8ab-4a24-40c9-97df-b4bec31df9d4,1ee2bd3d-132c-4c28-89dd-8c3bcaa34cce,true,
2dfea8ab-4a24-40c9-97df-b4bec31df9d4,d9e2c669-a262-4c6e-a572-c5e30d6ef0e8,true,
2dfea8ab-4a24-40c9-97df-b4bec31df9d4,042809d3-2b54-4358-b84e-4986ba354ff2,true,
2dfea8ab-4a24-40c9-97df-b4bec31df9d4,59cf774f-8712-43b6-be5e-0e30aa05dd74,true,
2dfea8ab-4a24-40c9-97df-b4bec31df9d4,bf7f0289-0d86-4666-afc2-a942c562ac71,true,
2dfea8ab-4a24-40c9-97df-b4bec31df9d4,d7989de3-e2f9-45f9-ac7e-e2e1e3db4a2d,true,
2dfea8ab-4a24-40c9-97df-b4bec31df9d4,94731df3-883c-4f4f-90e5-c2cb36f47f0a,true,
2dfea8ab-4a24-40c9-97df-b4bec31df9d4,87122f4a-84b1-404c-8d77-8253e496ab27,true,
2dfea8ab-4a24-40c9-97df-b4bec31df9d4,14d577fd-2c60-46bf-aab5-f1f512801e75,true,
2dfea8ab-4a24-40c9-97df-b4bec31df9d4,14faf9fd-317a-4416-9a04-4a0186191e85,true,
2dfea8ab-4a24-40c9-97df-b4bec31df9d4,9de2f17d-eb1a-49d1-b302-91668b75f5f7,true,
2dfea8ab-4a24-40c9-97df-b4bec31df9d4,df1609a7-bea5-4558-b0a3-7b692eb155aa,true,
2dfea8ab-4a24-40c9-97df-b4bec31df9d4,d659b659-03f8-48a0-8b40-9a676ab7406d,true,
2dfea8ab-4a24-40c9-97df-b4bec31df9d4,56f97b2e-1277-4310-9176-fbbf044f22ca,true,
2dfea8ab-4a24-40c9-97df-b4bec31df9d4,d6b29f2a-53ec-492f-976a-28666aac36a0,true,
2dfea8ab-4a24-40c9-97df-b4bec31df9d4,5ec0d562-ab05-494b-a298-c5b026f5de69,true,
2dfea8ab-4a24-40c9-97df-b4bec31df9d4,a8be7a74-46fb-43a6-9586-d313398722b2,true,
2dfea8ab-4a24-40c9-97df-b4bec31df9d4,4f354aa5-d315-4f01-ac9e-e67bf27fd957,true,
2dfea8ab-4a24-40c9-97df-b4bec31df9d4,a9f28069-e91e-42e4-bee2-c93098ea8459,true,
2dfea8ab-4a24-40c9-97df-b4bec31df9d4,61436921-3ebb-4f85-a096-336508db5cf8,true,
2dfea8ab-4a24-40c9-97df-b4bec31df9d4,ea52c4a5-f75e-44a2-a93a-0da292de6853,true,
2dfea8ab-4a24-40c9-97df-b4bec31df9d4,d5ca1e14-ee96-486e-ab36-e112b48431f3,true,
2dfea8ab-4a24-40c9-97df-b4bec31df9d4,0ca989ab-6286-4abf-b802-4ed4022b51f5,true,
2dfea8ab-4a24-40c9-97df-b4bec31df9d4,c06c2cf4-6dbd-4203-b507-cf518f7f229a,true,
2dfea8ab-4a24-40c9-97df-b4bec31df9d4,3c2c25c6-78d6-4fb1-adc5-3b304ff3fc6b,true,
2dfea8ab-4a24-40c9-97df-b4bec31df9d4,794289d0-8442-4cd6-abb1-88b63e9a6986,true,
2dfea8ab-4a24-40c9-97df-b4bec31df9d4,12d8778d-9923-4ed9-a8f5-4c3cd99a290d,true,
2dfea8ab-4a24-40c9-97df-b4bec31df9d4,093e319a-c325-4703-a032-a318f90bd659,true,
2dfea8ab-4a24-40c9-97df-b4bec31df9d4,32eca7bd-1e6c-418b-8efc-e336e43d52d9,true,
2dfea8ab-4a24-40c9-97df-b4bec31df9d4,a607ff7d-6935-4e00-9d3f-c25e4f9d707c,true,
2dfea8ab-4a24-40c9-97df-b4bec31df9d4,034aad1a-568d-4dc6-ae4a-482d9a682e35,true,
2dfea8ab-4a24-40c9-97df-b4bec31df9d4,370aadfe-ffe6-486c-ad3b-126bfe4d7c6d,true,
2dfea8ab-4a24-40c9-97df-b4bec31df9d4,f1c35d01-2e80-404e-abf8-264edfe7783f,true,
2dfea8ab-4a24-40c9-97df-b4bec31df9d4,6b321970-2f10-437d-ad48-1ebd69876584,true,
2dfea8ab-4a24-40c9-97df-b4bec31df9d4,ce023cab-4725-4cb1-a86b-48fc1a1975ae,true,
2dfea8ab-4a24-40c9-97df-b4bec31df9d4,f16954fc-ab9b-4260-a8c3-655eaf6b4b05,true,
2dfea8ab-4a24-40c9-97df-b4bec31df9d4,02ec1a17-f780-42c9-acfc-1d2badffc3ff,true,
2dfea8ab-4a24-40c9-97df-b4bec31df9d4,06c05fcc-0fb2-4eab-9116-a60710f62074,true,
2dfea8ab-4a24-40c9-97df-b4bec31df9d4,28f0ec1b-c55a-48d2-b14b-7873473a165b,true,
2dfea8ab-4a24-40c9-97df-b4bec31df9d4,1e199eb2-a5ce-4db5-9a4f-a157432b72a6,true,
2dfea8ab-4a24-40c9-97df-b4bec31df9d4,6684de81-bfd8-430b-a099-f1e0d6ba1116,true,
2dfea8ab-4a24-40c9-97df-b4bec31df9d4,873c0d1f-b5d4-45b8-b43a-5bc8d61f41cb,true,
2dfea8ab-4a24-40c9-97df-b4bec31df9d4,a988e72b-47b7-45a6-9ec0-601f34db699e,true,
2dfea8ab-4a24-40c9-97df-b4bec31df9d4,1d69bace-30fc-4cd6-a75d-48f4cd242053,true,
2dfea8ab-4a24-40c9-97df-b4bec31df9d4,30f19c94-b8cb-4efb-85ce-460857bcd97f,true,
2dfea8ab-4a24-40c9-97df-b4bec31df9d4,970cf724-e8fb-4def-b559-a9e84d800c22,true,
2dfea8ab-4a24-40c9-97df-b4bec31df9d4,90422167-6f56-4ac4-aae3-4c4c0c128815,true,
2dfea8ab-4a24-40c9-97df-b4bec31df9d4,4c595929-6777-4b1a-8815-ef64ae062dc5,true,
2dfea8ab-4a24-40c9-97df-b4bec31df9d4,f2e5072a-2274-4c14-914a-81b8e3499b22,true,
2dfea8ab-4a24-40c9-97df-b4bec31df9d4,b4d58b3e-083b-4911-958a-3042c4f3c299,true,
2dfea8ab-4a24-40c9-97df-b4bec31df9d4,b168279a-faa7-4d52-887b-a8253f9169c9,true,
2dfea8ab-4a24-40c9-97df-b4bec31df9d4,da4d4b3f-004e-480e-928d-2b7139b31f65,true,
2dfea8ab-4a24-40c9-97df-b4bec31df9d4,bd823c1e-801e-46e1-a2b6-8d1557e8bf79,true,
2dfea8ab-4a24-40c9-97df-b4bec31df9d4,10ad1b89-572d-4c82-b6ea-a6c6632f1c55,true,
2dfea8ab-4a24-40c9-97df-b4bec31df9d4,61db6e9c-8b17-4eea-a0da-e492a63615c6,true,
2dfea8ab-4a24-40c9-97df-b4bec31df9d4,518a8708-0aff-4dae-911e-5889aba7961e,true,
2dfea8ab-4a24-40c9-97df-b4bec31df9d4,d0d686fd-7fbc-4759-a915-0f9d11d76c0f,true,
2dfea8ab-4a24-40c9-97df-b4bec31df9d4,9401b436-2487-4200-9d3c-bf19d9c31e5e,true,
2dfea8ab-4a24-40c9-97df-b4bec31df9d4,fd567f86-16d7-4f96-bddf-d8504f45ebb1,true,
2dfea8ab-4a24-40c9-97df-b4bec31df9d4,33f4f663-8a75-42bc-9f06-6151cbaef0b4,true,
2dfea8ab-4a24-40c9-97df-b4bec31df9d4,efa022e9-4c57-48b1-b6d4-b2eb84bf2e4a,true,
2dfea8ab-4a24-40c9-97df-b4bec31df9d4,f1b28a87-ca65-4b6b-9290-d8317e7e4929,true,
2dfea8ab-4a24-40c9-97df-b4bec31df9d4,6e7144f1-85d5-4af8-80dd-3c40266fc4ec,true,
2dfea8ab-4a24-40c9-97df-b4bec31df9d4,713710c8-9113-4f79-af23-cdc02617ffa4,true,
2dfea8ab-4a24-40c9-97df-b4bec31df9d4,a293cc26-ba71-4712-b688-17ab602a6de4,true,
2dfea8ab-4a24-40c9-97df-b4bec31df9d4,f9045315-64d3-46ff-a8f0-afdb53124564,true,
2dfea8ab-4a24-40c9-97df-b4bec31df9d4,ce48db9d-e5d0-45d5-9658-7513c540333b,true,
2dfea8ab-4a24-40c9-97df-b4bec31df9d4,bec3aeac-6e71-4a69-a6c5-0538d8d98fe9,true,
2dfea8ab-4a24-40c9-97df-b4bec31df9d4,6b52e2db-c0d5-424c-93e7-bede6506f3e3,true,
2dfea8ab-4a24-40c9-97df-b4bec31df9d4,65031f3e-6b04-4034-8e15-f1d44291ecd5,true,
2dfea8ab-4a24-40c9-97df-b4bec31df9d4,653584f5-3e33-4307-8881-84cb374f5987,true,
2dfea8ab-4a24-40c9-97df-b4bec31df9d4,c008b693-a25d-488e-b540-6ada9d8c4eb2,true,
2dfea8ab-4a24-40c9-97df-b4bec31df9d4,cbb6c889-e369-4d07-ad50-3927c7ea1dee,true,
2dfea8ab-4a24-40c9-97df-b4bec31df9d4,4a6e45ca-0a22-4536-a463-00ffba84598a,true,
2dfea8ab-4a24-40c9-97df-b4bec31df9d4,c9655f26-d3ee-475b-9e26-60d091c8a15f,true,
2dfea8ab-4a24-40c9-97df-b4bec31df9d4,250201ae-d9be-405a-b9e0-7331ba4410f7,true,
2dfea8ab-4a24-40c9-97df-b4bec31df9d4,fd63e1ce-e8fc-41ea-ad09-71c485ddd9b8,true,
2dfea8ab-4a24-40c9-97df-b4bec31df9d4,31852255-1f48-4be4-a6cd-d30bd001d2bc,true,
2dfea8ab-4a24-40c9-97df-b4bec31df9d4,59e80634-85de-4d2b-8b2d-3a9b13f23cc2,true,
2dfea8ab-4a24-40c9-97df-b4bec31df9d4,f742d3ac-f97f-43d7-9a6b-4d5006e4da84,true,
2dfea8ab-4a24-40c9-97df-b4bec31df9d4,372d184d-9e48-40db-8331-9b7ee738cf46,true,
2dfea8ab-4a24-40c9-97df-b4bec31df9d4,c5f384ca-e731-4f32-b47e-fb7b452a6f6a,true,
2dfea8ab-4a24-40c9-97df-b4bec31df9d4,7d4886e5-89ba-4531-86ce-665fccf18179,true,
2dfea8ab-4a24-40c9-97df-b4bec31df9d4,02d6b9d7-cbc5-402c-b0b4-42030258255a,true,
2dfea8ab-4a24-40c9-97df-b4bec31df9d4,5ee92fc6-97fe-4cf8-9058-0acf10354a8a,true,
2dfea8ab-4a24-40c9-97df-b4bec31df9d4,99823075-0b85-4db9-b66e-68fe5b26dbb0,true,
2dfea8ab-4a24-40c9-97df-b4bec31df9d4,a4f1e953-d10b-4e4f-b01b-9f9eb11cccce,true,
2dfea8ab-4a24-40c9-97df-b4bec31df9d4,7df0dedd-fe6c-46d2-82bc-08b060346ddd,true,
2dfea8ab-4a24-40c9-97df-b4bec31df9d4,c7e5f1de-2788-4202-b1f8-52713640837b,true,
2dfea8ab-4a24-40c9-97df-b4bec31df9d4,50b5403b-dc34-4f87-91f7-1dd90ac3fbbf,true,
2dfea8ab-4a24-40c9-97df-b4bec31df9d4,7f571fad-de4b-4475-abce-09bbcd7cefb2,true,
2dfea8ab-4a24-40c9-97df-b4bec31df9d4,c26888ff-e2e6-452b-b429-adee0efd20c2,true,
2dfea8ab-4a24-40c9-97df-b4bec31df9d4,f9ea0b73-b933-4ad5-85ad-ea2a475d6bfe,true,
2dfea8ab-4a24-40c9-97df-b4bec31df9d4,995cf43a-9a96-40e4-bc76-9b3d95d76310,true,
2dfea8ab-4a24-40c9-97df-b4bec31df9d4,ec8a865b-26ac-46e9-8eff-139902e928cf,true,
2dfea8ab-4a24-40c9-97df-b4bec31df9d4,cd6c5dc1-a3ab-4827-a449-bbe98359736b,true,
2dfea8ab-4a24-40c9-97df-b4bec31df9d4,d528a2cc-feb8-4b52-8a1a-08b224f03c7d,true,
2dfea8ab-4a24-40c9-97df-b4bec31df9d4,3576c0d6-9251-44f7-8c96-7d87bc4010f4,true,
2dfea8ab-4a24-40c9-97df-b4bec31df9d4,481fd692-eddd-43a0-95c7-72b2bf5fea3c,true,
2dfea8ab-4a24-40c9-97df-b4bec31df9d4,ed3ca7df-4cc1-489c-9675-4a67668774e0,true,
2dfea8ab-4a24-40c9-97df-b4bec31df9d4,fd1c8124-4ec1-410a-8d75-a4b76ed412e6,true,
2dfea8ab-4a24-40c9-97df-b4bec31df9d4,bc9f9544-32d8-4b09-befa-5520504d6ae5,true,
2dfea8ab-4a24-40c9-97df-b4bec31df9d4,62b22cea-a828-408b-84eb-484b3134c503,true,
2dfea8ab-4a24-40c9-97df-b4bec31df9d4,2496588b-509e-4041-ba4f-ee90d4a3871e,true,
2dfea8ab-4a24-40c9-97df-b4bec31df9d4,9ba3cd65-4793-41cc-b522-63d037e63d72,true,
2dfea8ab-4a24-40c9-97df-b4bec31df9d4,57c41441-5e24-49ec-b50a-18968df150b2,true,
2dfea8ab-4a24-40c9-97df-b4bec31df9d4,216873ba-c328-4930-a0c4-aa9e3aa1ad42,true,
2dfea8ab-4a24-40c9-97df-b4bec31df9d4,d6cf9fbb-4d75-46cd-aa46-77b64f272b70,true,
2dfea8ab-4a24-40c9-97df-b4bec31df9d4,a37b76b4-5e43-4756-88e0-78dd1bdd3640,true,
2dfea8ab-4a24-40c9-97df-b4bec31df9d4,45b3f73b-3903-4612-894f-be5142bdfcad,true,
2dfea8ab-4a24-40c9-97df-b4bec31df9d4,6132bc0d-301d-4529-b398-1c96de6a6544,true,
2dfea8ab-4a24-40c9-97df-b4bec31df9d4,80c381c8-55af-4ddb-8a83-1d6cede728ae,true,
2dfea8ab-4a24-40c9-97df-b4bec31df9d4,c2b07264-4571-4302-9bf2-44d6c8690de9,true,
2dfea8ab-4a24-40c9-97df-b4bec31df9d4,e0f216c8-b03d-46d6-a141-fd4018ed2b8c,true,
2dfea8ab-4a24-40c9-97df-b4bec31df9d4,d6e13ee2-0e40-445a-8de4-1be74e95f949,true,
2dfea8ab-4a24-40c9-97df-b4bec31df9d4,ff91d84c-64e4-4a2c-9a37-9213ad5b68eb,true,
2dfea8ab-4a24-40c9-97df-b4bec31df9d4,a96307ef-fcd8-43a0-8493-86f21571b512,true,
2dfea8ab-4a24-40c9-97df-b4bec31df9d4,9d823846-0f02-47be-897d-d8f4f1a6dda1,true,
2dfea8ab-4a24-40c9-97df-b4bec31df9d4,c614239f-8183-4fdd-910e-859a2aca353c,true,
2dfea8ab-4a24-40c9-97df-b4bec31df9d4,61c599a4-d307-4b2d-8ea8-80bd376755b0,true,
2dfea8ab-4a24-40c9-97df-b4bec31df9d4,fac4ee5c-8bad-44c4-85fc-6b28b39a1d0b,true,
2dfea8ab-4a24-40c9-97df-b4bec31df9d4,9807cc83-965e-4db3-85b7-4a0e6047fd8e,true,
2dfea8ab-4a24-40c9-97df-b4bec31df9d4,e51db4e4-7ce7-468d-8efb-2d7284069d90,true,
2dfea8ab-4a24-40c9-97df-b4bec31df9d4,06603f14-5c63-4bcc-b88b-42e60051f559,true,
2dfea8ab-4a24-40c9-97df-b4bec31df9d4,15992445-6136-4582-95f5-040422bbce3c,true,
2dfea8ab-4a24-40c9-97df-b4bec31df9d4,0d82b0ad-7566-4ebd-bfdc-4867a0dc5772,true,
92429459-6773-40c5-b9bb-cef4d5fccb92,8926cc59-0fb0-42d9-977f-30857f9e2859,true,
92429459-6773-40c5-b9bb-cef4d5fccb92,77e7ca9d-75d5-4248-80bd-a4c32d61586c,true,
92429459-6773-40c5-b9bb-cef4d5fccb92,fa8eabb3-f0e7-4d0d-923c-7615a3ee2e51,false,[NO_5XX] Unexpected 5XX response: 504
92429459-6773-40c5-b9bb-cef4d5fccb92,2c7ce852-55f8-4fc4-8737-22ffc8ae005f,true,
92429459-6773-40c5-b9bb-cef4d5fccb92,bb5d8af1-3a31-46d8-ab3b-d10cb90259ba,true,
92429459-6773-40c5-b9bb-cef4d5fccb92,536e22fc-e05b-4456-ab31-ef44021df3ed,true,
92429459-6773-40c5-b9bb-cef4d5fccb92,812a1d66-3b78-44f1-9240-6e82c4c7f5d5,true,
92429459-6773-40c5-b9bb-cef4d5fccb92,5cf537b1-d004-44ed-83bc-2eca80c4cb6f,true,
92429459-6773-40c5-b9bb-cef4d5fccb92,6d065b5a-4721-4651-8da5-e0b5f0881e1c,true,
92429459-6773-40c5-b9bb-cef4d5fccb92,580bb550-63c9-4f45-969f-15d5fc4566f7,true,
92429459-6773-40c5-b9bb-cef4d5fccb92,a110d6bb-3a39-4700-9d0e-fa261e5a548e,true,
92429459-6773-40c5-b9bb-cef4d5fccb92,b2ab14c5-c6c8-49f1-a099-75730032ffd8,true,
92429459-6773-40c5-b9bb-cef4d5fccb92,f92a098f-349e-4e7c-a080-4244a1f49989,true,
92429459-6773-40c5-b9bb-cef4d5fccb92,0956fb36-1267-46ff-a3ac-c1b018c1aaf8,true,
92429459-6773-40c5-b9bb-cef4d5fccb92,4e01e6cb-2904-4142-9f78-9f58850c3997,true,
92429459-6773-40c5-b9bb-cef4d5fccb92,f5d66055-b9d2-4924-bc94-a719b5f1a5e5,true,
92429459-6773-40c5-b9bb-cef4d5fccb92,47088b54-d3d1-4df2-a2e4-8195367c3dc7,true,
92429459-6773-40c5-b9bb-cef4d5fccb92,f8f6ef3e-3d83-4c97-8c74-7ac45410e9b3,true,
92429459-6773-40c5-b9bb-cef4d5fccb92,cde4d02e-54a7-49e7-bc60-b60b8851a368,true,
92429459-6773-40c5-b9bb-cef4d5fccb92,a619ad86-577f-4722-8bb2-eaca12765573,true,
92429459-6773-40c5-b9bb-cef4d5fccb92,e62e18a4-2244-45b0-aff5-6284c1315f0a,true,
92429459-6773-40c5-b9bb-cef4d5fccb92,b3606919-b0b8-4c96-b6d5-3371490090a9,true,
92429459-6773-40c5-b9bb-cef4d5fccb92,a28272ce-f1a7-4ca2-b99b-4ff0a4b63bf4,true,
92429459-6773-40c5-b9bb-cef4d5fccb92,1ce41c2c-ef73-4e79-a59e-b510372cb85a,true,
92429459-6773-40c5-b9bb-cef4d5fccb92,9a871c30-4cc8-4ee3-be24-fbeba3f5f398,true,
92429459-6773-40c5-b9bb-cef4d5fccb92,743e35bf-7263-4c5f-9f6b-a15765d7f98b,true,
92429459-6773-40c5-b9bb-cef4d5fccb92,aba7df9c-9fda-4881-90d8-077ead13fbe5,true,
92429459-6773-40c5-b9bb-cef4d5fccb92,bafee8de-9eac-4402-a0eb-7c9a466926ee,true,
92429459-6773-40c5-b9bb-cef4d5fccb92,2b08ebfb-1397-4143-91f1-b4fb48a6f91d,true,
92429459-6773-40c5-b9bb-cef4d5fccb92,d6c6d9ab-420a-4933-b3b2-ac22d9929231,true,
92429459-6773-40c5-b9bb-cef4d5fccb92,7dd67284-1184-4691-b74b-004a8609befe,true,
92429459-6773-40c5-b9bb-cef4d5fccb92,696a0cba-73fa-42e1-a194-b1dcc32ea2cb,true,
92429459-6773-40c5-b9bb-cef4d5fccb92,af07e860-78d0-458d-8849-02ac114ff3a2,true,
92429459-6773-40c5-b9bb-cef4d5fccb92,3d539d2b-6eec-4ce3-baa2-560674579dc5,true,
92429459-6773-40c5-b9bb-cef4d5fccb92,a7d9f670-7d01-421b-bf4c-90a1df33471d,true,
92429459-6773-40c5-b9bb-cef4d5fccb92,806fb767-5a67-4f93-81d4-697ff6fd93c5,true,
92429459-6773-40c5-b9bb-cef4d5fccb92,e68658e3-1037-4466-a60e-c0f112238596,true,
92429459-6773-40c5-b9bb-cef4d5fccb92,8816d675-65e6-4916-8646-e301e0681c42,true,
92429459-6773-40c5-b9bb-cef4d5fccb92,79ad95e9-0a0c-48f1-ab38-afae9409a4b8,true,
92429459-6773-40c5-b9bb-cef4d5fccb92,0899e35a-aeb1-4bd3-a77c-626093566e74,true,
92429459-6773-40c5-b9bb-cef4d5fccb92,5fc635d8-3a3f-49c8-be1d-f787325b3159,true,
92429459-6773-40c5-b9bb-cef4d5fccb92,645dc3c5-cda9-43c0-a2a0-ea5c07ae9e54,true,
92429459-6773-40c5-b9bb-cef4d5fccb92,e201207d-dcbc-4683-a5c4-22c3e8491313,true,
92429459-6773-40c5-b9bb-cef4d5fccb92,674ba77e-52d4-4a97-a281-2f549ae4d83b,true,
92429459-6773-40c5-b9bb-cef4d5fccb92,1d39515e-3ab2-49a9-9e57-7b2fafd29948,true,
92429459-6773-40c5-b9bb-cef4d5fccb92,50180b02-e00c-4fba-9a48-e8de82a366d3,true,
92429459-6773-40c5-b9bb-cef4d5fccb92,f84b86ea-a9de-468b-946f-10aad9794493,true,
92429459-6773-40c5-b9bb-cef4d5fccb92,53861a7c-db20-4602-895f-c3cc5c1dd51a,true,
92429459-6773-40c5-b9bb-cef4d5fccb92,83e84eeb-af46-4f3f-8744-05c286bf851c,true,
92429459-6773-40c5-b9bb-cef4d5fccb92,b6425db7-9047-4e01-978d-94284b5a3b2e,true,
92429459-6773-40c5-b9bb-cef4d5fccb92,bb0efe1e-69ba-4f65-b4c9-33117e8b3995,true,
92429459-6773-40c5-b9bb-cef4d5fccb92,b231c3e7-b500-4159-a3ae-b00caa14eaad,true,
92429459-6773-40c5-b9bb-cef4d5fccb92,c8fbb1cb-6774-4293-815e-18bef5b21dce,true,
92429459-6773-40c5-b9bb-cef4d5fccb92,658bfa3d-7228-49be-9859-637086ed763c,true,
92429459-6773-40c5-b9bb-cef4d5fccb92,bf5a353f-aa0d-4bd8-b8c8-4493a1fa7f9e,true,
92429459-6773-40c5-b9bb-cef4d5fccb92,f21a37ae-dae7-48b2-bea4-9f411ccf3592,true,
92429459-6773-40c5-b9bb-cef4d5fccb92,e360486d-78fc-4163-8ad2-4cbec45d6df2,true,
92429459-6773-40c5-b9bb-cef4d5fccb92,cd2f45e4-d474-4366-86d4-e28d88db2101,true,
92429459-6773-40c5-b9bb-cef4d5fccb92,e397c58f-41d1-4944-956c-a99055e2e43c,true,
92429459-6773-40c5-b9bb-cef4d5fccb92,8a278d41-72ab-458c-b64e-f6650946dfb0,true,
92429459-6773-40c5-b9bb-cef4d5fccb92,b034a1e4-b59b-44f6-85f4-94b64681072e,true,
92429459-6773-40c5-b9bb-cef4d5fccb92,7a0f24e8-458b-449b-9849-1b77507b7d01,true,
92429459-6773-40c5-b9bb-cef4d5fccb92,7c70a63b-758c-43d0-a3b0-40eb410c4ad6,true,
92429459-6773-40c5-b9bb-cef4d5fccb92,a3592232-78ac-4947-b0ea-e82c4c7509de,true,
92429459-6773-40c5-b9bb-cef4d5fccb92,f03c5b9a-094b-4452-9d30-efc3f39e29e2,true,
92429459-6773-40c5-b9bb-cef4d5fccb92,e7261f7d-7580-41c5-baf8-0f4476f81d30,true,
92429459-6773-40c5-b9bb-cef4d5fccb92,aa480bef-f186-4856-aba6-594885a44ffd,true,
92429459-6773-40c5-b9bb-cef4d5fccb92,a28a1b74-063f-49cc-b00a-2bbabeda46ef,true,
92429459-6773-40c5-b9bb-cef4d5fccb92,ee57224c-6b45-469e-9904-a31b0c07761c,true,
92429459-6773-40c5-b9bb-cef4d5fccb92,b67c72f6-9a2c-4482-943a-3d6b99548c11,true,
92429459-6773-40c5-b9bb-cef4d5fccb92,9e97b061-0eeb-4e19-869e-fae26f4cf18b,true,
92429459-6773-40c5-b9bb-cef4d5fccb92,3c97b9ff-8a3f-4ac6-baf8-9f7dfd588369,true,
92429459-6773-40c5-b9bb-cef4d5fccb92,1474c62e-3e4d-4f5f-88c9-7614e15d6152,true,
92429459-6773-40c5-b9bb-cef4d5fccb92,465be650-c27f-4bea-93f7-944195497633,true,
92429459-6773-40c5-b9bb-cef4d5fccb92,95f0cb9d-c59b-469f-87ac-f773d0480850,true,
92429459-6773-40c5-b9bb-cef4d5fccb92,4f07375f-918c-4c4d-a516-4d92e4a2ba55,true,
92429459-6773-40c5-b9bb-cef4d5fccb92,5d1e3c9d-fb1c-4b70-a053-49ed25a1d9f4,true,
92429459-6773-40c5-b9bb-cef4d5fccb92,03b69262-6acf-4410-9795-3f19d9d43ef4,true,
92429459-6773-40c5-b9bb-cef4d5fccb92,1fa5877d-92de-480b-a969-184262cad1c9,true,
92429459-6773-40c5-b9bb-cef4d5fccb92,6e206bc7-d54b-4381-ad4e-9c1e8735a41c,true,
92429459-6773-40c5-b9bb-cef4d5fccb92,a9c0275a-5bf0-4a39-a00c-5ff999aad36c,true,
92429459-6773-40c5-b9bb-cef4d5fccb92,7639b15d-4c0b-4b8c-bad6-baf52f4ea5a8,true,
92429459-6773-40c5-b9bb-cef4d5fccb92,5dab5b6a-4131-4006-b24a-2f8695405de3,true,
92429459-6773-40c5-b9bb-cef4d5fccb92,8b5f79db-b2c1-45a2-ace8-f71b0dcf52d5,true,
92429459-6773-40c5-b9bb-cef4d5fccb92,d3727553-72b0-41fd-9392-575240514328,true,
92429459-6773-40c5-b9bb-cef4d5fccb92,1931c77d-dc83-4cfd-b989-d75b6a269e5a,true,
92429459-6773-40c5-b9bb-cef4d5fccb92,58bd97df-7d0b-4f9f-b276-8e83085ff01d,true,
92429459-6773-40c5-b9bb-cef4d5fccb92,96a62114-8377-41a0-b486-b76ebbb2f4bf,true,
92429459-6773-40c5-b9bb-cef4d5fccb92,b4c0fe1e-474c-4e24-aad1-ab85ac78b63f,true,
92429459-6773-40c5-b9bb-cef4d5fccb92,780b5681-b43a-4f99-96b9-725fa73b205f,true,
92429459-6773-40c5-b9bb-cef4d5fccb92,23cf696d-a276-4849-9b36-37fc762754b5,true,
92429459-6773-40c5-b9bb-cef4d5fccb92,e259662e-aff4-435c-be6c-e53e8b4b2d52,true,
92429459-6773-40c5-b9bb-cef4d5fccb92,bb572995-6e40-4503-b324-7eae6255a1f3,true,
92429459-6773-40c5-b9bb-cef4d5fccb92,4d23991a-84ad-4205-9ee2-26d7b91eb086,true,
92429459-6773-40c5-b9bb-cef4d5fccb92,18f6a983-df9d-4acd-8e06-cc2bab6ea31b,true,
92429459-6773-40c5-b9bb-cef4d5fccb92,b5be3053-57df-4178-88d7-1cdb35c18425,true,
92429459-6773-40c5-b9bb-cef4d5fccb92,017966a4-60f1-4aeb-bcf2-ce4611dc5fcb,true,
92429459-6773-40c5-b9bb-cef4d5fccb92,55d7debd-8216-434c-b7f6-0536b72ec64f,true,
92429459-6773-40c5-b9bb-cef4d5fccb92,a99406d3-a015-4a98-8051-9f1f7193f13d,true,
92429459-6773-40c5-b9bb-cef4d5fccb92,c585eefc-1d11-4e2f-943e-2e00f5b3234d,true,
92429459-6773-40c5-b9bb-cef4d5fccb92,68937a94-a3a6-4d95-b5bc-dfc159d8f07b,true,
92429459-6773-40c5-b9bb-cef4d5fccb92,2121b847-e75a-4a8e-9bed-f4508f9803a1,true,
92429459-6773-40c5-b9bb-cef4d5fccb92,8d490817-be62-4721-abd0-c306bfda0b68,true,
92429459-6773-40c5-b9bb-cef4d5fccb92,60470c5a-7324-4e06-b87f-b17e5752e384,true,
92429459-6773-40c5-b9bb-cef4d5fccb92,2ad4364c-a69c-497d-9d8b-5f254abb291f,true,
92429459-6773-40c5-b9bb-cef4d5fccb92,14ccf95a-0587-4f59-882f-1b3dde517a00,true,
92429459-6773-40c5-b9bb-cef4d5fccb92,2f823049-758a-4033-bf0c-d83301fb79cf,true,
92429459-6773-40c5-b9bb-cef4d5fccb92,e332b7f8-e7cc-4c10-abb2-1b7b530adf0c,true,
92429459-6773-40c5-b9bb-cef4d5fccb92,f03a7562-88aa-495e-8eaf-d45c06553a3e,true,
92429459-6773-40c5-b9bb-cef4d5fccb92,b89bb3d1-f545-44c2-9d1a-086565ce32c3,true,
92429459-6773-40c5-b9bb-cef4d5fccb92,d3972e8a-61e4-471d-afd2-6dc1772b8f8a,true,
92429459-6773-40c5-b9bb-cef4d5fccb92,515ab0a4-a39b-45cc-a3d4-77ac017605e7,true,
92429459-6773-40c5-b9bb-cef4d5fccb92,8a67861a-2c90-4967-bf08-94f569a49809,true,
92429459-6773-40c5-b9bb-cef4d5fccb92,e2159fb9-b118-4e56-8cac-e9190f9f3e28,true,
92429459-6773-40c5-b9bb-cef4d5fccb92,5558d503-4221-4909-8937-ae8e2f25369d,true,
92429459-6773-40c5-b9bb-cef4d5fccb92,a742ce22-769d-47eb-88b7-ac7e1dd984dc,true,
92429459-6773-40c5-b9bb-cef4d5fccb92,4d7e6c77-f48c-4d01-a0b9-9ce310c9cf1f,true,
92429459-6773-40c5-b9bb-cef4d5fccb92,63d1ed26-066a-4f8b-b49f-6a573d314d04,true,
92429459-6773-40c5-b9bb-cef4d5fccb92,cdaf487b-5bbd-4aaf-a939-e477a2dd4795,true,
92429459-6773-40c5-b9bb-cef4d5fccb92,66bd340c-5072-49e2-80ee-80073fe6be17,true,
92429459-6773-40c5-b9bb-cef4d5fccb92,3f207752-b1f3-4770-839f-360e2bb9391c,true,
92429459-6773-40c5-b9bb-cef4d5fccb92,8d04aaaa-b221-4f9a-835f-d1bf127c70ac,true,
92429459-6773-40c5-b9bb-cef4d5fccb92,246977fc-2c1a-47a0-ae79-5acd0a2a6446,true,
92429459-6773-40c5-b9bb-cef4d5fccb92,61de54b5-ea11-41c6-a4d1-0ac518bd89e0,true,
92429459-6773-40c5-b9bb-cef4d5fccb92,6d7bd545-7a1c-4bce-bed2-f78d121f0431,true,
92429459-6773-40c5-b9bb-cef4d5fccb92,2380b820-e8e4-46fb-ac9a-923c19dfb196,true,
92429459-6773-40c5-b9bb-cef4d5fccb92,e3d5a9b1-b21a-482e-8640-d90922ad927a,true,
92429459-6773-40c5-b9bb-cef4d5fccb92,64461143-5710-4c00-b797-7bda955bc0cf,true,
92429459-6773-40c5-b9bb-cef4d5fccb92,eae8f31b-2a1f-4d7d-adb8-5f64fab56370,true,
92429459-6773-40c5-b9bb-cef4d5fccb92,d2937989-b68d-48ec-aaad-aa916bce8848,true,
92429459-6773-40c5-b9bb-cef4d5fccb92,b7ece762-8ba5-46fd-913a-831833e17c1f,true,
92429459-6773-40c5-b9bb-cef4d5fccb92,407d32da-3648-4536-a4ec-95cf31b0c761,true,
92429459-6773-40c5-b9bb-cef4d5fccb92,025f41a1-d720-477a-af30-3eec3a241b13,true,
92429459-6773-40c5-b9bb-cef4d5fccb92,4e882160-8fab-4124-a9fc-d9e106244f9f,true,
92429459-6773-40c5-b9bb-cef4d5fccb92,ccd9bb05-72f4-430a-8474-56826013c04f,true,
92429459-6773-40c5-b9bb-cef4d5fccb92,d6440149-df31-4faa-9ce8-e57157618815,true,
92429459-6773-40c5-b9bb-cef4d5fccb92,a937b896-9dd8-4e34-a350-26a3570ba839,true,
92429459-6773-40c5-b9bb-cef4d5fccb92,d4af9cb1-bd65-42c8-bbe3-daec44aacfd9,true,
92429459-6773-40c5-b9bb-cef4d5fccb92,bf1958d2-3096-49cc-87bd-aaa3d8cec085,true,
92429459-6773-40c5-b9bb-cef4d5fccb92,b83cabcf-e155-47fb-804f-7b6e883642d7,true,
92429459-6773-40c5-b9bb-cef4d5fccb92,49580f6f-b8ce-4a15-8986-f1b12ff544cd,true,
92429459-6773-40c5-b9bb-cef4d5fccb92,c4976fee-039f-4b42-b7ac-a54bd72e4db7,true,
92429459-6773-40c5-b9bb-cef4d5fccb92,86d53471-9147-4f25-961c-d0437c96ddc8,true,
92429459-6773-40c5-b9bb-cef4d5fccb92,98350d5a-384c-40b1-b445-461714dc4175,true,
92429459-6773-40c5-b9bb-cef4d5fccb92,e395eef9-e1d2-43d7-b900-97b1e3a8cdad,true,
92429459-6773-40c5-b9bb-cef4d5fccb92,bdb30186-866d-458b-85c6-440c20293cc7,true,
92429459-6773-40c5-b9bb-cef4d5fccb92,2b716d24-06b2-42c4-b354-1dba4a0474ce,true,
92429459-6773-40c5-b9bb-cef4d5fccb92,e9df115d-db1b-46b5-9a6e-d360f6ed52d0,true,
92429459-6773-40c5-b9bb-cef4d5fccb92,72ebbb03-687e-48b0-aeaa-c52fed5f1a5c,true,
92429459-6773-40c5-b9bb-cef4d5fccb92,4ef76ff3-abdf-443c-b883-a0e70d2f38d0,true,
92429459-6773-40c5-b9bb-cef4d5fccb92,2b1e1d13-4925-414a-8aa4-d162c33cc7c9,true,
92429459-6773-40c5-b9bb-cef4d5fccb92,25e8b295-500b-4887-994e-d669ae092581,true,
92429459-6773-40c5-b9bb-cef4d5fccb92,68579c59-2401-457f-9eb9-6e46e3d56530,true,
92429459-6773-40c5-b9bb-cef4d5fccb92,76dccaab-0bf7-4abc-996e-e2ae1a9a81f5,true,
92429459-6773-40c5-b9bb-cef4d5fccb92,b9529147-dedc-4876-9354-4a4cfa4ab0c8,true,
92429459-6773-40c5-b9bb-cef4d5fccb92,ce83e09f-8f17-4f54-85e2-8bf5844afe15,true,
92429459-6773-40c5-b9bb-cef4d5fccb92,7212d94a-fce5-434f-96f3-c71737f1bed0,true,
92429459-6773-40c5-b9bb-cef4d5fccb92,d3740aee-e874-4a06-944e-e3c732391534,true,
92429459-6773-40c5-b9bb-cef4d5fccb92,526516d4-c96c-4b81-8442-4ec5bc60fe2b,true,
92429459-6773-40c5-b9bb-cef4d5fccb92,035ea29e-981e-4188-b64b-11097941ca6f,true,
92429459-6773-40c5-b9bb-cef4d5fccb92,ba2c7b9c-a001-45f1-b236-0f32b9aca417,true,
92429459-6773-40c5-b9bb-cef4d5fccb92,2f7a6251-504c-4fc6-9b86-98974736f6a0,true,
92429459-6773-40c5-b9bb-cef4d5fccb92,ec7bd75e-2bc5-455f-a6e0-5c0b8a856e7e,true,
92429459-6773-40c5-b9bb-cef4d5fccb92,b1a781a7-effc-4412-8b4a-5a405b5fae5c,true,
92429459-6773-40c5-b9bb-cef4d5fccb92,9cbe12e3-756b-4974-89c6-4f436317056c,true,
92429459-6773-40c5-b9bb-cef4d5fccb92,f9a6ada1-f6f2-41f4-af49-942a5e4fd8fa,true,
92429459-6773-40c5-b9bb-cef4d5fccb92,0137caff-12e8-4fcf-b221-bfa0db7e45a9,true,
92429459-6773-40c5-b9bb-cef4d5fccb92,f80e3d7a-d450-4322-a89e-d377014116fc,true,
92429459-6773-40c5-b9bb-cef4d5fccb92,1b3b56b8-98a7-4a89-a86d-f6a4536159bf,true,
92429459-6773-40c5-b9bb-cef4d5fccb92,f82608a7-8aad-4f3c-b3a3-539544f6a49f,true,
92429459-6773-40c5-b9bb-cef4d5fccb92,50c63183-33e7-4092-9a9f-825b8e7ff17d,true,
92429459-6773-40c5-b9bb-cef4d5fccb92,175b26cf-1acc-4047-9e47-8405d1b9de02,true,
92429459-6773-40c5-b9bb-cef4d5fccb92,d2cde39b-41ab-4d26-b02a-dabd85d4aeaa,true,
92429459-6773-40c5-b9bb-cef4d5fccb92,42bcf02b-9b44-43dc-a7c7-6c8e8946234b,true,
92429459-6773-40c5-b9bb-cef4d5fccb92,fad1520d-01ad-4882-a402-415fa8b31064,true,
92429459-6773-40c5-b9bb-cef4d5fccb92,bba791a1-f33c-49f4-a332-f24ce91a5ae5,true,
92429459-6773-40c5-b9bb-cef4d5fccb92,303945be-b28a-413b-89f6-765f4a6fa990,true,
92429459-6773-40c5-b9bb-cef4d5fccb92,707b659e-4e39-468f-86b8-c76c6a337e72,true,
92429459-6773-40c5-b9bb-cef4d5fccb92,550bfe1c-a9e3-44be-b8f4-e8f22a15d90b,true,
92429459-6773-40c5-b9bb-cef4d5fccb92,469462f3-ef8e-4c35-866b-78bb8b41692b,true,
92429459-6773-40c5-b9bb-cef4d5fccb92,3373990f-8cbc-4122-8419-aa396d025c7c,true,
92429459-6773-40c5-b9bb-cef4d5fccb92,1a30cf77-89af-40f8-a532-bdad1c3fa708,true,
92429459-6773-40c5-b9bb-cef4d5fccb92,39501362-4a16-4251-9e22-2011fabbf0de,true,
92429459-6773-40c5-b9bb-cef4d5fccb92,862c9385-3944-4d80-8e69-9dcb2f202860,true,
92429459-6773-40c5-b9bb-cef4d5fccb92,204e3bed-f6fb-491c-b468-4458ac08ebda,true,
92429459-6773-40c5-b9bb-cef4d5fccb92,50f77c4a-eb64-40d5-b670-5775dccf7191,true,
92429459-6773-40c5-b9bb-cef4d5fccb92,23e6505a-2bd8-4691-9324-f815be7356fd,true,
92429459-6773-40c5-b9bb-cef4d5fccb92,45babdb5-51fa-43e3-b2cf-623a4b7b9931,true,
92429459-6773-40c5-b9bb-cef4d5fccb92,e496198f-8a60-4ad2-b693-57f73a8339f1,true,
92429459-6773-40c5-b9bb-cef4d5fccb92,28a502ce-871e-4144-9101-0296f5dbaa43,true,
92429459-6773-40c5-b9bb-cef4d5fccb92,82248a43-e562-4870-8826-7f79b4d4f558,true,
92429459-6773-40c5-b9bb-cef4d5fccb92,5d481983-6de6-4cf8-944d-2ee729d54af2,true,
92429459-6773-40c5-b9bb-cef4d5fccb92,04c375f1-0b89-4f01-9b78-ce64417c0615,true,
92429459-6773-40c5-b9bb-cef4d5fccb92,9f2dbc4f-afb9-45d8-830a-66009d02c1d4,true,
92429459-6773-40c5-b9bb-cef4d5fccb92,5ccc8a98-1ea9-49c5-8a44-782a84bb1e2c,true,
92429459-6773-40c5-b9bb-cef4d5fccb92,09523570-1d7b-4b83-907f-519f01a53e4c,true,
92429459-6773-40c5-b9bb-cef4d5fccb92,099e1642-4e90-4b92-9eef-226aae2f7b8b,true,
92429459-6773-40c5-b9bb-cef4d5fccb92,a7e57a9a-f407-44e4-9137-b0d0f9da3e21,true,
92429459-6773-40c5-b9bb-cef4d5fccb92,6c94adb2-fbf4-476e-b56f-4cd3f7318846,true,
92429459-6773-40c5-b9bb-cef4d5fccb92,492bd674-dff1-45c9-9340-95d821cb76b5,true,
92429459-6773-40c5-b9bb-cef4d5fccb92,8e71947f-04f8-47f1-b06f-eb7c58c6677b,true,
92429459-6773-40c5-b9bb-cef4d5fccb92,e9754e7a-de42-4ee5-a67a-46e68911a8f6,true,
92429459-6773-40c5-b9bb-cef4d5fccb92,065a3c20-e309-43eb-9db1-4ae7b11fd597,true,
92429459-6773-40c5-b9bb-cef4d5fccb92,82a1567e-d6c7-4741-bd47-2aea64f2c747,true,
92429459-6773-40c5-b9bb-cef4d5fccb92,9600d9f3-fc34-4930-b834-0ee22e300ef8,true,
92429459-6773-40c5-b9bb-cef4d5fccb92,de7d4b6f-0b53-4107-929e-7cc4745c9e75,true,
92429459-6773-40c5-b9bb-cef4d5fccb92,2887b901-9aa1-4190-bead-17b750afbe5c,true,
92429459-6773-40c5-b9bb-cef4d5fccb92,16b5fc42-c31d-451b-bb83-9efb1c4767f7,true,
92429459-6773-40c5-b9bb-cef4d5fccb92,8e868d3e-6be8-476c-a0d7-c9947e5ee548,true,
92429459-6773-40c5-b9bb-cef4d5fccb92,52077081-ddbe-4d82-bf67-f69c69148eb6,true,
92429459-6773-40c5-b9bb-cef4d5fccb92,76d6ddef-3c98-48cc-8f45-859984ad1c24,true,
92429459-6773-40c5-b9bb-cef4d5fccb92,605476d1-20d4-49ea-b299-3cef08f14ba4,true,
92429459-6773-40c5-b9bb-cef4d5fccb92,3e512416-ba31-481f-871e-41097c05e246,true,
92429459-6773-40c5-b9bb-cef4d5fccb92,c4475175-a0c9-42e9-8beb-feb8fd621b76,true,
92429459-6773-40c5-b9bb-cef4d5fccb92,309fbf72-139e-495b-a0c9-6c3d774b2c62,true,
92429459-6773-40c5-b9bb-cef4d5fccb92,fcf4212a-2d4f-4c17-9c8e-338e6c7a79f6,true,
92429459-6773-40c5-b9bb-cef4d5fccb92,7bd51d56-a062-4772-9e05-980a047b3a76,true,
92429459-6773-40c5-b9bb-cef4d5fccb92,1b8eae27-c05b-4d15-a6e9-d173a7e95eb6,true,
92429459-6773-40c5-b9bb-cef4d5fccb92,107a2d72-0f2a-42b9-b1cb-efc5fc80c80e,true,
92429459-6773-40c5-b9bb-cef4d5fccb92,f88c379c-fbe3-4198-b970-2858b2dccb65,true,
92429459-6773-40c5-b9bb-cef4d5fccb92,a60b3a6f-e283-4e58-9111-81b5bffc1c11,true,
92429459-6773-40c5-b9bb-cef4d5fccb92,84949562-50ca-4797-9d0b-daf73277de2e,true,
92429459-6773-40c5-b9bb-cef4d5fccb92,f1cce2ea-552e-467a-892b-f48f305bd236,true,
92429459-6773-40c5-b9bb-cef4d5fccb92,13fcc229-5c6a-4986-96e0-db33bff9dff2,true,
92429459-6773-40c5-b9bb-cef4d5fccb92,84701a44-7060-46b8-a0c4-7006bc5cf956,true,
92429459-6773-40c5-b9bb-cef4d5fccb92,030f62d7-7fc8-4f19-8c77-3be37902d667,true,
92429459-6773-40c5-b9bb-cef4d5fccb92,220037bc-c7cb-4d17-b487-322e89970e9e,true,
92429459-6773-40c5-b9bb-cef4d5fccb92,194598b6-3e3c-4db2-a143-5631877c5ca8,true,
92429459-6773-40c5-b9bb-cef4d5fccb92,f93f377e-0497-4fb8-9e06-1bb37c98ea3c,true,
92429459-6773-40c5-b9bb-cef4d5fccb92,97c48dc5-1674-430e-b0e9-32e2727e081d,true,
92429459-6773-40c5-b9bb-cef4d5fccb92,25055acd-b570-4b1a-8432-8b4f09d83c37,true,
92429459-6773-40c5-b9bb-cef4d5fccb92,9e315fac-e16f-4eed-9747-fb9cbe367a6e,true,
92429459-6773-40c5-b9bb-cef4d5fccb92,a1ad4dde-7458-4745-8831-6a1cd9252d26,true,
92429459-6773-40c5-b9bb-cef4d5fccb92,18ef0f9f-e3d0-4728-ac19-c78274d6472c,true,
92429459-6773-40c5-b9bb-cef4d5fccb92,dbc548f8-f32f-4fdd-a9f1-616ad6f6eaa3,true,
92429459-6773-40c5-b9bb-cef4d5fccb92,ccdf6c99-5047-4322-a819-52394f08e2d5,true,
92429459-6773-40c5-b9bb-cef4d5fccb92,47317eda-6ca8-46a0-b074-1a19c5ae19f7,true,
92429459-6773-40c5-b9bb-cef4d5fccb92,7e5b9ed7-2676-4e7d-951c-11ebdbe1b473,true,
92429459-6773-40c5-b9bb-cef4d5fccb92,79720de3-ae4a-4bd8-852a-ea311cf54d72,true,
92429459-6773-40c5-b9bb-cef4d5fccb92,ac0af30d-158d-49cd-96a3-2e680467f0af,true,
92429459-6773-40c5-b9bb-cef4d5fccb92,de10f075-4673-4624-8996-e20bca5c3e63,true,
92429459-6773-40c5-b9bb-cef4d5fccb92,4ac29624-d0d1-4437-be14-7bc78fafbbea,true,
92429459-6773-40c5-b9bb-cef4d5fccb92,895c3e63-c114-4a1a-b3b5-3128887aa480,true,
92429459-6773-40c5-b9bb-cef4d5fccb92,1a3ba8f8-ee57-4b5f-817d-6a450ade6959,true,
92429459-6773-40c5-b9bb-cef4d5fccb92,bca56086-2e45-4fae-b652-1b2165471a79,true,
92429459-6773-40c5-b9bb-cef4d5fccb92,622f77c2-a96a-4a75-a7dc-b8a256e5a672,true,
92429459-6773-40c5-b9bb-cef4d5fccb92,d7ca4016-de46-4986-90ba-298a82dcecb8,true,
92429459-6773-40c5-b9bb-cef4d5fccb92,05132b1f-8811-4f7e-a300-9830db777608,true,
6215b1df-3fa5-47b6-9cae-7f0de4e8aa14,a9b2a4b0-8ad6-4782-863b-6cec0a0e031e,true,
6215b1df-3fa5-47b6-9cae-7f0de4e8aa14,f576be94-129e-402c-b1a3-cbb04978632f,true,
6215b1df-3fa5-47b6-9cae-7f0de4e8aa14,3d85c386-613e-4057-b447-04d054502b33,false,[NO_5XX] Unexpected 5XX response: 501
6215b1df-3fa5-47b6-9cae-7f0de4e8aa14,09a23b9c-de77-40e4-9eaf-3617f61ec994,true,
6215b1df-3fa5-47b6-9cae-7f0de4e8aa14,b3f70e00-b7ee-47d1-ac8d-423e32902480,true,
6215b1df-3fa5-47b6-9cae-7f0de4e8aa14,db6187f5-1e53-49ea-b005-f3d45b36254f,true,
6215b1df-3fa5-47b6-9cae-7f0de4e8aa14,929329f7-8f4d-4082-a7bc-e3572ff1ee82,true,
6215b1df-3fa5-47b6-9cae-7f0de4e8aa14,edd4f767-8e24-49f1-b760-dde3f8db335e,true,
6215b1df-3fa5-47b6-9cae-7f0de4e8aa14,20a842a8-da87-4763-9376-2ccdd8ff6e40,true,
6215b1df-3fa5-47b6-9cae-7f0de4e8aa14,17906e77-64ac-436d-b6c4-146873247671,true,
6215b1df-3fa5-47b6-9cae-7f0de4e8aa14,7bb0daa5-e0dd-4727-9cde-8acd367aff58,true,
6215b1df-3fa5-47b6-9cae-7f0de4e8aa14,b170f91f-d3b4-4855-bfe6-e11a637d9338,true,
6215b1df-3fa5-47b6-9cae-7f0de4e8aa14,2b8a2602-4843-4715-bdec-5594c4a0fd3c,true,
6215b1df-3fa5-47b6-9cae-7f0de4e8aa14,9db3586c-a973-47bd-87d4-f34459713465,true,
6215b1df-3fa5-47b6-9cae-7f0de4e8aa14,534a20a7-6296-4b4a-95aa-4ce99b836ceb,true,
6215b1df-3fa5-47b6-9cae-7f0de4e8aa14,0cffc416-7929-4591-af76-c25d190d50d1,true,
6215b1df-3fa5-47b6-9cae-7f0de4e8aa14,7ab11e14-77f4-41d3-94f4-607b4a5032f8,true,
6215b1df-3fa5-47b6-9cae-7f0de4e8aa14,eeaffe5f-9b24-42ad-bca4-78c430c12998,true,
6215b1df-3fa5-47b6-9cae-7f0de4e8aa14,05e2d49d-b3b4-4d62-9d17-d31fb3ef9d49,true,
6215b1df-3fa5-47b6-9cae-7f0de4e8aa14,d3671c33-e4ed-4b45-b1db-2f5b57a55464,true,
6215b1df-3fa5-47b6-9cae-7f0de4e8aa14,d59ed0ca-3812-4b10-b93c-1098a006e257,true,
6215b1df-3fa5-47b6-9cae-7f0de4e8aa14,f085f114-75c9-4862-adc5-b4812f8e139f,true,
6215b1df-3fa5-47b6-9cae-7f0de4e8aa14,35582427-d8c7-4803-8438-e9ce16631006,true,
6215b1df-3fa5-47b6-9cae-7f0de4e8aa14,eb60be7b-d903-4164-92d5-f3de10606961,true,
6215b1df-3fa5-47b6-9cae-7f0de4e8aa14,71316833-3dc5-4650-83b7-42226333156f,true,
6215b1df-3fa5-47b6-9cae-7f0de4e8aa14,43206f9a-6b04-4e64-9953-f78c9852424c,true,
6215b1df-3fa5-47b6-9cae-7f0de4e8aa14,66d46a9e-9c9b-44a9-a53c-a444eb03ff65,true,
6215b1df-3fa5-47b6-9cae-7f0de4e8aa14,0c3a113c-7289-4169-8091-da06df6a8a3d,true,
6215b1df-3fa5-47b6-9cae-7f0de4e8aa14,38a2680c-5db0-41ef-b7f7-c74ff88f28a2,true,
6215b1df-3fa5-47b6-9cae-7f0de4e8aa14,319f4ad5-188b-4d9a-86cd-4f8b696fc4ac,true,
6215b1df-3fa5-47b6-9cae-7f0de4e8aa14,b63b5b0d-46ec-497c-bcad-36d09c5dea96,true,
6215b1df-3fa5-47b6-9cae-7f0de4e8aa14,93ce7fec-e0da-4c21-bf35-914119e83e30,true,
6215b1df-3fa5-47b6-9cae-7f0de4e8aa14,0249497c-7a4f-4023-b254-97d16831fe1c,true,
6215b1df-3fa5-47b6-9cae-7f0de4e8aa14,327ba279-4aab-42e7-a537-4084749c9cbd,true,
6215b1df-3fa5-47b6-9cae-7f0de4e8aa14,9725b417-7c58-4d7e-903f-d136fd9a85a0,true,
6215b1df-3fa5-47b6-9cae-7f0de4e8aa14,07002d5a-7d20-4131-af98-19a8b5dd5e37,true,
6215b1df-3fa5-47b6-9cae-7f0de4e8aa14,0cb1fddc-195c-4f7e-9be2-8b52d5ebae80,true,
6215b1df-3fa5-47b6-9cae-7f0de4e8aa14,709ca58b-9afc-4100-b99f-e79bac827152,true,
6215b1df-3fa5-47b6-9cae-7f0de4e8aa14,9a131cae-2380-487f-a631-0c770fef33c9,true,
6215b1df-3fa5-47b6-9cae-7f0de4e8aa14,b2ee6939-0afe-41b5-8ec0-33d6f2dbc03b,true,
6215b1df-3fa5-47b6-9cae-7f0de4e8aa14,73bfc928-4068-41cf-b208-dbcc4e0466d1,true,
6215b1df-3fa5-47b6-9cae-7f0de4e8aa14,ca4d6f4a-b018-4ee6-bc55-ea8036b3b967,true,
6215b1df-3fa5-47b6-9cae-7f0de4e8aa14,737217f9-69c9-4a3b-b521-670d1a617267,true,
6215b1df-3fa5-47b6-9cae-7f0de4e8aa14,c8f2193d-569c-4435-992e-18dcc44af891,true,
6215b1df-3fa5-47b6-9cae-7f0de4e8aa14,fa6971e7-bdfd-401f-a5e9-4c7f36529999,true,
6215b1df-3fa5-47b6-9cae-7f0de4e8aa14,2e7f375d-b380-4a85-a3ef-514aa659103d,true,
6215b1df-3fa5-47b6-9cae-7f0de4e8aa14,0c616264-03d9-4f28-8176-15ac11b791f6,true,
6215b1df-3fa5-47b6-9cae-7f0de4e8aa14,f9282d7d-3f32-4aa7-b99c-8a151da28657,true,
6215b1df-3fa5-47b6-9cae-7f0de4e8aa14,85bdd9f7-fc14-497a-8ff7-9ed05a425cf2,true,
6215b1df-3fa5-47b6-9cae-7f0de4e8aa14,195bdecd-631f-41f3-bd14-0624d7d9119f,true,
6215b1df-3fa5-47b6-9cae-7f0de4e8aa14,bb3e1f41-84b5-4a5f-b7d4-53ebdd2c47ac,true,
6215b1df-3fa5-47b6-9cae-7f0de4e8aa14,d95f4e6b-b429-49b6-b881-2ddb5db0d58a,true,
6215b1df-3fa5-47b6-9cae-7f0de4e8aa14,c6c89098-bc98-4565-9f73-49376ffb1a86,true,
6215b1df-3fa5-47b6-9cae-7f0de4e8aa14,0d490cc3-f8fc-40f9-8a30-f4d4c1748cc7,true,
6215b1df-3fa5-47b6-9cae-7f0de4e8aa14,92b07ae8-f199-47cb-9b3f-ba228aeb21ea,true,
6215b1df-3fa5-47b6-9cae-7f0de4e8aa14,10f979e9-2b03-4c9d-be26-9b5f00108e60,true,
6215b1df-3fa5-47b6-9cae-7f0de4e8aa14,4fcf64bb-108b-4ba7-b130-46da7c50533d,true,
6215b1df-3fa5-47b6-9cae-7f0de4e8aa14,50b71bd7-f087-4a10-a13e-764776364935,true,
6215b1df-3fa5-47b6-9cae-7f0de4e8aa14,68670754-80b6-47c2-a053-61da4492a645,true,
6215b1df-3fa5-47b6-9cae-7f0de4e8aa14,c8d7e06d-4363-4e31-b6e3-f141e295da22,true,
6215b1df-3fa5-47b6-9cae-7f0de4e8aa14,f6c93666-9e86-4d4e-aa85-43e75545c13c,true,
6215b1df-3fa5-47b6-9cae-7f0de4e8aa14,ade14cc2-1b84-4211-bcac-62470cc5f459,true,
6215b1df-3fa5-47b6-9cae-7f0de4e8aa14,ae1b1d1d-5135-4d62-9371-32b6edea1acb,true,
6215b1df-3fa5-47b6-9cae-7f0de4e8aa14,1e3613b2-abda-4e76-ba0a-64e9a7f03e50,true,
6215b1df-3fa5-47b6-9cae-7f0de4e8aa14,9ca804e9-c18d-4d34-b6e8-abed2edf3d40,true,
6215b1df-3fa5-47b6-9cae-7f0de4e8aa14,5457e51a-3a15-4ce2-82ed-6ebaa9121ef4,true,
6215b1df-3fa5-47b6-9cae-7f0de4e8aa14,ec68a7bb-12a2-4539-8215-18937e385152,true,
6215b1df-3fa5-47b6-9cae-7f0de4e8aa14,409118fa-0e0d-4d7d-ba03-6e035e3ca426,true,
6215b1df-3fa5-47b6-9cae-7f0de4e8aa14,f0d53867-7591-422d-a9ab-05f0d6fd2916,true,
6215b1df-3fa5-47b6-9cae-7f0de4e8aa14,2bd25714-aaa2-4720-a37c-16d2393965c2,true,
6215b1df-3fa5-47b6-9cae-7f0de4e8aa14,77f44e13-2335-4684-9f74-4f282b06bb94,true,
6215b1df-3fa5-47b6-9cae-7f0de4e8aa14,11217c9c-7858-4448-8f10-2741eaee0a6c,true,
6215b1df-3fa5-47b6-9cae-7f0de4e8aa14,26222fcd-c29a-4f01-86a7-7f78a09ed366,true,
6215b1df-3fa5-47b6-9cae-7f0de4e8aa14,d098f764-3e1d-48b3-bdf9-3124e19104b9,true,
6215b1df-3fa5-47b6-9cae-7f0de4e8aa14,d2a222da-1a87-4e3a-ada5-cc3eef6543d0,true,
6215b1df-3fa5-47b6-9cae-7f0de4e8aa14,dcc1d5f0-03b2-4506-8931-07162f6a67cf,true,
6215b1df-3fa5-47b6-9cae-7f0de4e8aa14,5022a997-4da5-49e1-82c6-abd46e0c6388,true,
6215b1df-3fa5-47b6-9cae-7f0de4e8aa14,57ead4ef-734e-43a5-a49f-f87d2fe556dd,true,
6215b1df-3fa5-47b6-9cae-7f0de4e8aa14,e44df3fa-6130-4f03-b2a9-6ddca3df4fb3,true,
6215b1df-3fa5-47b6-9cae-7f0de4e8aa14,b21bf397-04af-4b50-bae3-9ea3db28c706,true,
6215b1df-3fa5-47b6-9cae-7f0de4e8aa14,9e6e2c27-9626-4bd0-8e14-83d5fed67d3d,true,
6215b1df-3fa5-47b6-9cae-7f0de4e8aa14,081404dd-b95f-4919-aad9-b4a821fd3533,true,
6215b1df-3fa5-47b6-9cae-7f0de4e8aa14,1a910f39-c761-484b-abc1-46e4ccbfd283,true,
6215b1df-3fa5-47b6-9cae-7f0de4e8aa14,b42b7f8f-a5dd-4c5b-bffd-a94b4e0b83cc,true,
6215b1df-3fa5-47b6-9cae-7f0de4e8aa14,489af971-e6ec-4571-be9a-501439c1887b,true,
6215b1df-3fa5-47b6-9cae-7f0de4e8aa14,39d1f1e8-0c9e-49ff-8802-0b9869b4735f,true,
6215b1df-3fa5-47b6-9cae-7f0de4e8aa14,77ed1746-fca0-450e-8dda-bc016023c617,true,
6215b1df-3fa5-47b6-9cae-7f0de4e8aa14,f9272b55-6a6c-49a0-85f8-c4387c5a0b48,true,
6215b1df-3fa5-47b6-9cae-7f0de4e8aa14,91c80894-1ac8-4eca-8cee-4735789210ce,true,
6215b1df-3fa5-47b6-9cae-7f0de4e8aa14,89c0b88a-91ae-4689-91c3-d4afb23d85c6,true,
6215b1df-3fa5-47b6-9cae-7f0de4e8aa14,aa5986d0-dbd5-4882-b2dc-70d93434c0ed,true,
6215b1df-3fa5-47b6-9cae-7f0de4e8aa14,4ea027be-c329-44fd-90c4-ab2e8f0cef4a,true,
6215b1df-3fa5-47b6-9cae-7f0de4e8aa14,1272c26b-29a8-4062-9586-374e9940af62,true,
6215b1df-3fa5-47b6-9cae-7f0de4e8aa14,cbf89792-9c23-4964-a9d1-b15b467cb3b6,true,
6215b1df-3fa5-47b6-9cae-7f0de4e8aa14,1a93ec11-af45-40c4-b2d1-660ff54dbbc1,true,
6215b1df-3fa5-47b6-9cae-7f0de4e8aa14,097ea6b2-f865-42b6-a520-ad9c341ffcfa,true,
6215b1df-3fa5-47b6-9cae-7f0de4e8aa14,5ff73a0b-4c22-438c-8224-239157633e33,true,
6215b1df-3fa5-47b6-9cae-7f0de4e8aa14,3058e4a2-e619-497e-a09b-3a19899b3ab1,true,
6215b1df-3fa5-47b6-9cae-7f0de4e8aa14,63c7563b-4078-4f61-9e57-db39b087f67f,true,
6215b1df-3fa5-47b6-9cae-7f0de4e8aa14,6d660b33-22fc-49a9-9861-70cd26ce5ec6,true,
6215b1df-3fa5-47b6-9cae-7f0de4e8aa14,3541758a-99fd-4ff5-b825-860f41626135,true,
6215b1df-3fa5-47b6-9cae-7f0de4e8aa14,bcb10f25-29b2-4d55-bcb2-a071dd28da68,true,
6215b1df-3fa5-47b6-9cae-7f0de4e8aa14,ed06224d-1290-47aa-9331-39d69d1cb098,true,
6215b1df-3fa5-47b6-9cae-7f0de4e8aa14,2ff5cdea-2984-4a12-9925-333915ae5022,true,
6215b1df-3fa5-47b6-9cae-7f0de4e8aa14,0d946273-4c25-4ddd-b976-97b977d80aa6,true,
6215b1df-3fa5-47b6-9cae-7f0de4e8aa14,4b5eed87-a5d4-4fb5-a8b7-1e2854ba39e4,true,
6215b1df-3fa5-47b6-9cae-7f0de4e8aa14,c1a5da8d-2425-4810-b50d-caf3e8c0beb6,true,
6215b1df-3fa5-47b6-9cae-7f0de4e8aa14,e20640a4-eb86-4a25-94b0-55707ed6a141,true,
6215b1df-3fa5-47b6-9cae-7f0de4e8aa14,287d1a69-e610-4232-8d9b-2bc291f7498e,true,
6215b1df-3fa5-47b6-9cae-7f0de4e8aa14,08c60bb7-028a-4010-9f6a-bcc11cc32571,true,
6215b1df-3fa5-47b6-9cae-7f0de4e8aa14,bbda2d95-27df-4ae4-8f8f-9595969cc79f,true,
6215b1df-3fa5-47b6-9cae-7f0de4e8aa14,ea1cd8aa-2b4e-4195-959c-3ea1d430ff42,true,
6215b1df-3fa5-47b6-9cae-7f0de4e8aa14,35bb0088-9bef-48dc-b241-ce1b6903915b,true,
6215b1df-3fa5-47b6-9cae-7f0de4e8aa14,b973364e-3a1b-4635-8b85-56bffc4102af,true,
6215b1df-3fa5-47b6-9cae-7f0de4e8aa14,65437ee3-2f5d-4f9f-9703-638f6011eb7c,true,
6215b1df-3fa5-47b6-9cae-7f0de4e8aa14,61716c64-7d67-4dbc-b3a0-03eabae6c00e,true,
6215b1df-3fa5-47b6-9cae-7f0de4e8aa14,b5968b5e-dc38-49bb-a0c7-8f02bf0a5be8,true,
6215b1df-3fa5-47b6-9cae-7f0de4e8aa14,cc0fd49d-b1d1-4124-93ee-26ce063b8fdc,true,
6215b1df-3fa5-47b6-9cae-7f0de4e8aa14,87756501-75ee-4153-b988-229e4d785470,true,
6215b1df-3fa5-47b6-9cae-7f0de4e8aa14,39079fbe-c872-46df-bf2d-92a04542576a,true,
6215b1df-3fa5-47b6-9cae-7f0de4e8aa14,3f4eafc5-6f58-42b6-a3d1-28d452c60b35,true,
6215b1df-3fa5-47b6-9cae-7f0de4e8aa14,6c223cbb-26f7-4c5f-a957-e3ad38cfa3d4,true,
6215b1df-3fa5-47b6-9cae-7f0de4e8aa14,f635463d-41d1-445d-82f4-b9a912545914,true,
6215b1df-3fa5-47b6-9cae-7f0de4e8aa14,044c0333-81a5-4812-939a-4721e88f80c8,true,
6215b1df-3fa5-47b6-9cae-7f0de4e8aa14,9aa9b6fc-b02c-4aa6-a054-2edddef57ef9,true,
6215b1df-3fa5-47b6-9cae-7f0de4e8aa14,6ef7f4c7-6dd5-416b-8582-87ee2f003e69,true,
6215b1df-3fa5-47b6-9cae-7f0de4e8aa14,61bc60de-8ae8-4184-9460-6da7364aabfd,true,
6215b1df-3fa5-47b6-9cae-7f0de4e8aa14,568039ea-e7c5-4158-a34f-c73663c52dec,true,
6215b1df-3fa5-47b6-9cae-7f0de4e8aa14,5e2f3158-5615-439a-bd50-2aa1366fe0d0,true,
6215b1df-3fa5-47b6-9cae-7f0de4e8aa14,22e7b506-e89c-4daa-aa0c-716e6e11430d,true,
6215b1df-3fa5-47b6-9cae-7f0de4e8aa14,74606ba2-a75c-46a5-8544-15ecb95144a9,true,
6215b1df-3fa5-47b6-9cae-7f0de4e8aa14,437b6171-af0e-4694-862e-33b3975d800c,true,
6215b1df-3fa5-47b6-9cae-7f0de4e8aa14,9e02c7eb-8d3c-4398-bdf9-1f9207747b57,true,
6215b1df-3fa5-47b6-9cae-7f0de4e8aa14,cfa550da-59fd-49ab-a02b-272c46606aa9,true,
6215b1df-3fa5-47b6-9cae-7f0de4e8aa14,b18fada7-502b-4dba-84d1-0e4a81e5a75d,true,
6215b1df-3fa5-47b6-9cae-7f0de4e8aa14,edc5b951-3625-4bf5-8311-5204b163b947,true,
6215b1df-3fa5-47b6-9cae-7f0de4e8aa14,85d3bdb9-dc07-42ae-a433-7a2b99dcb5f1,true,
6215b1df-3fa5-47b6-9cae-7f0de4e8aa14,e280d0b8-212b-4af6-b452-c52ca8b9f593,true,
6215b1df-3fa5-47b6-9cae-7f0de4e8aa14,702892af-b2f5-45f6-a7fc-0e0269a71dbd,true,
6215b1df-3fa5-47b6-9cae-7f0de4e8aa14,601dcdb3-9dbc-4651-a86b-2a8ab1d59863,true,
6215b1df-3fa5-47b6-9cae-7f0de4e8aa14,9a22e7b5-b9fb-4833-a224-65ee3831ec7c,true,
6215b1df-3fa5-47b6-9cae-7f0de4e8aa14,7ac7ca4e-4759-4943-8d94-5b5bd4a3c087,true,
6215b1df-3fa5-47b6-9cae-7f0de4e8aa14,4547ccfd-f33b-4fe2-ad46-e07f0039287e,true,
6215b1df-3fa5-47b6-9cae-7f0de4e8aa14,e6a34ec9-cb71-4b3f-8569-1634c3057043,true,
6215b1df-3fa5-47b6-9cae-7f0de4e8aa14,50e62ae6-d10d-4931-9e5c-4013acec57b9,true,
6215b1df-3fa5-47b6-9cae-7f0de4e8aa14,e5dedcfe-31d3-47f6-84dc-5f15cd36bf78,true,
6215b1df-3fa5-47b6-9cae-7f0de4e8aa14,4bd6085f-4975-4d32-b788-b1f303888934,true,
6215b1df-3fa5-47b6-9cae-7f0de4e8aa14,aa4229a3-bba1-4dd3-90d3-3f15d097e2b6,true,
6215b1df-3fa5-47b6-9cae-7f0de4e8aa14,772bb947-8af9-4bc6-a35d-be7d2486328b,true,
6215b1df-3fa5-47b6-9cae-7f0de4e8aa14,2574b887-a4db-4d21-8e37-355013e438ab,true,
6215b1df-3fa5-47b6-9cae-7f0de4e8aa14,68c918ad-e9c5-4263-b533-3f1077ce3269,true,
6215b1df-3fa5-47b6-9cae-7f0de4e8aa14,d060aca8-ca6d-4504-85e4-bd7b98001bd9,true,
6215b1df-3fa5-47b6-9cae-7f0de4e8aa14,03d7c0ea-4aac-4e27-a20f-afa0ebbe622a,true,
6215b1df-3fa5-47b6-9cae-7f0de4e8aa14,81e01a7c-e999-46a4-b4b4-eafc3a47b086,true,
6215b1df-3fa5-47b6-9cae-7f0de4e8aa14,f823717a-2c55-418b-a108-c29cf7dbd8fe,true,
6215b1df-3fa5-47b6-9cae-7f0de4e8aa14,8abb8e68-fe5d-42c7-a361-81501f4b6865,true,
6215b1df-3fa5-47b6-9cae-7f0de4e8aa14,f6cee999-d2af-4b86-8aa0-31dbed7696d8,true,
6215b1df-3fa5-47b6-9cae-7f0de4e8aa14,9845b4b9-d40e-41ec-b4d0-5a85d0b2a994,true,
6215b1df-3fa5-47b6-9cae-7f0de4e8aa14,3f465d2b-dbb0-4c19-81da-64f17f2b279a,true,
6215b1df-3fa5-47b6-9cae-7f0de4e8aa14,83fcbad8-785e-47c0-871d-f9e31abd51c9,true,
6215b1df-3fa5-47b6-9cae-7f0de4e8aa14,f304e556-7879-4505-9bf6-ee2a34a8c850,true,
6215b1df-3fa5-47b6-9cae-7f0de4e8aa14,e66a0bc6-8c9d-41de-9e83-592b2d982765,true,
6215b1df-3fa5-47b6-9cae-7f0de4e8aa14,41050dbc-6810-420f-a31b-667766dad821,true,
6215b1df-3fa5-47b6-9cae-7f0de4e8aa14,e293b7a6-4f35-4b46-bb10-65c557d21350,true,
6215b1df-3fa5-47b6-9cae-7f0de4e8aa14,e5a17f68-984d-4792-b7c8-f05fa49e9e2b,true,
6215b1df-3fa5-47b6-9cae-7f0de4e8aa14,81ffb7f6-cf5b-4c26-8081-9910b9ae4b00,true,
6215b1df-3fa5-47b6-9cae-7f0de4e8aa14,7de7040d-a87d-424c-bc8f-93c083e119a4,true,
6215b1df-3fa5-47b6-9cae-7f0de4e8aa14,ca60e8a0-ee61-4840-8ebb-51db5441533d,true,
6215b1df-3fa5-47b6-9cae-7f0de4e8aa14,b86e38de-e369-49fc-824b-b80702d910e6,true,
6215b1df-3fa5-47b6-9cae-7f0de4e8aa14,fb184ee0-614f-4fc7-8db5-5b6848f588d0,true,
6215b1df-3fa5-47b6-9cae-7f0de4e8aa14,bc88cc9a-01f7-414d-823a-1f37bc20ee63,true,
6215b1df-3fa5-47b6-9cae-7f0de4e8aa14,9c5f25f9-8397-4a8a-a064-5c7d0c418927,true,
6215b1df-3fa5-47b6-9cae-7f0de4e8aa14,b92fb3fa-36a8-4384-8f44-7cd3b332efec,true,
6215b1df-3fa5-47b6-9cae-7f0de4e8aa14,765b1996-93d7-44b0-b995-f7b26843f0aa,true,
6215b1df-3fa5-47b6-9cae-7f0de4e8aa14,3eb22576-9167-4a78-ba45-67d6fa30402a,true,
6215b1df-3fa5-47b6-9cae-7f0de4e8aa14,f53a6ea9-80f0-4eb6-801f-447de76e4364,true,
6215b1df-3fa5-47b6-9cae-7f0de4e8aa14,6be4d24c-182b-4ae0-a8a7-9dcf8e096005,true,
6215b1df-3fa5-47b6-9cae-7f0de4e8aa14,047eaef5-df1b-45fe-95d6-0920a1e60468,true,
6215b1df-3fa5-47b6-9cae-7f0de4e8aa14,816899e8-ecad-4f45-963b-fa8d0086c788,true,
6215b1df-3fa5-47b6-9cae-7f0de4e8aa14,fd744e0c-ce1d-4b9d-9459-07e7d3f53522,true,
6215b1df-3fa5-47b6-9cae-7f0de4e8aa14,9a8e38ea-2e33-4f7a-be24-67b3cae1037e,true,
6215b1df-3fa5-47b6-9cae-7f0de4e8aa14,71dff854-b391-4891-9ec1-da91b53fbcd9,true,
6215b1df-3fa5-47b6-9cae-7f0de4e8aa14,e16295d2-ff3e-483e-8350-55bc27554df2,true,
6215b1df-3fa5-47b6-9cae-7f0de4e8aa14,eafaf573-3656-4a3b-9eb9-69b23656cdde,true,
6215b1df-3fa5-47b6-9cae-7f0de4e8aa14,8275f92f-419a-4b10-b63d-af9806a1d386,true,
6215b1df-3fa5-47b6-9cae-7f0de4e8aa14,3b8fd442-d584-48d6-ac3d-36b8a937a6e8,true,
6215b1df-3fa5-47b6-9cae-7f0de4e8aa14,0ecee843-73c7-448f-b986-fb1c9dbe8353,true,
6215b1df-3fa5-47b6-9cae-7f0de4e8aa14,d0bf08b3-7f73-43f3-83e7-d673485f245b,true,
6215b1df-3fa5-47b6-9cae-7f0de4e8aa14,c2c5b1ab-89a4-408d-aec3-8d2e55602da4,true,
6215b1df-3fa5-47b6-9cae-7f0de4e8aa14,79e3bc69-e4d8-4061-9277-f1ca0cd3b09c,true,
6215b1df-3fa5-47b6-9cae-7f0de4e8aa14,23aea94c-308c-409e-9636-92bcd1f845e2,true,
6215b1df-3fa5-47b6-9cae-7f0de4e8aa14,6c4eed3c-58f7-467d-aed3-facc4ff8f9cd,true,
6215b1df-3fa5-47b6-9cae-7f0de4e8aa14,ba5bb562-2655-4bc8-a3d8-492de69eeb57,true,
6215b1df-3fa5-47b6-9cae-7f0de4e8aa14,6082d48b-b458-4896-bfac-a10186c9e853,true,
6215b1df-3fa5-47b6-9cae-7f0de4e8aa14,62fcde59-70c9-4685-a800-59baba78e5da,true,
6215b1df-3fa5-47b6-9cae-7f0de4e8aa14,3116b1e0-6462-4a4e-8c04-85ebf15176fc,true,
6215b1df-3fa5-47b6-9cae-7f0de4e8aa14,9add5b2a-d064-4d51-8f24-22454f3f4393,true,
6215b1df-3fa5-47b6-9cae-7f0de4e8aa14,890f0c4d-107b-407d-9864-f2c89b43aab4,true,
6215b1df-3fa5-47b6-9cae-7f0de4e8aa14,3d7b41e4-3f1c-432a-ab52-9656497792e6,true,
6215b1df-3fa5-47b6-9cae-7f0de4e8aa14,1ea074b5-fa4f-41aa-8468-43e7dea70a40,true,
6215b1df-3fa5-47b6-9cae-7f0de4e8aa14,34d15c9c-6b76-40a6-b9f7-bafca559e6e9,true,
6215b1df-3fa5-47b6-9cae-7f0de4e8aa14,693374a1-b815-4c39-b3d3-23523b73062c,true,
6215b1df-3fa5-47b6-9cae-7f0de4e8aa14,6e81ddf8-b1fe-40b9-87e1-2025220524f1,true,
6215b1df-3fa5-47b6-9cae-7f0de4e8aa14,fb2aaac9-6ece-4772-bed1-5f71f148b5ce,true,
6215b1df-3fa5-47b6-9cae-7f0de4e8aa14,037e4176-4243-4fdd-91e7-3a9326dc390e,true,
6215b1df-3fa5-47b6-9cae-7f0de4e8aa14,d9070d9d-6032-48c1-a81f-eae55de989c4,true,
6215b1df-3fa5-47b6-9cae-7f0de4e8aa14,ddb08a32-e763-442e-8f7b-6cdd5550bc9e,true,
6215b1df-3fa5-47b6-9cae-7f0de4e8aa14,13ac8325-5ce6-436e-bf39-5ac81afa9ae9,true,
6215b1df-3fa5-47b6-9cae-7f0de4e8aa14,88c68471-cdc4-4097-aa97-c5db71cf99cc,true,
6215b1df-3fa5-47b6-9cae-7f0de4e8aa14,383caf0c-c349-468c-beda-00f857018766,true,
6215b1df-3fa5-47b6-9cae-7f0de4e8aa14,494e9e57-277c-4c41-9742-51d8b75bd05c,true,
6215b1df-3fa5-47b6-9cae-7f0de4e8aa14,bccd5a39-7729-440e-8bfa-e6f0a8de5459,true,
6215b1df-3fa5-47b6-9cae-7f0de4e8aa14,e081b476-58dd-4e1f-8019-99a5ed412414,true,
6215b1df-3fa5-47b6-9cae-7f0de4e8aa14,38209371-274e-4daa-97ff-56bd6581f888,true,
6215b1df-3fa5-47b6-9cae-7f0de4e8aa14,308bd8cb-c4eb-416e-a23f-d9fd393a01d1,true,
6215b1df-3fa5-47b6-9cae-7f0de4e8aa14,f6d2289d-8ca9-43aa-9c34-d98c0f33f47a,true,
6215b1df-3fa5-47b6-9cae-7f0de4e8aa14,ed3e3ad1-d99d-435a-8552-feb023a0145c,true,
6215b1df-3fa5-47b6-9cae-7f0de4e8aa14,74b14bd9-b91e-4a65-98ad-ea4c58eb6bf9,true,
6215b1df-3fa5-47b6-9cae-7f0de4e8aa14,b82f542a-6bbc-4df3-8fa0-4271e211b33d,true,
6215b1df-3fa5-47b6-9cae-7f0de4e8aa14,41570e3b-e36c-4f5f-a242-486e8421425b,true,
6215b1df-3fa5-47b6-9cae-7f0de4e8aa14,c33b3a0c-44ce-46c4-b0f4-8b79f94351cc,true,
6215b1df-3fa5-47b6-9cae-7f0de4e8aa14,bc44604f-5c70-4ec3-9145-ac032874062d,true,
6215b1df-3fa5-47b6-9cae-7f0de4e8aa14,f34e1676-1fdb-41cc-b1dd-ff587111a98c,true,
6215b1df-3fa5-47b6-9cae-7f0de4e8aa14,b05ae6c3-1c1f-466f-8eb2-9469a9dcf566,true,
6215b1df-3fa5-47b6-9cae-7f0de4e8aa14,0a6d73c4-f99f-44e6-ab13-2bb4c87dd6eb,true,
6215b1df-3fa5-47b6-9cae-7f0de4e8aa14,40573a7b-1706-4af7-afd7-486371ab4d7a,true,
6215b1df-3fa5-47b6-9cae-7f0de4e8aa14,dc6b6acd-82ca-4408-8bbf-83f462a5d557,true,
6215b1df-3fa5-47b6-9cae-7f0de4e8aa14,738a19cd-a839-49cf-bedc-132b8c989497,true,
6215b1df-3fa5-47b6-9cae-7f0de4e8aa14,89fb527c-38ea-4fab-942f-fff26229d196,true,
6215b1df-3fa5-47b6-9cae-7f0de4e8aa14,4763e256-2e18-4e96-a09f-d41ed7e11f58,true,
6215b1df-3fa5-47b6-9cae-7f0de4e8aa14,3fd72604-97e6-4bde-ba74-86e044cd7d1b,true,
6215b1df-3fa5-47b6-9cae-7f0de4e8aa14,5467d7da-3ea2-4368-9c16-1bce4c92b4e6,true,
6215b1df-3fa5-47b6-9cae-7f0de4e8aa14,52c3ebb2-0d28-41c1-8509-3217d97283cb,true,
6215b1df-3fa5-47b6-9cae-7f0de4e8aa14,00a76b88-b150-4d04-bf22-5e120aebd0a5,true,
6215b1df-3fa5-47b6-9cae-7f0de4e8aa14,43b1d87d-55af-4854-99f1-5cd0d5fd3938,true,
6215b1df-3fa5-47b6-9cae-7f0de4e8aa14,9c51348f-a028-4b8e-ab85-abd4f184443e,true,
6215b1df-3fa5-47b6-9cae-7f0de4e8aa14,d3d307a8-f9d2-48d1-b33e-34bcfa5e5079,true,
6215b1df-3fa5-47b6-9cae-7f0de4e8aa14,355fe1de-25ae-4876-9c93-54cf6e1f1fae,true,
6215b1df-3fa5-47b6-9cae-7f0de4e8aa14,f3b659df-dc45-4a96-8634-470e8a6a9770,true,
6215b1df-3fa5-47b6-9cae-7f0de4e8aa14,31783b98-a947-4687-9871-1974719eebbc,true,
6215b1df-3fa5-47b6-9cae-7f0de4e8aa14,cda6974b-e72c-4326-86f4-b0a3544a7500,true,
6215b1df-3fa5-47b6-9cae-7f0de4e8aa14,00bf6349-c649-447d-a620-b57331534a9b,true,
6215b1df-3fa5-47b6-9cae-7f0de4e8aa14,42fdeed5-d068-40af-bdec-842296ba842a,true,
6215b1df-3fa5-47b6-9cae-7f0de4e8aa14,dc309c29-b840-4f5e-a072-839fbab1aef2,true,
6215b1df-3fa5-47b6-9cae-7f0de4e8aa14,ff52a6ce-0d86-4320-a978-23eca2dad7a7,true,
6215b1df-3fa5-47b6-9cae-7f0de4e8aa14,85b6d879-f8e0-4aca-93fe-d24ac27d8e59,true,
6215b1df-3fa5-47b6-9cae-7f0de4e8aa14,bcaaa154-c764-46e4-800e-0e99a5221d54,true,
6215b1df-3fa5-47b6-9cae-7f0de4e8aa14,0c5d27ed-63ee-41eb-9160-8aa09c8041fb,true,
6215b1df-3fa5-47b6-9cae-7f0de4e8aa14,19d4713f-ae1f-40ac-9589-4ee48d055860,true,
6215b1df-3fa5-47b6-9cae-7f0de4e8aa14,a9fc9895-3294-48c5-bcc5-1c88ffb413da,true,
6215b1df-3fa5-47b6-9cae-7f0de4e8aa14,1690d5c3-44cc-4dc7-adec-ffa299d92a4c,true,
6215b1df-3fa5-47b6-9cae-7f0de4e8aa14,0639ada3-1ffb-4c15-975f-b0592907c5d6,true,
c951a366-a777-46da-992d-a39e6f715361,d42606dd-6d9e-4077-8adf-af0c0b3ccc28,true,
c951a366-a777-46da-992d-a39e6f715361,ceb12e32-d5b9-48c4-992c-7e7dafb2f39f,true,
c951a366-a777-46da-992d-a39e6f715361,65d080e2-24a4-4fa8-b86e-e1b8f744bff2,false,[NO_5XX] Unexpected 5XX response: 504
c951a366-a777-46da-992d-a39e6f715361,9c3c8b5c-939d-4080-8551-d31e77a127cc,true,
c951a366-a777-46da-992d-a39e6f715361,58995ad8-9448-4468-a436-35e81cab508d,true,
c951a366-a777-46da-992d-a39e6f715361,361d767c-db0b-41f8-9747-b1b8d518367b,true,
c951a366-a777-46da-992d-a39e6f715361,c80ffcc9-222c-4a24-bc9f-269a6d940d22,true,
c951a366-a777-46da-992d-a39e6f715361,735e73f1-ad7e-482a-927e-1741d0877aa1,true,
c951a366-a777-46da-992d-a39e6f715361,319786aa-5797-4970-9589-d9847e836f7a,true,
c951a366-a777-46da-992d-a39e6f715361,75cf28ae-7a5c-4c5f-ac52-eb23fc87a1a3,true,
c951a366-a777-46da-992d-a39e6f715361,3f61d5c9-6bd4-4a57-b41f-d13f3cd5f36f,true,
c951a366-a777-46da-992d-a39e6f715361,e6aa91df-0144-4d84-97cf-312e2edf81dd,true,
c951a366-a777-46da-992d-a39e6f715361,4913a9fe-d4fb-407e-831d-0ccad717ab1a,true,
c951a366-a777-46da-992d-a39e6f715361,9479f6f2-d69b-4e4b-bb99-bf9b50283e19,true,
c951a366-a777-46da-992d-a39e6f715361,1dfbd423-e894-4b0e-a7de-70e2f115782a,true,
c951a366-a777-46da-992d-a39e6f715361,04165237-5571-46bf-a6f4-a7a42676be71,true,
c951a366-a777-46da-992d-a39e6f715361,6e59e059-68ac-404a-92f1-fd80f2ff7fac,true,
c951a366-a777-46da-992d-a39e6f715361,c49d607b-baaa-49b6-9ea2-feadb6be6287,true,
c951a366-a777-46da-992d-a39e6f715361,0c3ef3b9-b399-4b7e-81df-9635956861c1,true,
c951a366-a777-46da-992d-a39e6f715361,1525d049-dd18-4804-9d58-55e58c92ffc1,true,
c951a366-a777-46da-992d-a39e6f715361,fc73e630-cc2e-4113-a1b7-7db1f582c2e5,true,
c951a366-a777-46da-992d-a39e6f715361,87768db5-f34d-42ee-9148-6d569c4c4877,true,
c951a366-a777-46da-992d-a39e6f715361,3dde23ea-be5d-4a9d-811e-20255497b5b9,true,
c951a366-a777-46da-992d-a39e6f715361,992382d2-d722-4799-a753-4f51cbfb84df,true,
c951a366-a777-46da-992d-a39e6f715361,1bfe3d6a-0956-415d-95ae-a3e3dec999c1,true,
c951a366-a777-46da-992d-a39e6f715361,e10a5f37-3eb0-4074-8a3e-9f5bf8ccbf49,true,
c951a366-a777-46da-992d-a39e6f715361,270273ed-432a-4265-94b8-8b7ecd5445e6,true,
c951a366-a777-46da-992d-a39e6f715361,d3706d0b-71c7-4401-b4f0-f1b9ccdac32b,true,
c951a366-a777-46da-992d-a39e6f715361,9d31e9ff-6374-4f2f-a015-d8aa7b42f827,true,
c951a366-a777-46da-992d-a39e6f715361,e619b033-ccd3-490d-ab5e-3248693d4e7b,true,
c951a366-a777-46da-992d-a39e6f715361,80b4972a-dc6f-42aa-9081-556739a07cb8,true,
c951a366-a777-46da-992d-a39e6f715361,8a17eda8-adc7-4543-8f18-db144696570c,true,
c951a366-a777-46da-992d-a39e6f715361,13e38f97-f6a5-406c-a5e4-bdf90722d81f,true,
c951a366-a777-46da-992d-a39e6f715361,84f74c60-59a9-4922-9ee9-e3bccecdbc94,true,
c951a366-a777-46da-992d-a39e6f715361,caed669d-f1d7-410f-a983-8deb90b386bb,true,
c951a366-a777-46da-992d-a39e6f715361,19662487-7ac6-4f72-b3a2-cc5d5ba5f361,true,
c951a366-a777-46da-992d-a39e6f715361,c59bb82d-d846-48a6-89b9-3ac56097df9f,true,
c951a366-a777-46da-992d-a39e6f715361,00d16b88-f58b-4cfe-8287-bbfbe6bd09fd,true,
c951a366-a777-46da-992d-a39e6f715361,dd08ed11-d0ae-4fa5-b8e5-195440277cc4,true,
c951a366-a777-46da-992d-a39e6f715361,390135bc-7c5b-4f9f-807d-cd5372f07432,true,
c951a366-a777-46da-992d-a39e6f715361,715b67c2-5c63-4bfd-8387-f66e3fcc4ccf,true,
c951a366-a777-46da-992d-a39e6f715361,4a522cbd-0d11-4579-a4d9-ffee27791213,true,
c951a366-a777-46da-992d-a39e6f715361,3d471be0-6f09-4105-ad0d-d7b05e652c91,true,
c951a366-a777-46da-992d-a39e6f715361,14c8a195-3416-4a9b-bb5f-97a40bc9f696,true,
c951a366-a777-46da-992d-a39e6f715361,fb415e7d-7a66-4c46-99fd-fa443bf95746,true,
c951a366-a777-46da-992d-a39e6f715361,ab7cda92-63b6-4c2e-b115-59cf1f70c550,true,
c951a366-a777-46da-992d-a39e6f715361,9ef71c03-efaa-41e0-b82d-ba285887349d,true,
c951a366-a777-46da-992d-a39e6f715361,fa7757e3-d348-4e5f-89f4-b99142e569f8,true,
c951a366-a777-46da-992d-a39e6f715361,19186e23-fe81-40f0-82da-7ddc08b17607,true,
c951a366-a777-46da-992d-a39e6f715361,3ac12c26-57e9-44e1-ad84-16c441607495,true,
c951a366-a777-46da-992d-a39e6f715361,096a4202-bec5-4efa-90bc-55b258cc6c16,true,
c951a366-a777-46da-992d-a39e6f715361,468cfdc2-7c42-4381-aa34-a8b6deb70052,true,
c951a366-a777-46da-992d-a39e6f715361,e32371c1-ca3d-49ac-b88a-c9cfe83facb8,true,
c951a366-a777-46da-992d-a39e6f715361,fa967f22-0efb-481d-878c-8ecdca2486d9,true,
c951a366-a777-46da-992d-a39e6f715361,cad6afc3-a04a-43d4-a745-a5abc264f2d3,true,
c951a366-a777-46da-992d-a39e6f715361,9657c87e-d185-42e0-9e5d-eebe955d8132,true,
c951a366-a777-46da-992d-a39e6f715361,b2155a6c-9a4f-4114-8f0e-15fdfb18af00,true,
c951a366-a777-46da-992d-a39e6f715361,c357bbb0-5274-46ef-a34f-3a807af969ab,true,
c951a366-a777-46da-992d-a39e6f715361,abcb347a-7377-41af-80f8-ea49dd36e550,true,
c951a366-a777-46da-992d-a39e6f715361,5bbc880e-25a1-4a4c-9d33-8d0a99cec51b,true,
c951a366-a777-46da-992d-a39e6f715361,1b1bd330-40fb-41e3-a4d5-6efe11a8ac64,true,
c951a366-a777-46da-992d-a39e6f715361,ffdbaed1-27dc-4189-88f9-6d7383c2f78a,true,
c951a366-a777-46da-992d-a39e6f715361,f87c91ef-403e-4940-9a36-3534eac759b9,true,
c951a366-a777-46da-992d-a39e6f715361,ad569e24-8ebe-4660-96fc-2b9e25006965,true,
c951a366-a777-46da-992d-a39e6f715361,4c6e1d4a-e67f-4e12-b165-3935ae327d37,true,
c951a366-a777-46da-992d-a39e6f715361,c5d08c79-48dd-4a77-ad69-5655b0d484fb,true,
c951a366-a777-46da-992d-a39e6f715361,6e665a04-9c65-4a7c-af1b-f68dbc110488,true,
c951a366-a777-46da-992d-a39e6f715361,606b05d2-6293-4c81-8580-5887e420d068,true,
c951a366-a777-46da-992d-a39e6f715361,ce372592-265d-494f-a94f-4866e1e57ed4,true,
c951a366-a777-46da-992d-a39e6f715361,b074ef7d-6d89-4471-869d-96b538c3bf20,true,
c951a366-a777-46da-992d-a39e6f715361,e04e39db-036c-4830-bfe6-13865ca10c8a,true,
c951a366-a777-46da-992d-a39e6f715361,864a6964-4b86-400f-aecf-64ed2e657b0f,true,
c951a366-a777-46da-992d-a39e6f715361,d2f51110-18a6-418f-b4c2-881a1a7ebb7f,true,
c951a366-a777-46da-992d-a39e6f715361,a167deea-a9d3-4f87-a4a1-436a8b611fd2,true,
c951a366-a777-46da-992d-a39e6f715361,4b20a568-bfe8-4587-9d62-eb8c256d1222,true,
c951a366-a777-46da-992d-a39e6f715361,3fb8e8fa-647e-44be-af58-0e6a90ecbf93,true,
c951a366-a777-46da-992d-a39e6f715361,f8b4456c-5e19-4a4f-bfae-5527776f688c,true,
c951a366-a777-46da-992d-a39e6f715361,cc9c62dc-1e2a-422e-9b68-11efa0ace93c,true,
c951a366-a777-46da-992d-a39e6f715361,080e2b13-c491-4656-b992-802bd24b28c1,true,
c951a366-a777-46da-992d-a39e6f715361,70bb1414-eff6-4325-b608-f23f1f66bf38,true,
c951a366-a777-46da-992d-a39e6f715361,3dd0d3df-af6a-4e3c-ba07-d675c849b1a0,true,
c951a366-a777-46da-992d-a39e6f715361,05a71f7e-b4df-4c65-996b-e1c30a83e911,true,
c951a366-a777-46da-992d-a39e6f715361,28a5a4c1-468e-4766-8160-86160f671335,true,
c951a366-a777-46da-992d-a39e6f715361,92d07455-5b60-4762-8d2c-86691b96d314,true,
c951a366-a777-46da-992d-a39e6f715361,dbbf4f5c-521f-435a-91f4-4108d69472e4,true,
c951a366-a777-46da-992d-a39e6f715361,ce1f7e66-7296-4f21-ae56-f78d9307301c,true,
c951a366-a777-46da-992d-a39e6f715361,5832fcff-6d69-4a9c-a78b-73485abe65e3,true,
c951a366-a777-46da-992d-a39e6f715361,b27c2946-fe82-44f9-a857-59353aac835e,true,
c951a366-a777-46da-992d-a39e6f715361,4d55d565-e8c0-4e10-8c78-cc91d9723873,true,
c951a366-a777-46da-992d-a39e6f715361,6c77c1d3-a5c4-4698-9bee-0385b7b7ac15,true,
c951a366-a777-46da-992d-a39e6f715361,e27df8f6-8517-429f-b7b4-82390decce7c,true,
c951a366-a777-46da-992d-a39e6f715361,b3b54fdf-0e00-4388-9e56-f8ccdbd71058,true,
c951a366-a777-46da-992d-a39e6f715361,3e390c7e-3c87-4c33-a20b-ecaa313eb9d6,true,
c951a366-a777-46da-992d-a39e6f715361,bdd00405-86b8-4e7e-8daa-82acfe871cb1,true,
c951a366-a777-46da-992d-a39e6f715361,41fc8331-2b57-4831-8e76-0c3917085dfe,true,
c951a366-a777-46da-992d-a39e6f715361,221b6a2b-1ac5-4e49-8843-9fc460233ef5,true,
c951a366-a777-46da-992d-a39e6f715361,740c9d8d-d43c-4135-a102-d90b05f2b096,true,
c951a366-a777-46da-992d-a39e6f715361,dff6e026-404a-4882-90fb-879daf567a3d,true,
c951a366-a777-46da-992d-a39e6f715361,000be401-0a7f-481f-b615-96d4fd884b2c,true,
c951a366-a777-46da-992d-a39e6f715361,f11187d2-b41f-4033-8e73-2382c8ecb32e,true,
c951a366-a777-46da-992d-a39e6f715361,3908b324-c182-44c1-a5ae-ea1eabba058b,true,
c951a366-a777-46da-992d-a39e6f715361,d1525418-560c-4ef2-b337-eb51c5bcf3fb,true,
c951a366-a777-46da-992d-a39e6f715361,0e5921e6-6372-4c3e-8bd5-15f47c53df3f,true,
c951a366-a777-46da-992d-a39e6f715361,f3437ad0-fc7d-47b1-895b-5ee236d2d06d,true,
c951a366-a777-46da-992d-a39e6f715361,753be7c6-c515-4467-afc4-c43f15daa7db,true,
c951a366-a777-46da-992d-a39e6f715361,7ca83f32-0efc-4d1e-8c78-ceb567247d18,true,
c951a366-a777-46da-992d-a39e6f715361,7552f08d-48e9-4514-b234-156a4f529254,true,
c951a366-a777-46da-992d-a39e6f715361,d9559a2e-8121-405b-aa3a-be305024d7a4,true,
c951a366-a777-46da-992d-a39e6f715361,efa73d89-af48-4d2f-aa12-b58b7996fa08,true,
c951a366-a777-46da-992d-a39e6f715361,163d5862-6169-4b12-af8b-864dd3121931,true,
c951a366-a777-46da-992d-a39e6f715361,ec4102fa-806a-4d4b-83e6-2d124fd6c892,true,
c951a366-a777-46da-992d-a39e6f715361,67663c8f-847b-4708-b7fc-50255e43a110,true,
c951a366-a777-46da-992d-a39e6f715361,bcbd42f5-d895-469c-a552-84af92969c64,true,
c951a366-a777-46da-992d-a39e6f715361,d6f236aa-72f9-4087-b4c3-d92715f8d3b6,true,
c951a366-a777-46da-992d-a39e6f715361,45be4cf6-c8a6-4e05-9af7-c43fbe6ad73b,true,
c951a366-a777-46da-992d-a39e6f715361,0edffd63-7579-4fe5-8dc7-749d92c5f7fa,true,
c951a366-a777-46da-992d-a39e6f715361,1c672fcc-b66c-44d8-b24d-0bf96d1d2490,true,
c951a366-a777-46da-992d-a39e6f715361,dc673c4f-f07a-484b-8b91-bb273d373548,true,
c951a366-a777-46da-992d-a39e6f715361,4332ca7f-727a-4df0-875c-afca7b02c5bc,true,
c951a366-a777-46da-992d-a39e6f715361,e481c9be-e4ca-485c-ae11-863270fc90f8,true,
c951a366-a777-46da-992d-a39e6f715361,2184d50c-ed05-4394-87af-80995fa235ca,true,
c951a366-a777-46da-992d-a39e6f715361,3c10359a-11b4-4c3a-8dd1-3a0b6ebe4457,true,
c951a366-a777-46da-992d-a39e6f715361,1d72e4b6-81f0-4f2d-8e20-55f3bb1fdfa0,true,
c951a366-a777-46da-992d-a39e6f715361,fc8f8695-65e0-46fc-a1b8-be012a778e43,true,
c951a366-a777-46da-992d-a39e6f715361,a6a810f0-b7a1-415b-83c8-1498defd5d1d,true,
c951a366-a777-46da-992d-a39e6f715361,fd9779cd-fb83-43ac-b22a-c46333621b6e,true,
c951a366-a777-46da-992d-a39e6f715361,2085efda-df68-415e-893e-dd3a80abf9c4,true,
c951a366-a777-46da-992d-a39e6f715361,e37c959f-2a64-4dcb-a529-74527c3aec00,true,
c951a366-a777-46da-992d-a39e6f715361,9509ce5d-5c51-41e1-a541-76973702cb52,true,
c951a366-a777-46da-992d-a39e6f715361,d562187e-a0b9-4933-845a-3066e3aa2b05,true,
c951a366-a777-46da-992d-a39e6f715361,4ccba4b9-9fb3-4e45-9006-c72c50f7263d,true,
c951a366-a777-46da-992d-a39e6f715361,edb82c28-b8ae-4dc7-944f-913a049e4724,true,
c951a366-a777-46da-992d-a39e6f715361,f0f7d733-a6bf-47a1-96e8-ff4558e72186,true,
c951a366-a777-46da-992d-a39e6f715361,ec82cc03-82cf-4405-87cb-cf6327364af1,true,
c951a366-a777-46da-992d-a39e6f715361,a3899e11-fa6d-4e4b-9c99-4251365e634a,true,
c951a366-a777-46da-992d-a39e6f715361,c06b60eb-fd00-4191-bba6-414501c32b5e,true,
c951a366-a777-46da-992d-a39e6f715361,6ca165d7-0ff4-4524-ac26-834a83f37774,true,
c951a366-a777-46da-992d-a39e6f715361,037e8761-c033-4628-a9bc-fe6950098a6d,true,
c951a366-a777-46da-992d-a39e6f715361,8b5a891e-2877-4634-ad30-5c7c7bd146fa,true,
c951a366-a777-46da-992d-a39e6f715361,891d849f-17f7-4ee9-86f5-8070b053ea59,true,
c951a366-a777-46da-992d-a39e6f715361,b83eb98f-7dbb-4134-86d7-c5b7c4566d46,true,
c951a366-a777-46da-992d-a39e6f715361,abbf2bb8-854b-4179-9005-78f587d63f1c,true,
c951a366-a777-46da-992d-a39e6f715361,32be8fa0-bcb9-4fef-ab23-be828eac2d5b,true,
c951a366-a777-46da-992d-a39e6f715361,77f7fbcc-e464-4e93-a08e-888a6b066a8c,true,
c951a366-a777-46da-992d-a39e6f715361,12f33eb0-7e71-459c-a836-94ad1bb169f9,true,
c951a366-a777-46da-992d-a39e6f715361,2ea00f37-442f-4167-b0a7-51bac7266864,true,
c951a366-a777-46da-992d-a39e6f715361,7e07788e-e181-40d1-9c4f-5d21b229bc90,true,
c951a366-a777-46da-992d-a39e6f715361,84ce1cae-1f06-444f-9015-32925b91b461,true,
c951a366-a777-46da-992d-a39e6f715361,d0aa49e1-76fa-4b54-9d52-b4cb08d35422,true,
c951a366-a777-46da-992d-a39e6f715361,b6519daa-e1d5-45f5-9017-7194cd54c3b6,true,
c951a366-a777-46da-992d-a39e6f715361,af4fef09-147a-48da-beac-b490d71e2f10,true,
c951a366-a777-46da-992d-a39e6f715361,414f2f64-ab3f-48fb-9fa9-cbb82f7de856,true,
c951a366-a777-46da-992d-a39e6f715361,859cc29c-b650-41cf-9e34-9b57fbce61f2,true,
c951a366-a777-46da-992d-a39e6f715361,dac8cd31-5aec-4ed3-ac78-847d02401b99,true,
c951a366-a777-46da-992d-a39e6f715361,5967552c-3a6d-484f-b7bf-fa2f088f20c6,true,
c951a366-a777-46da-992d-a39e6f715361,79eff2b7-d619-4c4c-9c6d-d6daa196ec7d,true,
c951a366-a777-46da-992d-a39e6f715361,6e6f1c19-8bdc-4501-b0b0-638db631915c,true,
c951a366-a777-46da-992d-a39e6f715361,e6efadc4-8855-43bb-a0cd-9dca4c5ff937,true,
c951a366-a777-46da-992d-a39e6f715361,feac759f-1e99-4704-bb0a-072518868ec5,true,
c951a366-a777-46da-992d-a39e6f715361,40d3e059-629b-43c0-970c-b06a90cd55bb,true,
c951a366-a777-46da-992d-a39e6f715361,0a1e87b6-a23a-48db-b6b8-d3c3c005756b,true,
c951a366-a777-46da-992d-a39e6f715361,9a01f8ef-74b9-49bd-89b5-969c1f58b683,true,
c951a366-a777-46da-992d-a39e6f715361,28772db2-ec38-46b2-bc67-5578fb658f0d,true,
c951a366-a777-46da-992d-a39e6f715361,c8266a71-3c5f-4ca5-832f-ff30b305e527,true,
c951a366-a777-46da-992d-a39e6f715361,b57d28ce-df4b-45ad-b66a-21af118bb64b,true,
c951a366-a777-46da-992d-a39e6f715361,705c7e81-a5b7-4407-9393-83c37226b210,true,
c951a366-a777-46da-992d-a39e6f715361,8d6fbf5c-3e24-4f7b-beda-f0faf86020de,true,
c951a366-a777-46da-992d-a39e6f715361,ce67b214-b8b1-407e-85a2-c57f67796c8e,true,
c951a366-a777-46da-992d-a39e6f715361,cb9bdf04-adf8-47f1-8ef7-05e880c20310,true,
c951a366-a777-46da-992d-a39e6f715361,e36c3127-d4af-4417-9046-9386a895cb86,true,
c951a366-a777-46da-992d-a39e6f715361,a176b9c5-41a7-4870-8176-2b0f84e23bfb,true,
c951a366-a777-46da-992d-a39e6f715361,0e82c1ba-841d-4178-9cc5-fbcfe3bdc2e3,true,
c951a366-a777-46da-992d-a39e6f715361,a8ec1748-70a2-4c74-9e00-6d0d32448a20,true,
c951a366-a777-46da-992d-a39e6f715361,9e5ea330-6458-4cca-b5fb-8c7bcbbcce8e,true,
c951a366-a777-46da-992d-a39e6f715361,e0968c6e-7552-44e6-a05e-8098a983bd0f,true,
c951a366-a777-46da-992d-a39e6f715361,4a22954c-11e7-4c59-baa0-70d2de96311d,true,
c951a366-a777-46da-992d-a39e6f715361,54454eeb-4b76-4cc0-a9d6-df43d733b463,true,
c951a366-a777-46da-992d-a39e6f715361,88086e35-981a-4c2d-848d-7ebb02c0302d,true,
c951a366-a777-46da-992d-a39e6f715361,3be8e6e0-ffcd-480b-b349-4c237f102cb1,true,
c951a366-a777-46da-992d-a39e6f715361,2666ca81-f30b-48dc-b815-e13e594742a5,true,
c951a366-a777-46da-992d-a39e6f715361,48faa15d-d99e-4160-bba5-6cf0383124f8,true,
c951a366-a777-46da-992d-a39e6f715361,df5fc2df-095f-424e-b9d9-4b2784c52f06,true,
c951a366-a777-46da-992d-a39e6f715361,f635b689-747e-4e3e-af8b-edc9a8358495,true,
c951a366-a777-46da-992d-a39e6f715361,5aedeac1-51a1-4aec-8b90-0246571b6a47,true,
c951a366-a777-46da-992d-a39e6f715361,ddbd0080-290f-4b8e-8692-af8b882acf89,true,
c951a366-a777-46da-992d-a39e6f715361,d07850e4-24a0-40ca-9ae6-29387fe2fde0,true,
c951a366-a777-46da-992d-a39e6f715361,e92f08c1-e8ca-485b-8eb6-c04db43a5982,true,
c951a366-a777-46da-992d-a39e6f715361,d8f9a3ea-b348-4d0f-87e5-6c167ac81e09,true,
c951a366-a777-46da-992d-a39e6f715361,57fd875e-0c4e-471e-b5fe-53d370be5318,true,
c951a366-a777-46da-992d-a39e6f715361,3a25068c-99a0-4e24-ad8a-2e7081748898,true,
c951a366-a777-46da-992d-a39e6f715361,11db7dba-3351-49f2-b246-2dc6bac3f932,true,
c951a366-a777-46da-992d-a39e6f715361,8d1ebc02-078e-4ddb-bed1-cb40eaf433c6,true,
c951a366-a777-46da-992d-a39e6f715361,ce3649b7-8616-4cfd-8022-1ddff6b9bf62,true,
c951a366-a777-46da-992d-a39e6f715361,305ce2c8-0d83-4f74-9a43-f717fe290976,true,
c951a366-a777-46da-992d-a39e6f715361,01a913ae-c801-44e5-8675-0fd4f7c33709,true,
c951a366-a777-46da-992d-a39e6f715361,2cb2a640-beef-4f4f-a1db-ee68f8d858f6,true,
c951a366-a777-46da-992d-a39e6f715361,59f82302-e505-453f-9276-d97ff1843d69,true,
c951a366-a777-46da-992d-a39e6f715361,b9789011-574e-4925-abf9-50dc527be319,true,
c951a366-a777-46da-992d-a39e6f715361,b7b90965-785a-455a-a293-90252f6ff4ae,true,
c951a366-a777-46da-992d-a39e6f715361,e04663df-43e5-4166-94f4-5f10d9581203,true,
c951a366-a777-46da-992d-a39e6f715361,565fbf78-359a-4cdc-b441-5b076e591778,true,
c951a366-a777-46da-992d-a39e6f715361,e325dd97-2362-41d0-8672-a1301ee5c861,true,
c951a366-a777-46da-992d-a39e6f715361,51cc7fb6-55ed-4cbc-8242-aaa0be1f2c55,true,
c951a366-a777-46da-992d-a39e6f715361,7c080907-1b33-4354-8168-e9729fbf659a,true,
c951a366-a777-46da-992d-a39e6f715361,5db81f41-cb97-483c-858b-c570efc76e36,true,
c951a366-a777-46da-992d-a39e6f715361,eaeaaf7d-fea0-45f4-9029-7c83eb1eca23,true,
c951a366-a777-46da-992d-a39e6f715361,2cc3c202-5f33-4f1c-bcd7-0b726dde662d,true,
c951a366-a777-46da-992d-a39e6f715361,33aa6cca-5ac4-4556-afde-3c4b94629360,true,
c951a366-a777-46da-992d-a39e6f715361,62fea10f-c6c5-4074-aa50-9bedbdda4b25,true,
c951a366-a777-46da-992d-a39e6f715361,423adb6a-8f1c-446e-ba88-79545302871b,true,
c951a366-a777-46da-992d-a39e6f715361,3557ba3c-216c-4b5d-8078-2dfafe8e848d,true,
c951a366-a777-46da-992d-a39e6f715361,4a8ba11d-672f-4e4d-8028-29c8ae8e31b1,true,
c951a366-a777-46da-992d-a39e6f715361,1b5dae36-5deb-4a04-ac95-6858c9871434,true,
c951a366-a777-46da-992d-a39e6f715361,7af18196-8494-46e8-b6ac-a8fb8374601d,true,
c951a366-a777-46da-992d-a39e6f715361,821eb1ae-8741-47c5-9f33-1a6650a8852b,true,
c951a366-a777-46da-992d-a39e6f715361,56b7dacf-f853-4bc2-ae3b-ce7f18a73e9d,true,
c951a366-a777-46da-992d-a39e6f715361,1eb4262c-9b8d-4ded-8a40-48109249cbb8,true,
c951a366-a777-46da-992d-a39e6f715361,d5afbb37-5b71-4cdc-9d98-9afc5f1ee0cc,true,
c951a366-a777-46da-992d-a39e6f715361,46641a7e-b6e7-42de-a6db-3c937c5f2fb3,true,
c951a366-a777-46da-992d-a39e6f715361,e4eff0e0-c006-4627-964b-3ef453df7474,true,
c951a366-a777-46da-992d-a39e6f715361,90f4b8c9-410d-4f48-bc5d-678af0113966,true,
c951a366-a777-46da-992d-a39e6f715361,bf0763f9-a1a5-4368-b15c-eb6457a459c8,true,
c951a366-a777-46da-992d-a39e6f715361,192f25d6-c325-4dc7-8f2c-bcda156303f6,true,
c951a366-a777-46da-992d-a39e6f715361,a3b448b6-3ddf-4046-9c4f-d46712593c9c,true,
c951a366-a777-46da-992d-a39e6f715361,79dd59ef-a6c4-47ca-86f5-3ad1e8858729,true,
c951a366-a777-46da-992d-a39e6f715361,c3750d99-c1dd-4d77-8ef8-d1cde6b11709,true,
c951a366-a777-46da-992d-a39e6f715361,ba8ef38a-368b-4c5b-8504-4b6493e4ed17,true,
c951a366-a777-46da-992d-a39e6f715361,3270e112-317a-457e-9007-025c6887d70e,true,
c951a366-a777-46da-992d-a39e6f715361,cfad6eef-b89f-4b16-8256-bb537693ef1a,true,
c951a366-a777-46da-992d-a39e6f715361,bda8af3f-8103-47c5-bf65-0628f5fcc19f,true,
c951a366-a777-46da-992d-a39e6f715361,db258b57-dcaf-44a1-b20e-cd33a993a782,true,
c951a366-a777-46da-992d-a39e6f715361,de2285c8-bf55-486e-bcb2-eb262d6a324f,true,
c951a366-a777-46da-992d-a39e6f715361,aeed6aa4-c3ef-417a-bd60-eedc0d2f4f9c,true,
c951a366-a777-46da-992d-a39e6f715361,d5e4df8a-1c75-464d-aace-5f15f1882afe,true,
c951a366-a777-46da-992d-a39e6f715361,ac9ae225-81ca-499c-82b1-5b8351e2a897,true,
c951a366-a777-46da-992d-a39e6f715361,1f67c768-263b-4ace-8cff-b1075d27add4,true,
c951a366-a777-46da-992d-a39e6f715361,7534b59a-6d89-4a87-9833-6145725cb9b3,true,
c951a366-a777-46da-992d-a39e6f715361,5ca46338-6cd3-4ec4-a8db-71b84589c8d4,true,
c951a366-a777-46da-992d-a39e6f715361,96ab4fa7-7693-47d7-9432-b44383e9ce70,true,
c951a366-a777-46da-992d-a39e6f715361,3f693b1c-2b4c-4b03-b75d-0e6cfbc5d86a,true,
c951a366-a777-46da-992d-a39e6f715361,d1ff74b4-d6bc-4665-9276-4b7bb2e8938d,true,
c951a366-a777-46da-992d-a39e6f715361,4e594d84-ee68-4286-8894-f403410c9efd,true,
c951a366-a777-46da-992d-a39e6f715361,70a87fa7-9a3f-483d-9f93-ddaf7b18b091,true,
c951a366-a777-46da-992d-a39e6f715361,f16f95a6-d010-4522-b78e-c09328d31207,true,
c951a366-a777-46da-992d-a39e6f715361,964f2542-a70c-4885-9405-361b24536c97,true,
c951a366-a777-46da-992d-a39e6f715361,552824c2-f4be-4e41-9732-cb080805055a,true,
c951a366-a777-46da-992d-a39e6f715361,c3fa7a3f-e189-46a8-9436-e5a1cc035d2b,true,
c951a366-a777-46da-992d-a39e6f715361,26141d95-790a-45d3-b491-f42e13a4dd06,true,
c951a366-a777-46da-992d-a39e6f715361,c069c3f9-6f49-4453-8c58-e724d84a0bff,true,
c951a366-a777-46da-992d-a39e6f715361,aaa383a9-a63a-4d44-aa4c-651faf1364e5,true,
c951a366-a777-46da-992d-a39e6f715361,631db005-bd40-4f34-98e5-bacbe986cd39,true,
c951a366-a777-46da-992d-a39e6f715361,54876769-fd8c-4bdb-a74c-1cd1e128303e,true,
49ccaa28-378d-4a7a-a4b2-e6abb379dcd7,b9b27545-1616-4dfe-9905-7674fc0e74a5,true,
49ccaa28-378d-4a7a-a4b2-e6abb379dcd7,49e972f2-be70-49a3-bce6-0925119e4f80,true,
49ccaa28-378d-4a7a-a4b2-e6abb379dcd7,1c44c4d5-3272-45a2-bae5-df271104d158,false,[NO_5XX] Unexpected 5XX response: 502
49ccaa28-378d-4a7a-a4b2-e6abb379dcd7,0a7e3ce5-fcee-4712-8507-c8210e9a5c63,true,
49ccaa28-378d-4a7a-a4b2-e6abb379dcd7,9aebb414-2d95-44ab-9f6a-bc3352bcc62c,true,
49ccaa28-378d-4a7a-a4b2-e6abb379dcd7,1f3a7345-6871-4a2c-9bc1-7da01c76f71e,true,
49ccaa28-378d-4a7a-a4b2-e6abb379dcd7,d29a8eda-1b35-49dd-ae9e-6c600d8e23fb,true,
49ccaa28-378d-4a7a-a4b2-e6abb379dcd7,04d0ef05-6683-4705-bb0c-a120f2a4372e,true,
49ccaa28-378d-4a7a-a4b2-e6abb379dcd7,5d359bbb-003e-405a-a784-b56615c58375,true,
49ccaa28-378d-4a7a-a4b2-e6abb379dcd7,051d611c-5441-4e95-b150-e866b414864b,true,
49ccaa28-378d-4a7a-a4b2-e6abb379dcd7,9dedc761-1485-49b1-8bf3-1178303071cd,true,
49ccaa28-378d-4a7a-a4b2-e6abb379dcd7,21004159-9f17-4992-a6a5-4d4b9fb32f6f,true,
49ccaa28-378d-4a7a-a4b2-e6abb379dcd7,25bb17e3-5cd0-471a-a188-a67564ca5e05,true,
49ccaa28-378d-4a7a-a4b2-e6abb379dcd7,1d880b18-270c-4c9d-b130-e4f5760bfc1b,true,
49ccaa28-378d-4a7a-a4b2-e6abb379dcd7,ad5fdfbd-360a-4d7c-b809-8d7cdcf46e1c,true,
49ccaa28-378d-4a7a-a4b2-e6abb379dcd7,c296b772-92be-460f-8cca-dbae3378748c,true,
49ccaa28-378d-4a7a-a4b2-e6abb379dcd7,b7c9bcdd-9f29-4e2f-a69e-85aec64fa2a2,true,
49ccaa28-378d-4a7a-a4b2-e6abb379dcd7,f5853013-b795-45f1-b2ef-2d9b61aada3f,true,
49ccaa28-378d-4a7a-a4b2-e6abb379dcd7,1f5553a3-3a38-4a4d-8735-5e90be84ad4f,true,
49ccaa28-378d-4a7a-a4b2-e6abb379dcd7,2d5df9e8-bdf3-4f75-97af-061118f7c68d,true,
49ccaa28-378d-4a7a-a4b2-e6abb379dcd7,9de029ba-8408-4f48-a801-4ec77fe68cc0,true,
49ccaa28-378d-4a7a-a4b2-e6abb379dcd7,b9c4857c-483a-4414-9b7e-34cf6601d184,true,
49ccaa28-378d-4a7a-a4b2-e6abb379dcd7,119be625-273b-402d-8115-1dd24977f7be,true,
49ccaa28-378d-4a7a-a4b2-e6abb379dcd7,95e2138d-8f9d-4ce5-97d9-22a64e2296f8,true,
49ccaa28-378d-4a7a-a4b2-e6abb379dcd7,41cfb07e-1a6e-4cda-8f49-8e923052a961,true,
49ccaa28-378d-4a7a-a4b2-e6abb379dcd7,71ae5fb4-5d31-43b9-8943-026859940f27,true,
49ccaa28-378d-4a7a-a4b2-e6abb379dcd7,d9a59e52-25b9-4a80-901b-94494ee8073c,true,
49ccaa28-378d-4a7a-a4b2-e6abb379dcd7,b9c6956f-f81e-4115-83cc-168e4bcc8dfd,true,
49ccaa28-378d-4a7a-a4b2-e6abb379dcd7,4bb85de5-5b7b-4b0d-a536-44e7ac692176,true,
49ccaa28-378d-4a7a-a4b2-e6abb379dcd7,760a03d8-862a-4886-8aeb-f642be560e4b,true,
49ccaa28-378d-4a7a-a4b2-e6abb379dcd7,8ba77809-04d6-47ec-9572-8f6efdcfca41,true,
49ccaa28-378d-4a7a-a4b2-e6abb379dcd7,64f25495-04d5-41ff-b2d5-08e1ce7d62ba,true,
49ccaa28-378d-4a7a-a4b2-e6abb379dcd7,ab328583-8774-4379-b4f6-67eefa4f59ce,true,
49ccaa28-378d-4a7a-a4b2-e6abb379dcd7,ea8c9944-0497-47bf-a680-b81edfa0df60,true,
49ccaa28-378d-4a7a-a4b2-e6abb379dcd7,f6af479d-f825-4107-b85c-ec6ff72af1ff,true,
49ccaa28-378d-4a7a-a4b2-e6abb379dcd7,9e5940b9-e199-43bf-bce0-0e00e039a5b6,true,
49ccaa28-378d-4a7a-a4b2-e6abb379dcd7,a940610f-112f-4037-9dcb-d320e3cab5f0,true,
49ccaa28-378d-4a7a-a4b2-e6abb379dcd7,3f8c96c1-1ed1-468f-9752-eef7b65e496c,true,
49ccaa28-378d-4a7a-a4b2-e6abb379dcd7,8b99b4f7-2cd4-44d2-bb2f-82fcb60fd0e6,true,
49ccaa28-378d-4a7a-a4b2-e6abb379dcd7,16f0bdc2-dfc6-4502-b0a7-e06bc210b42a,true,
49ccaa28-378d-4a7a-a4b2-e6abb379dcd7,bbd2216d-599b-4934-b80a-0d7de196261b,true,
49ccaa28-378d-4a7a-a4b2-e6abb379dcd7,64842a24-2db4-44a7-bd5e-f2c7f2abe6e5,true,
49ccaa28-378d-4a7a-a4b2-e6abb379dcd7,37b0db6c-1cb1-4405-8c1a-dd95bc068779,true,
49ccaa28-378d-4a7a-a4b2-e6abb379dcd7,309b3844-aad4-4e78-aa8e-01483971a925,true,
49ccaa28-378d-4a7a-a4b2-e6abb379dcd7,2a3038a8-0d24-4957-a87d-9d343e8d573c,true,
49ccaa28-378d-4a7a-a4b2-e6abb379dcd7,4a83eb08-6101-4d7b-975d-7d3147350884,true,
49ccaa28-378d-4a7a-a4b2-e6abb379dcd7,f987ef28-31fd-4781-b9af-78059540437b,true,
49ccaa28-378d-4a7a-a4b2-e6abb379dcd7,d61ed3b9-84ac-45bf-bd65-1d3c6b3366cc,true,
49ccaa28-378d-4a7a-a4b2-e6abb379dcd7,e230a303-5c19-43d7-a72e-10f2043d09f5,true,
49ccaa28-378d-4a7a-a4b2-e6abb379dcd7,7ab122dc-81ce-4894-8869-b931b9df5db5,true,
49ccaa28-378d-4a7a-a4b2-e6abb379dcd7,d766689f-5469-4751-bc1c-6dffe6310278,true,
49ccaa28-378d-4a7a-a4b2-e6abb379dcd7,e0d908a9-e71c-466b-b8d1-90245d221f78,true,
49ccaa28-378d-4a7a-a4b2-e6abb379dcd7,c9e3b210-e5d0-4716-b00b-cf278eac5787,true,
49ccaa28-378d-4a7a-a4b2-e6abb379dcd7,507276c4-87f6-46c3-85b4-a0fcc34c741e,true,
49ccaa28-378d-4a7a-a4b2-e6abb379dcd7,c3a0f415-0f3f-4cd1-a5d8-adb51b5b7522,true,
49ccaa28-378d-4a7a-a4b2-e6abb379dcd7,927598e6-007d-4073-a8d3-d82564250020,true,
49ccaa28-378d-4a7a-a4b2-e6abb379dcd7,aad403c7-de77-4c07-9ae4-ba22bcaf9642,true,
49ccaa28-378d-4a7a-a4b2-e6abb379dcd7,07038163-8a81-41a0-a96f-72a032b46208,true,
49ccaa28-378d-4a7a-a4b2-e6abb379dcd7,d13bf002-4178-46dd-b7a7-5116cc45b118,true,
49ccaa28-378d-4a7a-a4b2-e6abb379dcd7,63718a86-5641-4a2e-af14-e26fece0fca6,true,
49ccaa28-378d-4a7a-a4b2-e6abb379dcd7,54f6630b-57bd-4c7d-97eb-c548224509f3,true,
49ccaa28-378d-4a7a-a4b2-e6abb379dcd7,368a83f8-b1c8-4ef9-9aaf-5677dbdf4868,true,
49ccaa28-378d-4a7a-a4b2-e6abb379dcd7,df5b04d2-3390-4057-82b6-150109afea52,true,
49ccaa28-378d-4a7a-a4b2-e6abb379dcd7,de373802-4349-4cb4-aee3-1287f4d13487,true,
49ccaa28-378d-4a7a-a4b2-e6abb379dcd7,1ccac37a-58de-42b4-8232-680b7d6e0dd7,true,
49ccaa28-378d-4a7a-a4b2-e6abb379dcd7,3d50b16d-f6d9-44e2-9be1-9997773a1cc4,true,
49ccaa28-378d-4a7a-a4b2-e6abb379dcd7,4bf5ea79-fa60-44ae-a354-6bcb54a37863,true,
49ccaa28-378d-4a7a-a4b2-e6abb379dcd7,16fd3cfc-7f95-4d48-beaf-326e499cf1ea,true,
49ccaa28-378d-4a7a-a4b2-e6abb379dcd7,ee189a11-29bd-4c7d-9f67-f1bf26db3f31,true,
49ccaa28-378d-4a7a-a4b2-e6abb379dcd7,7616c0ff-1ea8-4526-9e46-ac21f5f943ce,true,
49ccaa28-378d-4a7a-a4b2-e6abb379dcd7,d65ca3c3-ca75-4c97-a979-9f2058557d71,true,
49ccaa28-378d-4a7a-a4b2-e6abb379dcd7,3a011752-6308-4cd1-9321-84c449ca2a9b,true,
49ccaa28-378d-4a7a-a4b2-e6abb379dcd7,b4a39019-d683-43d7-9e9f-33e13ba65707,true,
49ccaa28-378d-4a7a-a4b2-e6abb379dcd7,60e5ae02-8888-44f8-bb95-6a6d3985822d,true,
49ccaa28-378d-4a7a-a4b2-e6abb379dcd7,3215cd63-fe24-45b8-b05b-64e21d6ff6b1,true,
49ccaa28-378d-4a7a-a4b2-e6abb379dcd7,502361c7-a421-4ecd-9e7c-e3a5ff3ce99e,true,
49ccaa28-378d-4a7a-a4b2-e6abb379dcd7,767e99f0-38b6-471d-9fd8-116597f2335e,true,
49ccaa28-378d-4a7a-a4b2-e6abb379dcd7,75d7ffb3-e357-4d88-81a9-f668fa89b039,true,
49ccaa28-378d-4a7a-a4b2-e6abb379dcd7,547df63d-79d2-469f-aefd-dc2cfc861445,true,
49ccaa28-378d-4a7a-a4b2-e6abb379dcd7,b744aefd-2946-406e-84b0-7cb3a72c3025,true,
49ccaa28-378d-4a7a-a4b2-e6abb379dcd7,b3ab2c8d-aa5f-46c1-babb-e77612530ee4,true,
49ccaa28-378d-4a7a-a4b2-e6abb379dcd7,d167980b-a775-4207-a319-db677201ce7b,true,
49ccaa28-378d-4a7a-a4b2-e6abb379dcd7,d37f60bb-2c4a-4fe4-988c-8d62f1df98db,true,
49ccaa28-378d-4a7a-a4b2-e6abb379dcd7,43b530c6-1df6-4bb0-9def-9ec6485436ee,true,
49ccaa28-378d-4a7a-a4b2-e6abb379dcd7,2599cba4-205b-4acd-98bc-5ce8c4cee2c2,true,
49ccaa28-378d-4a7a-a4b2-e6abb379dcd7,7f6250cb-624f-42cf-8df4-38d8590e5501,true,
49ccaa28-378d-4a7a-a4b2-e6abb379dcd7,a2a4c44b-5316-489f-900b-bf96f56f1e7a,true,
49ccaa28-378d-4a7a-a4b2-e6abb379dcd7,c9912174-f97b-44ad-be45-eec2f09eb25e,true,
49ccaa28-378d-4a7a-a4b2-e6abb379dcd7,5359df7e-35b4-4844-b375-4a235b7840a6,true,
49ccaa28-378d-4a7a-a4b2-e6abb379dcd7,ef8779d6-9637-49f2-a2eb-7452667311d5,true,
49ccaa28-378d-4a7a-a4b2-e6abb379dcd7,c5191dae-d7c7-4e49-9805-8f35e610a2b5,true,
49ccaa28-378d-4a7a-a4b2-e6abb379dcd7,9f22adae-3f06-4ba2-90f4-de80c39e2ef7,true,
49ccaa28-378d-4a7a-a4b2-e6abb379dcd7,920a08f6-7c84-4a35-a615-febdd33c895f,true,
49ccaa28-378d-4a7a-a4b2-e6abb379dcd7,21b3c64a-8b61-443f-a9a3-5c76b25491c3,true,
49ccaa28-378d-4a7a-a4b2-e6abb379dcd7,832506b2-436a-4168-92b4-ef533e0f5c45,true,
49ccaa28-378d-4a7a-a4b2-e6abb379dcd7,c1a6671d-aa7e-43ec-8585-a8caf985dad7,true,
49ccaa28-378d-4a7a-a4b2-e6abb379dcd7,dc69aa3d-0e0e-4c91-9f6c-a877ecebb435,true,
49ccaa28-378d-4a7a-a4b2-e6abb379dcd7,f4c20840-1778-4918-aa7b-ce903e0ac7af,true,
49ccaa28-378d-4a7a-a4b2-e6abb379dcd7,817b2f1a-80aa-4e7e-bab7-576c45926ecf,true,
49ccaa28-378d-4a7a-a4b2-e6abb379dcd7,a42e35f4-31f7-4be6-8cba-58944307cbf9,true,
49ccaa28-378d-4a7a-a4b2-e6abb379dcd7,a6e47505-5b07-4624-a76b-8ab8a1ab085b,true,
49ccaa28-378d-4a7a-a4b2-e6abb379dcd7,22198475-3a72-4b52-adca-352d4c5528bf,true,
49ccaa28-378d-4a7a-a4b2-e6abb379dcd7,d25cc644-6c17-4591-b927-8f5f931c95a9,true,
49ccaa28-378d-4a7a-a4b2-e6abb379dcd7,627d9dc2-a3bc-4012-9b93-d06576b99e0a,true,
49ccaa28-378d-4a7a-a4b2-e6abb379dcd7,e776cb3d-c922-4d89-a8d8-e016b2b8a9c4,true,
49ccaa28-378d-4a7a-a4b2-e6abb379dcd7,85865ffb-a36d-4474-bc68-dcd62959963f,true,
49ccaa28-378d-4a7a-a4b2-e6abb379dcd7,6b81e54e-0fa5-4985-8c68-2b3dcf7e70df,true,
49ccaa28-378d-4a7a-a4b2-e6abb379dcd7,aba18284-afca-42ba-8a45-f69e85c131c4,true,
49ccaa28-378d-4a7a-a4b2-e6abb379dcd7,00472b9d-0bc3-4218-a7ed-3263523a04bb,true,
49ccaa28-378d-4a7a-a4b2-e6abb379dcd7,6ea0ac25-6982-458b-bc68-0d1394a1a3d5,true,
49ccaa28-378d-4a7a-a4b2-e6abb379dcd7,5b1a1272-f35b-4a32-af0b-d9b04a3d91df,true,
49ccaa28-378d-4a7a-a4b2-e6abb379dcd7,714a01ed-2c42-4b63-ad82-2708f9a1dce6,true,
49ccaa28-378d-4a7a-a4b2-e6abb379dcd7,f18de811-1b70-4904-96de-5e968c06d367,true,
49ccaa28-378d-4a7a-a4b2-e6abb379dcd7,1fe12cf5-b82a-42ff-a522-afe0e31785cc,true,
49ccaa28-378d-4a7a-a4b2-e6abb379dcd7,3a7ed1d7-dc65-4b32-b292-704c4b18fcdb,true,
49ccaa28-378d-4a7a-a4b2-e6abb379dcd7,785805fa-22d5-4622-a9f4-cf3a8f1d8695,true,
49ccaa28-378d-4a7a-a4b2-e6abb379dcd7,3c17373b-d08a-4419-b68f-fd2dfcf8cabe,true,
49ccaa28-378d-4a7a-a4b2-e6abb379dcd7,1ba3952d-f5bc-49aa-8ea3-26298f22c396,true,
49ccaa28-378d-4a7a-a4b2-e6abb379dcd7,5f1a5f4b-69c4-4327-96b3-bbd094b229ec,true,
49ccaa28-378d-4a7a-a4b2-e6abb379dcd7,e26bb3fe-bd04-4c33-9a48-1e8330e6f6e7,true,
49ccaa28-378d-4a7a-a4b2-e6abb379dcd7,1eafbc11-3ee4-4e59-93a4-e516a1e2a4b2,true,
49ccaa28-378d-4a7a-a4b2-e6abb379dcd7,343024f4-2289-46fa-b4cc-09e94caf0d39,true,
49ccaa28-378d-4a7a-a4b2-e6abb379dcd7,311d859e-d972-48d7-9f4e-5ab5c0b7d789,true,
49ccaa28-378d-4a7a-a4b2-e6abb379dcd7,71b4bf76-cdab-458c-832c-b9254a00fc5b,true,
49ccaa28-378d-4a7a-a4b2-e6abb379dcd7,2ddc4333-7085-4ce5-9cf1-e311fef268b4,true,
49ccaa28-378d-4a7a-a4b2-e6abb379dcd7,c1d19d97-6d27-42bd-8990-8c153e82d03f,true,
49ccaa28-378d-4a7a-a4b2-e6abb379dcd7,3cf2a785-efa6-4c07-9afe-ef053ae1c785,true,
49ccaa28-378d-4a7a-a4b2-e6abb379dcd7,c0ee20c3-6da4-4040-a139-75f1d8ad617a,true,
49ccaa28-378d-4a7a-a4b2-e6abb379dcd7,1c504fc0-d2ac-4b64-887a-35bfc3e1dc1d,true,
49ccaa28-378d-4a7a-a4b2-e6abb379dcd7,1103592e-474f-4b5e-9eb5-94dd842cebb7,true,
49ccaa28-378d-4a7a-a4b2-e6abb379dcd7,4d8adc25-df23-4077-a279-7b42c6742869,true,
49ccaa28-378d-4a7a-a4b2-e6abb379dcd7,2371cd5b-8ad7-47ae-8f4d-3eee49f2f275,true,
49ccaa28-378d-4a7a-a4b2-e6abb379dcd7,2756564e-a841-4905-a20e-b88b05651549,true,
49ccaa28-378d-4a7a-a4b2-e6abb379dcd7,73f3ae96-9457-4cd9-a2a3-f18814a5726a,true,
49ccaa28-378d-4a7a-a4b2-e6abb379dcd7,7a5bfbde-d03f-4dad-88cb-c3d902ec3e85,true,
49ccaa28-378d-4a7a-a4b2-e6abb379dcd7,ac4da9ec-6905-4a05-b00c-0d74ec20fdce,true,
49ccaa28-378d-4a7a-a4b2-e6abb379dcd7,deb5bc1d-75a8-401a-8542-022ec6f15d00,true,
49ccaa28-378d-4a7a-a4b2-e6abb379dcd7,37e6ef30-e47f-43ad-929b-ea95f17ed064,true,
49ccaa28-378d-4a7a-a4b2-e6abb379dcd7,07dea5f0-df91-4e71-acba-540bf86467a9,true,
49ccaa28-378d-4a7a-a4b2-e6abb379dcd7,feccd5d3-ace8-4619-a66b-d710ee0744f7,true,
49ccaa28-378d-4a7a-a4b2-e6abb379dcd7,d4383192-c988-4c05-a8b3-0c262f6a5c45,true,
49ccaa28-378d-4a7a-a4b2-e6abb379dcd7,b7f6d98c-16c1-4ff2-8b99-4607235b17ad,true,
49ccaa28-378d-4a7a-a4b2-e6abb379dcd7,b2bd3938-c114-4b92-94eb-29843d8a0d0f,true,
49ccaa28-378d-4a7a-a4b2-e6abb379dcd7,b2d584b1-6467-44cb-b1e8-e07aa8223b72,true,
49ccaa28-378d-4a7a-a4b2-e6abb379dcd7,b875a9af-fe63-40f7-a6b7-1c4e0a95c631,true,
49ccaa28-378d-4a7a-a4b2-e6abb379dcd7,9de2c5ba-7ed9-415c-98a3-3baf265edab1,true,
49ccaa28-378d-4a7a-a4b2-e6abb379dcd7,63f5e7f2-c3b0-44a8-8ab3-152c3a450445,true,
49ccaa28-378d-4a7a-a4b2-e6abb379dcd7,ef04b691-94d5-4369-bd8a-d0de775d0b79,true,
49ccaa28-378d-4a7a-a4b2-e6abb379dcd7,84955f81-a8c8-40ed-816a-99590e95a8fc,true,
49ccaa28-378d-4a7a-a4b2-e6abb379dcd7,8cdcde97-5475-4c14-9f7e-092fd268d0a1,true,
49ccaa28-378d-4a7a-a4b2-e6abb379dcd7,b1bb6628-4207-4d09-bb77-5c32009abb04,true,
49ccaa28-378d-4a7a-a4b2-e6abb379dcd7,9509596e-62c6-4580-9f1d-00e210791df8,true,
49ccaa28-378d-4a7a-a4b2-e6abb379dcd7,761aa6b5-9b70-4be5-bfd2-42cd6fccc480,true,
49ccaa28-378d-4a7a-a4b2-e6abb379dcd7,cbb7987d-dffa-4de1-8036-1c668ef4ab22,true,
49ccaa28-378d-4a7a-a4b2-e6abb379dcd7,70129219-715a-4251-b0ec-4fdb8073422b,true,
49ccaa28-378d-4a7a-a4b2-e6abb379dcd7,5e1a80bb-45d9-4682-87c7-922dc9728d65,true,
49ccaa28-378d-4a7a-a4b2-e6abb379dcd7,d4c7b9c8-6257-4468-b61a-38bd7c13f652,true,
49ccaa28-378d-4a7a-a4b2-e6abb379dcd7,e73ea0ca-68c1-4a6e-916d-1246749d2e74,true,
49ccaa28-378d-4a7a-a4b2-e6abb379dcd7,46d188bc-77d2-4be0-b935-4941dbcc9de8,true,
49ccaa28-378d-4a7a-a4b2-e6abb379dcd7,d12d5e99-a922-4e86-a410-f7901cab23a1,true,
49ccaa28-378d-4a7a-a4b2-e6abb379dcd7,160df3fd-5832-41f2-8578-791b51589926,true,
49ccaa28-378d-4a7a-a4b2-e6abb379dcd7,28dea8d3-41e9-4519-b4d0-0731e8d01a7f,true,
49ccaa28-378d-4a7a-a4b2-e6abb379dcd7,b756d26b-7edb-4f9d-bea7-c8399021a136,true,
49ccaa28-378d-4a7a-a4b2-e6abb379dcd7,7db85dce-9ba7-4dd8-9352-966ab5bcdbb9,true,
49ccaa28-378d-4a7a-a4b2-e6abb379dcd7,1d1184e7-17a9-428d-819b-c3d4ef573204,true,
49ccaa28-378d-4a7a-a4b2-e6abb379dcd7,17e33e85-e8dc-4a73-acfb-4da917960c75,true,
49ccaa28-378d-4a7a-a4b2-e6abb379dcd7,879481d6-ff2d-4581-8d2a-ff4db2a34f77,true,
49ccaa28-378d-4a7a-a4b2-e6abb379dcd7,a1555ad1-f6d9-4f40-806b-14321fb46dd1,true,
49ccaa28-378d-4a7a-a4b2-e6abb379dcd7,537f3876-ae72-4db1-9dfb-0acce9ea0126,true,
49ccaa28-378d-4a7a-a4b2-e6abb379dcd7,91acec09-f17d-4320-851f-7ecae0f0b2d2,true,
49ccaa28-378d-4a7a-a4b2-e6abb379dcd7,7c356d0a-d3d8-45b8-a740-6711cc5980fb,true,
49ccaa28-378d-4a7a-a4b2-e6abb379dcd7,d4be6ea0-e3ef-43ea-b884-904805e23b40,true,
49ccaa28-378d-4a7a-a4b2-e6abb379dcd7,70ddb114-94be-4337-849f-8d89fef80a6a,true,
49ccaa28-378d-4a7a-a4b2-e6abb379dcd7,7044646b-079e-46dc-a8fe-393e2c5543da,true,
49ccaa28-378d-4a7a-a4b2-e6abb379dcd7,9f5dd466-8920-4da3-9779-9b5d493faa80,true,
49ccaa28-378d-4a7a-a4b2-e6abb379dcd7,0d6a2c76-a2d8-4033-988f-8d60ce952986,true,
49ccaa28-378d-4a7a-a4b2-e6abb379dcd7,b3a9cc26-3704-4b93-a566-bb72bd22b980,true,
49ccaa28-378d-4a7a-a4b2-e6abb379dcd7,bb19459e-003e-4021-96fe-b69de45b7b50,true,
49ccaa28-378d-4a7a-a4b2-e6abb379dcd7,24631a2f-6443-4bdc-892b-3fda0d85f0f0,true,
49ccaa28-378d-4a7a-a4b2-e6abb379dcd7,35959ea5-1a8d-41f0-b64e-c8deefaf3d92,true,
49ccaa28-378d-4a7a-a4b2-e6abb379dcd7,d355e607-ad52-4aa4-a8d5-946b98787aa3,true,
49ccaa28-378d-4a7a-a4b2-e6abb379dcd7,94b2e83c-6b79-4f39-a9ae-8cd97be0b5c7,true,
49ccaa28-378d-4a7a-a4b2-e6abb379dcd7,bf6b5e3c-5d89-45a9-81df-686917477231,true,
49ccaa28-378d-4a7a-a4b2-e6abb379dcd7,70a382f3-bb5c-45b7-bbc8-888471cf4b30,true,
49ccaa28-378d-4a7a-a4b2-e6abb379dcd7,f87dc05f-0ee9-4758-8c78-290122f6a0f5,true,
49ccaa28-378d-4a7a-a4b2-e6abb379dcd7,a27a5654-e05b-4236-83a6-48e31ec19b01,true,
49ccaa28-378d-4a7a-a4b2-e6abb379dcd7,99fe2059-0bfd-4784-a561-6f0721c87496,true,
49ccaa28-378d-4a7a-a4b2-e6abb379dcd7,3c3cd51a-be6c-41a9-b5ef-6bac5967bc8b,true,
49ccaa28-378d-4a7a-a4b2-e6abb379dcd7,f4748fd4-c11d-4cc2-9054-6f86abbd70c9,true,
49ccaa28-378d-4a7a-a4b2-e6abb379dcd7,5927834d-b1a7-4d81-9ad6-bf236b1161e5,true,
49ccaa28-378d-4a7a-a4b2-e6abb379dcd7,45853f52-c422-4f45-aef8-358efd49e994,true,
49ccaa28-378d-4a7a-a4b2-e6abb379dcd7,f9baa53d-c127-40d5-9bf8-424e1da9cc1f,true,
49ccaa28-378d-4a7a-a4b2-e6abb379dcd7,a9db0908-d48c-481c-b451-24a4f7b8dcf1,true,
49ccaa28-378d-4a7a-a4b2-e6abb379dcd7,cbd88600-687b-4318-8d63-ed27773e117f,true,
49ccaa28-378d-4a7a-a4b2-e6abb379dcd7,a8ea2233-3de0-405b-a8e0-1ffc300c9d07,true,
49ccaa28-378d-4a7a-a4b2-e6abb379dcd7,f0d5197a-24ea-40d2-b179-144816205b1c,true,
49ccaa28-378d-4a7a-a4b2-e6abb379dcd7,bd8a9268-a454-42da-a8b7-5169c87b02d1,true,
49ccaa28-378d-4a7a-a4b2-e6abb379dcd7,ef241e29-8e3f-432e-bea6-3dfdab7fee0c,true,
49ccaa28-378d-4a7a-a4b2-e6abb379dcd7,a3be7039-c71d-42e2-8b7f-685f89d9730f,true,
49ccaa28-378d-4a7a-a4b2-e6abb379dcd7,88777860-104e-45f9-aa6b-09728ca3612d,true,
49ccaa28-378d-4a7a-a4b2-e6abb379dcd7,5d9eb1b7-f29f-4bc5-818a-b418af00efc1,true,
49ccaa28-378d-4a7a-a4b2-e6abb379dcd7,4ac73d45-d304-433e-9b1c-fd9c00efd387,true,
49ccaa28-378d-4a7a-a4b2-e6abb379dcd7,ede35c1c-fbef-4726-a657-dd904cd1f308,true,
49ccaa28-378d-4a7a-a4b2-e6abb379dcd7,09b71a1b-c603-468d-84d7-eba03a2aeaa3,true,
49ccaa28-378d-4a7a-a4b2-e6abb379dcd7,271bd2e3-aae2-4758-8bac-36ac5cb529ad,true,
49ccaa28-378d-4a7a-a4b2-e6abb379dcd7,f17584e0-e746-40e5-9e2e-6088c340febd,true,
49ccaa28-378d-4a7a-a4b2-e6abb379dcd7,6de92ce1-149f-4e17-bc12-38ed1783e9f3,true,
49ccaa28-378d-4a7a-a4b2-e6abb379dcd7,de0fd58d-e9b7-4932-b63b-0a420dc6b698,true,
49ccaa28-378d-4a7a-a4b2-e6abb379dcd7,c88fc528-4171-4132-a3ef-d79e75bb821f,true,
49ccaa28-378d-4a7a-a4b2-e6abb379dcd7,d805fda8-278f-4a7d-8d40-04edbf508acd,true,
49ccaa28-378d-4a7a-a4b2-e6abb379dcd7,389475cf-80da-4dd5-bb0a-439175468a5d,true,
49ccaa28-378d-4a7a-a4b2-e6abb379dcd7,5212b852-9721-4811-8a1a-47724ab81caa,true,
49ccaa28-378d-4a7a-a4b2-e6abb379dcd7,c2ebec48-f574-488c-aa88-33c77aaab4da,true,
49ccaa28-378d-4a7a-a4b2-e6abb379dcd7,de1a72c2-abed-44e0-8daa-67d803ad0e1a,true,
49ccaa28-378d-4a7a-a4b2-e6abb379dcd7,6941275b-84da-4bb1-961e-c4278fe075c0,true,
49ccaa28-378d-4a7a-a4b2-e6abb379dcd7,d9a5253b-ee2b-4adc-83f6-f9451288c315,true,
49ccaa28-378d-4a7a-a4b2-e6abb379dcd7,400c7132-ead9-436d-86a9-bb2f57ff2e9e,true,
49ccaa28-378d-4a7a-a4b2-e6abb379dcd7,919f3c14-abed-4dd0-bc02-84ad5f66000c,true,
49ccaa28-378d-4a7a-a4b2-e6abb379dcd7,19547e2c-f9df-4965-b1a5-f087aeb90eb4,true,
49ccaa28-378d-4a7a-a4b2-e6abb379dcd7,cf9a196f-274d-4e82-a8aa-808fabaada70,true,
49ccaa28-378d-4a7a-a4b2-e6abb379dcd7,3d1b1cbd-8fe9-43fb-94f8-87ecac24e1e3,true,
49ccaa28-378d-4a7a-a4b2-e6abb379dcd7,5ff67bbf-415d-4e79-98b6-feaa90ca0c6b,true,
49ccaa28-378d-4a7a-a4b2-e6abb379dcd7,0b181b42-541c-4663-9b39-ad987256fad8,true,
49ccaa28-378d-4a7a-a4b2-e6abb379dcd7,2ecf1e24-13ba-4d2f-a1e1-01c92a868306,true,
49ccaa28-378d-4a7a-a4b2-e6abb379dcd7,a5421ab2-9573-44cf-9b49-53ab7fee9e64,true,
49ccaa28-378d-4a7a-a4b2-e6abb379dcd7,93c1a43f-5e6b-4849-9eb4-65e8282e6037,true,
e6621ff2-38a7-4263-97b4-4367240f4ef9,e4696449-29d0-496e-b5f3-94b5a7ea7d3a,true,
e6621ff2-38a7-4263-97b4-4367240f4ef9,b2ac4977-baf1-4f07-8bf0-750c159de8e2,true,
e6621ff2-38a7-4263-97b4-4367240f4ef9,36f182b8-73ce-4bfb-9ffd-caa117e91896,false,[NO_5XX] Unexpected 5XX response: 504
e6621ff2-38a7-4263-97b4-4367240f4ef9,3cea84c8-5e29-42d0-adb3-641d18649003,true,
e6621ff2-38a7-4263-97b4-4367240f4ef9,5d055d25-76e4-41d2-bf45-a1247b833c22,true,
e6621ff2-38a7-4263-97b4-4367240f4ef9,d0161534-e998-4172-ab67-15d10f4c3abb,true,
e6621ff2-38a7-4263-97b4-4367240f4ef9,7e6c2924-89e9-4c4d-96bc-bc2754ebcda4,true,
e6621ff2-38a7-4263-97b4-4367240f4ef9,4e397161-4a9b-47fa-a1ff-d6abb4103053,true,
e6621ff2-38a7-4263-97b4-4367240f4ef9,f1683149-d0d1-4d1d-809d-82f09ebb6848,true,
e6621ff2-38a7-4263-97b4-4367240f4ef9,159b8211-d3fa-4ac3-a355-e6ce2ddf71b6,true,
e6621ff2-38a7-4263-97b4-4367240f4ef9,f6b5fca2-7d0b-49a4-9896-0138ef472d56,true,
e6621ff2-38a7-4263-97b4-4367240f4ef9,174484ac-620b-45a1-9106-7efa3ffce8e9,true,
e6621ff2-38a7-4263-97b4-4367240f4ef9,1e0bdc59-a56b-4415-9199-26afe3b29f82,true,
e6621ff2-38a7-4263-97b4-4367240f4ef9,972ff3f0-2880-447c-a14c-d0ba26876d4f,true,
e6621ff2-38a7-4263-97b4-4367240f4ef9,ffddd4f9-6511-4c79-9b89-a4e350519f20,true,
e6621ff2-38a7-4263-97b4-4367240f4ef9,711cff23-538c-4342-9629-23674b2c07a9,true,
e6621ff2-38a7-4263-97b4-4367240f4ef9,d675605b-54d5-4659-b72a-a2f879b86f24,true,
e6621ff2-38a7-4263-97b4-4367240f4ef9,1e867e0b-9900-41ad-81f4-480769c21304,true,
e6621ff2-38a7-4263-97b4-4367240f4ef9,9d463070-69ca-4f78-9f2b-4b376d0df66d,true,
e6621ff2-38a7-4263-97b4-4367240f4ef9,79d2bb41-8fcc-4ec3-a897-52113fe6c75b,true,
e6621ff2-38a7-4263-97b4-4367240f4ef9,ac59dbc7-4eba-487c-8a35-17d96f3060d6,true,
e6621ff2-38a7-4263-97b4-4367240f4ef9,25dfec4f-6a60-4098-af20-f80fcea2db55,true,
e6621ff2-38a7-4263-97b4-4367240f4ef9,6d3d23ad-16f7-46fd-b07f-cabdec9b3c97,true,
e6621ff2-38a7-4263-97b4-4367240f4ef9,3b5c9ea9-c975-43cc-b513-026d2777fe4c,true,
e6621ff2-38a7-4263-97b4-4367240f4ef9,f8003f82-247b-402a-af50-ba0194478025,true,
e6621ff2-38a7-4263-97b4-4367240f4ef9,bd3fb9fb-77e1-46c3-9bbe-5f6cf3bbb83d,true,
e6621ff2-38a7-4263-97b4-4367240f4ef9,8c838916-485a-4404-a353-d086525cae5b,true,
e6621ff2-38a7-4263-97b4-4367240f4ef9,7bc07bb7-9c34-4819-a09d-5fbcd893b463,true,
e6621ff2-38a7-4263-97b4-4367240f4ef9,e482cd32-d991-4ca0-9fd5-1d18b492b0b4,true,
e6621ff2-38a7-4263-97b4-4367240f4ef9,35f914ea-44f8-4206-be11-86eca4ba789b,true,
e6621ff2-38a7-4263-97b4-4367240f4ef9,c5be051f-6fc6-448f-8101-e2087aee3bdd,true,
e6621ff2-38a7-4263-97b4-4367240f4ef9,a596ca8b-65c6-4ce5-a292-8594f311cc82,true,
e6621ff2-38a7-4263-97b4-4367240f4ef9,d70717e8-58ba-4e10-842f-916d38ca5b45,true,
e6621ff2-38a7-4263-97b4-4367240f4ef9,7529b547-0a20-4f0e-aae4-195e9886e186,true,
e6621ff2-38a7-4263-97b4-4367240f4ef9,29b09ebc-ddaa-4f3e-9ad9-30055208d902,true,
e6621ff2-38a7-4263-97b4-4367240f4ef9,8e5897aa-ffbf-4a5e-b94a-7dcfb3ad4f77,true,
e6621ff2-38a7-4263-97b4-4367240f4ef9,5141c623-fb7c-41ff-b6f8-c412cf15025c,true,
e6621ff2-38a7-4263-97b4-4367240f4ef9,2582ad6c-0906-435f-bbba-675711c09d3e,true,
e6621ff2-38a7-4263-97b4-4367240f4ef9,9e4966fe-b0ac-4490-8962-54577297ad32,true,
e6621ff2-38a7-4263-97b4-4367240f4ef9,42ae51ee-0588-430a-abe8-34a0384b25e2,true,
e6621ff2-38a7-4263-97b4-4367240f4ef9,7e26d551-90c3-4f70-837d-e4b4db767b70,true,
e6621ff2-38a7-4263-97b4-4367240f4ef9,c8c55546-71eb-4e5d-a0a0-8337f0bd6d5c,true,
e6621ff2-38a7-4263-97b4-4367240f4ef9,6d8e93a4-a53e-4bdd-b80a-b1127cdc5e5e,true,
e6621ff2-38a7-4263-97b4-4367240f4ef9,862b2dc5-a2c1-484f-ad76-bfda1bd9b6bf,true,
e6621ff2-38a7-4263-97b4-4367240f4ef9,35ba5cd5-d5aa-4342-83f8-bbe545a0cd67,true,
e6621ff2-38a7-4263-97b4-4367240f4ef9,28347f2c-0135-49e0-aee7-eac4d4e5e15e,true,
e6621ff2-38a7-4263-97b4-4367240f4ef9,4ddf9cc4-0c76-4283-a4ea-a722290ef678,true,
e6621ff2-38a7-4263-97b4-4367240f4ef9,9e4aef82-8ee4-4424-b3fa-e7c0fb48b02d,true,
e6621ff2-38a7-4263-97b4-4367240f4ef9,4888c0c7-ff7a-457d-8731-d79d839b655d,true,
e6621ff2-38a7-4263-97b4-4367240f4ef9,99a101af-6862-496a-9466-16f0d6154aa5,true,
e6621ff2-38a7-4263-97b4-4367240f4ef9,8f5d8357-362b-4146-bf75-6e0453fdd5fe,true,
e6621ff2-38a7-4263-97b4-4367240f4ef9,c4a019cc-ce22-44ab-aa48-4d0dc0cce556,true,
e6621ff2-38a7-4263-97b4-4367240f4ef9,1741c2a1-9046-42a1-8b5e-adad2721dfe1,true,
e6621ff2-38a7-4263-97b4-4367240f4ef9,5fbcfde7-27eb-496b-b97a-4c7fa49d7a1d,true,
e6621ff2-38a7-4263-97b4-4367240f4ef9,083cc00d-634b-4f0d-a699-0155b649fd0f,true,
e6621ff2-38a7-4263-97b4-4367240f4ef9,0c527472-b3f6-4853-a16a-f6fa205984a2,true,
e6621ff2-38a7-4263-97b4-4367240f4ef9,da71c028-d947-4ca1-854f-a8a131bd4f23,true,
e6621ff2-38a7-4263-97b4-4367240f4ef9,149d219b-2422-45bf-8a76-d31c5f4366a3,true,
e6621ff2-38a7-4263-97b4-4367240f4ef9,feaec83b-fed1-4124-9d6d-acb6cfaaf07e,true,
e6621ff2-38a7-4263-97b4-4367240f4ef9,8f0a421a-b21f-4efb-9828-6e6e69bea0ba,true,
e6621ff2-38a7-4263-97b4-4367240f4ef9,0775a6f7-38fb-43aa-b3f0-6685b401b0bc,true,
e6621ff2-38a7-4263-97b4-4367240f4ef9,0a5140d6-5db2-4c3a-b8e9-e71e998d3115,true,
e6621ff2-38a7-4263-97b4-4367240f4ef9,d70ff6e5-c16a-4c99-8806-4b84e9a3da84,true,
e6621ff2-38a7-4263-97b4-4367240f4ef9,2b5abc79-af0e-4bc8-81a6-d014eebf413a,true,
e6621ff2-38a7-4263-97b4-4367240f4ef9,3555f7d8-216e-45a3-a012-a2d56c7b78e9,true,
e6621ff2-38a7-4263-97b4-4367240f4ef9,afc5f29f-58d3-465f-85d1-efb1b7d74ee0,true,
e6621ff2-38a7-4263-97b4-4367240f4ef9,0128cabf-d812-4883-bbbf-4a32dfc749d3,true,
e6621ff2-38a7-4263-97b4-4367240f4ef9,8767ae49-8ad5-432a-b0cb-7b4b1b77ee7f,true,
e6621ff2-38a7-4263-97b4-4367240f4ef9,c8635292-73b9-4135-b92f-1ec4bacefae8,true,
e6621ff2-38a7-4263-97b4-4367240f4ef9,5d3a4ca5-cd60-458c-b386-e6ab7b67852c,true,
e6621ff2-38a7-4263-97b4-4367240f4ef9,c8c8aa79-0192-4eb7-8f1b-8d30c8b95a37,true,
e6621ff2-38a7-4263-97b4-4367240f4ef9,a854c4de-bb0a-459c-bb33-c11ac73a7b3e,true,
e6621ff2-38a7-4263-97b4-4367240f4ef9,279569c8-427e-48ff-a251-9ec04b1cdff6,true,
e6621ff2-38a7-4263-97b4-4367240f4ef9,a7be2386-3f49-4248-a509-9dc2c1dec6e2,true,
e6621ff2-38a7-4263-97b4-4367240f4ef9,2b20825f-9047-42bb-ab9f-b7dc7f4a5997,true,
e6621ff2-38a7-4263-97b4-4367240f4ef9,b30c17e6-6c30-4ffe-8c6f-217925de09ec,true,
e6621ff2-38a7-4263-97b4-4367240f4ef9,9ffbe774-1aa8-490c-920e-65b0ba535836,true,
e6621ff2-38a7-4263-97b4-4367240f4ef9,41d11447-2416-442a-b268-5bc004271f95,true,
e6621ff2-38a7-4263-97b4-4367240f4ef9,9806e434-24b2-4634-b5b7-c386f342bd87,true,
e6621ff2-38a7-4263-97b4-4367240f4ef9,48831bcf-3168-4923-af34-9c6441104d14,true,
e6621ff2-38a7-4263-97b4-4367240f4ef9,6c92c27c-9d2c-4b9b-b05b-a05583cc2fe3,true,
e6621ff2-38a7-4263-97b4-4367240f4ef9,aa3525bc-db3c-4d4f-b654-6bacdc00a937,true,
e6621ff2-38a7-4263-97b4-4367240f4ef9,94774c33-4478-4454-a861-c9dcf98d65a4,true,
e6621ff2-38a7-4263-97b4-4367240f4ef9,a28a882d-8ea5-4554-a198-37aa0fa6e04a,true,
e6621ff2-38a7-4263-97b4-4367240f4ef9,3c5e6b15-8e9f-43a3-bd66-ae28f903b834,true,
e6621ff2-38a7-4263-97b4-4367240f4ef9,75490cf5-6a78-4825-b1d1-8e48b8c04f6c,true,
e6621ff2-38a7-4263-97b4-4367240f4ef9,d8c14a28-9b99-47c2-a634-1f19eda877af,true,
e6621ff2-38a7-4263-97b4-4367240f4ef9,85dca933-189a-4988-8236-23c5bbde647f,true,
e6621ff2-38a7-4263-97b4-4367240f4ef9,f6808729-40c3-46b3-ad68-fa7e47078871,true,
e6621ff2-38a7-4263-97b4-4367240f4ef9,ca5f4764-6722-4d27-b451-ba1e0eea388d,true,
e6621ff2-38a7-4263-97b4-4367240f4ef9,a367072a-0314-4380-96af-8298b473f4cb,true,
e6621ff2-38a7-4263-97b4-4367240f4ef9,86379222-81bf-48cc-9215-9b275ca43539,true,
e6621ff2-38a7-4263-97b4-4367240f4ef9,97ad30ec-7745-46fb-889c-aff30ee07f2e,true,
e6621ff2-38a7-4263-97b4-4367240f4ef9,df106ccb-ef04-4cbd-9c3a-6899c3fd0109,true,
e6621ff2-38a7-4263-97b4-4367240f4ef9,6441090a-097b-414f-91d2-64e786a754b0,true,
e6621ff2-38a7-4263-97b4-4367240f4ef9,39fe4208-0131-4a72-927d-ded1d802b39d,true,
e6621ff2-38a7-4263-97b4-4367240f4ef9,6e711340-94cb-41cb-9869-3beeb9b7c59f,true,
e6621ff2-38a7-4263-97b4-4367240f4ef9,cb836e16-6f05-4f24-8fc8-374220dd14d3,true,
e6621ff2-38a7-4263-97b4-4367240f4ef9,ea336bc0-b5ff-444f-b8be-1ec244260863,true,
e6621ff2-38a7-4263-97b4-4367240f4ef9,2853d367-bb5d-44d7-adec-d86db4e90aa8,true,
e6621ff2-38a7-4263-97b4-4367240f4ef9,c319a93b-d9dd-46a1-a079-1dbb33043fa6,true,
e6621ff2-38a7-4263-97b4-4367240f4ef9,682f2a76-f852-4f52-9450-24607b424596,true,
e6621ff2-38a7-4263-97b4-4367240f4ef9,dbfef883-23b1-4e80-8c46-fe8f46bfd44c,true,
e6621ff2-38a7-4263-97b4-4367240f4ef9,e2a05911-2f3c-44e0-8e8f-5c1605393eef,true,
e6621ff2-38a7-4263-97b4-4367240f4ef9,35e09a3c-7fde-4f81-b9f0-5cc003621d55,true,
e6621ff2-38a7-4263-97b4-4367240f4ef9,005a7c37-d9ba-4bac-8c1f-6592ef4d350c,true,
e6621ff2-38a7-4263-97b4-4367240f4ef9,2a93adde-c636-49c3-9a08-95bd0f901269,true,
e6621ff2-38a7-4263-97b4-4367240f4ef9,22dd7be6-860c-4793-84be-15834dbdb4c3,true,
e6621ff2-38a7-4263-97b4-4367240f4ef9,e4296a31-635e-427d-a209-b8947a2386eb,true,
e6621ff2-38a7-4263-97b4-4367240f4ef9,74707fca-93ee-493d-bccf-bd9e970d4e9b,true,
e6621ff2-38a7-4263-97b4-4367240f4ef9,f84924a4-bb4c-4aff-a38b-1eeaed2fb8d8,true,
e6621ff2-38a7-4263-97b4-4367240f4ef9,a853e7cb-1141-4753-960b-8c2a4e496871,true,
e6621ff2-38a7-4263-97b4-4367240f4ef9,7c75033a-ac3c-48eb-a0e2-9f27b04d340f,true,
e6621ff2-38a7-4263-97b4-4367240f4ef9,076f30c5-9f22-445e-8b8e-755e10e52d75,true,
e6621ff2-38a7-4263-97b4-4367240f4ef9,f56cbf52-89d0-4c74-8027-f2f9d0c4c004,true,
e6621ff2-38a7-4263-97b4-4367240f4ef9,61a4adae-a15f-4efc-8264-f0594fb247b0,true,
e6621ff2-38a7-4263-97b4-4367240f4ef9,0fc416b1-e05c-492b-812a-fe2497adafa4,true,
e6621ff2-38a7-4263-97b4-4367240f4ef9,35e49fa0-4c75-45cb-a4b8-db9df1910fcd,true,
e6621ff2-38a7-4263-97b4-4367240f4ef9,70156a2b-6b78-44f2-82c5-e5f98e6bb55c,true,
e6621ff2-38a7-4263-97b4-4367240f4ef9,26df3b9a-da6c-42b1-ae70-3a4a813a8bb5,true,
e6621ff2-38a7-4263-97b4-4367240f4ef9,8261a220-c432-404a-8b40-1e1d338058d4,true,
e6621ff2-38a7-4263-97b4-4367240f4ef9,4090b09e-bd9a-4e15-a38e-d16e33f0bc95,true,
e6621ff2-38a7-4263-97b4-4367240f4ef9,46932f3e-25c6-48cb-8e78-7c67c8e278a9,true,
e6621ff2-38a7-4263-97b4-4367240f4ef9,a1f8cf12-92d7-48e9-aa4c-63e8910979cf,true,
e6621ff2-38a7-4263-97b4-4367240f4ef9,7d238bb5-1d1f-49c8-b55c-47c3873b69a7,true,
e6621ff2-38a7-4263-97b4-4367240f4ef9,911d385a-3259-4755-a76e-146fb4f84d78,true,
e6621ff2-38a7-4263-97b4-4367240f4ef9,76bf2ac4-7019-44fd-8389-30af822e8271,true,
e6621ff2-38a7-4263-97b4-4367240f4ef9,babba8f1-3025-4551-95a1-85165fb4b41e,true,
e6621ff2-38a7-4263-97b4-4367240f4ef9,ce13b431-2b6d-4eca-81d5-206c98924a48,true,
e6621ff2-38a7-4263-97b4-4367240f4ef9,dac56dbc-a3a1-47a4-b331-c157ebb11595,true,
e6621ff2-38a7-4263-97b4-4367240f4ef9,9b923ab3-d100-470d-9cae-9c54173fbe9c,true,
e6621ff2-38a7-4263-97b4-4367240f4ef9,e06c0bbd-56e4-44fa-970c-300083e90b06,true,
e6621ff2-38a7-4263-97b4-4367240f4ef9,bed28fff-e13c-4995-af00-246657f89405,true,
e6621ff2-38a7-4263-97b4-4367240f4ef9,d8ceca7d-fbe1-4344-93cc-34edd218fbe2,true,
e6621ff2-38a7-4263-97b4-4367240f4ef9,d2685cd7-4be2-4be0-a406-e3e1de0f958d,true,
e6621ff2-38a7-4263-97b4-4367240f4ef9,51630480-6337-40b1-af35-bb2a2e1f93ac,true,
e6621ff2-38a7-4263-97b4-4367240f4ef9,43a12cda-6dcf-4afe-9246-79281d9d9a99,true,
e6621ff2-38a7-4263-97b4-4367240f4ef9,a8f5687f-1b30-4c45-ab6e-170fad3e8700,true,
e6621ff2-38a7-4263-97b4-4367240f4ef9,5b94b92f-3b17-4a05-81cc-6b404d6ea94b,true,
e6621ff2-38a7-4263-97b4-4367240f4ef9,42f7d2f7-b0ea-4e3e-8be7-f8455888dd4a,true,
e6621ff2-38a7-4263-97b4-4367240f4ef9,2eb041a6-73b2-4aba-b945-4188dee7a2cc,true,
e6621ff2-38a7-4263-97b4-4367240f4ef9,025e4618-3841-4a5f-a914-bef050838538,true,
e6621ff2-38a7-4263-97b4-4367240f4ef9,77896806-719c-4b4c-9392-737753e63093,true,
e6621ff2-38a7-4263-97b4-4367240f4ef9,de3165b3-f14f-46f9-83fc-d1ccf2e7f594,true,
e6621ff2-38a7-4263-97b4-4367240f4ef9,92559fcf-6cb9-4805-955e-2a1a8a73203a,true,
e6621ff2-38a7-4263-97b4-4367240f4ef9,327d75c4-1f1d-479a-a4b8-255ce3fa7fe7,true,
e6621ff2-38a7-4263-97b4-4367240f4ef9,6fc43b0a-b58c-4696-8fc3-07ee4088696a,true,
e6621ff2-38a7-4263-97b4-4367240f4ef9,cd67efc5-b870-46a8-afe2-021cce652721,true,
e6621ff2-38a7-4263-97b4-4367240f4ef9,a589ad90-6ce6-4e45-aea2-16a711c5415f,true,
e6621ff2-38a7-4263-97b4-4367240f4ef9,2713fed1-3f6d-40d8-ac96-14a32f1817e3,true,
e6621ff2-38a7-4263-97b4-4367240f4ef9,d06d6dbd-3c62-4451-b773-ee53d10d5acb,true,
e6621ff2-38a7-4263-97b4-4367240f4ef9,ffc44c4a-cfc8-4d88-9c96-f3a98d70aeaf,true,
e6621ff2-38a7-4263-97b4-4367240f4ef9,554ea5c7-0de1-4fab-8b64-d0d96cb5ef33,true,
e6621ff2-38a7-4263-97b4-4367240f4ef9,8191d60d-43f9-49de-b806-405c8f17fc07,true,
e6621ff2-38a7-4263-97b4-4367240f4ef9,ef20fe4b-47b1-495f-a643-f7ac429d5948,true,
e6621ff2-38a7-4263-97b4-4367240f4ef9,2c45c185-9f5c-40a9-a7fc-568101ad19fc,true,
e6621ff2-38a7-4263-97b4-4367240f4ef9,1fa31a57-9fa0-4a3f-8563-600fd96d0203,true,
e6621ff2-38a7-4263-97b4-4367240f4ef9,79d43ad8-fe5d-427f-ba8c-5d868b7707a3,true,
e6621ff2-38a7-4263-97b4-4367240f4ef9,e0c2eff4-6b52-4f2e-90d1-b0d5dd8b365c,true,
e6621ff2-38a7-4263-97b4-4367240f4ef9,b64849e1-1cc4-4c4c-b9e8-223216cc8bbf,true,
e6621ff2-38a7-4263-97b4-4367240f4ef9,4c85f6b2-740d-444f-b789-ccf17694fd2d,true,
e6621ff2-38a7-4263-97b4-4367240f4ef9,ec9557df-250e-408e-9e38-793d8256d900,true,
e6621ff2-38a7-4263-97b4-4367240f4ef9,192d3378-7cbf-43fe-9b86-2a49a342f174,true,
e6621ff2-38a7-4263-97b4-4367240f4ef9,17f2b8f0-7dd8-49c9-8c2d-c6746be428f2,true,
e6621ff2-38a7-4263-97b4-4367240f4ef9,c4e2fef5-0f13-4761-b0c1-f6e08cf4d9dc,true,
e6621ff2-38a7-4263-97b4-4367240f4ef9,e4542edb-b200-45ff-b1c2-9c2036a59355,true,
e6621ff2-38a7-4263-97b4-4367240f4ef9,f8a15c5d-9bf3-4ea5-a64e-d9dbf10871c1,true,
e6621ff2-38a7-4263-97b4-4367240f4ef9,2c0028df-de6d-4246-a39f-1a283ab1ae4a,true,
e6621ff2-38a7-4263-97b4-4367240f4ef9,c73c4e40-5cb1-45b4-8d76-2bb902d6e3d9,true,
e6621ff2-38a7-4263-97b4-4367240f4ef9,a2a96b1c-59cd-46c3-b6c2-bcdc23070e1e,true,
e6621ff2-38a7-4263-97b4-4367240f4ef9,8ab16e0d-038e-4996-a80c-403d50b3a10f,true,
e6621ff2-38a7-4263-97b4-4367240f4ef9,a2ac3e01-2bbf-4899-8eff-5e0e6cb45117,true,
e6621ff2-38a7-4263-97b4-4367240f4ef9,ad0f99c3-c5ec-4c2a-ac5e-b7b5cbb7452e,true,
e6621ff2-38a7-4263-97b4-4367240f4ef9,1d859bb6-b95a-4039-add2-be19f7a54020,true,
e6621ff2-38a7-4263-97b4-4367240f4ef9,a02596f1-70eb-43dc-806a-ed179c10cda8,true,
e6621ff2-38a7-4263-97b4-4367240f4ef9,c531ad15-cfb3-4e63-9ff0-18364ec39fa1,true,
e6621ff2-38a7-4263-97b4-4367240f4ef9,ae0599bf-5197-4e00-98da-23494821b013,true,
e6621ff2-38a7-4263-97b4-4367240f4ef9,c3397511-7e9b-4bab-a84f-e760b073301a,true,
e6621ff2-38a7-4263-97b4-4367240f4ef9,c11ba973-d084-4cf5-a4d7-a86a9c02113e,true,
e6621ff2-38a7-4263-97b4-4367240f4ef9,536e0bcd-1f1f-4231-baad-a16c5ca47187,true,
e6621ff2-38a7-4263-97b4-4367240f4ef9,422fe439-7ef4-4f33-8f28-475a3106b828,true,
e6621ff2-38a7-4263-97b4-4367240f4ef9,ae83a3d1-fae2-403c-9da1-8d9753dcde81,true,
e6621ff2-38a7-4263-97b4-4367240f4ef9,2f3ee0a6-d7a6-44c2-84b2-b6693e1afa23,true,
e6621ff2-38a7-4263-97b4-4367240f4ef9,f8fa4fab-685f-441b-94a9-0e919fd0cfc4,true,
e6621ff2-38a7-4263-97b4-4367240f4ef9,57eb7f48-52fd-4117-adc9-10e1817c52ae,true,
e6621ff2-38a7-4263-97b4-4367240f4ef9,ad669dea-c4d3-4238-a143-da82d251feee,true,
e6621ff2-38a7-4263-97b4-4367240f4ef9,1988e1f0-ac16-4d13-bd7a-120f88b030b9,true,
e6621ff2-38a7-4263-97b4-4367240f4ef9,22c2e77c-953e-417f-8007-82b92804d6db,true,
e6621ff2-38a7-4263-97b4-4367240f4ef9,4b3f6a06-a912-4aa5-8cb8-775cc04a21b6,true,
e6621ff2-38a7-4263-97b4-4367240f4ef9,130a6fae-63e7-45b5-8efd-70ace24fc59e,true,
e6621ff2-38a7-4263-97b4-4367240f4ef9,acf730ad-5bdb-4a9e-91d9-0f59ddeb0be0,true,
e6621ff2-38a7-4263-97b4-4367240f4ef9,a8af0dc5-a9a0-4a52-b118-ac3806b1e1f6,true,
e6621ff2-38a7-4263-97b4-4367240f4ef9,b6562f39-25cd-4c71-ac09-b3be6ca0c9ee,true,
e6621ff2-38a7-4263-97b4-4367240f4ef9,22256deb-3325-47e2-946f-d988dd9a799c,true,
e6621ff2-38a7-4263-97b4-4367240f4ef9,e63ecf13-a381-4f18-817e-23072e99a9bc,true,
e6621ff2-38a7-4263-97b4-4367240f4ef9,60387358-5136-41f1-9be9-f742e2ea3888,true,
e6621ff2-38a7-4263-97b4-4367240f4ef9,9ce55de2-ace2-4ec5-870b-c823b987ae4f,true,
e6621ff2-38a7-4263-97b4-4367240f4ef9,ae927e60-cb30-436d-aae9-84d17958069c,true,
e6621ff2-38a7-4263-97b4-4367240f4ef9,615b583f-ac09-4dc6-aedb-5b9229b093dd,true,
e6621ff2-38a7-4263-97b4-4367240f4ef9,30ed9959-9aac-4eee-ae15-b699e246b6a8,true,
e6621ff2-38a7-4263-97b4-4367240f4ef9,953dac92-e045-4075-8533-b584b79896b2,true,
e6621ff2-38a7-4263-97b4-4367240f4ef9,114a4122-e4ba-41b9-aff1-01f7d15060d7,true,
e6621ff2-38a7-4263-97b4-4367240f4ef9,07ea7ad6-25d7-4b04-adb4-eb0c67030809,true,
e6621ff2-38a7-4263-97b4-4367240f4ef9,41fc80f2-719f-44fb-9bb4-7843f83dc48d,true,
e6621ff2-38a7-4263-97b4-4367240f4ef9,75f84e62-b5ee-4202-8d3d-3bb143eafa51,true,
e6621ff2-38a7-4263-97b4-4367240f4ef9,aca6ac41-e0cb-469a-b71c-e4c81db6f612,true,
e6621ff2-38a7-4263-97b4-4367240f4ef9,da251bb4-e4d6-4c65-ac4b-2efa6a394cb9,true,
e6621ff2-38a7-4263-97b4-4367240f4ef9,0ff175df-b897-4d9a-859f-e97fd25686c5,true,
e6621ff2-38a7-4263-97b4-4367240f4ef9,35e5fdcc-fd25-489c-ac66-3fc6384fbd4b,true,
e6621ff2-38a7-4263-97b4-4367240f4ef9,a95d6ede-ff8d-47f7-bb03-1a91fbb6a92c,true,
e6621ff2-38a7-4263-97b4-4367240f4ef9,967a2f54-f435-4af6-8a71-527f6aceec4b,true,
e6621ff2-38a7-4263-97b4-4367240f4ef9,2bbdd129-3ee3-4f39-ac5a-544d5bff8c55,true,
e6621ff2-38a7-4263-97b4-4367240f4ef9,2dfb1c0e-9481-47e7-a3ba-b06e6b0aa4ad,true,
e6621ff2-38a7-4263-97b4-4367240f4ef9,c6bba0cb-abb9-4a75-a50c-64b5869324cd,true,
e6621ff2-38a7-4263-97b4-4367240f4ef9,2f55065e-b281-4bbd-af07-b0f5ccd33f91,true,
e6621ff2-38a7-4263-97b4-4367240f4ef9,7055094b-f1ed-44b0-91bd-20ed4c3c3fae,true,
e6621ff2-38a7-4263-97b4-4367240f4ef9,4be7ec09-8c5f-412e-a174-a123ac4a3cf8,true,
e6621ff2-38a7-4263-97b4-4367240f4ef9,436a8097-d3d4-4e99-bc95-3fff51db6ebc,true,
e6621ff2-38a7-4263-97b4-4367240f4ef9,fb93fae5-a847-4999-a8cc-f3e41d842776,true,
e6621ff2-38a7-4263-97b4-4367240f4ef9,f120f60a-6bac-4f10-921e-6bde9dd41f03,true,
e6621ff2-38a7-4263-97b4-4367240f4ef9,76d00afe-d294-49df-b999-7b7c5bc973cb,true,
e6621ff2-38a7-4263-97b4-4367240f4ef9,f84e2ed6-e224-4e06-87b6-516819b3b8ba,true,
e6621ff2-38a7-4263-97b4-4367240f4ef9,6d35d713-d280-4a3c-8953-94d1b4a75bad,true,
e6621ff2-38a7-4263-97b4-4367240f4ef9,c04c4b17-71d2-44c4-a69a-481582828bf9,true,
e6621ff2-38a7-4263-97b4-4367240f4ef9,050e893c-a830-4df4-856a-63142c7f244f,true,
e6621ff2-38a7-4263-97b4-4367240f4ef9,491c8906-0e74-420b-a318-08debedb540d,true,
e6621ff2-38a7-4263-97b4-4367240f4ef9,74f2c13e-1623-4f4b-a097-78edb73503eb,true,
e6621ff2-38a7-4263-97b4-4367240f4ef9,05c38081-8845-4561-8ece-69b81ea3aa78,true,
e6621ff2-38a7-4263-97b4-4367240f4ef9,3ba48080-6bba-4932-a89e-4bb78233efbc,true,
e6621ff2-38a7-4263-97b4-4367240f4ef9,0340c925-a75a-4ed6-b17f-750cb21b405e,true,
e6621ff2-38a7-4263-97b4-4367240f4ef9,6ccff8e1-4bc5-4cc0-8316-137b8804f7ef,true,
e6621ff2-38a7-4263-97b4-4367240f4ef9,fa98f626-6cbd-4eaa-b7c1-75e83205f846,true,
e6621ff2-38a7-4263-97b4-4367240f4ef9,e68cd49e-497d-40bd-bbf8-23bb223066f6,true,
e6621ff2-38a7-4263-97b4-4367240f4ef9,ae4cb7e8-8d34-4d2a-80a2-d3c98662a791,true,
e6621ff2-38a7-4263-97b4-4367240f4ef9,160eca7c-195c-4b1d-8f10-91431b5888a8,true,
e6621ff2-38a7-4263-97b4-4367240f4ef9,3bf367cc-21c6-4ef0-95f9-fd01279a8ebc,true,
e6621ff2-38a7-4263-97b4-4367240f4ef9,d0a05aa5-4f4e-4d04-8443-85dc6bcafd7e,true,
e6621ff2-38a7-4263-97b4-4367240f4ef9,18983e02-a237-439e-9b52-fe9de6ed269d,true,
e6621ff2-38a7-4263-97b4-4367240f4ef9,1a288062-317b-48a3-81a7-4033286cc6c5,true,
e6621ff2-38a7-4263-97b4-4367240f4ef9,46175f62-63ce-4bd3-b6f6-7f6ca465dce5,true,
e6621ff2-38a7-4263-97b4-4367240f4ef9,9aa7e088-ed9b-4fd8-b3e1-229c24365492,true,
e6621ff2-38a7-4263-97b4-4367240f4ef9,20ec38d3-6623-4401-8c5b-ebb6bbd84378,true,
e6621ff2-38a7-4263-97b4-4367240f4ef9,87f8e16e-4219-4e3f-b87a-c4a1dfdd0fb7,true,
e6621ff2-38a7-4263-97b4-4367240f4ef9,6296fc87-3ffd-4025-b876-5978ee891bba,true,
e6621ff2-38a7-4263-97b4-4367240f4ef9,59716e1a-2ff5-4d65-86fd-5df8cf9f72f4,true,
e6621ff2-38a7-4263-97b4-4367240f4ef9,316314f0-1be8-4865-93c1-843e9ced8576,true,
e6621ff2-38a7-4263-97b4-4367240f4ef9,ff588d5c-aff6-4dde-b2e4-6fde31a081fe,true,
e6621ff2-38a7-4263-97b4-4367240f4ef9,7d6f7c67-7f6a-488b-b747-1722aba49efd,true,
e6621ff2-38a7-4263-97b4-4367240f4ef9,6382b496-e7f0-4a89-89a7-8f61a87b8158,true,
e6621ff2-38a7-4263-97b4-4367240f4ef9,ef9248ec-53b2-47c4-81d2-a9623bdbf66d,true,
e6621ff2-38a7-4263-97b4-4367240f4ef9,f8acb834-3f44-4f3a-ab1f-90f88ca7e690,true,
e6621ff2-38a7-4263-97b4-4367240f4ef9,09e0bceb-9ff0-4423-a8c0-d53f5859d6e5,true,
49bd1336-0cb5-4ec2-92a6-b1c4ebfb19d4,9fe95fc4-dc65-4fb0-8014-63896904f853,true,
49bd1336-0cb5-4ec2-92a6-b1c4ebfb19d4,83ac9efd-53d6-4d4a-9577-0165d623a826,true,
49bd1336-0cb5-4ec2-92a6-b1c4ebfb19d4,a11a0f9e-7461-4c71-9de2-1eb736812656,false,[NO_5XX] Unexpected 5XX response: 504
49bd1336-0cb5-4ec2-92a6-b1c4ebfb19d4,512e376c-6725-4c68-933b-2680c8e24549,true,
49bd1336-0cb5-4ec2-92a6-b1c4ebfb19d4,0e2239e7-cec5-4073-91de-09648d5d7712,true,
49bd1336-0cb5-4ec2-92a6-b1c4ebfb19d4,18f57dac-fc47-4c95-91f8-322ac246e8d0,true,
49bd1336-0cb5-4ec2-92a6-b1c4ebfb19d4,9b1d3d98-d92e-408d-bd72-666a8598aa83,true,
49bd1336-0cb5-4ec2-92a6-b1c4ebfb19d4,9340b52b-6a9a-4aa0-8181-869a6f3e2296,true,
49bd1336-0cb5-4ec2-92a6-b1c4ebfb19d4,d330a66f-84e4-404c-8c77-7fb1b0577d6a,true,
49bd1336-0cb5-4ec2-92a6-b1c4ebfb19d4,93d2b707-a9e5-4737-948d-8bc50b8a96c3,true,
49bd1336-0cb5-4ec2-92a6-b1c4ebfb19d4,174e4cac-e711-42c0-bb88-80e5962d3594,true,
49bd1336-0cb5-4ec2-92a6-b1c4ebfb19d4,efa958ed-d933-464a-8f7a-f200d62a9f96,true,
49bd1336-0cb5-4ec2-92a6-b1c4ebfb19d4,084cce30-cf5d-4c4f-afba-e4c3a1cd16a1,true,
49bd1336-0cb5-4ec2-92a6-b1c4ebfb19d4,e0ce15c7-43e5-4c60-8a60-3303a3e1da0e,true,
49bd1336-0cb5-4ec2-92a6-b1c4ebfb19d4,8fde0fdb-9066-4bad-9e42-ee4fcfddd0dd,true,
49bd1336-0cb5-4ec2-92a6-b1c4ebfb19d4,0efefe00-be1c-4b19-ad5f-638f53363efb,true,
49bd1336-0cb5-4ec2-92a6-b1c4ebfb19d4,24511d02-4997-4be9-9153-584aa8c91bef,true,
49bd1336-0cb5-4ec2-92a6-b1c4ebfb19d4,f0ef9c47-9010-4e63-9f28-217a9926ea0f,true,
49bd1336-0cb5-4ec2-92a6-b1c4ebfb19d4,7ad51b3b-c392-4a7a-a917-0d73ea47800f,true,
49bd1336-0cb5-4ec2-92a6-b1c4ebfb19d4,fd3a0920-77be-4dc3-8c3b-df4bfdcd8f9c,true,
49bd1336-0cb5-4ec2-92a6-b1c4ebfb19d4,fcab09b5-f4f6-46c4-bd27-e702dba09b8f,true,
49bd1336-0cb5-4ec2-92a6-b1c4ebfb19d4,78f9e086-ccd4-4753-9bc8-3aae14209841,true,
49bd1336-0cb5-4ec2-92a6-b1c4ebfb19d4,c613a7b9-4faa-456e-8632-1ee3d50466af,true,
49bd1336-0cb5-4ec2-92a6-b1c4ebfb19d4,70ebcc1a-eca4-4fec-916c-7501957f0bd7,true,
49bd1336-0cb5-4ec2-92a6-b1c4ebfb19d4,2a2b3cc8-61f5-4bd2-be2e-56907e04f3da,true,
49bd1336-0cb5-4ec2-92a6-b1c4ebfb19d4,16b8a953-3ff1-44f0-8566-96b0ee1ca1d8,true,
49bd1336-0cb5-4ec2-92a6-b1c4ebfb19d4,42774a0f-1679-4086-87c0-3ba13c3a5cef,true,
49bd1336-0cb5-4ec2-92a6-b1c4ebfb19d4,8d8ecdec-37d4-4d30-b183-4223c6852c43,true,
49bd1336-0cb5-4ec2-92a6-b1c4ebfb19d4,6ae3cd98-df2f-4264-a26b-dd4f53d662b1,true,
49bd1336-0cb5-4ec2-92a6-b1c4ebfb19d4,881d101f-7e79-4f92-a13f-4ade97569a68,true,
49bd1336-0cb5-4ec2-92a6-b1c4ebfb19d4,4841b1e7-ad0e-4d12-923d-0d6e63161ad4,true,
49bd1336-0cb5-4ec2-92a6-b1c4ebfb19d4,2ad86691-9358-45bd-bc37-57a04e1a3ed7,true,
49bd1336-0cb5-4ec2-92a6-b1c4ebfb19d4,73be42b0-f427-43bc-9d1e-b541fe029db2,true,
49bd1336-0cb5-4ec2-92a6-b1c4ebfb19d4,0aab48e4-9e04-485e-b935-0521c6361bda,true,
49bd1336-0cb5-4ec2-92a6-b1c4ebfb19d4,d7eefb4f-f686-4749-adad-db8ce9007411,true,
49bd1336-0cb5-4ec2-92a6-b1c4ebfb19d4,ed5a5e1f-b674-4990-a192-cb03119f4612,true,
49bd1336-0cb5-4ec2-92a6-b1c4ebfb19d4,4f518748-4f41-4d85-913b-c83961a191ef,true,
49bd1336-0cb5-4ec2-92a6-b1c4ebfb19d4,f03b3ac7-eb31-44fa-b64a-5ec759cf1953,true,
49bd1336-0cb5-4ec2-92a6-b1c4ebfb19d4,1f9ea323-fc34-45da-8001-ec57a7b69c04,true,
49bd1336-0cb5-4ec2-92a6-b1c4ebfb19d4,f38ab456-4edb-4929-b13f-418e35bfc633,true,
49bd1336-0cb5-4ec2-92a6-b1c4ebfb19d4,837a908f-8215-4115-b2ee-3ff5f24c787e,true,
49bd1336-0cb5-4ec2-92a6-b1c4ebfb19d4,8ecd04f9-b8cc-4197-bed8-2a871720b635,true,
49bd1336-0cb5-4ec2-92a6-b1c4ebfb19d4,7daa9482-dabe-4728-a9a7-e28b8cd926b6,true,
49bd1336-0cb5-4ec2-92a6-b1c4ebfb19d4,e23ce4ff-1272-4b63-9e1b-3be96d0b23d8,true,
49bd1336-0cb5-4ec2-92a6-b1c4ebfb19d4,16d10216-9e34-4478-9060-347f6c268dbf,true,
49bd1336-0cb5-4ec2-92a6-b1c4ebfb19d4,b6a36ac0-2180-4cbb-b1e7-e0beebd05d50,true,
49bd1336-0cb5-4ec2-92a6-b1c4ebfb19d4,adf211c7-0265-44ef-9a28-c0fc3a4acde3,true,
49bd1336-0cb5-4ec2-92a6-b1c4ebfb19d4,13c3dae8-2a28-433f-b73f-fe6926a70bba,true,
49bd1336-0cb5-4ec2-92a6-b1c4ebfb19d4,864fe6ff-2d43-4c6c-a663-2eeac253e7f4,true,
49bd1336-0cb5-4ec2-92a6-b1c4ebfb19d4,8358ac43-e720-4ad7-a210-135b017f0863,true,
49bd1336-0cb5-4ec2-92a6-b1c4ebfb19d4,acbdedc4-cf6a-4634-9ecd-c41f6d5858db,true,
49bd1336-0cb5-4ec2-92a6-b1c4ebfb19d4,ab2ddcf2-490d-4a8e-b8c4-7ee1d4e3a61f,true,
49bd1336-0cb5-4ec2-92a6-b1c4ebfb19d4,44933dca-acbd-43a0-a185-fdeaed5f91a7,true,
49bd1336-0cb5-4ec2-92a6-b1c4ebfb19d4,935e16c4-9311-4291-b345-e858a69faac9,true,
49bd1336-0cb5-4ec2-92a6-b1c4ebfb19d4,18fae4c3-a922-4949-844c-93f8a9b13265,true,
49bd1336-0cb5-4ec2-92a6-b1c4ebfb19d4,7d0d9711-60f4-4520-a734-c2ff5c315d80,true,
49bd1336-0cb5-4ec2-92a6-b1c4ebfb19d4,654d0fee-bee3-475d-9508-2cb9a8b5c5d5,true,
49bd1336-0cb5-4ec2-92a6-b1c4ebfb19d4,1602076f-4061-4ee9-b257-bbd121c7ff23,true,
49bd1336-0cb5-4ec2-92a6-b1c4ebfb19d4,8d3f2a28-8b3a-48ef-963e-4b7dcb0c4a79,true,
49bd1336-0cb5-4ec2-92a6-b1c4ebfb19d4,57183c82-9385-47f8-a996-c6a6564ccafa,true,
49bd1336-0cb5-4ec2-92a6-b1c4ebfb19d4,6a973b26-d4cf-4858-9cdd-b81ac72cd7a4,true,
49bd1336-0cb5-4ec2-92a6-b1c4ebfb19d4,f4728c8f-ed35-4bfc-af68-482854a12a71,true,
49bd1336-0cb5-4ec2-92a6-b1c4ebfb19d4,8073927d-9e72-4564-9e35-33679baaebff,true,
49bd1336-0cb5-4ec2-92a6-b1c4ebfb19d4,caff75ac-8076-4c13-8b47-dc84b8b6a815,true,
49bd1336-0cb5-4ec2-92a6-b1c4ebfb19d4,d9624a09-0128-4d76-8a4b-b41d531376de,true,
49bd1336-0cb5-4ec2-92a6-b1c4ebfb19d4,940cbf5e-9e42-49f2-989e-446143de9cf3,true,
49bd1336-0cb5-4ec2-92a6-b1c4ebfb19d4,4b9fe234-7a1a-49ac-b992-be1aab16bf3f,true,
49bd1336-0cb5-4ec2-92a6-b1c4ebfb19d4,12ae4a9d-2444-46e0-93eb-a5ce6a03b1b5,true,
49bd1336-0cb5-4ec2-92a6-b1c4ebfb19d4,70b3ff34-a82a-4009-a42b-c165f5cd048b,true,
49bd1336-0cb5-4ec2-92a6-b1c4ebfb19d4,588c7427-744a-4c1d-96fc-ac0e8532f665,true,
49bd1336-0cb5-4ec2-92a6-b1c4ebfb19d4,0ef5087c-1875-42eb-b783-67c9250e260a,true,
49bd1336-0cb5-4ec2-92a6-b1c4ebfb19d4,42ef70f9-f5dd-42df-9e4c-76bcdb8a5f05,true,
49bd1336-0cb5-4ec2-92a6-b1c4ebfb19d4,f1e62a7d-db57-4441-96a9-d0756baf06c0,true,
49bd1336-0cb5-4ec2-92a6-b1c4ebfb19d4,1add6890-e6ec-4f36-9c9e-d68b7e40320b,true,
49bd1336-0cb5-4ec2-92a6-b1c4ebfb19d4,6a6559ff-cedf-49c1-a3fd-9f090eb69acd,true,
49bd1336-0cb5-4ec2-92a6-b1c4ebfb19d4,8566a310-f349-4847-9066-b136cae51467,true,
49bd1336-0cb5-4ec2-92a6-b1c4ebfb19d4,b8d94be1-3023-436d-bf8b-3a09c02a6d9f,true,
49bd1336-0cb5-4ec2-92a6-b1c4ebfb19d4,a01a1039-d1c6-48c9-954c-0d1b834c2f4e,true,
49bd1336-0cb5-4ec2-92a6-b1c4ebfb19d4,5e58bd92-18bd-4a27-910e-d14a16855c19,true,
49bd1336-0cb5-4ec2-92a6-b1c4ebfb19d4,ab2ccac4-828b-4375-b22b-235bcba7d57c,true,
49bd1336-0cb5-4ec2-92a6-b1c4ebfb19d4,61c855b4-fb79-4403-bbda-48ff3fcc730b,true,
49bd1336-0cb5-4ec2-92a6-b1c4ebfb19d4,a0d1c4e7-c98b-47db-8be3-d5ba415d1290,true,
49bd1336-0cb5-4ec2-92a6-b1c4ebfb19d4,fc2f3337-4712-4df8-9f8a-2b96503c2fed,true,
49bd1336-0cb5-4ec2-92a6-b1c4ebfb19d4,5913bce8-96c9-4a87-8573-aafcb2c1516e,true,
49bd1336-0cb5-4ec2-92a6-b1c4ebfb19d4,e4c01e90-4b4f-43cc-89ba-6b7892579196,true,
49bd1336-0cb5-4ec2-92a6-b1c4ebfb19d4,a01b5536-792d-4003-869d-8f2023e2356d,true,
49bd1336-0cb5-4ec2-92a6-b1c4ebfb19d4,027f941e-0d53-4c89-9a29-29a72943aa5b,true,
49bd1336-0cb5-4ec2-92a6-b1c4ebfb19d4,41f9ea35-9737-4f50-9259-90fc8018b54a,true,
49bd1336-0cb5-4ec2-92a6-b1c4ebfb19d4,b48e34e3-575a-403a-944a-12452828226a,true,
49bd1336-0cb5-4ec2-92a6-b1c4ebfb19d4,ab2525aa-bcdd-45a2-8bef-bd1d46e3f863,true,
49bd1336-0cb5-4ec2-92a6-b1c4ebfb19d4,b74d81d7-7c08-43ce-b1bd-13a4f5675bfa,true,
49bd1336-0cb5-4ec2-92a6-b1c4ebfb19d4,14a128f2-4bfc-463f-a09a-410e8d6f7bfc,true,
49bd1336-0cb5-4ec2-92a6-b1c4ebfb19d4,cca78e78-ccd1-40f1-a0bd-c3a9a5e7f85d,true,
49bd1336-0cb5-4ec2-92a6-b1c4ebfb19d4,d0627040-40f0-4c3d-913e-506e97dbe145,true,
49bd1336-0cb5-4ec2-92a6-b1c4ebfb19d4,90396aa1-bc6f-4ce9-82e8-58b5d4cbe427,true,
49bd1336-0cb5-4ec2-92a6-b1c4ebfb19d4,40c50deb-c6b0-4b30-abc7-b4c729ceed49,true,
49bd1336-0cb5-4ec2-92a6-b1c4ebfb19d4,2ee490e9-261b-4e2b-8f29-fb917d892a6a,true,
49bd1336-0cb5-4ec2-92a6-b1c4ebfb19d4,2f8c2267-bbdd-45b3-8f27-41b5f09f969a,true,
49bd1336-0cb5-4ec2-92a6-b1c4ebfb19d4,5b73b856-e2de-40bd-b004-4151bef8bbc8,true,
49bd1336-0cb5-4ec2-92a6-b1c4ebfb19d4,3036040e-af6a-4519-9b91-efebe2fb0517,true,
49bd1336-0cb5-4ec2-92a6-b1c4ebfb19d4,74719d6e-0511-49f3-93e7-7159668700fe,true,
49bd1336-0cb5-4ec2-92a6-b1c4ebfb19d4,38c45248-0977-49d4-ba09-5a746befbc96,true,
49bd1336-0cb5-4ec2-92a6-b1c4ebfb19d4,a2df413b-3805-4b68-b4e7-ab8e1104c7af,true,
49bd1336-0cb5-4ec2-92a6-b1c4ebfb19d4,4f671826-6428-47fc-8754-76d947221273,true,
49bd1336-0cb5-4ec2-92a6-b1c4ebfb19d4,43dc1806-1286-4d56-999f-c9cfa2a2489f,true,
49bd1336-0cb5-4ec2-92a6-b1c4ebfb19d4,e85cd15c-1135-48bb-a902-a1d825b71385,true,
49bd1336-0cb5-4ec2-92a6-b1c4ebfb19d4,0e939b49-a705-4816-9da2-4cf5cb0a739d,true,
49bd1336-0cb5-4ec2-92a6-b1c4ebfb19d4,3ad5a00b-4865-4578-8633-05d37f12bd49,true,
49bd1336-0cb5-4ec2-92a6-b1c4ebfb19d4,15e39828-f912-4feb-aa67-73714bf60684,true,
49bd1336-0cb5-4ec2-92a6-b1c4ebfb19d4,357ca021-e90e-4b4c-8af4-a1108b9210fb,true,
49bd1336-0cb5-4ec2-92a6-b1c4ebfb19d4,d6fcdd4b-69c0-4e74-8477-354179a839b2,true,
49bd1336-0cb5-4ec2-92a6-b1c4ebfb19d4,0fdc7283-96f3-4320-8c9b-36d7ac387712,true,
49bd1336-0cb5-4ec2-92a6-b1c4ebfb19d4,8b7d753f-2d23-4ebd-a800-622f8fe8531d,true,
49bd1336-0cb5-4ec2-92a6-b1c4ebfb19d4,94aff68f-c557-4469-b0ba-c787b9cf4c28,true,
49bd1336-0cb5-4ec2-92a6-b1c4ebfb19d4,04d1f367-338e-4ce7-bab3-df54e0584cf2,true,
49bd1336-0cb5-4ec2-92a6-b1c4ebfb19d4,82c7e3c4-7c46-4d7a-b4f0-78e8ac65fb71,true,
49bd1336-0cb5-4ec2-92a6-b1c4ebfb19d4,e7921710-67fc-4df2-84ea-ebfae5eaa922,true,
49bd1336-0cb5-4ec2-92a6-b1c4ebfb19d4,c2cb4833-b350-4880-a613-63cd3d872f58,true,
49bd1336-0cb5-4ec2-92a6-b1c4ebfb19d4,d16653c9-0de0-41c6-9f5c-55e7e65ab4bc,true,
49bd1336-0cb5-4ec2-92a6-b1c4ebfb19d4,23001e35-7716-4a23-9eef-5e651f301ef5,true,
49bd1336-0cb5-4ec2-92a6-b1c4ebfb19d4,7eab4e19-18f9-4a0f-b69d-f270ea968cc3,true,
49bd1336-0cb5-4ec2-92a6-b1c4ebfb19d4,83991911-186e-4ba5-bfb7-1c73a316b36d,true,
49bd1336-0cb5-4ec2-92a6-b1c4ebfb19d4,e365136a-82ed-4a47-995b-dea4084094c7,true,
49bd1336-0cb5-4ec2-92a6-b1c4ebfb19d4,3f1f18fe-25a5-499d-a485-3880af5427cc,true,
49bd1336-0cb5-4ec2-92a6-b1c4ebfb19d4,85e9d422-5cb3-4bba-8332-ebd561d5c2a2,true,
49bd1336-0cb5-4ec2-92a6-b1c4ebfb19d4,410b8a7d-3a14-4228-af32-e9083823d831,true,
49bd1336-0cb5-4ec2-92a6-b1c4ebfb19d4,7f7deb1d-dca5-406f-b049-01aae5db51cf,true,
49bd1336-0cb5-4ec2-92a6-b1c4ebfb19d4,f97f2859-d65c-425e-87fb-d0fbea4fee66,true,
49bd1336-0cb5-4ec2-92a6-b1c4ebfb19d4,cef39720-84b9-4022-82df-df2cad4ba1b0,true,
49bd1336-0cb5-4ec2-92a6-b1c4ebfb19d4,65191dc6-6b5b-4206-92a9-2ae4f96b5600,true,
49bd1336-0cb5-4ec2-92a6-b1c4ebfb19d4,c7cd54d2-bb25-458c-960a-0ab3cdebf2b0,true,
49bd1336-0cb5-4ec2-92a6-b1c4ebfb19d4,96515346-b5bc-47db-bc48-5c6b29a13d17,true,
49bd1336-0cb5-4ec2-92a6-b1c4ebfb19d4,f1e5b48f-00ae-4194-9714-93ad5bd6e7a8,true,
49bd1336-0cb5-4ec2-92a6-b1c4ebfb19d4,b802e8d0-0ddb-4228-891b-7bf3570c2b23,true,
49bd1336-0cb5-4ec2-92a6-b1c4ebfb19d4,22408357-f5d3-4168-86ae-5b70011ffd8d,true,
49bd1336-0cb5-4ec2-92a6-b1c4ebfb19d4,7d290de9-78d1-4591-9933-e83e86674f49,true,
49bd1336-0cb5-4ec2-92a6-b1c4ebfb19d4,c477130b-c7fe-452d-a668-627a6a68fd7d,true,
49bd1336-0cb5-4ec2-92a6-b1c4ebfb19d4,70726f44-b6ad-43ff-9e92-9592af64be16,true,
49bd1336-0cb5-4ec2-92a6-b1c4ebfb19d4,0ef8f9dc-84b2-40bc-b572-ad71f7327460,true,
49bd1336-0cb5-4ec2-92a6-b1c4ebfb19d4,d4824cb8-c06f-468b-b906-5a67bba0266c,true,
49bd1336-0cb5-4ec2-92a6-b1c4ebfb19d4,08d9f386-caa1-4cdc-98b1-a006e4d8e36c,true,
49bd1336-0cb5-4ec2-92a6-b1c4ebfb19d4,ad38b888-19f1-4e42-b154-34fecc19345c,true,
49bd1336-0cb5-4ec2-92a6-b1c4ebfb19d4,d422f21f-39a2-478d-80da-9b631bfa1ea0,true,
49bd1336-0cb5-4ec2-92a6-b1c4ebfb19d4,474fe0d2-46ba-4f45-9196-37da5c9b084b,true,
49bd1336-0cb5-4ec2-92a6-b1c4ebfb19d4,77b2b128-bc3a-4cc5-b1ee-3a95d2938941,true,
49bd1336-0cb5-4ec2-92a6-b1c4ebfb19d4,fb993f42-1072-4d67-9688-9b3d5a315d85,true,
49bd1336-0cb5-4ec2-92a6-b1c4ebfb19d4,a36e06fb-e13a-4ae8-b3cc-ce6ca2d91905,true,
49bd1336-0cb5-4ec2-92a6-b1c4ebfb19d4,c584131a-1ede-48e7-b923-de4f5a51d2f4,true,
49bd1336-0cb5-4ec2-92a6-b1c4ebfb19d4,602019c4-4729-49e9-a6f4-950f7c1df7aa,true,
49bd1336-0cb5-4ec2-92a6-b1c4ebfb19d4,ae6879cd-1878-437e-96ad-7f7728be1275,true,
49bd1336-0cb5-4ec2-92a6-b1c4ebfb19d4,aafcdede-0e19-4964-9193-3c40e2f6e0bf,true,
49bd1336-0cb5-4ec2-92a6-b1c4ebfb19d4,c4f5fba4-ce52-4843-9efb-0e14d30345e7,true,
49bd1336-0cb5-4ec2-92a6-b1c4ebfb19d4,0ff5e165-ae3c-4009-adeb-77fd931abaa6,true,
49bd1336-0cb5-4ec2-92a6-b1c4ebfb19d4,ddc7af08-4a46-4888-9e85-b24806225187,true,
49bd1336-0cb5-4ec2-92a6-b1c4ebfb19d4,8fc729eb-8ae8-4000-ad2d-fc4d82935d84,true,
333edc50-a2b3-470a-a9ed-31291c77d62f,e6764180-9c24-4960-8182-52c300558eaf,true,
333edc50-a2b3-470a-a9ed-31291c77d62f,eb6f2b26-74ae-43ad-9b1e-7c3bdf2c7f50,true,
333edc50-a2b3-470a-a9ed-31291c77d62f,1bef936a-768c-4f1f-b309-7a8d336c2dbe,false,[NO_5XX] Unexpected 5XX response: 502
333edc50-a2b3-470a-a9ed-31291c77d62f,cbaffe65-4c72-4e59-82d1-6b218d90beba,true,
333edc50-a2b3-470a-a9ed-31291c77d62f,6f9c6c52-68e8-4fd3-8e87-f77a0bca023a,true,
333edc50-a2b3-470a-a9ed-31291c77d62f,aecda633-5bdf-489f-8b83-5d13c3bd17a5,true,
333edc50-a2b3-470a-a9ed-31291c77d62f,bdfa8c4b-585c-446f-9427-151c53e71b37,true,
333edc50-a2b3-470a-a9ed-31291c77d62f,19215dd3-a68f-4cbf-9dff-725642599fb1,true,
333edc50-a2b3-470a-a9ed-31291c77d62f,a4f4b839-edb4-4345-a346-f4ed0473c6c2,true,
333edc50-a2b3-470a-a9ed-31291c77d62f,099cbb61-7662-4113-b117-8fd276066a64,true,
333edc50-a2b3-470a-a9ed-31291c77d62f,fd7ec6a7-14d1-4904-b39b-9e7545676728,true,
333edc50-a2b3-470a-a9ed-31291c77d62f,d4bd5d1a-9ed0-4877-a8f8-bb48441ed073,true,
333edc50-a2b3-470a-a9ed-31291c77d62f,17afdc0b-67ba-4623-a797-6bfed3ced854,true,
333edc50-a2b3-470a-a9ed-31291c77d62f,d4f6a4c1-58e9-42cb-82b4-932f564401fd,true,
333edc50-a2b3-470a-a9ed-31291c77d62f,f7743d7a-3966-4bee-84df-530500cf2a58,true,
333edc50-a2b3-470a-a9ed-31291c77d62f,6ba0d6c1-9710-4fb7-8cd2-ce975d981826,true,
333edc50-a2b3-470a-a9ed-31291c77d62f,cff11ecc-d294-4a70-b428-a2ae1f85b19b,true,
333edc50-a2b3-470a-a9ed-31291c77d62f,9c0a2c66-2138-44e3-817e-c4b5bf160361,true,
333edc50-a2b3-470a-a9ed-31291c77d62f,59cd7229-9f2e-4013-81a1-fbc9ca8b53e3,true,
333edc50-a2b3-470a-a9ed-31291c77d62f,08e86117-a3fe-465d-bd4d-38f2a722b67d,true,
333edc50-a2b3-470a-a9ed-31291c77d62f,369307f5-d038-4565-b178-cd20be5fc597,true,
333edc50-a2b3-470a-a9ed-31291c77d62f,00793b64-50be-4d01-9634-d49eeca749ec,true,
333edc50-a2b3-470a-a9ed-31291c77d62f,9a09ad09-1711-4618-bf47-bae35b271b4f,true,
333edc50-a2b3-470a-a9ed-31291c77d62f,d0c86d02-d397-444a-95fc-83a0e6392ddd,true,
333edc50-a2b3-470a-a9ed-31291c77d62f,a151aa49-62e2-42c4-be64-e6875e41faa3,true,
333edc50-a2b3-470a-a9ed-31291c77d62f,5c45c665-e285-491d-8df4-8916d40195e4,true,
333edc50-a2b3-470a-a9ed-31291c77d62f,aa6e3080-b50f-42db-b2d1-0fbec91b6227,true,
333edc50-a2b3-470a-a9ed-31291c77d62f,024c38dc-a751-468f-93a8-a93677e511f2,true,
333edc50-a2b3-470a-a9ed-31291c77d62f,a9964fc6-d454-4bc6-a70d-cc12145c04a9,true,
333edc50-a2b3-470a-a9ed-31291c77d62f,f8937839-08bd-4983-bd5b-e8c9e2fdd575,true,
333edc50-a2b3-470a-a9ed-31291c77d62f,18bc74c4-179d-433d-8be6-bb144f0e940a,true,
333edc50-a2b3-470a-a9ed-31291c77d62f,d44e2e86-daf4-4576-a566-16debe147043,true,
333edc50-a2b3-470a-a9ed-31291c77d62f,5afd1e32-366d-41a4-a47b-c28f1bcfea4a,true,
333edc50-a2b3-470a-a9ed-31291c77d62f,bcfa2bdf-3b39-405c-a085-46446974b314,true,
333edc50-a2b3-470a-a9ed-31291c77d62f,127c6bed-cb69-4db1-99a0-68c52aa69496,true,
333edc50-a2b3-470a-a9ed-31291c77d62f,e1c9191e-7248-4e0f-ab8e-68f565f76196,true,
333edc50-a2b3-470a-a9ed-31291c77d62f,eafcf764-179b-4051-b1d3-7768d8744fd4,true,
333edc50-a2b3-470a-a9ed-31291c77d62f,6ef9e27a-22fb-42bf-b5aa-d6914d8c99f8,true,
333edc50-a2b3-470a-a9ed-31291c77d62f,f9ba0726-a886-4933-90b5-a832d74ef41c,true,
333edc50-a2b3-470a-a9ed-31291c77d62f,441006f1-7865-460c-9f2f-20539e3c43c5,true,
333edc50-a2b3-470a-a9ed-31291c77d62f,b1303f14-13f5-4478-b8b9-581383d8b673,true,
333edc50-a2b3-470a-a9ed-31291c77d62f,7bed7007-9ae3-408b-915b-1106d3c5ab80,true,
333edc50-a2b3-470a-a9ed-31291c77d62f,3bf8076a-922a-48a4-ae3e-724a70586de3,true,
333edc50-a2b3-470a-a9ed-31291c77d62f,6df584ab-fbfb-410e-ba57-d64743db9d64,true,
333edc50-a2b3-470a-a9ed-31291c77d62f,beef3dad-1af0-418a-bfac-0379e291b6a7,true,
333edc50-a2b3-470a-a9ed-31291c77d62f,8bcdbfb4-0bd1-4684-b5e7-a64bc4661433,true,
333edc50-a2b3-470a-a9ed-31291c77d62f,4043ee02-f33d-4f15-8b7f-635820431343,true,
333edc50-a2b3-470a-a9ed-31291c77d62f,3281ab99-214b-436e-968e-74ff99dfba22,true,
333edc50-a2b3-470a-a9ed-31291c77d62f,8b2b9cdb-2b7b-4510-af0d-18153bfc5709,true,
333edc50-a2b3-470a-a9ed-31291c77d62f,f0ab9768-b1c6-4708-831a-15d083f4d7c1,true,
333edc50-a2b3-470a-a9ed-31291c77d62f,5ffa270e-ad2c-475e-ae08-c3b51b2825a7,true,
333edc50-a2b3-470a-a9ed-31291c77d62f,3881b515-8d3c-4dc3-962f-2d4666aac29a,true,
333edc50-a2b3-470a-a9ed-31291c77d62f,6eb2a1db-ab40-4c06-bc7e-16e01ebf15a7,true,
333edc50-a2b3-470a-a9ed-31291c77d62f,70ca4500-97d5-4b31-af25-33ae856a1658,true,
333edc50-a2b3-470a-a9ed-31291c77d62f,01dd377e-2504-44ca-944d-b211932da305,true,
333edc50-a2b3-470a-a9ed-31291c77d62f,f753487a-e6b7-48c5-ad70-e7e3515de5fe,true,
333edc50-a2b3-470a-a9ed-31291c77d62f,450011bc-7428-4fe2-8cd9-c4a58f07db79,true,
333edc50-a2b3-470a-a9ed-31291c77d62f,cc7183f7-ff52-499c-a568-b54c2b6b31f8,true,
333edc50-a2b3-470a-a9ed-31291c77d62f,058bf660-6213-49b3-a625-79044a9d1bcd,true,
333edc50-a2b3-470a-a9ed-31291c77d62f,c0281d30-d56f-498d-a24c-f0121f8460ad,true,
333edc50-a2b3-470a-a9ed-31291c77d62f,f6f077da-b9a2-4f6f-8cf7-513fb9f82526,true,
333edc50-a2b3-470a-a9ed-31291c77d62f,885de35e-a50c-486d-95d2-bdd718f32ba6,true,
333edc50-a2b3-470a-a9ed-31291c77d62f,62237568-2c9d-4968-9fb5-c7ec18af03a8,true,
333edc50-a2b3-470a-a9ed-31291c77d62f,a2374679-3880-4205-a221-fc2a42b24cc1,true,
333edc50-a2b3-470a-a9ed-31291c77d62f,84c37366-3c82-4738-8d63-4a57b5cd1de6,true,
333edc50-a2b3-470a-a9ed-31291c77d62f,5cce84f6-1a0b-4374-9e60-4497f6a4c996,true,
333edc50-a2b3-470a-a9ed-31291c77d62f,8c18c1f1-c37e-495c-b421-b62da353d346,true,
333edc50-a2b3-470a-a9ed-31291c77d62f,444b0c33-1be4-43bf-81cc-7e6a27c7b791,true,
333edc50-a2b3-470a-a9ed-31291c77d62f,0030154a-c7ed-4a04-a107-909ca2ac162a,true,
333edc50-a2b3-470a-a9ed-31291c77d62f,b1d106fd-1a12-4470-aba2-d6ca12494219,true,
333edc50-a2b3-470a-a9ed-31291c77d62f,b50b7893-ae8e-43f8-899d-6bb6c9c4e852,true,
333edc50-a2b3-470a-a9ed-31291c77d62f,4912ff72-7312-4dc2-a281-0a778227c63a,true,
333edc50-a2b3-470a-a9ed-31291c77d62f,43dee78a-27a3-44e9-8fd5-d51d33ef5a99,true,
333edc50-a2b3-470a-a9ed-31291c77d62f,0789a82e-64a0-4471-9987-8edc1f8ae768,true,
333edc50-a2b3-470a-a9ed-31291c77d62f,7bb57d6b-c653-4c08-bcfb-0112d0d748ca,true,
333edc50-a2b3-470a-a9ed-31291c77d62f,ccdd7301-b082-4301-98a8-af648bde6af1,true,
333edc50-a2b3-470a-a9ed-31291c77d62f,7c4c6f88-a7c3-46f8-80c2-3f5c732a4629,true,
333edc50-a2b3-470a-a9ed-31291c77d62f,de4b3211-79ea-42ec-8558-8a8415c3b886,true,
333edc50-a2b3-470a-a9ed-31291c77d62f,5781fd27-47e2-47b0-83a9-56094058aed9,true,
333edc50-a2b3-470a-a9ed-31291c77d62f,6ebb4c3f-7715-4f21-8543-39ac34c719ec,true,
333edc50-a2b3-470a-a9ed-31291c77d62f,381a3e27-b8e2-4caa-b342-bea5c08906ac,true,
333edc50-a2b3-470a-a9ed-31291c77d62f,84a5ce5e-8b00-47a1-be78-8055a63daf1c,true,
333edc50-a2b3-470a-a9ed-31291c77d62f,de60e76a-0396-4858-b291-f0b5921b4bfc,true,
333edc50-a2b3-470a-a9ed-31291c77d62f,b2e0e56d-ba3a-4e29-a72b-8eb78522f544,true,
333edc50-a2b3-470a-a9ed-31291c77d62f,7606bb2c-86f2-4a87-8a8f-dec8ddc693ba,true,
333edc50-a2b3-470a-a9ed-31291c77d62f,5f94f7a8-69e3-4a36-a4ac-fc55796ee7b3,true,
333edc50-a2b3-470a-a9ed-31291c77d62f,baf6032f-f05f-48e5-be69-1f8ff9812e91,true,
333edc50-a2b3-470a-a9ed-31291c77d62f,bdf0e83e-c6be-4599-b127-e6b7b50db769,true,
333edc50-a2b3-470a-a9ed-31291c77d62f,0d9e4746-796b-428a-b275-d604082b9edd,true,
333edc50-a2b3-470a-a9ed-31291c77d62f,55231328-fc96-4f0f-9b56-d1c151434a88,true,
333edc50-a2b3-470a-a9ed-31291c77d62f,dca2492a-4880-4a04-9fb0-0ec9c2a220ae,true,
333edc50-a2b3-470a-a9ed-31291c77d62f,f03721bb-4054-4bef-b893-ba3d28e22d2b,true,
333edc50-a2b3-470a-a9ed-31291c77d62f,92ee9b1b-49dd-4c99-b429-46f409f5f921,true,
333edc50-a2b3-470a-a9ed-31291c77d62f,526d9c31-a8ef-44af-89a2-73c483b8c3c7,true,
333edc50-a2b3-470a-a9ed-31291c77d62f,0b669eb2-49e9-4ed8-a93c-eec88cb61a1e,true,
333edc50-a2b3-470a-a9ed-31291c77d62f,6d861666-a490-4a01-af19-c70932dca812,true,
333edc50-a2b3-470a-a9ed-31291c77d62f,f4865dd6-2d13-41de-a9e9-c78cffee3662,true,
333edc50-a2b3-470a-a9ed-31291c77d62f,a280c07a-c108-4c59-a529-0189afab00c0,true,
333edc50-a2b3-470a-a9ed-31291c77d62f,5b26654f-6914-4c7a-ae09-f6fc986c2684,true,
333edc50-a2b3-470a-a9ed-31291c77d62f,81016e9a-2925-4bcf-b710-3414d931206f,true,
333edc50-a2b3-470a-a9ed-31291c77d62f,dc1c3737-02ab-48fa-a268-5d7cee6059ac,true,
333edc50-a2b3-470a-a9ed-31291c77d62f,50f639ab-d700-475a-9707-af1ea47e0f00,true,
333edc50-a2b3-470a-a9ed-31291c77d62f,e893f2ee-d0e9-41fe-a9a4-78df07a595bc,true,
333edc50-a2b3-470a-a9ed-31291c77d62f,9d74f0a6-04f6-42be-b296-b5ba439b9e36,true,
333edc50-a2b3-470a-a9ed-31291c77d62f,d0304523-3701-42a1-ab77-133a903f3919,true,
333edc50-a2b3-470a-a9ed-31291c77d62f,a7a4be57-620e-4d71-83fe-5b60eacfced5,true,
333edc50-a2b3-470a-a9ed-31291c77d62f,65fa330f-e828-40eb-a708-bf5808b41d05,true,
333edc50-a2b3-470a-a9ed-31291c77d62f,057b29d3-f0e6-4f45-877d-cd1f4d63ce03,true,
333edc50-a2b3-470a-a9ed-31291c77d62f,3da74d3b-5304-4fa2-917c-eafa8c02a472,true,
333edc50-a2b3-470a-a9ed-31291c77d62f,e5cd4a76-48bf-4080-8146-783c629f0280,true,
333edc50-a2b3-470a-a9ed-31291c77d62f,dad19d71-2269-4174-8c19-a3368809b376,true,
333edc50-a2b3-470a-a9ed-31291c77d62f,7912ee55-f7cb-46c3-ab56-4418235efee7,true,
333edc50-a2b3-470a-a9ed-31291c77d62f,5a74aa7b-275e-41b4-874e-1265ed8ad377,true,
333edc50-a2b3-470a-a9ed-31291c77d62f,bf93ec84-d2df-4e7a-b4ec-4e4de93d9f86,true,
333edc50-a2b3-470a-a9ed-31291c77d62f,8c6e2f97-e42d-431c-8acc-c14cba11c563,true,
333edc50-a2b3-470a-a9ed-31291c77d62f,2662b25c-4071-4fda-9b7d-578d955ba037,true,
333edc50-a2b3-470a-a9ed-31291c77d62f,79701588-c8c2-4400-bab1-e0562df22a2b,true,
333edc50-a2b3-470a-a9ed-31291c77d62f,a3f4e482-7666-496e-8707-f7c9e74ea741,true,
333edc50-a2b3-470a-a9ed-31291c77d62f,aa531105-5bb2-4814-ac2c-2280d7c095ec,true,
333edc50-a2b3-470a-a9ed-31291c77d62f,773628e1-542d-4958-bdef-9c710ab9e7cc,true,
333edc50-a2b3-470a-a9ed-31291c77d62f,6e90908e-b6c2-4c30-8cc1-32512eb79d69,true,
333edc50-a2b3-470a-a9ed-31291c77d62f,bea7bb60-ae29-4578-9e51-16dbff885348,true,
333edc50-a2b3-470a-a9ed-31291c77d62f,a11c8c23-9669-4a2f-9586-8243320ebe9f,true,
333edc50-a2b3-470a-a9ed-31291c77d62f,5d1e5944-a6a9-417b-95f3-b4650d9b9358,true,
333edc50-a2b3-470a-a9ed-31291c77d62f,31421701-2377-44fb-b9a5-b704e70f204c,true,
333edc50-a2b3-470a-a9ed-31291c77d62f,c2116c86-6504-47d4-8d78-8f15a8ef5da3,true,
333edc50-a2b3-470a-a9ed-31291c77d62f,1f90eda0-6b4e-4bf1-ab0b-82156cccbf22,true,
333edc50-a2b3-470a-a9ed-31291c77d62f,5d6ad2ea-fc5a-424a-a340-a67e17540d26,true,
333edc50-a2b3-470a-a9ed-31291c77d62f,9755564e-891a-4827-8b9e-5d5e75560f4a,true,
333edc50-a2b3-470a-a9ed-31291c77d62f,b358e534-9f87-42a7-8601-80b24af0806c,true,
333edc50-a2b3-470a-a9ed-31291c77d62f,250a5e36-998f-4968-8d12-f71024a69ef3,true,
333edc50-a2b3-470a-a9ed-31291c77d62f,af9428e4-752a-4e6e-92ad-33c989917c5d,true,
333edc50-a2b3-470a-a9ed-31291c77d62f,aa8506e9-8c46-4bbf-984e-9ca0eb343895,true,
333edc50-a2b3-470a-a9ed-31291c77d62f,b639205f-5d85-4344-bf9f-1444c5d9afff,true,
333edc50-a2b3-470a-a9ed-31291c77d62f,9835767b-58e3-4f3b-b58c-090e0180b8eb,true,
333edc50-a2b3-470a-a9ed-31291c77d62f,275ff458-6227-4bc4-bb75-301a8d7c4904,true,
333edc50-a2b3-470a-a9ed-31291c77d62f,449a2421-63ac-4ca3-9929-15001543ce19,true,
333edc50-a2b3-470a-a9ed-31291c77d62f,c45fba1b-1048-42a3-99e8-43933683efa3,true,
333edc50-a2b3-470a-a9ed-31291c77d62f,4bc42295-6ccd-4b4d-b668-a3ec3e9de052,true,
333edc50-a2b3-470a-a9ed-31291c77d62f,a324b846-f767-43a5-ac0c-0a71ed04be36,true,
333edc50-a2b3-470a-a9ed-31291c77d62f,2d0a8f73-0b3f-428b-a15b-9860ce9b89cd,true,
333edc50-a2b3-470a-a9ed-31291c77d62f,159bc9a8-7ddd-4bcd-b48a-54af0552ace0,true,
333edc50-a2b3-470a-a9ed-31291c77d62f,8cbfb2b0-bf35-48dc-a6dc-6092e886704c,true,
333edc50-a2b3-470a-a9ed-31291c77d62f,db43d08c-ff85-48cc-a96a-156ef6524fdb,true,
333edc50-a2b3-470a-a9ed-31291c77d62f,6b1e665f-4e4e-4ef6-85fe-5ed594ffed29,true,
333edc50-a2b3-470a-a9ed-31291c77d62f,a9c5b8a4-c303-4201-b580-bb1a4ddfd780,true,
333edc50-a2b3-470a-a9ed-31291c77d62f,4a02583b-b385-4ac3-b2fb-e4911d229016,true,
333edc50-a2b3-470a-a9ed-31291c77d62f,a9907abb-ef93-440d-98ef-993b2d8bc4a5,true,
333edc50-a2b3-470a-a9ed-31291c77d62f,6a3b6fd2-3225-4468-b2a8-f08599bf39e9,true,
333edc50-a2b3-470a-a9ed-31291c77d62f,f484cfab-58e4-428b-9914-7217672fa365,true,
333edc50-a2b3-470a-a9ed-31291c77d62f,616672c7-80fb-4638-b0b7-af3cdc64a13c,true,
333edc50-a2b3-470a-a9ed-31291c77d62f,920b9d57-1524-49bc-a5fe-ed74adfa1cc0,true,
333edc50-a2b3-470a-a9ed-31291c77d62f,81e8cb3c-fffc-4a00-a285-2d454e9609a4,true,
333edc50-a2b3-470a-a9ed-31291c77d62f,8e36b5f6-e335-47ad-ae45-6105e6cec5ac,true,
333edc50-a2b3-470a-a9ed-31291c77d62f,f1bf9ab2-6cf5-4604-8875-535b20341d01,true,
333edc50-a2b3-470a-a9ed-31291c77d62f,13617a61-7d4e-451c-89cb-2bb9ffcbcc90,true,
333edc50-a2b3-470a-a9ed-31291c77d62f,59348746-a4da-4a6a-bd15-5f2e75136728,true,
333edc50-a2b3-470a-a9ed-31291c77d62f,14279b5c-7e59-4200-ba19-1c18fc892aa6,true,
333edc50-a2b3-470a-a9ed-31291c77d62f,51752d0c-6a48-4d97-a525-9d7e7ffdaada,true,
333edc50-a2b3-470a-a9ed-31291c77d62f,83d5d753-7843-49bf-a1a2-bb1ad99106fe,true,
333edc50-a2b3-470a-a9ed-31291c77d62f,1d42a4b2-7e9d-4ec9-b251-cd239b9956f2,true,
333edc50-a2b3-470a-a9ed-31291c77d62f,72cc0849-573c-4f55-b113-9bc2509640bb,true,
333edc50-a2b3-470a-a9ed-31291c77d62f,cbd714ed-d28d-460d-9450-9d764f82f458,true,
333edc50-a2b3-470a-a9ed-31291c77d62f,7ef9f273-9dfa-4815-b48a-dbc680378d95,true,
333edc50-a2b3-470a-a9ed-31291c77d62f,e344622c-2044-4149-b2e0-99f93a13add2,true,
333edc50-a2b3-470a-a9ed-31291c77d62f,0e097c8f-4225-4237-a08f-65c895e9009a,true,
333edc50-a2b3-470a-a9ed-31291c77d62f,ba676337-f2e0-4503-9f2a-4cb1a1a4a076,true,
333edc50-a2b3-470a-a9ed-31291c77d62f,697f87f3-fd3d-4838-b6d9-470645187e5b,true,
333edc50-a2b3-470a-a9ed-31291c77d62f,6831b570-bfdc-45db-af2d-000339e8c9c0,true,
333edc50-a2b3-470a-a9ed-31291c77d62f,7ac85b2b-923f-4728-a8d5-25f940d99ee0,true,
333edc50-a2b3-470a-a9ed-31291c77d62f,3ff71c20-8187-47c0-9621-406cc11effbc,true,
333edc50-a2b3-470a-a9ed-31291c77d62f,fa8b4158-b129-4382-a4ef-28a4aae425a1,true,
333edc50-a2b3-470a-a9ed-31291c77d62f,69d62768-8e60-4f10-8e8e-517667695e52,true,
333edc50-a2b3-470a-a9ed-31291c77d62f,f6e0460e-6475-4e84-9cc3-ec7ba8af3c1c,true,
333edc50-a2b3-470a-a9ed-31291c77d62f,a6ab5f56-e7b7-42f4-a5c8-5988ca9243db,true,
333edc50-a2b3-470a-a9ed-31291c77d62f,854a3554-4926-44a8-9a5a-9ef62d88f8a8,true,
333edc50-a2b3-470a-a9ed-31291c77d62f,73df316c-e855-4b27-a952-5e85b71e4fda,true,
333edc50-a2b3-470a-a9ed-31291c77d62f,eb970d06-a2f3-422a-b8cd-4566f1187ce5,true,
333edc50-a2b3-470a-a9ed-31291c77d62f,4abf326e-eec9-4a9f-bada-5e9f511fc2d8,true,
333edc50-a2b3-470a-a9ed-31291c77d62f,53fed432-8125-47ef-a8b0-b4173210208f,true,
333edc50-a2b3-470a-a9ed-31291c77d62f,8f60dac3-4eab-4b21-a7aa-8e017c9dfdf1,true,
333edc50-a2b3-470a-a9ed-31291c77d62f,fa4bc680-8492-41a6-b13b-48dcbb2b7b02,true,
333edc50-a2b3-470a-a9ed-31291c77d62f,900b18ed-3410-45ea-8892-7cd266dd7790,true,
333edc50-a2b3-470a-a9ed-31291c77d62f,f215e527-5aec-484f-82f6-c4a940c2f435,true,
333edc50-a2b3-470a-a9ed-31291c77d62f,d5c706ff-bc20-4f43-a4b1-3e54ac49c397,true,
333edc50-a2b3-470a-a9ed-31291c77d62f,f1e523ed-e9b1-4c4b-9d7c-a6a1579a0ba6,true,
333edc50-a2b3-470a-a9ed-31291c77d62f,6878ebb5-9cc6-4275-bdc5-2daf4424358b,true,
333edc50-a2b3-470a-a9ed-31291c77d62f,a599d405-a86a-49f9-921d-148bcebbd186,true,
333edc50-a2b3-470a-a9ed-31291c77d62f,0cca42bd-e6f7-49b1-b98e-95287f856aea,true,
333edc50-a2b3-470a-a9ed-31291c77d62f,bc6806e9-e017-4fd9-845f-bb5673fedba9,true,
333edc50-a2b3-470a-a9ed-31291c77d62f,39b223f9-c3b9-440e-aa13-89ef105f6a42,true,
333edc50-a2b3-470a-a9ed-31291c77d62f,53477d0e-4847-4450-b2b1-9a3e668b4979,true,
333edc50-a2b3-470a-a9ed-31291c77d62f,108634d1-75e7-4004-9af8-c53d19953edc,true,
333edc50-a2b3-470a-a9ed-31291c77d62f,727fda53-da5f-4ecb-8dcd-ecef5d168ee1,true,
333edc50-a2b3-470a-a9ed-31291c77d62f,a7cf9acd-e349-4881-8a4a-464a83c0bc90,true,
333edc50-a2b3-470a-a9ed-31291c77d62f,1180ead5-920a-4a85-9ba6-2e1a977be4a6,true,
333edc50-a2b3-470a-a9ed-31291c77d62f,bf3d31f3-eec2-4598-808c-301bc06b5e48,true,
333edc50-a2b3-470a-a9ed-31291c77d62f,6a404d88-2735-45db-959f-d4fb94be6c4b,true,
333edc50-a2b3-470a-a9ed-31291c77d62f,5826315b-e314-4e79-ae40-93273cf5b373,true,
333edc50-a2b3-470a-a9ed-31291c77d62f,aade8e32-827f-4bed-a592-32bd367cb733,true,
333edc50-a2b3-470a-a9ed-31291c77d62f,bc4e28d4-d7c2-4063-b1a8-b582c1bb9021,true,
333edc50-a2b3-470a-a9ed-31291c77d62f,ee6bd101-e838-4873-a2fd-df30d627c860,true,
333edc50-a2b3-470a-a9ed-31291c77d62f,0c25747a-be92-4e49-8573-5d9d85f15cc6,true,
333edc50-a2b3-470a-a9ed-31291c77d62f,5c038d4b-82ba-40bd-9f89-19c9867a9dc3,true,
333edc50-a2b3-470a-a9ed-31291c77d62f,1cc4f2db-49f5-4d56-8bde-ebc924f2f06e,true,
333edc50-a2b3-470a-a9ed-31291c77d62f,95e455a9-666e-4bc6-bc26-78a596cb9258,true,
333edc50-a2b3-470a-a9ed-31291c77d62f,2534cb31-af82-4ef7-9f0e-033c5de38b5f,true,
333edc50-a2b3-470a-a9ed-31291c77d62f,7d4cdf6d-17a7-4951-88e3-f0e0384ce88d,true,
333edc50-a2b3-470a-a9ed-31291c77d62f,cbd336a7-2796-4bab-b46f-64987a6289a1,true,
333edc50-a2b3-470a-a9ed-31291c77d62f,8c575b0c-4601-4af4-a3ce-580c074a9611,true,
333edc50-a2b3-470a-a9ed-31291c77d62f,e6c08c40-ac40-4195-bf1d-597bbff41eaa,true,
333edc50-a2b3-470a-a9ed-31291c77d62f,967ecbfb-3d05-41af-ac22-47c865521fea,true,
333edc50-a2b3-470a-a9ed-31291c77d62f,beae920a-83a6-456b-b88d-51b6e893d298,true,
333edc50-a2b3-470a-a9ed-31291c77d62f,64a88083-88bb-469e-a319-129581cfaec8,true,
333edc50-a2b3-470a-a9ed-31291c77d62f,abd9a578-057e-4f8f-8bcf-96fb5a11febf,true,
333edc50-a2b3-470a-a9ed-31291c77d62f,c5e8c3dc-7867-467f-bb07-862d9f865523,true,
333edc50-a2b3-470a-a9ed-31291c77d62f,05770124-80fc-4020-83ec-3f5aec70dbcf,true,
333edc50-a2b3-470a-a9ed-31291c77d62f,c1ce3b8b-dfaf-4849-b0db-5146ec07238d,true,
333edc50-a2b3-470a-a9ed-31291c77d62f,971e30ff-a2a6-4a33-beec-d0d1419e3f93,true,
333edc50-a2b3-470a-a9ed-31291c77d62f,560cf625-1370-424a-9fce-5c72bb5e14f8,true,
333edc50-a2b3-470a-a9ed-31291c77d62f,03a7a781-47b0-491b-a7e9-d2e29d30788f,true,
333edc50-a2b3-470a-a9ed-31291c77d62f,c04057c9-6de0-414f-ba0a-410ae07f7fbf,true,
333edc50-a2b3-470a-a9ed-31291c77d62f,d9f15499-6ea6-448a-9993-97a96c6cf496,true,
333edc50-a2b3-470a-a9ed-31291c77d62f,fb556108-eace-4247-abd9-616084a794a1,true,
333edc50-a2b3-470a-a9ed-31291c77d62f,f485e839-c26b-43fd-bf87-e1011baa2268,true,
333edc50-a2b3-470a-a9ed-31291c77d62f,d884fbc7-c9a7-46c7-95f3-0f4dffd56942,true,
333edc50-a2b3-470a-a9ed-31291c77d62f,f5742adb-36ca-4406-92f2-74dcc92585da,true,
333edc50-a2b3-470a-a9ed-31291c77d62f,015962cf-d751-43c5-8a83-5f299306f418,true,
333edc50-a2b3-470a-a9ed-31291c77d62f,bb0a935d-79fa-49c0-91db-04696ec0b8d1,true,
333edc50-a2b3-470a-a9ed-31291c77d62f,1afaadb8-801f-4c52-b866-20d44e42c5dd,true,
333edc50-a2b3-470a-a9ed-31291c77d62f,dc481701-f1ca-4022-a79b-e33b8d60c7c3,true,
333edc50-a2b3-470a-a9ed-31291c77d62f,050c97c8-2cf4-4564-9881-fa1f3c148784,true,
333edc50-a2b3-470a-a9ed-31291c77d62f,eb470b3d-923a-40bd-81f5-1fe21463ad37,true,
333edc50-a2b3-470a-a9ed-31291c77d62f,943761cd-bad0-4ee9-ac06-60798aeca65a,true,
333edc50-a2b3-470a-a9ed-31291c77d62f,99c5265c-b60f-45e9-8730-5ca3a7338363,true,
333edc50-a2b3-470a-a9ed-31291c77d62f,3a9971f4-4194-47d7-a619-1e3434eac0fc,true,
333edc50-a2b3-470a-a9ed-31291c77d62f,016d0b89-ea39-41fc-bdaa-2b306ca40248,true,
333edc50-a2b3-470a-a9ed-31291c77d62f,c17147a5-5da6-46b6-a90d-cb6b969ec06a,true,
333edc50-a2b3-470a-a9ed-31291c77d62f,d438c4c3-8c6d-40c2-8aae-3e876ce23d97,true,
333edc50-a2b3-470a-a9ed-31291c77d62f,fab8192d-fb63-4adb-87d2-7a316acd5fd3,true,
333edc50-a2b3-470a-a9ed-31291c77d62f,d1084e1b-7d23-45d8-ada8-79314f818339,true,
333edc50-a2b3-470a-a9ed-31291c77d62f,fb9ed598-67d4-4a62-ac67-611275487c6e,true,
333edc50-a2b3-470a-a9ed-31291c77d62f,d2c4ad25-fc7a-483d-ba07-196ad4a2b822,true,
333edc50-a2b3-470a-a9ed-31291c77d62f,3ab6605e-bf14-4807-a83c-ae0e181e0bee,true,
333edc50-a2b3-470a-a9ed-31291c77d62f,c8916f1e-c849-439a-8270-e51c5a920e7f,true,
333edc50-a2b3-470a-a9ed-31291c77d62f,ad350670-6d23-4c6b-85c3-e21e15c83e3a,true,
333edc50-a2b3-470a-a9ed-31291c77d62f,40579628-7f94-48e7-b46b-5895a0ae6094,true,
333edc50-a2b3-470a-a9ed-31291c77d62f,34248555-24e7-427c-8c60-7effa60f842d,true,
333edc50-a2b3-470a-a9ed-31291c77d62f,47445275-89e5-4c1a-a52b-3502a0c832ff,true,
333edc50-a2b3-470a-a9ed-31291c77d62f,6809b6f7-b3da-401c-b569-c1e2d503b0f8,true,
333edc50-a2b3-470a-a9ed-31291c77d62f,ae7fa891-00b3-4ec4-958c-7fc886d87767,true,
333edc50-a2b3-470a-a9ed-31291c77d62f,03ac667a-344d-4f4a-80be-381900e31e48,true,
1c91a031-f2fb-4d41-a2b5-b95d3a50bad7,fbf361b6-8206-42b6-ab99-b9fc6ac2ca99,true,
1c91a031-f2fb-4d41-a2b5-b95d3a50bad7,606be3e3-ea8e-405e-a41d-3237fdf47962,true,
1c91a031-f2fb-4d41-a2b5-b95d3a50bad7,de8172a7-e492-4a2c-9eea-1819a6533978,false,[NO_5XX] Unexpected 5XX response: 502
1c91a031-f2fb-4d41-a2b5-b95d3a50bad7,ec885b30-b16d-465e-8767-4d599166e595,true,
1c91a031-f2fb-4d41-a2b5-b95d3a50bad7,b595f926-acb5-4f75-9791-577e41fcf236,true,
1c91a031-f2fb-4d41-a2b5-b95d3a50bad7,47cc9bab-c417-455a-8c6d-316c08047f7e,true,
1c91a031-f2fb-4d41-a2b5-b95d3a50bad7,fea7887a-645d-4134-8c07-5c22dd184d83,true,
1c91a031-f2fb-4d41-a2b5-b95d3a50bad7,090e8a23-ba01-45e0-8207-c40c41ef31fb,true,
1c91a031-f2fb-4d41-a2b5-b95d3a50bad7,55d92661-6680-4c86-8b2b-708600063f8d,true,
1c91a031-f2fb-4d41-a2b5-b95d3a50bad7,8f62ed19-6d37-46d7-a4dd-973f757f9dd0,true,
1c91a031-f2fb-4d41-a2b5-b95d3a50bad7,df945906-051f-4226-abcc-5cddcba7b803,true,
1c91a031-f2fb-4d41-a2b5-b95d3a50bad7,b64d87a9-bb1f-4170-9f95-5b25985de6ed,true,
1c91a031-f2fb-4d41-a2b5-b95d3a50bad7,10b420cd-3f8c-43b8-8ee5-d65b4bbc9641,true,
1c91a031-f2fb-4d41-a2b5-b95d3a50bad7,c260598f-5fab-46a8-a51f-2683e1053198,true,
1c91a031-f2fb-4d41-a2b5-b95d3a50bad7,b4c1725d-b877-485a-b077-e75839a930f5,true,
1c91a031-f2fb-4d41-a2b5-b95d3a50bad7,b35f0fa9-57be-4756-84b2-83cb69cd31d3,true,
1c91a031-f2fb-4d41-a2b5-b95d3a50bad7,6ff14311-ffd5-4927-b833-8e7b3a6e0b3b,true,
1c91a031-f2fb-4d41-a2b5-b95d3a50bad7,e4fab3fd-ba9b-4442-9fb0-1f2c8aa41f93,true,
1c91a031-f2fb-4d41-a2b5-b95d3a50bad7,c1497206-e157-4fd2-9a7b-41b81981a0e4,true,
1c91a031-f2fb-4d41-a2b5-b95d3a50bad7,e72cde35-fdc5-4767-ae1f-e0ace754abd5,true,
1c91a031-f2fb-4d41-a2b5-b95d3a50bad7,423f2c35-7c06-4641-aa50-9cd95bedf5c8,true,
1c91a031-f2fb-4d41-a2b5-b95d3a50bad7,4cc62100-2efc-434f-909e-758602222a7b,true,
1c91a031-f2fb-4d41-a2b5-b95d3a50bad7,4037e7c0-5ea8-428d-9f45-ea723a1ebccc,true,
1c91a031-f2fb-4d41-a2b5-b95d3a50bad7,ac490c0c-eae9-4464-84dc-51b44c2eba13,true,
1c91a031-f2fb-4d41-a2b5-b95d3a50bad7,c32a99be-f9f6-4279-94fd-9d595ce84db3,true,
1c91a031-f2fb-4d41-a2b5-b95d3a50bad7,6b428b59-e5d6-4e05-8c3a-9e932cc05a50,true,
1c91a031-f2fb-4d41-a2b5-b95d3a50bad7,dafd4210-139e-42aa-a354-761f9d97950f,true,
1c91a031-f2fb-4d41-a2b5-b95d3a50bad7,9153b973-64f7-4a85-bd56-238eda5a5fd5,true,
1c91a031-f2fb-4d41-a2b5-b95d3a50bad7,e8bbf2bb-a3ca-4753-9549-97f2095eb2e2,true,
1c91a031-f2fb-4d41-a2b5-b95d3a50bad7,7a0c3d81-8415-4ea2-8fed-1e29b1f72a16,true,
1c91a031-f2fb-4d41-a2b5-b95d3a50bad7,4598fee8-ee09-424d-a297-99d2f2a87443,true,
1c91a031-f2fb-4d41-a2b5-b95d3a50bad7,19c83111-b9f8-4a7c-b191-4967e71ad3a9,true,
1c91a031-f2fb-4d41-a2b5-b95d3a50bad7,05888296-bde1-4007-aeee-c081bc86e778,true,
1c91a031-f2fb-4d41-a2b5-b95d3a50bad7,94d59b81-5702-4a81-a149-2d162631996e,true,
1c91a031-f2fb-4d41-a2b5-b95d3a50bad7,e0c22fc1-a6d5-490f-bacf-89db4f07b7e1,true,
1c91a031-f2fb-4d41-a2b5-b95d3a50bad7,0ad73788-f9bb-4401-b1a6-d131734fdf39,true,
1c91a031-f2fb-4d41-a2b5-b95d3a50bad7,6a88b0bf-713d-41f1-aca1-14864c6c53a7,true,
1c91a031-f2fb-4d41-a2b5-b95d3a50bad7,f37fc08c-c79a-474c-b870-723ca2c2f7a0,true,
1c91a031-f2fb-4d41-a2b5-b95d3a50bad7,75e0b3a0-b854-4fd2-8dc2-3a85760c1c67,true,
1c91a031-f2fb-4d41-a2b5-b95d3a50bad7,e2d21f60-22c9-48f5-8d82-ec309e86579a,true,
1c91a031-f2fb-4d41-a2b5-b95d3a50bad7,17067c0c-afef-4516-86b4-de9bc9c739df,true,
1c91a031-f2fb-4d41-a2b5-b95d3a50bad7,7e34bc6a-bd30-41ba-ac56-9f445f71bdc4,true,
1c91a031-f2fb-4d41-a2b5-b95d3a50bad7,e2ab81b9-ec74-47df-b74b-31bb6e768c51,true,
1c91a031-f2fb-4d41-a2b5-b95d3a50bad7,4224536a-70c4-4cea-973f-a60c5c206fe5,true,
1c91a031-f2fb-4d41-a2b5-b95d3a50bad7,a1729b87-42e7-4812-92f1-dc325bbe3a23,true,
1c91a031-f2fb-4d41-a2b5-b95d3a50bad7,3c2c3607-8d22-4894-a448-0e4a080c9a7a,true,
1c91a031-f2fb-4d41-a2b5-b95d3a50bad7,428a0258-7955-49f9-a9fe-4c0fc12ae03f,true,
1c91a031-f2fb-4d41-a2b5-b95d3a50bad7,79061778-e43b-4f64-a919-998485997911,true,
1c91a031-f2fb-4d41-a2b5-b95d3a50bad7,c4f50588-5b44-4e64-9eb6-9184b8626804,true,
1c91a031-f2fb-4d41-a2b5-b95d3a50bad7,5386f1a0-c19e-4fd3-9892-1f3cf16bb8ef,true,
1c91a031-f2fb-4d41-a2b5-b95d3a50bad7,39de8176-33eb-46d1-bad1-ff57b0e4f83d,true,
1c91a031-f2fb-4d41-a2b5-b95d3a50bad7,6f5cfdf2-842e-428f-8a0f-44aee0b760d5,true,
1c91a031-f2fb-4d41-a2b5-b95d3a50bad7,fcfb38c0-d50e-4c66-a807-ada7cc7fc39e,true,
1c91a031-f2fb-4d41-a2b5-b95d3a50bad7,340ff40c-66a7-4197-b034-cbf5f9a3ef48,true,
1c91a031-f2fb-4d41-a2b5-b95d3a50bad7,2d2297fa-8c41-4e2b-9a0b-4b46d4be008b,true,
1c91a031-f2fb-4d41-a2b5-b95d3a50bad7,17c8b812-9a20-4456-bab3-2840dab52849,true,
1c91a031-f2fb-4d41-a2b5-b95d3a50bad7,e84f9989-8239-452e-a5fd-f0ae0ec9e17a,true,
1c91a031-f2fb-4d41-a2b5-b95d3a50bad7,58a6fd9f-6c25-4b88-8f85-2a4d9b056b26,true,
1c91a031-f2fb-4d41-a2b5-b95d3a50bad7,3a6b4f00-f644-424d-a439-598b4e316aa9,true,
1c91a031-f2fb-4d41-a2b5-b95d3a50bad7,32e31d1b-3775-49df-abbe-a20c6774bd86,true,
1c91a031-f2fb-4d41-a2b5-b95d3a50bad7,6d0cb1ae-6e22-406c-b63c-60e85e07fba7,true,
1c91a031-f2fb-4d41-a2b5-b95d3a50bad7,c18750a7-58ce-4699-8a7a-bd234760d6ba,true,
1c91a031-f2fb-4d41-a2b5-b95d3a50bad7,b535106c-f3b9-4caa-8846-7e834e25d0c2,true,
1c91a031-f2fb-4d41-a2b5-b95d3a50bad7,e1074303-fb54-460e-a4f9-bcd95c63f66c,true,
1c91a031-f2fb-4d41-a2b5-b95d3a50bad7,59d4de46-00ce-41f8-84f6-5a1b92fd7da4,true,
1c91a031-f2fb-4d41-a2b5-b95d3a50bad7,a964e8d0-b616-4c55-9a33-ad4861d6c942,true,
1c91a031-f2fb-4d41-a2b5-b95d3a50bad7,d3fcbc18-6b87-4d6d-b29a-e72d406cbaca,true,
1c91a031-f2fb-4d41-a2b5-b95d3a50bad7,7f379e24-263a-4633-8150-ee04904f7646,true,
1c91a031-f2fb-4d41-a2b5-b95d3a50bad7,8c83935b-1d35-43f9-8ae9-6836878afed2,true,
1c91a031-f2fb-4d41-a2b5-b95d3a50bad7,5e0c31a4-57bc-494d-9959-6f57a0856466,true,
1c91a031-f2fb-4d41-a2b5-b95d3a50bad7,6af81ae1-f447-42f3-a5d5-df28e8e0355d,true,
1c91a031-f2fb-4d41-a2b5-b95d3a50bad7,bce7891e-e0b6-4cfd-80f7-703ffeb3b329,true,
1c91a031-f2fb-4d41-a2b5-b95d3a50bad7,6d1764e5-b81c-414e-9944-7eb155b1c056,true,
1c91a031-f2fb-4d41-a2b5-b95d3a50bad7,a57f039d-913f-41f4-84d4-776ffc0cb5e7,true,
1c91a031-f2fb-4d41-a2b5-b95d3a50bad7,64d6ea50-75dd-423b-8541-855f520418b1,true,
1c91a031-f2fb-4d41-a2b5-b95d3a50bad7,69e9afc5-af40-442d-a345-e655f30639f9,true,
1c91a031-f2fb-4d41-a2b5-b95d3a50bad7,60fc4c77-6550-42c6-86b0-221564e8285c,true,
1c91a031-f2fb-4d41-a2b5-b95d3a50bad7,71dad157-cdc6-4b78-9085-e01138139a01,true,
1c91a031-f2fb-4d41-a2b5-b95d3a50bad7,380a9216-e70a-4fc0-a8ad-d817e14a6138,true,
1c91a031-f2fb-4d41-a2b5-b95d3a50bad7,b4e710ec-3d09-4ec7-9bce-b4127ce87d09,true,
1c91a031-f2fb-4d41-a2b5-b95d3a50bad7,87bcf9e8-b30d-40c4-9464-5a7d4f4f24ab,true,
1c91a031-f2fb-4d41-a2b5-b95d3a50bad7,b0214476-1552-407f-a8a1-080c99919ada,true,
1c91a031-f2fb-4d41-a2b5-b95d3a50bad7,2632ffd0-1980-45bb-936a-ecf24abc6da9,true,
1c91a031-f2fb-4d41-a2b5-b95d3a50bad7,04af02d4-ad92-4dbc-aa71-9d4b377437b0,true,
1c91a031-f2fb-4d41-a2b5-b95d3a50bad7,9fdb77a7-a53b-4f4b-bfa6-b4903a530670,true,
1c91a031-f2fb-4d41-a2b5-b95d3a50bad7,213ac3f8-39ab-4f39-a01a-fadec1da0d20,true,
1c91a031-f2fb-4d41-a2b5-b95d3a50bad7,6b6dcc29-3423-4d62-b99f-fe74fb5f1530,true,
1c91a031-f2fb-4d41-a2b5-b95d3a50bad7,86c9d677-1e16-4eb2-a3c7-4fa1d0287fc4,true,
1c91a031-f2fb-4d41-a2b5-b95d3a50bad7,461ee18b-6332-4924-8af8-37b24d2b1564,true,
1c91a031-f2fb-4d41-a2b5-b95d3a50bad7,651ed281-7855-45b2-ac50-19c7797db89b,true,
1c91a031-f2fb-4d41-a2b5-b95d3a50bad7,956ef2f3-d52a-4995-a152-5753ccc1f2b4,true,
1c91a031-f2fb-4d41-a2b5-b95d3a50bad7,c298d8cb-c056-4ee1-a34e-4ac47da51ee0,true,
1c91a031-f2fb-4d41-a2b5-b95d3a50bad7,a927f469-4506-43e0-817e-1ff61bea13aa,true,
1c91a031-f2fb-4d41-a2b5-b95d3a50bad7,14919905-8f36-4ae4-a533-71a9fb96ee68,true,
1c91a031-f2fb-4d41-a2b5-b95d3a50bad7,cf72e722-0965-40ad-9f9b-29900a1fde36,true,
1c91a031-f2fb-4d41-a2b5-b95d3a50bad7,68228d85-4478-4a2f-8b27-392f83ca6786,true,
1c91a031-f2fb-4d41-a2b5-b95d3a50bad7,ed63221f-9c33-4ef5-84a7-39508c0e257c,true,
1c91a031-f2fb-4d41-a2b5-b95d3a50bad7,9f32c1cc-ff82-4e6c-be35-70808012541b,true,
1c91a031-f2fb-4d41-a2b5-b95d3a50bad7,bd1cdeee-c5fb-469d-9a71-ef49b4435471,true,
1c91a031-f2fb-4d41-a2b5-b95d3a50bad7,ace27166-71a5-42a2-8eb7-d627f8e79c90,true,
1c91a031-f2fb-4d41-a2b5-b95d3a50bad7,d75b1aa8-9858-4b1b-bd47-984299b248ec,true,
1c91a031-f2fb-4d41-a2b5-b95d3a50bad7,e4939f2e-d6ba-436d-a3ce-1dcda6d502a3,true,
1c91a031-f2fb-4d41-a2b5-b95d3a50bad7,3863d9cd-13eb-43a1-b31c-5c093fa9841f,true,
1c91a031-f2fb-4d41-a2b5-b95d3a50bad7,d052a049-6f8e-4d46-818c-bce216caf06e,true,
1c91a031-f2fb-4d41-a2b5-b95d3a50bad7,0c88fb7f-6854-4673-afe5-b08cd5b579ca,true,
1c91a031-f2fb-4d41-a2b5-b95d3a50bad7,7195c986-1120-41a7-901a-2ccac81fa7b3,true,
1c91a031-f2fb-4d41-a2b5-b95d3a50bad7,f8375717-622c-40f4-8ba8-2c4925bb762f,true,
1c91a031-f2fb-4d41-a2b5-b95d3a50bad7,2f047466-4bfc-4026-8698-8a2b97029368,true,
1c91a031-f2fb-4d41-a2b5-b95d3a50bad7,d0ccdf06-4756-4ccd-87a6-d761d92a4c5d,true,
1c91a031-f2fb-4d41-a2b5-b95d3a50bad7,17c03c2a-043c-49b2-8398-765ab1c3a498,true,
1c91a031-f2fb-4d41-a2b5-b95d3a50bad7,c7e7d3dd-7aae-4e9f-807e-178c8a803253,true,
1c91a031-f2fb-4d41-a2b5-b95d3a50bad7,c6a8f19c-ca90-426f-bd9f-9248087b8eea,true,
1c91a031-f2fb-4d41-a2b5-b95d3a50bad7,d4fc8137-a062-430a-9f3a-139a1038c8da,true,
c7d723eb-77d8-44dd-a172-c8b159721c05,c5fb6cc6-cfbb-4404-aa49-d960c6add5db,true,
c7d723eb-77d8-44dd-a172-c8b159721c05,359c4f79-14c1-438d-b576-688b9ecfb906,true,
c7d723eb-77d8-44dd-a172-c8b159721c05,1cae3720-46b0-4e29-8c14-829f6d9cc3e9,false,[NO_5XX] Unexpected 5XX response: 502
c7d723eb-77d8-44dd-a172-c8b159721c05,1988ab1e-ee74-46f7-866f-3bddb15b7074,true,
c7d723eb-77d8-44dd-a172-c8b159721c05,5b547f86-0176-4cae-b4c3-479ed2a59f7a,true,
c7d723eb-77d8-44dd-a172-c8b159721c05,f253bf35-3c05-4cd2-b798-a70701058cd1,true,
c7d723eb-77d8-44dd-a172-c8b159721c05,f4b6bc63-dfec-4eed-ab30-5465aae5cd9a,true,
c7d723eb-77d8-44dd-a172-c8b159721c05,2280e9f6-7b4d-4dd9-8fc9-e3c4229c8550,true,
c7d723eb-77d8-44dd-a172-c8b159721c05,5d1417f7-66cf-4f94-8aab-4a9742135c39,true,
c7d723eb-77d8-44dd-a172-c8b159721c05,1ff9b7f1-bf75-494a-be35-22dc63ff66b4,true,
c7d723eb-77d8-44dd-a172-c8b159721c05,2983bb1a-a1fa-451f-a56e-241bd1da7b90,true,
c7d723eb-77d8-44dd-a172-c8b159721c05,e2a84f14-ad40-4f9e-bc7e-ca4221f56884,true,
c7d723eb-77d8-44dd-a172-c8b159721c05,4f8eea35-a1fc-4cbb-8f1d-f1415efe2bbe,true,
c7d723eb-77d8-44dd-a172-c8b159721c05,b650c4ec-9aee-4fbd-a18c-b563c04040d8,true,
c7d723eb-77d8-44dd-a172-c8b159721c05,521bd071-4656-4005-90c6-6fb4566fbb1f,true,
c7d723eb-77d8-44dd-a172-c8b159721c05,b76216d3-04ee-4484-b201-c4b72aa47e9c,true,
c7d723eb-77d8-44dd-a172-c8b159721c05,783ddba7-b1b2-4323-b4d9-0f8c9342fce2,true,
c7d723eb-77d8-44dd-a172-c8b159721c05,d005f77a-4b75-46d3-92f2-fc39e3b081ef,true,
c7d723eb-77d8-44dd-a172-c8b159721c05,34ce627d-13bf-46ea-9991-1b90e6d81ff1,true,
c7d723eb-77d8-44dd-a172-c8b159721c05,0c2025fa-2140-4cb8-a469-b151643129ae,true,
c7d723eb-77d8-44dd-a172-c8b159721c05,7b6360d7-880c-448f-81d1-7def423d390f,true,
c7d723eb-77d8-44dd-a172-c8b159721c05,b6175f86-8878-4f38-ae73-96577916af00,true,
c7d723eb-77d8-44dd-a172-c8b159721c05,90401d67-81c5-46c9-b09c-1eca59120896,true,
c7d723eb-77d8-44dd-a172-c8b159721c05,56806ae5-3f5e-455c-a5b7-6f2f19c0b258,true,
c7d723eb-77d8-44dd-a172-c8b159721c05,8aa33f32-889d-4c79-9eb8-67cb36fe407e,true,
c7d723eb-77d8-44dd-a172-c8b159721c05,25e97806-2ba5-4993-b753-211a6d733c79,true,
c7d723eb-77d8-44dd-a172-c8b159721c05,dd5b6dd6-1fe8-478e-8857-4334efd0bc62,true,
c7d723eb-77d8-44dd-a172-c8b159721c05,8c3f9c49-7fae-48b7-a1a7-0d2326d7fe44,true,
c7d723eb-77d8-44dd-a172-c8b159721c05,468174bb-5e88-4722-9d82-6f7414c987ba,true,
c7d723eb-77d8-44dd-a172-c8b159721c05,8a1c4c71-36cf-434a-b46b-330826a80976,true,
c7d723eb-77d8-44dd-a172-c8b159721c05,0b0bea59-b613-4fa4-aca3-b4ab561fdc37,true,
c7d723eb-77d8-44dd-a172-c8b159721c05,99ad586b-8aa8-4aee-9c81-fa64fef883f4,true,
c7d723eb-77d8-44dd-a172-c8b159721c05,230e5f89-cb1d-45ed-ac2f-ab6b7e63de29,true,
c7d723eb-77d8-44dd-a172-c8b159721c05,8599714f-1862-4969-aa61-55c87184f8ec,true,
c7d723eb-77d8-44dd-a172-c8b159721c05,18a5a10c-9d0d-4cc7-abf6-d489481070a0,true,
c7d723eb-77d8-44dd-a172-c8b159721c05,e97cf5d3-29b9-4937-98d5-b419cfcab24e,true,
c7d723eb-77d8-44dd-a172-c8b159721c05,71813220-68d1-4e5c-bfd5-165b1aa12d59,true,
c7d723eb-77d8-44dd-a172-c8b159721c05,5b82020e-3057-4bef-b761-7d52ddf50249,true,
c7d723eb-77d8-44dd-a172-c8b159721c05,15258ea7-daff-4da1-b6ac-d69959e95051,true,
c7d723eb-77d8-44dd-a172-c8b159721c05,0fdc6808-19ad-40d5-ae4f-75d6b886351c,true,
c7d723eb-77d8-44dd-a172-c8b159721c05,5c1311f2-727b-4258-87a7-53c492498d58,true,
c7d723eb-77d8-44dd-a172-c8b159721c05,0c1fbf13-e2ef-4ec9-accc-7c8394e74f88,true,
c7d723eb-77d8-44dd-a172-c8b159721c05,8e611004-6c7f-4a97-a5bc-ced6790b498f,true,
c7d723eb-77d8-44dd-a172-c8b159721c05,322682cb-e2c4-4aed-be49-73d343d44db2,true,
c7d723eb-77d8-44dd-a172-c8b159721c05,7d43c39d-d304-4115-9a9e-8b43da48ad71,true,
c7d723eb-77d8-44dd-a172-c8b159721c05,efccf9b6-bc7e-46e1-bfa2-68e83a5d4a95,true,
c7d723eb-77d8-44dd-a172-c8b159721c05,5baecb0d-879e-4238-92f0-ac0cda719e44,true,
c7d723eb-77d8-44dd-a172-c8b159721c05,20e84ee6-f1a8-45c6-beff-b23c53e7c038,true,
c7d723eb-77d8-44dd-a172-c8b159721c05,538ce8e1-53fb-4ca3-905b-ade2f34814e9,true,
c7d723eb-77d8-44dd-a172-c8b159721c05,a305a8ec-bde5-4ca3-b33f-e141eeb7c1f6,true,
c7d723eb-77d8-44dd-a172-c8b159721c05,7186fdc9-df00-4fc8-8da0-4e65a1256449,true,
c7d723eb-77d8-44dd-a172-c8b159721c05,13446678-1a4f-45a8-81b2-401d14d54af9,true,
c7d723eb-77d8-44dd-a172-c8b159721c05,647c6161-0226-4ddf-84e8-6ab5ecc835f0,true,
c7d723eb-77d8-44dd-a172-c8b159721c05,a6ac4325-6f7b-4040-a2b4-7245326de1cd,true,
c7d723eb-77d8-44dd-a172-c8b159721c05,f069c758-5c50-4b56-a7c5-918b881be760,true,
c7d723eb-77d8-44dd-a172-c8b159721c05,6e8be443-5ce1-4163-8b3d-378f747b08ae,true,
c7d723eb-77d8-44dd-a172-c8b159721c05,7b65ecfe-8f2e-4453-afe6-eec3675e0f3b,true,
c7d723eb-77d8-44dd-a172-c8b159721c05,83db34af-a459-45ec-8e74-fde36c50915f,true,
c7d723eb-77d8-44dd-a172-c8b159721c05,1d020bb0-8254-4192-b200-49ea7fcf9a88,true,
c7d723eb-77d8-44dd-a172-c8b159721c05,c0180b72-3dea-4281-8a71-4a6fbb2a56d0,true,
c7d723eb-77d8-44dd-a172-c8b159721c05,d40d1fca-e24a-4104-9564-0b9d96969e9f,true,
c7d723eb-77d8-44dd-a172-c8b159721c05,e96e561a-f821-4a92-9a41-09de5d0f0906,true,
c7d723eb-77d8-44dd-a172-c8b159721c05,68769265-4662-4331-9e9f-4c4fa24d8564,true,
c7d723eb-77d8-44dd-a172-c8b159721c05,f1eb501b-265f-49d5-8ffb-e8f239c1fbae,true,
c7d723eb-77d8-44dd-a172-c8b159721c05,0f8a57b8-54a0-4159-a8af-b3b73487c2b4,true,
c7d723eb-77d8-44dd-a172-c8b159721c05,b66f9117-b025-438b-b291-6c3335d4a0a5,true,
c7d723eb-77d8-44dd-a172-c8b159721c05,58e19be8-1efb-48e4-9eba-248b45c178cf,true,
c7d723eb-77d8-44dd-a172-c8b159721c05,fc6e5952-37ca-43b2-84be-847d6c8a5965,true,
c7d723eb-77d8-44dd-a172-c8b159721c05,18114fc9-ab09-45c1-b737-593213a53066,true,
c7d723eb-77d8-44dd-a172-c8b159721c05,4f445086-4758-41c5-9cf3-ed475e9fb616,true,
c7d723eb-77d8-44dd-a172-c8b159721c05,39058d9e-52ba-4e5a-8786-af8ae316d608,true,
c7d723eb-77d8-44dd-a172-c8b159721c05,72dd8905-2648-43ed-a280-c6011fc37e14,true,
c7d723eb-77d8-44dd-a172-c8b159721c05,db6d5bb5-b5a3-4ce0-addc-7a779d928e9b,true,
c7d723eb-77d8-44dd-a172-c8b159721c05,47b98d92-1af0-4283-95f6-688e04b77ce9,true,
c7d723eb-77d8-44dd-a172-c8b159721c05,9459c7f0-346a-4237-a5a0-2423291dc81a,true,
c7d723eb-77d8-44dd-a172-c8b159721c05,035d78f2-a80a-4f0b-a49d-d38a72e2e4e8,true,
c7d723eb-77d8-44dd-a172-c8b159721c05,4d3fb843-749a-49f4-87e2-95aa71f9a4a7,true,
c7d723eb-77d8-44dd-a172-c8b159721c05,08d7896a-bf32-4f73-9463-c5c26a4b8b24,true,
c7d723eb-77d8-44dd-a172-c8b159721c05,053d1a5d-0fb3-40f2-99d0-d3edc4d17c24,true,
c7d723eb-77d8-44dd-a172-c8b159721c05,258cd025-0e59-459f-9ab1-7829b30c543b,true,
c7d723eb-77d8-44dd-a172-c8b159721c05,9f0afa9d-bf3e-4565-9567-cd9a80672311,true,
c7d723eb-77d8-44dd-a172-c8b159721c05,3229b37b-8621-43e6-9c3c-f7ff1a37a5ae,true,
c7d723eb-77d8-44dd-a172-c8b159721c05,20a76e7d-ff30-460d-92f5-70a102d3affc,true,
c7d723eb-77d8-44dd-a172-c8b159721c05,756ea555-fc6b-424c-b0f1-3339d2c92471,true,
c7d723eb-77d8-44dd-a172-c8b159721c05,24b857f0-f34a-494b-834a-98d680e55a15,true,
c7d723eb-77d8-44dd-a172-c8b159721c05,2a9903a0-812d-4486-bb03-fc2958dff314,true,
c7d723eb-77d8-44dd-a172-c8b159721c05,26f210e8-747c-4694-b6db-43be54e55021,true,
c7d723eb-77d8-44dd-a172-c8b159721c05,5993bb20-2a1b-4684-b112-ffa3737a7b55,true,
c7d723eb-77d8-44dd-a172-c8b159721c05,5d0e39ba-b44e-4fe0-8e91-05deccc38975,true,
c7d723eb-77d8-44dd-a172-c8b159721c05,967e4061-129d-4d4e-8af6-5623b9f7c19d,true,
c7d723eb-77d8-44dd-a172-c8b159721c05,b939ccf3-2790-45bf-b46d-430480a8f6a4,true,
c7d723eb-77d8-44dd-a172-c8b159721c05,eeab84f0-93f4-4de2-8b9b-010d554dc53c,true,
c7d723eb-77d8-44dd-a172-c8b159721c05,b4799241-4e6b-4620-94e2-8e9bd7923c8b,true,
c7d723eb-77d8-44dd-a172-c8b159721c05,9b616063-31cf-4152-9735-e5f2dfbeecd3,true,
c7d723eb-77d8-44dd-a172-c8b159721c05,088a227b-827d-4420-840f-9b91e119de69,true,
c7d723eb-77d8-44dd-a172-c8b159721c05,f8469e4e-6645-4748-8270-16726e79de0f,true,
c7d723eb-77d8-44dd-a172-c8b159721c05,dd56f970-9097-44ba-ae4c-9a056f93543c,true,
c7d723eb-77d8-44dd-a172-c8b159721c05,689f4aef-c61d-443e-ae9b-0b7383bc7b8d,true,
c7d723eb-77d8-44dd-a172-c8b159721c05,b56add66-0fa6-4520-b563-3bda15821478,true,
c7d723eb-77d8-44dd-a172-c8b159721c05,a8528359-a49f-4993-942f-4ea6938cca38,true,
c7d723eb-77d8-44dd-a172-c8b159721c05,7ef960fc-9f69-44cc-bb9b-b83d5af5e07b,true,
c7d723eb-77d8-44dd-a172-c8b159721c05,26b4e6d2-5ac0-48f1-9c8b-b5eb088f6824,true,
c7d723eb-77d8-44dd-a172-c8b159721c05,6bfb888d-7d73-43a6-97ee-a756a9001101,true,
c7d723eb-77d8-44dd-a172-c8b159721c05,4098239d-b525-4f97-851f-4e921b49282b,true,
c7d723eb-77d8-44dd-a172-c8b159721c05,bbb88237-7db7-4d71-a293-8358b97735c8,true,
c7d723eb-77d8-44dd-a172-c8b159721c05,d8f049b1-d24d-4f17-88d4-070ad915ef2f,true,
c7d723eb-77d8-44dd-a172-c8b159721c05,2e824416-65b0-4b1d-9cc0-1867dfa225d3,true,
c7d723eb-77d8-44dd-a172-c8b159721c05,9a738b4f-98fb-4c44-8f87-090cc93b0227,true,
c7d723eb-77d8-44dd-a172-c8b159721c05,f163f2c8-b4bb-44f9-aeb9-e1efc6679c19,true,
c7d723eb-77d8-44dd-a172-c8b159721c05,7a09782f-7ffb-4842-9448-7f53d1acdec6,true,
c7d723eb-77d8-44dd-a172-c8b159721c05,f2f6717b-71d8-4728-9448-c459d9a153ee,true,
c7d723eb-77d8-44dd-a172-c8b159721c05,64ad999e-91f1-4441-9671-223bd3e237f3,true,
c7d723eb-77d8-44dd-a172-c8b159721c05,0f9e442f-d327-4b7d-91d9-2729881cb40f,true,
c7d723eb-77d8-44dd-a172-c8b159721c05,3e4a64b5-80a8-46c1-8cea-457bb2e1564a,true,
c7d723eb-77d8-44dd-a172-c8b159721c05,4e007659-aadb-41b1-b46d-1f628141cb82,true,
c7d723eb-77d8-44dd-a172-c8b159721c05,86198dda-d229-4a32-9582-5d060283901b,true,
c7d723eb-77d8-44dd-a172-c8b159721c05,a1e18062-1b34-40a4-a6c5-f0a8391e2f56,true,
c7d723eb-77d8-44dd-a172-c8b159721c05,3bed6c6d-57dc-44da-a0ff-95cd28e29a83,true,
c7d723eb-77d8-44dd-a172-c8b159721c05,10f11f98-2745-491a-855c-bec15585a614,true,
c7d723eb-77d8-44dd-a172-c8b159721c05,84946932-f886-484e-a735-bd7cd0a2ee45,true,
c7d723eb-77d8-44dd-a172-c8b159721c05,e38b7cbb-7488-42f6-9c9a-174ca372ec6c,true,
c7d723eb-77d8-44dd-a172-c8b159721c05,06d69a75-1818-4dc8-a575-8e19c74a9520,true,
c7d723eb-77d8-44dd-a172-c8b159721c05,c3c0f900-6098-4af1-88e7-234ce4ed6025,true,
c7d723eb-77d8-44dd-a172-c8b159721c05,2575b193-ea48-4984-9870-bede21d8fcfb,true,
c7d723eb-77d8-44dd-a172-c8b159721c05,2d906491-d974-4878-8fd3-31a734c5cea6,true,
c7d723eb-77d8-44dd-a172-c8b159721c05,ca818796-ef17-40d5-887c-9db44daf7d7f,true,
c7d723eb-77d8-44dd-a172-c8b159721c05,b8cb633e-0256-4bdb-875a-f98aa27c938f,true,
c7d723eb-77d8-44dd-a172-c8b159721c05,60e3ea85-ebac-4eb4-9c8f-92a795d7c0ef,true,
c7d723eb-77d8-44dd-a172-c8b159721c05,776672b5-2130-43cc-9b94-13b97a041cf5,true,
c7d723eb-77d8-44dd-a172-c8b159721c05,78331ca2-2b59-4547-bcc2-627b9cdf4048,true,
c7d723eb-77d8-44dd-a172-c8b159721c05,96b39579-2037-4d85-8969-a633e17125f9,true,
c7d723eb-77d8-44dd-a172-c8b159721c05,16f68663-e174-49d6-888e-4303bb6d16ea,true,
c7d723eb-77d8-44dd-a172-c8b159721c05,3af437b1-bc40-4fb6-b693-e5200971689b,true,
c7d723eb-77d8-44dd-a172-c8b159721c05,b7200f00-ac0d-449d-ac47-40fda0c4fd37,true,
c7d723eb-77d8-44dd-a172-c8b159721c05,840e793c-2f0f-423f-9aa8-6049d0a304ca,true,
c7d723eb-77d8-44dd-a172-c8b159721c05,970e9379-259c-41cf-8331-db034780b029,true,
c7d723eb-77d8-44dd-a172-c8b159721c05,aae87ec7-88fa-4e23-91d1-fdda170e0f3b,true,
c7d723eb-77d8-44dd-a172-c8b159721c05,8850507e-2ec5-4aa9-be04-00d7056aa2f1,true,
c7d723eb-77d8-44dd-a172-c8b159721c05,5f3b91bc-39b0-48c1-b027-68ff6968594d,true,
c7d723eb-77d8-44dd-a172-c8b159721c05,16ab122d-1a8d-42f7-b7da-65dc6bb99845,true,
c7d723eb-77d8-44dd-a172-c8b159721c05,633f02a4-349e-4788-946c-720eb3d53a9b,true,
c7d723eb-77d8-44dd-a172-c8b159721c05,3bb537e1-f8c8-4151-b5a8-c98c48fbb446,true,
c7d723eb-77d8-44dd-a172-c8b159721c05,c6c7caa1-a3fa-4e66-9e32-e28a66427286,true,
c7d723eb-77d8-44dd-a172-c8b159721c05,4bbfbd74-c608-4792-9d46-bf4270dc570b,true,
c7d723eb-77d8-44dd-a172-c8b159721c05,9d779bbd-7cd9-40cd-ad66-846d8549a54d,true,
c7d723eb-77d8-44dd-a172-c8b159721c05,bd143c7b-d7e8-468e-9187-67a5b37eb010,true,
c7d723eb-77d8-44dd-a172-c8b159721c05,827e2012-c8e2-4015-b51a-040c0df834dc,true,
c7d723eb-77d8-44dd-a172-c8b159721c05,49b4c441-5b14-40b0-a456-99c8b1c9b2db,true,
c7d723eb-77d8-44dd-a172-c8b159721c05,29d9d2ac-5505-4cd8-a861-63e6660a9117,true,
c7d723eb-77d8-44dd-a172-c8b159721c05,4a2aef87-9c4b-45ae-9072-20551200fb1d,true,
c7d723eb-77d8-44dd-a172-c8b159721c05,db5551ae-ca0c-44df-8637-36c9f9727e67,true,
c7d723eb-77d8-44dd-a172-c8b159721c05,ba0bdee6-86bc-47d5-9fd8-fe8471ebd6f9,true,
c7d723eb-77d8-44dd-a172-c8b159721c05,09856cbc-f508-46fc-8274-6419c63b703c,true,
c7d723eb-77d8-44dd-a172-c8b159721c05,b5b271f4-ec57-4af2-8ba4-cfbf6f4ec7a7,true,
c7d723eb-77d8-44dd-a172-c8b159721c05,f2c2fce0-adf9-4d85-baf4-1e0c6a73c04d,true,
c7d723eb-77d8-44dd-a172-c8b159721c05,5b9afba8-180e-4e7c-a7b8-2256bdc758f4,true,
c7d723eb-77d8-44dd-a172-c8b159721c05,d1cace7b-36c1-4942-859c-c5994a07a3d4,true,
c7d723eb-77d8-44dd-a172-c8b159721c05,dcdbb315-ac8e-4e30-a7ff-ec7be5dce638,true,
c7d723eb-77d8-44dd-a172-c8b159721c05,52da7810-89f2-4b02-a838-d641fe7b1e32,true,
c7d723eb-77d8-44dd-a172-c8b159721c05,c81d8d7d-93ba-45ee-90e8-837ff8e88773,true,
c7d723eb-77d8-44dd-a172-c8b159721c05,1b632b97-6192-4baf-9e77-68efa70a484c,true,
c7d723eb-77d8-44dd-a172-c8b159721c05,c2e03fd3-b021-4732-a00f-1177d14bd185,true,
c7d723eb-77d8-44dd-a172-c8b159721c05,63905f9e-f788-4e79-a285-921e5f7f8029,true,
c7d723eb-77d8-44dd-a172-c8b159721c05,33c732f7-c781-4791-9afd-aaa5fe0da4aa,true,
c7d723eb-77d8-44dd-a172-c8b159721c05,6775b622-9696-4005-8117-c5313bdd8fd0,true,
c7d723eb-77d8-44dd-a172-c8b159721c05,05345966-fb07-477f-a2a8-da387febd168,true,
c7d723eb-77d8-44dd-a172-c8b159721c05,053952b3-0d42-4318-8cc1-84dd350e4ab1,true,
c7d723eb-77d8-44dd-a172-c8b159721c05,295d5867-d08d-4ec9-832a-3b32bdfe519f,true,
c7d723eb-77d8-44dd-a172-c8b159721c05,ae86d469-ed3e-4573-90b2-b4ddd8fc9b5f,true,
c7d723eb-77d8-44dd-a172-c8b159721c05,b2280614-c80d-4ac1-90a6-ed1ea18e2913,true,
c7d723eb-77d8-44dd-a172-c8b159721c05,fa23cb98-9eb3-4dd9-aa30-b2b4adc2ca4a,true,
c7d723eb-77d8-44dd-a172-c8b159721c05,f4cd6aa8-3b9d-4f2d-85d3-5c566b415140,true,
c7d723eb-77d8-44dd-a172-c8b159721c05,255385d5-21c2-454d-bf69-28b999a06fd6,true,
c7d723eb-77d8-44dd-a172-c8b159721c05,df8037f6-9bd0-4e25-9fa2-190a9884e612,true,
c7d723eb-77d8-44dd-a172-c8b159721c05,8eefe0ae-2c53-40d4-ada2-fc13db979dbc,true,
c7d723eb-77d8-44dd-a172-c8b159721c05,849ff526-8c98-4098-b3e5-6c46cf0306c2,true,
c7d723eb-77d8-44dd-a172-c8b159721c05,83d4abec-9010-41c7-b89d-4df222a528b5,true,
c7d723eb-77d8-44dd-a172-c8b159721c05,7e5f0a0d-ada0-44e1-91c5-82e57fb1dc3f,true,
c7d723eb-77d8-44dd-a172-c8b159721c05,f928a431-1e07-4041-bcfe-6b37f7a853f7,true,
c7d723eb-77d8-44dd-a172-c8b159721c05,2dc2aaf5-b599-4d77-9b89-249c7b6b60f6,true,
c7d723eb-77d8-44dd-a172-c8b159721c05,5dba68c4-4542-4674-8164-3d83f31b3cd5,true,
c7d723eb-77d8-44dd-a172-c8b159721c05,ccf87bcf-fb64-4262-9d29-b26429e6302b,true,
c7d723eb-77d8-44dd-a172-c8b159721c05,26bb7955-8e0f-4d98-8c4d-c0a141642eb8,true,
c7d723eb-77d8-44dd-a172-c8b159721c05,02dbeec2-7e0b-4a30-96e4-0295c164d6ad,true,
c7d723eb-77d8-44dd-a172-c8b159721c05,e30c09bc-0894-4c8c-8748-84cec24cdfa6,true,
c7d723eb-77d8-44dd-a172-c8b159721c05,b3bdfe4d-4f0b-43cf-8fb0-ec7fd2ba208a,true,
c7d723eb-77d8-44dd-a172-c8b159721c05,8f147f7a-fc8b-49ed-acb7-3de5e3ca2b9e,true,
c7d723eb-77d8-44dd-a172-c8b159721c05,9327097b-9618-434a-b1ee-aec7057339a8,true,
c7d723eb-77d8-44dd-a172-c8b159721c05,5f4c95d2-21e3-4cc7-b4dd-f952e96ba1da,true,
c7d723eb-77d8-44dd-a172-c8b159721c05,f4ad2b7a-267b-4e11-8e82-06e997b99c96,true,
c7d723eb-77d8-44dd-a172-c8b159721c05,f4831bf2-444b-4893-aa12-16efbf0c7049,true,
c7d723eb-77d8-44dd-a172-c8b159721c05,a36d48e5-3759-4088-b915-f4e4a8014bbe,true,
c7d723eb-77d8-44dd-a172-c8b159721c05,b354e245-0076-483f-b09a-2af255c2e8e8,true,
c7d723eb-77d8-44dd-a172-c8b159721c05,e5cd8d33-4657-4dbc-9227-15a8e04fc173,true,
c7d723eb-77d8-44dd-a172-c8b159721c05,b92d03fb-3e1e-4bc6-9865-a7c13da267fa,true,
c7d723eb-77d8-44dd-a172-c8b159721c05,8e2e109c-9db1-428b-9aed-8367961d3ba1,true,
c7d723eb-77d8-44dd-a172-c8b159721c05,dc8470b8-fce5-44a3-b21b-e37ed0e7e356,true,
c7d723eb-77d8-44dd-a172-c8b159721c05,d52522b0-e352-46db-9443-a8ceb3183ee5,true,
c7d723eb-77d8-44dd-a172-c8b159721c05,093907ec-135a-454f-9b40-6258b6d109ca,true,
c7d723eb-77d8-44dd-a172-c8b159721c05,2cf4658c-35d1-4476-bbea-166aea971989,true,
c7d723eb-77d8-44dd-a172-c8b159721c05,0a90e02e-b1fc-469d-82d6-c217ac53b0e8,true,
c7d723eb-77d8-44dd-a172-c8b159721c05,72322fc0-5d7b-443a-84dd-ca71ac9b5a86,true,
c7d723eb-77d8-44dd-a172-c8b159721c05,093a58d0-68ba-4cd6-847b-b501d2d37837,true,
c7d723eb-77d8-44dd-a172-c8b159721c05,04d4a388-364c-40a2-93d0-e348ff77aa47,true,
c7d723eb-77d8-44dd-a172-c8b159721c05,58e4dcdb-357a-48fd-805a-1c887b545ce8,true,
c7d723eb-77d8-44dd-a172-c8b159721c05,0a5c0930-1bce-47da-9d65-c06466567ba2,true,
c7d723eb-77d8-44dd-a172-c8b159721c05,890896e4-d94d-4460-b7ff-4001e9be4af7,true,
c7d723eb-77d8-44dd-a172-c8b159721c05,897ccf9b-39bd-4150-b76a-b97cb0aaec38,true,
c7d723eb-77d8-44dd-a172-c8b159721c05,a831bc43-d11d-49fb-a600-c09eacc8b24d,true,
c7d723eb-77d8-44dd-a172-c8b159721c05,662c795b-4494-4867-9eec-7e9f9d540f48,true,
c7d723eb-77d8-44dd-a172-c8b159721c05,b1528408-f4b7-49ba-9cc0-b319aa3a9cf2,true,
c7d723eb-77d8-44dd-a172-c8b159721c05,78d90c5d-1f10-4475-b85f-b5b5a9c273ed,true,
c7d723eb-77d8-44dd-a172-c8b159721c05,47e75ac3-3c61-4883-9983-ba15f82681f1,true,
c7d723eb-77d8-44dd-a172-c8b159721c05,0e05c7b4-bca6-4c37-92fe-1de07ad28e11,true,
c7d723eb-77d8-44dd-a172-c8b159721c05,fde7df2e-a66e-4181-9899-72c06511adf9,true,
c7d723eb-77d8-44dd-a172-c8b159721c05,1372fd06-9dc7-4828-a137-b25d16f07230,true,
c7d723eb-77d8-44dd-a172-c8b159721c05,20985bd5-7f8a-42e2-860f-c115c40037f1,true,
c7d723eb-77d8-44dd-a172-c8b159721c05,b0e89b9e-a2bc-424a-a488-beb06d16c529,true,
c7d723eb-77d8-44dd-a172-c8b159721c05,75e1242b-eb26-44d0-a42e-160b6428ed48,true,
c7d723eb-77d8-44dd-a172-c8b159721c05,3093aeac-e52d-46a7-ba0d-e957c66400ab,true,
c7d723eb-77d8-44dd-a172-c8b159721c05,360802f9-0368-4ce0-b604-a4e8fd089a3b,true,
c7d723eb-77d8-44dd-a172-c8b159721c05,55941ee8-7e95-44c2-ba12-3fc4fb76d230,true,
c7d723eb-77d8-44dd-a172-c8b159721c05,90a799b2-7155-4dfc-9511-3576dec899e0,true,
c7d723eb-77d8-44dd-a172-c8b159721c05,c4eb14aa-8325-41de-bc07-21bdef3e5ae7,true,
c7d723eb-77d8-44dd-a172-c8b159721c05,2fe7bf95-7fd1-46c2-be7b-2a451395a99f,true,
c7d723eb-77d8-44dd-a172-c8b159721c05,0934b6c7-d366-4427-98b4-fcc655dd03c4,true,
c7d723eb-77d8-44dd-a172-c8b159721c05,30c3a61a-7009-433d-95bd-c2c5b27b3ec7,true,
c7d723eb-77d8-44dd-a172-c8b159721c05,18d22d67-42d7-4784-99a8-3e605e0e7724,true,
c7d723eb-77d8-44dd-a172-c8b159721c05,d220961b-d5fe-4204-a296-39ed618798ba,true,
c7d723eb-77d8-44dd-a172-c8b159721c05,0c2e8f46-b394-4002-ba1a-22371528d5c8,true,
c7d723eb-77d8-44dd-a172-c8b159721c05,31f57f78-188e-42ec-a057-295e5c4a72d8,true,
c7d723eb-77d8-44dd-a172-c8b159721c05,929eb6d8-5144-443a-b8f8-c0f60e83b49d,true,
c7d723eb-77d8-44dd-a172-c8b159721c05,b39f40a3-f3a5-46a4-a580-d0e79b8acae5,true,
c7d723eb-77d8-44dd-a172-c8b159721c05,9d1d8bc4-fd27-4826-8e2a-96b3cd54dc75,true,
c7d723eb-77d8-44dd-a172-c8b159721c05,bc7cdcca-0437-40af-9890-cd86c33ccecb,true,
c7d723eb-77d8-44dd-a172-c8b159721c05,a03b1267-35c5-40df-bb61-6ff9f4506448,true,
c7d723eb-77d8-44dd-a172-c8b159721c05,6199ddd2-4690-4e3d-b4dd-992770dbddbb,true,
c7d723eb-77d8-44dd-a172-c8b159721c05,fbf7adc5-e02d-4913-b949-95c237069f17,true,
c7d723eb-77d8-44dd-a172-c8b159721c05,fb73e106-f933-477d-99cb-a84a1937028a,true,
c7d723eb-77d8-44dd-a172-c8b159721c05,4ac02fca-c151-4564-a4b4-ad45f8cf35a2,true,
c7d723eb-77d8-44dd-a172-c8b159721c05,7d00619d-a4b7-4f81-b7d0-0716f7064878,true,
c7d723eb-77d8-44dd-a172-c8b159721c05,392b295a-f147-4825-a442-80f75fcfadaf,true,
c7d723eb-77d8-44dd-a172-c8b159721c05,5ce93b23-75d1-403e-864e-b249b8a56a42,true,
c7d723eb-77d8-44dd-a172-c8b159721c05,93f7005a-0cd2-4bd2-b081-f73b7621241c,true,
c7d723eb-77d8-44dd-a172-c8b159721c05,0079869c-4f8a-4c0e-b9fc-81d6c9576ac4,true,
c7d723eb-77d8-44dd-a172-c8b159721c05,a8068585-dd97-4c93-ad4c-2cea0ec6d9cc,true,
c7d723eb-77d8-44dd-a172-c8b159721c05,43cd1996-4d41-4b0e-a76a-035b32362337,true,
c7d723eb-77d8-44dd-a172-c8b159721c05,2a66b6f8-67d7-434d-902d-377d00b92eb3,true,
de321650-4581-48e1-940e-64f984af0fe5,0c0ce50f-1bfa-4d78-92df-23d178376020,true,
de321650-4581-48e1-940e-64f984af0fe5,4f40d5cf-1d31-4279-bb91-dcb5e1314e55,true,
de321650-4581-48e1-940e-64f984af0fe5,d9766ad1-2f48-4051-8ace-952947e526b5,false,[NO_5XX] Unexpected 5XX response: 503
de321650-4581-48e1-940e-64f984af0fe5,4d0ff61d-6cca-4c75-a257-c01e95667b65,true,
de321650-4581-48e1-940e-64f984af0fe5,bb63bff1-3c4e-4e7f-9b20-0bc6c56ff01c,true,
de321650-4581-48e1-940e-64f984af0fe5,c1f274cf-72b5-4d30-883d-8d2bd114bf42,true,
de321650-4581-48e1-940e-64f984af0fe5,5e4c8940-7f3a-48cd-bc9c-31075150fc2e,true,
de321650-4581-48e1-940e-64f984af0fe5,e04bbe63-34e5-4604-8f1a-906d230918ed,true,
de321650-4581-48e1-940e-64f984af0fe5,b911ecda-1dad-4c78-9cbc-95ba049e21e0,true,
de321650-4581-48e1-940e-64f984af0fe5,020396e0-4ab1-41c3-b91d-8e7587272164,true,
de321650-4581-48e1-940e-64f984af0fe5,d321d879-2592-46c9-b19a-8f4d51dd2c0c,true,
de321650-4581-48e1-940e-64f984af0fe5,0e35f6bc-3886-4105-8a7c-60baac0f5969,true,
de321650-4581-48e1-940e-64f984af0fe5,04737411-8d6c-4307-8015-a81fbfb8182f,true,
de321650-4581-48e1-940e-64f984af0fe5,943cf225-347a-4e2f-8f42-c0e096b511c8,true,
de321650-4581-48e1-940e-64f984af0fe5,411b5359-0c36-4dae-8359-02239f7049cc,true,
de321650-4581-48e1-940e-64f984af0fe5,3b647200-d82d-441a-a382-d489b9218ed9,true,
de321650-4581-48e1-940e-64f984af0fe5,e7a0ce73-f013-424f-952e-405807de5723,true,
de321650-4581-48e1-940e-64f984af0fe5,437861fd-e029-4576-b272-7f16b0ed7bbf,true,
de321650-4581-48e1-940e-64f984af0fe5,a63418b5-e3ad-4c53-baba-dc4a20656fd5,true,
de321650-4581-48e1-940e-64f984af0fe5,6b329d27-8c9d-4c59-9a2b-2b82ab094568,true,
de321650-4581-48e1-940e-64f984af0fe5,e37c725f-d9e7-4388-91a4-75488bd11712,true,
de321650-4581-48e1-940e-64f984af0fe5,cb4cbd1e-c69b-4ae4-b0c5-886a6396b70c,true,
de321650-4581-48e1-940e-64f984af0fe5,ca9162d4-e1bc-43ca-b29c-457c92d557bc,true,
de321650-4581-48e1-940e-64f984af0fe5,2fbb8138-adcc-458c-bb06-2db4e4c199a8,true,
de321650-4581-48e1-940e-64f984af0fe5,11bc37a6-c9aa-4f15-a3ae-466a6a91e5a8,true,
de321650-4581-48e1-940e-64f984af0fe5,26d19aad-a1c3-4a86-8b23-e3e5cdac1681,true,
de321650-4581-48e1-940e-64f984af0fe5,847d4451-28b4-4840-9e58-baceed44c8db,true,
de321650-4581-48e1-940e-64f984af0fe5,83c87a2d-9edb-4131-8a9d-6b7d60330d13,true,
de321650-4581-48e1-940e-64f984af0fe5,bf2c3101-5007-4c7e-910e-e373f234c587,true,
de321650-4581-48e1-940e-64f984af0fe5,f9f587d8-7bee-44da-9cca-798521d6f195,true,
de321650-4581-48e1-940e-64f984af0fe5,68fa6cec-105c-4636-a1e6-c3486014e77b,true,
de321650-4581-48e1-940e-64f984af0fe5,0edb899f-4088-4266-a0dd-58cc45dcd2f9,true,
de321650-4581-48e1-940e-64f984af0fe5,9ea4e394-8e0b-4346-94bc-538991b61e71,true,
de321650-4581-48e1-940e-64f984af0fe5,546b3fe1-7c23-45ed-b08c-c49fc2f1bebd,true,
de321650-4581-48e1-940e-64f984af0fe5,451d59d0-a22f-4a0e-b5c1-d3c82018886a,true,
de321650-4581-48e1-940e-64f984af0fe5,df3daee4-c6cc-44e5-be30-6f34d5fb5109,true,
de321650-4581-48e1-940e-64f984af0fe5,5bcb1b91-b3a9-42cd-9333-ad595132086d,true,
de321650-4581-48e1-940e-64f984af0fe5,c83b804a-1272-49b3-802b-85b3c7b1b3de,true,
de321650-4581-48e1-940e-64f984af0fe5,4f46af23-102f-4008-906a-70a7ad5f30e9,true,
de321650-4581-48e1-940e-64f984af0fe5,7ea89fd6-a114-4acf-afe3-13decb0ad57f,true,
de321650-4581-48e1-940e-64f984af0fe5,fc14189d-f56e-46bf-bd37-63d443d61ae9,true,
de321650-4581-48e1-940e-64f984af0fe5,9cb88899-714e-42d9-9bcc-35e5d4ebc35a,true,
de321650-4581-48e1-940e-64f984af0fe5,28044875-9b85-48d4-96a0-629e14e7e65d,true,
de321650-4581-48e1-940e-64f984af0fe5,9bd08425-80ca-4f25-881f-eeb81bfb0ba9,true,
de321650-4581-48e1-940e-64f984af0fe5,e06e3de3-7a92-47b0-9b4c-c4b283058f09,true,
de321650-4581-48e1-940e-64f984af0fe5,e8be86ab-fd7d-454f-afce-8c7e886443eb,true,
de321650-4581-48e1-940e-64f984af0fe5,f8c3c787-bd19-4298-8ca1-6a06b1324aa2,true,
de321650-4581-48e1-940e-64f984af0fe5,8e611db2-6169-496f-8840-6338595e6571,true,
de321650-4581-48e1-940e-64f984af0fe5,ce6908a4-9ed0-4471-ba9d-b4e4dd8eb9c7,true,
de321650-4581-48e1-940e-64f984af0fe5,f6832c4a-a937-4bee-a4c3-72662fa8ca8d,true,
de321650-4581-48e1-940e-64f984af0fe5,4e6e78b1-aed4-4cb1-81d4-42a3f79ce9b3,true,
de321650-4581-48e1-940e-64f984af0fe5,4a5cd6c0-78c4-49d3-ae4f-96c244a8e94c,true,
de321650-4581-48e1-940e-64f984af0fe5,d7f20cc1-2537-45f1-ad04-b7d4bf7b576c,true,
de321650-4581-48e1-940e-64f984af0fe5,993fcaa6-b70e-4954-a403-8bdfccb3fef0,true,
de321650-4581-48e1-940e-64f984af0fe5,1cd7eab7-a8c3-4dad-92b3-66f931012ed1,true,
de321650-4581-48e1-940e-64f984af0fe5,397ce628-9c4d-4432-b933-45c4019ec8e8,true,
de321650-4581-48e1-940e-64f984af0fe5,2953a665-9311-4146-a8af-2825e4fdf310,true,
de321650-4581-48e1-940e-64f984af0fe5,9ebdb2a5-c768-4554-933f-e6cca377ffce,true,
f9c68522-fc3a-4275-92da-a4ebaf20c796,c9a6d38d-3874-49b8-b972-197e3fa910e1,true,
f9c68522-fc3a-4275-92da-a4ebaf20c796,5ba3e455-1a6e-4d8d-ab68-4e772336a6fb,true,
f9c68522-fc3a-4275-92da-a4ebaf20c796,0b3a0c3f-ddbf-441d-853c-17d62f722174,false,[NO_5XX] Unexpected 5XX response: 502
f9c68522-fc3a-4275-92da-a4ebaf20c796,7bf7ad0b-78fb-46ba-bf74-50067c1c7205,true,
f9c68522-fc3a-4275-92da-a4ebaf20c796,0d207314-1064-40cf-bf75-980c98cdbee4,true,
f9c68522-fc3a-4275-92da-a4ebaf20c796,4dcbed47-7107-4d3f-baf2-0d3e9134ac8c,true,
f9c68522-fc3a-4275-92da-a4ebaf20c796,94ab9ea5-2177-4b08-b8bd-70cc017406b1,true,
f9c68522-fc3a-4275-92da-a4ebaf20c796,2845d062-122b-46f3-96a5-ec1218227104,true,
f9c68522-fc3a-4275-92da-a4ebaf20c796,b5259353-0571-4708-b26f-5b3c7b23eb65,true,
f9c68522-fc3a-4275-92da-a4ebaf20c796,7b2af76f-2646-44ca-8bc3-7f913ff95d93,true,
f9c68522-fc3a-4275-92da-a4ebaf20c796,09866c51-9b3d-4d76-9ddd-88dab7c22326,true,
f9c68522-fc3a-4275-92da-a4ebaf20c796,3e28ff33-87c4-4fd4-9bde-b99d9b92a957,true,
f9c68522-fc3a-4275-92da-a4ebaf20c796,1fd68188-da44-45e6-af34-36889319e17c,true,
f9c68522-fc3a-4275-92da-a4ebaf20c796,5ab6a457-5ca9-4fde-8ba2-c2aed78d0352,true,
f9c68522-fc3a-4275-92da-a4ebaf20c796,ec79df81-5000-481c-9314-b07ce8595a4e,true,
f9c68522-fc3a-4275-92da-a4ebaf20c796,7bb9f87e-cee4-425c-974e-e1178ca98690,true,
f9c68522-fc3a-4275-92da-a4ebaf20c796,1d6e48c7-25fd-4791-8ac5-226483b6fa2b,true,
f9c68522-fc3a-4275-92da-a4ebaf20c796,90d40ab2-512c-443d-8be4-5ef480eaa31c,true,
f9c68522-fc3a-4275-92da-a4ebaf20c796,f77d485a-cb78-421f-9eee-f0b8d6916d23,true,
f9c68522-fc3a-4275-92da-a4ebaf20c796,6a8f30c7-e86a-4177-b318-8831d8970675,true,
f9c68522-fc3a-4275-92da-a4ebaf20c796,04fa86dc-2e1f-42b1-be47-2b50cab23f5b,true,
f9c68522-fc3a-4275-92da-a4ebaf20c796,aadc797d-d1cc-4604-ab6e-1b21665773bb,true,
f9c68522-fc3a-4275-92da-a4ebaf20c796,9e014454-e4ff-4d6d-b72d-9881103aaf77,true,
f9c68522-fc3a-4275-92da-a4ebaf20c796,27f187fb-8af4-4dcf-8f79-b5923c69a146,true,
f9c68522-fc3a-4275-92da-a4ebaf20c796,8c4d4630-aed2-4951-915a-2b2ada47f90c,true,
f9c68522-fc3a-4275-92da-a4ebaf20c796,826b3e94-4a8b-4918-9ef2-a1cac80cdf00,true,
f9c68522-fc3a-4275-92da-a4ebaf20c796,789aac4b-a2a7-4684-948a-343f8bbdae81,true,
f9c68522-fc3a-4275-92da-a4ebaf20c796,0a258b3f-d1b8-4ce3-ae2e-cc001e4a3ca8,true,
f9c68522-fc3a-4275-92da-a4ebaf20c796,a2f30d00-672e-4b21-a9bd-b14d943072b5,true,
f9c68522-fc3a-4275-92da-a4ebaf20c796,bd6f7993-4c2f-4e23-8346-b5981daa11d9,true,
f9c68522-fc3a-4275-92da-a4ebaf20c796,6146d3b8-37c2-4d21-8991-5cf78c2fc690,true,
f9c68522-fc3a-4275-92da-a4ebaf20c796,d67ff1f4-ba4f-41b2-b51f-1d4194bd44a6,true,
f9c68522-fc3a-4275-92da-a4ebaf20c796,f7f6a447-477f-42ac-b028-1b7c9b345cb5,true,
f9c68522-fc3a-4275-92da-a4ebaf20c796,2a55d5cd-cfc8-4cbe-8a37-5e7aca033e0a,true,
f9c68522-fc3a-4275-92da-a4ebaf20c796,7d9744c5-90f8-4020-92f6-db04b00ccecb,true,
f9c68522-fc3a-4275-92da-a4ebaf20c796,77f9cf4b-6764-4b0f-84bd-b1ce31942f2e,true,
f9c68522-fc3a-4275-92da-a4ebaf20c796,00aa8fb4-88f6-4616-9744-949801f09808,true,
f9c68522-fc3a-4275-92da-a4ebaf20c796,afc33ff5-4129-42d0-823a-566c577e1778,true,
f9c68522-fc3a-4275-92da-a4ebaf20c796,b941c9af-0934-4cc1-affd-86510e309158,true,
f9c68522-fc3a-4275-92da-a4ebaf20c796,d049bbb8-c072-473f-87ba-4bec72518572,true,
f9c68522-fc3a-4275-92da-a4ebaf20c796,654be6d9-8ecd-4f75-a616-6c31f0022358,true,
f9c68522-fc3a-4275-92da-a4ebaf20c796,250aed3c-7a93-4707-ae7f-3bb9625dde37,true,
f9c68522-fc3a-4275-92da-a4ebaf20c796,33aec06d-43ee-40de-8984-f39b409ed9ec,true,
f9c68522-fc3a-4275-92da-a4ebaf20c796,45f11ef6-a4b6-4421-9275-7db2bc26e08f,true,
f9c68522-fc3a-4275-92da-a4ebaf20c796,c1d3bfd7-db1f-490a-8d08-d1192fe276e0,true,
f9c68522-fc3a-4275-92da-a4ebaf20c796,48880633-e76f-43c6-a0d3-6eb12c97ebd5,true,
f9c68522-fc3a-4275-92da-a4ebaf20c796,146cf6c2-3bac-40eb-bf5e-b282b453ead3,true,
f9c68522-fc3a-4275-92da-a4ebaf20c796,d817d44d-08fc-4be8-b321-6dac2a6bc2c8,true,
f9c68522-fc3a-4275-92da-a4ebaf20c796,ee460d62-fba4-4dd4-afb2-f7b0141d9dd8,true,
f9c68522-fc3a-4275-92da-a4ebaf20c796,770167cf-e92a-499c-91e2-c35889a31239,true,
f9c68522-fc3a-4275-92da-a4ebaf20c796,ba60e9c9-4892-43d2-b372-e2ae1af79be4,true,
f9c68522-fc3a-4275-92da-a4ebaf20c796,e68b80b5-5de2-4f3c-b206-f4a92b20ecbc,true,
f9c68522-fc3a-4275-92da-a4ebaf20c796,291816fd-8053-4e6c-8d9d-9b8c34f288e2,true,
f9c68522-fc3a-4275-92da-a4ebaf20c796,efeb0db7-5314-49d2-932c-b4295b2da250,true,
f9c68522-fc3a-4275-92da-a4ebaf20c796,c87a4713-398d-4d4f-b57d-a7867342bf82,true,
f9c68522-fc3a-4275-92da-a4ebaf20c796,b4ee7b44-ecce-41c7-96ed-3e14de4f1d79,true,
f9c68522-fc3a-4275-92da-a4ebaf20c796,6d337bb2-4fd8-4542-9d0e-a79f97f21ffc,true,
f9c68522-fc3a-4275-92da-a4ebaf20c796,ecf6e7e6-cbaf-4259-95f7-1ab45a84d044,true,
f9c68522-fc3a-4275-92da-a4ebaf20c796,8a5aae4b-fd90-4ee9-9088-27464b81834a,true,
f9c68522-fc3a-4275-92da-a4ebaf20c796,bdaaee43-4212-406c-803c-6ba6032d5873,true,
f9c68522-fc3a-4275-92da-a4ebaf20c796,8f7e0e92-2dc7-445c-a950-913e5ddc681c,true,
f9c68522-fc3a-4275-92da-a4ebaf20c796,56eb5c4b-dbd5-4c6b-839c-f90a9a843022,true,
f9c68522-fc3a-4275-92da-a4ebaf20c796,b33c301f-ac1b-4145-87f9-521dd84c90ee,true,
f9c68522-fc3a-4275-92da-a4ebaf20c796,0fe01fca-6a79-4632-be97-8d34761ff144,true,
f9c68522-fc3a-4275-92da-a4ebaf20c796,101e65f6-eedc-4bd8-8a78-0c0d3e147f0d,true,
f9c68522-fc3a-4275-92da-a4ebaf20c796,fc31375f-9c5a-4fc5-af44-208e62961369,true,
f9c68522-fc3a-4275-92da-a4ebaf20c796,349b072c-1b67-476b-8dfb-8184b0383f44,true,
f9c68522-fc3a-4275-92da-a4ebaf20c796,5ba718c2-bdb9-40a8-bf34-1b140a127459,true,
f9c68522-fc3a-4275-92da-a4ebaf20c796,c3928306-e497-42ee-8a08-f5f03f151dd2,true,
f9c68522-fc3a-4275-92da-a4ebaf20c796,e8236231-3b78-472d-bac8-e9721c40ab9d,true,
f9c68522-fc3a-4275-92da-a4ebaf20c796,d838b889-bd0a-434f-950b-86a8d3ea4232,true,
f9c68522-fc3a-4275-92da-a4ebaf20c796,e50cd2d3-f463-4eb0-bf06-327a45f29dd1,true,
f9c68522-fc3a-4275-92da-a4ebaf20c796,d45a4373-e85d-47b1-bf36-68059252e955,true,
f9c68522-fc3a-4275-92da-a4ebaf20c796,1e982581-78f0-4ac7-a2f1-bae2441af7b2,true,
f9c68522-fc3a-4275-92da-a4ebaf20c796,920f2edd-18b1-42e6-8b33-eced8a9b3fc8,true,
f9c68522-fc3a-4275-92da-a4ebaf20c796,48a873e1-ba21-43e7-bf19-e27d83fafb34,true,
f9c68522-fc3a-4275-92da-a4ebaf20c796,8b40f001-3833-4a71-81f4-364ed20062b1,true,
f9c68522-fc3a-4275-92da-a4ebaf20c796,c279944b-f2d6-476b-9386-42de599aa631,true,
f9c68522-fc3a-4275-92da-a4ebaf20c796,7b7803af-b22d-47b2-9b2f-2e22db254f77,true,
f9c68522-fc3a-4275-92da-a4ebaf20c796,f1dcf816-3312-4cc0-9eca-54a05f25ddd2,true,
f9c68522-fc3a-4275-92da-a4ebaf20c796,5f28772c-63a9-4c80-bcf8-c11c31275900,true,
f9c68522-fc3a-4275-92da-a4ebaf20c796,02274f33-cc13-44c8-89f9-9932d69f7624,true,
f9c68522-fc3a-4275-92da-a4ebaf20c796,1ad5db22-669f-4e43-a35a-44c54cf1ebe8,true,
f9c68522-fc3a-4275-92da-a4ebaf20c796,ecd9d159-a3b5-4295-9ce9-3c22c8677c45,true,
f9c68522-fc3a-4275-92da-a4ebaf20c796,032e4fdb-eb65-4b71-a8c3-9b63bc197a65,true,
f9c68522-fc3a-4275-92da-a4ebaf20c796,27344037-5576-4740-9eeb-6f13a7166e7b,true,
f9c68522-fc3a-4275-92da-a4ebaf20c796,b61cfae9-698b-42c9-8a45-6716c466bc2a,true,
f9c68522-fc3a-4275-92da-a4ebaf20c796,03d02c1c-bec9-46cf-a657-749051c406df,true,
f9c68522-fc3a-4275-92da-a4ebaf20c796,c67dee00-2f7a-4c18-842b-bb7b669d8477,true,
f9c68522-fc3a-4275-92da-a4ebaf20c796,97572924-bc8e-4e8e-a990-26ffbb296d4c,true,
f9c68522-fc3a-4275-92da-a4ebaf20c796,52eac67f-943a-498e-a5cd-07eaafe1901e,true,
f9c68522-fc3a-4275-92da-a4ebaf20c796,11f2a194-1846-4878-83cf-703cfd36615b,true,
f9c68522-fc3a-4275-92da-a4ebaf20c796,18463611-ad17-40c6-8b9e-0420519828b2,true,
f9c68522-fc3a-4275-92da-a4ebaf20c796,c1507094-c9d2-42f3-804f-386730821725,true,
f9c68522-fc3a-4275-92da-a4ebaf20c796,0038557e-ee2d-4e96-8c6c-010565c1416b,true,
994dc0d0-ec41-4b15-9618-8705d1fa1722,b222dfd7-aa4e-464e-907c-2f9b510636c9,true,
994dc0d0-ec41-4b15-9618-8705d1fa1722,a0063a77-9bd7-48ba-b392-0fa1b9239d6e,true,
994dc0d0-ec41-4b15-9618-8705d1fa1722,9380d725-76bc-40ed-a5fa-2d075e74c02e,false,[NO_5XX] Unexpected 5XX response: 502
994dc0d0-ec41-4b15-9618-8705d1fa1722,28230fc0-b3e7-4521-9ae5-acb934626f67,true,
994dc0d0-ec41-4b15-9618-8705d1fa1722,b3d0dc8d-b953-4a68-b56b-572ba6a86175,true,
994dc0d0-ec41-4b15-9618-8705d1fa1722,dafc34e6-013f-4c10-96a8-75c5684f035b,true,
994dc0d0-ec41-4b15-9618-8705d1fa1722,6bba5b37-ed72-4d79-9661-8f42c3e90e27,true,
994dc0d0-ec41-4b15-9618-8705d1fa1722,8dd05e8d-651a-4d5e-bcf4-c84a7482fe04,true,
994dc0d0-ec41-4b15-9618-8705d1fa1722,eaa31160-d261-4ecf-82f4-f923cc77e121,true,
994dc0d0-ec41-4b15-9618-8705d1fa1722,70e37eb3-40d9-4b54-bfc9-b1be0fdc90c9,true,
994dc0d0-ec41-4b15-9618-8705d1fa1722,4c85ba3f-8f8b-413c-a03f-dd90a0267931,true,
994dc0d0-ec41-4b15-9618-8705d1fa1722,3f1ab6c7-aaab-4870-b473-df94af773381,true,
994dc0d0-ec41-4b15-9618-8705d1fa1722,a83d19ed-087f-4251-9af0-44e7fa9676f2,true,
994dc0d0-ec41-4b15-9618-8705d1fa1722,876a2009-1dbb-46d7-98ae-172bbe267340,true,
994dc0d0-ec41-4b15-9618-8705d1fa1722,062e1a2d-1ee4-4853-ba59-f870a32641b6,true,
994dc0d0-ec41-4b15-9618-8705d1fa1722,0721070b-ee88-4369-a451-da66b74a056f,true,
994dc0d0-ec41-4b15-9618-8705d1fa1722,e182465a-2d56-4dbe-82c6-82883fd7ac45,true,
994dc0d0-ec41-4b15-9618-8705d1fa1722,769b9ad7-478c-4c83-8596-e226fe712f7c,true,
994dc0d0-ec41-4b15-9618-8705d1fa1722,6df776fe-0b94-4a45-abb4-eab70ac3a189,true,
994dc0d0-ec41-4b15-9618-8705d1fa1722,927c7107-4ad9-494e-8068-5cb7c61c8a6f,true,
994dc0d0-ec41-4b15-9618-8705d1fa1722,65fb14ec-12e7-4a5b-80a7-e71ade80e9fa,true,
994dc0d0-ec41-4b15-9618-8705d1fa1722,620e4a0e-f8ac-4abf-bde4-ecc564cd47d8,true,
994dc0d0-ec41-4b15-9618-8705d1fa1722,c785f7e2-9e17-449d-8101-6f90585d70f2,true,
994dc0d0-ec41-4b15-9618-8705d1fa1722,c01b0be6-c326-486a-8cfb-12d5177dcc21,true,
994dc0d0-ec41-4b15-9618-8705d1fa1722,3061f119-f8e9-4c9f-a835-2e171fdcea76,true,
994dc0d0-ec41-4b15-9618-8705d1fa1722,4981b975-c7de-4446-a491-a68b5fdae387,true,
994dc0d0-ec41-4b15-9618-8705d1fa1722,6fe85a4d-7ae4-44bd-ad82-e6226629d106,true,
994dc0d0-ec41-4b15-9618-8705d1fa1722,2e5b195f-c423-408d-ae30-9ec9cccc3a44,true,
994dc0d0-ec41-4b15-9618-8705d1fa1722,17b28311-2dd6-4607-8385-1ff22f8f79c6,true,
994dc0d0-ec41-4b15-9618-8705d1fa1722,9e4c04bc-63da-481d-927c-3df326802590,true,
994dc0d0-ec41-4b15-9618-8705d1fa1722,0ffc69ed-bf00-4a8a-bd54-0e0aaa03fdaa,true,
994dc0d0-ec41-4b15-9618-8705d1fa1722,e6b51b02-ac16-42a7-a964-fdc85ec4a4cd,true,
994dc0d0-ec41-4b15-9618-8705d1fa1722,dcb06932-9172-42d2-ae2c-6c2dea418e39,true,
994dc0d0-ec41-4b15-9618-8705d1fa1722,6f0e93d8-b0df-4eaf-b900-17b1c9072907,true,
994dc0d0-ec41-4b15-9618-8705d1fa1722,bd5d24b1-e022-46ee-8804-c476c8929c9d,true,
994dc0d0-ec41-4b15-9618-8705d1fa1722,910cd9ce-4d41-400b-ba1f-d1e31d5f1ebf,true,
994dc0d0-ec41-4b15-9618-8705d1fa1722,88b22877-650e-4ac8-a866-e27e20258b18,true,
994dc0d0-ec41-4b15-9618-8705d1fa1722,c01dea81-ff74-4b02-a2bf-132f18339fd9,true,
994dc0d0-ec41-4b15-9618-8705d1fa1722,78f0e490-1584-47f5-ac52-26599f7e4ef8,true,
994dc0d0-ec41-4b15-9618-8705d1fa1722,65a724f6-5da8-491d-8dc3-894b9badeea2,true,
994dc0d0-ec41-4b15-9618-8705d1fa1722,84d2627b-209e-42ee-9f17-bb921ee56ee9,true,
994dc0d0-ec41-4b15-9618-8705d1fa1722,90073ac0-1b46-4b66-97dd-844ff218a8c3,true,
994dc0d0-ec41-4b15-9618-8705d1fa1722,90034a77-fd76-4cb0-b9a0-76ba75d89062,true,
994dc0d0-ec41-4b15-9618-8705d1fa1722,15442b06-eead-4772-91ca-05e282e74cd7,true,
994dc0d0-ec41-4b15-9618-8705d1fa1722,23e341c0-0daf-4d7b-8bcb-1ec60aa240e7,true,
994dc0d0-ec41-4b15-9618-8705d1fa1722,a49be208-26ad-4dd1-b917-a2bd24d01120,true,
994dc0d0-ec41-4b15-9618-8705d1fa1722,130baeb3-9660-4392-93d2-6c3a1c2f2494,true,
994dc0d0-ec41-4b15-9618-8705d1fa1722,feb71395-11f5-47d2-9b2c-dc3ead039c96,true,
994dc0d0-ec41-4b15-9618-8705d1fa1722,576f0e2b-f409-4c22-93a2-4c301c91297e,true,
994dc0d0-ec41-4b15-9618-8705d1fa1722,bf099214-99a8-4ffe-919d-c66567ad98b4,true,
994dc0d0-ec41-4b15-9618-8705d1fa1722,ac5e9437-c099-4886-a2f2-9c3e27f2bf9a,true,
994dc0d0-ec41-4b15-9618-8705d1fa1722,31c4e250-833c-4a36-990c-4e424724f6a1,true,
994dc0d0-ec41-4b15-9618-8705d1fa1722,5d23862b-7dec-4412-9862-32aad4bff2f9,true,
994dc0d0-ec41-4b15-9618-8705d1fa1722,2e3ff53d-39f9-41c2-bc5d-945319f7d578,true,
994dc0d0-ec41-4b15-9618-8705d1fa1722,d1c90f0c-fdf7-4c14-9320-acd923bef165,true,
994dc0d0-ec41-4b15-9618-8705d1fa1722,cc058ca5-6c03-4884-8bf8-4c96682cae6d,true,
994dc0d0-ec41-4b15-9618-8705d1fa1722,ebbabaa0-be39-484e-add1-161656c104bc,true,
994dc0d0-ec41-4b15-9618-8705d1fa1722,5ca4a6cb-2418-42fd-b135-90080f87c7e8,true,
994dc0d0-ec41-4b15-9618-8705d1fa1722,18442ca7-6929-4ced-9748-bd7db0eae6fb,true,
994dc0d0-ec41-4b15-9618-8705d1fa1722,64149f1a-1218-4e71-9152-09d976a14e66,true,
994dc0d0-ec41-4b15-9618-8705d1fa1722,2598d885-a7b6-4b7a-a707-687744eb5c9b,true,
994dc0d0-ec41-4b15-9618-8705d1fa1722,b185957e-4b71-4de0-b70f-ef428ea70cb2,true,
994dc0d0-ec41-4b15-9618-8705d1fa1722,9161f315-10a7-4e57-a162-f8bba4983d49,true,
994dc0d0-ec41-4b15-9618-8705d1fa1722,707c6576-85d0-44bc-a8ce-e81fdf6f1410,true,
994dc0d0-ec41-4b15-9618-8705d1fa1722,782722d5-c9ff-41aa-9704-2514b3e0f525,true,
994dc0d0-ec41-4b15-9618-8705d1fa1722,f43f519c-3ade-4414-b6f6-5c1cd54a97f2,true,
994dc0d0-ec41-4b15-9618-8705d1fa1722,fbd218df-b894-40ee-aa01-dc579e56a363,true,
994dc0d0-ec41-4b15-9618-8705d1fa1722,ea7613e3-4808-4e79-a32f-4dcdea377b4a,true,
994dc0d0-ec41-4b15-9618-8705d1fa1722,c4122fb8-a901-4b95-b4d2-6d07d18bb475,true,
994dc0d0-ec41-4b15-9618-8705d1fa1722,57199f02-e23c-42f0-a8c7-d7917559d3be,true,
994dc0d0-ec41-4b15-9618-8705d1fa1722,68a4b75c-eaa6-4c34-b4ed-ac189226feb9,true,
994dc0d0-ec41-4b15-9618-8705d1fa1722,69a13e73-561e-401e-b822-1008656420c9,true,
994dc0d0-ec41-4b15-9618-8705d1fa1722,5dc39e45-fc7f-4366-9a7e-db24f82a9cff,true,
994dc0d0-ec41-4b15-9618-8705d1fa1722,d15236c5-7cfe-465a-8c0d-2e0d8febef51,true,
994dc0d0-ec41-4b15-9618-8705d1fa1722,f2cbfb17-0ba4-4d75-b0a9-a50bf4b30a63,true,
994dc0d0-ec41-4b15-9618-8705d1fa1722,b28efc93-945a-460b-925d-2ecf17674e97,true,
994dc0d0-ec41-4b15-9618-8705d1fa1722,b78768f2-a0a3-4295-a252-130eb037fadd,true,
994dc0d0-ec41-4b15-9618-8705d1fa1722,81b21ced-147f-4453-ac66-cec3c7a85acf,true,
994dc0d0-ec41-4b15-9618-8705d1fa1722,83d2dd43-0eb1-4ac5-9cf9-eca68e1121e5,true,
994dc0d0-ec41-4b15-9618-8705d1fa1722,b0c377f5-fefe-4df9-8815-b2b2d8e24f6e,true,
994dc0d0-ec41-4b15-9618-8705d1fa1722,1affdb1c-5047-4118-ae58-f78cbb772223,true,
994dc0d0-ec41-4b15-9618-8705d1fa1722,e615c758-b881-4886-8ac9-7b429cc9d9e8,true,
994dc0d0-ec41-4b15-9618-8705d1fa1722,3586ea56-61a6-4409-b1db-2b73abd65ddf,true,
994dc0d0-ec41-4b15-9618-8705d1fa1722,47ba979e-dff5-4745-a69b-068e386e4651,true,
994dc0d0-ec41-4b15-9618-8705d1fa1722,54f6326d-73c4-4d53-a85f-6895529cd906,true,
994dc0d0-ec41-4b15-9618-8705d1fa1722,c298a621-f3e0-43ce-866f-e61399231984,true,
994dc0d0-ec41-4b15-9618-8705d1fa1722,8f368416-b1c0-41ad-90c2-02e41eead56d,true,
994dc0d0-ec41-4b15-9618-8705d1fa1722,d5fb1249-db72-49df-899a-5d06637d05fd,true,
994dc0d0-ec41-4b15-9618-8705d1fa1722,7b7740ba-5614-4337-a02d-bdc8d145edf2,true,
994dc0d0-ec41-4b15-9618-8705d1fa1722,fe76fe38-9c1a-4913-8939-0ca1e6f35f17,true,
994dc0d0-ec41-4b15-9618-8705d1fa1722,e7f185ab-c609-4d7c-8919-20c28fbc82f2,true,
994dc0d0-ec41-4b15-9618-8705d1fa1722,349a0c57-f0ee-4565-81a1-6af1cd963d83,true,
994dc0d0-ec41-4b15-9618-8705d1fa1722,06347f1b-4e37-4996-98fd-d6bf8fbcb6c8,true,
994dc0d0-ec41-4b15-9618-8705d1fa1722,6a5cb480-548b-488a-adc3-74673cc2a567,true,
994dc0d0-ec41-4b15-9618-8705d1fa1722,f1d6d5dc-8a4c-4495-910b-57ff664a5157,true,
994dc0d0-ec41-4b15-9618-8705d1fa1722,87f5e2c6-076d-4668-85cd-4e088c85783e,true,
994dc0d0-ec41-4b15-9618-8705d1fa1722,e2ab1f40-d11e-44e8-a652-7398a291c427,true,
994dc0d0-ec41-4b15-9618-8705d1fa1722,ef372456-a223-4629-9552-6bc65b60fded,true,
994dc0d0-ec41-4b15-9618-8705d1fa1722,26a7f2e5-4fa0-4427-b911-bf07bf2be7d3,true,
994dc0d0-ec41-4b15-9618-8705d1fa1722,7b5f2499-c20c-44e2-83dd-4d3324e1f39d,true,
994dc0d0-ec41-4b15-9618-8705d1fa1722,04c13272-772a-46b8-95c0-c62392d37ccb,true,
994dc0d0-ec41-4b15-9618-8705d1fa1722,359b44bd-1684-4f61-b092-ecbb41f75291,true,
994dc0d0-ec41-4b15-9618-8705d1fa1722,a873805b-f20a-43cb-8ec5-c84a8f076412,true,
994dc0d0-ec41-4b15-9618-8705d1fa1722,08117187-534d-412c-9501-0ccf6c74ad4e,true,
994dc0d0-ec41-4b15-9618-8705d1fa1722,60e1e974-56d8-4c44-983d-1b77322bfdb1,true,
994dc0d0-ec41-4b15-9618-8705d1fa1722,53535640-a885-473f-865e-d5fc42ba6ee0,true,
994dc0d0-ec41-4b15-9618-8705d1fa1722,902e83ab-99ba-4427-9717-6267c5073093,true,
994dc0d0-ec41-4b15-9618-8705d1fa1722,2b22890a-d0aa-4768-bf1f-7f9b332789d7,true,
994dc0d0-ec41-4b15-9618-8705d1fa1722,f647cba3-8aab-4338-b3ca-c4272c48f356,true,
994dc0d0-ec41-4b15-9618-8705d1fa1722,8ffb6a91-6a97-4822-b9c5-d1761043ce1d,true,
994dc0d0-ec41-4b15-9618-8705d1fa1722,058127ea-0402-4e90-b73c-acbc2d6919fe,true,
994dc0d0-ec41-4b15-9618-8705d1fa1722,8ce7619c-feb4-46f3-b5e0-7d14d45cd0f2,true,
994dc0d0-ec41-4b15-9618-8705d1fa1722,1c701728-48f5-43fd-bbdc-789469b52717,true,
994dc0d0-ec41-4b15-9618-8705d1fa1722,033d02a3-6962-4f3d-ae5d-af2b6e89b4bf,true,
994dc0d0-ec41-4b15-9618-8705d1fa1722,b7e94183-7599-4f9c-8c9d-ca6ee9ff9c43,true,
994dc0d0-ec41-4b15-9618-8705d1fa1722,30e09da2-79c4-4ff3-b9f8-09e95fc0f082,true,
994dc0d0-ec41-4b15-9618-8705d1fa1722,76d22b2f-e7d7-4b78-b3b2-dc3864680d66,true,
994dc0d0-ec41-4b15-9618-8705d1fa1722,74cf509b-5c2c-439f-8282-edbc6c611688,true,
994dc0d0-ec41-4b15-9618-8705d1fa1722,4fe754ab-132a-4cc6-9dff-ed7a4aa046fd,true,
994dc0d0-ec41-4b15-9618-8705d1fa1722,ab7117df-be72-41c4-a11e-8e44e48a3311,true,
994dc0d0-ec41-4b15-9618-8705d1fa1722,9d649d28-f6ce-4278-b92c-94a9bd09d0ec,true,
994dc0d0-ec41-4b15-9618-8705d1fa1722,f89ffdc8-97db-4ee2-a690-9431d34d008b,true,
994dc0d0-ec41-4b15-9618-8705d1fa1722,3fce207d-1201-498b-a470-3a8b121eb273,true,
994dc0d0-ec41-4b15-9618-8705d1fa1722,d3d206a9-33cd-4c5e-be5a-1287aada4a13,true,
994dc0d0-ec41-4b15-9618-8705d1fa1722,bcbf3e42-1b49-4ed0-9c5f-0d0c4284eef3,true,
994dc0d0-ec41-4b15-9618-8705d1fa1722,0a4353a9-3d9a-4456-98bb-26b77bed7ce1,true,
994dc0d0-ec41-4b15-9618-8705d1fa1722,69189b6f-f6c0-4410-9cad-de75433cec37,true,
994dc0d0-ec41-4b15-9618-8705d1fa1722,6a584dfd-7fc7-423a-b671-91b897284697,true,
994dc0d0-ec41-4b15-9618-8705d1fa1722,d2ac0cab-0618-4aa1-9e73-7cc4ad7faff6,true,
994dc0d0-ec41-4b15-9618-8705d1fa1722,7303568d-8a0c-437c-8269-fd09565fe085,true,
994dc0d0-ec41-4b15-9618-8705d1fa1722,a7657faa-78d2-4256-9ebc-b3ae4d887d61,true,
994dc0d0-ec41-4b15-9618-8705d1fa1722,5a5b6ea7-2c5d-4d86-8d27-9d1daf137972,true,
994dc0d0-ec41-4b15-9618-8705d1fa1722,a2502878-57ed-44f6-a10a-8b65d298f4e4,true,
994dc0d0-ec41-4b15-9618-8705d1fa1722,d086afea-7121-4ecf-a6d0-f5acee47af5f,true,
994dc0d0-ec41-4b15-9618-8705d1fa1722,00372af0-b14c-47f8-8ba3-4d5a49499aa9,true,
994dc0d0-ec41-4b15-9618-8705d1fa1722,9a841e05-4dc8-42cb-a650-34fdff880062,true,
994dc0d0-ec41-4b15-9618-8705d1fa1722,41c4fbbd-a083-4998-8efc-bd9083447e8c,true,
994dc0d0-ec41-4b15-9618-8705d1fa1722,d9f2cfd1-a338-440d-9baa-ba6284f33fa2,true,
994dc0d0-ec41-4b15-9618-8705d1fa1722,26c91939-fd51-41a5-87e6-73fe615e8530,true,
994dc0d0-ec41-4b15-9618-8705d1fa1722,cb79d43a-b897-485a-acfe-cfd5b77ee022,true,
994dc0d0-ec41-4b15-9618-8705d1fa1722,e113d44c-614a-441a-a69a-7122c3ea830d,true,
994dc0d0-ec41-4b15-9618-8705d1fa1722,7c708dd2-f040-400b-a61e-711f0bdec4e0,true,
994dc0d0-ec41-4b15-9618-8705d1fa1722,30cd45d9-783d-45b5-b8b0-09060e294d32,true,
994dc0d0-ec41-4b15-9618-8705d1fa1722,01ef45e6-3562-48f3-8dda-edf96ea1f7eb,true,
994dc0d0-ec41-4b15-9618-8705d1fa1722,22f5dafa-0f68-40a1-ab84-814d4289cd62,true,
994dc0d0-ec41-4b15-9618-8705d1fa1722,d2d81d34-4b3d-43d0-a14d-e542e59b2ea5,true,
994dc0d0-ec41-4b15-9618-8705d1fa1722,aa8c8593-ccf7-4d0a-9251-3dc9abf75160,true,
19e0567c-fedc-4788-8657-c40e2ac9a152,eb95dc28-55ce-424f-aa6c-8617dd11561d,true,
19e0567c-fedc-4788-8657-c40e2ac9a152,cb96da1f-a73c-4c2d-811b-f1bddfbfa495,true,
19e0567c-fedc-4788-8657-c40e2ac9a152,3a5f9143-0b2b-4083-b233-e559b1d0fa7f,false,[NO_5XX] Unexpected 5XX response: 501
19e0567c-fedc-4788-8657-c40e2ac9a152,2c7687b2-c13c-48f9-a66d-85f6d2d6878d,true,
19e0567c-fedc-4788-8657-c40e2ac9a152,d6e4ab7a-20a9-49d5-92a6-489e9551e7f9,true,
19e0567c-fedc-4788-8657-c40e2ac9a152,eef7230b-4c1c-4539-86f7-a7f09318bbe2,true,
19e0567c-fedc-4788-8657-c40e2ac9a152,1b0db47c-f1e0-419d-b1c2-dc29e5daafe6,true,
19e0567c-fedc-4788-8657-c40e2ac9a152,ecaefbcc-c803-4e91-8df5-f673910cba24,true,
19e0567c-fedc-4788-8657-c40e2ac9a152,70abbc0d-d06f-4548-83a2-da32857cf216,true,
19e0567c-fedc-4788-8657-c40e2ac9a152,b92221b4-b5d7-4b7b-be14-a7bef3309bbc,true,
19e0567c-fedc-4788-8657-c40e2ac9a152,3a90d179-26fe-4bdd-9f08-0b7ed646cbb6,true,
19e0567c-fedc-4788-8657-c40e2ac9a152,136f9424-720d-4825-a949-dbc78e116983,true,
19e0567c-fedc-4788-8657-c40e2ac9a152,798218e4-8479-40fa-8690-7ff9c7e5d525,true,
19e0567c-fedc-4788-8657-c40e2ac9a152,3a94203b-7a0e-4650-8587-1ae6d796445c,true,
19e0567c-fedc-4788-8657-c40e2ac9a152,ad404063-0f78-4eb0-928c-30a34c99f92f,true,
19e0567c-fedc-4788-8657-c40e2ac9a152,71a9c753-d994-42b3-bf50-48348d0c09df,true,
19e0567c-fedc-4788-8657-c40e2ac9a152,9e6399e3-629b-4df1-a8b5-c0fec3b30d45,true,
19e0567c-fedc-4788-8657-c40e2ac9a152,db003ab2-5ac8-4622-af2f-77373c41610a,true,
19e0567c-fedc-4788-8657-c40e2ac9a152,96a5d059-65b1-4cdf-baac-18142640bb44,true,
19e0567c-fedc-4788-8657-c40e2ac9a152,9f4481ea-9fb1-4e7a-a033-83e18baccbff,true,
19e0567c-fedc-4788-8657-c40e2ac9a152,6cd75ccd-2a91-4350-a47c-c0fc62e2d633,true,
19e0567c-fedc-4788-8657-c40e2ac9a152,980b418d-8d9e-4f05-b110-a8909000b25f,true,
19e0567c-fedc-4788-8657-c40e2ac9a152,abee3089-97bd-4fec-9ec1-975e027244f4,true,
19e0567c-fedc-4788-8657-c40e2ac9a152,ae1eae22-3e2c-4b30-89dc-1148f21635e7,true,
19e0567c-fedc-4788-8657-c40e2ac9a152,19de5c20-c9c3-4a0a-a836-8f949c3c62c3,true,
19e0567c-fedc-4788-8657-c40e2ac9a152,a5c85f3e-a589-465a-a982-a5bc84a1bc9c,true,
19e0567c-fedc-4788-8657-c40e2ac9a152,f59ae030-c4d8-4996-9548-9105c1070972,true,
19e0567c-fedc-4788-8657-c40e2ac9a152,45c0d7dd-5dac-4e8b-bd69-782aec9098df,true,
19e0567c-fedc-4788-8657-c40e2ac9a152,f3e7d2ba-60d3-463d-b574-d77267003137,true,
19e0567c-fedc-4788-8657-c40e2ac9a152,4e41ba94-491d-4ecc-955e-76044a485a3b,true,
19e0567c-fedc-4788-8657-c40e2ac9a152,a2d729e4-b756-4f2a-b20f-f06660c7cae4,true,
19e0567c-fedc-4788-8657-c40e2ac9a152,57e21c65-a227-4e83-9985-0a3748f6bc04,true,
19e0567c-fedc-4788-8657-c40e2ac9a152,a34246e7-1c84-4e5a-ad93-8169701a9eb4,true,
19e0567c-fedc-4788-8657-c40e2ac9a152,faa6d6e0-53ba-4ff1-ac34-ce020cef5c6b,true,
19e0567c-fedc-4788-8657-c40e2ac9a152,814fd833-e534-4119-8e0e-31d4664289d0,true,
19e0567c-fedc-4788-8657-c40e2ac9a152,2d0c863f-d8e7-46ed-ad08-073eada19190,true,
19e0567c-fedc-4788-8657-c40e2ac9a152,0a35ed02-8353-43b0-9008-e93af9161b68,true,
19e0567c-fedc-4788-8657-c40e2ac9a152,5afe5812-8c39-46bd-9cb3-9d8df92de3dd,true,
19e0567c-fedc-4788-8657-c40e2ac9a152,41522f57-fd54-4062-b241-007101240f0e,true,
19e0567c-fedc-4788-8657-c40e2ac9a152,23d3a672-cbef-44fe-a3d0-8389de652bd5,true,
19e0567c-fedc-4788-8657-c40e2ac9a152,dedc82c1-f919-4f04-bbf3-fc11c3c7dd4a,true,
19e0567c-fedc-4788-8657-c40e2ac9a152,9a5ce842-0f21-4839-9017-77a8305de189,true,
19e0567c-fedc-4788-8657-c40e2ac9a152,04da06aa-db3c-421a-a4eb-36ea2537b0ce,true,
19e0567c-fedc-4788-8657-c40e2ac9a152,1c166c21-bdf5-4bc9-b9d1-647a3a48d1cb,true,
19e0567c-fedc-4788-8657-c40e2ac9a152,b35f43f6-b7f7-46cc-957a-ec6716b263c9,true,
19e0567c-fedc-4788-8657-c40e2ac9a152,def88c40-1a2d-41b4-9e18-e514b0a47f7b,true,
19e0567c-fedc-4788-8657-c40e2ac9a152,d21363dc-0223-419a-b8a7-eaea36f27aae,true,
19e0567c-fedc-4788-8657-c40e2ac9a152,adee697f-3f42-48d9-bca6-1a39821664af,true,
19e0567c-fedc-4788-8657-c40e2ac9a152,6a914725-0de6-4f3f-8618-7388956f410a,true,
19e0567c-fedc-4788-8657-c40e2ac9a152,402431b4-6aff-412f-89bb-bdbcdf41c0f8,true,
19e0567c-fedc-4788-8657-c40e2ac9a152,7bc30e6e-6ca2-4ebe-b307-01e36f33d7a1,true,
19e0567c-fedc-4788-8657-c40e2ac9a152,e776990a-22dd-4edc-9730-300e4ce3c274,true,
19e0567c-fedc-4788-8657-c40e2ac9a152,481863a9-e156-438a-a93b-eb342368e243,true,
19e0567c-fedc-4788-8657-c40e2ac9a152,833082a7-fb2c-46e6-9d78-c8d85708e56a,true,
19e0567c-fedc-4788-8657-c40e2ac9a152,968de1de-862e-4f2b-93ae-011d9e9b71b8,true,
19e0567c-fedc-4788-8657-c40e2ac9a152,a682d337-581f-41d2-87d7-6952ca74df76,true,
19e0567c-fedc-4788-8657-c40e2ac9a152,906e51ef-e756-4663-a179-51612ee7d055,true,
19e0567c-fedc-4788-8657-c40e2ac9a152,d29f9010-f903-44ea-afca-8a5a64d8d414,true,
19e0567c-fedc-4788-8657-c40e2ac9a152,fec8fe7a-dae8-4d7e-b669-fd25a9dd35e6,true,
19e0567c-fedc-4788-8657-c40e2ac9a152,22ce47ea-cd84-4fc7-ab58-08583d47470a,true,
19e0567c-fedc-4788-8657-c40e2ac9a152,7860726d-d993-4a5a-ba1c-a2f42777f51c,true,
19e0567c-fedc-4788-8657-c40e2ac9a152,b305aca8-1692-4003-af01-627400f0052a,true,
19e0567c-fedc-4788-8657-c40e2ac9a152,641fef56-772a-406a-a3de-56a13514be6b,true,
19e0567c-fedc-4788-8657-c40e2ac9a152,9563c153-5da6-4e4a-9d93-629518cbea45,true,
19e0567c-fedc-4788-8657-c40e2ac9a152,4e14b3ce-870f-4166-8942-cfd673ac3d8e,true,
19e0567c-fedc-4788-8657-c40e2ac9a152,3f95e849-886d-4d8a-9214-335bbdcf9b47,true,
19e0567c-fedc-4788-8657-c40e2ac9a152,6a32f057-c64a-4236-8234-0c9b7f84e666,true,
19e0567c-fedc-4788-8657-c40e2ac9a152,1454a80a-eaf7-4489-8b2c-6fb73bc25562,true,
19e0567c-fedc-4788-8657-c40e2ac9a152,45028eae-00a0-4e1f-9245-92a5bc52bd99,true,
19e0567c-fedc-4788-8657-c40e2ac9a152,1a37289d-8080-40ad-ba3b-18f862a23034,true,
19e0567c-fedc-4788-8657-c40e2ac9a152,65429446-610c-4498-9360-49759c19946b,true,
19e0567c-fedc-4788-8657-c40e2ac9a152,e4a5d813-faa2-425b-9956-d06c0ec52690,true,
19e0567c-fedc-4788-8657-c40e2ac9a152,777500e4-f698-4a18-89f5-aec936a93c30,true,
19e0567c-fedc-4788-8657-c40e2ac9a152,01df0ddd-0ff8-4e84-b9ae-8a6e6277c09c,true,
19e0567c-fedc-4788-8657-c40e2ac9a152,81c7de64-5bae-4c4c-a518-9481153d322e,true,
19e0567c-fedc-4788-8657-c40e2ac9a152,08c2b188-3ba9-4237-a1b5-ef790ba0cd56,true,
19e0567c-fedc-4788-8657-c40e2ac9a152,e3187901-8d54-43b7-a1c7-13666b453b22,true,
19e0567c-fedc-4788-8657-c40e2ac9a152,db7620a6-f0f4-439f-99dc-f1780fdefb40,true,
19e0567c-fedc-4788-8657-c40e2ac9a152,66796a0d-8038-4c86-858d-d4316f2fe4ff,true,
19e0567c-fedc-4788-8657-c40e2ac9a152,eba7c6a4-2b5f-4423-8832-44eedab0ba7f,true,
19e0567c-fedc-4788-8657-c40e2ac9a152,12d8df2d-d52b-4d42-9fe8-c28159688d24,true,
19e0567c-fedc-4788-8657-c40e2ac9a152,bb91cd70-3f0f-43fd-967f-7011e2befaa7,true,
19e0567c-fedc-4788-8657-c40e2ac9a152,3032e096-bbca-46bc-bb79-5096a9421f5e,true,
19e0567c-fedc-4788-8657-c40e2ac9a152,b1bf3f50-0ba6-4903-a8cb-582a23b71bb3,true,
19e0567c-fedc-4788-8657-c40e2ac9a152,b8e6a1ef-1b13-4c3a-acd7-21818be8b8f6,true,
19e0567c-fedc-4788-8657-c40e2ac9a152,f097e08f-267e-46e4-af84-c74027efeaf7,true,
19e0567c-fedc-4788-8657-c40e2ac9a152,82c46f2b-fd60-4213-95b8-50be72e8c153,true,
19e0567c-fedc-4788-8657-c40e2ac9a152,d424533d-c9ff-470e-b1b9-f309e4ca6502,true,
19e0567c-fedc-4788-8657-c40e2ac9a152,50d4ec60-bb33-41d8-8366-0e04a9f9a8b9,true,
19e0567c-fedc-4788-8657-c40e2ac9a152,f888bd34-8b09-4375-92f8-72f27a431b3f,true,
19e0567c-fedc-4788-8657-c40e2ac9a152,8680c539-8a39-459c-b66a-9241aeb0cbcd,true,
19e0567c-fedc-4788-8657-c40e2ac9a152,b1f0de7d-f08a-4d1d-b8ec-61df8efe390a,true,
19e0567c-fedc-4788-8657-c40e2ac9a152,3b1faa76-7bc5-447d-81fe-9bf54147dab3,true,
19e0567c-fedc-4788-8657-c40e2ac9a152,930a1919-7947-4f5d-bce5-67051ee34fe0,true,
19e0567c-fedc-4788-8657-c40e2ac9a152,bb07de74-303a-4139-a2b8-fb566576c755,true,
19e0567c-fedc-4788-8657-c40e2ac9a152,ceda3176-70e4-4b43-8e1f-9efd846a5bab,true,
19e0567c-fedc-4788-8657-c40e2ac9a152,0f6ff5fd-e444-4524-93b8-2e040fac9b11,true,
19e0567c-fedc-4788-8657-c40e2ac9a152,ba3c042e-2ba9-4b32-8665-280e6916e64c,true,
19e0567c-fedc-4788-8657-c40e2ac9a152,82c200ad-da62-4489-b470-eb9fef975c41,true,
19e0567c-fedc-4788-8657-c40e2ac9a152,6f6dad97-ba42-4831-9a91-f32000ef5cd3,true,
19e0567c-fedc-4788-8657-c40e2ac9a152,3541d2a7-5401-403b-b9c6-2fe7dd7642e0,true,
19e0567c-fedc-4788-8657-c40e2ac9a152,92d5fc09-f72e-4888-9ef4-7d90eaa57f25,true,
19e0567c-fedc-4788-8657-c40e2ac9a152,3d2b5b47-c1c4-41f3-95df-8531092dc48e,true,
19e0567c-fedc-4788-8657-c40e2ac9a152,d23ce07f-5a10-4cf2-a0ae-be2cf4755501,true,
19e0567c-fedc-4788-8657-c40e2ac9a152,9305ef80-42f1-4636-bc2f-bc942ed0ac9b,true,
19e0567c-fedc-4788-8657-c40e2ac9a152,dfa650df-4495-4f19-b7f5-f8ed3e94ca10,true,
19e0567c-fedc-4788-8657-c40e2ac9a152,99305342-9c7f-488e-8613-cb75dc67b879,true,
19e0567c-fedc-4788-8657-c40e2ac9a152,204445b8-f6c7-4f06-8208-bcacfe4eae59,true,
19e0567c-fedc-4788-8657-c40e2ac9a152,f099360e-c165-4274-a2c0-fbd1e933f054,true,
19e0567c-fedc-4788-8657-c40e2ac9a152,41dc5b1a-96e6-4cd7-95ae-6d522208a8d4,true,
19e0567c-fedc-4788-8657-c40e2ac9a152,fe97d3e8-f4d3-4801-b0df-03f7a9a72748,true,
19e0567c-fedc-4788-8657-c40e2ac9a152,9ce38d19-b63c-4608-9388-737de76b939e,true,
19e0567c-fedc-4788-8657-c40e2ac9a152,9e377496-bbff-4460-a9c1-d049eb9cbb93,true,
19e0567c-fedc-4788-8657-c40e2ac9a152,9435dc94-f572-4935-b1bc-5722a95076e0,true,
19e0567c-fedc-4788-8657-c40e2ac9a152,986ab3ec-a210-4cbd-a6d4-f4887ea35f2b,true,
19e0567c-fedc-4788-8657-c40e2ac9a152,0fe9c830-9b8e-412e-ad45-94f314429f07,true,
19e0567c-fedc-4788-8657-c40e2ac9a152,bff17e5f-bee1-4b4d-bdc8-ee8a2f1ff3ba,true,
19e0567c-fedc-4788-8657-c40e2ac9a152,d0f5bb14-8c10-4dfe-8f80-951ea822b776,true,
19e0567c-fedc-4788-8657-c40e2ac9a152,e61eedb3-1732-4c98-9df3-164ce7b42b95,true,
19e0567c-fedc-4788-8657-c40e2ac9a152,c95fd3ff-5dd7-4232-9256-0b6dba586047,true,
19e0567c-fedc-4788-8657-c40e2ac9a152,9ee00248-708a-4463-8856-8a4bb931e7bb,true,
19e0567c-fedc-4788-8657-c40e2ac9a152,ff128103-fcf2-4409-acc4-8f26dd501abf,true,
19e0567c-fedc-4788-8657-c40e2ac9a152,53f2f93f-59dd-4a30-a568-fa059390ecc4,true,
19e0567c-fedc-4788-8657-c40e2ac9a152,48bc3916-2f8e-4631-862e-8d3bac77701c,true,
19e0567c-fedc-4788-8657-c40e2ac9a152,c07babcd-1526-496d-9a59-76a9b612e28e,true,
19e0567c-fedc-4788-8657-c40e2ac9a152,79f9ee8c-c571-46f2-bda7-a7ca55770c15,true,
19e0567c-fedc-4788-8657-c40e2ac9a152,af816337-67ae-44a5-9ab4-80d22e15de6f,true,
19e0567c-fedc-4788-8657-c40e2ac9a152,17cd0828-46bd-425e-bd2d-c9f1ce7c05df,true,
19e0567c-fedc-4788-8657-c40e2ac9a152,f63fff72-f15d-470f-8474-8bb2c6d17910,true,
19e0567c-fedc-4788-8657-c40e2ac9a152,e2b07b0b-3733-471c-b0bd-196c8461a279,true,
19e0567c-fedc-4788-8657-c40e2ac9a152,827883d3-56d3-47a9-9fe1-b0f23b547bc5,true,
19e0567c-fedc-4788-8657-c40e2ac9a152,1956acc3-e91f-4ec1-8c6f-18202dd37fff,true,
19e0567c-fedc-4788-8657-c40e2ac9a152,cbe099af-acb7-4c9c-b4cf-e3214c9e27b0,true,
19e0567c-fedc-4788-8657-c40e2ac9a152,cd4c3ddf-373f-483d-a080-854c8b54fba4,true,
19e0567c-fedc-4788-8657-c40e2ac9a152,0d92ef4f-3e87-4721-a353-525011d9bc8f,true,
19e0567c-fedc-4788-8657-c40e2ac9a152,83cdcf3b-0f01-4a27-bbf3-243a07a39a4f,true,
19e0567c-fedc-4788-8657-c40e2ac9a152,b25d22e3-6cdd-4253-98fd-078ed003e5c4,true,
19e0567c-fedc-4788-8657-c40e2ac9a152,a48df4f5-096b-485c-b91b-ac3052c95a4c,true,
19e0567c-fedc-4788-8657-c40e2ac9a152,8daf9113-ae57-424d-acdb-e19b7cf3d9bd,true,
19e0567c-fedc-4788-8657-c40e2ac9a152,d5132778-835d-4096-b800-f5bd550a295d,true,
19e0567c-fedc-4788-8657-c40e2ac9a152,7a080d9e-89b4-405f-8a0e-f036b92745fd,true,
19e0567c-fedc-4788-8657-c40e2ac9a152,497f9d8d-e9b2-4ff8-a87a-6ec9f0afa5e6,true,
19e0567c-fedc-4788-8657-c40e2ac9a152,05c600bc-1897-4e87-a760-997435986746,true,
19e0567c-fedc-4788-8657-c40e2ac9a152,bf75b489-2722-4829-b3ea-0e43fb55d0cc,true,
19e0567c-fedc-4788-8657-c40e2ac9a152,dca5e91c-d3ea-49eb-b144-742aaf033434,true,
19e0567c-fedc-4788-8657-c40e2ac9a152,483b3aa1-472c-4131-9a30-d5b289b807b4,true,
19e0567c-fedc-4788-8657-c40e2ac9a152,d94bb01c-3218-42c7-9b1b-d7134554d98d,true,
19e0567c-fedc-4788-8657-c40e2ac9a152,689126c7-bbdb-43ef-b593-0faaac963a8e,true,
19e0567c-fedc-4788-8657-c40e2ac9a152,4939b4f1-eec1-4e91-ac69-194e14975f1e,true,
19e0567c-fedc-4788-8657-c40e2ac9a152,6033cd15-3e5c-4134-b8fd-a6e22348a60c,true,
19e0567c-fedc-4788-8657-c40e2ac9a152,6f6835d3-8c49-4c55-9656-d678534fcd74,true,
19e0567c-fedc-4788-8657-c40e2ac9a152,7cdae047-2a7d-4818-8f03-ceddacf9bc3f,true,
19e0567c-fedc-4788-8657-c40e2ac9a152,d14fb0b6-47db-4467-9821-0f071294ec06,true,
19e0567c-fedc-4788-8657-c40e2ac9a152,3da24dfc-e472-43dd-973e-1219701a4e26,true,
19e0567c-fedc-4788-8657-c40e2ac9a152,f963456a-0d94-4f50-9d0f-81e9cc4c67b2,true,
19e0567c-fedc-4788-8657-c40e2ac9a152,159ccb0b-260a-48fd-b02d-86178feae4e8,true,
19e0567c-fedc-4788-8657-c40e2ac9a152,eed9d714-5238-4f38-900b-e0b578497e38,true,
19e0567c-fedc-4788-8657-c40e2ac9a152,097d9aec-a788-4ecd-8f5a-6cdd4d754d64,true,
19e0567c-fedc-4788-8657-c40e2ac9a152,984bb6c8-6231-4026-b404-f7f4ea7601ec,true,
19e0567c-fedc-4788-8657-c40e2ac9a152,244a1ee9-0547-406b-930e-cae21679884d,true,
19e0567c-fedc-4788-8657-c40e2ac9a152,dea82b12-55e2-4cec-a007-25f3ac0d0f8e,true,
19e0567c-fedc-4788-8657-c40e2ac9a152,686ec7fc-cf9e-4125-b2f9-11061e0c44bc,true,
19e0567c-fedc-4788-8657-c40e2ac9a152,cb0b250c-6003-4e6b-b76d-a7da63c7c183,true,
19e0567c-fedc-4788-8657-c40e2ac9a152,d7b4d8c9-b80b-449e-8ecb-244ca67a26d5,true,
19e0567c-fedc-4788-8657-c40e2ac9a152,434d604b-8281-4a7e-8887-85277404fe82,true,
19e0567c-fedc-4788-8657-c40e2ac9a152,12a8ccfb-d317-4343-9e76-7ea8fe33a909,true,
19e0567c-fedc-4788-8657-c40e2ac9a152,b6bb999d-2942-4582-92fd-00da0add2069,true,
19e0567c-fedc-4788-8657-c40e2ac9a152,a9332b4e-f0d1-46b4-b503-c603629e8a2b,true,
19e0567c-fedc-4788-8657-c40e2ac9a152,57f8902f-1bca-4692-8053-085c1f56ddf0,true,
19e0567c-fedc-4788-8657-c40e2ac9a152,faf29f44-2a46-4c1f-b29b-b569aab67734,true,
19e0567c-fedc-4788-8657-c40e2ac9a152,3efe7176-77ec-4589-9f60-8cef39171d28,true,
19e0567c-fedc-4788-8657-c40e2ac9a152,f0c737ba-9d32-45c9-a6aa-ca1503bf4099,true,
19e0567c-fedc-4788-8657-c40e2ac9a152,6b713784-3564-4e80-a3dd-50257fad69e2,true,
19e0567c-fedc-4788-8657-c40e2ac9a152,b7b97198-3ea7-4712-b162-0f7702a4130a,true,
19e0567c-fedc-4788-8657-c40e2ac9a152,34693c50-8fd7-453c-8de9-6c4785b7316f,true,
19e0567c-fedc-4788-8657-c40e2ac9a152,bb133f56-271e-4330-b982-219247e982b7,true,
19e0567c-fedc-4788-8657-c40e2ac9a152,1dbb9e4e-c1b1-4db0-9de9-b667c5f91654,true,
19e0567c-fedc-4788-8657-c40e2ac9a152,39d6d060-0e7d-468b-a643-0e8b9d96d844,true,
19e0567c-fedc-4788-8657-c40e2ac9a152,0362c4bc-a12c-428c-bb58-f081dc29d39a,true,
19e0567c-fedc-4788-8657-c40e2ac9a152,835803f7-0530-415b-96bc-aeab24f0b735,true,
19e0567c-fedc-4788-8657-c40e2ac9a152,404a6b91-ffcd-4a6d-8f30-b101aea2dc99,true,
19e0567c-fedc-4788-8657-c40e2ac9a152,d89e2381-3fe4-4f22-83eb-6466205d01e2,true,
19e0567c-fedc-4788-8657-c40e2ac9a152,247cb78f-a0a7-4899-b1a2-3c53482fc86b,true,
19e0567c-fedc-4788-8657-c40e2ac9a152,5290120a-4419-47f0-a734-65a895897635,true,
19e0567c-fedc-4788-8657-c40e2ac9a152,d7a4f7ea-3203-4fe8-80e7-58cc304b3794,true,
19e0567c-fedc-4788-8657-c40e2ac9a152,ef1ff055-9924-4573-a16c-0c6f4678e533,true,
19e0567c-fedc-4788-8657-c40e2ac9a152,b965833c-9254-4005-aba7-5efa957cd089,true,
19e0567c-fedc-4788-8657-c40e2ac9a152,00295f30-89fa-4d20-bbca-ab2e809b5079,true,
19e0567c-fedc-4788-8657-c40e2ac9a152,b5fe644d-c9be-49cb-9fc5-7ae26fc30d05,true,
19e0567c-fedc-4788-8657-c40e2ac9a152,c2e62a43-b458-4974-ae3d-e4dc7b6f9232,true,
19e0567c-fedc-4788-8657-c40e2ac9a152,994af4d9-8ee1-4bdf-b5fc-a6a58cc40b5c,true,
19e0567c-fedc-4788-8657-c40e2ac9a152,ebf3d187-9ad8-41e4-b5cd-37c347753276,true,
19e0567c-fedc-4788-8657-c40e2ac9a152,0f108c2a-7b1d-4429-aa25-98d694448908,true,
19e0567c-fedc-4788-8657-c40e2ac9a152,cb953ab3-1ec1-49ae-a64b-81522cb3828b,true,
19e0567c-fedc-4788-8657-c40e2ac9a152,645f4e9d-bf4d-41f6-9190-ee7d188315d6,true,
19e0567c-fedc-4788-8657-c40e2ac9a152,aad5f086-c5c9-4d6c-ae95-bca8e64dd5de,true,
19e0567c-fedc-4788-8657-c40e2ac9a152,9beeaaff-6107-44ac-a6c1-475a9858ba55,true,
19e0567c-fedc-4788-8657-c40e2ac9a152,ae6cdbe0-3471-4ca3-97b2-a202e54f002f,true,
19e0567c-fedc-4788-8657-c40e2ac9a152,ad808ef6-6ca1-4cc8-9bc9-0abc6690dda3,true,
19e0567c-fedc-4788-8657-c40e2ac9a152,ef658b1e-4ea6-4e1f-93fd-fb6799abe0be,true,
19e0567c-fedc-4788-8657-c40e2ac9a152,6163976b-5329-4d3d-af39-204729deb782,true,
19e0567c-fedc-4788-8657-c40e2ac9a152,5d6edaac-33e3-4acd-8370-b58cc876e20b,true,
19e0567c-fedc-4788-8657-c40e2ac9a152,4bc09908-6e09-49f0-9562-2a64c39e7d57,true,
19e0567c-fedc-4788-8657-c40e2ac9a152,f1bdbce7-90ed-438a-a054-2fdf1d1e1248,true,
19e0567c-fedc-4788-8657-c40e2ac9a152,bb86f509-ee51-41cf-94a6-0f4baa4bde73,true,
19e0567c-fedc-4788-8657-c40e2ac9a152,062c7e63-f364-4389-ba3a-c68823e9a756,true,
19e0567c-fedc-4788-8657-c40e2ac9a152,8b6a3484-ca74-4f2f-972b-1d0bb28231b5,true,
19e0567c-fedc-4788-8657-c40e2ac9a152,d243f156-3784-456a-a560-7e5827411362,true,
19e0567c-fedc-4788-8657-c40e2ac9a152,246daf39-54c6-48cf-b813-566dd0c2f868,true,
19e0567c-fedc-4788-8657-c40e2ac9a152,45fc9d9b-73cd-4a78-a46b-6500ec8e0bec,true,
19e0567c-fedc-4788-8657-c40e2ac9a152,2eb90822-4bbb-4007-9769-bf5be1e156b8,true,
19e0567c-fedc-4788-8657-c40e2ac9a152,3bde7c39-15d1-4f29-b0fd-780554879534,true,
19e0567c-fedc-4788-8657-c40e2ac9a152,2c7d3a81-0502-45d4-a315-6c08e2046de1,true,
19e0567c-fedc-4788-8657-c40e2ac9a152,4a249750-1ef5-4e87-907a-5fce18579988,true,
19e0567c-fedc-4788-8657-c40e2ac9a152,b672c64f-83d9-4458-861f-0ba232d21a36,true,
19e0567c-fedc-4788-8657-c40e2ac9a152,6d575fa2-13e6-4456-964f-4a45d3bb7299,true,
19e0567c-fedc-4788-8657-c40e2ac9a152,d9e593da-7b17-447a-9c25-8da0e51124f9,true,
19e0567c-fedc-4788-8657-c40e2ac9a152,52cdb51b-b2ae-4d2a-aa59-216501f93fed,true,
19e0567c-fedc-4788-8657-c40e2ac9a152,a9aadbb3-f8e7-45d1-a4c3-37b413e0be9c,true,
19e0567c-fedc-4788-8657-c40e2ac9a152,0fa4096a-9ce5-49c3-bd9b-f2b8d88233f6,true,
19e0567c-fedc-4788-8657-c40e2ac9a152,46e4eede-5811-458a-8ebb-bbb821205509,true,
19e0567c-fedc-4788-8657-c40e2ac9a152,2ca09fae-9d30-4b2f-8937-d0576fb53503,true,
19e0567c-fedc-4788-8657-c40e2ac9a152,0052b459-0ad6-4376-a393-0f1764e1d971,true,
19e0567c-fedc-4788-8657-c40e2ac9a152,0f8e65b4-ad3b-416b-9751-b721aadc8838,true,
19e0567c-fedc-4788-8657-c40e2ac9a152,535fbbae-108b-431a-9857-c76c4f0475c0,true,
19e0567c-fedc-4788-8657-c40e2ac9a152,f8fde08c-15e4-4ae8-83f6-9ed214e6d564,true,
3522a8d3-4cf9-47c3-ab23-fa28fb393976,ce8e74c4-f0c3-4c6b-bbd5-c851013216ef,true,
3522a8d3-4cf9-47c3-ab23-fa28fb393976,e2485949-b601-4baf-95cd-b128d1f74ae9,true,
3522a8d3-4cf9-47c3-ab23-fa28fb393976,c54c303d-774b-4a4b-8c5b-114d078dd7f1,false,[NO_5XX] Unexpected 5XX response: 501
3522a8d3-4cf9-47c3-ab23-fa28fb393976,9ac89406-ab16-4ab9-bbde-74a7fe319f24,true,
3522a8d3-4cf9-47c3-ab23-fa28fb393976,c7a3e643-db64-4bad-88b7-a7006db160a3,true,
3522a8d3-4cf9-47c3-ab23-fa28fb393976,a5853787-e616-4c5a-9463-261dff0f6b95,true,
3522a8d3-4cf9-47c3-ab23-fa28fb393976,5a2aaf16-e1a5-42a4-883f-d0f0771e5038,true,
3522a8d3-4cf9-47c3-ab23-fa28fb393976,42b7bcd9-bc1c-42c9-a0ae-500b0b90dfef,true,
3522a8d3-4cf9-47c3-ab23-fa28fb393976,c4d13aed-0e61-4e87-81ec-bcabe6227b77,true,
3522a8d3-4cf9-47c3-ab23-fa28fb393976,0436cda1-5b9a-4336-a261-ee27ad24733b,true,
3522a8d3-4cf9-47c3-ab23-fa28fb393976,6a80cce8-2c2d-445a-9ca8-63b602a4fba5,true,
3522a8d3-4cf9-47c3-ab23-fa28fb393976,d2682c5c-5ee0-4a41-a068-c4485972d742,true,
3522a8d3-4cf9-47c3-ab23-fa28fb393976,d85a099d-e310-4c16-8140-617fda3d0ed4,true,
3522a8d3-4cf9-47c3-ab23-fa28fb393976,6ba386d5-9df2-4668-ad88-7dd355ed4bfe,true,
3522a8d3-4cf9-47c3-ab23-fa28fb393976,b8e51796-0b94-45a3-9509-d7fbaf3488ea,true,
3522a8d3-4cf9-47c3-ab23-fa28fb393976,baeffd5b-9405-4f41-8e68-4beeca89ae37,true,
3522a8d3-4cf9-47c3-ab23-fa28fb393976,04cb8591-c534-4a8e-9cd2-118174f79eaa,true,
3522a8d3-4cf9-47c3-ab23-fa28fb393976,416e6d44-45a0-436b-b9a3-bc84d665bb5f,true,
3522a8d3-4cf9-47c3-ab23-fa28fb393976,a6abc363-1307-40f7-85f2-6883e917c976,true,
3522a8d3-4cf9-47c3-ab23-fa28fb393976,ce99394b-40c5-4c9e-99d5-693609f8cb10,true,
3522a8d3-4cf9-47c3-ab23-fa28fb393976,b401d7cc-abac-4171-9c46-6e6f3c557028,true,
3522a8d3-4cf9-47c3-ab23-fa28fb393976,a59276a2-0eae-4185-92d5-050b95c7a816,true,
3522a8d3-4cf9-47c3-ab23-fa28fb393976,37fcf737-056c-405d-bd4c-5d665cf6ba56,true,
9a911aff-4f2f-4d95-a20b-4725957b023f,cfb278c7-4d58-4bad-b302-38325ff3893c,true,
9a911aff-4f2f-4d95-a20b-4725957b023f,49b985e2-6cc7-4ccb-bcb5-776fb0bded17,true,
9a911aff-4f2f-4d95-a20b-4725957b023f,7769a86d-d8c0-456b-939a-57310ea9309c,false,[NO_5XX] Unexpected 5XX response: 500
9a911aff-4f2f-4d95-a20b-4725957b023f,75d73022-4368-47c9-ae46-5730ee7af396,true,
9a911aff-4f2f-4d95-a20b-4725957b023f,c8e7531b-9718-448b-b394-a84d2e6326ba,true,
9a911aff-4f2f-4d95-a20b-4725957b023f,8c0b9096-8e4d-4b07-8752-0758a125443f,true,
9a911aff-4f2f-4d95-a20b-4725957b023f,280c26ee-fd01-4f36-871a-ae05dbdfcd97,true,
9a911aff-4f2f-4d95-a20b-4725957b023f,73558142-6af2-4601-9008-5709593dc9bd,true,
9a911aff-4f2f-4d95-a20b-4725957b023f,a741098f-7506-484a-a3cb-ed6e95a8d999,true,
9a911aff-4f2f-4d95-a20b-4725957b023f,a8011a1f-843e-465c-bb08-15220f3655f4,true,
9a911aff-4f2f-4d95-a20b-4725957b023f,0d2e94d1-1e6a-481d-b7f3-74165b4c93fc,true,
9a911aff-4f2f-4d95-a20b-4725957b023f,629f57f0-2df5-4287-a759-a6debb9f7a90,true,
9a911aff-4f2f-4d95-a20b-4725957b023f,52e64fab-34e2-42bd-9156-e792cfb52c0d,true,
9a911aff-4f2f-4d95-a20b-4725957b023f,7018704d-5cc1-4810-a2d9-29f24cc74a07,true,
9a911aff-4f2f-4d95-a20b-4725957b023f,8ce2059d-e9d6-4a95-9f60-08480b5d0e08,true,
9a911aff-4f2f-4d95-a20b-4725957b023f,12add611-901e-4aa3-874f-72e261db5983,true,
9a911aff-4f2f-4d95-a20b-4725957b023f,2038cca9-11d9-43c4-bbff-55084db789f8,true,
9a911aff-4f2f-4d95-a20b-4725957b023f,8b3d358c-764a-4796-ac8e-beb4a808ea4b,true,
9a911aff-4f2f-4d95-a20b-4725957b023f,f1295517-38d4-4184-954a-f2e65215db75,true,
9a911aff-4f2f-4d95-a20b-4725957b023f,fb793131-83d0-4a8d-a8ec-114cf57950bc,true,
9a911aff-4f2f-4d95-a20b-4725957b023f,bae16ff2-b38b-4cc3-97c5-d46a0046cb91,true,
9a911aff-4f2f-4d95-a20b-4725957b023f,415907d8-cb5e-41ee-996f-d572a7bde5aa,true,
9a911aff-4f2f-4d95-a20b-4725957b023f,d4b71f02-03d9-40e3-9216-63d79a25f132,true,
9a911aff-4f2f-4d95-a20b-4725957b023f,843dc9d4-65d4-47c5-ab5c-71ff8cff6c62,true,
9a911aff-4f2f-4d95-a20b-4725957b023f,be292835-9cf1-46e5-97c5-0de8a76f497b,true,
9a911aff-4f2f-4d95-a20b-4725957b023f,5ee9e41f-60f9-4d9c-8945-942be6282894,true,
9a911aff-4f2f-4d95-a20b-4725957b023f,037bea74-e46c-4e16-b88e-5dd64f317e76,true,
9a911aff-4f2f-4d95-a20b-4725957b023f,d0a5847b-5e33-4583-b29b-6c8d17a5f0d1,true,
9a911aff-4f2f-4d95-a20b-4725957b023f,2aeb72ef-19e1-433a-90b6-a7f824e89ab9,true,
9a911aff-4f2f-4d95-a20b-4725957b023f,3300f46a-8526-4f1f-aeb9-02c369f3191c,true,
9a911aff-4f2f-4d95-a20b-4725957b023f,55aa46b3-b238-45c4-a62c-b52523cbba6c,true,
9a911aff-4f2f-4d95-a20b-4725957b023f,3ae0c370-220a-4113-bd93-d270a22ed8f3,true,
9a911aff-4f2f-4d95-a20b-4725957b023f,f71b2577-c072-4270-9749-9ebc95fe049d,true,
9a911aff-4f2f-4d95-a20b-4725957b023f,740effb5-b918-4af2-a465-50bf602b258a,true,
9a911aff-4f2f-4d95-a20b-4725957b023f,222ffe4a-b6ef-4367-9c4a-5e417d77f666,true,
9a911aff-4f2f-4d95-a20b-4725957b023f,a9043cc0-cdf3-420a-96f3-278450af995d,true,
9a911aff-4f2f-4d95-a20b-4725957b023f,3929a363-a956-4fba-858b-515394f28003,true,
9a911aff-4f2f-4d95-a20b-4725957b023f,77c5033d-adb8-4cde-bc15-2e9d04abdeb8,true,
9a911aff-4f2f-4d95-a20b-4725957b023f,16a93d7a-d0f4-4ab6-ac14-a7a160e47e4d,true,
9a911aff-4f2f-4d95-a20b-4725957b023f,eda75029-fd45-43c9-9069-e0823b3195f7,true,
9a911aff-4f2f-4d95-a20b-4725957b023f,34d53c64-264d-42bf-ac0e-2b6b59cdde3b,true,
9a911aff-4f2f-4d95-a20b-4725957b023f,b7ce9999-9dc2-4b57-9dc6-6001416d6d39,true,
9a911aff-4f2f-4d95-a20b-4725957b023f,8940055d-35bc-43f0-aeb1-3a2135d32019,true,
9a911aff-4f2f-4d95-a20b-4725957b023f,23ea556a-16ae-43f0-88a0-a2e156d8b6d3,true,
9a911aff-4f2f-4d95-a20b-4725957b023f,bf76daa7-85e7-418b-94ba-fe18bc56bdb1,true,
9a911aff-4f2f-4d95-a20b-4725957b023f,c247cc47-5fcb-478f-86c0-7417c140da26,true,
9a911aff-4f2f-4d95-a20b-4725957b023f,ae2e6051-9b3a-40e4-8db7-cd8b2f4a2031,true,
9a911aff-4f2f-4d95-a20b-4725957b023f,08859683-4c77-4852-9858-4c0febe5c139,true,
9a911aff-4f2f-4d95-a20b-4725957b023f,626905ae-a7fb-43b0-85f7-47d6a05038ad,true,
9a911aff-4f2f-4d95-a20b-4725957b023f,55eeaf7f-7435-4c10-a934-e91aa6cd604f,true,
9a911aff-4f2f-4d95-a20b-4725957b023f,f22466b3-43d7-4760-9e00-b6768aa675fd,true,
9a911aff-4f2f-4d95-a20b-4725957b023f,13babd9d-7694-44de-859f-3ee890f1551d,true,
9a911aff-4f2f-4d95-a20b-4725957b023f,cc77a617-af6e-4cda-9fbc-2e692054bcd9,true,
9a911aff-4f2f-4d95-a20b-4725957b023f,31dae99f-dde7-48cb-bb96-39f928e36f44,true,
9a911aff-4f2f-4d95-a20b-4725957b023f,9c370ac4-7f24-4a08-a54c-c578604c0796,true,
9a911aff-4f2f-4d95-a20b-4725957b023f,083d8695-5521-4673-8ff7-a9b3a0aab953,true,
9a911aff-4f2f-4d95-a20b-4725957b023f,fedf0834-4d4b-4c3d-b7c8-24e454aa58e7,true,
9a911aff-4f2f-4d95-a20b-4725957b023f,4808ad92-b2de-4fe6-a81a-f1fb04228694,true,
9a911aff-4f2f-4d95-a20b-4725957b023f,19da1785-27b3-4029-882c-bf19ab6ab2a3,true,
9a911aff-4f2f-4d95-a20b-4725957b023f,7a402307-da88-4f49-af5d-20084eb566e6,true,
9a911aff-4f2f-4d95-a20b-4725957b023f,d99754b2-b9a2-47ee-858b-5d03d543c64c,true,
9a911aff-4f2f-4d95-a20b-4725957b023f,2cd8d37f-3d3c-427c-a872-1824c422d8e1,true,
9a911aff-4f2f-4d95-a20b-4725957b023f,df78fbc9-b7fe-49bd-8fad-c0c3724728d7,true,
9a911aff-4f2f-4d95-a20b-4725957b023f,73b32a0d-f3d3-4c9f-96dc-f034b8d7043f,true,
9a911aff-4f2f-4d95-a20b-4725957b023f,5e2557a6-7b65-48e7-bc6e-d91ba152612c,true,
9a911aff-4f2f-4d95-a20b-4725957b023f,3aae716c-96ca-4ffd-bf9b-5c66868d1b81,true,
9a911aff-4f2f-4d95-a20b-4725957b023f,c3bf34f8-ab12-4858-8cd2-6e3425612bb7,true,
9a911aff-4f2f-4d95-a20b-4725957b023f,ea17e562-7089-4af6-b000-64ca6591a74c,true,
9a911aff-4f2f-4d95-a20b-4725957b023f,b9ca958c-6f6f-46d9-9daa-fa56fae768bd,true,
9a911aff-4f2f-4d95-a20b-4725957b023f,cf62bdae-dc57-48db-a029-ce960557bd67,true,
9a911aff-4f2f-4d95-a20b-4725957b023f,feab340a-e180-4336-89d3-a36e53d2ac47,true,
9a911aff-4f2f-4d95-a20b-4725957b023f,e7a19f9f-e31a-4fe3-b8f1-3fb1a6bbe0b2,true,
9a911aff-4f2f-4d95-a20b-4725957b023f,91bf23cf-7541-446c-9b28-128f426a14ec,true,
9a911aff-4f2f-4d95-a20b-4725957b023f,b0c2993d-3a10-435e-845a-5b60f6ecefc1,true,
9a911aff-4f2f-4d95-a20b-4725957b023f,60c7ec2b-30dd-4030-b116-30fde50f9d7b,true,
9a911aff-4f2f-4d95-a20b-4725957b023f,1b44f86e-34b9-475f-bddf-cab93d7129ff,true,
9a911aff-4f2f-4d95-a20b-4725957b023f,d8a12132-62b5-447e-be9b-d3dd71b65c25,true,
9a911aff-4f2f-4d95-a20b-4725957b023f,071e0afd-0c2c-4b96-83e1-d8267fd0ce99,true,
9a911aff-4f2f-4d95-a20b-4725957b023f,0efba88d-23d7-45b6-b3fe-5f3fd3ea3c4d,true,
9a911aff-4f2f-4d95-a20b-4725957b023f,2df489ed-8ab0-4f33-a0eb-fab56f9b4ff0,true,
9a911aff-4f2f-4d95-a20b-4725957b023f,164450fb-c6df-43ba-be7b-026b47809185,true,
9a911aff-4f2f-4d95-a20b-4725957b023f,413a297f-d429-4785-9aa4-360b562fe6b5,true,
9a911aff-4f2f-4d95-a20b-4725957b023f,32390c18-203b-4a64-add6-0b0608a1c034,true,
9a911aff-4f2f-4d95-a20b-4725957b023f,96d5089d-674c-4c00-985d-8c82441f00d2,true,
9a911aff-4f2f-4d95-a20b-4725957b023f,1c7368bf-6572-42a7-8156-f415eabef72b,true,
9a911aff-4f2f-4d95-a20b-4725957b023f,b6cf307c-43cf-4814-8823-03b40d140730,true,
9a911aff-4f2f-4d95-a20b-4725957b023f,e235fd6a-15ce-404c-93fe-45cd9cbea177,true,
9a911aff-4f2f-4d95-a20b-4725957b023f,7b7c3c0f-21a3-42fe-b0bd-d3e153130fc7,true,
9a911aff-4f2f-4d95-a20b-4725957b023f,60655ed4-4b53-4909-9c34-a17fd3fb344b,true,
9a911aff-4f2f-4d95-a20b-4725957b023f,85c0e3ca-2c6f-4e74-82f5-ffbba9b55405,true,
9a911aff-4f2f-4d95-a20b-4725957b023f,efc432d2-f291-4c35-a2fd-6aec257ec8ce,true,
9a911aff-4f2f-4d95-a20b-4725957b023f,8aa1c3ba-7667-47fe-ae33-44dc5c2d8ee0,true,
9a911aff-4f2f-4d95-a20b-4725957b023f,73ad05f0-16e2-40d4-9995-0afefb3cf86e,true,
9a911aff-4f2f-4d95-a20b-4725957b023f,eb273b84-904c-48fd-82d9-891ea9289450,true,
9a911aff-4f2f-4d95-a20b-4725957b023f,40232866-a412-4035-8e90-a8013e9f63c5,true,
9a911aff-4f2f-4d95-a20b-4725957b023f,41da511e-64d3-47d0-8ba2-e5a00eb047ed,true,
9a911aff-4f2f-4d95-a20b-4725957b023f,73bb23d9-f698-415c-8f26-fb7866b9e18e,true,
9a911aff-4f2f-4d95-a20b-4725957b023f,0d37abd4-8ff6-45a0-8aeb-075fb6d92aab,true,
9a911aff-4f2f-4d95-a20b-4725957b023f,6b8826e9-cccb-4988-89f5-7cd659275224,true,
9a911aff-4f2f-4d95-a20b-4725957b023f,cc8e8159-5937-4466-bd69-e04262d11e23,true,
9a911aff-4f2f-4d95-a20b-4725957b023f,3b67ecf9-1f1a-411a-8bc1-030165aad6ba,true,
9a911aff-4f2f-4d95-a20b-4725957b023f,085f23db-d843-4a0e-bd01-240982433d06,true,
9a911aff-4f2f-4d95-a20b-4725957b023f,45adc4fc-dcad-44a2-9e6d-3dc540ee342b,true,
9a911aff-4f2f-4d95-a20b-4725957b023f,6193c86a-1f7f-4655-951d-dcbeb624dada,true,
9a911aff-4f2f-4d95-a20b-4725957b023f,d0f1666b-aa25-4083-aedc-52a91538a2c0,true,
9a911aff-4f2f-4d95-a20b-4725957b023f,87021004-ab4a-4fcf-94bd-2dce0b81652d,true,
9a911aff-4f2f-4d95-a20b-4725957b023f,f86b28e6-ba44-4c49-b8c0-8fe9e8147df0,true,
9a911aff-4f2f-4d95-a20b-4725957b023f,9754173b-0a72-4ce2-bdd2-02f26c71ad5a,true,
9a911aff-4f2f-4d95-a20b-4725957b023f,bb18c43f-0e92-463f-a95b-4bee72dd1ed0,true,
9a911aff-4f2f-4d95-a20b-4725957b023f,6f67910b-6cdd-4a6c-a698-7bdeaa20431d,true,
9a911aff-4f2f-4d95-a20b-4725957b023f,ab6dceeb-669f-4f27-a34b-22bfdd1c54be,true,
9a911aff-4f2f-4d95-a20b-4725957b023f,0fcdf375-77da-4725-b7fb-53d522feb80c,true,
9a911aff-4f2f-4d95-a20b-4725957b023f,68f57d92-c251-40a0-85da-f45dfaab79d2,true,
9a911aff-4f2f-4d95-a20b-4725957b023f,f5e044bb-2742-4285-860e-3dd8fde4dde5,true,
9a911aff-4f2f-4d95-a20b-4725957b023f,d728bdeb-fdf5-4060-b282-7aa891839d6a,true,
9a911aff-4f2f-4d95-a20b-4725957b023f,80f7bfa9-44e4-4f51-b507-cdbb8d16832f,true,
9a911aff-4f2f-4d95-a20b-4725957b023f,06dc62c3-65b7-48ac-b31c-60948e876e27,true,
9a911aff-4f2f-4d95-a20b-4725957b023f,0f03f86d-c704-4515-972d-a29230b292ba,true,
9a911aff-4f2f-4d95-a20b-4725957b023f,5345fbc5-82ce-44f9-8d13-322c56935957,true,
9a911aff-4f2f-4d95-a20b-4725957b023f,3b522c92-dffb-4d22-b10c-4beed2d73dc0,true,
9a911aff-4f2f-4d95-a20b-4725957b023f,e5422ebe-b3dc-4681-9a31-5dad5d86a496,true,
9a911aff-4f2f-4d95-a20b-4725957b023f,cb7e287e-6eab-4dcb-ab16-e86971f7d1c4,true,
9a911aff-4f2f-4d95-a20b-4725957b023f,f39ef064-b347-4022-9f01-3eecf1af1e61,true,
9a911aff-4f2f-4d95-a20b-4725957b023f,222fe680-4eb3-4fb4-a38d-6ce8d4709a06,true,
9a911aff-4f2f-4d95-a20b-4725957b023f,f6f6ee41-604b-43ae-afc4-ab962ed36e37,true,
9a911aff-4f2f-4d95-a20b-4725957b023f,098691f5-3cf6-47e8-bffb-e2fb076cd666,true,
9a911aff-4f2f-4d95-a20b-4725957b023f,7334891a-43bf-4777-b543-d64a6ca032ec,true,
9a911aff-4f2f-4d95-a20b-4725957b023f,efc810ae-cc5d-4889-b37e-3d782c3e3e43,true,
9a911aff-4f2f-4d95-a20b-4725957b023f,63317313-d2a8-4fae-bdb9-63165690e1e9,true,
9a911aff-4f2f-4d95-a20b-4725957b023f,b232f487-6810-4e5c-8ba0-9156739651ee,true,
9a911aff-4f2f-4d95-a20b-4725957b023f,c644997a-ec83-49cb-8e72-5266352cdcbb,true,
9a911aff-4f2f-4d95-a20b-4725957b023f,949edeea-9c7c-4a6d-94b4-1482d577d40b,true,
9a911aff-4f2f-4d95-a20b-4725957b023f,5e6444d3-39e3-4268-8e45-8a2d360c66d2,true,
9a911aff-4f2f-4d95-a20b-4725957b023f,b52169b9-5750-4b3c-ab05-1c63a7275803,true,
9a911aff-4f2f-4d95-a20b-4725957b023f,e26341c3-1570-4a42-b9c1-0b8800644942,true,
9a911aff-4f2f-4d95-a20b-4725957b023f,e35b0c03-5a2f-4327-8dca-93b27613ae51,true,
9a911aff-4f2f-4d95-a20b-4725957b023f,6b3dc8fb-197c-4771-8c00-6421ecce1c89,true,
9a911aff-4f2f-4d95-a20b-4725957b023f,7cf92320-eba8-4487-9aa5-d5d3cf74f17e,true,
9a911aff-4f2f-4d95-a20b-4725957b023f,15c3469e-8c10-4cbf-9a09-9a5932d48779,true,
9a911aff-4f2f-4d95-a20b-4725957b023f,a1a24015-f357-4279-b07e-1fd5553484f2,true,
9a911aff-4f2f-4d95-a20b-4725957b023f,60458143-7c21-4a00-9dbd-e2657bd944b8,true,
9a911aff-4f2f-4d95-a20b-4725957b023f,b82dd2fe-f16c-4aa3-9bf0-d94e489ddf06,true,
9a911aff-4f2f-4d95-a20b-4725957b023f,61473591-9a4c-4779-bcdd-d380923088e3,true,
9a911aff-4f2f-4d95-a20b-4725957b023f,d793184c-e37e-46db-a33f-8ed45e1214b2,true,
9a911aff-4f2f-4d95-a20b-4725957b023f,ef10975e-c419-4126-acef-36097b51cba2,true,
9a911aff-4f2f-4d95-a20b-4725957b023f,e4e39c48-0244-4037-9098-cf4ca7c715e7,true,
9a911aff-4f2f-4d95-a20b-4725957b023f,9948f244-13b5-4ce7-822e-b22202ec76f0,true,
9a911aff-4f2f-4d95-a20b-4725957b023f,729c5eca-cf36-45de-99df-06c99a29cb0f,true,
9a911aff-4f2f-4d95-a20b-4725957b023f,af264768-c99a-413e-a3d2-e322c6a86095,true,
9a911aff-4f2f-4d95-a20b-4725957b023f,3c275f9f-9c74-4602-ab30-73ed135044c4,true,
9a911aff-4f2f-4d95-a20b-4725957b023f,f0269789-e732-4d20-9509-5223f12174cf,true,
9a911aff-4f2f-4d95-a20b-4725957b023f,f79d8323-c617-45df-ba6a-36935e99e1f7,true,
9a911aff-4f2f-4d95-a20b-4725957b023f,dca624ae-dce4-4c4b-9dae-36d291cf33f1,true,
9a911aff-4f2f-4d95-a20b-4725957b023f,f5748b1c-c414-4a35-a640-330cb9167193,true,
9a911aff-4f2f-4d95-a20b-4725957b023f,359a5201-cca3-496c-b8c4-c7de4d5dd21d,true,
9a911aff-4f2f-4d95-a20b-4725957b023f,bf5a3ce7-90cd-47cb-9ea1-16a2c69f835f,true,
9a911aff-4f2f-4d95-a20b-4725957b023f,86b80843-5f54-4a31-89e8-488979b43a6e,true,
9a911aff-4f2f-4d95-a20b-4725957b023f,ba6a6d7d-95d6-41b7-9894-9653fc2bbfde,true,
9a911aff-4f2f-4d95-a20b-4725957b023f,1333e6ec-73df-4852-b9be-ed3304f193f2,true,
9a911aff-4f2f-4d95-a20b-4725957b023f,362e0c3c-9ae3-4b9c-9272-478f67ac9566,true,
9a911aff-4f2f-4d95-a20b-4725957b023f,eed611e7-ed0d-484f-9611-f318688f5630,true,
9a911aff-4f2f-4d95-a20b-4725957b023f,4cdac77b-e03c-4749-b4e1-d5377f32f3d7,true,
9a911aff-4f2f-4d95-a20b-4725957b023f,7b20b7fb-c7ea-4501-9d5b-94c46c505978,true,
9a911aff-4f2f-4d95-a20b-4725957b023f,d3e2dbf6-77f9-4242-9e7d-67b51fb50f5d,true,
9a911aff-4f2f-4d95-a20b-4725957b023f,f121a881-dc46-4749-9891-761be2f796ee,true,
9a911aff-4f2f-4d95-a20b-4725957b023f,669c93cd-f1fa-4fd7-ac2c-9f1c5bc75160,true,
9a911aff-4f2f-4d95-a20b-4725957b023f,61ceca9d-f1e5-414b-ae82-e66d71125ee6,true,
9a911aff-4f2f-4d95-a20b-4725957b023f,6e6bef1b-2a47-4496-8b3d-e17493cea59f,true,
9a911aff-4f2f-4d95-a20b-4725957b023f,e4f42050-584c-4d98-bbdf-3e45b80d00bb,true,
9a911aff-4f2f-4d95-a20b-4725957b023f,3ad36098-806c-43c3-a14e-bf2928738105,true,
9a911aff-4f2f-4d95-a20b-4725957b023f,6bb5b6fa-9b9c-4ae7-9bcc-afb23af6cb6a,true,
9a911aff-4f2f-4d95-a20b-4725957b023f,e08ea48d-0448-408e-abad-07e5ddd60f5e,true,
9a911aff-4f2f-4d95-a20b-4725957b023f,aab695a3-cc4a-4c45-af7b-c8bf284b5f9a,true,
9a911aff-4f2f-4d95-a20b-4725957b023f,051f30b5-3c81-4f6b-a253-73fc5b421ab5,true,
9a911aff-4f2f-4d95-a20b-4725957b023f,006a5e97-65e4-475a-a58d-68b8270ef396,true,
9a911aff-4f2f-4d95-a20b-4725957b023f,5f900360-a46d-43f4-8bc3-9e78dfd37d47,true,
9a911aff-4f2f-4d95-a20b-4725957b023f,fc4aef65-772d-46b1-9563-a01934364658,true,
9a911aff-4f2f-4d95-a20b-4725957b023f,06904ded-fd60-4e84-8a6a-029915e661da,true,
9a911aff-4f2f-4d95-a20b-4725957b023f,bd0b13ef-72d2-474f-87b7-27640fe765c9,true,
9a911aff-4f2f-4d95-a20b-4725957b023f,eb03c37a-689e-41d3-8f9c-ef24838a9a6e,true,
9a911aff-4f2f-4d95-a20b-4725957b023f,e844d189-123a-4e68-a115-8613358d9207,true,
9a911aff-4f2f-4d95-a20b-4725957b023f,461f2403-be47-40c9-82f8-11a99066621d,true,
9a911aff-4f2f-4d95-a20b-4725957b023f,88fc6fb9-916a-4a5a-b005-551351dda8e9,true,
9a911aff-4f2f-4d95-a20b-4725957b023f,a94ebe7e-aab2-42c6-a743-1a3bf42da7b8,true,
9a911aff-4f2f-4d95-a20b-4725957b023f,c4432a48-417f-4889-ab6d-76d566032ebc,true,
9a911aff-4f2f-4d95-a20b-4725957b023f,c649bd2e-8344-4fa9-8bf7-fc680a1c8f47,true,
9a911aff-4f2f-4d95-a20b-4725957b023f,bcb0a29d-58bb-42dd-b846-05ce8cc16486,true,
9a911aff-4f2f-4d95-a20b-4725957b023f,a7a202ac-9ad4-4abe-956e-f04b00cdd8f3,true,
9a911aff-4f2f-4d95-a20b-4725957b023f,b5f27edb-b5a5-4d82-b88a-ca003b6d69b9,true,
9a911aff-4f2f-4d95-a20b-4725957b023f,da9033d0-952d-4163-9d7d-44a37923b428,true,
9a911aff-4f2f-4d95-a20b-4725957b023f,95c2e541-16cb-420c-9bb1-7de8b6c3790b,true,
9a911aff-4f2f-4d95-a20b-4725957b023f,5c3de3be-7c06-4868-82a1-eaf945286bca,true,
9a911aff-4f2f-4d95-a20b-4725957b023f,35bbaf8d-d267-4e95-a644-68b9e104e5ac,true,
9a911aff-4f2f-4d95-a20b-4725957b023f,6d57ac5f-0229-4e44-ab86-7c52a0aafdaa,true,
9a911aff-4f2f-4d95-a20b-4725957b023f,b6148d5b-c52a-4ee8-bf2b-184ce3eb1d12,true,
9a911aff-4f2f-4d95-a20b-4725957b023f,273a04d2-f59a-464f-9d7c-be92240a0cd7,true,
9a911aff-4f2f-4d95-a20b-4725957b023f,88ac2197-be67-4894-bb9b-1e6228088659,true,
9a911aff-4f2f-4d95-a20b-4725957b023f,26993484-5bc7-4924-8097-fe0f462ea088,true,
9a911aff-4f2f-4d95-a20b-4725957b023f,0eb85dc9-bbcd-4f2c-9bf5-c6452bf4a6bf,true,
9a911aff-4f2f-4d95-a20b-4725957b023f,bca0ec12-815d-4f97-814f-14beb76d0214,true,
9a911aff-4f2f-4d95-a20b-4725957b023f,412b577a-4a39-448a-b9fe-53001dce7e74,true,
9a911aff-4f2f-4d95-a20b-4725957b023f,6def2065-8ec0-4e9b-9535-32bbd4aa8dff,true,
9a911aff-4f2f-4d95-a20b-4725957b023f,2da70166-1957-49d5-bf30-66fc8dc4ce6f,true,
9a911aff-4f2f-4d95-a20b-4725957b023f,c8c799f1-a78b-484d-af4a-8a7e9a0e7df6,true,
9a911aff-4f2f-4d95-a20b-4725957b023f,22303afa-dbfa-4401-ad08-69bea89fb8f9,true,
9a911aff-4f2f-4d95-a20b-4725957b023f,0bd396a3-40b6-4b69-9187-4d1031550fbb,true,
9a911aff-4f2f-4d95-a20b-4725957b023f,867ed6b6-cc7b-4b5a-8196-76d012b94d35,true,
9a911aff-4f2f-4d95-a20b-4725957b023f,4e4e21c7-fe97-486b-aed6-39c9b08f4927,true,
9a911aff-4f2f-4d95-a20b-4725957b023f,4fbca074-a16c-4085-a351-5e2470a11af7,true,
9a911aff-4f2f-4d95-a20b-4725957b023f,df2d1f5f-c24d-4c36-b73e-22ec2785e755,true,
9a911aff-4f2f-4d95-a20b-4725957b023f,a991be94-51bd-476c-9f2c-34d6031363a7,true,
9a911aff-4f2f-4d95-a20b-4725957b023f,26b82662-70aa-4a01-a5c4-e4f01bf442f0,true,
9a911aff-4f2f-4d95-a20b-4725957b023f,455ba447-58af-4bca-bdaa-1f0dd3fbce47,true,
9a911aff-4f2f-4d95-a20b-4725957b023f,758ee3d3-7dc1-43f5-8af0-b2613964bed8,true,
9a911aff-4f2f-4d95-a20b-4725957b023f,d4104a85-da05-4739-bb11-54470124ee34,true,
9a911aff-4f2f-4d95-a20b-4725957b023f,a38bf3fd-5131-4ab7-bf3e-0ae5b48d1160,true,
9a911aff-4f2f-4d95-a20b-4725957b023f,90834014-9b49-4384-9558-8aa15d2b62c2,true,
9a911aff-4f2f-4d95-a20b-4725957b023f,ec011a28-6daa-4225-bc06-00a46e727553,true,
9a911aff-4f2f-4d95-a20b-4725957b023f,e90b9553-f9d0-44bc-b28a-1342b40bdd8f,true,
9a911aff-4f2f-4d95-a20b-4725957b023f,bfbe7e59-358a-45a0-9595-324e4829c669,true,
9a911aff-4f2f-4d95-a20b-4725957b023f,cb7d65c6-df51-413b-af21-95a006f0297f,true,
9a911aff-4f2f-4d95-a20b-4725957b023f,592550a8-f298-4ca1-9001-37903a24ee70,true,
9a911aff-4f2f-4d95-a20b-4725957b023f,5b51aa6e-1660-4e12-891e-2c6ab2a0a876,true,
9a911aff-4f2f-4d95-a20b-4725957b023f,79cc16b9-ad04-4ca2-97db-e15efb81dea9,true,
9a911aff-4f2f-4d95-a20b-4725957b023f,3be50911-96ae-4567-b5ab-3b75c6bd1d7e,true,
9a911aff-4f2f-4d95-a20b-4725957b023f,8f4eb57b-5aca-44ca-be6f-168410c8fc55,true,
9a911aff-4f2f-4d95-a20b-4725957b023f,fa3a18a3-41e8-4e64-ba6a-7e3b6c3f5e3f,true,
9a911aff-4f2f-4d95-a20b-4725957b023f,dbb63f51-b240-473b-ad3d-a5f21f5971b8,true,
9a911aff-4f2f-4d95-a20b-4725957b023f,7b470c53-b1ef-4170-ad1b-202eb58c0182,true,
9a911aff-4f2f-4d95-a20b-4725957b023f,fb80e4d2-2d79-40bc-8159-748e7f7a1cf0,true,
9a911aff-4f2f-4d95-a20b-4725957b023f,60678049-5137-443d-9486-adbd647253e4,true,
9a911aff-4f2f-4d95-a20b-4725957b023f,19a4557b-1211-4a83-ae0a-a91e4f5ad2d5,true,
9a911aff-4f2f-4d95-a20b-4725957b023f,703ec286-48b9-4570-b028-927d39d79e8f,true,
9a911aff-4f2f-4d95-a20b-4725957b023f,56a602bf-a9bb-405a-aeac-09bbcf227742,true,
9a911aff-4f2f-4d95-a20b-4725957b023f,bd8a987e-310d-4923-acf3-a6a42d93e8ce,true,
9a911aff-4f2f-4d95-a20b-4725957b023f,b7209fcd-a07a-4979-9856-57e8590bf68e,true,
9a911aff-4f2f-4d95-a20b-4725957b023f,e874bf04-2077-443c-b446-6c7a363e9a3d,true,
9a911aff-4f2f-4d95-a20b-4725957b023f,d9ab589d-1871-43cf-a30c-5f95a79c0b82,true,
9a911aff-4f2f-4d95-a20b-4725957b023f,d5a0ebc2-f91a-4fd7-ae72-1cbf6f3c8338,true,
9a911aff-4f2f-4d95-a20b-4725957b023f,9affb005-9028-4a51-91a5-a41bbbaba166,true,
9a911aff-4f2f-4d95-a20b-4725957b023f,1caa2c81-5529-4b25-8e40-0a77e3605372,true,
9a911aff-4f2f-4d95-a20b-4725957b023f,b78ef437-3832-474a-b26d-36cb51bfe72a,true,
9a911aff-4f2f-4d95-a20b-4725957b023f,10ef4365-b83d-4fcb-8a16-c7031fe80e7a,true,
9a911aff-4f2f-4d95-a20b-4725957b023f,3f968e39-15ed-41ee-a9d7-8fec77025aad,true,
9a911aff-4f2f-4d95-a20b-4725957b023f,9b04082d-18bf-42f8-92ff-afc16ee60786,true,
9a911aff-4f2f-4d95-a20b-4725957b023f,22f8718f-0a79-43f5-b6ff-03b34c5ddb66,true,
9a911aff-4f2f-4d95-a20b-4725957b023f,bc8bb355-1964-4397-912a-e54079bd92c0,true,
9a911aff-4f2f-4d95-a20b-4725957b023f,dde62f0a-c746-415d-acff-21e1aac346b5,true,
9a911aff-4f2f-4d95-a20b-4725957b023f,a3ac5c43-7f92-4cb0-8ca1-239fc9c80365,true,
9a911aff-4f2f-4d95-a20b-4725957b023f,88c6d441-b7b7-4d5d-a9b4-d3bb5d792957,true,
9a911aff-4f2f-4d95-a20b-4725957b023f,1637a59b-8c9e-4018-8322-1b22f8b235bf,true,
9a911aff-4f2f-4d95-a20b-4725957b023f,ffd84710-825f-4a34-90ff-1465853bc979,true,
c7dc78d7-15e0-4eb0-a7b2-1c2913dc6de5,1558afb2-0ecc-4e70-a35b-3534fdad1c68,true,
c7dc78d7-15e0-4eb0-a7b2-1c2913dc6de5,5345e3bd-7426-4ceb-bc4f-276ab4998cd1,true,
c7dc78d7-15e0-4eb0-a7b2-1c2913dc6de5,bf6b4d36-de7f-4d61-af79-9a60b12d14ae,false,[NO_5XX] Unexpected 5XX response: 502
c7dc78d7-15e0-4eb0-a7b2-1c2913dc6de5,326b3a0a-d977-4383-9428-57c92b504340,true,
c7dc78d7-15e0-4eb0-a7b2-1c2913dc6de5,129c59af-28a9-4919-8dca-edf3caa2d63b,true,
c7dc78d7-15e0-4eb0-a7b2-1c2913dc6de5,915d6415-defa-48b6-909c-89a700aa0452,true,
c7dc78d7-15e0-4eb0-a7b2-1c2913dc6de5,1ae6bccf-8473-4864-bc37-6cdb35c6075e,true,
c7dc78d7-15e0-4eb0-a7b2-1c2913dc6de5,90f786b4-a67c-4914-be62-9d124022bf81,true,
c7dc78d7-15e0-4eb0-a7b2-1c2913dc6de5,02197602-ce9e-4d42-9da3-2adc73d82e7b,true,
c7dc78d7-15e0-4eb0-a7b2-1c2913dc6de5,86f2d0af-6730-407f-af27-600e29b6e31d,true,
c7dc78d7-15e0-4eb0-a7b2-1c2913dc6de5,4dc81165-39c5-48d1-8bfe-6a29f5539878,true,
c7dc78d7-15e0-4eb0-a7b2-1c2913dc6de5,4cda880a-62e3-4434-a946-318da40ae72d,true,
c7dc78d7-15e0-4eb0-a7b2-1c2913dc6de5,0c2c0cf3-06f7-4465-8d34-eed2e0a2cab9,true,
c7dc78d7-15e0-4eb0-a7b2-1c2913dc6de5,16014070-2d90-4341-90fc-742e8ce14088,true,
c7dc78d7-15e0-4eb0-a7b2-1c2913dc6de5,9707c43a-d92f-4b17-b868-3b38ea9738ee,true,
c7dc78d7-15e0-4eb0-a7b2-1c2913dc6de5,031f061d-2780-492f-bbdd-c1a15469c5ca,true,
c7dc78d7-15e0-4eb0-a7b2-1c2913dc6de5,e2d87273-9baf-41e2-91f2-465d55c05966,true,
c7dc78d7-15e0-4eb0-a7b2-1c2913dc6de5,87d2fea0-d91b-4b14-83fe-18e254f40cfa,true,
c7dc78d7-15e0-4eb0-a7b2-1c2913dc6de5,92983810-0d04-4197-9da1-0eecf49d5ad0,true,
c7dc78d7-15e0-4eb0-a7b2-1c2913dc6de5,655da841-cbac-4340-a713-8354984d7042,true,
c7dc78d7-15e0-4eb0-a7b2-1c2913dc6de5,a41112f6-767f-44fc-9432-1062b996a955,true,
c7dc78d7-15e0-4eb0-a7b2-1c2913dc6de5,17e8798f-65dc-4983-9289-7788e919b09b,true,
c7dc78d7-15e0-4eb0-a7b2-1c2913dc6de5,da50f8ec-2802-4aa8-b684-6cfe64585f5f,true,
c7dc78d7-15e0-4eb0-a7b2-1c2913dc6de5,16549349-e443-4d5e-b599-aa279e2d5207,true,
c7dc78d7-15e0-4eb0-a7b2-1c2913dc6de5,faca5af8-21e2-41e8-8861-87b8772d111b,true,
c7dc78d7-15e0-4eb0-a7b2-1c2913dc6de5,4e816339-da4f-407f-92d7-64b363b2dace,true,
c7dc78d7-15e0-4eb0-a7b2-1c2913dc6de5,d7d3d540-36a1-4955-8abe-e011d18a5ba5,true,
c7dc78d7-15e0-4eb0-a7b2-1c2913dc6de5,783b0c3d-bb9a-4218-a6e2-ecb2c127480c,true,
c7dc78d7-15e0-4eb0-a7b2-1c2913dc6de5,699560ea-53ef-49b9-a8af-364828585cd1,true,
c7dc78d7-15e0-4eb0-a7b2-1c2913dc6de5,4a6d33f2-28a1-4fd8-b732-9a5002b035d9,true,
c7dc78d7-15e0-4eb0-a7b2-1c2913dc6de5,3ab9138e-ffa2-48fe-8220-872bef1ae63b,true,
c7dc78d7-15e0-4eb0-a7b2-1c2913dc6de5,e2e816e5-64d7-45b9-b295-a96fa8566854,true,
c7dc78d7-15e0-4eb0-a7b2-1c2913dc6de5,66d632d0-c0d6-484a-a713-451768f83a20,true,
c7dc78d7-15e0-4eb0-a7b2-1c2913dc6de5,f8b25299-a06d-4e65-a9c1-a6f963d5cbaa,true,
c7dc78d7-15e0-4eb0-a7b2-1c2913dc6de5,b20d4b4e-27ee-4407-b418-698a49a23153,true,
c7dc78d7-15e0-4eb0-a7b2-1c2913dc6de5,a1828488-2fb8-4c87-8ad5-c7972b050ad5,true,
c7dc78d7-15e0-4eb0-a7b2-1c2913dc6de5,19aba797-9fd8-402b-9484-9faa59305c09,true,
c7dc78d7-15e0-4eb0-a7b2-1c2913dc6de5,e925eecd-a11b-4dab-9a85-599c59abf863,true,
c7dc78d7-15e0-4eb0-a7b2-1c2913dc6de5,bb1c1e48-6e84-4f12-b934-1bfcaf86826e,true,
c7dc78d7-15e0-4eb0-a7b2-1c2913dc6de5,77116ff6-b8bb-44bc-97e7-4da9b830471f,true,
c7dc78d7-15e0-4eb0-a7b2-1c2913dc6de5,b03ba47e-8398-47dc-9332-a11c6641cdd1,true,
c7dc78d7-15e0-4eb0-a7b2-1c2913dc6de5,afdb9184-7339-48b7-b699-a7a85312812c,true,
c7dc78d7-15e0-4eb0-a7b2-1c2913dc6de5,ffd46904-0200-4e5b-876e-a6d25817f2ba,true,
c7dc78d7-15e0-4eb0-a7b2-1c2913dc6de5,893795a1-26b1-48f1-b979-928ce23a8f1b,true,
c7dc78d7-15e0-4eb0-a7b2-1c2913dc6de5,39cc500a-235e-4b6c-a514-682e7566b8b7,true,
c7dc78d7-15e0-4eb0-a7b2-1c2913dc6de5,55fd0f81-5fe4-4e11-8c3c-066b2dd74b9c,true,
c7dc78d7-15e0-4eb0-a7b2-1c2913dc6de5,5593f2e2-2c7a-4d31-a62d-52aa11a228e3,true,
c7dc78d7-15e0-4eb0-a7b2-1c2913dc6de5,a89f9db5-8c87-481b-aa6d-7d6f696d4533,true,
c7dc78d7-15e0-4eb0-a7b2-1c2913dc6de5,08b184a9-0ec5-4270-9cea-b7a0858e03a1,true,
c7dc78d7-15e0-4eb0-a7b2-1c2913dc6de5,de0e72c8-38db-4272-a33e-cf9a1231beb8,true,
c7dc78d7-15e0-4eb0-a7b2-1c2913dc6de5,373c01db-492b-47bf-994c-eb4095dcfa44,true,
c7dc78d7-15e0-4eb0-a7b2-1c2913dc6de5,c228e0ad-38b0-4568-86e5-c89ae041ecc1,true,
c7dc78d7-15e0-4eb0-a7b2-1c2913dc6de5,0fff7fbf-4849-4fa2-82e6-5e4ee2832f78,true,
c7dc78d7-15e0-4eb0-a7b2-1c2913dc6de5,8bc50b60-8003-4920-b0fa-98cf7ea86ded,true,
c7dc78d7-15e0-4eb0-a7b2-1c2913dc6de5,c589525a-512b-473e-913c-4c1fb95ab510,true,
c7dc78d7-15e0-4eb0-a7b2-1c2913dc6de5,24d06f89-a407-40a3-8a25-9f83bc05cf82,true,
c7dc78d7-15e0-4eb0-a7b2-1c2913dc6de5,d907c8b9-9075-48b9-8350-69fec1abe13b,true,
c7dc78d7-15e0-4eb0-a7b2-1c2913dc6de5,ec7db5db-f47d-402b-9d9c-8655d07612f1,true,
c7dc78d7-15e0-4eb0-a7b2-1c2913dc6de5,e072dc1d-2ddf-4710-9640-e613f98cf571,true,
c7dc78d7-15e0-4eb0-a7b2-1c2913dc6de5,c8642d46-dd87-4f0a-9bca-ecbdbf2c4400,true,
c7dc78d7-15e0-4eb0-a7b2-1c2913dc6de5,363defce-a793-49a4-a987-05fc3b09563d,true,
c7dc78d7-15e0-4eb0-a7b2-1c2913dc6de5,580ac368-80eb-468c-9a1a-5a017a9032db,true,
c7dc78d7-15e0-4eb0-a7b2-1c2913dc6de5,75480d5a-ecb1-4b91-9dc6-69b24de3c62d,true,
c7dc78d7-15e0-4eb0-a7b2-1c2913dc6de5,4e7c6a87-9a84-4bca-9da0-4bf5cad66c77,true,
c7dc78d7-15e0-4eb0-a7b2-1c2913dc6de5,d31839f1-a205-4648-9595-1cb2fbf6a43d,true,
c7dc78d7-15e0-4eb0-a7b2-1c2913dc6de5,9b17ac70-3e9a-473c-bbac-2e693dff5154,true,
c7dc78d7-15e0-4eb0-a7b2-1c2913dc6de5,31ea6ff1-057f-4067-8bdd-714222cd3b91,true,
c7dc78d7-15e0-4eb0-a7b2-1c2913dc6de5,0c16b339-db48-4749-ac83-84ede8b06a84,true,
c7dc78d7-15e0-4eb0-a7b2-1c2913dc6de5,bc47dc1b-00bd-4ef3-90b1-d08641e39ddd,true,
c7dc78d7-15e0-4eb0-a7b2-1c2913dc6de5,6f85e200-6e4e-4cca-a269-2882a741fdb1,true,
c7dc78d7-15e0-4eb0-a7b2-1c2913dc6de5,72734f7c-d136-4466-85e1-d26db9feae59,true,
c7dc78d7-15e0-4eb0-a7b2-1c2913dc6de5,39242606-7b70-4651-9470-acbbfb2d1228,true,
c7dc78d7-15e0-4eb0-a7b2-1c2913dc6de5,82a50110-c89b-4ee3-9af2-c4edcafdf2ea,true,
c7dc78d7-15e0-4eb0-a7b2-1c2913dc6de5,eae04768-3ad1-48b2-a7db-5d7712633762,true,
c7dc78d7-15e0-4eb0-a7b2-1c2913dc6de5,6b9b6672-c1cd-49a9-8f48-58dd51254b2c,true,
c7dc78d7-15e0-4eb0-a7b2-1c2913dc6de5,06fb33f4-b28f-4ffe-b534-6d97ab1b64f0,true,
c7dc78d7-15e0-4eb0-a7b2-1c2913dc6de5,af9bf9ac-4110-4790-b6b7-ea284b5eb10c,true,
c7dc78d7-15e0-4eb0-a7b2-1c2913dc6de5,799b08ce-13af-4fa8-bf87-48f460a23a98,true,
c7dc78d7-15e0-4eb0-a7b2-1c2913dc6de5,f9369925-287d-4e7b-9344-63a98a108488,true,
c7dc78d7-15e0-4eb0-a7b2-1c2913dc6de5,650b450b-aae4-4756-b7c2-7da392448a05,true,
c7dc78d7-15e0-4eb0-a7b2-1c2913dc6de5,642934d8-6d9e-477b-b491-21b1405e2ee6,true,
c7dc78d7-15e0-4eb0-a7b2-1c2913dc6de5,b6ebf2f9-f300-43c4-b91d-9b39738c0a80,true,
c7dc78d7-15e0-4eb0-a7b2-1c2913dc6de5,57a645af-7842-4a92-a783-e14a14b69cdb,true,
c7dc78d7-15e0-4eb0-a7b2-1c2913dc6de5,fb8ac776-6f84-4017-a12a-db2428557e1d,true,
c7dc78d7-15e0-4eb0-a7b2-1c2913dc6de5,52203722-78ec-418c-b08d-be20f419d088,true,
c7dc78d7-15e0-4eb0-a7b2-1c2913dc6de5,d19b5ae8-db8b-42ab-a9dc-0c1b39300354,true,
c7dc78d7-15e0-4eb0-a7b2-1c2913dc6de5,c31dd128-41ea-4dde-a445-587e68fe0f4d,true,
c7dc78d7-15e0-4eb0-a7b2-1c2913dc6de5,977059db-5bfc-46af-bf8c-598eab49b99a,true,
c7dc78d7-15e0-4eb0-a7b2-1c2913dc6de5,8d96f397-0a72-44f9-8224-c88ddf206695,true,
c7dc78d7-15e0-4eb0-a7b2-1c2913dc6de5,e28468b3-438c-4bb7-8681-a526e908b007,true,
c7dc78d7-15e0-4eb0-a7b2-1c2913dc6de5,6a921bef-02df-4b7b-a761-c832e53af81b,true,
c7dc78d7-15e0-4eb0-a7b2-1c2913dc6de5,a714d8e7-a25f-4158-848d-b39d72fa859b,true,
c7dc78d7-15e0-4eb0-a7b2-1c2913dc6de5,f6e39123-080c-4fdd-b865-0a1c574347c8,true,
c7dc78d7-15e0-4eb0-a7b2-1c2913dc6de5,dc770bab-b983-405a-9d38-89632089d3ef,true,
c7dc78d7-15e0-4eb0-a7b2-1c2913dc6de5,a44462ec-9336-4bb5-8f52-a6f0d2d5b175,true,
c7dc78d7-15e0-4eb0-a7b2-1c2913dc6de5,c8e75667-23dc-467a-b6f4-37518e19b1a8,true,
c7dc78d7-15e0-4eb0-a7b2-1c2913dc6de5,158c9adf-a1b9-46bf-b603-9f4af14f0d26,true,
c7dc78d7-15e0-4eb0-a7b2-1c2913dc6de5,18563c41-e3e7-4318-ab79-a22a696f8714,true,
c7dc78d7-15e0-4eb0-a7b2-1c2913dc6de5,f900ba8e-2f82-4ff0-8267-94f03cebcc1e,true,
c7dc78d7-15e0-4eb0-a7b2-1c2913dc6de5,f9a2367f-5a8e-4981-ab3b-69f9e2237be2,true,
c7dc78d7-15e0-4eb0-a7b2-1c2913dc6de5,ca96e67a-9135-4b17-b81f-67533e9b90a2,true,
c7dc78d7-15e0-4eb0-a7b2-1c2913dc6de5,12e9f73c-765c-45ec-b762-e02413e29e5b,true,
c7dc78d7-15e0-4eb0-a7b2-1c2913dc6de5,2e918a6d-f87e-4335-8f91-d527072e4f8c,true,
c7dc78d7-15e0-4eb0-a7b2-1c2913dc6de5,d0f24d54-aff0-478b-baad-205172d08247,true,
c7dc78d7-15e0-4eb0-a7b2-1c2913dc6de5,72629bcb-f529-468c-b4aa-c94269904677,true,
c7dc78d7-15e0-4eb0-a7b2-1c2913dc6de5,47953be5-0da0-496f-8d18-718cdd028adb,true,
c7dc78d7-15e0-4eb0-a7b2-1c2913dc6de5,471f4915-d424-4a95-ba9d-392c806716f0,true,
c7dc78d7-15e0-4eb0-a7b2-1c2913dc6de5,43464654-0111-4d86-9f0b-8ad67b1e71fd,true,
c7dc78d7-15e0-4eb0-a7b2-1c2913dc6de5,09eb1a0e-7833-4724-af8c-686d56a5abfb,true,
c7dc78d7-15e0-4eb0-a7b2-1c2913dc6de5,59e7ac60-ab55-4fca-b7f9-e309a45682c7,true,
c7dc78d7-15e0-4eb0-a7b2-1c2913dc6de5,4619c653-8c61-4e53-953c-4c0d6fca682b,true,
c7dc78d7-15e0-4eb0-a7b2-1c2913dc6de5,ff2b2278-2a38-45ee-8dc6-813a2dcee390,true,
c7dc78d7-15e0-4eb0-a7b2-1c2913dc6de5,d21760c8-4262-4679-b0cc-5034fc30a6a4,true,
c7dc78d7-15e0-4eb0-a7b2-1c2913dc6de5,ff62ba80-aad7-4ad8-8be4-06358813e6b4,true,
c7dc78d7-15e0-4eb0-a7b2-1c2913dc6de5,983a23a3-4e27-4660-b53c-e1d71715e674,true,
c7dc78d7-15e0-4eb0-a7b2-1c2913dc6de5,e5dc9167-4e45-4c1d-936e-ee0d6d058f6f,true,
c7dc78d7-15e0-4eb0-a7b2-1c2913dc6de5,4aaa0b83-773a-4530-b73d-a070ad913d07,true,
c7dc78d7-15e0-4eb0-a7b2-1c2913dc6de5,3f7e51b2-e8b8-45a2-9d94-7658bb7e275a,true,
c7dc78d7-15e0-4eb0-a7b2-1c2913dc6de5,85ac6434-2ba7-413b-b1c0-0dbcc7a7e638,true,
c7dc78d7-15e0-4eb0-a7b2-1c2913dc6de5,6f7476f5-7ebf-4b24-93a1-1349fe94c5d0,true,
c7dc78d7-15e0-4eb0-a7b2-1c2913dc6de5,43853d86-9760-4676-9498-64128a692a66,true,
c7dc78d7-15e0-4eb0-a7b2-1c2913dc6de5,43e92de4-e2cc-4b8d-8f5d-40bc46b887d3,true,
c7dc78d7-15e0-4eb0-a7b2-1c2913dc6de5,30af21ec-c04d-43bb-9a8b-bce1b3a92bcf,true,
c7dc78d7-15e0-4eb0-a7b2-1c2913dc6de5,c461cddf-921c-4834-b80e-f8d8b2cbfd5b,true,
c7dc78d7-15e0-4eb0-a7b2-1c2913dc6de5,6c86286d-ab51-4400-8234-c5bd5653cd89,true,
c7dc78d7-15e0-4eb0-a7b2-1c2913dc6de5,2e2b09ad-beff-495f-9cdf-ef95021b56c3,true,
c7dc78d7-15e0-4eb0-a7b2-1c2913dc6de5,abd0a0ec-7d6c-44ca-9844-b4ecd779713b,true,
c7dc78d7-15e0-4eb0-a7b2-1c2913dc6de5,f4e14fd4-a0e7-460b-b9f3-b90bd083b71f,true,
c7dc78d7-15e0-4eb0-a7b2-1c2913dc6de5,7a5a7d2d-c692-4dbd-b1e7-d096b1d67a36,true,
c7dc78d7-15e0-4eb0-a7b2-1c2913dc6de5,850713a7-e1f5-4bb0-82f2-c0530ab7a210,true,
c7dc78d7-15e0-4eb0-a7b2-1c2913dc6de5,1d81866b-09a6-485a-a0bd-3b353689bb8a,true,
c7dc78d7-15e0-4eb0-a7b2-1c2913dc6de5,18e6a311-6694-4003-998d-1daf1fadd3d5,true,
c7dc78d7-15e0-4eb0-a7b2-1c2913dc6de5,77f74f47-82b5-495c-b98a-dd22743bca46,true,
c7dc78d7-15e0-4eb0-a7b2-1c2913dc6de5,da538d76-739e-42e4-ac28-d107fa0a5d08,true,
c7dc78d7-15e0-4eb0-a7b2-1c2913dc6de5,c817c482-a382-4ca5-b804-637b327cd31e,true,
c7dc78d7-15e0-4eb0-a7b2-1c2913dc6de5,6f3da0ea-c6b1-42a6-806b-aa122f86b602,true,
c7dc78d7-15e0-4eb0-a7b2-1c2913dc6de5,8d85d77a-a554-4ac1-893d-9b8f8651989e,true,
c7dc78d7-15e0-4eb0-a7b2-1c2913dc6de5,900ef553-2c4a-44c8-ae8b-6ab03557f367,true,
c7dc78d7-15e0-4eb0-a7b2-1c2913dc6de5,8e91c474-39d3-4cb6-b1a9-b0f84f785ae7,true,
c7dc78d7-15e0-4eb0-a7b2-1c2913dc6de5,0ed977a5-8ea8-4a4c-b651-7d272b8ac7eb,true,
c7dc78d7-15e0-4eb0-a7b2-1c2913dc6de5,055f4a71-4143-44a9-bd94-55c449735378,true,
c7dc78d7-15e0-4eb0-a7b2-1c2913dc6de5,f0ab1171-46be-4dbe-b00d-b25230632ab2,true,
c7dc78d7-15e0-4eb0-a7b2-1c2913dc6de5,66428e82-f0d1-4043-8375-f43c4dab8003,true,
c7dc78d7-15e0-4eb0-a7b2-1c2913dc6de5,56947c2b-c36a-403b-b463-d28b08fec038,true,
c7dc78d7-15e0-4eb0-a7b2-1c2913dc6de5,5f7dd81b-2a40-4ca8-804c-20ad4a456f98,true,
c7dc78d7-15e0-4eb0-a7b2-1c2913dc6de5,96eacb10-4924-4960-acc4-8556a1a16964,true,
c7dc78d7-15e0-4eb0-a7b2-1c2913dc6de5,f9c58aa7-ece1-4421-be39-258723104d29,true,
c7dc78d7-15e0-4eb0-a7b2-1c2913dc6de5,a053ef42-98d2-484b-8fb9-44bfa6cc7b79,true,
c7dc78d7-15e0-4eb0-a7b2-1c2913dc6de5,aecd8a1f-2d73-4c45-ac36-628adc4ab3b4,true,
c7dc78d7-15e0-4eb0-a7b2-1c2913dc6de5,1d56b426-669e-4543-b661-b39d5a966cc7,true,
c7dc78d7-15e0-4eb0-a7b2-1c2913dc6de5,ae25858d-7956-48fb-a9cd-2a2989d52f4b,true,
c7dc78d7-15e0-4eb0-a7b2-1c2913dc6de5,753e8299-d9a4-4c1b-ba2f-008d24edd837,true,
c7dc78d7-15e0-4eb0-a7b2-1c2913dc6de5,19dd58ff-a48a-4234-b2f5-f3c06fbea88a,true,
c7dc78d7-15e0-4eb0-a7b2-1c2913dc6de5,a8afc9f9-2a9e-444a-877f-1c2750a1e21f,true,
c7dc78d7-15e0-4eb0-a7b2-1c2913dc6de5,a74bb791-7741-4792-a62a-4a8647c84b59,true,
c7dc78d7-15e0-4eb0-a7b2-1c2913dc6de5,77727f72-ead0-42e3-81f7-f37ed30ba719,true,
c7dc78d7-15e0-4eb0-a7b2-1c2913dc6de5,25f8f2c8-2823-43b0-8fd5-a92922d0d049,true,
c7dc78d7-15e0-4eb0-a7b2-1c2913dc6de5,917a0952-447b-4edc-8274-046d1399891b,true,
c7dc78d7-15e0-4eb0-a7b2-1c2913dc6de5,62f576b4-15c1-4933-afe0-32c803c4a559,true,
c7dc78d7-15e0-4eb0-a7b2-1c2913dc6de5,348c3557-4114-427c-b1bc-306e8f21fd81,true,
c7dc78d7-15e0-4eb0-a7b2-1c2913dc6de5,3fd0a17b-86ae-4b9d-ba1b-e5eeb8d575b7,true,
c7dc78d7-15e0-4eb0-a7b2-1c2913dc6de5,31d7ce47-e020-44f0-bb4c-8aacec6bae0b,true,
c7dc78d7-15e0-4eb0-a7b2-1c2913dc6de5,c62736c7-a2af-4041-a8f5-10da229a856d,true,
c7dc78d7-15e0-4eb0-a7b2-1c2913dc6de5,2f06b872-3ccc-4665-a332-b5f947e4d8b8,true,
c7dc78d7-15e0-4eb0-a7b2-1c2913dc6de5,b58c25c0-209f-4744-855f-f4712d5e479a,true,
c7dc78d7-15e0-4eb0-a7b2-1c2913dc6de5,8f98c5a3-b798-4056-bdc9-7c5628865108,true,
c7dc78d7-15e0-4eb0-a7b2-1c2913dc6de5,1f4d7d77-2d82-42aa-b5e7-e011a112585f,true,
c7dc78d7-15e0-4eb0-a7b2-1c2913dc6de5,a09e5897-e37b-48cf-a82c-dd7832c29fb3,true,
c7dc78d7-15e0-4eb0-a7b2-1c2913dc6de5,e556c461-b36b-4e78-95be-33e73f15ce72,true,
c7dc78d7-15e0-4eb0-a7b2-1c2913dc6de5,e0fae09d-7558-448c-ab2a-a4290d299b33,true,
c7dc78d7-15e0-4eb0-a7b2-1c2913dc6de5,9628799f-edad-4f9c-a85d-4846ed85029e,true,
c7dc78d7-15e0-4eb0-a7b2-1c2913dc6de5,34aeff4a-b5d5-4ef1-9380-db2d47a39038,true,
c7dc78d7-15e0-4eb0-a7b2-1c2913dc6de5,80878ced-6964-4523-9968-954e714551ee,true,
c7dc78d7-15e0-4eb0-a7b2-1c2913dc6de5,2985a511-17c9-4425-bad4-310229dfec4a,true,
c7dc78d7-15e0-4eb0-a7b2-1c2913dc6de5,48187578-33a1-4dd5-b6ec-0709ac941352,true,
c7dc78d7-15e0-4eb0-a7b2-1c2913dc6de5,b42b0fbc-e25b-406b-9aac-cc89b30e9047,true,
c7dc78d7-15e0-4eb0-a7b2-1c2913dc6de5,61da4052-f1a6-47e4-9b46-d51106187100,true,
c7dc78d7-15e0-4eb0-a7b2-1c2913dc6de5,2575cda5-bc7c-4926-9521-1e27acf4216b,true,
c7dc78d7-15e0-4eb0-a7b2-1c2913dc6de5,ee4a3920-d9b2-458b-8b8d-de567be1a5f4,true,
c7dc78d7-15e0-4eb0-a7b2-1c2913dc6de5,ecb8efb0-6891-47bd-8805-63f24f80b43a,true,
c7dc78d7-15e0-4eb0-a7b2-1c2913dc6de5,7c5ac7f0-eb33-4afd-8577-8e9ee2efae50,true,
c7dc78d7-15e0-4eb0-a7b2-1c2913dc6de5,5c41bf09-acb3-4f21-8202-1d4f87faefca,true,
c7dc78d7-15e0-4eb0-a7b2-1c2913dc6de5,8dd60af5-3431-4058-8e34-a3e26a2556a8,true,
c7dc78d7-15e0-4eb0-a7b2-1c2913dc6de5,2cf9ad8f-8247-4fa2-ac45-264fffdec4ec,true,
c7dc78d7-15e0-4eb0-a7b2-1c2913dc6de5,adb9a05c-0c80-43a9-9c91-190f258b5b2c,true,
c7dc78d7-15e0-4eb0-a7b2-1c2913dc6de5,ac6abe68-44e2-4e93-b66b-df345458f941,true,
c7dc78d7-15e0-4eb0-a7b2-1c2913dc6de5,1032d9a8-8831-4909-b066-ca2ba4d5489f,true,
c7dc78d7-15e0-4eb0-a7b2-1c2913dc6de5,01e33f9b-1213-4d27-8dd7-3ff5158e5ba0,true,
c7dc78d7-15e0-4eb0-a7b2-1c2913dc6de5,12e21bf5-755a-418e-a4a7-31b9be32e423,true,
c7dc78d7-15e0-4eb0-a7b2-1c2913dc6de5,30ead2fe-3354-4f27-9655-7639dae4a03b,true,
c7dc78d7-15e0-4eb0-a7b2-1c2913dc6de5,4783b6fc-cce1-4a46-8a87-bb94e772e720,true,
c7dc78d7-15e0-4eb0-a7b2-1c2913dc6de5,c0ad063d-40ce-4c26-85c0-deab940bdd97,true,
c7dc78d7-15e0-4eb0-a7b2-1c2913dc6de5,110bb54f-35ec-4d03-a7af-7b38e87fbc3f,true,
c7dc78d7-15e0-4eb0-a7b2-1c2913dc6de5,2196a95f-a5b4-4ea8-88bd-6263f27fc362,true,
c7dc78d7-15e0-4eb0-a7b2-1c2913dc6de5,a6f8e5e2-995f-4fa5-a2ff-7bf5d3c17f43,true,
c7dc78d7-15e0-4eb0-a7b2-1c2913dc6de5,c3f87003-71a1-4e13-9840-be9f33408763,true,
c7dc78d7-15e0-4eb0-a7b2-1c2913dc6de5,03eac243-c488-406f-88a3-15a03f36f614,true,
c7dc78d7-15e0-4eb0-a7b2-1c2913dc6de5,a58d72b2-a857-4d1f-ad84-b657aed3dc3b,true,
c7dc78d7-15e0-4eb0-a7b2-1c2913dc6de5,bb33f906-dfea-4ff8-83bc-d9172590f7e7,true,
c7dc78d7-15e0-4eb0-a7b2-1c2913dc6de5,9d182096-206e-4135-9bd9-3b08d850cd54,true,
c7dc78d7-15e0-4eb0-a7b2-1c2913dc6de5,523d6954-9705-4192-b457-04d8b3394089,true,
c7dc78d7-15e0-4eb0-a7b2-1c2913dc6de5,94b98dca-67d7-4f08-8e66-aa63e0f8593f,true,
c7dc78d7-15e0-4eb0-a7b2-1c2913dc6de5,b65caf7d-d0fc-41cf-a5f1-5b32ad220d53,true,
c7dc78d7-15e0-4eb0-a7b2-1c2913dc6de5,01d07428-365a-42f8-841c-adb7bf5932cf,true,
c7dc78d7-15e0-4eb0-a7b2-1c2913dc6de5,153e1c80-e2d0-4525-930f-e7d07c331a48,true,
c7dc78d7-15e0-4eb0-a7b2-1c2913dc6de5,71eb5ad8-f6c1-47dd-b0ae-84051e44d32b,true,
c7dc78d7-15e0-4eb0-a7b2-1c2913dc6de5,2cd2f3a4-8834-46db-a7c1-56e7d67c1708,true,
c7dc78d7-15e0-4eb0-a7b2-1c2913dc6de5,0a585bfb-36e8-471b-a764-8fb431393515,true,
c7dc78d7-15e0-4eb0-a7b2-1c2913dc6de5,5dff6c82-8056-42b0-b291-679100fa5f21,true,
c7dc78d7-15e0-4eb0-a7b2-1c2913dc6de5,00be930e-a8fd-424e-8d49-5193441ad489,true,
c7dc78d7-15e0-4eb0-a7b2-1c2913dc6de5,53384d90-9783-4884-90c2-b549b137dd89,true,
c7dc78d7-15e0-4eb0-a7b2-1c2913dc6de5,63d1a36b-0e9a-4d11-b8af-ee04cc8df266,true,
c7dc78d7-15e0-4eb0-a7b2-1c2913dc6de5,e91ea8c9-c85e-454a-8f05-b761ecd35471,true,
c7dc78d7-15e0-4eb0-a7b2-1c2913dc6de5,cc5d9cc4-c892-47c6-8103-43cdca4813c5,true,
c7dc78d7-15e0-4eb0-a7b2-1c2913dc6de5,4a04f352-8ca9-48c5-bc72-43bd013f82c6,true,
c7dc78d7-15e0-4eb0-a7b2-1c2913dc6de5,d410237a-799c-431d-ab68-7f426f44a58e,true,
c7dc78d7-15e0-4eb0-a7b2-1c2913dc6de5,f03ff7ee-9cd6-489b-8388-6edee3976b2b,true,
c7dc78d7-15e0-4eb0-a7b2-1c2913dc6de5,c1d28457-e959-4a6c-8620-d6ddb5402bcd,true,
c7dc78d7-15e0-4eb0-a7b2-1c2913dc6de5,840569ea-954c-46ea-ad32-197cf96cf627,true,
c7dc78d7-15e0-4eb0-a7b2-1c2913dc6de5,15a9b887-04a0-4a03-8cfa-004a651deace,true,
c7dc78d7-15e0-4eb0-a7b2-1c2913dc6de5,0a41a851-8ff6-4289-b003-9867d46dac99,true,
c7dc78d7-15e0-4eb0-a7b2-1c2913dc6de5,6c63865f-5b45-4abf-b749-3893040828c6,true,
c7dc78d7-15e0-4eb0-a7b2-1c2913dc6de5,e149db7f-9489-4fd3-958c-2efe982e07cc,true,
c7dc78d7-15e0-4eb0-a7b2-1c2913dc6de5,44e79e5f-d829-456e-80fc-658b831751aa,true,
c7dc78d7-15e0-4eb0-a7b2-1c2913dc6de5,c97fe1be-b16f-47f8-bff8-66caa1c211ac,true,
c7dc78d7-15e0-4eb0-a7b2-1c2913dc6de5,7809e9e6-f59f-4791-8ffd-ae4fe76157b6,true,
c7dc78d7-15e0-4eb0-a7b2-1c2913dc6de5,2d580c32-8768-4953-8512-3d4c13307ed2,true,
c7dc78d7-15e0-4eb0-a7b2-1c2913dc6de5,49692bbd-af40-4df3-a803-e8127e4a5a26,true,
c7dc78d7-15e0-4eb0-a7b2-1c2913dc6de5,38508d15-c58a-4aed-9085-281fe5db0967,true,
c7dc78d7-15e0-4eb0-a7b2-1c2913dc6de5,39ea2cc0-e888-43b4-8091-4cf2cad60b9b,true,
c7dc78d7-15e0-4eb0-a7b2-1c2913dc6de5,67af8758-2737-4364-9d08-aa10a2c724e0,true,
c7dc78d7-15e0-4eb0-a7b2-1c2913dc6de5,965f4ef1-9332-4782-8893-228ef0087c29,true,
c7dc78d7-15e0-4eb0-a7b2-1c2913dc6de5,a10d7165-53d6-4a75-85b4-5066ab9d7b2d,true,
c7dc78d7-15e0-4eb0-a7b2-1c2913dc6de5,f211655d-7b80-46b3-972b-229387e3d661,true,
c7dc78d7-15e0-4eb0-a7b2-1c2913dc6de5,5e687c90-7129-4f53-b0f9-d23213e14f02,true,
c7dc78d7-15e0-4eb0-a7b2-1c2913dc6de5,fe469bb2-8544-4418-bd95-32e37c567ebb,true,
c7dc78d7-15e0-4eb0-a7b2-1c2913dc6de5,342adf70-76fc-4025-b658-47b84eae2427,true,
c7dc78d7-15e0-4eb0-a7b2-1c2913dc6de5,3c43db5d-e26e-4022-91b5-b75b75319fe4,true,
c7dc78d7-15e0-4eb0-a7b2-1c2913dc6de5,ba6ae0a1-236c-4e3c-bc0d-d4453f5612ce,true,
c7dc78d7-15e0-4eb0-a7b2-1c2913dc6de5,6c6cdb6d-3898-44c7-9212-d0b15d50f2c8,true,
c7dc78d7-15e0-4eb0-a7b2-1c2913dc6de5,9a1f7683-c3b4-4518-a380-03c8edabd2d8,true,
c7dc78d7-15e0-4eb0-a7b2-1c2913dc6de5,dd363924-cd47-499e-9969-a6846f76fbe0,true,
c7dc78d7-15e0-4eb0-a7b2-1c2913dc6de5,f5cb9de9-1d13-4023-834a-2b51f957d4d0,true,
c7dc78d7-15e0-4eb0-a7b2-1c2913dc6de5,4e6847ab-5dfc-4451-813e-374f4c349e79,true,
c7dc78d7-15e0-4eb0-a7b2-1c2913dc6de5,e782a6e2-26be-4dcb-8c4b-95cad74c5154,true,
c7dc78d7-15e0-4eb0-a7b2-1c2913dc6de5,602e2f4c-8a67-4785-9045-9dac842c697f,true,
c7dc78d7-15e0-4eb0-a7b2-1c2913dc6de5,d256b9ea-0949-4a40-b85d-a8c773d0c8d7,true,
c7dc78d7-15e0-4eb0-a7b2-1c2913dc6de5,c92735c7-7322-40ad-a0cd-0abc1f32f00c,true,
c7dc78d7-15e0-4eb0-a7b2-1c2913dc6de5,f398f083-34fc-44b8-9297-3b0ee697a3db,true,
c7dc78d7-15e0-4eb0-a7b2-1c2913dc6de5,4c82a142-1f93-458f-acb2-435673d0124f,true,
c7dc78d7-15e0-4eb0-a7b2-1c2913dc6de5,9f3118d4-f95e-475e-89ff-f30d70f99470,true,
c7dc78d7-15e0-4eb0-a7b2-1c2913dc6de5,0b5bb624-33cc-41df-b95f-e43e2bf50785,true,
d46468fc-f81f-4f34-b11f-54f108700156,cb910d9e-bfbd-4536-bf95-e778032c6530,true,
d46468fc-f81f-4f34-b11f-54f108700156,79fa562c-751f-4f89-9c40-84dc25b39756,true,
d46468fc-f81f-4f34-b11f-54f108700156,c325cb74-5b3c-41eb-910d-97e1a417a151,false,[NO_5XX] Unexpected 5XX response: 502
d46468fc-f81f-4f34-b11f-54f108700156,93526e2f-cdaa-4421-ae63-6e4cdcdbedb2,true,
d46468fc-f81f-4f34-b11f-54f108700156,d33cf177-070c-4a48-9673-1c68a9b78779,true,
d46468fc-f81f-4f34-b11f-54f108700156,f1623c2d-71a0-4231-aae3-45eb54750d83,true,
d46468fc-f81f-4f34-b11f-54f108700156,73f6472c-03fc-454e-9883-4bf70b5d6d85,true,
d46468fc-f81f-4f34-b11f-54f108700156,042543fb-5830-41a3-96e1-bce1936e478e,true,
d46468fc-f81f-4f34-b11f-54f108700156,0eee3d49-f2ae-4d50-bf0d-97f371191e95,true,
d46468fc-f81f-4f34-b11f-54f108700156,80bb6cd7-d992-4cbe-a544-f2882e649493,true,
d46468fc-f81f-4f34-b11f-54f108700156,2f9cb11c-5487-4965-9fef-c4276dbd10a1,true,
d46468fc-f81f-4f34-b11f-54f108700156,ea0e9db2-0142-4305-8193-e8924601da0d,true,
d46468fc-f81f-4f34-b11f-54f108700156,ceb426f9-fe8d-4478-9ebb-6480f5700dd3,true,
d46468fc-f81f-4f34-b11f-54f108700156,f54b15f6-fbfc-4fcf-8665-c0c6323ef0b5,true,
d46468fc-f81f-4f34-b11f-54f108700156,abeb370f-1520-4b56-b245-846931126852,true,
d46468fc-f81f-4f34-b11f-54f108700156,df515fa0-46ba-4afe-8d9d-7e57ad1ef480,true,
d46468fc-f81f-4f34-b11f-54f108700156,42511370-567d-4ba0-81cf-c5b46a1534d0,true,
d46468fc-f81f-4f34-b11f-54f108700156,41414e1b-2db6-40e1-ada0-c67162a789e5,true,
d46468fc-f81f-4f34-b11f-54f108700156,f059160c-1b24-461f-a688-061723338634,true,
d46468fc-f81f-4f34-b11f-54f108700156,fa74f8c4-b2b8-4f8b-a520-7a4384e2fbe6,true,
d46468fc-f81f-4f34-b11f-54f108700156,6910f79b-920a-4562-b4d5-91b6fc01e44b,true,
d46468fc-f81f-4f34-b11f-54f108700156,0f2dd4a4-e3b8-4042-a770-57bd5407f6fb,true,
d46468fc-f81f-4f34-b11f-54f108700156,d15aea65-0959-456b-9681-a283309bb2f8,true,
d46468fc-f81f-4f34-b11f-54f108700156,0fdb12a1-6a20-45f1-a6ea-8988e5b4a81b,true,
d46468fc-f81f-4f34-b11f-54f108700156,5c085bc0-1bc9-44d7-a9f3-26b30313a412,true,
d46468fc-f81f-4f34-b11f-54f108700156,dca99c21-3082-4675-be6c-98b4930855ba,true,
d46468fc-f81f-4f34-b11f-54f108700156,75e3890b-729f-4a59-be29-8646e7e34c54,true,
d46468fc-f81f-4f34-b11f-54f108700156,dce0391d-ab8f-49b6-85b7-6ded0d3eb54b,true,
d46468fc-f81f-4f34-b11f-54f108700156,4e8fa048-829c-44fa-9c1d-acbd56c75800,true,
d46468fc-f81f-4f34-b11f-54f108700156,9f3aab9b-2c8a-4bb6-b07a-47419b885a19,true,
d46468fc-f81f-4f34-b11f-54f108700156,3ba89ad1-f378-45a4-af0d-d365dbe2450e,true,
d46468fc-f81f-4f34-b11f-54f108700156,83457241-62b9-42df-a96d-368fbbaa68a4,true,
d46468fc-f81f-4f34-b11f-54f108700156,b5ec3527-236d-4d3e-8935-eb361654f4cc,true,
d46468fc-f81f-4f34-b11f-54f108700156,d2bf5e57-d72a-4e97-b661-26a9ee119d6c,true,
d46468fc-f81f-4f34-b11f-54f108700156,556fdfaa-b447-4e7f-bb71-76c617d7ba83,true,
d46468fc-f81f-4f34-b11f-54f108700156,73937830-46e2-4bbb-a13a-aa4eb8ca07ca,true,
d46468fc-f81f-4f34-b11f-54f108700156,d10d8ac9-bdbe-4a7e-aadb-bf8dc23a75cb,true,
d46468fc-f81f-4f34-b11f-54f108700156,f716d5a6-a0f0-4088-b40e-58977add62a1,true,
d46468fc-f81f-4f34-b11f-54f108700156,3963d208-cb17-4279-9a92-947ac809709f,true,
d46468fc-f81f-4f34-b11f-54f108700156,75476437-37c7-44bd-9151-533d9c2f0967,true,
d46468fc-f81f-4f34-b11f-54f108700156,0976a27c-f39e-418e-b380-4e7afe099945,true,
d46468fc-f81f-4f34-b11f-54f108700156,bffa9b1a-bcdb-4b35-aecc-85ad1df801d2,true,
d46468fc-f81f-4f34-b11f-54f108700156,a4705d15-b0b4-491a-afa4-313b3c94246f,true,
d46468fc-f81f-4f34-b11f-54f108700156,ddb1f707-b75d-43e8-bd67-4d49de541980,true,
d46468fc-f81f-4f34-b11f-54f108700156,7e99a614-d442-407f-9920-32ece4b4a309,true,
d46468fc-f81f-4f34-b11f-54f108700156,f0ec1880-d706-4a04-9d8e-cd40052710f4,true,
d46468fc-f81f-4f34-b11f-54f108700156,595ee300-a3b9-49ae-9aaf-64f61307957b,true,
d46468fc-f81f-4f34-b11f-54f108700156,1a727167-5b51-474a-b564-e6568bb12fa5,true,
d46468fc-f81f-4f34-b11f-54f108700156,4ca38b71-b471-4ed9-ae00-2e7285b5f89f,true,
d46468fc-f81f-4f34-b11f-54f108700156,5fe4f781-fe02-4b69-ac07-3a62f6575939,true,
d46468fc-f81f-4f34-b11f-54f108700156,7c6a1320-b3a3-40ef-ae33-4bd390132bd2,true,
d46468fc-f81f-4f34-b11f-54f108700156,92b7ec13-1caa-40f0-b218-1672c800fcac,true,
d46468fc-f81f-4f34-b11f-54f108700156,d165be31-b699-4bd7-950a-db53a4e4db87,true,
d46468fc-f81f-4f34-b11f-54f108700156,7ce4e098-8eec-429d-92f1-b781ec159ea4,true,
d46468fc-f81f-4f34-b11f-54f108700156,3d14528b-45dd-44b2-a7b6-8acbd69aa515,true,
d46468fc-f81f-4f34-b11f-54f108700156,1668eb57-b97f-4476-bbcc-2aed25491254,true,
d46468fc-f81f-4f34-b11f-54f108700156,ba13f109-35b5-45f6-9c57-846adfa4daf8,true,
d46468fc-f81f-4f34-b11f-54f108700156,9f86317b-d13b-4ec3-8b4a-b4c5a8543a2b,true,
d46468fc-f81f-4f34-b11f-54f108700156,4010a90f-9eec-4f00-9b47-8e9208667a91,true,
d46468fc-f81f-4f34-b11f-54f108700156,69c7f408-4e9a-4a38-91b8-457afe573faf,true,
d46468fc-f81f-4f34-b11f-54f108700156,5899c103-4849-40e5-9c46-a67d75bd8bda,true,
d46468fc-f81f-4f34-b11f-54f108700156,671ed368-9d6c-4b23-a58d-c950be362384,true,
d46468fc-f81f-4f34-b11f-54f108700156,73922299-5408-436a-bde9-e965c0b2ad97,true,
d46468fc-f81f-4f34-b11f-54f108700156,09e89a7c-a656-47cf-a019-d0195bf8b041,true,
d46468fc-f81f-4f34-b11f-54f108700156,d1f7c60b-c8e9-4f66-9616-da801a447f19,true,
d46468fc-f81f-4f34-b11f-54f108700156,29b4cb5c-0394-4335-8a3a-ac77a242d6e8,true,
d46468fc-f81f-4f34-b11f-54f108700156,767d15db-656f-4878-9db4-65e606d70514,true,
d46468fc-f81f-4f34-b11f-54f108700156,f097c35d-ed43-49f3-a846-383e22569e9b,true,
d46468fc-f81f-4f34-b11f-54f108700156,b8263163-beb3-418a-93ee-b8c4cbeb8055,true,
d46468fc-f81f-4f34-b11f-54f108700156,97ff33eb-bd43-4c19-bfad-7f9832b2d2dc,true,
d46468fc-f81f-4f34-b11f-54f108700156,af5fb0b7-98e2-4fa0-8a7b-1082d50747e0,true,
d46468fc-f81f-4f34-b11f-54f108700156,08df396a-10d8-4d77-82b8-7a89272a1d61,true,
d46468fc-f81f-4f34-b11f-54f108700156,959fbde4-761a-4e78-87fa-b58fff6e6d65,true,
d46468fc-f81f-4f34-b11f-54f108700156,75fad30a-34d4-4cb7-83d3-ef04291f40a2,true,
d46468fc-f81f-4f34-b11f-54f108700156,f7fadc26-d989-43a6-a313-60921e962667,true,
d46468fc-f81f-4f34-b11f-54f108700156,6f9172e8-90ff-4609-bcc4-bc17521e2cee,true,
d46468fc-f81f-4f34-b11f-54f108700156,fce56c51-bf18-4c49-8409-617d663edfa5,true,
d46468fc-f81f-4f34-b11f-54f108700156,356fdbfa-a6f8-4f4e-afa2-db213b57d15c,true,
d46468fc-f81f-4f34-b11f-54f108700156,caba0edd-f5cd-4cf7-b30c-00bc4c551fb8,true,
d46468fc-f81f-4f34-b11f-54f108700156,0c2e9a37-9b69-4f24-aa23-6563212f50b4,true,
d46468fc-f81f-4f34-b11f-54f108700156,2cc1d0cb-c3f7-4e95-8c42-75fe291e32d0,true,
d46468fc-f81f-4f34-b11f-54f108700156,42041129-7578-4d75-9011-236f06063e86,true,
d46468fc-f81f-4f34-b11f-54f108700156,da15c3a7-cb6f-4b98-b818-96c73ed22ac6,true,
d46468fc-f81f-4f34-b11f-54f108700156,6f8f51ce-10eb-46ab-a868-ccff521c4043,true,
d46468fc-f81f-4f34-b11f-54f108700156,03fbabcc-e4b7-4262-a473-aeab7af80bee,true,
d46468fc-f81f-4f34-b11f-54f108700156,1016cc07-e61e-4cc4-8960-26a206db4696,true,
d46468fc-f81f-4f34-b11f-54f108700156,8ad7ff7e-0ccc-4d4d-a77e-8a697b0c1c05,true,
d46468fc-f81f-4f34-b11f-54f108700156,435720ba-6841-465f-87ff-796b1c11e274,true,
d46468fc-f81f-4f34-b11f-54f108700156,233fd81c-6f6f-49dd-80df-f2432fd9c365,true,
d46468fc-f81f-4f34-b11f-54f108700156,9a73a236-c0ec-4a0d-935a-05689f6ed47c,true,
d46468fc-f81f-4f34-b11f-54f108700156,9144dbfe-64e6-4f72-a3c2-f179774e8aa8,true,
d46468fc-f81f-4f34-b11f-54f108700156,28983e6b-2c6b-4150-8bf5-6213fd1df3d1,true,
d46468fc-f81f-4f34-b11f-54f108700156,11abee96-8b4d-425f-b096-f86f60288650,true,
d46468fc-f81f-4f34-b11f-54f108700156,dee5f1a2-8c9c-4289-b67d-4a777b9d8e92,true,
d46468fc-f81f-4f34-b11f-54f108700156,20807ae7-13ad-4066-a390-c289dc247176,true,
d46468fc-f81f-4f34-b11f-54f108700156,80377901-dffd-482f-9909-b8df364113dc,true,
d46468fc-f81f-4f34-b11f-54f108700156,c5fac724-e5ce-48e5-aaa3-e3dd8a90c258,true,
d46468fc-f81f-4f34-b11f-54f108700156,ebaf3f8b-b061-4259-903b-b80972515695,true,
d46468fc-f81f-4f34-b11f-54f108700156,0c83d867-6c81-47eb-b3b6-52f8581f385c,true,
d46468fc-f81f-4f34-b11f-54f108700156,520215b3-ca5e-4189-8f45-b5786e590416,true,
d46468fc-f81f-4f34-b11f-54f108700156,c966f88f-0562-472b-8fb6-77b588b4bf5c,true,
d46468fc-f81f-4f34-b11f-54f108700156,78239a72-ee8a-4475-870b-01ece8aecec0,true,
d46468fc-f81f-4f34-b11f-54f108700156,7aae9ea8-ac5e-4f56-bd66-e53f345c9483,true,
d46468fc-f81f-4f34-b11f-54f108700156,385f6e94-2482-4cfc-aa6f-a0c1995fa5b8,true,
d46468fc-f81f-4f34-b11f-54f108700156,d8d62fd5-011c-4bf0-aff9-793da2ab9686,true,
d46468fc-f81f-4f34-b11f-54f108700156,1d203cc8-949a-4ab8-b9c3-309b3e236180,true,
d46468fc-f81f-4f34-b11f-54f108700156,3861bd9c-a892-4267-a7f4-74b5d4526bd4,true,
d46468fc-f81f-4f34-b11f-54f108700156,117dc4b5-7862-4491-b0ec-ffab7262cc58,true,
d46468fc-f81f-4f34-b11f-54f108700156,3c5249f7-b82b-4e80-80e7-ea3886458faf,true,
d46468fc-f81f-4f34-b11f-54f108700156,6985ac50-9935-46d9-abda-ca2d6c5a6512,true,
d46468fc-f81f-4f34-b11f-54f108700156,21199348-9b8c-454e-8b5b-7ce89071f9e6,true,
d46468fc-f81f-4f34-b11f-54f108700156,4d042320-6fc7-4c2b-ad4a-b41a0cfee6ab,true,
d46468fc-f81f-4f34-b11f-54f108700156,ddd3b400-c92c-40d1-908d-ad38ba1094e1,true,
d46468fc-f81f-4f34-b11f-54f108700156,ecad6c76-4a73-40eb-9cee-45b16ad5a916,true,
d46468fc-f81f-4f34-b11f-54f108700156,d589d5df-518b-4bc8-aa9e-711c979971c2,true,
d46468fc-f81f-4f34-b11f-54f108700156,042c8101-9e60-4951-8766-254aca9814cb,true,
d46468fc-f81f-4f34-b11f-54f108700156,cbfcf8db-0dd2-46ca-9b0c-785c4f109b70,true,
d46468fc-f81f-4f34-b11f-54f108700156,a71700f3-b424-4a05-9972-e27917fff719,true,
d46468fc-f81f-4f34-b11f-54f108700156,9dc1b6da-6409-42c3-8b57-5409267e25b4,true,
d46468fc-f81f-4f34-b11f-54f108700156,45efb009-99c0-447c-8c43-a3d1ac9f3821,true,
d46468fc-f81f-4f34-b11f-54f108700156,6aa26c64-1927-4cf4-aeb6-ae55c9c3f358,true,
d46468fc-f81f-4f34-b11f-54f108700156,dc83d688-3163-4184-bc57-ab2b643db117,true,
d46468fc-f81f-4f34-b11f-54f108700156,24fd1ef6-cdee-4db4-80f2-02d7e28b1220,true,
d46468fc-f81f-4f34-b11f-54f108700156,90618689-40a7-41ce-b506-f682a77f0ca4,true,
d46468fc-f81f-4f34-b11f-54f108700156,6e16f5c5-dda0-4dcd-ad9a-b25954a33b1d,true,
d46468fc-f81f-4f34-b11f-54f108700156,a0361bcf-b05d-401e-9bb3-eda492404942,true,
d46468fc-f81f-4f34-b11f-54f108700156,de2e6c9d-4603-40d8-8cba-bd6292e73b47,true,
d46468fc-f81f-4f34-b11f-54f108700156,2f660893-4eb4-4853-94b2-4b96a9bfb48f,true,
d46468fc-f81f-4f34-b11f-54f108700156,c7471e06-dea8-450f-9a23-c8805c036bb6,true,
d46468fc-f81f-4f34-b11f-54f108700156,2a09db77-b4c8-42fd-86d9-8e9a16055083,true,
d46468fc-f81f-4f34-b11f-54f108700156,cd6ede7c-5bf0-428e-9175-05d89424e7c2,true,
d46468fc-f81f-4f34-b11f-54f108700156,bced5511-c207-4cb9-857f-93c9f0d47131,true,
d46468fc-f81f-4f34-b11f-54f108700156,2f0ca383-f500-4476-958e-de9202cefa27,true,
d46468fc-f81f-4f34-b11f-54f108700156,81d69224-5756-47bb-b34e-3e613a185433,true,
d46468fc-f81f-4f34-b11f-54f108700156,47bc88e7-7e34-4b85-89a2-bb31755aed4c,true,
d46468fc-f81f-4f34-b11f-54f108700156,4e20d420-b9e4-44fc-812c-072af7522a5e,true,
d46468fc-f81f-4f34-b11f-54f108700156,bf578d1d-65be-4fcc-ae47-c791e17330ed,true,
d46468fc-f81f-4f34-b11f-54f108700156,bbb88156-6707-415f-a842-6b1233da9254,true,
d46468fc-f81f-4f34-b11f-54f108700156,b50ee44b-df63-49fb-a97a-f5a673a94192,true,
d46468fc-f81f-4f34-b11f-54f108700156,4fad66b1-4561-4e87-8ec1-77c4cedbb8ab,true,
d46468fc-f81f-4f34-b11f-54f108700156,e29ab14a-56f5-4b01-a17c-e15b13e75887,true,
d46468fc-f81f-4f34-b11f-54f108700156,d5fb2a51-1697-4b54-9210-5f6ef95b816a,true,
d46468fc-f81f-4f34-b11f-54f108700156,ed4458dc-8d43-4ebb-9a62-07e9a68b97e2,true,
d46468fc-f81f-4f34-b11f-54f108700156,c8cef3d6-deb5-40f1-b834-5143480fe3cd,true,
d46468fc-f81f-4f34-b11f-54f108700156,7c2ab064-5285-46f4-802b-56414bb15718,true,
d46468fc-f81f-4f34-b11f-54f108700156,891682f0-c2c8-4ac4-95f1-eea1699b45b6,true,
d46468fc-f81f-4f34-b11f-54f108700156,4922cfb1-04d0-4471-b715-0a42d910ceb2,true,
d46468fc-f81f-4f34-b11f-54f108700156,d2b158f6-7034-430b-9f30-90d0dae82c82,true,
d46468fc-f81f-4f34-b11f-54f108700156,3fc258f9-5ffd-4d61-a5d1-6beb79eec35a,true,
d46468fc-f81f-4f34-b11f-54f108700156,6fcc3cf4-cdc8-4604-9a56-938e77eb7297,true,
d46468fc-f81f-4f34-b11f-54f108700156,362fe435-45dd-4369-a4f6-6e4dc7803b07,true,
d46468fc-f81f-4f34-b11f-54f108700156,e60b6276-7d32-44c2-9011-a233ab23658f,true,
d46468fc-f81f-4f34-b11f-54f108700156,599a2196-ce33-414c-a54e-73d5af8218dd,true,
d46468fc-f81f-4f34-b11f-54f108700156,0d294485-1824-41cf-9f5f-162a0bf63096,true,
d46468fc-f81f-4f34-b11f-54f108700156,78fb4dc5-d3c3-45ce-8b5a-1e893dd64d8c,true,
d46468fc-f81f-4f34-b11f-54f108700156,48c64aff-e48e-444d-885c-6465c972c2da,true,
d46468fc-f81f-4f34-b11f-54f108700156,89b1d270-2f40-48e9-ac06-5683b86ecdd2,true,
d46468fc-f81f-4f34-b11f-54f108700156,5d954e67-5db3-4d0d-98d4-1547795045d5,true,
d46468fc-f81f-4f34-b11f-54f108700156,0ec9e137-b801-4e04-8dfc-ba404c11d0a6,true,
d46468fc-f81f-4f34-b11f-54f108700156,f048f827-dff7-449b-8bc4-bda143b2e850,true,
d46468fc-f81f-4f34-b11f-54f108700156,5c1db163-3bc9-4bd7-975c-a58231c5a53f,true,
d46468fc-f81f-4f34-b11f-54f108700156,6bf9bc4c-cf92-454a-a169-7a32b19a9d18,true,
d46468fc-f81f-4f34-b11f-54f108700156,d01dd5fb-a741-47aa-884a-3da4636f58c6,true,
d46468fc-f81f-4f34-b11f-54f108700156,715523ae-4479-4af0-be04-c24eaab2b5f8,true,
d46468fc-f81f-4f34-b11f-54f108700156,f5381400-5310-48c7-80c0-c6ff510a1958,true,
d46468fc-f81f-4f34-b11f-54f108700156,bcb826a4-f421-476e-b853-d28a164b3945,true,
d46468fc-f81f-4f34-b11f-54f108700156,d47eb360-3b95-4063-873a-2caa2411a8e1,true,
d46468fc-f81f-4f34-b11f-54f108700156,4c438800-f0d6-46ba-aaef-62346c37a765,true,
d46468fc-f81f-4f34-b11f-54f108700156,055798f2-b36a-4b99-ad20-284853d291b6,true,
d46468fc-f81f-4f34-b11f-54f108700156,e4b0635a-1eb1-4c20-ae5a-ae29073f236b,true,
d46468fc-f81f-4f34-b11f-54f108700156,c458c704-d0e1-423e-b869-57dd99fadda0,true,
d46468fc-f81f-4f34-b11f-54f108700156,402ac4e0-97c1-498c-aca9-3571289ed386,true,
d46468fc-f81f-4f34-b11f-54f108700156,b7a34526-16d5-4bd2-9101-a0e0ff274b4c,true,
d46468fc-f81f-4f34-b11f-54f108700156,a073efd5-0bab-4262-a043-fa459d164211,true,
d46468fc-f81f-4f34-b11f-54f108700156,87cde0bb-385c-4b89-9135-e93d36ff0cd2,true,
d46468fc-f81f-4f34-b11f-54f108700156,7e219324-9a61-4bac-aa2d-c5068f0cf1d3,true,
d46468fc-f81f-4f34-b11f-54f108700156,975c9547-fbf4-4db2-bf1d-a23cd65fa253,true,
d46468fc-f81f-4f34-b11f-54f108700156,5b094f8f-3036-4052-b36b-462c217817c7,true,
d46468fc-f81f-4f34-b11f-54f108700156,2b2a3de5-a1f5-4218-963b-ea9723e0a9ee,true,
d46468fc-f81f-4f34-b11f-54f108700156,b6952f4c-50fc-4e06-b569-345827effcb7,true,
d46468fc-f81f-4f34-b11f-54f108700156,f4b74177-1f30-4bac-a707-c565bfc17a93,true,
d46468fc-f81f-4f34-b11f-54f108700156,5588edd8-7309-4f1c-b95b-403bd6be69c8,true,
d46468fc-f81f-4f34-b11f-54f108700156,6eb91135-28a2-4854-bc07-e1b87c748eb4,true,
d46468fc-f81f-4f34-b11f-54f108700156,395a53ad-8f3a-42f4-8698-2dacce1cc2fb,true,
d46468fc-f81f-4f34-b11f-54f108700156,173515f9-4f2f-49b2-911a-74f68e0c344f,true,
d46468fc-f81f-4f34-b11f-54f108700156,43978e62-996f-4471-91e2-dde4a49403ae,true,
d46468fc-f81f-4f34-b11f-54f108700156,3a09143a-4493-49c4-8b31-a16e5a9a3f5c,true,
d46468fc-f81f-4f34-b11f-54f108700156,2403f7c9-392d-49a0-9316-fc41e6cdc1fa,true,
d46468fc-f81f-4f34-b11f-54f108700156,459a2617-2a45-4688-a1f2-89354c7e3a3e,true,
d46468fc-f81f-4f34-b11f-54f108700156,cdc84c50-33f6-4c02-b943-4e5cac00c71b,true,
d46468fc-f81f-4f34-b11f-54f108700156,7a5d301c-5451-4a72-8d3d-cf4708e30f36,true,
d46468fc-f81f-4f34-b11f-54f108700156,5ef3ea45-8767-4d12-b25d-7424b7c702e3,true,
d46468fc-f81f-4f34-b11f-54f108700156,9c1c9760-38d4-4acb-94e1-77188690ae7d,true,
d46468fc-f81f-4f34-b11f-54f108700156,fe801cdc-55f0-4cd7-85cb-c4fa5a3f2d5a,true,
d46468fc-f81f-4f34-b11f-54f108700156,7f232e8f-bdc5-4053-9fdc-d5db5836f9a8,true,
d46468fc-f81f-4f34-b11f-54f108700156,88d79e51-de00-41c0-bcdd-cf66eff3c74b,true,
d46468fc-f81f-4f34-b11f-54f108700156,00bdf224-9f01-4326-b573-c101cb90118f,true,
d46468fc-f81f-4f34-b11f-54f108700156,b3933f38-bd8a-4f7b-af90-e1e7245efdbd,true,
d46468fc-f81f-4f34-b11f-54f108700156,5c33004c-7b23-4a84-a49c-0684437d7c28,true,
d46468fc-f81f-4f34-b11f-54f108700156,595560dc-bfec-463b-a2c1-80f7ce7a7cfd,true,
d46468fc-f81f-4f34-b11f-54f108700156,ceddc29d-0424-48ea-b053-c28b6b513f4f,true,
d46468fc-f81f-4f34-b11f-54f108700156,2a9b6820-f5e3-42e2-ba19-777d1168cc05,true,
d46468fc-f81f-4f34-b11f-54f108700156,3ba96810-64c3-43f2-b347-2c75c41e7722,true,
d46468fc-f81f-4f34-b11f-54f108700156,b86f17f0-fdc9-4bba-b0b1-8c0360138353,true,
d46468fc-f81f-4f34-b11f-54f108700156,792be16c-6de9-429a-9490-50c9db0eb7aa,true,
d46468fc-f81f-4f34-b11f-54f108700156,8b2e5e26-0abf-4b64-acaa-201bfeb0c592,true,
d46468fc-f81f-4f34-b11f-54f108700156,eac9357f-5348-4121-a779-83c753686638,true,
d46468fc-f81f-4f34-b11f-54f108700156,9bb906ec-d33e-485d-9696-09d5d093d079,true,
d46468fc-f81f-4f34-b11f-54f108700156,8109dbcf-b677-4f56-bdee-5fdd7f40d46c,true,
d46468fc-f81f-4f34-b11f-54f108700156,4440b43a-b7eb-43eb-8e0c-d00e39e96880,true,
d46468fc-f81f-4f34-b11f-54f108700156,b09d2e92-5021-4078-9e6c-f4c27fd8ba5e,true,
d46468fc-f81f-4f34-b11f-54f108700156,db3b45f9-5abf-453b-9db9-8652740805de,true,
d46468fc-f81f-4f34-b11f-54f108700156,4f763957-d5ce-4932-ac59-e257a57a8807,true,
d46468fc-f81f-4f34-b11f-54f108700156,e53f3279-5478-4a39-8062-9bf5965d8a31,true,
d46468fc-f81f-4f34-b11f-54f108700156,8010738f-729d-4cd1-b8df-1ab4c736ec60,true,
d46468fc-f81f-4f34-b11f-54f108700156,222989ff-295f-4d80-94c2-d4e9da61a4c1,true,
d46468fc-f81f-4f34-b11f-54f108700156,05806a16-22d4-4af8-ae0d-6df9d01b10ce,true,
d46468fc-f81f-4f34-b11f-54f108700156,ad6a96f4-70fd-4214-ae00-fa1fd2b01aa3,true,
d46468fc-f81f-4f34-b11f-54f108700156,f77576d1-216b-498a-bfff-4760b3a6e8d1,true,
d46468fc-f81f-4f34-b11f-54f108700156,cebfd4bc-6c83-4b86-87e8-d9e761090833,true,
d46468fc-f81f-4f34-b11f-54f108700156,4451640a-287b-4a5a-83c9-c5cfcb229b7c,true,
d46468fc-f81f-4f34-b11f-54f108700156,a202ec11-4935-4485-9eaf-60e461a02194,true,
7ff0ae5a-4136-457d-9294-0795ec9897c0,120b9082-1f15-4b94-b4aa-3e8105796fea,true,
7ff0ae5a-4136-457d-9294-0795ec9897c0,afb0c272-47f6-4cd3-af2d-770bead94c55,true,
7ff0ae5a-4136-457d-9294-0795ec9897c0,61000b97-219c-47f3-b8f3-65b753c869f1,false,[NO_5XX] Unexpected 5XX response: 501
7ff0ae5a-4136-457d-9294-0795ec9897c0,61dd2254-1356-4d02-9d4b-466262bda885,true,
7ff0ae5a-4136-457d-9294-0795ec9897c0,0efb352b-2a80-471d-9793-712f6db331e9,true,
7ff0ae5a-4136-457d-9294-0795ec9897c0,47a797f2-b3bb-421e-9314-48360d6b7663,true,
7ff0ae5a-4136-457d-9294-0795ec9897c0,e250e4cc-f53d-4126-81a3-a91862108598,true,
7ff0ae5a-4136-457d-9294-0795ec9897c0,2b1770ee-b0bb-4ef9-911e-53045ccbbc80,true,
7ff0ae5a-4136-457d-9294-0795ec9897c0,e59624da-d719-44b1-90d5-18a1e4ae6a7a,true,
7ff0ae5a-4136-457d-9294-0795ec9897c0,7f235e8d-69db-404b-82c7-7dd0369c95b8,true,
7ff0ae5a-4136-457d-9294-0795ec9897c0,a5b1914e-ee3e-4d51-90a4-e6f24a548a3c,true,
7ff0ae5a-4136-457d-9294-0795ec9897c0,c5cb6dfe-ee02-4a77-a0a9-8cef14495de4,true,
7ff0ae5a-4136-457d-9294-0795ec9897c0,5a9e723a-f0b3-4f7d-96fc-2d7bd877b1a6,true,
7ff0ae5a-4136-457d-9294-0795ec9897c0,08b74431-a812-409f-9f30-a87a26844e19,true,
7ff0ae5a-4136-457d-9294-0795ec9897c0,db04454e-2f52-4bbb-8e28-64091b8d8f37,true,
7ff0ae5a-4136-457d-9294-0795ec9897c0,86443b68-abd0-4c1a-bbcd-8d27889760c4,true,
7ff0ae5a-4136-457d-9294-0795ec9897c0,d968d5ea-c21f-453e-a240-810976d3ac1e,true,
7ff0ae5a-4136-457d-9294-0795ec9897c0,4337611b-f880-4fb7-8be9-eaeeee2150e7,true,
7ff0ae5a-4136-457d-9294-0795ec9897c0,d9b2fb98-85bc-4bb4-82f7-869fc65793e7,true,
7ff0ae5a-4136-457d-9294-0795ec9897c0,e4428b48-1d86-4b47-a656-ac745a0d95ab,true,
7ff0ae5a-4136-457d-9294-0795ec9897c0,359e462b-f5a3-45b0-86d2-d0184d3487de,true,
7ff0ae5a-4136-457d-9294-0795ec9897c0,0b65b274-92ab-472c-bfc9-0d3f2e07585e,true,
7ff0ae5a-4136-457d-9294-0795ec9897c0,791ba755-bd7f-4fc8-a112-317ed080e127,true,
7ff0ae5a-4136-457d-9294-0795ec9897c0,8aaf24ff-3bd9-4ee8-a65f-3d9979b494e0,true,
7ff0ae5a-4136-457d-9294-0795ec9897c0,ff4fd38a-f862-4a3d-b0cb-58d52acbab25,true,
7ff0ae5a-4136-457d-9294-0795ec9897c0,fa8ac4e5-42c0-4854-ada7-0ba0e1e1fa95,true,
7ff0ae5a-4136-457d-9294-0795ec9897c0,b28e4e89-fb9b-4681-8f3a-72d493d4b180,true,
7ff0ae5a-4136-457d-9294-0795ec9897c0,aadfb058-b7ca-407c-ace9-7ed120e836d8,true,
7ff0ae5a-4136-457d-9294-0795ec9897c0,53b542f1-2028-41c8-8f11-a44e5c2cf053,true,
7ff0ae5a-4136-457d-9294-0795ec9897c0,cc2e6ca3-6c6f-4444-92c8-04116ddb9417,true,
7ff0ae5a-4136-457d-9294-0795ec9897c0,d9c523ef-891e-4e77-8e2b-f60c28658be2,true,
7ff0ae5a-4136-457d-9294-0795ec9897c0,c3db6348-e41b-4e7f-a23f-7d35b6ec55fc,true,
7ff0ae5a-4136-457d-9294-0795ec9897c0,b0665070-1662-4944-a964-b0c0c124ddce,true,
7ff0ae5a-4136-457d-9294-0795ec9897c0,d5156b8a-a1d9-4531-9b8a-ee1635d70fdf,true,
7ff0ae5a-4136-457d-9294-0795ec9897c0,a13c3580-ba9a-43df-bff2-cb037f46c578,true,
7ff0ae5a-4136-457d-9294-0795ec9897c0,a87a3292-356b-44d4-b3af-79d11a22a8de,true,
7ff0ae5a-4136-457d-9294-0795ec9897c0,a7e68092-b0af-4900-81bf-0893480f4c32,true,
7ff0ae5a-4136-457d-9294-0795ec9897c0,a63a8087-ea8f-4ee8-9d29-2ca637a4b0d4,true,
7ff0ae5a-4136-457d-9294-0795ec9897c0,059213e1-565b-40f2-b4d5-adec31860bf6,true,
7ff0ae5a-4136-457d-9294-0795ec9897c0,407e7e85-12ce-40a6-8807-464f22b9d3a8,true,
7ff0ae5a-4136-457d-9294-0795ec9897c0,c3652e95-2efb-4529-bc88-f20baaaf1a4a,true,
7ff0ae5a-4136-457d-9294-0795ec9897c0,78c22cfa-aecf-4a34-b674-fe295ea0ae25,true,
7ff0ae5a-4136-457d-9294-0795ec9897c0,e4426e7e-66cf-46a8-9a2b-4e0dc70b3cfc,true,
7ff0ae5a-4136-457d-9294-0795ec9897c0,6516fb21-d398-4514-9fc3-9d115bd6ad04,true,
7ff0ae5a-4136-457d-9294-0795ec9897c0,b2be4dec-5b75-40b2-bca9-0c30cce35315,true,
7ff0ae5a-4136-457d-9294-0795ec9897c0,39c1a4e2-002a-42bd-8fc0-3168d44b9275,true,
7ff0ae5a-4136-457d-9294-0795ec9897c0,4e9aa287-dbd6-49b8-a02d-c37c796f1859,true,
7ff0ae5a-4136-457d-9294-0795ec9897c0,ae11ba66-6d32-4f6f-805b-8bdeb186df2b,true,
7ff0ae5a-4136-457d-9294-0795ec9897c0,ced6cc78-c05e-42d2-9033-59059033bd14,true,
7ff0ae5a-4136-457d-9294-0795ec9897c0,13593627-9e0b-4de7-8ed5-27e061d46d63,true,
7ff0ae5a-4136-457d-9294-0795ec9897c0,0dc14215-7997-46b9-ba48-58ec7f3cf375,true,
7ff0ae5a-4136-457d-9294-0795ec9897c0,b6cbcfa3-d4f5-4006-8023-bb7010a93009,true,
7ff0ae5a-4136-457d-9294-0795ec9897c0,c49f7653-2f7c-43e8-b5c4-a070fa6a7217,true,
7ff0ae5a-4136-457d-9294-0795ec9897c0,1a2b110c-fbbc-41aa-886e-79c35649c193,true,
7ff0ae5a-4136-457d-9294-0795ec9897c0,39e67c07-f42d-4553-89ad-8d9362c4a7ff,true,
7ff0ae5a-4136-457d-9294-0795ec9897c0,673f2666-5a73-47e3-8107-87c7aad37b7b,true,
7ff0ae5a-4136-457d-9294-0795ec9897c0,82ffed9d-8c35-443c-ad94-04d3ea12e3a6,true,
7ff0ae5a-4136-457d-9294-0795ec9897c0,ee944a5b-0ef2-4854-9686-8929c1d157d7,true,
7ff0ae5a-4136-457d-9294-0795ec9897c0,de8aa454-6838-442b-8578-0f448d5a4984,true,
7ff0ae5a-4136-457d-9294-0795ec9897c0,168c0628-5443-4c73-91bd-e5f90d5aa60e,true,
7ff0ae5a-4136-457d-9294-0795ec9897c0,d2dcf253-867a-4555-8f11-921cac600517,true,
7ff0ae5a-4136-457d-9294-0795ec9897c0,626d995e-7d87-4837-bab8-e5ee65c1c7dd,true,
7ff0ae5a-4136-457d-9294-0795ec9897c0,fa59438c-553f-4cfc-bb40-6d8dace17d62,true,
7ff0ae5a-4136-457d-9294-0795ec9897c0,8ee490a9-a2d7-40ec-8ef3-d75e11a84464,true,
7ff0ae5a-4136-457d-9294-0795ec9897c0,00f601a1-66f9-4b26-978b-73588c9f4164,true,
7ff0ae5a-4136-457d-9294-0795ec9897c0,6c8d78da-a108-4dac-b510-e5b4f9b322c0,true,
7ff0ae5a-4136-457d-9294-0795ec9897c0,2b47a7f4-6c9a-460a-b367-f2a3f1545470,true,
7ff0ae5a-4136-457d-9294-0795ec9897c0,87a13b8b-def2-4465-99f1-fda45040a331,true,
7ff0ae5a-4136-457d-9294-0795ec9897c0,9dea6eb3-d916-42ea-bf77-68830d3dc262,true,
7ff0ae5a-4136-457d-9294-0795ec9897c0,45998b27-0501-48d4-a6d8-db04bd14cb0d,true,
7ff0ae5a-4136-457d-9294-0795ec9897c0,4ea4e42d-e944-4f37-8e05-bfb2609087d5,true,
7ff0ae5a-4136-457d-9294-0795ec9897c0,7883dde7-8e28-4bb5-9919-3d2490b07907,true,
7ff0ae5a-4136-457d-9294-0795ec9897c0,42f51596-eb85-489f-aec8-9ac616a671ae,true,
7ff0ae5a-4136-457d-9294-0795ec9897c0,208856e6-47d8-460b-9fd7-9b74262075ae,true,
7ff0ae5a-4136-457d-9294-0795ec9897c0,184e8649-64f5-4acd-9569-06236101857f,true,
7ff0ae5a-4136-457d-9294-0795ec9897c0,a3240f4a-ea6f-445a-bce8-1e196f0e1e03,true,
7ff0ae5a-4136-457d-9294-0795ec9897c0,85ae3b2e-9b03-4147-be04-28af9c1be291,true,
7ff0ae5a-4136-457d-9294-0795ec9897c0,cf7bef04-9309-4fd9-bf0f-41cc94e73088,true,
7ff0ae5a-4136-457d-9294-0795ec9897c0,340017e8-8565-4617-9a17-76a30a4f00eb,true,
7ff0ae5a-4136-457d-9294-0795ec9897c0,9b54b5e9-65d4-4a02-8b0b-b6cfa366732b,true,
7ff0ae5a-4136-457d-9294-0795ec9897c0,d42bddbd-64b1-4b10-9c20-15c06234ed9d,true,
7ff0ae5a-4136-457d-9294-0795ec9897c0,4b3de3dd-dba8-469f-9f48-759c4d1c74d2,true,
7ff0ae5a-4136-457d-9294-0795ec9897c0,7df850ca-d6fe-4830-ab0f-1aaf636fcbdd,true,
7ff0ae5a-4136-457d-9294-0795ec9897c0,040cbfa8-3d0f-490e-b4a8-96108fb792b2,true,
7ff0ae5a-4136-457d-9294-0795ec9897c0,5e2e528f-d217-48d5-8f3c-407392bc314c,true,
7ff0ae5a-4136-457d-9294-0795ec9897c0,945caf9c-c023-4fda-b2ce-e44fa15ebbc4,true,
7ff0ae5a-4136-457d-9294-0795ec9897c0,c20fbfe2-092f-4c14-8bdf-78c12f617026,true,
7ff0ae5a-4136-457d-9294-0795ec9897c0,2104cf62-ae3b-4d2a-876f-483fb413fd2a,true,
7ff0ae5a-4136-457d-9294-0795ec9897c0,53046c41-662d-4055-9a91-41d13002f612,true,
7ff0ae5a-4136-457d-9294-0795ec9897c0,d6029b70-a0c1-4efd-87f9-14e30fbbbd5b,true,
7ff0ae5a-4136-457d-9294-0795ec9897c0,2f0f5cec-d68d-4009-b6b3-ae6f48a1b621,true,
7ff0ae5a-4136-457d-9294-0795ec9897c0,5cdf364e-896e-4c13-8fda-791945826ff0,true,
7ff0ae5a-4136-457d-9294-0795ec9897c0,b522393e-6cd6-4129-a3ca-dc23c61bb59c,true,
7ff0ae5a-4136-457d-9294-0795ec9897c0,65b043cb-d861-408a-b594-edddc39a53ab,true,
7ff0ae5a-4136-457d-9294-0795ec9897c0,bbe5ba15-6382-46cb-acd4-3c6c7af19a93,true,
7ff0ae5a-4136-457d-9294-0795ec9897c0,d41b9021-e5eb-4dc9-a513-f43974ec3186,true,
7ff0ae5a-4136-457d-9294-0795ec9897c0,6884162b-b802-49ff-bcce-5f9b14a3ffc8,true,
7ff0ae5a-4136-457d-9294-0795ec9897c0,0b22c7d4-75e6-4cdd-8a5d-d0a005732d6d,true,
7ff0ae5a-4136-457d-9294-0795ec9897c0,58d617f1-3cba-4a95-abf0-41f671aa17f7,true,
7ff0ae5a-4136-457d-9294-0795ec9897c0,7cddc5dc-852d-4c02-a6b1-873ae4fab8c8,true,
7ff0ae5a-4136-457d-9294-0795ec9897c0,ccbf65cd-0e57-4d66-87df-0c93350a6a1c,true,
7ff0ae5a-4136-457d-9294-0795ec9897c0,bd0f894e-a4d0-4634-b169-51509af4899f,true,
7ff0ae5a-4136-457d-9294-0795ec9897c0,b433700b-2844-475a-be12-2f8b65c23449,true,
7ff0ae5a-4136-457d-9294-0795ec9897c0,9d14abb4-2720-4b7e-a517-810e672eb7ad,true,
7ff0ae5a-4136-457d-9294-0795ec9897c0,08ea03e5-2196-42b1-864a-202e2ef7ce96,true,
7ff0ae5a-4136-457d-9294-0795ec9897c0,356e1a4d-8c21-4c69-bb98-148d7134ff06,true,
7ff0ae5a-4136-457d-9294-0795ec9897c0,7e486b90-8a29-4818-b712-caa6b1b97007,true,
7ff0ae5a-4136-457d-9294-0795ec9897c0,37586541-f3b5-43c2-8f52-ececebdd5d4b,true,
7ff0ae5a-4136-457d-9294-0795ec9897c0,11b4b267-9b4b-4b13-a297-b6f6931ad8bf,true,
7ff0ae5a-4136-457d-9294-0795ec9897c0,b79bf6e6-90ea-4dba-9539-832d75cc599a,true,
7ff0ae5a-4136-457d-9294-0795ec9897c0,c573ec8e-0cb0-4412-8003-59ec6f0faf71,true,
7ff0ae5a-4136-457d-9294-0795ec9897c0,8ca29545-1e49-45f4-bc8f-f3e22246aba3,true,
7ff0ae5a-4136-457d-9294-0795ec9897c0,8f4f043f-b426-4ec5-8a15-6cf88720c2d8,true,
7ff0ae5a-4136-457d-9294-0795ec9897c0,47c63f2f-f457-4d98-9406-8a3a04bf5a82,true,
7ff0ae5a-4136-457d-9294-0795ec9897c0,33db8716-cb9b-47c1-8fe2-3cd162ac3143,true,
7ff0ae5a-4136-457d-9294-0795ec9897c0,54b4a9b1-153b-4b8a-beb7-806c2e576d59,true,
7ff0ae5a-4136-457d-9294-0795ec9897c0,0db2dfa8-d5ff-4cbd-a7b8-49b19372a6f1,true,
7ff0ae5a-4136-457d-9294-0795ec9897c0,9878be49-4275-414b-8c0f-9b901ebc73ea,true,
7ff0ae5a-4136-457d-9294-0795ec9897c0,f65292cd-f6fb-48a0-a236-acd0a7506fe3,true,
7ff0ae5a-4136-457d-9294-0795ec9897c0,5ec6e540-ba52-4710-95c8-112a6ceafbc7,true,
7ff0ae5a-4136-457d-9294-0795ec9897c0,b8717091-9179-43e1-a68f-10b90157f358,true,
7ff0ae5a-4136-457d-9294-0795ec9897c0,97877184-552f-42b9-9251-6601851931c2,true,
7ff0ae5a-4136-457d-9294-0795ec9897c0,0908ff7f-2449-4d2c-a411-da3600a76010,true,
7ff0ae5a-4136-457d-9294-0795ec9897c0,62fb7a24-28eb-46e4-8684-ef963dd5bba7,true,
7ff0ae5a-4136-457d-9294-0795ec9897c0,3b6534aa-ed33-4a8b-8e1b-2bb681cb2a68,true,
7ff0ae5a-4136-457d-9294-0795ec9897c0,913ff45a-9ab8-4142-b62e-96cf5bd8e556,true,
7ff0ae5a-4136-457d-9294-0795ec9897c0,c26130be-ce27-4edd-9c6c-ec160fe5be5c,true,
7ff0ae5a-4136-457d-9294-0795ec9897c0,3fcf91cd-3cf5-4d8b-8c81-1ea695f563dc,true,
7ff0ae5a-4136-457d-9294-0795ec9897c0,1c6ea738-4bc6-4c0d-8044-94c9db2d24bc,true,
7ff0ae5a-4136-457d-9294-0795ec9897c0,08a43bdb-b72f-432f-8fc4-4c7b83d17139,true,
7ff0ae5a-4136-457d-9294-0795ec9897c0,991fb8ac-ac0c-4c04-9d39-d853a78b31d3,true,
7ff0ae5a-4136-457d-9294-0795ec9897c0,ec968288-9ebc-48e0-a60d-c1cecc786b0f,true,
7ff0ae5a-4136-457d-9294-0795ec9897c0,b9af683d-ca02-4512-899b-42ef0b5bf745,true,
7ff0ae5a-4136-457d-9294-0795ec9897c0,1bbec57d-2ad7-4db6-872c-4204bec4af1f,true,
7ff0ae5a-4136-457d-9294-0795ec9897c0,fe22536c-4121-41bf-90b9-8dd9f8b2a3d1,true,
7ff0ae5a-4136-457d-9294-0795ec9897c0,23862a9b-6ec0-4d05-9d9e-73070666beb2,true,
7ff0ae5a-4136-457d-9294-0795ec9897c0,db355ed6-5ee5-4281-9178-5a1c8fe410d0,true,
7ff0ae5a-4136-457d-9294-0795ec9897c0,9359077c-3c9e-400a-aa9d-da690dc15162,true,
7ff0ae5a-4136-457d-9294-0795ec9897c0,48cf3250-1c60-45e0-8f9d-2103a3d0fab7,true,
7ff0ae5a-4136-457d-9294-0795ec9897c0,5e7718d1-12a7-4cd1-997f-4a3e2d51fa8f,true,
7ff0ae5a-4136-457d-9294-0795ec9897c0,70d74e06-3523-48f0-8d1c-6b38e1d5bc6c,true,
7ff0ae5a-4136-457d-9294-0795ec9897c0,d217f5f1-7435-41b4-965f-506ae09c808f,true,
7ff0ae5a-4136-457d-9294-0795ec9897c0,6dee72ee-b626-4142-9c82-965e4bb1a0c4,true,
7ff0ae5a-4136-457d-9294-0795ec9897c0,37ada2a1-6ba0-44d3-8d06-ee8fd2cc336d,true,
7ff0ae5a-4136-457d-9294-0795ec9897c0,1e2a545c-4e58-43f8-be01-06909e81f7f7,true,
7ff0ae5a-4136-457d-9294-0795ec9897c0,464e449e-758c-4c57-aeeb-26c782269131,true,
7ff0ae5a-4136-457d-9294-0795ec9897c0,ba8ad249-05fc-49b3-8214-f5df9fb217ab,true,
7ff0ae5a-4136-457d-9294-0795ec9897c0,b3bec575-582e-4528-8a9e-05ff8b40b4bb,true,
7ff0ae5a-4136-457d-9294-0795ec9897c0,8308e5e7-dff1-4328-923a-c5372028881f,true,
7ff0ae5a-4136-457d-9294-0795ec9897c0,8f04b25e-39f4-4809-8e22-e1e264c9d05c,true,
7ff0ae5a-4136-457d-9294-0795ec9897c0,881fa34f-1c19-4784-9387-5a5995ec58e7,true,
7ff0ae5a-4136-457d-9294-0795ec9897c0,70cf84d3-25a1-4870-92bb-b95dd1ad23b3,true,
7ff0ae5a-4136-457d-9294-0795ec9897c0,ab499f35-5030-4801-baaf-a42e7e1ede18,true,
7ff0ae5a-4136-457d-9294-0795ec9897c0,1c4bd40d-42b7-489b-94ad-0b72b71fc3e0,true,
7ff0ae5a-4136-457d-9294-0795ec9897c0,c9f51bc5-57da-43e5-87ba-9016cf6761b8,true,
845e1c97-3bf2-49b6-9226-ecad2b42be94,8f7e9ad4-2410-40ae-a443-0631f19396be,true,
845e1c97-3bf2-49b6-9226-ecad2b42be94,04378df9-5c44-4851-80a3-13564741302b,true,
845e1c97-3bf2-49b6-9226-ecad2b42be94,22c0bdc0-dac7-4638-a721-4b3172ccfd65,false,[NO_5XX] Unexpected 5XX response: 504
845e1c97-3bf2-49b6-9226-ecad2b42be94,1bfed6f5-fafa-4319-8c05-8f7fe703be63,true,
845e1c97-3bf2-49b6-9226-ecad2b42be94,28ee337c-b4a5-442a-90b7-66502219e882,true,
845e1c97-3bf2-49b6-9226-ecad2b42be94,d4920b37-a1db-461c-b358-e2a0babfc570,true,
845e1c97-3bf2-49b6-9226-ecad2b42be94,ea5eee00-74d6-4dd4-82b3-f57ed6f03cce,true,
845e1c97-3bf2-49b6-9226-ecad2b42be94,2007caa2-85c3-4422-abfb-5a05704ed8b4,true,
845e1c97-3bf2-49b6-9226-ecad2b42be94,ad248a8c-d948-4edd-8775-9592c9239ab9,true,
845e1c97-3bf2-49b6-9226-ecad2b42be94,f6195cc0-ac42-41c9-8ee2-acf43c5f7bc9,true,
845e1c97-3bf2-49b6-9226-ecad2b42be94,248b7cb8-6481-4e24-b65f-de11eff718ca,true,
845e1c97-3bf2-49b6-9226-ecad2b42be94,9d5f3836-46ac-4312-a51e-49e86bfba8aa,true,
845e1c97-3bf2-49b6-9226-ecad2b42be94,a0834fa5-a47f-4a69-93d2-2401f11defcd,true,
845e1c97-3bf2-49b6-9226-ecad2b42be94,73aaf81b-4419-46fb-8c84-eb082c233218,true,
845e1c97-3bf2-49b6-9226-ecad2b42be94,052615fd-40cc-4bd5-a951-2cefceebd5ad,true,
845e1c97-3bf2-49b6-9226-ecad2b42be94,d50bb748-8e76-4c52-aca0-440e41316019,true,
845e1c97-3bf2-49b6-9226-ecad2b42be94,63712503-8def-4bb1-b4c9-bfe5de277378,true,
845e1c97-3bf2-49b6-9226-ecad2b42be94,aaa3069a-d3a5-4804-bde8-3ecdc6df2d7a,true,
845e1c97-3bf2-49b6-9226-ecad2b42be94,1f073c7a-fcb4-4a76-8373-dc691888a903,true,
845e1c97-3bf2-49b6-9226-ecad2b42be94,a67bd0e6-1443-4f25-9694-11e1c43cd246,true,
845e1c97-3bf2-49b6-9226-ecad2b42be94,0c1bd38e-7391-43a2-9bae-27bc4b493fae,true,
845e1c97-3bf2-49b6-9226-ecad2b42be94,606ec7ce-d25a-44a8-92a4-30ae05799fad,true,
845e1c97-3bf2-49b6-9226-ecad2b42be94,27c3ce83-e933-4b92-826e-9bfa80123b5d,true,
845e1c97-3bf2-49b6-9226-ecad2b42be94,295ceac0-f895-4fc1-855a-e55312d72dfe,true,
845e1c97-3bf2-49b6-9226-ecad2b42be94,65439a19-608f-4c2e-b231-a5f50bc1f178,true,
845e1c97-3bf2-49b6-9226-ecad2b42be94,a7a866e8-861e-4bdf-9692-c00fc94066f0,true,
845e1c97-3bf2-49b6-9226-ecad2b42be94,da30db08-393b-4975-a5b3-395aa76f34a4,true,
845e1c97-3bf2-49b6-9226-ecad2b42be94,b18e1422-912a-47c2-935e-d9a4e63f5fd8,true,
845e1c97-3bf2-49b6-9226-ecad2b42be94,35bae594-691d-4355-aa11-22b6ca67b013,true,
845e1c97-3bf2-49b6-9226-ecad2b42be94,a4e9ec24-b128-43a9-82cd-5c011e9f0a3e,true,
845e1c97-3bf2-49b6-9226-ecad2b42be94,586558a3-67c6-464b-b033-50153ee04dc2,true,
845e1c97-3bf2-49b6-9226-ecad2b42be94,481ceedb-0af7-49f9-932e-7f781b3d17d3,true,
845e1c97-3bf2-49b6-9226-ecad2b42be94,ada81e2c-6b59-4116-9e2f-e91b823e0c03,true,
845e1c97-3bf2-49b6-9226-ecad2b42be94,d75af03c-110b-4124-b86d-0fbd60bc2a2c,true,
845e1c97-3bf2-49b6-9226-ecad2b42be94,f121f1dc-2acd-41f2-87ae-1507308c5c6d,true,
845e1c97-3bf2-49b6-9226-ecad2b42be94,96a90a94-9930-4fc7-babf-6ab29f48fe01,true,
845e1c97-3bf2-49b6-9226-ecad2b42be94,f36a3740-f95c-4972-b734-106982458203,true,
845e1c97-3bf2-49b6-9226-ecad2b42be94,580f5cfb-0819-4038-9cb4-1295e9d33afe,true,
845e1c97-3bf2-49b6-9226-ecad2b42be94,7a82b4f1-a7b8-4865-958a-5a88a5ad816d,true,
845e1c97-3bf2-49b6-9226-ecad2b42be94,cfff87ab-af4b-4d78-a9bd-0750fe561717,true,
845e1c97-3bf2-49b6-9226-ecad2b42be94,37d41ac6-af44-480f-a438-4d6d3192abe6,true,
845e1c97-3bf2-49b6-9226-ecad2b42be94,eedc6a26-d219-411c-9a0f-683bb1f1da98,true,
845e1c97-3bf2-49b6-9226-ecad2b42be94,63d84032-432f-4bdb-acce-628a649b5191,true,
845e1c97-3bf2-49b6-9226-ecad2b42be94,6ddb67e5-4e5d-474c-a127-8cef012e2e69,true,
845e1c97-3bf2-49b6-9226-ecad2b42be94,5cfeb475-1479-45f9-875f-5a5a034e6912,true,
845e1c97-3bf2-49b6-9226-ecad2b42be94,4cb0fc83-eaec-4dc0-84a7-1b3adcb3efb8,true,
845e1c97-3bf2-49b6-9226-ecad2b42be94,b41cf62b-2466-4cda-ab41-4bafbb49f3b1,true,
845e1c97-3bf2-49b6-9226-ecad2b42be94,2aafe136-3088-400a-ad8d-7d2e17bd775e,true,
845e1c97-3bf2-49b6-9226-ecad2b42be94,e62143ce-b134-4582-ad34-be8b94e11569,true,
845e1c97-3bf2-49b6-9226-ecad2b42be94,a2a7a45a-809a-491d-aa76-7014dcc1a9d7,true,
845e1c97-3bf2-49b6-9226-ecad2b42be94,36581db4-ca46-4aba-9d72-b27207a36d22,true,
845e1c97-3bf2-49b6-9226-ecad2b42be94,340a2a2f-0fed-461d-96c3-2e01b66efc4f,true,
845e1c97-3bf2-49b6-9226-ecad2b42be94,b946ad31-5cf0-4800-97fd-855bd551d876,true,
845e1c97-3bf2-49b6-9226-ecad2b42be94,568438e2-6837-4b5b-b3ef-310228bd6327,true,
845e1c97-3bf2-49b6-9226-ecad2b42be94,2800c1b8-3756-4441-a2a4-9c268af5eeaa,true,
845e1c97-3bf2-49b6-9226-ecad2b42be94,1af3e912-c22b-495a-bea7-9e45aefb0797,true,
845e1c97-3bf2-49b6-9226-ecad2b42be94,e5ca578c-099f-410d-873f-75990a9a34fb,true,
845e1c97-3bf2-49b6-9226-ecad2b42be94,c73aff00-00af-4cd4-8ad7-76b4cdf0c7f3,true,
20fcda0b-951f-43f4-9650-291321fbb60b,6918dbfc-1eba-42d3-b9cd-c94e3d96cbea,true,
20fcda0b-951f-43f4-9650-291321fbb60b,aefdc9b6-ad17-4c93-929d-d6242e03894d,true,
20fcda0b-951f-43f4-9650-291321fbb60b,c1abcf97-dcb4-441e-b08f-e381f4fc7ea8,false,[NO_5XX] Unexpected 5XX response: 500
20fcda0b-951f-43f4-9650-291321fbb60b,7a37ab91-e4a5-47a4-b24c-00055743075f,true,
20fcda0b-951f-43f4-9650-291321fbb60b,3c7f8a43-609f-4106-98e3-a0cee463c50a,true,
20fcda0b-951f-43f4-9650-291321fbb60b,a6c65ac2-79cb-44e7-a1d1-8fcb7483f8bc,true,
20fcda0b-951f-43f4-9650-291321fbb60b,ead5eb0e-1ca2-41da-bff9-112a13702bc9,true,
20fcda0b-951f-43f4-9650-291321fbb60b,66e67f71-f57d-4bf2-845e-bba0285a2c84,true,
20fcda0b-951f-43f4-9650-291321fbb60b,e47a0d3d-5720-440b-87ac-4dc0eef75797,true,
20fcda0b-951f-43f4-9650-291321fbb60b,dbc057c2-5e93-4529-bdb4-cc57646c0319,true,
20fcda0b-951f-43f4-9650-291321fbb60b,8f93d5cf-17db-422b-863a-e1cf74a4dcf1,true,
20fcda0b-951f-43f4-9650-291321fbb60b,ec8f9bb8-1ff0-474d-87ab-187970bb0306,true,
20fcda0b-951f-43f4-9650-291321fbb60b,391329cd-c5f8-4d3a-bd1d-fe007f5b1950,true,
20fcda0b-951f-43f4-9650-291321fbb60b,e2d7700d-2179-47e8-861a-49e9e6d021e8,true,
20fcda0b-951f-43f4-9650-291321fbb60b,c0d52c27-01ac-49c9-811a-486453ef73e6,true,
20fcda0b-951f-43f4-9650-291321fbb60b,48c17e82-47b4-4b59-8f5b-5db5f142bb53,true,
20fcda0b-951f-43f4-9650-291321fbb60b,a70932f0-5b68-4112-81ce-1af75d6119c2,true,
20fcda0b-951f-43f4-9650-291321fbb60b,69ccceca-124b-40e9-b774-ae1bf6ab8c42,true,
20fcda0b-951f-43f4-9650-291321fbb60b,ffd46cc1-e72e-40d5-9fc1-5c41a12ac0b6,true,
20fcda0b-951f-43f4-9650-291321fbb60b,9863e307-5634-4ceb-a070-36d3971ab0dd,true,
20fcda0b-951f-43f4-9650-291321fbb60b,0749843f-8614-48d6-b89f-f1a4f2c2b0a5,true,
20fcda0b-951f-43f4-9650-291321fbb60b,fb5037e2-acd4-4fb0-afa2-a167500e2a36,true,
20fcda0b-951f-43f4-9650-291321fbb60b,645e2fd4-999a-445f-bb3b-0637349e7df5,true,
20fcda0b-951f-43f4-9650-291321fbb60b,35bde465-51ce-448b-ba79-2a761044eaa1,true,
20fcda0b-951f-43f4-9650-291321fbb60b,c26699ae-6975-4eef-a028-dcc9781b5861,true,
20fcda0b-951f-43f4-9650-291321fbb60b,6ee230fc-e77a-447a-bec5-66459806c7f4,true,
20fcda0b-951f-43f4-9650-291321fbb60b,12642956-b438-46d2-b240-b133b33ce77e,true,
20fcda0b-951f-43f4-9650-291321fbb60b,c0a16759-a8e2-4252-8270-b2a9e8289ee1,true,
20fcda0b-951f-43f4-9650-291321fbb60b,eb23469c-19f6-4c79-b7aa-4690c9858c77,true,
20fcda0b-951f-43f4-9650-291321fbb60b,e2640365-1b15-4bbb-b794-040469079854,true,
20fcda0b-951f-43f4-9650-291321fbb60b,a87d6203-8864-4962-b32d-dd8a583dcf67,true,
20fcda0b-951f-43f4-9650-291321fbb60b,12cb3648-828d-4c6d-8bf0-1341f88e7c8e,true,
20fcda0b-951f-43f4-9650-291321fbb60b,e1d07671-a83c-42f0-9d20-3714f5925d00,true,
20fcda0b-951f-43f4-9650-291321fbb60b,2007324c-d22e-4fc0-a77d-92a9a14e7d45,true,
20fcda0b-951f-43f4-9650-291321fbb60b,79ac3e77-1a0f-4627-a6cb-91e4e07dc9b9,true,
20fcda0b-951f-43f4-9650-291321fbb60b,5aa6bfac-6c42-466b-b16d-f1bd71bd7825,true,
20fcda0b-951f-43f4-9650-291321fbb60b,444fcde3-2382-4ba5-8e02-559df4feeb3b,true,
20fcda0b-951f-43f4-9650-291321fbb60b,8b8e514e-da04-40ee-872a-7ab3c06008aa,true,
20fcda0b-951f-43f4-9650-291321fbb60b,bc9f6c20-73f3-40d3-a4b7-425e7e226320,true,
20fcda0b-951f-43f4-9650-291321fbb60b,301d7162-c45f-4095-a398-c614d6247252,true,
20fcda0b-951f-43f4-9650-291321fbb60b,d58c2824-967f-4b4b-a02a-4ecbf8a33dd4,true,
20fcda0b-951f-43f4-9650-291321fbb60b,325078b5-02cf-4c41-b0d3-e0a46f76253b,true,
20fcda0b-951f-43f4-9650-291321fbb60b,2c626c37-1c92-4351-ae7b-91b4a8ddabc3,true,
20fcda0b-951f-43f4-9650-291321fbb60b,93dca499-582b-49cd-a26a-b0e228dc4013,true,
20fcda0b-951f-43f4-9650-291321fbb60b,dc3eecbf-8e05-438e-bfd5-e2a9b4c73075,true,
20fcda0b-951f-43f4-9650-291321fbb60b,89431508-e7ec-4269-bff0-6275e98fdfe5,true,
20fcda0b-951f-43f4-9650-291321fbb60b,12c03ed1-af73-44ea-b15e-aba3a088d157,true,
20fcda0b-951f-43f4-9650-291321fbb60b,c199d384-429f-4434-ae72-c4b13457efb1,true,
20fcda0b-951f-43f4-9650-291321fbb60b,df78cd63-9c84-42f8-ae3d-126cd22efdd3,true,
20fcda0b-951f-43f4-9650-291321fbb60b,64572c89-96f3-4ab1-8dc7-ac9508ff50e9,true,
20fcda0b-951f-43f4-9650-291321fbb60b,9d2ed0b0-a47f-45b0-a86a-13e71e6d1bbb,true,
20fcda0b-951f-43f4-9650-291321fbb60b,07d055d0-9eaa-4222-8c0e-7e56c876c13d,true,
20fcda0b-951f-43f4-9650-291321fbb60b,b992a1af-b873-486c-8e47-872b75537512,true,
20fcda0b-951f-43f4-9650-291321fbb60b,4a12369f-2ea2-4da6-a43c-9177b63ef080,true,
20fcda0b-951f-43f4-9650-291321fbb60b,9f115908-9e7f-40da-9e8d-43c0fc0c2a46,true,
20fcda0b-951f-43f4-9650-291321fbb60b,2d3f10fa-ed1f-4b25-b5b1-5c5bbe617ce6,true,
20fcda0b-951f-43f4-9650-291321fbb60b,82a917bf-5da4-43e7-bc9f-3dd17f3a3ab0,true,
20fcda0b-951f-43f4-9650-291321fbb60b,4cf7c6c8-cb22-4c56-956b-3b439c026162,true,
20fcda0b-951f-43f4-9650-291321fbb60b,3dcbe3d7-f042-40a1-9917-d2e0e5273c32,true,
20fcda0b-951f-43f4-9650-291321fbb60b,0c0277aa-8e53-48dd-b2bc-6402921f929e,true,
20fcda0b-951f-43f4-9650-291321fbb60b,8d18f559-1dcc-44e9-9b4c-13e9f1f4d0b4,true,
20fcda0b-951f-43f4-9650-291321fbb60b,d0543c97-b180-4d23-801c-19137edfe599,true,
20fcda0b-951f-43f4-9650-291321fbb60b,e254fb58-5d7b-4535-9155-fa33f0cac092,true,
20fcda0b-951f-43f4-9650-291321fbb60b,590f61f1-d899-45ac-b722-a5f5573d539a,true,
20fcda0b-951f-43f4-9650-291321fbb60b,f357e9ca-82a3-412e-8462-d02293e02a2b,true,
20fcda0b-951f-43f4-9650-291321fbb60b,5377fd8c-5ed1-4070-90ae-af8a70bdb507,true,
20fcda0b-951f-43f4-9650-291321fbb60b,7218f9ef-e2ca-4d60-a734-978c02d83b4e,true,
20fcda0b-951f-43f4-9650-291321fbb60b,f95f4731-bb07-4c8b-b8a9-ed9cfe514548,true,
20fcda0b-951f-43f4-9650-291321fbb60b,d5f0f83b-3d1e-4e98-a6dc-dd1aba25241e,true,
20fcda0b-951f-43f4-9650-291321fbb60b,8f64b837-905c-42d5-80bf-935672f9d050,true,
20fcda0b-951f-43f4-9650-291321fbb60b,c0884413-c418-421a-94cd-a8c5ac3ad644,true,
20fcda0b-951f-43f4-9650-291321fbb60b,111bcf16-9870-4c13-b60d-b0d7169a9d00,true,
20fcda0b-951f-43f4-9650-291321fbb60b,bedc036d-dfcc-43c7-8846-46c1e3f04a5a,true,
20fcda0b-951f-43f4-9650-291321fbb60b,26ed91fa-3716-4fe3-8460-c9a97e22a5c9,true,
20fcda0b-951f-43f4-9650-291321fbb60b,9bbabd07-4593-4e8b-8ca6-ea84f4c1fcd6,true,
20fcda0b-951f-43f4-9650-291321fbb60b,55d1eda1-77aa-4013-9b6a-d647de583f02,true,
20fcda0b-951f-43f4-9650-291321fbb60b,cc362eaa-7533-4f75-b10f-e88911142c48,true,
20fcda0b-951f-43f4-9650-291321fbb60b,2cd7b6c3-9045-49a0-9661-4daf218aade8,true,
20fcda0b-951f-43f4-9650-291321fbb60b,8fba42dd-768a-4d23-a801-5836ef0276fa,true,
20fcda0b-951f-43f4-9650-291321fbb60b,cabb67bf-f425-4c06-a73f-2c902a9ea88c,true,
20fcda0b-951f-43f4-9650-291321fbb60b,6375da93-0aa0-44c1-8977-6b331a3322d5,true,
20fcda0b-951f-43f4-9650-291321fbb60b,2809d98e-297c-4541-9359-76287e6fb8d4,true,
20fcda0b-951f-43f4-9650-291321fbb60b,77e80329-fd3b-4c99-8f6f-ba5df3b2cd25,true,
20fcda0b-951f-43f4-9650-291321fbb60b,1235aae9-c485-4536-897b-d4a51c5725b2,true,
20fcda0b-951f-43f4-9650-291321fbb60b,87a4a28a-0eb2-4b50-bc4b-9f09b5921d20,true,
20fcda0b-951f-43f4-9650-291321fbb60b,af92fa6d-6b78-4715-92e1-62bf51788cda,true,
20fcda0b-951f-43f4-9650-291321fbb60b,1accff5c-ceed-4c18-8193-e11aeec0252b,true,
20fcda0b-951f-43f4-9650-291321fbb60b,72253719-4c29-4fe5-b7e2-7faedf186026,true,
20fcda0b-951f-43f4-9650-291321fbb60b,73e3af2e-fe9c-4bf8-bc11-2dd738dce2a4,true,
20fcda0b-951f-43f4-9650-291321fbb60b,7ee3b056-b221-4b14-9056-ba0a2d1cf0fa,true,
20fcda0b-951f-43f4-9650-291321fbb60b,71d4a9b2-824f-4a76-b0be-7bb6d40c4838,true,
20fcda0b-951f-43f4-9650-291321fbb60b,1513e268-1bd8-4c61-86c9-618e53fa75d1,true,
20fcda0b-951f-43f4-9650-291321fbb60b,b22418b1-10d6-44dd-9730-280eae36e3e1,true,
20fcda0b-951f-43f4-9650-291321fbb60b,a04d9ba7-1905-4a88-8960-56ecef189281,true,
20fcda0b-951f-43f4-9650-291321fbb60b,2c75bd62-942d-4c57-9a6b-4ce8a7787ca7,true,
20fcda0b-951f-43f4-9650-291321fbb60b,295ee5fb-ced5-4ef4-989b-ce0a48a5ecb7,true,
20fcda0b-951f-43f4-9650-291321fbb60b,41292cb0-4a4a-4a67-8cbc-93bd3c13675a,true,
20fcda0b-951f-43f4-9650-291321fbb60b,914717e1-7678-4d84-90df-05b841dd8664,true,
20fcda0b-951f-43f4-9650-291321fbb60b,221002e2-c568-4399-b74e-db14a72321a1,true,
20fcda0b-951f-43f4-9650-291321fbb60b,d615c000-4109-4709-9648-a2bf1f417d98,true,
20fcda0b-951f-43f4-9650-291321fbb60b,ab472bfc-ffc9-4240-a83a-19a120a4bb36,true,
20fcda0b-951f-43f4-9650-291321fbb60b,6eadf72d-d24f-4ee1-b2b4-b04858c7e5b1,true,
20fcda0b-951f-43f4-9650-291321fbb60b,0a7a57b5-dbb2-4dc1-b6e2-3d332f27862f,true,
20fcda0b-951f-43f4-9650-291321fbb60b,1455f243-f93a-45ac-b3a7-50af9314712a,true,
20fcda0b-951f-43f4-9650-291321fbb60b,9b34d263-291c-48ee-b539-8fd5ce29c1e7,true,
20fcda0b-951f-43f4-9650-291321fbb60b,343c14af-2fbd-4699-b45e-f3be4e75ac7c,true,
20fcda0b-951f-43f4-9650-291321fbb60b,4c88ff73-7a67-4ce2-9dec-5d72d928fd95,true,
20fcda0b-951f-43f4-9650-291321fbb60b,fb148b53-082b-4f10-9566-c85309625cee,true,
20fcda0b-951f-43f4-9650-291321fbb60b,e5783eed-9aa1-4497-80a1-cd06df56a509,true,
20fcda0b-951f-43f4-9650-291321fbb60b,b9be7783-03e3-4656-a2df-dd33965b58f8,true,
20fcda0b-951f-43f4-9650-291321fbb60b,bedd44ef-8463-4ea9-ba4e-c8281e7e1fad,true,
20fcda0b-951f-43f4-9650-291321fbb60b,26ff14d8-f6d0-4101-a464-c85d0aab7828,true,
20fcda0b-951f-43f4-9650-291321fbb60b,b4806de0-ddbe-41f7-af50-bd295a8e2246,true,
20fcda0b-951f-43f4-9650-291321fbb60b,160d06a4-17ce-4330-8534-5783696fae23,true,
20fcda0b-951f-43f4-9650-291321fbb60b,73c6a05d-aad2-4a4c-849d-eecd44641c1d,true,
20fcda0b-951f-43f4-9650-291321fbb60b,f2427ec5-0288-4c5d-bbab-a7f340417cbc,true,
20fcda0b-951f-43f4-9650-291321fbb60b,53c34fe9-8b93-4c96-b073-e902218f00b9,true,
20fcda0b-951f-43f4-9650-291321fbb60b,0a22fa69-da54-4772-9f78-9e7c94a7a060,true,
20fcda0b-951f-43f4-9650-291321fbb60b,19ad2cb7-0dc9-46c8-bde6-c34414714a47,true,
20fcda0b-951f-43f4-9650-291321fbb60b,fc4c4738-5667-418f-a2b9-280cf2138615,true,
20fcda0b-951f-43f4-9650-291321fbb60b,9dc601e4-0927-458f-86d8-4bee2dc950de,true,
20fcda0b-951f-43f4-9650-291321fbb60b,fd982b3d-c975-4bbc-b6cb-5776730ebcbb,true,
20fcda0b-951f-43f4-9650-291321fbb60b,df25a8b5-d486-4357-af50-eee5c94d87f2,true,
20fcda0b-951f-43f4-9650-291321fbb60b,60d89cde-ad03-4a98-8469-36b77b8fc510,true,
20fcda0b-951f-43f4-9650-291321fbb60b,52b6c8ac-f2d3-441f-aabf-fe027b91b046,true,
20fcda0b-951f-43f4-9650-291321fbb60b,6053a025-f4a3-464a-947b-6217ba5b1f92,true,
20fcda0b-951f-43f4-9650-291321fbb60b,1bcbe847-b820-4366-aa8a-f5b841d052b6,true,
20fcda0b-951f-43f4-9650-291321fbb60b,09aa19ab-8745-42c9-984f-4de79b7ced70,true,
20fcda0b-951f-43f4-9650-291321fbb60b,d2dcaf6e-9ae6-4240-aedb-fe63dd295940,true,
20fcda0b-951f-43f4-9650-291321fbb60b,3d760dd0-82f2-4a29-80ae-8492d610e292,true,
20fcda0b-951f-43f4-9650-291321fbb60b,4b933a6a-cb6f-465c-bc6e-0ace681fc484,true,
20fcda0b-951f-43f4-9650-291321fbb60b,da69b93f-ae5e-418e-8dda-934bbd034338,true,
20fcda0b-951f-43f4-9650-291321fbb60b,7a2ce4aa-01cb-4f24-8335-c39781c8638b,true,
20fcda0b-951f-43f4-9650-291321fbb60b,e865f4a5-2c49-4013-83c7-28d5aba14dc5,true,
20fcda0b-951f-43f4-9650-291321fbb60b,2419399c-e89d-4d55-b8ff-455c0d0f1854,true,
20fcda0b-951f-43f4-9650-291321fbb60b,b8f67712-a19f-478a-b000-125cb57e5920,true,
20fcda0b-951f-43f4-9650-291321fbb60b,ed3544d1-4ca0-405a-a532-4e2033420e85,true,
20fcda0b-951f-43f4-9650-291321fbb60b,fcbf486e-90b5-401f-864f-9d6e69d6aea0,true,
20fcda0b-951f-43f4-9650-291321fbb60b,19ea6ead-fe8e-4a10-8227-d461c7a82dfe,true,
20fcda0b-951f-43f4-9650-291321fbb60b,d51f2663-f1a0-4262-a674-ed57de899c96,true,
20fcda0b-951f-43f4-9650-291321fbb60b,a806a150-da91-4632-81f8-9128191925e8,true,
20fcda0b-951f-43f4-9650-291321fbb60b,cd707a65-5d39-4626-9e3b-b148e9a37978,true,
20fcda0b-951f-43f4-9650-291321fbb60b,1ff5c8f6-19e6-4898-b4e3-d6627801ed97,true,
20fcda0b-951f-43f4-9650-291321fbb60b,b3a27b3c-efff-4b2f-a5a6-14d5122bc841,true,
20fcda0b-951f-43f4-9650-291321fbb60b,299b9fef-ee9a-45f9-a819-1c62651d7339,true,
20fcda0b-951f-43f4-9650-291321fbb60b,dc4b7568-38a4-4a03-a753-3a8995126e58,true,
20fcda0b-951f-43f4-9650-291321fbb60b,b69d39f6-743d-42f1-8b74-b1f7be17f1cd,true,
20fcda0b-951f-43f4-9650-291321fbb60b,eb50fd82-6e6c-487e-8846-d66c44f1a0ab,true,
20fcda0b-951f-43f4-9650-291321fbb60b,a8348527-ab9f-47cc-85f7-415a176e5e81,true,
20fcda0b-951f-43f4-9650-291321fbb60b,79ea4619-0ec5-478b-9555-958deecf3e19,true,
20fcda0b-951f-43f4-9650-291321fbb60b,23c42c4f-361b-4270-9463-04a16a8b61a9,true,
20fcda0b-951f-43f4-9650-291321fbb60b,60f039fb-ef47-428f-af29-ef782b1f5da8,true,
20fcda0b-951f-43f4-9650-291321fbb60b,52327c8e-4301-42b9-be34-efe40f2319fb,true,
20fcda0b-951f-43f4-9650-291321fbb60b,e0483ed8-e3e2-453b-8b1c-b6068005e74f,true,
20fcda0b-951f-43f4-9650-291321fbb60b,9c3af1a9-b762-4351-8b06-d7b91ee4add3,true,
20fcda0b-951f-43f4-9650-291321fbb60b,71f7575a-6eba-4b95-a804-e26cf2f4257c,true,
20fcda0b-951f-43f4-9650-291321fbb60b,3fa5613e-ec4a-4f08-a71f-33daeb49f029,true,
20fcda0b-951f-43f4-9650-291321fbb60b,66ba4531-e1b3-43af-871b-966b90dbabbd,true,
20fcda0b-951f-43f4-9650-291321fbb60b,75abee52-0805-4434-9f3f-339c86e01d0b,true,
20fcda0b-951f-43f4-9650-291321fbb60b,1b3f1882-c199-403e-9f89-daccbc20a495,true,
20fcda0b-951f-43f4-9650-291321fbb60b,1fd74f88-2313-48ea-98be-11add28beb1c,true,
20fcda0b-951f-43f4-9650-291321fbb60b,0ff883df-89b2-4e41-92d4-1dc9e13220ec,true,
20fcda0b-951f-43f4-9650-291321fbb60b,9cbbcff7-6695-438d-87f3-8f689d3e4e96,true,
20fcda0b-951f-43f4-9650-291321fbb60b,b87a7671-f068-47c6-81d2-ef9afbd7121c,true,
20fcda0b-951f-43f4-9650-291321fbb60b,c72e17fe-8cf8-453e-8d8c-99d81ea78590,true,
20fcda0b-951f-43f4-9650-291321fbb60b,6ecf6e66-800f-4a43-8c01-ce7ad0533c3a,true,
20fcda0b-951f-43f4-9650-291321fbb60b,5d920cd1-f9f0-4eed-b48b-a918b56e8875,true,
20fcda0b-951f-43f4-9650-291321fbb60b,4b6d1d1f-0c95-4e49-85c8-9a7595e2b471,true,
20fcda0b-951f-43f4-9650-291321fbb60b,59eb752e-149a-432f-92e8-8faafb813648,true,
20fcda0b-951f-43f4-9650-291321fbb60b,e9e98e6e-e78a-47ed-82a1-3b66885bdba4,true,
20fcda0b-951f-43f4-9650-291321fbb60b,0e8d206b-7273-4d52-84a7-8caaa8b4f867,true,
20fcda0b-951f-43f4-9650-291321fbb60b,1bb2dafb-8247-4841-a0b0-ecd655e2d418,true,
20fcda0b-951f-43f4-9650-291321fbb60b,911258bb-f81c-4b44-a2db-a08be38bc452,true,
20fcda0b-951f-43f4-9650-291321fbb60b,eeb6fb61-97d7-4f48-81bd-c3248920889b,true,
20fcda0b-951f-43f4-9650-291321fbb60b,dd0a98fa-da41-45fd-b9fd-2a5b6fc98109,true,
20fcda0b-951f-43f4-9650-291321fbb60b,bb8982d6-547d-4032-888c-f2b9f6fa179f,true,
20fcda0b-951f-43f4-9650-291321fbb60b,8ed15112-388d-414e-810f-6716c839ca12,true,
20fcda0b-951f-43f4-9650-291321fbb60b,6a6bd216-25a3-4fde-b417-e94070ece547,true,
20fcda0b-951f-43f4-9650-291321fbb60b,a4c43612-11b6-4fa1-ad39-7780c2c5f5b9,true,
20fcda0b-951f-43f4-9650-291321fbb60b,6d3169a6-1268-4fe9-93b2-bd59cfe40ba2,true,
20fcda0b-951f-43f4-9650-291321fbb60b,b5d0a2f6-1dd2-459b-97a2-8ebffff70806,true,
20fcda0b-951f-43f4-9650-291321fbb60b,6d2fe5be-bef4-42ea-92e0-9d7f0c5266a3,true,
20fcda0b-951f-43f4-9650-291321fbb60b,50f899d5-42a4-4845-b408-47a4fb1443f9,true,
20fcda0b-951f-43f4-9650-291321fbb60b,b357f4f1-558c-4112-b27f-50cd64d8e383,true,
20fcda0b-951f-43f4-9650-291321fbb60b,097def18-4977-4fbf-a4b9-ca2e008af377,true,
20fcda0b-951f-43f4-9650-291321fbb60b,5c31e909-e379-479a-8788-f66df4eee7a8,true,
20fcda0b-951f-43f4-9650-291321fbb60b,45d21541-231a-4e51-965f-de8638c1f0b8,true,
20fcda0b-951f-43f4-9650-291321fbb60b,43cd27b6-df73-4254-9791-5a62af27b5ec,true,
20fcda0b-951f-43f4-9650-291321fbb60b,4ca24b38-1474-4f90-a66a-cd9e8db010e5,true,
20fcda0b-951f-43f4-9650-291321fbb60b,e6940fe7-a8bc-4c03-8e91-37314c6988c4,true,
20fcda0b-951f-43f4-9650-291321fbb60b,ceda008d-7001-4dbe-927b-15041455d4ad,true,
20fcda0b-951f-43f4-9650-291321fbb60b,90aa2b73-eec1-431b-ad96-69621a9193d4,true,
20fcda0b-951f-43f4-9650-291321fbb60b,672cb4dd-e9e8-475f-841c-8e0431532e0f,true,
20fcda0b-951f-43f4-9650-291321fbb60b,3c82b7b1-899e-401d-8833-ce392d619dd8,true,
20fcda0b-951f-43f4-9650-291321fbb60b,6ae31cf4-c8bd-4643-8f08-e07ce80d1f2f,true,
20fcda0b-951f-43f4-9650-291321fbb60b,e9c8f81a-85cb-4bbe-a181-256389d5ecd5,true,
20fcda0b-951f-43f4-9650-291321fbb60b,2ad93645-dd3d-430c-811a-525fd449bc15,true,
20fcda0b-951f-43f4-9650-291321fbb60b,1e2157c0-b954-4a3a-a6e9-b50232ce5f53,true,
20fcda0b-951f-43f4-9650-291321fbb60b,1dcc78f7-49c2-4ac6-8813-1335a63f5f88,true,
20fcda0b-951f-43f4-9650-291321fbb60b,bf9b3d90-ce85-4161-94d2-e10cac554846,true,
20fcda0b-951f-43f4-9650-291321fbb60b,5ac31687-b0a5-4bc7-bc2b-1e405a926388,true,
20fcda0b-951f-43f4-9650-291321fbb60b,573e75f0-7488-4b3c-b9cf-190b3389b728,true,
20fcda0b-951f-43f4-9650-291321fbb60b,2b851d7c-a988-443f-9b14-f138036d4f72,true,
20fcda0b-951f-43f4-9650-291321fbb60b,417638c0-58f4-459f-a2f0-83eca6726fd1,true,
20fcda0b-951f-43f4-9650-291321fbb60b,e5564276-5c29-4970-96e4-c812719a8b78,true,
20fcda0b-951f-43f4-9650-291321fbb60b,6a55ebbf-d8ef-4782-8cae-33e47846a8fd,true,
20fcda0b-951f-43f4-9650-291321fbb60b,8116f0e0-2d43-4026-b961-d61110d2b234,true,
20fcda0b-951f-43f4-9650-291321fbb60b,eb44029b-6e9e-4df1-95b1-e6196fd4454f,true,
20fcda0b-951f-43f4-9650-291321fbb60b,4b0097ed-2169-4dcb-8b31-98b7ce57fa61,true,
20fcda0b-951f-43f4-9650-291321fbb60b,a5dee483-2bb6-4901-b004-dbbc59c3f488,true,
20fcda0b-951f-43f4-9650-291321fbb60b,466b9e21-b77f-472e-83fd-173c4b03b930,true,
20fcda0b-951f-43f4-9650-291321fbb60b,ac45b816-77a0-438e-baf7-c2e8c88052c6,true,
20fcda0b-951f-43f4-9650-291321fbb60b,7d93cd31-ff22-4f5a-ade4-b4094753419a,true,
20fcda0b-951f-43f4-9650-291321fbb60b,43499711-7329-4a91-859c-a6e162eec714,true,
20fcda0b-951f-43f4-9650-291321fbb60b,23aa6991-b975-4297-8296-b3affdb6e94c,true,
20fcda0b-951f-43f4-9650-291321fbb60b,2a6b98bc-8fa8-41e8-8a8d-f3ef6bd37891,true,
20fcda0b-951f-43f4-9650-291321fbb60b,0e632622-2fb7-4052-9426-03fcba801383,true,
20fcda0b-951f-43f4-9650-291321fbb60b,86418642-608a-44e7-a448-03f10453bec1,true,
20fcda0b-951f-43f4-9650-291321fbb60b,ea4a7295-8691-44a7-9ae1-9424b0fd4065,true,
20fcda0b-951f-43f4-9650-291321fbb60b,070917f4-1143-407e-befc-f4493cf903cc,true,
20fcda0b-951f-43f4-9650-291321fbb60b,74a59c28-20c5-43fb-ab78-fa857618caf7,true,
20fcda0b-951f-43f4-9650-291321fbb60b,4b976b66-d3d1-4160-9501-4393c456730d,true,
20fcda0b-951f-43f4-9650-291321fbb60b,2afcf971-a03b-457e-976c-4ab474f973b1,true,
20fcda0b-951f-43f4-9650-291321fbb60b,78b446e3-d43f-4eba-8090-caef74bdf4da,true,
20fcda0b-951f-43f4-9650-291321fbb60b,6dc11705-ddef-4c4b-a9cf-1cedf01a2eb7,true,
20fcda0b-951f-43f4-9650-291321fbb60b,85b70fb0-5dea-4650-966d-e6c09fbc8673,true,
20fcda0b-951f-43f4-9650-291321fbb60b,fb542716-314f-4d21-b3a5-24dbe0c4fc65,true,
20fcda0b-951f-43f4-9650-291321fbb60b,e1d7a869-6536-4836-936a-be368aeec29b,true,
20fcda0b-951f-43f4-9650-291321fbb60b,3f37a204-77a6-42f4-ba34-aa208a3a5577,true,
20fcda0b-951f-43f4-9650-291321fbb60b,c1afc129-ae89-40cd-94b8-71fe6cf35d93,true,
20fcda0b-951f-43f4-9650-291321fbb60b,06d12b41-6426-492b-9857-73b7cada9a83,true,
20fcda0b-951f-43f4-9650-291321fbb60b,18e6f114-dac9-42f3-af92-b683b4087013,true,
20fcda0b-951f-43f4-9650-291321fbb60b,fdf214be-e544-42a8-8022-e47146bce8e6,true,
20fcda0b-951f-43f4-9650-291321fbb60b,41ca681d-bb7c-496c-b9f3-2c4d51405f26,true,
20fcda0b-951f-43f4-9650-291321fbb60b,a5fbd02a-2b6e-4495-a9d9-5329d984f94c,true,
20fcda0b-951f-43f4-9650-291321fbb60b,83db2ebe-78a4-481c-ae54-c78781ce71ca,true,
20fcda0b-951f-43f4-9650-291321fbb60b,ea570b08-efbb-4ec1-afb2-67d94d9e21fe,true,
20fcda0b-951f-43f4-9650-291321fbb60b,278f0c48-7cb7-4d65-a808-e2f4fda54d2f,true,
20fcda0b-951f-43f4-9650-291321fbb60b,7af2e3e0-6f02-4232-bfba-25dc214bf2ae,true,
20fcda0b-951f-43f4-9650-291321fbb60b,1cfa5727-28ae-4fed-aa31-8d618fbc6fee,true,
20fcda0b-951f-43f4-9650-291321fbb60b,0bf0df57-c00b-4ce3-91d9-68118105583a,true,
20fcda0b-951f-43f4-9650-291321fbb60b,d0b98830-4d8c-4aea-987c-e1ad70c57c1b,true,
20fcda0b-951f-43f4-9650-291321fbb60b,3ca7dc88-27ce-48f7-ace6-cce48f99965d,true,
20fcda0b-951f-43f4-9650-291321fbb60b,9fed09e2-0078-40de-a82e-0d08209bc6d7,true,
20fcda0b-951f-43f4-9650-291321fbb60b,0b32de44-8c10-4812-8f00-bcc8b0a3d4ca,true,
20fcda0b-951f-43f4-9650-291321fbb60b,9b1b5162-5bb6-4f34-8354-87858080bc97,true,
20fcda0b-951f-43f4-9650-291321fbb60b,bf191982-4899-49c4-8964-935fe0222ed8,true,
20fcda0b-951f-43f4-9650-291321fbb60b,7a1c6ff2-fc40-4a56-80b8-5f16f295cb95,true,
a54bd038-9f7c-46d5-835d-fbc345de128a,d7e3414b-c090-4180-a723-8c4e6319d43d,true,
a54bd038-9f7c-46d5-835d-fbc345de128a,6f25b86d-0a8c-4f39-b5e5-77ad704ea37f,true,
a54bd038-9f7c-46d5-835d-fbc345de128a,effc8871-4de4-4766-9d83-d99220dc1ec4,false,[NO_5XX] Unexpected 5XX response: 500
a54bd038-9f7c-46d5-835d-fbc345de128a,2ed68d63-f0d7-4364-a138-4d347113212e,true,
a54bd038-9f7c-46d5-835d-fbc345de128a,f34af3d1-b86b-4af9-b1ca-aaba10022b33,true,
a54bd038-9f7c-46d5-835d-fbc345de128a,f403779d-fed9-474f-9787-0d342b42aa50,true,
a54bd038-9f7c-46d5-835d-fbc345de128a,80c1be9e-784d-4224-a199-a9e1aa43827c,true,
a54bd038-9f7c-46d5-835d-fbc345de128a,ef248812-79fb-4109-a0b6-49f3d9e9a85e,true,
a54bd038-9f7c-46d5-835d-fbc345de128a,f40e94ed-e0e4-4f9a-8c8b-518e08b8e486,true,
a54bd038-9f7c-46d5-835d-fbc345de128a,acc5afce-61c2-4cd9-b1b0-5f5be5128310,true,
a54bd038-9f7c-46d5-835d-fbc345de128a,d5ec723c-92b9-4727-bae4-2d84de7baccf,true,
a54bd038-9f7c-46d5-835d-fbc345de128a,a41b32b8-133a-4df1-bbbe-296fd8c7c589,true,
a54bd038-9f7c-46d5-835d-fbc345de128a,6efe65c7-6bc2-4896-8183-af663caf2662,true,
a54bd038-9f7c-46d5-835d-fbc345de128a,1b1ae4ad-a9c3-4eaa-acb5-42a1c8081c39,true,
a54bd038-9f7c-46d5-835d-fbc345de128a,533253b2-a030-4f6b-afc5-7f813cf0fe8e,true,
a54bd038-9f7c-46d5-835d-fbc345de128a,8acca259-bc70-4ae9-b577-c1bdfde6b5ba,true,
a54bd038-9f7c-46d5-835d-fbc345de128a,57c6338e-b136-4787-9e0c-23e527ab35b0,true,
a54bd038-9f7c-46d5-835d-fbc345de128a,81141972-6fe2-42c4-b8df-04beaf7605ec,true,
a54bd038-9f7c-46d5-835d-fbc345de128a,3c7ad59c-bd4b-4a6b-a9e0-1a69ce8feff8,true,
a54bd038-9f7c-46d5-835d-fbc345de128a,2cec7505-34b0-4599-8ea4-52d02eb9b73a,true,
a54bd038-9f7c-46d5-835d-fbc345de128a,75589c60-35b2-4c56-8da1-72157e719614,true,
a54bd038-9f7c-46d5-835d-fbc345de128a,c26c21ce-f255-42c6-b965-0c0b8cadbe9f,true,
a54bd038-9f7c-46d5-835d-fbc345de128a,e34b9f9d-bcf9-4f0c-837a-81257b343c29,true,
a54bd038-9f7c-46d5-835d-fbc345de128a,64de48a1-5a74-4523-8dab-4769fb488276,true,
a54bd038-9f7c-46d5-835d-fbc345de128a,8933a090-6875-40b7-b613-a92546e13812,true,
a54bd038-9f7c-46d5-835d-fbc345de128a,98abf229-77a8-479f-a381-661472b51e74,true,
a54bd038-9f7c-46d5-835d-fbc345de128a,d0e55e50-8dc4-4dd2-bd4d-16e247e42ff5,true,
a54bd038-9f7c-46d5-835d-fbc345de128a,bd701a66-501e-4887-a2c8-8807eb9ed6a7,true,
a54bd038-9f7c-46d5-835d-fbc345de128a,a779fd56-8575-4263-9c6e-d1aaf4e0a749,true,
a54bd038-9f7c-46d5-835d-fbc345de128a,26e68407-a2c6-4d50-8181-f67cdd82bd0d,true,
a54bd038-9f7c-46d5-835d-fbc345de128a,07586e6e-9264-49be-87f9-38707fa23ac0,true,
a54bd038-9f7c-46d5-835d-fbc345de128a,03642d2c-7652-4081-8ac4-9540618d8b6f,true,
a54bd038-9f7c-46d5-835d-fbc345de128a,7dca2af3-9793-40cd-ac8f-3499b55e189e,true,
a54bd038-9f7c-46d5-835d-fbc345de128a,6970e534-5f56-466b-ab2c-5e094c124fe2,true,
a54bd038-9f7c-46d5-835d-fbc345de128a,da860bce-9262-4d69-aa38-69a09503fe95,true,
a54bd038-9f7c-46d5-835d-fbc345de128a,d4a83590-dadb-4e82-8bed-05eb01ae7d41,true,
a54bd038-9f7c-46d5-835d-fbc345de128a,b1ebed19-e6eb-4be5-8161-37f885039e4e,true,
a54bd038-9f7c-46d5-835d-fbc345de128a,b250a0ab-50ba-4de5-bd00-25437abecb31,true,
a54bd038-9f7c-46d5-835d-fbc345de128a,7861a6d6-e7ed-4198-bbf8-570f615d0b37,true,
a54bd038-9f7c-46d5-835d-fbc345de128a,47d2ab2c-7e43-4a00-bd6b-acfa57bed5df,true,
a54bd038-9f7c-46d5-835d-fbc345de128a,1ed2313a-b601-4ba1-8f0d-7fc35c6e0c37,true,
a54bd038-9f7c-46d5-835d-fbc345de128a,a386d04f-85a4-4d22-8849-12ec23c7e14f,true,
a54bd038-9f7c-46d5-835d-fbc345de128a,46c2717b-effd-4752-b221-2a0abf57adfa,true,
a54bd038-9f7c-46d5-835d-fbc345de128a,a999b1c4-7d61-4508-95e6-ce9822741131,true,
a54bd038-9f7c-46d5-835d-fbc345de128a,7ca43de5-95b2-48f3-9750-2eba1bde618f,true,
a54bd038-9f7c-46d5-835d-fbc345de128a,1f4ba60b-a2da-4714-8555-7790c7d45616,true,
a54bd038-9f7c-46d5-835d-fbc345de128a,bd1adb12-3560-42b3-bf3a-a03b921121ea,true,
a54bd038-9f7c-46d5-835d-fbc345de128a,2da715d2-a0a3-468a-ab13-4152556ed5b1,true,
a54bd038-9f7c-46d5-835d-fbc345de128a,8e17c541-ec31-41f4-8b81-7a427a057fef,true,
a54bd038-9f7c-46d5-835d-fbc345de128a,0130a0ed-e50a-4042-a1c6-a0a1e554e4b7,true,
a54bd038-9f7c-46d5-835d-fbc345de128a,4e1a4676-74bf-4f11-b6d0-ea751ad4108a,true,
a54bd038-9f7c-46d5-835d-fbc345de128a,a54ff3e1-2606-4ad7-8bb4-992b656b1727,true,
a54bd038-9f7c-46d5-835d-fbc345de128a,585ddd65-02f9-4815-a80b-dadde1c9383f,true,
a54bd038-9f7c-46d5-835d-fbc345de128a,c91f9096-16dc-4429-947f-6edc916ecc68,true,
a54bd038-9f7c-46d5-835d-fbc345de128a,37f451a5-0627-4ccb-9574-856f71dd3d8e,true,
a54bd038-9f7c-46d5-835d-fbc345de128a,14d678a7-e65c-4a43-ad53-f104153a0d6a,true,
a54bd038-9f7c-46d5-835d-fbc345de128a,5d0d68d0-14f2-4df0-bf6f-f05281bdff0a,true,
a54bd038-9f7c-46d5-835d-fbc345de128a,61da9734-ab9a-4023-a9b6-863c4c0a95c4,true,
a54bd038-9f7c-46d5-835d-fbc345de128a,d5b6848b-2786-4979-94c8-0f46a37f1c72,true,
a54bd038-9f7c-46d5-835d-fbc345de128a,3935e467-0286-40c4-bc22-adc4a935844a,true,
a54bd038-9f7c-46d5-835d-fbc345de128a,3bd1d7eb-9688-4858-aa54-71635d77db03,true,
a54bd038-9f7c-46d5-835d-fbc345de128a,fafcc473-b90f-49e7-807a-5ab44648f152,true,
a54bd038-9f7c-46d5-835d-fbc345de128a,5681723f-db8e-41c0-9403-05cc96b9a48b,true,
a54bd038-9f7c-46d5-835d-fbc345de128a,142e3a01-c86c-479a-8673-4bf29bab97de,true,
a54bd038-9f7c-46d5-835d-fbc345de128a,e4eb9370-013e-4b9f-bd36-f08049110b58,true,
a54bd038-9f7c-46d5-835d-fbc345de128a,7d4a3b6b-104a-475f-86cf-75e368c8febd,true,
a54bd038-9f7c-46d5-835d-fbc345de128a,679c027a-33ba-444c-97aa-c1b9d1159566,true,
a54bd038-9f7c-46d5-835d-fbc345de128a,8d96cca3-d602-47e0-b0db-2dd3c33b934a,true,
a54bd038-9f7c-46d5-835d-fbc345de128a,07be9977-2c08-42e9-ba87-1b72b6276222,true,
a54bd038-9f7c-46d5-835d-fbc345de128a,1ce5c421-5e27-4a2c-b0ca-aba9ddb45a2c,true,
a54bd038-9f7c-46d5-835d-fbc345de128a,3ba5e996-bfef-4dce-bce5-ab5f4e908064,true,
a54bd038-9f7c-46d5-835d-fbc345de128a,25c8f8e1-25f6-442a-a3ad-07ac7d81f5ca,true,
a54bd038-9f7c-46d5-835d-fbc345de128a,6a43d958-b8f3-47ce-bd8a-572e677a0396,true,
a54bd038-9f7c-46d5-835d-fbc345de128a,bdeb036a-2cba-4358-8c5a-14adbac05b3d,true,
a54bd038-9f7c-46d5-835d-fbc345de128a,3b72ddba-5207-47ba-8f70-2f7adb837b98,true,
a54bd038-9f7c-46d5-835d-fbc345de128a,5fd19b7c-ea34-4895-b729-93ab212ef169,true,
a54bd038-9f7c-46d5-835d-fbc345de128a,2e15e0f4-ac1b-4a5c-b060-cb95c35cf21b,true,
a54bd038-9f7c-46d5-835d-fbc345de128a,efd3f586-fd8b-4408-a3b7-883609a02d0f,true,
a54bd038-9f7c-46d5-835d-fbc345de128a,c0e8e774-9f37-4269-bdc9-77d3a413ac66,true,
a54bd038-9f7c-46d5-835d-fbc345de128a,7ad35f25-2c36-49cd-bd19-29c0d720539b,true,
a54bd038-9f7c-46d5-835d-fbc345de128a,48eaddf1-0dcf-43ad-a2ff-4313eb28a85a,true,
a54bd038-9f7c-46d5-835d-fbc345de128a,3de605f6-e2a2-4e85-b6d9-3b8aaccfd283,true,
a54bd038-9f7c-46d5-835d-fbc345de128a,6b40c2c3-ccba-4cdf-86b6-2a73518f18d8,true,
a54bd038-9f7c-46d5-835d-fbc345de128a,f97974be-1619-4825-918f-6a72e54f0281,true,
a54bd038-9f7c-46d5-835d-fbc345de128a,862c1b86-3015-4f11-b4c4-1d2f1e9a0b8c,true,
a54bd038-9f7c-46d5-835d-fbc345de128a,1c5b184c-95f9-485b-b2aa-22e211ae199a,true,
a54bd038-9f7c-46d5-835d-fbc345de128a,ad1224fe-3094-4a8a-85c2-ff0cf284d9aa,true,
a54bd038-9f7c-46d5-835d-fbc345de128a,ca37c08d-5758-4517-a29e-36033deb129e,true,
a54bd038-9f7c-46d5-835d-fbc345de128a,277decf5-1496-432b-85d8-aaa580950142,true,
a54bd038-9f7c-46d5-835d-fbc345de128a,45357847-de33-4487-aff6-40880863f786,true,
a54bd038-9f7c-46d5-835d-fbc345de128a,e5adbc49-efee-4acd-a1ed-73cc8b0102f2,true,
a54bd038-9f7c-46d5-835d-fbc345de128a,ac803e35-6bd3-4e06-8c4f-9809277d1e5d,true,
a54bd038-9f7c-46d5-835d-fbc345de128a,c9c4a35f-75fa-46ae-83f4-7f0ffd41f8fd,true,
a54bd038-9f7c-46d5-835d-fbc345de128a,1a9c853b-cc0a-46c3-a90d-65659836fd63,true,
a54bd038-9f7c-46d5-835d-fbc345de128a,76e4c792-669c-45f9-8a42-417e0eeba16e,true,
a54bd038-9f7c-46d5-835d-fbc345de128a,118b8181-dfb6-4733-a75d-fa73028e8e04,true,
a54bd038-9f7c-46d5-835d-fbc345de128a,57cce994-fef3-4d71-ab1d-f9862f293a6e,true,
a54bd038-9f7c-46d5-835d-fbc345de128a,8ba5dc09-c966-4a90-8a3e-d31cba1de63c,true,
a54bd038-9f7c-46d5-835d-fbc345de128a,7e031792-7497-468d-9f41-4fd573b03cda,true,
a54bd038-9f7c-46d5-835d-fbc345de128a,3491d3c7-d5e5-4db6-abe4-533dc2ab526b,true,
a54bd038-9f7c-46d5-835d-fbc345de128a,99bbf08b-53b3-4016-baa7-dde22a0113d9,true,
a54bd038-9f7c-46d5-835d-fbc345de128a,f882f774-d1a5-4bbf-94e8-3b0c7aeeefd1,true,
a54bd038-9f7c-46d5-835d-fbc345de128a,017e65f0-6e87-4c91-9a13-6555afd96360,true,
a54bd038-9f7c-46d5-835d-fbc345de128a,20269f8f-5485-4264-80b1-2ec8a8ad13dc,true,
a54bd038-9f7c-46d5-835d-fbc345de128a,8dbaeb87-cb73-4b60-9a28-9a5376117f01,true,
a54bd038-9f7c-46d5-835d-fbc345de128a,ba8a885c-04f7-4ef8-ba7c-334abd555a8b,true,
a54bd038-9f7c-46d5-835d-fbc345de128a,804eaa44-310d-4ce0-acc8-3ec408a4200d,true,
a54bd038-9f7c-46d5-835d-fbc345de128a,ff5e4c5c-6af0-4cbc-bc00-f7a5376838be,true,
a54bd038-9f7c-46d5-835d-fbc345de128a,af8aac3b-1634-4325-9b7a-815a0b8eae94,true,
a54bd038-9f7c-46d5-835d-fbc345de128a,f1ac653d-ffa6-4df7-a788-7afc7068d606,true,
a54bd038-9f7c-46d5-835d-fbc345de128a,5f3605c2-4f24-4a5a-8da7-5a1bdafde36f,true,
a54bd038-9f7c-46d5-835d-fbc345de128a,a6b22607-dc0d-4fa0-be1f-edba4bce9827,true,
a54bd038-9f7c-46d5-835d-fbc345de128a,b445187c-39a2-4fb9-92e7-f74d1c624a4f,true,
a54bd038-9f7c-46d5-835d-fbc345de128a,4be361e8-a682-4b58-9062-2c0fa56c42d8,true,
a54bd038-9f7c-46d5-835d-fbc345de128a,a66a0197-9ce5-461c-a96a-ba5df1825ab5,true,
a54bd038-9f7c-46d5-835d-fbc345de128a,002c446f-acbd-4454-bf32-3550582a529f,true,
a54bd038-9f7c-46d5-835d-fbc345de128a,8250e794-7525-4e9e-b53e-10d1a2aba44c,true,
a54bd038-9f7c-46d5-835d-fbc345de128a,a9950ffa-8a6b-4219-a5b8-c545304c75c0,true,
a54bd038-9f7c-46d5-835d-fbc345de128a,89367d67-a0bc-4ab9-9a50-581adb411975,true,
a54bd038-9f7c-46d5-835d-fbc345de128a,5130bad7-8b8d-4682-976c-f862e53763ba,true,
a54bd038-9f7c-46d5-835d-fbc345de128a,a3656961-9c9d-47b0-a5b0-fc867eadb81f,true,
a54bd038-9f7c-46d5-835d-fbc345de128a,8302c0bf-fe0c-4e43-a7e1-7168e95b9915,true,
a54bd038-9f7c-46d5-835d-fbc345de128a,18e23226-6224-4ec4-a485-d4d7d75355d0,true,
a54bd038-9f7c-46d5-835d-fbc345de128a,45d27869-e00a-4013-bfa8-de17d111b2d2,true,
a54bd038-9f7c-46d5-835d-fbc345de128a,532a2c85-7d57-4361-b267-f445f4e7664a,true,
a54bd038-9f7c-46d5-835d-fbc345de128a,e7df7e55-938f-4bd2-8af3-af5db4162a33,true,
a54bd038-9f7c-46d5-835d-fbc345de128a,fa6382cc-410f-46cb-9e2a-63c4f930e3df,true,
a54bd038-9f7c-46d5-835d-fbc345de128a,54c80b6f-3fcb-4252-8d95-55c3a818f501,true,
a54bd038-9f7c-46d5-835d-fbc345de128a,511e2500-cda1-4708-818f-a44277970568,true,
a54bd038-9f7c-46d5-835d-fbc345de128a,3fc5b7ac-5e6d-4055-9200-dcca9b288464,true,
a54bd038-9f7c-46d5-835d-fbc345de128a,4e3f6df3-1379-4893-9063-080cb4c2ce6d,true,
a54bd038-9f7c-46d5-835d-fbc345de128a,9fcfda23-5677-4628-97e9-4b2ac1642bfa,true,
a54bd038-9f7c-46d5-835d-fbc345de128a,799361c8-21a4-4de6-8124-ccecaa233a83,true,
a54bd038-9f7c-46d5-835d-fbc345de128a,6c59804b-3cc4-41d7-b791-605bb7c16ffc,true,
a54bd038-9f7c-46d5-835d-fbc345de128a,2255008a-1d5a-4540-9a45-c3f1c2af8595,true,
a54bd038-9f7c-46d5-835d-fbc345de128a,e5fe13fd-d306-42b4-b97f-682331510551,true,
a54bd038-9f7c-46d5-835d-fbc345de128a,ace50252-aeb5-4d85-bafd-addcaab7f12a,true,
a54bd038-9f7c-46d5-835d-fbc345de128a,25731687-6de7-4483-99b0-2675b3cc9095,true,
a54bd038-9f7c-46d5-835d-fbc345de128a,b2969c49-b09f-44de-a854-55e18443a53b,true,
a54bd038-9f7c-46d5-835d-fbc345de128a,df06a53b-fab2-4a7e-bcfe-4b03bfff7ceb,true,
a54bd038-9f7c-46d5-835d-fbc345de128a,818ba7a5-1497-40a1-ae39-afa5c593a643,true,
a54bd038-9f7c-46d5-835d-fbc345de128a,49e021fb-264d-4b94-bab0-66fc911a24b4,true,
a54bd038-9f7c-46d5-835d-fbc345de128a,61b94548-db6c-44bf-8d12-5aeb3908f024,true,
a54bd038-9f7c-46d5-835d-fbc345de128a,79e69fe6-25d5-4ddc-ba0a-0f9654443dd5,true,
a54bd038-9f7c-46d5-835d-fbc345de128a,3eeeb9ac-2113-426a-91f0-b9de838feaf7,true,
a54bd038-9f7c-46d5-835d-fbc345de128a,b2993d53-bbeb-4ca7-8385-44d5e4d04fd6,true,
a54bd038-9f7c-46d5-835d-fbc345de128a,b82924d2-d51b-4ee8-85fc-66aab55f9165,true,
a54bd038-9f7c-46d5-835d-fbc345de128a,feb35088-16d1-4b35-853d-6f52e4100f94,true,
a54bd038-9f7c-46d5-835d-fbc345de128a,4fcd8fa2-019b-44d8-929e-58e35584dd0a,true,
a54bd038-9f7c-46d5-835d-fbc345de128a,1325dbed-983f-4d7d-bf46-0cd2a4cca5f0,true,
a54bd038-9f7c-46d5-835d-fbc345de128a,8ae8b74d-0204-4dfe-a0c2-d9e2fba8b2f9,true,
a54bd038-9f7c-46d5-835d-fbc345de128a,376398b1-4797-4224-9555-73f28a9897a4,true,
a54bd038-9f7c-46d5-835d-fbc345de128a,674118db-2ce6-4812-9faa-7ddafa4ccaee,true,
a54bd038-9f7c-46d5-835d-fbc345de128a,36a543ed-909d-4def-9ba3-6fb7c7eb994f,true,
a54bd038-9f7c-46d5-835d-fbc345de128a,622e8374-11ec-478e-a376-cce011caabcf,true,
a54bd038-9f7c-46d5-835d-fbc345de128a,9cf1486e-fb57-45b9-90d1-3d958aeee817,true,
a54bd038-9f7c-46d5-835d-fbc345de128a,d9d93f5b-0ff3-4de9-b8d3-5138e482071c,true,
a54bd038-9f7c-46d5-835d-fbc345de128a,03234658-bb17-491b-aab7-9fcd96da901e,true,
a54bd038-9f7c-46d5-835d-fbc345de128a,4271e779-bfe1-4c83-bccf-bf591073db80,true,
a54bd038-9f7c-46d5-835d-fbc345de128a,b467aa81-0720-44dd-966a-1045e9e2c418,true,
a54bd038-9f7c-46d5-835d-fbc345de128a,c27e40ed-a374-40e9-8b5f-ceb4ce63097f,true,
a54bd038-9f7c-46d5-835d-fbc345de128a,57c6dfae-97f3-44ac-8795-39f6362770c1,true,
a54bd038-9f7c-46d5-835d-fbc345de128a,b00af4a0-f2f0-43eb-8dd1-cde7408a1808,true,
a54bd038-9f7c-46d5-835d-fbc345de128a,a1ddacf5-b31d-4cfe-b139-162465cb71f3,true,
a54bd038-9f7c-46d5-835d-fbc345de128a,65f349e8-900d-43f1-a0e1-b34726b94501,true,
a54bd038-9f7c-46d5-835d-fbc345de128a,82d6c63c-160c-4f6e-a1ee-689b8ffd9457,true,
a54bd038-9f7c-46d5-835d-fbc345de128a,08c855d7-c6ac-4016-bf29-ebb368d3e744,true,
a54bd038-9f7c-46d5-835d-fbc345de128a,6f203e81-16f0-4f30-8c78-d514c45e3d29,true,
a54bd038-9f7c-46d5-835d-fbc345de128a,3345895d-dc51-40b5-9a31-c50004dadda7,true,
a54bd038-9f7c-46d5-835d-fbc345de128a,70ca659e-f280-4059-9347-3c780f0acaaa,true,
a54bd038-9f7c-46d5-835d-fbc345de128a,a8e446f5-89c6-4454-9012-a9cbc58b22df,true,
a54bd038-9f7c-46d5-835d-fbc345de128a,06ce4084-0077-499a-abd9-55502448728a,true,
a54bd038-9f7c-46d5-835d-fbc345de128a,e106a393-64b0-4af2-90a9-28db577a6eb1,true,
a54bd038-9f7c-46d5-835d-fbc345de128a,50414f87-0923-4dda-8dd5-5d1cb3f8aaaf,true,
a54bd038-9f7c-46d5-835d-fbc345de128a,1d61be47-6c48-47e8-9da9-42794d855a00,true,
a54bd038-9f7c-46d5-835d-fbc345de128a,2ea4f8a8-b534-41dc-a331-76e95a9276de,true,
a54bd038-9f7c-46d5-835d-fbc345de128a,46b43556-1b8f-4a7c-a4ce-f2eb7bd21605,true,
a54bd038-9f7c-46d5-835d-fbc345de128a,99d49721-9d0c-4339-9461-36197abe597c,true,
a54bd038-9f7c-46d5-835d-fbc345de128a,710cf3d8-9e6f-4cf7-9fc5-b8e471910478,true,
a54bd038-9f7c-46d5-835d-fbc345de128a,732bc7d8-e06d-41bd-910d-4049e810114e,true,
a54bd038-9f7c-46d5-835d-fbc345de128a,bba01e79-d7ff-429f-a15f-e868cb0d6387,true,
a54bd038-9f7c-46d5-835d-fbc345de128a,5cfa12f2-cc13-41b7-809a-8839d51699ae,true,
a54bd038-9f7c-46d5-835d-fbc345de128a,8b8c6550-d48a-4ebb-8f24-2d371bdd120e,true,
a54bd038-9f7c-46d5-835d-fbc345de128a,713aadf6-d431-4a9b-a3ec-c58f7a7130f1,true,
a54bd038-9f7c-46d5-835d-fbc345de128a,1992efa0-b004-4eb0-812f-2afdaa57a8ce,true,
a54bd038-9f7c-46d5-835d-fbc345de128a,082366a4-f14a-4d63-864b-e88c6ac0f406,true,
a54bd038-9f7c-46d5-835d-fbc345de128a,f5e107bf-e429-4bea-a435-b3085ccd159c,true,
a54bd038-9f7c-46d5-835d-fbc345de128a,2f87ea87-9258-420a-b483-44cc78b9bb58,true,
a54bd038-9f7c-46d5-835d-fbc345de128a,205b4cd1-797e-4223-a763-6427c57ea6d8,true,
a54bd038-9f7c-46d5-835d-fbc345de128a,77d03a13-8c7e-4f6b-ad05-64d76d23cea4,true,
a54bd038-9f7c-46d5-835d-fbc345de128a,520f2a3d-cc1c-44cf-bbba-3b075c760f4f,true,
a54bd038-9f7c-46d5-835d-fbc345de128a,66c47f9e-9ec2-4a6c-895a-6af9276bd40a,true,
a54bd038-9f7c-46d5-835d-fbc345de128a,4c0df53f-25c9-4f12-8bb6-27706281fb06,true,
a54bd038-9f7c-46d5-835d-fbc345de128a,9c2b4183-d641-4ef1-a6bd-e937921cb46a,true,
a54bd038-9f7c-46d5-835d-fbc345de128a,a555825b-95ca-4ad8-b777-d4f54673ca04,true,
a54bd038-9f7c-46d5-835d-fbc345de128a,a1d8b3db-ccbb-479c-a7af-80db793b8ccd,true,
a54bd038-9f7c-46d5-835d-fbc345de128a,7ea269ed-e268-49f6-87a6-911103b076b9,true,
a54bd038-9f7c-46d5-835d-fbc345de128a,a431b3b6-df42-47bd-90ad-2dea23d28d96,true,
a54bd038-9f7c-46d5-835d-fbc345de128a,167acf04-22f6-4e08-89ac-8930af85cada,true,
a54bd038-9f7c-46d5-835d-fbc345de128a,906f3db5-7fa6-4e8d-899d-2bb99277cd25,true,
a54bd038-9f7c-46d5-835d-fbc345de128a,44a437e4-93bd-47a9-a13d-a40309720f93,true,
a54bd038-9f7c-46d5-835d-fbc345de128a,04c5970d-1559-4e99-a6ef-6dfd9b7e11f0,true,
a54bd038-9f7c-46d5-835d-fbc345de128a,f4bf893a-9455-4294-979b-73dba89cb747,true,
a54bd038-9f7c-46d5-835d-fbc345de128a,fdd52ef5-3bdf-4489-bd54-f9293adfdc0e,true,
a54bd038-9f7c-46d5-835d-fbc345de128a,9d9dd9d4-fed4-4eee-b34a-bd9386acb70b,true,
a54bd038-9f7c-46d5-835d-fbc345de128a,4af13b1a-9a20-411d-96b8-d021712fca21,true,
a54bd038-9f7c-46d5-835d-fbc345de128a,8c42a868-5932-4ccf-96ef-3972068bed39,true,
a54bd038-9f7c-46d5-835d-fbc345de128a,3831a64b-9132-4b02-9b1c-2102f25e0544,true,
a54bd038-9f7c-46d5-835d-fbc345de128a,7a3915bc-d22e-4b6d-8c88-e484566bd40a,true,
a54bd038-9f7c-46d5-835d-fbc345de128a,74e83c33-e1e5-4461-9e00-d1af41056b0e,true,
a54bd038-9f7c-46d5-835d-fbc345de128a,e76cd804-a77a-471f-b363-6e49cd356365,true,
a54bd038-9f7c-46d5-835d-fbc345de128a,3ebf1a01-1fb7-41b4-8c66-1b60352e94dc,true,
a54bd038-9f7c-46d5-835d-fbc345de128a,6ecb2eb5-1152-45a8-b072-0f2f695d10ad,true,
a54bd038-9f7c-46d5-835d-fbc345de128a,c0aeedf0-278f-4a57-8a09-3e9e70b29618,true,
a54bd038-9f7c-46d5-835d-fbc345de128a,3befc323-7acb-47f0-988e-d8df2e695a97,true,
a54bd038-9f7c-46d5-835d-fbc345de128a,e9401bda-cf07-4100-9e81-0d672f43d83e,true,
a54bd038-9f7c-46d5-835d-fbc345de128a,8176e17a-11b9-465a-959a-0447c68ee18a,true,
a54bd038-9f7c-46d5-835d-fbc345de128a,55d879b2-8eb5-428f-ae6a-ed6a88de9c09,true,
a54bd038-9f7c-46d5-835d-fbc345de128a,4fcda895-d55d-43a1-8b17-6e275ff56b0e,true,
a54bd038-9f7c-46d5-835d-fbc345de128a,c5aeb42f-d570-4664-9faf-85024855cd52,true,
a54bd038-9f7c-46d5-835d-fbc345de128a,288a1a77-3c96-4f4d-b440-54f833f1a27d,true,
a54bd038-9f7c-46d5-835d-fbc345de128a,786aaaf4-e66e-49f7-91b5-9a6e7c9189e1,true,
a54bd038-9f7c-46d5-835d-fbc345de128a,2025b073-d17c-4d7b-bcc7-6fa2c61ffdf0,true,
a54bd038-9f7c-46d5-835d-fbc345de128a,46654f3d-8e15-4df7-8626-b9bc9cfe8751,true,
a54bd038-9f7c-46d5-835d-fbc345de128a,59504702-e6ea-4ce7-b410-f3efa3a1a834,true,
a54bd038-9f7c-46d5-835d-fbc345de128a,f51b3985-208f-43ab-80f7-739ad4ff07e9,true,
a54bd038-9f7c-46d5-835d-fbc345de128a,f351df1f-cb2c-44b0-a102-ba1fbafb4e9c,true,
a54bd038-9f7c-46d5-835d-fbc345de128a,06fd80ad-1b62-4a97-aef2-6820447b07fb,true,
a54bd038-9f7c-46d5-835d-fbc345de128a,c80c2e1c-5509-4d03-a40d-c54c998db58e,true,
a54bd038-9f7c-46d5-835d-fbc345de128a,2e572fee-40e4-498d-bb2b-56a5bb06847b,true,
a54bd038-9f7c-46d5-835d-fbc345de128a,047712be-7e93-47ff-88ac-09106b312d83,true,
a54bd038-9f7c-46d5-835d-fbc345de128a,0982d88d-c585-44ab-bb42-26e5e449eee5,true,
a54bd038-9f7c-46d5-835d-fbc345de128a,847eb4cf-9d5a-42e0-b971-53d803950598,true,
a54bd038-9f7c-46d5-835d-fbc345de128a,42dece0d-3316-442f-9ad6-88b78ecd9140,true,
a54bd038-9f7c-46d5-835d-fbc345de128a,ab6f438e-0f3f-4ec8-8525-18353903ceab,true,
a54bd038-9f7c-46d5-835d-fbc345de128a,ba9736cf-1c08-4a0d-b288-9ee44e97ffa7,true,
a54bd038-9f7c-46d5-835d-fbc345de128a,e141177b-b05d-4049-951a-ab76f91dee98,true,
a54bd038-9f7c-46d5-835d-fbc345de128a,d9a652bd-ac1c-4081-9396-1af018589cc0,true,
a54bd038-9f7c-46d5-835d-fbc345de128a,dc776356-52c7-4d8d-9f00-4572d4a2736a,true,
a54bd038-9f7c-46d5-835d-fbc345de128a,67ec37ea-4f0f-4b73-9c38-d54f1425158c,true,
a54bd038-9f7c-46d5-835d-fbc345de128a,a5a20462-00ad-4e5a-acc1-0dc748119ec3,true,
a54bd038-9f7c-46d5-835d-fbc345de128a,d4d8f39b-72d1-4d15-802a-13d75ca085c7,true,
a54bd038-9f7c-46d5-835d-fbc345de128a,a5477316-78f4-4454-ad7b-8441688dd02a,true,
a54bd038-9f7c-46d5-835d-fbc345de128a,7131df36-ca90-4601-b7ba-4899e618efce,true,
a54bd038-9f7c-46d5-835d-fbc345de128a,f3caf0b9-5103-4daa-9e67-425dd05ae1f6,true,
a54bd038-9f7c-46d5-835d-fbc345de128a,aeb4c049-a7e0-46cb-aa9e-fa28f6d98117,true,
a54bd038-9f7c-46d5-835d-fbc345de128a,198d36b6-0f55-4be0-b42e-b071dda60320,true,
a54bd038-9f7c-46d5-835d-fbc345de128a,34923183-df8c-4a70-926a-167940f25cbb,true,
a54bd038-9f7c-46d5-835d-fbc345de128a,f07ec2c5-111c-457f-8a7a-4fadf0ddf6e8,true,
a54bd038-9f7c-46d5-835d-fbc345de128a,c42176af-c636-4ea3-90a3-9de74fda822a,true,
a54bd038-9f7c-46d5-835d-fbc345de128a,57c22048-023b-4db9-a04e-84fcf8d57c4c,true,
a54bd038-9f7c-46d5-835d-fbc345de128a,9ebd0ef6-6837-4e9d-a613-effa8e703aca,true,
a54bd038-9f7c-46d5-835d-fbc345de128a,d3404483-e310-4a28-b7dd-58b04396cfb1,true,
a54bd038-9f7c-46d5-835d-fbc345de128a,bc9ddf23-eead-435c-89a6-3d1b18ffc93f,true,
a54bd038-9f7c-46d5-835d-fbc345de128a,15104fd1-f165-48ba-bbf5-b29bbbfb6388,true,
a54bd038-9f7c-46d5-835d-fbc345de128a,9dc0383c-044c-43a0-8270-3c45e33ab527,true,
566a8057-d1e7-49ba-bab9-98214d37939c,34849da4-78e6-4186-8dcf-93b38e3e5fbe,true,
566a8057-d1e7-49ba-bab9-98214d37939c,e1703b0b-0a8f-4b97-b254-63064161d712,true,
566a8057-d1e7-49ba-bab9-98214d37939c,63d290f3-5129-414e-a87e-4d37fa383934,false,[NO_5XX] Unexpected 5XX response: 502
566a8057-d1e7-49ba-bab9-98214d37939c,3aef10cd-5db5-4801-8f43-981097f25f74,true,
566a8057-d1e7-49ba-bab9-98214d37939c,f4db16c6-8b7a-4983-a94e-57cfcbd1626c,true,
566a8057-d1e7-49ba-bab9-98214d37939c,b6043260-5b1f-481a-80e4-879f70144f64,true,
566a8057-d1e7-49ba-bab9-98214d37939c,fb1ad040-b40c-47d0-ac8b-c7a2b9cef443,true,
566a8057-d1e7-49ba-bab9-98214d37939c,c0be6005-21e0-4cf8-b7d9-ae4cf66b3125,true,
566a8057-d1e7-49ba-bab9-98214d37939c,803b172d-6886-40df-98e5-2fc4b0d2185f,true,
566a8057-d1e7-49ba-bab9-98214d37939c,fa61d63f-a5c1-4a85-a37f-8a91a6bfb3d7,true,
566a8057-d1e7-49ba-bab9-98214d37939c,f45acc7f-5dfb-4173-90f8-dc84a321f323,true,
566a8057-d1e7-49ba-bab9-98214d37939c,a75cfb7b-7a43-48bc-9709-0d3d6464d3ea,true,
566a8057-d1e7-49ba-bab9-98214d37939c,f6504283-1ffb-4f53-9973-6ebd1ebf651f,true,
566a8057-d1e7-49ba-bab9-98214d37939c,84b770ab-d5c3-4895-ae54-08c20056a644,true,
566a8057-d1e7-49ba-bab9-98214d37939c,1257500f-dcaf-4f4f-bfdd-37b103ebb0da,true,
566a8057-d1e7-49ba-bab9-98214d37939c,7bba5cb8-2587-479e-a49e-2299d5496556,true,
566a8057-d1e7-49ba-bab9-98214d37939c,98998328-c5d5-4a64-9e6a-b34867503303,true,
566a8057-d1e7-49ba-bab9-98214d37939c,efd606e6-fde2-4e6f-afae-ffb839f11d6f,true,
566a8057-d1e7-49ba-bab9-98214d37939c,b419ab0f-9bd7-4abd-957a-245c8ee6f0e9,true,
566a8057-d1e7-49ba-bab9-98214d37939c,6e3c1f20-f6ed-46f9-9681-66a51f97f038,true,
566a8057-d1e7-49ba-bab9-98214d37939c,35809d7a-2b62-4222-a980-a5e39ef85d57,true,
566a8057-d1e7-49ba-bab9-98214d37939c,fcedbfdf-930f-4766-98b4-99f00397eff9,true,
566a8057-d1e7-49ba-bab9-98214d37939c,81ee47c7-b8e8-4b5f-a38a-983afe17c182,true,
566a8057-d1e7-49ba-bab9-98214d37939c,00bae5a4-5ab0-4ca1-a6ad-16bd936f1417,true,
566a8057-d1e7-49ba-bab9-98214d37939c,0a3f3a55-2df6-449c-ad82-d206df654a0d,true,
566a8057-d1e7-49ba-bab9-98214d37939c,6592bd51-3b6a-4001-a6c7-8367e49b7c1b,true,
566a8057-d1e7-49ba-bab9-98214d37939c,c81ae0d4-2a9f-4781-8760-63100ce5a09a,true,
566a8057-d1e7-49ba-bab9-98214d37939c,fb50814a-3af2-44a7-85ed-c66c7268caa8,true,
566a8057-d1e7-49ba-bab9-98214d37939c,286c51d6-2031-4979-93fe-106911633fc0,true,
566a8057-d1e7-49ba-bab9-98214d37939c,2376c214-f1c7-4171-8bd5-1f62e5544d0e,true,
566a8057-d1e7-49ba-bab9-98214d37939c,6c9f3a7b-0c3f-4dc4-ae05-32feb15cd121,true,
566a8057-d1e7-49ba-bab9-98214d37939c,0a617e2a-01b0-40ea-baff-0f97ccd245cb,true,
566a8057-d1e7-49ba-bab9-98214d37939c,9a9aaabb-c201-4069-8fd2-1fc4f6a60abd,true,
566a8057-d1e7-49ba-bab9-98214d37939c,e16af216-91b7-4287-b4d7-b30e6c393b1b,true,
566a8057-d1e7-49ba-bab9-98214d37939c,5dcd5104-910f-4232-8c6a-6717c8c87244,true,
566a8057-d1e7-49ba-bab9-98214d37939c,5fcb03b1-8d39-40ea-a235-fbedd76acb41,true,
566a8057-d1e7-49ba-bab9-98214d37939c,b28e485d-4518-4589-b738-8ed1aff75df8,true,
566a8057-d1e7-49ba-bab9-98214d37939c,d6c46e24-e11e-4f8a-86d5-3155c357313c,true,
566a8057-d1e7-49ba-bab9-98214d37939c,a34c53b6-6366-46db-979a-c78bdc53ed4c,true,
566a8057-d1e7-49ba-bab9-98214d37939c,88ab7d16-3bf8-4856-86aa-2437d64499f8,true,
566a8057-d1e7-49ba-bab9-98214d37939c,d1c48ee4-0a1a-45f6-b738-0f2dab97ff9c,true,
566a8057-d1e7-49ba-bab9-98214d37939c,00953e78-c7ae-4d26-ba62-b68dfb22b862,true,
566a8057-d1e7-49ba-bab9-98214d37939c,4b1e4c98-fd19-4399-b88f-35b2a78bff21,true,
566a8057-d1e7-49ba-bab9-98214d37939c,ac80c180-1639-492b-9d10-f1fc6d9bacda,true,
566a8057-d1e7-49ba-bab9-98214d37939c,42885167-7860-4137-b7bc-0dba98d422a6,true,
566a8057-d1e7-49ba-bab9-98214d37939c,16167367-8a4c-408e-bbca-fdd5ba3e7f2e,true,
566a8057-d1e7-49ba-bab9-98214d37939c,9a63c992-9c9a-4081-9a98-fa9bb247bce9,true,
566a8057-d1e7-49ba-bab9-98214d37939c,930b5109-beb9-4577-aca2-226fcde1fb89,true,
566a8057-d1e7-49ba-bab9-98214d37939c,922aa1c2-fc7b-43df-809e-8fed65214567,true,
566a8057-d1e7-49ba-bab9-98214d37939c,537ef279-271d-4cd8-976a-021f11170bba,true,
566a8057-d1e7-49ba-bab9-98214d37939c,3332ecd1-0a17-4370-8ee1-ad660fe6b268,true,
566a8057-d1e7-49ba-bab9-98214d37939c,59c39596-7c93-471f-a7be-339ef065a612,true,
566a8057-d1e7-49ba-bab9-98214d37939c,e01d8a15-bebc-4853-8a3e-60805aa27ab3,true,
566a8057-d1e7-49ba-bab9-98214d37939c,b1282371-2cad-4680-92f8-01c07cac2c01,true,
566a8057-d1e7-49ba-bab9-98214d37939c,37a26d94-31f1-4caf-97a4-5805fdbfa817,true,
566a8057-d1e7-49ba-bab9-98214d37939c,7b51c576-8b76-4bad-bb0a-6e31ec7995b4,true,
566a8057-d1e7-49ba-bab9-98214d37939c,18f821a6-2bb7-417e-8964-352b00aed4b1,true,
566a8057-d1e7-49ba-bab9-98214d37939c,6918875c-da0b-4cdd-8bd8-648a57b14b2b,true,
566a8057-d1e7-49ba-bab9-98214d37939c,ee073955-880c-4593-bcdc-b68056f32533,true,
566a8057-d1e7-49ba-bab9-98214d37939c,65fff514-b54b-416b-9928-4a43495a1930,true,
566a8057-d1e7-49ba-bab9-98214d37939c,6f5af457-5c71-4a2e-bc53-6e75aebb97ca,true,
566a8057-d1e7-49ba-bab9-98214d37939c,c4827aad-fa63-4697-b8fa-f2ad9524d4a8,true,
566a8057-d1e7-49ba-bab9-98214d37939c,04c018ea-bc43-44db-a293-2012177b541f,true,
566a8057-d1e7-49ba-bab9-98214d37939c,66ebd8b6-9819-4fb7-acbb-efd3c07720fb,true,
566a8057-d1e7-49ba-bab9-98214d37939c,19fe717c-9ca0-45b4-a486-791d29b0c7c0,true,
566a8057-d1e7-49ba-bab9-98214d37939c,efc93f34-8fbe-428e-986a-2f3f212996d9,true,
566a8057-d1e7-49ba-bab9-98214d37939c,f8951037-0c07-4ace-8ec3-649a41e6e50c,true,
566a8057-d1e7-49ba-bab9-98214d37939c,c97a68a7-aaf0-41e7-9e20-d29a6742da12,true,
566a8057-d1e7-49ba-bab9-98214d37939c,ebc5edb0-cc48-4658-a880-4a6de7186d23,true,
566a8057-d1e7-49ba-bab9-98214d37939c,c8cbd30c-5aab-4afb-ae0a-00990e8908b6,true,
566a8057-d1e7-49ba-bab9-98214d37939c,33cf9597-a9ff-4f1f-bafd-ccb23dc76584,true,
566a8057-d1e7-49ba-bab9-98214d37939c,f43e946b-4459-425b-97de-3c3c1c0cbcd7,true,
566a8057-d1e7-49ba-bab9-98214d37939c,889fdea4-a640-4eaa-bdd2-d5bdabacd4a4,true,
566a8057-d1e7-49ba-bab9-98214d37939c,ba3987a4-fdcc-46b8-badf-6523af73a16e,true,
566a8057-d1e7-49ba-bab9-98214d37939c,506cea52-742c-43a6-8037-9854875e9fc6,true,
566a8057-d1e7-49ba-bab9-98214d37939c,f7054a0f-0458-483e-8926-754877419721,true,
566a8057-d1e7-49ba-bab9-98214d37939c,1846b964-7084-4ce7-8488-b1fe99c0c1c2,true,
566a8057-d1e7-49ba-bab9-98214d37939c,5d0f7ece-d196-48c8-833f-27d24cc4aa07,true,
566a8057-d1e7-49ba-bab9-98214d37939c,dcf1d2fd-ba42-458a-aa07-01c24739935b,true,
566a8057-d1e7-49ba-bab9-98214d37939c,ef1e1ce3-2af8-4582-a99a-d55a0813a8b7,true,
566a8057-d1e7-49ba-bab9-98214d37939c,7bc80574-26ae-4c24-aa5d-dda1cbeaee2f,true,
566a8057-d1e7-49ba-bab9-98214d37939c,3f8bdc32-9c4c-4190-a654-4d1b6d0c10bc,true,
566a8057-d1e7-49ba-bab9-98214d37939c,e627d9d7-f425-484c-b6a6-0e77120538e6,true,
566a8057-d1e7-49ba-bab9-98214d37939c,e73aac56-e80f-4613-99ed-718961e3a248,true,
566a8057-d1e7-49ba-bab9-98214d37939c,31a1f647-ac70-47fd-b3ca-dd467ed8474c,true,
566a8057-d1e7-49ba-bab9-98214d37939c,dc488f20-553a-4780-90fd-0895feaa9485,true,
566a8057-d1e7-49ba-bab9-98214d37939c,f97383ab-6912-49ac-8570-19430f3b478f,true,
566a8057-d1e7-49ba-bab9-98214d37939c,0f38b4d8-5f3a-44e4-8b90-424426dc362f,true,
566a8057-d1e7-49ba-bab9-98214d37939c,d6d30c25-a29b-457d-b5e1-1ef8b9e33b0d,true,
566a8057-d1e7-49ba-bab9-98214d37939c,f2650411-4af0-4132-8eee-84442924137f,true,
566a8057-d1e7-49ba-bab9-98214d37939c,0e551636-317c-4646-b4ff-777c6e0a4ba9,true,
566a8057-d1e7-49ba-bab9-98214d37939c,6de459e0-fb09-42d1-8313-943209840691,true,
566a8057-d1e7-49ba-bab9-98214d37939c,97508f31-d51a-44e7-8bed-9bd6a77dd6b4,true,
566a8057-d1e7-49ba-bab9-98214d37939c,c13e9208-199d-4aec-8e7e-7790f81a1935,true,
566a8057-d1e7-49ba-bab9-98214d37939c,9abf24eb-b216-4097-b876-64414b0d2d3b,true,
566a8057-d1e7-49ba-bab9-98214d37939c,459c172e-339e-4436-9e1f-721886c635f0,true,
566a8057-d1e7-49ba-bab9-98214d37939c,9cc0eaf0-6dd6-4bef-885c-c46057c75a42,true,
566a8057-d1e7-49ba-bab9-98214d37939c,a540bc6d-8275-4965-911b-4a53b370bab6,true,
566a8057-d1e7-49ba-bab9-98214d37939c,f4455ab3-c958-4cb7-933f-1c86f71797d4,true,
566a8057-d1e7-49ba-bab9-98214d37939c,95944fe5-6469-4538-a80f-fe20087031cc,true,
566a8057-d1e7-49ba-bab9-98214d37939c,d4e85d61-7d16-46d7-a679-9455fbccc729,true,
566a8057-d1e7-49ba-bab9-98214d37939c,cc698b82-50eb-4981-ba9b-293e539978b9,true,
566a8057-d1e7-49ba-bab9-98214d37939c,3146a01b-d3d7-4c3c-b25b-27eaab748f89,true,
566a8057-d1e7-49ba-bab9-98214d37939c,b1baec0b-1fd2-4d3b-92a1-600d266c8aa9,true,
566a8057-d1e7-49ba-bab9-98214d37939c,ae76931b-76e1-4eb5-9382-7087d88e99bd,true,
566a8057-d1e7-49ba-bab9-98214d37939c,593df5fc-12c8-49d5-991f-4d6e2451433a,true,
566a8057-d1e7-49ba-bab9-98214d37939c,409f55ce-ac97-4a31-be52-1b010461ad96,true,
566a8057-d1e7-49ba-bab9-98214d37939c,831a4b7d-49bb-4467-a70b-b9bfbd9c10bb,true,
566a8057-d1e7-49ba-bab9-98214d37939c,7dc939fe-7c0f-4718-a45e-9d7db22c917c,true,
566a8057-d1e7-49ba-bab9-98214d37939c,2e22e95d-be62-4f9d-8916-b882265928f3,true,
566a8057-d1e7-49ba-bab9-98214d37939c,3f1ce58d-34e4-42e1-90f2-8e72e2b70aff,true,
566a8057-d1e7-49ba-bab9-98214d37939c,29296051-1b0e-416b-8804-b0a785d0ac9c,true,
566a8057-d1e7-49ba-bab9-98214d37939c,0083eaf4-2e8a-4186-96dd-87d6b01692e5,true,
566a8057-d1e7-49ba-bab9-98214d37939c,0b2d886e-c8b5-4788-b66d-0ce727dd0f07,true,
566a8057-d1e7-49ba-bab9-98214d37939c,a257bc9d-98de-47c5-a339-9907610d78fc,true,
566a8057-d1e7-49ba-bab9-98214d37939c,d71b143d-cca0-4a4a-9849-81789c52ca37,true,
566a8057-d1e7-49ba-bab9-98214d37939c,7c183cbc-c2b3-4f76-b127-4c694fc70c74,true,
566a8057-d1e7-49ba-bab9-98214d37939c,2037cae3-a606-451d-ae75-fcb7204b3685,true,
566a8057-d1e7-49ba-bab9-98214d37939c,9559aa4f-09bb-4ac2-8ff3-916861945ca7,true,
566a8057-d1e7-49ba-bab9-98214d37939c,6acf77aa-baa3-4b77-b15b-1a2774b3acd9,true,
566a8057-d1e7-49ba-bab9-98214d37939c,d8a12e0d-3dd1-4a62-be7b-df1b18b7b301,true,
566a8057-d1e7-49ba-bab9-98214d37939c,7c4fb44b-6dca-411b-9769-743fc39387a0,true,
566a8057-d1e7-49ba-bab9-98214d37939c,d5a1cbe7-ea2b-45aa-ad74-2ff4ae7c4d13,true,
566a8057-d1e7-49ba-bab9-98214d37939c,5297c069-4240-478f-bfdf-73060d448539,true,
566a8057-d1e7-49ba-bab9-98214d37939c,e1c78824-6e16-4858-98a9-6f3915c89f3e,true,
566a8057-d1e7-49ba-bab9-98214d37939c,ea6f72a4-85e4-489b-b7f1-7930f18ced0f,true,
566a8057-d1e7-49ba-bab9-98214d37939c,92e5579a-4989-47c0-a87b-711fc09d7038,true,
566a8057-d1e7-49ba-bab9-98214d37939c,f3e78c6c-df4f-42a5-bc50-4abecaa08dcb,true,
566a8057-d1e7-49ba-bab9-98214d37939c,7168b82e-b7ca-4288-8356-239c8500cf21,true,
566a8057-d1e7-49ba-bab9-98214d37939c,4702c93b-e874-4794-80ef-bc856ce9d478,true,
566a8057-d1e7-49ba-bab9-98214d37939c,bee1d3f7-7b52-4df8-8abc-b4d9bdf9ed47,true,
566a8057-d1e7-49ba-bab9-98214d37939c,5ae7dc90-1292-4327-9a61-7539e406cfdf,true,
566a8057-d1e7-49ba-bab9-98214d37939c,87e5d445-555c-4b54-8103-3a8c489c7d5e,true,
566a8057-d1e7-49ba-bab9-98214d37939c,389312ac-92ad-434a-a921-6850418cf4a2,true,
566a8057-d1e7-49ba-bab9-98214d37939c,4f094585-f503-4472-9bc4-8a0a968058e8,true,
566a8057-d1e7-49ba-bab9-98214d37939c,259681f8-7fd0-49b7-a26d-2c98070b5597,true,
566a8057-d1e7-49ba-bab9-98214d37939c,b818767c-024c-4dd0-b737-f20a27fb3c51,true,
566a8057-d1e7-49ba-bab9-98214d37939c,7ba6c61a-5da1-4010-8d52-8a892a1b8e0c,true,
566a8057-d1e7-49ba-bab9-98214d37939c,de271767-274e-4d87-a758-4fc7b0b85cf2,true,
566a8057-d1e7-49ba-bab9-98214d37939c,61eeaa23-f27d-4d7c-9584-7239e6f33a02,true,
566a8057-d1e7-49ba-bab9-98214d37939c,9bed0b41-f763-49ed-bab7-b5e47f89b7a3,true,
566a8057-d1e7-49ba-bab9-98214d37939c,39ca303a-102c-4958-b887-1e9917dc9505,true,
566a8057-d1e7-49ba-bab9-98214d37939c,9284b95f-c90f-42fe-a919-b37794af4a7e,true,
566a8057-d1e7-49ba-bab9-98214d37939c,62ad8217-8b66-4978-85c8-de842654a4c7,true,
566a8057-d1e7-49ba-bab9-98214d37939c,82bc8586-61bf-48c4-b110-2a59bb642d19,true,
566a8057-d1e7-49ba-bab9-98214d37939c,cfa4720d-b336-4824-8b86-9912d811cea1,true,
566a8057-d1e7-49ba-bab9-98214d37939c,70cd6002-745e-4bd6-a5fb-9fae3abdc0cc,true,
566a8057-d1e7-49ba-bab9-98214d37939c,a70f5049-249f-4881-927f-1a9497299b38,true,
566a8057-d1e7-49ba-bab9-98214d37939c,9943e8c3-6ec0-4b52-9f42-c5256070af23,true,
566a8057-d1e7-49ba-bab9-98214d37939c,0ed21bcb-5ed2-4ee6-8e14-a72c26d46c78,true,
566a8057-d1e7-49ba-bab9-98214d37939c,a1075f68-824c-4cc9-b2c2-d6c3871376c3,true,
566a8057-d1e7-49ba-bab9-98214d37939c,20c0501e-114e-4319-ad48-0ebd9863ac4f,true,
566a8057-d1e7-49ba-bab9-98214d37939c,a17b0fda-8d25-4826-abe7-142fcada3afd,true,
566a8057-d1e7-49ba-bab9-98214d37939c,d718aecc-52e4-4758-aa40-1cd6b064b993,true,
566a8057-d1e7-49ba-bab9-98214d37939c,8db6d3e5-89bf-43ae-91ca-df4574260836,true,
566a8057-d1e7-49ba-bab9-98214d37939c,4aac8e3a-ded2-402f-884c-4bf9d82a3f31,true,
566a8057-d1e7-49ba-bab9-98214d37939c,3c926cee-2491-4a9c-8f7b-a8fb82679a10,true,
566a8057-d1e7-49ba-bab9-98214d37939c,4f4ab2f4-1b56-4474-aad9-2f5d2fb988e0,true,
566a8057-d1e7-49ba-bab9-98214d37939c,3cdf8ccc-c8f7-4ef8-90ea-70b3418aa69e,true,
566a8057-d1e7-49ba-bab9-98214d37939c,54b2b234-a06a-44f7-ada2-cf38bd7ce0b4,true,
566a8057-d1e7-49ba-bab9-98214d37939c,38763060-5221-43a5-bcc1-b736436b4e56,true,
566a8057-d1e7-49ba-bab9-98214d37939c,e8368b9f-54b8-4d42-a0d6-4ba2740f2ab1,true,
566a8057-d1e7-49ba-bab9-98214d37939c,847aa294-7f09-49bf-b893-1dd95d2d6ccb,true,
566a8057-d1e7-49ba-bab9-98214d37939c,188c5284-36a3-4085-8d50-ea02543c3d7e,true,
566a8057-d1e7-49ba-bab9-98214d37939c,50ed321b-aeb5-4979-bb20-d7e009be04e2,true,
566a8057-d1e7-49ba-bab9-98214d37939c,e933cbf8-f00c-4ca5-8d63-472f08d2f9f0,true,
566a8057-d1e7-49ba-bab9-98214d37939c,69b6fece-00a7-42f3-a481-be7141c2c372,true,
566a8057-d1e7-49ba-bab9-98214d37939c,3bb957e0-39b4-413b-b9fa-bdb090dfe79c,true,
566a8057-d1e7-49ba-bab9-98214d37939c,6395eb37-fd1f-4932-8641-73bf0182ca87,true,
566a8057-d1e7-49ba-bab9-98214d37939c,c1536cb7-e154-40e0-85fe-6e469caa6c06,true,
566a8057-d1e7-49ba-bab9-98214d37939c,13096913-a433-4269-acf7-25921a977c36,true,
566a8057-d1e7-49ba-bab9-98214d37939c,38f93252-ab86-4c93-94df-1b2d10f424ea,true,
566a8057-d1e7-49ba-bab9-98214d37939c,1d5facfc-10f5-4170-9d66-a80621233d3d,true,
566a8057-d1e7-49ba-bab9-98214d37939c,72ae1d7e-ddcf-43ce-b434-3949dec76092,true,
566a8057-d1e7-49ba-bab9-98214d37939c,ab9f4c30-1b92-4704-a218-e35cf6425505,true,
566a8057-d1e7-49ba-bab9-98214d37939c,cf1e9d2c-1389-4f82-8b81-e55932b26153,true,
566a8057-d1e7-49ba-bab9-98214d37939c,630d71d0-9cbd-4aee-a73f-25e8730f7727,true,
566a8057-d1e7-49ba-bab9-98214d37939c,f3dd7dc4-c629-4ea5-a474-a4ba95cb4368,true,
566a8057-d1e7-49ba-bab9-98214d37939c,0ee93b81-bfa2-40e8-b9e6-f8cdd0eb0b2b,true,
566a8057-d1e7-49ba-bab9-98214d37939c,652b64e8-353f-48d0-8a52-d9c0573fb059,true,
566a8057-d1e7-49ba-bab9-98214d37939c,5455b338-8089-4978-b7e1-0757be10ebef,true,
566a8057-d1e7-49ba-bab9-98214d37939c,d6a7a144-49b2-4476-980f-e7f66aa98dca,true,
566a8057-d1e7-49ba-bab9-98214d37939c,8dc9de93-5511-4464-8bd2-39a151f96c61,true,
566a8057-d1e7-49ba-bab9-98214d37939c,4576ed1b-6030-433d-86fc-40d39d62b965,true,
566a8057-d1e7-49ba-bab9-98214d37939c,ee1479e5-fde8-4bad-a39a-a8c6ea872621,true,
566a8057-d1e7-49ba-bab9-98214d37939c,cee0549b-4efd-48e6-ae45-21b970da564d,true,
566a8057-d1e7-49ba-bab9-98214d37939c,95b7beed-aa91-491a-9963-4d47263aefed,true,
566a8057-d1e7-49ba-bab9-98214d37939c,c41fcd05-75e1-47f8-9d92-f679907dd847,true,
566a8057-d1e7-49ba-bab9-98214d37939c,5c48d34b-1450-44b0-867f-043ebdfcd867,true,
566a8057-d1e7-49ba-bab9-98214d37939c,d7380d7c-0772-4098-9178-3d72eebae64e,true,
566a8057-d1e7-49ba-bab9-98214d37939c,5cf5f192-3f4e-4212-9e91-f7b68284c0d4,true,
566a8057-d1e7-49ba-bab9-98214d37939c,20c2cd50-41e8-4f4a-b5ea-be6e52818b9d,true,
566a8057-d1e7-49ba-bab9-98214d37939c,94866ade-1cd7-4133-a2d3-5ed3f9b2ab59,true,
566a8057-d1e7-49ba-bab9-98214d37939c,25408114-f4ba-4736-892c-d5cef936789a,true,
566a8057-d1e7-49ba-bab9-98214d37939c,07073328-2447-4b97-8945-28d573c00d9a,true,
566a8057-d1e7-49ba-bab9-98214d37939c,af4d684a-54a6-4ef6-9821-bc4ebb79380c,true,
566a8057-d1e7-49ba-bab9-98214d37939c,06186204-ec2c-4182-8ef8-ab3b6dbbf674,true,
566a8057-d1e7-49ba-bab9-98214d37939c,26423455-4f81-4f6b-ac57-8b2892cfbf1f,true,
566a8057-d1e7-49ba-bab9-98214d37939c,dd0c0b34-41d9-4e65-a810-cd3b70ac940b,true,
566a8057-d1e7-49ba-bab9-98214d37939c,7ba78ce8-f472-4efb-ad85-a528f694be5a,true,
566a8057-d1e7-49ba-bab9-98214d37939c,3c126934-015a-4b5e-90eb-80def25332e8,true,
566a8057-d1e7-49ba-bab9-98214d37939c,e1586596-971a-41dc-9617-c45a9930aaae,true,
566a8057-d1e7-49ba-bab9-98214d37939c,ec4fb7f5-1967-47a9-9241-d45f7f63027f,true,
566a8057-d1e7-49ba-bab9-98214d37939c,68d465f5-02a4-4a70-8fe7-7a14e31fd99b,true,
566a8057-d1e7-49ba-bab9-98214d37939c,f28f1250-f0d9-4580-b922-4d13becdea16,true,
566a8057-d1e7-49ba-bab9-98214d37939c,4429183b-8228-4abc-b5c0-26412eb82569,true,
566a8057-d1e7-49ba-bab9-98214d37939c,81c6b84f-b408-42b8-8da0-64c466205abf,true,
566a8057-d1e7-49ba-bab9-98214d37939c,c9c64e7a-0053-44b9-b5f4-4d520aacf84a,true,
566a8057-d1e7-49ba-bab9-98214d37939c,81eea262-1c2b-406e-8854-54b5b67f00ba,true,
566a8057-d1e7-49ba-bab9-98214d37939c,5a2bd02c-ff51-4e18-9b07-500c0daf1686,true,
566a8057-d1e7-49ba-bab9-98214d37939c,b513da14-0d58-4b07-9324-ece0b4a967fc,true,
566a8057-d1e7-49ba-bab9-98214d37939c,34e6cd79-cc4f-4d8a-8327-7c80ee66ec2c,true,
566a8057-d1e7-49ba-bab9-98214d37939c,ec2184f6-ea64-405a-88c6-809686f8b3fb,true,
566a8057-d1e7-49ba-bab9-98214d37939c,93cedd0c-985f-496c-8ec8-ca643d7374b8,true,
566a8057-d1e7-49ba-bab9-98214d37939c,8775aace-d0b3-48cf-b690-81d9c950a46a,true,
566a8057-d1e7-49ba-bab9-98214d37939c,6472df19-2ebc-4816-8eea-20ea303a50b9,true,
566a8057-d1e7-49ba-bab9-98214d37939c,729c420c-0786-47fc-abb5-49128020a0c5,true,
566a8057-d1e7-49ba-bab9-98214d37939c,814646b7-0388-4f0e-a83f-ab9757e55956,true,
566a8057-d1e7-49ba-bab9-98214d37939c,bb800809-da92-4c76-94b7-f6ecb3b8d638,true,
566a8057-d1e7-49ba-bab9-98214d37939c,b477f61b-a39d-4e0d-bd26-ad862e47f588,true,
566a8057-d1e7-49ba-bab9-98214d37939c,098e8d24-b95c-443b-902c-10f7d8c6f52f,true,
566a8057-d1e7-49ba-bab9-98214d37939c,d4ad021a-bf6a-4162-b8a4-37f665b592a3,true,
566a8057-d1e7-49ba-bab9-98214d37939c,289bfea8-e9c3-4fde-9570-98ec3b608a9c,true,
566a8057-d1e7-49ba-bab9-98214d37939c,0ba100dc-7932-48ab-a1be-9722a4c0d74a,true,
566a8057-d1e7-49ba-bab9-98214d37939c,cdefff10-7cd3-4b80-a9cf-818b989438fd,true,
566a8057-d1e7-49ba-bab9-98214d37939c,2a1898b9-89cd-4f2a-9988-fe98018b17b8,true,
566a8057-d1e7-49ba-bab9-98214d37939c,a45cdfa2-a713-4425-b03a-40fa18376dda,true,
566a8057-d1e7-49ba-bab9-98214d37939c,0c2643f2-8ea9-4cd9-aa14-a43cb7404786,true,
566a8057-d1e7-49ba-bab9-98214d37939c,a3feb23f-5a5f-44a6-8938-439ee68e9137,true,
566a8057-d1e7-49ba-bab9-98214d37939c,1a6e4952-98d4-45f8-a113-aff956ad3ece,true,
566a8057-d1e7-49ba-bab9-98214d37939c,196fd846-8bb0-4abf-9258-82a3392a03be,true,
566a8057-d1e7-49ba-bab9-98214d37939c,5bafbdd9-9bee-45a2-ba65-95a64c985293,true,
566a8057-d1e7-49ba-bab9-98214d37939c,a59acaa1-c3b6-4b9f-a68c-df387a62548f,true,
566a8057-d1e7-49ba-bab9-98214d37939c,96770da1-a45b-4407-b155-13144bc6b5c9,true,
566a8057-d1e7-49ba-bab9-98214d37939c,9d6f7784-0f9f-46aa-85ab-d56bb4a85527,true,
566a8057-d1e7-49ba-bab9-98214d37939c,e010c40b-73a0-4480-ac18-4ffa1b1fa93b,true,
566a8057-d1e7-49ba-bab9-98214d37939c,39a166f1-43fc-42b4-a787-d5be3cc962ad,true,
566a8057-d1e7-49ba-bab9-98214d37939c,9c177350-cd6e-481a-87f2-af31bbb3b63a,true,
566a8057-d1e7-49ba-bab9-98214d37939c,7796f542-3029-4b6f-9bc2-9f622071cab0,true,
566a8057-d1e7-49ba-bab9-98214d37939c,f54b25a1-e3eb-4680-b447-94359c0964f0,true,
566a8057-d1e7-49ba-bab9-98214d37939c,f75af294-1d35-4d4f-986b-a9387a8435fd,true,
566a8057-d1e7-49ba-bab9-98214d37939c,1c4efb4e-b806-4451-b7f9-d79d842a7c1f,true,
566a8057-d1e7-49ba-bab9-98214d37939c,d1e1a0e5-24f8-446c-bd80-ba020bcc2514,true,
566a8057-d1e7-49ba-bab9-98214d37939c,7c25a7e6-ccc7-4e56-8b53-c2657ebbe8b6,true,
566a8057-d1e7-49ba-bab9-98214d37939c,0fd2c20f-59d6-421e-8a78-219a64936297,true,
566a8057-d1e7-49ba-bab9-98214d37939c,9e1fce3a-466e-4461-96b1-4a30768c03f4,true,
566a8057-d1e7-49ba-bab9-98214d37939c,590ac4bf-40bd-456f-aabc-5c9b3f9b07e5,true,
566a8057-d1e7-49ba-bab9-98214d37939c,260a1b59-5fc4-481c-a2eb-2d19b2e633e2,true,
566a8057-d1e7-49ba-bab9-98214d37939c,164b194b-4131-4765-8ce3-c536a79ff725,true,
566a8057-d1e7-49ba-bab9-98214d37939c,c0bfcc63-40bf-4063-b05c-a29219683511,true,
566a8057-d1e7-49ba-bab9-98214d37939c,ce6cd8da-b971-470c-95aa-a548f0d6e73b,true,
566a8057-d1e7-49ba-bab9-98214d37939c,b438b272-2e66-4ee2-919c-3e86bbaf8667,true,
566a8057-d1e7-49ba-bab9-98214d37939c,4e1a6910-8ff1-45b5-9bd2-361f13002bbe,true,
566a8057-d1e7-49ba-bab9-98214d37939c,7555c574-ee1c-4693-ac64-21d7e794f306,true,
566a8057-d1e7-49ba-bab9-98214d37939c,c4290d44-1acb-41e8-9cbc-b1711bf2377b,true,
566a8057-d1e7-49ba-bab9-98214d37939c,9e8a8609-9372-4008-943a-a5ec65a211d5,true,
2ee36ba1-f537-4e14-91cb-d0581f322a67,ef8a8754-576b-4096-a8e1-e7a69dd31371,true,
2ee36ba1-f537-4e14-91cb-d0581f322a67,579e36c4-c44e-4b10-bd5b-263e94491031,true,
2ee36ba1-f537-4e14-91cb-d0581f322a67,94d0e367-966c-4293-9bc3-026a15f474fa,false,[NO_5XX] Unexpected 5XX response: 503
2ee36ba1-f537-4e14-91cb-d0581f322a67,e9734676-e609-4c41-90a6-7a2ea5d55692,true,
2ee36ba1-f537-4e14-91cb-d0581f322a67,b6f98991-02a8-4692-85ab-fb74b1daedc2,true,
2ee36ba1-f537-4e14-91cb-d0581f322a67,614e0efb-65e7-4e97-b913-976ebc992fe0,true,
2ee36ba1-f537-4e14-91cb-d0581f322a67,8419d921-b86a-468f-bcb3-57ef00add29f,true,
2ee36ba1-f537-4e14-91cb-d0581f322a67,d644778f-3de0-4289-9079-fb3bde842f10,true,
2ee36ba1-f537-4e14-91cb-d0581f322a67,186503ce-3ba6-436a-8e4e-e39b70c8a326,true,
2ee36ba1-f537-4e14-91cb-d0581f322a67,5222c869-3b63-4401-b006-6e881fef47de,true,
2ee36ba1-f537-4e14-91cb-d0581f322a67,7724a314-567b-4046-adaf-8d11502438f8,true,
2ee36ba1-f537-4e14-91cb-d0581f322a67,ea3d8dda-939f-43b1-9186-24356e05398f,true,
2ee36ba1-f537-4e14-91cb-d0581f322a67,5207568f-969d-4af7-bc59-3712f145834d,true,
2ee36ba1-f537-4e14-91cb-d0581f322a67,470d57d8-b419-4d24-be08-02eddbbd572c,true,
2ee36ba1-f537-4e14-91cb-d0581f322a67,780cdd38-e292-4a89-aff6-0b8ecddf0f41,true,
2ee36ba1-f537-4e14-91cb-d0581f322a67,6efc7dea-ea3c-4b61-8f8c-a32542ced0ec,true,
2ee36ba1-f537-4e14-91cb-d0581f322a67,0970a786-1938-40fd-a88c-d09fba00a74e,true,
2ee36ba1-f537-4e14-91cb-d0581f322a67,b0576fd0-b123-4732-9ef3-6cd10c7377f4,true,
2ee36ba1-f537-4e14-91cb-d0581f322a67,a313f564-fb31-4765-9f54-92cf6b23c857,true,
2ee36ba1-f537-4e14-91cb-d0581f322a67,19b77e5a-41c3-4f32-8cdb-5f680b1cee6b,true,
2ee36ba1-f537-4e14-91cb-d0581f322a67,6f4fbb4c-8020-4887-8125-00b8f307da61,true,
2ee36ba1-f537-4e14-91cb-d0581f322a67,a67acb1f-950b-499d-b503-9bf44c4b75d4,true,
2ee36ba1-f537-4e14-91cb-d0581f322a67,1feded37-5f90-47f4-b848-0ffdeac688e4,true,
2ee36ba1-f537-4e14-91cb-d0581f322a67,d95ff80a-c292-43fa-9323-8848dcf7f85d,true,
2ee36ba1-f537-4e14-91cb-d0581f322a67,e3378503-48fd-4f92-9377-5e7d7c42444f,true,
2ee36ba1-f537-4e14-91cb-d0581f322a67,ff3b00fc-2267-4523-8a1f-b310a35c7e91,true,
2ee36ba1-f537-4e14-91cb-d0581f322a67,80145823-59d7-49db-891a-4c59eb10c8ff,true,
2ee36ba1-f537-4e14-91cb-d0581f322a67,4520a9f2-a47a-4161-a042-327f82de03a2,true,
2ee36ba1-f537-4e14-91cb-d0581f322a67,893d1a36-6b15-43db-9273-6a0fb567a59d,true,
2ee36ba1-f537-4e14-91cb-d0581f322a67,ba9da1e2-2f1d-4e1f-8eac-c10b3781b734,true,
2ee36ba1-f537-4e14-91cb-d0581f322a67,4b6bae5d-af43-43ef-865e-e1de7330e8de,true,
2ee36ba1-f537-4e14-91cb-d0581f322a67,74f00350-03fc-4a9d-b345-ccc4e3174b59,true,
2ee36ba1-f537-4e14-91cb-d0581f322a67,9abfac90-4ab7-4b7c-8553-f652a8e9b5f3,true,
2ee36ba1-f537-4e14-91cb-d0581f322a67,2e2d9282-b858-48c9-90c2-8b1fcad0379c,true,
2ee36ba1-f537-4e14-91cb-d0581f322a67,3f2cd115-4acf-4b2c-b65e-3e2f091e4a4e,true,
2ee36ba1-f537-4e14-91cb-d0581f322a67,7451ba7f-caf3-4b37-945e-60669d421018,true,
2ee36ba1-f537-4e14-91cb-d0581f322a67,1a56caca-3432-4f28-adc3-47eb7d100788,true,
2ee36ba1-f537-4e14-91cb-d0581f322a67,00fb697b-98ed-43cd-96dc-18b42ee14e70,true,
2ee36ba1-f537-4e14-91cb-d0581f322a67,f375ed8e-63f5-49eb-9fc2-575909319e33,true,
2ee36ba1-f537-4e14-91cb-d0581f322a67,2625ee27-750d-4113-8307-01ea4cd091bc,true,
2ee36ba1-f537-4e14-91cb-d0581f322a67,addcafee-335c-47e7-8cfe-ae36f4d34e7e,true,
2ee36ba1-f537-4e14-91cb-d0581f322a67,b69fd5f1-c82e-4401-bf4d-5c59eb545a8e,true,
2ee36ba1-f537-4e14-91cb-d0581f322a67,0c8014eb-adfb-4b54-a7ed-6a4e1425c3bd,true,
2ee36ba1-f537-4e14-91cb-d0581f322a67,b1ce2466-0856-4876-b56f-f2938e9b77c5,true,
2ee36ba1-f537-4e14-91cb-d0581f322a67,52af2b81-9fa4-4c38-87f8-866466d64b3d,true,
2ee36ba1-f537-4e14-91cb-d0581f322a67,132d6bec-36a9-4727-89bb-7f5f0c53d82d,true,
2ee36ba1-f537-4e14-91cb-d0581f322a67,0d415c8f-11d6-462e-b27d-870af32661f3,true,
2ee36ba1-f537-4e14-91cb-d0581f322a67,884a4bf2-6c85-494a-9adc-555c813fa8fc,true,
2ee36ba1-f537-4e14-91cb-d0581f322a67,a8b8fc37-57d5-4a10-b34b-97f0e10d7edd,true,
2ee36ba1-f537-4e14-91cb-d0581f322a67,d1e1bea3-a980-4a8d-a10a-0f4a697c4192,true,
2ee36ba1-f537-4e14-91cb-d0581f322a67,0d427089-6bf8-46c1-93c3-4f17806bbf04,true,
2ee36ba1-f537-4e14-91cb-d0581f322a67,b6214bce-cd55-4218-9bb7-8c0c08e62d9f,true,
2ee36ba1-f537-4e14-91cb-d0581f322a67,5a64dd37-0d02-451a-9829-6a833976086e,true,
2ee36ba1-f537-4e14-91cb-d0581f322a67,61cac803-7e3c-4b1f-98a4-4b17cb0e4b8a,true,
2ee36ba1-f537-4e14-91cb-d0581f322a67,83d67d39-b136-4517-88dc-07b617784d4d,true,
2ee36ba1-f537-4e14-91cb-d0581f322a67,4329474b-4575-4a1f-bb8e-d863804dcc53,true,
2ee36ba1-f537-4e14-91cb-d0581f322a67,ef82257e-41c3-4eb7-9755-c9101063733f,true,
2ee36ba1-f537-4e14-91cb-d0581f322a67,0e0e2e80-ae55-4303-8214-cffa06528ce7,true,
2ee36ba1-f537-4e14-91cb-d0581f322a67,ae7dc03d-cc69-4091-83f4-2472e6cad2b6,true,
2ee36ba1-f537-4e14-91cb-d0581f322a67,273b9698-6b74-4174-a138-08f245e53aa5,true,
2ee36ba1-f537-4e14-91cb-d0581f322a67,d787b60a-dfdb-4fb3-9456-1bc4f1421dd2,true,
2ee36ba1-f537-4e14-91cb-d0581f322a67,54fff46b-6fc8-4e8a-b8f8-ca39376a4b2e,true,
2ee36ba1-f537-4e14-91cb-d0581f322a67,65d7e746-3995-454a-9c7f-aeb3310322c1,true,
2ee36ba1-f537-4e14-91cb-d0581f322a67,9d00383c-b035-4e18-b1e8-dcd10cb578fd,true,
2ee36ba1-f537-4e14-91cb-d0581f322a67,6080af2c-9fdf-49f4-aa20-761ee70bbe79,true,
2ee36ba1-f537-4e14-91cb-d0581f322a67,f1b9301d-37b1-442d-b4b2-15ab14d5f69d,true,
2ee36ba1-f537-4e14-91cb-d0581f322a67,fd805359-2bfb-4eee-b357-2a96498046eb,true,
2ee36ba1-f537-4e14-91cb-d0581f322a67,fafee91f-9860-41e1-b180-678d9bbe6214,true,
2ee36ba1-f537-4e14-91cb-d0581f322a67,7ddc2fbb-f563-448e-be97-d14ee074fd22,true,
2ee36ba1-f537-4e14-91cb-d0581f322a67,47008cfc-b481-42df-b2b5-2c1485e0718c,true,
2ee36ba1-f537-4e14-91cb-d0581f322a67,8da379e0-c5a4-4996-94c9-5bdaff56f733,true,
2ee36ba1-f537-4e14-91cb-d0581f322a67,735794ca-6b79-4275-9496-7a0e867c0202,true,
2ee36ba1-f537-4e14-91cb-d0581f322a67,1cb6d164-057e-4938-9bbf-9a3221c5d609,true,
2ee36ba1-f537-4e14-91cb-d0581f322a67,df8dda4f-f4b8-454e-a3d9-e9ffa62f30fa,true,
2ee36ba1-f537-4e14-91cb-d0581f322a67,0aeefbff-61f5-4f39-8efd-b8efe1c63858,true,
2ee36ba1-f537-4e14-91cb-d0581f322a67,f827831b-7f5b-4d9f-a2b2-1b2ca95ac82e,true,
2ee36ba1-f537-4e14-91cb-d0581f322a67,0200a7c6-f972-40f6-927d-dcb3cb09a500,true,
2ee36ba1-f537-4e14-91cb-d0581f322a67,31476c30-553c-472a-832b-87f7f0158249,true,
2ee36ba1-f537-4e14-91cb-d0581f322a67,59e152fe-3c03-4c37-88fb-863a7601ac3c,true,
2ee36ba1-f537-4e14-91cb-d0581f322a67,d1deceae-f09c-433e-bbba-dfc4b90ad273,true,
2ee36ba1-f537-4e14-91cb-d0581f322a67,1845a189-a6aa-4b8b-bb4f-0ab6517e7688,true,
2ee36ba1-f537-4e14-91cb-d0581f322a67,9666149d-49a9-4773-baf2-3f512e8babe1,true,
2ee36ba1-f537-4e14-91cb-d0581f322a67,2ec9550a-e87f-4af3-bbb6-41452108b232,true,
2ee36ba1-f537-4e14-91cb-d0581f322a67,69cbcbc1-7c45-4903-a21b-61c151a83cdc,true,
2ee36ba1-f537-4e14-91cb-d0581f322a67,84f7303a-0a0f-4411-b54c-6a4829f7f590,true,
2ee36ba1-f537-4e14-91cb-d0581f322a67,b10a8d25-eee3-41cc-b56c-c73295ce0bb3,true,
2ee36ba1-f537-4e14-91cb-d0581f322a67,c1a90737-888d-4b5e-94b0-0bf0f9e6f5e9,true,
2ee36ba1-f537-4e14-91cb-d0581f322a67,7b5f3d6e-2651-40f5-9600-3e19edd96969,true,
2ee36ba1-f537-4e14-91cb-d0581f322a67,ee9a6185-476c-4c11-b2e4-548297cc4515,true,
2ee36ba1-f537-4e14-91cb-d0581f322a67,2d15fe1a-88a5-497b-bff3-6215eca734ef,true,
2ee36ba1-f537-4e14-91cb-d0581f322a67,9d9d636c-45cb-4e01-aae2-688901ae4baa,true,
2ee36ba1-f537-4e14-91cb-d0581f322a67,e3aaa273-c6d1-4ed9-be1f-37ee82ec8db4,true,
2ee36ba1-f537-4e14-91cb-d0581f322a67,a89a3fb5-911d-4892-8ef1-8cb878286c76,true,
2ee36ba1-f537-4e14-91cb-d0581f322a67,5a50aa60-083c-451e-8afa-af2747f5b81b,true,
2ee36ba1-f537-4e14-91cb-d0581f322a67,5c2ff57d-3118-45f1-a56c-a49b77b1c082,true,
2ee36ba1-f537-4e14-91cb-d0581f322a67,d325e0f2-a70b-4788-8449-95c0e5764ac4,true,
2ee36ba1-f537-4e14-91cb-d0581f322a67,ddd9e24f-9b65-485f-ad4a-843093006fb0,true,
2ee36ba1-f537-4e14-91cb-d0581f322a67,2496cf4b-84cb-4aea-b8b1-99916619a2e6,true,
2ee36ba1-f537-4e14-91cb-d0581f322a67,2188418b-f722-4ec6-8695-dcac84b933ca,true,
2ee36ba1-f537-4e14-91cb-d0581f322a67,234561ba-9a30-4a33-9447-a997e43d36b3,true,
2ee36ba1-f537-4e14-91cb-d0581f322a67,3c3e9f89-e611-422a-a060-681933ccc0af,true,
2ee36ba1-f537-4e14-91cb-d0581f322a67,13131f4f-027a-43e0-a964-d50a1dc56cc3,true,
2ee36ba1-f537-4e14-91cb-d0581f322a67,10ed7f34-591c-4dc3-8615-5903906a669a,true,
2ee36ba1-f537-4e14-91cb-d0581f322a67,ee2ad85c-99db-4084-8f76-1f830632df1e,true,
2ee36ba1-f537-4e14-91cb-d0581f322a67,79ca7bf4-8483-4706-a9bd-106d36d4f139,true,
2ee36ba1-f537-4e14-91cb-d0581f322a67,ede8ec8e-4ae1-462a-9744-99568d826e22,true,
2ee36ba1-f537-4e14-91cb-d0581f322a67,ff47aca6-0ea0-4a5b-ad7a-f4cb98d6f79e,true,
2ee36ba1-f537-4e14-91cb-d0581f322a67,ab316d17-8df0-4f3c-a2b6-cbc268c407b8,true,
2ee36ba1-f537-4e14-91cb-d0581f322a67,fa8123b7-a84f-4e8c-a41b-4b87b1b8772f,true,
2ee36ba1-f537-4e14-91cb-d0581f322a67,d8a30fcf-8c11-406f-bb65-0f8bfaa5d057,true,
2ee36ba1-f537-4e14-91cb-d0581f322a67,63af64f3-1634-4b0c-94a1-ea238c40ff32,true,
2ee36ba1-f537-4e14-91cb-d0581f322a67,750f36b0-66ac-434f-8439-63d208e4d830,true,
2ee36ba1-f537-4e14-91cb-d0581f322a67,f20c67fe-86d2-4a1a-8502-df0bb9cc32f9,true,
2ee36ba1-f537-4e14-91cb-d0581f322a67,0d5c87dc-4f01-431c-99bc-b262b8c9ee75,true,
2ee36ba1-f537-4e14-91cb-d0581f322a67,3f113f12-61a0-426b-804a-9cb8680f5cd3,true,
2ee36ba1-f537-4e14-91cb-d0581f322a67,2ebe7283-da00-4b8c-bbe6-5ad2f14a3d46,true,
2ee36ba1-f537-4e14-91cb-d0581f322a67,effbf113-55bb-453e-a33a-ef6cde5a4564,true,
2ee36ba1-f537-4e14-91cb-d0581f322a67,b08a6158-aa60-4d95-8a6e-f2fa7fabc2a3,true,
2ee36ba1-f537-4e14-91cb-d0581f322a67,905dd01f-040e-4398-8f75-bd47e60b90b8,true,
2ee36ba1-f537-4e14-91cb-d0581f322a67,5f68d40e-3e5e-4f6d-8440-9eb67a02ae2d,true,
2ee36ba1-f537-4e14-91cb-d0581f322a67,2d149d7e-af9d-4f85-afb7-620285619ba8,true,
2ee36ba1-f537-4e14-91cb-d0581f322a67,f549631d-1c06-484c-b8da-3794e3c38fbf,true,
2ee36ba1-f537-4e14-91cb-d0581f322a67,87f3e018-c85c-4f74-a62c-cc79d7989cc0,true,
2ee36ba1-f537-4e14-91cb-d0581f322a67,50c03863-ba82-4385-9113-4fee8b9c5460,true,
2ee36ba1-f537-4e14-91cb-d0581f322a67,c360085e-08ea-462e-b79f-75caa2af0b82,true,
2ee36ba1-f537-4e14-91cb-d0581f322a67,3ea8bbca-124f-4197-88dd-d2ad39bc213e,true,
2ee36ba1-f537-4e14-91cb-d0581f322a67,51a580fa-1e59-4918-8f36-f5908d6eca92,true,
2ee36ba1-f537-4e14-91cb-d0581f322a67,5cbcfd2f-0976-467b-b893-2c2bb75d2fdd,true,
2ee36ba1-f537-4e14-91cb-d0581f322a67,90f67aaf-2d3e-4451-9334-de462e8540f1,true,
2ee36ba1-f537-4e14-91cb-d0581f322a67,73165039-311f-4237-b269-384052a27ecd,true,
2ee36ba1-f537-4e14-91cb-d0581f322a67,f0f87888-efb2-4c52-86c4-8d6c636e813b,true,
2ee36ba1-f537-4e14-91cb-d0581f322a67,4839f3ba-5e7d-4bba-abd8-bf12a8029742,true,
2ee36ba1-f537-4e14-91cb-d0581f322a67,20ccf602-e85a-464c-abe9-a5403fafa625,true,
2ee36ba1-f537-4e14-91cb-d0581f322a67,d39781ec-d2ea-43e7-89a5-ba4f66ae048d,true,
2ee36ba1-f537-4e14-91cb-d0581f322a67,594ee1cb-c516-4309-84af-60d7897c0a88,true,
2ee36ba1-f537-4e14-91cb-d0581f322a67,a2a74248-4634-4afd-849f-87b3c7486d19,true,
2ee36ba1-f537-4e14-91cb-d0581f322a67,9bdae49a-b718-4188-93af-d6809dacc470,true,
2ee36ba1-f537-4e14-91cb-d0581f322a67,5ca18f56-9d40-4e9a-b372-0b7b85cf9b13,true,
2ee36ba1-f537-4e14-91cb-d0581f322a67,778b357f-63b1-435b-94dd-2fddf5fea44c,true,
2ee36ba1-f537-4e14-91cb-d0581f322a67,366bc508-164d-4222-a0f5-2556d0c8179d,true,
2ee36ba1-f537-4e14-91cb-d0581f322a67,d35868f1-07b3-49ca-bed5-1e0631f753d5,true,
2ee36ba1-f537-4e14-91cb-d0581f322a67,e69efa92-a7be-46cd-9666-822870fbb8bc,true,
2ee36ba1-f537-4e14-91cb-d0581f322a67,ff8b3687-a24f-4e0c-8b11-6eaa5d144934,true,
2ee36ba1-f537-4e14-91cb-d0581f322a67,f78efc5c-ac41-461d-ad4e-793bd6377caf,true,
2ee36ba1-f537-4e14-91cb-d0581f322a67,068c715e-2d54-45f5-974d-8c4a5f9ac0e3,true,
2ee36ba1-f537-4e14-91cb-d0581f322a67,658057d2-154e-492d-970b-414ec72b56e4,true,
2ee36ba1-f537-4e14-91cb-d0581f322a67,7a0f3253-6da9-4e54-b587-8df9b783bc04,true,
2ee36ba1-f537-4e14-91cb-d0581f322a67,e456bfb4-0b84-40c0-a47a-6e8c1ef1e1bb,true,
2ee36ba1-f537-4e14-91cb-d0581f322a67,1c4bc643-7b83-4c93-a6be-f55846acc691,true,
2ee36ba1-f537-4e14-91cb-d0581f322a67,0d8c69b1-9b21-42f1-b075-49477f51444f,true,
2ee36ba1-f537-4e14-91cb-d0581f322a67,c8c91439-e2c1-4f8e-ba6e-da5d94dd2d14,true,
2ee36ba1-f537-4e14-91cb-d0581f322a67,3f33cc97-7508-42f4-ae9f-5df0aa65e03d,true,
2ee36ba1-f537-4e14-91cb-d0581f322a67,053f5f8f-44ba-473f-8325-1053b16fd949,true,
2ee36ba1-f537-4e14-91cb-d0581f322a67,3be6c412-c172-4ee6-9660-41309c10b7cb,true,
2ee36ba1-f537-4e14-91cb-d0581f322a67,695a198b-7fb3-4ce0-bcb5-3d9004f94010,true,
2ee36ba1-f537-4e14-91cb-d0581f322a67,1a35e381-fba2-4889-83bd-3e86c860c0af,true,
2ee36ba1-f537-4e14-91cb-d0581f322a67,6ede5182-5d8d-487c-8505-a31c509b82b2,true,
2ee36ba1-f537-4e14-91cb-d0581f322a67,29ddf4bd-2c7e-4a41-a412-be3ca877aa05,true,
2ee36ba1-f537-4e14-91cb-d0581f322a67,6c8444c2-e7ee-4166-a204-241942031876,true,
2ee36ba1-f537-4e14-91cb-d0581f322a67,d602bca5-b0ab-4a2c-b406-b9cb5880a0cf,true,
2ee36ba1-f537-4e14-91cb-d0581f322a67,afe750b3-516e-4794-8922-51f7f0b0ace1,true,
2ee36ba1-f537-4e14-91cb-d0581f322a67,2f346984-884d-4381-a328-810fc9766ab9,true,
2ee36ba1-f537-4e14-91cb-d0581f322a67,2194d116-79ba-44f4-85ce-5039396a876e,true,
2ee36ba1-f537-4e14-91cb-d0581f322a67,c34484f3-3180-4998-858c-39f51bb6749f,true,
2ee36ba1-f537-4e14-91cb-d0581f322a67,c3f8a068-9e50-40b0-aaa7-e76f3dc07e6e,true,
2ee36ba1-f537-4e14-91cb-d0581f322a67,5d31973d-d3cc-4bf8-9760-9bd471a26856,true,
2ee36ba1-f537-4e14-91cb-d0581f322a67,6a558b86-cb15-4c08-96fe-e70d4ec73856,true,
2ee36ba1-f537-4e14-91cb-d0581f322a67,2b525cc5-eac6-4de7-8cd7-d87e58da6409,true,
2ee36ba1-f537-4e14-91cb-d0581f322a67,f8dba192-d2a4-4bbe-a135-be302126d538,true,
2ee36ba1-f537-4e14-91cb-d0581f322a67,83829327-dfdf-4959-8c62-68e9e46e61cc,true,
2ee36ba1-f537-4e14-91cb-d0581f322a67,b5c8964c-cca9-4ffe-bf75-53ed8e0a1c82,true,
2ee36ba1-f537-4e14-91cb-d0581f322a67,9c17caa7-303f-4060-a90b-42a4c5da54a0,true,
2ee36ba1-f537-4e14-91cb-d0581f322a67,63c291ac-8788-464e-a271-70fc521e79b5,true,
2ee36ba1-f537-4e14-91cb-d0581f322a67,76a64dfb-6f71-4703-acfa-2cde908c7a3d,true,
2ee36ba1-f537-4e14-91cb-d0581f322a67,67240e20-2bab-4cfb-a80b-f36b450fdc78,true,
2ee36ba1-f537-4e14-91cb-d0581f322a67,d30f18a8-2497-40fb-9108-49d6fd7865b5,true,
2ee36ba1-f537-4e14-91cb-d0581f322a67,783ed032-c411-4459-8aad-7f52b3cddef1,true,
2ee36ba1-f537-4e14-91cb-d0581f322a67,9c4f391f-2636-415f-9a35-c270e4d96538,true,
2ee36ba1-f537-4e14-91cb-d0581f322a67,48b31e88-4af5-445b-a04c-b85c45b8676a,true,
2ee36ba1-f537-4e14-91cb-d0581f322a67,fee46d9b-03a6-4ac3-87be-147fc2bb7625,true,
2ee36ba1-f537-4e14-91cb-d0581f322a67,11566bf5-fc51-443c-a596-3d28983da485,true,
2ee36ba1-f537-4e14-91cb-d0581f322a67,21504c7b-14d2-40f0-a9af-73b3ed1add32,true,
2ee36ba1-f537-4e14-91cb-d0581f322a67,63ce0941-0969-4994-84f1-bbecc797a272,true,
2ee36ba1-f537-4e14-91cb-d0581f322a67,3076cfe2-2721-4f63-a480-f244935ada5c,true,
2ee36ba1-f537-4e14-91cb-d0581f322a67,3eb39024-e2a5-4789-b354-a0eb6ba5920f,true,
2ee36ba1-f537-4e14-91cb-d0581f322a67,5efbf348-240c-410c-83a1-7bee02eaef36,true,
2ee36ba1-f537-4e14-91cb-d0581f322a67,30caf5a9-aaec-4a02-ba1d-2800e7bd44d7,true,
2ee36ba1-f537-4e14-91cb-d0581f322a67,473ea30f-019f-447f-8def-99a4ff6fb153,true,
2ee36ba1-f537-4e14-91cb-d0581f322a67,aa8490d6-e89c-43cb-b208-b5c3fa2f7e91,true,
2ee36ba1-f537-4e14-91cb-d0581f322a67,2319f5a7-29a1-47e6-a31d-144066aafc38,true,
2ee36ba1-f537-4e14-91cb-d0581f322a67,3e9268ea-e477-4a31-820f-d56572f6d726,true,
2ee36ba1-f537-4e14-91cb-d0581f322a67,7c918e32-f66b-4456-ac4f-213ebeabf010,true,
2ee36ba1-f537-4e14-91cb-d0581f322a67,c5c542ec-c346-43c8-b18d-be8b74f204e5,true,
2ee36ba1-f537-4e14-91cb-d0581f322a67,709ae9d0-be1e-4aba-8600-c64fba47fc83,true,
2ee36ba1-f537-4e14-91cb-d0581f322a67,a1dafeb8-8421-4c5b-b77c-8b6ba4537ae4,true,
2ee36ba1-f537-4e14-91cb-d0581f322a67,40f08f52-fb0d-4bc9-b2d1-05b5f09b4bbb,true,
2ee36ba1-f537-4e14-91cb-d0581f322a67,2f467f26-3ad3-4a94-9ab0-56016dfe3b26,true,
2ee36ba1-f537-4e14-91cb-d0581f322a67,2b4edb36-92b6-4983-9b1f-314f2a18108e,true,
2ee36ba1-f537-4e14-91cb-d0581f322a67,17c2df29-c508-4547-a334-70f8a805f1c2,true,
2ee36ba1-f537-4e14-91cb-d0581f322a67,38f43168-2a7b-42a5-abf2-823bbb46f438,true,
2ee36ba1-f537-4e14-91cb-d0581f322a67,c3f8b64a-d3db-4684-8e1e-aec506e72722,true,
2ee36ba1-f537-4e14-91cb-d0581f322a67,d22ed555-e7b4-4dec-834f-f00125139070,true,
2ee36ba1-f537-4e14-91cb-d0581f322a67,8710275b-389d-4cbf-8b64-d6c36e9a4d2d,true,
2ee36ba1-f537-4e14-91cb-d0581f322a67,fd2f4d1f-a89e-435b-b78f-45d6b6649c9c,true,
2ee36ba1-f537-4e14-91cb-d0581f322a67,e37581e8-02f8-432d-8ea9-fa9edbaaf4a6,true,
2ee36ba1-f537-4e14-91cb-d0581f322a67,91a967d6-ec18-4414-ba24-31523e4586c2,true,
2ee36ba1-f537-4e14-91cb-d0581f322a67,576c21f7-f5fe-4c70-bfb3-b8a114fdac1f,true,
2ee36ba1-f537-4e14-91cb-d0581f322a67,17eacc53-9ee0-4124-8c6d-5200d6111c7f,true,
2ee36ba1-f537-4e14-91cb-d0581f322a67,e6fe7126-f7ba-4408-abdd-baeca8eaa289,true,
2ee36ba1-f537-4e14-91cb-d0581f322a67,68aa28be-bde0-4597-9570-08c84190e7aa,true,
2ee36ba1-f537-4e14-91cb-d0581f322a67,1f69460d-42a1-4d75-9ff2-80c37df32f9a,true,
2ee36ba1-f537-4e14-91cb-d0581f322a67,cce0a613-3441-4977-aa68-5b4651690978,true,
2ee36ba1-f537-4e14-91cb-d0581f322a67,c86c1d9e-7ebf-4c70-ab9e-0f67cb4587f5,true,
2ee36ba1-f537-4e14-91cb-d0581f322a67,86f431bc-2c3e-4b6f-8a62-31505f25620f,true,
2ee36ba1-f537-4e14-91cb-d0581f322a67,ab2bc1a3-4c82-492a-9d3b-5c44b0ccd587,true,
2ee36ba1-f537-4e14-91cb-d0581f322a67,8c4a0d12-d375-4c28-a4b4-851918e6182e,true,
2ee36ba1-f537-4e14-91cb-d0581f322a67,06b212c4-4763-47d7-b8ad-d377b48591a0,true,
2ee36ba1-f537-4e14-91cb-d0581f322a67,d001aa37-f4a2-4b03-8b17-4c2b9e4184ef,true,
2ee36ba1-f537-4e14-91cb-d0581f322a67,73c19932-6dbb-4f29-aad4-5694e19f9e37,true,
2ee36ba1-f537-4e14-91cb-d0581f322a67,84203fd0-a51e-4a84-b342-ef74e898eaa2,true,
2ee36ba1-f537-4e14-91cb-d0581f322a67,8b75dd9c-d349-48fa-8e25-a6b4d6c8db6c,true,
2ee36ba1-f537-4e14-91cb-d0581f322a67,95a0d7ec-be2d-4d54-ab7d-d93fef679c9a,true,
2ee36ba1-f537-4e14-91cb-d0581f322a67,4505bd1c-316a-4389-b72a-7b332c3a7b3d,true,
2ee36ba1-f537-4e14-91cb-d0581f322a67,0231ac1c-3a70-47c5-a6ea-e91a39ce1375,true,
2ee36ba1-f537-4e14-91cb-d0581f322a67,83b13fbe-8518-42ab-abc9-cf5c7401a422,true,
2ee36ba1-f537-4e14-91cb-d0581f322a67,96d0d5dc-2a81-4a8c-b38d-909d9520ebd6,true,
2ee36ba1-f537-4e14-91cb-d0581f322a67,c620d63b-f4c5-4f87-9666-091d48cd3b09,true,
2ee36ba1-f537-4e14-91cb-d0581f322a67,3fc6c8f7-b682-48ee-ba85-33890c97202f,true,
2ee36ba1-f537-4e14-91cb-d0581f322a67,80ee44b9-3484-4519-b889-3ddef839ed82,true,
2ee36ba1-f537-4e14-91cb-d0581f322a67,18948f92-bf39-4a9c-908d-57137fe5f70a,true,
2ee36ba1-f537-4e14-91cb-d0581f322a67,6e112b7c-161d-4168-8f0d-f6d9b0031f25,true,
2ee36ba1-f537-4e14-91cb-d0581f322a67,1fcf81ab-58c3-4ada-945f-ddbfe286deb9,true,
2ee36ba1-f537-4e14-91cb-d0581f322a67,e146e44c-d221-415e-bc7e-a6d7ee1c0f40,true,
2ee36ba1-f537-4e14-91cb-d0581f322a67,4ca3d37b-d0ef-4559-80a7-b9be4635de30,true,
2ee36ba1-f537-4e14-91cb-d0581f322a67,567636a5-3d79-4dd2-8447-d2bef1ce8c0a,true,
2ee36ba1-f537-4e14-91cb-d0581f322a67,5016b72b-d105-4ac3-b38f-ce4eefe360ce,true,
2ee36ba1-f537-4e14-91cb-d0581f322a67,4008c8df-4b4c-43f1-8560-5642a65e6200,true,
2ee36ba1-f537-4e14-91cb-d0581f322a67,d33ecada-4388-4e3a-9b2c-f107883225c3,true,
2ee36ba1-f537-4e14-91cb-d0581f322a67,7b8ac72f-5a7d-4ec3-8d49-c953ce0ac465,true,
2ee36ba1-f537-4e14-91cb-d0581f322a67,2714a388-8a2e-45b3-a4e0-10977f8e838f,true,
2ee36ba1-f537-4e14-91cb-d0581f322a67,30ad1591-c7c2-4e3e-aec4-91dc4a230309,true,
2ee36ba1-f537-4e14-91cb-d0581f322a67,2c0fda69-63c4-4bba-a5a9-8a99570aebb6,true,
2ee36ba1-f537-4e14-91cb-d0581f322a67,9d977f37-0151-48eb-ba94-e521c6df7682,true,
2ee36ba1-f537-4e14-91cb-d0581f322a67,3402cc08-a48b-4a72-ba8d-bbc64429529f,true,
2ee36ba1-f537-4e14-91cb-d0581f322a67,df98f2a3-7820-4d61-8515-268bb7569524,true,
2ee36ba1-f537-4e14-91cb-d0581f322a67,c7739c55-8977-4f54-aeae-092f5220b234,true,
2ee36ba1-f537-4e14-91cb-d0581f322a67,ddce251e-e017-444b-bce6-2c5dd5b8ee54,true,
2ee36ba1-f537-4e14-91cb-d0581f322a67,2a75ebeb-7bff-45bc-9502-b2a67f551702,true,
2ee36ba1-f537-4e14-91cb-d0581f322a67,e8207318-b12e-4ef4-bea8-dc00a66a8023,true,
2ee36ba1-f537-4e14-91cb-d0581f322a67,b1c12a3c-3580-4e37-aebf-6a22bd681076,true,
2ee36ba1-f537-4e14-91cb-d0581f322a67,93987cb2-082a-4488-b886-17f26fffe08d,true,
2ee36ba1-f537-4e14-91cb-d0581f322a67,f841e249-37bd-46ca-b823-8b20bced5103,true,
60393f62-2463-4d93-8212-d9812681a1d3,414318b7-0d4a-46da-ad9a-d94470200f2b,true,
60393f62-2463-4d93-8212-d9812681a1d3,61ffafea-9fe0-452a-bc27-d9204dddb5db,true,
60393f62-2463-4d93-8212-d9812681a1d3,2d539ed1-714a-475e-a35a-3e21cb7f5299,false,[NO_5XX] Unexpected 5XX response: 500
60393f62-2463-4d93-8212-d9812681a1d3,2ab62e56-41a4-458b-8702-9f2c4af3ad6a,true,
60393f62-2463-4d93-8212-d9812681a1d3,6b1bd70d-aeff-4c69-a86c-9a8d54751912,true,
60393f62-2463-4d93-8212-d9812681a1d3,62a0e868-8cf9-41a8-a471-0db28ecf1b8c,true,
60393f62-2463-4d93-8212-d9812681a1d3,4f42d88a-a56d-45fc-97fd-db8f9d9db45f,true,
60393f62-2463-4d93-8212-d9812681a1d3,f8e1999f-aaf9-4608-b3b1-130bf1a9a491,true,
60393f62-2463-4d93-8212-d9812681a1d3,87bff7d0-8c08-4296-904f-509667767891,true,
60393f62-2463-4d93-8212-d9812681a1d3,7675999f-acef-4fea-96c9-1109ac44e3b6,true,
60393f62-2463-4d93-8212-d9812681a1d3,d5780d6a-12ae-44a9-9bf5-8bece25d02f9,true,
60393f62-2463-4d93-8212-d9812681a1d3,49daa190-0559-48f0-a920-e4455e19ef78,true,
60393f62-2463-4d93-8212-d9812681a1d3,c6f2548b-dba1-40e2-b84a-22fd9bf31959,true,
60393f62-2463-4d93-8212-d9812681a1d3,f2b08ac0-086c-4c17-869f-b85363637850,true,
60393f62-2463-4d93-8212-d9812681a1d3,f971322d-1755-4ae8-8c50-b53fec8a10e8,true,
60393f62-2463-4d93-8212-d9812681a1d3,509cfdef-9442-4d01-a5b7-b10346c4a733,true,
60393f62-2463-4d93-8212-d9812681a1d3,00eafd24-6b45-4ec2-9e2e-8307f810a292,true,
60393f62-2463-4d93-8212-d9812681a1d3,007369a7-84de-42d5-a34a-9f7dd8d991ff,true,
60393f62-2463-4d93-8212-d9812681a1d3,5c2a5c62-30dc-462f-b302-e00177a50d2e,true,
60393f62-2463-4d93-8212-d9812681a1d3,6fcb99f4-ec24-4df2-a033-d6b5132a0870,true,
60393f62-2463-4d93-8212-d9812681a1d3,0053032b-3cca-45cd-ac64-52303803c363,true,
60393f62-2463-4d93-8212-d9812681a1d3,01cffe0f-31af-43d0-b6b8-113db8501e81,true,
60393f62-2463-4d93-8212-d9812681a1d3,770521ee-307f-453f-be30-ef39c2eead1c,true,
60393f62-2463-4d93-8212-d9812681a1d3,4a1b2d13-c3e4-4267-875b-289da2a5fcfd,true,
60393f62-2463-4d93-8212-d9812681a1d3,e4c30dae-fd22-48c6-86b2-cb409233d4b7,true,
60393f62-2463-4d93-8212-d9812681a1d3,89ddbd6b-1b1e-45a0-98d5-37137312e296,true,
60393f62-2463-4d93-8212-d9812681a1d3,ad8714ba-2750-43f4-97da-0ed69ea41af9,true,
60393f62-2463-4d93-8212-d9812681a1d3,b5d30ba7-f3a0-4358-80a6-49b7fc3d20b7,true,
60393f62-2463-4d93-8212-d9812681a1d3,a1477c6c-c8d9-4c42-b11b-e72556e2bb48,true,
60393f62-2463-4d93-8212-d9812681a1d3,b046f689-42e8-4129-9990-53bd68c8bfd8,true,
60393f62-2463-4d93-8212-d9812681a1d3,461d02c5-1a44-49ec-8b10-c4ce97d58a10,true,
60393f62-2463-4d93-8212-d9812681a1d3,d33bd85c-988e-4ba1-acbc-359df2191a3c,true,
60393f62-2463-4d93-8212-d9812681a1d3,27e5811c-afe9-4e09-8e1b-d373b5a5189f,true,
60393f62-2463-4d93-8212-d9812681a1d3,952c33d0-1659-43d1-ab93-7cbef7bb5da9,true,
60393f62-2463-4d93-8212-d9812681a1d3,3fe8b65b-3886-451e-b388-6e1236a74b22,true,
60393f62-2463-4d93-8212-d9812681a1d3,77443b70-12ab-4df4-9702-baa543154a53,true,
60393f62-2463-4d93-8212-d9812681a1d3,761893e6-db61-4489-a5e1-24365a81fc9d,true,
60393f62-2463-4d93-8212-d9812681a1d3,2a6cac59-6007-4f42-9208-c5d64d2f29eb,true,
60393f62-2463-4d93-8212-d9812681a1d3,089ff421-c38c-4cf6-93d6-d50f80ca7f58,true,
60393f62-2463-4d93-8212-d9812681a1d3,eb3e725e-7968-4bf3-8b8a-f79fa6a20533,true,
60393f62-2463-4d93-8212-d9812681a1d3,91471928-1570-40b4-acf3-1ec481d0b220,true,
60393f62-2463-4d93-8212-d9812681a1d3,a7947e4e-1561-40a4-a10c-c61badbb3142,true,
60393f62-2463-4d93-8212-d9812681a1d3,d9107434-ae79-414e-aa26-9400d5bddad9,true,
60393f62-2463-4d93-8212-d9812681a1d3,b2a742db-4311-48e3-ae7b-8b6dc1cb9d9a,true,
60393f62-2463-4d93-8212-d9812681a1d3,511a6f63-5c48-4044-a6e4-7f8bcc4d2bc9,true,
60393f62-2463-4d93-8212-d9812681a1d3,9918a041-a41a-4adc-8530-05d77b3fe642,true,
60393f62-2463-4d93-8212-d9812681a1d3,5b4134e6-34ad-49f4-8247-2f7b2d7893c6,true,
60393f62-2463-4d93-8212-d9812681a1d3,5eaa0d33-5d4c-4294-9841-552daad3d7ca,true,
60393f62-2463-4d93-8212-d9812681a1d3,1a721e1a-76ad-44e2-b47f-4ff114d5cb37,true,
60393f62-2463-4d93-8212-d9812681a1d3,c79ea80d-f313-46dc-93fd-bfcf7eef85af,true,
60393f62-2463-4d93-8212-d9812681a1d3,6eb6fa12-86f6-4cb1-bba9-e215748816d7,true,
60393f62-2463-4d93-8212-d9812681a1d3,9a5fb138-db37-4422-9259-45cd7db62dce,true,
60393f62-2463-4d93-8212-d9812681a1d3,015aceb8-0481-43c3-8b41-b9c8154812e3,true,
60393f62-2463-4d93-8212-d9812681a1d3,218723cd-ad4d-4230-9cf7-2e6e3c5016f3,true,
60393f62-2463-4d93-8212-d9812681a1d3,0905745f-0e2b-4f56-a1b4-4e40129769e4,true,
60393f62-2463-4d93-8212-d9812681a1d3,aa6fd905-aaf6-4ca5-8f61-0cfdf5dc21d4,true,
60393f62-2463-4d93-8212-d9812681a1d3,b1d6c6e2-881a-4535-94b8-27a142eac94d,true,
60393f62-2463-4d93-8212-d9812681a1d3,89ceaf19-18b5-4f72-9d92-3ba8fbf1a046,true,
60393f62-2463-4d93-8212-d9812681a1d3,2df76d2d-689f-42b3-b664-2c4498c41a86,true,
60393f62-2463-4d93-8212-d9812681a1d3,e5787d90-329b-4ed8-9381-d6c1d229bcc3,true,
60393f62-2463-4d93-8212-d9812681a1d3,b984d62c-2f61-41cc-834b-f95e705a32c6,true,
60393f62-2463-4d93-8212-d9812681a1d3,32a29062-d14c-45f3-b82f-699fb2ae74d4,true,
60393f62-2463-4d93-8212-d9812681a1d3,8dd63d2b-c43d-4764-ac1c-2148acb2e642,true,
60393f62-2463-4d93-8212-d9812681a1d3,6a032fb8-d7b6-4638-a5e7-d124fe99fd0f,true,
60393f62-2463-4d93-8212-d9812681a1d3,50ca509c-cd09-4d75-9607-3eef4d888c25,true,
60393f62-2463-4d93-8212-d9812681a1d3,5e496503-e407-4149-8ea3-e779416182fd,true,
60393f62-2463-4d93-8212-d9812681a1d3,6a615ca1-0316-4571-b1d9-f205d7c7d873,true,
60393f62-2463-4d93-8212-d9812681a1d3,451c7534-33f5-4907-8b3b-49d857ebabd4,true,
60393f62-2463-4d93-8212-d9812681a1d3,c3c5f327-4147-4a8f-bd50-064259df12ed,true,
60393f62-2463-4d93-8212-d9812681a1d3,aaebf744-f7b0-44bc-b93b-028338d73c9f,true,
60393f62-2463-4d93-8212-d9812681a1d3,4d64aa57-05f3-40c9-8c1e-38b438a8786e,true,
60393f62-2463-4d93-8212-d9812681a1d3,b6b7ae2d-cb44-4757-ab00-a8c258773e2b,true,
60393f62-2463-4d93-8212-d9812681a1d3,2efa9817-ac06-4bad-aa40-3a091b40ae99,true,
60393f62-2463-4d93-8212-d9812681a1d3,e11ae184-faca-4eb0-bec7-a3058b2ea138,true,
60393f62-2463-4d93-8212-d9812681a1d3,1a08f53e-e122-4aa2-a44f-6520f037c97b,true,
60393f62-2463-4d93-8212-d9812681a1d3,1c2d87d5-85f0-404a-bca6-be855590e60d,true,
60393f62-2463-4d93-8212-d9812681a1d3,c7c9322a-9306-4c9e-aabb-3252b8faa4ac,true,
60393f62-2463-4d93-8212-d9812681a1d3,f719a956-c3b7-46bb-a3ea-3405b9b70687,true,
60393f62-2463-4d93-8212-d9812681a1d3,a047d147-7046-4b9b-a285-fdf1a8702a6b,true,
60393f62-2463-4d93-8212-d9812681a1d3,41b085ee-13ed-46f7-ac59-0f91bcee8e72,true,
60393f62-2463-4d93-8212-d9812681a1d3,31d64e34-fe9f-40ab-9b4e-c948748dd3f9,true,
60393f62-2463-4d93-8212-d9812681a1d3,7b985f14-149a-4323-a663-24fb75dffcaf,true,
60393f62-2463-4d93-8212-d9812681a1d3,520d87b3-f3d8-4cda-bf5f-57de768f7765,true,
60393f62-2463-4d93-8212-d9812681a1d3,a8a81cb4-66be-4eb9-9ea2-b885853a2ac6,true,
60393f62-2463-4d93-8212-d9812681a1d3,6e957968-4516-4adf-b193-204a250f7482,true,
60393f62-2463-4d93-8212-d9812681a1d3,1d2022c0-7951-486b-b4fa-45558701f54a,true,
60393f62-2463-4d93-8212-d9812681a1d3,ca0d11e4-ea92-43f2-b27c-1fc874541de5,true,
60393f62-2463-4d93-8212-d9812681a1d3,8e13ed55-e767-4bf7-86c1-b284bd1d6973,true,
60393f62-2463-4d93-8212-d9812681a1d3,5b08290c-73ae-48f6-85e6-9606e17ad095,true,
60393f62-2463-4d93-8212-d9812681a1d3,7d9b8878-67be-4a87-aabd-e3a24a5fdff9,true,
60393f62-2463-4d93-8212-d9812681a1d3,f0191c33-18fb-41f4-aa31-79422e6a1ad4,true,
60393f62-2463-4d93-8212-d9812681a1d3,30061e9e-2dfc-4d1c-86fb-25fe913676ae,true,
60393f62-2463-4d93-8212-d9812681a1d3,2fc0b5eb-0f08-447a-ba15-4f9f44567113,true,
60393f62-2463-4d93-8212-d9812681a1d3,2ed29b72-136f-48d8-8c9d-3016d3f84e50,true,
60393f62-2463-4d93-8212-d9812681a1d3,5c9a0dc5-97a7-4b6d-84d6-0c4a6c0b694e,true,
60393f62-2463-4d93-8212-d9812681a1d3,d72d784c-f4a8-41a7-9de3-e2e19b8541db,true,
60393f62-2463-4d93-8212-d9812681a1d3,abd36024-c4fb-450b-af51-2fa9165369f7,true,
60393f62-2463-4d93-8212-d9812681a1d3,521bc56a-4f03-4d6e-9482-3d41ab53e670,true,
60393f62-2463-4d93-8212-d9812681a1d3,c65eb99a-331b-4323-82ec-13ec100e96c1,true,
60393f62-2463-4d93-8212-d9812681a1d3,a5a4ab47-e239-4c9b-a8cf-549ac2c6b501,true,
60393f62-2463-4d93-8212-d9812681a1d3,127a39aa-1fa8-496a-a22e-9d993936e1b9,true,
60393f62-2463-4d93-8212-d9812681a1d3,52c1e582-3d7b-4d61-aa77-4a3858b19a3a,true,
60393f62-2463-4d93-8212-d9812681a1d3,278187c3-36da-4f90-9268-49ace416fde5,true,
60393f62-2463-4d93-8212-d9812681a1d3,49169478-f9d3-4865-9c46-7a4035f139a3,true,
60393f62-2463-4d93-8212-d9812681a1d3,89abe735-cdf4-4ca8-afdc-9508bfc325e6,true,
60393f62-2463-4d93-8212-d9812681a1d3,cf8f0522-4a05-4623-a21a-b0e24ac289f5,true,
60393f62-2463-4d93-8212-d9812681a1d3,ee865c0c-7209-4f70-892c-3215c6fdd1ec,true,
60393f62-2463-4d93-8212-d9812681a1d3,7bb3d118-a8b1-4219-9013-470bd114b9ff,true,
60393f62-2463-4d93-8212-d9812681a1d3,dcd73402-42fb-4535-bee4-ca532136d401,true,
60393f62-2463-4d93-8212-d9812681a1d3,a4898e65-9af2-4346-bca2-be826389cd21,true,
60393f62-2463-4d93-8212-d9812681a1d3,4b2dd5df-0fca-4678-91b5-5f13247dc6f3,true,
60393f62-2463-4d93-8212-d9812681a1d3,a94cbb29-f2d3-4462-8106-a46697f46cca,true,
60393f62-2463-4d93-8212-d9812681a1d3,e242889e-fe32-4c67-aacd-b63e860f91cc,true,
60393f62-2463-4d93-8212-d9812681a1d3,73e37c63-5279-477b-af4c-dc75cbdb0e2e,true,
60393f62-2463-4d93-8212-d9812681a1d3,2ed80e64-742a-40e0-800e-004fe94a9c05,true,
60393f62-2463-4d93-8212-d9812681a1d3,bbd71f81-833b-4650-b6c2-f51612b797f5,true,
60393f62-2463-4d93-8212-d9812681a1d3,bbf3da19-9521-4c0f-a2a3-e4c7edeef9fc,true,
60393f62-2463-4d93-8212-d9812681a1d3,52e5e6a7-0c42-446b-ad30-28a9e0fafe91,true,
60393f62-2463-4d93-8212-d9812681a1d3,d1bdeb22-41dc-4524-8da0-51e52e048543,true,
60393f62-2463-4d93-8212-d9812681a1d3,8ce1cff9-c5b7-4284-b4db-7874b68be217,true,
60393f62-2463-4d93-8212-d9812681a1d3,131514b8-d2b1-4f9b-b5fa-1e96a18a0268,true,
60393f62-2463-4d93-8212-d9812681a1d3,97809f49-e64a-4cf4-ba6f-45f67d835de1,true,
60393f62-2463-4d93-8212-d9812681a1d3,82a7e742-96a7-414a-8658-28aee32634fc,true,
60393f62-2463-4d93-8212-d9812681a1d3,3a930677-da98-41b7-affa-b1165e2dc929,true,
60393f62-2463-4d93-8212-d9812681a1d3,3cfd276d-c8b9-42d1-b75d-e0ce89c6dcd7,true,
60393f62-2463-4d93-8212-d9812681a1d3,fb93fda7-9ad6-430b-86a9-3cea53a8efc7,true,
60393f62-2463-4d93-8212-d9812681a1d3,a074ca47-26e8-42b7-955e-b71221a6ee68,true,
60393f62-2463-4d93-8212-d9812681a1d3,4272a91d-eb4f-4c3a-b3c4-fd3cf515a931,true,
60393f62-2463-4d93-8212-d9812681a1d3,97b7a6ee-3e6a-49de-a67c-f1c478599f61,true,
60393f62-2463-4d93-8212-d9812681a1d3,129d8865-8416-44f7-80f6-2472be35e3e7,true,
60393f62-2463-4d93-8212-d9812681a1d3,15a49895-4a58-485f-9cab-ece6fd7cf6f0,true,
60393f62-2463-4d93-8212-d9812681a1d3,80ed30d4-daf2-4320-9a10-ee7e235f7a30,true,
60393f62-2463-4d93-8212-d9812681a1d3,b8c2e776-d36c-425d-b0d5-d7d7e34bef4a,true,
60393f62-2463-4d93-8212-d9812681a1d3,f00f4998-b419-4584-b74e-7205e7e4ede2,true,
60393f62-2463-4d93-8212-d9812681a1d3,e3343426-f648-4862-8dd8-048d6751b7ac,true,
60393f62-2463-4d93-8212-d9812681a1d3,2bf55e29-91c3-4758-ac14-912bcb1f284d,true,
60393f62-2463-4d93-8212-d9812681a1d3,4bfb8061-4fee-4456-b644-1e449de8f64d,true,
60393f62-2463-4d93-8212-d9812681a1d3,69a171a0-2ac2-4785-a0aa-a6a0fd415a4b,true,
60393f62-2463-4d93-8212-d9812681a1d3,41a4e77a-39fb-49f5-8a6c-9e802d9bad00,true,
60393f62-2463-4d93-8212-d9812681a1d3,ccb3a2fb-d0f5-4da1-96c7-8e3e2f42d7e0,true,
60393f62-2463-4d93-8212-d9812681a1d3,dfff85cc-dd66-428b-9779-1c6c36cf157a,true,
60393f62-2463-4d93-8212-d9812681a1d3,02b12425-7fa0-4ef1-9626-94249461164f,true,
60393f62-2463-4d93-8212-d9812681a1d3,63a89b24-402c-4fea-842a-79b0cf452a40,true,
60393f62-2463-4d93-8212-d9812681a1d3,c38c9dc7-4d93-4303-b9dd-7cc742209b76,true,
60393f62-2463-4d93-8212-d9812681a1d3,9f5089c8-771a-415b-a0c3-1335500ab860,true,
60393f62-2463-4d93-8212-d9812681a1d3,a5c55244-d61a-4abb-a5d0-9b459b13da66,true,
60393f62-2463-4d93-8212-d9812681a1d3,83f0f0ac-1dd7-4ca5-8341-5527920c1ac6,true,
60393f62-2463-4d93-8212-d9812681a1d3,efb43ea9-71b4-43de-b7c5-5d0b53be1f1a,true,
60393f62-2463-4d93-8212-d9812681a1d3,1584e889-aa2f-48b0-bfd4-fa71e2ff3e7b,true,
60393f62-2463-4d93-8212-d9812681a1d3,fb8d6241-a948-49ff-bee2-83b6b033fc2a,true,
60393f62-2463-4d93-8212-d9812681a1d3,751db5fe-9152-41f3-b5a6-ca84d116f94d,true,
60393f62-2463-4d93-8212-d9812681a1d3,bb725b70-a402-42d5-acdd-0ed7466dcea8,true,
60393f62-2463-4d93-8212-d9812681a1d3,b984a5b1-cc05-4be1-a695-d009163467a3,true,
60393f62-2463-4d93-8212-d9812681a1d3,93a7e212-f7ae-40a5-a48f-1e89e4fa7776,true,
60393f62-2463-4d93-8212-d9812681a1d3,3f6148da-a122-4831-9e1d-8b500f965109,true,
7c9be0b0-66f3-4734-bf35-fa0c9f9a68c5,ca9e051f-7f71-43e9-9a78-6919b2f1cb95,true,
7c9be0b0-66f3-4734-bf35-fa0c9f9a68c5,b13e77a7-e162-4b2b-883f-c82c5fdc50ff,true,
7c9be0b0-66f3-4734-bf35-fa0c9f9a68c5,6b1cde05-1745-4f55-80d2-331ffe970f3b,false,[NO_5XX] Unexpected 5XX response: 504
7c9be0b0-66f3-4734-bf35-fa0c9f9a68c5,5638acc3-14d6-4f28-bc64-0d26edb7dd82,true,
7c9be0b0-66f3-4734-bf35-fa0c9f9a68c5,4c9db394-b6dd-4276-93ca-c4a1a5351f27,true,
7c9be0b0-66f3-4734-bf35-fa0c9f9a68c5,31686dcd-7d0b-450a-87b4-eae556875858,true,
7c9be0b0-66f3-4734-bf35-fa0c9f9a68c5,3cb37e25-15de-4954-87ca-4a8b017a12e1,true,
7c9be0b0-66f3-4734-bf35-fa0c9f9a68c5,8b005cef-acd3-4f52-ac2d-7b0ea5be9ca2,true,
7c9be0b0-66f3-4734-bf35-fa0c9f9a68c5,4e23ad01-45b7-42f5-a2ce-d5ce0de111b7,true,
7c9be0b0-66f3-4734-bf35-fa0c9f9a68c5,35af36e8-1b8e-4f7f-8b8b-306db22d5012,true,
7c9be0b0-66f3-4734-bf35-fa0c9f9a68c5,e99904aa-1d73-474d-877c-aaae9de8a342,true,
7c9be0b0-66f3-4734-bf35-fa0c9f9a68c5,40569d43-4545-4bb0-8031-2d6fdc60e051,true,
7c9be0b0-66f3-4734-bf35-fa0c9f9a68c5,cd807cc7-c6d3-4ed4-802d-18718c19e1c6,true,
7c9be0b0-66f3-4734-bf35-fa0c9f9a68c5,374dd620-d544-4e05-8cde-7958905d23da,true,
7c9be0b0-66f3-4734-bf35-fa0c9f9a68c5,c842ee8f-d8ed-443b-8bac-6d33645d70fd,true,
7c9be0b0-66f3-4734-bf35-fa0c9f9a68c5,80b7bad9-bc74-4cd8-a1a5-1d911b9411d0,true,
7c9be0b0-66f3-4734-bf35-fa0c9f9a68c5,37991643-e1cf-4192-b587-88bff556ff51,true,
7c9be0b0-66f3-4734-bf35-fa0c9f9a68c5,7d046d04-2ab3-4a33-84d3-eb5ce749f3b7,true,
7c9be0b0-66f3-4734-bf35-fa0c9f9a68c5,1f062a7f-b93b-47ff-ad8d-509c6671b1f7,true,
7c9be0b0-66f3-4734-bf35-fa0c9f9a68c5,d2b956e5-b83e-4e4f-b121-27debe3e2b12,true,
7c9be0b0-66f3-4734-bf35-fa0c9f9a68c5,ad1260ba-0d58-448b-b1bc-8cb190782367,true,
7c9be0b0-66f3-4734-bf35-fa0c9f9a68c5,1c2f2a49-ee5c-4507-9116-767c424d7461,true,
7c9be0b0-66f3-4734-bf35-fa0c9f9a68c5,2659915c-6df0-4d76-94df-68901ed1c587,true,
7c9be0b0-66f3-4734-bf35-fa0c9f9a68c5,add92f5c-fdb5-462f-a69a-8a8d5cc76389,true,
7c9be0b0-66f3-4734-bf35-fa0c9f9a68c5,8227e67e-11f2-403e-9d3d-b2cbf3397398,true,
7c9be0b0-66f3-4734-bf35-fa0c9f9a68c5,8647d013-b590-486d-bed7-ddc0b1d30395,true,
7c9be0b0-66f3-4734-bf35-fa0c9f9a68c5,5de85839-e7be-48b1-a4ee-e223f897aadf,true,
7c9be0b0-66f3-4734-bf35-fa0c9f9a68c5,d3aec93d-d605-4329-88d6-9dbd0b274b1e,true,
7c9be0b0-66f3-4734-bf35-fa0c9f9a68c5,0aedcad5-20de-4858-be2c-0685045a9f68,true,
7c9be0b0-66f3-4734-bf35-fa0c9f9a68c5,b15ebe3c-2b28-4f95-93be-048268d31bcf,true,
7c9be0b0-66f3-4734-bf35-fa0c9f9a68c5,d7fcdd2f-610c-4550-96a6-2179e3fd019b,true,
7c9be0b0-66f3-4734-bf35-fa0c9f9a68c5,63455e42-451e-4d86-ba20-d47de096b768,true,
7c9be0b0-66f3-4734-bf35-fa0c9f9a68c5,7d14324f-14dd-4783-a125-5bbce1c6069b,true,
7c9be0b0-66f3-4734-bf35-fa0c9f9a68c5,50b9824f-abdf-48dc-a43b-8f811b5ddc20,true,
7c9be0b0-66f3-4734-bf35-fa0c9f9a68c5,e16c008d-de5b-4a5c-be67-690cbd4eede3,true,
7c9be0b0-66f3-4734-bf35-fa0c9f9a68c5,d721d409-68de-4306-af12-6894c958ec87,true,
7c9be0b0-66f3-4734-bf35-fa0c9f9a68c5,b403f738-9cd1-4410-9d0f-975ea015d134,true,
7c9be0b0-66f3-4734-bf35-fa0c9f9a68c5,8c081c02-9c44-4988-8ed5-aae85ce90ea1,true,
7c9be0b0-66f3-4734-bf35-fa0c9f9a68c5,729d88a7-7f2a-4360-aa7d-dcbd30077528,true,
7c9be0b0-66f3-4734-bf35-fa0c9f9a68c5,ec4ed0e3-b9c5-43bd-9423-58283e41bac6,true,
7c9be0b0-66f3-4734-bf35-fa0c9f9a68c5,110e1d75-6b85-4b44-a5eb-c1ef1bed7c47,true,
7c9be0b0-66f3-4734-bf35-fa0c9f9a68c5,8ae14267-751a-4943-bb16-665631002e82,true,
7c9be0b0-66f3-4734-bf35-fa0c9f9a68c5,36af743f-4fc8-4aa3-94e0-0e2a0e81e915,true,
7c9be0b0-66f3-4734-bf35-fa0c9f9a68c5,062ae46b-e179-446a-b7dd-bfb6d749fc1d,true,
7c9be0b0-66f3-4734-bf35-fa0c9f9a68c5,db70f4de-5971-45d4-8595-92af425b5492,true,
7c9be0b0-66f3-4734-bf35-fa0c9f9a68c5,6e829a26-53bf-4159-8632-42256925e42e,true,
7c9be0b0-66f3-4734-bf35-fa0c9f9a68c5,8883cdd4-1932-4fb3-9069-77b69e893b75,true,
7c9be0b0-66f3-4734-bf35-fa0c9f9a68c5,9b7520b7-82ee-483c-a738-d9d6a5bebf7a,true,
7c9be0b0-66f3-4734-bf35-fa0c9f9a68c5,3520b815-7b39-4cf6-9306-c1590b4ff687,true,
7c9be0b0-66f3-4734-bf35-fa0c9f9a68c5,b0b37771-7ac8-440c-8ac4-039ba4d1d342,true,
7c9be0b0-66f3-4734-bf35-fa0c9f9a68c5,aa146b11-8bbd-45df-8c52-66574d83b8b0,true,
7c9be0b0-66f3-4734-bf35-fa0c9f9a68c5,db5b74ca-5297-4edd-a0d5-01545a902602,true,
7c9be0b0-66f3-4734-bf35-fa0c9f9a68c5,4c8a7760-9e3e-4912-a193-053fd59d9b3b,true,
7c9be0b0-66f3-4734-bf35-fa0c9f9a68c5,f605c50d-5504-4640-95cc-4ea9de13f96e,true,
7c9be0b0-66f3-4734-bf35-fa0c9f9a68c5,ba427395-a394-401a-9717-3dba76459e9a,true,
7c9be0b0-66f3-4734-bf35-fa0c9f9a68c5,19c9894d-42f9-4dff-9eb6-4886bc0d037e,true,
7c9be0b0-66f3-4734-bf35-fa0c9f9a68c5,c1b6f71a-9472-45e5-a3e4-3a20af9e8a48,true,
7c9be0b0-66f3-4734-bf35-fa0c9f9a68c5,e67eaa9a-a00b-4493-8ecb-eeed2a5f3526,true,
7c9be0b0-66f3-4734-bf35-fa0c9f9a68c5,90cc50ce-c589-4d41-9a4f-fa5a3f6b5858,true,
7c9be0b0-66f3-4734-bf35-fa0c9f9a68c5,b769b2f4-40b9-41eb-bd8a-f32399c269e9,true,
7c9be0b0-66f3-4734-bf35-fa0c9f9a68c5,8ae6980e-f0f5-4e4b-a15f-41e7612e1e9b,true,
7c9be0b0-66f3-4734-bf35-fa0c9f9a68c5,d9845c0c-4627-4cc4-8da3-a6c523fe4088,true,
7c9be0b0-66f3-4734-bf35-fa0c9f9a68c5,c45a748d-4b10-48e2-96a8-2a0278a332cf,true,
7c9be0b0-66f3-4734-bf35-fa0c9f9a68c5,e1154083-8c0e-4f65-aee9-f0972261eb03,true,
7c9be0b0-66f3-4734-bf35-fa0c9f9a68c5,5450dd82-bbe5-4066-9526-764927c76e7a,true,
7c9be0b0-66f3-4734-bf35-fa0c9f9a68c5,b3436afa-e126-4176-a7b6-d591d2e03793,true,
7c9be0b0-66f3-4734-bf35-fa0c9f9a68c5,08383aa7-a3e9-46a1-9044-42b0979f696a,true,
7c9be0b0-66f3-4734-bf35-fa0c9f9a68c5,ca3f654e-92cc-4257-88ab-9e694bda672a,true,
7c9be0b0-66f3-4734-bf35-fa0c9f9a68c5,2eaf5fdf-1b97-476e-8c11-6fe8871d5212,true,
7c9be0b0-66f3-4734-bf35-fa0c9f9a68c5,0a095026-12e4-4a35-89cb-98b164851280,true,
7c9be0b0-66f3-4734-bf35-fa0c9f9a68c5,6d0a4d10-241c-4930-9e73-d034eb26ac35,true,
7c9be0b0-66f3-4734-bf35-fa0c9f9a68c5,60c569b5-8abe-4b1d-8928-ccb7e2eb14ff,true,
7c9be0b0-66f3-4734-bf35-fa0c9f9a68c5,3f7c100b-269c-40bd-bf62-234d0e6efb74,true,
7c9be0b0-66f3-4734-bf35-fa0c9f9a68c5,cad6aac0-de82-4549-a52a-e177a513cf59,true,
7c9be0b0-66f3-4734-bf35-fa0c9f9a68c5,726d3ef9-a126-49ce-84c4-07fb16aa7f67,true,
7c9be0b0-66f3-4734-bf35-fa0c9f9a68c5,8ae09e06-8fcf-491f-bf32-587046bb3931,true,
7c9be0b0-66f3-4734-bf35-fa0c9f9a68c5,35fa91ac-1e51-4629-8414-b54064f3f894,true,
7c9be0b0-66f3-4734-bf35-fa0c9f9a68c5,70a51331-7549-4b54-b01b-97c332a6559f,true,
7c9be0b0-66f3-4734-bf35-fa0c9f9a68c5,7cd80862-161d-4bfb-8839-4488a8dbf3cf,true,
7c9be0b0-66f3-4734-bf35-fa0c9f9a68c5,d6271c44-0a89-4042-a7d8-fdc88a09da23,true,
7c9be0b0-66f3-4734-bf35-fa0c9f9a68c5,7c66971b-b79f-40a9-a16d-9ed9025059c9,true,
7c9be0b0-66f3-4734-bf35-fa0c9f9a68c5,15708db0-f08b-43a5-99a3-5415c97e9de8,true,
7c9be0b0-66f3-4734-bf35-fa0c9f9a68c5,19e82ed9-ddc8-4417-ae9a-6aeeed78bdef,true,
7c9be0b0-66f3-4734-bf35-fa0c9f9a68c5,fd4edabe-f9a5-4645-a29f-575864b1ac2b,true,
7c9be0b0-66f3-4734-bf35-fa0c9f9a68c5,d058936e-48e2-40a9-acd7-884739d9ba79,true,
7c9be0b0-66f3-4734-bf35-fa0c9f9a68c5,b40608ee-9de6-4a71-96f1-f4b3e603a3b4,true,
7c9be0b0-66f3-4734-bf35-fa0c9f9a68c5,009a2e1f-68bf-4dce-9395-82a77f6722cd,true,
7c9be0b0-66f3-4734-bf35-fa0c9f9a68c5,00d1ec0b-2b55-44c9-a06d-538080fa80bc,true,
7c9be0b0-66f3-4734-bf35-fa0c9f9a68c5,7366cb42-35fe-42bd-8f2d-3abc837e8227,true,
7c9be0b0-66f3-4734-bf35-fa0c9f9a68c5,a1676394-fe06-4cbe-82b8-20fdae2acb25,true,
7c9be0b0-66f3-4734-bf35-fa0c9f9a68c5,ff1fc674-404f-43ef-a3ea-a4937958c1f1,true,
7c9be0b0-66f3-4734-bf35-fa0c9f9a68c5,5159c368-849e-4264-8d53-299503485ffa,true,
7c9be0b0-66f3-4734-bf35-fa0c9f9a68c5,93083997-d72a-46b2-b816-54e0973a2f3b,true,
7c9be0b0-66f3-4734-bf35-fa0c9f9a68c5,f2ab9112-a3b4-4bb5-b5c3-1e31e0a9960a,true,
7c9be0b0-66f3-4734-bf35-fa0c9f9a68c5,c51d2cff-754e-4003-84d3-589637b6a14f,true,
7c9be0b0-66f3-4734-bf35-fa0c9f9a68c5,65c26297-fd0d-46c2-ab25-89cb52e99934,true,
7c9be0b0-66f3-4734-bf35-fa0c9f9a68c5,0f11dc40-2d25-4f0c-9deb-750377551398,true,
7c9be0b0-66f3-4734-bf35-fa0c9f9a68c5,c2353faf-ee52-4fab-b66b-969a1860da52,true,
7c9be0b0-66f3-4734-bf35-fa0c9f9a68c5,af23aa98-5076-4674-9e61-e209d8454a0c,true,
7c9be0b0-66f3-4734-bf35-fa0c9f9a68c5,3fbef2b0-8a6a-4894-b93d-3e8b32df65c8,true,
7c9be0b0-66f3-4734-bf35-fa0c9f9a68c5,b2a192b6-1d24-4523-90c4-c102a588629e,true,
7c9be0b0-66f3-4734-bf35-fa0c9f9a68c5,f3a537b8-c570-4b0d-8fec-7fa3820e850a,true,
7c9be0b0-66f3-4734-bf35-fa0c9f9a68c5,6d0fca7d-b962-4ab6-a60a-a7ad8e82a0b8,true,
7c9be0b0-66f3-4734-bf35-fa0c9f9a68c5,32bfdf57-71c5-499c-96e8-693096e86b9e,true,
7c9be0b0-66f3-4734-bf35-fa0c9f9a68c5,00a012e6-147b-49b8-9438-79c6f026460c,true,
7c9be0b0-66f3-4734-bf35-fa0c9f9a68c5,394efe62-70cf-43e1-8466-ee89032b3d74,true,
7c9be0b0-66f3-4734-bf35-fa0c9f9a68c5,1d671fed-b8c6-4c1d-83ca-9850d911bbfb,true,
7c9be0b0-66f3-4734-bf35-fa0c9f9a68c5,368e9c28-0fb4-4b2d-997c-295700ad7ece,true,
7c9be0b0-66f3-4734-bf35-fa0c9f9a68c5,ab5c595c-dfcc-4e49-b51c-67e00849b877,true,
7c9be0b0-66f3-4734-bf35-fa0c9f9a68c5,9c027fcc-a748-4891-9121-46d27a23048d,true,
7c9be0b0-66f3-4734-bf35-fa0c9f9a68c5,245a7219-35ca-44c6-b5f1-341193d9df97,true,
7c9be0b0-66f3-4734-bf35-fa0c9f9a68c5,b6473226-2668-4e55-912d-79398afe670b,true,
7c9be0b0-66f3-4734-bf35-fa0c9f9a68c5,8d134c33-7f99-4558-8033-14821fb95c58,true,
7c9be0b0-66f3-4734-bf35-fa0c9f9a68c5,f971d66b-22b8-4ab6-b520-d1e2996eb01b,true,
7c9be0b0-66f3-4734-bf35-fa0c9f9a68c5,1e359f4a-8b95-4b12-8283-606b8dc424d0,true,
7c9be0b0-66f3-4734-bf35-fa0c9f9a68c5,a5c7a997-c1b0-4ec6-a7d6-d19078d2565b,true,
7c9be0b0-66f3-4734-bf35-fa0c9f9a68c5,2dfb67c7-5b8e-4dbf-931a-17d7b33b016c,true,
7c9be0b0-66f3-4734-bf35-fa0c9f9a68c5,1f8f147c-cbfe-4f8f-9bf8-1d2ae8ac2de8,true,
7c9be0b0-66f3-4734-bf35-fa0c9f9a68c5,876956b4-56a8-4f02-b8a4-37b94e0146fe,true,
7c9be0b0-66f3-4734-bf35-fa0c9f9a68c5,12ecb52b-eed6-4311-bcbd-e837632dbc4e,true,
7c9be0b0-66f3-4734-bf35-fa0c9f9a68c5,08bbfa57-41bc-40ab-a4e2-2213a2481c47,true,
7c9be0b0-66f3-4734-bf35-fa0c9f9a68c5,85dbeb6b-e6d0-4141-8ef6-ffb5b7adde7b,true,
7c9be0b0-66f3-4734-bf35-fa0c9f9a68c5,c52de83f-bce1-491c-a642-b20c3caf822d,true,
7c9be0b0-66f3-4734-bf35-fa0c9f9a68c5,c7b3c9ee-fb81-4c1f-9098-49cb7b20a980,true,
7c9be0b0-66f3-4734-bf35-fa0c9f9a68c5,498d9ad9-3ea1-4809-a56a-6b020b438d84,true,
7c9be0b0-66f3-4734-bf35-fa0c9f9a68c5,e14dd1aa-fd14-4432-9c13-88982df09b47,true,
7c9be0b0-66f3-4734-bf35-fa0c9f9a68c5,a34e6540-3a9e-4605-9872-34fa5cb97e89,true,
7c9be0b0-66f3-4734-bf35-fa0c9f9a68c5,ba4d46eb-cf1e-40a3-8290-c511b8e3baa1,true,
7c9be0b0-66f3-4734-bf35-fa0c9f9a68c5,40c0e243-02f6-4989-a00b-d2e9b6d41d3f,true,
7c9be0b0-66f3-4734-bf35-fa0c9f9a68c5,cf67c37a-2e55-403a-b214-82fe05966c96,true,
7c9be0b0-66f3-4734-bf35-fa0c9f9a68c5,8e7e418d-3d4e-449e-aad0-b44bb19182c1,true,
7c9be0b0-66f3-4734-bf35-fa0c9f9a68c5,7ed3d580-7f79-4fd0-82ca-543f1a7dc78b,true,
7c9be0b0-66f3-4734-bf35-fa0c9f9a68c5,322df42a-9158-4c94-a667-1e86771fce2f,true,
7c9be0b0-66f3-4734-bf35-fa0c9f9a68c5,13bcfa15-1a3c-48cb-8deb-e4bf18f0ba16,true,
7c9be0b0-66f3-4734-bf35-fa0c9f9a68c5,24a2b733-2837-44b7-82b3-c6c550a72dda,true,
7c9be0b0-66f3-4734-bf35-fa0c9f9a68c5,bdbd9fdc-cf63-49b9-bd3f-f0eed95d4e4c,true,
7c9be0b0-66f3-4734-bf35-fa0c9f9a68c5,b981238c-6204-40d7-acae-04a961e4c7eb,true,
7c9be0b0-66f3-4734-bf35-fa0c9f9a68c5,9744cb6c-45df-4b88-8bc5-b0bb10f804e9,true,
7c9be0b0-66f3-4734-bf35-fa0c9f9a68c5,0a98f82e-7d6b-4fdd-b2b8-f088b88c8a31,true,
7c9be0b0-66f3-4734-bf35-fa0c9f9a68c5,49c55eca-6896-40f8-8263-ea4d48987157,true,
7c9be0b0-66f3-4734-bf35-fa0c9f9a68c5,af8eeb3f-d09d-4b7f-855b-cf31e4f1ae82,true,
7c9be0b0-66f3-4734-bf35-fa0c9f9a68c5,f334a888-e16e-4d62-a6b9-39adc6cde29c,true,
7c9be0b0-66f3-4734-bf35-fa0c9f9a68c5,234f9139-3148-4106-8c26-9a7575143ecf,true,
7c9be0b0-66f3-4734-bf35-fa0c9f9a68c5,7bd5d92d-136a-4c5f-b289-e75af0c956aa,true,
7c9be0b0-66f3-4734-bf35-fa0c9f9a68c5,1f0cabde-40df-48fb-a0ae-15a6ff4c578c,true,
7c9be0b0-66f3-4734-bf35-fa0c9f9a68c5,12bd8f58-9761-442b-8594-67e264a590d7,true,
7c9be0b0-66f3-4734-bf35-fa0c9f9a68c5,a306e1a7-2902-45b2-b0e2-3eba95967d6b,true,
7c9be0b0-66f3-4734-bf35-fa0c9f9a68c5,160be527-3f7f-4720-8acb-3ee5adefa0ce,true,
7c9be0b0-66f3-4734-bf35-fa0c9f9a68c5,71d2f392-4f68-4c9a-971f-7c159fb3c3d4,true,
7c9be0b0-66f3-4734-bf35-fa0c9f9a68c5,fe706fe4-df39-45de-9ee7-c0a5d3ed057c,true,
7c9be0b0-66f3-4734-bf35-fa0c9f9a68c5,8a86922c-59c9-4f54-b438-b70181b9ee79,true,
7c9be0b0-66f3-4734-bf35-fa0c9f9a68c5,69854cdd-e228-4dd8-9063-f66ff2533f95,true,
7c9be0b0-66f3-4734-bf35-fa0c9f9a68c5,3343643a-d2d0-453b-b595-0c449c869d4e,true,
7c9be0b0-66f3-4734-bf35-fa0c9f9a68c5,38db81e2-020e-40fa-8392-08008f8b5f75,true,
7c9be0b0-66f3-4734-bf35-fa0c9f9a68c5,3ac4ec98-8a03-4a20-9a7e-26af1750d351,true,
7c9be0b0-66f3-4734-bf35-fa0c9f9a68c5,ce2e4813-e039-47bf-957f-d6cae56974ea,true,
7c9be0b0-66f3-4734-bf35-fa0c9f9a68c5,720c0e09-1d3d-4e18-8ad0-2d9e8c1dde90,true,
7c9be0b0-66f3-4734-bf35-fa0c9f9a68c5,ad4543f6-fd67-42be-aa43-d6a484522a50,true,
7c9be0b0-66f3-4734-bf35-fa0c9f9a68c5,352b7672-28dd-4b1a-8c5a-b3290f15b612,true,
7c9be0b0-66f3-4734-bf35-fa0c9f9a68c5,b61b2a2e-8d91-4c76-9edc-9de16947c790,true,
7c9be0b0-66f3-4734-bf35-fa0c9f9a68c5,52aa03c6-ec6e-40d0-a7d0-c4b3ef5a9c93,true,
7c9be0b0-66f3-4734-bf35-fa0c9f9a68c5,3ce81639-9ecf-4ce9-bbad-fef951db982f,true,
7c9be0b0-66f3-4734-bf35-fa0c9f9a68c5,d2c1ad47-7de6-46f6-a9c7-c6f5fcbd334f,true,
7c9be0b0-66f3-4734-bf35-fa0c9f9a68c5,71830b5c-1ea4-476f-989b-b70f76d5d425,true,
7c9be0b0-66f3-4734-bf35-fa0c9f9a68c5,025f7865-678a-45ee-9c79-22de19667c71,true,
7c9be0b0-66f3-4734-bf35-fa0c9f9a68c5,8f3d0abb-409e-4839-bd3b-f57f0b4f998d,true,
7c9be0b0-66f3-4734-bf35-fa0c9f9a68c5,057403ac-29c6-4e78-b383-bf39df5e5b9c,true,
7c9be0b0-66f3-4734-bf35-fa0c9f9a68c5,82cd65f6-6e74-49ca-ae7c-461fad404dbe,true,
7c9be0b0-66f3-4734-bf35-fa0c9f9a68c5,591ba9ea-4d46-4c84-9b50-cd716b6ef06a,true,
7c9be0b0-66f3-4734-bf35-fa0c9f9a68c5,846db67c-27db-48c7-93d5-a8b610a6b003,true,
7c9be0b0-66f3-4734-bf35-fa0c9f9a68c5,e4d607e2-1415-45ee-8941-b94d2e9e9ea4,true,
7c9be0b0-66f3-4734-bf35-fa0c9f9a68c5,a5996b2f-a523-4def-b35f-7811a5856856,true,
7c9be0b0-66f3-4734-bf35-fa0c9f9a68c5,2441bef7-f40f-40f7-b8e6-74b91ec38b74,true,
7c9be0b0-66f3-4734-bf35-fa0c9f9a68c5,8eabcf33-05ea-4682-9c98-441c93e84cbd,true,
7c9be0b0-66f3-4734-bf35-fa0c9f9a68c5,11d83497-f019-4ca8-a03b-1733237feea6,true,
7c9be0b0-66f3-4734-bf35-fa0c9f9a68c5,2a313281-d58e-4762-98a7-4d7ad37541ce,true,
7c9be0b0-66f3-4734-bf35-fa0c9f9a68c5,bdd3c57b-744f-4d61-916a-c2936327641c,true,
7c9be0b0-66f3-4734-bf35-fa0c9f9a68c5,25ce067e-375a-4ede-af71-3e64a7093fb2,true,
7c9be0b0-66f3-4734-bf35-fa0c9f9a68c5,7695aee5-1e14-4d37-96b6-0186aaf54c16,true,
7c9be0b0-66f3-4734-bf35-fa0c9f9a68c5,2ac08bbc-d6b0-464a-8595-506456820e6a,true,
7c9be0b0-66f3-4734-bf35-fa0c9f9a68c5,fcd19c28-ea1f-46e4-93df-328d17d5ed48,true,
7c9be0b0-66f3-4734-bf35-fa0c9f9a68c5,7514c1fd-e732-4288-9cc9-42f3e30d20de,true,
7c9be0b0-66f3-4734-bf35-fa0c9f9a68c5,595962e1-3906-4868-a088-e5b47ef7f586,true,
7c9be0b0-66f3-4734-bf35-fa0c9f9a68c5,75b7193a-dd92-4daf-bbd9-76f03db665bb,true,
7c9be0b0-66f3-4734-bf35-fa0c9f9a68c5,53a9530b-b38d-4dc6-97a2-5abe4308cfd3,true,
7c9be0b0-66f3-4734-bf35-fa0c9f9a68c5,b7e216a3-d9e6-46f1-8a00-c0c2bcd72e17,true,
7c9be0b0-66f3-4734-bf35-fa0c9f9a68c5,91312100-b9b2-424f-b3c2-cd647537d526,true,
7c9be0b0-66f3-4734-bf35-fa0c9f9a68c5,d27db638-ebdc-4614-8b65-b773f90bd090,true,
7c9be0b0-66f3-4734-bf35-fa0c9f9a68c5,db02dd7b-6dd9-4f22-8404-e962a01b5cc7,true,
7c9be0b0-66f3-4734-bf35-fa0c9f9a68c5,b4c935a8-83e4-4f93-9619-2e29f48c1276,true,
7c9be0b0-66f3-4734-bf35-fa0c9f9a68c5,84a45b7e-48b8-4cf1-8f1d-8e7498d09a15,true,
7c9be0b0-66f3-4734-bf35-fa0c9f9a68c5,82b36fc7-4a6c-4e6f-a6fe-a4195d0f9c9f,true,
7c9be0b0-66f3-4734-bf35-fa0c9f9a68c5,1be524b3-3b4d-406f-a4a8-b17073ff9be1,true,
7c9be0b0-66f3-4734-bf35-fa0c9f9a68c5,fa95e358-e9e6-4195-85e5-78b2e33776bd,true,
7c9be0b0-66f3-4734-bf35-fa0c9f9a68c5,2ea41c0a-93a0-4df6-b148-c191d308923f,true,
7c9be0b0-66f3-4734-bf35-fa0c9f9a68c5,22ffedae-3574-44d0-b93f-ab18af155c8b,true,
7c9be0b0-66f3-4734-bf35-fa0c9f9a68c5,81d8e0fe-d77d-4d6a-8e11-69d4555e9440,true,
7c9be0b0-66f3-4734-bf35-fa0c9f9a68c5,41e587b5-5794-4929-8b7a-6b5a1b056767,true,
7c9be0b0-66f3-4734-bf35-fa0c9f9a68c5,f65718e3-d3c0-4036-b083-f69a7c91beea,true,
7c9be0b0-66f3-4734-bf35-fa0c9f9a68c5,bae96369-4192-482f-a421-f1d94a7cc1dc,true,
7c9be0b0-66f3-4734-bf35-fa0c9f9a68c5,8c97d199-ada9-46dd-853d-45452356e92f,true,
7c9be0b0-66f3-4734-bf35-fa0c9f9a68c5,c0f476f2-d4d2-44cd-9a11-f8bd695ecea7,true,
7c9be0b0-66f3-4734-bf35-fa0c9f9a68c5,078d85ab-2cf6-4cd6-b827-5b7ea219959b,true,
7c9be0b0-66f3-4734-bf35-fa0c9f9a68c5,7b978581-0236-46c0-b55d-3df9bd84edeb,true,
7c9be0b0-66f3-4734-bf35-fa0c9f9a68c5,e648d5a6-67d9-473e-97fe-de9a1cda6f9b,true,
7c9be0b0-66f3-4734-bf35-fa0c9f9a68c5,242ea16d-ee6b-44ab-8006-4c47e56a40a9,true,
7c9be0b0-66f3-4734-bf35-fa0c9f9a68c5,7d48e3de-7483-4f9f-b62f-cf9d04c41e3c,true,
7c9be0b0-66f3-4734-bf35-fa0c9f9a68c5,0374b77b-6a2e-40c7-afff-0f9c4c94e097,true,
7c9be0b0-66f3-4734-bf35-fa0c9f9a68c5,b9f7b8a4-3484-4b51-93d9-df6669cd283b,true,
7c9be0b0-66f3-4734-bf35-fa0c9f9a68c5,94c8d403-ddfa-4110-9ce2-b8af23e729b9,true,
7c9be0b0-66f3-4734-bf35-fa0c9f9a68c5,11dc37e8-a38d-4c87-8ec7-228021dc21c8,true,
7c9be0b0-66f3-4734-bf35-fa0c9f9a68c5,b6f8bf52-70e7-4e6c-aae4-55054ea064f2,true,
7c9be0b0-66f3-4734-bf35-fa0c9f9a68c5,1d66b199-6e39-4c27-8efc-a663f1e14e3b,true,
7c9be0b0-66f3-4734-bf35-fa0c9f9a68c5,ffd50fa1-6ebe-4750-abc3-7f2ed4fcbb0e,true,
7c9be0b0-66f3-4734-bf35-fa0c9f9a68c5,6cb7c0c4-0444-42c8-bf7e-2cb5131bbdfe,true,
7c9be0b0-66f3-4734-bf35-fa0c9f9a68c5,67b7c142-650c-4e51-b691-a20005fa468b,true,
7c9be0b0-66f3-4734-bf35-fa0c9f9a68c5,9beecde6-d70c-454f-a57e-0ad58be1781e,true,
7c9be0b0-66f3-4734-bf35-fa0c9f9a68c5,cbf58583-457f-4e79-a4af-816a3a61a110,true,
7c9be0b0-66f3-4734-bf35-fa0c9f9a68c5,9a986c64-9d06-4579-abbc-3e7d91036a91,true,
7c9be0b0-66f3-4734-bf35-fa0c9f9a68c5,380c96fb-55b7-4d8d-8dec-8083cf4d65b1,true,
7c9be0b0-66f3-4734-bf35-fa0c9f9a68c5,af630b6b-d39c-4d1b-bd43-0a67c9fce0c9,true,
7c9be0b0-66f3-4734-bf35-fa0c9f9a68c5,1b9caed8-be49-4244-a7d2-962cfbe97039,true,
7c9be0b0-66f3-4734-bf35-fa0c9f9a68c5,e31db7e7-d516-4a25-9c69-7430c0adddc4,true,
7c9be0b0-66f3-4734-bf35-fa0c9f9a68c5,970d2765-bc83-42e7-8f0f-1e6cee943e43,true,
7c9be0b0-66f3-4734-bf35-fa0c9f9a68c5,47d05202-964b-4d56-a987-4332f8602ac6,true,
7c9be0b0-66f3-4734-bf35-fa0c9f9a68c5,d72812ac-99b4-4e1f-8f96-37a83e4a176d,true,
7c9be0b0-66f3-4734-bf35-fa0c9f9a68c5,fa965714-68d6-4aa1-bf60-b789ebb7a708,true,
7c9be0b0-66f3-4734-bf35-fa0c9f9a68c5,ca0889b7-7463-4968-aef6-c54415ceb288,true,
7c9be0b0-66f3-4734-bf35-fa0c9f9a68c5,ae55bb5d-d8c1-4cfd-9bcf-5062c41f0a9c,true,
7c9be0b0-66f3-4734-bf35-fa0c9f9a68c5,dc3f9d1c-e9e6-4911-ad47-dcee4c80013e,true,
7c9be0b0-66f3-4734-bf35-fa0c9f9a68c5,effe3068-0edb-462a-a89c-7485f51f0a8b,true,
7c9be0b0-66f3-4734-bf35-fa0c9f9a68c5,cff9eead-42fe-4d03-a6c5-66110f388ebe,true,
7c9be0b0-66f3-4734-bf35-fa0c9f9a68c5,440fb5e3-5ccb-4c22-89ca-6809dd7fab14,true,
7c9be0b0-66f3-4734-bf35-fa0c9f9a68c5,7467c9b2-ab25-4a47-b542-44376f6ca376,true,
7c9be0b0-66f3-4734-bf35-fa0c9f9a68c5,cdd4789b-38c4-4fb8-a689-dbe640b32c17,true,
7c9be0b0-66f3-4734-bf35-fa0c9f9a68c5,69e40356-98aa-42bb-86f5-d9382f2efa8d,true,
7c9be0b0-66f3-4734-bf35-fa0c9f9a68c5,97ec4933-0a0d-493a-9115-62aecf4a812a,true,
7c9be0b0-66f3-4734-bf35-fa0c9f9a68c5,5ee014fb-f9d6-44a7-9103-e550ac297b66,true,
7c9be0b0-66f3-4734-bf35-fa0c9f9a68c5,660af68b-6ab7-4c38-aa71-a73e585c0f8a,true,
7c9be0b0-66f3-4734-bf35-fa0c9f9a68c5,969faa79-ea75-47e4-920c-67a5c6ec8946,true,
7c9be0b0-66f3-4734-bf35-fa0c9f9a68c5,74b3a085-b86d-4c60-8339-db151d3126be,true,
7c9be0b0-66f3-4734-bf35-fa0c9f9a68c5,4a3ddb1d-7f55-4787-89dd-d828acccd914,true,
7c9be0b0-66f3-4734-bf35-fa0c9f9a68c5,86eeb828-828d-42bc-8130-d24b0bb8a6b3,true,
7c9be0b0-66f3-4734-bf35-fa0c9f9a68c5,29c12503-f527-4bc5-8d6c-1f4562bf5b6c,true,
7c9be0b0-66f3-4734-bf35-fa0c9f9a68c5,909b6ec6-eebf-4fd1-a4bf-254eacacfbfb,true,
7c9be0b0-66f3-4734-bf35-fa0c9f9a68c5,4cf501c9-4494-4d28-9047-99ffc127faea,true,
7c9be0b0-66f3-4734-bf35-fa0c9f9a68c5,72ce41da-e99f-4635-971b-4d6bde037655,true,
7c9be0b0-66f3-4734-bf35-fa0c9f9a68c5,235c0105-e7b3-478f-959a-d9abfa73ad48,true,
7c9be0b0-66f3-4734-bf35-fa0c9f9a68c5,91f70b73-c831-461f-9230-42d6677ee6d0,true,
7c9be0b0-66f3-4734-bf35-fa0c9f9a68c5,a68ec676-6389-49db-b880-2bf2aa0a42ce,true,
7c9be0b0-66f3-4734-bf35-fa0c9f9a68c5,090ed89c-f116-43cc-93de-60f866d36481,true,
7c9be0b0-66f3-4734-bf35-fa0c9f9a68c5,2a90dd67-8d89-4560-9642-96227e5f2f19,true,
7c9be0b0-66f3-4734-bf35-fa0c9f9a68c5,1d07b804-bb30-46ab-949d-25ebbdb32fd2,true,
7c9be0b0-66f3-4734-bf35-fa0c9f9a68c5,e0cf5e34-633d-469c-adc5-40e28e3fd4f8,true,
7c9be0b0-66f3-4734-bf35-fa0c9f9a68c5,d614c092-a6c0-424f-9716-86d3228ff57d,true,
7c9be0b0-66f3-4734-bf35-fa0c9f9a68c5,8e1b9a8d-2358-4f51-abd6-147791287d11,true,
49262665-cf9c-428b-95a9-3211bf0f6867,825a2398-d8e4-4741-a99c-f08e5f4e50aa,true,
49262665-cf9c-428b-95a9-3211bf0f6867,bf908b2c-a271-47b7-9e6d-ed3f823340a7,true,
49262665-cf9c-428b-95a9-3211bf0f6867,19b9b743-ba99-4662-8a4a-d1babf24cf3c,false,[NO_5XX] Unexpected 5XX response: 502
49262665-cf9c-428b-95a9-3211bf0f6867,e2b49f9a-98b5-427c-a7da-891858b7a995,true,
49262665-cf9c-428b-95a9-3211bf0f6867,3c9c198d-7b53-49f5-a508-f4a2a2650a36,true,
49262665-cf9c-428b-95a9-3211bf0f6867,13850a63-9ecd-4526-8add-f90eca8c6106,true,
49262665-cf9c-428b-95a9-3211bf0f6867,178d85de-1828-480e-a8b5-805b154f6ca4,true,
49262665-cf9c-428b-95a9-3211bf0f6867,d49ae53f-a23e-47bc-981d-bc88fa7e5093,true,
49262665-cf9c-428b-95a9-3211bf0f6867,53ce8761-0772-43b8-8102-7f33213cd5a6,true,
49262665-cf9c-428b-95a9-3211bf0f6867,3aa37782-a0bd-4b87-85f3-ccb04ac0ff6f,true,
49262665-cf9c-428b-95a9-3211bf0f6867,3f4cca8a-d1a9-42f6-b53f-140f4280605f,true,
49262665-cf9c-428b-95a9-3211bf0f6867,fb752061-53e6-4abc-bdba-e023868811e7,true,
49262665-cf9c-428b-95a9-3211bf0f6867,401f52f9-e9fe-4c57-b8d1-c574d8fdb674,true,
49262665-cf9c-428b-95a9-3211bf0f6867,08375159-2066-4b28-8045-51e58bba79e0,true,
49262665-cf9c-428b-95a9-3211bf0f6867,8b87746a-b16d-4e02-9125-7b2680909179,true,
49262665-cf9c-428b-95a9-3211bf0f6867,2e545e8d-5f7b-487d-842a-b40d05f07812,true,
49262665-cf9c-428b-95a9-3211bf0f6867,317d092b-5bf5-4f63-b7b5-bd8203174651,true,
49262665-cf9c-428b-95a9-3211bf0f6867,cb06d33c-2fd4-4cf4-990c-4c9a2eb50c61,true,
49262665-cf9c-428b-95a9-3211bf0f6867,6313f5c7-1071-421d-919a-051ad8973cbc,true,
49262665-cf9c-428b-95a9-3211bf0f6867,0f17d327-6efd-4635-a07f-5914578dd450,true,
49262665-cf9c-428b-95a9-3211bf0f6867,3b4590a9-85f0-44a8-bce9-9752c760a728,true,
49262665-cf9c-428b-95a9-3211bf0f6867,175bd52f-a6e2-41ca-8fa6-cab6285e372f,true,
49262665-cf9c-428b-95a9-3211bf0f6867,03ba5779-4b48-4ae1-aa6d-4d09f82bea8d,true,
49262665-cf9c-428b-95a9-3211bf0f6867,e2a1aba8-1e22-41bd-b37a-5b8215ef106c,true,
49262665-cf9c-428b-95a9-3211bf0f6867,1740ee41-e2e7-415a-a13d-02690c245242,true,
49262665-cf9c-428b-95a9-3211bf0f6867,6f0fe7e6-afa0-4222-9e58-975e1bbd164b,true,
49262665-cf9c-428b-95a9-3211bf0f6867,47e6c415-4856-426b-b28e-2ad19641c0a1,true,
49262665-cf9c-428b-95a9-3211bf0f6867,e409d46d-5831-4fa7-b70c-0eb4aafcd4aa,true,
49262665-cf9c-428b-95a9-3211bf0f6867,78d7296a-7fa6-4b0f-81c6-ada596cd18f1,true,
49262665-cf9c-428b-95a9-3211bf0f6867,a3c77e93-48ac-45b1-9400-e91d57122c00,true,
49262665-cf9c-428b-95a9-3211bf0f6867,9297b8c9-57f5-4f7d-88d0-5c293045ecde,true,
49262665-cf9c-428b-95a9-3211bf0f6867,d256c961-09d0-4eea-ac00-f82d3d69be3b,true,
49262665-cf9c-428b-95a9-3211bf0f6867,567d5ee2-4af5-495e-a118-df8b2778312c,true,
49262665-cf9c-428b-95a9-3211bf0f6867,e14fcf8d-5e9b-4a78-9565-00ba831205c5,true,
49262665-cf9c-428b-95a9-3211bf0f6867,84f7f3e0-75df-4cc9-8bf8-056f8a7a6d4e,true,
49262665-cf9c-428b-95a9-3211bf0f6867,dd9e6e13-e5ce-4fcf-bc83-1f0e7ceb8a08,true,
49262665-cf9c-428b-95a9-3211bf0f6867,a44fac62-0eaf-486e-9c8c-ae1f6b54d752,true,
49262665-cf9c-428b-95a9-3211bf0f6867,3c509c19-c791-4996-a49b-57d26f5bd00e,true,
49262665-cf9c-428b-95a9-3211bf0f6867,58e529cc-1cef-4244-bd16-179c190dc855,true,
49262665-cf9c-428b-95a9-3211bf0f6867,04126f27-fa63-49ee-811c-0c0e11239b76,true,
49262665-cf9c-428b-95a9-3211bf0f6867,ffb5a479-b7b6-44df-85f6-99abda08d875,true,
49262665-cf9c-428b-95a9-3211bf0f6867,53ae536e-8139-4fec-9ac4-82a670d9f22d,true,
49262665-cf9c-428b-95a9-3211bf0f6867,f098d78a-f776-495e-9677-2bf158659f80,true,
49262665-cf9c-428b-95a9-3211bf0f6867,5538f2ae-79b8-41f5-9e9f-564c71c1a839,true,
49262665-cf9c-428b-95a9-3211bf0f6867,b6934622-6d62-43ee-ab44-d6cc2db88773,true,
49262665-cf9c-428b-95a9-3211bf0f6867,7415b354-db1d-4da4-bfdf-132b42d17bbf,true,
49262665-cf9c-428b-95a9-3211bf0f6867,8f5f0260-15af-4aef-810f-df36a8d6caff,true,
49262665-cf9c-428b-95a9-3211bf0f6867,e5acbea4-4e42-451b-90b9-f8ae4514a8d8,true,
49262665-cf9c-428b-95a9-3211bf0f6867,cc182fe0-4905-4c29-855a-fdca4f7a67d7,true,
49262665-cf9c-428b-95a9-3211bf0f6867,5cc12f1f-b585-4628-8400-b6009d75f71a,true,
690cde00-0a2e-4c41-9463-dcc6386f51b4,d3437d5a-148c-4c53-9504-84e2b38348e2,true,
690cde00-0a2e-4c41-9463-dcc6386f51b4,4122ac88-0a10-44f1-9ce0-60cf56e9f45e,true,
690cde00-0a2e-4c41-9463-dcc6386f51b4,8b4264fa-2d18-44d7-83d3-3b52a06f5a7d,false,[NO_5XX] Unexpected 5XX response: 503
690cde00-0a2e-4c41-9463-dcc6386f51b4,62767cf2-08b9-4822-9c64-78191f27c66f,true,
690cde00-0a2e-4c41-9463-dcc6386f51b4,bb497d25-a6db-4d0d-93d4-3a8841fd1902,true,
690cde00-0a2e-4c41-9463-dcc6386f51b4,4d151dc4-4be0-48e2-abd6-fd1fed39c756,true,
690cde00-0a2e-4c41-9463-dcc6386f51b4,1c90d7af-5353-4553-a0e9-9b5c7c3afac2,true,
690cde00-0a2e-4c41-9463-dcc6386f51b4,7c93af82-64f3-48ed-b493-29682ad07e3e,true,
690cde00-0a2e-4c41-9463-dcc6386f51b4,afaf7d37-ad43-4b96-bd32-2b903c87ef42,true,
690cde00-0a2e-4c41-9463-dcc6386f51b4,8b95de17-6e17-4e92-a70e-62165041c05a,true,
690cde00-0a2e-4c41-9463-dcc6386f51b4,1cfe6aa7-bad6-4134-925e-43d93779b24a,true,
690cde00-0a2e-4c41-9463-dcc6386f51b4,43a259e5-bffc-442d-bb87-a77400fe59ac,true,
690cde00-0a2e-4c41-9463-dcc6386f51b4,cf2e152e-1863-4c5a-8ec8-d46865d1d1c2,true,
690cde00-0a2e-4c41-9463-dcc6386f51b4,4e760f17-8b42-440e-9c38-ad84210fc1d1,true,
690cde00-0a2e-4c41-9463-dcc6386f51b4,5091929f-9cb2-4ed4-b90f-8a4df091504b,true,
690cde00-0a2e-4c41-9463-dcc6386f51b4,8b9523d9-0215-4b01-9002-027679a1ed50,true,
690cde00-0a2e-4c41-9463-dcc6386f51b4,4ae356da-5197-439e-a227-733fd9c2edee,true,
690cde00-0a2e-4c41-9463-dcc6386f51b4,db11e2bf-003a-4ccc-83cf-2e9adfc842f4,true,
690cde00-0a2e-4c41-9463-dcc6386f51b4,4481e335-591f-4c39-80f7-5309959ec520,true,
690cde00-0a2e-4c41-9463-dcc6386f51b4,7334c3b9-87b0-4406-a526-8b194f5f57ce,true,
690cde00-0a2e-4c41-9463-dcc6386f51b4,50b86306-1b0f-4e2b-8b55-6c904ab675a7,true,
690cde00-0a2e-4c41-9463-dcc6386f51b4,64cbcb87-87d7-4cb7-8a31-8cf647f9e245,true,
690cde00-0a2e-4c41-9463-dcc6386f51b4,24c636f5-8240-406a-b15a-359d3400c0ca,true,
690cde00-0a2e-4c41-9463-dcc6386f51b4,78fcdc9d-b2d9-4ca2-9b70-2b3396903839,true,
690cde00-0a2e-4c41-9463-dcc6386f51b4,8e46f524-cd6b-45e7-a432-fd341c0806b2,true,
690cde00-0a2e-4c41-9463-dcc6386f51b4,b68de6ae-3dcf-4a96-bab7-4923b0fe4aff,true,
690cde00-0a2e-4c41-9463-dcc6386f51b4,797bb54c-7858-4597-82db-d493e7a00f82,true,
690cde00-0a2e-4c41-9463-dcc6386f51b4,eec71734-fd26-42d2-a6d7-698143ec6531,true,
690cde00-0a2e-4c41-9463-dcc6386f51b4,13dd1529-2581-420e-a969-7c190752c95b,true,
690cde00-0a2e-4c41-9463-dcc6386f51b4,f4824705-c845-4e99-a2d7-71fe0b7f25ce,true,
690cde00-0a2e-4c41-9463-dcc6386f51b4,e7d88f72-4dd5-47ab-9d0f-70006d28b51b,true,
690cde00-0a2e-4c41-9463-dcc6386f51b4,3aaf8448-d7d9-4703-abde-61baa4d05fa2,true,
690cde00-0a2e-4c41-9463-dcc6386f51b4,e719facf-8e7c-42b9-b7ea-4ac973513908,true,
690cde00-0a2e-4c41-9463-dcc6386f51b4,35df5c78-9a62-49ce-b983-8fd13bd17f21,true,
690cde00-0a2e-4c41-9463-dcc6386f51b4,eb90d3fd-685b-40b5-b044-5c5c83fed923,true,
690cde00-0a2e-4c41-9463-dcc6386f51b4,13b85dbb-b0d1-41dc-99f7-798602c95d65,true,
690cde00-0a2e-4c41-9463-dcc6386f51b4,3761770f-881c-4c69-bc21-11dee2be11a7,true,
690cde00-0a2e-4c41-9463-dcc6386f51b4,9e9d6c8a-18a3-43d4-b0a4-77a892aad0ff,true,
690cde00-0a2e-4c41-9463-dcc6386f51b4,1ab9d700-5f9f-45f3-ba17-3b6a7699ffea,true,
690cde00-0a2e-4c41-9463-dcc6386f51b4,d15da12c-f9af-4cce-8a11-a54271fc627d,true,
690cde00-0a2e-4c41-9463-dcc6386f51b4,dfdb4f1f-ed2d-466e-bf45-114199d4126a,true,
690cde00-0a2e-4c41-9463-dcc6386f51b4,74855870-8cbd-4a03-8406-7c9af50436ca,true,
690cde00-0a2e-4c41-9463-dcc6386f51b4,dd4fb549-6e61-4062-8317-7a5d554f250b,true,
690cde00-0a2e-4c41-9463-dcc6386f51b4,3d614b70-cf5e-4db1-a683-c05066a563eb,true,
690cde00-0a2e-4c41-9463-dcc6386f51b4,440f5c35-b704-4e9f-84f9-8ce3c6db2d2f,true,
690cde00-0a2e-4c41-9463-dcc6386f51b4,f4fe3258-5398-411b-9da6-aa8e464cb8c1,true,
690cde00-0a2e-4c41-9463-dcc6386f51b4,d1c49603-707f-4ea7-b9d5-7ca14b18200a,true,
690cde00-0a2e-4c41-9463-dcc6386f51b4,6a8dbc4f-49a4-4782-8995-a73f64342e5e,true,
690cde00-0a2e-4c41-9463-dcc6386f51b4,4f580321-27e4-4076-892f-fdd013f9cea1,true,
690cde00-0a2e-4c41-9463-dcc6386f51b4,f2102321-cad8-4066-be08-3fbca99f1caa,true,
690cde00-0a2e-4c41-9463-dcc6386f51b4,a28206d9-9fdc-41b8-bcf4-ca0fb2e9e0ae,true,
690cde00-0a2e-4c41-9463-dcc6386f51b4,2277d0dc-f198-4d18-9d2c-f5f497b34c74,true,
690cde00-0a2e-4c41-9463-dcc6386f51b4,547fd9e0-21bd-4a41-813b-65d4ff03e85c,true,
690cde00-0a2e-4c41-9463-dcc6386f51b4,376c9fea-aba8-491e-8443-ab1f3521fc80,true,
690cde00-0a2e-4c41-9463-dcc6386f51b4,b0e4cdfe-e92c-49ec-820d-8b38844e42a3,true,
690cde00-0a2e-4c41-9463-dcc6386f51b4,ce63c201-b942-4126-a529-9c9179a8ef4e,true,
690cde00-0a2e-4c41-9463-dcc6386f51b4,e79f023d-a29e-4767-94cc-3dd76bc96bb8,true,
690cde00-0a2e-4c41-9463-dcc6386f51b4,4dc66dfb-a85e-4484-b901-01b9a364a363,true,
690cde00-0a2e-4c41-9463-dcc6386f51b4,b8961939-7284-4f75-a02b-ccd0c86f9da8,true,
690cde00-0a2e-4c41-9463-dcc6386f51b4,86180cdb-81e1-479a-86a7-2a4ec6a5690f,true,
690cde00-0a2e-4c41-9463-dcc6386f51b4,bcb2aace-0c07-42f0-bd53-396697dd2a39,true,
690cde00-0a2e-4c41-9463-dcc6386f51b4,ab99ab9a-f23b-446c-95cf-0cadc5ff84e2,true,
690cde00-0a2e-4c41-9463-dcc6386f51b4,0ef7e3e3-e298-476c-8d92-c3b9a0fcaea2,true,
690cde00-0a2e-4c41-9463-dcc6386f51b4,3b9cbc33-c2e7-456d-bcfc-4bbae7717f0b,true,
690cde00-0a2e-4c41-9463-dcc6386f51b4,83dd0aa2-cce8-41d7-b209-1f83f1a8fd49,true,
690cde00-0a2e-4c41-9463-dcc6386f51b4,e665083e-a4f0-470e-8971-fa64469ee355,true,
690cde00-0a2e-4c41-9463-dcc6386f51b4,89ca72af-1c7a-40c6-9395-7a170e052a9b,true,
690cde00-0a2e-4c41-9463-dcc6386f51b4,eaa951a1-718d-4584-a90d-d4071c06e747,true,
690cde00-0a2e-4c41-9463-dcc6386f51b4,08527500-be3f-40c7-baa6-e20106b9411c,true,
690cde00-0a2e-4c41-9463-dcc6386f51b4,d4e6c1fd-f460-454e-a37b-9b92931f3b49,true,
690cde00-0a2e-4c41-9463-dcc6386f51b4,57694ff6-5688-4181-81ef-c0aeaa6d0e5c,true,
690cde00-0a2e-4c41-9463-dcc6386f51b4,e6b298ed-eaf9-433b-bc50-0cf3a784a75e,true,
690cde00-0a2e-4c41-9463-dcc6386f51b4,103d6553-cf56-480a-a200-b1363804b252,true,
690cde00-0a2e-4c41-9463-dcc6386f51b4,ce6061a2-bebe-4716-bec1-d0f53b9b9030,true,
690cde00-0a2e-4c41-9463-dcc6386f51b4,fce07085-cc4e-4eaa-b36e-8a575fd34502,true,
690cde00-0a2e-4c41-9463-dcc6386f51b4,388559c4-84c9-4d4b-b1f3-6b66b4010674,true,
690cde00-0a2e-4c41-9463-dcc6386f51b4,1e22c1fd-f2a2-45e8-83ad-08f573860b5e,true,
690cde00-0a2e-4c41-9463-dcc6386f51b4,2c05387c-7512-435d-9b83-9af3a9947562,true,
690cde00-0a2e-4c41-9463-dcc6386f51b4,7843ff27-bb6d-470d-9131-926d338a8170,true,
690cde00-0a2e-4c41-9463-dcc6386f51b4,850afc00-4409-4614-8978-fa216249698b,true,
690cde00-0a2e-4c41-9463-dcc6386f51b4,78c845f8-4600-4e02-839a-37cf92a9bd82,true,
690cde00-0a2e-4c41-9463-dcc6386f51b4,aeb95dca-c0e8-4a7c-a96a-6ad2c33e8c40,true,
690cde00-0a2e-4c41-9463-dcc6386f51b4,50f26581-7ac3-4cc3-b6f8-22df8474a739,true,
690cde00-0a2e-4c41-9463-dcc6386f51b4,1fa914ba-e064-4f7c-a1c2-10a4a7ab476d,true,
690cde00-0a2e-4c41-9463-dcc6386f51b4,53b95ec6-83f9-4cc0-bfd5-171dd7034e06,true,
690cde00-0a2e-4c41-9463-dcc6386f51b4,637c187b-0626-4436-911a-3825cfd6b969,true,
690cde00-0a2e-4c41-9463-dcc6386f51b4,e37458b9-e2e5-4f24-889b-d6379bc1f043,true,
690cde00-0a2e-4c41-9463-dcc6386f51b4,21dc372b-08c1-4e8d-91c9-0407f93531bc,true,
690cde00-0a2e-4c41-9463-dcc6386f51b4,cf667c42-7659-4436-8693-d79636fd35e9,true,
690cde00-0a2e-4c41-9463-dcc6386f51b4,798acc60-0cd1-47d1-947f-7333d9fc360a,true,
690cde00-0a2e-4c41-9463-dcc6386f51b4,c9f90070-066d-4bb0-bcc1-7dcb1a15b3de,true,
690cde00-0a2e-4c41-9463-dcc6386f51b4,57969bad-969c-4bad-84b2-ded800b3d75a,true,
690cde00-0a2e-4c41-9463-dcc6386f51b4,8101f8e1-2674-43c1-bbf9-0bb32216d0bb,true,
690cde00-0a2e-4c41-9463-dcc6386f51b4,c901626b-f7d0-413f-8eab-d7d05d787461,true,
690cde00-0a2e-4c41-9463-dcc6386f51b4,d05aca00-eeb0-47bb-9e78-51eed29ad6c0,true,
690cde00-0a2e-4c41-9463-dcc6386f51b4,85522536-f2aa-4eca-ae78-fcdf00515e08,true,
690cde00-0a2e-4c41-9463-dcc6386f51b4,2cf12b7b-6f74-41de-9482-fdcd0215770b,true,
690cde00-0a2e-4c41-9463-dcc6386f51b4,9714a7ea-90a8-45cf-b986-0020d416aa78,true,
690cde00-0a2e-4c41-9463-dcc6386f51b4,a34e1925-85a1-4302-bffd-515ab7856462,true,
690cde00-0a2e-4c41-9463-dcc6386f51b4,25dcd875-4615-42cc-a7f2-0b309419a3e6,true,
690cde00-0a2e-4c41-9463-dcc6386f51b4,14b0a4a4-fed0-449e-8631-8b8ce356c6d5,true,
690cde00-0a2e-4c41-9463-dcc6386f51b4,66cc6a6d-7574-4099-95b6-983a5fb07c9e,true,
690cde00-0a2e-4c41-9463-dcc6386f51b4,a701353f-e381-4b62-8612-e0b101bc7db4,true,
690cde00-0a2e-4c41-9463-dcc6386f51b4,df6453f9-b816-496c-b74d-7ae21c484d9d,true,
690cde00-0a2e-4c41-9463-dcc6386f51b4,dd48c714-1bd8-4a59-a30f-274721cdfc64,true,
690cde00-0a2e-4c41-9463-dcc6386f51b4,840e8e43-1c41-4997-ab5b-106d86773863,true,
690cde00-0a2e-4c41-9463-dcc6386f51b4,2b53ab42-756b-43c0-8c6d-a19a5abe1486,true,
690cde00-0a2e-4c41-9463-dcc6386f51b4,cd19d598-f448-483f-9a0f-23084e342405,true,
690cde00-0a2e-4c41-9463-dcc6386f51b4,bf138caa-2e05-493e-989d-199c995e1c91,true,
690cde00-0a2e-4c41-9463-dcc6386f51b4,d677a5cc-d637-409b-9f5f-27fe5ac0cb25,true,
690cde00-0a2e-4c41-9463-dcc6386f51b4,daac82d7-841b-4b09-8656-343dd199ba42,true,
690cde00-0a2e-4c41-9463-dcc6386f51b4,5a9a63cd-1e97-4842-a6d0-afc89b662a6b,true,
690cde00-0a2e-4c41-9463-dcc6386f51b4,1f316996-7e54-43e5-ba47-d47f830b3114,true,
690cde00-0a2e-4c41-9463-dcc6386f51b4,8cbeff99-76dd-411e-afc5-d0fbfcb0b087,true,
690cde00-0a2e-4c41-9463-dcc6386f51b4,b0f0fccd-8c33-41a0-ae86-31bb2f195db2,true,
690cde00-0a2e-4c41-9463-dcc6386f51b4,5806d1ec-4127-4da6-8034-57a38cae326b,true,
690cde00-0a2e-4c41-9463-dcc6386f51b4,b1ff802f-ad0a-4d57-8ebc-3f2dd8e977e6,true,
690cde00-0a2e-4c41-9463-dcc6386f51b4,d31ef0b8-13af-4162-9538-c4b87c05d651,true,
690cde00-0a2e-4c41-9463-dcc6386f51b4,4ff5a395-3b20-4040-b4e2-5df217e1e73b,true,
690cde00-0a2e-4c41-9463-dcc6386f51b4,b41f0a1a-841d-42a4-9fb9-63b855554f2a,true,
690cde00-0a2e-4c41-9463-dcc6386f51b4,c479ad09-d3f0-49c4-897e-8fe96bdb1935,true,
690cde00-0a2e-4c41-9463-dcc6386f51b4,c24ed9d1-7d4e-48f8-a7df-6a7380832235,true,
690cde00-0a2e-4c41-9463-dcc6386f51b4,5c9eab0e-f520-4011-b0a4-1f223d76a4a2,true,
690cde00-0a2e-4c41-9463-dcc6386f51b4,c83a4c14-14a8-49ce-b53c-60e8a85de4f5,true,
690cde00-0a2e-4c41-9463-dcc6386f51b4,022e3302-814e-4929-9ac7-fe9e497a70bc,true,
690cde00-0a2e-4c41-9463-dcc6386f51b4,9b1fcbbb-9974-4d72-a010-6f7ef7aa86a7,true,
690cde00-0a2e-4c41-9463-dcc6386f51b4,55d5cab3-1c66-4137-af03-fbe85104ea3d,true,
690cde00-0a2e-4c41-9463-dcc6386f51b4,6d5ee98b-3720-44e1-8d7b-81837d84d6dd,true,
690cde00-0a2e-4c41-9463-dcc6386f51b4,2de8047f-dc51-47b4-b2b4-f5e2c121fe04,true,
690cde00-0a2e-4c41-9463-dcc6386f51b4,acf62aaf-f3c8-482d-a894-fedd4f1d4f05,true,
690cde00-0a2e-4c41-9463-dcc6386f51b4,452c4091-507a-4e34-b106-534affe4c680,true,
690cde00-0a2e-4c41-9463-dcc6386f51b4,51e998c0-6ea4-4dff-96e5-d9d2dbcc09df,true,
690cde00-0a2e-4c41-9463-dcc6386f51b4,4e5a4835-af68-4061-95c8-916468e07419,true,
690cde00-0a2e-4c41-9463-dcc6386f51b4,25edc5a5-3fbc-4608-8176-60f6ff6ed90f,true,
690cde00-0a2e-4c41-9463-dcc6386f51b4,1db92d38-d193-4c48-aecd-7cdfbefd41a1,true,
690cde00-0a2e-4c41-9463-dcc6386f51b4,d4c03968-4b23-4e5f-9406-b0b12e4808bb,true,
690cde00-0a2e-4c41-9463-dcc6386f51b4,fdeafae6-a8c0-42ac-ba66-9ba14972865d,true,
690cde00-0a2e-4c41-9463-dcc6386f51b4,19e97460-9c6a-4d9a-a21f-fdd87a50609b,true,
690cde00-0a2e-4c41-9463-dcc6386f51b4,93131afa-cc44-4d4f-a669-4a4b382f92b0,true,
690cde00-0a2e-4c41-9463-dcc6386f51b4,2984897d-babb-40da-907c-08b4ebe92fdf,true,
690cde00-0a2e-4c41-9463-dcc6386f51b4,bf8a8fb4-4ed3-45c9-8c2a-a442448b4237,true,
690cde00-0a2e-4c41-9463-dcc6386f51b4,debc6830-be94-448b-8dc1-054a02b256b7,true,
690cde00-0a2e-4c41-9463-dcc6386f51b4,afce646f-f1dd-4e30-a8c7-08e07e664dbe,true,
690cde00-0a2e-4c41-9463-dcc6386f51b4,0d5df097-e4e6-416d-9499-066c65a74807,true,
690cde00-0a2e-4c41-9463-dcc6386f51b4,27d05f2c-163d-4112-a0c9-40edd83c84d6,true,
690cde00-0a2e-4c41-9463-dcc6386f51b4,d6a1addd-109e-4c04-a193-ace811e954fc,true,
690cde00-0a2e-4c41-9463-dcc6386f51b4,e579bd95-3751-4df3-9a89-3855b25aab6c,true,
690cde00-0a2e-4c41-9463-dcc6386f51b4,5c648c75-077f-4a12-8fdd-9a023b2f1e18,true,
690cde00-0a2e-4c41-9463-dcc6386f51b4,1be2ab3f-fee3-4e52-880c-b52a773bc52e,true,
690cde00-0a2e-4c41-9463-dcc6386f51b4,4a977ca6-0fef-469c-9a60-9053602106d4,true,
690cde00-0a2e-4c41-9463-dcc6386f51b4,1ae1ef73-9238-4304-9a6b-b00fd49ddda7,true,
690cde00-0a2e-4c41-9463-dcc6386f51b4,03811a7b-9356-4c6b-ac3f-944c4e2d650c,true,
690cde00-0a2e-4c41-9463-dcc6386f51b4,f3a45925-cc15-41eb-80e0-24df888d12d6,true,
690cde00-0a2e-4c41-9463-dcc6386f51b4,9c74ab94-b6b2-450d-9d53-2a5e8c4e55e7,true,
690cde00-0a2e-4c41-9463-dcc6386f51b4,5f322914-6c0c-460d-82c7-cded86afa36b,true,
690cde00-0a2e-4c41-9463-dcc6386f51b4,e3139219-cc69-4baa-a30a-b15266fd021c,true,
690cde00-0a2e-4c41-9463-dcc6386f51b4,d3483292-ef4d-49f5-833d-d4a5d800fc41,true,
690cde00-0a2e-4c41-9463-dcc6386f51b4,4966cad5-607c-4a65-b549-49cdeee68d27,true,
690cde00-0a2e-4c41-9463-dcc6386f51b4,b0b63850-56dd-4d2a-9f36-f192bd963e50,true,
690cde00-0a2e-4c41-9463-dcc6386f51b4,1906a384-7e6d-4975-82b6-daf863f2b718,true,
690cde00-0a2e-4c41-9463-dcc6386f51b4,27c98ba2-ab0c-42c0-9d8a-7070b1232c05,true,
690cde00-0a2e-4c41-9463-dcc6386f51b4,de5c20a7-22ee-4009-abb8-00c8510b4529,true,
690cde00-0a2e-4c41-9463-dcc6386f51b4,d39b479a-dd7e-4d10-a958-3ff2432ab24a,true,
690cde00-0a2e-4c41-9463-dcc6386f51b4,489610ca-3d32-49da-9f65-fca27e8907a6,true,
690cde00-0a2e-4c41-9463-dcc6386f51b4,d3601bfc-e767-4a58-ab56-71b99f0d717c,true,
690cde00-0a2e-4c41-9463-dcc6386f51b4,ba99cdf9-ad51-4320-ab60-6f4187da5384,true,
690cde00-0a2e-4c41-9463-dcc6386f51b4,ae31a96f-2077-4d9c-abf2-f6e138b12a02,true,
690cde00-0a2e-4c41-9463-dcc6386f51b4,ed28b595-3627-4e31-8b17-ba533493861b,true,
690cde00-0a2e-4c41-9463-dcc6386f51b4,85b4fab8-5173-4bc4-8f04-f8a623c155fb,true,
690cde00-0a2e-4c41-9463-dcc6386f51b4,69e956dd-4c38-47a0-be45-45f88970e8d8,true,
690cde00-0a2e-4c41-9463-dcc6386f51b4,229f42be-7920-4c61-901a-0edaaf1a32f2,true,
690cde00-0a2e-4c41-9463-dcc6386f51b4,9fcf517c-e942-4d5f-9f4d-6c971212c847,true,
690cde00-0a2e-4c41-9463-dcc6386f51b4,eb46f4f2-181d-4d6d-a3b2-8632e7846b89,true,
690cde00-0a2e-4c41-9463-dcc6386f51b4,d2e35925-f5f0-42b3-9489-97fc7c3a1298,true,
690cde00-0a2e-4c41-9463-dcc6386f51b4,e744bf95-f17b-4dbd-9c7f-21abd1e95d01,true,
690cde00-0a2e-4c41-9463-dcc6386f51b4,ee1b88bd-16f6-4ab9-bc04-e2ae4cf97b99,true,
690cde00-0a2e-4c41-9463-dcc6386f51b4,1e712602-4465-42a5-862e-ed3c58f9f201,true,
690cde00-0a2e-4c41-9463-dcc6386f51b4,cb5fcb9f-34a2-4621-8caa-41d5f058ac92,true,
690cde00-0a2e-4c41-9463-dcc6386f51b4,90504046-f610-49e3-b8db-0553f2df5dc7,true,
690cde00-0a2e-4c41-9463-dcc6386f51b4,eb8cc3f7-3986-40e8-9d14-2c696bccc759,true,
690cde00-0a2e-4c41-9463-dcc6386f51b4,f1063d08-03f8-412d-b65f-1750fd8054b0,true,
690cde00-0a2e-4c41-9463-dcc6386f51b4,54c5a1c4-2d08-4320-bf4d-2bb8148e0fc8,true,
690cde00-0a2e-4c41-9463-dcc6386f51b4,6a64d6f3-d954-4ddd-b0eb-c95cab15f3df,true,
690cde00-0a2e-4c41-9463-dcc6386f51b4,9f210514-74bb-4f7e-b7bd-c1a7f06692a8,true,
690cde00-0a2e-4c41-9463-dcc6386f51b4,44629402-30f0-4b3d-bdf8-c9a452796816,true,
690cde00-0a2e-4c41-9463-dcc6386f51b4,f7e02b3f-7f82-47f3-89a1-2844dfff445c,true,
690cde00-0a2e-4c41-9463-dcc6386f51b4,17fe42f0-ac89-4ac6-8986-6dde09352800,true,
690cde00-0a2e-4c41-9463-dcc6386f51b4,991d4c7d-8e87-409d-b21e-4806f631b178,true,
690cde00-0a2e-4c41-9463-dcc6386f51b4,219fbb34-80f8-403b-a271-061c390a0d29,true,
690cde00-0a2e-4c41-9463-dcc6386f51b4,3d3684e0-fa98-4821-943b-14be7eb44dcc,true,
690cde00-0a2e-4c41-9463-dcc6386f51b4,a0790df8-0e7b-45c3-9ca7-8dd0fd3d4dbb,true,
690cde00-0a2e-4c41-9463-dcc6386f51b4,e3a99258-dd25-4535-8292-ff09f5cb8a94,true,
690cde00-0a2e-4c41-9463-dcc6386f51b4,16faff64-dee9-4d46-ab91-057188fa8cfa,true,
690cde00-0a2e-4c41-9463-dcc6386f51b4,cef6768e-c62d-43ec-97cd-c33292655bcf,true,
690cde00-0a2e-4c41-9463-dcc6386f51b4,3bfa62d8-cd36-4f99-9dca-563bce4a482a,true,
690cde00-0a2e-4c41-9463-dcc6386f51b4,a2888b92-a444-4212-a542-424e88df1433,true,
690cde00-0a2e-4c41-9463-dcc6386f51b4,1df5f94a-ab90-4f20-9ffa-374262c035f9,true,
690cde00-0a2e-4c41-9463-dcc6386f51b4,828d4b24-f572-4b8b-b08d-c2eae66cade3,true,
690cde00-0a2e-4c41-9463-dcc6386f51b4,3ae1b319-2424-4590-8d49-cd8f2ef513f9,true,
690cde00-0a2e-4c41-9463-dcc6386f51b4,936853fe-491d-47d5-8a76-6e822daefece,true,
690cde00-0a2e-4c41-9463-dcc6386f51b4,474188c9-b004-4f82-9e0a-c9ad49ec2233,true,
690cde00-0a2e-4c41-9463-dcc6386f51b4,0806b921-0518-47f7-ba42-96cfbc8dd02d,true,
690cde00-0a2e-4c41-9463-dcc6386f51b4,aaa13804-5fe9-4f6c-a9e4-974d9a40e5de,true,
690cde00-0a2e-4c41-9463-dcc6386f51b4,4b4117da-6be6-4e3c-b3e6-950a9326ab06,true,
690cde00-0a2e-4c41-9463-dcc6386f51b4,0e35cb26-a433-47a6-924a-d1c33a331948,true,
690cde00-0a2e-4c41-9463-dcc6386f51b4,78b295d1-1f21-4f17-9fa2-bc761ee75d09,true,
690cde00-0a2e-4c41-9463-dcc6386f51b4,d79c392f-4c72-4714-a31e-1ee75b6a2bca,true,
690cde00-0a2e-4c41-9463-dcc6386f51b4,1700f101-98ed-4c99-b974-1c520b79a9d5,true,
690cde00-0a2e-4c41-9463-dcc6386f51b4,0c15a723-73c5-4382-a347-709886c0772a,true,
690cde00-0a2e-4c41-9463-dcc6386f51b4,da517e9b-7f25-439b-a201-3e64fa72b9aa,true,
690cde00-0a2e-4c41-9463-dcc6386f51b4,c29793bf-e01a-4813-9031-85b429dadb08,true,
690cde00-0a2e-4c41-9463-dcc6386f51b4,3574f81d-8848-44cb-9a9a-b4c5727945b9,true,
690cde00-0a2e-4c41-9463-dcc6386f51b4,d162492e-5695-4796-a484-a0fbf79704e3,true,
690cde00-0a2e-4c41-9463-dcc6386f51b4,62804119-291f-4051-89a6-85f3a1388a36,true,
690cde00-0a2e-4c41-9463-dcc6386f51b4,9225984d-b21a-4f47-ad80-7f5c6a16e305,true,
690cde00-0a2e-4c41-9463-dcc6386f51b4,1164b775-941d-4595-8898-93f1b2b58336,true,
690cde00-0a2e-4c41-9463-dcc6386f51b4,32826672-1886-4d4c-85ca-ecc30b97510c,true,
690cde00-0a2e-4c41-9463-dcc6386f51b4,07da6f32-43af-4471-a5a7-0755d8eed4d5,true,
690cde00-0a2e-4c41-9463-dcc6386f51b4,9281f6a5-05b0-4c38-90a2-343430b0d7c3,true,
690cde00-0a2e-4c41-9463-dcc6386f51b4,8d562407-fe28-49de-8479-7df7d4dea73d,true,
690cde00-0a2e-4c41-9463-dcc6386f51b4,f3ce2786-f252-431a-92f2-3084b15b8356,true,
690cde00-0a2e-4c41-9463-dcc6386f51b4,b4890a6a-68e2-45fd-beb0-54127c0846b3,true,
690cde00-0a2e-4c41-9463-dcc6386f51b4,38019164-e2f4-4db5-b458-50c847377e5b,true,
690cde00-0a2e-4c41-9463-dcc6386f51b4,c57be5ff-d610-4d3f-8232-2ce916a49511,true,
690cde00-0a2e-4c41-9463-dcc6386f51b4,3103ce4b-cdaa-49b6-aba9-25b39f4f3f51,true,
690cde00-0a2e-4c41-9463-dcc6386f51b4,4c764620-914a-4110-883d-a7b706c53f44,true,
690cde00-0a2e-4c41-9463-dcc6386f51b4,22923674-206c-4533-ad3a-6f4af88e1689,true,
690cde00-0a2e-4c41-9463-dcc6386f51b4,6915848e-d264-4f17-96ce-ce16acab7d7c,true,
690cde00-0a2e-4c41-9463-dcc6386f51b4,9f7957b8-35c8-4bfb-b903-f37e220b9d7c,true,
690cde00-0a2e-4c41-9463-dcc6386f51b4,eb2ea0b3-d980-439b-a7f3-9d06119f5587,true,
a5de7260-192e-46cb-8c9d-1f639b8722f8,fe80ac84-ca2a-4814-8a54-ea19e7867b8f,true,
a5de7260-192e-46cb-8c9d-1f639b8722f8,da6a82d3-654d-4897-8853-8a7027eac56c,true,
a5de7260-192e-46cb-8c9d-1f639b8722f8,987d5354-9154-4b06-adae-91e46325b9db,false,[NO_5XX] Unexpected 5XX response: 501
a5de7260-192e-46cb-8c9d-1f639b8722f8,f8f116b5-6f01-4abe-beb5-82cf5def5b58,true,
a5de7260-192e-46cb-8c9d-1f639b8722f8,d9f705a5-4b50-412a-99b6-832257c5e542,true,
a5de7260-192e-46cb-8c9d-1f639b8722f8,ec0c7a12-56fd-481e-a28e-bfaccca14b47,true,
a5de7260-192e-46cb-8c9d-1f639b8722f8,e7ea3292-389b-4434-9afc-6daad87d2564,true,
a5de7260-192e-46cb-8c9d-1f639b8722f8,6a640f2a-605e-40dd-9936-45d7f3d26aaf,true,
a5de7260-192e-46cb-8c9d-1f639b8722f8,f3d25131-e09c-49c0-8cda-27c05771d73c,true,
a5de7260-192e-46cb-8c9d-1f639b8722f8,0cdf9379-cba4-4b91-890d-a22eb3ce8fe8,true,
a5de7260-192e-46cb-8c9d-1f639b8722f8,6b64f9af-711d-4281-89fd-2d03a7234db8,true,
a5de7260-192e-46cb-8c9d-1f639b8722f8,5cb10e94-b2a8-49b9-93de-a2e66d641825,true,
a5de7260-192e-46cb-8c9d-1f639b8722f8,025b2332-0c32-4d8c-b7be-d1435545514c,true,
a5de7260-192e-46cb-8c9d-1f639b8722f8,dcfbf250-4a64-4621-aca9-0468a5375124,true,
a5de7260-192e-46cb-8c9d-1f639b8722f8,f60b7f38-3c10-4273-a5ff-53b2e28b7c24,true,
a5de7260-192e-46cb-8c9d-1f639b8722f8,f146736e-66fd-40ec-99ae-3d66c257e6ea,true,
a5de7260-192e-46cb-8c9d-1f639b8722f8,bf265dea-6be9-4c98-98a2-d8ffb538e908,true,
a5de7260-192e-46cb-8c9d-1f639b8722f8,42f004f9-88ce-49f8-aade-789f2129de52,true,
a5de7260-192e-46cb-8c9d-1f639b8722f8,3fd7f7fa-136e-4e4a-8a4b-f987266278ed,true,
a5de7260-192e-46cb-8c9d-1f639b8722f8,3f628622-a13d-4cf5-8768-3119ca1ddacc,true,
a5de7260-192e-46cb-8c9d-1f639b8722f8,4870dcf1-307f-4b78-851c-762d98e873b9,true,
a5de7260-192e-46cb-8c9d-1f639b8722f8,b77dd7c4-4957-4040-8207-8e5e5e0c66d6,true,
a5de7260-192e-46cb-8c9d-1f639b8722f8,429f043a-7a71-407d-91f3-7b494ee987cb,true,
a5de7260-192e-46cb-8c9d-1f639b8722f8,ee556a3e-6414-41be-9e8b-2a1cc4df658d,true,
a5de7260-192e-46cb-8c9d-1f639b8722f8,5a53f19d-2234-4a44-b811-728973cb046f,true,
a5de7260-192e-46cb-8c9d-1f639b8722f8,85834194-0f0b-4cb5-b7dc-221af13cb665,true,
a5de7260-192e-46cb-8c9d-1f639b8722f8,8d82aea6-c194-4d34-b627-94f52a487029,true,
a5de7260-192e-46cb-8c9d-1f639b8722f8,d70fbe2c-0c11-47ae-8220-11cefe5772ed,true,
a5de7260-192e-46cb-8c9d-1f639b8722f8,611ba71e-ab88-4b8d-a153-4b85978db36b,true,
a5de7260-192e-46cb-8c9d-1f639b8722f8,02937878-3ef8-4890-a230-bd9be929f01f,true,
a5de7260-192e-46cb-8c9d-1f639b8722f8,5722ab9c-f9ca-4f0a-bd49-fc6f1aa3f4d2,true,
a5de7260-192e-46cb-8c9d-1f639b8722f8,279bf16c-b538-4269-8cf8-813b4603c7fb,true,
a5de7260-192e-46cb-8c9d-1f639b8722f8,b1349f81-12a2-442c-bfd3-d4ee53d3ce53,true,
a5de7260-192e-46cb-8c9d-1f639b8722f8,8fa16ba1-4c68-4b89-a4bd-db2c81c69411,true,
a5de7260-192e-46cb-8c9d-1f639b8722f8,93421c4f-4406-4c1b-8f0c-4a24ebce4360,true,
a5de7260-192e-46cb-8c9d-1f639b8722f8,347d8b5c-eab3-484f-8bca-007895c7cd0a,true,
a5de7260-192e-46cb-8c9d-1f639b8722f8,b8374645-252d-475c-9c5e-8c6b7f2876a2,true,
a5de7260-192e-46cb-8c9d-1f639b8722f8,bded0b44-3527-4d02-ba10-53c47b1b2b16,true,
a5de7260-192e-46cb-8c9d-1f639b8722f8,3b447021-e800-432a-a19c-58efeccb215e,true,
a5de7260-192e-46cb-8c9d-1f639b8722f8,d5355aed-b4b7-4b62-af11-fc7122fe0c54,true,
a5de7260-192e-46cb-8c9d-1f639b8722f8,efccf807-f917-4c64-80c6-4ec9f3b2e348,true,
a5de7260-192e-46cb-8c9d-1f639b8722f8,26b7b3eb-bbbd-4370-a885-f34998d1f012,true,
a5de7260-192e-46cb-8c9d-1f639b8722f8,c43a7d43-1e17-4785-89aa-8cc726070aa4,true,
a5de7260-192e-46cb-8c9d-1f639b8722f8,013bf318-f458-4216-948c-f548e6d69c78,true,
a5de7260-192e-46cb-8c9d-1f639b8722f8,393a87c4-0d4f-47fa-8a07-4a51eb98e452,true,
a5de7260-192e-46cb-8c9d-1f639b8722f8,a5c5e916-20c4-4af0-99da-bddb962a941f,true,
a5de7260-192e-46cb-8c9d-1f639b8722f8,84df140f-5682-4e12-abf7-03fc914b5525,true,
a5de7260-192e-46cb-8c9d-1f639b8722f8,5899a2c5-66f8-461d-b65a-71f242948840,true,
a5de7260-192e-46cb-8c9d-1f639b8722f8,6df3a66d-9fab-4c8c-9e6c-1a5d020006ac,true,
a5de7260-192e-46cb-8c9d-1f639b8722f8,2a6b89a0-0023-4fdf-89e6-ef29b888261a,true,
a5de7260-192e-46cb-8c9d-1f639b8722f8,be8e4c0f-7b18-4ba2-bcc9-d1af884d7bf4,true,
a5de7260-192e-46cb-8c9d-1f639b8722f8,dca0ac2b-0583-4773-ad0d-f186b816b6c7,true,
a5de7260-192e-46cb-8c9d-1f639b8722f8,d0bdfbd1-b952-4cbc-9e1b-2ee57862d0eb,true,
a5de7260-192e-46cb-8c9d-1f639b8722f8,4a693536-59ff-4be9-a9c7-23a2c5ebc339,true,
a5de7260-192e-46cb-8c9d-1f639b8722f8,b4419105-61b8-4bb7-9b3d-89fc91b060f6,true,
a5de7260-192e-46cb-8c9d-1f639b8722f8,2bec37a4-8ea3-47ef-b2b3-8dc2acced1dd,true,
a5de7260-192e-46cb-8c9d-1f639b8722f8,ca0ab73f-ae76-45a3-b7eb-4d81d46f4f34,true,
a5de7260-192e-46cb-8c9d-1f639b8722f8,1af2543b-50c1-49d2-a0a3-c072ec896892,true,
a5de7260-192e-46cb-8c9d-1f639b8722f8,49dfc86b-fe26-452c-8763-26fb26d0c93e,true,
a5de7260-192e-46cb-8c9d-1f639b8722f8,04dad647-7911-47ce-9fdb-3208651aff65,true,
a5de7260-192e-46cb-8c9d-1f639b8722f8,4025cbf1-3249-44b5-b572-0815fe72f5b3,true,
a5de7260-192e-46cb-8c9d-1f639b8722f8,42363aff-f44a-4020-958f-2674626a65b2,true,
a5de7260-192e-46cb-8c9d-1f639b8722f8,de9f1037-a28c-45b1-b269-31afc22cfe2a,true,
a5de7260-192e-46cb-8c9d-1f639b8722f8,c51ef3dc-788a-4fce-ae4a-2e36339672b9,true,
a5de7260-192e-46cb-8c9d-1f639b8722f8,59a375bd-bbd3-4367-bf25-bf2f7d2fcf1a,true,
a5de7260-192e-46cb-8c9d-1f639b8722f8,94829597-a49c-4562-a0e0-145f212d5232,true,
a5de7260-192e-46cb-8c9d-1f639b8722f8,3ecfebe9-c7a5-45d6-b5ca-c08d7d3c9333,true,
a5de7260-192e-46cb-8c9d-1f639b8722f8,77277caf-de20-44b0-b4dc-72cd94de957e,true,
a5de7260-192e-46cb-8c9d-1f639b8722f8,032c3165-5c42-489b-8976-4398d554672c,true,
a5de7260-192e-46cb-8c9d-1f639b8722f8,1b9e9a35-1170-4934-a5c2-1a339454404c,true,
a5de7260-192e-46cb-8c9d-1f639b8722f8,b93c3041-f038-40a0-a46a-1039367b6d4a,true,
a5de7260-192e-46cb-8c9d-1f639b8722f8,13d673ab-c59c-4bb4-9a4f-a174d7298026,true,
a5de7260-192e-46cb-8c9d-1f639b8722f8,2eab651e-9ea7-4661-a70a-f8361bfc1e54,true,
a5de7260-192e-46cb-8c9d-1f639b8722f8,4c6c215c-e363-4185-9fb7-0acf3828d342,true,
a5de7260-192e-46cb-8c9d-1f639b8722f8,a2bfdfe9-b134-45ef-bba2-01c7b886f4eb,true,
a5de7260-192e-46cb-8c9d-1f639b8722f8,f350e039-d706-4937-9d1f-77fd35b22fca,true,
a5de7260-192e-46cb-8c9d-1f639b8722f8,1e7b8320-9a04-4534-aae2-c74fc456f96b,true,
a5de7260-192e-46cb-8c9d-1f639b8722f8,b23800f4-0c8c-4ec4-97fe-ace0fe8d205e,true,
a5de7260-192e-46cb-8c9d-1f639b8722f8,c2c9c7d5-29ee-49b5-b279-4f9178c16d36,true,
a5de7260-192e-46cb-8c9d-1f639b8722f8,0fc86c06-0263-4116-8d17-6f3118d93b14,true,
a5de7260-192e-46cb-8c9d-1f639b8722f8,e067d5ea-a154-4054-9176-27b0b5b852e3,true,
a5de7260-192e-46cb-8c9d-1f639b8722f8,b21039d2-792b-4827-a640-33c56f3d108e,true,
a5de7260-192e-46cb-8c9d-1f639b8722f8,97bc1c22-5419-4a60-8329-ec98dda0b1c8,true,
a5de7260-192e-46cb-8c9d-1f639b8722f8,9e054f86-279f-47b5-8ede-7456bab14a3b,true,
a5de7260-192e-46cb-8c9d-1f639b8722f8,b9975593-5589-4355-b74a-32fc139a28fe,true,
a5de7260-192e-46cb-8c9d-1f639b8722f8,8405cdb2-7544-441e-9af6-7930973bf4db,true,
a5de7260-192e-46cb-8c9d-1f639b8722f8,19339e56-6c8e-455d-a89e-b446f94f9e79,true,
a5de7260-192e-46cb-8c9d-1f639b8722f8,4efb452b-3764-48a3-b21f-0dfe7b00e922,true,
a5de7260-192e-46cb-8c9d-1f639b8722f8,c6eb9c99-d3c8-4a5b-b606-07e54d7b918b,true,
a5de7260-192e-46cb-8c9d-1f639b8722f8,3a83fbd7-da59-46dc-9e79-624a38764a9f,true,
a5de7260-192e-46cb-8c9d-1f639b8722f8,df35bdf6-83c0-4b39-aca9-0760d9fa8f65,true,
a5de7260-192e-46cb-8c9d-1f639b8722f8,5329e6f4-a635-4283-b1ed-c1260f84a3f8,true,
a5de7260-192e-46cb-8c9d-1f639b8722f8,3d3483ab-36b9-4918-b5bd-b0b6fc6afd01,true,
a5de7260-192e-46cb-8c9d-1f639b8722f8,c7d9a1db-5fa4-4456-a7c3-a819652a7c43,true,
a5de7260-192e-46cb-8c9d-1f639b8722f8,6671ec65-cb36-4fd4-8256-e7c522358515,true,
a5de7260-192e-46cb-8c9d-1f639b8722f8,2d6e7443-651d-442e-a3a1-460378ee1261,true,
a5de7260-192e-46cb-8c9d-1f639b8722f8,5e096855-a8a7-4b32-8189-45dfbdf6f0bc,true,
a5de7260-192e-46cb-8c9d-1f639b8722f8,fdc46111-311c-4c15-85fc-239c37e623ec,true,
a5de7260-192e-46cb-8c9d-1f639b8722f8,437d0b63-7f75-45de-90be-15612333dc87,true,
a5de7260-192e-46cb-8c9d-1f639b8722f8,880c8ace-505b-4f79-b2c2-ed13031a1401,true,
a5de7260-192e-46cb-8c9d-1f639b8722f8,199254bd-9e01-4f04-9bda-79700b9175eb,true,
a5de7260-192e-46cb-8c9d-1f639b8722f8,20d1d9cd-fcc4-4c3a-9918-3b51a3adba5f,true,
a5de7260-192e-46cb-8c9d-1f639b8722f8,d4aec29e-f281-4259-8a74-b7d0fa0c436e,true,
a5de7260-192e-46cb-8c9d-1f639b8722f8,42593734-a85f-4943-837e-0e9bc77c0a46,true,
a5de7260-192e-46cb-8c9d-1f639b8722f8,317e5506-d63f-45c8-9f1a-4e4c69ee8a75,true,
a5de7260-192e-46cb-8c9d-1f639b8722f8,72914fbc-ee85-4a91-9ca9-84b40e364f81,true,
a5de7260-192e-46cb-8c9d-1f639b8722f8,1c7d56fb-9335-4717-a673-5f16ada3b31f,true,
a5de7260-192e-46cb-8c9d-1f639b8722f8,0b069089-5560-4b5e-b1b1-9420a28e7989,true,
a5de7260-192e-46cb-8c9d-1f639b8722f8,6aca968b-50ab-4dd4-9d70-76ce87d0e3db,true,
a5de7260-192e-46cb-8c9d-1f639b8722f8,3d3f5d3e-88db-4441-9295-54b1d27cb8fa,true,
a5de7260-192e-46cb-8c9d-1f639b8722f8,496b3561-bf15-4c5b-afb7-27d3bb77aaa1,true,
a5de7260-192e-46cb-8c9d-1f639b8722f8,9bf0ac32-4a01-4e59-bf6a-ed4ac55db228,true,
a5de7260-192e-46cb-8c9d-1f639b8722f8,4363b3d1-ef9c-4e93-bb99-39cef410865a,true,
a5de7260-192e-46cb-8c9d-1f639b8722f8,c039a149-2c56-46e4-b7ca-2b5d2b6472af,true,
a5de7260-192e-46cb-8c9d-1f639b8722f8,cbddf0bf-f7fc-4a38-8468-89aaa9135561,true,
a5de7260-192e-46cb-8c9d-1f639b8722f8,f6ea0d7d-93e9-4305-bf97-4cd3e32786ed,true,
a5de7260-192e-46cb-8c9d-1f639b8722f8,5a7278e8-e298-440c-92c2-f34b27f75a2b,true,
8dfde5a9-d9dc-41dd-ac32-86d78e2bea51,7902ee1f-52ba-46fc-a8cc-3aa7ebbac9c7,true,
8dfde5a9-d9dc-41dd-ac32-86d78e2bea51,1011cf5d-6bea-487d-b87f-f9e26a286958,true,
8dfde5a9-d9dc-41dd-ac32-86d78e2bea51,1b7c4f88-f54a-49cc-abd7-aa4f8d7415d0,false,[NO_5XX] Unexpected 5XX response: 504
8dfde5a9-d9dc-41dd-ac32-86d78e2bea51,764600fb-70c4-4756-a7ba-83a170654109,true,
8dfde5a9-d9dc-41dd-ac32-86d78e2bea51,2436f54e-1b02-4d61-97a1-1d9da17fd815,true,
8dfde5a9-d9dc-41dd-ac32-86d78e2bea51,1e70b0e7-f71c-4923-a299-6baa7a946d63,true,
8dfde5a9-d9dc-41dd-ac32-86d78e2bea51,10a20edf-b7cb-4132-889a-f78a14d44fad,true,
8dfde5a9-d9dc-41dd-ac32-86d78e2bea51,c14c7dde-3ea7-4edf-b504-07f60d84cdec,true,
8dfde5a9-d9dc-41dd-ac32-86d78e2bea51,864ea219-59c1-46b4-959f-79a3752f2d7c,true,
8dfde5a9-d9dc-41dd-ac32-86d78e2bea51,40519029-43a7-4998-8b77-9d3f5af1c059,true,
8dfde5a9-d9dc-41dd-ac32-86d78e2bea51,16ee788f-3e58-4b87-bac0-948ef38c30fc,true,
8dfde5a9-d9dc-41dd-ac32-86d78e2bea51,20fd29f0-9f16-4211-8120-a98f2d47fef4,true,
8dfde5a9-d9dc-41dd-ac32-86d78e2bea51,2d32488c-3b7a-40b9-9c82-364240812ff8,true,
8dfde5a9-d9dc-41dd-ac32-86d78e2bea51,0a9620c0-c71f-49d5-a8cc-b4f2616245e7,true,
8dfde5a9-d9dc-41dd-ac32-86d78e2bea51,d17137f5-2d20-4a6c-b226-16944271db09,true,
8dfde5a9-d9dc-41dd-ac32-86d78e2bea51,9ec2fa6b-17d0-4015-9b32-624f28fe5ed6,true,
8dfde5a9-d9dc-41dd-ac32-86d78e2bea51,0045864d-a04a-4dd6-ada5-9694e88e157a,true,
8dfde5a9-d9dc-41dd-ac32-86d78e2bea51,cde7b0c5-08f1-4296-b36c-22c67dfb28a7,true,
8dfde5a9-d9dc-41dd-ac32-86d78e2bea51,371f39e7-1480-4e81-b01d-c3d35627af14,true,
8dfde5a9-d9dc-41dd-ac32-86d78e2bea51,2f3b6ace-2df3-4d89-b65c-fdfd8c50673f,true,
8dfde5a9-d9dc-41dd-ac32-86d78e2bea51,0f2822c6-f2f0-4e93-a8c8-eb829e2ed313,true,
8dfde5a9-d9dc-41dd-ac32-86d78e2bea51,c38f82f4-1fa0-4996-8a17-f63bc3c1dfe5,true,
8dfde5a9-d9dc-41dd-ac32-86d78e2bea51,e78c27b9-20c9-4d86-adc5-2419fe00c04d,true,
8dfde5a9-d9dc-41dd-ac32-86d78e2bea51,5e172426-fb5f-441a-aef4-0def1083aad4,true,
8dfde5a9-d9dc-41dd-ac32-86d78e2bea51,18b237f6-31a2-46ed-a437-0c32430deeb8,true,
8dfde5a9-d9dc-41dd-ac32-86d78e2bea51,a094656e-a4ab-433a-87b8-6259cd7e85e9,true,
8dfde5a9-d9dc-41dd-ac32-86d78e2bea51,5a4a8e46-437c-41f8-8411-bd89f7674e44,true,
8dfde5a9-d9dc-41dd-ac32-86d78e2bea51,9051c68d-2c69-4fca-92a8-168488bc44a4,true,
8dfde5a9-d9dc-41dd-ac32-86d78e2bea51,ee6820ec-78ce-41ac-bfc6-a40915ddf987,true,
8dfde5a9-d9dc-41dd-ac32-86d78e2bea51,0aa5a49d-82fb-4de3-b551-3944b7d66211,true,
8dfde5a9-d9dc-41dd-ac32-86d78e2bea51,78e3d125-0502-4383-9648-09e838ed9f3e,true,
8dfde5a9-d9dc-41dd-ac32-86d78e2bea51,b6d02655-e2b1-4bae-aac1-b59637eb40a6,true,
8dfde5a9-d9dc-41dd-ac32-86d78e2bea51,50e8507e-5e31-4d14-a817-e446ee425b54,true,
8dfde5a9-d9dc-41dd-ac32-86d78e2bea51,08b6644f-1587-47a1-9599-b33b49e3be38,true,
8dfde5a9-d9dc-41dd-ac32-86d78e2bea51,26a296b9-882d-4fad-b8b9-e6c022528bac,true,
8dfde5a9-d9dc-41dd-ac32-86d78e2bea51,ef02917d-4b9b-44f4-9e34-c2e93cfc003b,true,
8dfde5a9-d9dc-41dd-ac32-86d78e2bea51,57c06390-f92c-4a01-8d06-7deb297e1f97,true,
8dfde5a9-d9dc-41dd-ac32-86d78e2bea51,1a435122-aeb4-4ef0-9b8d-8a34fad7512d,true,
8dfde5a9-d9dc-41dd-ac32-86d78e2bea51,d3eed681-4fd6-4404-8740-8fd74182ff0a,true,
8dfde5a9-d9dc-41dd-ac32-86d78e2bea51,aa949c76-5bac-4249-bdf3-467108bf8c72,true,
8dfde5a9-d9dc-41dd-ac32-86d78e2bea51,b7eb5a8a-9bef-436f-90a9-6ad697a45412,true,
8dfde5a9-d9dc-41dd-ac32-86d78e2bea51,4f46eb01-34c6-4a44-a37c-77209810b255,true,
8dfde5a9-d9dc-41dd-ac32-86d78e2bea51,72c78cc4-37a0-4e4a-b2e7-0449ebbf0d5b,true,
8dfde5a9-d9dc-41dd-ac32-86d78e2bea51,c966f068-4092-4872-8f4e-90f3e69d2d54,true,
8dfde5a9-d9dc-41dd-ac32-86d78e2bea51,6de8fe77-a689-4d9b-828f-0dc5144fa3c8,true,
8dfde5a9-d9dc-41dd-ac32-86d78e2bea51,6f8de323-68b0-44a0-a9b5-b9eb0204744f,true,
8dfde5a9-d9dc-41dd-ac32-86d78e2bea51,d761ac8e-8675-4816-a6da-75a4ab895106,true,
8dfde5a9-d9dc-41dd-ac32-86d78e2bea51,0b06e51f-cc76-485a-9b9e-ef0090fed271,true,
8dfde5a9-d9dc-41dd-ac32-86d78e2bea51,7294ac4f-7f5c-4e76-9283-5e8241c4aae1,true,
8dfde5a9-d9dc-41dd-ac32-86d78e2bea51,bfa8fad5-b438-4a65-80c9-729e283ed2d6,true,
8dfde5a9-d9dc-41dd-ac32-86d78e2bea51,69c7e12c-466e-4ba9-9a2a-97fa5602f37c,true,
8dfde5a9-d9dc-41dd-ac32-86d78e2bea51,f1b3a948-c57d-4e36-91ac-bb79f6857820,true,
8dfde5a9-d9dc-41dd-ac32-86d78e2bea51,fbd62ca9-52c0-4f60-bc03-6627fc6e0aad,true,
8dfde5a9-d9dc-41dd-ac32-86d78e2bea51,1bf82f12-c1af-47e4-bc0a-dcb5a8a91480,true,
8dfde5a9-d9dc-41dd-ac32-86d78e2bea51,5c28e7bc-f5df-4945-943f-591860fe02b1,true,
8dfde5a9-d9dc-41dd-ac32-86d78e2bea51,edea7c6c-1262-4490-ac45-8bee827c468b,true,
8dfde5a9-d9dc-41dd-ac32-86d78e2bea51,f4d40bac-0eea-49b8-8537-18a0826f3937,true,
8dfde5a9-d9dc-41dd-ac32-86d78e2bea51,b8a06183-4169-4404-9fd9-622a64ad98ad,true,
8dfde5a9-d9dc-41dd-ac32-86d78e2bea51,045100e2-a47d-473e-b078-3c348254b7fd,true,
8dfde5a9-d9dc-41dd-ac32-86d78e2bea51,54701cc0-59bc-41eb-bc86-98dee3ca4829,true,
8dfde5a9-d9dc-41dd-ac32-86d78e2bea51,9f1241d0-371f-4ea8-bf11-b3e657924060,true,
8dfde5a9-d9dc-41dd-ac32-86d78e2bea51,85e5440c-1c53-4f10-9704-fa3fc9807865,true,
8dfde5a9-d9dc-41dd-ac32-86d78e2bea51,185f0e3c-d640-4dbb-90dc-554793c4d1f4,true,
8dfde5a9-d9dc-41dd-ac32-86d78e2bea51,faee0aab-6ced-4afa-abcf-27104a337479,true,
8dfde5a9-d9dc-41dd-ac32-86d78e2bea51,bcc4a236-eccd-4cb5-953d-3995372bf423,true,
8dfde5a9-d9dc-41dd-ac32-86d78e2bea51,95d087c9-bc76-4865-ba0c-45193fd0409e,true,
8dfde5a9-d9dc-41dd-ac32-86d78e2bea51,0862d921-5ad9-4523-8030-32ea8c1fc899,true,
8dfde5a9-d9dc-41dd-ac32-86d78e2bea51,09f98bbe-2d9a-4fc7-9caf-14ad1a8cdec0,true,
8dfde5a9-d9dc-41dd-ac32-86d78e2bea51,7628b49b-95a8-4836-956d-9bd6daccba82,true,
8dfde5a9-d9dc-41dd-ac32-86d78e2bea51,db234912-266f-49f4-9a0b-652daa54db8e,true,
8dfde5a9-d9dc-41dd-ac32-86d78e2bea51,6f3329ce-0a79-4457-a430-867173de90e1,true,
8dfde5a9-d9dc-41dd-ac32-86d78e2bea51,81ca99da-2a6e-472b-a13f-019b87f7d780,true,
8dfde5a9-d9dc-41dd-ac32-86d78e2bea51,d985f5c0-ad58-447a-9355-f438a8fd0ec0,true,
8dfde5a9-d9dc-41dd-ac32-86d78e2bea51,4cef9f52-8d37-442f-a405-f20fd1a36a9c,true,
8dfde5a9-d9dc-41dd-ac32-86d78e2bea51,453a1b96-f975-43ea-b568-2701b83f3170,true,
8dfde5a9-d9dc-41dd-ac32-86d78e2bea51,1da7887b-51e3-4ff4-a021-42bdf67ca436,true,
8dfde5a9-d9dc-41dd-ac32-86d78e2bea51,5ff6f903-c27a-4e30-9c7d-08642c2605a5,true,
8dfde5a9-d9dc-41dd-ac32-86d78e2bea51,525f9dfd-d561-45f6-87d2-193485bcd119,true,
8dfde5a9-d9dc-41dd-ac32-86d78e2bea51,f115b268-2322-4212-815d-242c364d95fc,true,
8dfde5a9-d9dc-41dd-ac32-86d78e2bea51,97f8672b-9946-4824-bfcc-22171786e1ae,true,
8dfde5a9-d9dc-41dd-ac32-86d78e2bea51,b52458ce-c791-4c33-9700-398a88f1ad9f,true,
8dfde5a9-d9dc-41dd-ac32-86d78e2bea51,af17a418-8fd9-4e3e-9898-77546931bbf7,true,
8dfde5a9-d9dc-41dd-ac32-86d78e2bea51,df5e3eb9-a93a-42ac-868d-b76755d53d2c,true,
8dfde5a9-d9dc-41dd-ac32-86d78e2bea51,a011e53f-3a3b-49ca-aac8-1e4c2a7d8643,true,
8dfde5a9-d9dc-41dd-ac32-86d78e2bea51,cfd3490a-731d-42ae-9fdf-8d7073db0b00,true,
8dfde5a9-d9dc-41dd-ac32-86d78e2bea51,2f139296-b3ef-4822-809f-a7cadeb128d9,true,
8dfde5a9-d9dc-41dd-ac32-86d78e2bea51,06e08fb3-fe5a-46ae-892d-e52ec42324ff,true,
8dfde5a9-d9dc-41dd-ac32-86d78e2bea51,6bf8a4cd-2629-4ae4-96ca-aa5721242fdc,true,
8dfde5a9-d9dc-41dd-ac32-86d78e2bea51,37276dd7-ccdc-4e33-a932-1436f28530e2,true,
8dfde5a9-d9dc-41dd-ac32-86d78e2bea51,c7938edf-4e3c-4e36-bbad-2ff517db4706,true,
8dfde5a9-d9dc-41dd-ac32-86d78e2bea51,f2dde366-3f85-439f-9a48-9495630ac2b2,true,
8dfde5a9-d9dc-41dd-ac32-86d78e2bea51,11163f80-98cf-468b-a04b-fbadf920db81,true,
8dfde5a9-d9dc-41dd-ac32-86d78e2bea51,676a8d38-8cd3-4e0d-b072-02f6a2e84d92,true,
8dfde5a9-d9dc-41dd-ac32-86d78e2bea51,5cf54a44-069d-4f27-9be1-a6c5c38fedba,true,
8dfde5a9-d9dc-41dd-ac32-86d78e2bea51,34f27f1e-4ab3-4936-80b3-13f7c4538636,true,
8dfde5a9-d9dc-41dd-ac32-86d78e2bea51,b9752306-78be-4baf-ad61-39ae4420585a,true,
8dfde5a9-d9dc-41dd-ac32-86d78e2bea51,e1f296fb-4fe2-48b3-b045-a0e4f84ad585,true,
8dfde5a9-d9dc-41dd-ac32-86d78e2bea51,16abc8ba-7a1c-438d-badf-d319d017d203,true,
8dfde5a9-d9dc-41dd-ac32-86d78e2bea51,3083a489-8aed-4691-b760-1e789c060f9d,true,
8dfde5a9-d9dc-41dd-ac32-86d78e2bea51,8af4ce9d-43ef-44bf-b9a6-170c512abb39,true,
8dfde5a9-d9dc-41dd-ac32-86d78e2bea51,d01535c4-d765-41c1-97f9-35ae62333274,true,
8dfde5a9-d9dc-41dd-ac32-86d78e2bea51,944ab4c2-01e6-4336-9340-2a93d6b085a6,true,
8dfde5a9-d9dc-41dd-ac32-86d78e2bea51,62b18037-4a26-4d39-a389-d10425a2db90,true,
8dfde5a9-d9dc-41dd-ac32-86d78e2bea51,859934e6-a35f-4ab6-8e0f-d9f9439d05da,true,
8dfde5a9-d9dc-41dd-ac32-86d78e2bea51,091842ec-f8e7-4bf8-aafb-4c8187d11271,true,
8dfde5a9-d9dc-41dd-ac32-86d78e2bea51,2967100d-d461-4ebc-a1cd-14c311f52904,true,
8dfde5a9-d9dc-41dd-ac32-86d78e2bea51,80a5e63f-fdc5-4afb-b272-9a59c2ff9769,true,
8dfde5a9-d9dc-41dd-ac32-86d78e2bea51,19a555ab-81e6-4646-ac84-4d32cf0592fa,true,
8dfde5a9-d9dc-41dd-ac32-86d78e2bea51,4d2bfdd0-2cf5-48cd-8f61-95a08188a180,true,
8dfde5a9-d9dc-41dd-ac32-86d78e2bea51,bd958558-5d65-4538-be2f-27297f5e8ea5,true,
8dfde5a9-d9dc-41dd-ac32-86d78e2bea51,8921273c-d102-4fd3-b418-b271ceec713c,true,
8dfde5a9-d9dc-41dd-ac32-86d78e2bea51,386535c2-022a-47e7-89bd-d75188c1b883,true,
8dfde5a9-d9dc-41dd-ac32-86d78e2bea51,53683675-2bab-4f41-a541-6f1b2f1e11b8,true,
8dfde5a9-d9dc-41dd-ac32-86d78e2bea51,23df71d2-c140-4be1-aa14-f14c59b23128,true,
8dfde5a9-d9dc-41dd-ac32-86d78e2bea51,0d8d0f93-82e9-4759-a3c6-b25b60b73e99,true,
8dfde5a9-d9dc-41dd-ac32-86d78e2bea51,164ae82c-ee4d-490e-a013-9762de7ed94f,true,
8dfde5a9-d9dc-41dd-ac32-86d78e2bea51,544263eb-9a0a-43f6-a636-c8f7cbd3e40b,true,
8dfde5a9-d9dc-41dd-ac32-86d78e2bea51,e1f823ef-50b0-4a6e-a6e7-a5d4489bf354,true,
8dfde5a9-d9dc-41dd-ac32-86d78e2bea51,2928ef08-6db1-4563-9298-5a4e6f3b1fe1,true,
8dfde5a9-d9dc-41dd-ac32-86d78e2bea51,bfe5de26-8df6-4967-b94b-43b27055f063,true,
8dfde5a9-d9dc-41dd-ac32-86d78e2bea51,6ae77123-441e-4797-82e0-103884219eb4,true,
8dfde5a9-d9dc-41dd-ac32-86d78e2bea51,3e82c30d-64fc-4ef3-9123-9e3bbb372228,true,
8dfde5a9-d9dc-41dd-ac32-86d78e2bea51,5506beb9-d379-4346-982f-cea57a2dcc1f,true,
8dfde5a9-d9dc-41dd-ac32-86d78e2bea51,dd7a3ea3-4e38-478e-b7ee-4cb9fd7aafee,true,
8dfde5a9-d9dc-41dd-ac32-86d78e2bea51,ae4a169e-cd81-48e1-8e94-70c51918b970,true,
8dfde5a9-d9dc-41dd-ac32-86d78e2bea51,0b2c94f2-2d24-4380-92ad-cb2b83de3da9,true,
8dfde5a9-d9dc-41dd-ac32-86d78e2bea51,4fa0838c-eac9-40f9-bb11-282778dca76e,true,
8dfde5a9-d9dc-41dd-ac32-86d78e2bea51,20cdfa8a-6190-41cf-883f-046f6b7077ef,true,
8dfde5a9-d9dc-41dd-ac32-86d78e2bea51,e125c63d-c3db-422f-b319-f030936f5011,true,
8dfde5a9-d9dc-41dd-ac32-86d78e2bea51,4ec50d3d-eb37-4933-9efa-8ab885c6d8f6,true,
8dfde5a9-d9dc-41dd-ac32-86d78e2bea51,0f06e4e1-6ead-44c2-b262-88301d84d5f5,true,
8dfde5a9-d9dc-41dd-ac32-86d78e2bea51,b41a747b-3eea-43ab-9b9c-9429117e1920,true,
8dfde5a9-d9dc-41dd-ac32-86d78e2bea51,5f32f258-445d-443c-9a1b-7a0975bf5fba,true,
8dfde5a9-d9dc-41dd-ac32-86d78e2bea51,2181728d-9e9c-46eb-b045-ee7e6393695c,true,
8dfde5a9-d9dc-41dd-ac32-86d78e2bea51,8cb69f4e-8fb4-4c8b-855a-1c9cc664c865,true,
8dfde5a9-d9dc-41dd-ac32-86d78e2bea51,1da44627-0f1a-4680-8cd1-c3941df407c3,true,
8dfde5a9-d9dc-41dd-ac32-86d78e2bea51,7e7ec1d8-86db-4342-9e66-2b16306da9d7,true,
8dfde5a9-d9dc-41dd-ac32-86d78e2bea51,08702010-e76c-423b-be01-177659927158,true,
8dfde5a9-d9dc-41dd-ac32-86d78e2bea51,a737dce2-a504-48de-a481-06b06dd88fc2,true,
8dfde5a9-d9dc-41dd-ac32-86d78e2bea51,4729a33a-8842-4669-b274-ea1af1b853c3,true,
8dfde5a9-d9dc-41dd-ac32-86d78e2bea51,7e6d9f18-b3ad-4d22-a659-b4db9c0c15de,true,
8dfde5a9-d9dc-41dd-ac32-86d78e2bea51,39b9ef3d-39df-4abf-8642-14837e6880ff,true,
8dfde5a9-d9dc-41dd-ac32-86d78e2bea51,a959aa10-c048-4599-a1bf-7964397655ba,true,
8dfde5a9-d9dc-41dd-ac32-86d78e2bea51,c23e9e25-e024-4d80-b10c-aac3f4a716e0,true,
8dfde5a9-d9dc-41dd-ac32-86d78e2bea51,fe3b5af1-02f0-4128-af72-b79a1480aca7,true,
8dfde5a9-d9dc-41dd-ac32-86d78e2bea51,76830514-1e04-4607-989c-2a8ca470bf16,true,
8dfde5a9-d9dc-41dd-ac32-86d78e2bea51,9a8550b2-a9b8-4857-a3d8-e509379919ed,true,
8dfde5a9-d9dc-41dd-ac32-86d78e2bea51,5e669bb5-595f-4710-af2d-8cc0362b730b,true,
8dfde5a9-d9dc-41dd-ac32-86d78e2bea51,8c80ccd9-235b-4e45-9bc6-f0dae0cbaed5,true,
8dfde5a9-d9dc-41dd-ac32-86d78e2bea51,9c1b4294-23d6-4151-8c56-170f992dc7b4,true,
8dfde5a9-d9dc-41dd-ac32-86d78e2bea51,b869fc3e-2aa6-4485-808c-1884a381f33d,true,
8dfde5a9-d9dc-41dd-ac32-86d78e2bea51,f63bb7fb-5625-41a5-bc8e-41058ef3b3b8,true,
8dfde5a9-d9dc-41dd-ac32-86d78e2bea51,67a54db0-f074-4f2a-b881-a88334c32348,true,
8dfde5a9-d9dc-41dd-ac32-86d78e2bea51,df948685-59fe-4eb6-8d0f-e9477e25ba10,true,
8dfde5a9-d9dc-41dd-ac32-86d78e2bea51,48a8f49d-deae-4f93-bdff-cdc591671928,true,
8dfde5a9-d9dc-41dd-ac32-86d78e2bea51,312b5c9b-807d-4dac-ac42-5c7d9fa7d4cd,true,
8dfde5a9-d9dc-41dd-ac32-86d78e2bea51,85416448-3167-4310-b0c1-f1ac0aaec32f,true,
8dfde5a9-d9dc-41dd-ac32-86d78e2bea51,ad6ec98d-c489-4e98-b6e7-03afefeb7332,true,
8dfde5a9-d9dc-41dd-ac32-86d78e2bea51,3bcda14d-fd5b-4391-8cb7-d36fe4f8166f,true,
8dfde5a9-d9dc-41dd-ac32-86d78e2bea51,8118cf33-7ae1-460c-a9f7-8fd4af42f828,true,
8dfde5a9-d9dc-41dd-ac32-86d78e2bea51,c1c9f152-0ffb-4172-b8b6-c7f51dc4a0ad,true,
8dfde5a9-d9dc-41dd-ac32-86d78e2bea51,e916ee7f-39ef-421b-a2a6-1ef404531bd5,true,
8dfde5a9-d9dc-41dd-ac32-86d78e2bea51,86387987-43ac-45b2-8aca-de4b10d021e5,true,
8dfde5a9-d9dc-41dd-ac32-86d78e2bea51,03dbe897-cdca-42f5-8fc4-2d14b668c806,true,
8dfde5a9-d9dc-41dd-ac32-86d78e2bea51,5de0b59e-dc42-42ee-b586-e8083dc2b423,true,
8dfde5a9-d9dc-41dd-ac32-86d78e2bea51,315cb276-be30-4ab1-8d8f-c9d1e0d6d471,true,
8dfde5a9-d9dc-41dd-ac32-86d78e2bea51,ac20d915-7eea-44bf-a99a-efdb1ee536c0,true,
8dfde5a9-d9dc-41dd-ac32-86d78e2bea51,d4d66257-5e9f-4d96-94c8-bfbdd517ce36,true,
8dfde5a9-d9dc-41dd-ac32-86d78e2bea51,8657b7ca-0223-4e7e-b5b7-27f0066bd4fe,true,
8dfde5a9-d9dc-41dd-ac32-86d78e2bea51,d6533311-8eab-474a-8d09-9628d3a3776b,true,
8dfde5a9-d9dc-41dd-ac32-86d78e2bea51,ecb68a0b-e875-47b4-aa89-911a8009df5a,true,
8dfde5a9-d9dc-41dd-ac32-86d78e2bea51,e04bbec6-8ab7-49c6-8e8c-d8a0423db63a,true,
8dfde5a9-d9dc-41dd-ac32-86d78e2bea51,6d24662f-5d3e-4906-a4ed-576159918d57,true,
8dfde5a9-d9dc-41dd-ac32-86d78e2bea51,fc89a53b-134d-4108-9dfe-648c9b7598fb,true,
8dfde5a9-d9dc-41dd-ac32-86d78e2bea51,83a672cc-fe1d-4264-ae2f-6dad03e66532,true,
8dfde5a9-d9dc-41dd-ac32-86d78e2bea51,8250c804-de7c-4472-9ce3-7e80d35c8786,true,
8dfde5a9-d9dc-41dd-ac32-86d78e2bea51,cbfd5a75-fae1-451e-b7d0-7584ec179352,true,
8dfde5a9-d9dc-41dd-ac32-86d78e2bea51,6faac44b-89ad-4dca-ba37-ddba60a7976d,true,
8dfde5a9-d9dc-41dd-ac32-86d78e2bea51,d916a764-a0b1-4d9d-9942-ab878a4387f7,true,
8dfde5a9-d9dc-41dd-ac32-86d78e2bea51,43cc614a-4bc2-4ff0-a221-10d8d606dbc5,true,
8dfde5a9-d9dc-41dd-ac32-86d78e2bea51,7af745b5-ba45-449b-bc35-cd30da27337f,true,
8dfde5a9-d9dc-41dd-ac32-86d78e2bea51,b361ad3c-61d2-4873-b4c0-a5e4ad0a9e12,true,
8dfde5a9-d9dc-41dd-ac32-86d78e2bea51,1eeae910-a990-475f-849d-2d29080e53b2,true,
8dfde5a9-d9dc-41dd-ac32-86d78e2bea51,521f1740-84c1-486e-b212-959439298e0e,true,
8dfde5a9-d9dc-41dd-ac32-86d78e2bea51,4059b340-b07e-4563-b127-398d5597ed83,true,
8dfde5a9-d9dc-41dd-ac32-86d78e2bea51,6283e35b-afd8-43f7-8a8a-8dc9cd14984c,true,
8dfde5a9-d9dc-41dd-ac32-86d78e2bea51,15b26413-f028-4011-8774-d70a82663723,true,
8dfde5a9-d9dc-41dd-ac32-86d78e2bea51,be58dcc6-4065-4f7b-a86e-83a1aa8aa4f0,true,
8dfde5a9-d9dc-41dd-ac32-86d78e2bea51,36d47066-fa80-427a-9a66-381d6f8d4b91,true,
8dfde5a9-d9dc-41dd-ac32-86d78e2bea51,5b4d2da6-0e30-4908-9f2b-ed09dbb7be76,true,
8dfde5a9-d9dc-41dd-ac32-86d78e2bea51,5cd56bb2-6d66-4f64-8896-504c93612a13,true,
8dfde5a9-d9dc-41dd-ac32-86d78e2bea51,9fc8dfd1-73e1-4bfd-a3f4-8e63d92deaab,true,
8dfde5a9-d9dc-41dd-ac32-86d78e2bea51,c89931c5-c5f3-46cf-8eb0-3f9d082356c6,true,
8dfde5a9-d9dc-41dd-ac32-86d78e2bea51,f7ddfbef-694a-46a1-8d4d-8178cb78d799,true,
8dfde5a9-d9dc-41dd-ac32-86d78e2bea51,14e2bd04-ae91-4445-8987-3bdbb772de56,true,
8dfde5a9-d9dc-41dd-ac32-86d78e2bea51,983c34e5-5d59-4f68-b6bd-ad7720e84b69,true,
8dfde5a9-d9dc-41dd-ac32-86d78e2bea51,78940765-02d4-431b-87b2-09a3d5879b90,true,
8dfde5a9-d9dc-41dd-ac32-86d78e2bea51,a2260a41-0e7d-4a46-b467-d6349c5c3d59,true,
8dfde5a9-d9dc-41dd-ac32-86d78e2bea51,c81ccb35-23c4-441e-91eb-9c194a383710,true,
8dfde5a9-d9dc-41dd-ac32-86d78e2bea51,5076e5d7-d766-4537-a975-f28755a8c1b2,true,
8dfde5a9-d9dc-41dd-ac32-86d78e2bea51,5e8cdcfa-63e1-4faf-afad-0a0476b2c5c6,true,
8dfde5a9-d9dc-41dd-ac32-86d78e2bea51,f1b9b095-3b44-4265-96cf-c79a0c390571,true,
8dfde5a9-d9dc-41dd-ac32-86d78e2bea51,b6bcd345-d607-43da-870a-e2809f66b9d5,true,
8dfde5a9-d9dc-41dd-ac32-86d78e2bea51,97cc8658-0658-42fb-a59f-4f9be3352b0c,true,
8dfde5a9-d9dc-41dd-ac32-86d78e2bea51,3f759fc9-1f9f-4d64-867c-e84125f3f427,true,
8dfde5a9-d9dc-41dd-ac32-86d78e2bea51,a11844e5-99d6-4e68-8483-f38c5927008b,true,
8dfde5a9-d9dc-41dd-ac32-86d78e2bea51,0743bf49-6168-4eba-ae88-6fd6042bdd80,true,
8dfde5a9-d9dc-41dd-ac32-86d78e2bea51,3aa7909a-a8e3-4077-a2de-11e1ae23c5c3,true,
8dfde5a9-d9dc-41dd-ac32-86d78e2bea51,3a341337-d343-4045-b5dd-ce000ca3fe21,true,
8dfde5a9-d9dc-41dd-ac32-86d78e2bea51,bb3bc787-1c3d-4155-a8f6-b049a71605d1,true,
8dfde5a9-d9dc-41dd-ac32-86d78e2bea51,80fe5258-438e-49e2-8428-e1f635cdbba7,true,
8dfde5a9-d9dc-41dd-ac32-86d78e2bea51,606829b4-18c4-4b27-a974-10ae53e17803,true,
8dfde5a9-d9dc-41dd-ac32-86d78e2bea51,eca60816-afe9-4781-8ae3-9eb63007c07a,true,
8dfde5a9-d9dc-41dd-ac32-86d78e2bea51,8fc06575-83aa-4fab-9c0d-9868b0c581ca,true,
8dfde5a9-d9dc-41dd-ac32-86d78e2bea51,034f0eb4-3b87-4904-ac2a-931e7b826f21,true,
8dfde5a9-d9dc-41dd-ac32-86d78e2bea51,75aea3ba-d948-4d7f-b1c0-ab1549bd11f9,true,
8dfde5a9-d9dc-41dd-ac32-86d78e2bea51,e97f07d1-b8a7-4483-b347-482ff0a36b67,true,
8dfde5a9-d9dc-41dd-ac32-86d78e2bea51,2b42eff7-747c-4013-86dd-a530cd2ec17e,true,
8dfde5a9-d9dc-41dd-ac32-86d78e2bea51,f337d9c5-c17a-492f-8903-792908da425a,true,
8dfde5a9-d9dc-41dd-ac32-86d78e2bea51,ce355ac4-ab10-4f6b-b2cf-e8635274d325,true,
8dfde5a9-d9dc-41dd-ac32-86d78e2bea51,3fb5311d-7818-485d-a536-adf7be17b702,true,
8dfde5a9-d9dc-41dd-ac32-86d78e2bea51,9a20ff6c-e599-47e0-aeaf-eccbb79d4d07,true,
8dfde5a9-d9dc-41dd-ac32-86d78e2bea51,41a579e1-b8c6-4974-9851-43ca3bb1d762,true,
8dfde5a9-d9dc-41dd-ac32-86d78e2bea51,05922b00-007d-4d32-aaa9-bce7484877a2,true,
8dfde5a9-d9dc-41dd-ac32-86d78e2bea51,767d6b45-7ea3-4496-9cf8-774622932adb,true,
8dfde5a9-d9dc-41dd-ac32-86d78e2bea51,55f077ce-2708-4c46-82d2-1c9a16f7959a,true,
8dfde5a9-d9dc-41dd-ac32-86d78e2bea51,7cfede48-d547-426f-a1b5-575cd905cbd4,true,
8dfde5a9-d9dc-41dd-ac32-86d78e2bea51,bda89d9f-9029-4367-be4d-fc13fcf58dd0,true,
8dfde5a9-d9dc-41dd-ac32-86d78e2bea51,c49f6c86-c8fd-4d7a-9a28-e1dcb8b757ac,true,
8dfde5a9-d9dc-41dd-ac32-86d78e2bea51,d80ff706-97b9-469e-b782-edbbb9760ff4,true,
8dfde5a9-d9dc-41dd-ac32-86d78e2bea51,d7eabad1-5084-4aaa-b18a-f299fae3518f,true,
8dfde5a9-d9dc-41dd-ac32-86d78e2bea51,0a4548e1-7f73-4e78-88ef-d93f7f44bf0b,true,
8dfde5a9-d9dc-41dd-ac32-86d78e2bea51,9ba3d369-a6aa-4748-a608-d7788fb171f9,true,
8dfde5a9-d9dc-41dd-ac32-86d78e2bea51,94f70e74-c073-444c-b5a0-2095b26ccd2d,true,
8dfde5a9-d9dc-41dd-ac32-86d78e2bea51,67d56200-1bb5-49e0-b1ba-d585e15242e4,true,
8dfde5a9-d9dc-41dd-ac32-86d78e2bea51,616b6bd0-ed97-4963-a3e3-cdb0ccbdb272,true,
8dfde5a9-d9dc-41dd-ac32-86d78e2bea51,172b107a-b45f-44d1-8913-da7ef30c9d61,true,
8dfde5a9-d9dc-41dd-ac32-86d78e2bea51,2a901bee-6f73-4f70-8a2c-afdbff4eb33e,true,
8dfde5a9-d9dc-41dd-ac32-86d78e2bea51,dd3e9f19-d279-4653-9cd0-4d935ee08174,true,
8dfde5a9-d9dc-41dd-ac32-86d78e2bea51,a821a46d-ba2f-4ca9-ae7f-d7f2df9ae692,true,
8dfde5a9-d9dc-41dd-ac32-86d78e2bea51,f58a7df3-2402-4712-a440-8cab3274d80e,true,
8dfde5a9-d9dc-41dd-ac32-86d78e2bea51,4887730e-9b90-486f-8059-c4dce1b35643,true,
8dfde5a9-d9dc-41dd-ac32-86d78e2bea51,23fa45bb-3cd9-4bab-8bd9-fb8c6e8ac107,true,
8dfde5a9-d9dc-41dd-ac32-86d78e2bea51,927ed987-fced-4aaf-83a0-7107d560c49f,true,
8dfde5a9-d9dc-41dd-ac32-86d78e2bea51,681cb5aa-bcdd-4509-aec8-ee2d3aba71f7,true,
8dfde5a9-d9dc-41dd-ac32-86d78e2bea51,ca22604c-1810-47c9-bd2e-08c4b050be60,true,
8dfde5a9-d9dc-41dd-ac32-86d78e2bea51,6d6afcac-f423-4e76-afb3-e2b8e80bcdce,true,
8dfde5a9-d9dc-41dd-ac32-86d78e2bea51,af61a487-9cd6-44c1-a3c9-04fe6bbe8351,true,
8dfde5a9-d9dc-41dd-ac32-86d78e2bea51,7a68d250-abf9-4efc-b94b-0b8858ca461d,true,
8dfde5a9-d9dc-41dd-ac32-86d78e2bea51,44e6afb6-47d2-42f9-828d-2c4304a92cb3,true,
8dfde5a9-d9dc-41dd-ac32-86d78e2bea51,44f2b16c-7e19-4541-9130-3998dda2aac9,true,
8dfde5a9-d9dc-41dd-ac32-86d78e2bea51,fc32b83f-6c71-4286-8a17-d1835b329e58,true,
8dfde5a9-d9dc-41dd-ac32-86d78e2bea51,f5e18a75-f1d4-4aab-b1dc-38bc5af18aac,true,
8dfde5a9-d9dc-41dd-ac32-86d78e2bea51,ff81cdac-fa45-487b-a24f-2a57f3772456,true,
8dfde5a9-d9dc-41dd-ac32-86d78e2bea51,66e28084-aa61-4185-a0cb-660bffa9315a,true,
8dfde5a9-d9dc-41dd-ac32-86d78e2bea51,67c45343-6573-4cc1-8dfb-9a685f12bd15,true,
fe2d1251-2c1e-433c-b431-ee2496143495,f36f281e-3a9d-4813-96e4-600053f661e6,true,
fe2d1251-2c1e-433c-b431-ee2496143495,88feb736-4be9-445c-a703-c34a6a8c87a5,true,
fe2d1251-2c1e-433c-b431-ee2496143495,373a3337-dfab-4d38-8106-6885ee797e5c,false,[NO_5XX] Unexpected 5XX response: 501
fe2d1251-2c1e-433c-b431-ee2496143495,c59ad9d3-99d1-47f8-8d34-2d1ef670dc0c,true,
fe2d1251-2c1e-433c-b431-ee2496143495,9ca8d7cc-399d-4516-91fa-e324f58ff8e4,true,
fe2d1251-2c1e-433c-b431-ee2496143495,bfb36156-16d7-43a4-8474-865f83faea54,true,
fe2d1251-2c1e-433c-b431-ee2496143495,fe03a618-9da2-4bb6-957b-ca95345dcf89,true,
fe2d1251-2c1e-433c-b431-ee2496143495,5167d539-de51-489a-9245-cb831f1b178e,true,
fe2d1251-2c1e-433c-b431-ee2496143495,1f4208da-9add-4d26-94bb-8b30306d2c82,true,
fe2d1251-2c1e-433c-b431-ee2496143495,77183c9a-457e-4029-96ae-c2a91ec477c8,true,
fe2d1251-2c1e-433c-b431-ee2496143495,0f8b3581-d25c-4496-9a51-3effebe26cf0,true,
fe2d1251-2c1e-433c-b431-ee2496143495,80d4ac86-5292-4521-9e0d-e207f74689ec,true,
fe2d1251-2c1e-433c-b431-ee2496143495,2f2fe2ac-8e44-4108-90fb-7c591958827a,true,
fe2d1251-2c1e-433c-b431-ee2496143495,6bd9a812-15a4-4207-b05a-040dd46cb55c,true,
fe2d1251-2c1e-433c-b431-ee2496143495,c83029b7-6fa8-46b0-a5fc-83979b809158,true,
fe2d1251-2c1e-433c-b431-ee2496143495,80432253-59a7-4166-9761-d9b2e984c446,true,
fe2d1251-2c1e-433c-b431-ee2496143495,b7d183a8-0228-4373-bcd6-cf08f5f8f4db,true,
fe2d1251-2c1e-433c-b431-ee2496143495,9bd17a22-4d9c-40fd-a397-c8460bceafde,true,
fe2d1251-2c1e-433c-b431-ee2496143495,2d3dc6b8-0ae9-4477-a5b4-7adc6a9dae2f,true,
fe2d1251-2c1e-433c-b431-ee2496143495,107c0e4c-d017-4b69-a9a9-6c08c438b07e,true,
fe2d1251-2c1e-433c-b431-ee2496143495,f7607e75-33ef-4f50-834e-28a4c5a18ec9,true,
fe2d1251-2c1e-433c-b431-ee2496143495,9e9a3a0a-bf50-4f03-88e6-55d88c21551e,true,
fe2d1251-2c1e-433c-b431-ee2496143495,b39310b5-bdfd-4f13-b5e0-7ddc086d1f12,true,
fe2d1251-2c1e-433c-b431-ee2496143495,89c7d47c-465d-4c56-9386-302df9175445,true,
fe2d1251-2c1e-433c-b431-ee2496143495,bfbf1699-8a9c-4122-9784-6397f1128387,true,
fe2d1251-2c1e-433c-b431-ee2496143495,630bd03b-76d6-487e-b602-bcdad45d3c9c,true,
fe2d1251-2c1e-433c-b431-ee2496143495,4f6a4f79-3056-4d28-b6d4-ef2045416043,true,
a6ccc7b5-a727-49cd-ada0-affe28220e0d,669f6a73-5c63-4841-9983-0a0747a95cc8,true,
a6ccc7b5-a727-49cd-ada0-affe28220e0d,7f5ac64f-5ec8-424f-a9df-73375363cc30,true,
a6ccc7b5-a727-49cd-ada0-affe28220e0d,482b6e10-1397-4d8a-a5f8-f638acbb0792,false,[NO_5XX] Unexpected 5XX response: 502
a6ccc7b5-a727-49cd-ada0-affe28220e0d,2a7436e7-50de-4055-9f24-1fffc053451a,true,
a6ccc7b5-a727-49cd-ada0-affe28220e0d,025af120-74a9-42e6-a46f-9b71692fa9d2,true,
a6ccc7b5-a727-49cd-ada0-affe28220e0d,a3a57d79-fea5-47c5-aa85-1b7db4aeb1e7,true,
a6ccc7b5-a727-49cd-ada0-affe28220e0d,f0bf8c24-6327-4a4f-b00f-41f067fe590f,true,
a6ccc7b5-a727-49cd-ada0-affe28220e0d,a51255d9-ec4b-402b-9546-7ba813703a82,true,
a6ccc7b5-a727-49cd-ada0-affe28220e0d,fd907e33-45b3-47c2-b339-7a3a0de860e1,true,
a6ccc7b5-a727-49cd-ada0-affe28220e0d,30ce9cda-bed0-4b69-abb1-3aadb08f4e16,true,
a6ccc7b5-a727-49cd-ada0-affe28220e0d,e8896a46-aa3e-4602-90c2-2535152ee57b,true,
a6ccc7b5-a727-49cd-ada0-affe28220e0d,84ca333d-d6f5-48fe-981f-a19798d340d8,true,
a6ccc7b5-a727-49cd-ada0-affe28220e0d,03453d11-22b0-4258-99b1-548501f37f56,true,
a6ccc7b5-a727-49cd-ada0-affe28220e0d,319e98e6-4db5-4ace-9669-2e038dc5f6e3,true,
a6ccc7b5-a727-49cd-ada0-affe28220e0d,5e585536-69d6-4a94-911b-6d2d0b7527ea,true,
a6ccc7b5-a727-49cd-ada0-affe28220e0d,acde9641-70ec-48fc-b4fc-4ba171e08281,true,
a6ccc7b5-a727-49cd-ada0-affe28220e0d,cd5ab0cd-49b9-405d-898d-49906202593a,true,
a6ccc7b5-a727-49cd-ada0-affe28220e0d,c024f464-31d5-4bc6-b589-89b4237c16a6,true,
a6ccc7b5-a727-49cd-ada0-affe28220e0d,5fddae95-226c-4940-8afa-893d1b075ce4,true,
2f50df48-7716-429a-9dae-7505a613409d,cd5dc372-6bb4-4fd0-8c9f-c41cbec7b59a,true,
2f50df48-7716-429a-9dae-7505a613409d,1b311ade-c61b-404b-923c-0048256ac90e,true,
2f50df48-7716-429a-9dae-7505a613409d,660806bb-7efd-4bcd-bc98-a64db62a4f40,false,[NO_5XX] Unexpected 5XX response: 501
2f50df48-7716-429a-9dae-7505a613409d,ded3075a-2a2f-44f2-8871-b7bb4071fb0d,true,
2f50df48-7716-429a-9dae-7505a613409d,f76a73c2-1b58-40d1-9dd8-9108a48ccc7c,true,
2f50df48-7716-429a-9dae-7505a613409d,d23447a9-9598-4109-a6de-fdd7edf7a74e,true,
2f50df48-7716-429a-9dae-7505a613409d,8d660526-adf9-4f12-8361-045d049d8324,true,
2f50df48-7716-429a-9dae-7505a613409d,7ca3047c-60e8-45b6-a0bd-564440db31b2,true,

Summary,Total=7753,Passed=7709,KillRate=0.6%,TimeCost=1.01 s
